ISO-10303-21;
HEADER;
FILE_DESCRIPTION(('Open CASCADE Model'),'2;1');
FILE_NAME('Open CASCADE Shape Model','2026-08-19T15:50:39',('Author'),(
    'Open CASCADE'),'Open CASCADE STEP processor 7.9','Open CASCADE 7.9'
  ,'Unknown');
FILE_SCHEMA(('AUTOMOTIVE_DESIGN { 1 0 10303 214 1 1 1 1 }'));
ENDSEC;
DATA;
#1 = APPLICATION_PROTOCOL_DEFINITION('international standard',
  'automotive_design',2000,#2);
#2 = APPLICATION_CONTEXT(
  'core data for automotive mechanical design processes');
#3 = SHAPE_DEFINITION_REPRESENTATION(#4,#10);
#4 = PRODUCT_DEFINITION_SHAPE('','',#5);
#5 = PRODUCT_DEFINITION('design','',#6,#9);
#6 = PRODUCT_DEFINITION_FORMATION('','',#7);
#7 = PRODUCT('Open CASCADE STEP translator 7.9 1',
  'Open CASCADE STEP translator 7.9 1','',(#8));
#8 = PRODUCT_CONTEXT('',#2,'mechanical');
#9 = PRODUCT_DEFINITION_CONTEXT('part definition',#2,'design');
#10 = SHAPE_REPRESENTATION('',(#11,#15,#19,#23),#27);
#11 = AXIS2_PLACEMENT_3D('',#12,#13,#14);
#12 = CARTESIAN_POINT('',(0.,0.,0.));
#13 = DIRECTION('',(0.,0.,1.));
#14 = DIRECTION('',(1.,0.,-0.));
#15 = AXIS2_PLACEMENT_3D('',#16,#17,#18);
#16 = CARTESIAN_POINT('',(0.,0.,0.));
#17 = DIRECTION('',(0.,0.,1.));
#18 = DIRECTION('',(1.,0.,-0.));
#19 = AXIS2_PLACEMENT_3D('',#20,#21,#22);
#20 = CARTESIAN_POINT('',(0.,0.,0.));
#21 = DIRECTION('',(0.,0.,1.));
#22 = DIRECTION('',(1.,0.,-0.));
#23 = AXIS2_PLACEMENT_3D('',#24,#25,#26);
#24 = CARTESIAN_POINT('',(0.,0.,0.));
#25 = DIRECTION('',(0.,0.,1.));
#26 = DIRECTION('',(1.,0.,0.));
#27 = ( GEOMETRIC_REPRESENTATION_CONTEXT(3) 
GLOBAL_UNCERTAINTY_ASSIGNED_CONTEXT((#31)) GLOBAL_UNIT_ASSIGNED_CONTEXT(
(#28,#29,#30)) REPRESENTATION_CONTEXT('Context #1',
  '3D Context with UNIT and UNCERTAINTY') );
#28 = ( LENGTH_UNIT() NAMED_UNIT(*) SI_UNIT(.MILLI.,.METRE.) );
#29 = ( NAMED_UNIT(*) PLANE_ANGLE_UNIT() SI_UNIT($,.RADIAN.) );
#30 = ( NAMED_UNIT(*) SI_UNIT($,.STERADIAN.) SOLID_ANGLE_UNIT() );
#31 = UNCERTAINTY_MEASURE_WITH_UNIT(LENGTH_MEASURE(5.E-04),#28,
  'distance_accuracy_value','confusion accuracy');
#32 = PRODUCT_RELATED_PRODUCT_CATEGORY('part',$,(#7));
#33 = SHAPE_DEFINITION_REPRESENTATION(#34,#40);
#34 = PRODUCT_DEFINITION_SHAPE('','',#35);
#35 = PRODUCT_DEFINITION('design','',#36,#39);
#36 = PRODUCT_DEFINITION_FORMATION('','',#37);
#37 = PRODUCT('Open CASCADE STEP translator 7.9 1.1',
  'Open CASCADE STEP translator 7.9 1.1','',(#38));
#38 = PRODUCT_CONTEXT('',#2,'mechanical');
#39 = PRODUCT_DEFINITION_CONTEXT('part definition',#2,'design');
#40 = ADVANCED_BREP_SHAPE_REPRESENTATION('',(#11,#41),#606);
#41 = MANIFOLD_SOLID_BREP('',#42);
#42 = CLOSED_SHELL('',(#43,#162,#263,#326,#357,#361,#436,#484,#595,#602)
  );
#43 = ADVANCED_FACE('',(#44),#59,.F.);
#44 = FACE_BOUND('',#45,.F.);
#45 = EDGE_LOOP('',(#46,#82,#111,#140));
#46 = ORIENTED_EDGE('',*,*,#47,.F.);
#47 = EDGE_CURVE('',#48,#50,#52,.T.);
#48 = VERTEX_POINT('',#49);
#49 = CARTESIAN_POINT('',(134.,94.472135955,-50.));
#50 = VERTEX_POINT('',#51);
#51 = CARTESIAN_POINT('',(134.,85.527864045,-50.));
#52 = SURFACE_CURVE('',#53,(#58,#70),.PCURVE_S1.);
#53 = CIRCLE('',#54,6.);
#54 = AXIS2_PLACEMENT_3D('',#55,#56,#57);
#55 = CARTESIAN_POINT('',(138.,90.,-50.));
#56 = DIRECTION('',(0.,0.,1.));
#57 = DIRECTION('',(1.,0.,0.));
#58 = PCURVE('',#59,#64);
#59 = PLANE('',#60);
#60 = AXIS2_PLACEMENT_3D('',#61,#62,#63);
#61 = CARTESIAN_POINT('',(130.,90.,-50.));
#62 = DIRECTION('',(0.,0.,1.));
#63 = DIRECTION('',(1.,0.,0.));
#64 = DEFINITIONAL_REPRESENTATION('',(#65),#69);
#65 = CIRCLE('',#66,6.);
#66 = AXIS2_PLACEMENT_2D('',#67,#68);
#67 = CARTESIAN_POINT('',(8.,0.));
#68 = DIRECTION('',(1.,0.));
#69 = ( GEOMETRIC_REPRESENTATION_CONTEXT(2) 
PARAMETRIC_REPRESENTATION_CONTEXT() REPRESENTATION_CONTEXT('2D SPACE',''
  ) );
#70 = PCURVE('',#71,#76);
#71 = CYLINDRICAL_SURFACE('',#72,6.);
#72 = AXIS2_PLACEMENT_3D('',#73,#74,#75);
#73 = CARTESIAN_POINT('',(138.,90.,-50.));
#74 = DIRECTION('',(0.,0.,1.));
#75 = DIRECTION('',(1.,0.,0.));
#76 = DEFINITIONAL_REPRESENTATION('',(#77),#81);
#77 = LINE('',#78,#79);
#78 = CARTESIAN_POINT('',(0.,0.));
#79 = VECTOR('',#80,1.);
#80 = DIRECTION('',(1.,0.));
#81 = ( GEOMETRIC_REPRESENTATION_CONTEXT(2) 
PARAMETRIC_REPRESENTATION_CONTEXT() REPRESENTATION_CONTEXT('2D SPACE',''
  ) );
#82 = ORIENTED_EDGE('',*,*,#83,.T.);
#83 = EDGE_CURVE('',#48,#84,#86,.T.);
#84 = VERTEX_POINT('',#85);
#85 = CARTESIAN_POINT('',(130.,96.,-50.));
#86 = SURFACE_CURVE('',#87,(#92,#99),.PCURVE_S1.);
#87 = CIRCLE('',#88,6.);
#88 = AXIS2_PLACEMENT_3D('',#89,#90,#91);
#89 = CARTESIAN_POINT('',(130.,90.,-50.));
#90 = DIRECTION('',(0.,0.,1.));
#91 = DIRECTION('',(1.,0.,0.));
#92 = PCURVE('',#59,#93);
#93 = DEFINITIONAL_REPRESENTATION('',(#94),#98);
#94 = CIRCLE('',#95,6.);
#95 = AXIS2_PLACEMENT_2D('',#96,#97);
#96 = CARTESIAN_POINT('',(0.,0.));
#97 = DIRECTION('',(1.,0.));
#98 = ( GEOMETRIC_REPRESENTATION_CONTEXT(2) 
PARAMETRIC_REPRESENTATION_CONTEXT() REPRESENTATION_CONTEXT('2D SPACE',''
  ) );
#99 = PCURVE('',#100,#105);
#100 = PLANE('',#101);
#101 = AXIS2_PLACEMENT_3D('',#102,#103,#104);
#102 = CARTESIAN_POINT('',(138.,90.,-50.));
#103 = DIRECTION('',(0.,0.,1.));
#104 = DIRECTION('',(1.,0.,-0.));
#105 = DEFINITIONAL_REPRESENTATION('',(#106),#110);
#106 = CIRCLE('',#107,6.);
#107 = AXIS2_PLACEMENT_2D('',#108,#109);
#108 = CARTESIAN_POINT('',(-8.,0.));
#109 = DIRECTION('',(1.,0.));
#110 = ( GEOMETRIC_REPRESENTATION_CONTEXT(2) 
PARAMETRIC_REPRESENTATION_CONTEXT() REPRESENTATION_CONTEXT('2D SPACE',''
  ) );
#111 = ORIENTED_EDGE('',*,*,#112,.T.);
#112 = EDGE_CURVE('',#84,#113,#115,.T.);
#113 = VERTEX_POINT('',#114);
#114 = CARTESIAN_POINT('',(130.,84.,-50.));
#115 = SURFACE_CURVE('',#116,(#121,#128),.PCURVE_S1.);
#116 = CIRCLE('',#117,10.);
#117 = AXIS2_PLACEMENT_3D('',#118,#119,#120);
#118 = CARTESIAN_POINT('',(138.,90.,-50.));
#119 = DIRECTION('',(0.,0.,1.));
#120 = DIRECTION('',(1.,0.,0.));
#121 = PCURVE('',#59,#122);
#122 = DEFINITIONAL_REPRESENTATION('',(#123),#127);
#123 = CIRCLE('',#124,10.);
#124 = AXIS2_PLACEMENT_2D('',#125,#126);
#125 = CARTESIAN_POINT('',(8.,0.));
#126 = DIRECTION('',(1.,0.));
#127 = ( GEOMETRIC_REPRESENTATION_CONTEXT(2) 
PARAMETRIC_REPRESENTATION_CONTEXT() REPRESENTATION_CONTEXT('2D SPACE',''
  ) );
#128 = PCURVE('',#129,#134);
#129 = PLANE('',#130);
#130 = AXIS2_PLACEMENT_3D('',#131,#132,#133);
#131 = CARTESIAN_POINT('',(130.,90.,-50.));
#132 = DIRECTION('',(0.,0.,1.));
#133 = DIRECTION('',(1.,0.,0.));
#134 = DEFINITIONAL_REPRESENTATION('',(#135),#139);
#135 = CIRCLE('',#136,10.);
#136 = AXIS2_PLACEMENT_2D('',#137,#138);
#137 = CARTESIAN_POINT('',(8.,0.));
#138 = DIRECTION('',(1.,0.));
#139 = ( GEOMETRIC_REPRESENTATION_CONTEXT(2) 
PARAMETRIC_REPRESENTATION_CONTEXT() REPRESENTATION_CONTEXT('2D SPACE',''
  ) );
#140 = ORIENTED_EDGE('',*,*,#141,.T.);
#141 = EDGE_CURVE('',#113,#50,#142,.T.);
#142 = SURFACE_CURVE('',#143,(#148,#155),.PCURVE_S1.);
#143 = CIRCLE('',#144,6.);
#144 = AXIS2_PLACEMENT_3D('',#145,#146,#147);
#145 = CARTESIAN_POINT('',(130.,90.,-50.));
#146 = DIRECTION('',(0.,0.,1.));
#147 = DIRECTION('',(1.,0.,0.));
#148 = PCURVE('',#59,#149);
#149 = DEFINITIONAL_REPRESENTATION('',(#150),#154);
#150 = CIRCLE('',#151,6.);
#151 = AXIS2_PLACEMENT_2D('',#152,#153);
#152 = CARTESIAN_POINT('',(0.,0.));
#153 = DIRECTION('',(1.,0.));
#154 = ( GEOMETRIC_REPRESENTATION_CONTEXT(2) 
PARAMETRIC_REPRESENTATION_CONTEXT() REPRESENTATION_CONTEXT('2D SPACE',''
  ) );
#155 = PCURVE('',#100,#156);
#156 = DEFINITIONAL_REPRESENTATION('',(#157),#161);
#157 = CIRCLE('',#158,6.);
#158 = AXIS2_PLACEMENT_2D('',#159,#160);
#159 = CARTESIAN_POINT('',(-8.,0.));
#160 = DIRECTION('',(1.,0.));
#161 = ( GEOMETRIC_REPRESENTATION_CONTEXT(2) 
PARAMETRIC_REPRESENTATION_CONTEXT() REPRESENTATION_CONTEXT('2D SPACE',''
  ) );
#162 = ADVANCED_FACE('',(#163),#71,.T.);
#163 = FACE_BOUND('',#164,.T.);
#164 = EDGE_LOOP('',(#165,#189,#212,#239,#240,#262));
#165 = ORIENTED_EDGE('',*,*,#166,.F.);
#166 = EDGE_CURVE('',#167,#48,#169,.T.);
#167 = VERTEX_POINT('',#168);
#168 = CARTESIAN_POINT('',(144.,90.,-50.));
#169 = SURFACE_CURVE('',#170,(#175,#182),.PCURVE_S1.);
#170 = CIRCLE('',#171,6.);
#171 = AXIS2_PLACEMENT_3D('',#172,#173,#174);
#172 = CARTESIAN_POINT('',(138.,90.,-50.));
#173 = DIRECTION('',(0.,0.,1.));
#174 = DIRECTION('',(1.,0.,0.));
#175 = PCURVE('',#71,#176);
#176 = DEFINITIONAL_REPRESENTATION('',(#177),#181);
#177 = LINE('',#178,#179);
#178 = CARTESIAN_POINT('',(0.,0.));
#179 = VECTOR('',#180,1.);
#180 = DIRECTION('',(1.,0.));
#181 = ( GEOMETRIC_REPRESENTATION_CONTEXT(2) 
PARAMETRIC_REPRESENTATION_CONTEXT() REPRESENTATION_CONTEXT('2D SPACE',''
  ) );
#182 = PCURVE('',#100,#183);
#183 = DEFINITIONAL_REPRESENTATION('',(#184),#188);
#184 = CIRCLE('',#185,6.);
#185 = AXIS2_PLACEMENT_2D('',#186,#187);
#186 = CARTESIAN_POINT('',(0.,0.));
#187 = DIRECTION('',(1.,0.));
#188 = ( GEOMETRIC_REPRESENTATION_CONTEXT(2) 
PARAMETRIC_REPRESENTATION_CONTEXT() REPRESENTATION_CONTEXT('2D SPACE',''
  ) );
#189 = ORIENTED_EDGE('',*,*,#190,.T.);
#190 = EDGE_CURVE('',#167,#191,#193,.T.);
#191 = VERTEX_POINT('',#192);
#192 = CARTESIAN_POINT('',(144.,90.,-58.));
#193 = SEAM_CURVE('',#194,(#198,#205),.PCURVE_S1.);
#194 = LINE('',#195,#196);
#195 = CARTESIAN_POINT('',(144.,90.,-50.));
#196 = VECTOR('',#197,1.);
#197 = DIRECTION('',(-0.,-0.,-1.));
#198 = PCURVE('',#71,#199);
#199 = DEFINITIONAL_REPRESENTATION('',(#200),#204);
#200 = LINE('',#201,#202);
#201 = CARTESIAN_POINT('',(6.28318530718,0.));
#202 = VECTOR('',#203,1.);
#203 = DIRECTION('',(0.,-1.));
#204 = ( GEOMETRIC_REPRESENTATION_CONTEXT(2) 
PARAMETRIC_REPRESENTATION_CONTEXT() REPRESENTATION_CONTEXT('2D SPACE',''
  ) );
#205 = PCURVE('',#71,#206);
#206 = DEFINITIONAL_REPRESENTATION('',(#207),#211);
#207 = LINE('',#208,#209);
#208 = CARTESIAN_POINT('',(0.,0.));
#209 = VECTOR('',#210,1.);
#210 = DIRECTION('',(0.,-1.));
#211 = ( GEOMETRIC_REPRESENTATION_CONTEXT(2) 
PARAMETRIC_REPRESENTATION_CONTEXT() REPRESENTATION_CONTEXT('2D SPACE',''
  ) );
#212 = ORIENTED_EDGE('',*,*,#213,.T.);
#213 = EDGE_CURVE('',#191,#191,#214,.T.);
#214 = SURFACE_CURVE('',#215,(#220,#227),.PCURVE_S1.);
#215 = CIRCLE('',#216,6.);
#216 = AXIS2_PLACEMENT_3D('',#217,#218,#219);
#217 = CARTESIAN_POINT('',(138.,90.,-58.));
#218 = DIRECTION('',(0.,0.,1.));
#219 = DIRECTION('',(1.,0.,0.));
#220 = PCURVE('',#71,#221);
#221 = DEFINITIONAL_REPRESENTATION('',(#222),#226);
#222 = LINE('',#223,#224);
#223 = CARTESIAN_POINT('',(0.,-8.));
#224 = VECTOR('',#225,1.);
#225 = DIRECTION('',(1.,0.));
#226 = ( GEOMETRIC_REPRESENTATION_CONTEXT(2) 
PARAMETRIC_REPRESENTATION_CONTEXT() REPRESENTATION_CONTEXT('2D SPACE',''
  ) );
#227 = PCURVE('',#228,#233);
#228 = PLANE('',#229);
#229 = AXIS2_PLACEMENT_3D('',#230,#231,#232);
#230 = CARTESIAN_POINT('',(138.,90.,-58.));
#231 = DIRECTION('',(0.,0.,1.));
#232 = DIRECTION('',(1.,0.,-0.));
#233 = DEFINITIONAL_REPRESENTATION('',(#234),#238);
#234 = CIRCLE('',#235,6.);
#235 = AXIS2_PLACEMENT_2D('',#236,#237);
#236 = CARTESIAN_POINT('',(2.84217094304E-14,-1.42108547152E-14));
#237 = DIRECTION('',(1.,0.));
#238 = ( GEOMETRIC_REPRESENTATION_CONTEXT(2) 
PARAMETRIC_REPRESENTATION_CONTEXT() REPRESENTATION_CONTEXT('2D SPACE',''
  ) );
#239 = ORIENTED_EDGE('',*,*,#190,.F.);
#240 = ORIENTED_EDGE('',*,*,#241,.F.);
#241 = EDGE_CURVE('',#50,#167,#242,.T.);
#242 = SURFACE_CURVE('',#243,(#248,#255),.PCURVE_S1.);
#243 = CIRCLE('',#244,6.);
#244 = AXIS2_PLACEMENT_3D('',#245,#246,#247);
#245 = CARTESIAN_POINT('',(138.,90.,-50.));
#246 = DIRECTION('',(0.,0.,1.));
#247 = DIRECTION('',(1.,0.,0.));
#248 = PCURVE('',#71,#249);
#249 = DEFINITIONAL_REPRESENTATION('',(#250),#254);
#250 = LINE('',#251,#252);
#251 = CARTESIAN_POINT('',(0.,0.));
#252 = VECTOR('',#253,1.);
#253 = DIRECTION('',(1.,0.));
#254 = ( GEOMETRIC_REPRESENTATION_CONTEXT(2) 
PARAMETRIC_REPRESENTATION_CONTEXT() REPRESENTATION_CONTEXT('2D SPACE',''
  ) );
#255 = PCURVE('',#100,#256);
#256 = DEFINITIONAL_REPRESENTATION('',(#257),#261);
#257 = CIRCLE('',#258,6.);
#258 = AXIS2_PLACEMENT_2D('',#259,#260);
#259 = CARTESIAN_POINT('',(0.,0.));
#260 = DIRECTION('',(1.,0.));
#261 = ( GEOMETRIC_REPRESENTATION_CONTEXT(2) 
PARAMETRIC_REPRESENTATION_CONTEXT() REPRESENTATION_CONTEXT('2D SPACE',''
  ) );
#262 = ORIENTED_EDGE('',*,*,#47,.F.);
#263 = ADVANCED_FACE('',(#264),#100,.F.);
#264 = FACE_BOUND('',#265,.F.);
#265 = EDGE_LOOP('',(#266,#295,#322,#323,#324,#325));
#266 = ORIENTED_EDGE('',*,*,#267,.T.);
#267 = EDGE_CURVE('',#113,#268,#270,.T.);
#268 = VERTEX_POINT('',#269);
#269 = CARTESIAN_POINT('',(148.,90.,-50.));
#270 = SURFACE_CURVE('',#271,(#276,#283),.PCURVE_S1.);
#271 = CIRCLE('',#272,10.);
#272 = AXIS2_PLACEMENT_3D('',#273,#274,#275);
#273 = CARTESIAN_POINT('',(138.,90.,-50.));
#274 = DIRECTION('',(0.,0.,1.));
#275 = DIRECTION('',(1.,0.,0.));
#276 = PCURVE('',#100,#277);
#277 = DEFINITIONAL_REPRESENTATION('',(#278),#282);
#278 = CIRCLE('',#279,10.);
#279 = AXIS2_PLACEMENT_2D('',#280,#281);
#280 = CARTESIAN_POINT('',(0.,0.));
#281 = DIRECTION('',(1.,0.));
#282 = ( GEOMETRIC_REPRESENTATION_CONTEXT(2) 
PARAMETRIC_REPRESENTATION_CONTEXT() REPRESENTATION_CONTEXT('2D SPACE',''
  ) );
#283 = PCURVE('',#284,#289);
#284 = CYLINDRICAL_SURFACE('',#285,10.);
#285 = AXIS2_PLACEMENT_3D('',#286,#287,#288);
#286 = CARTESIAN_POINT('',(138.,90.,-50.));
#287 = DIRECTION('',(-0.,-0.,-1.));
#288 = DIRECTION('',(1.,0.,0.));
#289 = DEFINITIONAL_REPRESENTATION('',(#290),#294);
#290 = LINE('',#291,#292);
#291 = CARTESIAN_POINT('',(-0.,0.));
#292 = VECTOR('',#293,1.);
#293 = DIRECTION('',(-1.,0.));
#294 = ( GEOMETRIC_REPRESENTATION_CONTEXT(2) 
PARAMETRIC_REPRESENTATION_CONTEXT() REPRESENTATION_CONTEXT('2D SPACE',''
  ) );
#295 = ORIENTED_EDGE('',*,*,#296,.T.);
#296 = EDGE_CURVE('',#268,#84,#297,.T.);
#297 = SURFACE_CURVE('',#298,(#303,#310),.PCURVE_S1.);
#298 = CIRCLE('',#299,10.);
#299 = AXIS2_PLACEMENT_3D('',#300,#301,#302);
#300 = CARTESIAN_POINT('',(138.,90.,-50.));
#301 = DIRECTION('',(0.,0.,1.));
#302 = DIRECTION('',(1.,0.,0.));
#303 = PCURVE('',#100,#304);
#304 = DEFINITIONAL_REPRESENTATION('',(#305),#309);
#305 = CIRCLE('',#306,10.);
#306 = AXIS2_PLACEMENT_2D('',#307,#308);
#307 = CARTESIAN_POINT('',(0.,0.));
#308 = DIRECTION('',(1.,0.));
#309 = ( GEOMETRIC_REPRESENTATION_CONTEXT(2) 
PARAMETRIC_REPRESENTATION_CONTEXT() REPRESENTATION_CONTEXT('2D SPACE',''
  ) );
#310 = PCURVE('',#311,#316);
#311 = CYLINDRICAL_SURFACE('',#312,10.);
#312 = AXIS2_PLACEMENT_3D('',#313,#314,#315);
#313 = CARTESIAN_POINT('',(138.,90.,-50.));
#314 = DIRECTION('',(-0.,-0.,-1.));
#315 = DIRECTION('',(1.,0.,0.));
#316 = DEFINITIONAL_REPRESENTATION('',(#317),#321);
#317 = LINE('',#318,#319);
#318 = CARTESIAN_POINT('',(-0.,0.));
#319 = VECTOR('',#320,1.);
#320 = DIRECTION('',(-1.,0.));
#321 = ( GEOMETRIC_REPRESENTATION_CONTEXT(2) 
PARAMETRIC_REPRESENTATION_CONTEXT() REPRESENTATION_CONTEXT('2D SPACE',''
  ) );
#322 = ORIENTED_EDGE('',*,*,#83,.F.);
#323 = ORIENTED_EDGE('',*,*,#166,.F.);
#324 = ORIENTED_EDGE('',*,*,#241,.F.);
#325 = ORIENTED_EDGE('',*,*,#141,.F.);
#326 = ADVANCED_FACE('',(#327),#129,.F.);
#327 = FACE_BOUND('',#328,.F.);
#328 = EDGE_LOOP('',(#329,#330));
#329 = ORIENTED_EDGE('',*,*,#112,.F.);
#330 = ORIENTED_EDGE('',*,*,#331,.T.);
#331 = EDGE_CURVE('',#84,#113,#332,.T.);
#332 = SURFACE_CURVE('',#333,(#338,#345),.PCURVE_S1.);
#333 = CIRCLE('',#334,6.);
#334 = AXIS2_PLACEMENT_3D('',#335,#336,#337);
#335 = CARTESIAN_POINT('',(130.,90.,-50.));
#336 = DIRECTION('',(0.,0.,1.));
#337 = DIRECTION('',(1.,0.,0.));
#338 = PCURVE('',#129,#339);
#339 = DEFINITIONAL_REPRESENTATION('',(#340),#344);
#340 = CIRCLE('',#341,6.);
#341 = AXIS2_PLACEMENT_2D('',#342,#343);
#342 = CARTESIAN_POINT('',(0.,0.));
#343 = DIRECTION('',(1.,0.));
#344 = ( GEOMETRIC_REPRESENTATION_CONTEXT(2) 
PARAMETRIC_REPRESENTATION_CONTEXT() REPRESENTATION_CONTEXT('2D SPACE',''
  ) );
#345 = PCURVE('',#346,#351);
#346 = CYLINDRICAL_SURFACE('',#347,6.);
#347 = AXIS2_PLACEMENT_3D('',#348,#349,#350);
#348 = CARTESIAN_POINT('',(130.,90.,-50.));
#349 = DIRECTION('',(-0.,-0.,-1.));
#350 = DIRECTION('',(1.,0.,0.));
#351 = DEFINITIONAL_REPRESENTATION('',(#352),#356);
#352 = LINE('',#353,#354);
#353 = CARTESIAN_POINT('',(6.28318530718,0.));
#354 = VECTOR('',#355,1.);
#355 = DIRECTION('',(-1.,0.));
#356 = ( GEOMETRIC_REPRESENTATION_CONTEXT(2) 
PARAMETRIC_REPRESENTATION_CONTEXT() REPRESENTATION_CONTEXT('2D SPACE',''
  ) );
#357 = ADVANCED_FACE('',(#358),#228,.F.);
#358 = FACE_BOUND('',#359,.F.);
#359 = EDGE_LOOP('',(#360));
#360 = ORIENTED_EDGE('',*,*,#213,.T.);
#361 = ADVANCED_FACE('',(#362),#284,.T.);
#362 = FACE_BOUND('',#363,.F.);
#363 = EDGE_LOOP('',(#364,#387,#388,#409));
#364 = ORIENTED_EDGE('',*,*,#365,.F.);
#365 = EDGE_CURVE('',#268,#366,#368,.T.);
#366 = VERTEX_POINT('',#367);
#367 = CARTESIAN_POINT('',(148.,90.,-46.));
#368 = SURFACE_CURVE('',#369,(#373,#380),.PCURVE_S1.);
#369 = LINE('',#370,#371);
#370 = CARTESIAN_POINT('',(148.,90.,-50.));
#371 = VECTOR('',#372,1.);
#372 = DIRECTION('',(0.,0.,1.));
#373 = PCURVE('',#284,#374);
#374 = DEFINITIONAL_REPRESENTATION('',(#375),#379);
#375 = LINE('',#376,#377);
#376 = CARTESIAN_POINT('',(-6.28318530718,0.));
#377 = VECTOR('',#378,1.);
#378 = DIRECTION('',(-0.,-1.));
#379 = ( GEOMETRIC_REPRESENTATION_CONTEXT(2) 
PARAMETRIC_REPRESENTATION_CONTEXT() REPRESENTATION_CONTEXT('2D SPACE',''
  ) );
#380 = PCURVE('',#311,#381);
#381 = DEFINITIONAL_REPRESENTATION('',(#382),#386);
#382 = LINE('',#383,#384);
#383 = CARTESIAN_POINT('',(-0.,0.));
#384 = VECTOR('',#385,1.);
#385 = DIRECTION('',(-0.,-1.));
#386 = ( GEOMETRIC_REPRESENTATION_CONTEXT(2) 
PARAMETRIC_REPRESENTATION_CONTEXT() REPRESENTATION_CONTEXT('2D SPACE',''
  ) );
#387 = ORIENTED_EDGE('',*,*,#267,.F.);
#388 = ORIENTED_EDGE('',*,*,#389,.F.);
#389 = EDGE_CURVE('',#390,#113,#392,.T.);
#390 = VERTEX_POINT('',#391);
#391 = CARTESIAN_POINT('',(130.,84.,-46.));
#392 = SURFACE_CURVE('',#393,(#397,#403),.PCURVE_S1.);
#393 = LINE('',#394,#395);
#394 = CARTESIAN_POINT('',(130.,84.,-50.));
#395 = VECTOR('',#396,1.);
#396 = DIRECTION('',(-0.,-0.,-1.));
#397 = PCURVE('',#284,#398);
#398 = DEFINITIONAL_REPRESENTATION('',(#399),#402);
#399 = B_SPLINE_CURVE_WITH_KNOTS('',1,(#400,#401),.UNSPECIFIED.,.F.,.F.,
  (2,2),(-4.0000006,5.999999999062E-07),.PIECEWISE_BEZIER_KNOTS.);
#400 = CARTESIAN_POINT('',(-3.785093762383,-4.0000006));
#401 = CARTESIAN_POINT('',(-3.785093762383,5.999999999062E-07));
#402 = ( GEOMETRIC_REPRESENTATION_CONTEXT(2) 
PARAMETRIC_REPRESENTATION_CONTEXT() REPRESENTATION_CONTEXT('2D SPACE',''
  ) );
#403 = PCURVE('',#346,#404);
#404 = DEFINITIONAL_REPRESENTATION('',(#405),#408);
#405 = B_SPLINE_CURVE_WITH_KNOTS('',1,(#406,#407),.UNSPECIFIED.,.F.,.F.,
  (2,2),(-4.0000006,5.999999999062E-07),.PIECEWISE_BEZIER_KNOTS.);
#406 = CARTESIAN_POINT('',(1.570796326795,-4.0000006));
#407 = CARTESIAN_POINT('',(1.570796326795,5.999999999062E-07));
#408 = ( GEOMETRIC_REPRESENTATION_CONTEXT(2) 
PARAMETRIC_REPRESENTATION_CONTEXT() REPRESENTATION_CONTEXT('2D SPACE',''
  ) );
#409 = ORIENTED_EDGE('',*,*,#410,.T.);
#410 = EDGE_CURVE('',#390,#366,#411,.T.);
#411 = SURFACE_CURVE('',#412,(#417,#424),.PCURVE_S1.);
#412 = CIRCLE('',#413,10.);
#413 = AXIS2_PLACEMENT_3D('',#414,#415,#416);
#414 = CARTESIAN_POINT('',(138.,90.,-46.));
#415 = DIRECTION('',(0.,0.,1.));
#416 = DIRECTION('',(1.,0.,0.));
#417 = PCURVE('',#284,#418);
#418 = DEFINITIONAL_REPRESENTATION('',(#419),#423);
#419 = LINE('',#420,#421);
#420 = CARTESIAN_POINT('',(-0.,-4.));
#421 = VECTOR('',#422,1.);
#422 = DIRECTION('',(-1.,0.));
#423 = ( GEOMETRIC_REPRESENTATION_CONTEXT(2) 
PARAMETRIC_REPRESENTATION_CONTEXT() REPRESENTATION_CONTEXT('2D SPACE',''
  ) );
#424 = PCURVE('',#425,#430);
#425 = PLANE('',#426);
#426 = AXIS2_PLACEMENT_3D('',#427,#428,#429);
#427 = CARTESIAN_POINT('',(138.,90.,-46.));
#428 = DIRECTION('',(0.,0.,1.));
#429 = DIRECTION('',(1.,0.,-0.));
#430 = DEFINITIONAL_REPRESENTATION('',(#431),#435);
#431 = CIRCLE('',#432,10.);
#432 = AXIS2_PLACEMENT_2D('',#433,#434);
#433 = CARTESIAN_POINT('',(0.,0.));
#434 = DIRECTION('',(1.,0.));
#435 = ( GEOMETRIC_REPRESENTATION_CONTEXT(2) 
PARAMETRIC_REPRESENTATION_CONTEXT() REPRESENTATION_CONTEXT('2D SPACE',''
  ) );
#436 = ADVANCED_FACE('',(#437),#311,.T.);
#437 = FACE_BOUND('',#438,.F.);
#438 = EDGE_LOOP('',(#439,#440,#441,#465));
#439 = ORIENTED_EDGE('',*,*,#296,.F.);
#440 = ORIENTED_EDGE('',*,*,#365,.T.);
#441 = ORIENTED_EDGE('',*,*,#442,.T.);
#442 = EDGE_CURVE('',#366,#443,#445,.T.);
#443 = VERTEX_POINT('',#444);
#444 = CARTESIAN_POINT('',(130.,96.,-46.));
#445 = SURFACE_CURVE('',#446,(#451,#458),.PCURVE_S1.);
#446 = CIRCLE('',#447,10.);
#447 = AXIS2_PLACEMENT_3D('',#448,#449,#450);
#448 = CARTESIAN_POINT('',(138.,90.,-46.));
#449 = DIRECTION('',(0.,0.,1.));
#450 = DIRECTION('',(1.,0.,0.));
#451 = PCURVE('',#311,#452);
#452 = DEFINITIONAL_REPRESENTATION('',(#453),#457);
#453 = LINE('',#454,#455);
#454 = CARTESIAN_POINT('',(-0.,-4.));
#455 = VECTOR('',#456,1.);
#456 = DIRECTION('',(-1.,0.));
#457 = ( GEOMETRIC_REPRESENTATION_CONTEXT(2) 
PARAMETRIC_REPRESENTATION_CONTEXT() REPRESENTATION_CONTEXT('2D SPACE',''
  ) );
#458 = PCURVE('',#425,#459);
#459 = DEFINITIONAL_REPRESENTATION('',(#460),#464);
#460 = CIRCLE('',#461,10.);
#461 = AXIS2_PLACEMENT_2D('',#462,#463);
#462 = CARTESIAN_POINT('',(0.,0.));
#463 = DIRECTION('',(1.,0.));
#464 = ( GEOMETRIC_REPRESENTATION_CONTEXT(2) 
PARAMETRIC_REPRESENTATION_CONTEXT() REPRESENTATION_CONTEXT('2D SPACE',''
  ) );
#465 = ORIENTED_EDGE('',*,*,#466,.T.);
#466 = EDGE_CURVE('',#443,#84,#467,.T.);
#467 = SURFACE_CURVE('',#468,(#472,#478),.PCURVE_S1.);
#468 = LINE('',#469,#470);
#469 = CARTESIAN_POINT('',(130.,96.,-50.));
#470 = VECTOR('',#471,1.);
#471 = DIRECTION('',(-0.,-0.,-1.));
#472 = PCURVE('',#311,#473);
#473 = DEFINITIONAL_REPRESENTATION('',(#474),#477);
#474 = B_SPLINE_CURVE_WITH_KNOTS('',1,(#475,#476),.UNSPECIFIED.,.F.,.F.,
  (2,2),(-4.0000006,5.999999999062E-07),.PIECEWISE_BEZIER_KNOTS.);
#475 = CARTESIAN_POINT('',(-2.498091544797,-4.0000006));
#476 = CARTESIAN_POINT('',(-2.498091544797,5.999999999062E-07));
#477 = ( GEOMETRIC_REPRESENTATION_CONTEXT(2) 
PARAMETRIC_REPRESENTATION_CONTEXT() REPRESENTATION_CONTEXT('2D SPACE',''
  ) );
#478 = PCURVE('',#346,#479);
#479 = DEFINITIONAL_REPRESENTATION('',(#480),#483);
#480 = B_SPLINE_CURVE_WITH_KNOTS('',1,(#481,#482),.UNSPECIFIED.,.F.,.F.,
  (2,2),(-4.0000006,5.999999999062E-07),.PIECEWISE_BEZIER_KNOTS.);
#481 = CARTESIAN_POINT('',(4.712388980385,-4.0000006));
#482 = CARTESIAN_POINT('',(4.712388980385,5.999999999062E-07));
#483 = ( GEOMETRIC_REPRESENTATION_CONTEXT(2) 
PARAMETRIC_REPRESENTATION_CONTEXT() REPRESENTATION_CONTEXT('2D SPACE',''
  ) );
#484 = ADVANCED_FACE('',(#485),#346,.T.);
#485 = FACE_BOUND('',#486,.T.);
#486 = EDGE_LOOP('',(#487,#515,#538,#565,#566,#592,#593,#594));
#487 = ORIENTED_EDGE('',*,*,#488,.F.);
#488 = EDGE_CURVE('',#489,#390,#491,.T.);
#489 = VERTEX_POINT('',#490);
#490 = CARTESIAN_POINT('',(136.,90.,-46.));
#491 = SURFACE_CURVE('',#492,(#497,#504),.PCURVE_S1.);
#492 = CIRCLE('',#493,6.);
#493 = AXIS2_PLACEMENT_3D('',#494,#495,#496);
#494 = CARTESIAN_POINT('',(130.,90.,-46.));
#495 = DIRECTION('',(0.,0.,-1.));
#496 = DIRECTION('',(1.,0.,0.));
#497 = PCURVE('',#346,#498);
#498 = DEFINITIONAL_REPRESENTATION('',(#499),#503);
#499 = LINE('',#500,#501);
#500 = CARTESIAN_POINT('',(0.,-4.));
#501 = VECTOR('',#502,1.);
#502 = DIRECTION('',(1.,0.));
#503 = ( GEOMETRIC_REPRESENTATION_CONTEXT(2) 
PARAMETRIC_REPRESENTATION_CONTEXT() REPRESENTATION_CONTEXT('2D SPACE',''
  ) );
#504 = PCURVE('',#425,#505);
#505 = DEFINITIONAL_REPRESENTATION('',(#506),#514);
#506 = ( BOUNDED_CURVE() B_SPLINE_CURVE(2,(#507,#508,#509,#510,#511,#512
,#513),.UNSPECIFIED.,.T.,.F.) B_SPLINE_CURVE_WITH_KNOTS((1,2,2,2,2,1),(
    -2.094395102393,0.,2.094395102393,4.188790204786,6.28318530718,
8.377580409573),.UNSPECIFIED.) CURVE() GEOMETRIC_REPRESENTATION_ITEM() 
RATIONAL_B_SPLINE_CURVE((1.,0.5,1.,0.5,1.,0.5,1.)) REPRESENTATION_ITEM(
  '') );
#507 = CARTESIAN_POINT('',(-2.,0.));
#508 = CARTESIAN_POINT('',(-2.,-10.39230484541));
#509 = CARTESIAN_POINT('',(-11.,-5.196152422707));
#510 = CARTESIAN_POINT('',(-20.,-1.469576158977E-15));
#511 = CARTESIAN_POINT('',(-11.,5.196152422707));
#512 = CARTESIAN_POINT('',(-2.,10.392304845413));
#513 = CARTESIAN_POINT('',(-2.,0.));
#514 = ( GEOMETRIC_REPRESENTATION_CONTEXT(2) 
PARAMETRIC_REPRESENTATION_CONTEXT() REPRESENTATION_CONTEXT('2D SPACE',''
  ) );
#515 = ORIENTED_EDGE('',*,*,#516,.T.);
#516 = EDGE_CURVE('',#489,#517,#519,.T.);
#517 = VERTEX_POINT('',#518);
#518 = CARTESIAN_POINT('',(136.,90.,-10.));
#519 = SEAM_CURVE('',#520,(#524,#531),.PCURVE_S1.);
#520 = LINE('',#521,#522);
#521 = CARTESIAN_POINT('',(136.,90.,-50.));
#522 = VECTOR('',#523,1.);
#523 = DIRECTION('',(0.,0.,1.));
#524 = PCURVE('',#346,#525);
#525 = DEFINITIONAL_REPRESENTATION('',(#526),#530);
#526 = LINE('',#527,#528);
#527 = CARTESIAN_POINT('',(6.28318530718,0.));
#528 = VECTOR('',#529,1.);
#529 = DIRECTION('',(-0.,-1.));
#530 = ( GEOMETRIC_REPRESENTATION_CONTEXT(2) 
PARAMETRIC_REPRESENTATION_CONTEXT() REPRESENTATION_CONTEXT('2D SPACE',''
  ) );
#531 = PCURVE('',#346,#532);
#532 = DEFINITIONAL_REPRESENTATION('',(#533),#537);
#533 = LINE('',#534,#535);
#534 = CARTESIAN_POINT('',(-4.138911435803E-13,0.));
#535 = VECTOR('',#536,1.);
#536 = DIRECTION('',(-0.,-1.));
#537 = ( GEOMETRIC_REPRESENTATION_CONTEXT(2) 
PARAMETRIC_REPRESENTATION_CONTEXT() REPRESENTATION_CONTEXT('2D SPACE',''
  ) );
#538 = ORIENTED_EDGE('',*,*,#539,.F.);
#539 = EDGE_CURVE('',#517,#517,#540,.T.);
#540 = SURFACE_CURVE('',#541,(#546,#553),.PCURVE_S1.);
#541 = CIRCLE('',#542,6.);
#542 = AXIS2_PLACEMENT_3D('',#543,#544,#545);
#543 = CARTESIAN_POINT('',(130.,90.,-10.));
#544 = DIRECTION('',(0.,0.,1.));
#545 = DIRECTION('',(1.,0.,0.));
#546 = PCURVE('',#346,#547);
#547 = DEFINITIONAL_REPRESENTATION('',(#548),#552);
#548 = LINE('',#549,#550);
#549 = CARTESIAN_POINT('',(6.28318530718,-40.));
#550 = VECTOR('',#551,1.);
#551 = DIRECTION('',(-1.,0.));
#552 = ( GEOMETRIC_REPRESENTATION_CONTEXT(2) 
PARAMETRIC_REPRESENTATION_CONTEXT() REPRESENTATION_CONTEXT('2D SPACE',''
  ) );
#553 = PCURVE('',#554,#559);
#554 = PLANE('',#555);
#555 = AXIS2_PLACEMENT_3D('',#556,#557,#558);
#556 = CARTESIAN_POINT('',(130.,90.,-10.));
#557 = DIRECTION('',(0.,0.,1.));
#558 = DIRECTION('',(1.,0.,0.));
#559 = DEFINITIONAL_REPRESENTATION('',(#560),#564);
#560 = CIRCLE('',#561,6.);
#561 = AXIS2_PLACEMENT_2D('',#562,#563);
#562 = CARTESIAN_POINT('',(0.,0.));
#563 = DIRECTION('',(1.,0.));
#564 = ( GEOMETRIC_REPRESENTATION_CONTEXT(2) 
PARAMETRIC_REPRESENTATION_CONTEXT() REPRESENTATION_CONTEXT('2D SPACE',''
  ) );
#565 = ORIENTED_EDGE('',*,*,#516,.F.);
#566 = ORIENTED_EDGE('',*,*,#567,.F.);
#567 = EDGE_CURVE('',#443,#489,#568,.T.);
#568 = SURFACE_CURVE('',#569,(#574,#581),.PCURVE_S1.);
#569 = CIRCLE('',#570,6.);
#570 = AXIS2_PLACEMENT_3D('',#571,#572,#573);
#571 = CARTESIAN_POINT('',(130.,90.,-46.));
#572 = DIRECTION('',(0.,0.,-1.));
#573 = DIRECTION('',(1.,0.,0.));
#574 = PCURVE('',#346,#575);
#575 = DEFINITIONAL_REPRESENTATION('',(#576),#580);
#576 = LINE('',#577,#578);
#577 = CARTESIAN_POINT('',(0.,-4.));
#578 = VECTOR('',#579,1.);
#579 = DIRECTION('',(1.,0.));
#580 = ( GEOMETRIC_REPRESENTATION_CONTEXT(2) 
PARAMETRIC_REPRESENTATION_CONTEXT() REPRESENTATION_CONTEXT('2D SPACE',''
  ) );
#581 = PCURVE('',#425,#582);
#582 = DEFINITIONAL_REPRESENTATION('',(#583),#591);
#583 = ( BOUNDED_CURVE() B_SPLINE_CURVE(2,(#584,#585,#586,#587,#588,#589
,#590),.UNSPECIFIED.,.T.,.F.) B_SPLINE_CURVE_WITH_KNOTS((1,2,2,2,2,1),(
    -2.094395102393,0.,2.094395102393,4.188790204786,6.28318530718,
8.377580409573),.UNSPECIFIED.) CURVE() GEOMETRIC_REPRESENTATION_ITEM() 
RATIONAL_B_SPLINE_CURVE((1.,0.5,1.,0.5,1.,0.5,1.)) REPRESENTATION_ITEM(
  '') );
#584 = CARTESIAN_POINT('',(-2.,0.));
#585 = CARTESIAN_POINT('',(-2.,-10.39230484541));
#586 = CARTESIAN_POINT('',(-11.,-5.196152422707));
#587 = CARTESIAN_POINT('',(-20.,-1.469576158977E-15));
#588 = CARTESIAN_POINT('',(-11.,5.196152422707));
#589 = CARTESIAN_POINT('',(-2.,10.392304845413));
#590 = CARTESIAN_POINT('',(-2.,0.));
#591 = ( GEOMETRIC_REPRESENTATION_CONTEXT(2) 
PARAMETRIC_REPRESENTATION_CONTEXT() REPRESENTATION_CONTEXT('2D SPACE',''
  ) );
#592 = ORIENTED_EDGE('',*,*,#466,.T.);
#593 = ORIENTED_EDGE('',*,*,#331,.T.);
#594 = ORIENTED_EDGE('',*,*,#389,.F.);
#595 = ADVANCED_FACE('',(#596),#425,.T.);
#596 = FACE_BOUND('',#597,.T.);
#597 = EDGE_LOOP('',(#598,#599,#600,#601));
#598 = ORIENTED_EDGE('',*,*,#410,.T.);
#599 = ORIENTED_EDGE('',*,*,#442,.T.);
#600 = ORIENTED_EDGE('',*,*,#567,.T.);
#601 = ORIENTED_EDGE('',*,*,#488,.T.);
#602 = ADVANCED_FACE('',(#603),#554,.T.);
#603 = FACE_BOUND('',#604,.T.);
#604 = EDGE_LOOP('',(#605));
#605 = ORIENTED_EDGE('',*,*,#539,.T.);
#606 = ( GEOMETRIC_REPRESENTATION_CONTEXT(3) 
GLOBAL_UNCERTAINTY_ASSIGNED_CONTEXT((#610)) GLOBAL_UNIT_ASSIGNED_CONTEXT
((#607,#608,#609)) REPRESENTATION_CONTEXT('Context #1',
  '3D Context with UNIT and UNCERTAINTY') );
#607 = ( LENGTH_UNIT() NAMED_UNIT(*) SI_UNIT(.MILLI.,.METRE.) );
#608 = ( NAMED_UNIT(*) PLANE_ANGLE_UNIT() SI_UNIT($,.RADIAN.) );
#609 = ( NAMED_UNIT(*) SI_UNIT($,.STERADIAN.) SOLID_ANGLE_UNIT() );
#610 = UNCERTAINTY_MEASURE_WITH_UNIT(LENGTH_MEASURE(1.E-07),#607,
  'distance_accuracy_value','confusion accuracy');
#611 = CONTEXT_DEPENDENT_SHAPE_REPRESENTATION(#612,#614);
#612 = ( REPRESENTATION_RELATIONSHIP('','',#40,#10) 
REPRESENTATION_RELATIONSHIP_WITH_TRANSFORMATION(#613) 
SHAPE_REPRESENTATION_RELATIONSHIP() );
#613 = ITEM_DEFINED_TRANSFORMATION('','',#11,#15);
#614 = PRODUCT_DEFINITION_SHAPE('Placement','Placement of an item',#615
  );
#615 = NEXT_ASSEMBLY_USAGE_OCCURRENCE('1','','',#5,#35,$);
#616 = PRODUCT_RELATED_PRODUCT_CATEGORY('part',$,(#37));
#617 = SHAPE_DEFINITION_REPRESENTATION(#618,#624);
#618 = PRODUCT_DEFINITION_SHAPE('','',#619);
#619 = PRODUCT_DEFINITION('design','',#620,#623);
#620 = PRODUCT_DEFINITION_FORMATION('','',#621);
#621 = PRODUCT('Open CASCADE STEP translator 7.9 1.2',
  'Open CASCADE STEP translator 7.9 1.2','',(#622));
#622 = PRODUCT_CONTEXT('',#2,'mechanical');
#623 = PRODUCT_DEFINITION_CONTEXT('part definition',#2,'design');
#624 = ADVANCED_BREP_SHAPE_REPRESENTATION('',(#11,#625),#906);
#625 = MANIFOLD_SOLID_BREP('',#626);
#626 = CLOSED_SHELL('',(#627,#719,#754,#758,#813,#847,#902));
#627 = ADVANCED_FACE('',(#628),#641,.T.);
#628 = FACE_BOUND('',#629,.T.);
#629 = EDGE_LOOP('',(#630,#668,#691,#718));
#630 = ORIENTED_EDGE('',*,*,#631,.F.);
#631 = EDGE_CURVE('',#632,#632,#634,.T.);
#632 = VERTEX_POINT('',#633);
#633 = CARTESIAN_POINT('',(36.,90.,-46.));
#634 = SURFACE_CURVE('',#635,(#640,#652),.PCURVE_S1.);
#635 = CIRCLE('',#636,6.);
#636 = AXIS2_PLACEMENT_3D('',#637,#638,#639);
#637 = CARTESIAN_POINT('',(30.,90.,-46.));
#638 = DIRECTION('',(0.,0.,-1.));
#639 = DIRECTION('',(1.,0.,0.));
#640 = PCURVE('',#641,#646);
#641 = CYLINDRICAL_SURFACE('',#642,6.);
#642 = AXIS2_PLACEMENT_3D('',#643,#644,#645);
#643 = CARTESIAN_POINT('',(30.,90.,-50.));
#644 = DIRECTION('',(-0.,-0.,-1.));
#645 = DIRECTION('',(1.,0.,0.));
#646 = DEFINITIONAL_REPRESENTATION('',(#647),#651);
#647 = LINE('',#648,#649);
#648 = CARTESIAN_POINT('',(0.,-4.));
#649 = VECTOR('',#650,1.);
#650 = DIRECTION('',(1.,0.));
#651 = ( GEOMETRIC_REPRESENTATION_CONTEXT(2) 
PARAMETRIC_REPRESENTATION_CONTEXT() REPRESENTATION_CONTEXT('2D SPACE',''
  ) );
#652 = PCURVE('',#653,#658);
#653 = PLANE('',#654);
#654 = AXIS2_PLACEMENT_3D('',#655,#656,#657);
#655 = CARTESIAN_POINT('',(30.,90.,-46.));
#656 = DIRECTION('',(0.,0.,1.));
#657 = DIRECTION('',(1.,0.,-0.));
#658 = DEFINITIONAL_REPRESENTATION('',(#659),#667);
#659 = ( BOUNDED_CURVE() B_SPLINE_CURVE(2,(#660,#661,#662,#663,#664,#665
,#666),.UNSPECIFIED.,.T.,.F.) B_SPLINE_CURVE_WITH_KNOTS((1,2,2,2,2,1),(
    -2.094395102393,0.,2.094395102393,4.188790204786,6.28318530718,
8.377580409573),.UNSPECIFIED.) CURVE() GEOMETRIC_REPRESENTATION_ITEM() 
RATIONAL_B_SPLINE_CURVE((1.,0.5,1.,0.5,1.,0.5,1.)) REPRESENTATION_ITEM(
  '') );
#660 = CARTESIAN_POINT('',(6.,1.42108547152E-14));
#661 = CARTESIAN_POINT('',(6.,-10.39230484541));
#662 = CARTESIAN_POINT('',(-3.,-5.196152422707));
#663 = CARTESIAN_POINT('',(-12.,1.274127855623E-14));
#664 = CARTESIAN_POINT('',(-3.,5.196152422707));
#665 = CARTESIAN_POINT('',(6.,10.392304845413));
#666 = CARTESIAN_POINT('',(6.,1.42108547152E-14));
#667 = ( GEOMETRIC_REPRESENTATION_CONTEXT(2) 
PARAMETRIC_REPRESENTATION_CONTEXT() REPRESENTATION_CONTEXT('2D SPACE',''
  ) );
#668 = ORIENTED_EDGE('',*,*,#669,.T.);
#669 = EDGE_CURVE('',#632,#670,#672,.T.);
#670 = VERTEX_POINT('',#671);
#671 = CARTESIAN_POINT('',(36.,90.,-10.));
#672 = SEAM_CURVE('',#673,(#677,#684),.PCURVE_S1.);
#673 = LINE('',#674,#675);
#674 = CARTESIAN_POINT('',(36.,90.,-50.));
#675 = VECTOR('',#676,1.);
#676 = DIRECTION('',(0.,0.,1.));
#677 = PCURVE('',#641,#678);
#678 = DEFINITIONAL_REPRESENTATION('',(#679),#683);
#679 = LINE('',#680,#681);
#680 = CARTESIAN_POINT('',(6.28318530718,0.));
#681 = VECTOR('',#682,1.);
#682 = DIRECTION('',(-0.,-1.));
#683 = ( GEOMETRIC_REPRESENTATION_CONTEXT(2) 
PARAMETRIC_REPRESENTATION_CONTEXT() REPRESENTATION_CONTEXT('2D SPACE',''
  ) );
#684 = PCURVE('',#641,#685);
#685 = DEFINITIONAL_REPRESENTATION('',(#686),#690);
#686 = LINE('',#687,#688);
#687 = CARTESIAN_POINT('',(-4.138911435803E-13,0.));
#688 = VECTOR('',#689,1.);
#689 = DIRECTION('',(-0.,-1.));
#690 = ( GEOMETRIC_REPRESENTATION_CONTEXT(2) 
PARAMETRIC_REPRESENTATION_CONTEXT() REPRESENTATION_CONTEXT('2D SPACE',''
  ) );
#691 = ORIENTED_EDGE('',*,*,#692,.F.);
#692 = EDGE_CURVE('',#670,#670,#693,.T.);
#693 = SURFACE_CURVE('',#694,(#699,#706),.PCURVE_S1.);
#694 = CIRCLE('',#695,6.);
#695 = AXIS2_PLACEMENT_3D('',#696,#697,#698);
#696 = CARTESIAN_POINT('',(30.,90.,-10.));
#697 = DIRECTION('',(0.,0.,1.));
#698 = DIRECTION('',(1.,0.,0.));
#699 = PCURVE('',#641,#700);
#700 = DEFINITIONAL_REPRESENTATION('',(#701),#705);
#701 = LINE('',#702,#703);
#702 = CARTESIAN_POINT('',(6.28318530718,-40.));
#703 = VECTOR('',#704,1.);
#704 = DIRECTION('',(-1.,0.));
#705 = ( GEOMETRIC_REPRESENTATION_CONTEXT(2) 
PARAMETRIC_REPRESENTATION_CONTEXT() REPRESENTATION_CONTEXT('2D SPACE',''
  ) );
#706 = PCURVE('',#707,#712);
#707 = PLANE('',#708);
#708 = AXIS2_PLACEMENT_3D('',#709,#710,#711);
#709 = CARTESIAN_POINT('',(30.,90.,-10.));
#710 = DIRECTION('',(0.,0.,1.));
#711 = DIRECTION('',(1.,0.,0.));
#712 = DEFINITIONAL_REPRESENTATION('',(#713),#717);
#713 = CIRCLE('',#714,6.);
#714 = AXIS2_PLACEMENT_2D('',#715,#716);
#715 = CARTESIAN_POINT('',(0.,0.));
#716 = DIRECTION('',(1.,0.));
#717 = ( GEOMETRIC_REPRESENTATION_CONTEXT(2) 
PARAMETRIC_REPRESENTATION_CONTEXT() REPRESENTATION_CONTEXT('2D SPACE',''
  ) );
#718 = ORIENTED_EDGE('',*,*,#669,.F.);
#719 = ADVANCED_FACE('',(#720,#751),#653,.T.);
#720 = FACE_BOUND('',#721,.T.);
#721 = EDGE_LOOP('',(#722));
#722 = ORIENTED_EDGE('',*,*,#723,.T.);
#723 = EDGE_CURVE('',#724,#724,#726,.T.);
#724 = VERTEX_POINT('',#725);
#725 = CARTESIAN_POINT('',(40.,90.,-46.));
#726 = SURFACE_CURVE('',#727,(#732,#739),.PCURVE_S1.);
#727 = CIRCLE('',#728,10.);
#728 = AXIS2_PLACEMENT_3D('',#729,#730,#731);
#729 = CARTESIAN_POINT('',(30.,90.,-46.));
#730 = DIRECTION('',(0.,0.,1.));
#731 = DIRECTION('',(1.,0.,0.));
#732 = PCURVE('',#653,#733);
#733 = DEFINITIONAL_REPRESENTATION('',(#734),#738);
#734 = CIRCLE('',#735,10.);
#735 = AXIS2_PLACEMENT_2D('',#736,#737);
#736 = CARTESIAN_POINT('',(3.552713678801E-15,1.42108547152E-14));
#737 = DIRECTION('',(1.,0.));
#738 = ( GEOMETRIC_REPRESENTATION_CONTEXT(2) 
PARAMETRIC_REPRESENTATION_CONTEXT() REPRESENTATION_CONTEXT('2D SPACE',''
  ) );
#739 = PCURVE('',#740,#745);
#740 = CYLINDRICAL_SURFACE('',#741,10.);
#741 = AXIS2_PLACEMENT_3D('',#742,#743,#744);
#742 = CARTESIAN_POINT('',(30.,90.,-50.));
#743 = DIRECTION('',(-0.,-0.,-1.));
#744 = DIRECTION('',(1.,0.,0.));
#745 = DEFINITIONAL_REPRESENTATION('',(#746),#750);
#746 = LINE('',#747,#748);
#747 = CARTESIAN_POINT('',(-0.,-4.));
#748 = VECTOR('',#749,1.);
#749 = DIRECTION('',(-1.,0.));
#750 = ( GEOMETRIC_REPRESENTATION_CONTEXT(2) 
PARAMETRIC_REPRESENTATION_CONTEXT() REPRESENTATION_CONTEXT('2D SPACE',''
  ) );
#751 = FACE_BOUND('',#752,.T.);
#752 = EDGE_LOOP('',(#753));
#753 = ORIENTED_EDGE('',*,*,#631,.T.);
#754 = ADVANCED_FACE('',(#755),#707,.T.);
#755 = FACE_BOUND('',#756,.T.);
#756 = EDGE_LOOP('',(#757));
#757 = ORIENTED_EDGE('',*,*,#692,.T.);
#758 = ADVANCED_FACE('',(#759),#740,.T.);
#759 = FACE_BOUND('',#760,.F.);
#760 = EDGE_LOOP('',(#761,#784,#785,#786));
#761 = ORIENTED_EDGE('',*,*,#762,.T.);
#762 = EDGE_CURVE('',#763,#724,#765,.T.);
#763 = VERTEX_POINT('',#764);
#764 = CARTESIAN_POINT('',(40.,90.,-50.));
#765 = SEAM_CURVE('',#766,(#770,#777),.PCURVE_S1.);
#766 = LINE('',#767,#768);
#767 = CARTESIAN_POINT('',(40.,90.,-50.));
#768 = VECTOR('',#769,1.);
#769 = DIRECTION('',(0.,0.,1.));
#770 = PCURVE('',#740,#771);
#771 = DEFINITIONAL_REPRESENTATION('',(#772),#776);
#772 = LINE('',#773,#774);
#773 = CARTESIAN_POINT('',(-0.,0.));
#774 = VECTOR('',#775,1.);
#775 = DIRECTION('',(-0.,-1.));
#776 = ( GEOMETRIC_REPRESENTATION_CONTEXT(2) 
PARAMETRIC_REPRESENTATION_CONTEXT() REPRESENTATION_CONTEXT('2D SPACE',''
  ) );
#777 = PCURVE('',#740,#778);
#778 = DEFINITIONAL_REPRESENTATION('',(#779),#783);
#779 = LINE('',#780,#781);
#780 = CARTESIAN_POINT('',(-6.28318530718,0.));
#781 = VECTOR('',#782,1.);
#782 = DIRECTION('',(-0.,-1.));
#783 = ( GEOMETRIC_REPRESENTATION_CONTEXT(2) 
PARAMETRIC_REPRESENTATION_CONTEXT() REPRESENTATION_CONTEXT('2D SPACE',''
  ) );
#784 = ORIENTED_EDGE('',*,*,#723,.T.);
#785 = ORIENTED_EDGE('',*,*,#762,.F.);
#786 = ORIENTED_EDGE('',*,*,#787,.F.);
#787 = EDGE_CURVE('',#763,#763,#788,.T.);
#788 = SURFACE_CURVE('',#789,(#794,#801),.PCURVE_S1.);
#789 = CIRCLE('',#790,10.);
#790 = AXIS2_PLACEMENT_3D('',#791,#792,#793);
#791 = CARTESIAN_POINT('',(30.,90.,-50.));
#792 = DIRECTION('',(0.,0.,1.));
#793 = DIRECTION('',(1.,0.,0.));
#794 = PCURVE('',#740,#795);
#795 = DEFINITIONAL_REPRESENTATION('',(#796),#800);
#796 = LINE('',#797,#798);
#797 = CARTESIAN_POINT('',(-0.,0.));
#798 = VECTOR('',#799,1.);
#799 = DIRECTION('',(-1.,0.));
#800 = ( GEOMETRIC_REPRESENTATION_CONTEXT(2) 
PARAMETRIC_REPRESENTATION_CONTEXT() REPRESENTATION_CONTEXT('2D SPACE',''
  ) );
#801 = PCURVE('',#802,#807);
#802 = PLANE('',#803);
#803 = AXIS2_PLACEMENT_3D('',#804,#805,#806);
#804 = CARTESIAN_POINT('',(30.,90.,-50.));
#805 = DIRECTION('',(0.,0.,1.));
#806 = DIRECTION('',(1.,0.,-0.));
#807 = DEFINITIONAL_REPRESENTATION('',(#808),#812);
#808 = CIRCLE('',#809,10.);
#809 = AXIS2_PLACEMENT_2D('',#810,#811);
#810 = CARTESIAN_POINT('',(3.552713678801E-15,1.42108547152E-14));
#811 = DIRECTION('',(1.,0.));
#812 = ( GEOMETRIC_REPRESENTATION_CONTEXT(2) 
PARAMETRIC_REPRESENTATION_CONTEXT() REPRESENTATION_CONTEXT('2D SPACE',''
  ) );
#813 = ADVANCED_FACE('',(#814,#817),#802,.F.);
#814 = FACE_BOUND('',#815,.F.);
#815 = EDGE_LOOP('',(#816));
#816 = ORIENTED_EDGE('',*,*,#787,.T.);
#817 = FACE_BOUND('',#818,.F.);
#818 = EDGE_LOOP('',(#819));
#819 = ORIENTED_EDGE('',*,*,#820,.F.);
#820 = EDGE_CURVE('',#821,#821,#823,.T.);
#821 = VERTEX_POINT('',#822);
#822 = CARTESIAN_POINT('',(36.,90.,-50.));
#823 = SURFACE_CURVE('',#824,(#829,#836),.PCURVE_S1.);
#824 = CIRCLE('',#825,6.);
#825 = AXIS2_PLACEMENT_3D('',#826,#827,#828);
#826 = CARTESIAN_POINT('',(30.,90.,-50.));
#827 = DIRECTION('',(0.,0.,1.));
#828 = DIRECTION('',(1.,0.,0.));
#829 = PCURVE('',#802,#830);
#830 = DEFINITIONAL_REPRESENTATION('',(#831),#835);
#831 = CIRCLE('',#832,6.);
#832 = AXIS2_PLACEMENT_2D('',#833,#834);
#833 = CARTESIAN_POINT('',(3.552713678801E-15,1.42108547152E-14));
#834 = DIRECTION('',(1.,0.));
#835 = ( GEOMETRIC_REPRESENTATION_CONTEXT(2) 
PARAMETRIC_REPRESENTATION_CONTEXT() REPRESENTATION_CONTEXT('2D SPACE',''
  ) );
#836 = PCURVE('',#837,#842);
#837 = CYLINDRICAL_SURFACE('',#838,6.);
#838 = AXIS2_PLACEMENT_3D('',#839,#840,#841);
#839 = CARTESIAN_POINT('',(30.,90.,-50.));
#840 = DIRECTION('',(0.,0.,1.));
#841 = DIRECTION('',(1.,0.,0.));
#842 = DEFINITIONAL_REPRESENTATION('',(#843),#846);
#843 = B_SPLINE_CURVE_WITH_KNOTS('',1,(#844,#845),.UNSPECIFIED.,.F.,.F.,
  (2,2),(0.,6.28318530718),.PIECEWISE_BEZIER_KNOTS.);
#844 = CARTESIAN_POINT('',(0.,0.));
#845 = CARTESIAN_POINT('',(6.28318530718,0.));
#846 = ( GEOMETRIC_REPRESENTATION_CONTEXT(2) 
PARAMETRIC_REPRESENTATION_CONTEXT() REPRESENTATION_CONTEXT('2D SPACE',''
  ) );
#847 = ADVANCED_FACE('',(#848),#837,.T.);
#848 = FACE_BOUND('',#849,.T.);
#849 = EDGE_LOOP('',(#850,#873,#900,#901));
#850 = ORIENTED_EDGE('',*,*,#851,.T.);
#851 = EDGE_CURVE('',#821,#852,#854,.T.);
#852 = VERTEX_POINT('',#853);
#853 = CARTESIAN_POINT('',(36.,90.,-58.));
#854 = SEAM_CURVE('',#855,(#859,#866),.PCURVE_S1.);
#855 = LINE('',#856,#857);
#856 = CARTESIAN_POINT('',(36.,90.,-50.));
#857 = VECTOR('',#858,1.);
#858 = DIRECTION('',(-0.,-0.,-1.));
#859 = PCURVE('',#837,#860);
#860 = DEFINITIONAL_REPRESENTATION('',(#861),#865);
#861 = LINE('',#862,#863);
#862 = CARTESIAN_POINT('',(0.,0.));
#863 = VECTOR('',#864,1.);
#864 = DIRECTION('',(0.,-1.));
#865 = ( GEOMETRIC_REPRESENTATION_CONTEXT(2) 
PARAMETRIC_REPRESENTATION_CONTEXT() REPRESENTATION_CONTEXT('2D SPACE',''
  ) );
#866 = PCURVE('',#837,#867);
#867 = DEFINITIONAL_REPRESENTATION('',(#868),#872);
#868 = LINE('',#869,#870);
#869 = CARTESIAN_POINT('',(6.28318530718,0.));
#870 = VECTOR('',#871,1.);
#871 = DIRECTION('',(0.,-1.));
#872 = ( GEOMETRIC_REPRESENTATION_CONTEXT(2) 
PARAMETRIC_REPRESENTATION_CONTEXT() REPRESENTATION_CONTEXT('2D SPACE',''
  ) );
#873 = ORIENTED_EDGE('',*,*,#874,.T.);
#874 = EDGE_CURVE('',#852,#852,#875,.T.);
#875 = SURFACE_CURVE('',#876,(#881,#888),.PCURVE_S1.);
#876 = CIRCLE('',#877,6.);
#877 = AXIS2_PLACEMENT_3D('',#878,#879,#880);
#878 = CARTESIAN_POINT('',(30.,90.,-58.));
#879 = DIRECTION('',(0.,0.,1.));
#880 = DIRECTION('',(1.,0.,0.));
#881 = PCURVE('',#837,#882);
#882 = DEFINITIONAL_REPRESENTATION('',(#883),#887);
#883 = LINE('',#884,#885);
#884 = CARTESIAN_POINT('',(0.,-8.));
#885 = VECTOR('',#886,1.);
#886 = DIRECTION('',(1.,0.));
#887 = ( GEOMETRIC_REPRESENTATION_CONTEXT(2) 
PARAMETRIC_REPRESENTATION_CONTEXT() REPRESENTATION_CONTEXT('2D SPACE',''
  ) );
#888 = PCURVE('',#889,#894);
#889 = PLANE('',#890);
#890 = AXIS2_PLACEMENT_3D('',#891,#892,#893);
#891 = CARTESIAN_POINT('',(30.,90.,-58.));
#892 = DIRECTION('',(0.,0.,1.));
#893 = DIRECTION('',(1.,0.,-0.));
#894 = DEFINITIONAL_REPRESENTATION('',(#895),#899);
#895 = CIRCLE('',#896,6.);
#896 = AXIS2_PLACEMENT_2D('',#897,#898);
#897 = CARTESIAN_POINT('',(0.,-1.42108547152E-14));
#898 = DIRECTION('',(1.,0.));
#899 = ( GEOMETRIC_REPRESENTATION_CONTEXT(2) 
PARAMETRIC_REPRESENTATION_CONTEXT() REPRESENTATION_CONTEXT('2D SPACE',''
  ) );
#900 = ORIENTED_EDGE('',*,*,#851,.F.);
#901 = ORIENTED_EDGE('',*,*,#820,.F.);
#902 = ADVANCED_FACE('',(#903),#889,.F.);
#903 = FACE_BOUND('',#904,.F.);
#904 = EDGE_LOOP('',(#905));
#905 = ORIENTED_EDGE('',*,*,#874,.T.);
#906 = ( GEOMETRIC_REPRESENTATION_CONTEXT(3) 
GLOBAL_UNCERTAINTY_ASSIGNED_CONTEXT((#910)) GLOBAL_UNIT_ASSIGNED_CONTEXT
((#907,#908,#909)) REPRESENTATION_CONTEXT('Context #1',
  '3D Context with UNIT and UNCERTAINTY') );
#907 = ( LENGTH_UNIT() NAMED_UNIT(*) SI_UNIT(.MILLI.,.METRE.) );
#908 = ( NAMED_UNIT(*) PLANE_ANGLE_UNIT() SI_UNIT($,.RADIAN.) );
#909 = ( NAMED_UNIT(*) SI_UNIT($,.STERADIAN.) SOLID_ANGLE_UNIT() );
#910 = UNCERTAINTY_MEASURE_WITH_UNIT(LENGTH_MEASURE(1.E-07),#907,
  'distance_accuracy_value','confusion accuracy');
#911 = CONTEXT_DEPENDENT_SHAPE_REPRESENTATION(#912,#914);
#912 = ( REPRESENTATION_RELATIONSHIP('','',#624,#10) 
REPRESENTATION_RELATIONSHIP_WITH_TRANSFORMATION(#913) 
SHAPE_REPRESENTATION_RELATIONSHIP() );
#913 = ITEM_DEFINED_TRANSFORMATION('','',#11,#19);
#914 = PRODUCT_DEFINITION_SHAPE('Placement','Placement of an item',#915
  );
#915 = NEXT_ASSEMBLY_USAGE_OCCURRENCE('2','','',#5,#619,$);
#916 = PRODUCT_RELATED_PRODUCT_CATEGORY('part',$,(#621));
#917 = SHAPE_DEFINITION_REPRESENTATION(#918,#924);
#918 = PRODUCT_DEFINITION_SHAPE('','',#919);
#919 = PRODUCT_DEFINITION('design','',#920,#923);
#920 = PRODUCT_DEFINITION_FORMATION('','',#921);
#921 = PRODUCT('Open CASCADE STEP translator 7.9 1.3',
  'Open CASCADE STEP translator 7.9 1.3','',(#922));
#922 = PRODUCT_CONTEXT('',#2,'mechanical');
#923 = PRODUCT_DEFINITION_CONTEXT('part definition',#2,'design');
#924 = ADVANCED_BREP_SHAPE_REPRESENTATION('',(#11,#925),#6525);
#925 = MANIFOLD_SOLID_BREP('',#926);
#926 = CLOSED_SHELL('',(#927,#1019,#1398,#1745,#1792,#1819,#1846,#1873,
    #1900,#1927,#1954,#2592,#2619,#2741,#2790,#2900,#2927,#2977,#3027,
    #3550,#3827,#3905,#3932,#3959,#3966,#3993,#4042,#4069,#4096,#4147,
    #4172,#4609,#4658,#4712,#4761,#4793,#4842,#4918,#4980,#5007,#5014,
    #5271,#5298,#5352,#5401,#5455,#5482,#5638,#5686,#5693,#5720,#5748,
    #5798,#5802,#5811,#5820,#5824,#5901,#5953,#6003,#6056,#6083,#6224,
    #6252,#6304,#6363,#6405,#6464,#6518));
#927 = ADVANCED_FACE('',(#928),#942,.F.);
#928 = FACE_BOUND('',#929,.F.);
#929 = EDGE_LOOP('',(#930,#960,#987,#988));
#930 = ORIENTED_EDGE('',*,*,#931,.T.);
#931 = EDGE_CURVE('',#932,#934,#936,.T.);
#932 = VERTEX_POINT('',#933);
#933 = CARTESIAN_POINT('',(160.5,15.,-30.));
#934 = VERTEX_POINT('',#935);
#935 = CARTESIAN_POINT('',(160.5,0.,-30.));
#936 = SEAM_CURVE('',#937,(#941,#953),.PCURVE_S1.);
#937 = LINE('',#938,#939);
#938 = CARTESIAN_POINT('',(160.5,15.,-30.));
#939 = VECTOR('',#940,1.);
#940 = DIRECTION('',(0.,-1.,0.));
#941 = PCURVE('',#942,#947);
#942 = CYLINDRICAL_SURFACE('',#943,7.5);
#943 = AXIS2_PLACEMENT_3D('',#944,#945,#946);
#944 = CARTESIAN_POINT('',(153.,15.,-30.));
#945 = DIRECTION('',(0.,-1.,0.));
#946 = DIRECTION('',(-1.,0.,0.));
#947 = DEFINITIONAL_REPRESENTATION('',(#948),#952);
#948 = LINE('',#949,#950);
#949 = CARTESIAN_POINT('',(9.424777960769,0.));
#950 = VECTOR('',#951,1.);
#951 = DIRECTION('',(0.,1.));
#952 = ( GEOMETRIC_REPRESENTATION_CONTEXT(2) 
PARAMETRIC_REPRESENTATION_CONTEXT() REPRESENTATION_CONTEXT('2D SPACE',''
  ) );
#953 = PCURVE('',#942,#954);
#954 = DEFINITIONAL_REPRESENTATION('',(#955),#959);
#955 = LINE('',#956,#957);
#956 = CARTESIAN_POINT('',(3.14159265359,0.));
#957 = VECTOR('',#958,1.);
#958 = DIRECTION('',(0.,1.));
#959 = ( GEOMETRIC_REPRESENTATION_CONTEXT(2) 
PARAMETRIC_REPRESENTATION_CONTEXT() REPRESENTATION_CONTEXT('2D SPACE',''
  ) );
#960 = ORIENTED_EDGE('',*,*,#961,.T.);
#961 = EDGE_CURVE('',#934,#934,#962,.T.);
#962 = SURFACE_CURVE('',#963,(#968,#975),.PCURVE_S1.);
#963 = CIRCLE('',#964,7.5);
#964 = AXIS2_PLACEMENT_3D('',#965,#966,#967);
#965 = CARTESIAN_POINT('',(153.,0.,-30.));
#966 = DIRECTION('',(0.,1.,0.));
#967 = DIRECTION('',(-1.,0.,0.));
#968 = PCURVE('',#942,#969);
#969 = DEFINITIONAL_REPRESENTATION('',(#970),#974);
#970 = LINE('',#971,#972);
#971 = CARTESIAN_POINT('',(12.566370614359,15.));
#972 = VECTOR('',#973,1.);
#973 = DIRECTION('',(-1.,0.));
#974 = ( GEOMETRIC_REPRESENTATION_CONTEXT(2) 
PARAMETRIC_REPRESENTATION_CONTEXT() REPRESENTATION_CONTEXT('2D SPACE',''
  ) );
#975 = PCURVE('',#976,#981);
#976 = PLANE('',#977);
#977 = AXIS2_PLACEMENT_3D('',#978,#979,#980);
#978 = CARTESIAN_POINT('',(84.,0.,-30.));
#979 = DIRECTION('',(0.,1.,0.));
#980 = DIRECTION('',(1.,0.,0.));
#981 = DEFINITIONAL_REPRESENTATION('',(#982),#986);
#982 = CIRCLE('',#983,7.5);
#983 = AXIS2_PLACEMENT_2D('',#984,#985);
#984 = CARTESIAN_POINT('',(69.,0.));
#985 = DIRECTION('',(-1.,0.));
#986 = ( GEOMETRIC_REPRESENTATION_CONTEXT(2) 
PARAMETRIC_REPRESENTATION_CONTEXT() REPRESENTATION_CONTEXT('2D SPACE',''
  ) );
#987 = ORIENTED_EDGE('',*,*,#931,.F.);
#988 = ORIENTED_EDGE('',*,*,#989,.T.);
#989 = EDGE_CURVE('',#932,#932,#990,.T.);
#990 = SURFACE_CURVE('',#991,(#996,#1003),.PCURVE_S1.);
#991 = CIRCLE('',#992,7.5);
#992 = AXIS2_PLACEMENT_3D('',#993,#994,#995);
#993 = CARTESIAN_POINT('',(153.,15.,-30.));
#994 = DIRECTION('',(0.,-1.,0.));
#995 = DIRECTION('',(-1.,0.,0.));
#996 = PCURVE('',#942,#997);
#997 = DEFINITIONAL_REPRESENTATION('',(#998),#1002);
#998 = LINE('',#999,#1000);
#999 = CARTESIAN_POINT('',(0.,0.));
#1000 = VECTOR('',#1001,1.);
#1001 = DIRECTION('',(1.,0.));
#1002 = ( GEOMETRIC_REPRESENTATION_CONTEXT(2) 
PARAMETRIC_REPRESENTATION_CONTEXT() REPRESENTATION_CONTEXT('2D SPACE',''
  ) );
#1003 = PCURVE('',#1004,#1009);
#1004 = PLANE('',#1005);
#1005 = AXIS2_PLACEMENT_3D('',#1006,#1007,#1008);
#1006 = CARTESIAN_POINT('',(84.,15.,-30.));
#1007 = DIRECTION('',(0.,1.,0.));
#1008 = DIRECTION('',(0.,-0.,1.));
#1009 = DEFINITIONAL_REPRESENTATION('',(#1010),#1018);
#1010 = ( BOUNDED_CURVE() B_SPLINE_CURVE(2,(#1011,#1012,#1013,#1014,
#1015,#1016,#1017),.UNSPECIFIED.,.T.,.F.) B_SPLINE_CURVE_WITH_KNOTS((1,2
    ,2,2,2,1),(-2.094395102393,0.,2.094395102393,4.188790204786,
6.28318530718,8.377580409573),.UNSPECIFIED.) CURVE() 
GEOMETRIC_REPRESENTATION_ITEM() RATIONAL_B_SPLINE_CURVE((1.,0.5,1.,0.5,
1.,0.5,1.)) REPRESENTATION_ITEM('') );
#1011 = CARTESIAN_POINT('',(0.,61.5));
#1012 = CARTESIAN_POINT('',(-12.99038105676,61.5));
#1013 = CARTESIAN_POINT('',(-6.495190528383,72.75));
#1014 = CARTESIAN_POINT('',(-1.836970198721E-15,84.));
#1015 = CARTESIAN_POINT('',(6.495190528383,72.75));
#1016 = CARTESIAN_POINT('',(12.990381056767,61.5));
#1017 = CARTESIAN_POINT('',(0.,61.5));
#1018 = ( GEOMETRIC_REPRESENTATION_CONTEXT(2) 
PARAMETRIC_REPRESENTATION_CONTEXT() REPRESENTATION_CONTEXT('2D SPACE',''
  ) );
#1019 = ADVANCED_FACE('',(#1020,#1250,#1253,#1284),#976,.F.);
#1020 = FACE_BOUND('',#1021,.T.);
#1021 = EDGE_LOOP('',(#1022,#1053,#1081,#1110,#1138,#1167,#1195,#1224));
#1022 = ORIENTED_EDGE('',*,*,#1023,.F.);
#1023 = EDGE_CURVE('',#1024,#1026,#1028,.T.);
#1024 = VERTEX_POINT('',#1025);
#1025 = CARTESIAN_POINT('',(0.,0.,-9.));
#1026 = VERTEX_POINT('',#1027);
#1027 = CARTESIAN_POINT('',(9.,0.,0.));
#1028 = SURFACE_CURVE('',#1029,(#1034,#1041),.PCURVE_S1.);
#1029 = CIRCLE('',#1030,9.);
#1030 = AXIS2_PLACEMENT_3D('',#1031,#1032,#1033);
#1031 = CARTESIAN_POINT('',(9.,0.,-9.));
#1032 = DIRECTION('',(0.,1.,0.));
#1033 = DIRECTION('',(-0.707106781187,0.,0.707106781187));
#1034 = PCURVE('',#976,#1035);
#1035 = DEFINITIONAL_REPRESENTATION('',(#1036),#1040);
#1036 = CIRCLE('',#1037,9.);
#1037 = AXIS2_PLACEMENT_2D('',#1038,#1039);
#1038 = CARTESIAN_POINT('',(-75.,-21.));
#1039 = DIRECTION('',(-0.707106781187,-0.707106781187));
#1040 = ( GEOMETRIC_REPRESENTATION_CONTEXT(2) 
PARAMETRIC_REPRESENTATION_CONTEXT() REPRESENTATION_CONTEXT('2D SPACE',''
  ) );
#1041 = PCURVE('',#1042,#1047);
#1042 = CYLINDRICAL_SURFACE('',#1043,9.);
#1043 = AXIS2_PLACEMENT_3D('',#1044,#1045,#1046);
#1044 = CARTESIAN_POINT('',(9.,0.,-9.));
#1045 = DIRECTION('',(0.,1.,0.));
#1046 = DIRECTION('',(-0.707106781187,0.,0.707106781187));
#1047 = DEFINITIONAL_REPRESENTATION('',(#1048),#1052);
#1048 = LINE('',#1049,#1050);
#1049 = CARTESIAN_POINT('',(-6.28318530718,0.));
#1050 = VECTOR('',#1051,1.);
#1051 = DIRECTION('',(1.,0.));
#1052 = ( GEOMETRIC_REPRESENTATION_CONTEXT(2) 
PARAMETRIC_REPRESENTATION_CONTEXT() REPRESENTATION_CONTEXT('2D SPACE',''
  ) );
#1053 = ORIENTED_EDGE('',*,*,#1054,.F.);
#1054 = EDGE_CURVE('',#1055,#1024,#1057,.T.);
#1055 = VERTEX_POINT('',#1056);
#1056 = CARTESIAN_POINT('',(0.,0.,-51.));
#1057 = SURFACE_CURVE('',#1058,(#1062,#1069),.PCURVE_S1.);
#1058 = LINE('',#1059,#1060);
#1059 = CARTESIAN_POINT('',(0.,0.,-60.));
#1060 = VECTOR('',#1061,1.);
#1061 = DIRECTION('',(0.,0.,1.));
#1062 = PCURVE('',#976,#1063);
#1063 = DEFINITIONAL_REPRESENTATION('',(#1064),#1068);
#1064 = LINE('',#1065,#1066);
#1065 = CARTESIAN_POINT('',(-84.,30.));
#1066 = VECTOR('',#1067,1.);
#1067 = DIRECTION('',(0.,-1.));
#1068 = ( GEOMETRIC_REPRESENTATION_CONTEXT(2) 
PARAMETRIC_REPRESENTATION_CONTEXT() REPRESENTATION_CONTEXT('2D SPACE',''
  ) );
#1069 = PCURVE('',#1070,#1075);
#1070 = PLANE('',#1071);
#1071 = AXIS2_PLACEMENT_3D('',#1072,#1073,#1074);
#1072 = CARTESIAN_POINT('',(0.,0.,-60.));
#1073 = DIRECTION('',(-1.,0.,0.));
#1074 = DIRECTION('',(0.,0.,1.));
#1075 = DEFINITIONAL_REPRESENTATION('',(#1076),#1080);
#1076 = LINE('',#1077,#1078);
#1077 = CARTESIAN_POINT('',(0.,0.));
#1078 = VECTOR('',#1079,1.);
#1079 = DIRECTION('',(1.,0.));
#1080 = ( GEOMETRIC_REPRESENTATION_CONTEXT(2) 
PARAMETRIC_REPRESENTATION_CONTEXT() REPRESENTATION_CONTEXT('2D SPACE',''
  ) );
#1081 = ORIENTED_EDGE('',*,*,#1082,.F.);
#1082 = EDGE_CURVE('',#1083,#1055,#1085,.T.);
#1083 = VERTEX_POINT('',#1084);
#1084 = CARTESIAN_POINT('',(9.,0.,-60.));
#1085 = SURFACE_CURVE('',#1086,(#1091,#1098),.PCURVE_S1.);
#1086 = CIRCLE('',#1087,9.);
#1087 = AXIS2_PLACEMENT_3D('',#1088,#1089,#1090);
#1088 = CARTESIAN_POINT('',(9.,0.,-51.));
#1089 = DIRECTION('',(0.,1.,0.));
#1090 = DIRECTION('',(-0.707106781187,0.,-0.707106781187));
#1091 = PCURVE('',#976,#1092);
#1092 = DEFINITIONAL_REPRESENTATION('',(#1093),#1097);
#1093 = CIRCLE('',#1094,9.);
#1094 = AXIS2_PLACEMENT_2D('',#1095,#1096);
#1095 = CARTESIAN_POINT('',(-75.,21.));
#1096 = DIRECTION('',(-0.707106781187,0.707106781187));
#1097 = ( GEOMETRIC_REPRESENTATION_CONTEXT(2) 
PARAMETRIC_REPRESENTATION_CONTEXT() REPRESENTATION_CONTEXT('2D SPACE',''
  ) );
#1098 = PCURVE('',#1099,#1104);
#1099 = CYLINDRICAL_SURFACE('',#1100,9.);
#1100 = AXIS2_PLACEMENT_3D('',#1101,#1102,#1103);
#1101 = CARTESIAN_POINT('',(9.,0.,-51.));
#1102 = DIRECTION('',(0.,1.,0.));
#1103 = DIRECTION('',(-0.707106781187,0.,-0.707106781187));
#1104 = DEFINITIONAL_REPRESENTATION('',(#1105),#1109);
#1105 = LINE('',#1106,#1107);
#1106 = CARTESIAN_POINT('',(-6.28318530718,0.));
#1107 = VECTOR('',#1108,1.);
#1108 = DIRECTION('',(1.,0.));
#1109 = ( GEOMETRIC_REPRESENTATION_CONTEXT(2) 
PARAMETRIC_REPRESENTATION_CONTEXT() REPRESENTATION_CONTEXT('2D SPACE',''
  ) );
#1110 = ORIENTED_EDGE('',*,*,#1111,.F.);
#1111 = EDGE_CURVE('',#1112,#1083,#1114,.T.);
#1112 = VERTEX_POINT('',#1113);
#1113 = CARTESIAN_POINT('',(159.,0.,-60.));
#1114 = SURFACE_CURVE('',#1115,(#1119,#1126),.PCURVE_S1.);
#1115 = LINE('',#1116,#1117);
#1116 = CARTESIAN_POINT('',(168.,0.,-60.));
#1117 = VECTOR('',#1118,1.);
#1118 = DIRECTION('',(-1.,0.,0.));
#1119 = PCURVE('',#976,#1120);
#1120 = DEFINITIONAL_REPRESENTATION('',(#1121),#1125);
#1121 = LINE('',#1122,#1123);
#1122 = CARTESIAN_POINT('',(84.,30.));
#1123 = VECTOR('',#1124,1.);
#1124 = DIRECTION('',(-1.,0.));
#1125 = ( GEOMETRIC_REPRESENTATION_CONTEXT(2) 
PARAMETRIC_REPRESENTATION_CONTEXT() REPRESENTATION_CONTEXT('2D SPACE',''
  ) );
#1126 = PCURVE('',#1127,#1132);
#1127 = PLANE('',#1128);
#1128 = AXIS2_PLACEMENT_3D('',#1129,#1130,#1131);
#1129 = CARTESIAN_POINT('',(168.,0.,-60.));
#1130 = DIRECTION('',(0.,0.,-1.));
#1131 = DIRECTION('',(-1.,0.,0.));
#1132 = DEFINITIONAL_REPRESENTATION('',(#1133),#1137);
#1133 = LINE('',#1134,#1135);
#1134 = CARTESIAN_POINT('',(0.,0.));
#1135 = VECTOR('',#1136,1.);
#1136 = DIRECTION('',(1.,0.));
#1137 = ( GEOMETRIC_REPRESENTATION_CONTEXT(2) 
PARAMETRIC_REPRESENTATION_CONTEXT() REPRESENTATION_CONTEXT('2D SPACE',''
  ) );
#1138 = ORIENTED_EDGE('',*,*,#1139,.F.);
#1139 = EDGE_CURVE('',#1140,#1112,#1142,.T.);
#1140 = VERTEX_POINT('',#1141);
#1141 = CARTESIAN_POINT('',(168.,0.,-51.));
#1142 = SURFACE_CURVE('',#1143,(#1148,#1155),.PCURVE_S1.);
#1143 = CIRCLE('',#1144,9.);
#1144 = AXIS2_PLACEMENT_3D('',#1145,#1146,#1147);
#1145 = CARTESIAN_POINT('',(159.,0.,-51.));
#1146 = DIRECTION('',(0.,1.,0.));
#1147 = DIRECTION('',(0.707106781187,0.,-0.707106781187));
#1148 = PCURVE('',#976,#1149);
#1149 = DEFINITIONAL_REPRESENTATION('',(#1150),#1154);
#1150 = CIRCLE('',#1151,9.);
#1151 = AXIS2_PLACEMENT_2D('',#1152,#1153);
#1152 = CARTESIAN_POINT('',(75.,21.));
#1153 = DIRECTION('',(0.707106781187,0.707106781187));
#1154 = ( GEOMETRIC_REPRESENTATION_CONTEXT(2) 
PARAMETRIC_REPRESENTATION_CONTEXT() REPRESENTATION_CONTEXT('2D SPACE',''
  ) );
#1155 = PCURVE('',#1156,#1161);
#1156 = CYLINDRICAL_SURFACE('',#1157,9.);
#1157 = AXIS2_PLACEMENT_3D('',#1158,#1159,#1160);
#1158 = CARTESIAN_POINT('',(159.,0.,-51.));
#1159 = DIRECTION('',(0.,1.,0.));
#1160 = DIRECTION('',(0.707106781187,0.,-0.707106781187));
#1161 = DEFINITIONAL_REPRESENTATION('',(#1162),#1166);
#1162 = LINE('',#1163,#1164);
#1163 = CARTESIAN_POINT('',(-6.28318530718,0.));
#1164 = VECTOR('',#1165,1.);
#1165 = DIRECTION('',(1.,0.));
#1166 = ( GEOMETRIC_REPRESENTATION_CONTEXT(2) 
PARAMETRIC_REPRESENTATION_CONTEXT() REPRESENTATION_CONTEXT('2D SPACE',''
  ) );
#1167 = ORIENTED_EDGE('',*,*,#1168,.F.);
#1168 = EDGE_CURVE('',#1169,#1140,#1171,.T.);
#1169 = VERTEX_POINT('',#1170);
#1170 = CARTESIAN_POINT('',(168.,0.,-9.));
#1171 = SURFACE_CURVE('',#1172,(#1176,#1183),.PCURVE_S1.);
#1172 = LINE('',#1173,#1174);
#1173 = CARTESIAN_POINT('',(168.,0.,0.));
#1174 = VECTOR('',#1175,1.);
#1175 = DIRECTION('',(0.,0.,-1.));
#1176 = PCURVE('',#976,#1177);
#1177 = DEFINITIONAL_REPRESENTATION('',(#1178),#1182);
#1178 = LINE('',#1179,#1180);
#1179 = CARTESIAN_POINT('',(84.,-30.));
#1180 = VECTOR('',#1181,1.);
#1181 = DIRECTION('',(0.,1.));
#1182 = ( GEOMETRIC_REPRESENTATION_CONTEXT(2) 
PARAMETRIC_REPRESENTATION_CONTEXT() REPRESENTATION_CONTEXT('2D SPACE',''
  ) );
#1183 = PCURVE('',#1184,#1189);
#1184 = PLANE('',#1185);
#1185 = AXIS2_PLACEMENT_3D('',#1186,#1187,#1188);
#1186 = CARTESIAN_POINT('',(168.,0.,0.));
#1187 = DIRECTION('',(1.,0.,0.));
#1188 = DIRECTION('',(0.,0.,-1.));
#1189 = DEFINITIONAL_REPRESENTATION('',(#1190),#1194);
#1190 = LINE('',#1191,#1192);
#1191 = CARTESIAN_POINT('',(0.,0.));
#1192 = VECTOR('',#1193,1.);
#1193 = DIRECTION('',(1.,0.));
#1194 = ( GEOMETRIC_REPRESENTATION_CONTEXT(2) 
PARAMETRIC_REPRESENTATION_CONTEXT() REPRESENTATION_CONTEXT('2D SPACE',''
  ) );
#1195 = ORIENTED_EDGE('',*,*,#1196,.F.);
#1196 = EDGE_CURVE('',#1197,#1169,#1199,.T.);
#1197 = VERTEX_POINT('',#1198);
#1198 = CARTESIAN_POINT('',(159.,0.,0.));
#1199 = SURFACE_CURVE('',#1200,(#1205,#1212),.PCURVE_S1.);
#1200 = CIRCLE('',#1201,9.);
#1201 = AXIS2_PLACEMENT_3D('',#1202,#1203,#1204);
#1202 = CARTESIAN_POINT('',(159.,0.,-9.));
#1203 = DIRECTION('',(0.,1.,0.));
#1204 = DIRECTION('',(0.707106781187,-0.,0.707106781187));
#1205 = PCURVE('',#976,#1206);
#1206 = DEFINITIONAL_REPRESENTATION('',(#1207),#1211);
#1207 = CIRCLE('',#1208,9.);
#1208 = AXIS2_PLACEMENT_2D('',#1209,#1210);
#1209 = CARTESIAN_POINT('',(75.,-21.));
#1210 = DIRECTION('',(0.707106781187,-0.707106781187));
#1211 = ( GEOMETRIC_REPRESENTATION_CONTEXT(2) 
PARAMETRIC_REPRESENTATION_CONTEXT() REPRESENTATION_CONTEXT('2D SPACE',''
  ) );
#1212 = PCURVE('',#1213,#1218);
#1213 = CYLINDRICAL_SURFACE('',#1214,9.);
#1214 = AXIS2_PLACEMENT_3D('',#1215,#1216,#1217);
#1215 = CARTESIAN_POINT('',(159.,0.,-9.));
#1216 = DIRECTION('',(0.,1.,0.));
#1217 = DIRECTION('',(0.707106781187,-0.,0.707106781187));
#1218 = DEFINITIONAL_REPRESENTATION('',(#1219),#1223);
#1219 = LINE('',#1220,#1221);
#1220 = CARTESIAN_POINT('',(0.,0.));
#1221 = VECTOR('',#1222,1.);
#1222 = DIRECTION('',(1.,0.));
#1223 = ( GEOMETRIC_REPRESENTATION_CONTEXT(2) 
PARAMETRIC_REPRESENTATION_CONTEXT() REPRESENTATION_CONTEXT('2D SPACE',''
  ) );
#1224 = ORIENTED_EDGE('',*,*,#1225,.F.);
#1225 = EDGE_CURVE('',#1026,#1197,#1226,.T.);
#1226 = SURFACE_CURVE('',#1227,(#1231,#1238),.PCURVE_S1.);
#1227 = LINE('',#1228,#1229);
#1228 = CARTESIAN_POINT('',(0.,0.,0.));
#1229 = VECTOR('',#1230,1.);
#1230 = DIRECTION('',(1.,0.,0.));
#1231 = PCURVE('',#976,#1232);
#1232 = DEFINITIONAL_REPRESENTATION('',(#1233),#1237);
#1233 = LINE('',#1234,#1235);
#1234 = CARTESIAN_POINT('',(-84.,-30.));
#1235 = VECTOR('',#1236,1.);
#1236 = DIRECTION('',(1.,0.));
#1237 = ( GEOMETRIC_REPRESENTATION_CONTEXT(2) 
PARAMETRIC_REPRESENTATION_CONTEXT() REPRESENTATION_CONTEXT('2D SPACE',''
  ) );
#1238 = PCURVE('',#1239,#1244);
#1239 = PLANE('',#1240);
#1240 = AXIS2_PLACEMENT_3D('',#1241,#1242,#1243);
#1241 = CARTESIAN_POINT('',(0.,0.,0.));
#1242 = DIRECTION('',(0.,0.,1.));
#1243 = DIRECTION('',(1.,0.,-0.));
#1244 = DEFINITIONAL_REPRESENTATION('',(#1245),#1249);
#1245 = LINE('',#1246,#1247);
#1246 = CARTESIAN_POINT('',(0.,0.));
#1247 = VECTOR('',#1248,1.);
#1248 = DIRECTION('',(1.,0.));
#1249 = ( GEOMETRIC_REPRESENTATION_CONTEXT(2) 
PARAMETRIC_REPRESENTATION_CONTEXT() REPRESENTATION_CONTEXT('2D SPACE',''
  ) );
#1250 = FACE_BOUND('',#1251,.T.);
#1251 = EDGE_LOOP('',(#1252));
#1252 = ORIENTED_EDGE('',*,*,#961,.T.);
#1253 = FACE_BOUND('',#1254,.T.);
#1254 = EDGE_LOOP('',(#1255));
#1255 = ORIENTED_EDGE('',*,*,#1256,.T.);
#1256 = EDGE_CURVE('',#1257,#1257,#1259,.T.);
#1257 = VERTEX_POINT('',#1258);
#1258 = CARTESIAN_POINT('',(22.5,0.,-30.));
#1259 = SURFACE_CURVE('',#1260,(#1265,#1272),.PCURVE_S1.);
#1260 = CIRCLE('',#1261,7.5);
#1261 = AXIS2_PLACEMENT_3D('',#1262,#1263,#1264);
#1262 = CARTESIAN_POINT('',(15.,0.,-30.));
#1263 = DIRECTION('',(0.,1.,0.));
#1264 = DIRECTION('',(-1.,0.,0.));
#1265 = PCURVE('',#976,#1266);
#1266 = DEFINITIONAL_REPRESENTATION('',(#1267),#1271);
#1267 = CIRCLE('',#1268,7.5);
#1268 = AXIS2_PLACEMENT_2D('',#1269,#1270);
#1269 = CARTESIAN_POINT('',(-69.,0.));
#1270 = DIRECTION('',(-1.,0.));
#1271 = ( GEOMETRIC_REPRESENTATION_CONTEXT(2) 
PARAMETRIC_REPRESENTATION_CONTEXT() REPRESENTATION_CONTEXT('2D SPACE',''
  ) );
#1272 = PCURVE('',#1273,#1278);
#1273 = CYLINDRICAL_SURFACE('',#1274,7.5);
#1274 = AXIS2_PLACEMENT_3D('',#1275,#1276,#1277);
#1275 = CARTESIAN_POINT('',(15.,15.,-30.));
#1276 = DIRECTION('',(0.,-1.,0.));
#1277 = DIRECTION('',(-1.,0.,0.));
#1278 = DEFINITIONAL_REPRESENTATION('',(#1279),#1283);
#1279 = LINE('',#1280,#1281);
#1280 = CARTESIAN_POINT('',(12.566370614359,15.));
#1281 = VECTOR('',#1282,1.);
#1282 = DIRECTION('',(-1.,0.));
#1283 = ( GEOMETRIC_REPRESENTATION_CONTEXT(2) 
PARAMETRIC_REPRESENTATION_CONTEXT() REPRESENTATION_CONTEXT('2D SPACE',''
  ) );
#1284 = FACE_BOUND('',#1285,.T.);
#1285 = EDGE_LOOP('',(#1286,#1316,#1344,#1372));
#1286 = ORIENTED_EDGE('',*,*,#1287,.T.);
#1287 = EDGE_CURVE('',#1288,#1290,#1292,.T.);
#1288 = VERTEX_POINT('',#1289);
#1289 = CARTESIAN_POINT('',(46.5,0.,-12.00000017881));
#1290 = VERTEX_POINT('',#1291);
#1291 = CARTESIAN_POINT('',(88.5,0.,-12.00000017881));
#1292 = SURFACE_CURVE('',#1293,(#1297,#1304),.PCURVE_S1.);
#1293 = LINE('',#1294,#1295);
#1294 = CARTESIAN_POINT('',(86.25,0.,-12.00000017881));
#1295 = VECTOR('',#1296,1.);
#1296 = DIRECTION('',(1.,0.,0.));
#1297 = PCURVE('',#976,#1298);
#1298 = DEFINITIONAL_REPRESENTATION('',(#1299),#1303);
#1299 = LINE('',#1300,#1301);
#1300 = CARTESIAN_POINT('',(2.25,-17.99999982119));
#1301 = VECTOR('',#1302,1.);
#1302 = DIRECTION('',(1.,0.));
#1303 = ( GEOMETRIC_REPRESENTATION_CONTEXT(2) 
PARAMETRIC_REPRESENTATION_CONTEXT() REPRESENTATION_CONTEXT('2D SPACE',''
  ) );
#1304 = PCURVE('',#1305,#1310);
#1305 = PLANE('',#1306);
#1306 = AXIS2_PLACEMENT_3D('',#1307,#1308,#1309);
#1307 = CARTESIAN_POINT('',(88.5,153.,-12.00000017881));
#1308 = DIRECTION('',(0.,0.,1.));
#1309 = DIRECTION('',(-1.,0.,0.));
#1310 = DEFINITIONAL_REPRESENTATION('',(#1311),#1315);
#1311 = LINE('',#1312,#1313);
#1312 = CARTESIAN_POINT('',(2.25,153.));
#1313 = VECTOR('',#1314,1.);
#1314 = DIRECTION('',(-1.,0.));
#1315 = ( GEOMETRIC_REPRESENTATION_CONTEXT(2) 
PARAMETRIC_REPRESENTATION_CONTEXT() REPRESENTATION_CONTEXT('2D SPACE',''
  ) );
#1316 = ORIENTED_EDGE('',*,*,#1317,.T.);
#1317 = EDGE_CURVE('',#1290,#1318,#1320,.T.);
#1318 = VERTEX_POINT('',#1319);
#1319 = CARTESIAN_POINT('',(88.5,0.,-30.));
#1320 = SURFACE_CURVE('',#1321,(#1325,#1332),.PCURVE_S1.);
#1321 = LINE('',#1322,#1323);
#1322 = CARTESIAN_POINT('',(88.5,0.,-30.));
#1323 = VECTOR('',#1324,1.);
#1324 = DIRECTION('',(0.,0.,-1.));
#1325 = PCURVE('',#976,#1326);
#1326 = DEFINITIONAL_REPRESENTATION('',(#1327),#1331);
#1327 = LINE('',#1328,#1329);
#1328 = CARTESIAN_POINT('',(4.5,0.));
#1329 = VECTOR('',#1330,1.);
#1330 = DIRECTION('',(0.,1.));
#1331 = ( GEOMETRIC_REPRESENTATION_CONTEXT(2) 
PARAMETRIC_REPRESENTATION_CONTEXT() REPRESENTATION_CONTEXT('2D SPACE',''
  ) );
#1332 = PCURVE('',#1333,#1338);
#1333 = PLANE('',#1334);
#1334 = AXIS2_PLACEMENT_3D('',#1335,#1336,#1337);
#1335 = CARTESIAN_POINT('',(88.5,153.,-30.));
#1336 = DIRECTION('',(1.,0.,0.));
#1337 = DIRECTION('',(0.,0.,1.));
#1338 = DEFINITIONAL_REPRESENTATION('',(#1339),#1343);
#1339 = LINE('',#1340,#1341);
#1340 = CARTESIAN_POINT('',(0.,153.));
#1341 = VECTOR('',#1342,1.);
#1342 = DIRECTION('',(-1.,0.));
#1343 = ( GEOMETRIC_REPRESENTATION_CONTEXT(2) 
PARAMETRIC_REPRESENTATION_CONTEXT() REPRESENTATION_CONTEXT('2D SPACE',''
  ) );
#1344 = ORIENTED_EDGE('',*,*,#1345,.T.);
#1345 = EDGE_CURVE('',#1318,#1346,#1348,.T.);
#1346 = VERTEX_POINT('',#1347);
#1347 = CARTESIAN_POINT('',(46.5,0.,-30.));
#1348 = SURFACE_CURVE('',#1349,(#1353,#1360),.PCURVE_S1.);
#1349 = LINE('',#1350,#1351);
#1350 = CARTESIAN_POINT('',(65.25,0.,-30.));
#1351 = VECTOR('',#1352,1.);
#1352 = DIRECTION('',(-1.,0.,0.));
#1353 = PCURVE('',#976,#1354);
#1354 = DEFINITIONAL_REPRESENTATION('',(#1355),#1359);
#1355 = LINE('',#1356,#1357);
#1356 = CARTESIAN_POINT('',(-18.75,0.));
#1357 = VECTOR('',#1358,1.);
#1358 = DIRECTION('',(-1.,0.));
#1359 = ( GEOMETRIC_REPRESENTATION_CONTEXT(2) 
PARAMETRIC_REPRESENTATION_CONTEXT() REPRESENTATION_CONTEXT('2D SPACE',''
  ) );
#1360 = PCURVE('',#1361,#1366);
#1361 = PLANE('',#1362);
#1362 = AXIS2_PLACEMENT_3D('',#1363,#1364,#1365);
#1363 = CARTESIAN_POINT('',(46.5,153.,-30.));
#1364 = DIRECTION('',(0.,0.,-1.));
#1365 = DIRECTION('',(1.,0.,0.));
#1366 = DEFINITIONAL_REPRESENTATION('',(#1367),#1371);
#1367 = LINE('',#1368,#1369);
#1368 = CARTESIAN_POINT('',(18.75,153.));
#1369 = VECTOR('',#1370,1.);
#1370 = DIRECTION('',(-1.,0.));
#1371 = ( GEOMETRIC_REPRESENTATION_CONTEXT(2) 
PARAMETRIC_REPRESENTATION_CONTEXT() REPRESENTATION_CONTEXT('2D SPACE',''
  ) );
#1372 = ORIENTED_EDGE('',*,*,#1373,.T.);
#1373 = EDGE_CURVE('',#1346,#1288,#1374,.T.);
#1374 = SURFACE_CURVE('',#1375,(#1379,#1386),.PCURVE_S1.);
#1375 = LINE('',#1376,#1377);
#1376 = CARTESIAN_POINT('',(46.5,0.,-21.0000000894));
#1377 = VECTOR('',#1378,1.);
#1378 = DIRECTION('',(0.,0.,1.));
#1379 = PCURVE('',#976,#1380);
#1380 = DEFINITIONAL_REPRESENTATION('',(#1381),#1385);
#1381 = LINE('',#1382,#1383);
#1382 = CARTESIAN_POINT('',(-37.5,-8.9999999106));
#1383 = VECTOR('',#1384,1.);
#1384 = DIRECTION('',(0.,-1.));
#1385 = ( GEOMETRIC_REPRESENTATION_CONTEXT(2) 
PARAMETRIC_REPRESENTATION_CONTEXT() REPRESENTATION_CONTEXT('2D SPACE',''
  ) );
#1386 = PCURVE('',#1387,#1392);
#1387 = PLANE('',#1388);
#1388 = AXIS2_PLACEMENT_3D('',#1389,#1390,#1391);
#1389 = CARTESIAN_POINT('',(46.5,153.,-12.00000017881));
#1390 = DIRECTION('',(-1.,0.,0.));
#1391 = DIRECTION('',(0.,0.,-1.));
#1392 = DEFINITIONAL_REPRESENTATION('',(#1393),#1397);
#1393 = LINE('',#1394,#1395);
#1394 = CARTESIAN_POINT('',(8.99999991059,153.));
#1395 = VECTOR('',#1396,1.);
#1396 = DIRECTION('',(-1.,-0.));
#1397 = ( GEOMETRIC_REPRESENTATION_CONTEXT(2) 
PARAMETRIC_REPRESENTATION_CONTEXT() REPRESENTATION_CONTEXT('2D SPACE',''
  ) );
#1398 = ADVANCED_FACE('',(#1399,#1712,#1715),#1004,.T.);
#1399 = FACE_BOUND('',#1400,.T.);
#1400 = EDGE_LOOP('',(#1401,#1431,#1454,#1482,#1505,#1533,#1556,#1584,
    #1607,#1635,#1658,#1686));
#1401 = ORIENTED_EDGE('',*,*,#1402,.F.);
#1402 = EDGE_CURVE('',#1403,#1405,#1407,.T.);
#1403 = VERTEX_POINT('',#1404);
#1404 = CARTESIAN_POINT('',(134.5,15.,0.));
#1405 = VERTEX_POINT('',#1406);
#1406 = CARTESIAN_POINT('',(134.5,15.,-42.));
#1407 = SURFACE_CURVE('',#1408,(#1412,#1419),.PCURVE_S1.);
#1408 = LINE('',#1409,#1410);
#1409 = CARTESIAN_POINT('',(134.5,15.,-15.));
#1410 = VECTOR('',#1411,1.);
#1411 = DIRECTION('',(0.,0.,-1.));
#1412 = PCURVE('',#1004,#1413);
#1413 = DEFINITIONAL_REPRESENTATION('',(#1414),#1418);
#1414 = LINE('',#1415,#1416);
#1415 = CARTESIAN_POINT('',(15.,50.5));
#1416 = VECTOR('',#1417,1.);
#1417 = DIRECTION('',(-1.,0.));
#1418 = ( GEOMETRIC_REPRESENTATION_CONTEXT(2) 
PARAMETRIC_REPRESENTATION_CONTEXT() REPRESENTATION_CONTEXT('2D SPACE',''
  ) );
#1419 = PCURVE('',#1420,#1425);
#1420 = CYLINDRICAL_SURFACE('',#1421,4.);
#1421 = AXIS2_PLACEMENT_3D('',#1422,#1423,#1424);
#1422 = CARTESIAN_POINT('',(134.5,19.,-15.));
#1423 = DIRECTION('',(0.,0.,1.));
#1424 = DIRECTION('',(-0.707106781187,-0.707106781187,0.));
#1425 = DEFINITIONAL_REPRESENTATION('',(#1426),#1430);
#1426 = LINE('',#1427,#1428);
#1427 = CARTESIAN_POINT('',(7.068583470577,0.));
#1428 = VECTOR('',#1429,1.);
#1429 = DIRECTION('',(0.,-1.));
#1430 = ( GEOMETRIC_REPRESENTATION_CONTEXT(2) 
PARAMETRIC_REPRESENTATION_CONTEXT() REPRESENTATION_CONTEXT('2D SPACE',''
  ) );
#1431 = ORIENTED_EDGE('',*,*,#1432,.T.);
#1432 = EDGE_CURVE('',#1403,#1433,#1435,.T.);
#1433 = VERTEX_POINT('',#1434);
#1434 = CARTESIAN_POINT('',(159.,15.,0.));
#1435 = SURFACE_CURVE('',#1436,(#1440,#1447),.PCURVE_S1.);
#1436 = LINE('',#1437,#1438);
#1437 = CARTESIAN_POINT('',(0.,15.,0.));
#1438 = VECTOR('',#1439,1.);
#1439 = DIRECTION('',(1.,0.,0.));
#1440 = PCURVE('',#1004,#1441);
#1441 = DEFINITIONAL_REPRESENTATION('',(#1442),#1446);
#1442 = LINE('',#1443,#1444);
#1443 = CARTESIAN_POINT('',(30.,-84.));
#1444 = VECTOR('',#1445,1.);
#1445 = DIRECTION('',(0.,1.));
#1446 = ( GEOMETRIC_REPRESENTATION_CONTEXT(2) 
PARAMETRIC_REPRESENTATION_CONTEXT() REPRESENTATION_CONTEXT('2D SPACE',''
  ) );
#1447 = PCURVE('',#1239,#1448);
#1448 = DEFINITIONAL_REPRESENTATION('',(#1449),#1453);
#1449 = LINE('',#1450,#1451);
#1450 = CARTESIAN_POINT('',(0.,15.));
#1451 = VECTOR('',#1452,1.);
#1452 = DIRECTION('',(1.,0.));
#1453 = ( GEOMETRIC_REPRESENTATION_CONTEXT(2) 
PARAMETRIC_REPRESENTATION_CONTEXT() REPRESENTATION_CONTEXT('2D SPACE',''
  ) );
#1454 = ORIENTED_EDGE('',*,*,#1455,.F.);
#1455 = EDGE_CURVE('',#1456,#1433,#1458,.T.);
#1456 = VERTEX_POINT('',#1457);
#1457 = CARTESIAN_POINT('',(168.,15.,-9.));
#1458 = SURFACE_CURVE('',#1459,(#1464,#1475),.PCURVE_S1.);
#1459 = CIRCLE('',#1460,9.);
#1460 = AXIS2_PLACEMENT_3D('',#1461,#1462,#1463);
#1461 = CARTESIAN_POINT('',(159.,15.,-9.));
#1462 = DIRECTION('',(0.,-1.,0.));
#1463 = DIRECTION('',(0.707106781187,0.,0.707106781187));
#1464 = PCURVE('',#1004,#1465);
#1465 = DEFINITIONAL_REPRESENTATION('',(#1466),#1474);
#1466 = ( BOUNDED_CURVE() B_SPLINE_CURVE(2,(#1467,#1468,#1469,#1470,
#1471,#1472,#1473),.UNSPECIFIED.,.T.,.F.) B_SPLINE_CURVE_WITH_KNOTS((1,2
    ,2,2,2,1),(-2.094395102393,0.,2.094395102393,4.188790204786,
6.28318530718,8.377580409573),.UNSPECIFIED.) CURVE() 
GEOMETRIC_REPRESENTATION_ITEM() RATIONAL_B_SPLINE_CURVE((1.,0.5,1.,0.5,
1.,0.5,1.)) REPRESENTATION_ITEM('') );
#1467 = CARTESIAN_POINT('',(27.363961030679,81.363961030679));
#1468 = CARTESIAN_POINT('',(38.386664873203,70.341257188155));
#1469 = CARTESIAN_POINT('',(23.329371405923,66.306667563398));
#1470 = CARTESIAN_POINT('',(8.272077938642,62.272077938642));
#1471 = CARTESIAN_POINT('',(12.306667563398,77.329371405923));
#1472 = CARTESIAN_POINT('',(16.341257188155,92.386664873203));
#1473 = CARTESIAN_POINT('',(27.363961030679,81.363961030679));
#1474 = ( GEOMETRIC_REPRESENTATION_CONTEXT(2) 
PARAMETRIC_REPRESENTATION_CONTEXT() REPRESENTATION_CONTEXT('2D SPACE',''
  ) );
#1475 = PCURVE('',#1213,#1476);
#1476 = DEFINITIONAL_REPRESENTATION('',(#1477),#1481);
#1477 = LINE('',#1478,#1479);
#1478 = CARTESIAN_POINT('',(12.566370614359,15.));
#1479 = VECTOR('',#1480,1.);
#1480 = DIRECTION('',(-1.,0.));
#1481 = ( GEOMETRIC_REPRESENTATION_CONTEXT(2) 
PARAMETRIC_REPRESENTATION_CONTEXT() REPRESENTATION_CONTEXT('2D SPACE',''
  ) );
#1482 = ORIENTED_EDGE('',*,*,#1483,.T.);
#1483 = EDGE_CURVE('',#1456,#1484,#1486,.T.);
#1484 = VERTEX_POINT('',#1485);
#1485 = CARTESIAN_POINT('',(168.,15.,-51.));
#1486 = SURFACE_CURVE('',#1487,(#1491,#1498),.PCURVE_S1.);
#1487 = LINE('',#1488,#1489);
#1488 = CARTESIAN_POINT('',(168.,15.,0.));
#1489 = VECTOR('',#1490,1.);
#1490 = DIRECTION('',(0.,0.,-1.));
#1491 = PCURVE('',#1004,#1492);
#1492 = DEFINITIONAL_REPRESENTATION('',(#1493),#1497);
#1493 = LINE('',#1494,#1495);
#1494 = CARTESIAN_POINT('',(30.,84.));
#1495 = VECTOR('',#1496,1.);
#1496 = DIRECTION('',(-1.,0.));
#1497 = ( GEOMETRIC_REPRESENTATION_CONTEXT(2) 
PARAMETRIC_REPRESENTATION_CONTEXT() REPRESENTATION_CONTEXT('2D SPACE',''
  ) );
#1498 = PCURVE('',#1184,#1499);
#1499 = DEFINITIONAL_REPRESENTATION('',(#1500),#1504);
#1500 = LINE('',#1501,#1502);
#1501 = CARTESIAN_POINT('',(0.,15.));
#1502 = VECTOR('',#1503,1.);
#1503 = DIRECTION('',(1.,0.));
#1504 = ( GEOMETRIC_REPRESENTATION_CONTEXT(2) 
PARAMETRIC_REPRESENTATION_CONTEXT() REPRESENTATION_CONTEXT('2D SPACE',''
  ) );
#1505 = ORIENTED_EDGE('',*,*,#1506,.F.);
#1506 = EDGE_CURVE('',#1507,#1484,#1509,.T.);
#1507 = VERTEX_POINT('',#1508);
#1508 = CARTESIAN_POINT('',(159.,15.,-60.));
#1509 = SURFACE_CURVE('',#1510,(#1515,#1526),.PCURVE_S1.);
#1510 = CIRCLE('',#1511,9.);
#1511 = AXIS2_PLACEMENT_3D('',#1512,#1513,#1514);
#1512 = CARTESIAN_POINT('',(159.,15.,-51.));
#1513 = DIRECTION('',(0.,-1.,0.));
#1514 = DIRECTION('',(0.707106781187,0.,-0.707106781187));
#1515 = PCURVE('',#1004,#1516);
#1516 = DEFINITIONAL_REPRESENTATION('',(#1517),#1525);
#1517 = ( BOUNDED_CURVE() B_SPLINE_CURVE(2,(#1518,#1519,#1520,#1521,
#1522,#1523,#1524),.UNSPECIFIED.,.T.,.F.) B_SPLINE_CURVE_WITH_KNOTS((1,2
    ,2,2,2,1),(-2.094395102393,0.,2.094395102393,4.188790204786,
6.28318530718,8.377580409573),.UNSPECIFIED.) CURVE() 
GEOMETRIC_REPRESENTATION_ITEM() RATIONAL_B_SPLINE_CURVE((1.,0.5,1.,0.5,
1.,0.5,1.)) REPRESENTATION_ITEM('') );
#1518 = CARTESIAN_POINT('',(-27.36396103067,81.363961030679));
#1519 = CARTESIAN_POINT('',(-16.34125718815,92.386664873203));
#1520 = CARTESIAN_POINT('',(-12.30666756339,77.329371405923));
#1521 = CARTESIAN_POINT('',(-8.272077938642,62.272077938642));
#1522 = CARTESIAN_POINT('',(-23.32937140592,66.306667563398));
#1523 = CARTESIAN_POINT('',(-38.3866648732,70.341257188155));
#1524 = CARTESIAN_POINT('',(-27.36396103067,81.363961030679));
#1525 = ( GEOMETRIC_REPRESENTATION_CONTEXT(2) 
PARAMETRIC_REPRESENTATION_CONTEXT() REPRESENTATION_CONTEXT('2D SPACE',''
  ) );
#1526 = PCURVE('',#1156,#1527);
#1527 = DEFINITIONAL_REPRESENTATION('',(#1528),#1532);
#1528 = LINE('',#1529,#1530);
#1529 = CARTESIAN_POINT('',(6.28318530718,15.));
#1530 = VECTOR('',#1531,1.);
#1531 = DIRECTION('',(-1.,0.));
#1532 = ( GEOMETRIC_REPRESENTATION_CONTEXT(2) 
PARAMETRIC_REPRESENTATION_CONTEXT() REPRESENTATION_CONTEXT('2D SPACE',''
  ) );
#1533 = ORIENTED_EDGE('',*,*,#1534,.T.);
#1534 = EDGE_CURVE('',#1507,#1535,#1537,.T.);
#1535 = VERTEX_POINT('',#1536);
#1536 = CARTESIAN_POINT('',(9.,15.,-60.));
#1537 = SURFACE_CURVE('',#1538,(#1542,#1549),.PCURVE_S1.);
#1538 = LINE('',#1539,#1540);
#1539 = CARTESIAN_POINT('',(168.,15.,-60.));
#1540 = VECTOR('',#1541,1.);
#1541 = DIRECTION('',(-1.,0.,0.));
#1542 = PCURVE('',#1004,#1543);
#1543 = DEFINITIONAL_REPRESENTATION('',(#1544),#1548);
#1544 = LINE('',#1545,#1546);
#1545 = CARTESIAN_POINT('',(-30.,84.));
#1546 = VECTOR('',#1547,1.);
#1547 = DIRECTION('',(0.,-1.));
#1548 = ( GEOMETRIC_REPRESENTATION_CONTEXT(2) 
PARAMETRIC_REPRESENTATION_CONTEXT() REPRESENTATION_CONTEXT('2D SPACE',''
  ) );
#1549 = PCURVE('',#1127,#1550);
#1550 = DEFINITIONAL_REPRESENTATION('',(#1551),#1555);
#1551 = LINE('',#1552,#1553);
#1552 = CARTESIAN_POINT('',(0.,15.));
#1553 = VECTOR('',#1554,1.);
#1554 = DIRECTION('',(1.,0.));
#1555 = ( GEOMETRIC_REPRESENTATION_CONTEXT(2) 
PARAMETRIC_REPRESENTATION_CONTEXT() REPRESENTATION_CONTEXT('2D SPACE',''
  ) );
#1556 = ORIENTED_EDGE('',*,*,#1557,.F.);
#1557 = EDGE_CURVE('',#1558,#1535,#1560,.T.);
#1558 = VERTEX_POINT('',#1559);
#1559 = CARTESIAN_POINT('',(0.,15.,-51.));
#1560 = SURFACE_CURVE('',#1561,(#1566,#1577),.PCURVE_S1.);
#1561 = CIRCLE('',#1562,9.);
#1562 = AXIS2_PLACEMENT_3D('',#1563,#1564,#1565);
#1563 = CARTESIAN_POINT('',(9.,15.,-51.));
#1564 = DIRECTION('',(0.,-1.,0.));
#1565 = DIRECTION('',(-0.707106781187,-0.,-0.707106781187));
#1566 = PCURVE('',#1004,#1567);
#1567 = DEFINITIONAL_REPRESENTATION('',(#1568),#1576);
#1568 = ( BOUNDED_CURVE() B_SPLINE_CURVE(2,(#1569,#1570,#1571,#1572,
#1573,#1574,#1575),.UNSPECIFIED.,.T.,.F.) B_SPLINE_CURVE_WITH_KNOTS((1,2
    ,2,2,2,1),(-2.094395102393,0.,2.094395102393,4.188790204786,
6.28318530718,8.377580409573),.UNSPECIFIED.) CURVE() 
GEOMETRIC_REPRESENTATION_ITEM() RATIONAL_B_SPLINE_CURVE((1.,0.5,1.,0.5,
1.,0.5,1.)) REPRESENTATION_ITEM('') );
#1569 = CARTESIAN_POINT('',(-27.36396103067,-81.36396103067));
#1570 = CARTESIAN_POINT('',(-38.3866648732,-70.34125718815));
#1571 = CARTESIAN_POINT('',(-23.32937140592,-66.30666756339));
#1572 = CARTESIAN_POINT('',(-8.272077938642,-62.27207793864));
#1573 = CARTESIAN_POINT('',(-12.30666756339,-77.32937140592));
#1574 = CARTESIAN_POINT('',(-16.34125718815,-92.3866648732));
#1575 = CARTESIAN_POINT('',(-27.36396103067,-81.36396103067));
#1576 = ( GEOMETRIC_REPRESENTATION_CONTEXT(2) 
PARAMETRIC_REPRESENTATION_CONTEXT() REPRESENTATION_CONTEXT('2D SPACE',''
  ) );
#1577 = PCURVE('',#1099,#1578);
#1578 = DEFINITIONAL_REPRESENTATION('',(#1579),#1583);
#1579 = LINE('',#1580,#1581);
#1580 = CARTESIAN_POINT('',(6.28318530718,15.));
#1581 = VECTOR('',#1582,1.);
#1582 = DIRECTION('',(-1.,0.));
#1583 = ( GEOMETRIC_REPRESENTATION_CONTEXT(2) 
PARAMETRIC_REPRESENTATION_CONTEXT() REPRESENTATION_CONTEXT('2D SPACE',''
  ) );
#1584 = ORIENTED_EDGE('',*,*,#1585,.T.);
#1585 = EDGE_CURVE('',#1558,#1586,#1588,.T.);
#1586 = VERTEX_POINT('',#1587);
#1587 = CARTESIAN_POINT('',(0.,15.,-9.));
#1588 = SURFACE_CURVE('',#1589,(#1593,#1600),.PCURVE_S1.);
#1589 = LINE('',#1590,#1591);
#1590 = CARTESIAN_POINT('',(0.,15.,-60.));
#1591 = VECTOR('',#1592,1.);
#1592 = DIRECTION('',(0.,0.,1.));
#1593 = PCURVE('',#1004,#1594);
#1594 = DEFINITIONAL_REPRESENTATION('',(#1595),#1599);
#1595 = LINE('',#1596,#1597);
#1596 = CARTESIAN_POINT('',(-30.,-84.));
#1597 = VECTOR('',#1598,1.);
#1598 = DIRECTION('',(1.,0.));
#1599 = ( GEOMETRIC_REPRESENTATION_CONTEXT(2) 
PARAMETRIC_REPRESENTATION_CONTEXT() REPRESENTATION_CONTEXT('2D SPACE',''
  ) );
#1600 = PCURVE('',#1070,#1601);
#1601 = DEFINITIONAL_REPRESENTATION('',(#1602),#1606);
#1602 = LINE('',#1603,#1604);
#1603 = CARTESIAN_POINT('',(0.,15.));
#1604 = VECTOR('',#1605,1.);
#1605 = DIRECTION('',(1.,0.));
#1606 = ( GEOMETRIC_REPRESENTATION_CONTEXT(2) 
PARAMETRIC_REPRESENTATION_CONTEXT() REPRESENTATION_CONTEXT('2D SPACE',''
  ) );
#1607 = ORIENTED_EDGE('',*,*,#1608,.F.);
#1608 = EDGE_CURVE('',#1609,#1586,#1611,.T.);
#1609 = VERTEX_POINT('',#1610);
#1610 = CARTESIAN_POINT('',(9.,15.,0.));
#1611 = SURFACE_CURVE('',#1612,(#1617,#1628),.PCURVE_S1.);
#1612 = CIRCLE('',#1613,9.);
#1613 = AXIS2_PLACEMENT_3D('',#1614,#1615,#1616);
#1614 = CARTESIAN_POINT('',(9.,15.,-9.));
#1615 = DIRECTION('',(0.,-1.,0.));
#1616 = DIRECTION('',(-0.707106781187,0.,0.707106781187));
#1617 = PCURVE('',#1004,#1618);
#1618 = DEFINITIONAL_REPRESENTATION('',(#1619),#1627);
#1619 = ( BOUNDED_CURVE() B_SPLINE_CURVE(2,(#1620,#1621,#1622,#1623,
#1624,#1625,#1626),.UNSPECIFIED.,.T.,.F.) B_SPLINE_CURVE_WITH_KNOTS((1,2
    ,2,2,2,1),(-2.094395102393,0.,2.094395102393,4.188790204786,
6.28318530718,8.377580409573),.UNSPECIFIED.) CURVE() 
GEOMETRIC_REPRESENTATION_ITEM() RATIONAL_B_SPLINE_CURVE((1.,0.5,1.,0.5,
1.,0.5,1.)) REPRESENTATION_ITEM('') );
#1620 = CARTESIAN_POINT('',(27.363961030679,-81.36396103067));
#1621 = CARTESIAN_POINT('',(16.341257188155,-92.3866648732));
#1622 = CARTESIAN_POINT('',(12.306667563398,-77.32937140592));
#1623 = CARTESIAN_POINT('',(8.272077938642,-62.27207793864));
#1624 = CARTESIAN_POINT('',(23.329371405923,-66.30666756339));
#1625 = CARTESIAN_POINT('',(38.386664873203,-70.34125718815));
#1626 = CARTESIAN_POINT('',(27.363961030679,-81.36396103067));
#1627 = ( GEOMETRIC_REPRESENTATION_CONTEXT(2) 
PARAMETRIC_REPRESENTATION_CONTEXT() REPRESENTATION_CONTEXT('2D SPACE',''
  ) );
#1628 = PCURVE('',#1042,#1629);
#1629 = DEFINITIONAL_REPRESENTATION('',(#1630),#1634);
#1630 = LINE('',#1631,#1632);
#1631 = CARTESIAN_POINT('',(6.28318530718,15.));
#1632 = VECTOR('',#1633,1.);
#1633 = DIRECTION('',(-1.,0.));
#1634 = ( GEOMETRIC_REPRESENTATION_CONTEXT(2) 
PARAMETRIC_REPRESENTATION_CONTEXT() REPRESENTATION_CONTEXT('2D SPACE',''
  ) );
#1635 = ORIENTED_EDGE('',*,*,#1636,.T.);
#1636 = EDGE_CURVE('',#1609,#1637,#1639,.T.);
#1637 = VERTEX_POINT('',#1638);
#1638 = CARTESIAN_POINT('',(28.5,15.,0.));
#1639 = SURFACE_CURVE('',#1640,(#1644,#1651),.PCURVE_S1.);
#1640 = LINE('',#1641,#1642);
#1641 = CARTESIAN_POINT('',(0.,15.,0.));
#1642 = VECTOR('',#1643,1.);
#1643 = DIRECTION('',(1.,0.,0.));
#1644 = PCURVE('',#1004,#1645);
#1645 = DEFINITIONAL_REPRESENTATION('',(#1646),#1650);
#1646 = LINE('',#1647,#1648);
#1647 = CARTESIAN_POINT('',(30.,-84.));
#1648 = VECTOR('',#1649,1.);
#1649 = DIRECTION('',(0.,1.));
#1650 = ( GEOMETRIC_REPRESENTATION_CONTEXT(2) 
PARAMETRIC_REPRESENTATION_CONTEXT() REPRESENTATION_CONTEXT('2D SPACE',''
  ) );
#1651 = PCURVE('',#1239,#1652);
#1652 = DEFINITIONAL_REPRESENTATION('',(#1653),#1657);
#1653 = LINE('',#1654,#1655);
#1654 = CARTESIAN_POINT('',(0.,15.));
#1655 = VECTOR('',#1656,1.);
#1656 = DIRECTION('',(1.,0.));
#1657 = ( GEOMETRIC_REPRESENTATION_CONTEXT(2) 
PARAMETRIC_REPRESENTATION_CONTEXT() REPRESENTATION_CONTEXT('2D SPACE',''
  ) );
#1658 = ORIENTED_EDGE('',*,*,#1659,.F.);
#1659 = EDGE_CURVE('',#1660,#1637,#1662,.T.);
#1660 = VERTEX_POINT('',#1661);
#1661 = CARTESIAN_POINT('',(28.5,15.,-42.));
#1662 = SURFACE_CURVE('',#1663,(#1667,#1674),.PCURVE_S1.);
#1663 = LINE('',#1664,#1665);
#1664 = CARTESIAN_POINT('',(28.5,15.,-36.));
#1665 = VECTOR('',#1666,1.);
#1666 = DIRECTION('',(-1.057355261548E-16,0.,1.));
#1667 = PCURVE('',#1004,#1668);
#1668 = DEFINITIONAL_REPRESENTATION('',(#1669),#1673);
#1669 = LINE('',#1670,#1671);
#1670 = CARTESIAN_POINT('',(-6.,-55.5));
#1671 = VECTOR('',#1672,1.);
#1672 = DIRECTION('',(1.,-1.057355261548E-16));
#1673 = ( GEOMETRIC_REPRESENTATION_CONTEXT(2) 
PARAMETRIC_REPRESENTATION_CONTEXT() REPRESENTATION_CONTEXT('2D SPACE',''
  ) );
#1674 = PCURVE('',#1675,#1680);
#1675 = CYLINDRICAL_SURFACE('',#1676,9.);
#1676 = AXIS2_PLACEMENT_3D('',#1677,#1678,#1679);
#1677 = CARTESIAN_POINT('',(28.5,24.,-36.));
#1678 = DIRECTION('',(1.057355261548E-16,0.,-1.));
#1679 = DIRECTION('',(0.707106781187,-0.707106781187,7.476630755639E-17)
  );
#1680 = DEFINITIONAL_REPRESENTATION('',(#1681),#1685);
#1681 = LINE('',#1682,#1683);
#1682 = CARTESIAN_POINT('',(7.068583470577,0.));
#1683 = VECTOR('',#1684,1.);
#1684 = DIRECTION('',(0.,-1.));
#1685 = ( GEOMETRIC_REPRESENTATION_CONTEXT(2) 
PARAMETRIC_REPRESENTATION_CONTEXT() REPRESENTATION_CONTEXT('2D SPACE',''
  ) );
#1686 = ORIENTED_EDGE('',*,*,#1687,.T.);
#1687 = EDGE_CURVE('',#1660,#1405,#1688,.T.);
#1688 = SURFACE_CURVE('',#1689,(#1693,#1700),.PCURVE_S1.);
#1689 = LINE('',#1690,#1691);
#1690 = CARTESIAN_POINT('',(107.25,15.,-42.));
#1691 = VECTOR('',#1692,1.);
#1692 = DIRECTION('',(1.,0.,0.));
#1693 = PCURVE('',#1004,#1694);
#1694 = DEFINITIONAL_REPRESENTATION('',(#1695),#1699);
#1695 = LINE('',#1696,#1697);
#1696 = CARTESIAN_POINT('',(-12.,23.25));
#1697 = VECTOR('',#1698,1.);
#1698 = DIRECTION('',(0.,1.));
#1699 = ( GEOMETRIC_REPRESENTATION_CONTEXT(2) 
PARAMETRIC_REPRESENTATION_CONTEXT() REPRESENTATION_CONTEXT('2D SPACE',''
  ) );
#1700 = PCURVE('',#1701,#1706);
#1701 = PLANE('',#1702);
#1702 = AXIS2_PLACEMENT_3D('',#1703,#1704,#1705);
#1703 = CARTESIAN_POINT('',(130.5,15.,-42.));
#1704 = DIRECTION('',(0.,0.,-1.));
#1705 = DIRECTION('',(-1.,0.,0.));
#1706 = DEFINITIONAL_REPRESENTATION('',(#1707),#1711);
#1707 = LINE('',#1708,#1709);
#1708 = CARTESIAN_POINT('',(23.25,0.));
#1709 = VECTOR('',#1710,1.);
#1710 = DIRECTION('',(-1.,0.));
#1711 = ( GEOMETRIC_REPRESENTATION_CONTEXT(2) 
PARAMETRIC_REPRESENTATION_CONTEXT() REPRESENTATION_CONTEXT('2D SPACE',''
  ) );
#1712 = FACE_BOUND('',#1713,.T.);
#1713 = EDGE_LOOP('',(#1714));
#1714 = ORIENTED_EDGE('',*,*,#989,.T.);
#1715 = FACE_BOUND('',#1716,.T.);
#1716 = EDGE_LOOP('',(#1717));
#1717 = ORIENTED_EDGE('',*,*,#1718,.T.);
#1718 = EDGE_CURVE('',#1719,#1719,#1721,.T.);
#1719 = VERTEX_POINT('',#1720);
#1720 = CARTESIAN_POINT('',(22.5,15.,-30.));
#1721 = SURFACE_CURVE('',#1722,(#1727,#1738),.PCURVE_S1.);
#1722 = CIRCLE('',#1723,7.5);
#1723 = AXIS2_PLACEMENT_3D('',#1724,#1725,#1726);
#1724 = CARTESIAN_POINT('',(15.,15.,-30.));
#1725 = DIRECTION('',(0.,-1.,0.));
#1726 = DIRECTION('',(-1.,0.,0.));
#1727 = PCURVE('',#1004,#1728);
#1728 = DEFINITIONAL_REPRESENTATION('',(#1729),#1737);
#1729 = ( BOUNDED_CURVE() B_SPLINE_CURVE(2,(#1730,#1731,#1732,#1733,
#1734,#1735,#1736),.UNSPECIFIED.,.T.,.F.) B_SPLINE_CURVE_WITH_KNOTS((1,2
    ,2,2,2,1),(-2.094395102393,0.,2.094395102393,4.188790204786,
6.28318530718,8.377580409573),.UNSPECIFIED.) CURVE() 
GEOMETRIC_REPRESENTATION_ITEM() RATIONAL_B_SPLINE_CURVE((1.,0.5,1.,0.5,
1.,0.5,1.)) REPRESENTATION_ITEM('') );
#1730 = CARTESIAN_POINT('',(0.,-76.5));
#1731 = CARTESIAN_POINT('',(-12.99038105676,-76.5));
#1732 = CARTESIAN_POINT('',(-6.495190528383,-65.25));
#1733 = CARTESIAN_POINT('',(-1.836970198721E-15,-54.));
#1734 = CARTESIAN_POINT('',(6.495190528383,-65.25));
#1735 = CARTESIAN_POINT('',(12.990381056767,-76.5));
#1736 = CARTESIAN_POINT('',(0.,-76.5));
#1737 = ( GEOMETRIC_REPRESENTATION_CONTEXT(2) 
PARAMETRIC_REPRESENTATION_CONTEXT() REPRESENTATION_CONTEXT('2D SPACE',''
  ) );
#1738 = PCURVE('',#1273,#1739);
#1739 = DEFINITIONAL_REPRESENTATION('',(#1740),#1744);
#1740 = LINE('',#1741,#1742);
#1741 = CARTESIAN_POINT('',(0.,0.));
#1742 = VECTOR('',#1743,1.);
#1743 = DIRECTION('',(1.,0.));
#1744 = ( GEOMETRIC_REPRESENTATION_CONTEXT(2) 
PARAMETRIC_REPRESENTATION_CONTEXT() REPRESENTATION_CONTEXT('2D SPACE',''
  ) );
#1745 = ADVANCED_FACE('',(#1746),#1042,.T.);
#1746 = FACE_BOUND('',#1747,.T.);
#1747 = EDGE_LOOP('',(#1748,#1749,#1770,#1771));
#1748 = ORIENTED_EDGE('',*,*,#1608,.T.);
#1749 = ORIENTED_EDGE('',*,*,#1750,.T.);
#1750 = EDGE_CURVE('',#1586,#1024,#1751,.T.);
#1751 = SURFACE_CURVE('',#1752,(#1756,#1763),.PCURVE_S1.);
#1752 = LINE('',#1753,#1754);
#1753 = CARTESIAN_POINT('',(0.,0.,-9.));
#1754 = VECTOR('',#1755,1.);
#1755 = DIRECTION('',(0.,-1.,0.));
#1756 = PCURVE('',#1042,#1757);
#1757 = DEFINITIONAL_REPRESENTATION('',(#1758),#1762);
#1758 = LINE('',#1759,#1760);
#1759 = CARTESIAN_POINT('',(-0.785398163397,0.));
#1760 = VECTOR('',#1761,1.);
#1761 = DIRECTION('',(0.,-1.));
#1762 = ( GEOMETRIC_REPRESENTATION_CONTEXT(2) 
PARAMETRIC_REPRESENTATION_CONTEXT() REPRESENTATION_CONTEXT('2D SPACE',''
  ) );
#1763 = PCURVE('',#1070,#1764);
#1764 = DEFINITIONAL_REPRESENTATION('',(#1765),#1769);
#1765 = LINE('',#1766,#1767);
#1766 = CARTESIAN_POINT('',(51.,0.));
#1767 = VECTOR('',#1768,1.);
#1768 = DIRECTION('',(0.,-1.));
#1769 = ( GEOMETRIC_REPRESENTATION_CONTEXT(2) 
PARAMETRIC_REPRESENTATION_CONTEXT() REPRESENTATION_CONTEXT('2D SPACE',''
  ) );
#1770 = ORIENTED_EDGE('',*,*,#1023,.T.);
#1771 = ORIENTED_EDGE('',*,*,#1772,.T.);
#1772 = EDGE_CURVE('',#1026,#1609,#1773,.T.);
#1773 = SURFACE_CURVE('',#1774,(#1778,#1785),.PCURVE_S1.);
#1774 = LINE('',#1775,#1776);
#1775 = CARTESIAN_POINT('',(9.,0.,0.));
#1776 = VECTOR('',#1777,1.);
#1777 = DIRECTION('',(0.,1.,0.));
#1778 = PCURVE('',#1042,#1779);
#1779 = DEFINITIONAL_REPRESENTATION('',(#1780),#1784);
#1780 = LINE('',#1781,#1782);
#1781 = CARTESIAN_POINT('',(0.785398163397,0.));
#1782 = VECTOR('',#1783,1.);
#1783 = DIRECTION('',(0.,1.));
#1784 = ( GEOMETRIC_REPRESENTATION_CONTEXT(2) 
PARAMETRIC_REPRESENTATION_CONTEXT() REPRESENTATION_CONTEXT('2D SPACE',''
  ) );
#1785 = PCURVE('',#1239,#1786);
#1786 = DEFINITIONAL_REPRESENTATION('',(#1787),#1791);
#1787 = LINE('',#1788,#1789);
#1788 = CARTESIAN_POINT('',(9.,0.));
#1789 = VECTOR('',#1790,1.);
#1790 = DIRECTION('',(0.,1.));
#1791 = ( GEOMETRIC_REPRESENTATION_CONTEXT(2) 
PARAMETRIC_REPRESENTATION_CONTEXT() REPRESENTATION_CONTEXT('2D SPACE',''
  ) );
#1792 = ADVANCED_FACE('',(#1793),#1070,.T.);
#1793 = FACE_BOUND('',#1794,.T.);
#1794 = EDGE_LOOP('',(#1795,#1796,#1797,#1818));
#1795 = ORIENTED_EDGE('',*,*,#1750,.F.);
#1796 = ORIENTED_EDGE('',*,*,#1585,.F.);
#1797 = ORIENTED_EDGE('',*,*,#1798,.F.);
#1798 = EDGE_CURVE('',#1055,#1558,#1799,.T.);
#1799 = SURFACE_CURVE('',#1800,(#1804,#1811),.PCURVE_S1.);
#1800 = LINE('',#1801,#1802);
#1801 = CARTESIAN_POINT('',(0.,0.,-51.));
#1802 = VECTOR('',#1803,1.);
#1803 = DIRECTION('',(0.,1.,0.));
#1804 = PCURVE('',#1070,#1805);
#1805 = DEFINITIONAL_REPRESENTATION('',(#1806),#1810);
#1806 = LINE('',#1807,#1808);
#1807 = CARTESIAN_POINT('',(9.,0.));
#1808 = VECTOR('',#1809,1.);
#1809 = DIRECTION('',(0.,1.));
#1810 = ( GEOMETRIC_REPRESENTATION_CONTEXT(2) 
PARAMETRIC_REPRESENTATION_CONTEXT() REPRESENTATION_CONTEXT('2D SPACE',''
  ) );
#1811 = PCURVE('',#1099,#1812);
#1812 = DEFINITIONAL_REPRESENTATION('',(#1813),#1817);
#1813 = LINE('',#1814,#1815);
#1814 = CARTESIAN_POINT('',(0.785398163397,0.));
#1815 = VECTOR('',#1816,1.);
#1816 = DIRECTION('',(0.,1.));
#1817 = ( GEOMETRIC_REPRESENTATION_CONTEXT(2) 
PARAMETRIC_REPRESENTATION_CONTEXT() REPRESENTATION_CONTEXT('2D SPACE',''
  ) );
#1818 = ORIENTED_EDGE('',*,*,#1054,.T.);
#1819 = ADVANCED_FACE('',(#1820),#1099,.T.);
#1820 = FACE_BOUND('',#1821,.T.);
#1821 = EDGE_LOOP('',(#1822,#1823,#1844,#1845));
#1822 = ORIENTED_EDGE('',*,*,#1557,.T.);
#1823 = ORIENTED_EDGE('',*,*,#1824,.T.);
#1824 = EDGE_CURVE('',#1535,#1083,#1825,.T.);
#1825 = SURFACE_CURVE('',#1826,(#1830,#1837),.PCURVE_S1.);
#1826 = LINE('',#1827,#1828);
#1827 = CARTESIAN_POINT('',(9.,0.,-60.));
#1828 = VECTOR('',#1829,1.);
#1829 = DIRECTION('',(0.,-1.,0.));
#1830 = PCURVE('',#1099,#1831);
#1831 = DEFINITIONAL_REPRESENTATION('',(#1832),#1836);
#1832 = LINE('',#1833,#1834);
#1833 = CARTESIAN_POINT('',(-0.785398163397,0.));
#1834 = VECTOR('',#1835,1.);
#1835 = DIRECTION('',(0.,-1.));
#1836 = ( GEOMETRIC_REPRESENTATION_CONTEXT(2) 
PARAMETRIC_REPRESENTATION_CONTEXT() REPRESENTATION_CONTEXT('2D SPACE',''
  ) );
#1837 = PCURVE('',#1127,#1838);
#1838 = DEFINITIONAL_REPRESENTATION('',(#1839),#1843);
#1839 = LINE('',#1840,#1841);
#1840 = CARTESIAN_POINT('',(159.,0.));
#1841 = VECTOR('',#1842,1.);
#1842 = DIRECTION('',(0.,-1.));
#1843 = ( GEOMETRIC_REPRESENTATION_CONTEXT(2) 
PARAMETRIC_REPRESENTATION_CONTEXT() REPRESENTATION_CONTEXT('2D SPACE',''
  ) );
#1844 = ORIENTED_EDGE('',*,*,#1082,.T.);
#1845 = ORIENTED_EDGE('',*,*,#1798,.T.);
#1846 = ADVANCED_FACE('',(#1847),#1127,.T.);
#1847 = FACE_BOUND('',#1848,.T.);
#1848 = EDGE_LOOP('',(#1849,#1850,#1851,#1872));
#1849 = ORIENTED_EDGE('',*,*,#1824,.F.);
#1850 = ORIENTED_EDGE('',*,*,#1534,.F.);
#1851 = ORIENTED_EDGE('',*,*,#1852,.F.);
#1852 = EDGE_CURVE('',#1112,#1507,#1853,.T.);
#1853 = SURFACE_CURVE('',#1854,(#1858,#1865),.PCURVE_S1.);
#1854 = LINE('',#1855,#1856);
#1855 = CARTESIAN_POINT('',(159.,0.,-60.));
#1856 = VECTOR('',#1857,1.);
#1857 = DIRECTION('',(0.,1.,0.));
#1858 = PCURVE('',#1127,#1859);
#1859 = DEFINITIONAL_REPRESENTATION('',(#1860),#1864);
#1860 = LINE('',#1861,#1862);
#1861 = CARTESIAN_POINT('',(9.,0.));
#1862 = VECTOR('',#1863,1.);
#1863 = DIRECTION('',(0.,1.));
#1864 = ( GEOMETRIC_REPRESENTATION_CONTEXT(2) 
PARAMETRIC_REPRESENTATION_CONTEXT() REPRESENTATION_CONTEXT('2D SPACE',''
  ) );
#1865 = PCURVE('',#1156,#1866);
#1866 = DEFINITIONAL_REPRESENTATION('',(#1867),#1871);
#1867 = LINE('',#1868,#1869);
#1868 = CARTESIAN_POINT('',(0.785398163397,0.));
#1869 = VECTOR('',#1870,1.);
#1870 = DIRECTION('',(0.,1.));
#1871 = ( GEOMETRIC_REPRESENTATION_CONTEXT(2) 
PARAMETRIC_REPRESENTATION_CONTEXT() REPRESENTATION_CONTEXT('2D SPACE',''
  ) );
#1872 = ORIENTED_EDGE('',*,*,#1111,.T.);
#1873 = ADVANCED_FACE('',(#1874),#1156,.T.);
#1874 = FACE_BOUND('',#1875,.T.);
#1875 = EDGE_LOOP('',(#1876,#1877,#1898,#1899));
#1876 = ORIENTED_EDGE('',*,*,#1506,.T.);
#1877 = ORIENTED_EDGE('',*,*,#1878,.T.);
#1878 = EDGE_CURVE('',#1484,#1140,#1879,.T.);
#1879 = SURFACE_CURVE('',#1880,(#1884,#1891),.PCURVE_S1.);
#1880 = LINE('',#1881,#1882);
#1881 = CARTESIAN_POINT('',(168.,0.,-51.));
#1882 = VECTOR('',#1883,1.);
#1883 = DIRECTION('',(0.,-1.,0.));
#1884 = PCURVE('',#1156,#1885);
#1885 = DEFINITIONAL_REPRESENTATION('',(#1886),#1890);
#1886 = LINE('',#1887,#1888);
#1887 = CARTESIAN_POINT('',(-0.785398163397,0.));
#1888 = VECTOR('',#1889,1.);
#1889 = DIRECTION('',(0.,-1.));
#1890 = ( GEOMETRIC_REPRESENTATION_CONTEXT(2) 
PARAMETRIC_REPRESENTATION_CONTEXT() REPRESENTATION_CONTEXT('2D SPACE',''
  ) );
#1891 = PCURVE('',#1184,#1892);
#1892 = DEFINITIONAL_REPRESENTATION('',(#1893),#1897);
#1893 = LINE('',#1894,#1895);
#1894 = CARTESIAN_POINT('',(51.,0.));
#1895 = VECTOR('',#1896,1.);
#1896 = DIRECTION('',(0.,-1.));
#1897 = ( GEOMETRIC_REPRESENTATION_CONTEXT(2) 
PARAMETRIC_REPRESENTATION_CONTEXT() REPRESENTATION_CONTEXT('2D SPACE',''
  ) );
#1898 = ORIENTED_EDGE('',*,*,#1139,.T.);
#1899 = ORIENTED_EDGE('',*,*,#1852,.T.);
#1900 = ADVANCED_FACE('',(#1901),#1184,.T.);
#1901 = FACE_BOUND('',#1902,.T.);
#1902 = EDGE_LOOP('',(#1903,#1904,#1905,#1926));
#1903 = ORIENTED_EDGE('',*,*,#1878,.F.);
#1904 = ORIENTED_EDGE('',*,*,#1483,.F.);
#1905 = ORIENTED_EDGE('',*,*,#1906,.F.);
#1906 = EDGE_CURVE('',#1169,#1456,#1907,.T.);
#1907 = SURFACE_CURVE('',#1908,(#1912,#1919),.PCURVE_S1.);
#1908 = LINE('',#1909,#1910);
#1909 = CARTESIAN_POINT('',(168.,0.,-9.));
#1910 = VECTOR('',#1911,1.);
#1911 = DIRECTION('',(0.,1.,0.));
#1912 = PCURVE('',#1184,#1913);
#1913 = DEFINITIONAL_REPRESENTATION('',(#1914),#1918);
#1914 = LINE('',#1915,#1916);
#1915 = CARTESIAN_POINT('',(9.,0.));
#1916 = VECTOR('',#1917,1.);
#1917 = DIRECTION('',(0.,1.));
#1918 = ( GEOMETRIC_REPRESENTATION_CONTEXT(2) 
PARAMETRIC_REPRESENTATION_CONTEXT() REPRESENTATION_CONTEXT('2D SPACE',''
  ) );
#1919 = PCURVE('',#1213,#1920);
#1920 = DEFINITIONAL_REPRESENTATION('',(#1921),#1925);
#1921 = LINE('',#1922,#1923);
#1922 = CARTESIAN_POINT('',(7.068583470577,0.));
#1923 = VECTOR('',#1924,1.);
#1924 = DIRECTION('',(0.,1.));
#1925 = ( GEOMETRIC_REPRESENTATION_CONTEXT(2) 
PARAMETRIC_REPRESENTATION_CONTEXT() REPRESENTATION_CONTEXT('2D SPACE',''
  ) );
#1926 = ORIENTED_EDGE('',*,*,#1168,.T.);
#1927 = ADVANCED_FACE('',(#1928),#1213,.T.);
#1928 = FACE_BOUND('',#1929,.T.);
#1929 = EDGE_LOOP('',(#1930,#1931,#1952,#1953));
#1930 = ORIENTED_EDGE('',*,*,#1455,.T.);
#1931 = ORIENTED_EDGE('',*,*,#1932,.T.);
#1932 = EDGE_CURVE('',#1433,#1197,#1933,.T.);
#1933 = SURFACE_CURVE('',#1934,(#1938,#1945),.PCURVE_S1.);
#1934 = LINE('',#1935,#1936);
#1935 = CARTESIAN_POINT('',(159.,0.,0.));
#1936 = VECTOR('',#1937,1.);
#1937 = DIRECTION('',(0.,-1.,0.));
#1938 = PCURVE('',#1213,#1939);
#1939 = DEFINITIONAL_REPRESENTATION('',(#1940),#1944);
#1940 = LINE('',#1941,#1942);
#1941 = CARTESIAN_POINT('',(5.497787143782,0.));
#1942 = VECTOR('',#1943,1.);
#1943 = DIRECTION('',(0.,-1.));
#1944 = ( GEOMETRIC_REPRESENTATION_CONTEXT(2) 
PARAMETRIC_REPRESENTATION_CONTEXT() REPRESENTATION_CONTEXT('2D SPACE',''
  ) );
#1945 = PCURVE('',#1239,#1946);
#1946 = DEFINITIONAL_REPRESENTATION('',(#1947),#1951);
#1947 = LINE('',#1948,#1949);
#1948 = CARTESIAN_POINT('',(159.,0.));
#1949 = VECTOR('',#1950,1.);
#1950 = DIRECTION('',(0.,-1.));
#1951 = ( GEOMETRIC_REPRESENTATION_CONTEXT(2) 
PARAMETRIC_REPRESENTATION_CONTEXT() REPRESENTATION_CONTEXT('2D SPACE',''
  ) );
#1952 = ORIENTED_EDGE('',*,*,#1196,.T.);
#1953 = ORIENTED_EDGE('',*,*,#1906,.T.);
#1954 = ADVANCED_FACE('',(#1955),#1239,.T.);
#1955 = FACE_BOUND('',#1956,.T.);
#1956 = EDGE_LOOP('',(#1957,#1987,#2015,#2044,#2072,#2105,#2138,#2166,
    #2199,#2227,#2255,#2284,#2312,#2341,#2369,#2397,#2425,#2447,#2448,
    #2449,#2450,#2451,#2452,#2476,#2504,#2533,#2566));
#1957 = ORIENTED_EDGE('',*,*,#1958,.F.);
#1958 = EDGE_CURVE('',#1959,#1961,#1963,.T.);
#1959 = VERTEX_POINT('',#1960);
#1960 = CARTESIAN_POINT('',(37.5,156.,0.));
#1961 = VERTEX_POINT('',#1962);
#1962 = CARTESIAN_POINT('',(97.5,156.,0.));
#1963 = SURFACE_CURVE('',#1964,(#1968,#1975),.PCURVE_S1.);
#1964 = LINE('',#1965,#1966);
#1965 = CARTESIAN_POINT('',(33.75,156.,0.));
#1966 = VECTOR('',#1967,1.);
#1967 = DIRECTION('',(1.,0.,0.));
#1968 = PCURVE('',#1239,#1969);
#1969 = DEFINITIONAL_REPRESENTATION('',(#1970),#1974);
#1970 = LINE('',#1971,#1972);
#1971 = CARTESIAN_POINT('',(33.75,156.));
#1972 = VECTOR('',#1973,1.);
#1973 = DIRECTION('',(1.,0.));
#1974 = ( GEOMETRIC_REPRESENTATION_CONTEXT(2) 
PARAMETRIC_REPRESENTATION_CONTEXT() REPRESENTATION_CONTEXT('2D SPACE',''
  ) );
#1975 = PCURVE('',#1976,#1981);
#1976 = CYLINDRICAL_SURFACE('',#1977,6.);
#1977 = AXIS2_PLACEMENT_3D('',#1978,#1979,#1980);
#1978 = CARTESIAN_POINT('',(33.75,156.,-6.));
#1979 = DIRECTION('',(1.,0.,0.));
#1980 = DIRECTION('',(-0.,0.707106781187,0.707106781187));
#1981 = DEFINITIONAL_REPRESENTATION('',(#1982),#1986);
#1982 = LINE('',#1983,#1984);
#1983 = CARTESIAN_POINT('',(7.068583470577,0.));
#1984 = VECTOR('',#1985,1.);
#1985 = DIRECTION('',(0.,1.));
#1986 = ( GEOMETRIC_REPRESENTATION_CONTEXT(2) 
PARAMETRIC_REPRESENTATION_CONTEXT() REPRESENTATION_CONTEXT('2D SPACE',''
  ) );
#1987 = ORIENTED_EDGE('',*,*,#1988,.F.);
#1988 = EDGE_CURVE('',#1989,#1959,#1991,.T.);
#1989 = VERTEX_POINT('',#1990);
#1990 = CARTESIAN_POINT('',(37.49999833703,92.996133808522,0.));
#1991 = SURFACE_CURVE('',#1992,(#1996,#2003),.PCURVE_S1.);
#1992 = LINE('',#1993,#1994);
#1993 = CARTESIAN_POINT('',(37.5,15.,0.));
#1994 = VECTOR('',#1995,1.);
#1995 = DIRECTION('',(0.,1.,0.));
#1996 = PCURVE('',#1239,#1997);
#1997 = DEFINITIONAL_REPRESENTATION('',(#1998),#2002);
#1998 = LINE('',#1999,#2000);
#1999 = CARTESIAN_POINT('',(37.5,15.));
#2000 = VECTOR('',#2001,1.);
#2001 = DIRECTION('',(0.,1.));
#2002 = ( GEOMETRIC_REPRESENTATION_CONTEXT(2) 
PARAMETRIC_REPRESENTATION_CONTEXT() REPRESENTATION_CONTEXT('2D SPACE',''
  ) );
#2003 = PCURVE('',#2004,#2009);
#2004 = PLANE('',#2005);
#2005 = AXIS2_PLACEMENT_3D('',#2006,#2007,#2008);
#2006 = CARTESIAN_POINT('',(37.5,15.,-42.));
#2007 = DIRECTION('',(-1.,0.,-1.057355261548E-16));
#2008 = DIRECTION('',(-1.057355261548E-16,0.,1.));
#2009 = DEFINITIONAL_REPRESENTATION('',(#2010),#2014);
#2010 = LINE('',#2011,#2012);
#2011 = CARTESIAN_POINT('',(42.,0.));
#2012 = VECTOR('',#2013,1.);
#2013 = DIRECTION('',(0.,1.));
#2014 = ( GEOMETRIC_REPRESENTATION_CONTEXT(2) 
PARAMETRIC_REPRESENTATION_CONTEXT() REPRESENTATION_CONTEXT('2D SPACE',''
  ) );
#2015 = ORIENTED_EDGE('',*,*,#2016,.T.);
#2016 = EDGE_CURVE('',#1989,#2017,#2019,.T.);
#2017 = VERTEX_POINT('',#2018);
#2018 = CARTESIAN_POINT('',(46.5,84.,0.));
#2019 = SURFACE_CURVE('',#2020,(#2025,#2032),.PCURVE_S1.);
#2020 = CIRCLE('',#2021,9.000002494454);
#2021 = AXIS2_PLACEMENT_3D('',#2022,#2023,#2024);
#2022 = CARTESIAN_POINT('',(46.5,93.000002494454,0.));
#2023 = DIRECTION('',(0.,0.,1.));
#2024 = DIRECTION('',(-0.999999722838,7.445287257619E-04,0.));
#2025 = PCURVE('',#1239,#2026);
#2026 = DEFINITIONAL_REPRESENTATION('',(#2027),#2031);
#2027 = CIRCLE('',#2028,9.000002494454);
#2028 = AXIS2_PLACEMENT_2D('',#2029,#2030);
#2029 = CARTESIAN_POINT('',(46.5,93.000002494454));
#2030 = DIRECTION('',(-0.999999722838,7.445287257619E-04));
#2031 = ( GEOMETRIC_REPRESENTATION_CONTEXT(2) 
PARAMETRIC_REPRESENTATION_CONTEXT() REPRESENTATION_CONTEXT('2D SPACE',''
  ) );
#2032 = PCURVE('',#2033,#2038);
#2033 = CYLINDRICAL_SURFACE('',#2034,9.000002494454);
#2034 = AXIS2_PLACEMENT_3D('',#2035,#2036,#2037);
#2035 = CARTESIAN_POINT('',(46.5,93.000002494454,0.));
#2036 = DIRECTION('',(0.,0.,-1.));
#2037 = DIRECTION('',(-0.999999722838,7.445287257619E-04,0.));
#2038 = DEFINITIONAL_REPRESENTATION('',(#2039),#2043);
#2039 = LINE('',#2040,#2041);
#2040 = CARTESIAN_POINT('',(6.28318530718,0.));
#2041 = VECTOR('',#2042,1.);
#2042 = DIRECTION('',(-1.,0.));
#2043 = ( GEOMETRIC_REPRESENTATION_CONTEXT(2) 
PARAMETRIC_REPRESENTATION_CONTEXT() REPRESENTATION_CONTEXT('2D SPACE',''
  ) );
#2044 = ORIENTED_EDGE('',*,*,#2045,.F.);
#2045 = EDGE_CURVE('',#2046,#2017,#2048,.T.);
#2046 = VERTEX_POINT('',#2047);
#2047 = CARTESIAN_POINT('',(63.940568435429,84.,0.));
#2048 = SURFACE_CURVE('',#2049,(#2053,#2060),.PCURVE_S1.);
#2049 = LINE('',#2050,#2051);
#2050 = CARTESIAN_POINT('',(69.,84.,0.));
#2051 = VECTOR('',#2052,1.);
#2052 = DIRECTION('',(-1.,0.,0.));
#2053 = PCURVE('',#1239,#2054);
#2054 = DEFINITIONAL_REPRESENTATION('',(#2055),#2059);
#2055 = LINE('',#2056,#2057);
#2056 = CARTESIAN_POINT('',(69.,84.));
#2057 = VECTOR('',#2058,1.);
#2058 = DIRECTION('',(-1.,0.));
#2059 = ( GEOMETRIC_REPRESENTATION_CONTEXT(2) 
PARAMETRIC_REPRESENTATION_CONTEXT() REPRESENTATION_CONTEXT('2D SPACE',''
  ) );
#2060 = PCURVE('',#2061,#2066);
#2061 = PLANE('',#2062);
#2062 = AXIS2_PLACEMENT_3D('',#2063,#2064,#2065);
#2063 = CARTESIAN_POINT('',(46.5,84.,0.));
#2064 = DIRECTION('',(0.,1.,0.));
#2065 = DIRECTION('',(1.,0.,0.));
#2066 = DEFINITIONAL_REPRESENTATION('',(#2067),#2071);
#2067 = LINE('',#2068,#2069);
#2068 = CARTESIAN_POINT('',(22.5,0.));
#2069 = VECTOR('',#2070,1.);
#2070 = DIRECTION('',(-1.,0.));
#2071 = ( GEOMETRIC_REPRESENTATION_CONTEXT(2) 
PARAMETRIC_REPRESENTATION_CONTEXT() REPRESENTATION_CONTEXT('2D SPACE',''
  ) );
#2072 = ORIENTED_EDGE('',*,*,#2073,.T.);
#2073 = EDGE_CURVE('',#2046,#2074,#2076,.T.);
#2074 = VERTEX_POINT('',#2075);
#2075 = CARTESIAN_POINT('',(105.12389522803,74.355108910359,0.));
#2076 = SURFACE_CURVE('',#2077,(#2082,#2093),.PCURVE_S1.);
#2077 = CIRCLE('',#2078,22.95);
#2078 = AXIS2_PLACEMENT_3D('',#2079,#2080,#2081);
#2079 = CARTESIAN_POINT('',(82.5,70.5,0.));
#2080 = DIRECTION('',(0.,0.,-1.));
#2081 = DIRECTION('',(1.,0.,0.));
#2082 = PCURVE('',#1239,#2083);
#2083 = DEFINITIONAL_REPRESENTATION('',(#2084),#2092);
#2084 = ( BOUNDED_CURVE() B_SPLINE_CURVE(2,(#2085,#2086,#2087,#2088,
#2089,#2090,#2091),.UNSPECIFIED.,.T.,.F.) B_SPLINE_CURVE_WITH_KNOTS((1,2
    ,2,2,2,1),(-2.094395102393,0.,2.094395102393,4.188790204786,
6.28318530718,8.377580409573),.UNSPECIFIED.) CURVE() 
GEOMETRIC_REPRESENTATION_ITEM() RATIONAL_B_SPLINE_CURVE((1.,0.5,1.,0.5,
1.,0.5,1.)) REPRESENTATION_ITEM('') );
#2085 = CARTESIAN_POINT('',(105.45,70.5));
#2086 = CARTESIAN_POINT('',(105.45,30.749433966294));
#2087 = CARTESIAN_POINT('',(71.025,50.624716983147));
#2088 = CARTESIAN_POINT('',(36.6,70.5));
#2089 = CARTESIAN_POINT('',(71.025,90.375283016853));
#2090 = CARTESIAN_POINT('',(105.45,110.2505660337));
#2091 = CARTESIAN_POINT('',(105.45,70.5));
#2092 = ( GEOMETRIC_REPRESENTATION_CONTEXT(2) 
PARAMETRIC_REPRESENTATION_CONTEXT() REPRESENTATION_CONTEXT('2D SPACE',''
  ) );
#2093 = PCURVE('',#2094,#2099);
#2094 = CYLINDRICAL_SURFACE('',#2095,22.95);
#2095 = AXIS2_PLACEMENT_3D('',#2096,#2097,#2098);
#2096 = CARTESIAN_POINT('',(82.5,70.5,-67.5));
#2097 = DIRECTION('',(-0.,-0.,-1.));
#2098 = DIRECTION('',(1.,0.,0.));
#2099 = DEFINITIONAL_REPRESENTATION('',(#2100),#2104);
#2100 = LINE('',#2101,#2102);
#2101 = CARTESIAN_POINT('',(-4.138911435803E-13,-67.5));
#2102 = VECTOR('',#2103,1.);
#2103 = DIRECTION('',(1.,-0.));
#2104 = ( GEOMETRIC_REPRESENTATION_CONTEXT(2) 
PARAMETRIC_REPRESENTATION_CONTEXT() REPRESENTATION_CONTEXT('2D SPACE',''
  ) );
#2105 = ORIENTED_EDGE('',*,*,#2106,.T.);
#2106 = EDGE_CURVE('',#2074,#2107,#2109,.T.);
#2107 = VERTEX_POINT('',#2108);
#2108 = CARTESIAN_POINT('',(122.,70.,0.));
#2109 = SURFACE_CURVE('',#2110,(#2115,#2126),.PCURVE_S1.);
#2110 = CIRCLE('',#2111,9.);
#2111 = AXIS2_PLACEMENT_3D('',#2112,#2113,#2114);
#2112 = CARTESIAN_POINT('',(113.,70.,0.));
#2113 = DIRECTION('',(0.,0.,-1.));
#2114 = DIRECTION('',(1.,0.,0.));
#2115 = PCURVE('',#1239,#2116);
#2116 = DEFINITIONAL_REPRESENTATION('',(#2117),#2125);
#2117 = ( BOUNDED_CURVE() B_SPLINE_CURVE(2,(#2118,#2119,#2120,#2121,
#2122,#2123,#2124),.UNSPECIFIED.,.T.,.F.) B_SPLINE_CURVE_WITH_KNOTS((1,2
    ,2,2,2,1),(-2.094395102393,0.,2.094395102393,4.188790204786,
6.28318530718,8.377580409573),.UNSPECIFIED.) CURVE() 
GEOMETRIC_REPRESENTATION_ITEM() RATIONAL_B_SPLINE_CURVE((1.,0.5,1.,0.5,
1.,0.5,1.)) REPRESENTATION_ITEM('') );
#2118 = CARTESIAN_POINT('',(122.,70.));
#2119 = CARTESIAN_POINT('',(122.,54.41154273188));
#2120 = CARTESIAN_POINT('',(108.5,62.20577136594));
#2121 = CARTESIAN_POINT('',(95.,70.));
#2122 = CARTESIAN_POINT('',(108.5,77.79422863406));
#2123 = CARTESIAN_POINT('',(122.,85.58845726812));
#2124 = CARTESIAN_POINT('',(122.,70.));
#2125 = ( GEOMETRIC_REPRESENTATION_CONTEXT(2) 
PARAMETRIC_REPRESENTATION_CONTEXT() REPRESENTATION_CONTEXT('2D SPACE',''
  ) );
#2126 = PCURVE('',#2127,#2132);
#2127 = CYLINDRICAL_SURFACE('',#2128,9.);
#2128 = AXIS2_PLACEMENT_3D('',#2129,#2130,#2131);
#2129 = CARTESIAN_POINT('',(113.,70.,0.));
#2130 = DIRECTION('',(0.,0.,-1.));
#2131 = DIRECTION('',(1.,0.,0.));
#2132 = DEFINITIONAL_REPRESENTATION('',(#2133),#2137);
#2133 = LINE('',#2134,#2135);
#2134 = CARTESIAN_POINT('',(0.,0.));
#2135 = VECTOR('',#2136,1.);
#2136 = DIRECTION('',(1.,0.));
#2137 = ( GEOMETRIC_REPRESENTATION_CONTEXT(2) 
PARAMETRIC_REPRESENTATION_CONTEXT() REPRESENTATION_CONTEXT('2D SPACE',''
  ) );
#2138 = ORIENTED_EDGE('',*,*,#2139,.T.);
#2139 = EDGE_CURVE('',#2107,#2140,#2142,.T.);
#2140 = VERTEX_POINT('',#2141);
#2141 = CARTESIAN_POINT('',(121.99999989546,40.001371714289,0.));
#2142 = SURFACE_CURVE('',#2143,(#2147,#2154),.PCURVE_S1.);
#2143 = LINE('',#2144,#2145);
#2144 = CARTESIAN_POINT('',(121.99999987803,34.999999787439,0.));
#2145 = VECTOR('',#2146,1.);
#2146 = DIRECTION('',(-3.484604062122E-09,-1.,0.));
#2147 = PCURVE('',#1239,#2148);
#2148 = DEFINITIONAL_REPRESENTATION('',(#2149),#2153);
#2149 = LINE('',#2150,#2151);
#2150 = CARTESIAN_POINT('',(121.99999987803,34.999999787439));
#2151 = VECTOR('',#2152,1.);
#2152 = DIRECTION('',(-3.484604062122E-09,-1.));
#2153 = ( GEOMETRIC_REPRESENTATION_CONTEXT(2) 
PARAMETRIC_REPRESENTATION_CONTEXT() REPRESENTATION_CONTEXT('2D SPACE',''
  ) );
#2154 = PCURVE('',#2155,#2160);
#2155 = PLANE('',#2156);
#2156 = AXIS2_PLACEMENT_3D('',#2157,#2158,#2159);
#2157 = CARTESIAN_POINT('',(122.,70.,0.));
#2158 = DIRECTION('',(1.,-3.484604062122E-09,0.));
#2159 = DIRECTION('',(-3.484604062122E-09,-1.,0.));
#2160 = DEFINITIONAL_REPRESENTATION('',(#2161),#2165);
#2161 = LINE('',#2162,#2163);
#2162 = CARTESIAN_POINT('',(35.000000212561,0.));
#2163 = VECTOR('',#2164,1.);
#2164 = DIRECTION('',(1.,0.));
#2165 = ( GEOMETRIC_REPRESENTATION_CONTEXT(2) 
PARAMETRIC_REPRESENTATION_CONTEXT() REPRESENTATION_CONTEXT('2D SPACE',''
  ) );
#2166 = ORIENTED_EDGE('',*,*,#2167,.T.);
#2167 = EDGE_CURVE('',#2140,#2168,#2170,.T.);
#2168 = VERTEX_POINT('',#2169);
#2169 = CARTESIAN_POINT('',(104.,40.,0.));
#2170 = SURFACE_CURVE('',#2171,(#2176,#2187),.PCURVE_S1.);
#2171 = CIRCLE('',#2172,9.);
#2172 = AXIS2_PLACEMENT_3D('',#2173,#2174,#2175);
#2173 = CARTESIAN_POINT('',(113.,40.,0.));
#2174 = DIRECTION('',(0.,0.,-1.));
#2175 = DIRECTION('',(-1.,6.414621920056E-15,0.));
#2176 = PCURVE('',#1239,#2177);
#2177 = DEFINITIONAL_REPRESENTATION('',(#2178),#2186);
#2178 = ( BOUNDED_CURVE() B_SPLINE_CURVE(2,(#2179,#2180,#2181,#2182,
#2183,#2184,#2185),.UNSPECIFIED.,.T.,.F.) B_SPLINE_CURVE_WITH_KNOTS((1,2
    ,2,2,2,1),(-2.094395102393,0.,2.094395102393,4.188790204786,
6.28318530718,8.377580409573),.UNSPECIFIED.) CURVE() 
GEOMETRIC_REPRESENTATION_ITEM() RATIONAL_B_SPLINE_CURVE((1.,0.5,1.,0.5,
1.,0.5,1.)) REPRESENTATION_ITEM('') );
#2179 = CARTESIAN_POINT('',(104.,40.));
#2180 = CARTESIAN_POINT('',(104.,55.58845726812));
#2181 = CARTESIAN_POINT('',(117.5,47.79422863406));
#2182 = CARTESIAN_POINT('',(131.,40.));
#2183 = CARTESIAN_POINT('',(117.5,32.20577136594));
#2184 = CARTESIAN_POINT('',(104.,24.41154273188));
#2185 = CARTESIAN_POINT('',(104.,40.));
#2186 = ( GEOMETRIC_REPRESENTATION_CONTEXT(2) 
PARAMETRIC_REPRESENTATION_CONTEXT() REPRESENTATION_CONTEXT('2D SPACE',''
  ) );
#2187 = PCURVE('',#2188,#2193);
#2188 = CYLINDRICAL_SURFACE('',#2189,9.);
#2189 = AXIS2_PLACEMENT_3D('',#2190,#2191,#2192);
#2190 = CARTESIAN_POINT('',(113.,40.,0.));
#2191 = DIRECTION('',(0.,0.,-1.));
#2192 = DIRECTION('',(7.620634960757E-05,-0.999999997096,0.));
#2193 = DEFINITIONAL_REPRESENTATION('',(#2194),#2198);
#2194 = LINE('',#2195,#2196);
#2195 = CARTESIAN_POINT('',(-4.712312774035,0.));
#2196 = VECTOR('',#2197,1.);
#2197 = DIRECTION('',(1.,0.));
#2198 = ( GEOMETRIC_REPRESENTATION_CONTEXT(2) 
PARAMETRIC_REPRESENTATION_CONTEXT() REPRESENTATION_CONTEXT('2D SPACE',''
  ) );
#2199 = ORIENTED_EDGE('',*,*,#2200,.T.);
#2200 = EDGE_CURVE('',#2168,#2201,#2203,.T.);
#2201 = VERTEX_POINT('',#2202);
#2202 = CARTESIAN_POINT('',(104.,62.471768563376,0.));
#2203 = SURFACE_CURVE('',#2204,(#2208,#2215),.PCURVE_S1.);
#2204 = LINE('',#2205,#2206);
#2205 = CARTESIAN_POINT('',(104.,20.,0.));
#2206 = VECTOR('',#2207,1.);
#2207 = DIRECTION('',(0.,1.,0.));
#2208 = PCURVE('',#1239,#2209);
#2209 = DEFINITIONAL_REPRESENTATION('',(#2210),#2214);
#2210 = LINE('',#2211,#2212);
#2211 = CARTESIAN_POINT('',(104.,20.));
#2212 = VECTOR('',#2213,1.);
#2213 = DIRECTION('',(0.,1.));
#2214 = ( GEOMETRIC_REPRESENTATION_CONTEXT(2) 
PARAMETRIC_REPRESENTATION_CONTEXT() REPRESENTATION_CONTEXT('2D SPACE',''
  ) );
#2215 = PCURVE('',#2216,#2221);
#2216 = PLANE('',#2217);
#2217 = AXIS2_PLACEMENT_3D('',#2218,#2219,#2220);
#2218 = CARTESIAN_POINT('',(104.,40.,0.));
#2219 = DIRECTION('',(-1.,0.,0.));
#2220 = DIRECTION('',(0.,1.,0.));
#2221 = DEFINITIONAL_REPRESENTATION('',(#2222),#2226);
#2222 = LINE('',#2223,#2224);
#2223 = CARTESIAN_POINT('',(-20.,0.));
#2224 = VECTOR('',#2225,1.);
#2225 = DIRECTION('',(1.,0.));
#2226 = ( GEOMETRIC_REPRESENTATION_CONTEXT(2) 
PARAMETRIC_REPRESENTATION_CONTEXT() REPRESENTATION_CONTEXT('2D SPACE',''
  ) );
#2227 = ORIENTED_EDGE('',*,*,#2228,.T.);
#2228 = EDGE_CURVE('',#2201,#2229,#2231,.T.);
#2229 = VERTEX_POINT('',#2230);
#2230 = CARTESIAN_POINT('',(94.801873783906,51.125625135122,0.));
#2231 = SURFACE_CURVE('',#2232,(#2237,#2248),.PCURVE_S1.);
#2232 = CIRCLE('',#2233,22.95);
#2233 = AXIS2_PLACEMENT_3D('',#2234,#2235,#2236);
#2234 = CARTESIAN_POINT('',(82.5,70.5,0.));
#2235 = DIRECTION('',(0.,0.,-1.));
#2236 = DIRECTION('',(1.,0.,0.));
#2237 = PCURVE('',#1239,#2238);
#2238 = DEFINITIONAL_REPRESENTATION('',(#2239),#2247);
#2239 = ( BOUNDED_CURVE() B_SPLINE_CURVE(2,(#2240,#2241,#2242,#2243,
#2244,#2245,#2246),.UNSPECIFIED.,.T.,.F.) B_SPLINE_CURVE_WITH_KNOTS((1,2
    ,2,2,2,1),(-2.094395102393,0.,2.094395102393,4.188790204786,
6.28318530718,8.377580409573),.UNSPECIFIED.) CURVE() 
GEOMETRIC_REPRESENTATION_ITEM() RATIONAL_B_SPLINE_CURVE((1.,0.5,1.,0.5,
1.,0.5,1.)) REPRESENTATION_ITEM('') );
#2240 = CARTESIAN_POINT('',(105.45,70.5));
#2241 = CARTESIAN_POINT('',(105.45,30.749433966294));
#2242 = CARTESIAN_POINT('',(71.025,50.624716983147));
#2243 = CARTESIAN_POINT('',(36.6,70.5));
#2244 = CARTESIAN_POINT('',(71.025,90.375283016853));
#2245 = CARTESIAN_POINT('',(105.45,110.2505660337));
#2246 = CARTESIAN_POINT('',(105.45,70.5));
#2247 = ( GEOMETRIC_REPRESENTATION_CONTEXT(2) 
PARAMETRIC_REPRESENTATION_CONTEXT() REPRESENTATION_CONTEXT('2D SPACE',''
  ) );
#2248 = PCURVE('',#2094,#2249);
#2249 = DEFINITIONAL_REPRESENTATION('',(#2250),#2254);
#2250 = LINE('',#2251,#2252);
#2251 = CARTESIAN_POINT('',(-4.138911435803E-13,-67.5));
#2252 = VECTOR('',#2253,1.);
#2253 = DIRECTION('',(1.,-0.));
#2254 = ( GEOMETRIC_REPRESENTATION_CONTEXT(2) 
PARAMETRIC_REPRESENTATION_CONTEXT() REPRESENTATION_CONTEXT('2D SPACE',''
  ) );
#2255 = ORIENTED_EDGE('',*,*,#2256,.F.);
#2256 = EDGE_CURVE('',#2257,#2229,#2259,.T.);
#2257 = VERTEX_POINT('',#2258);
#2258 = CARTESIAN_POINT('',(90.239625250156,45.183514683431,0.));
#2259 = SURFACE_CURVE('',#2260,(#2265,#2272),.PCURVE_S1.);
#2260 = CIRCLE('',#2261,15.);
#2261 = AXIS2_PLACEMENT_3D('',#2262,#2263,#2264);
#2262 = CARTESIAN_POINT('',(81.,57.,0.));
#2263 = DIRECTION('',(0.,0.,1.));
#2264 = DIRECTION('',(0.615975016677,-0.787765687771,0.));
#2265 = PCURVE('',#1239,#2266);
#2266 = DEFINITIONAL_REPRESENTATION('',(#2267),#2271);
#2267 = CIRCLE('',#2268,15.);
#2268 = AXIS2_PLACEMENT_2D('',#2269,#2270);
#2269 = CARTESIAN_POINT('',(81.,57.));
#2270 = DIRECTION('',(0.615975016677,-0.787765687771));
#2271 = ( GEOMETRIC_REPRESENTATION_CONTEXT(2) 
PARAMETRIC_REPRESENTATION_CONTEXT() REPRESENTATION_CONTEXT('2D SPACE',''
  ) );
#2272 = PCURVE('',#2273,#2278);
#2273 = CYLINDRICAL_SURFACE('',#2274,15.);
#2274 = AXIS2_PLACEMENT_3D('',#2275,#2276,#2277);
#2275 = CARTESIAN_POINT('',(81.,57.,0.));
#2276 = DIRECTION('',(0.,0.,-1.));
#2277 = DIRECTION('',(0.615975016677,-0.787765687771,0.));
#2278 = DEFINITIONAL_REPRESENTATION('',(#2279),#2283);
#2279 = LINE('',#2280,#2281);
#2280 = CARTESIAN_POINT('',(6.28318530718,0.));
#2281 = VECTOR('',#2282,1.);
#2282 = DIRECTION('',(-1.,0.));
#2283 = ( GEOMETRIC_REPRESENTATION_CONTEXT(2) 
PARAMETRIC_REPRESENTATION_CONTEXT() REPRESENTATION_CONTEXT('2D SPACE',''
  ) );
#2284 = ORIENTED_EDGE('',*,*,#2285,.T.);
#2285 = EDGE_CURVE('',#2257,#2286,#2288,.T.);
#2286 = VERTEX_POINT('',#2287);
#2287 = CARTESIAN_POINT('',(74.546394116851,32.912157429756,0.));
#2288 = SURFACE_CURVE('',#2289,(#2293,#2300),.PCURVE_S1.);
#2289 = LINE('',#2290,#2291);
#2290 = CARTESIAN_POINT('',(90.239999973188,45.183807698946,0.));
#2291 = VECTOR('',#2292,1.);
#2292 = DIRECTION('',(-0.787755920666,-0.615987507549,0.));
#2293 = PCURVE('',#1239,#2294);
#2294 = DEFINITIONAL_REPRESENTATION('',(#2295),#2299);
#2295 = LINE('',#2296,#2297);
#2296 = CARTESIAN_POINT('',(90.239999973188,45.183807698946));
#2297 = VECTOR('',#2298,1.);
#2298 = DIRECTION('',(-0.787755920666,-0.615987507549));
#2299 = ( GEOMETRIC_REPRESENTATION_CONTEXT(2) 
PARAMETRIC_REPRESENTATION_CONTEXT() REPRESENTATION_CONTEXT('2D SPACE',''
  ) );
#2300 = PCURVE('',#2301,#2306);
#2301 = PLANE('',#2302);
#2302 = AXIS2_PLACEMENT_3D('',#2303,#2304,#2305);
#2303 = CARTESIAN_POINT('',(90.239625250156,45.183514683431,0.));
#2304 = DIRECTION('',(0.615987507549,-0.787755920666,0.));
#2305 = DIRECTION('',(-0.787755920666,-0.615987507549,0.));
#2306 = DEFINITIONAL_REPRESENTATION('',(#2307),#2311);
#2307 = LINE('',#2308,#2309);
#2308 = CARTESIAN_POINT('',(-4.756841838313E-04,0.));
#2309 = VECTOR('',#2310,1.);
#2310 = DIRECTION('',(1.,0.));
#2311 = ( GEOMETRIC_REPRESENTATION_CONTEXT(2) 
PARAMETRIC_REPRESENTATION_CONTEXT() REPRESENTATION_CONTEXT('2D SPACE',''
  ) );
#2312 = ORIENTED_EDGE('',*,*,#2313,.F.);
#2313 = EDGE_CURVE('',#2314,#2286,#2316,.T.);
#2314 = VERTEX_POINT('',#2315);
#2315 = CARTESIAN_POINT('',(63.772029585268,32.674133133705,0.));
#2316 = SURFACE_CURVE('',#2317,(#2322,#2329),.PCURVE_S1.);
#2317 = CIRCLE('',#2318,9.);
#2318 = AXIS2_PLACEMENT_3D('',#2319,#2320,#2321);
#2319 = CARTESIAN_POINT('',(69.,40.,0.));
#2320 = DIRECTION('',(0.,0.,1.));
#2321 = DIRECTION('',(-0.580885601637,-0.813985207366,0.));
#2322 = PCURVE('',#1239,#2323);
#2323 = DEFINITIONAL_REPRESENTATION('',(#2324),#2328);
#2324 = CIRCLE('',#2325,9.);
#2325 = AXIS2_PLACEMENT_2D('',#2326,#2327);
#2326 = CARTESIAN_POINT('',(69.,40.));
#2327 = DIRECTION('',(-0.580885601637,-0.813985207366));
#2328 = ( GEOMETRIC_REPRESENTATION_CONTEXT(2) 
PARAMETRIC_REPRESENTATION_CONTEXT() REPRESENTATION_CONTEXT('2D SPACE',''
  ) );
#2329 = PCURVE('',#2330,#2335);
#2330 = CYLINDRICAL_SURFACE('',#2331,9.);
#2331 = AXIS2_PLACEMENT_3D('',#2332,#2333,#2334);
#2332 = CARTESIAN_POINT('',(69.,40.,0.));
#2333 = DIRECTION('',(0.,0.,-1.));
#2334 = DIRECTION('',(-0.580885601637,-0.813985207366,-0.));
#2335 = DEFINITIONAL_REPRESENTATION('',(#2336),#2340);
#2336 = LINE('',#2337,#2338);
#2337 = CARTESIAN_POINT('',(6.28318530718,0.));
#2338 = VECTOR('',#2339,1.);
#2339 = DIRECTION('',(-1.,0.));
#2340 = ( GEOMETRIC_REPRESENTATION_CONTEXT(2) 
PARAMETRIC_REPRESENTATION_CONTEXT() REPRESENTATION_CONTEXT('2D SPACE',''
  ) );
#2341 = ORIENTED_EDGE('',*,*,#2342,.F.);
#2342 = EDGE_CURVE('',#2343,#2314,#2345,.T.);
#2343 = VERTEX_POINT('',#2344);
#2344 = CARTESIAN_POINT('',(46.5,45.,0.));
#2345 = SURFACE_CURVE('',#2346,(#2350,#2357),.PCURVE_S1.);
#2346 = LINE('',#2347,#2348);
#2347 = CARTESIAN_POINT('',(46.5,45.,0.));
#2348 = VECTOR('',#2349,1.);
#2349 = DIRECTION('',(0.813985207366,-0.580885601637,0.));
#2350 = PCURVE('',#1239,#2351);
#2351 = DEFINITIONAL_REPRESENTATION('',(#2352),#2356);
#2352 = LINE('',#2353,#2354);
#2353 = CARTESIAN_POINT('',(46.5,45.));
#2354 = VECTOR('',#2355,1.);
#2355 = DIRECTION('',(0.813985207366,-0.580885601637));
#2356 = ( GEOMETRIC_REPRESENTATION_CONTEXT(2) 
PARAMETRIC_REPRESENTATION_CONTEXT() REPRESENTATION_CONTEXT('2D SPACE',''
  ) );
#2357 = PCURVE('',#2358,#2363);
#2358 = PLANE('',#2359);
#2359 = AXIS2_PLACEMENT_3D('',#2360,#2361,#2362);
#2360 = CARTESIAN_POINT('',(63.772029585268,32.674133133705,0.));
#2361 = DIRECTION('',(-0.580885601637,-0.813985207366,0.));
#2362 = DIRECTION('',(-0.813985207366,0.580885601637,0.));
#2363 = DEFINITIONAL_REPRESENTATION('',(#2364),#2368);
#2364 = LINE('',#2365,#2366);
#2365 = CARTESIAN_POINT('',(21.219095173923,0.));
#2366 = VECTOR('',#2367,1.);
#2367 = DIRECTION('',(-1.,-0.));
#2368 = ( GEOMETRIC_REPRESENTATION_CONTEXT(2) 
PARAMETRIC_REPRESENTATION_CONTEXT() REPRESENTATION_CONTEXT('2D SPACE',''
  ) );
#2369 = ORIENTED_EDGE('',*,*,#2370,.F.);
#2370 = EDGE_CURVE('',#2371,#2343,#2373,.T.);
#2371 = VERTEX_POINT('',#2372);
#2372 = CARTESIAN_POINT('',(37.5,45.,0.));
#2373 = SURFACE_CURVE('',#2374,(#2378,#2385),.PCURVE_S1.);
#2374 = LINE('',#2375,#2376);
#2375 = CARTESIAN_POINT('',(37.5,45.,0.));
#2376 = VECTOR('',#2377,1.);
#2377 = DIRECTION('',(1.,0.,0.));
#2378 = PCURVE('',#1239,#2379);
#2379 = DEFINITIONAL_REPRESENTATION('',(#2380),#2384);
#2380 = LINE('',#2381,#2382);
#2381 = CARTESIAN_POINT('',(37.5,45.));
#2382 = VECTOR('',#2383,1.);
#2383 = DIRECTION('',(1.,0.));
#2384 = ( GEOMETRIC_REPRESENTATION_CONTEXT(2) 
PARAMETRIC_REPRESENTATION_CONTEXT() REPRESENTATION_CONTEXT('2D SPACE',''
  ) );
#2385 = PCURVE('',#2386,#2391);
#2386 = PLANE('',#2387);
#2387 = AXIS2_PLACEMENT_3D('',#2388,#2389,#2390);
#2388 = CARTESIAN_POINT('',(46.5,45.,0.));
#2389 = DIRECTION('',(0.,-1.,0.));
#2390 = DIRECTION('',(-1.,0.,0.));
#2391 = DEFINITIONAL_REPRESENTATION('',(#2392),#2396);
#2392 = LINE('',#2393,#2394);
#2393 = CARTESIAN_POINT('',(9.,0.));
#2394 = VECTOR('',#2395,1.);
#2395 = DIRECTION('',(-1.,-0.));
#2396 = ( GEOMETRIC_REPRESENTATION_CONTEXT(2) 
PARAMETRIC_REPRESENTATION_CONTEXT() REPRESENTATION_CONTEXT('2D SPACE',''
  ) );
#2397 = ORIENTED_EDGE('',*,*,#2398,.F.);
#2398 = EDGE_CURVE('',#2399,#2371,#2401,.T.);
#2399 = VERTEX_POINT('',#2400);
#2400 = CARTESIAN_POINT('',(37.5,24.,0.));
#2401 = SURFACE_CURVE('',#2402,(#2406,#2413),.PCURVE_S1.);
#2402 = LINE('',#2403,#2404);
#2403 = CARTESIAN_POINT('',(37.5,15.,0.));
#2404 = VECTOR('',#2405,1.);
#2405 = DIRECTION('',(0.,1.,0.));
#2406 = PCURVE('',#1239,#2407);
#2407 = DEFINITIONAL_REPRESENTATION('',(#2408),#2412);
#2408 = LINE('',#2409,#2410);
#2409 = CARTESIAN_POINT('',(37.5,15.));
#2410 = VECTOR('',#2411,1.);
#2411 = DIRECTION('',(0.,1.));
#2412 = ( GEOMETRIC_REPRESENTATION_CONTEXT(2) 
PARAMETRIC_REPRESENTATION_CONTEXT() REPRESENTATION_CONTEXT('2D SPACE',''
  ) );
#2413 = PCURVE('',#2414,#2419);
#2414 = PLANE('',#2415);
#2415 = AXIS2_PLACEMENT_3D('',#2416,#2417,#2418);
#2416 = CARTESIAN_POINT('',(37.5,15.,-42.));
#2417 = DIRECTION('',(-1.,0.,-1.057355261548E-16));
#2418 = DIRECTION('',(-1.057355261548E-16,0.,1.));
#2419 = DEFINITIONAL_REPRESENTATION('',(#2420),#2424);
#2420 = LINE('',#2421,#2422);
#2421 = CARTESIAN_POINT('',(42.,0.));
#2422 = VECTOR('',#2423,1.);
#2423 = DIRECTION('',(0.,1.));
#2424 = ( GEOMETRIC_REPRESENTATION_CONTEXT(2) 
PARAMETRIC_REPRESENTATION_CONTEXT() REPRESENTATION_CONTEXT('2D SPACE',''
  ) );
#2425 = ORIENTED_EDGE('',*,*,#2426,.F.);
#2426 = EDGE_CURVE('',#1637,#2399,#2427,.T.);
#2427 = SURFACE_CURVE('',#2428,(#2433,#2440),.PCURVE_S1.);
#2428 = CIRCLE('',#2429,9.);
#2429 = AXIS2_PLACEMENT_3D('',#2430,#2431,#2432);
#2430 = CARTESIAN_POINT('',(28.5,24.,4.440892098501E-15));
#2431 = DIRECTION('',(0.,0.,1.));
#2432 = DIRECTION('',(0.707106781187,-0.707106781187,0.));
#2433 = PCURVE('',#1239,#2434);
#2434 = DEFINITIONAL_REPRESENTATION('',(#2435),#2439);
#2435 = CIRCLE('',#2436,9.);
#2436 = AXIS2_PLACEMENT_2D('',#2437,#2438);
#2437 = CARTESIAN_POINT('',(28.5,24.));
#2438 = DIRECTION('',(0.707106781187,-0.707106781187));
#2439 = ( GEOMETRIC_REPRESENTATION_CONTEXT(2) 
PARAMETRIC_REPRESENTATION_CONTEXT() REPRESENTATION_CONTEXT('2D SPACE',''
  ) );
#2440 = PCURVE('',#1675,#2441);
#2441 = DEFINITIONAL_REPRESENTATION('',(#2442),#2446);
#2442 = LINE('',#2443,#2444);
#2443 = CARTESIAN_POINT('',(12.566370614359,-36.));
#2444 = VECTOR('',#2445,1.);
#2445 = DIRECTION('',(-1.,0.));
#2446 = ( GEOMETRIC_REPRESENTATION_CONTEXT(2) 
PARAMETRIC_REPRESENTATION_CONTEXT() REPRESENTATION_CONTEXT('2D SPACE',''
  ) );
#2447 = ORIENTED_EDGE('',*,*,#1636,.F.);
#2448 = ORIENTED_EDGE('',*,*,#1772,.F.);
#2449 = ORIENTED_EDGE('',*,*,#1225,.T.);
#2450 = ORIENTED_EDGE('',*,*,#1932,.F.);
#2451 = ORIENTED_EDGE('',*,*,#1432,.F.);
#2452 = ORIENTED_EDGE('',*,*,#2453,.F.);
#2453 = EDGE_CURVE('',#2454,#1403,#2456,.T.);
#2454 = VERTEX_POINT('',#2455);
#2455 = CARTESIAN_POINT('',(130.5,19.,0.));
#2456 = SURFACE_CURVE('',#2457,(#2462,#2469),.PCURVE_S1.);
#2457 = CIRCLE('',#2458,4.);
#2458 = AXIS2_PLACEMENT_3D('',#2459,#2460,#2461);
#2459 = CARTESIAN_POINT('',(134.5,19.,0.));
#2460 = DIRECTION('',(0.,0.,1.));
#2461 = DIRECTION('',(-0.707106781187,-0.707106781187,0.));
#2462 = PCURVE('',#1239,#2463);
#2463 = DEFINITIONAL_REPRESENTATION('',(#2464),#2468);
#2464 = CIRCLE('',#2465,4.);
#2465 = AXIS2_PLACEMENT_2D('',#2466,#2467);
#2466 = CARTESIAN_POINT('',(134.5,19.));
#2467 = DIRECTION('',(-0.707106781187,-0.707106781187));
#2468 = ( GEOMETRIC_REPRESENTATION_CONTEXT(2) 
PARAMETRIC_REPRESENTATION_CONTEXT() REPRESENTATION_CONTEXT('2D SPACE',''
  ) );
#2469 = PCURVE('',#1420,#2470);
#2470 = DEFINITIONAL_REPRESENTATION('',(#2471),#2475);
#2471 = LINE('',#2472,#2473);
#2472 = CARTESIAN_POINT('',(0.,15.));
#2473 = VECTOR('',#2474,1.);
#2474 = DIRECTION('',(1.,0.));
#2475 = ( GEOMETRIC_REPRESENTATION_CONTEXT(2) 
PARAMETRIC_REPRESENTATION_CONTEXT() REPRESENTATION_CONTEXT('2D SPACE',''
  ) );
#2476 = ORIENTED_EDGE('',*,*,#2477,.T.);
#2477 = EDGE_CURVE('',#2454,#2478,#2480,.T.);
#2478 = VERTEX_POINT('',#2479);
#2479 = CARTESIAN_POINT('',(130.5,69.278029157809,0.));
#2480 = SURFACE_CURVE('',#2481,(#2485,#2492),.PCURVE_S1.);
#2481 = LINE('',#2482,#2483);
#2482 = CARTESIAN_POINT('',(130.5,15.,0.));
#2483 = VECTOR('',#2484,1.);
#2484 = DIRECTION('',(0.,1.,0.));
#2485 = PCURVE('',#1239,#2486);
#2486 = DEFINITIONAL_REPRESENTATION('',(#2487),#2491);
#2487 = LINE('',#2488,#2489);
#2488 = CARTESIAN_POINT('',(130.5,15.));
#2489 = VECTOR('',#2490,1.);
#2490 = DIRECTION('',(0.,1.));
#2491 = ( GEOMETRIC_REPRESENTATION_CONTEXT(2) 
PARAMETRIC_REPRESENTATION_CONTEXT() REPRESENTATION_CONTEXT('2D SPACE',''
  ) );
#2492 = PCURVE('',#2493,#2498);
#2493 = PLANE('',#2494);
#2494 = AXIS2_PLACEMENT_3D('',#2495,#2496,#2497);
#2495 = CARTESIAN_POINT('',(130.5,15.,0.));
#2496 = DIRECTION('',(1.,0.,0.));
#2497 = DIRECTION('',(0.,0.,-1.));
#2498 = DEFINITIONAL_REPRESENTATION('',(#2499),#2503);
#2499 = LINE('',#2500,#2501);
#2500 = CARTESIAN_POINT('',(0.,0.));
#2501 = VECTOR('',#2502,1.);
#2502 = DIRECTION('',(0.,1.));
#2503 = ( GEOMETRIC_REPRESENTATION_CONTEXT(2) 
PARAMETRIC_REPRESENTATION_CONTEXT() REPRESENTATION_CONTEXT('2D SPACE',''
  ) );
#2504 = ORIENTED_EDGE('',*,*,#2505,.T.);
#2505 = EDGE_CURVE('',#2478,#2506,#2508,.T.);
#2506 = VERTEX_POINT('',#2507);
#2507 = CARTESIAN_POINT('',(102.675,103.16486082509,0.));
#2508 = SURFACE_CURVE('',#2509,(#2514,#2521),.PCURVE_S1.);
#2509 = CIRCLE('',#2510,51.);
#2510 = AXIS2_PLACEMENT_3D('',#2511,#2512,#2513);
#2511 = CARTESIAN_POINT('',(81.,57.,0.));
#2512 = DIRECTION('',(0.,0.,1.));
#2513 = DIRECTION('',(0.970588235294,0.240745669761,-0.));
#2514 = PCURVE('',#1239,#2515);
#2515 = DEFINITIONAL_REPRESENTATION('',(#2516),#2520);
#2516 = CIRCLE('',#2517,51.);
#2517 = AXIS2_PLACEMENT_2D('',#2518,#2519);
#2518 = CARTESIAN_POINT('',(81.,57.));
#2519 = DIRECTION('',(0.970588235294,0.240745669761));
#2520 = ( GEOMETRIC_REPRESENTATION_CONTEXT(2) 
PARAMETRIC_REPRESENTATION_CONTEXT() REPRESENTATION_CONTEXT('2D SPACE',''
  ) );
#2521 = PCURVE('',#2522,#2527);
#2522 = CYLINDRICAL_SURFACE('',#2523,51.);
#2523 = AXIS2_PLACEMENT_3D('',#2524,#2525,#2526);
#2524 = CARTESIAN_POINT('',(81.,57.,0.));
#2525 = DIRECTION('',(0.,0.,-1.));
#2526 = DIRECTION('',(0.970588235294,0.240745669761,0.));
#2527 = DEFINITIONAL_REPRESENTATION('',(#2528),#2532);
#2528 = LINE('',#2529,#2530);
#2529 = CARTESIAN_POINT('',(6.28318530718,0.));
#2530 = VECTOR('',#2531,1.);
#2531 = DIRECTION('',(-1.,0.));
#2532 = ( GEOMETRIC_REPRESENTATION_CONTEXT(2) 
PARAMETRIC_REPRESENTATION_CONTEXT() REPRESENTATION_CONTEXT('2D SPACE',''
  ) );
#2533 = ORIENTED_EDGE('',*,*,#2534,.T.);
#2534 = EDGE_CURVE('',#2506,#2535,#2537,.T.);
#2535 = VERTEX_POINT('',#2536);
#2536 = CARTESIAN_POINT('',(97.5,111.31160097069,0.));
#2537 = SURFACE_CURVE('',#2538,(#2543,#2554),.PCURVE_S1.);
#2538 = CIRCLE('',#2539,9.);
#2539 = AXIS2_PLACEMENT_3D('',#2540,#2541,#2542);
#2540 = CARTESIAN_POINT('',(106.5,111.31160097069,0.));
#2541 = DIRECTION('',(0.,0.,-1.));
#2542 = DIRECTION('',(-1.,1.973729821556E-15,0.));
#2543 = PCURVE('',#1239,#2544);
#2544 = DEFINITIONAL_REPRESENTATION('',(#2545),#2553);
#2545 = ( BOUNDED_CURVE() B_SPLINE_CURVE(2,(#2546,#2547,#2548,#2549,
#2550,#2551,#2552),.UNSPECIFIED.,.T.,.F.) B_SPLINE_CURVE_WITH_KNOTS((1,2
    ,2,2,2,1),(-2.094395102393,0.,2.094395102393,4.188790204786,
6.28318530718,8.377580409573),.UNSPECIFIED.) CURVE() 
GEOMETRIC_REPRESENTATION_ITEM() RATIONAL_B_SPLINE_CURVE((1.,0.5,1.,0.5,
1.,0.5,1.)) REPRESENTATION_ITEM('') );
#2546 = CARTESIAN_POINT('',(97.5,111.31160097069));
#2547 = CARTESIAN_POINT('',(97.5,126.90005823881));
#2548 = CARTESIAN_POINT('',(111.,119.10582960475));
#2549 = CARTESIAN_POINT('',(124.5,111.31160097069));
#2550 = CARTESIAN_POINT('',(111.,103.51737233663));
#2551 = CARTESIAN_POINT('',(97.5,95.72314370257));
#2552 = CARTESIAN_POINT('',(97.5,111.31160097069));
#2553 = ( GEOMETRIC_REPRESENTATION_CONTEXT(2) 
PARAMETRIC_REPRESENTATION_CONTEXT() REPRESENTATION_CONTEXT('2D SPACE',''
  ) );
#2554 = PCURVE('',#2555,#2560);
#2555 = CYLINDRICAL_SURFACE('',#2556,9.);
#2556 = AXIS2_PLACEMENT_3D('',#2557,#2558,#2559);
#2557 = CARTESIAN_POINT('',(106.5,111.31160097069,0.));
#2558 = DIRECTION('',(0.,0.,-1.));
#2559 = DIRECTION('',(-1.,1.973729821556E-15,0.));
#2560 = DEFINITIONAL_REPRESENTATION('',(#2561),#2565);
#2561 = LINE('',#2562,#2563);
#2562 = CARTESIAN_POINT('',(0.,0.));
#2563 = VECTOR('',#2564,1.);
#2564 = DIRECTION('',(1.,0.));
#2565 = ( GEOMETRIC_REPRESENTATION_CONTEXT(2) 
PARAMETRIC_REPRESENTATION_CONTEXT() REPRESENTATION_CONTEXT('2D SPACE',''
  ) );
#2566 = ORIENTED_EDGE('',*,*,#2567,.T.);
#2567 = EDGE_CURVE('',#2535,#1961,#2568,.T.);
#2568 = SURFACE_CURVE('',#2569,(#2573,#2580),.PCURVE_S1.);
#2569 = LINE('',#2570,#2571);
#2570 = CARTESIAN_POINT('',(97.5,55.655800485347,0.));
#2571 = VECTOR('',#2572,1.);
#2572 = DIRECTION('',(0.,1.,0.));
#2573 = PCURVE('',#1239,#2574);
#2574 = DEFINITIONAL_REPRESENTATION('',(#2575),#2579);
#2575 = LINE('',#2576,#2577);
#2576 = CARTESIAN_POINT('',(97.5,55.655800485347));
#2577 = VECTOR('',#2578,1.);
#2578 = DIRECTION('',(0.,1.));
#2579 = ( GEOMETRIC_REPRESENTATION_CONTEXT(2) 
PARAMETRIC_REPRESENTATION_CONTEXT() REPRESENTATION_CONTEXT('2D SPACE',''
  ) );
#2580 = PCURVE('',#2581,#2586);
#2581 = PLANE('',#2582);
#2582 = AXIS2_PLACEMENT_3D('',#2583,#2584,#2585);
#2583 = CARTESIAN_POINT('',(97.5,111.31160097069,0.));
#2584 = DIRECTION('',(-1.,0.,0.));
#2585 = DIRECTION('',(0.,1.,0.));
#2586 = DEFINITIONAL_REPRESENTATION('',(#2587),#2591);
#2587 = LINE('',#2588,#2589);
#2588 = CARTESIAN_POINT('',(-55.65580048534,0.));
#2589 = VECTOR('',#2590,1.);
#2590 = DIRECTION('',(1.,0.));
#2591 = ( GEOMETRIC_REPRESENTATION_CONTEXT(2) 
PARAMETRIC_REPRESENTATION_CONTEXT() REPRESENTATION_CONTEXT('2D SPACE',''
  ) );
#2592 = ADVANCED_FACE('',(#2593),#1273,.F.);
#2593 = FACE_BOUND('',#2594,.F.);
#2594 = EDGE_LOOP('',(#2595,#2616,#2617,#2618));
#2595 = ORIENTED_EDGE('',*,*,#2596,.T.);
#2596 = EDGE_CURVE('',#1719,#1257,#2597,.T.);
#2597 = SEAM_CURVE('',#2598,(#2602,#2609),.PCURVE_S1.);
#2598 = LINE('',#2599,#2600);
#2599 = CARTESIAN_POINT('',(22.5,15.,-30.));
#2600 = VECTOR('',#2601,1.);
#2601 = DIRECTION('',(0.,-1.,0.));
#2602 = PCURVE('',#1273,#2603);
#2603 = DEFINITIONAL_REPRESENTATION('',(#2604),#2608);
#2604 = LINE('',#2605,#2606);
#2605 = CARTESIAN_POINT('',(9.424777960769,0.));
#2606 = VECTOR('',#2607,1.);
#2607 = DIRECTION('',(0.,1.));
#2608 = ( GEOMETRIC_REPRESENTATION_CONTEXT(2) 
PARAMETRIC_REPRESENTATION_CONTEXT() REPRESENTATION_CONTEXT('2D SPACE',''
  ) );
#2609 = PCURVE('',#1273,#2610);
#2610 = DEFINITIONAL_REPRESENTATION('',(#2611),#2615);
#2611 = LINE('',#2612,#2613);
#2612 = CARTESIAN_POINT('',(3.14159265359,0.));
#2613 = VECTOR('',#2614,1.);
#2614 = DIRECTION('',(0.,1.));
#2615 = ( GEOMETRIC_REPRESENTATION_CONTEXT(2) 
PARAMETRIC_REPRESENTATION_CONTEXT() REPRESENTATION_CONTEXT('2D SPACE',''
  ) );
#2616 = ORIENTED_EDGE('',*,*,#1256,.T.);
#2617 = ORIENTED_EDGE('',*,*,#2596,.F.);
#2618 = ORIENTED_EDGE('',*,*,#1718,.T.);
#2619 = ADVANCED_FACE('',(#2620),#1305,.F.);
#2620 = FACE_BOUND('',#2621,.T.);
#2621 = EDGE_LOOP('',(#2622,#2623,#2646,#2669,#2697,#2720));
#2622 = ORIENTED_EDGE('',*,*,#1287,.F.);
#2623 = ORIENTED_EDGE('',*,*,#2624,.F.);
#2624 = EDGE_CURVE('',#2625,#1288,#2627,.T.);
#2625 = VERTEX_POINT('',#2626);
#2626 = CARTESIAN_POINT('',(46.5,45.,-12.00000017881));
#2627 = SURFACE_CURVE('',#2628,(#2632,#2639),.PCURVE_S1.);
#2628 = LINE('',#2629,#2630);
#2629 = CARTESIAN_POINT('',(46.5,153.,-12.00000017881));
#2630 = VECTOR('',#2631,1.);
#2631 = DIRECTION('',(0.,-1.,0.));
#2632 = PCURVE('',#1305,#2633);
#2633 = DEFINITIONAL_REPRESENTATION('',(#2634),#2638);
#2634 = LINE('',#2635,#2636);
#2635 = CARTESIAN_POINT('',(42.,0.));
#2636 = VECTOR('',#2637,1.);
#2637 = DIRECTION('',(0.,1.));
#2638 = ( GEOMETRIC_REPRESENTATION_CONTEXT(2) 
PARAMETRIC_REPRESENTATION_CONTEXT() REPRESENTATION_CONTEXT('2D SPACE',''
  ) );
#2639 = PCURVE('',#1387,#2640);
#2640 = DEFINITIONAL_REPRESENTATION('',(#2641),#2645);
#2641 = LINE('',#2642,#2643);
#2642 = CARTESIAN_POINT('',(0.,-0.));
#2643 = VECTOR('',#2644,1.);
#2644 = DIRECTION('',(0.,1.));
#2645 = ( GEOMETRIC_REPRESENTATION_CONTEXT(2) 
PARAMETRIC_REPRESENTATION_CONTEXT() REPRESENTATION_CONTEXT('2D SPACE',''
  ) );
#2646 = ORIENTED_EDGE('',*,*,#2647,.F.);
#2647 = EDGE_CURVE('',#2648,#2625,#2650,.T.);
#2648 = VERTEX_POINT('',#2649);
#2649 = CARTESIAN_POINT('',(63.772029585268,32.674133133705,
    -12.00000017881));
#2650 = SURFACE_CURVE('',#2651,(#2655,#2662),.PCURVE_S1.);
#2651 = LINE('',#2652,#2653);
#2652 = CARTESIAN_POINT('',(43.517081573823,47.12870498007,
    -12.00000017881));
#2653 = VECTOR('',#2654,1.);
#2654 = DIRECTION('',(-0.813985207366,0.580885601637,0.));
#2655 = PCURVE('',#1305,#2656);
#2656 = DEFINITIONAL_REPRESENTATION('',(#2657),#2661);
#2657 = LINE('',#2658,#2659);
#2658 = CARTESIAN_POINT('',(44.982918426177,105.87129501993));
#2659 = VECTOR('',#2660,1.);
#2660 = DIRECTION('',(0.813985207366,-0.580885601637));
#2661 = ( GEOMETRIC_REPRESENTATION_CONTEXT(2) 
PARAMETRIC_REPRESENTATION_CONTEXT() REPRESENTATION_CONTEXT('2D SPACE',''
  ) );
#2662 = PCURVE('',#2358,#2663);
#2663 = DEFINITIONAL_REPRESENTATION('',(#2664),#2668);
#2664 = LINE('',#2665,#2666);
#2665 = CARTESIAN_POINT('',(24.883680720666,12.00000017881));
#2666 = VECTOR('',#2667,1.);
#2667 = DIRECTION('',(1.,0.));
#2668 = ( GEOMETRIC_REPRESENTATION_CONTEXT(2) 
PARAMETRIC_REPRESENTATION_CONTEXT() REPRESENTATION_CONTEXT('2D SPACE',''
  ) );
#2669 = ORIENTED_EDGE('',*,*,#2670,.F.);
#2670 = EDGE_CURVE('',#2671,#2648,#2673,.T.);
#2671 = VERTEX_POINT('',#2672);
#2672 = CARTESIAN_POINT('',(74.546394116851,32.912157429756,
    -12.00000017881));
#2673 = SURFACE_CURVE('',#2674,(#2679,#2690),.PCURVE_S1.);
#2674 = CIRCLE('',#2675,9.);
#2675 = AXIS2_PLACEMENT_3D('',#2676,#2677,#2678);
#2676 = CARTESIAN_POINT('',(69.,40.,-12.00000017881));
#2677 = DIRECTION('',(0.,0.,-1.));
#2678 = DIRECTION('',(-0.580885601637,-0.813985207366,-0.));
#2679 = PCURVE('',#1305,#2680);
#2680 = DEFINITIONAL_REPRESENTATION('',(#2681),#2689);
#2681 = ( BOUNDED_CURVE() B_SPLINE_CURVE(2,(#2682,#2683,#2684,#2685,
#2686,#2687,#2688),.UNSPECIFIED.,.T.,.F.) B_SPLINE_CURVE_WITH_KNOTS((1,2
    ,2,2,2,1),(-2.094395102393,0.,2.094395102393,4.188790204786,
6.28318530718,8.377580409573),.UNSPECIFIED.) CURVE() 
GEOMETRIC_REPRESENTATION_ITEM() RATIONAL_B_SPLINE_CURVE((1.,0.5,1.,0.5,
1.,0.5,1.)) REPRESENTATION_ITEM('') );
#2682 = CARTESIAN_POINT('',(24.727970414733,120.32586686629));
#2683 = CARTESIAN_POINT('',(37.416744036641,111.2707564875));
#2684 = CARTESIAN_POINT('',(23.230401603587,104.80951137746));
#2685 = CARTESIAN_POINT('',(9.044059170533,98.348266267411));
#2686 = CARTESIAN_POINT('',(10.54162798168,113.86462175624));
#2687 = CARTESIAN_POINT('',(12.039196792826,129.38097724508));
#2688 = CARTESIAN_POINT('',(24.727970414733,120.32586686629));
#2689 = ( GEOMETRIC_REPRESENTATION_CONTEXT(2) 
PARAMETRIC_REPRESENTATION_CONTEXT() REPRESENTATION_CONTEXT('2D SPACE',''
  ) );
#2690 = PCURVE('',#2330,#2691);
#2691 = DEFINITIONAL_REPRESENTATION('',(#2692),#2696);
#2692 = LINE('',#2693,#2694);
#2693 = CARTESIAN_POINT('',(8.881784197001E-16,12.000000178814));
#2694 = VECTOR('',#2695,1.);
#2695 = DIRECTION('',(1.,0.));
#2696 = ( GEOMETRIC_REPRESENTATION_CONTEXT(2) 
PARAMETRIC_REPRESENTATION_CONTEXT() REPRESENTATION_CONTEXT('2D SPACE',''
  ) );
#2697 = ORIENTED_EDGE('',*,*,#2698,.F.);
#2698 = EDGE_CURVE('',#2699,#2671,#2701,.T.);
#2699 = VERTEX_POINT('',#2700);
#2700 = CARTESIAN_POINT('',(88.5,43.823210820521,-12.00000017881));
#2701 = SURFACE_CURVE('',#2702,(#2706,#2713),.PCURVE_S1.);
#2702 = LINE('',#2703,#2704);
#2703 = CARTESIAN_POINT('',(115.85871133977,65.216416464327,
    -12.00000017881));
#2704 = VECTOR('',#2705,1.);
#2705 = DIRECTION('',(-0.787755920666,-0.615987507549,0.));
#2706 = PCURVE('',#1305,#2707);
#2707 = DEFINITIONAL_REPRESENTATION('',(#2708),#2712);
#2708 = LINE('',#2709,#2710);
#2709 = CARTESIAN_POINT('',(-27.35871133977,87.783583535673));
#2710 = VECTOR('',#2711,1.);
#2711 = DIRECTION('',(0.787755920666,0.615987507549));
#2712 = ( GEOMETRIC_REPRESENTATION_CONTEXT(2) 
PARAMETRIC_REPRESENTATION_CONTEXT() REPRESENTATION_CONTEXT('2D SPACE',''
  ) );
#2713 = PCURVE('',#2301,#2714);
#2714 = DEFINITIONAL_REPRESENTATION('',(#2715),#2719);
#2715 = LINE('',#2716,#2717);
#2716 = CARTESIAN_POINT('',(-32.52160398612,12.00000017881));
#2717 = VECTOR('',#2718,1.);
#2718 = DIRECTION('',(1.,0.));
#2719 = ( GEOMETRIC_REPRESENTATION_CONTEXT(2) 
PARAMETRIC_REPRESENTATION_CONTEXT() REPRESENTATION_CONTEXT('2D SPACE',''
  ) );
#2720 = ORIENTED_EDGE('',*,*,#2721,.T.);
#2721 = EDGE_CURVE('',#2699,#1290,#2722,.T.);
#2722 = SURFACE_CURVE('',#2723,(#2727,#2734),.PCURVE_S1.);
#2723 = LINE('',#2724,#2725);
#2724 = CARTESIAN_POINT('',(88.5,153.,-12.00000017881));
#2725 = VECTOR('',#2726,1.);
#2726 = DIRECTION('',(0.,-1.,0.));
#2727 = PCURVE('',#1305,#2728);
#2728 = DEFINITIONAL_REPRESENTATION('',(#2729),#2733);
#2729 = LINE('',#2730,#2731);
#2730 = CARTESIAN_POINT('',(0.,0.));
#2731 = VECTOR('',#2732,1.);
#2732 = DIRECTION('',(0.,1.));
#2733 = ( GEOMETRIC_REPRESENTATION_CONTEXT(2) 
PARAMETRIC_REPRESENTATION_CONTEXT() REPRESENTATION_CONTEXT('2D SPACE',''
  ) );
#2734 = PCURVE('',#1333,#2735);
#2735 = DEFINITIONAL_REPRESENTATION('',(#2736),#2740);
#2736 = LINE('',#2737,#2738);
#2737 = CARTESIAN_POINT('',(17.99999982119,0.));
#2738 = VECTOR('',#2739,1.);
#2739 = DIRECTION('',(0.,1.));
#2740 = ( GEOMETRIC_REPRESENTATION_CONTEXT(2) 
PARAMETRIC_REPRESENTATION_CONTEXT() REPRESENTATION_CONTEXT('2D SPACE',''
  ) );
#2741 = ADVANCED_FACE('',(#2742),#1333,.F.);
#2742 = FACE_BOUND('',#2743,.T.);
#2743 = EDGE_LOOP('',(#2744,#2745,#2746,#2769));
#2744 = ORIENTED_EDGE('',*,*,#1317,.F.);
#2745 = ORIENTED_EDGE('',*,*,#2721,.F.);
#2746 = ORIENTED_EDGE('',*,*,#2747,.F.);
#2747 = EDGE_CURVE('',#2748,#2699,#2750,.T.);
#2748 = VERTEX_POINT('',#2749);
#2749 = CARTESIAN_POINT('',(88.5,43.823210820521,-30.));
#2750 = SURFACE_CURVE('',#2751,(#2755,#2762),.PCURVE_S1.);
#2751 = LINE('',#2752,#2753);
#2752 = CARTESIAN_POINT('',(88.5,43.823210820521,-15.));
#2753 = VECTOR('',#2754,1.);
#2754 = DIRECTION('',(0.,0.,1.));
#2755 = PCURVE('',#1333,#2756);
#2756 = DEFINITIONAL_REPRESENTATION('',(#2757),#2761);
#2757 = LINE('',#2758,#2759);
#2758 = CARTESIAN_POINT('',(15.,109.17678917947));
#2759 = VECTOR('',#2760,1.);
#2760 = DIRECTION('',(1.,0.));
#2761 = ( GEOMETRIC_REPRESENTATION_CONTEXT(2) 
PARAMETRIC_REPRESENTATION_CONTEXT() REPRESENTATION_CONTEXT('2D SPACE',''
  ) );
#2762 = PCURVE('',#2301,#2763);
#2763 = DEFINITIONAL_REPRESENTATION('',(#2764),#2768);
#2764 = LINE('',#2765,#2766);
#2765 = CARTESIAN_POINT('',(2.208330276573,15.));
#2766 = VECTOR('',#2767,1.);
#2767 = DIRECTION('',(0.,-1.));
#2768 = ( GEOMETRIC_REPRESENTATION_CONTEXT(2) 
PARAMETRIC_REPRESENTATION_CONTEXT() REPRESENTATION_CONTEXT('2D SPACE',''
  ) );
#2769 = ORIENTED_EDGE('',*,*,#2770,.T.);
#2770 = EDGE_CURVE('',#2748,#1318,#2771,.T.);
#2771 = SURFACE_CURVE('',#2772,(#2776,#2783),.PCURVE_S1.);
#2772 = LINE('',#2773,#2774);
#2773 = CARTESIAN_POINT('',(88.5,153.,-30.));
#2774 = VECTOR('',#2775,1.);
#2775 = DIRECTION('',(0.,-1.,0.));
#2776 = PCURVE('',#1333,#2777);
#2777 = DEFINITIONAL_REPRESENTATION('',(#2778),#2782);
#2778 = LINE('',#2779,#2780);
#2779 = CARTESIAN_POINT('',(0.,0.));
#2780 = VECTOR('',#2781,1.);
#2781 = DIRECTION('',(0.,1.));
#2782 = ( GEOMETRIC_REPRESENTATION_CONTEXT(2) 
PARAMETRIC_REPRESENTATION_CONTEXT() REPRESENTATION_CONTEXT('2D SPACE',''
  ) );
#2783 = PCURVE('',#1361,#2784);
#2784 = DEFINITIONAL_REPRESENTATION('',(#2785),#2789);
#2785 = LINE('',#2786,#2787);
#2786 = CARTESIAN_POINT('',(42.,0.));
#2787 = VECTOR('',#2788,1.);
#2788 = DIRECTION('',(0.,1.));
#2789 = ( GEOMETRIC_REPRESENTATION_CONTEXT(2) 
PARAMETRIC_REPRESENTATION_CONTEXT() REPRESENTATION_CONTEXT('2D SPACE',''
  ) );
#2790 = ADVANCED_FACE('',(#2791),#1361,.F.);
#2791 = FACE_BOUND('',#2792,.T.);
#2792 = EDGE_LOOP('',(#2793,#2794,#2795,#2818,#2851,#2879));
#2793 = ORIENTED_EDGE('',*,*,#1345,.F.);
#2794 = ORIENTED_EDGE('',*,*,#2770,.F.);
#2795 = ORIENTED_EDGE('',*,*,#2796,.F.);
#2796 = EDGE_CURVE('',#2797,#2748,#2799,.T.);
#2797 = VERTEX_POINT('',#2798);
#2798 = CARTESIAN_POINT('',(74.546394116851,32.912157429756,-30.));
#2799 = SURFACE_CURVE('',#2800,(#2804,#2811),.PCURVE_S1.);
#2800 = LINE('',#2801,#2802);
#2801 = CARTESIAN_POINT('',(102.82696413835,55.026212535648,-30.));
#2802 = VECTOR('',#2803,1.);
#2803 = DIRECTION('',(0.787755920666,0.615987507549,0.));
#2804 = PCURVE('',#1361,#2805);
#2805 = DEFINITIONAL_REPRESENTATION('',(#2806),#2810);
#2806 = LINE('',#2807,#2808);
#2807 = CARTESIAN_POINT('',(56.32696413835,97.973787464352));
#2808 = VECTOR('',#2809,1.);
#2809 = DIRECTION('',(0.787755920666,-0.615987507549));
#2810 = ( GEOMETRIC_REPRESENTATION_CONTEXT(2) 
PARAMETRIC_REPRESENTATION_CONTEXT() REPRESENTATION_CONTEXT('2D SPACE',''
  ) );
#2811 = PCURVE('',#2301,#2812);
#2812 = DEFINITIONAL_REPRESENTATION('',(#2813),#2817);
#2813 = LINE('',#2814,#2815);
#2814 = CARTESIAN_POINT('',(-15.97872965214,30.));
#2815 = VECTOR('',#2816,1.);
#2816 = DIRECTION('',(-1.,0.));
#2817 = ( GEOMETRIC_REPRESENTATION_CONTEXT(2) 
PARAMETRIC_REPRESENTATION_CONTEXT() REPRESENTATION_CONTEXT('2D SPACE',''
  ) );
#2818 = ORIENTED_EDGE('',*,*,#2819,.F.);
#2819 = EDGE_CURVE('',#2820,#2797,#2822,.T.);
#2820 = VERTEX_POINT('',#2821);
#2821 = CARTESIAN_POINT('',(63.772029585268,32.674133133705,-30.));
#2822 = SURFACE_CURVE('',#2823,(#2828,#2839),.PCURVE_S1.);
#2823 = CIRCLE('',#2824,9.);
#2824 = AXIS2_PLACEMENT_3D('',#2825,#2826,#2827);
#2825 = CARTESIAN_POINT('',(69.,40.,-30.));
#2826 = DIRECTION('',(0.,0.,1.));
#2827 = DIRECTION('',(-0.580885601637,-0.813985207366,0.));
#2828 = PCURVE('',#1361,#2829);
#2829 = DEFINITIONAL_REPRESENTATION('',(#2830),#2838);
#2830 = ( BOUNDED_CURVE() B_SPLINE_CURVE(2,(#2831,#2832,#2833,#2834,
#2835,#2836,#2837),.UNSPECIFIED.,.T.,.F.) B_SPLINE_CURVE_WITH_KNOTS((1,2
    ,2,2,2,1),(-2.094395102393,0.,2.094395102393,4.188790204786,
6.28318530718,8.377580409573),.UNSPECIFIED.) CURVE() 
GEOMETRIC_REPRESENTATION_ITEM() RATIONAL_B_SPLINE_CURVE((1.,0.5,1.,0.5,
1.,0.5,1.)) REPRESENTATION_ITEM('') );
#2831 = CARTESIAN_POINT('',(17.272029585267,120.32586686629));
#2832 = CARTESIAN_POINT('',(29.960803207174,129.38097724508));
#2833 = CARTESIAN_POINT('',(31.45837201832,113.86462175624));
#2834 = CARTESIAN_POINT('',(32.955940829467,98.348266267411));
#2835 = CARTESIAN_POINT('',(18.769598396413,104.80951137746));
#2836 = CARTESIAN_POINT('',(4.583255963359,111.2707564875));
#2837 = CARTESIAN_POINT('',(17.272029585267,120.32586686629));
#2838 = ( GEOMETRIC_REPRESENTATION_CONTEXT(2) 
PARAMETRIC_REPRESENTATION_CONTEXT() REPRESENTATION_CONTEXT('2D SPACE',''
  ) );
#2839 = PCURVE('',#2840,#2845);
#2840 = CYLINDRICAL_SURFACE('',#2841,9.);
#2841 = AXIS2_PLACEMENT_3D('',#2842,#2843,#2844);
#2842 = CARTESIAN_POINT('',(69.,40.,0.));
#2843 = DIRECTION('',(0.,0.,-1.));
#2844 = DIRECTION('',(-0.580885601637,-0.813985207366,-0.));
#2845 = DEFINITIONAL_REPRESENTATION('',(#2846),#2850);
#2846 = LINE('',#2847,#2848);
#2847 = CARTESIAN_POINT('',(6.28318530718,30.));
#2848 = VECTOR('',#2849,1.);
#2849 = DIRECTION('',(-1.,0.));
#2850 = ( GEOMETRIC_REPRESENTATION_CONTEXT(2) 
PARAMETRIC_REPRESENTATION_CONTEXT() REPRESENTATION_CONTEXT('2D SPACE',''
  ) );
#2851 = ORIENTED_EDGE('',*,*,#2852,.F.);
#2852 = EDGE_CURVE('',#2853,#2820,#2855,.T.);
#2853 = VERTEX_POINT('',#2854);
#2854 = CARTESIAN_POINT('',(46.5,45.,-30.));
#2855 = SURFACE_CURVE('',#2856,(#2860,#2867),.PCURVE_S1.);
#2856 = LINE('',#2857,#2858);
#2857 = CARTESIAN_POINT('',(29.603071299794,57.058183005063,-30.));
#2858 = VECTOR('',#2859,1.);
#2859 = DIRECTION('',(0.813985207366,-0.580885601637,0.));
#2860 = PCURVE('',#1361,#2861);
#2861 = DEFINITIONAL_REPRESENTATION('',(#2862),#2866);
#2862 = LINE('',#2863,#2864);
#2863 = CARTESIAN_POINT('',(-16.8969287002,95.941816994937));
#2864 = VECTOR('',#2865,1.);
#2865 = DIRECTION('',(0.813985207366,0.580885601637));
#2866 = ( GEOMETRIC_REPRESENTATION_CONTEXT(2) 
PARAMETRIC_REPRESENTATION_CONTEXT() REPRESENTATION_CONTEXT('2D SPACE',''
  ) );
#2867 = PCURVE('',#2868,#2873);
#2868 = PLANE('',#2869);
#2869 = AXIS2_PLACEMENT_3D('',#2870,#2871,#2872);
#2870 = CARTESIAN_POINT('',(63.772029585268,32.674133133705,0.));
#2871 = DIRECTION('',(-0.580885601637,-0.813985207366,0.));
#2872 = DIRECTION('',(-0.813985207366,0.580885601637,0.));
#2873 = DEFINITIONAL_REPRESENTATION('',(#2874),#2878);
#2874 = LINE('',#2875,#2876);
#2875 = CARTESIAN_POINT('',(41.977370075355,30.));
#2876 = VECTOR('',#2877,1.);
#2877 = DIRECTION('',(-1.,-0.));
#2878 = ( GEOMETRIC_REPRESENTATION_CONTEXT(2) 
PARAMETRIC_REPRESENTATION_CONTEXT() REPRESENTATION_CONTEXT('2D SPACE',''
  ) );
#2879 = ORIENTED_EDGE('',*,*,#2880,.T.);
#2880 = EDGE_CURVE('',#2853,#1346,#2881,.T.);
#2881 = SURFACE_CURVE('',#2882,(#2886,#2893),.PCURVE_S1.);
#2882 = LINE('',#2883,#2884);
#2883 = CARTESIAN_POINT('',(46.5,153.,-30.));
#2884 = VECTOR('',#2885,1.);
#2885 = DIRECTION('',(0.,-1.,0.));
#2886 = PCURVE('',#1361,#2887);
#2887 = DEFINITIONAL_REPRESENTATION('',(#2888),#2892);
#2888 = LINE('',#2889,#2890);
#2889 = CARTESIAN_POINT('',(0.,0.));
#2890 = VECTOR('',#2891,1.);
#2891 = DIRECTION('',(0.,1.));
#2892 = ( GEOMETRIC_REPRESENTATION_CONTEXT(2) 
PARAMETRIC_REPRESENTATION_CONTEXT() REPRESENTATION_CONTEXT('2D SPACE',''
  ) );
#2893 = PCURVE('',#1387,#2894);
#2894 = DEFINITIONAL_REPRESENTATION('',(#2895),#2899);
#2895 = LINE('',#2896,#2897);
#2896 = CARTESIAN_POINT('',(17.99999982119,0.));
#2897 = VECTOR('',#2898,1.);
#2898 = DIRECTION('',(0.,1.));
#2899 = ( GEOMETRIC_REPRESENTATION_CONTEXT(2) 
PARAMETRIC_REPRESENTATION_CONTEXT() REPRESENTATION_CONTEXT('2D SPACE',''
  ) );
#2900 = ADVANCED_FACE('',(#2901),#1387,.F.);
#2901 = FACE_BOUND('',#2902,.T.);
#2902 = EDGE_LOOP('',(#2903,#2904,#2905,#2926));
#2903 = ORIENTED_EDGE('',*,*,#1373,.F.);
#2904 = ORIENTED_EDGE('',*,*,#2880,.F.);
#2905 = ORIENTED_EDGE('',*,*,#2906,.F.);
#2906 = EDGE_CURVE('',#2625,#2853,#2907,.T.);
#2907 = SURFACE_CURVE('',#2908,(#2912,#2919),.PCURVE_S1.);
#2908 = LINE('',#2909,#2910);
#2909 = CARTESIAN_POINT('',(46.5,45.,0.));
#2910 = VECTOR('',#2911,1.);
#2911 = DIRECTION('',(0.,0.,-1.));
#2912 = PCURVE('',#1387,#2913);
#2913 = DEFINITIONAL_REPRESENTATION('',(#2914),#2918);
#2914 = LINE('',#2915,#2916);
#2915 = CARTESIAN_POINT('',(-12.00000017881,108.));
#2916 = VECTOR('',#2917,1.);
#2917 = DIRECTION('',(1.,0.));
#2918 = ( GEOMETRIC_REPRESENTATION_CONTEXT(2) 
PARAMETRIC_REPRESENTATION_CONTEXT() REPRESENTATION_CONTEXT('2D SPACE',''
  ) );
#2919 = PCURVE('',#2386,#2920);
#2920 = DEFINITIONAL_REPRESENTATION('',(#2921),#2925);
#2921 = LINE('',#2922,#2923);
#2922 = CARTESIAN_POINT('',(0.,-0.));
#2923 = VECTOR('',#2924,1.);
#2924 = DIRECTION('',(0.,1.));
#2925 = ( GEOMETRIC_REPRESENTATION_CONTEXT(2) 
PARAMETRIC_REPRESENTATION_CONTEXT() REPRESENTATION_CONTEXT('2D SPACE',''
  ) );
#2926 = ORIENTED_EDGE('',*,*,#2624,.T.);
#2927 = ADVANCED_FACE('',(#2928),#1420,.F.);
#2928 = FACE_BOUND('',#2929,.F.);
#2929 = EDGE_LOOP('',(#2930,#2931,#2932,#2955));
#2930 = ORIENTED_EDGE('',*,*,#1402,.F.);
#2931 = ORIENTED_EDGE('',*,*,#2453,.F.);
#2932 = ORIENTED_EDGE('',*,*,#2933,.F.);
#2933 = EDGE_CURVE('',#2934,#2454,#2936,.T.);
#2934 = VERTEX_POINT('',#2935);
#2935 = CARTESIAN_POINT('',(130.5,19.,-42.));
#2936 = SURFACE_CURVE('',#2937,(#2941,#2948),.PCURVE_S1.);
#2937 = LINE('',#2938,#2939);
#2938 = CARTESIAN_POINT('',(130.5,19.,-15.));
#2939 = VECTOR('',#2940,1.);
#2940 = DIRECTION('',(0.,0.,1.));
#2941 = PCURVE('',#1420,#2942);
#2942 = DEFINITIONAL_REPRESENTATION('',(#2943),#2947);
#2943 = LINE('',#2944,#2945);
#2944 = CARTESIAN_POINT('',(5.497787143783,0.));
#2945 = VECTOR('',#2946,1.);
#2946 = DIRECTION('',(0.,1.));
#2947 = ( GEOMETRIC_REPRESENTATION_CONTEXT(2) 
PARAMETRIC_REPRESENTATION_CONTEXT() REPRESENTATION_CONTEXT('2D SPACE',''
  ) );
#2948 = PCURVE('',#2493,#2949);
#2949 = DEFINITIONAL_REPRESENTATION('',(#2950),#2954);
#2950 = LINE('',#2951,#2952);
#2951 = CARTESIAN_POINT('',(15.,4.));
#2952 = VECTOR('',#2953,1.);
#2953 = DIRECTION('',(-1.,0.));
#2954 = ( GEOMETRIC_REPRESENTATION_CONTEXT(2) 
PARAMETRIC_REPRESENTATION_CONTEXT() REPRESENTATION_CONTEXT('2D SPACE',''
  ) );
#2955 = ORIENTED_EDGE('',*,*,#2956,.F.);
#2956 = EDGE_CURVE('',#1405,#2934,#2957,.T.);
#2957 = SURFACE_CURVE('',#2958,(#2963,#2970),.PCURVE_S1.);
#2958 = CIRCLE('',#2959,4.);
#2959 = AXIS2_PLACEMENT_3D('',#2960,#2961,#2962);
#2960 = CARTESIAN_POINT('',(134.5,19.,-42.));
#2961 = DIRECTION('',(0.,0.,-1.));
#2962 = DIRECTION('',(-0.707106781187,-0.707106781187,-0.));
#2963 = PCURVE('',#1420,#2964);
#2964 = DEFINITIONAL_REPRESENTATION('',(#2965),#2969);
#2965 = LINE('',#2966,#2967);
#2966 = CARTESIAN_POINT('',(12.566370614359,-27.));
#2967 = VECTOR('',#2968,1.);
#2968 = DIRECTION('',(-1.,0.));
#2969 = ( GEOMETRIC_REPRESENTATION_CONTEXT(2) 
PARAMETRIC_REPRESENTATION_CONTEXT() REPRESENTATION_CONTEXT('2D SPACE',''
  ) );
#2970 = PCURVE('',#1701,#2971);
#2971 = DEFINITIONAL_REPRESENTATION('',(#2972),#2976);
#2972 = CIRCLE('',#2973,4.);
#2973 = AXIS2_PLACEMENT_2D('',#2974,#2975);
#2974 = CARTESIAN_POINT('',(-4.,4.));
#2975 = DIRECTION('',(0.707106781187,-0.707106781187));
#2976 = ( GEOMETRIC_REPRESENTATION_CONTEXT(2) 
PARAMETRIC_REPRESENTATION_CONTEXT() REPRESENTATION_CONTEXT('2D SPACE',''
  ) );
#2977 = ADVANCED_FACE('',(#2978),#1675,.F.);
#2978 = FACE_BOUND('',#2979,.F.);
#2979 = EDGE_LOOP('',(#2980,#3003,#3004,#3005));
#2980 = ORIENTED_EDGE('',*,*,#2981,.F.);
#2981 = EDGE_CURVE('',#2399,#2982,#2984,.T.);
#2982 = VERTEX_POINT('',#2983);
#2983 = CARTESIAN_POINT('',(37.5,24.,-42.));
#2984 = SURFACE_CURVE('',#2985,(#2989,#2996),.PCURVE_S1.);
#2985 = LINE('',#2986,#2987);
#2986 = CARTESIAN_POINT('',(37.5,24.,-36.));
#2987 = VECTOR('',#2988,1.);
#2988 = DIRECTION('',(1.057355261548E-16,0.,-1.));
#2989 = PCURVE('',#1675,#2990);
#2990 = DEFINITIONAL_REPRESENTATION('',(#2991),#2995);
#2991 = LINE('',#2992,#2993);
#2992 = CARTESIAN_POINT('',(5.497787143782,7.105427357601E-15));
#2993 = VECTOR('',#2994,1.);
#2994 = DIRECTION('',(0.,1.));
#2995 = ( GEOMETRIC_REPRESENTATION_CONTEXT(2) 
PARAMETRIC_REPRESENTATION_CONTEXT() REPRESENTATION_CONTEXT('2D SPACE',''
  ) );
#2996 = PCURVE('',#2414,#2997);
#2997 = DEFINITIONAL_REPRESENTATION('',(#2998),#3002);
#2998 = LINE('',#2999,#3000);
#2999 = CARTESIAN_POINT('',(6.,9.));
#3000 = VECTOR('',#3001,1.);
#3001 = DIRECTION('',(-1.,0.));
#3002 = ( GEOMETRIC_REPRESENTATION_CONTEXT(2) 
PARAMETRIC_REPRESENTATION_CONTEXT() REPRESENTATION_CONTEXT('2D SPACE',''
  ) );
#3003 = ORIENTED_EDGE('',*,*,#2426,.F.);
#3004 = ORIENTED_EDGE('',*,*,#1659,.F.);
#3005 = ORIENTED_EDGE('',*,*,#3006,.F.);
#3006 = EDGE_CURVE('',#2982,#1660,#3007,.T.);
#3007 = SURFACE_CURVE('',#3008,(#3013,#3020),.PCURVE_S1.);
#3008 = CIRCLE('',#3009,9.);
#3009 = AXIS2_PLACEMENT_3D('',#3010,#3011,#3012);
#3010 = CARTESIAN_POINT('',(28.5,24.,-42.));
#3011 = DIRECTION('',(0.,0.,-1.));
#3012 = DIRECTION('',(0.707106781187,-0.707106781187,0.));
#3013 = PCURVE('',#1675,#3014);
#3014 = DEFINITIONAL_REPRESENTATION('',(#3015),#3019);
#3015 = LINE('',#3016,#3017);
#3016 = CARTESIAN_POINT('',(0.,6.));
#3017 = VECTOR('',#3018,1.);
#3018 = DIRECTION('',(1.,-4.52345554697E-15));
#3019 = ( GEOMETRIC_REPRESENTATION_CONTEXT(2) 
PARAMETRIC_REPRESENTATION_CONTEXT() REPRESENTATION_CONTEXT('2D SPACE',''
  ) );
#3020 = PCURVE('',#1701,#3021);
#3021 = DEFINITIONAL_REPRESENTATION('',(#3022),#3026);
#3022 = CIRCLE('',#3023,9.);
#3023 = AXIS2_PLACEMENT_2D('',#3024,#3025);
#3024 = CARTESIAN_POINT('',(102.,9.));
#3025 = DIRECTION('',(-0.707106781187,-0.707106781187));
#3026 = ( GEOMETRIC_REPRESENTATION_CONTEXT(2) 
PARAMETRIC_REPRESENTATION_CONTEXT() REPRESENTATION_CONTEXT('2D SPACE',''
  ) );
#3027 = ADVANCED_FACE('',(#3028),#1701,.T.);
#3028 = FACE_BOUND('',#3029,.T.);
#3029 = EDGE_LOOP('',(#3030,#3060,#3083,#3111,#3135,#3156,#3157,#3158,
    #3159,#3182,#3205,#3228,#3256,#3279,#3307,#3331,#3359,#3392,#3420,
    #3453,#3477,#3505,#3529));
#3030 = ORIENTED_EDGE('',*,*,#3031,.F.);
#3031 = EDGE_CURVE('',#3032,#3034,#3036,.T.);
#3032 = VERTEX_POINT('',#3033);
#3033 = CARTESIAN_POINT('',(97.5,156.,-42.));
#3034 = VERTEX_POINT('',#3035);
#3035 = CARTESIAN_POINT('',(37.5,156.,-42.));
#3036 = SURFACE_CURVE('',#3037,(#3041,#3048),.PCURVE_S1.);
#3037 = LINE('',#3038,#3039);
#3038 = CARTESIAN_POINT('',(99.,156.,-42.));
#3039 = VECTOR('',#3040,1.);
#3040 = DIRECTION('',(-1.,0.,0.));
#3041 = PCURVE('',#1701,#3042);
#3042 = DEFINITIONAL_REPRESENTATION('',(#3043),#3047);
#3043 = LINE('',#3044,#3045);
#3044 = CARTESIAN_POINT('',(31.5,141.));
#3045 = VECTOR('',#3046,1.);
#3046 = DIRECTION('',(1.,0.));
#3047 = ( GEOMETRIC_REPRESENTATION_CONTEXT(2) 
PARAMETRIC_REPRESENTATION_CONTEXT() REPRESENTATION_CONTEXT('2D SPACE',''
  ) );
#3048 = PCURVE('',#3049,#3054);
#3049 = CYLINDRICAL_SURFACE('',#3050,6.);
#3050 = AXIS2_PLACEMENT_3D('',#3051,#3052,#3053);
#3051 = CARTESIAN_POINT('',(99.,156.,-36.));
#3052 = DIRECTION('',(-1.,0.,0.));
#3053 = DIRECTION('',(0.,0.707106781187,-0.707106781187));
#3054 = DEFINITIONAL_REPRESENTATION('',(#3055),#3059);
#3055 = LINE('',#3056,#3057);
#3056 = CARTESIAN_POINT('',(7.068583470577,0.));
#3057 = VECTOR('',#3058,1.);
#3058 = DIRECTION('',(0.,1.));
#3059 = ( GEOMETRIC_REPRESENTATION_CONTEXT(2) 
PARAMETRIC_REPRESENTATION_CONTEXT() REPRESENTATION_CONTEXT('2D SPACE',''
  ) );
#3060 = ORIENTED_EDGE('',*,*,#3061,.T.);
#3061 = EDGE_CURVE('',#3032,#3062,#3064,.T.);
#3062 = VERTEX_POINT('',#3063);
#3063 = CARTESIAN_POINT('',(97.5,111.31160097069,-42.));
#3064 = SURFACE_CURVE('',#3065,(#3069,#3076),.PCURVE_S1.);
#3065 = LINE('',#3066,#3067);
#3066 = CARTESIAN_POINT('',(97.5,63.155800485347,-42.));
#3067 = VECTOR('',#3068,1.);
#3068 = DIRECTION('',(0.,-1.,0.));
#3069 = PCURVE('',#1701,#3070);
#3070 = DEFINITIONAL_REPRESENTATION('',(#3071),#3075);
#3071 = LINE('',#3072,#3073);
#3072 = CARTESIAN_POINT('',(33.,48.155800485347));
#3073 = VECTOR('',#3074,1.);
#3074 = DIRECTION('',(0.,-1.));
#3075 = ( GEOMETRIC_REPRESENTATION_CONTEXT(2) 
PARAMETRIC_REPRESENTATION_CONTEXT() REPRESENTATION_CONTEXT('2D SPACE',''
  ) );
#3076 = PCURVE('',#2581,#3077);
#3077 = DEFINITIONAL_REPRESENTATION('',(#3078),#3082);
#3078 = LINE('',#3079,#3080);
#3079 = CARTESIAN_POINT('',(-48.15580048534,42.));
#3080 = VECTOR('',#3081,1.);
#3081 = DIRECTION('',(-1.,0.));
#3082 = ( GEOMETRIC_REPRESENTATION_CONTEXT(2) 
PARAMETRIC_REPRESENTATION_CONTEXT() REPRESENTATION_CONTEXT('2D SPACE',''
  ) );
#3083 = ORIENTED_EDGE('',*,*,#3084,.T.);
#3084 = EDGE_CURVE('',#3062,#3085,#3087,.T.);
#3085 = VERTEX_POINT('',#3086);
#3086 = CARTESIAN_POINT('',(102.675,103.16486082509,-42.));
#3087 = SURFACE_CURVE('',#3088,(#3093,#3104),.PCURVE_S1.);
#3088 = CIRCLE('',#3089,9.);
#3089 = AXIS2_PLACEMENT_3D('',#3090,#3091,#3092);
#3090 = CARTESIAN_POINT('',(106.5,111.31160097069,-42.));
#3091 = DIRECTION('',(0.,0.,1.));
#3092 = DIRECTION('',(-1.,1.973729821556E-15,0.));
#3093 = PCURVE('',#1701,#3094);
#3094 = DEFINITIONAL_REPRESENTATION('',(#3095),#3103);
#3095 = ( BOUNDED_CURVE() B_SPLINE_CURVE(2,(#3096,#3097,#3098,#3099,
#3100,#3101,#3102),.UNSPECIFIED.,.T.,.F.) B_SPLINE_CURVE_WITH_KNOTS((1,2
    ,2,2,2,1),(-2.094395102393,0.,2.094395102393,4.188790204786,
6.28318530718,8.377580409573),.UNSPECIFIED.) CURVE() 
GEOMETRIC_REPRESENTATION_ITEM() RATIONAL_B_SPLINE_CURVE((1.,0.5,1.,0.5,
1.,0.5,1.)) REPRESENTATION_ITEM('') );
#3096 = CARTESIAN_POINT('',(33.,96.31160097069));
#3097 = CARTESIAN_POINT('',(33.,80.72314370257));
#3098 = CARTESIAN_POINT('',(19.5,88.51737233663));
#3099 = CARTESIAN_POINT('',(6.,96.31160097069));
#3100 = CARTESIAN_POINT('',(19.5,104.10582960475));
#3101 = CARTESIAN_POINT('',(33.,111.90005823881));
#3102 = CARTESIAN_POINT('',(33.,96.31160097069));
#3103 = ( GEOMETRIC_REPRESENTATION_CONTEXT(2) 
PARAMETRIC_REPRESENTATION_CONTEXT() REPRESENTATION_CONTEXT('2D SPACE',''
  ) );
#3104 = PCURVE('',#2555,#3105);
#3105 = DEFINITIONAL_REPRESENTATION('',(#3106),#3110);
#3106 = LINE('',#3107,#3108);
#3107 = CARTESIAN_POINT('',(6.28318530718,42.));
#3108 = VECTOR('',#3109,1.);
#3109 = DIRECTION('',(-1.,0.));
#3110 = ( GEOMETRIC_REPRESENTATION_CONTEXT(2) 
PARAMETRIC_REPRESENTATION_CONTEXT() REPRESENTATION_CONTEXT('2D SPACE',''
  ) );
#3111 = ORIENTED_EDGE('',*,*,#3112,.T.);
#3112 = EDGE_CURVE('',#3085,#3113,#3115,.T.);
#3113 = VERTEX_POINT('',#3114);
#3114 = CARTESIAN_POINT('',(130.5,69.278029157809,-42.));
#3115 = SURFACE_CURVE('',#3116,(#3121,#3128),.PCURVE_S1.);
#3116 = CIRCLE('',#3117,51.);
#3117 = AXIS2_PLACEMENT_3D('',#3118,#3119,#3120);
#3118 = CARTESIAN_POINT('',(81.,57.,-42.));
#3119 = DIRECTION('',(0.,0.,-1.));
#3120 = DIRECTION('',(0.970588235294,0.240745669761,0.));
#3121 = PCURVE('',#1701,#3122);
#3122 = DEFINITIONAL_REPRESENTATION('',(#3123),#3127);
#3123 = CIRCLE('',#3124,51.);
#3124 = AXIS2_PLACEMENT_2D('',#3125,#3126);
#3125 = CARTESIAN_POINT('',(49.5,42.));
#3126 = DIRECTION('',(-0.970588235294,0.240745669761));
#3127 = ( GEOMETRIC_REPRESENTATION_CONTEXT(2) 
PARAMETRIC_REPRESENTATION_CONTEXT() REPRESENTATION_CONTEXT('2D SPACE',''
  ) );
#3128 = PCURVE('',#2522,#3129);
#3129 = DEFINITIONAL_REPRESENTATION('',(#3130),#3134);
#3130 = LINE('',#3131,#3132);
#3131 = CARTESIAN_POINT('',(-8.881784197001E-16,42.));
#3132 = VECTOR('',#3133,1.);
#3133 = DIRECTION('',(1.,0.));
#3134 = ( GEOMETRIC_REPRESENTATION_CONTEXT(2) 
PARAMETRIC_REPRESENTATION_CONTEXT() REPRESENTATION_CONTEXT('2D SPACE',''
  ) );
#3135 = ORIENTED_EDGE('',*,*,#3136,.F.);
#3136 = EDGE_CURVE('',#2934,#3113,#3137,.T.);
#3137 = SURFACE_CURVE('',#3138,(#3142,#3149),.PCURVE_S1.);
#3138 = LINE('',#3139,#3140);
#3139 = CARTESIAN_POINT('',(130.5,15.,-42.));
#3140 = VECTOR('',#3141,1.);
#3141 = DIRECTION('',(0.,1.,0.));
#3142 = PCURVE('',#1701,#3143);
#3143 = DEFINITIONAL_REPRESENTATION('',(#3144),#3148);
#3144 = LINE('',#3145,#3146);
#3145 = CARTESIAN_POINT('',(0.,0.));
#3146 = VECTOR('',#3147,1.);
#3147 = DIRECTION('',(0.,1.));
#3148 = ( GEOMETRIC_REPRESENTATION_CONTEXT(2) 
PARAMETRIC_REPRESENTATION_CONTEXT() REPRESENTATION_CONTEXT('2D SPACE',''
  ) );
#3149 = PCURVE('',#2493,#3150);
#3150 = DEFINITIONAL_REPRESENTATION('',(#3151),#3155);
#3151 = LINE('',#3152,#3153);
#3152 = CARTESIAN_POINT('',(42.,0.));
#3153 = VECTOR('',#3154,1.);
#3154 = DIRECTION('',(0.,1.));
#3155 = ( GEOMETRIC_REPRESENTATION_CONTEXT(2) 
PARAMETRIC_REPRESENTATION_CONTEXT() REPRESENTATION_CONTEXT('2D SPACE',''
  ) );
#3156 = ORIENTED_EDGE('',*,*,#2956,.F.);
#3157 = ORIENTED_EDGE('',*,*,#1687,.F.);
#3158 = ORIENTED_EDGE('',*,*,#3006,.F.);
#3159 = ORIENTED_EDGE('',*,*,#3160,.T.);
#3160 = EDGE_CURVE('',#2982,#3161,#3163,.T.);
#3161 = VERTEX_POINT('',#3162);
#3162 = CARTESIAN_POINT('',(37.5,45.,-42.));
#3163 = SURFACE_CURVE('',#3164,(#3168,#3175),.PCURVE_S1.);
#3164 = LINE('',#3165,#3166);
#3165 = CARTESIAN_POINT('',(37.5,15.,-42.));
#3166 = VECTOR('',#3167,1.);
#3167 = DIRECTION('',(0.,1.,0.));
#3168 = PCURVE('',#1701,#3169);
#3169 = DEFINITIONAL_REPRESENTATION('',(#3170),#3174);
#3170 = LINE('',#3171,#3172);
#3171 = CARTESIAN_POINT('',(93.,0.));
#3172 = VECTOR('',#3173,1.);
#3173 = DIRECTION('',(0.,1.));
#3174 = ( GEOMETRIC_REPRESENTATION_CONTEXT(2) 
PARAMETRIC_REPRESENTATION_CONTEXT() REPRESENTATION_CONTEXT('2D SPACE',''
  ) );
#3175 = PCURVE('',#2414,#3176);
#3176 = DEFINITIONAL_REPRESENTATION('',(#3177),#3181);
#3177 = LINE('',#3178,#3179);
#3178 = CARTESIAN_POINT('',(0.,0.));
#3179 = VECTOR('',#3180,1.);
#3180 = DIRECTION('',(0.,1.));
#3181 = ( GEOMETRIC_REPRESENTATION_CONTEXT(2) 
PARAMETRIC_REPRESENTATION_CONTEXT() REPRESENTATION_CONTEXT('2D SPACE',''
  ) );
#3182 = ORIENTED_EDGE('',*,*,#3183,.T.);
#3183 = EDGE_CURVE('',#3161,#3184,#3186,.T.);
#3184 = VERTEX_POINT('',#3185);
#3185 = CARTESIAN_POINT('',(46.5,45.,-42.));
#3186 = SURFACE_CURVE('',#3187,(#3191,#3198),.PCURVE_S1.);
#3187 = LINE('',#3188,#3189);
#3188 = CARTESIAN_POINT('',(88.5,45.,-42.));
#3189 = VECTOR('',#3190,1.);
#3190 = DIRECTION('',(1.,0.,0.));
#3191 = PCURVE('',#1701,#3192);
#3192 = DEFINITIONAL_REPRESENTATION('',(#3193),#3197);
#3193 = LINE('',#3194,#3195);
#3194 = CARTESIAN_POINT('',(42.,30.));
#3195 = VECTOR('',#3196,1.);
#3196 = DIRECTION('',(-1.,0.));
#3197 = ( GEOMETRIC_REPRESENTATION_CONTEXT(2) 
PARAMETRIC_REPRESENTATION_CONTEXT() REPRESENTATION_CONTEXT('2D SPACE',''
  ) );
#3198 = PCURVE('',#2386,#3199);
#3199 = DEFINITIONAL_REPRESENTATION('',(#3200),#3204);
#3200 = LINE('',#3201,#3202);
#3201 = CARTESIAN_POINT('',(-42.,42.));
#3202 = VECTOR('',#3203,1.);
#3203 = DIRECTION('',(-1.,-0.));
#3204 = ( GEOMETRIC_REPRESENTATION_CONTEXT(2) 
PARAMETRIC_REPRESENTATION_CONTEXT() REPRESENTATION_CONTEXT('2D SPACE',''
  ) );
#3205 = ORIENTED_EDGE('',*,*,#3206,.T.);
#3206 = EDGE_CURVE('',#3184,#3207,#3209,.T.);
#3207 = VERTEX_POINT('',#3208);
#3208 = CARTESIAN_POINT('',(63.772029585268,32.674133133705,-42.));
#3209 = SURFACE_CURVE('',#3210,(#3214,#3221),.PCURVE_S1.);
#3210 = LINE('',#3211,#3212);
#3211 = CARTESIAN_POINT('',(90.056519644259,13.91668928403,-42.));
#3212 = VECTOR('',#3213,1.);
#3213 = DIRECTION('',(0.813985207366,-0.580885601637,0.));
#3214 = PCURVE('',#1701,#3215);
#3215 = DEFINITIONAL_REPRESENTATION('',(#3216),#3220);
#3216 = LINE('',#3217,#3218);
#3217 = CARTESIAN_POINT('',(40.443480355741,-1.08331071597));
#3218 = VECTOR('',#3219,1.);
#3219 = DIRECTION('',(-0.813985207366,-0.580885601637));
#3220 = ( GEOMETRIC_REPRESENTATION_CONTEXT(2) 
PARAMETRIC_REPRESENTATION_CONTEXT() REPRESENTATION_CONTEXT('2D SPACE',''
  ) );
#3221 = PCURVE('',#2868,#3222);
#3222 = DEFINITIONAL_REPRESENTATION('',(#3223),#3227);
#3223 = LINE('',#3224,#3225);
#3224 = CARTESIAN_POINT('',(-32.29111514697,42.));
#3225 = VECTOR('',#3226,1.);
#3226 = DIRECTION('',(-1.,-0.));
#3227 = ( GEOMETRIC_REPRESENTATION_CONTEXT(2) 
PARAMETRIC_REPRESENTATION_CONTEXT() REPRESENTATION_CONTEXT('2D SPACE',''
  ) );
#3228 = ORIENTED_EDGE('',*,*,#3229,.T.);
#3229 = EDGE_CURVE('',#3207,#3230,#3232,.T.);
#3230 = VERTEX_POINT('',#3231);
#3231 = CARTESIAN_POINT('',(74.546394116851,32.912157429756,-42.));
#3232 = SURFACE_CURVE('',#3233,(#3238,#3249),.PCURVE_S1.);
#3233 = CIRCLE('',#3234,9.);
#3234 = AXIS2_PLACEMENT_3D('',#3235,#3236,#3237);
#3235 = CARTESIAN_POINT('',(69.,40.,-42.));
#3236 = DIRECTION('',(0.,0.,1.));
#3237 = DIRECTION('',(-0.580885601637,-0.813985207366,0.));
#3238 = PCURVE('',#1701,#3239);
#3239 = DEFINITIONAL_REPRESENTATION('',(#3240),#3248);
#3240 = ( BOUNDED_CURVE() B_SPLINE_CURVE(2,(#3241,#3242,#3243,#3244,
#3245,#3246,#3247),.UNSPECIFIED.,.T.,.F.) B_SPLINE_CURVE_WITH_KNOTS((1,2
    ,2,2,2,1),(-2.094395102393,0.,2.094395102393,4.188790204786,
6.28318530718,8.377580409573),.UNSPECIFIED.) CURVE() 
GEOMETRIC_REPRESENTATION_ITEM() RATIONAL_B_SPLINE_CURVE((1.,0.5,1.,0.5,
1.,0.5,1.)) REPRESENTATION_ITEM('') );
#3241 = CARTESIAN_POINT('',(66.727970414733,17.674133133705));
#3242 = CARTESIAN_POINT('',(54.039196792826,8.61902275492));
#3243 = CARTESIAN_POINT('',(52.54162798168,24.135378243755));
#3244 = CARTESIAN_POINT('',(51.044059170533,39.651733732589));
#3245 = CARTESIAN_POINT('',(65.230401603587,33.19048862254));
#3246 = CARTESIAN_POINT('',(79.416744036641,26.729243512491));
#3247 = CARTESIAN_POINT('',(66.727970414733,17.674133133705));
#3248 = ( GEOMETRIC_REPRESENTATION_CONTEXT(2) 
PARAMETRIC_REPRESENTATION_CONTEXT() REPRESENTATION_CONTEXT('2D SPACE',''
  ) );
#3249 = PCURVE('',#2840,#3250);
#3250 = DEFINITIONAL_REPRESENTATION('',(#3251),#3255);
#3251 = LINE('',#3252,#3253);
#3252 = CARTESIAN_POINT('',(6.28318530718,42.));
#3253 = VECTOR('',#3254,1.);
#3254 = DIRECTION('',(-1.,0.));
#3255 = ( GEOMETRIC_REPRESENTATION_CONTEXT(2) 
PARAMETRIC_REPRESENTATION_CONTEXT() REPRESENTATION_CONTEXT('2D SPACE',''
  ) );
#3256 = ORIENTED_EDGE('',*,*,#3257,.T.);
#3257 = EDGE_CURVE('',#3230,#3258,#3260,.T.);
#3258 = VERTEX_POINT('',#3259);
#3259 = CARTESIAN_POINT('',(90.239625250156,45.183514683431,-42.));
#3260 = SURFACE_CURVE('',#3261,(#3265,#3272),.PCURVE_S1.);
#3261 = LINE('',#3262,#3263);
#3262 = CARTESIAN_POINT('',(95.408359918398,49.225218340548,-42.));
#3263 = VECTOR('',#3264,1.);
#3264 = DIRECTION('',(0.787755920666,0.615987507549,0.));
#3265 = PCURVE('',#1701,#3266);
#3266 = DEFINITIONAL_REPRESENTATION('',(#3267),#3271);
#3267 = LINE('',#3268,#3269);
#3268 = CARTESIAN_POINT('',(35.091640081602,34.225218340548));
#3269 = VECTOR('',#3270,1.);
#3270 = DIRECTION('',(-0.787755920666,0.615987507549));
#3271 = ( GEOMETRIC_REPRESENTATION_CONTEXT(2) 
PARAMETRIC_REPRESENTATION_CONTEXT() REPRESENTATION_CONTEXT('2D SPACE',''
  ) );
#3272 = PCURVE('',#2301,#3273);
#3273 = DEFINITIONAL_REPRESENTATION('',(#3274),#3278);
#3274 = LINE('',#3275,#3276);
#3275 = CARTESIAN_POINT('',(-6.561340299256,42.));
#3276 = VECTOR('',#3277,1.);
#3277 = DIRECTION('',(-1.,0.));
#3278 = ( GEOMETRIC_REPRESENTATION_CONTEXT(2) 
PARAMETRIC_REPRESENTATION_CONTEXT() REPRESENTATION_CONTEXT('2D SPACE',''
  ) );
#3279 = ORIENTED_EDGE('',*,*,#3280,.T.);
#3280 = EDGE_CURVE('',#3258,#3281,#3283,.T.);
#3281 = VERTEX_POINT('',#3282);
#3282 = CARTESIAN_POINT('',(94.801873783906,51.125625135122,-42.));
#3283 = SURFACE_CURVE('',#3284,(#3289,#3300),.PCURVE_S1.);
#3284 = CIRCLE('',#3285,15.);
#3285 = AXIS2_PLACEMENT_3D('',#3286,#3287,#3288);
#3286 = CARTESIAN_POINT('',(81.,57.,-42.));
#3287 = DIRECTION('',(0.,0.,1.));
#3288 = DIRECTION('',(0.615975016677,-0.787765687771,0.));
#3289 = PCURVE('',#1701,#3290);
#3290 = DEFINITIONAL_REPRESENTATION('',(#3291),#3299);
#3291 = ( BOUNDED_CURVE() B_SPLINE_CURVE(2,(#3292,#3293,#3294,#3295,
#3296,#3297,#3298),.UNSPECIFIED.,.T.,.F.) B_SPLINE_CURVE_WITH_KNOTS((1,2
    ,2,2,2,1),(-2.094395102393,0.,2.094395102393,4.188790204786,
6.28318530718,8.377580409573),.UNSPECIFIED.) CURVE() 
GEOMETRIC_REPRESENTATION_ITEM() RATIONAL_B_SPLINE_CURVE((1.,0.5,1.,0.5,
1.,0.5,1.)) REPRESENTATION_ITEM('') );
#3292 = CARTESIAN_POINT('',(40.260374749843,30.183514683432));
#3293 = CARTESIAN_POINT('',(19.793621814656,46.187015059601));
#3294 = CARTESIAN_POINT('',(43.886436157485,55.909992846368));
#3295 = CARTESIAN_POINT('',(67.979250500314,65.632970633135));
#3296 = CARTESIAN_POINT('',(64.353189092672,39.9064924702));
#3297 = CARTESIAN_POINT('',(60.72712768503,14.180014307264));
#3298 = CARTESIAN_POINT('',(40.260374749843,30.183514683432));
#3299 = ( GEOMETRIC_REPRESENTATION_CONTEXT(2) 
PARAMETRIC_REPRESENTATION_CONTEXT() REPRESENTATION_CONTEXT('2D SPACE',''
  ) );
#3300 = PCURVE('',#2273,#3301);
#3301 = DEFINITIONAL_REPRESENTATION('',(#3302),#3306);
#3302 = LINE('',#3303,#3304);
#3303 = CARTESIAN_POINT('',(6.28318530718,42.));
#3304 = VECTOR('',#3305,1.);
#3305 = DIRECTION('',(-1.,0.));
#3306 = ( GEOMETRIC_REPRESENTATION_CONTEXT(2) 
PARAMETRIC_REPRESENTATION_CONTEXT() REPRESENTATION_CONTEXT('2D SPACE',''
  ) );
#3307 = ORIENTED_EDGE('',*,*,#3308,.F.);
#3308 = EDGE_CURVE('',#3309,#3281,#3311,.T.);
#3309 = VERTEX_POINT('',#3310);
#3310 = CARTESIAN_POINT('',(104.,62.471768563376,-42.));
#3311 = SURFACE_CURVE('',#3312,(#3317,#3324),.PCURVE_S1.);
#3312 = CIRCLE('',#3313,22.95);
#3313 = AXIS2_PLACEMENT_3D('',#3314,#3315,#3316);
#3314 = CARTESIAN_POINT('',(82.5,70.5,-42.));
#3315 = DIRECTION('',(0.,0.,-1.));
#3316 = DIRECTION('',(1.,0.,0.));
#3317 = PCURVE('',#1701,#3318);
#3318 = DEFINITIONAL_REPRESENTATION('',(#3319),#3323);
#3319 = CIRCLE('',#3320,22.95);
#3320 = AXIS2_PLACEMENT_2D('',#3321,#3322);
#3321 = CARTESIAN_POINT('',(48.,55.5));
#3322 = DIRECTION('',(-1.,0.));
#3323 = ( GEOMETRIC_REPRESENTATION_CONTEXT(2) 
PARAMETRIC_REPRESENTATION_CONTEXT() REPRESENTATION_CONTEXT('2D SPACE',''
  ) );
#3324 = PCURVE('',#2094,#3325);
#3325 = DEFINITIONAL_REPRESENTATION('',(#3326),#3330);
#3326 = LINE('',#3327,#3328);
#3327 = CARTESIAN_POINT('',(-4.138911435803E-13,-25.5));
#3328 = VECTOR('',#3329,1.);
#3329 = DIRECTION('',(1.,-0.));
#3330 = ( GEOMETRIC_REPRESENTATION_CONTEXT(2) 
PARAMETRIC_REPRESENTATION_CONTEXT() REPRESENTATION_CONTEXT('2D SPACE',''
  ) );
#3331 = ORIENTED_EDGE('',*,*,#3332,.T.);
#3332 = EDGE_CURVE('',#3309,#3333,#3335,.T.);
#3333 = VERTEX_POINT('',#3334);
#3334 = CARTESIAN_POINT('',(104.,40.,-42.));
#3335 = SURFACE_CURVE('',#3336,(#3340,#3347),.PCURVE_S1.);
#3336 = LINE('',#3337,#3338);
#3337 = CARTESIAN_POINT('',(104.,42.5,-42.));
#3338 = VECTOR('',#3339,1.);
#3339 = DIRECTION('',(0.,-1.,0.));
#3340 = PCURVE('',#1701,#3341);
#3341 = DEFINITIONAL_REPRESENTATION('',(#3342),#3346);
#3342 = LINE('',#3343,#3344);
#3343 = CARTESIAN_POINT('',(26.5,27.5));
#3344 = VECTOR('',#3345,1.);
#3345 = DIRECTION('',(0.,-1.));
#3346 = ( GEOMETRIC_REPRESENTATION_CONTEXT(2) 
PARAMETRIC_REPRESENTATION_CONTEXT() REPRESENTATION_CONTEXT('2D SPACE',''
  ) );
#3347 = PCURVE('',#3348,#3353);
#3348 = PLANE('',#3349);
#3349 = AXIS2_PLACEMENT_3D('',#3350,#3351,#3352);
#3350 = CARTESIAN_POINT('',(104.,70.,-42.));
#3351 = DIRECTION('',(-1.,0.,0.));
#3352 = DIRECTION('',(0.,-1.,0.));
#3353 = DEFINITIONAL_REPRESENTATION('',(#3354),#3358);
#3354 = LINE('',#3355,#3356);
#3355 = CARTESIAN_POINT('',(27.5,0.));
#3356 = VECTOR('',#3357,1.);
#3357 = DIRECTION('',(1.,0.));
#3358 = ( GEOMETRIC_REPRESENTATION_CONTEXT(2) 
PARAMETRIC_REPRESENTATION_CONTEXT() REPRESENTATION_CONTEXT('2D SPACE',''
  ) );
#3359 = ORIENTED_EDGE('',*,*,#3360,.T.);
#3360 = EDGE_CURVE('',#3333,#3361,#3363,.T.);
#3361 = VERTEX_POINT('',#3362);
#3362 = CARTESIAN_POINT('',(121.99999989546,40.001371714289,-42.));
#3363 = SURFACE_CURVE('',#3364,(#3369,#3380),.PCURVE_S1.);
#3364 = CIRCLE('',#3365,9.);
#3365 = AXIS2_PLACEMENT_3D('',#3366,#3367,#3368);
#3366 = CARTESIAN_POINT('',(113.,40.,-42.));
#3367 = DIRECTION('',(0.,0.,1.));
#3368 = DIRECTION('',(0.999999988385,1.524126987783E-04,-0.));
#3369 = PCURVE('',#1701,#3370);
#3370 = DEFINITIONAL_REPRESENTATION('',(#3371),#3379);
#3371 = ( BOUNDED_CURVE() B_SPLINE_CURVE(2,(#3372,#3373,#3374,#3375,
#3376,#3377,#3378),.UNSPECIFIED.,.T.,.F.) B_SPLINE_CURVE_WITH_KNOTS((1,2
    ,2,2,2,1),(-2.094395102393,0.,2.094395102393,4.188790204786,
6.28318530718,8.377580409573),.UNSPECIFIED.) CURVE() 
GEOMETRIC_REPRESENTATION_ITEM() RATIONAL_B_SPLINE_CURVE((1.,0.5,1.,0.5,
1.,0.5,1.)) REPRESENTATION_ITEM('') );
#3372 = CARTESIAN_POINT('',(8.500000104533,25.001371714289));
#3373 = CARTESIAN_POINT('',(8.502375983375,40.589828801352));
#3374 = CARTESIAN_POINT('',(22.001187887154,32.793542686387));
#3375 = CARTESIAN_POINT('',(35.499999790933,24.997256571422));
#3376 = CARTESIAN_POINT('',(21.998812008312,17.205085599324));
#3377 = CARTESIAN_POINT('',(8.497624225691,9.412914627226));
#3378 = CARTESIAN_POINT('',(8.500000104533,25.001371714289));
#3379 = ( GEOMETRIC_REPRESENTATION_CONTEXT(2) 
PARAMETRIC_REPRESENTATION_CONTEXT() REPRESENTATION_CONTEXT('2D SPACE',''
  ) );
#3380 = PCURVE('',#3381,#3386);
#3381 = CYLINDRICAL_SURFACE('',#3382,9.);
#3382 = AXIS2_PLACEMENT_3D('',#3383,#3384,#3385);
#3383 = CARTESIAN_POINT('',(113.,40.,-42.));
#3384 = DIRECTION('',(0.,0.,1.));
#3385 = DIRECTION('',(7.620634960694E-05,-0.999999997096,0.));
#3386 = DEFINITIONAL_REPRESENTATION('',(#3387),#3391);
#3387 = LINE('',#3388,#3389);
#3388 = CARTESIAN_POINT('',(1.570872533145,0.));
#3389 = VECTOR('',#3390,1.);
#3390 = DIRECTION('',(1.,0.));
#3391 = ( GEOMETRIC_REPRESENTATION_CONTEXT(2) 
PARAMETRIC_REPRESENTATION_CONTEXT() REPRESENTATION_CONTEXT('2D SPACE',''
  ) );
#3392 = ORIENTED_EDGE('',*,*,#3393,.T.);
#3393 = EDGE_CURVE('',#3361,#3394,#3396,.T.);
#3394 = VERTEX_POINT('',#3395);
#3395 = CARTESIAN_POINT('',(122.,70.,-42.));
#3396 = SURFACE_CURVE('',#3397,(#3401,#3408),.PCURVE_S1.);
#3397 = LINE('',#3398,#3399);
#3398 = CARTESIAN_POINT('',(121.9999998519,27.500685871954,-42.));
#3399 = VECTOR('',#3400,1.);
#3400 = DIRECTION('',(3.484604062121E-09,1.,0.));
#3401 = PCURVE('',#1701,#3402);
#3402 = DEFINITIONAL_REPRESENTATION('',(#3403),#3407);
#3403 = LINE('',#3404,#3405);
#3404 = CARTESIAN_POINT('',(8.5000001481,12.500685871954));
#3405 = VECTOR('',#3406,1.);
#3406 = DIRECTION('',(-3.484604062121E-09,1.));
#3407 = ( GEOMETRIC_REPRESENTATION_CONTEXT(2) 
PARAMETRIC_REPRESENTATION_CONTEXT() REPRESENTATION_CONTEXT('2D SPACE',''
  ) );
#3408 = PCURVE('',#3409,#3414);
#3409 = PLANE('',#3410);
#3410 = AXIS2_PLACEMENT_3D('',#3411,#3412,#3413);
#3411 = CARTESIAN_POINT('',(121.99999989546,40.001371714289,-42.));
#3412 = DIRECTION('',(1.,-3.484604062121E-09,0.));
#3413 = DIRECTION('',(3.484604062121E-09,1.,0.));
#3414 = DEFINITIONAL_REPRESENTATION('',(#3415),#3419);
#3415 = LINE('',#3416,#3417);
#3416 = CARTESIAN_POINT('',(-12.50068584233,0.));
#3417 = VECTOR('',#3418,1.);
#3418 = DIRECTION('',(1.,0.));
#3419 = ( GEOMETRIC_REPRESENTATION_CONTEXT(2) 
PARAMETRIC_REPRESENTATION_CONTEXT() REPRESENTATION_CONTEXT('2D SPACE',''
  ) );
#3420 = ORIENTED_EDGE('',*,*,#3421,.T.);
#3421 = EDGE_CURVE('',#3394,#3422,#3424,.T.);
#3422 = VERTEX_POINT('',#3423);
#3423 = CARTESIAN_POINT('',(105.12389522803,74.355108910359,-42.));
#3424 = SURFACE_CURVE('',#3425,(#3430,#3441),.PCURVE_S1.);
#3425 = CIRCLE('',#3426,9.);
#3426 = AXIS2_PLACEMENT_3D('',#3427,#3428,#3429);
#3427 = CARTESIAN_POINT('',(113.,70.,-42.));
#3428 = DIRECTION('',(0.,0.,1.));
#3429 = DIRECTION('',(-1.,0.,0.));
#3430 = PCURVE('',#1701,#3431);
#3431 = DEFINITIONAL_REPRESENTATION('',(#3432),#3440);
#3432 = ( BOUNDED_CURVE() B_SPLINE_CURVE(2,(#3433,#3434,#3435,#3436,
#3437,#3438,#3439),.UNSPECIFIED.,.T.,.F.) B_SPLINE_CURVE_WITH_KNOTS((1,2
    ,2,2,2,1),(-2.094395102393,0.,2.094395102393,4.188790204786,
6.28318530718,8.377580409573),.UNSPECIFIED.) CURVE() 
GEOMETRIC_REPRESENTATION_ITEM() RATIONAL_B_SPLINE_CURVE((1.,0.5,1.,0.5,
1.,0.5,1.)) REPRESENTATION_ITEM('') );
#3433 = CARTESIAN_POINT('',(26.5,55.));
#3434 = CARTESIAN_POINT('',(26.5,39.41154273188));
#3435 = CARTESIAN_POINT('',(13.,47.20577136594));
#3436 = CARTESIAN_POINT('',(-0.5,55.));
#3437 = CARTESIAN_POINT('',(13.,62.79422863406));
#3438 = CARTESIAN_POINT('',(26.5,70.58845726812));
#3439 = CARTESIAN_POINT('',(26.5,55.));
#3440 = ( GEOMETRIC_REPRESENTATION_CONTEXT(2) 
PARAMETRIC_REPRESENTATION_CONTEXT() REPRESENTATION_CONTEXT('2D SPACE',''
  ) );
#3441 = PCURVE('',#3442,#3447);
#3442 = CYLINDRICAL_SURFACE('',#3443,9.);
#3443 = AXIS2_PLACEMENT_3D('',#3444,#3445,#3446);
#3444 = CARTESIAN_POINT('',(113.,70.,-42.));
#3445 = DIRECTION('',(0.,0.,1.));
#3446 = DIRECTION('',(-1.,0.,0.));
#3447 = DEFINITIONAL_REPRESENTATION('',(#3448),#3452);
#3448 = LINE('',#3449,#3450);
#3449 = CARTESIAN_POINT('',(0.,0.));
#3450 = VECTOR('',#3451,1.);
#3451 = DIRECTION('',(1.,0.));
#3452 = ( GEOMETRIC_REPRESENTATION_CONTEXT(2) 
PARAMETRIC_REPRESENTATION_CONTEXT() REPRESENTATION_CONTEXT('2D SPACE',''
  ) );
#3453 = ORIENTED_EDGE('',*,*,#3454,.F.);
#3454 = EDGE_CURVE('',#3455,#3422,#3457,.T.);
#3455 = VERTEX_POINT('',#3456);
#3456 = CARTESIAN_POINT('',(63.940568435429,84.,-42.));
#3457 = SURFACE_CURVE('',#3458,(#3463,#3470),.PCURVE_S1.);
#3458 = CIRCLE('',#3459,22.95);
#3459 = AXIS2_PLACEMENT_3D('',#3460,#3461,#3462);
#3460 = CARTESIAN_POINT('',(82.5,70.5,-42.));
#3461 = DIRECTION('',(0.,0.,-1.));
#3462 = DIRECTION('',(1.,0.,0.));
#3463 = PCURVE('',#1701,#3464);
#3464 = DEFINITIONAL_REPRESENTATION('',(#3465),#3469);
#3465 = CIRCLE('',#3466,22.95);
#3466 = AXIS2_PLACEMENT_2D('',#3467,#3468);
#3467 = CARTESIAN_POINT('',(48.,55.5));
#3468 = DIRECTION('',(-1.,0.));
#3469 = ( GEOMETRIC_REPRESENTATION_CONTEXT(2) 
PARAMETRIC_REPRESENTATION_CONTEXT() REPRESENTATION_CONTEXT('2D SPACE',''
  ) );
#3470 = PCURVE('',#2094,#3471);
#3471 = DEFINITIONAL_REPRESENTATION('',(#3472),#3476);
#3472 = LINE('',#3473,#3474);
#3473 = CARTESIAN_POINT('',(-4.138911435803E-13,-25.5));
#3474 = VECTOR('',#3475,1.);
#3475 = DIRECTION('',(1.,-0.));
#3476 = ( GEOMETRIC_REPRESENTATION_CONTEXT(2) 
PARAMETRIC_REPRESENTATION_CONTEXT() REPRESENTATION_CONTEXT('2D SPACE',''
  ) );
#3477 = ORIENTED_EDGE('',*,*,#3478,.T.);
#3478 = EDGE_CURVE('',#3455,#3479,#3481,.T.);
#3479 = VERTEX_POINT('',#3480);
#3480 = CARTESIAN_POINT('',(46.5,84.,-42.));
#3481 = SURFACE_CURVE('',#3482,(#3486,#3493),.PCURVE_S1.);
#3482 = LINE('',#3483,#3484);
#3483 = CARTESIAN_POINT('',(88.5,84.,-42.));
#3484 = VECTOR('',#3485,1.);
#3485 = DIRECTION('',(-1.,0.,0.));
#3486 = PCURVE('',#1701,#3487);
#3487 = DEFINITIONAL_REPRESENTATION('',(#3488),#3492);
#3488 = LINE('',#3489,#3490);
#3489 = CARTESIAN_POINT('',(42.,69.));
#3490 = VECTOR('',#3491,1.);
#3491 = DIRECTION('',(1.,0.));
#3492 = ( GEOMETRIC_REPRESENTATION_CONTEXT(2) 
PARAMETRIC_REPRESENTATION_CONTEXT() REPRESENTATION_CONTEXT('2D SPACE',''
  ) );
#3493 = PCURVE('',#3494,#3499);
#3494 = PLANE('',#3495);
#3495 = AXIS2_PLACEMENT_3D('',#3496,#3497,#3498);
#3496 = CARTESIAN_POINT('',(46.5,84.,0.));
#3497 = DIRECTION('',(0.,1.,0.));
#3498 = DIRECTION('',(1.,0.,0.));
#3499 = DEFINITIONAL_REPRESENTATION('',(#3500),#3504);
#3500 = LINE('',#3501,#3502);
#3501 = CARTESIAN_POINT('',(42.,42.));
#3502 = VECTOR('',#3503,1.);
#3503 = DIRECTION('',(-1.,0.));
#3504 = ( GEOMETRIC_REPRESENTATION_CONTEXT(2) 
PARAMETRIC_REPRESENTATION_CONTEXT() REPRESENTATION_CONTEXT('2D SPACE',''
  ) );
#3505 = ORIENTED_EDGE('',*,*,#3506,.T.);
#3506 = EDGE_CURVE('',#3479,#3507,#3509,.T.);
#3507 = VERTEX_POINT('',#3508);
#3508 = CARTESIAN_POINT('',(37.5,92.996133808522,-42.));
#3509 = SURFACE_CURVE('',#3510,(#3515,#3522),.PCURVE_S1.);
#3510 = CIRCLE('',#3511,9.000002494454);
#3511 = AXIS2_PLACEMENT_3D('',#3512,#3513,#3514);
#3512 = CARTESIAN_POINT('',(46.5,93.000002494454,-42.));
#3513 = DIRECTION('',(0.,0.,-1.));
#3514 = DIRECTION('',(-0.999999722838,7.445287257619E-04,0.));
#3515 = PCURVE('',#1701,#3516);
#3516 = DEFINITIONAL_REPRESENTATION('',(#3517),#3521);
#3517 = CIRCLE('',#3518,9.000002494454);
#3518 = AXIS2_PLACEMENT_2D('',#3519,#3520);
#3519 = CARTESIAN_POINT('',(84.,78.000002494454));
#3520 = DIRECTION('',(0.999999722838,7.445287257619E-04));
#3521 = ( GEOMETRIC_REPRESENTATION_CONTEXT(2) 
PARAMETRIC_REPRESENTATION_CONTEXT() REPRESENTATION_CONTEXT('2D SPACE',''
  ) );
#3522 = PCURVE('',#2033,#3523);
#3523 = DEFINITIONAL_REPRESENTATION('',(#3524),#3528);
#3524 = LINE('',#3525,#3526);
#3525 = CARTESIAN_POINT('',(-8.881784197001E-16,42.));
#3526 = VECTOR('',#3527,1.);
#3527 = DIRECTION('',(1.,0.));
#3528 = ( GEOMETRIC_REPRESENTATION_CONTEXT(2) 
PARAMETRIC_REPRESENTATION_CONTEXT() REPRESENTATION_CONTEXT('2D SPACE',''
  ) );
#3529 = ORIENTED_EDGE('',*,*,#3530,.T.);
#3530 = EDGE_CURVE('',#3507,#3034,#3531,.T.);
#3531 = SURFACE_CURVE('',#3532,(#3536,#3543),.PCURVE_S1.);
#3532 = LINE('',#3533,#3534);
#3533 = CARTESIAN_POINT('',(37.5,15.,-42.));
#3534 = VECTOR('',#3535,1.);
#3535 = DIRECTION('',(0.,1.,0.));
#3536 = PCURVE('',#1701,#3537);
#3537 = DEFINITIONAL_REPRESENTATION('',(#3538),#3542);
#3538 = LINE('',#3539,#3540);
#3539 = CARTESIAN_POINT('',(93.,0.));
#3540 = VECTOR('',#3541,1.);
#3541 = DIRECTION('',(0.,1.));
#3542 = ( GEOMETRIC_REPRESENTATION_CONTEXT(2) 
PARAMETRIC_REPRESENTATION_CONTEXT() REPRESENTATION_CONTEXT('2D SPACE',''
  ) );
#3543 = PCURVE('',#2004,#3544);
#3544 = DEFINITIONAL_REPRESENTATION('',(#3545),#3549);
#3545 = LINE('',#3546,#3547);
#3546 = CARTESIAN_POINT('',(0.,0.));
#3547 = VECTOR('',#3548,1.);
#3548 = DIRECTION('',(0.,1.));
#3549 = ( GEOMETRIC_REPRESENTATION_CONTEXT(2) 
PARAMETRIC_REPRESENTATION_CONTEXT() REPRESENTATION_CONTEXT('2D SPACE',''
  ) );
#3550 = ADVANCED_FACE('',(#3551),#1976,.T.);
#3551 = FACE_BOUND('',#3552,.T.);
#3552 = EDGE_LOOP('',(#3553,#3628,#3656,#3727,#3728,#3801));
#3553 = ORIENTED_EDGE('',*,*,#3554,.F.);
#3554 = EDGE_CURVE('',#3555,#3557,#3559,.T.);
#3555 = VERTEX_POINT('',#3556);
#3556 = CARTESIAN_POINT('',(61.93223563717,162.,-6.));
#3557 = VERTEX_POINT('',#3558);
#3558 = CARTESIAN_POINT('',(73.06776436283,162.,-6.));
#3559 = SURFACE_CURVE('',#3560,(#3566,#3595),.PCURVE_S1.);
#3560 = B_SPLINE_CURVE_WITH_KNOTS('',3,(#3561,#3562,#3563,#3564,#3565),
  .UNSPECIFIED.,.F.,.F.,(4,1,4),(-3.14159265359,0.448798950513,
    3.14159265359),.QUASI_UNIFORM_KNOTS.);
#3561 = CARTESIAN_POINT('',(61.93223563717,162.,-6.));
#3562 = CARTESIAN_POINT('',(63.96326511145,162.,-5.54766825893));
#3563 = CARTESIAN_POINT('',(67.787742109174,161.93946553246,
    -5.19570727942));
#3564 = CARTESIAN_POINT('',(71.54449225712,162.,-5.660751194197));
#3565 = CARTESIAN_POINT('',(73.06776436283,162.,-6.));
#3566 = PCURVE('',#1976,#3567);
#3567 = DEFINITIONAL_REPRESENTATION('',(#3568),#3594);
#3568 = B_SPLINE_CURVE_WITH_KNOTS('',3,(#3569,#3570,#3571,#3572,#3573,
    #3574,#3575,#3576,#3577,#3578,#3579,#3580,#3581,#3582,#3583,#3584,
    #3585,#3586,#3587,#3588,#3589,#3590,#3591,#3592,#3593),
  .UNSPECIFIED.,.F.,.F.,(4,1,1,1,1,1,1,1,1,1,1,1,1,1,1,1,1,1,1,1,1,1,4),
  (-3.14159265359,-2.855993321445,-2.570393989301,-2.284794657156,
    -1.999195325012,-1.713595992867,-1.427996660723,-1.142397328578,
    -0.856797996434,-0.571198664289,-0.285599332145,0.,0.285599332145,
    0.571198664289,0.856797996434,1.142397328578,1.427996660723,
    1.713595992867,1.999195325012,2.284794657156,2.570393989301,
    2.855993321445,3.14159265359),.UNSPECIFIED.);
#3569 = CARTESIAN_POINT('',(5.497787143782,28.18223563717));
#3570 = CARTESIAN_POINT('',(5.503784015924,28.343794799897));
#3571 = CARTESIAN_POINT('',(5.515247709052,28.668866873206));
#3572 = CARTESIAN_POINT('',(5.530846705179,29.16180320596));
#3573 = CARTESIAN_POINT('',(5.544842669196,29.659534740729));
#3574 = CARTESIAN_POINT('',(5.557229457123,30.161528456736));
#3575 = CARTESIAN_POINT('',(5.568000521972,30.667251333204));
#3576 = CARTESIAN_POINT('',(5.577148628415,31.176170349365));
#3577 = CARTESIAN_POINT('',(5.584665587229,31.68775248441));
#3578 = CARTESIAN_POINT('',(5.590542139899,32.201464717686));
#3579 = CARTESIAN_POINT('',(5.594767929988,32.716774027959));
#3580 = CARTESIAN_POINT('',(5.597331705372,33.233147396161));
#3581 = CARTESIAN_POINT('',(5.598221266139,33.750051795144));
#3582 = CARTESIAN_POINT('',(5.597424989694,34.266954227908));
#3583 = CARTESIAN_POINT('',(5.594928132842,34.783321584947));
#3584 = CARTESIAN_POINT('',(5.590731605328,35.298621253961));
#3585 = CARTESIAN_POINT('',(5.584856674012,35.812321301311));
#3586 = CARTESIAN_POINT('',(5.577320146692,36.323889660634));
#3587 = CARTESIAN_POINT('',(5.568138943571,36.832794301129));
#3588 = CARTESIAN_POINT('',(5.557328425002,37.338503182467));
#3589 = CARTESIAN_POINT('',(5.54490256672,37.840484266869));
#3590 = CARTESIAN_POINT('',(5.530873744432,38.338205515877));
#3591 = CARTESIAN_POINT('',(5.515252942988,38.831134891212));
#3592 = CARTESIAN_POINT('',(5.503783868304,39.156205200103));
#3593 = CARTESIAN_POINT('',(5.497787143782,39.31776436283));
#3594 = ( GEOMETRIC_REPRESENTATION_CONTEXT(2) 
PARAMETRIC_REPRESENTATION_CONTEXT() REPRESENTATION_CONTEXT('2D SPACE',''
  ) );
#3595 = PCURVE('',#3596,#3622);
#3596 = B_SPLINE_SURFACE_WITH_KNOTS('',3,3,(
    (#3597,#3598,#3599,#3600,#3601)
    ,(#3602,#3603,#3604,#3605,#3606)
    ,(#3607,#3608,#3609,#3610,#3611)
    ,(#3612,#3613,#3614,#3615,#3616)
    ,(#3617,#3618,#3619,#3620,#3621
  )),.UNSPECIFIED.,.F.,.F.,.F.,(4,1,4),(4,1,4),(0.,0.571428571429,1.),(
    -3.14159265359,-0.448798950513,3.14159265359),.UNSPECIFIED.);
#3597 = CARTESIAN_POINT('',(73.06776436283,162.,-6.));
#3598 = CARTESIAN_POINT('',(71.54449225712,162.,-5.660751194197));
#3599 = CARTESIAN_POINT('',(67.787742109174,161.93946553246,
    -5.19570727942));
#3600 = CARTESIAN_POINT('',(63.96326511145,162.,-5.54766825893));
#3601 = CARTESIAN_POINT('',(61.93223563717,162.,-6.));
#3602 = CARTESIAN_POINT('',(72.651296562373,162.,-7.121997376282));
#3603 = CARTESIAN_POINT('',(71.256758380281,162.06521556805,
    -6.787252696537));
#3604 = CARTESIAN_POINT('',(67.771183292453,162.08924262801,
    -6.297854342581));
#3605 = CARTESIAN_POINT('',(64.208087680417,162.08695409073,
    -6.675671136622));
#3606 = CARTESIAN_POINT('',(62.348703437627,162.,-7.121997376282));
#3607 = CARTESIAN_POINT('',(71.93033871894,163.00466518478,
    -9.064315144558));
#3608 = CARTESIAN_POINT('',(70.755408541926,163.10580252885,
    -8.683251782333));
#3609 = CARTESIAN_POINT('',(67.741504474073,163.16878920358,
    -8.104429057427));
#3610 = CARTESIAN_POINT('',(64.636234850412,163.13951497687,
    -8.556230661591));
#3611 = CARTESIAN_POINT('',(63.06966128106,163.00466518478,
    -9.064315144558));
#3612 = CARTESIAN_POINT('',(71.675823272122,165.10240209897,-9.75));
#3613 = CARTESIAN_POINT('',(70.55032002545,165.13225218967,
    -9.331667689757));
#3614 = CARTESIAN_POINT('',(67.721556867263,165.08079873432,
    -8.737411180896));
#3615 = CARTESIAN_POINT('',(64.824847723441,165.1422022199,
    -9.192223586342));
#3616 = CARTESIAN_POINT('',(63.324176727878,165.10240209897,-9.75));
#3617 = CARTESIAN_POINT('',(71.675823272122,166.,-9.75));
#3618 = CARTESIAN_POINT('',(70.53336919284,166.,-9.325938992747));
#3619 = CARTESIAN_POINT('',(67.71580658188,165.89910922078,
    -8.744634099275));
#3620 = CARTESIAN_POINT('',(64.847448833588,166.,-9.184585323662));
#3621 = CARTESIAN_POINT('',(63.324176727878,166.,-9.75));
#3622 = DEFINITIONAL_REPRESENTATION('',(#3623),#3627);
#3623 = LINE('',#3624,#3625);
#3624 = CARTESIAN_POINT('',(9.141439856638E-17,8.881784197001E-16));
#3625 = VECTOR('',#3626,1.);
#3626 = DIRECTION('',(5.627095394029E-17,-1.));
#3627 = ( GEOMETRIC_REPRESENTATION_CONTEXT(2) 
PARAMETRIC_REPRESENTATION_CONTEXT() REPRESENTATION_CONTEXT('2D SPACE',''
  ) );
#3628 = ORIENTED_EDGE('',*,*,#3629,.T.);
#3629 = EDGE_CURVE('',#3555,#3630,#3632,.T.);
#3630 = VERTEX_POINT('',#3631);
#3631 = CARTESIAN_POINT('',(43.5,162.,-6.));
#3632 = SURFACE_CURVE('',#3633,(#3637,#3644),.PCURVE_S1.);
#3633 = LINE('',#3634,#3635);
#3634 = CARTESIAN_POINT('',(33.75,162.,-6.));
#3635 = VECTOR('',#3636,1.);
#3636 = DIRECTION('',(-1.,0.,0.));
#3637 = PCURVE('',#1976,#3638);
#3638 = DEFINITIONAL_REPRESENTATION('',(#3639),#3643);
#3639 = LINE('',#3640,#3641);
#3640 = CARTESIAN_POINT('',(5.497787143782,0.));
#3641 = VECTOR('',#3642,1.);
#3642 = DIRECTION('',(0.,-1.));
#3643 = ( GEOMETRIC_REPRESENTATION_CONTEXT(2) 
PARAMETRIC_REPRESENTATION_CONTEXT() REPRESENTATION_CONTEXT('2D SPACE',''
  ) );
#3644 = PCURVE('',#3645,#3650);
#3645 = PLANE('',#3646);
#3646 = AXIS2_PLACEMENT_3D('',#3647,#3648,#3649);
#3647 = CARTESIAN_POINT('',(67.5,162.,-21.));
#3648 = DIRECTION('',(0.,1.,0.));
#3649 = DIRECTION('',(0.,-0.,1.));
#3650 = DEFINITIONAL_REPRESENTATION('',(#3651),#3655);
#3651 = LINE('',#3652,#3653);
#3652 = CARTESIAN_POINT('',(15.,-33.75));
#3653 = VECTOR('',#3654,1.);
#3654 = DIRECTION('',(0.,-1.));
#3655 = ( GEOMETRIC_REPRESENTATION_CONTEXT(2) 
PARAMETRIC_REPRESENTATION_CONTEXT() REPRESENTATION_CONTEXT('2D SPACE',''
  ) );
#3656 = ORIENTED_EDGE('',*,*,#3657,.T.);
#3657 = EDGE_CURVE('',#3630,#1959,#3658,.T.);
#3658 = SURFACE_CURVE('',#3659,(#3664,#3693),.PCURVE_S1.);
#3659 = ELLIPSE('',#3660,8.485281374239,6.);
#3660 = AXIS2_PLACEMENT_3D('',#3661,#3662,#3663);
#3661 = CARTESIAN_POINT('',(43.5,156.,-6.));
#3662 = DIRECTION('',(0.707106781187,0.,0.707106781187));
#3663 = DIRECTION('',(-0.707106781187,0.,0.707106781187));
#3664 = PCURVE('',#1976,#3665);
#3665 = DEFINITIONAL_REPRESENTATION('',(#3666),#3692);
#3666 = B_SPLINE_CURVE_WITH_KNOTS('',3,(#3667,#3668,#3669,#3670,#3671,
    #3672,#3673,#3674,#3675,#3676,#3677,#3678,#3679,#3680,#3681,#3682,
    #3683,#3684,#3685,#3686,#3687,#3688,#3689,#3690,#3691),
  .UNSPECIFIED.,.F.,.F.,(4,1,1,1,1,1,1,1,1,1,1,1,1,1,1,1,1,1,1,1,1,1,4),
  (4.712388980385,4.783788813421,4.855188646457,4.926588479493,
    4.997988312529,5.069388145565,5.140787978601,5.212187811638,
    5.283587644674,5.35498747771,5.426387310746,5.497787143782,
    5.569186976818,5.640586809854,5.711986642891,5.783386475927,
    5.854786308963,5.926186141999,5.997585975035,6.068985808071,
    6.140385641107,6.211785474143,6.28318530718),.UNSPECIFIED.);
#3667 = CARTESIAN_POINT('',(5.497787143782,9.75));
#3668 = CARTESIAN_POINT('',(5.521587088128,9.607199222589));
#3669 = CARTESIAN_POINT('',(5.569186976818,9.321601589023));
#3670 = CARTESIAN_POINT('',(5.640586809854,8.895385009364));
#3671 = CARTESIAN_POINT('',(5.711986642891,8.473524195684));
#3672 = CARTESIAN_POINT('',(5.783386475927,8.058167783992));
#3673 = CARTESIAN_POINT('',(5.854786308963,7.651432622057));
#3674 = CARTESIAN_POINT('',(5.926186141999,7.255391262212));
#3675 = CARTESIAN_POINT('',(5.997585975035,6.872061861028));
#3676 = CARTESIAN_POINT('',(6.068985808071,6.503397771753));
#3677 = CARTESIAN_POINT('',(6.140385641107,6.151277623558));
#3678 = CARTESIAN_POINT('',(6.211785474143,5.817495739605));
#3679 = CARTESIAN_POINT('',(6.28318530718,5.503752995992));
#3680 = CARTESIAN_POINT('',(6.354585140216,5.211648153711));
#3681 = CARTESIAN_POINT('',(6.425984973252,4.942669712412));
#3682 = CARTESIAN_POINT('',(6.497384806288,4.698188323364));
#3683 = CARTESIAN_POINT('',(6.568784639324,4.479449812211));
#3684 = CARTESIAN_POINT('',(6.64018447236,4.287568803373));
#3685 = CARTESIAN_POINT('',(6.711584305396,4.123523141536));
#3686 = CARTESIAN_POINT('',(6.782984138433,3.988148530492));
#3687 = CARTESIAN_POINT('',(6.854383971469,3.882135686374));
#3688 = CARTESIAN_POINT('',(6.925783804505,3.806021549051));
#3689 = CARTESIAN_POINT('',(6.997183637541,3.760206209708));
#3690 = CARTESIAN_POINT('',(7.044783526232,3.749987060667));
#3691 = CARTESIAN_POINT('',(7.068583470577,3.75));
#3692 = ( GEOMETRIC_REPRESENTATION_CONTEXT(2) 
PARAMETRIC_REPRESENTATION_CONTEXT() REPRESENTATION_CONTEXT('2D SPACE',''
  ) );
#3693 = PCURVE('',#3694,#3699);
#3694 = CYLINDRICAL_SURFACE('',#3695,6.);
#3695 = AXIS2_PLACEMENT_3D('',#3696,#3697,#3698);
#3696 = CARTESIAN_POINT('',(43.5,156.,-31.5));
#3697 = DIRECTION('',(-1.057355261548E-16,0.,1.));
#3698 = DIRECTION('',(-0.707106781187,0.707106781187,-7.476630755639E-17
    ));
#3699 = DEFINITIONAL_REPRESENTATION('',(#3700),#3726);
#3700 = B_SPLINE_CURVE_WITH_KNOTS('',3,(#3701,#3702,#3703,#3704,#3705,
    #3706,#3707,#3708,#3709,#3710,#3711,#3712,#3713,#3714,#3715,#3716,
    #3717,#3718,#3719,#3720,#3721,#3722,#3723,#3724,#3725),
  .UNSPECIFIED.,.F.,.F.,(4,1,1,1,1,1,1,1,1,1,1,1,1,1,1,1,1,1,1,1,1,1,4),
  (4.712388980385,4.783788813421,4.855188646457,4.926588479493,
    4.997988312529,5.069388145565,5.140787978601,5.212187811638,
    5.283587644674,5.35498747771,5.426387310746,5.497787143782,
    5.569186976818,5.640586809854,5.711986642891,5.783386475927,
    5.854786308963,5.926186141999,5.997585975035,6.068985808071,
    6.140385641107,6.211785474143,6.28318530718),.UNSPECIFIED.);
#3701 = CARTESIAN_POINT('',(5.497787143782,25.5));
#3702 = CARTESIAN_POINT('',(5.521587088128,25.642800777411));
#3703 = CARTESIAN_POINT('',(5.569186976818,25.928398410977));
#3704 = CARTESIAN_POINT('',(5.640586809854,26.354614990636));
#3705 = CARTESIAN_POINT('',(5.711986642891,26.776475804316));
#3706 = CARTESIAN_POINT('',(5.783386475927,27.191832216008));
#3707 = CARTESIAN_POINT('',(5.854786308963,27.598567377943));
#3708 = CARTESIAN_POINT('',(5.926186141999,27.994608737788));
#3709 = CARTESIAN_POINT('',(5.997585975035,28.377938138972));
#3710 = CARTESIAN_POINT('',(6.068985808071,28.746602228247));
#3711 = CARTESIAN_POINT('',(6.140385641107,29.098722376442));
#3712 = CARTESIAN_POINT('',(6.211785474143,29.432504260395));
#3713 = CARTESIAN_POINT('',(6.28318530718,29.746247004008));
#3714 = CARTESIAN_POINT('',(6.354585140216,30.038351846289));
#3715 = CARTESIAN_POINT('',(6.425984973252,30.307330287588));
#3716 = CARTESIAN_POINT('',(6.497384806288,30.551811676636));
#3717 = CARTESIAN_POINT('',(6.568784639324,30.770550187789));
#3718 = CARTESIAN_POINT('',(6.64018447236,30.962431196627));
#3719 = CARTESIAN_POINT('',(6.711584305396,31.126476858464));
#3720 = CARTESIAN_POINT('',(6.782984138433,31.261851469508));
#3721 = CARTESIAN_POINT('',(6.854383971469,31.367864313626));
#3722 = CARTESIAN_POINT('',(6.925783804505,31.443978450949));
#3723 = CARTESIAN_POINT('',(6.997183637541,31.489793790292));
#3724 = CARTESIAN_POINT('',(7.044783526232,31.500012939333));
#3725 = CARTESIAN_POINT('',(7.068583470577,31.5));
#3726 = ( GEOMETRIC_REPRESENTATION_CONTEXT(2) 
PARAMETRIC_REPRESENTATION_CONTEXT() REPRESENTATION_CONTEXT('2D SPACE',''
  ) );
#3727 = ORIENTED_EDGE('',*,*,#1958,.T.);
#3728 = ORIENTED_EDGE('',*,*,#3729,.F.);
#3729 = EDGE_CURVE('',#3730,#1961,#3732,.T.);
#3730 = VERTEX_POINT('',#3731);
#3731 = CARTESIAN_POINT('',(91.5,162.,-6.));
#3732 = SURFACE_CURVE('',#3733,(#3738,#3767),.PCURVE_S1.);
#3733 = ELLIPSE('',#3734,8.485281374239,6.);
#3734 = AXIS2_PLACEMENT_3D('',#3735,#3736,#3737);
#3735 = CARTESIAN_POINT('',(91.5,156.,-6.));
#3736 = DIRECTION('',(0.707106781187,0.,-0.707106781187));
#3737 = DIRECTION('',(0.707106781187,0.,0.707106781187));
#3738 = PCURVE('',#1976,#3739);
#3739 = DEFINITIONAL_REPRESENTATION('',(#3740),#3766);
#3740 = B_SPLINE_CURVE_WITH_KNOTS('',3,(#3741,#3742,#3743,#3744,#3745,
    #3746,#3747,#3748,#3749,#3750,#3751,#3752,#3753,#3754,#3755,#3756,
    #3757,#3758,#3759,#3760,#3761,#3762,#3763,#3764,#3765),
  .UNSPECIFIED.,.F.,.F.,(4,1,1,1,1,1,1,1,1,1,1,1,1,1,1,1,1,1,1,1,1,1,4),
  (4.712388980385,4.783788813421,4.855188646457,4.926588479493,
    4.997988312529,5.069388145565,5.140787978601,5.212187811638,
    5.283587644674,5.35498747771,5.426387310746,5.497787143782,
    5.569186976818,5.640586809854,5.711986642891,5.783386475927,
    5.854786308963,5.926186141999,5.997585975035,6.068985808071,
    6.140385641107,6.211785474143,6.28318530718),.UNSPECIFIED.);
#3741 = CARTESIAN_POINT('',(5.497787143782,57.75));
#3742 = CARTESIAN_POINT('',(5.521587088128,57.892800777411));
#3743 = CARTESIAN_POINT('',(5.569186976818,58.178398410977));
#3744 = CARTESIAN_POINT('',(5.640586809854,58.604614990636));
#3745 = CARTESIAN_POINT('',(5.711986642891,59.026475804316));
#3746 = CARTESIAN_POINT('',(5.783386475927,59.441832216008));
#3747 = CARTESIAN_POINT('',(5.854786308963,59.848567377943));
#3748 = CARTESIAN_POINT('',(5.926186141999,60.244608737788));
#3749 = CARTESIAN_POINT('',(5.997585975035,60.627938138972));
#3750 = CARTESIAN_POINT('',(6.068985808071,60.996602228247));
#3751 = CARTESIAN_POINT('',(6.140385641107,61.348722376442));
#3752 = CARTESIAN_POINT('',(6.211785474143,61.682504260395));
#3753 = CARTESIAN_POINT('',(6.28318530718,61.996247004008));
#3754 = CARTESIAN_POINT('',(6.354585140216,62.288351846289));
#3755 = CARTESIAN_POINT('',(6.425984973252,62.557330287588));
#3756 = CARTESIAN_POINT('',(6.497384806288,62.801811676636));
#3757 = CARTESIAN_POINT('',(6.568784639324,63.020550187789));
#3758 = CARTESIAN_POINT('',(6.64018447236,63.212431196627));
#3759 = CARTESIAN_POINT('',(6.711584305396,63.376476858464));
#3760 = CARTESIAN_POINT('',(6.782984138433,63.511851469508));
#3761 = CARTESIAN_POINT('',(6.854383971469,63.617864313626));
#3762 = CARTESIAN_POINT('',(6.925783804505,63.693978450949));
#3763 = CARTESIAN_POINT('',(6.997183637541,63.739793790292));
#3764 = CARTESIAN_POINT('',(7.044783526232,63.750012939333));
#3765 = CARTESIAN_POINT('',(7.068583470577,63.75));
#3766 = ( GEOMETRIC_REPRESENTATION_CONTEXT(2) 
PARAMETRIC_REPRESENTATION_CONTEXT() REPRESENTATION_CONTEXT('2D SPACE',''
  ) );
#3767 = PCURVE('',#3768,#3773);
#3768 = CYLINDRICAL_SURFACE('',#3769,6.);
#3769 = AXIS2_PLACEMENT_3D('',#3770,#3771,#3772);
#3770 = CARTESIAN_POINT('',(91.5,156.,-10.5));
#3771 = DIRECTION('',(0.,0.,-1.));
#3772 = DIRECTION('',(0.707106781187,0.707106781187,0.));
#3773 = DEFINITIONAL_REPRESENTATION('',(#3774),#3800);
#3774 = B_SPLINE_CURVE_WITH_KNOTS('',3,(#3775,#3776,#3777,#3778,#3779,
    #3780,#3781,#3782,#3783,#3784,#3785,#3786,#3787,#3788,#3789,#3790,
    #3791,#3792,#3793,#3794,#3795,#3796,#3797,#3798,#3799),
  .UNSPECIFIED.,.F.,.F.,(4,1,1,1,1,1,1,1,1,1,1,1,1,1,1,1,1,1,1,1,1,1,4),
  (4.712388980385,4.783788813421,4.855188646457,4.926588479493,
    4.997988312529,5.069388145565,5.140787978601,5.212187811638,
    5.283587644674,5.35498747771,5.426387310746,5.497787143782,
    5.569186976818,5.640586809854,5.711986642891,5.783386475927,
    5.854786308963,5.926186141999,5.997585975035,6.068985808071,
    6.140385641107,6.211785474143,6.28318530718),.UNSPECIFIED.);
#3775 = CARTESIAN_POINT('',(5.497787143782,-4.5));
#3776 = CARTESIAN_POINT('',(5.521587088128,-4.642800777411));
#3777 = CARTESIAN_POINT('',(5.569186976818,-4.928398410977));
#3778 = CARTESIAN_POINT('',(5.640586809854,-5.354614990636));
#3779 = CARTESIAN_POINT('',(5.711986642891,-5.776475804316));
#3780 = CARTESIAN_POINT('',(5.783386475927,-6.191832216008));
#3781 = CARTESIAN_POINT('',(5.854786308963,-6.598567377943));
#3782 = CARTESIAN_POINT('',(5.926186141999,-6.994608737788));
#3783 = CARTESIAN_POINT('',(5.997585975035,-7.377938138972));
#3784 = CARTESIAN_POINT('',(6.068985808071,-7.746602228247));
#3785 = CARTESIAN_POINT('',(6.140385641107,-8.098722376442));
#3786 = CARTESIAN_POINT('',(6.211785474143,-8.432504260395));
#3787 = CARTESIAN_POINT('',(6.28318530718,-8.746247004008));
#3788 = CARTESIAN_POINT('',(6.354585140216,-9.038351846289));
#3789 = CARTESIAN_POINT('',(6.425984973252,-9.307330287588));
#3790 = CARTESIAN_POINT('',(6.497384806288,-9.551811676636));
#3791 = CARTESIAN_POINT('',(6.568784639324,-9.770550187789));
#3792 = CARTESIAN_POINT('',(6.64018447236,-9.962431196627));
#3793 = CARTESIAN_POINT('',(6.711584305396,-10.12647685846));
#3794 = CARTESIAN_POINT('',(6.782984138433,-10.2618514695));
#3795 = CARTESIAN_POINT('',(6.854383971469,-10.36786431362));
#3796 = CARTESIAN_POINT('',(6.925783804505,-10.44397845094));
#3797 = CARTESIAN_POINT('',(6.997183637541,-10.48979379029));
#3798 = CARTESIAN_POINT('',(7.044783526232,-10.50001293933));
#3799 = CARTESIAN_POINT('',(7.068583470577,-10.5));
#3800 = ( GEOMETRIC_REPRESENTATION_CONTEXT(2) 
PARAMETRIC_REPRESENTATION_CONTEXT() REPRESENTATION_CONTEXT('2D SPACE',''
  ) );
#3801 = ORIENTED_EDGE('',*,*,#3802,.T.);
#3802 = EDGE_CURVE('',#3730,#3557,#3803,.T.);
#3803 = SURFACE_CURVE('',#3804,(#3808,#3815),.PCURVE_S1.);
#3804 = LINE('',#3805,#3806);
#3805 = CARTESIAN_POINT('',(33.75,162.,-6.));
#3806 = VECTOR('',#3807,1.);
#3807 = DIRECTION('',(-1.,0.,0.));
#3808 = PCURVE('',#1976,#3809);
#3809 = DEFINITIONAL_REPRESENTATION('',(#3810),#3814);
#3810 = LINE('',#3811,#3812);
#3811 = CARTESIAN_POINT('',(5.497787143782,0.));
#3812 = VECTOR('',#3813,1.);
#3813 = DIRECTION('',(0.,-1.));
#3814 = ( GEOMETRIC_REPRESENTATION_CONTEXT(2) 
PARAMETRIC_REPRESENTATION_CONTEXT() REPRESENTATION_CONTEXT('2D SPACE',''
  ) );
#3815 = PCURVE('',#3816,#3821);
#3816 = PLANE('',#3817);
#3817 = AXIS2_PLACEMENT_3D('',#3818,#3819,#3820);
#3818 = CARTESIAN_POINT('',(67.5,162.,-21.));
#3819 = DIRECTION('',(0.,1.,0.));
#3820 = DIRECTION('',(0.,-0.,1.));
#3821 = DEFINITIONAL_REPRESENTATION('',(#3822),#3826);
#3822 = LINE('',#3823,#3824);
#3823 = CARTESIAN_POINT('',(15.,-33.75));
#3824 = VECTOR('',#3825,1.);
#3825 = DIRECTION('',(0.,-1.));
#3826 = ( GEOMETRIC_REPRESENTATION_CONTEXT(2) 
PARAMETRIC_REPRESENTATION_CONTEXT() REPRESENTATION_CONTEXT('2D SPACE',''
  ) );
#3827 = ADVANCED_FACE('',(#3828,#3874),#2581,.F.);
#3828 = FACE_BOUND('',#3829,.T.);
#3829 = EDGE_LOOP('',(#3830,#3851,#3852,#3873));
#3830 = ORIENTED_EDGE('',*,*,#3831,.F.);
#3831 = EDGE_CURVE('',#1961,#3032,#3832,.T.);
#3832 = SURFACE_CURVE('',#3833,(#3837,#3844),.PCURVE_S1.);
#3833 = LINE('',#3834,#3835);
#3834 = CARTESIAN_POINT('',(97.5,156.,-10.5));
#3835 = VECTOR('',#3836,1.);
#3836 = DIRECTION('',(0.,0.,-1.));
#3837 = PCURVE('',#2581,#3838);
#3838 = DEFINITIONAL_REPRESENTATION('',(#3839),#3843);
#3839 = LINE('',#3840,#3841);
#3840 = CARTESIAN_POINT('',(44.68839902931,10.5));
#3841 = VECTOR('',#3842,1.);
#3842 = DIRECTION('',(0.,1.));
#3843 = ( GEOMETRIC_REPRESENTATION_CONTEXT(2) 
PARAMETRIC_REPRESENTATION_CONTEXT() REPRESENTATION_CONTEXT('2D SPACE',''
  ) );
#3844 = PCURVE('',#3768,#3845);
#3845 = DEFINITIONAL_REPRESENTATION('',(#3846),#3850);
#3846 = LINE('',#3847,#3848);
#3847 = CARTESIAN_POINT('',(7.068583470577,0.));
#3848 = VECTOR('',#3849,1.);
#3849 = DIRECTION('',(0.,1.));
#3850 = ( GEOMETRIC_REPRESENTATION_CONTEXT(2) 
PARAMETRIC_REPRESENTATION_CONTEXT() REPRESENTATION_CONTEXT('2D SPACE',''
  ) );
#3851 = ORIENTED_EDGE('',*,*,#2567,.F.);
#3852 = ORIENTED_EDGE('',*,*,#3853,.T.);
#3853 = EDGE_CURVE('',#2535,#3062,#3854,.T.);
#3854 = SURFACE_CURVE('',#3855,(#3859,#3866),.PCURVE_S1.);
#3855 = LINE('',#3856,#3857);
#3856 = CARTESIAN_POINT('',(97.5,111.31160097069,0.));
#3857 = VECTOR('',#3858,1.);
#3858 = DIRECTION('',(0.,0.,-1.));
#3859 = PCURVE('',#2581,#3860);
#3860 = DEFINITIONAL_REPRESENTATION('',(#3861),#3865);
#3861 = LINE('',#3862,#3863);
#3862 = CARTESIAN_POINT('',(0.,0.));
#3863 = VECTOR('',#3864,1.);
#3864 = DIRECTION('',(0.,1.));
#3865 = ( GEOMETRIC_REPRESENTATION_CONTEXT(2) 
PARAMETRIC_REPRESENTATION_CONTEXT() REPRESENTATION_CONTEXT('2D SPACE',''
  ) );
#3866 = PCURVE('',#2555,#3867);
#3867 = DEFINITIONAL_REPRESENTATION('',(#3868),#3872);
#3868 = LINE('',#3869,#3870);
#3869 = CARTESIAN_POINT('',(6.28318530718,0.));
#3870 = VECTOR('',#3871,1.);
#3871 = DIRECTION('',(0.,1.));
#3872 = ( GEOMETRIC_REPRESENTATION_CONTEXT(2) 
PARAMETRIC_REPRESENTATION_CONTEXT() REPRESENTATION_CONTEXT('2D SPACE',''
  ) );
#3873 = ORIENTED_EDGE('',*,*,#3061,.F.);
#3874 = FACE_BOUND('',#3875,.T.);
#3875 = EDGE_LOOP('',(#3876));
#3876 = ORIENTED_EDGE('',*,*,#3877,.T.);
#3877 = EDGE_CURVE('',#3878,#3878,#3880,.T.);
#3878 = VERTEX_POINT('',#3879);
#3879 = CARTESIAN_POINT('',(97.5,137.,-24.));
#3880 = SURFACE_CURVE('',#3881,(#3886,#3893),.PCURVE_S1.);
#3881 = CIRCLE('',#3882,3.);
#3882 = AXIS2_PLACEMENT_3D('',#3883,#3884,#3885);
#3883 = CARTESIAN_POINT('',(97.5,137.,-21.));
#3884 = DIRECTION('',(-1.,0.,0.));
#3885 = DIRECTION('',(0.,0.,1.));
#3886 = PCURVE('',#2581,#3887);
#3887 = DEFINITIONAL_REPRESENTATION('',(#3888),#3892);
#3888 = CIRCLE('',#3889,3.);
#3889 = AXIS2_PLACEMENT_2D('',#3890,#3891);
#3890 = CARTESIAN_POINT('',(25.68839902931,21.));
#3891 = DIRECTION('',(0.,-1.));
#3892 = ( GEOMETRIC_REPRESENTATION_CONTEXT(2) 
PARAMETRIC_REPRESENTATION_CONTEXT() REPRESENTATION_CONTEXT('2D SPACE',''
  ) );
#3893 = PCURVE('',#3894,#3899);
#3894 = CYLINDRICAL_SURFACE('',#3895,3.);
#3895 = AXIS2_PLACEMENT_3D('',#3896,#3897,#3898);
#3896 = CARTESIAN_POINT('',(37.5,137.,-21.));
#3897 = DIRECTION('',(1.,0.,1.184237892934E-16));
#3898 = DIRECTION('',(-1.184237892934E-16,0.,1.));
#3899 = DEFINITIONAL_REPRESENTATION('',(#3900),#3904);
#3900 = LINE('',#3901,#3902);
#3901 = CARTESIAN_POINT('',(12.566370614359,60.));
#3902 = VECTOR('',#3903,1.);
#3903 = DIRECTION('',(-1.,0.));
#3904 = ( GEOMETRIC_REPRESENTATION_CONTEXT(2) 
PARAMETRIC_REPRESENTATION_CONTEXT() REPRESENTATION_CONTEXT('2D SPACE',''
  ) );
#3905 = ADVANCED_FACE('',(#3906),#2555,.F.);
#3906 = FACE_BOUND('',#3907,.F.);
#3907 = EDGE_LOOP('',(#3908,#3929,#3930,#3931));
#3908 = ORIENTED_EDGE('',*,*,#3909,.F.);
#3909 = EDGE_CURVE('',#2506,#3085,#3910,.T.);
#3910 = SURFACE_CURVE('',#3911,(#3915,#3922),.PCURVE_S1.);
#3911 = LINE('',#3912,#3913);
#3912 = CARTESIAN_POINT('',(102.675,103.16486082509,0.));
#3913 = VECTOR('',#3914,1.);
#3914 = DIRECTION('',(0.,0.,-1.));
#3915 = PCURVE('',#2555,#3916);
#3916 = DEFINITIONAL_REPRESENTATION('',(#3917),#3921);
#3917 = LINE('',#3918,#3919);
#3918 = CARTESIAN_POINT('',(5.151350865994,0.));
#3919 = VECTOR('',#3920,1.);
#3920 = DIRECTION('',(0.,1.));
#3921 = ( GEOMETRIC_REPRESENTATION_CONTEXT(2) 
PARAMETRIC_REPRESENTATION_CONTEXT() REPRESENTATION_CONTEXT('2D SPACE',''
  ) );
#3922 = PCURVE('',#2522,#3923);
#3923 = DEFINITIONAL_REPRESENTATION('',(#3924),#3928);
#3924 = LINE('',#3925,#3926);
#3925 = CARTESIAN_POINT('',(5.394484909736,0.));
#3926 = VECTOR('',#3927,1.);
#3927 = DIRECTION('',(0.,1.));
#3928 = ( GEOMETRIC_REPRESENTATION_CONTEXT(2) 
PARAMETRIC_REPRESENTATION_CONTEXT() REPRESENTATION_CONTEXT('2D SPACE',''
  ) );
#3929 = ORIENTED_EDGE('',*,*,#2534,.T.);
#3930 = ORIENTED_EDGE('',*,*,#3853,.T.);
#3931 = ORIENTED_EDGE('',*,*,#3084,.T.);
#3932 = ADVANCED_FACE('',(#3933),#2522,.T.);
#3933 = FACE_BOUND('',#3934,.T.);
#3934 = EDGE_LOOP('',(#3935,#3936,#3937,#3938));
#3935 = ORIENTED_EDGE('',*,*,#3112,.F.);
#3936 = ORIENTED_EDGE('',*,*,#3909,.F.);
#3937 = ORIENTED_EDGE('',*,*,#2505,.F.);
#3938 = ORIENTED_EDGE('',*,*,#3939,.F.);
#3939 = EDGE_CURVE('',#3113,#2478,#3940,.T.);
#3940 = SURFACE_CURVE('',#3941,(#3945,#3952),.PCURVE_S1.);
#3941 = LINE('',#3942,#3943);
#3942 = CARTESIAN_POINT('',(130.5,69.278029157809,0.));
#3943 = VECTOR('',#3944,1.);
#3944 = DIRECTION('',(0.,0.,1.));
#3945 = PCURVE('',#2522,#3946);
#3946 = DEFINITIONAL_REPRESENTATION('',(#3947),#3951);
#3947 = LINE('',#3948,#3949);
#3948 = CARTESIAN_POINT('',(6.28318530718,0.));
#3949 = VECTOR('',#3950,1.);
#3950 = DIRECTION('',(0.,-1.));
#3951 = ( GEOMETRIC_REPRESENTATION_CONTEXT(2) 
PARAMETRIC_REPRESENTATION_CONTEXT() REPRESENTATION_CONTEXT('2D SPACE',''
  ) );
#3952 = PCURVE('',#2493,#3953);
#3953 = DEFINITIONAL_REPRESENTATION('',(#3954),#3958);
#3954 = LINE('',#3955,#3956);
#3955 = CARTESIAN_POINT('',(0.,54.278029157809));
#3956 = VECTOR('',#3957,1.);
#3957 = DIRECTION('',(-1.,0.));
#3958 = ( GEOMETRIC_REPRESENTATION_CONTEXT(2) 
PARAMETRIC_REPRESENTATION_CONTEXT() REPRESENTATION_CONTEXT('2D SPACE',''
  ) );
#3959 = ADVANCED_FACE('',(#3960),#2493,.T.);
#3960 = FACE_BOUND('',#3961,.T.);
#3961 = EDGE_LOOP('',(#3962,#3963,#3964,#3965));
#3962 = ORIENTED_EDGE('',*,*,#3939,.T.);
#3963 = ORIENTED_EDGE('',*,*,#2477,.F.);
#3964 = ORIENTED_EDGE('',*,*,#2933,.F.);
#3965 = ORIENTED_EDGE('',*,*,#3136,.T.);
#3966 = ADVANCED_FACE('',(#3967),#2414,.T.);
#3967 = FACE_BOUND('',#3968,.T.);
#3968 = EDGE_LOOP('',(#3969,#3990,#3991,#3992));
#3969 = ORIENTED_EDGE('',*,*,#3970,.T.);
#3970 = EDGE_CURVE('',#2371,#3161,#3971,.T.);
#3971 = SURFACE_CURVE('',#3972,(#3976,#3983),.PCURVE_S1.);
#3972 = LINE('',#3973,#3974);
#3973 = CARTESIAN_POINT('',(37.5,45.,0.));
#3974 = VECTOR('',#3975,1.);
#3975 = DIRECTION('',(0.,0.,-1.));
#3976 = PCURVE('',#2414,#3977);
#3977 = DEFINITIONAL_REPRESENTATION('',(#3978),#3982);
#3978 = LINE('',#3979,#3980);
#3979 = CARTESIAN_POINT('',(42.,30.));
#3980 = VECTOR('',#3981,1.);
#3981 = DIRECTION('',(-1.,0.));
#3982 = ( GEOMETRIC_REPRESENTATION_CONTEXT(2) 
PARAMETRIC_REPRESENTATION_CONTEXT() REPRESENTATION_CONTEXT('2D SPACE',''
  ) );
#3983 = PCURVE('',#2386,#3984);
#3984 = DEFINITIONAL_REPRESENTATION('',(#3985),#3989);
#3985 = LINE('',#3986,#3987);
#3986 = CARTESIAN_POINT('',(9.,0.));
#3987 = VECTOR('',#3988,1.);
#3988 = DIRECTION('',(0.,1.));
#3989 = ( GEOMETRIC_REPRESENTATION_CONTEXT(2) 
PARAMETRIC_REPRESENTATION_CONTEXT() REPRESENTATION_CONTEXT('2D SPACE',''
  ) );
#3990 = ORIENTED_EDGE('',*,*,#3160,.F.);
#3991 = ORIENTED_EDGE('',*,*,#2981,.F.);
#3992 = ORIENTED_EDGE('',*,*,#2398,.T.);
#3993 = ADVANCED_FACE('',(#3994),#2386,.F.);
#3994 = FACE_BOUND('',#3995,.T.);
#3995 = EDGE_LOOP('',(#3996,#3997,#3998,#3999,#4020,#4021));
#3996 = ORIENTED_EDGE('',*,*,#3183,.F.);
#3997 = ORIENTED_EDGE('',*,*,#3970,.F.);
#3998 = ORIENTED_EDGE('',*,*,#2370,.T.);
#3999 = ORIENTED_EDGE('',*,*,#4000,.T.);
#4000 = EDGE_CURVE('',#2343,#2625,#4001,.T.);
#4001 = SURFACE_CURVE('',#4002,(#4006,#4013),.PCURVE_S1.);
#4002 = LINE('',#4003,#4004);
#4003 = CARTESIAN_POINT('',(46.5,45.,0.));
#4004 = VECTOR('',#4005,1.);
#4005 = DIRECTION('',(0.,0.,-1.));
#4006 = PCURVE('',#2386,#4007);
#4007 = DEFINITIONAL_REPRESENTATION('',(#4008),#4012);
#4008 = LINE('',#4009,#4010);
#4009 = CARTESIAN_POINT('',(0.,-0.));
#4010 = VECTOR('',#4011,1.);
#4011 = DIRECTION('',(0.,1.));
#4012 = ( GEOMETRIC_REPRESENTATION_CONTEXT(2) 
PARAMETRIC_REPRESENTATION_CONTEXT() REPRESENTATION_CONTEXT('2D SPACE',''
  ) );
#4013 = PCURVE('',#2358,#4014);
#4014 = DEFINITIONAL_REPRESENTATION('',(#4015),#4019);
#4015 = LINE('',#4016,#4017);
#4016 = CARTESIAN_POINT('',(21.219095173923,0.));
#4017 = VECTOR('',#4018,1.);
#4018 = DIRECTION('',(0.,1.));
#4019 = ( GEOMETRIC_REPRESENTATION_CONTEXT(2) 
PARAMETRIC_REPRESENTATION_CONTEXT() REPRESENTATION_CONTEXT('2D SPACE',''
  ) );
#4020 = ORIENTED_EDGE('',*,*,#2906,.T.);
#4021 = ORIENTED_EDGE('',*,*,#4022,.T.);
#4022 = EDGE_CURVE('',#2853,#3184,#4023,.T.);
#4023 = SURFACE_CURVE('',#4024,(#4028,#4035),.PCURVE_S1.);
#4024 = LINE('',#4025,#4026);
#4025 = CARTESIAN_POINT('',(46.5,45.,0.));
#4026 = VECTOR('',#4027,1.);
#4027 = DIRECTION('',(0.,0.,-1.));
#4028 = PCURVE('',#2386,#4029);
#4029 = DEFINITIONAL_REPRESENTATION('',(#4030),#4034);
#4030 = LINE('',#4031,#4032);
#4031 = CARTESIAN_POINT('',(0.,-0.));
#4032 = VECTOR('',#4033,1.);
#4033 = DIRECTION('',(0.,1.));
#4034 = ( GEOMETRIC_REPRESENTATION_CONTEXT(2) 
PARAMETRIC_REPRESENTATION_CONTEXT() REPRESENTATION_CONTEXT('2D SPACE',''
  ) );
#4035 = PCURVE('',#2868,#4036);
#4036 = DEFINITIONAL_REPRESENTATION('',(#4037),#4041);
#4037 = LINE('',#4038,#4039);
#4038 = CARTESIAN_POINT('',(21.219095173923,0.));
#4039 = VECTOR('',#4040,1.);
#4040 = DIRECTION('',(0.,1.));
#4041 = ( GEOMETRIC_REPRESENTATION_CONTEXT(2) 
PARAMETRIC_REPRESENTATION_CONTEXT() REPRESENTATION_CONTEXT('2D SPACE',''
  ) );
#4042 = ADVANCED_FACE('',(#4043),#2358,.F.);
#4043 = FACE_BOUND('',#4044,.T.);
#4044 = EDGE_LOOP('',(#4045,#4046,#4047,#4048));
#4045 = ORIENTED_EDGE('',*,*,#2647,.T.);
#4046 = ORIENTED_EDGE('',*,*,#4000,.F.);
#4047 = ORIENTED_EDGE('',*,*,#2342,.T.);
#4048 = ORIENTED_EDGE('',*,*,#4049,.T.);
#4049 = EDGE_CURVE('',#2314,#2648,#4050,.T.);
#4050 = SURFACE_CURVE('',#4051,(#4055,#4062),.PCURVE_S1.);
#4051 = LINE('',#4052,#4053);
#4052 = CARTESIAN_POINT('',(63.772029585268,32.674133133705,0.));
#4053 = VECTOR('',#4054,1.);
#4054 = DIRECTION('',(0.,0.,-1.));
#4055 = PCURVE('',#2358,#4056);
#4056 = DEFINITIONAL_REPRESENTATION('',(#4057),#4061);
#4057 = LINE('',#4058,#4059);
#4058 = CARTESIAN_POINT('',(0.,0.));
#4059 = VECTOR('',#4060,1.);
#4060 = DIRECTION('',(0.,1.));
#4061 = ( GEOMETRIC_REPRESENTATION_CONTEXT(2) 
PARAMETRIC_REPRESENTATION_CONTEXT() REPRESENTATION_CONTEXT('2D SPACE',''
  ) );
#4062 = PCURVE('',#2330,#4063);
#4063 = DEFINITIONAL_REPRESENTATION('',(#4064),#4068);
#4064 = LINE('',#4065,#4066);
#4065 = CARTESIAN_POINT('',(6.28318530718,0.));
#4066 = VECTOR('',#4067,1.);
#4067 = DIRECTION('',(0.,1.));
#4068 = ( GEOMETRIC_REPRESENTATION_CONTEXT(2) 
PARAMETRIC_REPRESENTATION_CONTEXT() REPRESENTATION_CONTEXT('2D SPACE',''
  ) );
#4069 = ADVANCED_FACE('',(#4070),#2330,.F.);
#4070 = FACE_BOUND('',#4071,.F.);
#4071 = EDGE_LOOP('',(#4072,#4093,#4094,#4095));
#4072 = ORIENTED_EDGE('',*,*,#4073,.F.);
#4073 = EDGE_CURVE('',#2286,#2671,#4074,.T.);
#4074 = SURFACE_CURVE('',#4075,(#4079,#4086),.PCURVE_S1.);
#4075 = LINE('',#4076,#4077);
#4076 = CARTESIAN_POINT('',(74.546394116851,32.912157429756,0.));
#4077 = VECTOR('',#4078,1.);
#4078 = DIRECTION('',(0.,0.,-1.));
#4079 = PCURVE('',#2330,#4080);
#4080 = DEFINITIONAL_REPRESENTATION('',(#4081),#4085);
#4081 = LINE('',#4082,#4083);
#4082 = CARTESIAN_POINT('',(4.999376540677,0.));
#4083 = VECTOR('',#4084,1.);
#4084 = DIRECTION('',(0.,1.));
#4085 = ( GEOMETRIC_REPRESENTATION_CONTEXT(2) 
PARAMETRIC_REPRESENTATION_CONTEXT() REPRESENTATION_CONTEXT('2D SPACE',''
  ) );
#4086 = PCURVE('',#2301,#4087);
#4087 = DEFINITIONAL_REPRESENTATION('',(#4088),#4092);
#4088 = LINE('',#4089,#4090);
#4089 = CARTESIAN_POINT('',(19.921438508568,0.));
#4090 = VECTOR('',#4091,1.);
#4091 = DIRECTION('',(-0.,1.));
#4092 = ( GEOMETRIC_REPRESENTATION_CONTEXT(2) 
PARAMETRIC_REPRESENTATION_CONTEXT() REPRESENTATION_CONTEXT('2D SPACE',''
  ) );
#4093 = ORIENTED_EDGE('',*,*,#2313,.F.);
#4094 = ORIENTED_EDGE('',*,*,#4049,.T.);
#4095 = ORIENTED_EDGE('',*,*,#2670,.F.);
#4096 = ADVANCED_FACE('',(#4097),#2301,.F.);
#4097 = FACE_BOUND('',#4098,.T.);
#4098 = EDGE_LOOP('',(#4099,#4100,#4101,#4102,#4123,#4124,#4145,#4146));
#4099 = ORIENTED_EDGE('',*,*,#2698,.T.);
#4100 = ORIENTED_EDGE('',*,*,#4073,.F.);
#4101 = ORIENTED_EDGE('',*,*,#2285,.F.);
#4102 = ORIENTED_EDGE('',*,*,#4103,.T.);
#4103 = EDGE_CURVE('',#2257,#3258,#4104,.T.);
#4104 = SURFACE_CURVE('',#4105,(#4109,#4116),.PCURVE_S1.);
#4105 = LINE('',#4106,#4107);
#4106 = CARTESIAN_POINT('',(90.239625250156,45.183514683431,0.));
#4107 = VECTOR('',#4108,1.);
#4108 = DIRECTION('',(0.,0.,-1.));
#4109 = PCURVE('',#2301,#4110);
#4110 = DEFINITIONAL_REPRESENTATION('',(#4111),#4115);
#4111 = LINE('',#4112,#4113);
#4112 = CARTESIAN_POINT('',(0.,0.));
#4113 = VECTOR('',#4114,1.);
#4114 = DIRECTION('',(-0.,1.));
#4115 = ( GEOMETRIC_REPRESENTATION_CONTEXT(2) 
PARAMETRIC_REPRESENTATION_CONTEXT() REPRESENTATION_CONTEXT('2D SPACE',''
  ) );
#4116 = PCURVE('',#2273,#4117);
#4117 = DEFINITIONAL_REPRESENTATION('',(#4118),#4122);
#4118 = LINE('',#4119,#4120);
#4119 = CARTESIAN_POINT('',(6.28318530718,0.));
#4120 = VECTOR('',#4121,1.);
#4121 = DIRECTION('',(0.,1.));
#4122 = ( GEOMETRIC_REPRESENTATION_CONTEXT(2) 
PARAMETRIC_REPRESENTATION_CONTEXT() REPRESENTATION_CONTEXT('2D SPACE',''
  ) );
#4123 = ORIENTED_EDGE('',*,*,#3257,.F.);
#4124 = ORIENTED_EDGE('',*,*,#4125,.F.);
#4125 = EDGE_CURVE('',#2797,#3230,#4126,.T.);
#4126 = SURFACE_CURVE('',#4127,(#4131,#4138),.PCURVE_S1.);
#4127 = LINE('',#4128,#4129);
#4128 = CARTESIAN_POINT('',(74.546394116851,32.912157429756,0.));
#4129 = VECTOR('',#4130,1.);
#4130 = DIRECTION('',(0.,0.,-1.));
#4131 = PCURVE('',#2301,#4132);
#4132 = DEFINITIONAL_REPRESENTATION('',(#4133),#4137);
#4133 = LINE('',#4134,#4135);
#4134 = CARTESIAN_POINT('',(19.921438508568,0.));
#4135 = VECTOR('',#4136,1.);
#4136 = DIRECTION('',(-0.,1.));
#4137 = ( GEOMETRIC_REPRESENTATION_CONTEXT(2) 
PARAMETRIC_REPRESENTATION_CONTEXT() REPRESENTATION_CONTEXT('2D SPACE',''
  ) );
#4138 = PCURVE('',#2840,#4139);
#4139 = DEFINITIONAL_REPRESENTATION('',(#4140),#4144);
#4140 = LINE('',#4141,#4142);
#4141 = CARTESIAN_POINT('',(4.999376540677,0.));
#4142 = VECTOR('',#4143,1.);
#4143 = DIRECTION('',(0.,1.));
#4144 = ( GEOMETRIC_REPRESENTATION_CONTEXT(2) 
PARAMETRIC_REPRESENTATION_CONTEXT() REPRESENTATION_CONTEXT('2D SPACE',''
  ) );
#4145 = ORIENTED_EDGE('',*,*,#2796,.T.);
#4146 = ORIENTED_EDGE('',*,*,#2747,.T.);
#4147 = ADVANCED_FACE('',(#4148),#2273,.F.);
#4148 = FACE_BOUND('',#4149,.F.);
#4149 = EDGE_LOOP('',(#4150,#4169,#4170,#4171));
#4150 = ORIENTED_EDGE('',*,*,#4151,.F.);
#4151 = EDGE_CURVE('',#2229,#3281,#4152,.T.);
#4152 = SURFACE_CURVE('',#4153,(#4157,#4163),.PCURVE_S1.);
#4153 = LINE('',#4154,#4155);
#4154 = CARTESIAN_POINT('',(94.801873783906,51.125625135122,0.));
#4155 = VECTOR('',#4156,1.);
#4156 = DIRECTION('',(0.,0.,-1.));
#4157 = PCURVE('',#2273,#4158);
#4158 = DEFINITIONAL_REPRESENTATION('',(#4159),#4162);
#4159 = B_SPLINE_CURVE_WITH_KNOTS('',1,(#4160,#4161),.UNSPECIFIED.,.F.,
  .F.,(2,2),(-6.E-07,42.0000006),.PIECEWISE_BEZIER_KNOTS.);
#4160 = CARTESIAN_POINT('',(5.778409032833,-6.E-07));
#4161 = CARTESIAN_POINT('',(5.778409032833,42.0000006));
#4162 = ( GEOMETRIC_REPRESENTATION_CONTEXT(2) 
PARAMETRIC_REPRESENTATION_CONTEXT() REPRESENTATION_CONTEXT('2D SPACE',''
  ) );
#4163 = PCURVE('',#2094,#4164);
#4164 = DEFINITIONAL_REPRESENTATION('',(#4165),#4168);
#4165 = B_SPLINE_CURVE_WITH_KNOTS('',1,(#4166,#4167),.UNSPECIFIED.,.F.,
  .F.,(2,2),(-6.E-07,42.0000006),.PIECEWISE_BEZIER_KNOTS.);
#4166 = CARTESIAN_POINT('',(1.005069719596,-67.5000006));
#4167 = CARTESIAN_POINT('',(1.005069719596,-25.4999994));
#4168 = ( GEOMETRIC_REPRESENTATION_CONTEXT(2) 
PARAMETRIC_REPRESENTATION_CONTEXT() REPRESENTATION_CONTEXT('2D SPACE',''
  ) );
#4169 = ORIENTED_EDGE('',*,*,#2256,.F.);
#4170 = ORIENTED_EDGE('',*,*,#4103,.T.);
#4171 = ORIENTED_EDGE('',*,*,#3280,.T.);
#4172 = ADVANCED_FACE('',(#4173),#2094,.T.);
#4173 = FACE_BOUND('',#4174,.T.);
#4174 = EDGE_LOOP('',(#4175,#4200,#4229,#4249,#4250,#4251,#4252,#4274,
    #4307,#4330,#4357,#4358,#4386,#4405,#4406,#4428,#4461,#4488,#4517,
    #4537,#4538,#4559,#4581,#4582));
#4175 = ORIENTED_EDGE('',*,*,#4176,.T.);
#4176 = EDGE_CURVE('',#4177,#4179,#4181,.T.);
#4177 = VERTEX_POINT('',#4178);
#4178 = CARTESIAN_POINT('',(105.45,70.5,-67.5));
#4179 = VERTEX_POINT('',#4180);
#4180 = CARTESIAN_POINT('',(105.45,70.5,-32.));
#4181 = SEAM_CURVE('',#4182,(#4186,#4193),.PCURVE_S1.);
#4182 = LINE('',#4183,#4184);
#4183 = CARTESIAN_POINT('',(105.45,70.5,-67.5));
#4184 = VECTOR('',#4185,1.);
#4185 = DIRECTION('',(0.,0.,1.));
#4186 = PCURVE('',#2094,#4187);
#4187 = DEFINITIONAL_REPRESENTATION('',(#4188),#4192);
#4188 = LINE('',#4189,#4190);
#4189 = CARTESIAN_POINT('',(4.138911435803E-13,0.));
#4190 = VECTOR('',#4191,1.);
#4191 = DIRECTION('',(-0.,-1.));
#4192 = ( GEOMETRIC_REPRESENTATION_CONTEXT(2) 
PARAMETRIC_REPRESENTATION_CONTEXT() REPRESENTATION_CONTEXT('2D SPACE',''
  ) );
#4193 = PCURVE('',#2094,#4194);
#4194 = DEFINITIONAL_REPRESENTATION('',(#4195),#4199);
#4195 = LINE('',#4196,#4197);
#4196 = CARTESIAN_POINT('',(6.283185307179,0.));
#4197 = VECTOR('',#4198,1.);
#4198 = DIRECTION('',(-0.,-1.));
#4199 = ( GEOMETRIC_REPRESENTATION_CONTEXT(2) 
PARAMETRIC_REPRESENTATION_CONTEXT() REPRESENTATION_CONTEXT('2D SPACE',''
  ) );
#4200 = ORIENTED_EDGE('',*,*,#4201,.T.);
#4201 = EDGE_CURVE('',#4179,#4202,#4204,.T.);
#4202 = VERTEX_POINT('',#4203);
#4203 = CARTESIAN_POINT('',(104.,62.471768563376,-32.));
#4204 = SURFACE_CURVE('',#4205,(#4210,#4217),.PCURVE_S1.);
#4205 = CIRCLE('',#4206,22.95);
#4206 = AXIS2_PLACEMENT_3D('',#4207,#4208,#4209);
#4207 = CARTESIAN_POINT('',(82.5,70.5,-32.));
#4208 = DIRECTION('',(0.,0.,-1.));
#4209 = DIRECTION('',(1.,0.,0.));
#4210 = PCURVE('',#2094,#4211);
#4211 = DEFINITIONAL_REPRESENTATION('',(#4212),#4216);
#4212 = LINE('',#4213,#4214);
#4213 = CARTESIAN_POINT('',(-4.138911435803E-13,-35.5));
#4214 = VECTOR('',#4215,1.);
#4215 = DIRECTION('',(1.,-0.));
#4216 = ( GEOMETRIC_REPRESENTATION_CONTEXT(2) 
PARAMETRIC_REPRESENTATION_CONTEXT() REPRESENTATION_CONTEXT('2D SPACE',''
  ) );
#4217 = PCURVE('',#4218,#4223);
#4218 = PLANE('',#4219);
#4219 = AXIS2_PLACEMENT_3D('',#4220,#4221,#4222);
#4220 = CARTESIAN_POINT('',(113.,55.,-32.));
#4221 = DIRECTION('',(0.,0.,-1.));
#4222 = DIRECTION('',(-1.,0.,0.));
#4223 = DEFINITIONAL_REPRESENTATION('',(#4224),#4228);
#4224 = CIRCLE('',#4225,22.95);
#4225 = AXIS2_PLACEMENT_2D('',#4226,#4227);
#4226 = CARTESIAN_POINT('',(30.5,15.5));
#4227 = DIRECTION('',(-1.,0.));
#4228 = ( GEOMETRIC_REPRESENTATION_CONTEXT(2) 
PARAMETRIC_REPRESENTATION_CONTEXT() REPRESENTATION_CONTEXT('2D SPACE',''
  ) );
#4229 = ORIENTED_EDGE('',*,*,#4230,.T.);
#4230 = EDGE_CURVE('',#4202,#3309,#4231,.T.);
#4231 = SURFACE_CURVE('',#4232,(#4236,#4242),.PCURVE_S1.);
#4232 = LINE('',#4233,#4234);
#4233 = CARTESIAN_POINT('',(104.,62.471768563376,-67.5));
#4234 = VECTOR('',#4235,1.);
#4235 = DIRECTION('',(-0.,-0.,-1.));
#4236 = PCURVE('',#2094,#4237);
#4237 = DEFINITIONAL_REPRESENTATION('',(#4238),#4241);
#4238 = B_SPLINE_CURVE_WITH_KNOTS('',1,(#4239,#4240),.UNSPECIFIED.,.F.,
  .F.,(2,2),(-36.5,-24.5),.PIECEWISE_BEZIER_KNOTS.);
#4239 = CARTESIAN_POINT('',(0.357372558453,-36.5));
#4240 = CARTESIAN_POINT('',(0.357372558453,-24.5));
#4241 = ( GEOMETRIC_REPRESENTATION_CONTEXT(2) 
PARAMETRIC_REPRESENTATION_CONTEXT() REPRESENTATION_CONTEXT('2D SPACE',''
  ) );
#4242 = PCURVE('',#3348,#4243);
#4243 = DEFINITIONAL_REPRESENTATION('',(#4244),#4248);
#4244 = LINE('',#4245,#4246);
#4245 = CARTESIAN_POINT('',(7.528231436624,-25.5));
#4246 = VECTOR('',#4247,1.);
#4247 = DIRECTION('',(0.,-1.));
#4248 = ( GEOMETRIC_REPRESENTATION_CONTEXT(2) 
PARAMETRIC_REPRESENTATION_CONTEXT() REPRESENTATION_CONTEXT('2D SPACE',''
  ) );
#4249 = ORIENTED_EDGE('',*,*,#3308,.T.);
#4250 = ORIENTED_EDGE('',*,*,#4151,.F.);
#4251 = ORIENTED_EDGE('',*,*,#2228,.F.);
#4252 = ORIENTED_EDGE('',*,*,#4253,.T.);
#4253 = EDGE_CURVE('',#2201,#4254,#4256,.T.);
#4254 = VERTEX_POINT('',#4255);
#4255 = CARTESIAN_POINT('',(104.,62.471768563376,-10.));
#4256 = SURFACE_CURVE('',#4257,(#4261,#4267),.PCURVE_S1.);
#4257 = LINE('',#4258,#4259);
#4258 = CARTESIAN_POINT('',(104.,62.471768563376,-67.5));
#4259 = VECTOR('',#4260,1.);
#4260 = DIRECTION('',(-0.,-0.,-1.));
#4261 = PCURVE('',#2094,#4262);
#4262 = DEFINITIONAL_REPRESENTATION('',(#4263),#4266);
#4263 = B_SPLINE_CURVE_WITH_KNOTS('',1,(#4264,#4265),.UNSPECIFIED.,.F.,
  .F.,(2,2),(-68.5,-56.5),.PIECEWISE_BEZIER_KNOTS.);
#4264 = CARTESIAN_POINT('',(0.357372558453,-68.5));
#4265 = CARTESIAN_POINT('',(0.357372558453,-56.5));
#4266 = ( GEOMETRIC_REPRESENTATION_CONTEXT(2) 
PARAMETRIC_REPRESENTATION_CONTEXT() REPRESENTATION_CONTEXT('2D SPACE',''
  ) );
#4267 = PCURVE('',#2216,#4268);
#4268 = DEFINITIONAL_REPRESENTATION('',(#4269),#4273);
#4269 = LINE('',#4270,#4271);
#4270 = CARTESIAN_POINT('',(22.471768563376,67.5));
#4271 = VECTOR('',#4272,1.);
#4272 = DIRECTION('',(0.,1.));
#4273 = ( GEOMETRIC_REPRESENTATION_CONTEXT(2) 
PARAMETRIC_REPRESENTATION_CONTEXT() REPRESENTATION_CONTEXT('2D SPACE',''
  ) );
#4274 = ORIENTED_EDGE('',*,*,#4275,.F.);
#4275 = EDGE_CURVE('',#4276,#4254,#4278,.T.);
#4276 = VERTEX_POINT('',#4277);
#4277 = CARTESIAN_POINT('',(105.45,70.5,-10.));
#4278 = SURFACE_CURVE('',#4279,(#4284,#4291),.PCURVE_S1.);
#4279 = CIRCLE('',#4280,22.95);
#4280 = AXIS2_PLACEMENT_3D('',#4281,#4282,#4283);
#4281 = CARTESIAN_POINT('',(82.5,70.5,-10.));
#4282 = DIRECTION('',(0.,0.,-1.));
#4283 = DIRECTION('',(1.,0.,0.));
#4284 = PCURVE('',#2094,#4285);
#4285 = DEFINITIONAL_REPRESENTATION('',(#4286),#4290);
#4286 = LINE('',#4287,#4288);
#4287 = CARTESIAN_POINT('',(-4.138911435803E-13,-57.5));
#4288 = VECTOR('',#4289,1.);
#4289 = DIRECTION('',(1.,-0.));
#4290 = ( GEOMETRIC_REPRESENTATION_CONTEXT(2) 
PARAMETRIC_REPRESENTATION_CONTEXT() REPRESENTATION_CONTEXT('2D SPACE',''
  ) );
#4291 = PCURVE('',#4292,#4297);
#4292 = PLANE('',#4293);
#4293 = AXIS2_PLACEMENT_3D('',#4294,#4295,#4296);
#4294 = CARTESIAN_POINT('',(113.,55.,-10.));
#4295 = DIRECTION('',(0.,0.,1.));
#4296 = DIRECTION('',(1.,0.,-0.));
#4297 = DEFINITIONAL_REPRESENTATION('',(#4298),#4306);
#4298 = ( BOUNDED_CURVE() B_SPLINE_CURVE(2,(#4299,#4300,#4301,#4302,
#4303,#4304,#4305),.UNSPECIFIED.,.T.,.F.) B_SPLINE_CURVE_WITH_KNOTS((1,2
    ,2,2,2,1),(-2.094395102393,0.,2.094395102393,4.188790204786,
6.28318530718,8.377580409573),.UNSPECIFIED.) CURVE() 
GEOMETRIC_REPRESENTATION_ITEM() RATIONAL_B_SPLINE_CURVE((1.,0.5,1.,0.5,
1.,0.5,1.)) REPRESENTATION_ITEM('') );
#4299 = CARTESIAN_POINT('',(-7.55,15.5));
#4300 = CARTESIAN_POINT('',(-7.55,-24.2505660337));
#4301 = CARTESIAN_POINT('',(-41.975,-4.375283016853));
#4302 = CARTESIAN_POINT('',(-76.4,15.5));
#4303 = CARTESIAN_POINT('',(-41.975,35.375283016853));
#4304 = CARTESIAN_POINT('',(-7.55,55.250566033706));
#4305 = CARTESIAN_POINT('',(-7.55,15.5));
#4306 = ( GEOMETRIC_REPRESENTATION_CONTEXT(2) 
PARAMETRIC_REPRESENTATION_CONTEXT() REPRESENTATION_CONTEXT('2D SPACE',''
  ) );
#4307 = ORIENTED_EDGE('',*,*,#4308,.T.);
#4308 = EDGE_CURVE('',#4276,#4309,#4311,.T.);
#4309 = VERTEX_POINT('',#4310);
#4310 = CARTESIAN_POINT('',(105.45,70.5,67.5));
#4311 = SEAM_CURVE('',#4312,(#4316,#4323),.PCURVE_S1.);
#4312 = LINE('',#4313,#4314);
#4313 = CARTESIAN_POINT('',(105.45,70.5,-67.5));
#4314 = VECTOR('',#4315,1.);
#4315 = DIRECTION('',(0.,0.,1.));
#4316 = PCURVE('',#2094,#4317);
#4317 = DEFINITIONAL_REPRESENTATION('',(#4318),#4322);
#4318 = LINE('',#4319,#4320);
#4319 = CARTESIAN_POINT('',(4.138911435803E-13,0.));
#4320 = VECTOR('',#4321,1.);
#4321 = DIRECTION('',(-0.,-1.));
#4322 = ( GEOMETRIC_REPRESENTATION_CONTEXT(2) 
PARAMETRIC_REPRESENTATION_CONTEXT() REPRESENTATION_CONTEXT('2D SPACE',''
  ) );
#4323 = PCURVE('',#2094,#4324);
#4324 = DEFINITIONAL_REPRESENTATION('',(#4325),#4329);
#4325 = LINE('',#4326,#4327);
#4326 = CARTESIAN_POINT('',(6.283185307179,0.));
#4327 = VECTOR('',#4328,1.);
#4328 = DIRECTION('',(-0.,-1.));
#4329 = ( GEOMETRIC_REPRESENTATION_CONTEXT(2) 
PARAMETRIC_REPRESENTATION_CONTEXT() REPRESENTATION_CONTEXT('2D SPACE',''
  ) );
#4330 = ORIENTED_EDGE('',*,*,#4331,.F.);
#4331 = EDGE_CURVE('',#4309,#4309,#4332,.T.);
#4332 = SURFACE_CURVE('',#4333,(#4338,#4345),.PCURVE_S1.);
#4333 = CIRCLE('',#4334,22.95);
#4334 = AXIS2_PLACEMENT_3D('',#4335,#4336,#4337);
#4335 = CARTESIAN_POINT('',(82.5,70.5,67.5));
#4336 = DIRECTION('',(0.,0.,1.));
#4337 = DIRECTION('',(1.,0.,-0.));
#4338 = PCURVE('',#2094,#4339);
#4339 = DEFINITIONAL_REPRESENTATION('',(#4340),#4344);
#4340 = LINE('',#4341,#4342);
#4341 = CARTESIAN_POINT('',(6.28318530718,-135.));
#4342 = VECTOR('',#4343,1.);
#4343 = DIRECTION('',(-1.,0.));
#4344 = ( GEOMETRIC_REPRESENTATION_CONTEXT(2) 
PARAMETRIC_REPRESENTATION_CONTEXT() REPRESENTATION_CONTEXT('2D SPACE',''
  ) );
#4345 = PCURVE('',#4346,#4351);
#4346 = PLANE('',#4347);
#4347 = AXIS2_PLACEMENT_3D('',#4348,#4349,#4350);
#4348 = CARTESIAN_POINT('',(82.5,70.5,67.5));
#4349 = DIRECTION('',(0.,0.,1.));
#4350 = DIRECTION('',(1.,0.,-0.));
#4351 = DEFINITIONAL_REPRESENTATION('',(#4352),#4356);
#4352 = CIRCLE('',#4353,22.95);
#4353 = AXIS2_PLACEMENT_2D('',#4354,#4355);
#4354 = CARTESIAN_POINT('',(0.,0.));
#4355 = DIRECTION('',(1.,0.));
#4356 = ( GEOMETRIC_REPRESENTATION_CONTEXT(2) 
PARAMETRIC_REPRESENTATION_CONTEXT() REPRESENTATION_CONTEXT('2D SPACE',''
  ) );
#4357 = ORIENTED_EDGE('',*,*,#4308,.F.);
#4358 = ORIENTED_EDGE('',*,*,#4359,.F.);
#4359 = EDGE_CURVE('',#4360,#4276,#4362,.T.);
#4360 = VERTEX_POINT('',#4361);
#4361 = CARTESIAN_POINT('',(105.12389522803,74.355108910359,-10.));
#4362 = SURFACE_CURVE('',#4363,(#4368,#4375),.PCURVE_S1.);
#4363 = CIRCLE('',#4364,22.95);
#4364 = AXIS2_PLACEMENT_3D('',#4365,#4366,#4367);
#4365 = CARTESIAN_POINT('',(82.5,70.5,-10.));
#4366 = DIRECTION('',(0.,0.,-1.));
#4367 = DIRECTION('',(1.,0.,0.));
#4368 = PCURVE('',#2094,#4369);
#4369 = DEFINITIONAL_REPRESENTATION('',(#4370),#4374);
#4370 = LINE('',#4371,#4372);
#4371 = CARTESIAN_POINT('',(-4.138911435803E-13,-57.5));
#4372 = VECTOR('',#4373,1.);
#4373 = DIRECTION('',(1.,-0.));
#4374 = ( GEOMETRIC_REPRESENTATION_CONTEXT(2) 
PARAMETRIC_REPRESENTATION_CONTEXT() REPRESENTATION_CONTEXT('2D SPACE',''
  ) );
#4375 = PCURVE('',#4292,#4376);
#4376 = DEFINITIONAL_REPRESENTATION('',(#4377),#4385);
#4377 = ( BOUNDED_CURVE() B_SPLINE_CURVE(2,(#4378,#4379,#4380,#4381,
#4382,#4383,#4384),.UNSPECIFIED.,.T.,.F.) B_SPLINE_CURVE_WITH_KNOTS((1,2
    ,2,2,2,1),(-2.094395102393,0.,2.094395102393,4.188790204786,
6.28318530718,8.377580409573),.UNSPECIFIED.) CURVE() 
GEOMETRIC_REPRESENTATION_ITEM() RATIONAL_B_SPLINE_CURVE((1.,0.5,1.,0.5,
1.,0.5,1.)) REPRESENTATION_ITEM('') );
#4378 = CARTESIAN_POINT('',(-7.55,15.5));
#4379 = CARTESIAN_POINT('',(-7.55,-24.2505660337));
#4380 = CARTESIAN_POINT('',(-41.975,-4.375283016853));
#4381 = CARTESIAN_POINT('',(-76.4,15.5));
#4382 = CARTESIAN_POINT('',(-41.975,35.375283016853));
#4383 = CARTESIAN_POINT('',(-7.55,55.250566033706));
#4384 = CARTESIAN_POINT('',(-7.55,15.5));
#4385 = ( GEOMETRIC_REPRESENTATION_CONTEXT(2) 
PARAMETRIC_REPRESENTATION_CONTEXT() REPRESENTATION_CONTEXT('2D SPACE',''
  ) );
#4386 = ORIENTED_EDGE('',*,*,#4387,.F.);
#4387 = EDGE_CURVE('',#2074,#4360,#4388,.T.);
#4388 = SURFACE_CURVE('',#4389,(#4393,#4399),.PCURVE_S1.);
#4389 = LINE('',#4390,#4391);
#4390 = CARTESIAN_POINT('',(105.12389522803,74.355108910359,0.));
#4391 = VECTOR('',#4392,1.);
#4392 = DIRECTION('',(0.,0.,-1.));
#4393 = PCURVE('',#2094,#4394);
#4394 = DEFINITIONAL_REPRESENTATION('',(#4395),#4398);
#4395 = B_SPLINE_CURVE_WITH_KNOTS('',1,(#4396,#4397),.UNSPECIFIED.,.F.,
  .F.,(2,2),(-6.E-07,10.0000006),.PIECEWISE_BEZIER_KNOTS.);
#4396 = CARTESIAN_POINT('',(6.114406532882,-67.5000006));
#4397 = CARTESIAN_POINT('',(6.114406532882,-57.4999994));
#4398 = ( GEOMETRIC_REPRESENTATION_CONTEXT(2) 
PARAMETRIC_REPRESENTATION_CONTEXT() REPRESENTATION_CONTEXT('2D SPACE',''
  ) );
#4399 = PCURVE('',#2127,#4400);
#4400 = DEFINITIONAL_REPRESENTATION('',(#4401),#4404);
#4401 = B_SPLINE_CURVE_WITH_KNOTS('',1,(#4402,#4403),.UNSPECIFIED.,.F.,
  .F.,(2,2),(-6.E-07,10.0000006),.PIECEWISE_BEZIER_KNOTS.);
#4402 = CARTESIAN_POINT('',(3.646699549395,-6.E-07));
#4403 = CARTESIAN_POINT('',(3.646699549395,10.0000006));
#4404 = ( GEOMETRIC_REPRESENTATION_CONTEXT(2) 
PARAMETRIC_REPRESENTATION_CONTEXT() REPRESENTATION_CONTEXT('2D SPACE',''
  ) );
#4405 = ORIENTED_EDGE('',*,*,#2073,.F.);
#4406 = ORIENTED_EDGE('',*,*,#4407,.T.);
#4407 = EDGE_CURVE('',#2046,#4408,#4410,.T.);
#4408 = VERTEX_POINT('',#4409);
#4409 = CARTESIAN_POINT('',(63.940568435429,84.,-12.00000017881));
#4410 = SURFACE_CURVE('',#4411,(#4415,#4421),.PCURVE_S1.);
#4411 = LINE('',#4412,#4413);
#4412 = CARTESIAN_POINT('',(63.940568435429,84.,-67.5));
#4413 = VECTOR('',#4414,1.);
#4414 = DIRECTION('',(-0.,-0.,-1.));
#4415 = PCURVE('',#2094,#4416);
#4416 = DEFINITIONAL_REPRESENTATION('',(#4417),#4420);
#4417 = B_SPLINE_CURVE_WITH_KNOTS('',1,(#4418,#4419),.UNSPECIFIED.,.F.,
  .F.,(2,2),(-68.70000001788,-54.2999998033),.PIECEWISE_BEZIER_KNOTS.);
#4418 = CARTESIAN_POINT('',(3.770467579085,-68.70000001788));
#4419 = CARTESIAN_POINT('',(3.770467579085,-54.2999998033));
#4420 = ( GEOMETRIC_REPRESENTATION_CONTEXT(2) 
PARAMETRIC_REPRESENTATION_CONTEXT() REPRESENTATION_CONTEXT('2D SPACE',''
  ) );
#4421 = PCURVE('',#2061,#4422);
#4422 = DEFINITIONAL_REPRESENTATION('',(#4423),#4427);
#4423 = LINE('',#4424,#4425);
#4424 = CARTESIAN_POINT('',(17.440568435429,67.5));
#4425 = VECTOR('',#4426,1.);
#4426 = DIRECTION('',(0.,1.));
#4427 = ( GEOMETRIC_REPRESENTATION_CONTEXT(2) 
PARAMETRIC_REPRESENTATION_CONTEXT() REPRESENTATION_CONTEXT('2D SPACE',''
  ) );
#4428 = ORIENTED_EDGE('',*,*,#4429,.T.);
#4429 = EDGE_CURVE('',#4408,#4430,#4432,.T.);
#4430 = VERTEX_POINT('',#4431);
#4431 = CARTESIAN_POINT('',(88.5,92.651805795465,-12.00000017881));
#4432 = SURFACE_CURVE('',#4433,(#4438,#4445),.PCURVE_S1.);
#4433 = CIRCLE('',#4434,22.95);
#4434 = AXIS2_PLACEMENT_3D('',#4435,#4436,#4437);
#4435 = CARTESIAN_POINT('',(82.5,70.5,-12.00000017881));
#4436 = DIRECTION('',(0.,0.,-1.));
#4437 = DIRECTION('',(1.,0.,0.));
#4438 = PCURVE('',#2094,#4439);
#4439 = DEFINITIONAL_REPRESENTATION('',(#4440),#4444);
#4440 = LINE('',#4441,#4442);
#4441 = CARTESIAN_POINT('',(-4.138911435803E-13,-55.49999982118));
#4442 = VECTOR('',#4443,1.);
#4443 = DIRECTION('',(1.,-0.));
#4444 = ( GEOMETRIC_REPRESENTATION_CONTEXT(2) 
PARAMETRIC_REPRESENTATION_CONTEXT() REPRESENTATION_CONTEXT('2D SPACE',''
  ) );
#4445 = PCURVE('',#4446,#4451);
#4446 = PLANE('',#4447);
#4447 = AXIS2_PLACEMENT_3D('',#4448,#4449,#4450);
#4448 = CARTESIAN_POINT('',(88.5,153.,-12.00000017881));
#4449 = DIRECTION('',(0.,0.,1.));
#4450 = DIRECTION('',(-1.,0.,0.));
#4451 = DEFINITIONAL_REPRESENTATION('',(#4452),#4460);
#4452 = ( BOUNDED_CURVE() B_SPLINE_CURVE(2,(#4453,#4454,#4455,#4456,
#4457,#4458,#4459),.UNSPECIFIED.,.T.,.F.) B_SPLINE_CURVE_WITH_KNOTS((1,2
    ,2,2,2,1),(-2.094395102393,0.,2.094395102393,4.188790204786,
6.28318530718,8.377580409573),.UNSPECIFIED.) CURVE() 
GEOMETRIC_REPRESENTATION_ITEM() RATIONAL_B_SPLINE_CURVE((1.,0.5,1.,0.5,
1.,0.5,1.)) REPRESENTATION_ITEM('') );
#4453 = CARTESIAN_POINT('',(-16.95,82.5));
#4454 = CARTESIAN_POINT('',(-16.95,122.2505660337));
#4455 = CARTESIAN_POINT('',(17.475,102.37528301685));
#4456 = CARTESIAN_POINT('',(51.9,82.5));
#4457 = CARTESIAN_POINT('',(17.475,62.624716983147));
#4458 = CARTESIAN_POINT('',(-16.95,42.749433966294));
#4459 = CARTESIAN_POINT('',(-16.95,82.5));
#4460 = ( GEOMETRIC_REPRESENTATION_CONTEXT(2) 
PARAMETRIC_REPRESENTATION_CONTEXT() REPRESENTATION_CONTEXT('2D SPACE',''
  ) );
#4461 = ORIENTED_EDGE('',*,*,#4462,.T.);
#4462 = EDGE_CURVE('',#4430,#4463,#4465,.T.);
#4463 = VERTEX_POINT('',#4464);
#4464 = CARTESIAN_POINT('',(88.5,92.651805795465,-30.));
#4465 = SURFACE_CURVE('',#4466,(#4470,#4476),.PCURVE_S1.);
#4466 = LINE('',#4467,#4468);
#4467 = CARTESIAN_POINT('',(88.5,92.651805795465,-67.5));
#4468 = VECTOR('',#4469,1.);
#4469 = DIRECTION('',(-0.,-0.,-1.));
#4470 = PCURVE('',#2094,#4471);
#4471 = DEFINITIONAL_REPRESENTATION('',(#4472),#4475);
#4472 = B_SPLINE_CURVE_WITH_KNOTS('',1,(#4473,#4474),.UNSPECIFIED.,.F.,
  .F.,(2,2),(-57.2999998033,-35.70000001788),.PIECEWISE_BEZIER_KNOTS.);
#4473 = CARTESIAN_POINT('',(4.976900603948,-57.2999998033));
#4474 = CARTESIAN_POINT('',(4.976900603948,-35.70000001788));
#4475 = ( GEOMETRIC_REPRESENTATION_CONTEXT(2) 
PARAMETRIC_REPRESENTATION_CONTEXT() REPRESENTATION_CONTEXT('2D SPACE',''
  ) );
#4476 = PCURVE('',#4477,#4482);
#4477 = PLANE('',#4478);
#4478 = AXIS2_PLACEMENT_3D('',#4479,#4480,#4481);
#4479 = CARTESIAN_POINT('',(88.5,153.,-30.));
#4480 = DIRECTION('',(1.,0.,0.));
#4481 = DIRECTION('',(0.,0.,1.));
#4482 = DEFINITIONAL_REPRESENTATION('',(#4483),#4487);
#4483 = LINE('',#4484,#4485);
#4484 = CARTESIAN_POINT('',(-37.5,60.348194204535));
#4485 = VECTOR('',#4486,1.);
#4486 = DIRECTION('',(-1.,0.));
#4487 = ( GEOMETRIC_REPRESENTATION_CONTEXT(2) 
PARAMETRIC_REPRESENTATION_CONTEXT() REPRESENTATION_CONTEXT('2D SPACE',''
  ) );
#4488 = ORIENTED_EDGE('',*,*,#4489,.F.);
#4489 = EDGE_CURVE('',#4490,#4463,#4492,.T.);
#4490 = VERTEX_POINT('',#4491);
#4491 = CARTESIAN_POINT('',(63.940568435429,84.,-30.));
#4492 = SURFACE_CURVE('',#4493,(#4498,#4505),.PCURVE_S1.);
#4493 = CIRCLE('',#4494,22.95);
#4494 = AXIS2_PLACEMENT_3D('',#4495,#4496,#4497);
#4495 = CARTESIAN_POINT('',(82.5,70.5,-30.));
#4496 = DIRECTION('',(0.,0.,-1.));
#4497 = DIRECTION('',(1.,0.,0.));
#4498 = PCURVE('',#2094,#4499);
#4499 = DEFINITIONAL_REPRESENTATION('',(#4500),#4504);
#4500 = LINE('',#4501,#4502);
#4501 = CARTESIAN_POINT('',(-4.138911435803E-13,-37.5));
#4502 = VECTOR('',#4503,1.);
#4503 = DIRECTION('',(1.,-0.));
#4504 = ( GEOMETRIC_REPRESENTATION_CONTEXT(2) 
PARAMETRIC_REPRESENTATION_CONTEXT() REPRESENTATION_CONTEXT('2D SPACE',''
  ) );
#4505 = PCURVE('',#4506,#4511);
#4506 = PLANE('',#4507);
#4507 = AXIS2_PLACEMENT_3D('',#4508,#4509,#4510);
#4508 = CARTESIAN_POINT('',(46.5,153.,-30.));
#4509 = DIRECTION('',(0.,0.,-1.));
#4510 = DIRECTION('',(1.,0.,0.));
#4511 = DEFINITIONAL_REPRESENTATION('',(#4512),#4516);
#4512 = CIRCLE('',#4513,22.95);
#4513 = AXIS2_PLACEMENT_2D('',#4514,#4515);
#4514 = CARTESIAN_POINT('',(36.,82.5));
#4515 = DIRECTION('',(1.,0.));
#4516 = ( GEOMETRIC_REPRESENTATION_CONTEXT(2) 
PARAMETRIC_REPRESENTATION_CONTEXT() REPRESENTATION_CONTEXT('2D SPACE',''
  ) );
#4517 = ORIENTED_EDGE('',*,*,#4518,.T.);
#4518 = EDGE_CURVE('',#4490,#3455,#4519,.T.);
#4519 = SURFACE_CURVE('',#4520,(#4524,#4530),.PCURVE_S1.);
#4520 = LINE('',#4521,#4522);
#4521 = CARTESIAN_POINT('',(63.940568435429,84.,-67.5));
#4522 = VECTOR('',#4523,1.);
#4523 = DIRECTION('',(-0.,-0.,-1.));
#4524 = PCURVE('',#2094,#4525);
#4525 = DEFINITIONAL_REPRESENTATION('',(#4526),#4529);
#4526 = B_SPLINE_CURVE_WITH_KNOTS('',1,(#4527,#4528),.UNSPECIFIED.,.F.,
  .F.,(2,2),(-38.7,-24.3),.PIECEWISE_BEZIER_KNOTS.);
#4527 = CARTESIAN_POINT('',(3.770467579085,-38.7));
#4528 = CARTESIAN_POINT('',(3.770467579085,-24.3));
#4529 = ( GEOMETRIC_REPRESENTATION_CONTEXT(2) 
PARAMETRIC_REPRESENTATION_CONTEXT() REPRESENTATION_CONTEXT('2D SPACE',''
  ) );
#4530 = PCURVE('',#3494,#4531);
#4531 = DEFINITIONAL_REPRESENTATION('',(#4532),#4536);
#4532 = LINE('',#4533,#4534);
#4533 = CARTESIAN_POINT('',(17.440568435429,67.5));
#4534 = VECTOR('',#4535,1.);
#4535 = DIRECTION('',(0.,1.));
#4536 = ( GEOMETRIC_REPRESENTATION_CONTEXT(2) 
PARAMETRIC_REPRESENTATION_CONTEXT() REPRESENTATION_CONTEXT('2D SPACE',''
  ) );
#4537 = ORIENTED_EDGE('',*,*,#3454,.T.);
#4538 = ORIENTED_EDGE('',*,*,#4539,.T.);
#4539 = EDGE_CURVE('',#3422,#4540,#4542,.T.);
#4540 = VERTEX_POINT('',#4541);
#4541 = CARTESIAN_POINT('',(105.12389522803,74.355108910359,-32.));
#4542 = SURFACE_CURVE('',#4543,(#4547,#4553),.PCURVE_S1.);
#4543 = LINE('',#4544,#4545);
#4544 = CARTESIAN_POINT('',(105.12389522803,74.355108910359,-42.));
#4545 = VECTOR('',#4546,1.);
#4546 = DIRECTION('',(0.,0.,1.));
#4547 = PCURVE('',#2094,#4548);
#4548 = DEFINITIONAL_REPRESENTATION('',(#4549),#4552);
#4549 = B_SPLINE_CURVE_WITH_KNOTS('',1,(#4550,#4551),.UNSPECIFIED.,.F.,
  .F.,(2,2),(-5.999999999062E-07,10.0000006),.PIECEWISE_BEZIER_KNOTS.);
#4550 = CARTESIAN_POINT('',(6.114406532882,-25.4999994));
#4551 = CARTESIAN_POINT('',(6.114406532882,-35.5000006));
#4552 = ( GEOMETRIC_REPRESENTATION_CONTEXT(2) 
PARAMETRIC_REPRESENTATION_CONTEXT() REPRESENTATION_CONTEXT('2D SPACE',''
  ) );
#4553 = PCURVE('',#3442,#4554);
#4554 = DEFINITIONAL_REPRESENTATION('',(#4555),#4558);
#4555 = B_SPLINE_CURVE_WITH_KNOTS('',1,(#4556,#4557),.UNSPECIFIED.,.F.,
  .F.,(2,2),(-5.999999999062E-07,10.0000006),.PIECEWISE_BEZIER_KNOTS.);
#4556 = CARTESIAN_POINT('',(5.778078411374,-5.999999999062E-07));
#4557 = CARTESIAN_POINT('',(5.778078411374,10.0000006));
#4558 = ( GEOMETRIC_REPRESENTATION_CONTEXT(2) 
PARAMETRIC_REPRESENTATION_CONTEXT() REPRESENTATION_CONTEXT('2D SPACE',''
  ) );
#4559 = ORIENTED_EDGE('',*,*,#4560,.T.);
#4560 = EDGE_CURVE('',#4540,#4179,#4561,.T.);
#4561 = SURFACE_CURVE('',#4562,(#4567,#4574),.PCURVE_S1.);
#4562 = CIRCLE('',#4563,22.95);
#4563 = AXIS2_PLACEMENT_3D('',#4564,#4565,#4566);
#4564 = CARTESIAN_POINT('',(82.5,70.5,-32.));
#4565 = DIRECTION('',(0.,0.,-1.));
#4566 = DIRECTION('',(1.,0.,0.));
#4567 = PCURVE('',#2094,#4568);
#4568 = DEFINITIONAL_REPRESENTATION('',(#4569),#4573);
#4569 = LINE('',#4570,#4571);
#4570 = CARTESIAN_POINT('',(-4.138911435803E-13,-35.5));
#4571 = VECTOR('',#4572,1.);
#4572 = DIRECTION('',(1.,-0.));
#4573 = ( GEOMETRIC_REPRESENTATION_CONTEXT(2) 
PARAMETRIC_REPRESENTATION_CONTEXT() REPRESENTATION_CONTEXT('2D SPACE',''
  ) );
#4574 = PCURVE('',#4218,#4575);
#4575 = DEFINITIONAL_REPRESENTATION('',(#4576),#4580);
#4576 = CIRCLE('',#4577,22.95);
#4577 = AXIS2_PLACEMENT_2D('',#4578,#4579);
#4578 = CARTESIAN_POINT('',(30.5,15.5));
#4579 = DIRECTION('',(-1.,0.));
#4580 = ( GEOMETRIC_REPRESENTATION_CONTEXT(2) 
PARAMETRIC_REPRESENTATION_CONTEXT() REPRESENTATION_CONTEXT('2D SPACE',''
  ) );
#4581 = ORIENTED_EDGE('',*,*,#4176,.F.);
#4582 = ORIENTED_EDGE('',*,*,#4583,.T.);
#4583 = EDGE_CURVE('',#4177,#4177,#4584,.T.);
#4584 = SURFACE_CURVE('',#4585,(#4590,#4597),.PCURVE_S1.);
#4585 = CIRCLE('',#4586,22.95);
#4586 = AXIS2_PLACEMENT_3D('',#4587,#4588,#4589);
#4587 = CARTESIAN_POINT('',(82.5,70.5,-67.5));
#4588 = DIRECTION('',(0.,0.,1.));
#4589 = DIRECTION('',(1.,0.,-0.));
#4590 = PCURVE('',#2094,#4591);
#4591 = DEFINITIONAL_REPRESENTATION('',(#4592),#4596);
#4592 = LINE('',#4593,#4594);
#4593 = CARTESIAN_POINT('',(6.28318530718,0.));
#4594 = VECTOR('',#4595,1.);
#4595 = DIRECTION('',(-1.,0.));
#4596 = ( GEOMETRIC_REPRESENTATION_CONTEXT(2) 
PARAMETRIC_REPRESENTATION_CONTEXT() REPRESENTATION_CONTEXT('2D SPACE',''
  ) );
#4597 = PCURVE('',#4598,#4603);
#4598 = PLANE('',#4599);
#4599 = AXIS2_PLACEMENT_3D('',#4600,#4601,#4602);
#4600 = CARTESIAN_POINT('',(82.5,70.5,-67.5));
#4601 = DIRECTION('',(0.,0.,1.));
#4602 = DIRECTION('',(1.,0.,-0.));
#4603 = DEFINITIONAL_REPRESENTATION('',(#4604),#4608);
#4604 = CIRCLE('',#4605,22.95);
#4605 = AXIS2_PLACEMENT_2D('',#4606,#4607);
#4606 = CARTESIAN_POINT('',(0.,0.));
#4607 = DIRECTION('',(1.,0.));
#4608 = ( GEOMETRIC_REPRESENTATION_CONTEXT(2) 
PARAMETRIC_REPRESENTATION_CONTEXT() REPRESENTATION_CONTEXT('2D SPACE',''
  ) );
#4609 = ADVANCED_FACE('',(#4610),#2216,.F.);
#4610 = FACE_BOUND('',#4611,.F.);
#4611 = EDGE_LOOP('',(#4612,#4635,#4636,#4637));
#4612 = ORIENTED_EDGE('',*,*,#4613,.F.);
#4613 = EDGE_CURVE('',#2168,#4614,#4616,.T.);
#4614 = VERTEX_POINT('',#4615);
#4615 = CARTESIAN_POINT('',(104.,40.,-10.));
#4616 = SURFACE_CURVE('',#4617,(#4621,#4628),.PCURVE_S1.);
#4617 = LINE('',#4618,#4619);
#4618 = CARTESIAN_POINT('',(104.,40.,0.));
#4619 = VECTOR('',#4620,1.);
#4620 = DIRECTION('',(0.,0.,-1.));
#4621 = PCURVE('',#2216,#4622);
#4622 = DEFINITIONAL_REPRESENTATION('',(#4623),#4627);
#4623 = LINE('',#4624,#4625);
#4624 = CARTESIAN_POINT('',(0.,0.));
#4625 = VECTOR('',#4626,1.);
#4626 = DIRECTION('',(0.,1.));
#4627 = ( GEOMETRIC_REPRESENTATION_CONTEXT(2) 
PARAMETRIC_REPRESENTATION_CONTEXT() REPRESENTATION_CONTEXT('2D SPACE',''
  ) );
#4628 = PCURVE('',#2188,#4629);
#4629 = DEFINITIONAL_REPRESENTATION('',(#4630),#4634);
#4630 = LINE('',#4631,#4632);
#4631 = CARTESIAN_POINT('',(1.570872533145,0.));
#4632 = VECTOR('',#4633,1.);
#4633 = DIRECTION('',(0.,1.));
#4634 = ( GEOMETRIC_REPRESENTATION_CONTEXT(2) 
PARAMETRIC_REPRESENTATION_CONTEXT() REPRESENTATION_CONTEXT('2D SPACE',''
  ) );
#4635 = ORIENTED_EDGE('',*,*,#2200,.T.);
#4636 = ORIENTED_EDGE('',*,*,#4253,.T.);
#4637 = ORIENTED_EDGE('',*,*,#4638,.F.);
#4638 = EDGE_CURVE('',#4614,#4254,#4639,.T.);
#4639 = SURFACE_CURVE('',#4640,(#4644,#4651),.PCURVE_S1.);
#4640 = LINE('',#4641,#4642);
#4641 = CARTESIAN_POINT('',(104.,70.,-10.));
#4642 = VECTOR('',#4643,1.);
#4643 = DIRECTION('',(0.,1.,0.));
#4644 = PCURVE('',#2216,#4645);
#4645 = DEFINITIONAL_REPRESENTATION('',(#4646),#4650);
#4646 = LINE('',#4647,#4648);
#4647 = CARTESIAN_POINT('',(30.,10.));
#4648 = VECTOR('',#4649,1.);
#4649 = DIRECTION('',(1.,0.));
#4650 = ( GEOMETRIC_REPRESENTATION_CONTEXT(2) 
PARAMETRIC_REPRESENTATION_CONTEXT() REPRESENTATION_CONTEXT('2D SPACE',''
  ) );
#4651 = PCURVE('',#4292,#4652);
#4652 = DEFINITIONAL_REPRESENTATION('',(#4653),#4657);
#4653 = LINE('',#4654,#4655);
#4654 = CARTESIAN_POINT('',(-9.,15.));
#4655 = VECTOR('',#4656,1.);
#4656 = DIRECTION('',(0.,1.));
#4657 = ( GEOMETRIC_REPRESENTATION_CONTEXT(2) 
PARAMETRIC_REPRESENTATION_CONTEXT() REPRESENTATION_CONTEXT('2D SPACE',''
  ) );
#4658 = ADVANCED_FACE('',(#4659),#2188,.F.);
#4659 = FACE_BOUND('',#4660,.F.);
#4660 = EDGE_LOOP('',(#4661,#4662,#4690,#4711));
#4661 = ORIENTED_EDGE('',*,*,#4613,.T.);
#4662 = ORIENTED_EDGE('',*,*,#4663,.F.);
#4663 = EDGE_CURVE('',#4664,#4614,#4666,.T.);
#4664 = VERTEX_POINT('',#4665);
#4665 = CARTESIAN_POINT('',(121.99999989546,40.001371714289,-10.));
#4666 = SURFACE_CURVE('',#4667,(#4672,#4679),.PCURVE_S1.);
#4667 = CIRCLE('',#4668,9.);
#4668 = AXIS2_PLACEMENT_3D('',#4669,#4670,#4671);
#4669 = CARTESIAN_POINT('',(113.,40.,-10.));
#4670 = DIRECTION('',(0.,0.,-1.));
#4671 = DIRECTION('',(-1.,6.414621920056E-15,0.));
#4672 = PCURVE('',#2188,#4673);
#4673 = DEFINITIONAL_REPRESENTATION('',(#4674),#4678);
#4674 = LINE('',#4675,#4676);
#4675 = CARTESIAN_POINT('',(-4.712312774035,10.));
#4676 = VECTOR('',#4677,1.);
#4677 = DIRECTION('',(1.,0.));
#4678 = ( GEOMETRIC_REPRESENTATION_CONTEXT(2) 
PARAMETRIC_REPRESENTATION_CONTEXT() REPRESENTATION_CONTEXT('2D SPACE',''
  ) );
#4679 = PCURVE('',#4292,#4680);
#4680 = DEFINITIONAL_REPRESENTATION('',(#4681),#4689);
#4681 = ( BOUNDED_CURVE() B_SPLINE_CURVE(2,(#4682,#4683,#4684,#4685,
#4686,#4687,#4688),.UNSPECIFIED.,.T.,.F.) B_SPLINE_CURVE_WITH_KNOTS((1,2
    ,2,2,2,1),(-2.094395102393,0.,2.094395102393,4.188790204786,
6.28318530718,8.377580409573),.UNSPECIFIED.) CURVE() 
GEOMETRIC_REPRESENTATION_ITEM() RATIONAL_B_SPLINE_CURVE((1.,0.5,1.,0.5,
1.,0.5,1.)) REPRESENTATION_ITEM('') );
#4682 = CARTESIAN_POINT('',(-9.,-15.));
#4683 = CARTESIAN_POINT('',(-9.,0.58845726812));
#4684 = CARTESIAN_POINT('',(4.5,-7.20577136594));
#4685 = CARTESIAN_POINT('',(18.,-15.));
#4686 = CARTESIAN_POINT('',(4.5,-22.79422863406));
#4687 = CARTESIAN_POINT('',(-9.,-30.58845726812));
#4688 = CARTESIAN_POINT('',(-9.,-15.));
#4689 = ( GEOMETRIC_REPRESENTATION_CONTEXT(2) 
PARAMETRIC_REPRESENTATION_CONTEXT() REPRESENTATION_CONTEXT('2D SPACE',''
  ) );
#4690 = ORIENTED_EDGE('',*,*,#4691,.F.);
#4691 = EDGE_CURVE('',#2140,#4664,#4692,.T.);
#4692 = SURFACE_CURVE('',#4693,(#4697,#4704),.PCURVE_S1.);
#4693 = LINE('',#4694,#4695);
#4694 = CARTESIAN_POINT('',(121.99999989546,40.001371714289,0.));
#4695 = VECTOR('',#4696,1.);
#4696 = DIRECTION('',(0.,0.,-1.));
#4697 = PCURVE('',#2188,#4698);
#4698 = DEFINITIONAL_REPRESENTATION('',(#4699),#4703);
#4699 = LINE('',#4700,#4701);
#4700 = CARTESIAN_POINT('',(-1.570872533145,0.));
#4701 = VECTOR('',#4702,1.);
#4702 = DIRECTION('',(0.,1.));
#4703 = ( GEOMETRIC_REPRESENTATION_CONTEXT(2) 
PARAMETRIC_REPRESENTATION_CONTEXT() REPRESENTATION_CONTEXT('2D SPACE',''
  ) );
#4704 = PCURVE('',#2155,#4705);
#4705 = DEFINITIONAL_REPRESENTATION('',(#4706),#4710);
#4706 = LINE('',#4707,#4708);
#4707 = CARTESIAN_POINT('',(29.998628285711,0.));
#4708 = VECTOR('',#4709,1.);
#4709 = DIRECTION('',(-0.,1.));
#4710 = ( GEOMETRIC_REPRESENTATION_CONTEXT(2) 
PARAMETRIC_REPRESENTATION_CONTEXT() REPRESENTATION_CONTEXT('2D SPACE',''
  ) );
#4711 = ORIENTED_EDGE('',*,*,#2167,.T.);
#4712 = ADVANCED_FACE('',(#4713),#2155,.F.);
#4713 = FACE_BOUND('',#4714,.T.);
#4714 = EDGE_LOOP('',(#4715,#4716,#4739,#4760));
#4715 = ORIENTED_EDGE('',*,*,#2139,.F.);
#4716 = ORIENTED_EDGE('',*,*,#4717,.T.);
#4717 = EDGE_CURVE('',#2107,#4718,#4720,.T.);
#4718 = VERTEX_POINT('',#4719);
#4719 = CARTESIAN_POINT('',(122.,70.,-10.));
#4720 = SURFACE_CURVE('',#4721,(#4725,#4732),.PCURVE_S1.);
#4721 = LINE('',#4722,#4723);
#4722 = CARTESIAN_POINT('',(122.,70.,0.));
#4723 = VECTOR('',#4724,1.);
#4724 = DIRECTION('',(0.,0.,-1.));
#4725 = PCURVE('',#2155,#4726);
#4726 = DEFINITIONAL_REPRESENTATION('',(#4727),#4731);
#4727 = LINE('',#4728,#4729);
#4728 = CARTESIAN_POINT('',(0.,0.));
#4729 = VECTOR('',#4730,1.);
#4730 = DIRECTION('',(-0.,1.));
#4731 = ( GEOMETRIC_REPRESENTATION_CONTEXT(2) 
PARAMETRIC_REPRESENTATION_CONTEXT() REPRESENTATION_CONTEXT('2D SPACE',''
  ) );
#4732 = PCURVE('',#2127,#4733);
#4733 = DEFINITIONAL_REPRESENTATION('',(#4734),#4738);
#4734 = LINE('',#4735,#4736);
#4735 = CARTESIAN_POINT('',(6.28318530718,0.));
#4736 = VECTOR('',#4737,1.);
#4737 = DIRECTION('',(0.,1.));
#4738 = ( GEOMETRIC_REPRESENTATION_CONTEXT(2) 
PARAMETRIC_REPRESENTATION_CONTEXT() REPRESENTATION_CONTEXT('2D SPACE',''
  ) );
#4739 = ORIENTED_EDGE('',*,*,#4740,.T.);
#4740 = EDGE_CURVE('',#4718,#4664,#4741,.T.);
#4741 = SURFACE_CURVE('',#4742,(#4746,#4753),.PCURVE_S1.);
#4742 = LINE('',#4743,#4744);
#4743 = CARTESIAN_POINT('',(121.99999989546,40.001371714291,-10.));
#4744 = VECTOR('',#4745,1.);
#4745 = DIRECTION('',(-3.484604062122E-09,-1.,0.));
#4746 = PCURVE('',#2155,#4747);
#4747 = DEFINITIONAL_REPRESENTATION('',(#4748),#4752);
#4748 = LINE('',#4749,#4750);
#4749 = CARTESIAN_POINT('',(29.998628285709,10.));
#4750 = VECTOR('',#4751,1.);
#4751 = DIRECTION('',(1.,0.));
#4752 = ( GEOMETRIC_REPRESENTATION_CONTEXT(2) 
PARAMETRIC_REPRESENTATION_CONTEXT() REPRESENTATION_CONTEXT('2D SPACE',''
  ) );
#4753 = PCURVE('',#4292,#4754);
#4754 = DEFINITIONAL_REPRESENTATION('',(#4755),#4759);
#4755 = LINE('',#4756,#4757);
#4756 = CARTESIAN_POINT('',(8.99999989546,-14.9986282857));
#4757 = VECTOR('',#4758,1.);
#4758 = DIRECTION('',(-3.484604062122E-09,-1.));
#4759 = ( GEOMETRIC_REPRESENTATION_CONTEXT(2) 
PARAMETRIC_REPRESENTATION_CONTEXT() REPRESENTATION_CONTEXT('2D SPACE',''
  ) );
#4760 = ORIENTED_EDGE('',*,*,#4691,.F.);
#4761 = ADVANCED_FACE('',(#4762),#2127,.F.);
#4762 = FACE_BOUND('',#4763,.F.);
#4763 = EDGE_LOOP('',(#4764,#4765,#4766,#4792));
#4764 = ORIENTED_EDGE('',*,*,#2106,.T.);
#4765 = ORIENTED_EDGE('',*,*,#4717,.T.);
#4766 = ORIENTED_EDGE('',*,*,#4767,.F.);
#4767 = EDGE_CURVE('',#4360,#4718,#4768,.T.);
#4768 = SURFACE_CURVE('',#4769,(#4774,#4781),.PCURVE_S1.);
#4769 = CIRCLE('',#4770,9.);
#4770 = AXIS2_PLACEMENT_3D('',#4771,#4772,#4773);
#4771 = CARTESIAN_POINT('',(113.,70.,-10.));
#4772 = DIRECTION('',(0.,0.,-1.));
#4773 = DIRECTION('',(1.,0.,0.));
#4774 = PCURVE('',#2127,#4775);
#4775 = DEFINITIONAL_REPRESENTATION('',(#4776),#4780);
#4776 = LINE('',#4777,#4778);
#4777 = CARTESIAN_POINT('',(0.,10.));
#4778 = VECTOR('',#4779,1.);
#4779 = DIRECTION('',(1.,0.));
#4780 = ( GEOMETRIC_REPRESENTATION_CONTEXT(2) 
PARAMETRIC_REPRESENTATION_CONTEXT() REPRESENTATION_CONTEXT('2D SPACE',''
  ) );
#4781 = PCURVE('',#4292,#4782);
#4782 = DEFINITIONAL_REPRESENTATION('',(#4783),#4791);
#4783 = ( BOUNDED_CURVE() B_SPLINE_CURVE(2,(#4784,#4785,#4786,#4787,
#4788,#4789,#4790),.UNSPECIFIED.,.T.,.F.) B_SPLINE_CURVE_WITH_KNOTS((1,2
    ,2,2,2,1),(-2.094395102393,0.,2.094395102393,4.188790204786,
6.28318530718,8.377580409573),.UNSPECIFIED.) CURVE() 
GEOMETRIC_REPRESENTATION_ITEM() RATIONAL_B_SPLINE_CURVE((1.,0.5,1.,0.5,
1.,0.5,1.)) REPRESENTATION_ITEM('') );
#4784 = CARTESIAN_POINT('',(9.,15.));
#4785 = CARTESIAN_POINT('',(9.,-0.58845726812));
#4786 = CARTESIAN_POINT('',(-4.5,7.20577136594));
#4787 = CARTESIAN_POINT('',(-18.,15.));
#4788 = CARTESIAN_POINT('',(-4.5,22.79422863406));
#4789 = CARTESIAN_POINT('',(9.,30.58845726812));
#4790 = CARTESIAN_POINT('',(9.,15.));
#4791 = ( GEOMETRIC_REPRESENTATION_CONTEXT(2) 
PARAMETRIC_REPRESENTATION_CONTEXT() REPRESENTATION_CONTEXT('2D SPACE',''
  ) );
#4792 = ORIENTED_EDGE('',*,*,#4387,.F.);
#4793 = ADVANCED_FACE('',(#4794),#2061,.F.);
#4794 = FACE_BOUND('',#4795,.F.);
#4795 = EDGE_LOOP('',(#4796,#4819,#4840,#4841));
#4796 = ORIENTED_EDGE('',*,*,#4797,.F.);
#4797 = EDGE_CURVE('',#4798,#4408,#4800,.T.);
#4798 = VERTEX_POINT('',#4799);
#4799 = CARTESIAN_POINT('',(46.5,84.,-12.00000017881));
#4800 = SURFACE_CURVE('',#4801,(#4805,#4812),.PCURVE_S1.);
#4801 = LINE('',#4802,#4803);
#4802 = CARTESIAN_POINT('',(67.5,84.,-12.00000017881));
#4803 = VECTOR('',#4804,1.);
#4804 = DIRECTION('',(1.,0.,0.));
#4805 = PCURVE('',#2061,#4806);
#4806 = DEFINITIONAL_REPRESENTATION('',(#4807),#4811);
#4807 = LINE('',#4808,#4809);
#4808 = CARTESIAN_POINT('',(21.,12.00000017881));
#4809 = VECTOR('',#4810,1.);
#4810 = DIRECTION('',(1.,0.));
#4811 = ( GEOMETRIC_REPRESENTATION_CONTEXT(2) 
PARAMETRIC_REPRESENTATION_CONTEXT() REPRESENTATION_CONTEXT('2D SPACE',''
  ) );
#4812 = PCURVE('',#4446,#4813);
#4813 = DEFINITIONAL_REPRESENTATION('',(#4814),#4818);
#4814 = LINE('',#4815,#4816);
#4815 = CARTESIAN_POINT('',(21.,69.));
#4816 = VECTOR('',#4817,1.);
#4817 = DIRECTION('',(-1.,0.));
#4818 = ( GEOMETRIC_REPRESENTATION_CONTEXT(2) 
PARAMETRIC_REPRESENTATION_CONTEXT() REPRESENTATION_CONTEXT('2D SPACE',''
  ) );
#4819 = ORIENTED_EDGE('',*,*,#4820,.F.);
#4820 = EDGE_CURVE('',#2017,#4798,#4821,.T.);
#4821 = SURFACE_CURVE('',#4822,(#4826,#4833),.PCURVE_S1.);
#4822 = LINE('',#4823,#4824);
#4823 = CARTESIAN_POINT('',(46.5,84.,0.));
#4824 = VECTOR('',#4825,1.);
#4825 = DIRECTION('',(0.,0.,-1.));
#4826 = PCURVE('',#2061,#4827);
#4827 = DEFINITIONAL_REPRESENTATION('',(#4828),#4832);
#4828 = LINE('',#4829,#4830);
#4829 = CARTESIAN_POINT('',(0.,0.));
#4830 = VECTOR('',#4831,1.);
#4831 = DIRECTION('',(0.,1.));
#4832 = ( GEOMETRIC_REPRESENTATION_CONTEXT(2) 
PARAMETRIC_REPRESENTATION_CONTEXT() REPRESENTATION_CONTEXT('2D SPACE',''
  ) );
#4833 = PCURVE('',#2033,#4834);
#4834 = DEFINITIONAL_REPRESENTATION('',(#4835),#4839);
#4835 = LINE('',#4836,#4837);
#4836 = CARTESIAN_POINT('',(4.71164445159,0.));
#4837 = VECTOR('',#4838,1.);
#4838 = DIRECTION('',(0.,1.));
#4839 = ( GEOMETRIC_REPRESENTATION_CONTEXT(2) 
PARAMETRIC_REPRESENTATION_CONTEXT() REPRESENTATION_CONTEXT('2D SPACE',''
  ) );
#4840 = ORIENTED_EDGE('',*,*,#2045,.F.);
#4841 = ORIENTED_EDGE('',*,*,#4407,.T.);
#4842 = ADVANCED_FACE('',(#4843),#2033,.T.);
#4843 = FACE_BOUND('',#4844,.T.);
#4844 = EDGE_LOOP('',(#4845,#4846,#4869,#4895,#4896,#4897));
#4845 = ORIENTED_EDGE('',*,*,#3506,.F.);
#4846 = ORIENTED_EDGE('',*,*,#4847,.F.);
#4847 = EDGE_CURVE('',#4848,#3479,#4850,.T.);
#4848 = VERTEX_POINT('',#4849);
#4849 = CARTESIAN_POINT('',(46.5,84.,-30.));
#4850 = SURFACE_CURVE('',#4851,(#4855,#4862),.PCURVE_S1.);
#4851 = LINE('',#4852,#4853);
#4852 = CARTESIAN_POINT('',(46.5,84.,0.));
#4853 = VECTOR('',#4854,1.);
#4854 = DIRECTION('',(0.,0.,-1.));
#4855 = PCURVE('',#2033,#4856);
#4856 = DEFINITIONAL_REPRESENTATION('',(#4857),#4861);
#4857 = LINE('',#4858,#4859);
#4858 = CARTESIAN_POINT('',(4.71164445159,0.));
#4859 = VECTOR('',#4860,1.);
#4860 = DIRECTION('',(0.,1.));
#4861 = ( GEOMETRIC_REPRESENTATION_CONTEXT(2) 
PARAMETRIC_REPRESENTATION_CONTEXT() REPRESENTATION_CONTEXT('2D SPACE',''
  ) );
#4862 = PCURVE('',#3494,#4863);
#4863 = DEFINITIONAL_REPRESENTATION('',(#4864),#4868);
#4864 = LINE('',#4865,#4866);
#4865 = CARTESIAN_POINT('',(0.,0.));
#4866 = VECTOR('',#4867,1.);
#4867 = DIRECTION('',(0.,1.));
#4868 = ( GEOMETRIC_REPRESENTATION_CONTEXT(2) 
PARAMETRIC_REPRESENTATION_CONTEXT() REPRESENTATION_CONTEXT('2D SPACE',''
  ) );
#4869 = ORIENTED_EDGE('',*,*,#4870,.F.);
#4870 = EDGE_CURVE('',#4798,#4848,#4871,.T.);
#4871 = SURFACE_CURVE('',#4872,(#4876,#4883),.PCURVE_S1.);
#4872 = LINE('',#4873,#4874);
#4873 = CARTESIAN_POINT('',(46.5,84.,0.));
#4874 = VECTOR('',#4875,1.);
#4875 = DIRECTION('',(0.,0.,-1.));
#4876 = PCURVE('',#2033,#4877);
#4877 = DEFINITIONAL_REPRESENTATION('',(#4878),#4882);
#4878 = LINE('',#4879,#4880);
#4879 = CARTESIAN_POINT('',(4.71164445159,0.));
#4880 = VECTOR('',#4881,1.);
#4881 = DIRECTION('',(0.,1.));
#4882 = ( GEOMETRIC_REPRESENTATION_CONTEXT(2) 
PARAMETRIC_REPRESENTATION_CONTEXT() REPRESENTATION_CONTEXT('2D SPACE',''
  ) );
#4883 = PCURVE('',#4884,#4889);
#4884 = PLANE('',#4885);
#4885 = AXIS2_PLACEMENT_3D('',#4886,#4887,#4888);
#4886 = CARTESIAN_POINT('',(46.5,153.,-12.00000017881));
#4887 = DIRECTION('',(-1.,0.,0.));
#4888 = DIRECTION('',(0.,0.,-1.));
#4889 = DEFINITIONAL_REPRESENTATION('',(#4890),#4894);
#4890 = LINE('',#4891,#4892);
#4891 = CARTESIAN_POINT('',(-12.00000017881,69.));
#4892 = VECTOR('',#4893,1.);
#4893 = DIRECTION('',(1.,0.));
#4894 = ( GEOMETRIC_REPRESENTATION_CONTEXT(2) 
PARAMETRIC_REPRESENTATION_CONTEXT() REPRESENTATION_CONTEXT('2D SPACE',''
  ) );
#4895 = ORIENTED_EDGE('',*,*,#4820,.F.);
#4896 = ORIENTED_EDGE('',*,*,#2016,.F.);
#4897 = ORIENTED_EDGE('',*,*,#4898,.T.);
#4898 = EDGE_CURVE('',#1989,#3507,#4899,.T.);
#4899 = SURFACE_CURVE('',#4900,(#4904,#4911),.PCURVE_S1.);
#4900 = LINE('',#4901,#4902);
#4901 = CARTESIAN_POINT('',(37.49999833703,92.996133808522,0.));
#4902 = VECTOR('',#4903,1.);
#4903 = DIRECTION('',(0.,0.,-1.));
#4904 = PCURVE('',#2033,#4905);
#4905 = DEFINITIONAL_REPRESENTATION('',(#4906),#4910);
#4906 = LINE('',#4907,#4908);
#4907 = CARTESIAN_POINT('',(6.282010924498,0.));
#4908 = VECTOR('',#4909,1.);
#4909 = DIRECTION('',(0.,1.));
#4910 = ( GEOMETRIC_REPRESENTATION_CONTEXT(2) 
PARAMETRIC_REPRESENTATION_CONTEXT() REPRESENTATION_CONTEXT('2D SPACE',''
  ) );
#4911 = PCURVE('',#2004,#4912);
#4912 = DEFINITIONAL_REPRESENTATION('',(#4913),#4917);
#4913 = LINE('',#4914,#4915);
#4914 = CARTESIAN_POINT('',(42.,77.996133808522));
#4915 = VECTOR('',#4916,1.);
#4916 = DIRECTION('',(-1.,0.));
#4917 = ( GEOMETRIC_REPRESENTATION_CONTEXT(2) 
PARAMETRIC_REPRESENTATION_CONTEXT() REPRESENTATION_CONTEXT('2D SPACE',''
  ) );
#4918 = ADVANCED_FACE('',(#4919,#4945),#2004,.T.);
#4919 = FACE_BOUND('',#4920,.T.);
#4920 = EDGE_LOOP('',(#4921,#4942,#4943,#4944));
#4921 = ORIENTED_EDGE('',*,*,#4922,.F.);
#4922 = EDGE_CURVE('',#3034,#1959,#4923,.T.);
#4923 = SURFACE_CURVE('',#4924,(#4928,#4935),.PCURVE_S1.);
#4924 = LINE('',#4925,#4926);
#4925 = CARTESIAN_POINT('',(37.5,156.,-31.5));
#4926 = VECTOR('',#4927,1.);
#4927 = DIRECTION('',(-1.057355261548E-16,0.,1.));
#4928 = PCURVE('',#2004,#4929);
#4929 = DEFINITIONAL_REPRESENTATION('',(#4930),#4934);
#4930 = LINE('',#4931,#4932);
#4931 = CARTESIAN_POINT('',(10.5,141.));
#4932 = VECTOR('',#4933,1.);
#4933 = DIRECTION('',(1.,0.));
#4934 = ( GEOMETRIC_REPRESENTATION_CONTEXT(2) 
PARAMETRIC_REPRESENTATION_CONTEXT() REPRESENTATION_CONTEXT('2D SPACE',''
  ) );
#4935 = PCURVE('',#3694,#4936);
#4936 = DEFINITIONAL_REPRESENTATION('',(#4937),#4941);
#4937 = LINE('',#4938,#4939);
#4938 = CARTESIAN_POINT('',(7.068583470577,-3.552713678801E-15));
#4939 = VECTOR('',#4940,1.);
#4940 = DIRECTION('',(0.,1.));
#4941 = ( GEOMETRIC_REPRESENTATION_CONTEXT(2) 
PARAMETRIC_REPRESENTATION_CONTEXT() REPRESENTATION_CONTEXT('2D SPACE',''
  ) );
#4942 = ORIENTED_EDGE('',*,*,#3530,.F.);
#4943 = ORIENTED_EDGE('',*,*,#4898,.F.);
#4944 = ORIENTED_EDGE('',*,*,#1988,.T.);
#4945 = FACE_BOUND('',#4946,.T.);
#4946 = EDGE_LOOP('',(#4947));
#4947 = ORIENTED_EDGE('',*,*,#4948,.T.);
#4948 = EDGE_CURVE('',#4949,#4949,#4951,.T.);
#4949 = VERTEX_POINT('',#4950);
#4950 = CARTESIAN_POINT('',(37.5,137.,-24.));
#4951 = SURFACE_CURVE('',#4952,(#4957,#4968),.PCURVE_S1.);
#4952 = CIRCLE('',#4953,3.);
#4953 = AXIS2_PLACEMENT_3D('',#4954,#4955,#4956);
#4954 = CARTESIAN_POINT('',(37.5,137.,-21.));
#4955 = DIRECTION('',(1.,0.,1.057355261548E-16));
#4956 = DIRECTION('',(-1.057355261548E-16,0.,1.));
#4957 = PCURVE('',#2004,#4958);
#4958 = DEFINITIONAL_REPRESENTATION('',(#4959),#4967);
#4959 = ( BOUNDED_CURVE() B_SPLINE_CURVE(2,(#4960,#4961,#4962,#4963,
#4964,#4965,#4966),.UNSPECIFIED.,.T.,.F.) B_SPLINE_CURVE_WITH_KNOTS((1,2
    ,2,2,2,1),(-2.094395102393,0.,2.094395102393,4.188790204786,
6.28318530718,8.377580409573),.UNSPECIFIED.) CURVE() 
GEOMETRIC_REPRESENTATION_ITEM() RATIONAL_B_SPLINE_CURVE((1.,0.5,1.,0.5,
1.,0.5,1.)) REPRESENTATION_ITEM('') );
#4960 = CARTESIAN_POINT('',(24.,122.));
#4961 = CARTESIAN_POINT('',(24.,116.80384757729));
#4962 = CARTESIAN_POINT('',(19.5,119.40192378864));
#4963 = CARTESIAN_POINT('',(15.,122.));
#4964 = CARTESIAN_POINT('',(19.5,124.59807621135));
#4965 = CARTESIAN_POINT('',(24.,127.1961524227));
#4966 = CARTESIAN_POINT('',(24.,122.));
#4967 = ( GEOMETRIC_REPRESENTATION_CONTEXT(2) 
PARAMETRIC_REPRESENTATION_CONTEXT() REPRESENTATION_CONTEXT('2D SPACE',''
  ) );
#4968 = PCURVE('',#4969,#4974);
#4969 = CYLINDRICAL_SURFACE('',#4970,3.);
#4970 = AXIS2_PLACEMENT_3D('',#4971,#4972,#4973);
#4971 = CARTESIAN_POINT('',(37.5,137.,-21.));
#4972 = DIRECTION('',(1.,0.,1.184237892934E-16));
#4973 = DIRECTION('',(-1.184237892934E-16,0.,1.));
#4974 = DEFINITIONAL_REPRESENTATION('',(#4975),#4979);
#4975 = LINE('',#4976,#4977);
#4976 = CARTESIAN_POINT('',(0.,0.));
#4977 = VECTOR('',#4978,1.);
#4978 = DIRECTION('',(1.,0.));
#4979 = ( GEOMETRIC_REPRESENTATION_CONTEXT(2) 
PARAMETRIC_REPRESENTATION_CONTEXT() REPRESENTATION_CONTEXT('2D SPACE',''
  ) );
#4980 = ADVANCED_FACE('',(#4981),#2840,.F.);
#4981 = FACE_BOUND('',#4982,.F.);
#4982 = EDGE_LOOP('',(#4983,#5004,#5005,#5006));
#4983 = ORIENTED_EDGE('',*,*,#4984,.T.);
#4984 = EDGE_CURVE('',#2820,#3207,#4985,.T.);
#4985 = SURFACE_CURVE('',#4986,(#4990,#4997),.PCURVE_S1.);
#4986 = LINE('',#4987,#4988);
#4987 = CARTESIAN_POINT('',(63.772029585268,32.674133133705,0.));
#4988 = VECTOR('',#4989,1.);
#4989 = DIRECTION('',(0.,0.,-1.));
#4990 = PCURVE('',#2840,#4991);
#4991 = DEFINITIONAL_REPRESENTATION('',(#4992),#4996);
#4992 = LINE('',#4993,#4994);
#4993 = CARTESIAN_POINT('',(6.28318530718,0.));
#4994 = VECTOR('',#4995,1.);
#4995 = DIRECTION('',(0.,1.));
#4996 = ( GEOMETRIC_REPRESENTATION_CONTEXT(2) 
PARAMETRIC_REPRESENTATION_CONTEXT() REPRESENTATION_CONTEXT('2D SPACE',''
  ) );
#4997 = PCURVE('',#2868,#4998);
#4998 = DEFINITIONAL_REPRESENTATION('',(#4999),#5003);
#4999 = LINE('',#5000,#5001);
#5000 = CARTESIAN_POINT('',(0.,0.));
#5001 = VECTOR('',#5002,1.);
#5002 = DIRECTION('',(0.,1.));
#5003 = ( GEOMETRIC_REPRESENTATION_CONTEXT(2) 
PARAMETRIC_REPRESENTATION_CONTEXT() REPRESENTATION_CONTEXT('2D SPACE',''
  ) );
#5004 = ORIENTED_EDGE('',*,*,#3229,.T.);
#5005 = ORIENTED_EDGE('',*,*,#4125,.F.);
#5006 = ORIENTED_EDGE('',*,*,#2819,.F.);
#5007 = ADVANCED_FACE('',(#5008),#2868,.F.);
#5008 = FACE_BOUND('',#5009,.T.);
#5009 = EDGE_LOOP('',(#5010,#5011,#5012,#5013));
#5010 = ORIENTED_EDGE('',*,*,#2852,.T.);
#5011 = ORIENTED_EDGE('',*,*,#4984,.T.);
#5012 = ORIENTED_EDGE('',*,*,#3206,.F.);
#5013 = ORIENTED_EDGE('',*,*,#4022,.F.);
#5014 = ADVANCED_FACE('',(#5015),#3049,.T.);
#5015 = FACE_BOUND('',#5016,.T.);
#5016 = EDGE_LOOP('',(#5017,#5092,#5115,#5181,#5182,#5250));
#5017 = ORIENTED_EDGE('',*,*,#5018,.F.);
#5018 = EDGE_CURVE('',#5019,#5021,#5023,.T.);
#5019 = VERTEX_POINT('',#5020);
#5020 = CARTESIAN_POINT('',(73.06776436283,162.,-36.));
#5021 = VERTEX_POINT('',#5022);
#5022 = CARTESIAN_POINT('',(61.93223563717,162.,-36.));
#5023 = SURFACE_CURVE('',#5024,(#5030,#5059),.PCURVE_S1.);
#5024 = B_SPLINE_CURVE_WITH_KNOTS('',3,(#5025,#5026,#5027,#5028,#5029),
  .UNSPECIFIED.,.F.,.F.,(4,1,4),(-3.14159265359,-0.448798950513,
    3.14159265359),.QUASI_UNIFORM_KNOTS.);
#5025 = CARTESIAN_POINT('',(73.06776436283,162.,-36.));
#5026 = CARTESIAN_POINT('',(71.54449225712,162.,-36.3392488058));
#5027 = CARTESIAN_POINT('',(67.787728985903,161.93952678515,
    -36.80427932422));
#5028 = CARTESIAN_POINT('',(63.96326511145,162.,-36.45233174107));
#5029 = CARTESIAN_POINT('',(61.93223563717,162.,-36.));
#5030 = PCURVE('',#3049,#5031);
#5031 = DEFINITIONAL_REPRESENTATION('',(#5032),#5058);
#5032 = B_SPLINE_CURVE_WITH_KNOTS('',3,(#5033,#5034,#5035,#5036,#5037,
    #5038,#5039,#5040,#5041,#5042,#5043,#5044,#5045,#5046,#5047,#5048,
    #5049,#5050,#5051,#5052,#5053,#5054,#5055,#5056,#5057),
  .UNSPECIFIED.,.F.,.F.,(4,1,1,1,1,1,1,1,1,1,1,1,1,1,1,1,1,1,1,1,1,1,4),
  (-3.14159265359,-2.855993321445,-2.570393989301,-2.284794657156,
    -1.999195325012,-1.713595992867,-1.427996660723,-1.142397328578,
    -0.856797996434,-0.571198664289,-0.285599332145,5.329070518201E-15,
    0.285599332145,0.571198664289,0.856797996434,1.142397328578,
    1.427996660723,1.713595992867,1.999195325012,2.284794657156,
    2.570393989301,2.855993321445,3.14159265359),.UNSPECIFIED.);
#5033 = CARTESIAN_POINT('',(5.497787143782,25.93223563717));
#5034 = CARTESIAN_POINT('',(5.503783868798,26.093794799897));
#5035 = CARTESIAN_POINT('',(5.51525292104,26.418865235321));
#5036 = CARTESIAN_POINT('',(5.530873625273,26.911795105284));
#5037 = CARTESIAN_POINT('',(5.544902291451,27.409517078981));
#5038 = CARTESIAN_POINT('',(5.557327946736,27.91149904336));
#5039 = CARTESIAN_POINT('',(5.568138231049,28.417208885209));
#5040 = CARTESIAN_POINT('',(5.577319187741,28.926114491913));
#5041 = CARTESIAN_POINT('',(5.584855477773,29.437683748627));
#5042 = CARTESIAN_POINT('',(5.590730203993,29.951384548837));
#5043 = CARTESIAN_POINT('',(5.594926581023,30.466684754929));
#5044 = CARTESIAN_POINT('',(5.59742336811,30.98305234536));
#5045 = CARTESIAN_POINT('',(5.598219658853,31.499954705093));
#5046 = CARTESIAN_POINT('',(5.597330181751,32.016858784287));
#5047 = CARTESIAN_POINT('',(5.594766546349,32.533231631485));
#5048 = CARTESIAN_POINT('',(5.590540937359,33.048540268869));
#5049 = CARTESIAN_POINT('',(5.58466459137,33.562251725683));
#5050 = CARTESIAN_POINT('',(5.577147849228,34.07383302928));
#5051 = CARTESIAN_POINT('',(5.567999954474,34.582751207519));
#5052 = CARTESIAN_POINT('',(5.55722908254,35.088473288124));
#5053 = CARTESIAN_POINT('',(5.544842456704,35.590466298854));
#5054 = CARTESIAN_POINT('',(5.530846614395,36.08819726746));
#5055 = CARTESIAN_POINT('',(5.515247692612,36.581133221694));
#5056 = CARTESIAN_POINT('',(5.503784016271,36.906205200103));
#5057 = CARTESIAN_POINT('',(5.497787143782,37.06776436283));
#5058 = ( GEOMETRIC_REPRESENTATION_CONTEXT(2) 
PARAMETRIC_REPRESENTATION_CONTEXT() REPRESENTATION_CONTEXT('2D SPACE',''
  ) );
#5059 = PCURVE('',#5060,#5086);
#5060 = B_SPLINE_SURFACE_WITH_KNOTS('',3,3,(
    (#5061,#5062,#5063,#5064,#5065)
    ,(#5066,#5067,#5068,#5069,#5070)
    ,(#5071,#5072,#5073,#5074,#5075)
    ,(#5076,#5077,#5078,#5079,#5080)
    ,(#5081,#5082,#5083,#5084,#5085
  )),.UNSPECIFIED.,.F.,.F.,.F.,(4,1,4),(4,1,4),(0.,0.571428571429,1.),(
    -3.14159265359,0.448798950513,3.14159265359),.UNSPECIFIED.);
#5061 = CARTESIAN_POINT('',(61.93223563717,162.,-36.));
#5062 = CARTESIAN_POINT('',(63.96326511145,162.,-36.45233174107));
#5063 = CARTESIAN_POINT('',(67.787728985903,161.93952678515,
    -36.80427932422));
#5064 = CARTESIAN_POINT('',(71.54449225712,162.,-36.3392488058));
#5065 = CARTESIAN_POINT('',(73.06776436283,162.,-36.));
#5066 = CARTESIAN_POINT('',(62.348703437627,162.,-34.87800262371));
#5067 = CARTESIAN_POINT('',(64.208087680417,162.08695409073,
    -35.32432886337));
#5068 = CARTESIAN_POINT('',(67.77117978046,162.08943984388,
    -35.70210550055));
#5069 = CARTESIAN_POINT('',(71.256758380281,162.06521556805,
    -35.21274730346));
#5070 = CARTESIAN_POINT('',(72.651296562373,162.,-34.87800262371));
#5071 = CARTESIAN_POINT('',(63.069653768266,163.0046938555,
    -32.9357050955));
#5072 = CARTESIAN_POINT('',(64.636227337617,163.13954364758,
    -33.44378957847));
#5073 = CARTESIAN_POINT('',(67.741490684177,163.16885366372,
    -33.89550432787));
#5074 = CARTESIAN_POINT('',(70.755416054721,163.10583119956,
    -33.31676845773));
#5075 = CARTESIAN_POINT('',(71.930346231734,163.0046938555,
    -32.9357050955));
#5076 = CARTESIAN_POINT('',(63.324176727878,165.10240209897,-32.25));
#5077 = CARTESIAN_POINT('',(64.824847723441,165.1422022199,
    -32.80777641365));
#5078 = CARTESIAN_POINT('',(67.721550925767,165.08085344604,
    -33.26258090563));
#5079 = CARTESIAN_POINT('',(70.55032002545,165.13225218967,
    -32.66833231024));
#5080 = CARTESIAN_POINT('',(71.675823272123,165.10240209897,-32.25));
#5081 = CARTESIAN_POINT('',(63.324176727878,166.,-32.25));
#5082 = CARTESIAN_POINT('',(64.847448833588,166.,-32.81541467633));
#5083 = CARTESIAN_POINT('',(67.715796739427,165.89921130858,
    -33.25534915528));
#5084 = CARTESIAN_POINT('',(70.53336919284,166.,-32.67406100725));
#5085 = CARTESIAN_POINT('',(71.675823272123,166.,-32.25));
#5086 = DEFINITIONAL_REPRESENTATION('',(#5087),#5091);
#5087 = LINE('',#5088,#5089);
#5088 = CARTESIAN_POINT('',(9.523134670531E-16,8.881784197001E-16));
#5089 = VECTOR('',#5090,1.);
#5090 = DIRECTION('',(-2.085852587182E-16,-1.));
#5091 = ( GEOMETRIC_REPRESENTATION_CONTEXT(2) 
PARAMETRIC_REPRESENTATION_CONTEXT() REPRESENTATION_CONTEXT('2D SPACE',''
  ) );
#5092 = ORIENTED_EDGE('',*,*,#5093,.T.);
#5093 = EDGE_CURVE('',#5019,#5094,#5096,.T.);
#5094 = VERTEX_POINT('',#5095);
#5095 = CARTESIAN_POINT('',(91.5,162.,-36.));
#5096 = SURFACE_CURVE('',#5097,(#5101,#5108),.PCURVE_S1.);
#5097 = LINE('',#5098,#5099);
#5098 = CARTESIAN_POINT('',(99.,162.,-36.));
#5099 = VECTOR('',#5100,1.);
#5100 = DIRECTION('',(1.,0.,0.));
#5101 = PCURVE('',#3049,#5102);
#5102 = DEFINITIONAL_REPRESENTATION('',(#5103),#5107);
#5103 = LINE('',#5104,#5105);
#5104 = CARTESIAN_POINT('',(5.497787143782,0.));
#5105 = VECTOR('',#5106,1.);
#5106 = DIRECTION('',(0.,-1.));
#5107 = ( GEOMETRIC_REPRESENTATION_CONTEXT(2) 
PARAMETRIC_REPRESENTATION_CONTEXT() REPRESENTATION_CONTEXT('2D SPACE',''
  ) );
#5108 = PCURVE('',#3816,#5109);
#5109 = DEFINITIONAL_REPRESENTATION('',(#5110),#5114);
#5110 = LINE('',#5111,#5112);
#5111 = CARTESIAN_POINT('',(-15.,31.5));
#5112 = VECTOR('',#5113,1.);
#5113 = DIRECTION('',(0.,1.));
#5114 = ( GEOMETRIC_REPRESENTATION_CONTEXT(2) 
PARAMETRIC_REPRESENTATION_CONTEXT() REPRESENTATION_CONTEXT('2D SPACE',''
  ) );
#5115 = ORIENTED_EDGE('',*,*,#5116,.T.);
#5116 = EDGE_CURVE('',#5094,#3032,#5117,.T.);
#5117 = SURFACE_CURVE('',#5118,(#5123,#5152),.PCURVE_S1.);
#5118 = ELLIPSE('',#5119,8.485281374239,6.);
#5119 = AXIS2_PLACEMENT_3D('',#5120,#5121,#5122);
#5120 = CARTESIAN_POINT('',(91.5,156.,-36.));
#5121 = DIRECTION('',(-0.707106781187,5.23364152894E-16,-0.707106781187)
  );
#5122 = DIRECTION('',(0.707106781187,5.23364152894E-16,-0.707106781187)
  );
#5123 = PCURVE('',#3049,#5124);
#5124 = DEFINITIONAL_REPRESENTATION('',(#5125),#5151);
#5125 = B_SPLINE_CURVE_WITH_KNOTS('',3,(#5126,#5127,#5128,#5129,#5130,
    #5131,#5132,#5133,#5134,#5135,#5136,#5137,#5138,#5139,#5140,#5141,
    #5142,#5143,#5144,#5145,#5146,#5147,#5148,#5149,#5150),
  .UNSPECIFIED.,.F.,.F.,(4,1,1,1,1,1,1,1,1,1,1,1,1,1,1,1,1,1,1,1,1,1,4),
  (4.712388980385,4.783788813421,4.855188646457,4.926588479493,
    4.997988312529,5.069388145565,5.140787978601,5.212187811638,
    5.283587644674,5.35498747771,5.426387310746,5.497787143782,
    5.569186976818,5.640586809854,5.711986642891,5.783386475927,
    5.854786308963,5.926186141999,5.997585975035,6.068985808071,
    6.140385641107,6.211785474143,6.28318530718),.UNSPECIFIED.);
#5126 = CARTESIAN_POINT('',(5.497787143782,7.5));
#5127 = CARTESIAN_POINT('',(5.521587088128,7.357199222589));
#5128 = CARTESIAN_POINT('',(5.569186976818,7.071601589023));
#5129 = CARTESIAN_POINT('',(5.640586809854,6.645385009364));
#5130 = CARTESIAN_POINT('',(5.711986642891,6.223524195684));
#5131 = CARTESIAN_POINT('',(5.783386475927,5.808167783992));
#5132 = CARTESIAN_POINT('',(5.854786308963,5.401432622057));
#5133 = CARTESIAN_POINT('',(5.926186141999,5.005391262212));
#5134 = CARTESIAN_POINT('',(5.997585975035,4.622061861028));
#5135 = CARTESIAN_POINT('',(6.068985808071,4.253397771753));
#5136 = CARTESIAN_POINT('',(6.140385641107,3.901277623558));
#5137 = CARTESIAN_POINT('',(6.211785474143,3.567495739605));
#5138 = CARTESIAN_POINT('',(6.28318530718,3.253752995992));
#5139 = CARTESIAN_POINT('',(6.354585140216,2.961648153711));
#5140 = CARTESIAN_POINT('',(6.425984973252,2.692669712412));
#5141 = CARTESIAN_POINT('',(6.497384806288,2.448188323364));
#5142 = CARTESIAN_POINT('',(6.568784639324,2.229449812211));
#5143 = CARTESIAN_POINT('',(6.64018447236,2.037568803373));
#5144 = CARTESIAN_POINT('',(6.711584305396,1.873523141536));
#5145 = CARTESIAN_POINT('',(6.782984138433,1.738148530492));
#5146 = CARTESIAN_POINT('',(6.854383971469,1.632135686374));
#5147 = CARTESIAN_POINT('',(6.925783804505,1.556021549051));
#5148 = CARTESIAN_POINT('',(6.997183637541,1.510206209708));
#5149 = CARTESIAN_POINT('',(7.044783526232,1.499987060667));
#5150 = CARTESIAN_POINT('',(7.068583470577,1.5));
#5151 = ( GEOMETRIC_REPRESENTATION_CONTEXT(2) 
PARAMETRIC_REPRESENTATION_CONTEXT() REPRESENTATION_CONTEXT('2D SPACE',''
  ) );
#5152 = PCURVE('',#3768,#5153);
#5153 = DEFINITIONAL_REPRESENTATION('',(#5154),#5180);
#5154 = B_SPLINE_CURVE_WITH_KNOTS('',3,(#5155,#5156,#5157,#5158,#5159,
    #5160,#5161,#5162,#5163,#5164,#5165,#5166,#5167,#5168,#5169,#5170,
    #5171,#5172,#5173,#5174,#5175,#5176,#5177,#5178,#5179),
  .UNSPECIFIED.,.F.,.F.,(4,1,1,1,1,1,1,1,1,1,1,1,1,1,1,1,1,1,1,1,1,1,4),
  (4.712388980385,4.783788813421,4.855188646457,4.926588479493,
    4.997988312529,5.069388145565,5.140787978601,5.212187811638,
    5.283587644674,5.35498747771,5.426387310746,5.497787143782,
    5.569186976818,5.640586809854,5.711986642891,5.783386475927,
    5.854786308963,5.926186141999,5.997585975035,6.068985808071,
    6.140385641107,6.211785474143,6.28318530718),.UNSPECIFIED.);
#5155 = CARTESIAN_POINT('',(5.497787143782,25.5));
#5156 = CARTESIAN_POINT('',(5.521587088128,25.642800777411));
#5157 = CARTESIAN_POINT('',(5.569186976818,25.928398410977));
#5158 = CARTESIAN_POINT('',(5.640586809854,26.354614990636));
#5159 = CARTESIAN_POINT('',(5.711986642891,26.776475804316));
#5160 = CARTESIAN_POINT('',(5.783386475927,27.191832216008));
#5161 = CARTESIAN_POINT('',(5.854786308963,27.598567377943));
#5162 = CARTESIAN_POINT('',(5.926186141999,27.994608737788));
#5163 = CARTESIAN_POINT('',(5.997585975035,28.377938138972));
#5164 = CARTESIAN_POINT('',(6.068985808071,28.746602228247));
#5165 = CARTESIAN_POINT('',(6.140385641107,29.098722376442));
#5166 = CARTESIAN_POINT('',(6.211785474143,29.432504260395));
#5167 = CARTESIAN_POINT('',(6.28318530718,29.746247004008));
#5168 = CARTESIAN_POINT('',(6.354585140216,30.038351846289));
#5169 = CARTESIAN_POINT('',(6.425984973252,30.307330287588));
#5170 = CARTESIAN_POINT('',(6.497384806288,30.551811676636));
#5171 = CARTESIAN_POINT('',(6.568784639324,30.770550187789));
#5172 = CARTESIAN_POINT('',(6.64018447236,30.962431196627));
#5173 = CARTESIAN_POINT('',(6.711584305396,31.126476858464));
#5174 = CARTESIAN_POINT('',(6.782984138433,31.261851469508));
#5175 = CARTESIAN_POINT('',(6.854383971469,31.367864313626));
#5176 = CARTESIAN_POINT('',(6.925783804505,31.443978450949));
#5177 = CARTESIAN_POINT('',(6.997183637541,31.489793790292));
#5178 = CARTESIAN_POINT('',(7.044783526232,31.500012939333));
#5179 = CARTESIAN_POINT('',(7.068583470577,31.5));
#5180 = ( GEOMETRIC_REPRESENTATION_CONTEXT(2) 
PARAMETRIC_REPRESENTATION_CONTEXT() REPRESENTATION_CONTEXT('2D SPACE',''
  ) );
#5181 = ORIENTED_EDGE('',*,*,#3031,.T.);
#5182 = ORIENTED_EDGE('',*,*,#5183,.F.);
#5183 = EDGE_CURVE('',#5184,#3034,#5186,.T.);
#5184 = VERTEX_POINT('',#5185);
#5185 = CARTESIAN_POINT('',(43.5,162.,-36.));
#5186 = SURFACE_CURVE('',#5187,(#5192,#5221),.PCURVE_S1.);
#5187 = ELLIPSE('',#5188,8.485281374239,6.);
#5188 = AXIS2_PLACEMENT_3D('',#5189,#5190,#5191);
#5189 = CARTESIAN_POINT('',(43.5,156.,-36.));
#5190 = DIRECTION('',(-0.707106781187,0.,0.707106781187));
#5191 = DIRECTION('',(-0.707106781187,0.,-0.707106781187));
#5192 = PCURVE('',#3049,#5193);
#5193 = DEFINITIONAL_REPRESENTATION('',(#5194),#5220);
#5194 = B_SPLINE_CURVE_WITH_KNOTS('',3,(#5195,#5196,#5197,#5198,#5199,
    #5200,#5201,#5202,#5203,#5204,#5205,#5206,#5207,#5208,#5209,#5210,
    #5211,#5212,#5213,#5214,#5215,#5216,#5217,#5218,#5219),
  .UNSPECIFIED.,.F.,.F.,(4,1,1,1,1,1,1,1,1,1,1,1,1,1,1,1,1,1,1,1,1,1,4),
  (4.712388980385,4.783788813421,4.855188646457,4.926588479493,
    4.997988312529,5.069388145565,5.140787978601,5.212187811638,
    5.283587644674,5.35498747771,5.426387310746,5.497787143782,
    5.569186976818,5.640586809854,5.711986642891,5.783386475927,
    5.854786308963,5.926186141999,5.997585975035,6.068985808071,
    6.140385641107,6.211785474143,6.28318530718),.UNSPECIFIED.);
#5195 = CARTESIAN_POINT('',(5.497787143782,55.5));
#5196 = CARTESIAN_POINT('',(5.521587088128,55.642800777411));
#5197 = CARTESIAN_POINT('',(5.569186976818,55.928398410977));
#5198 = CARTESIAN_POINT('',(5.640586809854,56.354614990636));
#5199 = CARTESIAN_POINT('',(5.711986642891,56.776475804316));
#5200 = CARTESIAN_POINT('',(5.783386475927,57.191832216008));
#5201 = CARTESIAN_POINT('',(5.854786308963,57.598567377943));
#5202 = CARTESIAN_POINT('',(5.926186141999,57.994608737788));
#5203 = CARTESIAN_POINT('',(5.997585975035,58.377938138972));
#5204 = CARTESIAN_POINT('',(6.068985808071,58.746602228247));
#5205 = CARTESIAN_POINT('',(6.140385641107,59.098722376442));
#5206 = CARTESIAN_POINT('',(6.211785474143,59.432504260395));
#5207 = CARTESIAN_POINT('',(6.28318530718,59.746247004008));
#5208 = CARTESIAN_POINT('',(6.354585140216,60.038351846289));
#5209 = CARTESIAN_POINT('',(6.425984973252,60.307330287588));
#5210 = CARTESIAN_POINT('',(6.497384806288,60.551811676636));
#5211 = CARTESIAN_POINT('',(6.568784639324,60.770550187789));
#5212 = CARTESIAN_POINT('',(6.64018447236,60.962431196627));
#5213 = CARTESIAN_POINT('',(6.711584305396,61.126476858464));
#5214 = CARTESIAN_POINT('',(6.782984138433,61.261851469508));
#5215 = CARTESIAN_POINT('',(6.854383971469,61.367864313626));
#5216 = CARTESIAN_POINT('',(6.925783804505,61.443978450949));
#5217 = CARTESIAN_POINT('',(6.997183637541,61.489793790292));
#5218 = CARTESIAN_POINT('',(7.044783526232,61.500012939333));
#5219 = CARTESIAN_POINT('',(7.068583470577,61.5));
#5220 = ( GEOMETRIC_REPRESENTATION_CONTEXT(2) 
PARAMETRIC_REPRESENTATION_CONTEXT() REPRESENTATION_CONTEXT('2D SPACE',''
  ) );
#5221 = PCURVE('',#3694,#5222);
#5222 = DEFINITIONAL_REPRESENTATION('',(#5223),#5249);
#5223 = B_SPLINE_CURVE_WITH_KNOTS('',3,(#5224,#5225,#5226,#5227,#5228,
    #5229,#5230,#5231,#5232,#5233,#5234,#5235,#5236,#5237,#5238,#5239,
    #5240,#5241,#5242,#5243,#5244,#5245,#5246,#5247,#5248),
  .UNSPECIFIED.,.F.,.F.,(4,1,1,1,1,1,1,1,1,1,1,1,1,1,1,1,1,1,1,1,1,1,4),
  (4.712388980385,4.783788813421,4.855188646457,4.926588479493,
    4.997988312529,5.069388145565,5.140787978601,5.212187811638,
    5.283587644674,5.35498747771,5.426387310746,5.497787143782,
    5.569186976818,5.640586809854,5.711986642891,5.783386475927,
    5.854786308963,5.926186141999,5.997585975035,6.068985808071,
    6.140385641107,6.211785474143,6.28318530718),.UNSPECIFIED.);
#5224 = CARTESIAN_POINT('',(5.497787143782,-4.5));
#5225 = CARTESIAN_POINT('',(5.521587088128,-4.642800777411));
#5226 = CARTESIAN_POINT('',(5.569186976818,-4.928398410977));
#5227 = CARTESIAN_POINT('',(5.640586809854,-5.354614990636));
#5228 = CARTESIAN_POINT('',(5.711986642891,-5.776475804316));
#5229 = CARTESIAN_POINT('',(5.783386475927,-6.191832216008));
#5230 = CARTESIAN_POINT('',(5.854786308963,-6.598567377943));
#5231 = CARTESIAN_POINT('',(5.926186141999,-6.994608737788));
#5232 = CARTESIAN_POINT('',(5.997585975035,-7.377938138972));
#5233 = CARTESIAN_POINT('',(6.068985808071,-7.746602228247));
#5234 = CARTESIAN_POINT('',(6.140385641107,-8.098722376442));
#5235 = CARTESIAN_POINT('',(6.211785474143,-8.432504260395));
#5236 = CARTESIAN_POINT('',(6.28318530718,-8.746247004008));
#5237 = CARTESIAN_POINT('',(6.354585140216,-9.038351846289));
#5238 = CARTESIAN_POINT('',(6.425984973252,-9.307330287588));
#5239 = CARTESIAN_POINT('',(6.497384806288,-9.551811676636));
#5240 = CARTESIAN_POINT('',(6.568784639324,-9.770550187789));
#5241 = CARTESIAN_POINT('',(6.64018447236,-9.962431196627));
#5242 = CARTESIAN_POINT('',(6.711584305396,-10.12647685846));
#5243 = CARTESIAN_POINT('',(6.782984138433,-10.2618514695));
#5244 = CARTESIAN_POINT('',(6.854383971469,-10.36786431362));
#5245 = CARTESIAN_POINT('',(6.925783804505,-10.44397845094));
#5246 = CARTESIAN_POINT('',(6.997183637541,-10.48979379029));
#5247 = CARTESIAN_POINT('',(7.044783526232,-10.50001293933));
#5248 = CARTESIAN_POINT('',(7.068583470577,-10.5));
#5249 = ( GEOMETRIC_REPRESENTATION_CONTEXT(2) 
PARAMETRIC_REPRESENTATION_CONTEXT() REPRESENTATION_CONTEXT('2D SPACE',''
  ) );
#5250 = ORIENTED_EDGE('',*,*,#5251,.T.);
#5251 = EDGE_CURVE('',#5184,#5021,#5252,.T.);
#5252 = SURFACE_CURVE('',#5253,(#5257,#5264),.PCURVE_S1.);
#5253 = LINE('',#5254,#5255);
#5254 = CARTESIAN_POINT('',(99.,162.,-36.));
#5255 = VECTOR('',#5256,1.);
#5256 = DIRECTION('',(1.,0.,0.));
#5257 = PCURVE('',#3049,#5258);
#5258 = DEFINITIONAL_REPRESENTATION('',(#5259),#5263);
#5259 = LINE('',#5260,#5261);
#5260 = CARTESIAN_POINT('',(5.497787143782,0.));
#5261 = VECTOR('',#5262,1.);
#5262 = DIRECTION('',(0.,-1.));
#5263 = ( GEOMETRIC_REPRESENTATION_CONTEXT(2) 
PARAMETRIC_REPRESENTATION_CONTEXT() REPRESENTATION_CONTEXT('2D SPACE',''
  ) );
#5264 = PCURVE('',#3645,#5265);
#5265 = DEFINITIONAL_REPRESENTATION('',(#5266),#5270);
#5266 = LINE('',#5267,#5268);
#5267 = CARTESIAN_POINT('',(-15.,31.5));
#5268 = VECTOR('',#5269,1.);
#5269 = DIRECTION('',(0.,1.));
#5270 = ( GEOMETRIC_REPRESENTATION_CONTEXT(2) 
PARAMETRIC_REPRESENTATION_CONTEXT() REPRESENTATION_CONTEXT('2D SPACE',''
  ) );
#5271 = ADVANCED_FACE('',(#5272),#3494,.F.);
#5272 = FACE_BOUND('',#5273,.F.);
#5273 = EDGE_LOOP('',(#5274,#5295,#5296,#5297));
#5274 = ORIENTED_EDGE('',*,*,#5275,.F.);
#5275 = EDGE_CURVE('',#4490,#4848,#5276,.T.);
#5276 = SURFACE_CURVE('',#5277,(#5281,#5288),.PCURVE_S1.);
#5277 = LINE('',#5278,#5279);
#5278 = CARTESIAN_POINT('',(46.5,84.,-30.));
#5279 = VECTOR('',#5280,1.);
#5280 = DIRECTION('',(-1.,0.,0.));
#5281 = PCURVE('',#3494,#5282);
#5282 = DEFINITIONAL_REPRESENTATION('',(#5283),#5287);
#5283 = LINE('',#5284,#5285);
#5284 = CARTESIAN_POINT('',(0.,30.));
#5285 = VECTOR('',#5286,1.);
#5286 = DIRECTION('',(-1.,0.));
#5287 = ( GEOMETRIC_REPRESENTATION_CONTEXT(2) 
PARAMETRIC_REPRESENTATION_CONTEXT() REPRESENTATION_CONTEXT('2D SPACE',''
  ) );
#5288 = PCURVE('',#4506,#5289);
#5289 = DEFINITIONAL_REPRESENTATION('',(#5290),#5294);
#5290 = LINE('',#5291,#5292);
#5291 = CARTESIAN_POINT('',(0.,69.));
#5292 = VECTOR('',#5293,1.);
#5293 = DIRECTION('',(-1.,0.));
#5294 = ( GEOMETRIC_REPRESENTATION_CONTEXT(2) 
PARAMETRIC_REPRESENTATION_CONTEXT() REPRESENTATION_CONTEXT('2D SPACE',''
  ) );
#5295 = ORIENTED_EDGE('',*,*,#4518,.T.);
#5296 = ORIENTED_EDGE('',*,*,#3478,.T.);
#5297 = ORIENTED_EDGE('',*,*,#4847,.F.);
#5298 = ADVANCED_FACE('',(#5299),#3442,.F.);
#5299 = FACE_BOUND('',#5300,.F.);
#5300 = EDGE_LOOP('',(#5301,#5302,#5303,#5331));
#5301 = ORIENTED_EDGE('',*,*,#3421,.T.);
#5302 = ORIENTED_EDGE('',*,*,#4539,.T.);
#5303 = ORIENTED_EDGE('',*,*,#5304,.F.);
#5304 = EDGE_CURVE('',#5305,#4540,#5307,.T.);
#5305 = VERTEX_POINT('',#5306);
#5306 = CARTESIAN_POINT('',(122.,70.,-32.));
#5307 = SURFACE_CURVE('',#5308,(#5313,#5320),.PCURVE_S1.);
#5308 = CIRCLE('',#5309,9.);
#5309 = AXIS2_PLACEMENT_3D('',#5310,#5311,#5312);
#5310 = CARTESIAN_POINT('',(113.,70.,-32.));
#5311 = DIRECTION('',(0.,0.,1.));
#5312 = DIRECTION('',(-1.,0.,0.));
#5313 = PCURVE('',#3442,#5314);
#5314 = DEFINITIONAL_REPRESENTATION('',(#5315),#5319);
#5315 = LINE('',#5316,#5317);
#5316 = CARTESIAN_POINT('',(0.,10.));
#5317 = VECTOR('',#5318,1.);
#5318 = DIRECTION('',(1.,0.));
#5319 = ( GEOMETRIC_REPRESENTATION_CONTEXT(2) 
PARAMETRIC_REPRESENTATION_CONTEXT() REPRESENTATION_CONTEXT('2D SPACE',''
  ) );
#5320 = PCURVE('',#4218,#5321);
#5321 = DEFINITIONAL_REPRESENTATION('',(#5322),#5330);
#5322 = ( BOUNDED_CURVE() B_SPLINE_CURVE(2,(#5323,#5324,#5325,#5326,
#5327,#5328,#5329),.UNSPECIFIED.,.T.,.F.) B_SPLINE_CURVE_WITH_KNOTS((1,2
    ,2,2,2,1),(-2.094395102393,0.,2.094395102393,4.188790204786,
6.28318530718,8.377580409573),.UNSPECIFIED.) CURVE() 
GEOMETRIC_REPRESENTATION_ITEM() RATIONAL_B_SPLINE_CURVE((1.,0.5,1.,0.5,
1.,0.5,1.)) REPRESENTATION_ITEM('') );
#5323 = CARTESIAN_POINT('',(9.,15.));
#5324 = CARTESIAN_POINT('',(9.,-0.58845726812));
#5325 = CARTESIAN_POINT('',(-4.5,7.20577136594));
#5326 = CARTESIAN_POINT('',(-18.,15.));
#5327 = CARTESIAN_POINT('',(-4.5,22.79422863406));
#5328 = CARTESIAN_POINT('',(9.,30.58845726812));
#5329 = CARTESIAN_POINT('',(9.,15.));
#5330 = ( GEOMETRIC_REPRESENTATION_CONTEXT(2) 
PARAMETRIC_REPRESENTATION_CONTEXT() REPRESENTATION_CONTEXT('2D SPACE',''
  ) );
#5331 = ORIENTED_EDGE('',*,*,#5332,.F.);
#5332 = EDGE_CURVE('',#3394,#5305,#5333,.T.);
#5333 = SURFACE_CURVE('',#5334,(#5338,#5345),.PCURVE_S1.);
#5334 = LINE('',#5335,#5336);
#5335 = CARTESIAN_POINT('',(122.,70.,-42.));
#5336 = VECTOR('',#5337,1.);
#5337 = DIRECTION('',(0.,0.,1.));
#5338 = PCURVE('',#3442,#5339);
#5339 = DEFINITIONAL_REPRESENTATION('',(#5340),#5344);
#5340 = LINE('',#5341,#5342);
#5341 = CARTESIAN_POINT('',(3.14159265359,0.));
#5342 = VECTOR('',#5343,1.);
#5343 = DIRECTION('',(0.,1.));
#5344 = ( GEOMETRIC_REPRESENTATION_CONTEXT(2) 
PARAMETRIC_REPRESENTATION_CONTEXT() REPRESENTATION_CONTEXT('2D SPACE',''
  ) );
#5345 = PCURVE('',#3409,#5346);
#5346 = DEFINITIONAL_REPRESENTATION('',(#5347),#5351);
#5347 = LINE('',#5348,#5349);
#5348 = CARTESIAN_POINT('',(29.998628285711,0.));
#5349 = VECTOR('',#5350,1.);
#5350 = DIRECTION('',(0.,1.));
#5351 = ( GEOMETRIC_REPRESENTATION_CONTEXT(2) 
PARAMETRIC_REPRESENTATION_CONTEXT() REPRESENTATION_CONTEXT('2D SPACE',''
  ) );
#5352 = ADVANCED_FACE('',(#5353),#3409,.F.);
#5353 = FACE_BOUND('',#5354,.T.);
#5354 = EDGE_LOOP('',(#5355,#5356,#5379,#5400));
#5355 = ORIENTED_EDGE('',*,*,#3393,.F.);
#5356 = ORIENTED_EDGE('',*,*,#5357,.T.);
#5357 = EDGE_CURVE('',#3361,#5358,#5360,.T.);
#5358 = VERTEX_POINT('',#5359);
#5359 = CARTESIAN_POINT('',(121.99999989546,40.001371714289,-32.));
#5360 = SURFACE_CURVE('',#5361,(#5365,#5372),.PCURVE_S1.);
#5361 = LINE('',#5362,#5363);
#5362 = CARTESIAN_POINT('',(121.99999989546,40.001371714289,-42.));
#5363 = VECTOR('',#5364,1.);
#5364 = DIRECTION('',(0.,0.,1.));
#5365 = PCURVE('',#3409,#5366);
#5366 = DEFINITIONAL_REPRESENTATION('',(#5367),#5371);
#5367 = LINE('',#5368,#5369);
#5368 = CARTESIAN_POINT('',(0.,0.));
#5369 = VECTOR('',#5370,1.);
#5370 = DIRECTION('',(0.,1.));
#5371 = ( GEOMETRIC_REPRESENTATION_CONTEXT(2) 
PARAMETRIC_REPRESENTATION_CONTEXT() REPRESENTATION_CONTEXT('2D SPACE',''
  ) );
#5372 = PCURVE('',#3381,#5373);
#5373 = DEFINITIONAL_REPRESENTATION('',(#5374),#5378);
#5374 = LINE('',#5375,#5376);
#5375 = CARTESIAN_POINT('',(7.854057840324,0.));
#5376 = VECTOR('',#5377,1.);
#5377 = DIRECTION('',(0.,1.));
#5378 = ( GEOMETRIC_REPRESENTATION_CONTEXT(2) 
PARAMETRIC_REPRESENTATION_CONTEXT() REPRESENTATION_CONTEXT('2D SPACE',''
  ) );
#5379 = ORIENTED_EDGE('',*,*,#5380,.T.);
#5380 = EDGE_CURVE('',#5358,#5305,#5381,.T.);
#5381 = SURFACE_CURVE('',#5382,(#5386,#5393),.PCURVE_S1.);
#5382 = LINE('',#5383,#5384);
#5383 = CARTESIAN_POINT('',(122.,70.,-32.));
#5384 = VECTOR('',#5385,1.);
#5385 = DIRECTION('',(3.484604062121E-09,1.,0.));
#5386 = PCURVE('',#3409,#5387);
#5387 = DEFINITIONAL_REPRESENTATION('',(#5388),#5392);
#5388 = LINE('',#5389,#5390);
#5389 = CARTESIAN_POINT('',(29.998628285711,10.));
#5390 = VECTOR('',#5391,1.);
#5391 = DIRECTION('',(1.,0.));
#5392 = ( GEOMETRIC_REPRESENTATION_CONTEXT(2) 
PARAMETRIC_REPRESENTATION_CONTEXT() REPRESENTATION_CONTEXT('2D SPACE',''
  ) );
#5393 = PCURVE('',#4218,#5394);
#5394 = DEFINITIONAL_REPRESENTATION('',(#5395),#5399);
#5395 = LINE('',#5396,#5397);
#5396 = CARTESIAN_POINT('',(-9.,15.));
#5397 = VECTOR('',#5398,1.);
#5398 = DIRECTION('',(-3.484604062121E-09,1.));
#5399 = ( GEOMETRIC_REPRESENTATION_CONTEXT(2) 
PARAMETRIC_REPRESENTATION_CONTEXT() REPRESENTATION_CONTEXT('2D SPACE',''
  ) );
#5400 = ORIENTED_EDGE('',*,*,#5332,.F.);
#5401 = ADVANCED_FACE('',(#5402),#3381,.F.);
#5402 = FACE_BOUND('',#5403,.F.);
#5403 = EDGE_LOOP('',(#5404,#5405,#5433,#5454));
#5404 = ORIENTED_EDGE('',*,*,#5357,.T.);
#5405 = ORIENTED_EDGE('',*,*,#5406,.F.);
#5406 = EDGE_CURVE('',#5407,#5358,#5409,.T.);
#5407 = VERTEX_POINT('',#5408);
#5408 = CARTESIAN_POINT('',(104.,40.,-32.));
#5409 = SURFACE_CURVE('',#5410,(#5415,#5422),.PCURVE_S1.);
#5410 = CIRCLE('',#5411,9.);
#5411 = AXIS2_PLACEMENT_3D('',#5412,#5413,#5414);
#5412 = CARTESIAN_POINT('',(113.,40.,-32.));
#5413 = DIRECTION('',(0.,0.,1.));
#5414 = DIRECTION('',(0.999999988385,1.524126987783E-04,-0.));
#5415 = PCURVE('',#3381,#5416);
#5416 = DEFINITIONAL_REPRESENTATION('',(#5417),#5421);
#5417 = LINE('',#5418,#5419);
#5418 = CARTESIAN_POINT('',(1.570872533145,10.));
#5419 = VECTOR('',#5420,1.);
#5420 = DIRECTION('',(1.,0.));
#5421 = ( GEOMETRIC_REPRESENTATION_CONTEXT(2) 
PARAMETRIC_REPRESENTATION_CONTEXT() REPRESENTATION_CONTEXT('2D SPACE',''
  ) );
#5422 = PCURVE('',#4218,#5423);
#5423 = DEFINITIONAL_REPRESENTATION('',(#5424),#5432);
#5424 = ( BOUNDED_CURVE() B_SPLINE_CURVE(2,(#5425,#5426,#5427,#5428,
#5429,#5430,#5431),.UNSPECIFIED.,.T.,.F.) B_SPLINE_CURVE_WITH_KNOTS((1,2
    ,2,2,2,1),(-2.094395102393,0.,2.094395102393,4.188790204786,
6.28318530718,8.377580409573),.UNSPECIFIED.) CURVE() 
GEOMETRIC_REPRESENTATION_ITEM() RATIONAL_B_SPLINE_CURVE((1.,0.5,1.,0.5,
1.,0.5,1.)) REPRESENTATION_ITEM('') );
#5425 = CARTESIAN_POINT('',(-8.999999895467,-14.99862828571));
#5426 = CARTESIAN_POINT('',(-8.997624016625,0.589828801352));
#5427 = CARTESIAN_POINT('',(4.501187887154,-7.206457313613));
#5428 = CARTESIAN_POINT('',(17.999999790933,-15.00274342857));
#5429 = CARTESIAN_POINT('',(4.498812008312,-22.79491440067));
#5430 = CARTESIAN_POINT('',(-9.002375774309,-30.58708537277));
#5431 = CARTESIAN_POINT('',(-8.999999895467,-14.99862828571));
#5432 = ( GEOMETRIC_REPRESENTATION_CONTEXT(2) 
PARAMETRIC_REPRESENTATION_CONTEXT() REPRESENTATION_CONTEXT('2D SPACE',''
  ) );
#5433 = ORIENTED_EDGE('',*,*,#5434,.F.);
#5434 = EDGE_CURVE('',#3333,#5407,#5435,.T.);
#5435 = SURFACE_CURVE('',#5436,(#5440,#5447),.PCURVE_S1.);
#5436 = LINE('',#5437,#5438);
#5437 = CARTESIAN_POINT('',(104.,40.,-42.));
#5438 = VECTOR('',#5439,1.);
#5439 = DIRECTION('',(0.,0.,1.));
#5440 = PCURVE('',#3381,#5441);
#5441 = DEFINITIONAL_REPRESENTATION('',(#5442),#5446);
#5442 = LINE('',#5443,#5444);
#5443 = CARTESIAN_POINT('',(4.712312774035,0.));
#5444 = VECTOR('',#5445,1.);
#5445 = DIRECTION('',(0.,1.));
#5446 = ( GEOMETRIC_REPRESENTATION_CONTEXT(2) 
PARAMETRIC_REPRESENTATION_CONTEXT() REPRESENTATION_CONTEXT('2D SPACE',''
  ) );
#5447 = PCURVE('',#3348,#5448);
#5448 = DEFINITIONAL_REPRESENTATION('',(#5449),#5453);
#5449 = LINE('',#5450,#5451);
#5450 = CARTESIAN_POINT('',(30.,0.));
#5451 = VECTOR('',#5452,1.);
#5452 = DIRECTION('',(0.,1.));
#5453 = ( GEOMETRIC_REPRESENTATION_CONTEXT(2) 
PARAMETRIC_REPRESENTATION_CONTEXT() REPRESENTATION_CONTEXT('2D SPACE',''
  ) );
#5454 = ORIENTED_EDGE('',*,*,#3360,.T.);
#5455 = ADVANCED_FACE('',(#5456),#3348,.F.);
#5456 = FACE_BOUND('',#5457,.F.);
#5457 = EDGE_LOOP('',(#5458,#5459,#5460,#5461));
#5458 = ORIENTED_EDGE('',*,*,#4230,.T.);
#5459 = ORIENTED_EDGE('',*,*,#3332,.T.);
#5460 = ORIENTED_EDGE('',*,*,#5434,.T.);
#5461 = ORIENTED_EDGE('',*,*,#5462,.F.);
#5462 = EDGE_CURVE('',#4202,#5407,#5463,.T.);
#5463 = SURFACE_CURVE('',#5464,(#5468,#5475),.PCURVE_S1.);
#5464 = LINE('',#5465,#5466);
#5465 = CARTESIAN_POINT('',(104.,70.,-32.));
#5466 = VECTOR('',#5467,1.);
#5467 = DIRECTION('',(0.,-1.,0.));
#5468 = PCURVE('',#3348,#5469);
#5469 = DEFINITIONAL_REPRESENTATION('',(#5470),#5474);
#5470 = LINE('',#5471,#5472);
#5471 = CARTESIAN_POINT('',(0.,10.));
#5472 = VECTOR('',#5473,1.);
#5473 = DIRECTION('',(1.,0.));
#5474 = ( GEOMETRIC_REPRESENTATION_CONTEXT(2) 
PARAMETRIC_REPRESENTATION_CONTEXT() REPRESENTATION_CONTEXT('2D SPACE',''
  ) );
#5475 = PCURVE('',#4218,#5476);
#5476 = DEFINITIONAL_REPRESENTATION('',(#5477),#5481);
#5477 = LINE('',#5478,#5479);
#5478 = CARTESIAN_POINT('',(9.,15.));
#5479 = VECTOR('',#5480,1.);
#5480 = DIRECTION('',(0.,-1.));
#5481 = ( GEOMETRIC_REPRESENTATION_CONTEXT(2) 
PARAMETRIC_REPRESENTATION_CONTEXT() REPRESENTATION_CONTEXT('2D SPACE',''
  ) );
#5482 = ADVANCED_FACE('',(#5483),#3596,.T.);
#5483 = FACE_BOUND('',#5484,.T.);
#5484 = EDGE_LOOP('',(#5485,#5536,#5537,#5588));
#5485 = ORIENTED_EDGE('',*,*,#5486,.T.);
#5486 = EDGE_CURVE('',#5487,#3555,#5489,.T.);
#5487 = VERTEX_POINT('',#5488);
#5488 = CARTESIAN_POINT('',(63.324176727878,166.,-9.75));
#5489 = SURFACE_CURVE('',#5490,(#5495,#5524),.PCURVE_S1.);
#5490 = CIRCLE('',#5491,4.);
#5491 = AXIS2_PLACEMENT_3D('',#5492,#5493,#5494);
#5492 = CARTESIAN_POINT('',(61.93223563717,166.,-6.));
#5493 = DIRECTION('',(-0.9375,-4.066751026855E-15,-0.347985272677));
#5494 = DIRECTION('',(0.347985272677,-3.944304526105E-31,-0.9375));
#5495 = PCURVE('',#3596,#5496);
#5496 = DEFINITIONAL_REPRESENTATION('',(#5497),#5523);
#5497 = B_SPLINE_CURVE_WITH_KNOTS('',3,(#5498,#5499,#5500,#5501,#5502,
    #5503,#5504,#5505,#5506,#5507,#5508,#5509,#5510,#5511,#5512,#5513,
    #5514,#5515,#5516,#5517,#5518,#5519,#5520,#5521,#5522),
  .UNSPECIFIED.,.F.,.F.,(4,1,1,1,1,1,1,1,1,1,1,1,1,1,1,1,1,1,1,1,1,1,4),
  (0.,7.139983303613E-02,0.142799666072,0.214199499108,0.285599332145,
    0.356999165181,0.428398998217,0.499798831253,0.571198664289,
    0.642598497325,0.713998330361,0.785398163397,0.856797996434,
    0.92819782947,0.999597662506,1.070997495542,1.142397328578,
    1.213797161614,1.28519699465,1.356596827687,1.427996660723,
    1.499396493759,1.570796326795),.UNSPECIFIED.);
#5498 = CARTESIAN_POINT('',(1.,3.14159265359));
#5499 = CARTESIAN_POINT('',(0.984847047025,3.141592647212));
#5500 = CARTESIAN_POINT('',(0.954551893165,3.141592668581));
#5501 = CARTESIAN_POINT('',(0.909139227105,3.141592726812));
#5502 = CARTESIAN_POINT('',(0.863759842391,3.141592711475));
#5503 = CARTESIAN_POINT('',(0.818398027104,3.141592605235));
#5504 = CARTESIAN_POINT('',(0.773032623138,3.141592508711));
#5505 = CARTESIAN_POINT('',(0.727639850835,3.141592521017));
#5506 = CARTESIAN_POINT('',(0.682198818764,3.14159262401));
#5507 = CARTESIAN_POINT('',(0.63669643568,3.141592684053));
#5508 = CARTESIAN_POINT('',(0.591133462669,3.141592562172));
#5509 = CARTESIAN_POINT('',(0.545529604903,3.141592633476));
#5510 = CARTESIAN_POINT('',(0.499936478565,3.141593396594));
#5511 = CARTESIAN_POINT('',(0.454389573182,3.141594184952));
#5512 = CARTESIAN_POINT('',(0.408900377637,3.141594373142));
#5513 = CARTESIAN_POINT('',(0.363465102435,3.141593721999));
#5514 = CARTESIAN_POINT('',(0.318069084181,3.14159247832));
#5515 = CARTESIAN_POINT('',(0.272691709922,3.141591186803));
#5516 = CARTESIAN_POINT('',(0.227310629069,3.141590398407));
#5517 = CARTESIAN_POINT('',(0.181905965722,3.141590404207));
#5518 = CARTESIAN_POINT('',(0.136464348166,3.14159109287));
#5519 = CARTESIAN_POINT('',(9.098442651472E-02,3.141592024819));
#5520 = CARTESIAN_POINT('',(4.547871009832E-02,3.141592601367));
#5521 = CARTESIAN_POINT('',(1.515366795495E-02,3.141592706704));
#5522 = CARTESIAN_POINT('',(0.,3.14159265359));
#5523 = ( GEOMETRIC_REPRESENTATION_CONTEXT(2) 
PARAMETRIC_REPRESENTATION_CONTEXT() REPRESENTATION_CONTEXT('2D SPACE',''
  ) );
#5524 = PCURVE('',#5525,#5530);
#5525 = TOROIDAL_SURFACE('',#5526,16.,4.);
#5526 = AXIS2_PLACEMENT_3D('',#5527,#5528,#5529);
#5527 = CARTESIAN_POINT('',(67.5,166.,-21.));
#5528 = DIRECTION('',(0.,-1.,0.));
#5529 = DIRECTION('',(0.,0.,-1.));
#5530 = DEFINITIONAL_REPRESENTATION('',(#5531),#5535);
#5531 = LINE('',#5532,#5533);
#5532 = CARTESIAN_POINT('',(3.49701385528,3.14159265359));
#5533 = VECTOR('',#5534,1.);
#5534 = DIRECTION('',(2.827159716856E-16,-1.));
#5535 = ( GEOMETRIC_REPRESENTATION_CONTEXT(2) 
PARAMETRIC_REPRESENTATION_CONTEXT() REPRESENTATION_CONTEXT('2D SPACE',''
  ) );
#5536 = ORIENTED_EDGE('',*,*,#3554,.T.);
#5537 = ORIENTED_EDGE('',*,*,#5538,.F.);
#5538 = EDGE_CURVE('',#5539,#3557,#5541,.T.);
#5539 = VERTEX_POINT('',#5540);
#5540 = CARTESIAN_POINT('',(71.675823272122,166.,-9.75));
#5541 = SURFACE_CURVE('',#5542,(#5547,#5576),.PCURVE_S1.);
#5542 = CIRCLE('',#5543,4.);
#5543 = AXIS2_PLACEMENT_3D('',#5544,#5545,#5546);
#5544 = CARTESIAN_POINT('',(73.06776436283,166.,-6.));
#5545 = DIRECTION('',(-0.9375,1.931706309782E-16,0.347985272677));
#5546 = DIRECTION('',(-0.347985272677,0.,-0.9375));
#5547 = PCURVE('',#3596,#5548);
#5548 = DEFINITIONAL_REPRESENTATION('',(#5549),#5575);
#5549 = B_SPLINE_CURVE_WITH_KNOTS('',3,(#5550,#5551,#5552,#5553,#5554,
    #5555,#5556,#5557,#5558,#5559,#5560,#5561,#5562,#5563,#5564,#5565,
    #5566,#5567,#5568,#5569,#5570,#5571,#5572,#5573,#5574),
  .UNSPECIFIED.,.F.,.F.,(4,1,1,1,1,1,1,1,1,1,1,1,1,1,1,1,1,1,1,1,1,1,4),
  (0.,7.139983303613E-02,0.142799666072,0.214199499108,0.285599332145,
    0.356999165181,0.428398998217,0.499798831253,0.571198664289,
    0.642598497325,0.713998330361,0.785398163397,0.856797996434,
    0.92819782947,0.999597662506,1.070997495542,1.142397328578,
    1.213797161614,1.28519699465,1.356596827687,1.427996660723,
    1.499396493759,1.570796326795),.UNSPECIFIED.);
#5550 = CARTESIAN_POINT('',(1.,-3.14159265359));
#5551 = CARTESIAN_POINT('',(0.984847047025,-3.141592647212));
#5552 = CARTESIAN_POINT('',(0.954551893165,-3.141592668581));
#5553 = CARTESIAN_POINT('',(0.909139227105,-3.141592726812));
#5554 = CARTESIAN_POINT('',(0.863759842391,-3.141592711475));
#5555 = CARTESIAN_POINT('',(0.818398027104,-3.141592605235));
#5556 = CARTESIAN_POINT('',(0.773032623138,-3.141592508711));
#5557 = CARTESIAN_POINT('',(0.727639850835,-3.141592521017));
#5558 = CARTESIAN_POINT('',(0.682198818764,-3.14159262401));
#5559 = CARTESIAN_POINT('',(0.63669643568,-3.141592684053));
#5560 = CARTESIAN_POINT('',(0.591133462669,-3.141592562172));
#5561 = CARTESIAN_POINT('',(0.545529604903,-3.141592633476));
#5562 = CARTESIAN_POINT('',(0.499936478565,-3.141593396595));
#5563 = CARTESIAN_POINT('',(0.454389573182,-3.141594184957));
#5564 = CARTESIAN_POINT('',(0.408900377637,-3.141594373153));
#5565 = CARTESIAN_POINT('',(0.363465102436,-3.14159372201));
#5566 = CARTESIAN_POINT('',(0.318069084181,-3.141592478319));
#5567 = CARTESIAN_POINT('',(0.272691709921,-3.141591186785));
#5568 = CARTESIAN_POINT('',(0.227310629068,-3.141590398379));
#5569 = CARTESIAN_POINT('',(0.181905965721,-3.141590404184));
#5570 = CARTESIAN_POINT('',(0.136464348166,-3.141591092859));
#5571 = CARTESIAN_POINT('',(9.098442651467E-02,-3.141592024817));
#5572 = CARTESIAN_POINT('',(4.547871009832E-02,-3.141592601367));
#5573 = CARTESIAN_POINT('',(1.515366795495E-02,-3.141592706704));
#5574 = CARTESIAN_POINT('',(0.,-3.14159265359));
#5575 = ( GEOMETRIC_REPRESENTATION_CONTEXT(2) 
PARAMETRIC_REPRESENTATION_CONTEXT() REPRESENTATION_CONTEXT('2D SPACE',''
  ) );
#5576 = PCURVE('',#5577,#5582);
#5577 = TOROIDAL_SURFACE('',#5578,16.,4.);
#5578 = AXIS2_PLACEMENT_3D('',#5579,#5580,#5581);
#5579 = CARTESIAN_POINT('',(67.5,166.,-21.));
#5580 = DIRECTION('',(0.,-1.,0.));
#5581 = DIRECTION('',(0.,0.,-1.));
#5582 = DEFINITIONAL_REPRESENTATION('',(#5583),#5587);
#5583 = LINE('',#5584,#5585);
#5584 = CARTESIAN_POINT('',(2.7861714519,3.14159265359));
#5585 = VECTOR('',#5586,1.);
#5586 = DIRECTION('',(-2.827159716856E-16,-1.));
#5587 = ( GEOMETRIC_REPRESENTATION_CONTEXT(2) 
PARAMETRIC_REPRESENTATION_CONTEXT() REPRESENTATION_CONTEXT('2D SPACE',''
  ) );
#5588 = ORIENTED_EDGE('',*,*,#5589,.T.);
#5589 = EDGE_CURVE('',#5539,#5487,#5590,.T.);
#5590 = SURFACE_CURVE('',#5591,(#5597,#5604),.PCURVE_S1.);
#5591 = B_SPLINE_CURVE_WITH_KNOTS('',3,(#5592,#5593,#5594,#5595,#5596),
  .UNSPECIFIED.,.F.,.F.,(4,1,4),(-3.14159265359,-0.448798950513,
    3.14159265359),.QUASI_UNIFORM_KNOTS.);
#5592 = CARTESIAN_POINT('',(71.675823272122,166.,-9.75));
#5593 = CARTESIAN_POINT('',(70.53336919284,166.,-9.325938992747));
#5594 = CARTESIAN_POINT('',(67.71580658188,165.89910922078,
    -8.744634099275));
#5595 = CARTESIAN_POINT('',(64.847448833588,166.,-9.184585323662));
#5596 = CARTESIAN_POINT('',(63.324176727878,166.,-9.75));
#5597 = PCURVE('',#3596,#5598);
#5598 = DEFINITIONAL_REPRESENTATION('',(#5599),#5603);
#5599 = LINE('',#5600,#5601);
#5600 = CARTESIAN_POINT('',(1.,-7.105427357601E-15));
#5601 = VECTOR('',#5602,1.);
#5602 = DIRECTION('',(-5.654319433713E-16,1.));
#5603 = ( GEOMETRIC_REPRESENTATION_CONTEXT(2) 
PARAMETRIC_REPRESENTATION_CONTEXT() REPRESENTATION_CONTEXT('2D SPACE',''
  ) );
#5604 = PCURVE('',#5605,#5610);
#5605 = CYLINDRICAL_SURFACE('',#5606,12.);
#5606 = AXIS2_PLACEMENT_3D('',#5607,#5608,#5609);
#5607 = CARTESIAN_POINT('',(67.5,162.,-21.));
#5608 = DIRECTION('',(0.,1.,0.));
#5609 = DIRECTION('',(-1.,0.,0.));
#5610 = DEFINITIONAL_REPRESENTATION('',(#5611),#5637);
#5611 = B_SPLINE_CURVE_WITH_KNOTS('',3,(#5612,#5613,#5614,#5615,#5616,
    #5617,#5618,#5619,#5620,#5621,#5622,#5623,#5624,#5625,#5626,#5627,
    #5628,#5629,#5630,#5631,#5632,#5633,#5634,#5635,#5636),
  .UNSPECIFIED.,.F.,.F.,(4,1,1,1,1,1,1,1,1,1,1,1,1,1,1,1,1,1,1,1,1,1,4),
  (-3.14159265359,-2.855993321445,-2.570393989301,-2.284794657156,
    -1.999195325012,-1.713595992867,-1.427996660723,-1.142397328578,
    -0.856797996434,-0.571198664289,-0.285599332145,0.,0.285599332145,
    0.571198664289,0.856797996434,1.142397328578,1.427996660723,
    1.713595992867,1.999195325012,2.284794657156,2.570393989301,
    2.855993321445,3.14159265359),.UNSPECIFIED.);
#5612 = CARTESIAN_POINT('',(8.209402835665,4.));
#5613 = CARTESIAN_POINT('',(8.198632259508,4.));
#5614 = CARTESIAN_POINT('',(8.177090723174,3.999027223514));
#5615 = CARTESIAN_POINT('',(8.144777513648,3.995224554974));
#5616 = CARTESIAN_POINT('',(8.112463515878,3.989653194662));
#5617 = CARTESIAN_POINT('',(8.080149302527,3.982888002252));
#5618 = CARTESIAN_POINT('',(8.047835561703,3.975503660478));
#5619 = CARTESIAN_POINT('',(8.01552300381,3.968075512211));
#5620 = CARTESIAN_POINT('',(7.983212200787,3.961176436708));
#5621 = CARTESIAN_POINT('',(7.950903448176,3.955388507541));
#5622 = CARTESIAN_POINT('',(7.918596607856,3.951259484637));
#5623 = CARTESIAN_POINT('',(7.886291014221,3.949465188192));
#5624 = CARTESIAN_POINT('',(7.853985095579,3.950026642591));
#5625 = CARTESIAN_POINT('',(7.821677707721,3.952485159059));
#5626 = CARTESIAN_POINT('',(7.789368418615,3.956490594185));
#5627 = CARTESIAN_POINT('',(7.757057275248,3.961663719913));
#5628 = CARTESIAN_POINT('',(7.724744690128,3.967633101397));
#5629 = CARTESIAN_POINT('',(7.692431292934,3.974025215606));
#5630 = CARTESIAN_POINT('',(7.660117790351,3.980467099035));
#5631 = CARTESIAN_POINT('',(7.62780482087,3.986585638255));
#5632 = CARTESIAN_POINT('',(7.59549281902,3.99200776001));
#5633 = CARTESIAN_POINT('',(7.563181849084,3.996360380278));
#5634 = CARTESIAN_POINT('',(7.530871558256,3.999270417925));
#5635 = CARTESIAN_POINT('',(7.509330981965,4.));
#5636 = CARTESIAN_POINT('',(7.498560432285,4.));
#5637 = ( GEOMETRIC_REPRESENTATION_CONTEXT(2) 
PARAMETRIC_REPRESENTATION_CONTEXT() REPRESENTATION_CONTEXT('2D SPACE',''
  ) );
#5638 = ADVANCED_FACE('',(#5639),#3645,.T.);
#5639 = FACE_BOUND('',#5640,.T.);
#5640 = EDGE_LOOP('',(#5641,#5663,#5664,#5685));
#5641 = ORIENTED_EDGE('',*,*,#5642,.F.);
#5642 = EDGE_CURVE('',#5021,#3555,#5643,.T.);
#5643 = SURFACE_CURVE('',#5644,(#5649,#5656),.PCURVE_S1.);
#5644 = CIRCLE('',#5645,16.);
#5645 = AXIS2_PLACEMENT_3D('',#5646,#5647,#5648);
#5646 = CARTESIAN_POINT('',(67.5,162.,-21.));
#5647 = DIRECTION('',(0.,1.,0.));
#5648 = DIRECTION('',(-1.,0.,0.));
#5649 = PCURVE('',#3645,#5650);
#5650 = DEFINITIONAL_REPRESENTATION('',(#5651),#5655);
#5651 = CIRCLE('',#5652,16.);
#5652 = AXIS2_PLACEMENT_2D('',#5653,#5654);
#5653 = CARTESIAN_POINT('',(0.,0.));
#5654 = DIRECTION('',(0.,-1.));
#5655 = ( GEOMETRIC_REPRESENTATION_CONTEXT(2) 
PARAMETRIC_REPRESENTATION_CONTEXT() REPRESENTATION_CONTEXT('2D SPACE',''
  ) );
#5656 = PCURVE('',#5525,#5657);
#5657 = DEFINITIONAL_REPRESENTATION('',(#5658),#5662);
#5658 = LINE('',#5659,#5660);
#5659 = CARTESIAN_POINT('',(10.995574287564,1.570796326795));
#5660 = VECTOR('',#5661,1.);
#5661 = DIRECTION('',(-1.,2.740445320196E-16));
#5662 = ( GEOMETRIC_REPRESENTATION_CONTEXT(2) 
PARAMETRIC_REPRESENTATION_CONTEXT() REPRESENTATION_CONTEXT('2D SPACE',''
  ) );
#5663 = ORIENTED_EDGE('',*,*,#5251,.F.);
#5664 = ORIENTED_EDGE('',*,*,#5665,.F.);
#5665 = EDGE_CURVE('',#3630,#5184,#5666,.T.);
#5666 = SURFACE_CURVE('',#5667,(#5671,#5678),.PCURVE_S1.);
#5667 = LINE('',#5668,#5669);
#5668 = CARTESIAN_POINT('',(43.5,162.,-31.5));
#5669 = VECTOR('',#5670,1.);
#5670 = DIRECTION('',(1.057355261548E-16,0.,-1.));
#5671 = PCURVE('',#3645,#5672);
#5672 = DEFINITIONAL_REPRESENTATION('',(#5673),#5677);
#5673 = LINE('',#5674,#5675);
#5674 = CARTESIAN_POINT('',(-10.5,-24.));
#5675 = VECTOR('',#5676,1.);
#5676 = DIRECTION('',(-1.,1.057355261548E-16));
#5677 = ( GEOMETRIC_REPRESENTATION_CONTEXT(2) 
PARAMETRIC_REPRESENTATION_CONTEXT() REPRESENTATION_CONTEXT('2D SPACE',''
  ) );
#5678 = PCURVE('',#3694,#5679);
#5679 = DEFINITIONAL_REPRESENTATION('',(#5680),#5684);
#5680 = LINE('',#5681,#5682);
#5681 = CARTESIAN_POINT('',(5.497787143782,0.));
#5682 = VECTOR('',#5683,1.);
#5683 = DIRECTION('',(0.,-1.));
#5684 = ( GEOMETRIC_REPRESENTATION_CONTEXT(2) 
PARAMETRIC_REPRESENTATION_CONTEXT() REPRESENTATION_CONTEXT('2D SPACE',''
  ) );
#5685 = ORIENTED_EDGE('',*,*,#3629,.F.);
#5686 = ADVANCED_FACE('',(#5687),#3694,.T.);
#5687 = FACE_BOUND('',#5688,.T.);
#5688 = EDGE_LOOP('',(#5689,#5690,#5691,#5692));
#5689 = ORIENTED_EDGE('',*,*,#5665,.T.);
#5690 = ORIENTED_EDGE('',*,*,#5183,.T.);
#5691 = ORIENTED_EDGE('',*,*,#4922,.T.);
#5692 = ORIENTED_EDGE('',*,*,#3657,.F.);
#5693 = ADVANCED_FACE('',(#5694),#3768,.T.);
#5694 = FACE_BOUND('',#5695,.T.);
#5695 = EDGE_LOOP('',(#5696,#5697,#5698,#5719));
#5696 = ORIENTED_EDGE('',*,*,#3831,.T.);
#5697 = ORIENTED_EDGE('',*,*,#5116,.F.);
#5698 = ORIENTED_EDGE('',*,*,#5699,.T.);
#5699 = EDGE_CURVE('',#5094,#3730,#5700,.T.);
#5700 = SURFACE_CURVE('',#5701,(#5705,#5712),.PCURVE_S1.);
#5701 = LINE('',#5702,#5703);
#5702 = CARTESIAN_POINT('',(91.5,162.,-10.5));
#5703 = VECTOR('',#5704,1.);
#5704 = DIRECTION('',(0.,0.,1.));
#5705 = PCURVE('',#3768,#5706);
#5706 = DEFINITIONAL_REPRESENTATION('',(#5707),#5711);
#5707 = LINE('',#5708,#5709);
#5708 = CARTESIAN_POINT('',(5.497787143782,0.));
#5709 = VECTOR('',#5710,1.);
#5710 = DIRECTION('',(0.,-1.));
#5711 = ( GEOMETRIC_REPRESENTATION_CONTEXT(2) 
PARAMETRIC_REPRESENTATION_CONTEXT() REPRESENTATION_CONTEXT('2D SPACE',''
  ) );
#5712 = PCURVE('',#3816,#5713);
#5713 = DEFINITIONAL_REPRESENTATION('',(#5714),#5718);
#5714 = LINE('',#5715,#5716);
#5715 = CARTESIAN_POINT('',(10.5,24.));
#5716 = VECTOR('',#5717,1.);
#5717 = DIRECTION('',(1.,0.));
#5718 = ( GEOMETRIC_REPRESENTATION_CONTEXT(2) 
PARAMETRIC_REPRESENTATION_CONTEXT() REPRESENTATION_CONTEXT('2D SPACE',''
  ) );
#5719 = ORIENTED_EDGE('',*,*,#3729,.T.);
#5720 = ADVANCED_FACE('',(#5721),#3816,.T.);
#5721 = FACE_BOUND('',#5722,.T.);
#5722 = EDGE_LOOP('',(#5723,#5745,#5746,#5747));
#5723 = ORIENTED_EDGE('',*,*,#5724,.F.);
#5724 = EDGE_CURVE('',#3557,#5019,#5725,.T.);
#5725 = SURFACE_CURVE('',#5726,(#5731,#5738),.PCURVE_S1.);
#5726 = CIRCLE('',#5727,16.);
#5727 = AXIS2_PLACEMENT_3D('',#5728,#5729,#5730);
#5728 = CARTESIAN_POINT('',(67.5,162.,-21.));
#5729 = DIRECTION('',(0.,1.,0.));
#5730 = DIRECTION('',(-1.,0.,0.));
#5731 = PCURVE('',#3816,#5732);
#5732 = DEFINITIONAL_REPRESENTATION('',(#5733),#5737);
#5733 = CIRCLE('',#5734,16.);
#5734 = AXIS2_PLACEMENT_2D('',#5735,#5736);
#5735 = CARTESIAN_POINT('',(0.,0.));
#5736 = DIRECTION('',(0.,-1.));
#5737 = ( GEOMETRIC_REPRESENTATION_CONTEXT(2) 
PARAMETRIC_REPRESENTATION_CONTEXT() REPRESENTATION_CONTEXT('2D SPACE',''
  ) );
#5738 = PCURVE('',#5577,#5739);
#5739 = DEFINITIONAL_REPRESENTATION('',(#5740),#5744);
#5740 = LINE('',#5741,#5742);
#5741 = CARTESIAN_POINT('',(4.712388980385,1.570796326795));
#5742 = VECTOR('',#5743,1.);
#5743 = DIRECTION('',(-1.,-9.134817733986E-17));
#5744 = ( GEOMETRIC_REPRESENTATION_CONTEXT(2) 
PARAMETRIC_REPRESENTATION_CONTEXT() REPRESENTATION_CONTEXT('2D SPACE',''
  ) );
#5745 = ORIENTED_EDGE('',*,*,#3802,.F.);
#5746 = ORIENTED_EDGE('',*,*,#5699,.F.);
#5747 = ORIENTED_EDGE('',*,*,#5093,.F.);
#5748 = ADVANCED_FACE('',(#5749),#3894,.F.);
#5749 = FACE_BOUND('',#5750,.F.);
#5750 = EDGE_LOOP('',(#5751,#5774,#5775,#5776));
#5751 = ORIENTED_EDGE('',*,*,#5752,.T.);
#5752 = EDGE_CURVE('',#5753,#3878,#5755,.T.);
#5753 = VERTEX_POINT('',#5754);
#5754 = CARTESIAN_POINT('',(88.5,137.,-24.));
#5755 = SEAM_CURVE('',#5756,(#5760,#5767),.PCURVE_S1.);
#5756 = LINE('',#5757,#5758);
#5757 = CARTESIAN_POINT('',(37.5,137.,-24.));
#5758 = VECTOR('',#5759,1.);
#5759 = DIRECTION('',(1.,0.,1.184237892934E-16));
#5760 = PCURVE('',#3894,#5761);
#5761 = DEFINITIONAL_REPRESENTATION('',(#5762),#5766);
#5762 = LINE('',#5763,#5764);
#5763 = CARTESIAN_POINT('',(9.424777960769,0.));
#5764 = VECTOR('',#5765,1.);
#5765 = DIRECTION('',(0.,1.));
#5766 = ( GEOMETRIC_REPRESENTATION_CONTEXT(2) 
PARAMETRIC_REPRESENTATION_CONTEXT() REPRESENTATION_CONTEXT('2D SPACE',''
  ) );
#5767 = PCURVE('',#3894,#5768);
#5768 = DEFINITIONAL_REPRESENTATION('',(#5769),#5773);
#5769 = LINE('',#5770,#5771);
#5770 = CARTESIAN_POINT('',(3.14159265359,0.));
#5771 = VECTOR('',#5772,1.);
#5772 = DIRECTION('',(0.,1.));
#5773 = ( GEOMETRIC_REPRESENTATION_CONTEXT(2) 
PARAMETRIC_REPRESENTATION_CONTEXT() REPRESENTATION_CONTEXT('2D SPACE',''
  ) );
#5774 = ORIENTED_EDGE('',*,*,#3877,.T.);
#5775 = ORIENTED_EDGE('',*,*,#5752,.F.);
#5776 = ORIENTED_EDGE('',*,*,#5777,.T.);
#5777 = EDGE_CURVE('',#5753,#5753,#5778,.T.);
#5778 = SURFACE_CURVE('',#5779,(#5784,#5791),.PCURVE_S1.);
#5779 = CIRCLE('',#5780,3.);
#5780 = AXIS2_PLACEMENT_3D('',#5781,#5782,#5783);
#5781 = CARTESIAN_POINT('',(88.5,137.,-21.));
#5782 = DIRECTION('',(1.,0.,0.));
#5783 = DIRECTION('',(-0.,0.,1.));
#5784 = PCURVE('',#3894,#5785);
#5785 = DEFINITIONAL_REPRESENTATION('',(#5786),#5790);
#5786 = LINE('',#5787,#5788);
#5787 = CARTESIAN_POINT('',(0.,51.));
#5788 = VECTOR('',#5789,1.);
#5789 = DIRECTION('',(1.,0.));
#5790 = ( GEOMETRIC_REPRESENTATION_CONTEXT(2) 
PARAMETRIC_REPRESENTATION_CONTEXT() REPRESENTATION_CONTEXT('2D SPACE',''
  ) );
#5791 = PCURVE('',#4477,#5792);
#5792 = DEFINITIONAL_REPRESENTATION('',(#5793),#5797);
#5793 = CIRCLE('',#5794,3.);
#5794 = AXIS2_PLACEMENT_2D('',#5795,#5796);
#5795 = CARTESIAN_POINT('',(9.,16.));
#5796 = DIRECTION('',(1.,0.));
#5797 = ( GEOMETRIC_REPRESENTATION_CONTEXT(2) 
PARAMETRIC_REPRESENTATION_CONTEXT() REPRESENTATION_CONTEXT('2D SPACE',''
  ) );
#5798 = ADVANCED_FACE('',(#5799),#4598,.F.);
#5799 = FACE_BOUND('',#5800,.F.);
#5800 = EDGE_LOOP('',(#5801));
#5801 = ORIENTED_EDGE('',*,*,#4583,.T.);
#5802 = ADVANCED_FACE('',(#5803),#4218,.T.);
#5803 = FACE_BOUND('',#5804,.T.);
#5804 = EDGE_LOOP('',(#5805,#5806,#5807,#5808,#5809,#5810));
#5805 = ORIENTED_EDGE('',*,*,#5304,.F.);
#5806 = ORIENTED_EDGE('',*,*,#5380,.F.);
#5807 = ORIENTED_EDGE('',*,*,#5406,.F.);
#5808 = ORIENTED_EDGE('',*,*,#5462,.F.);
#5809 = ORIENTED_EDGE('',*,*,#4201,.F.);
#5810 = ORIENTED_EDGE('',*,*,#4560,.F.);
#5811 = ADVANCED_FACE('',(#5812),#4292,.T.);
#5812 = FACE_BOUND('',#5813,.T.);
#5813 = EDGE_LOOP('',(#5814,#5815,#5816,#5817,#5818,#5819));
#5814 = ORIENTED_EDGE('',*,*,#4663,.F.);
#5815 = ORIENTED_EDGE('',*,*,#4740,.F.);
#5816 = ORIENTED_EDGE('',*,*,#4767,.F.);
#5817 = ORIENTED_EDGE('',*,*,#4359,.T.);
#5818 = ORIENTED_EDGE('',*,*,#4275,.T.);
#5819 = ORIENTED_EDGE('',*,*,#4638,.F.);
#5820 = ADVANCED_FACE('',(#5821),#4346,.T.);
#5821 = FACE_BOUND('',#5822,.T.);
#5822 = EDGE_LOOP('',(#5823));
#5823 = ORIENTED_EDGE('',*,*,#4331,.T.);
#5824 = ADVANCED_FACE('',(#5825),#4446,.F.);
#5825 = FACE_BOUND('',#5826,.F.);
#5826 = EDGE_LOOP('',(#5827,#5850,#5851,#5852,#5875));
#5827 = ORIENTED_EDGE('',*,*,#5828,.T.);
#5828 = EDGE_CURVE('',#5829,#4798,#5831,.T.);
#5829 = VERTEX_POINT('',#5830);
#5830 = CARTESIAN_POINT('',(46.5,153.,-12.00000017881));
#5831 = SURFACE_CURVE('',#5832,(#5836,#5843),.PCURVE_S1.);
#5832 = LINE('',#5833,#5834);
#5833 = CARTESIAN_POINT('',(46.5,153.,-12.00000017881));
#5834 = VECTOR('',#5835,1.);
#5835 = DIRECTION('',(0.,-1.,0.));
#5836 = PCURVE('',#4446,#5837);
#5837 = DEFINITIONAL_REPRESENTATION('',(#5838),#5842);
#5838 = LINE('',#5839,#5840);
#5839 = CARTESIAN_POINT('',(42.,0.));
#5840 = VECTOR('',#5841,1.);
#5841 = DIRECTION('',(0.,1.));
#5842 = ( GEOMETRIC_REPRESENTATION_CONTEXT(2) 
PARAMETRIC_REPRESENTATION_CONTEXT() REPRESENTATION_CONTEXT('2D SPACE',''
  ) );
#5843 = PCURVE('',#4884,#5844);
#5844 = DEFINITIONAL_REPRESENTATION('',(#5845),#5849);
#5845 = LINE('',#5846,#5847);
#5846 = CARTESIAN_POINT('',(0.,-0.));
#5847 = VECTOR('',#5848,1.);
#5848 = DIRECTION('',(0.,1.));
#5849 = ( GEOMETRIC_REPRESENTATION_CONTEXT(2) 
PARAMETRIC_REPRESENTATION_CONTEXT() REPRESENTATION_CONTEXT('2D SPACE',''
  ) );
#5850 = ORIENTED_EDGE('',*,*,#4797,.T.);
#5851 = ORIENTED_EDGE('',*,*,#4429,.T.);
#5852 = ORIENTED_EDGE('',*,*,#5853,.F.);
#5853 = EDGE_CURVE('',#5854,#4430,#5856,.T.);
#5854 = VERTEX_POINT('',#5855);
#5855 = CARTESIAN_POINT('',(88.5,153.,-12.00000017881));
#5856 = SURFACE_CURVE('',#5857,(#5861,#5868),.PCURVE_S1.);
#5857 = LINE('',#5858,#5859);
#5858 = CARTESIAN_POINT('',(88.5,153.,-12.00000017881));
#5859 = VECTOR('',#5860,1.);
#5860 = DIRECTION('',(0.,-1.,0.));
#5861 = PCURVE('',#4446,#5862);
#5862 = DEFINITIONAL_REPRESENTATION('',(#5863),#5867);
#5863 = LINE('',#5864,#5865);
#5864 = CARTESIAN_POINT('',(0.,0.));
#5865 = VECTOR('',#5866,1.);
#5866 = DIRECTION('',(0.,1.));
#5867 = ( GEOMETRIC_REPRESENTATION_CONTEXT(2) 
PARAMETRIC_REPRESENTATION_CONTEXT() REPRESENTATION_CONTEXT('2D SPACE',''
  ) );
#5868 = PCURVE('',#4477,#5869);
#5869 = DEFINITIONAL_REPRESENTATION('',(#5870),#5874);
#5870 = LINE('',#5871,#5872);
#5871 = CARTESIAN_POINT('',(17.99999982119,0.));
#5872 = VECTOR('',#5873,1.);
#5873 = DIRECTION('',(0.,1.));
#5874 = ( GEOMETRIC_REPRESENTATION_CONTEXT(2) 
PARAMETRIC_REPRESENTATION_CONTEXT() REPRESENTATION_CONTEXT('2D SPACE',''
  ) );
#5875 = ORIENTED_EDGE('',*,*,#5876,.T.);
#5876 = EDGE_CURVE('',#5854,#5829,#5877,.T.);
#5877 = SURFACE_CURVE('',#5878,(#5882,#5889),.PCURVE_S1.);
#5878 = LINE('',#5879,#5880);
#5879 = CARTESIAN_POINT('',(86.25,153.,-12.00000017881));
#5880 = VECTOR('',#5881,1.);
#5881 = DIRECTION('',(-1.,0.,0.));
#5882 = PCURVE('',#4446,#5883);
#5883 = DEFINITIONAL_REPRESENTATION('',(#5884),#5888);
#5884 = LINE('',#5885,#5886);
#5885 = CARTESIAN_POINT('',(2.25,0.));
#5886 = VECTOR('',#5887,1.);
#5887 = DIRECTION('',(1.,0.));
#5888 = ( GEOMETRIC_REPRESENTATION_CONTEXT(2) 
PARAMETRIC_REPRESENTATION_CONTEXT() REPRESENTATION_CONTEXT('2D SPACE',''
  ) );
#5889 = PCURVE('',#5890,#5895);
#5890 = PLANE('',#5891);
#5891 = AXIS2_PLACEMENT_3D('',#5892,#5893,#5894);
#5892 = CARTESIAN_POINT('',(67.5,153.,-21.));
#5893 = DIRECTION('',(0.,1.,0.));
#5894 = DIRECTION('',(-1.,0.,0.));
#5895 = DEFINITIONAL_REPRESENTATION('',(#5896),#5900);
#5896 = LINE('',#5897,#5898);
#5897 = CARTESIAN_POINT('',(-18.75,8.99999982119));
#5898 = VECTOR('',#5899,1.);
#5899 = DIRECTION('',(1.,0.));
#5900 = ( GEOMETRIC_REPRESENTATION_CONTEXT(2) 
PARAMETRIC_REPRESENTATION_CONTEXT() REPRESENTATION_CONTEXT('2D SPACE',''
  ) );
#5901 = ADVANCED_FACE('',(#5902,#5950),#4477,.F.);
#5902 = FACE_BOUND('',#5903,.F.);
#5903 = EDGE_LOOP('',(#5904,#5905,#5906,#5929));
#5904 = ORIENTED_EDGE('',*,*,#5853,.T.);
#5905 = ORIENTED_EDGE('',*,*,#4462,.T.);
#5906 = ORIENTED_EDGE('',*,*,#5907,.F.);
#5907 = EDGE_CURVE('',#5908,#4463,#5910,.T.);
#5908 = VERTEX_POINT('',#5909);
#5909 = CARTESIAN_POINT('',(88.5,153.,-30.));
#5910 = SURFACE_CURVE('',#5911,(#5915,#5922),.PCURVE_S1.);
#5911 = LINE('',#5912,#5913);
#5912 = CARTESIAN_POINT('',(88.5,153.,-30.));
#5913 = VECTOR('',#5914,1.);
#5914 = DIRECTION('',(0.,-1.,0.));
#5915 = PCURVE('',#4477,#5916);
#5916 = DEFINITIONAL_REPRESENTATION('',(#5917),#5921);
#5917 = LINE('',#5918,#5919);
#5918 = CARTESIAN_POINT('',(0.,0.));
#5919 = VECTOR('',#5920,1.);
#5920 = DIRECTION('',(0.,1.));
#5921 = ( GEOMETRIC_REPRESENTATION_CONTEXT(2) 
PARAMETRIC_REPRESENTATION_CONTEXT() REPRESENTATION_CONTEXT('2D SPACE',''
  ) );
#5922 = PCURVE('',#4506,#5923);
#5923 = DEFINITIONAL_REPRESENTATION('',(#5924),#5928);
#5924 = LINE('',#5925,#5926);
#5925 = CARTESIAN_POINT('',(42.,0.));
#5926 = VECTOR('',#5927,1.);
#5927 = DIRECTION('',(0.,1.));
#5928 = ( GEOMETRIC_REPRESENTATION_CONTEXT(2) 
PARAMETRIC_REPRESENTATION_CONTEXT() REPRESENTATION_CONTEXT('2D SPACE',''
  ) );
#5929 = ORIENTED_EDGE('',*,*,#5930,.T.);
#5930 = EDGE_CURVE('',#5908,#5854,#5931,.T.);
#5931 = SURFACE_CURVE('',#5932,(#5936,#5943),.PCURVE_S1.);
#5932 = LINE('',#5933,#5934);
#5933 = CARTESIAN_POINT('',(88.5,153.,-25.5));
#5934 = VECTOR('',#5935,1.);
#5935 = DIRECTION('',(0.,0.,1.));
#5936 = PCURVE('',#4477,#5937);
#5937 = DEFINITIONAL_REPRESENTATION('',(#5938),#5942);
#5938 = LINE('',#5939,#5940);
#5939 = CARTESIAN_POINT('',(4.5,0.));
#5940 = VECTOR('',#5941,1.);
#5941 = DIRECTION('',(1.,0.));
#5942 = ( GEOMETRIC_REPRESENTATION_CONTEXT(2) 
PARAMETRIC_REPRESENTATION_CONTEXT() REPRESENTATION_CONTEXT('2D SPACE',''
  ) );
#5943 = PCURVE('',#5890,#5944);
#5944 = DEFINITIONAL_REPRESENTATION('',(#5945),#5949);
#5945 = LINE('',#5946,#5947);
#5946 = CARTESIAN_POINT('',(-21.,-4.5));
#5947 = VECTOR('',#5948,1.);
#5948 = DIRECTION('',(0.,1.));
#5949 = ( GEOMETRIC_REPRESENTATION_CONTEXT(2) 
PARAMETRIC_REPRESENTATION_CONTEXT() REPRESENTATION_CONTEXT('2D SPACE',''
  ) );
#5950 = FACE_BOUND('',#5951,.F.);
#5951 = EDGE_LOOP('',(#5952));
#5952 = ORIENTED_EDGE('',*,*,#5777,.F.);
#5953 = ADVANCED_FACE('',(#5954),#4506,.F.);
#5954 = FACE_BOUND('',#5955,.F.);
#5955 = EDGE_LOOP('',(#5956,#5957,#5958,#5981,#6002));
#5956 = ORIENTED_EDGE('',*,*,#4489,.F.);
#5957 = ORIENTED_EDGE('',*,*,#5275,.T.);
#5958 = ORIENTED_EDGE('',*,*,#5959,.F.);
#5959 = EDGE_CURVE('',#5960,#4848,#5962,.T.);
#5960 = VERTEX_POINT('',#5961);
#5961 = CARTESIAN_POINT('',(46.5,153.,-30.));
#5962 = SURFACE_CURVE('',#5963,(#5967,#5974),.PCURVE_S1.);
#5963 = LINE('',#5964,#5965);
#5964 = CARTESIAN_POINT('',(46.5,153.,-30.));
#5965 = VECTOR('',#5966,1.);
#5966 = DIRECTION('',(0.,-1.,0.));
#5967 = PCURVE('',#4506,#5968);
#5968 = DEFINITIONAL_REPRESENTATION('',(#5969),#5973);
#5969 = LINE('',#5970,#5971);
#5970 = CARTESIAN_POINT('',(0.,0.));
#5971 = VECTOR('',#5972,1.);
#5972 = DIRECTION('',(0.,1.));
#5973 = ( GEOMETRIC_REPRESENTATION_CONTEXT(2) 
PARAMETRIC_REPRESENTATION_CONTEXT() REPRESENTATION_CONTEXT('2D SPACE',''
  ) );
#5974 = PCURVE('',#4884,#5975);
#5975 = DEFINITIONAL_REPRESENTATION('',(#5976),#5980);
#5976 = LINE('',#5977,#5978);
#5977 = CARTESIAN_POINT('',(17.99999982119,0.));
#5978 = VECTOR('',#5979,1.);
#5979 = DIRECTION('',(0.,1.));
#5980 = ( GEOMETRIC_REPRESENTATION_CONTEXT(2) 
PARAMETRIC_REPRESENTATION_CONTEXT() REPRESENTATION_CONTEXT('2D SPACE',''
  ) );
#5981 = ORIENTED_EDGE('',*,*,#5982,.T.);
#5982 = EDGE_CURVE('',#5960,#5908,#5983,.T.);
#5983 = SURFACE_CURVE('',#5984,(#5988,#5995),.PCURVE_S1.);
#5984 = LINE('',#5985,#5986);
#5985 = CARTESIAN_POINT('',(65.25,153.,-30.));
#5986 = VECTOR('',#5987,1.);
#5987 = DIRECTION('',(1.,0.,0.));
#5988 = PCURVE('',#4506,#5989);
#5989 = DEFINITIONAL_REPRESENTATION('',(#5990),#5994);
#5990 = LINE('',#5991,#5992);
#5991 = CARTESIAN_POINT('',(18.75,0.));
#5992 = VECTOR('',#5993,1.);
#5993 = DIRECTION('',(1.,0.));
#5994 = ( GEOMETRIC_REPRESENTATION_CONTEXT(2) 
PARAMETRIC_REPRESENTATION_CONTEXT() REPRESENTATION_CONTEXT('2D SPACE',''
  ) );
#5995 = PCURVE('',#5890,#5996);
#5996 = DEFINITIONAL_REPRESENTATION('',(#5997),#6001);
#5997 = LINE('',#5998,#5999);
#5998 = CARTESIAN_POINT('',(2.25,-9.));
#5999 = VECTOR('',#6000,1.);
#6000 = DIRECTION('',(-1.,0.));
#6001 = ( GEOMETRIC_REPRESENTATION_CONTEXT(2) 
PARAMETRIC_REPRESENTATION_CONTEXT() REPRESENTATION_CONTEXT('2D SPACE',''
  ) );
#6002 = ORIENTED_EDGE('',*,*,#5907,.T.);
#6003 = ADVANCED_FACE('',(#6004,#6030),#4884,.F.);
#6004 = FACE_BOUND('',#6005,.T.);
#6005 = EDGE_LOOP('',(#6006,#6007,#6008,#6029));
#6006 = ORIENTED_EDGE('',*,*,#4870,.T.);
#6007 = ORIENTED_EDGE('',*,*,#5959,.F.);
#6008 = ORIENTED_EDGE('',*,*,#6009,.F.);
#6009 = EDGE_CURVE('',#5829,#5960,#6010,.T.);
#6010 = SURFACE_CURVE('',#6011,(#6015,#6022),.PCURVE_S1.);
#6011 = LINE('',#6012,#6013);
#6012 = CARTESIAN_POINT('',(46.5,153.,-16.5000000894));
#6013 = VECTOR('',#6014,1.);
#6014 = DIRECTION('',(0.,0.,-1.));
#6015 = PCURVE('',#4884,#6016);
#6016 = DEFINITIONAL_REPRESENTATION('',(#6017),#6021);
#6017 = LINE('',#6018,#6019);
#6018 = CARTESIAN_POINT('',(4.49999991059,0.));
#6019 = VECTOR('',#6020,1.);
#6020 = DIRECTION('',(1.,0.));
#6021 = ( GEOMETRIC_REPRESENTATION_CONTEXT(2) 
PARAMETRIC_REPRESENTATION_CONTEXT() REPRESENTATION_CONTEXT('2D SPACE',''
  ) );
#6022 = PCURVE('',#5890,#6023);
#6023 = DEFINITIONAL_REPRESENTATION('',(#6024),#6028);
#6024 = LINE('',#6025,#6026);
#6025 = CARTESIAN_POINT('',(21.,4.4999999106));
#6026 = VECTOR('',#6027,1.);
#6027 = DIRECTION('',(0.,-1.));
#6028 = ( GEOMETRIC_REPRESENTATION_CONTEXT(2) 
PARAMETRIC_REPRESENTATION_CONTEXT() REPRESENTATION_CONTEXT('2D SPACE',''
  ) );
#6029 = ORIENTED_EDGE('',*,*,#5828,.T.);
#6030 = FACE_BOUND('',#6031,.T.);
#6031 = EDGE_LOOP('',(#6032));
#6032 = ORIENTED_EDGE('',*,*,#6033,.T.);
#6033 = EDGE_CURVE('',#6034,#6034,#6036,.T.);
#6034 = VERTEX_POINT('',#6035);
#6035 = CARTESIAN_POINT('',(46.5,137.,-24.));
#6036 = SURFACE_CURVE('',#6037,(#6042,#6049),.PCURVE_S1.);
#6037 = CIRCLE('',#6038,3.);
#6038 = AXIS2_PLACEMENT_3D('',#6039,#6040,#6041);
#6039 = CARTESIAN_POINT('',(46.5,137.,-21.));
#6040 = DIRECTION('',(-1.,0.,0.));
#6041 = DIRECTION('',(0.,0.,1.));
#6042 = PCURVE('',#4884,#6043);
#6043 = DEFINITIONAL_REPRESENTATION('',(#6044),#6048);
#6044 = CIRCLE('',#6045,3.);
#6045 = AXIS2_PLACEMENT_2D('',#6046,#6047);
#6046 = CARTESIAN_POINT('',(8.99999982119,16.));
#6047 = DIRECTION('',(-1.,-0.));
#6048 = ( GEOMETRIC_REPRESENTATION_CONTEXT(2) 
PARAMETRIC_REPRESENTATION_CONTEXT() REPRESENTATION_CONTEXT('2D SPACE',''
  ) );
#6049 = PCURVE('',#4969,#6050);
#6050 = DEFINITIONAL_REPRESENTATION('',(#6051),#6055);
#6051 = LINE('',#6052,#6053);
#6052 = CARTESIAN_POINT('',(12.566370614359,9.));
#6053 = VECTOR('',#6054,1.);
#6054 = DIRECTION('',(-1.,0.));
#6055 = ( GEOMETRIC_REPRESENTATION_CONTEXT(2) 
PARAMETRIC_REPRESENTATION_CONTEXT() REPRESENTATION_CONTEXT('2D SPACE',''
  ) );
#6056 = ADVANCED_FACE('',(#6057),#4969,.F.);
#6057 = FACE_BOUND('',#6058,.F.);
#6058 = EDGE_LOOP('',(#6059,#6080,#6081,#6082));
#6059 = ORIENTED_EDGE('',*,*,#6060,.T.);
#6060 = EDGE_CURVE('',#4949,#6034,#6061,.T.);
#6061 = SEAM_CURVE('',#6062,(#6066,#6073),.PCURVE_S1.);
#6062 = LINE('',#6063,#6064);
#6063 = CARTESIAN_POINT('',(37.5,137.,-24.));
#6064 = VECTOR('',#6065,1.);
#6065 = DIRECTION('',(1.,0.,1.184237892934E-16));
#6066 = PCURVE('',#4969,#6067);
#6067 = DEFINITIONAL_REPRESENTATION('',(#6068),#6072);
#6068 = LINE('',#6069,#6070);
#6069 = CARTESIAN_POINT('',(9.424777960769,0.));
#6070 = VECTOR('',#6071,1.);
#6071 = DIRECTION('',(0.,1.));
#6072 = ( GEOMETRIC_REPRESENTATION_CONTEXT(2) 
PARAMETRIC_REPRESENTATION_CONTEXT() REPRESENTATION_CONTEXT('2D SPACE',''
  ) );
#6073 = PCURVE('',#4969,#6074);
#6074 = DEFINITIONAL_REPRESENTATION('',(#6075),#6079);
#6075 = LINE('',#6076,#6077);
#6076 = CARTESIAN_POINT('',(3.14159265359,0.));
#6077 = VECTOR('',#6078,1.);
#6078 = DIRECTION('',(0.,1.));
#6079 = ( GEOMETRIC_REPRESENTATION_CONTEXT(2) 
PARAMETRIC_REPRESENTATION_CONTEXT() REPRESENTATION_CONTEXT('2D SPACE',''
  ) );
#6080 = ORIENTED_EDGE('',*,*,#6033,.T.);
#6081 = ORIENTED_EDGE('',*,*,#6060,.F.);
#6082 = ORIENTED_EDGE('',*,*,#4948,.T.);
#6083 = ADVANCED_FACE('',(#6084),#5060,.T.);
#6084 = FACE_BOUND('',#6085,.T.);
#6085 = EDGE_LOOP('',(#6086,#6132,#6133,#6179));
#6086 = ORIENTED_EDGE('',*,*,#6087,.F.);
#6087 = EDGE_CURVE('',#5019,#6088,#6090,.T.);
#6088 = VERTEX_POINT('',#6089);
#6089 = CARTESIAN_POINT('',(71.675823272123,166.,-32.25));
#6090 = SURFACE_CURVE('',#6091,(#6096,#6125),.PCURVE_S1.);
#6091 = CIRCLE('',#6092,4.);
#6092 = AXIS2_PLACEMENT_3D('',#6093,#6094,#6095);
#6093 = CARTESIAN_POINT('',(73.06776436283,166.,-36.));
#6094 = DIRECTION('',(-0.9375,0.,-0.347985272677));
#6095 = DIRECTION('',(0.,-1.,-0.));
#6096 = PCURVE('',#5060,#6097);
#6097 = DEFINITIONAL_REPRESENTATION('',(#6098),#6124);
#6098 = B_SPLINE_CURVE_WITH_KNOTS('',3,(#6099,#6100,#6101,#6102,#6103,
    #6104,#6105,#6106,#6107,#6108,#6109,#6110,#6111,#6112,#6113,#6114,
    #6115,#6116,#6117,#6118,#6119,#6120,#6121,#6122,#6123),
  .UNSPECIFIED.,.F.,.F.,(4,1,1,1,1,1,1,1,1,1,1,1,1,1,1,1,1,1,1,1,1,1,4),
  (0.,7.139983303613E-02,0.142799666072,0.214199499108,0.285599332145,
    0.356999165181,0.428398998217,0.499798831253,0.571198664289,
    0.642598497325,0.713998330361,0.785398163397,0.856797996434,
    0.92819782947,0.999597662506,1.070997495542,1.142397328578,
    1.213797161614,1.28519699465,1.356596827687,1.427996660723,
    1.499396493759,1.570796326795),.UNSPECIFIED.);
#6099 = CARTESIAN_POINT('',(0.,3.14159265359));
#6100 = CARTESIAN_POINT('',(1.515366839522E-02,3.141592706765));
#6101 = CARTESIAN_POINT('',(4.547873464057E-02,3.141592601317));
#6102 = CARTESIAN_POINT('',(9.098452832607E-02,3.141592023919));
#6103 = CARTESIAN_POINT('',(0.136464537529,3.141591090195));
#6104 = CARTESIAN_POINT('',(0.181906230084,3.141590399479));
#6105 = CARTESIAN_POINT('',(0.227310938405,3.141590392201));
#6106 = CARTESIAN_POINT('',(0.272692022273,3.14159118048));
#6107 = CARTESIAN_POINT('',(0.318069350543,3.141592473616));
#6108 = CARTESIAN_POINT('',(0.363465271498,3.141593720446));
#6109 = CARTESIAN_POINT('',(0.40890040072,3.141594375475));
#6110 = CARTESIAN_POINT('',(0.454389409829,3.141594190692));
#6111 = CARTESIAN_POINT('',(0.499936103177,3.141593403908));
#6112 = CARTESIAN_POINT('',(0.545529014594,3.141592639732));
#6113 = CARTESIAN_POINT('',(0.591132686058,3.141592564167));
#6114 = CARTESIAN_POINT('',(0.636695546316,3.141592683719));
#6115 = CARTESIAN_POINT('',(0.682197898431,3.141592622991));
#6116 = CARTESIAN_POINT('',(0.727638980096,3.141592520305));
#6117 = CARTESIAN_POINT('',(0.77303187141,3.141592508562));
#6118 = CARTESIAN_POINT('',(0.8183974454,3.14159260545));
#6119 = CARTESIAN_POINT('',(0.863759456916,3.141592711738));
#6120 = CARTESIAN_POINT('',(0.909139033106,3.141592726937));
#6121 = CARTESIAN_POINT('',(0.954551849458,3.141592668592));
#6122 = CARTESIAN_POINT('',(0.984847046604,3.141592647197));
#6123 = CARTESIAN_POINT('',(1.,3.14159265359));
#6124 = ( GEOMETRIC_REPRESENTATION_CONTEXT(2) 
PARAMETRIC_REPRESENTATION_CONTEXT() REPRESENTATION_CONTEXT('2D SPACE',''
  ) );
#6125 = PCURVE('',#5577,#6126);
#6126 = DEFINITIONAL_REPRESENTATION('',(#6127),#6131);
#6127 = LINE('',#6128,#6129);
#6128 = CARTESIAN_POINT('',(0.35542120169,1.570796326795));
#6129 = VECTOR('',#6130,1.);
#6130 = DIRECTION('',(-4.240739575285E-16,1.));
#6131 = ( GEOMETRIC_REPRESENTATION_CONTEXT(2) 
PARAMETRIC_REPRESENTATION_CONTEXT() REPRESENTATION_CONTEXT('2D SPACE',''
  ) );
#6132 = ORIENTED_EDGE('',*,*,#5018,.T.);
#6133 = ORIENTED_EDGE('',*,*,#6134,.F.);
#6134 = EDGE_CURVE('',#6135,#5021,#6137,.T.);
#6135 = VERTEX_POINT('',#6136);
#6136 = CARTESIAN_POINT('',(63.324176727878,166.,-32.25));
#6137 = SURFACE_CURVE('',#6138,(#6143,#6172),.PCURVE_S1.);
#6138 = CIRCLE('',#6139,4.);
#6139 = AXIS2_PLACEMENT_3D('',#6140,#6141,#6142);
#6140 = CARTESIAN_POINT('',(61.93223563717,166.,-36.));
#6141 = DIRECTION('',(0.9375,0.,-0.347985272677));
#6142 = DIRECTION('',(0.347985272677,0.,0.9375));
#6143 = PCURVE('',#5060,#6144);
#6144 = DEFINITIONAL_REPRESENTATION('',(#6145),#6171);
#6145 = B_SPLINE_CURVE_WITH_KNOTS('',3,(#6146,#6147,#6148,#6149,#6150,
    #6151,#6152,#6153,#6154,#6155,#6156,#6157,#6158,#6159,#6160,#6161,
    #6162,#6163,#6164,#6165,#6166,#6167,#6168,#6169,#6170),
  .UNSPECIFIED.,.F.,.F.,(4,1,1,1,1,1,1,1,1,1,1,1,1,1,1,1,1,1,1,1,1,1,4),
  (0.,7.139983303613E-02,0.142799666072,0.214199499108,0.285599332145,
    0.356999165181,0.428398998217,0.499798831253,0.571198664289,
    0.642598497325,0.713998330361,0.785398163397,0.856797996434,
    0.92819782947,0.999597662506,1.070997495542,1.142397328578,
    1.213797161614,1.28519699465,1.356596827687,1.427996660723,
    1.499396493759,1.570796326795),.QUASI_UNIFORM_KNOTS.);
#6146 = CARTESIAN_POINT('',(1.,-3.14159265359));
#6147 = CARTESIAN_POINT('',(0.984847046604,-3.141592647197));
#6148 = CARTESIAN_POINT('',(0.954551849458,-3.141592668593));
#6149 = CARTESIAN_POINT('',(0.909139033106,-3.141592726937));
#6150 = CARTESIAN_POINT('',(0.863759456916,-3.141592711739));
#6151 = CARTESIAN_POINT('',(0.8183974454,-3.141592605451));
#6152 = CARTESIAN_POINT('',(0.77303187141,-3.141592508562));
#6153 = CARTESIAN_POINT('',(0.727638980096,-3.141592520305));
#6154 = CARTESIAN_POINT('',(0.682197898431,-3.141592622992));
#6155 = CARTESIAN_POINT('',(0.636695546316,-3.14159268372));
#6156 = CARTESIAN_POINT('',(0.591132686058,-3.141592564167));
#6157 = CARTESIAN_POINT('',(0.545529014594,-3.141592639732));
#6158 = CARTESIAN_POINT('',(0.499936103177,-3.141593403908));
#6159 = CARTESIAN_POINT('',(0.454389409829,-3.141594190688));
#6160 = CARTESIAN_POINT('',(0.40890040072,-3.141594375465));
#6161 = CARTESIAN_POINT('',(0.363465271498,-3.141593720436));
#6162 = CARTESIAN_POINT('',(0.318069350543,-3.141592473617));
#6163 = CARTESIAN_POINT('',(0.272692022273,-3.141591180498));
#6164 = CARTESIAN_POINT('',(0.227310938405,-3.141590392229));
#6165 = CARTESIAN_POINT('',(0.181906230084,-3.141590399502));
#6166 = CARTESIAN_POINT('',(0.136464537529,-3.141591090205));
#6167 = CARTESIAN_POINT('',(9.098452832612E-02,-3.14159202392));
#6168 = CARTESIAN_POINT('',(4.547873464057E-02,-3.141592601317));
#6169 = CARTESIAN_POINT('',(1.515366839522E-02,-3.141592706765));
#6170 = CARTESIAN_POINT('',(0.,-3.14159265359));
#6171 = ( GEOMETRIC_REPRESENTATION_CONTEXT(2) 
PARAMETRIC_REPRESENTATION_CONTEXT() REPRESENTATION_CONTEXT('2D SPACE',''
  ) );
#6172 = PCURVE('',#5525,#6173);
#6173 = DEFINITIONAL_REPRESENTATION('',(#6174),#6178);
#6174 = LINE('',#6175,#6176);
#6175 = CARTESIAN_POINT('',(5.927764105489,3.14159265359));
#6176 = VECTOR('',#6177,1.);
#6177 = DIRECTION('',(-5.654319433713E-16,-1.));
#6178 = ( GEOMETRIC_REPRESENTATION_CONTEXT(2) 
PARAMETRIC_REPRESENTATION_CONTEXT() REPRESENTATION_CONTEXT('2D SPACE',''
  ) );
#6179 = ORIENTED_EDGE('',*,*,#6180,.T.);
#6180 = EDGE_CURVE('',#6135,#6088,#6181,.T.);
#6181 = SURFACE_CURVE('',#6182,(#6188,#6195),.PCURVE_S1.);
#6182 = B_SPLINE_CURVE_WITH_KNOTS('',3,(#6183,#6184,#6185,#6186,#6187),
  .UNSPECIFIED.,.F.,.F.,(4,1,4),(-3.14159265359,0.448798950513,
    3.14159265359),.QUASI_UNIFORM_KNOTS.);
#6183 = CARTESIAN_POINT('',(63.324176727878,166.,-32.25));
#6184 = CARTESIAN_POINT('',(64.847448833588,166.,-32.81541467633));
#6185 = CARTESIAN_POINT('',(67.715796739427,165.89921130858,
    -33.25534915528));
#6186 = CARTESIAN_POINT('',(70.53336919284,166.,-32.67406100725));
#6187 = CARTESIAN_POINT('',(71.675823272123,166.,-32.25));
#6188 = PCURVE('',#5060,#6189);
#6189 = DEFINITIONAL_REPRESENTATION('',(#6190),#6194);
#6190 = LINE('',#6191,#6192);
#6191 = CARTESIAN_POINT('',(1.,-5.773159728051E-15));
#6192 = VECTOR('',#6193,1.);
#6193 = DIRECTION('',(6.361109362927E-16,1.));
#6194 = ( GEOMETRIC_REPRESENTATION_CONTEXT(2) 
PARAMETRIC_REPRESENTATION_CONTEXT() REPRESENTATION_CONTEXT('2D SPACE',''
  ) );
#6195 = PCURVE('',#5605,#6196);
#6196 = DEFINITIONAL_REPRESENTATION('',(#6197),#6223);
#6197 = B_SPLINE_CURVE_WITH_KNOTS('',3,(#6198,#6199,#6200,#6201,#6202,
    #6203,#6204,#6205,#6206,#6207,#6208,#6209,#6210,#6211,#6212,#6213,
    #6214,#6215,#6216,#6217,#6218,#6219,#6220,#6221,#6222),
  .UNSPECIFIED.,.F.,.F.,(4,1,1,1,1,1,1,1,1,1,1,1,1,1,1,1,1,1,1,1,1,1,4),
  (-3.14159265359,-2.855993321445,-2.570393989301,-2.284794657156,
    -1.999195325012,-1.713595992867,-1.427996660723,-1.142397328578,
    -0.856797996434,-0.571198664289,-0.285599332145,-4.884981308351E-15,
    0.285599332145,0.571198664289,0.856797996434,1.142397328578,
    1.427996660723,1.713595992867,1.999195325012,2.284794657156,
    2.570393989301,2.855993321445,3.14159265359),.UNSPECIFIED.);
#6198 = CARTESIAN_POINT('',(5.067810182075,4.));
#6199 = CARTESIAN_POINT('',(5.057039632427,4.));
#6200 = CARTESIAN_POINT('',(5.035499065152,3.999271156163));
#6201 = CARTESIAN_POINT('',(5.003188808501,3.996364063081));
#6202 = CARTESIAN_POINT('',(4.970877887032,3.992015847074));
#6203 = CARTESIAN_POINT('',(4.93856594214,3.986599211772));
#6204 = CARTESIAN_POINT('',(4.906253032749,3.980486863685));
#6205 = CARTESIAN_POINT('',(4.873939588558,3.97405149857));
#6206 = CARTESIAN_POINT('',(4.841626243795,3.967665852316));
#6207 = CARTESIAN_POINT('',(4.809313701496,3.961702511038));
#6208 = CARTESIAN_POINT('',(4.777002588332,3.956534619812));
#6209 = CARTESIAN_POINT('',(4.744693314505,3.952533237644));
#6210 = CARTESIAN_POINT('',(4.712385925354,3.950077208862));
#6211 = CARTESIAN_POINT('',(4.680079988153,3.949516322579));
#6212 = CARTESIAN_POINT('',(4.647774357976,3.951308803439));
#6213 = CARTESIAN_POINT('',(4.615467466698,3.95543364833));
#6214 = CARTESIAN_POINT('',(4.583158656379,3.961215720897));
#6215 = CARTESIAN_POINT('',(4.550847794547,3.96810781547));
#6216 = CARTESIAN_POINT('',(4.518535181603,3.975528447457));
#6217 = CARTESIAN_POINT('',(4.486221393162,3.982905317277));
#6218 = CARTESIAN_POINT('',(4.453907142191,3.989663664227));
#6219 = CARTESIAN_POINT('',(4.421593118154,3.995229387078));
#6220 = CARTESIAN_POINT('',(4.389279893999,3.999028207832));
#6221 = CARTESIAN_POINT('',(4.36773835475,4.));
#6222 = CARTESIAN_POINT('',(4.356967778695,4.));
#6223 = ( GEOMETRIC_REPRESENTATION_CONTEXT(2) 
PARAMETRIC_REPRESENTATION_CONTEXT() REPRESENTATION_CONTEXT('2D SPACE',''
  ) );
#6224 = ADVANCED_FACE('',(#6225),#5525,.F.);
#6225 = FACE_BOUND('',#6226,.F.);
#6226 = EDGE_LOOP('',(#6227,#6228,#6229,#6251));
#6227 = ORIENTED_EDGE('',*,*,#5642,.F.);
#6228 = ORIENTED_EDGE('',*,*,#6134,.F.);
#6229 = ORIENTED_EDGE('',*,*,#6230,.F.);
#6230 = EDGE_CURVE('',#5487,#6135,#6231,.T.);
#6231 = SURFACE_CURVE('',#6232,(#6237,#6244),.PCURVE_S1.);
#6232 = CIRCLE('',#6233,12.);
#6233 = AXIS2_PLACEMENT_3D('',#6234,#6235,#6236);
#6234 = CARTESIAN_POINT('',(67.5,166.,-21.));
#6235 = DIRECTION('',(0.,-1.,0.));
#6236 = DIRECTION('',(-1.,0.,0.));
#6237 = PCURVE('',#5525,#6238);
#6238 = DEFINITIONAL_REPRESENTATION('',(#6239),#6243);
#6239 = LINE('',#6240,#6241);
#6240 = CARTESIAN_POINT('',(-1.570796326795,3.14159265359));
#6241 = VECTOR('',#6242,1.);
#6242 = DIRECTION('',(1.,3.653927093594E-16));
#6243 = ( GEOMETRIC_REPRESENTATION_CONTEXT(2) 
PARAMETRIC_REPRESENTATION_CONTEXT() REPRESENTATION_CONTEXT('2D SPACE',''
  ) );
#6244 = PCURVE('',#5605,#6245);
#6245 = DEFINITIONAL_REPRESENTATION('',(#6246),#6250);
#6246 = LINE('',#6247,#6248);
#6247 = CARTESIAN_POINT('',(12.566370614359,4.));
#6248 = VECTOR('',#6249,1.);
#6249 = DIRECTION('',(-1.,0.));
#6250 = ( GEOMETRIC_REPRESENTATION_CONTEXT(2) 
PARAMETRIC_REPRESENTATION_CONTEXT() REPRESENTATION_CONTEXT('2D SPACE',''
  ) );
#6251 = ORIENTED_EDGE('',*,*,#5486,.T.);
#6252 = ADVANCED_FACE('',(#6253),#5577,.F.);
#6253 = FACE_BOUND('',#6254,.F.);
#6254 = EDGE_LOOP('',(#6255,#6256,#6257,#6281,#6303));
#6255 = ORIENTED_EDGE('',*,*,#5724,.F.);
#6256 = ORIENTED_EDGE('',*,*,#5538,.F.);
#6257 = ORIENTED_EDGE('',*,*,#6258,.F.);
#6258 = EDGE_CURVE('',#6259,#5539,#6261,.T.);
#6259 = VERTEX_POINT('',#6260);
#6260 = CARTESIAN_POINT('',(79.5,166.,-21.));
#6261 = SURFACE_CURVE('',#6262,(#6267,#6274),.PCURVE_S1.);
#6262 = CIRCLE('',#6263,12.);
#6263 = AXIS2_PLACEMENT_3D('',#6264,#6265,#6266);
#6264 = CARTESIAN_POINT('',(67.5,166.,-21.));
#6265 = DIRECTION('',(0.,-1.,0.));
#6266 = DIRECTION('',(-1.,0.,0.));
#6267 = PCURVE('',#5577,#6268);
#6268 = DEFINITIONAL_REPRESENTATION('',(#6269),#6273);
#6269 = LINE('',#6270,#6271);
#6270 = CARTESIAN_POINT('',(-1.570796326795,3.14159265359));
#6271 = VECTOR('',#6272,1.);
#6272 = DIRECTION('',(1.,0.));
#6273 = ( GEOMETRIC_REPRESENTATION_CONTEXT(2) 
PARAMETRIC_REPRESENTATION_CONTEXT() REPRESENTATION_CONTEXT('2D SPACE',''
  ) );
#6274 = PCURVE('',#5605,#6275);
#6275 = DEFINITIONAL_REPRESENTATION('',(#6276),#6280);
#6276 = LINE('',#6277,#6278);
#6277 = CARTESIAN_POINT('',(12.56637061436,4.));
#6278 = VECTOR('',#6279,1.);
#6279 = DIRECTION('',(-1.,0.));
#6280 = ( GEOMETRIC_REPRESENTATION_CONTEXT(2) 
PARAMETRIC_REPRESENTATION_CONTEXT() REPRESENTATION_CONTEXT('2D SPACE',''
  ) );
#6281 = ORIENTED_EDGE('',*,*,#6282,.F.);
#6282 = EDGE_CURVE('',#6088,#6259,#6283,.T.);
#6283 = SURFACE_CURVE('',#6284,(#6289,#6296),.PCURVE_S1.);
#6284 = CIRCLE('',#6285,12.);
#6285 = AXIS2_PLACEMENT_3D('',#6286,#6287,#6288);
#6286 = CARTESIAN_POINT('',(67.5,166.,-21.));
#6287 = DIRECTION('',(0.,-1.,0.));
#6288 = DIRECTION('',(-1.,0.,0.));
#6289 = PCURVE('',#5577,#6290);
#6290 = DEFINITIONAL_REPRESENTATION('',(#6291),#6295);
#6291 = LINE('',#6292,#6293);
#6292 = CARTESIAN_POINT('',(-1.570796326795,3.14159265359));
#6293 = VECTOR('',#6294,1.);
#6294 = DIRECTION('',(1.,0.));
#6295 = ( GEOMETRIC_REPRESENTATION_CONTEXT(2) 
PARAMETRIC_REPRESENTATION_CONTEXT() REPRESENTATION_CONTEXT('2D SPACE',''
  ) );
#6296 = PCURVE('',#5605,#6297);
#6297 = DEFINITIONAL_REPRESENTATION('',(#6298),#6302);
#6298 = LINE('',#6299,#6300);
#6299 = CARTESIAN_POINT('',(6.28318530718,4.));
#6300 = VECTOR('',#6301,1.);
#6301 = DIRECTION('',(-1.,0.));
#6302 = ( GEOMETRIC_REPRESENTATION_CONTEXT(2) 
PARAMETRIC_REPRESENTATION_CONTEXT() REPRESENTATION_CONTEXT('2D SPACE',''
  ) );
#6303 = ORIENTED_EDGE('',*,*,#6087,.F.);
#6304 = ADVANCED_FACE('',(#6305),#5605,.T.);
#6305 = FACE_BOUND('',#6306,.T.);
#6306 = EDGE_LOOP('',(#6307,#6336,#6357,#6358,#6359,#6360,#6361,#6362));
#6307 = ORIENTED_EDGE('',*,*,#6308,.F.);
#6308 = EDGE_CURVE('',#6309,#6309,#6311,.T.);
#6309 = VERTEX_POINT('',#6310);
#6310 = CARTESIAN_POINT('',(79.5,177.,-21.));
#6311 = SURFACE_CURVE('',#6312,(#6317,#6324),.PCURVE_S1.);
#6312 = CIRCLE('',#6313,12.);
#6313 = AXIS2_PLACEMENT_3D('',#6314,#6315,#6316);
#6314 = CARTESIAN_POINT('',(67.5,177.,-21.));
#6315 = DIRECTION('',(0.,1.,0.));
#6316 = DIRECTION('',(-1.,0.,0.));
#6317 = PCURVE('',#5605,#6318);
#6318 = DEFINITIONAL_REPRESENTATION('',(#6319),#6323);
#6319 = LINE('',#6320,#6321);
#6320 = CARTESIAN_POINT('',(-4.138911435803E-13,15.));
#6321 = VECTOR('',#6322,1.);
#6322 = DIRECTION('',(1.,0.));
#6323 = ( GEOMETRIC_REPRESENTATION_CONTEXT(2) 
PARAMETRIC_REPRESENTATION_CONTEXT() REPRESENTATION_CONTEXT('2D SPACE',''
  ) );
#6324 = PCURVE('',#6325,#6330);
#6325 = CONICAL_SURFACE('',#6326,10.5,0.785398163397);
#6326 = AXIS2_PLACEMENT_3D('',#6327,#6328,#6329);
#6327 = CARTESIAN_POINT('',(67.5,178.5,-21.));
#6328 = DIRECTION('',(0.,-1.,0.));
#6329 = DIRECTION('',(-1.,0.,0.));
#6330 = DEFINITIONAL_REPRESENTATION('',(#6331),#6335);
#6331 = LINE('',#6332,#6333);
#6332 = CARTESIAN_POINT('',(6.28318530718,1.5));
#6333 = VECTOR('',#6334,1.);
#6334 = DIRECTION('',(-1.,0.));
#6335 = ( GEOMETRIC_REPRESENTATION_CONTEXT(2) 
PARAMETRIC_REPRESENTATION_CONTEXT() REPRESENTATION_CONTEXT('2D SPACE',''
  ) );
#6336 = ORIENTED_EDGE('',*,*,#6337,.T.);
#6337 = EDGE_CURVE('',#6309,#6259,#6338,.T.);
#6338 = SEAM_CURVE('',#6339,(#6343,#6350),.PCURVE_S1.);
#6339 = LINE('',#6340,#6341);
#6340 = CARTESIAN_POINT('',(79.5,162.,-21.));
#6341 = VECTOR('',#6342,1.);
#6342 = DIRECTION('',(0.,-1.,0.));
#6343 = PCURVE('',#5605,#6344);
#6344 = DEFINITIONAL_REPRESENTATION('',(#6345),#6349);
#6345 = LINE('',#6346,#6347);
#6346 = CARTESIAN_POINT('',(3.141592653589,0.));
#6347 = VECTOR('',#6348,1.);
#6348 = DIRECTION('',(0.,-1.));
#6349 = ( GEOMETRIC_REPRESENTATION_CONTEXT(2) 
PARAMETRIC_REPRESENTATION_CONTEXT() REPRESENTATION_CONTEXT('2D SPACE',''
  ) );
#6350 = PCURVE('',#5605,#6351);
#6351 = DEFINITIONAL_REPRESENTATION('',(#6352),#6356);
#6352 = LINE('',#6353,#6354);
#6353 = CARTESIAN_POINT('',(9.42477796077,0.));
#6354 = VECTOR('',#6355,1.);
#6355 = DIRECTION('',(0.,-1.));
#6356 = ( GEOMETRIC_REPRESENTATION_CONTEXT(2) 
PARAMETRIC_REPRESENTATION_CONTEXT() REPRESENTATION_CONTEXT('2D SPACE',''
  ) );
#6357 = ORIENTED_EDGE('',*,*,#6282,.F.);
#6358 = ORIENTED_EDGE('',*,*,#6180,.F.);
#6359 = ORIENTED_EDGE('',*,*,#6230,.F.);
#6360 = ORIENTED_EDGE('',*,*,#5589,.F.);
#6361 = ORIENTED_EDGE('',*,*,#6258,.F.);
#6362 = ORIENTED_EDGE('',*,*,#6337,.F.);
#6363 = ADVANCED_FACE('',(#6364,#6370),#5890,.F.);
#6364 = FACE_BOUND('',#6365,.T.);
#6365 = EDGE_LOOP('',(#6366,#6367,#6368,#6369));
#6366 = ORIENTED_EDGE('',*,*,#5876,.T.);
#6367 = ORIENTED_EDGE('',*,*,#6009,.T.);
#6368 = ORIENTED_EDGE('',*,*,#5982,.T.);
#6369 = ORIENTED_EDGE('',*,*,#5930,.T.);
#6370 = FACE_BOUND('',#6371,.T.);
#6371 = EDGE_LOOP('',(#6372));
#6372 = ORIENTED_EDGE('',*,*,#6373,.F.);
#6373 = EDGE_CURVE('',#6374,#6374,#6376,.T.);
#6374 = VERTEX_POINT('',#6375);
#6375 = CARTESIAN_POINT('',(74.5175,153.,-21.));
#6376 = SURFACE_CURVE('',#6377,(#6382,#6393),.PCURVE_S1.);
#6377 = CIRCLE('',#6378,7.0175);
#6378 = AXIS2_PLACEMENT_3D('',#6379,#6380,#6381);
#6379 = CARTESIAN_POINT('',(67.5,153.,-21.));
#6380 = DIRECTION('',(0.,-1.,0.));
#6381 = DIRECTION('',(-1.,0.,0.));
#6382 = PCURVE('',#5890,#6383);
#6383 = DEFINITIONAL_REPRESENTATION('',(#6384),#6392);
#6384 = ( BOUNDED_CURVE() B_SPLINE_CURVE(2,(#6385,#6386,#6387,#6388,
#6389,#6390,#6391),.UNSPECIFIED.,.T.,.F.) B_SPLINE_CURVE_WITH_KNOTS((1,2
    ,2,2,2,1),(-2.094395102393,0.,2.094395102393,4.188790204786,
6.28318530718,8.377580409573),.UNSPECIFIED.) CURVE() 
GEOMETRIC_REPRESENTATION_ITEM() RATIONAL_B_SPLINE_CURVE((1.,0.5,1.,0.5,
1.,0.5,1.)) REPRESENTATION_ITEM('') );
#6385 = CARTESIAN_POINT('',(7.0175,0.));
#6386 = CARTESIAN_POINT('',(7.0175,-12.15466654211));
#6387 = CARTESIAN_POINT('',(-3.50875,-6.077333271057));
#6388 = CARTESIAN_POINT('',(-14.035,-1.718791782603E-15));
#6389 = CARTESIAN_POINT('',(-3.50875,6.077333271057));
#6390 = CARTESIAN_POINT('',(7.0175,12.154666542115));
#6391 = CARTESIAN_POINT('',(7.0175,0.));
#6392 = ( GEOMETRIC_REPRESENTATION_CONTEXT(2) 
PARAMETRIC_REPRESENTATION_CONTEXT() REPRESENTATION_CONTEXT('2D SPACE',''
  ) );
#6393 = PCURVE('',#6394,#6399);
#6394 = CYLINDRICAL_SURFACE('',#6395,7.0175);
#6395 = AXIS2_PLACEMENT_3D('',#6396,#6397,#6398);
#6396 = CARTESIAN_POINT('',(67.5,162.,-21.));
#6397 = DIRECTION('',(0.,-1.,0.));
#6398 = DIRECTION('',(-1.,0.,0.));
#6399 = DEFINITIONAL_REPRESENTATION('',(#6400),#6404);
#6400 = LINE('',#6401,#6402);
#6401 = CARTESIAN_POINT('',(-6.28318530718,9.));
#6402 = VECTOR('',#6403,1.);
#6403 = DIRECTION('',(1.,0.));
#6404 = ( GEOMETRIC_REPRESENTATION_CONTEXT(2) 
PARAMETRIC_REPRESENTATION_CONTEXT() REPRESENTATION_CONTEXT('2D SPACE',''
  ) );
#6405 = ADVANCED_FACE('',(#6406),#6325,.T.);
#6406 = FACE_BOUND('',#6407,.T.);
#6407 = EDGE_LOOP('',(#6408,#6441,#6462,#6463));
#6408 = ORIENTED_EDGE('',*,*,#6409,.T.);
#6409 = EDGE_CURVE('',#6410,#6410,#6412,.T.);
#6410 = VERTEX_POINT('',#6411);
#6411 = CARTESIAN_POINT('',(76.5,180.,-21.));
#6412 = SURFACE_CURVE('',#6413,(#6418,#6425),.PCURVE_S1.);
#6413 = CIRCLE('',#6414,9.);
#6414 = AXIS2_PLACEMENT_3D('',#6415,#6416,#6417);
#6415 = CARTESIAN_POINT('',(67.5,180.,-21.));
#6416 = DIRECTION('',(0.,-1.,0.));
#6417 = DIRECTION('',(-1.,0.,0.));
#6418 = PCURVE('',#6325,#6419);
#6419 = DEFINITIONAL_REPRESENTATION('',(#6420),#6424);
#6420 = LINE('',#6421,#6422);
#6421 = CARTESIAN_POINT('',(-6.28318530718,-1.5));
#6422 = VECTOR('',#6423,1.);
#6423 = DIRECTION('',(1.,0.));
#6424 = ( GEOMETRIC_REPRESENTATION_CONTEXT(2) 
PARAMETRIC_REPRESENTATION_CONTEXT() REPRESENTATION_CONTEXT('2D SPACE',''
  ) );
#6425 = PCURVE('',#6426,#6431);
#6426 = PLANE('',#6427);
#6427 = AXIS2_PLACEMENT_3D('',#6428,#6429,#6430);
#6428 = CARTESIAN_POINT('',(67.5,180.,-21.));
#6429 = DIRECTION('',(0.,1.,0.));
#6430 = DIRECTION('',(-1.,0.,0.));
#6431 = DEFINITIONAL_REPRESENTATION('',(#6432),#6440);
#6432 = ( BOUNDED_CURVE() B_SPLINE_CURVE(2,(#6433,#6434,#6435,#6436,
#6437,#6438,#6439),.UNSPECIFIED.,.T.,.F.) B_SPLINE_CURVE_WITH_KNOTS((1,2
    ,2,2,2,1),(-2.094395102393,0.,2.094395102393,4.188790204786,
6.28318530718,8.377580409573),.UNSPECIFIED.) CURVE() 
GEOMETRIC_REPRESENTATION_ITEM() RATIONAL_B_SPLINE_CURVE((1.,0.5,1.,0.5,
1.,0.5,1.)) REPRESENTATION_ITEM('') );
#6433 = CARTESIAN_POINT('',(9.,0.));
#6434 = CARTESIAN_POINT('',(9.,-15.58845726812));
#6435 = CARTESIAN_POINT('',(-4.5,-7.79422863406));
#6436 = CARTESIAN_POINT('',(-18.,-2.204364238465E-15));
#6437 = CARTESIAN_POINT('',(-4.5,7.79422863406));
#6438 = CARTESIAN_POINT('',(9.,15.58845726812));
#6439 = CARTESIAN_POINT('',(9.,0.));
#6440 = ( GEOMETRIC_REPRESENTATION_CONTEXT(2) 
PARAMETRIC_REPRESENTATION_CONTEXT() REPRESENTATION_CONTEXT('2D SPACE',''
  ) );
#6441 = ORIENTED_EDGE('',*,*,#6442,.T.);
#6442 = EDGE_CURVE('',#6410,#6309,#6443,.T.);
#6443 = SEAM_CURVE('',#6444,(#6448,#6455),.PCURVE_S1.);
#6444 = LINE('',#6445,#6446);
#6445 = CARTESIAN_POINT('',(78.,178.5,-21.));
#6446 = VECTOR('',#6447,1.);
#6447 = DIRECTION('',(0.707106781187,-0.707106781187,-8.659560562343E-17
    ));
#6448 = PCURVE('',#6325,#6449);
#6449 = DEFINITIONAL_REPRESENTATION('',(#6450),#6454);
#6450 = LINE('',#6451,#6452);
#6451 = CARTESIAN_POINT('',(3.14159265359,0.));
#6452 = VECTOR('',#6453,1.);
#6453 = DIRECTION('',(0.,1.));
#6454 = ( GEOMETRIC_REPRESENTATION_CONTEXT(2) 
PARAMETRIC_REPRESENTATION_CONTEXT() REPRESENTATION_CONTEXT('2D SPACE',''
  ) );
#6455 = PCURVE('',#6325,#6456);
#6456 = DEFINITIONAL_REPRESENTATION('',(#6457),#6461);
#6457 = LINE('',#6458,#6459);
#6458 = CARTESIAN_POINT('',(-3.14159265359,0.));
#6459 = VECTOR('',#6460,1.);
#6460 = DIRECTION('',(0.,1.));
#6461 = ( GEOMETRIC_REPRESENTATION_CONTEXT(2) 
PARAMETRIC_REPRESENTATION_CONTEXT() REPRESENTATION_CONTEXT('2D SPACE',''
  ) );
#6462 = ORIENTED_EDGE('',*,*,#6308,.T.);
#6463 = ORIENTED_EDGE('',*,*,#6442,.F.);
#6464 = ADVANCED_FACE('',(#6465),#6394,.F.);
#6465 = FACE_BOUND('',#6466,.F.);
#6466 = EDGE_LOOP('',(#6467,#6490,#6491,#6492));
#6467 = ORIENTED_EDGE('',*,*,#6468,.T.);
#6468 = EDGE_CURVE('',#6469,#6374,#6471,.T.);
#6469 = VERTEX_POINT('',#6470);
#6470 = CARTESIAN_POINT('',(74.5175,180.,-21.));
#6471 = SEAM_CURVE('',#6472,(#6476,#6483),.PCURVE_S1.);
#6472 = LINE('',#6473,#6474);
#6473 = CARTESIAN_POINT('',(74.5175,162.,-21.));
#6474 = VECTOR('',#6475,1.);
#6475 = DIRECTION('',(0.,-1.,0.));
#6476 = PCURVE('',#6394,#6477);
#6477 = DEFINITIONAL_REPRESENTATION('',(#6478),#6482);
#6478 = LINE('',#6479,#6480);
#6479 = CARTESIAN_POINT('',(3.141592653589,0.));
#6480 = VECTOR('',#6481,1.);
#6481 = DIRECTION('',(0.,1.));
#6482 = ( GEOMETRIC_REPRESENTATION_CONTEXT(2) 
PARAMETRIC_REPRESENTATION_CONTEXT() REPRESENTATION_CONTEXT('2D SPACE',''
  ) );
#6483 = PCURVE('',#6394,#6484);
#6484 = DEFINITIONAL_REPRESENTATION('',(#6485),#6489);
#6485 = LINE('',#6486,#6487);
#6486 = CARTESIAN_POINT('',(-3.141592653589,0.));
#6487 = VECTOR('',#6488,1.);
#6488 = DIRECTION('',(0.,1.));
#6489 = ( GEOMETRIC_REPRESENTATION_CONTEXT(2) 
PARAMETRIC_REPRESENTATION_CONTEXT() REPRESENTATION_CONTEXT('2D SPACE',''
  ) );
#6490 = ORIENTED_EDGE('',*,*,#6373,.F.);
#6491 = ORIENTED_EDGE('',*,*,#6468,.F.);
#6492 = ORIENTED_EDGE('',*,*,#6493,.T.);
#6493 = EDGE_CURVE('',#6469,#6469,#6494,.T.);
#6494 = SURFACE_CURVE('',#6495,(#6500,#6507),.PCURVE_S1.);
#6495 = CIRCLE('',#6496,7.0175);
#6496 = AXIS2_PLACEMENT_3D('',#6497,#6498,#6499);
#6497 = CARTESIAN_POINT('',(67.5,180.,-21.));
#6498 = DIRECTION('',(0.,-1.,0.));
#6499 = DIRECTION('',(-1.,0.,0.));
#6500 = PCURVE('',#6394,#6501);
#6501 = DEFINITIONAL_REPRESENTATION('',(#6502),#6506);
#6502 = LINE('',#6503,#6504);
#6503 = CARTESIAN_POINT('',(-6.28318530718,-18.));
#6504 = VECTOR('',#6505,1.);
#6505 = DIRECTION('',(1.,0.));
#6506 = ( GEOMETRIC_REPRESENTATION_CONTEXT(2) 
PARAMETRIC_REPRESENTATION_CONTEXT() REPRESENTATION_CONTEXT('2D SPACE',''
  ) );
#6507 = PCURVE('',#6426,#6508);
#6508 = DEFINITIONAL_REPRESENTATION('',(#6509),#6517);
#6509 = ( BOUNDED_CURVE() B_SPLINE_CURVE(2,(#6510,#6511,#6512,#6513,
#6514,#6515,#6516),.UNSPECIFIED.,.T.,.F.) B_SPLINE_CURVE_WITH_KNOTS((1,2
    ,2,2,2,1),(-2.094395102393,0.,2.094395102393,4.188790204786,
6.28318530718,8.377580409573),.UNSPECIFIED.) CURVE() 
GEOMETRIC_REPRESENTATION_ITEM() RATIONAL_B_SPLINE_CURVE((1.,0.5,1.,0.5,
1.,0.5,1.)) REPRESENTATION_ITEM('') );
#6510 = CARTESIAN_POINT('',(7.0175,0.));
#6511 = CARTESIAN_POINT('',(7.0175,-12.15466654211));
#6512 = CARTESIAN_POINT('',(-3.50875,-6.077333271057));
#6513 = CARTESIAN_POINT('',(-14.035,-1.718791782603E-15));
#6514 = CARTESIAN_POINT('',(-3.50875,6.077333271057));
#6515 = CARTESIAN_POINT('',(7.0175,12.154666542115));
#6516 = CARTESIAN_POINT('',(7.0175,0.));
#6517 = ( GEOMETRIC_REPRESENTATION_CONTEXT(2) 
PARAMETRIC_REPRESENTATION_CONTEXT() REPRESENTATION_CONTEXT('2D SPACE',''
  ) );
#6518 = ADVANCED_FACE('',(#6519,#6522),#6426,.T.);
#6519 = FACE_BOUND('',#6520,.T.);
#6520 = EDGE_LOOP('',(#6521));
#6521 = ORIENTED_EDGE('',*,*,#6409,.F.);
#6522 = FACE_BOUND('',#6523,.T.);
#6523 = EDGE_LOOP('',(#6524));
#6524 = ORIENTED_EDGE('',*,*,#6493,.T.);
#6525 = ( GEOMETRIC_REPRESENTATION_CONTEXT(3) 
GLOBAL_UNCERTAINTY_ASSIGNED_CONTEXT((#6529)) 
GLOBAL_UNIT_ASSIGNED_CONTEXT((#6526,#6527,#6528)) REPRESENTATION_CONTEXT
('Context #1','3D Context with UNIT and UNCERTAINTY') );
#6526 = ( LENGTH_UNIT() NAMED_UNIT(*) SI_UNIT(.MILLI.,.METRE.) );
#6527 = ( NAMED_UNIT(*) PLANE_ANGLE_UNIT() SI_UNIT($,.RADIAN.) );
#6528 = ( NAMED_UNIT(*) SI_UNIT($,.STERADIAN.) SOLID_ANGLE_UNIT() );
#6529 = UNCERTAINTY_MEASURE_WITH_UNIT(LENGTH_MEASURE(5.E-04),#6526,
  'distance_accuracy_value','confusion accuracy');
#6530 = CONTEXT_DEPENDENT_SHAPE_REPRESENTATION(#6531,#6533);
#6531 = ( REPRESENTATION_RELATIONSHIP('','',#924,#10) 
REPRESENTATION_RELATIONSHIP_WITH_TRANSFORMATION(#6532) 
SHAPE_REPRESENTATION_RELATIONSHIP() );
#6532 = ITEM_DEFINED_TRANSFORMATION('','',#11,#23);
#6533 = PRODUCT_DEFINITION_SHAPE('Placement','Placement of an item',
  #6534);
#6534 = NEXT_ASSEMBLY_USAGE_OCCURRENCE('3','','',#5,#919,$);
#6535 = PRODUCT_RELATED_PRODUCT_CATEGORY('part',$,(#921));
ENDSEC;
END-ISO-10303-21;
