ISO-10303-21;
HEADER;
FILE_DESCRIPTION(('Open CASCADE Model'),'2;1');
FILE_NAME('Open CASCADE Shape Model','2026-08-19T16:47:24',('Author'),(
    'Open CASCADE'),'Open CASCADE STEP processor 7.9','Open CASCADE 7.9'
  ,'Unknown');
FILE_SCHEMA(('AUTOMOTIVE_DESIGN { 1 0 10303 214 1 1 1 1 }'));
ENDSEC;
DATA;
#1 = APPLICATION_PROTOCOL_DEFINITION('international standard',
  'automotive_design',2000,#2);
#2 = APPLICATION_CONTEXT(
  'core data for automotive mechanical design processes');
#3 = SHAPE_DEFINITION_REPRESENTATION(#4,#10);
#4 = PRODUCT_DEFINITION_SHAPE('','',#5);
#5 = PRODUCT_DEFINITION('design','',#6,#9);
#6 = PRODUCT_DEFINITION_FORMATION('','',#7);
#7 = PRODUCT('Open CASCADE STEP translator 7.9 1',
  'Open CASCADE STEP translator 7.9 1','',(#8));
#8 = PRODUCT_CONTEXT('',#2,'mechanical');
#9 = PRODUCT_DEFINITION_CONTEXT('part definition',#2,'design');
#10 = ADVANCED_BREP_SHAPE_REPRESENTATION('',(#11,#15),#3045);
#11 = AXIS2_PLACEMENT_3D('',#12,#13,#14);
#12 = CARTESIAN_POINT('',(0.,0.,0.));
#13 = DIRECTION('',(0.,0.,1.));
#14 = DIRECTION('',(1.,0.,-0.));
#15 = MANIFOLD_SOLID_BREP('',#16);
#16 = CLOSED_SHELL('',(#17,#145,#230,#312,#397,#479,#564,#636,#690,#767,
    #819,#876,#928,#1185,#1259,#1315,#1367,#1423,#1475,#1531,#1583,#1617
    ,#1694,#1746,#1803,#1855,#1966,#2015,#2062,#2111,#2168,#2246,#2313,
    #2360,#2385,#2608,#2679,#2724,#2751,#2778,#2805,#2832,#2881,#2906,
    #2931,#2956,#2999,#3006,#3013,#3038));
#17 = ADVANCED_FACE('',(#18),#32,.T.);
#18 = FACE_BOUND('',#19,.T.);
#19 = EDGE_LOOP('',(#20,#62,#88,#121));
#20 = ORIENTED_EDGE('',*,*,#21,.T.);
#21 = EDGE_CURVE('',#22,#24,#26,.T.);
#22 = VERTEX_POINT('',#23);
#23 = CARTESIAN_POINT('',(-174.6199967142,-371.7854440421,
    538.84613621765));
#24 = VERTEX_POINT('',#25);
#25 = CARTESIAN_POINT('',(-176.6199967142,-369.8535923895,
    538.31939298786));
#26 = SURFACE_CURVE('',#27,(#31,#45),.PCURVE_S1.);
#27 = ( BOUNDED_CURVE() B_SPLINE_CURVE(2,(#28,#29,#30),.UNSPECIFIED.,.F.
,.F.) B_SPLINE_CURVE_WITH_KNOTS((3,3),(0.,1.570796326795),
.PIECEWISE_BEZIER_KNOTS.) CURVE() GEOMETRIC_REPRESENTATION_ITEM() 
RATIONAL_B_SPLINE_CURVE((1.,0.707106781187,1.)) REPRESENTATION_ITEM('') 
  );
#28 = CARTESIAN_POINT('',(-174.6199967142,-371.7854440421,
    538.84613621765));
#29 = CARTESIAN_POINT('',(-176.6199967142,-371.7854440421,
    538.84613621765));
#30 = CARTESIAN_POINT('',(-176.6199967142,-369.8535923895,
    538.31939298786));
#31 = PCURVE('',#32,#39);
#32 = ( BOUNDED_SURFACE() B_SPLINE_SURFACE(2,1,(
    (#33,#34)
    ,(#35,#36)
,(#37,#38
  )),.UNSPECIFIED.,.F.,.F.,.F.) B_SPLINE_SURFACE_WITH_KNOTS((3,3),(2,2),
  (5.497787143782,7.068583470577),(-115.,345.),
.PIECEWISE_BEZIER_KNOTS.) GEOMETRIC_REPRESENTATION_ITEM() 
RATIONAL_B_SPLINE_SURFACE((
    (1.,1.)
    ,(0.707106781187,0.707106781187)
,(1.,1.))) REPRESENTATION_ITEM('') SURFACE() );
#33 = CARTESIAN_POINT('',(-174.6199967142,-371.7854440421,
    538.84613621765));
#34 = CARTESIAN_POINT('',(-174.6199967142,-490.8422047892,
    86.704662113906));
#35 = CARTESIAN_POINT('',(-176.6199967142,-371.7854440421,
    538.84613621765));
#36 = CARTESIAN_POINT('',(-176.6199967142,-490.8422047892,
    86.704662113906));
#37 = CARTESIAN_POINT('',(-176.6199967142,-369.8535923895,
    538.31939298786));
#38 = CARTESIAN_POINT('',(-176.6199967142,-488.9103531366,
    86.177918884121));
#39 = DEFINITIONAL_REPRESENTATION('',(#40),#44);
#40 = B_SPLINE_CURVE_WITH_KNOTS('',2,(#41,#42,#43),.UNSPECIFIED.,.F.,.F.
  ,(3,3),(0.,1.570796326795),.PIECEWISE_BEZIER_KNOTS.);
#41 = CARTESIAN_POINT('',(5.497787143782,-115.));
#42 = CARTESIAN_POINT('',(6.283185307179,-115.));
#43 = CARTESIAN_POINT('',(7.068583470576,-115.));
#44 = ( GEOMETRIC_REPRESENTATION_CONTEXT(2) 
PARAMETRIC_REPRESENTATION_CONTEXT() REPRESENTATION_CONTEXT('2D SPACE',''
  ) );
#45 = PCURVE('',#46,#56);
#46 = ( BOUNDED_SURFACE() B_SPLINE_SURFACE(2,2,(
    (#47,#48,#49)
    ,(#50,#51,#52)
    ,(#53,#54,#55
)),.UNSPECIFIED.,.F.,.F.,.F.) B_SPLINE_SURFACE_WITH_KNOTS((3,3),(3,3),(
    1.570796326795,3.14159265359),(3.141592653589,4.712388980385),
.PIECEWISE_BEZIER_KNOTS.) GEOMETRIC_REPRESENTATION_ITEM() 
RATIONAL_B_SPLINE_SURFACE((
    (1.,0.707106781186,1.)
    ,(0.707106781187,0.5,0.707106781187)
,(1.,0.707106781186,1.))) REPRESENTATION_ITEM('') SURFACE() );
#47 = CARTESIAN_POINT('',(-226.6199967142,-356.9126401344,
    587.46520539043));
#48 = CARTESIAN_POINT('',(-226.6199967142,-358.8444917869,
    587.99194862022));
#49 = CARTESIAN_POINT('',(-226.6199967142,-358.3268536967,
    589.95778111632));
#50 = CARTESIAN_POINT('',(-176.6199967142,-356.9126401344,
    587.46520539043));
#51 = CARTESIAN_POINT('',(-176.6199967142,-358.8444917869,
    587.99194862022));
#52 = CARTESIAN_POINT('',(-174.6199967142,-358.3268536967,
    589.95778111632));
#53 = CARTESIAN_POINT('',(-176.6199967142,-369.8535923895,
    538.31939298786));
#54 = CARTESIAN_POINT('',(-176.6199967142,-371.7854440421,
    538.84613621765));
#55 = CARTESIAN_POINT('',(-174.6199967142,-371.7854440421,
    538.84613621765));
#56 = DEFINITIONAL_REPRESENTATION('',(#57),#61);
#57 = B_SPLINE_CURVE_WITH_KNOTS('',2,(#58,#59,#60),.UNSPECIFIED.,.F.,.F.
  ,(3,3),(0.,1.570796326795),.PIECEWISE_BEZIER_KNOTS.);
#58 = CARTESIAN_POINT('',(3.14159265359,4.712388980385));
#59 = CARTESIAN_POINT('',(3.14159265359,3.926990816987));
#60 = CARTESIAN_POINT('',(3.14159265359,3.14159265359));
#61 = ( GEOMETRIC_REPRESENTATION_CONTEXT(2) 
PARAMETRIC_REPRESENTATION_CONTEXT() REPRESENTATION_CONTEXT('2D SPACE',''
  ) );
#62 = ORIENTED_EDGE('',*,*,#63,.T.);
#63 = EDGE_CURVE('',#24,#64,#66,.T.);
#64 = VERTEX_POINT('',#65);
#65 = CARTESIAN_POINT('',(-176.6199967142,-488.9103531366,
    86.177918884121));
#66 = SURFACE_CURVE('',#67,(#70,#77),.PCURVE_S1.);
#67 = B_SPLINE_CURVE_WITH_KNOTS('',1,(#68,#69),.UNSPECIFIED.,.F.,.F.,(2,
    2),(-115.,345.),.PIECEWISE_BEZIER_KNOTS.);
#68 = CARTESIAN_POINT('',(-176.6199967142,-369.8535923895,
    538.31939298786));
#69 = CARTESIAN_POINT('',(-176.6199967142,-488.9103531366,
    86.177918884121));
#70 = PCURVE('',#32,#71);
#71 = DEFINITIONAL_REPRESENTATION('',(#72),#76);
#72 = B_SPLINE_CURVE_WITH_KNOTS('',2,(#73,#74,#75),.UNSPECIFIED.,.F.,.F.
  ,(3,3),(-115.,345.),.PIECEWISE_BEZIER_KNOTS.);
#73 = CARTESIAN_POINT('',(7.068583470577,-115.));
#74 = CARTESIAN_POINT('',(7.068583470577,115.));
#75 = CARTESIAN_POINT('',(7.068583470577,345.));
#76 = ( GEOMETRIC_REPRESENTATION_CONTEXT(2) 
PARAMETRIC_REPRESENTATION_CONTEXT() REPRESENTATION_CONTEXT('2D SPACE',''
  ) );
#77 = PCURVE('',#78,#83);
#78 = B_SPLINE_SURFACE_WITH_KNOTS('',1,1,(
    (#79,#80)
    ,(#81,#82
    )),.UNSPECIFIED.,.F.,.F.,.F.,(2,2),(2,2),(-3.694822225953E-13,460.),
  (2.,18.000000000001),.PIECEWISE_BEZIER_KNOTS.);
#79 = CARTESIAN_POINT('',(-176.6199967142,-354.3987791689,
    534.10544714957));
#80 = CARTESIAN_POINT('',(-176.6199967142,-369.8535923895,
    538.31939298786));
#81 = CARTESIAN_POINT('',(-176.6199967142,-473.455539916,81.963973045835
    ));
#82 = CARTESIAN_POINT('',(-176.6199967142,-488.9103531366,
    86.177918884121));
#83 = DEFINITIONAL_REPRESENTATION('',(#84),#87);
#84 = B_SPLINE_CURVE_WITH_KNOTS('',1,(#85,#86),.UNSPECIFIED.,.F.,.F.,(2,
    2),(-115.,345.),.PIECEWISE_BEZIER_KNOTS.);
#85 = CARTESIAN_POINT('',(-3.694822225953E-13,18.));
#86 = CARTESIAN_POINT('',(460.,18.));
#87 = ( GEOMETRIC_REPRESENTATION_CONTEXT(2) 
PARAMETRIC_REPRESENTATION_CONTEXT() REPRESENTATION_CONTEXT('2D SPACE',''
  ) );
#88 = ORIENTED_EDGE('',*,*,#89,.T.);
#89 = EDGE_CURVE('',#64,#90,#92,.T.);
#90 = VERTEX_POINT('',#91);
#91 = CARTESIAN_POINT('',(-174.6199967142,-490.8422047892,
    86.704662113906));
#92 = SURFACE_CURVE('',#93,(#97,#104),.PCURVE_S1.);
#93 = ( BOUNDED_CURVE() B_SPLINE_CURVE(2,(#94,#95,#96),.UNSPECIFIED.,.F.
,.F.) B_SPLINE_CURVE_WITH_KNOTS((3,3),(0.,1.570796326795),
.PIECEWISE_BEZIER_KNOTS.) CURVE() GEOMETRIC_REPRESENTATION_ITEM() 
RATIONAL_B_SPLINE_CURVE((1.,0.707106781187,1.)) REPRESENTATION_ITEM('') 
  );
#94 = CARTESIAN_POINT('',(-176.6199967142,-488.9103531366,
    86.177918884121));
#95 = CARTESIAN_POINT('',(-176.6199967142,-490.8422047892,
    86.704662113906));
#96 = CARTESIAN_POINT('',(-174.6199967142,-490.8422047892,
    86.704662113906));
#97 = PCURVE('',#32,#98);
#98 = DEFINITIONAL_REPRESENTATION('',(#99),#103);
#99 = B_SPLINE_CURVE_WITH_KNOTS('',2,(#100,#101,#102),.UNSPECIFIED.,.F.,
  .F.,(3,3),(0.,1.570796326795),.PIECEWISE_BEZIER_KNOTS.);
#100 = CARTESIAN_POINT('',(7.068583470577,345.));
#101 = CARTESIAN_POINT('',(6.28318530718,345.));
#102 = CARTESIAN_POINT('',(5.497787143782,345.));
#103 = ( GEOMETRIC_REPRESENTATION_CONTEXT(2) 
PARAMETRIC_REPRESENTATION_CONTEXT() REPRESENTATION_CONTEXT('2D SPACE',''
  ) );
#104 = PCURVE('',#105,#115);
#105 = ( BOUNDED_SURFACE() B_SPLINE_SURFACE(2,2,(
    (#106,#107,#108)
    ,(#109,#110,#111)
    ,(#112,#113,#114
)),.UNSPECIFIED.,.F.,.F.,.F.) B_SPLINE_SURFACE_WITH_KNOTS((3,3),(3,3),(
    3.14159265359,4.712388980385),(3.14159265359,4.712388980385),
.PIECEWISE_BEZIER_KNOTS.) GEOMETRIC_REPRESENTATION_ITEM() 
RATIONAL_B_SPLINE_SURFACE((
    (1.,0.707106781187,1.)
    ,(0.707106781187,0.5,0.707106781187)
,(1.,0.707106781187,1.))) REPRESENTATION_ITEM('') SURFACE() );
#106 = CARTESIAN_POINT('',(-176.6199967142,-488.9103531366,
    86.177918884121));
#107 = CARTESIAN_POINT('',(-176.6199967142,-490.8422047892,
    86.704662113907));
#108 = CARTESIAN_POINT('',(-174.6199967142,-490.8422047892,
    86.704662113907));
#109 = CARTESIAN_POINT('',(-176.6199967142,-501.8513053918,
    37.03210648154));
#110 = CARTESIAN_POINT('',(-176.6199967142,-503.7831570443,
    37.558849711326));
#111 = CARTESIAN_POINT('',(-174.6199967142,-504.3007951346,
    35.593017215222));
#112 = CARTESIAN_POINT('',(-226.6199967142,-501.8513053918,
    37.03210648154));
#113 = CARTESIAN_POINT('',(-226.6199967142,-503.7831570443,
    37.558849711326));
#114 = CARTESIAN_POINT('',(-226.6199967142,-504.3007951346,
    35.593017215222));
#115 = DEFINITIONAL_REPRESENTATION('',(#116),#120);
#116 = B_SPLINE_CURVE_WITH_KNOTS('',2,(#117,#118,#119),.UNSPECIFIED.,.F.
  ,.F.,(3,3),(0.,1.570796326795),.PIECEWISE_BEZIER_KNOTS.);
#117 = CARTESIAN_POINT('',(3.14159265359,3.14159265359));
#118 = CARTESIAN_POINT('',(3.14159265359,3.926990816987));
#119 = CARTESIAN_POINT('',(3.14159265359,4.712388980385));
#120 = ( GEOMETRIC_REPRESENTATION_CONTEXT(2) 
PARAMETRIC_REPRESENTATION_CONTEXT() REPRESENTATION_CONTEXT('2D SPACE',''
  ) );
#121 = ORIENTED_EDGE('',*,*,#122,.T.);
#122 = EDGE_CURVE('',#90,#22,#123,.T.);
#123 = SURFACE_CURVE('',#124,(#127,#134),.PCURVE_S1.);
#124 = B_SPLINE_CURVE_WITH_KNOTS('',1,(#125,#126),.UNSPECIFIED.,.F.,.F.,
  (2,2),(-345.,115.),.PIECEWISE_BEZIER_KNOTS.);
#125 = CARTESIAN_POINT('',(-174.6199967142,-490.8422047892,
    86.704662113907));
#126 = CARTESIAN_POINT('',(-174.6199967142,-371.7854440421,
    538.84613621765));
#127 = PCURVE('',#32,#128);
#128 = DEFINITIONAL_REPRESENTATION('',(#129),#133);
#129 = B_SPLINE_CURVE_WITH_KNOTS('',2,(#130,#131,#132),.UNSPECIFIED.,.F.
  ,.F.,(3,3),(-345.,115.),.PIECEWISE_BEZIER_KNOTS.);
#130 = CARTESIAN_POINT('',(5.497787143782,345.));
#131 = CARTESIAN_POINT('',(5.497787143782,115.));
#132 = CARTESIAN_POINT('',(5.497787143782,-115.));
#133 = ( GEOMETRIC_REPRESENTATION_CONTEXT(2) 
PARAMETRIC_REPRESENTATION_CONTEXT() REPRESENTATION_CONTEXT('2D SPACE',''
  ) );
#134 = PCURVE('',#135,#140);
#135 = B_SPLINE_SURFACE_WITH_KNOTS('',1,1,(
    (#136,#137)
    ,(#138,#139
    )),.UNSPECIFIED.,.F.,.F.,.F.,(2,2),(2,2),(-391.,391.),(-291.,291.),
  .PIECEWISE_BEZIER_KNOTS.);
#136 = CARTESIAN_POINT('',(-165.6199967142,-506.6301665405,
    26.746770982757));
#137 = CARTESIAN_POINT('',(-165.6199967142,-355.9974822908,
    598.80402734879));
#138 = CARTESIAN_POINT('',(-947.6199967142,-506.6301665405,
    26.746770982757));
#139 = CARTESIAN_POINT('',(-947.6199967142,-355.9974822908,
    598.80402734879));
#140 = DEFINITIONAL_REPRESENTATION('',(#141),#144);
#141 = B_SPLINE_CURVE_WITH_KNOTS('',1,(#142,#143),.UNSPECIFIED.,.F.,.F.,
  (2,2),(-345.,115.),.PIECEWISE_BEZIER_KNOTS.);
#142 = CARTESIAN_POINT('',(-382.,-230.));
#143 = CARTESIAN_POINT('',(-382.,230.));
#144 = ( GEOMETRIC_REPRESENTATION_CONTEXT(2) 
PARAMETRIC_REPRESENTATION_CONTEXT() REPRESENTATION_CONTEXT('2D SPACE',''
  ) );
#145 = ADVANCED_FACE('',(#146),#105,.T.);
#146 = FACE_BOUND('',#147,.T.);
#147 = EDGE_LOOP('',(#148,#180,#201,#202));
#148 = ORIENTED_EDGE('',*,*,#149,.T.);
#149 = EDGE_CURVE('',#150,#152,#154,.T.);
#150 = VERTEX_POINT('',#151);
#151 = CARTESIAN_POINT('',(-226.6199967142,-501.8513053918,
    37.03210648154));
#152 = VERTEX_POINT('',#153);
#153 = CARTESIAN_POINT('',(-226.6199967142,-504.3007951346,
    35.593017215222));
#154 = SURFACE_CURVE('',#155,(#159,#166),.PCURVE_S1.);
#155 = ( BOUNDED_CURVE() B_SPLINE_CURVE(2,(#156,#157,#158),
.UNSPECIFIED.,.F.,.F.) B_SPLINE_CURVE_WITH_KNOTS((3,3),(0.,
1.570796326795),.PIECEWISE_BEZIER_KNOTS.) CURVE() 
GEOMETRIC_REPRESENTATION_ITEM() RATIONAL_B_SPLINE_CURVE((1.,
0.707106781187,1.)) REPRESENTATION_ITEM('') );
#156 = CARTESIAN_POINT('',(-226.6199967142,-501.8513053918,
    37.03210648154));
#157 = CARTESIAN_POINT('',(-226.6199967142,-503.7831570443,
    37.558849711325));
#158 = CARTESIAN_POINT('',(-226.6199967142,-504.3007951346,
    35.593017215222));
#159 = PCURVE('',#105,#160);
#160 = DEFINITIONAL_REPRESENTATION('',(#161),#165);
#161 = B_SPLINE_CURVE_WITH_KNOTS('',2,(#162,#163,#164),.UNSPECIFIED.,.F.
  ,.F.,(3,3),(3.049290862937E-14,1.570796326795),
  .PIECEWISE_BEZIER_KNOTS.);
#162 = CARTESIAN_POINT('',(4.712388980385,3.14159265359));
#163 = CARTESIAN_POINT('',(4.712388980385,3.926990816987));
#164 = CARTESIAN_POINT('',(4.712388980385,4.712388980385));
#165 = ( GEOMETRIC_REPRESENTATION_CONTEXT(2) 
PARAMETRIC_REPRESENTATION_CONTEXT() REPRESENTATION_CONTEXT('2D SPACE',''
  ) );
#166 = PCURVE('',#167,#174);
#167 = ( BOUNDED_SURFACE() B_SPLINE_SURFACE(2,1,(
    (#168,#169)
    ,(#170,#171)
,(#172,#173
    )),.UNSPECIFIED.,.F.,.F.,.F.) B_SPLINE_SURFACE_WITH_KNOTS((3,3),(2,2
    ),(-0.785398163397,0.785398163397),(-165.,495.),
.PIECEWISE_BEZIER_KNOTS.) GEOMETRIC_REPRESENTATION_ITEM() 
RATIONAL_B_SPLINE_SURFACE((
    (1.,1.)
    ,(0.707106781187,0.707106781187)
,(1.,1.))) REPRESENTATION_ITEM('') SURFACE() );
#168 = CARTESIAN_POINT('',(-226.6199967142,-504.3007951346,
    35.593017215222));
#169 = CARTESIAN_POINT('',(-886.6199967142,-504.3007951346,
    35.593017215222));
#170 = CARTESIAN_POINT('',(-226.6199967142,-503.7831570443,
    37.558849711325));
#171 = CARTESIAN_POINT('',(-886.6199967142,-503.7831570443,
    37.558849711325));
#172 = CARTESIAN_POINT('',(-226.6199967142,-501.8513053918,
    37.03210648154));
#173 = CARTESIAN_POINT('',(-886.6199967142,-501.8513053918,
    37.03210648154));
#174 = DEFINITIONAL_REPRESENTATION('',(#175),#179);
#175 = B_SPLINE_CURVE_WITH_KNOTS('',2,(#176,#177,#178),.UNSPECIFIED.,.F.
  ,.F.,(3,3),(3.049290862937E-14,1.570796326795),
  .PIECEWISE_BEZIER_KNOTS.);
#176 = CARTESIAN_POINT('',(0.785398163397,-165.));
#177 = CARTESIAN_POINT('',(4.966921481951E-14,-165.));
#178 = CARTESIAN_POINT('',(-0.785398163397,-165.));
#179 = ( GEOMETRIC_REPRESENTATION_CONTEXT(2) 
PARAMETRIC_REPRESENTATION_CONTEXT() REPRESENTATION_CONTEXT('2D SPACE',''
  ) );
#180 = ORIENTED_EDGE('',*,*,#181,.T.);
#181 = EDGE_CURVE('',#152,#90,#182,.T.);
#182 = SURFACE_CURVE('',#183,(#187,#194),.PCURVE_S1.);
#183 = ( BOUNDED_CURVE() B_SPLINE_CURVE(2,(#184,#185,#186),
.UNSPECIFIED.,.F.,.F.) B_SPLINE_CURVE_WITH_KNOTS((3,3),(5.497787143782,
7.068583470577),.PIECEWISE_BEZIER_KNOTS.) CURVE() 
GEOMETRIC_REPRESENTATION_ITEM() RATIONAL_B_SPLINE_CURVE((1.,
0.707106781187,1.)) REPRESENTATION_ITEM('') );
#184 = CARTESIAN_POINT('',(-226.6199967142,-504.3007951346,
    35.593017215222));
#185 = CARTESIAN_POINT('',(-174.6199967142,-504.3007951346,
    35.593017215222));
#186 = CARTESIAN_POINT('',(-174.6199967142,-490.8422047892,
    86.704662113906));
#187 = PCURVE('',#105,#188);
#188 = DEFINITIONAL_REPRESENTATION('',(#189),#193);
#189 = B_SPLINE_CURVE_WITH_KNOTS('',2,(#190,#191,#192),.UNSPECIFIED.,.F.
  ,.F.,(3,3),(5.497787143782,7.068583470577),.PIECEWISE_BEZIER_KNOTS.);
#190 = CARTESIAN_POINT('',(4.712388980385,4.712388980385));
#191 = CARTESIAN_POINT('',(3.926990816987,4.712388980385));
#192 = CARTESIAN_POINT('',(3.14159265359,4.712388980385));
#193 = ( GEOMETRIC_REPRESENTATION_CONTEXT(2) 
PARAMETRIC_REPRESENTATION_CONTEXT() REPRESENTATION_CONTEXT('2D SPACE',''
  ) );
#194 = PCURVE('',#135,#195);
#195 = DEFINITIONAL_REPRESENTATION('',(#196),#200);
#196 = ( BOUNDED_CURVE() B_SPLINE_CURVE(2,(#197,#198,#199),
.UNSPECIFIED.,.F.,.F.) B_SPLINE_CURVE_WITH_KNOTS((3,3),(5.497787143782,
7.068583470577),.PIECEWISE_BEZIER_KNOTS.) CURVE() 
GEOMETRIC_REPRESENTATION_ITEM() RATIONAL_B_SPLINE_CURVE((1.,
0.707106781187,1.)) REPRESENTATION_ITEM('') );
#197 = CARTESIAN_POINT('',(-330.,-282.));
#198 = CARTESIAN_POINT('',(-382.,-282.));
#199 = CARTESIAN_POINT('',(-382.,-230.));
#200 = ( GEOMETRIC_REPRESENTATION_CONTEXT(2) 
PARAMETRIC_REPRESENTATION_CONTEXT() REPRESENTATION_CONTEXT('2D SPACE',''
  ) );
#201 = ORIENTED_EDGE('',*,*,#89,.F.);
#202 = ORIENTED_EDGE('',*,*,#203,.T.);
#203 = EDGE_CURVE('',#64,#150,#204,.T.);
#204 = SURFACE_CURVE('',#205,(#209,#216),.PCURVE_S1.);
#205 = ( BOUNDED_CURVE() B_SPLINE_CURVE(2,(#206,#207,#208),
.UNSPECIFIED.,.F.,.F.) B_SPLINE_CURVE_WITH_KNOTS((3,3),(5.497787143782,
7.068583470577),.PIECEWISE_BEZIER_KNOTS.) CURVE() 
GEOMETRIC_REPRESENTATION_ITEM() RATIONAL_B_SPLINE_CURVE((1.,
0.707106781187,1.)) REPRESENTATION_ITEM('') );
#206 = CARTESIAN_POINT('',(-176.6199967142,-488.9103531366,
    86.177918884121));
#207 = CARTESIAN_POINT('',(-176.6199967142,-501.8513053918,
    37.03210648154));
#208 = CARTESIAN_POINT('',(-226.6199967142,-501.8513053918,
    37.03210648154));
#209 = PCURVE('',#105,#210);
#210 = DEFINITIONAL_REPRESENTATION('',(#211),#215);
#211 = B_SPLINE_CURVE_WITH_KNOTS('',2,(#212,#213,#214),.UNSPECIFIED.,.F.
  ,.F.,(3,3),(5.497787143782,7.068583470577),.PIECEWISE_BEZIER_KNOTS.);
#212 = CARTESIAN_POINT('',(3.14159265359,3.14159265359));
#213 = CARTESIAN_POINT('',(3.926990816987,3.14159265359));
#214 = CARTESIAN_POINT('',(4.712388980385,3.14159265359));
#215 = ( GEOMETRIC_REPRESENTATION_CONTEXT(2) 
PARAMETRIC_REPRESENTATION_CONTEXT() REPRESENTATION_CONTEXT('2D SPACE',''
  ) );
#216 = PCURVE('',#217,#224);
#217 = ( BOUNDED_SURFACE() B_SPLINE_SURFACE(2,1,(
    (#218,#219)
    ,(#220,#221)
,(#222,#223
    )),.UNSPECIFIED.,.F.,.F.,.F.) B_SPLINE_SURFACE_WITH_KNOTS((3,3),(2,2
    ),(4.712388980385,6.28318530718),(2.,18.),.PIECEWISE_BEZIER_KNOTS.) 
GEOMETRIC_REPRESENTATION_ITEM() RATIONAL_B_SPLINE_SURFACE((
    (1.,1.)
    ,(0.707106781187,0.707106781187)
,(1.,1.))) REPRESENTATION_ITEM('') SURFACE() );
#218 = CARTESIAN_POINT('',(-226.6199967142,-486.3964921711,
    32.818160643254));
#219 = CARTESIAN_POINT('',(-226.6199967142,-501.8513053918,
    37.03210648154));
#220 = CARTESIAN_POINT('',(-176.6199967142,-486.3964921711,
    32.818160643254));
#221 = CARTESIAN_POINT('',(-176.6199967142,-501.8513053918,
    37.03210648154));
#222 = CARTESIAN_POINT('',(-176.6199967142,-473.455539916,
    81.963973045835));
#223 = CARTESIAN_POINT('',(-176.6199967142,-488.9103531366,
    86.177918884121));
#224 = DEFINITIONAL_REPRESENTATION('',(#225),#229);
#225 = B_SPLINE_CURVE_WITH_KNOTS('',2,(#226,#227,#228),.UNSPECIFIED.,.F.
  ,.F.,(3,3),(5.497787143782,7.068583470577),.PIECEWISE_BEZIER_KNOTS.);
#226 = CARTESIAN_POINT('',(6.28318530718,18.));
#227 = CARTESIAN_POINT('',(5.497787143782,18.));
#228 = CARTESIAN_POINT('',(4.712388980385,18.));
#229 = ( GEOMETRIC_REPRESENTATION_CONTEXT(2) 
PARAMETRIC_REPRESENTATION_CONTEXT() REPRESENTATION_CONTEXT('2D SPACE',''
  ) );
#230 = ADVANCED_FACE('',(#231),#167,.T.);
#231 = FACE_BOUND('',#232,.T.);
#232 = EDGE_LOOP('',(#233,#268,#287,#288));
#233 = ORIENTED_EDGE('',*,*,#234,.T.);
#234 = EDGE_CURVE('',#235,#237,#239,.T.);
#235 = VERTEX_POINT('',#236);
#236 = CARTESIAN_POINT('',(-886.6199967142,-501.8513053918,
    37.03210648154));
#237 = VERTEX_POINT('',#238);
#238 = CARTESIAN_POINT('',(-886.6199967142,-504.3007951346,
    35.593017215222));
#239 = SURFACE_CURVE('',#240,(#244,#251),.PCURVE_S1.);
#240 = ( BOUNDED_CURVE() B_SPLINE_CURVE(2,(#241,#242,#243),
.UNSPECIFIED.,.F.,.F.) B_SPLINE_CURVE_WITH_KNOTS((3,3),(0.,
1.570796326795),.PIECEWISE_BEZIER_KNOTS.) CURVE() 
GEOMETRIC_REPRESENTATION_ITEM() RATIONAL_B_SPLINE_CURVE((1.,
0.707106781187,1.)) REPRESENTATION_ITEM('') );
#241 = CARTESIAN_POINT('',(-886.6199967142,-501.8513053918,
    37.03210648154));
#242 = CARTESIAN_POINT('',(-886.6199967142,-503.7831570443,
    37.558849711325));
#243 = CARTESIAN_POINT('',(-886.6199967142,-504.3007951346,
    35.593017215222));
#244 = PCURVE('',#167,#245);
#245 = DEFINITIONAL_REPRESENTATION('',(#246),#250);
#246 = B_SPLINE_CURVE_WITH_KNOTS('',2,(#247,#248,#249),.UNSPECIFIED.,.F.
  ,.F.,(3,3),(3.866345887149E-14,1.570796326795),
  .PIECEWISE_BEZIER_KNOTS.);
#247 = CARTESIAN_POINT('',(0.785398163397,495.));
#248 = CARTESIAN_POINT('',(4.721407088822E-14,495.));
#249 = CARTESIAN_POINT('',(-0.785398163397,495.));
#250 = ( GEOMETRIC_REPRESENTATION_CONTEXT(2) 
PARAMETRIC_REPRESENTATION_CONTEXT() REPRESENTATION_CONTEXT('2D SPACE',''
  ) );
#251 = PCURVE('',#252,#262);
#252 = ( BOUNDED_SURFACE() B_SPLINE_SURFACE(2,2,(
    (#253,#254,#255)
    ,(#256,#257,#258)
    ,(#259,#260,#261
)),.UNSPECIFIED.,.F.,.F.,.F.) B_SPLINE_SURFACE_WITH_KNOTS((3,3),(3,3),(
    4.712388980385,6.28318530718),(3.14159265359,4.712388980385),
.PIECEWISE_BEZIER_KNOTS.) GEOMETRIC_REPRESENTATION_ITEM() 
RATIONAL_B_SPLINE_SURFACE((
    (1.,0.707106781187,1.)
    ,(0.707106781187,0.5,0.707106781187)
,(1.,0.707106781187,1.))) REPRESENTATION_ITEM('') SURFACE() );
#253 = CARTESIAN_POINT('',(-886.6199967142,-501.8513053918,
    37.03210648154));
#254 = CARTESIAN_POINT('',(-886.6199967142,-503.7831570443,
    37.558849711326));
#255 = CARTESIAN_POINT('',(-886.6199967142,-504.3007951346,
    35.593017215222));
#256 = CARTESIAN_POINT('',(-936.6199967142,-501.8513053918,
    37.03210648154));
#257 = CARTESIAN_POINT('',(-936.6199967142,-503.7831570443,
    37.558849711325));
#258 = CARTESIAN_POINT('',(-938.6199967142,-504.3007951346,
    35.593017215222));
#259 = CARTESIAN_POINT('',(-936.6199967142,-488.9103531366,
    86.17791888412));
#260 = CARTESIAN_POINT('',(-936.6199967142,-490.8422047892,
    86.704662113906));
#261 = CARTESIAN_POINT('',(-938.6199967142,-490.8422047892,
    86.704662113906));
#262 = DEFINITIONAL_REPRESENTATION('',(#263),#267);
#263 = B_SPLINE_CURVE_WITH_KNOTS('',2,(#264,#265,#266),.UNSPECIFIED.,.F.
  ,.F.,(3,3),(3.866345887149E-14,1.570796326795),
  .PIECEWISE_BEZIER_KNOTS.);
#264 = CARTESIAN_POINT('',(4.712388980385,3.14159265359));
#265 = CARTESIAN_POINT('',(4.712388980385,3.926990816987));
#266 = CARTESIAN_POINT('',(4.712388980385,4.712388980385));
#267 = ( GEOMETRIC_REPRESENTATION_CONTEXT(2) 
PARAMETRIC_REPRESENTATION_CONTEXT() REPRESENTATION_CONTEXT('2D SPACE',''
  ) );
#268 = ORIENTED_EDGE('',*,*,#269,.T.);
#269 = EDGE_CURVE('',#237,#152,#270,.T.);
#270 = SURFACE_CURVE('',#271,(#274,#281),.PCURVE_S1.);
#271 = B_SPLINE_CURVE_WITH_KNOTS('',1,(#272,#273),.UNSPECIFIED.,.F.,.F.,
  (2,2),(-495.,165.),.PIECEWISE_BEZIER_KNOTS.);
#272 = CARTESIAN_POINT('',(-886.6199967142,-504.3007951346,
    35.593017215222));
#273 = CARTESIAN_POINT('',(-226.6199967142,-504.3007951346,
    35.593017215222));
#274 = PCURVE('',#167,#275);
#275 = DEFINITIONAL_REPRESENTATION('',(#276),#280);
#276 = B_SPLINE_CURVE_WITH_KNOTS('',2,(#277,#278,#279),.UNSPECIFIED.,.F.
  ,.F.,(3,3),(-495.,165.),.PIECEWISE_BEZIER_KNOTS.);
#277 = CARTESIAN_POINT('',(-0.785398163397,495.));
#278 = CARTESIAN_POINT('',(-0.785398163397,165.));
#279 = CARTESIAN_POINT('',(-0.785398163397,-165.));
#280 = ( GEOMETRIC_REPRESENTATION_CONTEXT(2) 
PARAMETRIC_REPRESENTATION_CONTEXT() REPRESENTATION_CONTEXT('2D SPACE',''
  ) );
#281 = PCURVE('',#135,#282);
#282 = DEFINITIONAL_REPRESENTATION('',(#283),#286);
#283 = B_SPLINE_CURVE_WITH_KNOTS('',1,(#284,#285),.UNSPECIFIED.,.F.,.F.,
  (2,2),(-495.,165.),.PIECEWISE_BEZIER_KNOTS.);
#284 = CARTESIAN_POINT('',(330.,-282.));
#285 = CARTESIAN_POINT('',(-330.,-282.));
#286 = ( GEOMETRIC_REPRESENTATION_CONTEXT(2) 
PARAMETRIC_REPRESENTATION_CONTEXT() REPRESENTATION_CONTEXT('2D SPACE',''
  ) );
#287 = ORIENTED_EDGE('',*,*,#149,.F.);
#288 = ORIENTED_EDGE('',*,*,#289,.T.);
#289 = EDGE_CURVE('',#150,#235,#290,.T.);
#290 = SURFACE_CURVE('',#291,(#294,#301),.PCURVE_S1.);
#291 = B_SPLINE_CURVE_WITH_KNOTS('',1,(#292,#293),.UNSPECIFIED.,.F.,.F.,
  (2,2),(-165.,495.),.PIECEWISE_BEZIER_KNOTS.);
#292 = CARTESIAN_POINT('',(-226.6199967142,-501.8513053918,
    37.03210648154));
#293 = CARTESIAN_POINT('',(-886.6199967142,-501.8513053918,
    37.03210648154));
#294 = PCURVE('',#167,#295);
#295 = DEFINITIONAL_REPRESENTATION('',(#296),#300);
#296 = B_SPLINE_CURVE_WITH_KNOTS('',2,(#297,#298,#299),.UNSPECIFIED.,.F.
  ,.F.,(3,3),(-165.,495.),.PIECEWISE_BEZIER_KNOTS.);
#297 = CARTESIAN_POINT('',(0.785398163397,-165.));
#298 = CARTESIAN_POINT('',(0.785398163397,165.));
#299 = CARTESIAN_POINT('',(0.785398163397,495.));
#300 = ( GEOMETRIC_REPRESENTATION_CONTEXT(2) 
PARAMETRIC_REPRESENTATION_CONTEXT() REPRESENTATION_CONTEXT('2D SPACE',''
  ) );
#301 = PCURVE('',#302,#307);
#302 = B_SPLINE_SURFACE_WITH_KNOTS('',1,1,(
    (#303,#304)
    ,(#305,#306
    )),.UNSPECIFIED.,.F.,.F.,.F.,(2,2),(2,2),(0.,660.),(2.,18.),
  .PIECEWISE_BEZIER_KNOTS.);
#303 = CARTESIAN_POINT('',(-226.6199967142,-486.3964921711,
    32.818160643254));
#304 = CARTESIAN_POINT('',(-226.6199967142,-501.8513053918,
    37.03210648154));
#305 = CARTESIAN_POINT('',(-886.6199967142,-486.3964921711,
    32.818160643254));
#306 = CARTESIAN_POINT('',(-886.6199967142,-501.8513053918,
    37.03210648154));
#307 = DEFINITIONAL_REPRESENTATION('',(#308),#311);
#308 = B_SPLINE_CURVE_WITH_KNOTS('',1,(#309,#310),.UNSPECIFIED.,.F.,.F.,
  (2,2),(-165.,495.),.PIECEWISE_BEZIER_KNOTS.);
#309 = CARTESIAN_POINT('',(0.,18.));
#310 = CARTESIAN_POINT('',(660.,18.));
#311 = ( GEOMETRIC_REPRESENTATION_CONTEXT(2) 
PARAMETRIC_REPRESENTATION_CONTEXT() REPRESENTATION_CONTEXT('2D SPACE',''
  ) );
#312 = ADVANCED_FACE('',(#313),#252,.T.);
#313 = FACE_BOUND('',#314,.T.);
#314 = EDGE_LOOP('',(#315,#347,#368,#369));
#315 = ORIENTED_EDGE('',*,*,#316,.T.);
#316 = EDGE_CURVE('',#317,#319,#321,.T.);
#317 = VERTEX_POINT('',#318);
#318 = CARTESIAN_POINT('',(-936.6199967142,-488.9103531366,
    86.177918884121));
#319 = VERTEX_POINT('',#320);
#320 = CARTESIAN_POINT('',(-938.6199967142,-490.8422047892,
    86.704662113906));
#321 = SURFACE_CURVE('',#322,(#326,#333),.PCURVE_S1.);
#322 = ( BOUNDED_CURVE() B_SPLINE_CURVE(2,(#323,#324,#325),
.UNSPECIFIED.,.F.,.F.) B_SPLINE_CURVE_WITH_KNOTS((3,3),(0.,
1.570796326795),.PIECEWISE_BEZIER_KNOTS.) CURVE() 
GEOMETRIC_REPRESENTATION_ITEM() RATIONAL_B_SPLINE_CURVE((1.,
0.707106781187,1.)) REPRESENTATION_ITEM('') );
#323 = CARTESIAN_POINT('',(-936.6199967142,-488.9103531366,
    86.177918884121));
#324 = CARTESIAN_POINT('',(-936.6199967142,-490.8422047892,
    86.704662113906));
#325 = CARTESIAN_POINT('',(-938.6199967142,-490.8422047892,
    86.704662113906));
#326 = PCURVE('',#252,#327);
#327 = DEFINITIONAL_REPRESENTATION('',(#328),#332);
#328 = B_SPLINE_CURVE_WITH_KNOTS('',2,(#329,#330,#331),.UNSPECIFIED.,.F.
  ,.F.,(3,3),(0.,1.570796326795),.PIECEWISE_BEZIER_KNOTS.);
#329 = CARTESIAN_POINT('',(6.28318530718,3.14159265359));
#330 = CARTESIAN_POINT('',(6.28318530718,3.926990816987));
#331 = CARTESIAN_POINT('',(6.28318530718,4.712388980385));
#332 = ( GEOMETRIC_REPRESENTATION_CONTEXT(2) 
PARAMETRIC_REPRESENTATION_CONTEXT() REPRESENTATION_CONTEXT('2D SPACE',''
  ) );
#333 = PCURVE('',#334,#341);
#334 = ( BOUNDED_SURFACE() B_SPLINE_SURFACE(2,1,(
    (#335,#336)
    ,(#337,#338)
,(#339,#340
    )),.UNSPECIFIED.,.F.,.F.,.F.) B_SPLINE_SURFACE_WITH_KNOTS((3,3),(2,2
    ),(-0.785398163397,0.785398163398),(-115.,345.),
.PIECEWISE_BEZIER_KNOTS.) GEOMETRIC_REPRESENTATION_ITEM() 
RATIONAL_B_SPLINE_SURFACE((
    (1.,1.)
    ,(0.707106781187,0.707106781187)
,(1.,1.))) REPRESENTATION_ITEM('') SURFACE() );
#335 = CARTESIAN_POINT('',(-938.6199967142,-490.8422047892,
    86.704662113906));
#336 = CARTESIAN_POINT('',(-938.6199967142,-371.7854440421,
    538.84613621765));
#337 = CARTESIAN_POINT('',(-936.6199967142,-490.8422047892,
    86.704662113906));
#338 = CARTESIAN_POINT('',(-936.6199967142,-371.7854440421,
    538.84613621765));
#339 = CARTESIAN_POINT('',(-936.6199967142,-488.9103531366,
    86.177918884121));
#340 = CARTESIAN_POINT('',(-936.6199967142,-369.8535923895,
    538.31939298786));
#341 = DEFINITIONAL_REPRESENTATION('',(#342),#346);
#342 = B_SPLINE_CURVE_WITH_KNOTS('',2,(#343,#344,#345),.UNSPECIFIED.,.F.
  ,.F.,(3,3),(0.,1.570796326795),.PIECEWISE_BEZIER_KNOTS.);
#343 = CARTESIAN_POINT('',(0.785398163397,-115.));
#344 = CARTESIAN_POINT('',(-2.727291431908E-14,-115.));
#345 = CARTESIAN_POINT('',(-0.785398163397,-115.));
#346 = ( GEOMETRIC_REPRESENTATION_CONTEXT(2) 
PARAMETRIC_REPRESENTATION_CONTEXT() REPRESENTATION_CONTEXT('2D SPACE',''
  ) );
#347 = ORIENTED_EDGE('',*,*,#348,.T.);
#348 = EDGE_CURVE('',#319,#237,#349,.T.);
#349 = SURFACE_CURVE('',#350,(#354,#361),.PCURVE_S1.);
#350 = ( BOUNDED_CURVE() B_SPLINE_CURVE(2,(#351,#352,#353),
.UNSPECIFIED.,.F.,.F.) B_SPLINE_CURVE_WITH_KNOTS((3,3),(5.497787143782,
7.068583470577),.PIECEWISE_BEZIER_KNOTS.) CURVE() 
GEOMETRIC_REPRESENTATION_ITEM() RATIONAL_B_SPLINE_CURVE((1.,
0.707106781187,1.)) REPRESENTATION_ITEM('') );
#351 = CARTESIAN_POINT('',(-938.6199967142,-490.8422047892,
    86.704662113906));
#352 = CARTESIAN_POINT('',(-938.6199967142,-504.3007951346,
    35.593017215222));
#353 = CARTESIAN_POINT('',(-886.6199967142,-504.3007951346,
    35.593017215222));
#354 = PCURVE('',#252,#355);
#355 = DEFINITIONAL_REPRESENTATION('',(#356),#360);
#356 = B_SPLINE_CURVE_WITH_KNOTS('',2,(#357,#358,#359),.UNSPECIFIED.,.F.
  ,.F.,(3,3),(5.497787143782,7.068583470577),.PIECEWISE_BEZIER_KNOTS.);
#357 = CARTESIAN_POINT('',(6.28318530718,4.712388980385));
#358 = CARTESIAN_POINT('',(5.497787143782,4.712388980385));
#359 = CARTESIAN_POINT('',(4.712388980385,4.712388980385));
#360 = ( GEOMETRIC_REPRESENTATION_CONTEXT(2) 
PARAMETRIC_REPRESENTATION_CONTEXT() REPRESENTATION_CONTEXT('2D SPACE',''
  ) );
#361 = PCURVE('',#135,#362);
#362 = DEFINITIONAL_REPRESENTATION('',(#363),#367);
#363 = ( BOUNDED_CURVE() B_SPLINE_CURVE(2,(#364,#365,#366),
.UNSPECIFIED.,.F.,.F.) B_SPLINE_CURVE_WITH_KNOTS((3,3),(5.497787143782,
7.068583470577),.PIECEWISE_BEZIER_KNOTS.) CURVE() 
GEOMETRIC_REPRESENTATION_ITEM() RATIONAL_B_SPLINE_CURVE((1.,
0.707106781187,1.)) REPRESENTATION_ITEM('') );
#364 = CARTESIAN_POINT('',(382.,-230.));
#365 = CARTESIAN_POINT('',(382.,-282.));
#366 = CARTESIAN_POINT('',(330.,-282.));
#367 = ( GEOMETRIC_REPRESENTATION_CONTEXT(2) 
PARAMETRIC_REPRESENTATION_CONTEXT() REPRESENTATION_CONTEXT('2D SPACE',''
  ) );
#368 = ORIENTED_EDGE('',*,*,#234,.F.);
#369 = ORIENTED_EDGE('',*,*,#370,.T.);
#370 = EDGE_CURVE('',#235,#317,#371,.T.);
#371 = SURFACE_CURVE('',#372,(#376,#383),.PCURVE_S1.);
#372 = ( BOUNDED_CURVE() B_SPLINE_CURVE(2,(#373,#374,#375),
.UNSPECIFIED.,.F.,.F.) B_SPLINE_CURVE_WITH_KNOTS((3,3),(5.497787143782,
7.068583470577),.PIECEWISE_BEZIER_KNOTS.) CURVE() 
GEOMETRIC_REPRESENTATION_ITEM() RATIONAL_B_SPLINE_CURVE((1.,
0.707106781187,1.)) REPRESENTATION_ITEM('') );
#373 = CARTESIAN_POINT('',(-886.6199967142,-501.8513053918,
    37.03210648154));
#374 = CARTESIAN_POINT('',(-936.6199967142,-501.8513053918,
    37.03210648154));
#375 = CARTESIAN_POINT('',(-936.6199967142,-488.9103531366,
    86.177918884121));
#376 = PCURVE('',#252,#377);
#377 = DEFINITIONAL_REPRESENTATION('',(#378),#382);
#378 = B_SPLINE_CURVE_WITH_KNOTS('',2,(#379,#380,#381),.UNSPECIFIED.,.F.
  ,.F.,(3,3),(5.497787143782,7.068583470577),.PIECEWISE_BEZIER_KNOTS.);
#379 = CARTESIAN_POINT('',(4.712388980385,3.14159265359));
#380 = CARTESIAN_POINT('',(5.497787143782,3.14159265359));
#381 = CARTESIAN_POINT('',(6.28318530718,3.14159265359));
#382 = ( GEOMETRIC_REPRESENTATION_CONTEXT(2) 
PARAMETRIC_REPRESENTATION_CONTEXT() REPRESENTATION_CONTEXT('2D SPACE',''
  ) );
#383 = PCURVE('',#384,#391);
#384 = ( BOUNDED_SURFACE() B_SPLINE_SURFACE(2,1,(
    (#385,#386)
    ,(#387,#388)
,(#389,#390
    )),.UNSPECIFIED.,.F.,.F.,.F.) B_SPLINE_SURFACE_WITH_KNOTS((3,3),(2,2
    ),(4.712388980385,6.28318530718),(2.,18.),.PIECEWISE_BEZIER_KNOTS.) 
GEOMETRIC_REPRESENTATION_ITEM() RATIONAL_B_SPLINE_SURFACE((
    (1.,1.)
    ,(0.707106781187,0.707106781187)
,(1.,1.))) REPRESENTATION_ITEM('') SURFACE() );
#385 = CARTESIAN_POINT('',(-936.6199967142,-473.455539916,
    81.963973045835));
#386 = CARTESIAN_POINT('',(-936.6199967142,-488.9103531366,
    86.177918884121));
#387 = CARTESIAN_POINT('',(-936.6199967142,-486.3964921711,
    32.818160643254));
#388 = CARTESIAN_POINT('',(-936.6199967142,-501.8513053918,
    37.032106481539));
#389 = CARTESIAN_POINT('',(-886.6199967142,-486.3964921711,
    32.818160643254));
#390 = CARTESIAN_POINT('',(-886.6199967142,-501.8513053918,
    37.03210648154));
#391 = DEFINITIONAL_REPRESENTATION('',(#392),#396);
#392 = B_SPLINE_CURVE_WITH_KNOTS('',2,(#393,#394,#395),.UNSPECIFIED.,.F.
  ,.F.,(3,3),(5.497787143782,7.068583470577),.PIECEWISE_BEZIER_KNOTS.);
#393 = CARTESIAN_POINT('',(6.28318530718,18.));
#394 = CARTESIAN_POINT('',(5.497787143782,18.));
#395 = CARTESIAN_POINT('',(4.712388980385,18.));
#396 = ( GEOMETRIC_REPRESENTATION_CONTEXT(2) 
PARAMETRIC_REPRESENTATION_CONTEXT() REPRESENTATION_CONTEXT('2D SPACE',''
  ) );
#397 = ADVANCED_FACE('',(#398),#334,.T.);
#398 = FACE_BOUND('',#399,.T.);
#399 = EDGE_LOOP('',(#400,#435,#454,#455));
#400 = ORIENTED_EDGE('',*,*,#401,.T.);
#401 = EDGE_CURVE('',#402,#404,#406,.T.);
#402 = VERTEX_POINT('',#403);
#403 = CARTESIAN_POINT('',(-936.6199967142,-369.8535923895,
    538.31939298786));
#404 = VERTEX_POINT('',#405);
#405 = CARTESIAN_POINT('',(-938.6199967142,-371.7854440421,
    538.84613621765));
#406 = SURFACE_CURVE('',#407,(#411,#418),.PCURVE_S1.);
#407 = ( BOUNDED_CURVE() B_SPLINE_CURVE(2,(#408,#409,#410),
.UNSPECIFIED.,.F.,.F.) B_SPLINE_CURVE_WITH_KNOTS((3,3),(0.,
1.570796326795),.PIECEWISE_BEZIER_KNOTS.) CURVE() 
GEOMETRIC_REPRESENTATION_ITEM() RATIONAL_B_SPLINE_CURVE((1.,
0.707106781187,1.)) REPRESENTATION_ITEM('') );
#408 = CARTESIAN_POINT('',(-936.6199967142,-369.8535923895,
    538.31939298786));
#409 = CARTESIAN_POINT('',(-936.6199967142,-371.7854440421,
    538.84613621765));
#410 = CARTESIAN_POINT('',(-938.6199967142,-371.7854440421,
    538.84613621765));
#411 = PCURVE('',#334,#412);
#412 = DEFINITIONAL_REPRESENTATION('',(#413),#417);
#413 = B_SPLINE_CURVE_WITH_KNOTS('',2,(#414,#415,#416),.UNSPECIFIED.,.F.
  ,.F.,(3,3),(0.,1.570796326795),.PIECEWISE_BEZIER_KNOTS.);
#414 = CARTESIAN_POINT('',(0.785398163398,345.));
#415 = CARTESIAN_POINT('',(5.952040331191E-14,345.));
#416 = CARTESIAN_POINT('',(-0.785398163397,345.));
#417 = ( GEOMETRIC_REPRESENTATION_CONTEXT(2) 
PARAMETRIC_REPRESENTATION_CONTEXT() REPRESENTATION_CONTEXT('2D SPACE',''
  ) );
#418 = PCURVE('',#419,#429);
#419 = ( BOUNDED_SURFACE() B_SPLINE_SURFACE(2,2,(
    (#420,#421,#422)
    ,(#423,#424,#425)
    ,(#426,#427,#428
)),.UNSPECIFIED.,.F.,.F.,.F.) B_SPLINE_SURFACE_WITH_KNOTS((3,3),(3,3),(
    0.,1.570796326795),(3.14159265359,4.712388980385),
.PIECEWISE_BEZIER_KNOTS.) GEOMETRIC_REPRESENTATION_ITEM() 
RATIONAL_B_SPLINE_SURFACE((
    (1.,0.707106781187,1.)
    ,(0.707106781187,0.5,0.707106781187)
,(1.,0.707106781187,1.))) REPRESENTATION_ITEM('') SURFACE() );
#420 = CARTESIAN_POINT('',(-936.6199967142,-369.8535923895,
    538.31939298786));
#421 = CARTESIAN_POINT('',(-936.6199967142,-371.7854440421,
    538.84613621765));
#422 = CARTESIAN_POINT('',(-938.6199967142,-371.7854440421,
    538.84613621765));
#423 = CARTESIAN_POINT('',(-936.6199967142,-356.9126401344,
    587.46520539043));
#424 = CARTESIAN_POINT('',(-936.6199967142,-358.8444917869,
    587.99194862022));
#425 = CARTESIAN_POINT('',(-938.6199967142,-358.3268536967,
    589.95778111632));
#426 = CARTESIAN_POINT('',(-886.6199967142,-356.9126401344,
    587.46520539043));
#427 = CARTESIAN_POINT('',(-886.6199967142,-358.8444917869,
    587.99194862022));
#428 = CARTESIAN_POINT('',(-886.6199967142,-358.3268536967,
    589.95778111632));
#429 = DEFINITIONAL_REPRESENTATION('',(#430),#434);
#430 = B_SPLINE_CURVE_WITH_KNOTS('',2,(#431,#432,#433),.UNSPECIFIED.,.F.
  ,.F.,(3,3),(0.,1.570796326795),.PIECEWISE_BEZIER_KNOTS.);
#431 = CARTESIAN_POINT('',(-1.301421847596E-15,3.14159265359));
#432 = CARTESIAN_POINT('',(2.457669088372E-15,3.926990816987));
#433 = CARTESIAN_POINT('',(-1.565619093539E-15,4.712388980385));
#434 = ( GEOMETRIC_REPRESENTATION_CONTEXT(2) 
PARAMETRIC_REPRESENTATION_CONTEXT() REPRESENTATION_CONTEXT('2D SPACE',''
  ) );
#435 = ORIENTED_EDGE('',*,*,#436,.T.);
#436 = EDGE_CURVE('',#404,#319,#437,.T.);
#437 = SURFACE_CURVE('',#438,(#441,#448),.PCURVE_S1.);
#438 = B_SPLINE_CURVE_WITH_KNOTS('',1,(#439,#440),.UNSPECIFIED.,.F.,.F.,
  (2,2),(-345.,115.),.PIECEWISE_BEZIER_KNOTS.);
#439 = CARTESIAN_POINT('',(-938.6199967142,-371.7854440421,
    538.84613621765));
#440 = CARTESIAN_POINT('',(-938.6199967142,-490.8422047892,
    86.704662113906));
#441 = PCURVE('',#334,#442);
#442 = DEFINITIONAL_REPRESENTATION('',(#443),#447);
#443 = B_SPLINE_CURVE_WITH_KNOTS('',2,(#444,#445,#446),.UNSPECIFIED.,.F.
  ,.F.,(3,3),(-345.,115.),.PIECEWISE_BEZIER_KNOTS.);
#444 = CARTESIAN_POINT('',(-0.785398163397,345.));
#445 = CARTESIAN_POINT('',(-0.785398163397,115.));
#446 = CARTESIAN_POINT('',(-0.785398163397,-115.));
#447 = ( GEOMETRIC_REPRESENTATION_CONTEXT(2) 
PARAMETRIC_REPRESENTATION_CONTEXT() REPRESENTATION_CONTEXT('2D SPACE',''
  ) );
#448 = PCURVE('',#135,#449);
#449 = DEFINITIONAL_REPRESENTATION('',(#450),#453);
#450 = B_SPLINE_CURVE_WITH_KNOTS('',1,(#451,#452),.UNSPECIFIED.,.F.,.F.,
  (2,2),(-345.,115.),.PIECEWISE_BEZIER_KNOTS.);
#451 = CARTESIAN_POINT('',(382.,230.));
#452 = CARTESIAN_POINT('',(382.,-230.));
#453 = ( GEOMETRIC_REPRESENTATION_CONTEXT(2) 
PARAMETRIC_REPRESENTATION_CONTEXT() REPRESENTATION_CONTEXT('2D SPACE',''
  ) );
#454 = ORIENTED_EDGE('',*,*,#316,.F.);
#455 = ORIENTED_EDGE('',*,*,#456,.T.);
#456 = EDGE_CURVE('',#317,#402,#457,.T.);
#457 = SURFACE_CURVE('',#458,(#461,#468),.PCURVE_S1.);
#458 = B_SPLINE_CURVE_WITH_KNOTS('',1,(#459,#460),.UNSPECIFIED.,.F.,.F.,
  (2,2),(-115.,345.),.PIECEWISE_BEZIER_KNOTS.);
#459 = CARTESIAN_POINT('',(-936.6199967142,-488.9103531366,
    86.177918884121));
#460 = CARTESIAN_POINT('',(-936.6199967142,-369.8535923895,
    538.31939298786));
#461 = PCURVE('',#334,#462);
#462 = DEFINITIONAL_REPRESENTATION('',(#463),#467);
#463 = B_SPLINE_CURVE_WITH_KNOTS('',2,(#464,#465,#466),.UNSPECIFIED.,.F.
  ,.F.,(3,3),(-115.,345.),.PIECEWISE_BEZIER_KNOTS.);
#464 = CARTESIAN_POINT('',(0.785398163397,-115.));
#465 = CARTESIAN_POINT('',(0.785398163397,115.));
#466 = CARTESIAN_POINT('',(0.785398163397,345.));
#467 = ( GEOMETRIC_REPRESENTATION_CONTEXT(2) 
PARAMETRIC_REPRESENTATION_CONTEXT() REPRESENTATION_CONTEXT('2D SPACE',''
  ) );
#468 = PCURVE('',#469,#474);
#469 = B_SPLINE_SURFACE_WITH_KNOTS('',1,1,(
    (#470,#471)
    ,(#472,#473
    )),.UNSPECIFIED.,.F.,.F.,.F.,(2,2),(2,2),(-2.84217094304E-14,460.),(
    2.,18.),.PIECEWISE_BEZIER_KNOTS.);
#470 = CARTESIAN_POINT('',(-936.6199967142,-473.455539916,
    81.963973045835));
#471 = CARTESIAN_POINT('',(-936.6199967142,-488.9103531366,
    86.17791888412));
#472 = CARTESIAN_POINT('',(-936.6199967142,-354.3987791689,
    534.10544714957));
#473 = CARTESIAN_POINT('',(-936.6199967142,-369.8535923895,
    538.31939298786));
#474 = DEFINITIONAL_REPRESENTATION('',(#475),#478);
#475 = B_SPLINE_CURVE_WITH_KNOTS('',1,(#476,#477),.UNSPECIFIED.,.F.,.F.,
  (2,2),(-115.,345.),.PIECEWISE_BEZIER_KNOTS.);
#476 = CARTESIAN_POINT('',(5.684341886081E-14,18.));
#477 = CARTESIAN_POINT('',(460.,18.));
#478 = ( GEOMETRIC_REPRESENTATION_CONTEXT(2) 
PARAMETRIC_REPRESENTATION_CONTEXT() REPRESENTATION_CONTEXT('2D SPACE',''
  ) );
#479 = ADVANCED_FACE('',(#480),#419,.T.);
#480 = FACE_BOUND('',#481,.T.);
#481 = EDGE_LOOP('',(#482,#514,#535,#536));
#482 = ORIENTED_EDGE('',*,*,#483,.T.);
#483 = EDGE_CURVE('',#484,#486,#488,.T.);
#484 = VERTEX_POINT('',#485);
#485 = CARTESIAN_POINT('',(-886.6199967142,-356.9126401344,
    587.46520539043));
#486 = VERTEX_POINT('',#487);
#487 = CARTESIAN_POINT('',(-886.6199967142,-358.3268536967,
    589.95778111632));
#488 = SURFACE_CURVE('',#489,(#493,#500),.PCURVE_S1.);
#489 = ( BOUNDED_CURVE() B_SPLINE_CURVE(2,(#490,#491,#492),
.UNSPECIFIED.,.F.,.F.) B_SPLINE_CURVE_WITH_KNOTS((3,3),(0.,
1.570796326795),.PIECEWISE_BEZIER_KNOTS.) CURVE() 
GEOMETRIC_REPRESENTATION_ITEM() RATIONAL_B_SPLINE_CURVE((1.,
0.707106781187,1.)) REPRESENTATION_ITEM('') );
#490 = CARTESIAN_POINT('',(-886.6199967142,-356.9126401344,
    587.46520539043));
#491 = CARTESIAN_POINT('',(-886.6199967142,-358.8444917869,
    587.99194862022));
#492 = CARTESIAN_POINT('',(-886.6199967142,-358.3268536967,
    589.95778111632));
#493 = PCURVE('',#419,#494);
#494 = DEFINITIONAL_REPRESENTATION('',(#495),#499);
#495 = B_SPLINE_CURVE_WITH_KNOTS('',2,(#496,#497,#498),.UNSPECIFIED.,.F.
  ,.F.,(3,3),(3.268220096847E-14,1.570796326795),
  .PIECEWISE_BEZIER_KNOTS.);
#496 = CARTESIAN_POINT('',(1.570796326795,3.14159265359));
#497 = CARTESIAN_POINT('',(1.570796326795,3.926990816987));
#498 = CARTESIAN_POINT('',(1.570796326795,4.712388980384));
#499 = ( GEOMETRIC_REPRESENTATION_CONTEXT(2) 
PARAMETRIC_REPRESENTATION_CONTEXT() REPRESENTATION_CONTEXT('2D SPACE',''
  ) );
#500 = PCURVE('',#501,#508);
#501 = ( BOUNDED_SURFACE() B_SPLINE_SURFACE(2,1,(
    (#502,#503)
    ,(#504,#505)
,(#506,#507
    )),.UNSPECIFIED.,.F.,.F.,.F.) B_SPLINE_SURFACE_WITH_KNOTS((3,3),(2,2
    ),(-0.785398163397,0.785398163398),(-165.,495.),
.PIECEWISE_BEZIER_KNOTS.) GEOMETRIC_REPRESENTATION_ITEM() 
RATIONAL_B_SPLINE_SURFACE((
    (1.,1.)
    ,(0.707106781187,0.707106781187)
,(1.,1.))) REPRESENTATION_ITEM('') SURFACE() );
#502 = CARTESIAN_POINT('',(-886.6199967142,-358.3268536967,
    589.95778111632));
#503 = CARTESIAN_POINT('',(-226.6199967142,-358.3268536967,
    589.95778111632));
#504 = CARTESIAN_POINT('',(-886.6199967142,-358.8444917869,
    587.99194862022));
#505 = CARTESIAN_POINT('',(-226.6199967142,-358.8444917869,
    587.99194862022));
#506 = CARTESIAN_POINT('',(-886.6199967142,-356.9126401344,
    587.46520539043));
#507 = CARTESIAN_POINT('',(-226.6199967142,-356.9126401344,
    587.46520539043));
#508 = DEFINITIONAL_REPRESENTATION('',(#509),#513);
#509 = B_SPLINE_CURVE_WITH_KNOTS('',2,(#510,#511,#512),.UNSPECIFIED.,.F.
  ,.F.,(3,3),(3.268220096847E-14,1.570796326795),
  .PIECEWISE_BEZIER_KNOTS.);
#510 = CARTESIAN_POINT('',(0.785398163397,-165.));
#511 = CARTESIAN_POINT('',(1.120427280366E-14,-165.));
#512 = CARTESIAN_POINT('',(-0.785398163397,-165.));
#513 = ( GEOMETRIC_REPRESENTATION_CONTEXT(2) 
PARAMETRIC_REPRESENTATION_CONTEXT() REPRESENTATION_CONTEXT('2D SPACE',''
  ) );
#514 = ORIENTED_EDGE('',*,*,#515,.T.);
#515 = EDGE_CURVE('',#486,#404,#516,.T.);
#516 = SURFACE_CURVE('',#517,(#521,#528),.PCURVE_S1.);
#517 = ( BOUNDED_CURVE() B_SPLINE_CURVE(2,(#518,#519,#520),
.UNSPECIFIED.,.F.,.F.) B_SPLINE_CURVE_WITH_KNOTS((3,3),(5.497787143782,
7.068583470577),.PIECEWISE_BEZIER_KNOTS.) CURVE() 
GEOMETRIC_REPRESENTATION_ITEM() RATIONAL_B_SPLINE_CURVE((1.,
0.707106781187,1.)) REPRESENTATION_ITEM('') );
#518 = CARTESIAN_POINT('',(-886.6199967142,-358.3268536967,
    589.95778111632));
#519 = CARTESIAN_POINT('',(-938.6199967142,-358.3268536967,
    589.95778111632));
#520 = CARTESIAN_POINT('',(-938.6199967142,-371.7854440421,
    538.84613621765));
#521 = PCURVE('',#419,#522);
#522 = DEFINITIONAL_REPRESENTATION('',(#523),#527);
#523 = B_SPLINE_CURVE_WITH_KNOTS('',2,(#524,#525,#526),.UNSPECIFIED.,.F.
  ,.F.,(3,3),(5.497787143782,7.068583470577),.PIECEWISE_BEZIER_KNOTS.);
#524 = CARTESIAN_POINT('',(1.570796326795,4.712388980384));
#525 = CARTESIAN_POINT('',(0.785398163397,4.712388980384));
#526 = CARTESIAN_POINT('',(-8.625006435481E-15,4.712388980385));
#527 = ( GEOMETRIC_REPRESENTATION_CONTEXT(2) 
PARAMETRIC_REPRESENTATION_CONTEXT() REPRESENTATION_CONTEXT('2D SPACE',''
  ) );
#528 = PCURVE('',#135,#529);
#529 = DEFINITIONAL_REPRESENTATION('',(#530),#534);
#530 = ( BOUNDED_CURVE() B_SPLINE_CURVE(2,(#531,#532,#533),
.UNSPECIFIED.,.F.,.F.) B_SPLINE_CURVE_WITH_KNOTS((3,3),(5.497787143782,
7.068583470577),.PIECEWISE_BEZIER_KNOTS.) CURVE() 
GEOMETRIC_REPRESENTATION_ITEM() RATIONAL_B_SPLINE_CURVE((1.,
0.707106781187,1.)) REPRESENTATION_ITEM('') );
#531 = CARTESIAN_POINT('',(330.,282.));
#532 = CARTESIAN_POINT('',(382.,282.));
#533 = CARTESIAN_POINT('',(382.,230.));
#534 = ( GEOMETRIC_REPRESENTATION_CONTEXT(2) 
PARAMETRIC_REPRESENTATION_CONTEXT() REPRESENTATION_CONTEXT('2D SPACE',''
  ) );
#535 = ORIENTED_EDGE('',*,*,#401,.F.);
#536 = ORIENTED_EDGE('',*,*,#537,.T.);
#537 = EDGE_CURVE('',#402,#484,#538,.T.);
#538 = SURFACE_CURVE('',#539,(#543,#550),.PCURVE_S1.);
#539 = ( BOUNDED_CURVE() B_SPLINE_CURVE(2,(#540,#541,#542),
.UNSPECIFIED.,.F.,.F.) B_SPLINE_CURVE_WITH_KNOTS((3,3),(5.497787143782,
7.068583470577),.PIECEWISE_BEZIER_KNOTS.) CURVE() 
GEOMETRIC_REPRESENTATION_ITEM() RATIONAL_B_SPLINE_CURVE((1.,
0.707106781187,1.)) REPRESENTATION_ITEM('') );
#540 = CARTESIAN_POINT('',(-936.6199967142,-369.8535923895,
    538.31939298786));
#541 = CARTESIAN_POINT('',(-936.6199967142,-356.9126401344,
    587.46520539043));
#542 = CARTESIAN_POINT('',(-886.6199967142,-356.9126401344,
    587.46520539043));
#543 = PCURVE('',#419,#544);
#544 = DEFINITIONAL_REPRESENTATION('',(#545),#549);
#545 = B_SPLINE_CURVE_WITH_KNOTS('',2,(#546,#547,#548),.UNSPECIFIED.,.F.
  ,.F.,(3,3),(5.497787143782,7.068583470577),.PIECEWISE_BEZIER_KNOTS.);
#546 = CARTESIAN_POINT('',(-1.301421847596E-15,3.14159265359));
#547 = CARTESIAN_POINT('',(0.785398163397,3.14159265359));
#548 = CARTESIAN_POINT('',(1.570796326795,3.14159265359));
#549 = ( GEOMETRIC_REPRESENTATION_CONTEXT(2) 
PARAMETRIC_REPRESENTATION_CONTEXT() REPRESENTATION_CONTEXT('2D SPACE',''
  ) );
#550 = PCURVE('',#551,#558);
#551 = ( BOUNDED_SURFACE() B_SPLINE_SURFACE(2,1,(
    (#552,#553)
    ,(#554,#555)
,(#556,#557
    )),.UNSPECIFIED.,.F.,.F.,.F.) B_SPLINE_SURFACE_WITH_KNOTS((3,3),(2,2
    ),(4.712388980385,6.28318530718),(2.,18.),.PIECEWISE_BEZIER_KNOTS.) 
GEOMETRIC_REPRESENTATION_ITEM() RATIONAL_B_SPLINE_SURFACE((
    (1.,1.)
    ,(0.707106781187,0.707106781187)
,(1.,1.))) REPRESENTATION_ITEM('') SURFACE() );
#552 = CARTESIAN_POINT('',(-886.6199967142,-341.4578269137,
    583.25125955215));
#553 = CARTESIAN_POINT('',(-886.6199967142,-356.9126401344,
    587.46520539043));
#554 = CARTESIAN_POINT('',(-936.6199967142,-341.4578269137,
    583.25125955215));
#555 = CARTESIAN_POINT('',(-936.6199967142,-356.9126401344,
    587.46520539043));
#556 = CARTESIAN_POINT('',(-936.6199967142,-354.3987791689,
    534.10544714957));
#557 = CARTESIAN_POINT('',(-936.6199967142,-369.8535923895,
    538.31939298786));
#558 = DEFINITIONAL_REPRESENTATION('',(#559),#563);
#559 = B_SPLINE_CURVE_WITH_KNOTS('',2,(#560,#561,#562),.UNSPECIFIED.,.F.
  ,.F.,(3,3),(5.497787143782,7.068583470577),.PIECEWISE_BEZIER_KNOTS.);
#560 = CARTESIAN_POINT('',(6.28318530718,18.));
#561 = CARTESIAN_POINT('',(5.497787143782,18.));
#562 = CARTESIAN_POINT('',(4.712388980385,18.));
#563 = ( GEOMETRIC_REPRESENTATION_CONTEXT(2) 
PARAMETRIC_REPRESENTATION_CONTEXT() REPRESENTATION_CONTEXT('2D SPACE',''
  ) );
#564 = ADVANCED_FACE('',(#565),#501,.T.);
#565 = FACE_BOUND('',#566,.T.);
#566 = EDGE_LOOP('',(#567,#592,#611,#612));
#567 = ORIENTED_EDGE('',*,*,#568,.T.);
#568 = EDGE_CURVE('',#569,#571,#573,.T.);
#569 = VERTEX_POINT('',#570);
#570 = CARTESIAN_POINT('',(-226.6199967142,-356.9126401344,
    587.46520539043));
#571 = VERTEX_POINT('',#572);
#572 = CARTESIAN_POINT('',(-226.6199967142,-358.3268536967,
    589.95778111632));
#573 = SURFACE_CURVE('',#574,(#578,#585),.PCURVE_S1.);
#574 = ( BOUNDED_CURVE() B_SPLINE_CURVE(2,(#575,#576,#577),
.UNSPECIFIED.,.F.,.F.) B_SPLINE_CURVE_WITH_KNOTS((3,3),(0.,
1.570796326795),.PIECEWISE_BEZIER_KNOTS.) CURVE() 
GEOMETRIC_REPRESENTATION_ITEM() RATIONAL_B_SPLINE_CURVE((1.,
0.707106781187,1.)) REPRESENTATION_ITEM('') );
#575 = CARTESIAN_POINT('',(-226.6199967142,-356.9126401344,
    587.46520539043));
#576 = CARTESIAN_POINT('',(-226.6199967142,-358.8444917869,
    587.99194862022));
#577 = CARTESIAN_POINT('',(-226.6199967142,-358.3268536967,
    589.95778111632));
#578 = PCURVE('',#501,#579);
#579 = DEFINITIONAL_REPRESENTATION('',(#580),#584);
#580 = B_SPLINE_CURVE_WITH_KNOTS('',2,(#581,#582,#583),.UNSPECIFIED.,.F.
  ,.F.,(3,3),(3.268220096847E-14,1.570796326795),
  .PIECEWISE_BEZIER_KNOTS.);
#581 = CARTESIAN_POINT('',(0.785398163397,495.));
#582 = CARTESIAN_POINT('',(1.191448900324E-13,495.));
#583 = CARTESIAN_POINT('',(-0.785398163397,495.));
#584 = ( GEOMETRIC_REPRESENTATION_CONTEXT(2) 
PARAMETRIC_REPRESENTATION_CONTEXT() REPRESENTATION_CONTEXT('2D SPACE',''
  ) );
#585 = PCURVE('',#46,#586);
#586 = DEFINITIONAL_REPRESENTATION('',(#587),#591);
#587 = B_SPLINE_CURVE_WITH_KNOTS('',2,(#588,#589,#590),.UNSPECIFIED.,.F.
  ,.F.,(3,3),(3.268220096847E-14,1.570796326795),
  .PIECEWISE_BEZIER_KNOTS.);
#588 = CARTESIAN_POINT('',(1.570796326795,3.141592653589));
#589 = CARTESIAN_POINT('',(1.570796326795,3.926990816987));
#590 = CARTESIAN_POINT('',(1.570796326795,4.712388980384));
#591 = ( GEOMETRIC_REPRESENTATION_CONTEXT(2) 
PARAMETRIC_REPRESENTATION_CONTEXT() REPRESENTATION_CONTEXT('2D SPACE',''
  ) );
#592 = ORIENTED_EDGE('',*,*,#593,.T.);
#593 = EDGE_CURVE('',#571,#486,#594,.T.);
#594 = SURFACE_CURVE('',#595,(#598,#605),.PCURVE_S1.);
#595 = B_SPLINE_CURVE_WITH_KNOTS('',1,(#596,#597),.UNSPECIFIED.,.F.,.F.,
  (2,2),(-495.,165.),.PIECEWISE_BEZIER_KNOTS.);
#596 = CARTESIAN_POINT('',(-226.6199967142,-358.3268536967,
    589.95778111632));
#597 = CARTESIAN_POINT('',(-886.6199967142,-358.3268536967,
    589.95778111632));
#598 = PCURVE('',#501,#599);
#599 = DEFINITIONAL_REPRESENTATION('',(#600),#604);
#600 = B_SPLINE_CURVE_WITH_KNOTS('',2,(#601,#602,#603),.UNSPECIFIED.,.F.
  ,.F.,(3,3),(-495.,165.),.PIECEWISE_BEZIER_KNOTS.);
#601 = CARTESIAN_POINT('',(-0.785398163397,495.));
#602 = CARTESIAN_POINT('',(-0.785398163397,165.));
#603 = CARTESIAN_POINT('',(-0.785398163397,-165.));
#604 = ( GEOMETRIC_REPRESENTATION_CONTEXT(2) 
PARAMETRIC_REPRESENTATION_CONTEXT() REPRESENTATION_CONTEXT('2D SPACE',''
  ) );
#605 = PCURVE('',#135,#606);
#606 = DEFINITIONAL_REPRESENTATION('',(#607),#610);
#607 = B_SPLINE_CURVE_WITH_KNOTS('',1,(#608,#609),.UNSPECIFIED.,.F.,.F.,
  (2,2),(-495.,165.),.PIECEWISE_BEZIER_KNOTS.);
#608 = CARTESIAN_POINT('',(-330.,282.));
#609 = CARTESIAN_POINT('',(330.,282.));
#610 = ( GEOMETRIC_REPRESENTATION_CONTEXT(2) 
PARAMETRIC_REPRESENTATION_CONTEXT() REPRESENTATION_CONTEXT('2D SPACE',''
  ) );
#611 = ORIENTED_EDGE('',*,*,#483,.F.);
#612 = ORIENTED_EDGE('',*,*,#613,.T.);
#613 = EDGE_CURVE('',#484,#569,#614,.T.);
#614 = SURFACE_CURVE('',#615,(#618,#625),.PCURVE_S1.);
#615 = B_SPLINE_CURVE_WITH_KNOTS('',1,(#616,#617),.UNSPECIFIED.,.F.,.F.,
  (2,2),(-165.,495.),.PIECEWISE_BEZIER_KNOTS.);
#616 = CARTESIAN_POINT('',(-886.6199967142,-356.9126401344,
    587.46520539043));
#617 = CARTESIAN_POINT('',(-226.6199967142,-356.9126401344,
    587.46520539043));
#618 = PCURVE('',#501,#619);
#619 = DEFINITIONAL_REPRESENTATION('',(#620),#624);
#620 = B_SPLINE_CURVE_WITH_KNOTS('',2,(#621,#622,#623),.UNSPECIFIED.,.F.
  ,.F.,(3,3),(-165.,495.),.PIECEWISE_BEZIER_KNOTS.);
#621 = CARTESIAN_POINT('',(0.785398163397,-165.));
#622 = CARTESIAN_POINT('',(0.785398163397,165.));
#623 = CARTESIAN_POINT('',(0.785398163397,495.));
#624 = ( GEOMETRIC_REPRESENTATION_CONTEXT(2) 
PARAMETRIC_REPRESENTATION_CONTEXT() REPRESENTATION_CONTEXT('2D SPACE',''
  ) );
#625 = PCURVE('',#626,#631);
#626 = B_SPLINE_SURFACE_WITH_KNOTS('',1,1,(
    (#627,#628)
    ,(#629,#630
    )),.UNSPECIFIED.,.F.,.F.,.F.,(2,2),(2,2),(-1.492056446516E-29,660.),
  (2.,18.),.PIECEWISE_BEZIER_KNOTS.);
#627 = CARTESIAN_POINT('',(-886.6199967142,-341.4578269137,
    583.25125955215));
#628 = CARTESIAN_POINT('',(-886.6199967142,-356.9126401344,
    587.46520539043));
#629 = CARTESIAN_POINT('',(-226.6199967142,-341.4578269137,
    583.25125955215));
#630 = CARTESIAN_POINT('',(-226.6199967142,-356.9126401344,
    587.46520539043));
#631 = DEFINITIONAL_REPRESENTATION('',(#632),#635);
#632 = B_SPLINE_CURVE_WITH_KNOTS('',1,(#633,#634),.UNSPECIFIED.,.F.,.F.,
  (2,2),(-165.,495.),.PIECEWISE_BEZIER_KNOTS.);
#633 = CARTESIAN_POINT('',(0.,18.));
#634 = CARTESIAN_POINT('',(660.,18.));
#635 = ( GEOMETRIC_REPRESENTATION_CONTEXT(2) 
PARAMETRIC_REPRESENTATION_CONTEXT() REPRESENTATION_CONTEXT('2D SPACE',''
  ) );
#636 = ADVANCED_FACE('',(#637),#46,.T.);
#637 = FACE_BOUND('',#638,.T.);
#638 = EDGE_LOOP('',(#639,#640,#661,#662));
#639 = ORIENTED_EDGE('',*,*,#21,.F.);
#640 = ORIENTED_EDGE('',*,*,#641,.T.);
#641 = EDGE_CURVE('',#22,#571,#642,.T.);
#642 = SURFACE_CURVE('',#643,(#647,#654),.PCURVE_S1.);
#643 = ( BOUNDED_CURVE() B_SPLINE_CURVE(2,(#644,#645,#646),
.UNSPECIFIED.,.F.,.F.) B_SPLINE_CURVE_WITH_KNOTS((3,3),(5.497787143782,
7.068583470577),.PIECEWISE_BEZIER_KNOTS.) CURVE() 
GEOMETRIC_REPRESENTATION_ITEM() RATIONAL_B_SPLINE_CURVE((1.,
0.707106781187,1.)) REPRESENTATION_ITEM('') );
#644 = CARTESIAN_POINT('',(-174.6199967142,-371.7854440421,
    538.84613621765));
#645 = CARTESIAN_POINT('',(-174.6199967142,-358.3268536967,
    589.95778111632));
#646 = CARTESIAN_POINT('',(-226.6199967142,-358.3268536967,
    589.95778111632));
#647 = PCURVE('',#46,#648);
#648 = DEFINITIONAL_REPRESENTATION('',(#649),#653);
#649 = B_SPLINE_CURVE_WITH_KNOTS('',2,(#650,#651,#652),.UNSPECIFIED.,.F.
  ,.F.,(3,3),(5.497787143782,7.068583470577),.PIECEWISE_BEZIER_KNOTS.);
#650 = CARTESIAN_POINT('',(3.14159265359,4.712388980385));
#651 = CARTESIAN_POINT('',(2.356194490192,4.712388980385));
#652 = CARTESIAN_POINT('',(1.570796326795,4.712388980385));
#653 = ( GEOMETRIC_REPRESENTATION_CONTEXT(2) 
PARAMETRIC_REPRESENTATION_CONTEXT() REPRESENTATION_CONTEXT('2D SPACE',''
  ) );
#654 = PCURVE('',#135,#655);
#655 = DEFINITIONAL_REPRESENTATION('',(#656),#660);
#656 = ( BOUNDED_CURVE() B_SPLINE_CURVE(2,(#657,#658,#659),
.UNSPECIFIED.,.F.,.F.) B_SPLINE_CURVE_WITH_KNOTS((3,3),(5.497787143782,
7.068583470577),.PIECEWISE_BEZIER_KNOTS.) CURVE() 
GEOMETRIC_REPRESENTATION_ITEM() RATIONAL_B_SPLINE_CURVE((1.,
0.707106781187,1.)) REPRESENTATION_ITEM('') );
#657 = CARTESIAN_POINT('',(-382.,230.));
#658 = CARTESIAN_POINT('',(-382.,282.));
#659 = CARTESIAN_POINT('',(-330.,282.));
#660 = ( GEOMETRIC_REPRESENTATION_CONTEXT(2) 
PARAMETRIC_REPRESENTATION_CONTEXT() REPRESENTATION_CONTEXT('2D SPACE',''
  ) );
#661 = ORIENTED_EDGE('',*,*,#568,.F.);
#662 = ORIENTED_EDGE('',*,*,#663,.T.);
#663 = EDGE_CURVE('',#569,#24,#664,.T.);
#664 = SURFACE_CURVE('',#665,(#669,#676),.PCURVE_S1.);
#665 = ( BOUNDED_CURVE() B_SPLINE_CURVE(2,(#666,#667,#668),
.UNSPECIFIED.,.F.,.F.) B_SPLINE_CURVE_WITH_KNOTS((3,3),(5.497787143782,
7.068583470577),.PIECEWISE_BEZIER_KNOTS.) CURVE() 
GEOMETRIC_REPRESENTATION_ITEM() RATIONAL_B_SPLINE_CURVE((1.,
0.707106781187,1.)) REPRESENTATION_ITEM('') );
#666 = CARTESIAN_POINT('',(-226.6199967142,-356.9126401344,
    587.46520539043));
#667 = CARTESIAN_POINT('',(-176.6199967142,-356.9126401344,
    587.46520539043));
#668 = CARTESIAN_POINT('',(-176.6199967142,-369.8535923895,
    538.31939298786));
#669 = PCURVE('',#46,#670);
#670 = DEFINITIONAL_REPRESENTATION('',(#671),#675);
#671 = B_SPLINE_CURVE_WITH_KNOTS('',2,(#672,#673,#674),.UNSPECIFIED.,.F.
  ,.F.,(3,3),(5.497787143782,7.068583470577),.PIECEWISE_BEZIER_KNOTS.);
#672 = CARTESIAN_POINT('',(1.570796326795,3.14159265359));
#673 = CARTESIAN_POINT('',(2.356194490192,3.14159265359));
#674 = CARTESIAN_POINT('',(3.14159265359,3.14159265359));
#675 = ( GEOMETRIC_REPRESENTATION_CONTEXT(2) 
PARAMETRIC_REPRESENTATION_CONTEXT() REPRESENTATION_CONTEXT('2D SPACE',''
  ) );
#676 = PCURVE('',#677,#684);
#677 = ( BOUNDED_SURFACE() B_SPLINE_SURFACE(2,1,(
    (#678,#679)
    ,(#680,#681)
,(#682,#683
    )),.UNSPECIFIED.,.F.,.F.,.F.) B_SPLINE_SURFACE_WITH_KNOTS((3,3),(2,2
    ),(4.712388980385,6.28318530718),(2.,18.000000000001),
.PIECEWISE_BEZIER_KNOTS.) GEOMETRIC_REPRESENTATION_ITEM() 
RATIONAL_B_SPLINE_SURFACE((
    (1.,1.)
    ,(0.707106781187,0.707106781187)
,(1.,1.))) REPRESENTATION_ITEM('') SURFACE() );
#678 = CARTESIAN_POINT('',(-176.6199967142,-354.3987791689,
    534.10544714957));
#679 = CARTESIAN_POINT('',(-176.6199967142,-369.8535923895,
    538.31939298786));
#680 = CARTESIAN_POINT('',(-176.6199967142,-341.4578269137,
    583.25125955215));
#681 = CARTESIAN_POINT('',(-176.6199967142,-356.9126401344,
    587.46520539043));
#682 = CARTESIAN_POINT('',(-226.6199967142,-341.4578269137,
    583.25125955215));
#683 = CARTESIAN_POINT('',(-226.6199967142,-356.9126401344,
    587.46520539043));
#684 = DEFINITIONAL_REPRESENTATION('',(#685),#689);
#685 = B_SPLINE_CURVE_WITH_KNOTS('',2,(#686,#687,#688),.UNSPECIFIED.,.F.
  ,.F.,(3,3),(5.497787143782,7.068583470577),.PIECEWISE_BEZIER_KNOTS.);
#686 = CARTESIAN_POINT('',(6.28318530718,18.000000000001));
#687 = CARTESIAN_POINT('',(5.497787143782,18.000000000001));
#688 = CARTESIAN_POINT('',(4.712388980385,18.000000000001));
#689 = ( GEOMETRIC_REPRESENTATION_CONTEXT(2) 
PARAMETRIC_REPRESENTATION_CONTEXT() REPRESENTATION_CONTEXT('2D SPACE',''
  ) );
#690 = ADVANCED_FACE('',(#691),#384,.F.);
#691 = FACE_BOUND('',#692,.F.);
#692 = EDGE_LOOP('',(#693,#714,#747,#766));
#693 = ORIENTED_EDGE('',*,*,#694,.F.);
#694 = EDGE_CURVE('',#695,#317,#697,.T.);
#695 = VERTEX_POINT('',#696);
#696 = CARTESIAN_POINT('',(-936.6199967142,-473.455539916,
    81.963973045835));
#697 = SURFACE_CURVE('',#698,(#701,#708),.PCURVE_S1.);
#698 = B_SPLINE_CURVE_WITH_KNOTS('',1,(#699,#700),.UNSPECIFIED.,.F.,.F.,
  (2,2),(2.,18.),.PIECEWISE_BEZIER_KNOTS.);
#699 = CARTESIAN_POINT('',(-936.6199967142,-473.455539916,
    81.963973045835));
#700 = CARTESIAN_POINT('',(-936.6199967142,-488.9103531366,
    86.17791888412));
#701 = PCURVE('',#384,#702);
#702 = DEFINITIONAL_REPRESENTATION('',(#703),#707);
#703 = B_SPLINE_CURVE_WITH_KNOTS('',2,(#704,#705,#706),.UNSPECIFIED.,.F.
  ,.F.,(3,3),(2.,18.),.PIECEWISE_BEZIER_KNOTS.);
#704 = CARTESIAN_POINT('',(4.712388980385,2.));
#705 = CARTESIAN_POINT('',(4.712388980385,10.));
#706 = CARTESIAN_POINT('',(4.712388980385,18.));
#707 = ( GEOMETRIC_REPRESENTATION_CONTEXT(2) 
PARAMETRIC_REPRESENTATION_CONTEXT() REPRESENTATION_CONTEXT('2D SPACE',''
  ) );
#708 = PCURVE('',#469,#709);
#709 = DEFINITIONAL_REPRESENTATION('',(#710),#713);
#710 = B_SPLINE_CURVE_WITH_KNOTS('',1,(#711,#712),.UNSPECIFIED.,.F.,.F.,
  (2,2),(2.,18.),.PIECEWISE_BEZIER_KNOTS.);
#711 = CARTESIAN_POINT('',(0.,2.));
#712 = CARTESIAN_POINT('',(-2.84217094304E-14,18.));
#713 = ( GEOMETRIC_REPRESENTATION_CONTEXT(2) 
PARAMETRIC_REPRESENTATION_CONTEXT() REPRESENTATION_CONTEXT('2D SPACE',''
  ) );
#714 = ORIENTED_EDGE('',*,*,#715,.T.);
#715 = EDGE_CURVE('',#695,#716,#718,.T.);
#716 = VERTEX_POINT('',#717);
#717 = CARTESIAN_POINT('',(-886.6199967142,-486.3964921711,
    32.818160643254));
#718 = SURFACE_CURVE('',#719,(#723,#730),.PCURVE_S1.);
#719 = ( BOUNDED_CURVE() B_SPLINE_CURVE(2,(#720,#721,#722),
.UNSPECIFIED.,.F.,.F.) B_SPLINE_CURVE_WITH_KNOTS((3,3),(5.497787143782,
7.068583470577),.PIECEWISE_BEZIER_KNOTS.) CURVE() 
GEOMETRIC_REPRESENTATION_ITEM() RATIONAL_B_SPLINE_CURVE((1.,
0.707106781187,1.)) REPRESENTATION_ITEM('') );
#720 = CARTESIAN_POINT('',(-936.6199967142,-473.455539916,
    81.963973045835));
#721 = CARTESIAN_POINT('',(-936.6199967142,-486.3964921711,
    32.818160643254));
#722 = CARTESIAN_POINT('',(-886.6199967142,-486.3964921711,
    32.818160643254));
#723 = PCURVE('',#384,#724);
#724 = DEFINITIONAL_REPRESENTATION('',(#725),#729);
#725 = B_SPLINE_CURVE_WITH_KNOTS('',2,(#726,#727,#728),.UNSPECIFIED.,.F.
  ,.F.,(3,3),(5.497787143782,7.068583470577),.PIECEWISE_BEZIER_KNOTS.);
#726 = CARTESIAN_POINT('',(4.712388980385,2.));
#727 = CARTESIAN_POINT('',(5.497787143782,2.));
#728 = CARTESIAN_POINT('',(6.28318530718,2.));
#729 = ( GEOMETRIC_REPRESENTATION_CONTEXT(2) 
PARAMETRIC_REPRESENTATION_CONTEXT() REPRESENTATION_CONTEXT('2D SPACE',''
  ) );
#730 = PCURVE('',#731,#741);
#731 = ( BOUNDED_SURFACE() B_SPLINE_SURFACE(2,2,(
    (#732,#733,#734)
    ,(#735,#736,#737)
    ,(#738,#739,#740
)),.UNSPECIFIED.,.F.,.F.,.F.) B_SPLINE_SURFACE_WITH_KNOTS((3,3),(3,3),(
    3.14159265359,4.712388980385),(3.14159265359,4.712388980385),
.PIECEWISE_BEZIER_KNOTS.) GEOMETRIC_REPRESENTATION_ITEM() 
RATIONAL_B_SPLINE_SURFACE((
    (1.,0.707106781187,1.)
    ,(0.707106781187,0.5,0.707106781187)
,(1.,0.707106781187,1.))) REPRESENTATION_ITEM('') SURFACE() );
#732 = CARTESIAN_POINT('',(-936.6199967142,-473.455539916,
    81.963973045835));
#733 = CARTESIAN_POINT('',(-936.6199967142,-471.5236882634,
    81.43722981605));
#734 = CARTESIAN_POINT('',(-938.6199967142,-471.5236882634,
    81.43722981605));
#735 = CARTESIAN_POINT('',(-936.6199967142,-486.3964921711,
    32.818160643254));
#736 = CARTESIAN_POINT('',(-936.6199967142,-484.4646405186,
    32.291417413469));
#737 = CARTESIAN_POINT('',(-938.6199967142,-484.9822786088,
    30.325584917365));
#738 = CARTESIAN_POINT('',(-886.6199967142,-486.3964921711,
    32.818160643254));
#739 = CARTESIAN_POINT('',(-886.6199967142,-484.4646405186,
    32.291417413469));
#740 = CARTESIAN_POINT('',(-886.6199967142,-484.9822786088,
    30.325584917365));
#741 = DEFINITIONAL_REPRESENTATION('',(#742),#746);
#742 = B_SPLINE_CURVE_WITH_KNOTS('',2,(#743,#744,#745),.UNSPECIFIED.,.F.
  ,.F.,(3,3),(5.497787143782,7.068583470577),.PIECEWISE_BEZIER_KNOTS.);
#743 = CARTESIAN_POINT('',(3.14159265359,3.14159265359));
#744 = CARTESIAN_POINT('',(3.926990816987,3.14159265359));
#745 = CARTESIAN_POINT('',(4.712388980385,3.14159265359));
#746 = ( GEOMETRIC_REPRESENTATION_CONTEXT(2) 
PARAMETRIC_REPRESENTATION_CONTEXT() REPRESENTATION_CONTEXT('2D SPACE',''
  ) );
#747 = ORIENTED_EDGE('',*,*,#748,.T.);
#748 = EDGE_CURVE('',#716,#235,#749,.T.);
#749 = SURFACE_CURVE('',#750,(#753,#760),.PCURVE_S1.);
#750 = B_SPLINE_CURVE_WITH_KNOTS('',1,(#751,#752),.UNSPECIFIED.,.F.,.F.,
  (2,2),(2.,18.),.PIECEWISE_BEZIER_KNOTS.);
#751 = CARTESIAN_POINT('',(-886.6199967142,-486.3964921711,
    32.818160643254));
#752 = CARTESIAN_POINT('',(-886.6199967142,-501.8513053918,
    37.03210648154));
#753 = PCURVE('',#384,#754);
#754 = DEFINITIONAL_REPRESENTATION('',(#755),#759);
#755 = B_SPLINE_CURVE_WITH_KNOTS('',2,(#756,#757,#758),.UNSPECIFIED.,.F.
  ,.F.,(3,3),(2.,18.),.PIECEWISE_BEZIER_KNOTS.);
#756 = CARTESIAN_POINT('',(6.28318530718,2.));
#757 = CARTESIAN_POINT('',(6.28318530718,10.));
#758 = CARTESIAN_POINT('',(6.28318530718,18.));
#759 = ( GEOMETRIC_REPRESENTATION_CONTEXT(2) 
PARAMETRIC_REPRESENTATION_CONTEXT() REPRESENTATION_CONTEXT('2D SPACE',''
  ) );
#760 = PCURVE('',#302,#761);
#761 = DEFINITIONAL_REPRESENTATION('',(#762),#765);
#762 = B_SPLINE_CURVE_WITH_KNOTS('',1,(#763,#764),.UNSPECIFIED.,.F.,.F.,
  (2,2),(2.,18.),.PIECEWISE_BEZIER_KNOTS.);
#763 = CARTESIAN_POINT('',(660.,2.));
#764 = CARTESIAN_POINT('',(660.,18.));
#765 = ( GEOMETRIC_REPRESENTATION_CONTEXT(2) 
PARAMETRIC_REPRESENTATION_CONTEXT() REPRESENTATION_CONTEXT('2D SPACE',''
  ) );
#766 = ORIENTED_EDGE('',*,*,#370,.T.);
#767 = ADVANCED_FACE('',(#768),#302,.T.);
#768 = FACE_BOUND('',#769,.T.);
#769 = EDGE_LOOP('',(#770,#771,#792,#818));
#770 = ORIENTED_EDGE('',*,*,#289,.F.);
#771 = ORIENTED_EDGE('',*,*,#772,.F.);
#772 = EDGE_CURVE('',#773,#150,#775,.T.);
#773 = VERTEX_POINT('',#774);
#774 = CARTESIAN_POINT('',(-226.6199967142,-486.3964921711,
    32.818160643254));
#775 = SURFACE_CURVE('',#776,(#779,#785),.PCURVE_S1.);
#776 = B_SPLINE_CURVE_WITH_KNOTS('',1,(#777,#778),.UNSPECIFIED.,.F.,.F.,
  (2,2),(2.,18.),.PIECEWISE_BEZIER_KNOTS.);
#777 = CARTESIAN_POINT('',(-226.6199967142,-486.3964921711,
    32.818160643254));
#778 = CARTESIAN_POINT('',(-226.6199967142,-501.8513053918,
    37.03210648154));
#779 = PCURVE('',#302,#780);
#780 = DEFINITIONAL_REPRESENTATION('',(#781),#784);
#781 = B_SPLINE_CURVE_WITH_KNOTS('',1,(#782,#783),.UNSPECIFIED.,.F.,.F.,
  (2,2),(2.,18.),.PIECEWISE_BEZIER_KNOTS.);
#782 = CARTESIAN_POINT('',(0.,2.));
#783 = CARTESIAN_POINT('',(0.,18.));
#784 = ( GEOMETRIC_REPRESENTATION_CONTEXT(2) 
PARAMETRIC_REPRESENTATION_CONTEXT() REPRESENTATION_CONTEXT('2D SPACE',''
  ) );
#785 = PCURVE('',#217,#786);
#786 = DEFINITIONAL_REPRESENTATION('',(#787),#791);
#787 = B_SPLINE_CURVE_WITH_KNOTS('',2,(#788,#789,#790),.UNSPECIFIED.,.F.
  ,.F.,(3,3),(2.,18.),.PIECEWISE_BEZIER_KNOTS.);
#788 = CARTESIAN_POINT('',(4.712388980385,2.));
#789 = CARTESIAN_POINT('',(4.712388980385,10.));
#790 = CARTESIAN_POINT('',(4.712388980385,18.));
#791 = ( GEOMETRIC_REPRESENTATION_CONTEXT(2) 
PARAMETRIC_REPRESENTATION_CONTEXT() REPRESENTATION_CONTEXT('2D SPACE',''
  ) );
#792 = ORIENTED_EDGE('',*,*,#793,.F.);
#793 = EDGE_CURVE('',#716,#773,#794,.T.);
#794 = SURFACE_CURVE('',#795,(#798,#804),.PCURVE_S1.);
#795 = B_SPLINE_CURVE_WITH_KNOTS('',1,(#796,#797),.UNSPECIFIED.,.F.,.F.,
  (2,2),(-495.,165.),.PIECEWISE_BEZIER_KNOTS.);
#796 = CARTESIAN_POINT('',(-886.6199967142,-486.3964921711,
    32.818160643254));
#797 = CARTESIAN_POINT('',(-226.6199967142,-486.3964921711,
    32.818160643254));
#798 = PCURVE('',#302,#799);
#799 = DEFINITIONAL_REPRESENTATION('',(#800),#803);
#800 = B_SPLINE_CURVE_WITH_KNOTS('',1,(#801,#802),.UNSPECIFIED.,.F.,.F.,
  (2,2),(-495.,165.),.PIECEWISE_BEZIER_KNOTS.);
#801 = CARTESIAN_POINT('',(660.,2.));
#802 = CARTESIAN_POINT('',(0.,2.));
#803 = ( GEOMETRIC_REPRESENTATION_CONTEXT(2) 
PARAMETRIC_REPRESENTATION_CONTEXT() REPRESENTATION_CONTEXT('2D SPACE',''
  ) );
#804 = PCURVE('',#805,#812);
#805 = ( BOUNDED_SURFACE() B_SPLINE_SURFACE(2,1,(
    (#806,#807)
    ,(#808,#809)
,(#810,#811
    )),.UNSPECIFIED.,.F.,.F.,.F.) B_SPLINE_SURFACE_WITH_KNOTS((3,3),(2,2
    ),(-0.785398163397,0.785398163397),(-495.,165.),
.PIECEWISE_BEZIER_KNOTS.) GEOMETRIC_REPRESENTATION_ITEM() 
RATIONAL_B_SPLINE_SURFACE((
    (1.,1.)
    ,(0.707106781187,0.707106781187)
,(1.,1.))) REPRESENTATION_ITEM('') SURFACE() );
#806 = CARTESIAN_POINT('',(-886.6199967142,-484.9822786088,
    30.325584917364));
#807 = CARTESIAN_POINT('',(-226.6199967142,-484.9822786088,
    30.325584917364));
#808 = CARTESIAN_POINT('',(-886.6199967142,-484.4646405186,
    32.291417413469));
#809 = CARTESIAN_POINT('',(-226.6199967142,-484.4646405186,
    32.291417413469));
#810 = CARTESIAN_POINT('',(-886.6199967142,-486.3964921711,
    32.818160643254));
#811 = CARTESIAN_POINT('',(-226.6199967142,-486.3964921711,
    32.818160643254));
#812 = DEFINITIONAL_REPRESENTATION('',(#813),#817);
#813 = B_SPLINE_CURVE_WITH_KNOTS('',2,(#814,#815,#816),.UNSPECIFIED.,.F.
  ,.F.,(3,3),(-495.,165.),.PIECEWISE_BEZIER_KNOTS.);
#814 = CARTESIAN_POINT('',(0.785398163397,-495.));
#815 = CARTESIAN_POINT('',(0.785398163397,-165.));
#816 = CARTESIAN_POINT('',(0.785398163397,165.));
#817 = ( GEOMETRIC_REPRESENTATION_CONTEXT(2) 
PARAMETRIC_REPRESENTATION_CONTEXT() REPRESENTATION_CONTEXT('2D SPACE',''
  ) );
#818 = ORIENTED_EDGE('',*,*,#748,.T.);
#819 = ADVANCED_FACE('',(#820),#217,.F.);
#820 = FACE_BOUND('',#821,.F.);
#821 = EDGE_LOOP('',(#822,#823,#856,#875));
#822 = ORIENTED_EDGE('',*,*,#772,.F.);
#823 = ORIENTED_EDGE('',*,*,#824,.T.);
#824 = EDGE_CURVE('',#773,#825,#827,.T.);
#825 = VERTEX_POINT('',#826);
#826 = CARTESIAN_POINT('',(-176.6199967142,-473.455539916,
    81.963973045836));
#827 = SURFACE_CURVE('',#828,(#832,#839),.PCURVE_S1.);
#828 = ( BOUNDED_CURVE() B_SPLINE_CURVE(2,(#829,#830,#831),
.UNSPECIFIED.,.F.,.F.) B_SPLINE_CURVE_WITH_KNOTS((3,3),(5.497787143782,
7.068583470577),.PIECEWISE_BEZIER_KNOTS.) CURVE() 
GEOMETRIC_REPRESENTATION_ITEM() RATIONAL_B_SPLINE_CURVE((1.,
0.707106781187,1.)) REPRESENTATION_ITEM('') );
#829 = CARTESIAN_POINT('',(-226.6199967142,-486.3964921711,
    32.818160643254));
#830 = CARTESIAN_POINT('',(-176.6199967142,-486.3964921711,
    32.818160643254));
#831 = CARTESIAN_POINT('',(-176.6199967142,-473.455539916,
    81.963973045836));
#832 = PCURVE('',#217,#833);
#833 = DEFINITIONAL_REPRESENTATION('',(#834),#838);
#834 = B_SPLINE_CURVE_WITH_KNOTS('',2,(#835,#836,#837),.UNSPECIFIED.,.F.
  ,.F.,(3,3),(5.497787143782,7.068583470577),.PIECEWISE_BEZIER_KNOTS.);
#835 = CARTESIAN_POINT('',(4.712388980385,2.));
#836 = CARTESIAN_POINT('',(5.497787143782,2.));
#837 = CARTESIAN_POINT('',(6.28318530718,2.));
#838 = ( GEOMETRIC_REPRESENTATION_CONTEXT(2) 
PARAMETRIC_REPRESENTATION_CONTEXT() REPRESENTATION_CONTEXT('2D SPACE',''
  ) );
#839 = PCURVE('',#840,#850);
#840 = ( BOUNDED_SURFACE() B_SPLINE_SURFACE(2,2,(
    (#841,#842,#843)
    ,(#844,#845,#846)
    ,(#847,#848,#849
)),.UNSPECIFIED.,.F.,.F.,.F.) B_SPLINE_SURFACE_WITH_KNOTS((3,3),(3,3),(
    4.712388980385,6.28318530718),(3.14159265359,4.712388980385),
.PIECEWISE_BEZIER_KNOTS.) GEOMETRIC_REPRESENTATION_ITEM() 
RATIONAL_B_SPLINE_SURFACE((
    (1.,0.707106781187,1.)
    ,(0.707106781187,0.5,0.707106781187)
,(1.,0.707106781187,1.))) REPRESENTATION_ITEM('') SURFACE() );
#841 = CARTESIAN_POINT('',(-226.6199967142,-486.3964921711,
    32.818160643254));
#842 = CARTESIAN_POINT('',(-226.6199967142,-484.4646405186,
    32.291417413469));
#843 = CARTESIAN_POINT('',(-226.6199967142,-484.9822786088,
    30.325584917365));
#844 = CARTESIAN_POINT('',(-176.6199967142,-486.3964921711,
    32.818160643254));
#845 = CARTESIAN_POINT('',(-176.6199967142,-484.4646405186,
    32.291417413468));
#846 = CARTESIAN_POINT('',(-174.6199967142,-484.9822786088,
    30.325584917364));
#847 = CARTESIAN_POINT('',(-176.6199967142,-473.455539916,
    81.963973045835));
#848 = CARTESIAN_POINT('',(-176.6199967142,-471.5236882634,
    81.437229816049));
#849 = CARTESIAN_POINT('',(-174.6199967142,-471.5236882634,
    81.437229816049));
#850 = DEFINITIONAL_REPRESENTATION('',(#851),#855);
#851 = B_SPLINE_CURVE_WITH_KNOTS('',2,(#852,#853,#854),.UNSPECIFIED.,.F.
  ,.F.,(3,3),(5.497787143782,7.068583470577),.PIECEWISE_BEZIER_KNOTS.);
#852 = CARTESIAN_POINT('',(4.712388980385,3.14159265359));
#853 = CARTESIAN_POINT('',(5.497787143782,3.14159265359));
#854 = CARTESIAN_POINT('',(6.28318530718,3.14159265359));
#855 = ( GEOMETRIC_REPRESENTATION_CONTEXT(2) 
PARAMETRIC_REPRESENTATION_CONTEXT() REPRESENTATION_CONTEXT('2D SPACE',''
  ) );
#856 = ORIENTED_EDGE('',*,*,#857,.T.);
#857 = EDGE_CURVE('',#825,#64,#858,.T.);
#858 = SURFACE_CURVE('',#859,(#862,#869),.PCURVE_S1.);
#859 = B_SPLINE_CURVE_WITH_KNOTS('',1,(#860,#861),.UNSPECIFIED.,.F.,.F.,
  (2,2),(2.,18.),.PIECEWISE_BEZIER_KNOTS.);
#860 = CARTESIAN_POINT('',(-176.6199967142,-473.455539916,
    81.963973045835));
#861 = CARTESIAN_POINT('',(-176.6199967142,-488.9103531366,
    86.177918884121));
#862 = PCURVE('',#217,#863);
#863 = DEFINITIONAL_REPRESENTATION('',(#864),#868);
#864 = B_SPLINE_CURVE_WITH_KNOTS('',2,(#865,#866,#867),.UNSPECIFIED.,.F.
  ,.F.,(3,3),(2.,18.),.PIECEWISE_BEZIER_KNOTS.);
#865 = CARTESIAN_POINT('',(6.28318530718,2.));
#866 = CARTESIAN_POINT('',(6.28318530718,10.));
#867 = CARTESIAN_POINT('',(6.28318530718,18.));
#868 = ( GEOMETRIC_REPRESENTATION_CONTEXT(2) 
PARAMETRIC_REPRESENTATION_CONTEXT() REPRESENTATION_CONTEXT('2D SPACE',''
  ) );
#869 = PCURVE('',#78,#870);
#870 = DEFINITIONAL_REPRESENTATION('',(#871),#874);
#871 = B_SPLINE_CURVE_WITH_KNOTS('',1,(#872,#873),.UNSPECIFIED.,.F.,.F.,
  (2,2),(2.,18.),.PIECEWISE_BEZIER_KNOTS.);
#872 = CARTESIAN_POINT('',(460.,2.));
#873 = CARTESIAN_POINT('',(460.,18.));
#874 = ( GEOMETRIC_REPRESENTATION_CONTEXT(2) 
PARAMETRIC_REPRESENTATION_CONTEXT() REPRESENTATION_CONTEXT('2D SPACE',''
  ) );
#875 = ORIENTED_EDGE('',*,*,#203,.T.);
#876 = ADVANCED_FACE('',(#877),#78,.T.);
#877 = FACE_BOUND('',#878,.T.);
#878 = EDGE_LOOP('',(#879,#880,#901,#927));
#879 = ORIENTED_EDGE('',*,*,#63,.F.);
#880 = ORIENTED_EDGE('',*,*,#881,.F.);
#881 = EDGE_CURVE('',#882,#24,#884,.T.);
#882 = VERTEX_POINT('',#883);
#883 = CARTESIAN_POINT('',(-176.6199967142,-354.3987791689,
    534.10544714957));
#884 = SURFACE_CURVE('',#885,(#888,#894),.PCURVE_S1.);
#885 = B_SPLINE_CURVE_WITH_KNOTS('',1,(#886,#887),.UNSPECIFIED.,.F.,.F.,
  (2,2),(2.,18.000000000001),.PIECEWISE_BEZIER_KNOTS.);
#886 = CARTESIAN_POINT('',(-176.6199967142,-354.3987791689,
    534.10544714957));
#887 = CARTESIAN_POINT('',(-176.6199967142,-369.8535923895,
    538.31939298786));
#888 = PCURVE('',#78,#889);
#889 = DEFINITIONAL_REPRESENTATION('',(#890),#893);
#890 = B_SPLINE_CURVE_WITH_KNOTS('',1,(#891,#892),.UNSPECIFIED.,.F.,.F.,
  (2,2),(2.,18.000000000001),.PIECEWISE_BEZIER_KNOTS.);
#891 = CARTESIAN_POINT('',(5.684341886081E-14,2.));
#892 = CARTESIAN_POINT('',(0.,18.000000000001));
#893 = ( GEOMETRIC_REPRESENTATION_CONTEXT(2) 
PARAMETRIC_REPRESENTATION_CONTEXT() REPRESENTATION_CONTEXT('2D SPACE',''
  ) );
#894 = PCURVE('',#677,#895);
#895 = DEFINITIONAL_REPRESENTATION('',(#896),#900);
#896 = B_SPLINE_CURVE_WITH_KNOTS('',2,(#897,#898,#899),.UNSPECIFIED.,.F.
  ,.F.,(3,3),(2.,18.000000000001),.PIECEWISE_BEZIER_KNOTS.);
#897 = CARTESIAN_POINT('',(4.712388980385,2.));
#898 = CARTESIAN_POINT('',(4.712388980385,10.));
#899 = CARTESIAN_POINT('',(4.712388980385,18.000000000001));
#900 = ( GEOMETRIC_REPRESENTATION_CONTEXT(2) 
PARAMETRIC_REPRESENTATION_CONTEXT() REPRESENTATION_CONTEXT('2D SPACE',''
  ) );
#901 = ORIENTED_EDGE('',*,*,#902,.F.);
#902 = EDGE_CURVE('',#825,#882,#903,.T.);
#903 = SURFACE_CURVE('',#904,(#907,#913),.PCURVE_S1.);
#904 = B_SPLINE_CURVE_WITH_KNOTS('',1,(#905,#906),.UNSPECIFIED.,.F.,.F.,
  (2,2),(-345.,115.),.PIECEWISE_BEZIER_KNOTS.);
#905 = CARTESIAN_POINT('',(-176.6199967142,-473.455539916,
    81.963973045835));
#906 = CARTESIAN_POINT('',(-176.6199967142,-354.3987791689,
    534.10544714957));
#907 = PCURVE('',#78,#908);
#908 = DEFINITIONAL_REPRESENTATION('',(#909),#912);
#909 = B_SPLINE_CURVE_WITH_KNOTS('',1,(#910,#911),.UNSPECIFIED.,.F.,.F.,
  (2,2),(-345.,115.),.PIECEWISE_BEZIER_KNOTS.);
#910 = CARTESIAN_POINT('',(460.,2.));
#911 = CARTESIAN_POINT('',(5.684341886081E-14,2.));
#912 = ( GEOMETRIC_REPRESENTATION_CONTEXT(2) 
PARAMETRIC_REPRESENTATION_CONTEXT() REPRESENTATION_CONTEXT('2D SPACE',''
  ) );
#913 = PCURVE('',#914,#921);
#914 = ( BOUNDED_SURFACE() B_SPLINE_SURFACE(2,1,(
    (#915,#916)
    ,(#917,#918)
,(#919,#920
    )),.UNSPECIFIED.,.F.,.F.,.F.) B_SPLINE_SURFACE_WITH_KNOTS((3,3),(2,2
    ),(-0.785398163397,0.785398163398),(-345.,115.),
.PIECEWISE_BEZIER_KNOTS.) GEOMETRIC_REPRESENTATION_ITEM() 
RATIONAL_B_SPLINE_SURFACE((
    (1.,1.)
    ,(0.707106781186,0.707106781186)
,(1.,1.))) REPRESENTATION_ITEM('') SURFACE() );
#915 = CARTESIAN_POINT('',(-174.6199967142,-471.5236882634,
    81.43722981605));
#916 = CARTESIAN_POINT('',(-174.6199967142,-352.4669275163,
    533.57870391979));
#917 = CARTESIAN_POINT('',(-176.6199967142,-471.5236882634,
    81.43722981605));
#918 = CARTESIAN_POINT('',(-176.6199967142,-352.4669275163,
    533.57870391979));
#919 = CARTESIAN_POINT('',(-176.6199967142,-473.455539916,
    81.963973045836));
#920 = CARTESIAN_POINT('',(-176.6199967142,-354.3987791689,
    534.10544714957));
#921 = DEFINITIONAL_REPRESENTATION('',(#922),#926);
#922 = B_SPLINE_CURVE_WITH_KNOTS('',2,(#923,#924,#925),.UNSPECIFIED.,.F.
  ,.F.,(3,3),(-345.,115.),.PIECEWISE_BEZIER_KNOTS.);
#923 = CARTESIAN_POINT('',(0.785398163397,-345.));
#924 = CARTESIAN_POINT('',(0.785398163397,-115.));
#925 = CARTESIAN_POINT('',(0.785398163397,115.));
#926 = ( GEOMETRIC_REPRESENTATION_CONTEXT(2) 
PARAMETRIC_REPRESENTATION_CONTEXT() REPRESENTATION_CONTEXT('2D SPACE',''
  ) );
#927 = ORIENTED_EDGE('',*,*,#857,.T.);
#928 = ADVANCED_FACE('',(#929,#1175),#135,.F.);
#929 = FACE_BOUND('',#930,.T.);
#930 = EDGE_LOOP('',(#931,#961,#994,#1022,#1055,#1083,#1116,#1144));
#931 = ORIENTED_EDGE('',*,*,#932,.F.);
#932 = EDGE_CURVE('',#933,#935,#937,.T.);
#933 = VERTEX_POINT('',#934);
#934 = CARTESIAN_POINT('',(-947.6199967142,-490.8422047892,
    86.704662113906));
#935 = VERTEX_POINT('',#936);
#936 = CARTESIAN_POINT('',(-947.6199967142,-371.7854440421,
    538.84613621765));
#937 = SURFACE_CURVE('',#938,(#941,#947),.PCURVE_S1.);
#938 = B_SPLINE_CURVE_WITH_KNOTS('',1,(#939,#940),.UNSPECIFIED.,.F.,.F.,
  (2,2),(-345.,115.),.PIECEWISE_BEZIER_KNOTS.);
#939 = CARTESIAN_POINT('',(-947.6199967142,-490.8422047892,
    86.704662113907));
#940 = CARTESIAN_POINT('',(-947.6199967142,-371.7854440421,
    538.84613621765));
#941 = PCURVE('',#135,#942);
#942 = DEFINITIONAL_REPRESENTATION('',(#943),#946);
#943 = B_SPLINE_CURVE_WITH_KNOTS('',1,(#944,#945),.UNSPECIFIED.,.F.,.F.,
  (2,2),(-345.,115.),.PIECEWISE_BEZIER_KNOTS.);
#944 = CARTESIAN_POINT('',(391.,-230.));
#945 = CARTESIAN_POINT('',(391.,230.));
#946 = ( GEOMETRIC_REPRESENTATION_CONTEXT(2) 
PARAMETRIC_REPRESENTATION_CONTEXT() REPRESENTATION_CONTEXT('2D SPACE',''
  ) );
#947 = PCURVE('',#948,#955);
#948 = ( BOUNDED_SURFACE() B_SPLINE_SURFACE(2,1,(
    (#949,#950)
    ,(#951,#952)
,(#953,#954
    )),.UNSPECIFIED.,.F.,.F.,.F.) B_SPLINE_SURFACE_WITH_KNOTS((3,3),(2,2
    ),(-0.785398163397,0.785398163398),(-115.,345.),
.PIECEWISE_BEZIER_KNOTS.) GEOMETRIC_REPRESENTATION_ITEM() 
RATIONAL_B_SPLINE_SURFACE((
    (1.,1.)
    ,(0.707106781187,0.707106781187)
,(1.,1.))) REPRESENTATION_ITEM('') SURFACE() );
#949 = CARTESIAN_POINT('',(-947.6199967142,-371.7854440421,
    538.84613621765));
#950 = CARTESIAN_POINT('',(-947.6199967142,-490.8422047892,
    86.704662113906));
#951 = CARTESIAN_POINT('',(-949.6199967142,-371.7854440421,
    538.84613621765));
#952 = CARTESIAN_POINT('',(-949.6199967142,-490.8422047892,
    86.704662113906));
#953 = CARTESIAN_POINT('',(-949.6199967142,-369.8535923895,
    538.31939298786));
#954 = CARTESIAN_POINT('',(-949.6199967142,-488.9103531366,
    86.17791888412));
#955 = DEFINITIONAL_REPRESENTATION('',(#956),#960);
#956 = B_SPLINE_CURVE_WITH_KNOTS('',2,(#957,#958,#959),.UNSPECIFIED.,.F.
  ,.F.,(3,3),(-345.,115.),.PIECEWISE_BEZIER_KNOTS.);
#957 = CARTESIAN_POINT('',(-0.785398163397,345.));
#958 = CARTESIAN_POINT('',(-0.785398163397,115.));
#959 = CARTESIAN_POINT('',(-0.785398163397,-115.));
#960 = ( GEOMETRIC_REPRESENTATION_CONTEXT(2) 
PARAMETRIC_REPRESENTATION_CONTEXT() REPRESENTATION_CONTEXT('2D SPACE',''
  ) );
#961 = ORIENTED_EDGE('',*,*,#962,.F.);
#962 = EDGE_CURVE('',#963,#933,#965,.T.);
#963 = VERTEX_POINT('',#964);
#964 = CARTESIAN_POINT('',(-886.6199967142,-506.6301665405,
    26.746770982758));
#965 = SURFACE_CURVE('',#966,(#970,#977),.PCURVE_S1.);
#966 = ( BOUNDED_CURVE() B_SPLINE_CURVE(2,(#967,#968,#969),
.UNSPECIFIED.,.F.,.F.) B_SPLINE_CURVE_WITH_KNOTS((3,3),(5.497787143782,
7.068583470577),.PIECEWISE_BEZIER_KNOTS.) CURVE() 
GEOMETRIC_REPRESENTATION_ITEM() RATIONAL_B_SPLINE_CURVE((1.,
0.707106781187,1.)) REPRESENTATION_ITEM('') );
#967 = CARTESIAN_POINT('',(-886.6199967142,-506.6301665405,
    26.746770982758));
#968 = CARTESIAN_POINT('',(-947.6199967142,-506.6301665405,
    26.746770982758));
#969 = CARTESIAN_POINT('',(-947.6199967142,-490.8422047892,
    86.704662113906));
#970 = PCURVE('',#135,#971);
#971 = DEFINITIONAL_REPRESENTATION('',(#972),#976);
#972 = ( BOUNDED_CURVE() B_SPLINE_CURVE(2,(#973,#974,#975),
.UNSPECIFIED.,.F.,.F.) B_SPLINE_CURVE_WITH_KNOTS((3,3),(5.497787143782,
7.068583470577),.PIECEWISE_BEZIER_KNOTS.) CURVE() 
GEOMETRIC_REPRESENTATION_ITEM() RATIONAL_B_SPLINE_CURVE((1.,
0.707106781187,1.)) REPRESENTATION_ITEM('') );
#973 = CARTESIAN_POINT('',(330.,-291.));
#974 = CARTESIAN_POINT('',(391.,-291.));
#975 = CARTESIAN_POINT('',(391.,-230.));
#976 = ( GEOMETRIC_REPRESENTATION_CONTEXT(2) 
PARAMETRIC_REPRESENTATION_CONTEXT() REPRESENTATION_CONTEXT('2D SPACE',''
  ) );
#977 = PCURVE('',#978,#988);
#978 = ( BOUNDED_SURFACE() B_SPLINE_SURFACE(2,2,(
    (#979,#980,#981)
    ,(#982,#983,#984)
    ,(#985,#986,#987
)),.UNSPECIFIED.,.F.,.F.,.F.) B_SPLINE_SURFACE_WITH_KNOTS((3,3),(3,3),(
    3.14159265359,4.712388980385),(0.,1.570796326795),
.PIECEWISE_BEZIER_KNOTS.) GEOMETRIC_REPRESENTATION_ITEM() 
RATIONAL_B_SPLINE_SURFACE((
    (1.,0.707106781187,1.)
    ,(0.707106781187,0.5,0.707106781187)
,(1.,0.707106781187,1.))) REPRESENTATION_ITEM('') SURFACE() );
#979 = CARTESIAN_POINT('',(-949.6199967142,-488.9103531366,
    86.177918884121));
#980 = CARTESIAN_POINT('',(-949.6199967142,-490.8422047892,
    86.704662113906));
#981 = CARTESIAN_POINT('',(-947.6199967142,-490.8422047892,
    86.704662113906));
#982 = CARTESIAN_POINT('',(-949.6199967142,-505.2159529781,
    24.254195256869));
#983 = CARTESIAN_POINT('',(-949.6199967142,-507.1478046307,
    24.780938486654));
#984 = CARTESIAN_POINT('',(-947.6199967142,-506.6301665405,
    26.746770982758));
#985 = CARTESIAN_POINT('',(-886.6199967142,-505.2159529781,
    24.254195256869));
#986 = CARTESIAN_POINT('',(-886.6199967142,-507.1478046307,
    24.780938486654));
#987 = CARTESIAN_POINT('',(-886.6199967142,-506.6301665405,
    26.746770982758));
#988 = DEFINITIONAL_REPRESENTATION('',(#989),#993);
#989 = B_SPLINE_CURVE_WITH_KNOTS('',2,(#990,#991,#992),.UNSPECIFIED.,.F.
  ,.F.,(3,3),(5.497787143782,7.068583470577),.PIECEWISE_BEZIER_KNOTS.);
#990 = CARTESIAN_POINT('',(4.712388980385,1.570796326795));
#991 = CARTESIAN_POINT('',(3.926990816987,1.570796326795));
#992 = CARTESIAN_POINT('',(3.14159265359,1.570796326795));
#993 = ( GEOMETRIC_REPRESENTATION_CONTEXT(2) 
PARAMETRIC_REPRESENTATION_CONTEXT() REPRESENTATION_CONTEXT('2D SPACE',''
  ) );
#994 = ORIENTED_EDGE('',*,*,#995,.F.);
#995 = EDGE_CURVE('',#996,#963,#998,.T.);
#996 = VERTEX_POINT('',#997);
#997 = CARTESIAN_POINT('',(-226.6199967142,-506.6301665405,
    26.746770982758));
#998 = SURFACE_CURVE('',#999,(#1002,#1008),.PCURVE_S1.);
#999 = B_SPLINE_CURVE_WITH_KNOTS('',1,(#1000,#1001),.UNSPECIFIED.,.F.,
  .F.,(2,2),(-495.,165.),.PIECEWISE_BEZIER_KNOTS.);
#1000 = CARTESIAN_POINT('',(-226.6199967142,-506.6301665405,
    26.746770982758));
#1001 = CARTESIAN_POINT('',(-886.6199967142,-506.6301665405,
    26.746770982758));
#1002 = PCURVE('',#135,#1003);
#1003 = DEFINITIONAL_REPRESENTATION('',(#1004),#1007);
#1004 = B_SPLINE_CURVE_WITH_KNOTS('',1,(#1005,#1006),.UNSPECIFIED.,.F.,
  .F.,(2,2),(-495.,165.),.PIECEWISE_BEZIER_KNOTS.);
#1005 = CARTESIAN_POINT('',(-330.,-291.));
#1006 = CARTESIAN_POINT('',(330.,-291.));
#1007 = ( GEOMETRIC_REPRESENTATION_CONTEXT(2) 
PARAMETRIC_REPRESENTATION_CONTEXT() REPRESENTATION_CONTEXT('2D SPACE',''
  ) );
#1008 = PCURVE('',#1009,#1016);
#1009 = ( BOUNDED_SURFACE() B_SPLINE_SURFACE(2,1,(
    (#1010,#1011)
    ,(#1012,#1013)
    ,(#1014,#1015
)),.UNSPECIFIED.,.F.,.F.,.F.) B_SPLINE_SURFACE_WITH_KNOTS((3,3),(2,2),(
    -0.785398163397,0.785398163398),(-165.,495.),
.PIECEWISE_BEZIER_KNOTS.) GEOMETRIC_REPRESENTATION_ITEM() 
RATIONAL_B_SPLINE_SURFACE((
    (1.,1.)
    ,(0.707106781187,0.707106781187)
,(1.,1.))) REPRESENTATION_ITEM('') SURFACE() );
#1010 = CARTESIAN_POINT('',(-886.6199967142,-506.6301665405,
    26.746770982758));
#1011 = CARTESIAN_POINT('',(-226.6199967142,-506.6301665405,
    26.746770982758));
#1012 = CARTESIAN_POINT('',(-886.6199967142,-507.1478046307,
    24.780938486654));
#1013 = CARTESIAN_POINT('',(-226.6199967142,-507.1478046307,
    24.780938486654));
#1014 = CARTESIAN_POINT('',(-886.6199967142,-505.2159529781,
    24.254195256869));
#1015 = CARTESIAN_POINT('',(-226.6199967142,-505.2159529781,
    24.254195256869));
#1016 = DEFINITIONAL_REPRESENTATION('',(#1017),#1021);
#1017 = B_SPLINE_CURVE_WITH_KNOTS('',2,(#1018,#1019,#1020),
  .UNSPECIFIED.,.F.,.F.,(3,3),(-495.,165.),.PIECEWISE_BEZIER_KNOTS.);
#1018 = CARTESIAN_POINT('',(-0.785398163397,495.));
#1019 = CARTESIAN_POINT('',(-0.785398163397,165.));
#1020 = CARTESIAN_POINT('',(-0.785398163397,-165.));
#1021 = ( GEOMETRIC_REPRESENTATION_CONTEXT(2) 
PARAMETRIC_REPRESENTATION_CONTEXT() REPRESENTATION_CONTEXT('2D SPACE',''
  ) );
#1022 = ORIENTED_EDGE('',*,*,#1023,.F.);
#1023 = EDGE_CURVE('',#1024,#996,#1026,.T.);
#1024 = VERTEX_POINT('',#1025);
#1025 = CARTESIAN_POINT('',(-165.6199967142,-490.8422047892,
    86.704662113906));
#1026 = SURFACE_CURVE('',#1027,(#1031,#1038),.PCURVE_S1.);
#1027 = ( BOUNDED_CURVE() B_SPLINE_CURVE(2,(#1028,#1029,#1030),
.UNSPECIFIED.,.F.,.F.) B_SPLINE_CURVE_WITH_KNOTS((3,3),(5.497787143782,
7.068583470577),.PIECEWISE_BEZIER_KNOTS.) CURVE() 
GEOMETRIC_REPRESENTATION_ITEM() RATIONAL_B_SPLINE_CURVE((1.,
0.707106781187,1.)) REPRESENTATION_ITEM('') );
#1028 = CARTESIAN_POINT('',(-165.6199967142,-490.8422047892,
    86.704662113906));
#1029 = CARTESIAN_POINT('',(-165.6199967142,-506.6301665405,
    26.746770982758));
#1030 = CARTESIAN_POINT('',(-226.6199967142,-506.6301665405,
    26.746770982758));
#1031 = PCURVE('',#135,#1032);
#1032 = DEFINITIONAL_REPRESENTATION('',(#1033),#1037);
#1033 = ( BOUNDED_CURVE() B_SPLINE_CURVE(2,(#1034,#1035,#1036),
.UNSPECIFIED.,.F.,.F.) B_SPLINE_CURVE_WITH_KNOTS((3,3),(5.497787143782,
7.068583470577),.PIECEWISE_BEZIER_KNOTS.) CURVE() 
GEOMETRIC_REPRESENTATION_ITEM() RATIONAL_B_SPLINE_CURVE((1.,
0.707106781187,1.)) REPRESENTATION_ITEM('') );
#1034 = CARTESIAN_POINT('',(-391.,-230.));
#1035 = CARTESIAN_POINT('',(-391.,-291.));
#1036 = CARTESIAN_POINT('',(-330.,-291.));
#1037 = ( GEOMETRIC_REPRESENTATION_CONTEXT(2) 
PARAMETRIC_REPRESENTATION_CONTEXT() REPRESENTATION_CONTEXT('2D SPACE',''
  ) );
#1038 = PCURVE('',#1039,#1049);
#1039 = ( BOUNDED_SURFACE() B_SPLINE_SURFACE(2,2,(
    (#1040,#1041,#1042)
    ,(#1043,#1044,#1045)
    ,(#1046,#1047,#1048
)),.UNSPECIFIED.,.F.,.F.,.F.) B_SPLINE_SURFACE_WITH_KNOTS((3,3),(3,3),(
    4.712388980385,6.28318530718),(0.,1.570796326795),
.PIECEWISE_BEZIER_KNOTS.) GEOMETRIC_REPRESENTATION_ITEM() 
RATIONAL_B_SPLINE_SURFACE((
    (1.,0.707106781187,1.)
    ,(0.707106781187,0.5,0.707106781187)
,(1.,0.707106781187,1.))) REPRESENTATION_ITEM('') SURFACE() );
#1040 = CARTESIAN_POINT('',(-226.6199967142,-505.2159529781,
    24.254195256869));
#1041 = CARTESIAN_POINT('',(-226.6199967142,-507.1478046307,
    24.780938486654));
#1042 = CARTESIAN_POINT('',(-226.6199967142,-506.6301665405,
    26.746770982758));
#1043 = CARTESIAN_POINT('',(-163.6199967142,-505.2159529781,
    24.254195256869));
#1044 = CARTESIAN_POINT('',(-163.6199967142,-507.1478046307,
    24.780938486654));
#1045 = CARTESIAN_POINT('',(-165.6199967142,-506.6301665405,
    26.746770982758));
#1046 = CARTESIAN_POINT('',(-163.6199967142,-488.9103531366,
    86.17791888412));
#1047 = CARTESIAN_POINT('',(-163.6199967142,-490.8422047892,
    86.704662113906));
#1048 = CARTESIAN_POINT('',(-165.6199967142,-490.8422047892,
    86.704662113906));
#1049 = DEFINITIONAL_REPRESENTATION('',(#1050),#1054);
#1050 = B_SPLINE_CURVE_WITH_KNOTS('',2,(#1051,#1052,#1053),
  .UNSPECIFIED.,.F.,.F.,(3,3),(5.497787143782,7.068583470577),
  .PIECEWISE_BEZIER_KNOTS.);
#1051 = CARTESIAN_POINT('',(6.28318530718,1.570796326795));
#1052 = CARTESIAN_POINT('',(5.497787143782,1.570796326795));
#1053 = CARTESIAN_POINT('',(4.712388980385,1.570796326795));
#1054 = ( GEOMETRIC_REPRESENTATION_CONTEXT(2) 
PARAMETRIC_REPRESENTATION_CONTEXT() REPRESENTATION_CONTEXT('2D SPACE',''
  ) );
#1055 = ORIENTED_EDGE('',*,*,#1056,.F.);
#1056 = EDGE_CURVE('',#1057,#1024,#1059,.T.);
#1057 = VERTEX_POINT('',#1058);
#1058 = CARTESIAN_POINT('',(-165.6199967142,-371.7854440421,
    538.84613621765));
#1059 = SURFACE_CURVE('',#1060,(#1063,#1069),.PCURVE_S1.);
#1060 = B_SPLINE_CURVE_WITH_KNOTS('',1,(#1061,#1062),.UNSPECIFIED.,.F.,
  .F.,(2,2),(-345.,115.),.PIECEWISE_BEZIER_KNOTS.);
#1061 = CARTESIAN_POINT('',(-165.6199967142,-371.7854440421,
    538.84613621765));
#1062 = CARTESIAN_POINT('',(-165.6199967142,-490.8422047892,
    86.704662113906));
#1063 = PCURVE('',#135,#1064);
#1064 = DEFINITIONAL_REPRESENTATION('',(#1065),#1068);
#1065 = B_SPLINE_CURVE_WITH_KNOTS('',1,(#1066,#1067),.UNSPECIFIED.,.F.,
  .F.,(2,2),(-345.,115.),.PIECEWISE_BEZIER_KNOTS.);
#1066 = CARTESIAN_POINT('',(-391.,230.));
#1067 = CARTESIAN_POINT('',(-391.,-230.));
#1068 = ( GEOMETRIC_REPRESENTATION_CONTEXT(2) 
PARAMETRIC_REPRESENTATION_CONTEXT() REPRESENTATION_CONTEXT('2D SPACE',''
  ) );
#1069 = PCURVE('',#1070,#1077);
#1070 = ( BOUNDED_SURFACE() B_SPLINE_SURFACE(2,1,(
    (#1071,#1072)
    ,(#1073,#1074)
    ,(#1075,#1076
)),.UNSPECIFIED.,.F.,.F.,.F.) B_SPLINE_SURFACE_WITH_KNOTS((3,3),(2,2),(
    -0.785398163398,0.785398163397),(-115.,345.),
.PIECEWISE_BEZIER_KNOTS.) GEOMETRIC_REPRESENTATION_ITEM() 
RATIONAL_B_SPLINE_SURFACE((
    (1.,1.)
    ,(0.707106781186,0.707106781186)
,(1.,1.))) REPRESENTATION_ITEM('') SURFACE() );
#1071 = CARTESIAN_POINT('',(-165.6199967142,-490.8422047892,
    86.704662113906));
#1072 = CARTESIAN_POINT('',(-165.6199967142,-371.7854440421,
    538.84613621765));
#1073 = CARTESIAN_POINT('',(-163.6199967142,-490.8422047892,
    86.704662113907));
#1074 = CARTESIAN_POINT('',(-163.6199967142,-371.7854440421,
    538.84613621765));
#1075 = CARTESIAN_POINT('',(-163.6199967142,-488.9103531366,
    86.177918884121));
#1076 = CARTESIAN_POINT('',(-163.6199967142,-369.8535923895,
    538.31939298786));
#1077 = DEFINITIONAL_REPRESENTATION('',(#1078),#1082);
#1078 = B_SPLINE_CURVE_WITH_KNOTS('',2,(#1079,#1080,#1081),
  .UNSPECIFIED.,.F.,.F.,(3,3),(-345.,115.),.PIECEWISE_BEZIER_KNOTS.);
#1079 = CARTESIAN_POINT('',(-0.785398163397,345.));
#1080 = CARTESIAN_POINT('',(-0.785398163397,115.));
#1081 = CARTESIAN_POINT('',(-0.785398163397,-115.));
#1082 = ( GEOMETRIC_REPRESENTATION_CONTEXT(2) 
PARAMETRIC_REPRESENTATION_CONTEXT() REPRESENTATION_CONTEXT('2D SPACE',''
  ) );
#1083 = ORIENTED_EDGE('',*,*,#1084,.F.);
#1084 = EDGE_CURVE('',#1085,#1057,#1087,.T.);
#1085 = VERTEX_POINT('',#1086);
#1086 = CARTESIAN_POINT('',(-226.6199967142,-355.9974822908,
    598.80402734879));
#1087 = SURFACE_CURVE('',#1088,(#1092,#1099),.PCURVE_S1.);
#1088 = ( BOUNDED_CURVE() B_SPLINE_CURVE(2,(#1089,#1090,#1091),
.UNSPECIFIED.,.F.,.F.) B_SPLINE_CURVE_WITH_KNOTS((3,3),(5.497787143782,
7.068583470577),.PIECEWISE_BEZIER_KNOTS.) CURVE() 
GEOMETRIC_REPRESENTATION_ITEM() RATIONAL_B_SPLINE_CURVE((1.,
0.707106781187,1.)) REPRESENTATION_ITEM('') );
#1089 = CARTESIAN_POINT('',(-226.6199967142,-355.9974822908,
    598.80402734879));
#1090 = CARTESIAN_POINT('',(-165.6199967142,-355.9974822908,
    598.80402734879));
#1091 = CARTESIAN_POINT('',(-165.6199967142,-371.7854440421,
    538.84613621765));
#1092 = PCURVE('',#135,#1093);
#1093 = DEFINITIONAL_REPRESENTATION('',(#1094),#1098);
#1094 = ( BOUNDED_CURVE() B_SPLINE_CURVE(2,(#1095,#1096,#1097),
.UNSPECIFIED.,.F.,.F.) B_SPLINE_CURVE_WITH_KNOTS((3,3),(5.497787143782,
7.068583470577),.PIECEWISE_BEZIER_KNOTS.) CURVE() 
GEOMETRIC_REPRESENTATION_ITEM() RATIONAL_B_SPLINE_CURVE((1.,
0.707106781187,1.)) REPRESENTATION_ITEM('') );
#1095 = CARTESIAN_POINT('',(-330.,291.));
#1096 = CARTESIAN_POINT('',(-391.,291.));
#1097 = CARTESIAN_POINT('',(-391.,230.));
#1098 = ( GEOMETRIC_REPRESENTATION_CONTEXT(2) 
PARAMETRIC_REPRESENTATION_CONTEXT() REPRESENTATION_CONTEXT('2D SPACE',''
  ) );
#1099 = PCURVE('',#1100,#1110);
#1100 = ( BOUNDED_SURFACE() B_SPLINE_SURFACE(2,2,(
    (#1101,#1102,#1103)
    ,(#1104,#1105,#1106)
    ,(#1107,#1108,#1109
)),.UNSPECIFIED.,.F.,.F.,.F.) B_SPLINE_SURFACE_WITH_KNOTS((3,3),(3,3),(
    0.,1.570796326795),(0.,1.570796326795),.PIECEWISE_BEZIER_KNOTS.) 
GEOMETRIC_REPRESENTATION_ITEM() RATIONAL_B_SPLINE_SURFACE((
    (1.,0.707106781187,1.)
    ,(0.707106781187,0.5,0.707106781187)
,(1.,0.707106781187,1.))) REPRESENTATION_ITEM('') SURFACE() );
#1101 = CARTESIAN_POINT('',(-163.6199967142,-369.8535923895,
    538.31939298786));
#1102 = CARTESIAN_POINT('',(-163.6199967142,-371.7854440421,
    538.84613621765));
#1103 = CARTESIAN_POINT('',(-165.6199967142,-371.7854440421,
    538.84613621765));
#1104 = CARTESIAN_POINT('',(-163.6199967142,-353.547992548,
    600.24311661511));
#1105 = CARTESIAN_POINT('',(-163.6199967142,-355.4798442006,
    600.76985984489));
#1106 = CARTESIAN_POINT('',(-165.6199967142,-355.9974822908,
    598.80402734879));
#1107 = CARTESIAN_POINT('',(-226.6199967142,-353.547992548,
    600.24311661511));
#1108 = CARTESIAN_POINT('',(-226.6199967142,-355.4798442006,
    600.76985984489));
#1109 = CARTESIAN_POINT('',(-226.6199967142,-355.9974822908,
    598.80402734879));
#1110 = DEFINITIONAL_REPRESENTATION('',(#1111),#1115);
#1111 = B_SPLINE_CURVE_WITH_KNOTS('',2,(#1112,#1113,#1114),
  .UNSPECIFIED.,.F.,.F.,(3,3),(5.497787143782,7.068583470577),
  .PIECEWISE_BEZIER_KNOTS.);
#1112 = CARTESIAN_POINT('',(1.570796326795,1.570796326795));
#1113 = CARTESIAN_POINT('',(0.785398163397,1.570796326795));
#1114 = CARTESIAN_POINT('',(-1.430275344074E-15,1.570796326795));
#1115 = ( GEOMETRIC_REPRESENTATION_CONTEXT(2) 
PARAMETRIC_REPRESENTATION_CONTEXT() REPRESENTATION_CONTEXT('2D SPACE',''
  ) );
#1116 = ORIENTED_EDGE('',*,*,#1117,.F.);
#1117 = EDGE_CURVE('',#1118,#1085,#1120,.T.);
#1118 = VERTEX_POINT('',#1119);
#1119 = CARTESIAN_POINT('',(-886.6199967142,-355.9974822908,
    598.80402734879));
#1120 = SURFACE_CURVE('',#1121,(#1124,#1130),.PCURVE_S1.);
#1121 = B_SPLINE_CURVE_WITH_KNOTS('',1,(#1122,#1123),.UNSPECIFIED.,.F.,
  .F.,(2,2),(-495.,165.),.PIECEWISE_BEZIER_KNOTS.);
#1122 = CARTESIAN_POINT('',(-886.6199967142,-355.9974822908,
    598.80402734879));
#1123 = CARTESIAN_POINT('',(-226.6199967142,-355.9974822908,
    598.80402734879));
#1124 = PCURVE('',#135,#1125);
#1125 = DEFINITIONAL_REPRESENTATION('',(#1126),#1129);
#1126 = B_SPLINE_CURVE_WITH_KNOTS('',1,(#1127,#1128),.UNSPECIFIED.,.F.,
  .F.,(2,2),(-495.,165.),.PIECEWISE_BEZIER_KNOTS.);
#1127 = CARTESIAN_POINT('',(330.,291.));
#1128 = CARTESIAN_POINT('',(-330.,291.));
#1129 = ( GEOMETRIC_REPRESENTATION_CONTEXT(2) 
PARAMETRIC_REPRESENTATION_CONTEXT() REPRESENTATION_CONTEXT('2D SPACE',''
  ) );
#1130 = PCURVE('',#1131,#1138);
#1131 = ( BOUNDED_SURFACE() B_SPLINE_SURFACE(2,1,(
    (#1132,#1133)
    ,(#1134,#1135)
    ,(#1136,#1137
)),.UNSPECIFIED.,.F.,.F.,.F.) B_SPLINE_SURFACE_WITH_KNOTS((3,3),(2,2),(
    -0.785398163397,0.785398163397),(-165.,495.),
.PIECEWISE_BEZIER_KNOTS.) GEOMETRIC_REPRESENTATION_ITEM() 
RATIONAL_B_SPLINE_SURFACE((
    (1.,1.)
    ,(0.707106781187,0.707106781187)
,(1.,1.))) REPRESENTATION_ITEM('') SURFACE() );
#1132 = CARTESIAN_POINT('',(-226.6199967142,-355.9974822908,
    598.80402734879));
#1133 = CARTESIAN_POINT('',(-886.6199967142,-355.9974822908,
    598.80402734879));
#1134 = CARTESIAN_POINT('',(-226.6199967142,-355.4798442006,
    600.76985984489));
#1135 = CARTESIAN_POINT('',(-886.6199967142,-355.4798442006,
    600.76985984489));
#1136 = CARTESIAN_POINT('',(-226.6199967142,-353.547992548,
    600.24311661511));
#1137 = CARTESIAN_POINT('',(-886.6199967142,-353.547992548,
    600.24311661511));
#1138 = DEFINITIONAL_REPRESENTATION('',(#1139),#1143);
#1139 = B_SPLINE_CURVE_WITH_KNOTS('',2,(#1140,#1141,#1142),
  .UNSPECIFIED.,.F.,.F.,(3,3),(-495.,165.),.PIECEWISE_BEZIER_KNOTS.);
#1140 = CARTESIAN_POINT('',(-0.785398163397,495.));
#1141 = CARTESIAN_POINT('',(-0.785398163397,165.));
#1142 = CARTESIAN_POINT('',(-0.785398163397,-165.));
#1143 = ( GEOMETRIC_REPRESENTATION_CONTEXT(2) 
PARAMETRIC_REPRESENTATION_CONTEXT() REPRESENTATION_CONTEXT('2D SPACE',''
  ) );
#1144 = ORIENTED_EDGE('',*,*,#1145,.F.);
#1145 = EDGE_CURVE('',#935,#1118,#1146,.T.);
#1146 = SURFACE_CURVE('',#1147,(#1151,#1158),.PCURVE_S1.);
#1147 = ( BOUNDED_CURVE() B_SPLINE_CURVE(2,(#1148,#1149,#1150),
.UNSPECIFIED.,.F.,.F.) B_SPLINE_CURVE_WITH_KNOTS((3,3),(5.497787143782,
7.068583470577),.PIECEWISE_BEZIER_KNOTS.) CURVE() 
GEOMETRIC_REPRESENTATION_ITEM() RATIONAL_B_SPLINE_CURVE((1.,
0.707106781187,1.)) REPRESENTATION_ITEM('') );
#1148 = CARTESIAN_POINT('',(-947.6199967142,-371.7854440421,
    538.84613621765));
#1149 = CARTESIAN_POINT('',(-947.6199967142,-355.9974822908,
    598.80402734879));
#1150 = CARTESIAN_POINT('',(-886.6199967142,-355.9974822908,
    598.80402734879));
#1151 = PCURVE('',#135,#1152);
#1152 = DEFINITIONAL_REPRESENTATION('',(#1153),#1157);
#1153 = ( BOUNDED_CURVE() B_SPLINE_CURVE(2,(#1154,#1155,#1156),
.UNSPECIFIED.,.F.,.F.) B_SPLINE_CURVE_WITH_KNOTS((3,3),(5.497787143782,
7.068583470577),.PIECEWISE_BEZIER_KNOTS.) CURVE() 
GEOMETRIC_REPRESENTATION_ITEM() RATIONAL_B_SPLINE_CURVE((1.,
0.707106781187,1.)) REPRESENTATION_ITEM('') );
#1154 = CARTESIAN_POINT('',(391.,230.));
#1155 = CARTESIAN_POINT('',(391.,291.));
#1156 = CARTESIAN_POINT('',(330.,291.));
#1157 = ( GEOMETRIC_REPRESENTATION_CONTEXT(2) 
PARAMETRIC_REPRESENTATION_CONTEXT() REPRESENTATION_CONTEXT('2D SPACE',''
  ) );
#1158 = PCURVE('',#1159,#1169);
#1159 = ( BOUNDED_SURFACE() B_SPLINE_SURFACE(2,2,(
    (#1160,#1161,#1162)
    ,(#1163,#1164,#1165)
    ,(#1166,#1167,#1168
)),.UNSPECIFIED.,.F.,.F.,.F.) B_SPLINE_SURFACE_WITH_KNOTS((3,3),(3,3),(
    1.570796326795,3.14159265359),(0.,1.570796326795),
.PIECEWISE_BEZIER_KNOTS.) GEOMETRIC_REPRESENTATION_ITEM() 
RATIONAL_B_SPLINE_SURFACE((
    (1.,0.707106781186,1.)
    ,(0.707106781187,0.5,0.707106781187)
,(1.,0.707106781186,1.))) REPRESENTATION_ITEM('') SURFACE() );
#1160 = CARTESIAN_POINT('',(-886.6199967142,-353.547992548,
    600.24311661511));
#1161 = CARTESIAN_POINT('',(-886.6199967142,-355.4798442006,
    600.76985984489));
#1162 = CARTESIAN_POINT('',(-886.6199967142,-355.9974822908,
    598.80402734879));
#1163 = CARTESIAN_POINT('',(-949.6199967142,-353.547992548,
    600.24311661511));
#1164 = CARTESIAN_POINT('',(-949.6199967142,-355.4798442006,
    600.76985984489));
#1165 = CARTESIAN_POINT('',(-947.6199967142,-355.9974822908,
    598.80402734879));
#1166 = CARTESIAN_POINT('',(-949.6199967142,-369.8535923895,
    538.31939298786));
#1167 = CARTESIAN_POINT('',(-949.6199967142,-371.7854440421,
    538.84613621765));
#1168 = CARTESIAN_POINT('',(-947.6199967142,-371.7854440421,
    538.84613621765));
#1169 = DEFINITIONAL_REPRESENTATION('',(#1170),#1174);
#1170 = B_SPLINE_CURVE_WITH_KNOTS('',2,(#1171,#1172,#1173),
  .UNSPECIFIED.,.F.,.F.,(3,3),(5.497787143782,7.068583470577),
  .PIECEWISE_BEZIER_KNOTS.);
#1171 = CARTESIAN_POINT('',(3.14159265359,1.570796326795));
#1172 = CARTESIAN_POINT('',(2.356194490192,1.570796326795));
#1173 = CARTESIAN_POINT('',(1.570796326795,1.570796326795));
#1174 = ( GEOMETRIC_REPRESENTATION_CONTEXT(2) 
PARAMETRIC_REPRESENTATION_CONTEXT() REPRESENTATION_CONTEXT('2D SPACE',''
  ) );
#1175 = FACE_BOUND('',#1176,.T.);
#1176 = EDGE_LOOP('',(#1177,#1178,#1179,#1180,#1181,#1182,#1183,#1184));
#1177 = ORIENTED_EDGE('',*,*,#122,.F.);
#1178 = ORIENTED_EDGE('',*,*,#181,.F.);
#1179 = ORIENTED_EDGE('',*,*,#269,.F.);
#1180 = ORIENTED_EDGE('',*,*,#348,.F.);
#1181 = ORIENTED_EDGE('',*,*,#436,.F.);
#1182 = ORIENTED_EDGE('',*,*,#515,.F.);
#1183 = ORIENTED_EDGE('',*,*,#593,.F.);
#1184 = ORIENTED_EDGE('',*,*,#641,.F.);
#1185 = ADVANCED_FACE('',(#1186),#948,.T.);
#1186 = FACE_BOUND('',#1187,.T.);
#1187 = EDGE_LOOP('',(#1188,#1211,#1237,#1258));
#1188 = ORIENTED_EDGE('',*,*,#1189,.T.);
#1189 = EDGE_CURVE('',#935,#1190,#1192,.T.);
#1190 = VERTEX_POINT('',#1191);
#1191 = CARTESIAN_POINT('',(-949.6199967142,-369.8535923895,
    538.31939298786));
#1192 = SURFACE_CURVE('',#1193,(#1197,#1204),.PCURVE_S1.);
#1193 = ( BOUNDED_CURVE() B_SPLINE_CURVE(2,(#1194,#1195,#1196),
.UNSPECIFIED.,.F.,.F.) B_SPLINE_CURVE_WITH_KNOTS((3,3),(0.,
1.570796326795),.PIECEWISE_BEZIER_KNOTS.) CURVE() 
GEOMETRIC_REPRESENTATION_ITEM() RATIONAL_B_SPLINE_CURVE((1.,
0.707106781187,1.)) REPRESENTATION_ITEM('') );
#1194 = CARTESIAN_POINT('',(-947.6199967142,-371.7854440421,
    538.84613621765));
#1195 = CARTESIAN_POINT('',(-949.6199967142,-371.7854440421,
    538.84613621765));
#1196 = CARTESIAN_POINT('',(-949.6199967142,-369.8535923895,
    538.31939298786));
#1197 = PCURVE('',#948,#1198);
#1198 = DEFINITIONAL_REPRESENTATION('',(#1199),#1203);
#1199 = B_SPLINE_CURVE_WITH_KNOTS('',2,(#1200,#1201,#1202),
  .UNSPECIFIED.,.F.,.F.,(3,3),(0.,1.570796326795),
  .PIECEWISE_BEZIER_KNOTS.);
#1200 = CARTESIAN_POINT('',(-0.785398163397,-115.));
#1201 = CARTESIAN_POINT('',(7.037262929251E-14,-115.));
#1202 = CARTESIAN_POINT('',(0.785398163397,-115.));
#1203 = ( GEOMETRIC_REPRESENTATION_CONTEXT(2) 
PARAMETRIC_REPRESENTATION_CONTEXT() REPRESENTATION_CONTEXT('2D SPACE',''
  ) );
#1204 = PCURVE('',#1159,#1205);
#1205 = DEFINITIONAL_REPRESENTATION('',(#1206),#1210);
#1206 = B_SPLINE_CURVE_WITH_KNOTS('',2,(#1207,#1208,#1209),
  .UNSPECIFIED.,.F.,.F.,(3,3),(0.,1.570796326795),
  .PIECEWISE_BEZIER_KNOTS.);
#1207 = CARTESIAN_POINT('',(3.14159265359,1.570796326795));
#1208 = CARTESIAN_POINT('',(3.14159265359,0.785398163397));
#1209 = CARTESIAN_POINT('',(3.14159265359,-1.17085022784E-14));
#1210 = ( GEOMETRIC_REPRESENTATION_CONTEXT(2) 
PARAMETRIC_REPRESENTATION_CONTEXT() REPRESENTATION_CONTEXT('2D SPACE',''
  ) );
#1211 = ORIENTED_EDGE('',*,*,#1212,.T.);
#1212 = EDGE_CURVE('',#1190,#1213,#1215,.T.);
#1213 = VERTEX_POINT('',#1214);
#1214 = CARTESIAN_POINT('',(-949.6199967142,-488.9103531366,
    86.177918884121));
#1215 = SURFACE_CURVE('',#1216,(#1219,#1226),.PCURVE_S1.);
#1216 = B_SPLINE_CURVE_WITH_KNOTS('',1,(#1217,#1218),.UNSPECIFIED.,.F.,
  .F.,(2,2),(-115.,345.),.PIECEWISE_BEZIER_KNOTS.);
#1217 = CARTESIAN_POINT('',(-949.6199967142,-369.8535923895,
    538.31939298786));
#1218 = CARTESIAN_POINT('',(-949.6199967142,-488.9103531366,
    86.177918884121));
#1219 = PCURVE('',#948,#1220);
#1220 = DEFINITIONAL_REPRESENTATION('',(#1221),#1225);
#1221 = B_SPLINE_CURVE_WITH_KNOTS('',2,(#1222,#1223,#1224),
  .UNSPECIFIED.,.F.,.F.,(3,3),(-115.,345.),.PIECEWISE_BEZIER_KNOTS.);
#1222 = CARTESIAN_POINT('',(0.785398163397,-115.));
#1223 = CARTESIAN_POINT('',(0.785398163397,115.));
#1224 = CARTESIAN_POINT('',(0.785398163397,345.));
#1225 = ( GEOMETRIC_REPRESENTATION_CONTEXT(2) 
PARAMETRIC_REPRESENTATION_CONTEXT() REPRESENTATION_CONTEXT('2D SPACE',''
  ) );
#1226 = PCURVE('',#1227,#1232);
#1227 = B_SPLINE_SURFACE_WITH_KNOTS('',1,1,(
    (#1228,#1229)
    ,(#1230,#1231
    )),.UNSPECIFIED.,.F.,.F.,.F.,(2,2),(2,2),(-6.252776074689E-13,460.),
  (10.,18.),.PIECEWISE_BEZIER_KNOTS.);
#1228 = CARTESIAN_POINT('',(-949.6199967142,-362.1261857792,
    536.21242006872));
#1229 = CARTESIAN_POINT('',(-949.6199967142,-369.8535923895,
    538.31939298786));
#1230 = CARTESIAN_POINT('',(-949.6199967142,-481.1829465263,
    84.070945964977));
#1231 = CARTESIAN_POINT('',(-949.6199967142,-488.9103531366,
    86.17791888412));
#1232 = DEFINITIONAL_REPRESENTATION('',(#1233),#1236);
#1233 = B_SPLINE_CURVE_WITH_KNOTS('',1,(#1234,#1235),.UNSPECIFIED.,.F.,
  .F.,(2,2),(-115.,345.),.PIECEWISE_BEZIER_KNOTS.);
#1234 = CARTESIAN_POINT('',(-6.252776074689E-13,18.));
#1235 = CARTESIAN_POINT('',(460.,18.));
#1236 = ( GEOMETRIC_REPRESENTATION_CONTEXT(2) 
PARAMETRIC_REPRESENTATION_CONTEXT() REPRESENTATION_CONTEXT('2D SPACE',''
  ) );
#1237 = ORIENTED_EDGE('',*,*,#1238,.T.);
#1238 = EDGE_CURVE('',#1213,#933,#1239,.T.);
#1239 = SURFACE_CURVE('',#1240,(#1244,#1251),.PCURVE_S1.);
#1240 = ( BOUNDED_CURVE() B_SPLINE_CURVE(2,(#1241,#1242,#1243),
.UNSPECIFIED.,.F.,.F.) B_SPLINE_CURVE_WITH_KNOTS((3,3),(0.,
1.570796326795),.PIECEWISE_BEZIER_KNOTS.) CURVE() 
GEOMETRIC_REPRESENTATION_ITEM() RATIONAL_B_SPLINE_CURVE((1.,
0.707106781187,1.)) REPRESENTATION_ITEM('') );
#1241 = CARTESIAN_POINT('',(-949.6199967142,-488.9103531366,
    86.177918884121));
#1242 = CARTESIAN_POINT('',(-949.6199967142,-490.8422047892,
    86.704662113906));
#1243 = CARTESIAN_POINT('',(-947.6199967142,-490.8422047892,
    86.704662113906));
#1244 = PCURVE('',#948,#1245);
#1245 = DEFINITIONAL_REPRESENTATION('',(#1246),#1250);
#1246 = B_SPLINE_CURVE_WITH_KNOTS('',2,(#1247,#1248,#1249),
  .UNSPECIFIED.,.F.,.F.,(3,3),(0.,1.570796326795),
  .PIECEWISE_BEZIER_KNOTS.);
#1247 = CARTESIAN_POINT('',(0.785398163397,345.));
#1248 = CARTESIAN_POINT('',(1.844113097521E-14,345.));
#1249 = CARTESIAN_POINT('',(-0.785398163397,345.));
#1250 = ( GEOMETRIC_REPRESENTATION_CONTEXT(2) 
PARAMETRIC_REPRESENTATION_CONTEXT() REPRESENTATION_CONTEXT('2D SPACE',''
  ) );
#1251 = PCURVE('',#978,#1252);
#1252 = DEFINITIONAL_REPRESENTATION('',(#1253),#1257);
#1253 = B_SPLINE_CURVE_WITH_KNOTS('',2,(#1254,#1255,#1256),
  .UNSPECIFIED.,.F.,.F.,(3,3),(0.,1.570796326795),
  .PIECEWISE_BEZIER_KNOTS.);
#1254 = CARTESIAN_POINT('',(3.14159265359,0.));
#1255 = CARTESIAN_POINT('',(3.14159265359,0.785398163398));
#1256 = CARTESIAN_POINT('',(3.14159265359,1.570796326795));
#1257 = ( GEOMETRIC_REPRESENTATION_CONTEXT(2) 
PARAMETRIC_REPRESENTATION_CONTEXT() REPRESENTATION_CONTEXT('2D SPACE',''
  ) );
#1258 = ORIENTED_EDGE('',*,*,#932,.T.);
#1259 = ADVANCED_FACE('',(#1260),#978,.T.);
#1260 = FACE_BOUND('',#1261,.T.);
#1261 = EDGE_LOOP('',(#1262,#1285,#1286,#1287));
#1262 = ORIENTED_EDGE('',*,*,#1263,.T.);
#1263 = EDGE_CURVE('',#1264,#963,#1266,.T.);
#1264 = VERTEX_POINT('',#1265);
#1265 = CARTESIAN_POINT('',(-886.6199967142,-505.2159529781,
    24.254195256869));
#1266 = SURFACE_CURVE('',#1267,(#1271,#1278),.PCURVE_S1.);
#1267 = ( BOUNDED_CURVE() B_SPLINE_CURVE(2,(#1268,#1269,#1270),
.UNSPECIFIED.,.F.,.F.) B_SPLINE_CURVE_WITH_KNOTS((3,3),(0.,
1.570796326795),.PIECEWISE_BEZIER_KNOTS.) CURVE() 
GEOMETRIC_REPRESENTATION_ITEM() RATIONAL_B_SPLINE_CURVE((1.,
0.707106781187,1.)) REPRESENTATION_ITEM('') );
#1268 = CARTESIAN_POINT('',(-886.6199967142,-505.2159529781,
    24.254195256869));
#1269 = CARTESIAN_POINT('',(-886.6199967142,-507.1478046307,
    24.780938486655));
#1270 = CARTESIAN_POINT('',(-886.6199967142,-506.6301665405,
    26.746770982758));
#1271 = PCURVE('',#978,#1272);
#1272 = DEFINITIONAL_REPRESENTATION('',(#1273),#1277);
#1273 = B_SPLINE_CURVE_WITH_KNOTS('',2,(#1274,#1275,#1276),
  .UNSPECIFIED.,.F.,.F.,(3,3),(0.,1.570796326795),
  .PIECEWISE_BEZIER_KNOTS.);
#1274 = CARTESIAN_POINT('',(4.712388980385,0.));
#1275 = CARTESIAN_POINT('',(4.712388980385,0.785398163398));
#1276 = CARTESIAN_POINT('',(4.712388980385,1.570796326795));
#1277 = ( GEOMETRIC_REPRESENTATION_CONTEXT(2) 
PARAMETRIC_REPRESENTATION_CONTEXT() REPRESENTATION_CONTEXT('2D SPACE',''
  ) );
#1278 = PCURVE('',#1009,#1279);
#1279 = DEFINITIONAL_REPRESENTATION('',(#1280),#1284);
#1280 = B_SPLINE_CURVE_WITH_KNOTS('',2,(#1281,#1282,#1283),
  .UNSPECIFIED.,.F.,.F.,(3,3),(0.,1.570796326795),
  .PIECEWISE_BEZIER_KNOTS.);
#1281 = CARTESIAN_POINT('',(0.785398163397,-165.));
#1282 = CARTESIAN_POINT('',(1.625231811875E-14,-165.));
#1283 = CARTESIAN_POINT('',(-0.785398163398,-165.));
#1284 = ( GEOMETRIC_REPRESENTATION_CONTEXT(2) 
PARAMETRIC_REPRESENTATION_CONTEXT() REPRESENTATION_CONTEXT('2D SPACE',''
  ) );
#1285 = ORIENTED_EDGE('',*,*,#962,.T.);
#1286 = ORIENTED_EDGE('',*,*,#1238,.F.);
#1287 = ORIENTED_EDGE('',*,*,#1288,.T.);
#1288 = EDGE_CURVE('',#1213,#1264,#1289,.T.);
#1289 = SURFACE_CURVE('',#1290,(#1294,#1301),.PCURVE_S1.);
#1290 = ( BOUNDED_CURVE() B_SPLINE_CURVE(2,(#1291,#1292,#1293),
.UNSPECIFIED.,.F.,.F.) B_SPLINE_CURVE_WITH_KNOTS((3,3),(5.497787143782,
7.068583470577),.PIECEWISE_BEZIER_KNOTS.) CURVE() 
GEOMETRIC_REPRESENTATION_ITEM() RATIONAL_B_SPLINE_CURVE((1.,
0.707106781187,1.)) REPRESENTATION_ITEM('') );
#1291 = CARTESIAN_POINT('',(-949.6199967142,-488.9103531366,
    86.177918884121));
#1292 = CARTESIAN_POINT('',(-949.6199967142,-505.2159529781,
    24.254195256869));
#1293 = CARTESIAN_POINT('',(-886.6199967142,-505.2159529781,
    24.254195256869));
#1294 = PCURVE('',#978,#1295);
#1295 = DEFINITIONAL_REPRESENTATION('',(#1296),#1300);
#1296 = B_SPLINE_CURVE_WITH_KNOTS('',2,(#1297,#1298,#1299),
  .UNSPECIFIED.,.F.,.F.,(3,3),(5.497787143782,7.068583470577),
  .PIECEWISE_BEZIER_KNOTS.);
#1297 = CARTESIAN_POINT('',(3.14159265359,0.));
#1298 = CARTESIAN_POINT('',(3.926990816987,1.631837177508E-14));
#1299 = CARTESIAN_POINT('',(4.712388980385,0.));
#1300 = ( GEOMETRIC_REPRESENTATION_CONTEXT(2) 
PARAMETRIC_REPRESENTATION_CONTEXT() REPRESENTATION_CONTEXT('2D SPACE',''
  ) );
#1301 = PCURVE('',#1302,#1309);
#1302 = ( BOUNDED_SURFACE() B_SPLINE_SURFACE(2,1,(
    (#1303,#1304)
    ,(#1305,#1306)
    ,(#1307,#1308
)),.UNSPECIFIED.,.F.,.F.,.F.) B_SPLINE_SURFACE_WITH_KNOTS((3,3),(2,2),(
    4.712388980385,6.28318530718),(10.,18.),.PIECEWISE_BEZIER_KNOTS.) 
GEOMETRIC_REPRESENTATION_ITEM() RATIONAL_B_SPLINE_SURFACE((
    (1.,1.)
    ,(0.707106781187,0.707106781187)
,(1.,1.))) REPRESENTATION_ITEM('') SURFACE() );
#1303 = CARTESIAN_POINT('',(-949.6199967142,-481.1829465263,
    84.070945964977));
#1304 = CARTESIAN_POINT('',(-949.6199967142,-488.9103531366,
    86.177918884121));
#1305 = CARTESIAN_POINT('',(-949.6199967142,-497.4885463678,
    22.147222337725));
#1306 = CARTESIAN_POINT('',(-949.6199967142,-505.2159529781,
    24.254195256869));
#1307 = CARTESIAN_POINT('',(-886.6199967142,-497.4885463678,
    22.147222337725));
#1308 = CARTESIAN_POINT('',(-886.6199967142,-505.2159529781,
    24.254195256869));
#1309 = DEFINITIONAL_REPRESENTATION('',(#1310),#1314);
#1310 = B_SPLINE_CURVE_WITH_KNOTS('',2,(#1311,#1312,#1313),
  .UNSPECIFIED.,.F.,.F.,(3,3),(5.497787143782,7.068583470577),
  .PIECEWISE_BEZIER_KNOTS.);
#1311 = CARTESIAN_POINT('',(4.712388980385,18.));
#1312 = CARTESIAN_POINT('',(5.497787143782,18.));
#1313 = CARTESIAN_POINT('',(6.28318530718,18.));
#1314 = ( GEOMETRIC_REPRESENTATION_CONTEXT(2) 
PARAMETRIC_REPRESENTATION_CONTEXT() REPRESENTATION_CONTEXT('2D SPACE',''
  ) );
#1315 = ADVANCED_FACE('',(#1316),#1009,.T.);
#1316 = FACE_BOUND('',#1317,.T.);
#1317 = EDGE_LOOP('',(#1318,#1341,#1342,#1343));
#1318 = ORIENTED_EDGE('',*,*,#1319,.T.);
#1319 = EDGE_CURVE('',#1320,#996,#1322,.T.);
#1320 = VERTEX_POINT('',#1321);
#1321 = CARTESIAN_POINT('',(-226.6199967142,-505.2159529781,
    24.254195256869));
#1322 = SURFACE_CURVE('',#1323,(#1327,#1334),.PCURVE_S1.);
#1323 = ( BOUNDED_CURVE() B_SPLINE_CURVE(2,(#1324,#1325,#1326),
.UNSPECIFIED.,.F.,.F.) B_SPLINE_CURVE_WITH_KNOTS((3,3),(0.,
1.570796326795),.PIECEWISE_BEZIER_KNOTS.) CURVE() 
GEOMETRIC_REPRESENTATION_ITEM() RATIONAL_B_SPLINE_CURVE((1.,
0.707106781187,1.)) REPRESENTATION_ITEM('') );
#1324 = CARTESIAN_POINT('',(-226.6199967142,-505.2159529781,
    24.254195256869));
#1325 = CARTESIAN_POINT('',(-226.6199967142,-507.1478046307,
    24.780938486654));
#1326 = CARTESIAN_POINT('',(-226.6199967142,-506.6301665405,
    26.746770982758));
#1327 = PCURVE('',#1009,#1328);
#1328 = DEFINITIONAL_REPRESENTATION('',(#1329),#1333);
#1329 = B_SPLINE_CURVE_WITH_KNOTS('',2,(#1330,#1331,#1332),
  .UNSPECIFIED.,.F.,.F.,(3,3),(0.,1.570796326795),
  .PIECEWISE_BEZIER_KNOTS.);
#1330 = CARTESIAN_POINT('',(0.785398163397,495.));
#1331 = CARTESIAN_POINT('',(2.225242049449E-14,495.));
#1332 = CARTESIAN_POINT('',(-0.785398163397,495.));
#1333 = ( GEOMETRIC_REPRESENTATION_CONTEXT(2) 
PARAMETRIC_REPRESENTATION_CONTEXT() REPRESENTATION_CONTEXT('2D SPACE',''
  ) );
#1334 = PCURVE('',#1039,#1335);
#1335 = DEFINITIONAL_REPRESENTATION('',(#1336),#1340);
#1336 = B_SPLINE_CURVE_WITH_KNOTS('',2,(#1337,#1338,#1339),
  .UNSPECIFIED.,.F.,.F.,(3,3),(0.,1.570796326795),
  .PIECEWISE_BEZIER_KNOTS.);
#1337 = CARTESIAN_POINT('',(4.712388980385,1.448413159895E-13));
#1338 = CARTESIAN_POINT('',(4.712388980385,0.785398163397));
#1339 = CARTESIAN_POINT('',(4.712388980385,1.570796326795));
#1340 = ( GEOMETRIC_REPRESENTATION_CONTEXT(2) 
PARAMETRIC_REPRESENTATION_CONTEXT() REPRESENTATION_CONTEXT('2D SPACE',''
  ) );
#1341 = ORIENTED_EDGE('',*,*,#995,.T.);
#1342 = ORIENTED_EDGE('',*,*,#1263,.F.);
#1343 = ORIENTED_EDGE('',*,*,#1344,.T.);
#1344 = EDGE_CURVE('',#1264,#1320,#1345,.T.);
#1345 = SURFACE_CURVE('',#1346,(#1349,#1356),.PCURVE_S1.);
#1346 = B_SPLINE_CURVE_WITH_KNOTS('',1,(#1347,#1348),.UNSPECIFIED.,.F.,
  .F.,(2,2),(-165.,495.),.PIECEWISE_BEZIER_KNOTS.);
#1347 = CARTESIAN_POINT('',(-886.6199967142,-505.2159529781,
    24.254195256869));
#1348 = CARTESIAN_POINT('',(-226.6199967142,-505.2159529781,
    24.254195256869));
#1349 = PCURVE('',#1009,#1350);
#1350 = DEFINITIONAL_REPRESENTATION('',(#1351),#1355);
#1351 = B_SPLINE_CURVE_WITH_KNOTS('',2,(#1352,#1353,#1354),
  .UNSPECIFIED.,.F.,.F.,(3,3),(-165.,495.),.PIECEWISE_BEZIER_KNOTS.);
#1352 = CARTESIAN_POINT('',(0.785398163397,-165.));
#1353 = CARTESIAN_POINT('',(0.785398163397,165.));
#1354 = CARTESIAN_POINT('',(0.785398163397,495.));
#1355 = ( GEOMETRIC_REPRESENTATION_CONTEXT(2) 
PARAMETRIC_REPRESENTATION_CONTEXT() REPRESENTATION_CONTEXT('2D SPACE',''
  ) );
#1356 = PCURVE('',#1357,#1362);
#1357 = B_SPLINE_SURFACE_WITH_KNOTS('',1,1,(
    (#1358,#1359)
    ,(#1360,#1361
    )),.UNSPECIFIED.,.F.,.F.,.F.,(2,2),(2,2),(-1.492056446516E-29,660.),
  (9.999999999999,18.),.PIECEWISE_BEZIER_KNOTS.);
#1358 = CARTESIAN_POINT('',(-886.6199967142,-497.4885463678,
    22.147222337726));
#1359 = CARTESIAN_POINT('',(-886.6199967142,-505.2159529781,
    24.254195256869));
#1360 = CARTESIAN_POINT('',(-226.6199967142,-497.4885463678,
    22.147222337725));
#1361 = CARTESIAN_POINT('',(-226.6199967142,-505.2159529781,
    24.254195256869));
#1362 = DEFINITIONAL_REPRESENTATION('',(#1363),#1366);
#1363 = B_SPLINE_CURVE_WITH_KNOTS('',1,(#1364,#1365),.UNSPECIFIED.,.F.,
  .F.,(2,2),(-165.,495.),.PIECEWISE_BEZIER_KNOTS.);
#1364 = CARTESIAN_POINT('',(0.,18.));
#1365 = CARTESIAN_POINT('',(660.,18.));
#1366 = ( GEOMETRIC_REPRESENTATION_CONTEXT(2) 
PARAMETRIC_REPRESENTATION_CONTEXT() REPRESENTATION_CONTEXT('2D SPACE',''
  ) );
#1367 = ADVANCED_FACE('',(#1368),#1039,.T.);
#1368 = FACE_BOUND('',#1369,.T.);
#1369 = EDGE_LOOP('',(#1370,#1393,#1394,#1395));
#1370 = ORIENTED_EDGE('',*,*,#1371,.T.);
#1371 = EDGE_CURVE('',#1372,#1024,#1374,.T.);
#1372 = VERTEX_POINT('',#1373);
#1373 = CARTESIAN_POINT('',(-163.6199967142,-488.9103531366,
    86.177918884121));
#1374 = SURFACE_CURVE('',#1375,(#1379,#1386),.PCURVE_S1.);
#1375 = ( BOUNDED_CURVE() B_SPLINE_CURVE(2,(#1376,#1377,#1378),
.UNSPECIFIED.,.F.,.F.) B_SPLINE_CURVE_WITH_KNOTS((3,3),(0.,
1.570796326795),.PIECEWISE_BEZIER_KNOTS.) CURVE() 
GEOMETRIC_REPRESENTATION_ITEM() RATIONAL_B_SPLINE_CURVE((1.,
0.707106781187,1.)) REPRESENTATION_ITEM('') );
#1376 = CARTESIAN_POINT('',(-163.6199967142,-488.9103531366,
    86.177918884121));
#1377 = CARTESIAN_POINT('',(-163.6199967142,-490.8422047892,
    86.704662113906));
#1378 = CARTESIAN_POINT('',(-165.6199967142,-490.8422047892,
    86.704662113906));
#1379 = PCURVE('',#1039,#1380);
#1380 = DEFINITIONAL_REPRESENTATION('',(#1381),#1385);
#1381 = B_SPLINE_CURVE_WITH_KNOTS('',2,(#1382,#1383,#1384),
  .UNSPECIFIED.,.F.,.F.,(3,3),(0.,1.570796326795),
  .PIECEWISE_BEZIER_KNOTS.);
#1382 = CARTESIAN_POINT('',(6.28318530718,3.73147991743E-14));
#1383 = CARTESIAN_POINT('',(6.28318530718,0.785398163397));
#1384 = CARTESIAN_POINT('',(6.28318530718,1.570796326795));
#1385 = ( GEOMETRIC_REPRESENTATION_CONTEXT(2) 
PARAMETRIC_REPRESENTATION_CONTEXT() REPRESENTATION_CONTEXT('2D SPACE',''
  ) );
#1386 = PCURVE('',#1070,#1387);
#1387 = DEFINITIONAL_REPRESENTATION('',(#1388),#1392);
#1388 = B_SPLINE_CURVE_WITH_KNOTS('',2,(#1389,#1390,#1391),
  .UNSPECIFIED.,.F.,.F.,(3,3),(0.,1.570796326795),
  .PIECEWISE_BEZIER_KNOTS.);
#1389 = CARTESIAN_POINT('',(0.785398163397,-115.));
#1390 = CARTESIAN_POINT('',(-4.454463758636E-14,-115.));
#1391 = CARTESIAN_POINT('',(-0.785398163397,-115.));
#1392 = ( GEOMETRIC_REPRESENTATION_CONTEXT(2) 
PARAMETRIC_REPRESENTATION_CONTEXT() REPRESENTATION_CONTEXT('2D SPACE',''
  ) );
#1393 = ORIENTED_EDGE('',*,*,#1023,.T.);
#1394 = ORIENTED_EDGE('',*,*,#1319,.F.);
#1395 = ORIENTED_EDGE('',*,*,#1396,.T.);
#1396 = EDGE_CURVE('',#1320,#1372,#1397,.T.);
#1397 = SURFACE_CURVE('',#1398,(#1402,#1409),.PCURVE_S1.);
#1398 = ( BOUNDED_CURVE() B_SPLINE_CURVE(2,(#1399,#1400,#1401),
.UNSPECIFIED.,.F.,.F.) B_SPLINE_CURVE_WITH_KNOTS((3,3),(5.497787143782,
7.068583470577),.PIECEWISE_BEZIER_KNOTS.) CURVE() 
GEOMETRIC_REPRESENTATION_ITEM() RATIONAL_B_SPLINE_CURVE((1.,
0.707106781187,1.)) REPRESENTATION_ITEM('') );
#1399 = CARTESIAN_POINT('',(-226.6199967142,-505.2159529781,
    24.254195256869));
#1400 = CARTESIAN_POINT('',(-163.6199967142,-505.2159529781,
    24.254195256869));
#1401 = CARTESIAN_POINT('',(-163.6199967142,-488.9103531366,
    86.177918884121));
#1402 = PCURVE('',#1039,#1403);
#1403 = DEFINITIONAL_REPRESENTATION('',(#1404),#1408);
#1404 = B_SPLINE_CURVE_WITH_KNOTS('',2,(#1405,#1406,#1407),
  .UNSPECIFIED.,.F.,.F.,(3,3),(5.497787143782,7.068583470577),
  .PIECEWISE_BEZIER_KNOTS.);
#1405 = CARTESIAN_POINT('',(4.712388980385,-7.623227157343E-15));
#1406 = CARTESIAN_POINT('',(5.497787143782,-2.859557227929E-14));
#1407 = CARTESIAN_POINT('',(6.28318530718,0.));
#1408 = ( GEOMETRIC_REPRESENTATION_CONTEXT(2) 
PARAMETRIC_REPRESENTATION_CONTEXT() REPRESENTATION_CONTEXT('2D SPACE',''
  ) );
#1409 = PCURVE('',#1410,#1417);
#1410 = ( BOUNDED_SURFACE() B_SPLINE_SURFACE(2,1,(
    (#1411,#1412)
    ,(#1413,#1414)
    ,(#1415,#1416
)),.UNSPECIFIED.,.F.,.F.,.F.) B_SPLINE_SURFACE_WITH_KNOTS((3,3),(2,2),(
    4.712388980385,6.28318530718),(10.,18.),.PIECEWISE_BEZIER_KNOTS.) 
GEOMETRIC_REPRESENTATION_ITEM() RATIONAL_B_SPLINE_SURFACE((
    (1.,1.)
    ,(0.707106781187,0.707106781187)
,(1.,1.))) REPRESENTATION_ITEM('') SURFACE() );
#1411 = CARTESIAN_POINT('',(-226.6199967142,-497.4885463678,
    22.147222337726));
#1412 = CARTESIAN_POINT('',(-226.6199967142,-505.2159529781,
    24.254195256869));
#1413 = CARTESIAN_POINT('',(-163.6199967142,-497.4885463678,
    22.147222337726));
#1414 = CARTESIAN_POINT('',(-163.6199967142,-505.2159529781,
    24.254195256869));
#1415 = CARTESIAN_POINT('',(-163.6199967142,-481.1829465263,
    84.070945964978));
#1416 = CARTESIAN_POINT('',(-163.6199967142,-488.9103531366,
    86.177918884121));
#1417 = DEFINITIONAL_REPRESENTATION('',(#1418),#1422);
#1418 = B_SPLINE_CURVE_WITH_KNOTS('',2,(#1419,#1420,#1421),
  .UNSPECIFIED.,.F.,.F.,(3,3),(5.497787143782,7.068583470577),
  .PIECEWISE_BEZIER_KNOTS.);
#1419 = CARTESIAN_POINT('',(4.712388980385,18.));
#1420 = CARTESIAN_POINT('',(5.497787143782,18.));
#1421 = CARTESIAN_POINT('',(6.28318530718,18.));
#1422 = ( GEOMETRIC_REPRESENTATION_CONTEXT(2) 
PARAMETRIC_REPRESENTATION_CONTEXT() REPRESENTATION_CONTEXT('2D SPACE',''
  ) );
#1423 = ADVANCED_FACE('',(#1424),#1070,.T.);
#1424 = FACE_BOUND('',#1425,.T.);
#1425 = EDGE_LOOP('',(#1426,#1449,#1450,#1451));
#1426 = ORIENTED_EDGE('',*,*,#1427,.T.);
#1427 = EDGE_CURVE('',#1428,#1057,#1430,.T.);
#1428 = VERTEX_POINT('',#1429);
#1429 = CARTESIAN_POINT('',(-163.6199967142,-369.8535923895,
    538.31939298786));
#1430 = SURFACE_CURVE('',#1431,(#1435,#1442),.PCURVE_S1.);
#1431 = ( BOUNDED_CURVE() B_SPLINE_CURVE(2,(#1432,#1433,#1434),
.UNSPECIFIED.,.F.,.F.) B_SPLINE_CURVE_WITH_KNOTS((3,3),(0.,
1.570796326795),.PIECEWISE_BEZIER_KNOTS.) CURVE() 
GEOMETRIC_REPRESENTATION_ITEM() RATIONAL_B_SPLINE_CURVE((1.,
0.707106781187,1.)) REPRESENTATION_ITEM('') );
#1432 = CARTESIAN_POINT('',(-163.6199967142,-369.8535923895,
    538.31939298786));
#1433 = CARTESIAN_POINT('',(-163.6199967142,-371.7854440421,
    538.84613621765));
#1434 = CARTESIAN_POINT('',(-165.6199967142,-371.7854440421,
    538.84613621765));
#1435 = PCURVE('',#1070,#1436);
#1436 = DEFINITIONAL_REPRESENTATION('',(#1437),#1441);
#1437 = B_SPLINE_CURVE_WITH_KNOTS('',2,(#1438,#1439,#1440),
  .UNSPECIFIED.,.F.,.F.,(3,3),(0.,1.570796326795),
  .PIECEWISE_BEZIER_KNOTS.);
#1438 = CARTESIAN_POINT('',(0.785398163397,345.));
#1439 = CARTESIAN_POINT('',(-3.90343394862E-13,345.));
#1440 = CARTESIAN_POINT('',(-0.785398163397,345.));
#1441 = ( GEOMETRIC_REPRESENTATION_CONTEXT(2) 
PARAMETRIC_REPRESENTATION_CONTEXT() REPRESENTATION_CONTEXT('2D SPACE',''
  ) );
#1442 = PCURVE('',#1100,#1443);
#1443 = DEFINITIONAL_REPRESENTATION('',(#1444),#1448);
#1444 = B_SPLINE_CURVE_WITH_KNOTS('',2,(#1445,#1446,#1447),
  .UNSPECIFIED.,.F.,.F.,(3,3),(0.,1.570796326795),
  .PIECEWISE_BEZIER_KNOTS.);
#1445 = CARTESIAN_POINT('',(0.,0.));
#1446 = CARTESIAN_POINT('',(8.878694314597E-16,0.785398163397));
#1447 = CARTESIAN_POINT('',(-1.033253357693E-15,1.570796326795));
#1448 = ( GEOMETRIC_REPRESENTATION_CONTEXT(2) 
PARAMETRIC_REPRESENTATION_CONTEXT() REPRESENTATION_CONTEXT('2D SPACE',''
  ) );
#1449 = ORIENTED_EDGE('',*,*,#1056,.T.);
#1450 = ORIENTED_EDGE('',*,*,#1371,.F.);
#1451 = ORIENTED_EDGE('',*,*,#1452,.T.);
#1452 = EDGE_CURVE('',#1372,#1428,#1453,.T.);
#1453 = SURFACE_CURVE('',#1454,(#1457,#1464),.PCURVE_S1.);
#1454 = B_SPLINE_CURVE_WITH_KNOTS('',1,(#1455,#1456),.UNSPECIFIED.,.F.,
  .F.,(2,2),(-115.,345.),.PIECEWISE_BEZIER_KNOTS.);
#1455 = CARTESIAN_POINT('',(-163.6199967142,-488.9103531366,
    86.177918884121));
#1456 = CARTESIAN_POINT('',(-163.6199967142,-369.8535923895,
    538.31939298786));
#1457 = PCURVE('',#1070,#1458);
#1458 = DEFINITIONAL_REPRESENTATION('',(#1459),#1463);
#1459 = B_SPLINE_CURVE_WITH_KNOTS('',2,(#1460,#1461,#1462),
  .UNSPECIFIED.,.F.,.F.,(3,3),(-115.,345.),.PIECEWISE_BEZIER_KNOTS.);
#1460 = CARTESIAN_POINT('',(0.785398163397,-115.));
#1461 = CARTESIAN_POINT('',(0.785398163397,115.));
#1462 = CARTESIAN_POINT('',(0.785398163397,345.));
#1463 = ( GEOMETRIC_REPRESENTATION_CONTEXT(2) 
PARAMETRIC_REPRESENTATION_CONTEXT() REPRESENTATION_CONTEXT('2D SPACE',''
  ) );
#1464 = PCURVE('',#1465,#1470);
#1465 = B_SPLINE_SURFACE_WITH_KNOTS('',1,1,(
    (#1466,#1467)
    ,(#1468,#1469
    )),.UNSPECIFIED.,.F.,.F.,.F.,(2,2),(2,2),(-9.947598300641E-14,460.),
  (10.,18.000000000001),.PIECEWISE_BEZIER_KNOTS.);
#1466 = CARTESIAN_POINT('',(-163.6199967142,-481.1829465263,
    84.070945964977));
#1467 = CARTESIAN_POINT('',(-163.6199967142,-488.9103531366,
    86.177918884121));
#1468 = CARTESIAN_POINT('',(-163.6199967142,-362.1261857792,
    536.21242006872));
#1469 = CARTESIAN_POINT('',(-163.6199967142,-369.8535923895,
    538.31939298786));
#1470 = DEFINITIONAL_REPRESENTATION('',(#1471),#1474);
#1471 = B_SPLINE_CURVE_WITH_KNOTS('',1,(#1472,#1473),.UNSPECIFIED.,.F.,
  .F.,(2,2),(-115.,345.),.PIECEWISE_BEZIER_KNOTS.);
#1472 = CARTESIAN_POINT('',(-2.84217094304E-14,18.));
#1473 = CARTESIAN_POINT('',(460.,18.));
#1474 = ( GEOMETRIC_REPRESENTATION_CONTEXT(2) 
PARAMETRIC_REPRESENTATION_CONTEXT() REPRESENTATION_CONTEXT('2D SPACE',''
  ) );
#1475 = ADVANCED_FACE('',(#1476),#1100,.T.);
#1476 = FACE_BOUND('',#1477,.T.);
#1477 = EDGE_LOOP('',(#1478,#1501,#1502,#1503));
#1478 = ORIENTED_EDGE('',*,*,#1479,.T.);
#1479 = EDGE_CURVE('',#1480,#1085,#1482,.T.);
#1480 = VERTEX_POINT('',#1481);
#1481 = CARTESIAN_POINT('',(-226.6199967142,-353.547992548,
    600.24311661511));
#1482 = SURFACE_CURVE('',#1483,(#1487,#1494),.PCURVE_S1.);
#1483 = ( BOUNDED_CURVE() B_SPLINE_CURVE(2,(#1484,#1485,#1486),
.UNSPECIFIED.,.F.,.F.) B_SPLINE_CURVE_WITH_KNOTS((3,3),(0.,
1.570796326795),.PIECEWISE_BEZIER_KNOTS.) CURVE() 
GEOMETRIC_REPRESENTATION_ITEM() RATIONAL_B_SPLINE_CURVE((1.,
0.707106781187,1.)) REPRESENTATION_ITEM('') );
#1484 = CARTESIAN_POINT('',(-226.6199967142,-353.547992548,
    600.24311661511));
#1485 = CARTESIAN_POINT('',(-226.6199967142,-355.4798442006,
    600.76985984489));
#1486 = CARTESIAN_POINT('',(-226.6199967142,-355.9974822908,
    598.80402734879));
#1487 = PCURVE('',#1100,#1488);
#1488 = DEFINITIONAL_REPRESENTATION('',(#1489),#1493);
#1489 = B_SPLINE_CURVE_WITH_KNOTS('',2,(#1490,#1491,#1492),
  .UNSPECIFIED.,.F.,.F.,(3,3),(0.,1.570796326795),
  .PIECEWISE_BEZIER_KNOTS.);
#1490 = CARTESIAN_POINT('',(1.570796326795,-1.383127350017E-13));
#1491 = CARTESIAN_POINT('',(1.570796326795,0.785398163397));
#1492 = CARTESIAN_POINT('',(1.570796326795,1.570796326795));
#1493 = ( GEOMETRIC_REPRESENTATION_CONTEXT(2) 
PARAMETRIC_REPRESENTATION_CONTEXT() REPRESENTATION_CONTEXT('2D SPACE',''
  ) );
#1494 = PCURVE('',#1131,#1495);
#1495 = DEFINITIONAL_REPRESENTATION('',(#1496),#1500);
#1496 = B_SPLINE_CURVE_WITH_KNOTS('',2,(#1497,#1498,#1499),
  .UNSPECIFIED.,.F.,.F.,(3,3),(0.,1.570796326795),
  .PIECEWISE_BEZIER_KNOTS.);
#1497 = CARTESIAN_POINT('',(0.785398163397,-165.));
#1498 = CARTESIAN_POINT('',(1.049313822107E-13,-165.));
#1499 = CARTESIAN_POINT('',(-0.785398163397,-165.));
#1500 = ( GEOMETRIC_REPRESENTATION_CONTEXT(2) 
PARAMETRIC_REPRESENTATION_CONTEXT() REPRESENTATION_CONTEXT('2D SPACE',''
  ) );
#1501 = ORIENTED_EDGE('',*,*,#1084,.T.);
#1502 = ORIENTED_EDGE('',*,*,#1427,.F.);
#1503 = ORIENTED_EDGE('',*,*,#1504,.T.);
#1504 = EDGE_CURVE('',#1428,#1480,#1505,.T.);
#1505 = SURFACE_CURVE('',#1506,(#1510,#1517),.PCURVE_S1.);
#1506 = ( BOUNDED_CURVE() B_SPLINE_CURVE(2,(#1507,#1508,#1509),
.UNSPECIFIED.,.F.,.F.) B_SPLINE_CURVE_WITH_KNOTS((3,3),(5.497787143782,
7.068583470577),.PIECEWISE_BEZIER_KNOTS.) CURVE() 
GEOMETRIC_REPRESENTATION_ITEM() RATIONAL_B_SPLINE_CURVE((1.,
0.707106781187,1.)) REPRESENTATION_ITEM('') );
#1507 = CARTESIAN_POINT('',(-163.6199967142,-369.8535923895,
    538.31939298786));
#1508 = CARTESIAN_POINT('',(-163.6199967142,-353.547992548,
    600.24311661511));
#1509 = CARTESIAN_POINT('',(-226.6199967142,-353.547992548,
    600.24311661511));
#1510 = PCURVE('',#1100,#1511);
#1511 = DEFINITIONAL_REPRESENTATION('',(#1512),#1516);
#1512 = B_SPLINE_CURVE_WITH_KNOTS('',2,(#1513,#1514,#1515),
  .UNSPECIFIED.,.F.,.F.,(3,3),(5.497787143782,7.068583470577),
  .PIECEWISE_BEZIER_KNOTS.);
#1513 = CARTESIAN_POINT('',(0.,0.));
#1514 = CARTESIAN_POINT('',(0.785398163397,-5.594520653612E-15));
#1515 = CARTESIAN_POINT('',(1.570796326795,9.957788273333E-43));
#1516 = ( GEOMETRIC_REPRESENTATION_CONTEXT(2) 
PARAMETRIC_REPRESENTATION_CONTEXT() REPRESENTATION_CONTEXT('2D SPACE',''
  ) );
#1517 = PCURVE('',#1518,#1525);
#1518 = ( BOUNDED_SURFACE() B_SPLINE_SURFACE(2,1,(
    (#1519,#1520)
    ,(#1521,#1522)
    ,(#1523,#1524
)),.UNSPECIFIED.,.F.,.F.,.F.) B_SPLINE_SURFACE_WITH_KNOTS((3,3),(2,2),(
    4.712388980385,6.28318530718),(10.,18.000000000001),
.PIECEWISE_BEZIER_KNOTS.) GEOMETRIC_REPRESENTATION_ITEM() 
RATIONAL_B_SPLINE_SURFACE((
    (1.,1.)
    ,(0.707106781187,0.707106781187)
,(1.,1.))) REPRESENTATION_ITEM('') SURFACE() );
#1519 = CARTESIAN_POINT('',(-163.6199967142,-362.1261857792,
    536.21242006872));
#1520 = CARTESIAN_POINT('',(-163.6199967142,-369.8535923895,
    538.31939298786));
#1521 = CARTESIAN_POINT('',(-163.6199967142,-345.8205859377,
    598.13614369596));
#1522 = CARTESIAN_POINT('',(-163.6199967142,-353.547992548,
    600.24311661511));
#1523 = CARTESIAN_POINT('',(-226.6199967142,-345.8205859377,
    598.13614369596));
#1524 = CARTESIAN_POINT('',(-226.6199967142,-353.547992548,
    600.24311661511));
#1525 = DEFINITIONAL_REPRESENTATION('',(#1526),#1530);
#1526 = B_SPLINE_CURVE_WITH_KNOTS('',2,(#1527,#1528,#1529),
  .UNSPECIFIED.,.F.,.F.,(3,3),(5.497787143782,7.068583470577),
  .PIECEWISE_BEZIER_KNOTS.);
#1527 = CARTESIAN_POINT('',(4.712388980385,18.000000000001));
#1528 = CARTESIAN_POINT('',(5.497787143782,18.000000000001));
#1529 = CARTESIAN_POINT('',(6.28318530718,18.000000000001));
#1530 = ( GEOMETRIC_REPRESENTATION_CONTEXT(2) 
PARAMETRIC_REPRESENTATION_CONTEXT() REPRESENTATION_CONTEXT('2D SPACE',''
  ) );
#1531 = ADVANCED_FACE('',(#1532),#1131,.T.);
#1532 = FACE_BOUND('',#1533,.T.);
#1533 = EDGE_LOOP('',(#1534,#1557,#1558,#1559));
#1534 = ORIENTED_EDGE('',*,*,#1535,.T.);
#1535 = EDGE_CURVE('',#1536,#1118,#1538,.T.);
#1536 = VERTEX_POINT('',#1537);
#1537 = CARTESIAN_POINT('',(-886.6199967142,-353.547992548,
    600.24311661511));
#1538 = SURFACE_CURVE('',#1539,(#1543,#1550),.PCURVE_S1.);
#1539 = ( BOUNDED_CURVE() B_SPLINE_CURVE(2,(#1540,#1541,#1542),
.UNSPECIFIED.,.F.,.F.) B_SPLINE_CURVE_WITH_KNOTS((3,3),(0.,
1.570796326795),.PIECEWISE_BEZIER_KNOTS.) CURVE() 
GEOMETRIC_REPRESENTATION_ITEM() RATIONAL_B_SPLINE_CURVE((1.,
0.707106781187,1.)) REPRESENTATION_ITEM('') );
#1540 = CARTESIAN_POINT('',(-886.6199967142,-353.547992548,
    600.24311661511));
#1541 = CARTESIAN_POINT('',(-886.6199967142,-355.4798442006,
    600.76985984489));
#1542 = CARTESIAN_POINT('',(-886.6199967142,-355.9974822908,
    598.80402734879));
#1543 = PCURVE('',#1131,#1544);
#1544 = DEFINITIONAL_REPRESENTATION('',(#1545),#1549);
#1545 = B_SPLINE_CURVE_WITH_KNOTS('',2,(#1546,#1547,#1548),
  .UNSPECIFIED.,.F.,.F.,(3,3),(0.,1.570796326795),
  .PIECEWISE_BEZIER_KNOTS.);
#1546 = CARTESIAN_POINT('',(0.785398163397,495.));
#1547 = CARTESIAN_POINT('',(1.858194970443E-14,495.));
#1548 = CARTESIAN_POINT('',(-0.785398163397,495.));
#1549 = ( GEOMETRIC_REPRESENTATION_CONTEXT(2) 
PARAMETRIC_REPRESENTATION_CONTEXT() REPRESENTATION_CONTEXT('2D SPACE',''
  ) );
#1550 = PCURVE('',#1159,#1551);
#1551 = DEFINITIONAL_REPRESENTATION('',(#1552),#1556);
#1552 = B_SPLINE_CURVE_WITH_KNOTS('',2,(#1553,#1554,#1555),
  .UNSPECIFIED.,.F.,.F.,(3,3),(0.,1.570796326795),
  .PIECEWISE_BEZIER_KNOTS.);
#1553 = CARTESIAN_POINT('',(1.570796326795,4.317873325449E-13));
#1554 = CARTESIAN_POINT('',(1.570796326795,0.785398163398));
#1555 = CARTESIAN_POINT('',(1.570796326795,1.570796326795));
#1556 = ( GEOMETRIC_REPRESENTATION_CONTEXT(2) 
PARAMETRIC_REPRESENTATION_CONTEXT() REPRESENTATION_CONTEXT('2D SPACE',''
  ) );
#1557 = ORIENTED_EDGE('',*,*,#1117,.T.);
#1558 = ORIENTED_EDGE('',*,*,#1479,.F.);
#1559 = ORIENTED_EDGE('',*,*,#1560,.T.);
#1560 = EDGE_CURVE('',#1480,#1536,#1561,.T.);
#1561 = SURFACE_CURVE('',#1562,(#1565,#1572),.PCURVE_S1.);
#1562 = B_SPLINE_CURVE_WITH_KNOTS('',1,(#1563,#1564),.UNSPECIFIED.,.F.,
  .F.,(2,2),(-165.,495.),.PIECEWISE_BEZIER_KNOTS.);
#1563 = CARTESIAN_POINT('',(-226.6199967142,-353.547992548,
    600.24311661511));
#1564 = CARTESIAN_POINT('',(-886.6199967142,-353.547992548,
    600.24311661511));
#1565 = PCURVE('',#1131,#1566);
#1566 = DEFINITIONAL_REPRESENTATION('',(#1567),#1571);
#1567 = B_SPLINE_CURVE_WITH_KNOTS('',2,(#1568,#1569,#1570),
  .UNSPECIFIED.,.F.,.F.,(3,3),(-165.,495.),.PIECEWISE_BEZIER_KNOTS.);
#1568 = CARTESIAN_POINT('',(0.785398163397,-165.));
#1569 = CARTESIAN_POINT('',(0.785398163397,165.));
#1570 = CARTESIAN_POINT('',(0.785398163397,495.));
#1571 = ( GEOMETRIC_REPRESENTATION_CONTEXT(2) 
PARAMETRIC_REPRESENTATION_CONTEXT() REPRESENTATION_CONTEXT('2D SPACE',''
  ) );
#1572 = PCURVE('',#1573,#1578);
#1573 = B_SPLINE_SURFACE_WITH_KNOTS('',1,1,(
    (#1574,#1575)
    ,(#1576,#1577
    )),.UNSPECIFIED.,.F.,.F.,.F.,(2,2),(2,2),(0.,660.),(10.000000000001,
    18.000000000001),.PIECEWISE_BEZIER_KNOTS.);
#1574 = CARTESIAN_POINT('',(-226.6199967142,-345.8205859377,
    598.13614369596));
#1575 = CARTESIAN_POINT('',(-226.6199967142,-353.547992548,
    600.24311661511));
#1576 = CARTESIAN_POINT('',(-886.6199967142,-345.8205859377,
    598.13614369596));
#1577 = CARTESIAN_POINT('',(-886.6199967142,-353.547992548,
    600.24311661511));
#1578 = DEFINITIONAL_REPRESENTATION('',(#1579),#1582);
#1579 = B_SPLINE_CURVE_WITH_KNOTS('',1,(#1580,#1581),.UNSPECIFIED.,.F.,
  .F.,(2,2),(-165.,495.),.PIECEWISE_BEZIER_KNOTS.);
#1580 = CARTESIAN_POINT('',(0.,18.000000000001));
#1581 = CARTESIAN_POINT('',(660.,18.000000000001));
#1582 = ( GEOMETRIC_REPRESENTATION_CONTEXT(2) 
PARAMETRIC_REPRESENTATION_CONTEXT() REPRESENTATION_CONTEXT('2D SPACE',''
  ) );
#1583 = ADVANCED_FACE('',(#1584),#1159,.T.);
#1584 = FACE_BOUND('',#1585,.T.);
#1585 = EDGE_LOOP('',(#1586,#1587,#1588,#1589));
#1586 = ORIENTED_EDGE('',*,*,#1189,.F.);
#1587 = ORIENTED_EDGE('',*,*,#1145,.T.);
#1588 = ORIENTED_EDGE('',*,*,#1535,.F.);
#1589 = ORIENTED_EDGE('',*,*,#1590,.T.);
#1590 = EDGE_CURVE('',#1536,#1190,#1591,.T.);
#1591 = SURFACE_CURVE('',#1592,(#1596,#1603),.PCURVE_S1.);
#1592 = ( BOUNDED_CURVE() B_SPLINE_CURVE(2,(#1593,#1594,#1595),
.UNSPECIFIED.,.F.,.F.) B_SPLINE_CURVE_WITH_KNOTS((3,3),(5.497787143782,
7.068583470577),.PIECEWISE_BEZIER_KNOTS.) CURVE() 
GEOMETRIC_REPRESENTATION_ITEM() RATIONAL_B_SPLINE_CURVE((1.,
0.707106781187,1.)) REPRESENTATION_ITEM('') );
#1593 = CARTESIAN_POINT('',(-886.6199967142,-353.547992548,
    600.24311661511));
#1594 = CARTESIAN_POINT('',(-949.6199967142,-353.547992548,
    600.24311661511));
#1595 = CARTESIAN_POINT('',(-949.6199967142,-369.8535923895,
    538.31939298786));
#1596 = PCURVE('',#1159,#1597);
#1597 = DEFINITIONAL_REPRESENTATION('',(#1598),#1602);
#1598 = B_SPLINE_CURVE_WITH_KNOTS('',2,(#1599,#1600,#1601),
  .UNSPECIFIED.,.F.,.F.,(3,3),(5.497787143782,7.068583470577),
  .PIECEWISE_BEZIER_KNOTS.);
#1599 = CARTESIAN_POINT('',(1.570796326795,2.122771221771E-14));
#1600 = CARTESIAN_POINT('',(2.356194490192,7.230461462245E-15));
#1601 = CARTESIAN_POINT('',(3.14159265359,-1.17085022784E-14));
#1602 = ( GEOMETRIC_REPRESENTATION_CONTEXT(2) 
PARAMETRIC_REPRESENTATION_CONTEXT() REPRESENTATION_CONTEXT('2D SPACE',''
  ) );
#1603 = PCURVE('',#1604,#1611);
#1604 = ( BOUNDED_SURFACE() B_SPLINE_SURFACE(2,1,(
    (#1605,#1606)
    ,(#1607,#1608)
    ,(#1609,#1610
)),.UNSPECIFIED.,.F.,.F.,.F.) B_SPLINE_SURFACE_WITH_KNOTS((3,3),(2,2),(
    4.712388980385,6.28318530718),(10.,18.000000000001),
.PIECEWISE_BEZIER_KNOTS.) GEOMETRIC_REPRESENTATION_ITEM() 
RATIONAL_B_SPLINE_SURFACE((
    (1.,1.)
    ,(0.707106781187,0.707106781187)
,(1.,1.))) REPRESENTATION_ITEM('') SURFACE() );
#1605 = CARTESIAN_POINT('',(-886.6199967142,-345.8205859377,
    598.13614369596));
#1606 = CARTESIAN_POINT('',(-886.6199967142,-353.547992548,
    600.24311661511));
#1607 = CARTESIAN_POINT('',(-949.6199967142,-345.8205859377,
    598.13614369597));
#1608 = CARTESIAN_POINT('',(-949.6199967142,-353.547992548,
    600.24311661511));
#1609 = CARTESIAN_POINT('',(-949.6199967142,-362.1261857792,
    536.21242006872));
#1610 = CARTESIAN_POINT('',(-949.6199967142,-369.8535923895,
    538.31939298786));
#1611 = DEFINITIONAL_REPRESENTATION('',(#1612),#1616);
#1612 = B_SPLINE_CURVE_WITH_KNOTS('',2,(#1613,#1614,#1615),
  .UNSPECIFIED.,.F.,.F.,(3,3),(5.497787143782,7.068583470577),
  .PIECEWISE_BEZIER_KNOTS.);
#1613 = CARTESIAN_POINT('',(4.712388980385,18.));
#1614 = CARTESIAN_POINT('',(5.497787143782,18.));
#1615 = CARTESIAN_POINT('',(6.28318530718,18.));
#1616 = ( GEOMETRIC_REPRESENTATION_CONTEXT(2) 
PARAMETRIC_REPRESENTATION_CONTEXT() REPRESENTATION_CONTEXT('2D SPACE',''
  ) );
#1617 = ADVANCED_FACE('',(#1618),#1410,.T.);
#1618 = FACE_BOUND('',#1619,.T.);
#1619 = EDGE_LOOP('',(#1620,#1621,#1642,#1675));
#1620 = ORIENTED_EDGE('',*,*,#1396,.F.);
#1621 = ORIENTED_EDGE('',*,*,#1622,.F.);
#1622 = EDGE_CURVE('',#1623,#1320,#1625,.T.);
#1623 = VERTEX_POINT('',#1624);
#1624 = CARTESIAN_POINT('',(-226.6199967142,-497.4885463678,
    22.147222337726));
#1625 = SURFACE_CURVE('',#1626,(#1629,#1636),.PCURVE_S1.);
#1626 = B_SPLINE_CURVE_WITH_KNOTS('',1,(#1627,#1628),.UNSPECIFIED.,.F.,
  .F.,(2,2),(10.,18.),.PIECEWISE_BEZIER_KNOTS.);
#1627 = CARTESIAN_POINT('',(-226.6199967142,-497.4885463678,
    22.147222337726));
#1628 = CARTESIAN_POINT('',(-226.6199967142,-505.2159529781,
    24.254195256869));
#1629 = PCURVE('',#1410,#1630);
#1630 = DEFINITIONAL_REPRESENTATION('',(#1631),#1635);
#1631 = B_SPLINE_CURVE_WITH_KNOTS('',2,(#1632,#1633,#1634),
  .UNSPECIFIED.,.F.,.F.,(3,3),(10.,18.),.PIECEWISE_BEZIER_KNOTS.);
#1632 = CARTESIAN_POINT('',(4.712388980385,10.000000000001));
#1633 = CARTESIAN_POINT('',(4.712388980385,14.));
#1634 = CARTESIAN_POINT('',(4.712388980385,18.));
#1635 = ( GEOMETRIC_REPRESENTATION_CONTEXT(2) 
PARAMETRIC_REPRESENTATION_CONTEXT() REPRESENTATION_CONTEXT('2D SPACE',''
  ) );
#1636 = PCURVE('',#1357,#1637);
#1637 = DEFINITIONAL_REPRESENTATION('',(#1638),#1641);
#1638 = B_SPLINE_CURVE_WITH_KNOTS('',1,(#1639,#1640),.UNSPECIFIED.,.F.,
  .F.,(2,2),(10.,18.),.PIECEWISE_BEZIER_KNOTS.);
#1639 = CARTESIAN_POINT('',(660.,10.));
#1640 = CARTESIAN_POINT('',(660.,18.));
#1641 = ( GEOMETRIC_REPRESENTATION_CONTEXT(2) 
PARAMETRIC_REPRESENTATION_CONTEXT() REPRESENTATION_CONTEXT('2D SPACE',''
  ) );
#1642 = ORIENTED_EDGE('',*,*,#1643,.F.);
#1643 = EDGE_CURVE('',#1644,#1623,#1646,.T.);
#1644 = VERTEX_POINT('',#1645);
#1645 = CARTESIAN_POINT('',(-163.6199967142,-481.1829465263,
    84.070945964978));
#1646 = SURFACE_CURVE('',#1647,(#1651,#1658),.PCURVE_S1.);
#1647 = ( BOUNDED_CURVE() B_SPLINE_CURVE(2,(#1648,#1649,#1650),
.UNSPECIFIED.,.F.,.F.) B_SPLINE_CURVE_WITH_KNOTS((3,3),(5.497787143782,
7.068583470577),.PIECEWISE_BEZIER_KNOTS.) CURVE() 
GEOMETRIC_REPRESENTATION_ITEM() RATIONAL_B_SPLINE_CURVE((1.,
0.707106781187,1.)) REPRESENTATION_ITEM('') );
#1648 = CARTESIAN_POINT('',(-163.6199967142,-481.1829465263,
    84.070945964978));
#1649 = CARTESIAN_POINT('',(-163.6199967142,-497.4885463678,
    22.147222337726));
#1650 = CARTESIAN_POINT('',(-226.6199967142,-497.4885463678,
    22.147222337726));
#1651 = PCURVE('',#1410,#1652);
#1652 = DEFINITIONAL_REPRESENTATION('',(#1653),#1657);
#1653 = B_SPLINE_CURVE_WITH_KNOTS('',2,(#1654,#1655,#1656),
  .UNSPECIFIED.,.F.,.F.,(3,3),(5.497787143782,7.068583470577),
  .PIECEWISE_BEZIER_KNOTS.);
#1654 = CARTESIAN_POINT('',(6.28318530718,10.));
#1655 = CARTESIAN_POINT('',(5.497787143782,10.));
#1656 = CARTESIAN_POINT('',(4.712388980385,10.));
#1657 = ( GEOMETRIC_REPRESENTATION_CONTEXT(2) 
PARAMETRIC_REPRESENTATION_CONTEXT() REPRESENTATION_CONTEXT('2D SPACE',''
  ) );
#1658 = PCURVE('',#1659,#1669);
#1659 = ( BOUNDED_SURFACE() B_SPLINE_SURFACE(2,2,(
    (#1660,#1661,#1662)
    ,(#1663,#1664,#1665)
    ,(#1666,#1667,#1668
)),.UNSPECIFIED.,.F.,.F.,.F.) B_SPLINE_SURFACE_WITH_KNOTS((3,3),(3,3),(
    3.14159265359,4.712388980385),(0.,1.570796326795),
.PIECEWISE_BEZIER_KNOTS.) GEOMETRIC_REPRESENTATION_ITEM() 
RATIONAL_B_SPLINE_SURFACE((
    (1.,0.707106781187,1.)
    ,(0.707106781187,0.5,0.707106781187)
,(1.,0.707106781187,1.))) REPRESENTATION_ITEM('') SURFACE() );
#1660 = CARTESIAN_POINT('',(-163.6199967142,-481.1829465263,
    84.070945964978));
#1661 = CARTESIAN_POINT('',(-163.6199967142,-471.5236882634,
    81.43722981605));
#1662 = CARTESIAN_POINT('',(-173.6199967142,-471.5236882634,
    81.43722981605));
#1663 = CARTESIAN_POINT('',(-163.6199967142,-497.4885463678,
    22.147222337726));
#1664 = CARTESIAN_POINT('',(-163.6199967142,-487.8292881049,
    19.513506188798));
#1665 = CARTESIAN_POINT('',(-173.6199967142,-485.2410976539,
    29.342668669314));
#1666 = CARTESIAN_POINT('',(-226.6199967142,-497.4885463678,
    22.147222337726));
#1667 = CARTESIAN_POINT('',(-226.6199967142,-487.8292881049,
    19.513506188798));
#1668 = CARTESIAN_POINT('',(-226.6199967142,-485.2410976539,
    29.342668669314));
#1669 = DEFINITIONAL_REPRESENTATION('',(#1670),#1674);
#1670 = B_SPLINE_CURVE_WITH_KNOTS('',2,(#1671,#1672,#1673),
  .UNSPECIFIED.,.F.,.F.,(3,3),(5.497787143782,7.068583470577),
  .PIECEWISE_BEZIER_KNOTS.);
#1671 = CARTESIAN_POINT('',(3.14159265359,-2.99455855446E-15));
#1672 = CARTESIAN_POINT('',(3.926990816987,6.657294887045E-15));
#1673 = CARTESIAN_POINT('',(4.712388980385,0.));
#1674 = ( GEOMETRIC_REPRESENTATION_CONTEXT(2) 
PARAMETRIC_REPRESENTATION_CONTEXT() REPRESENTATION_CONTEXT('2D SPACE',''
  ) );
#1675 = ORIENTED_EDGE('',*,*,#1676,.T.);
#1676 = EDGE_CURVE('',#1644,#1372,#1677,.T.);
#1677 = SURFACE_CURVE('',#1678,(#1681,#1688),.PCURVE_S1.);
#1678 = B_SPLINE_CURVE_WITH_KNOTS('',1,(#1679,#1680),.UNSPECIFIED.,.F.,
  .F.,(2,2),(10.,18.),.PIECEWISE_BEZIER_KNOTS.);
#1679 = CARTESIAN_POINT('',(-163.6199967142,-481.1829465263,
    84.070945964978));
#1680 = CARTESIAN_POINT('',(-163.6199967142,-488.9103531366,
    86.177918884121));
#1681 = PCURVE('',#1410,#1682);
#1682 = DEFINITIONAL_REPRESENTATION('',(#1683),#1687);
#1683 = B_SPLINE_CURVE_WITH_KNOTS('',2,(#1684,#1685,#1686),
  .UNSPECIFIED.,.F.,.F.,(3,3),(10.,18.),.PIECEWISE_BEZIER_KNOTS.);
#1684 = CARTESIAN_POINT('',(6.28318530718,10.));
#1685 = CARTESIAN_POINT('',(6.28318530718,14.));
#1686 = CARTESIAN_POINT('',(6.28318530718,18.));
#1687 = ( GEOMETRIC_REPRESENTATION_CONTEXT(2) 
PARAMETRIC_REPRESENTATION_CONTEXT() REPRESENTATION_CONTEXT('2D SPACE',''
  ) );
#1688 = PCURVE('',#1465,#1689);
#1689 = DEFINITIONAL_REPRESENTATION('',(#1690),#1693);
#1690 = B_SPLINE_CURVE_WITH_KNOTS('',1,(#1691,#1692),.UNSPECIFIED.,.F.,
  .F.,(2,2),(10.,18.),.PIECEWISE_BEZIER_KNOTS.);
#1691 = CARTESIAN_POINT('',(-2.84217094304E-14,10.));
#1692 = CARTESIAN_POINT('',(0.,18.));
#1693 = ( GEOMETRIC_REPRESENTATION_CONTEXT(2) 
PARAMETRIC_REPRESENTATION_CONTEXT() REPRESENTATION_CONTEXT('2D SPACE',''
  ) );
#1694 = ADVANCED_FACE('',(#1695),#1357,.T.);
#1695 = FACE_BOUND('',#1696,.T.);
#1696 = EDGE_LOOP('',(#1697,#1698,#1719,#1745));
#1697 = ORIENTED_EDGE('',*,*,#1344,.F.);
#1698 = ORIENTED_EDGE('',*,*,#1699,.F.);
#1699 = EDGE_CURVE('',#1700,#1264,#1702,.T.);
#1700 = VERTEX_POINT('',#1701);
#1701 = CARTESIAN_POINT('',(-886.6199967142,-497.4885463678,
    22.147222337726));
#1702 = SURFACE_CURVE('',#1703,(#1706,#1712),.PCURVE_S1.);
#1703 = B_SPLINE_CURVE_WITH_KNOTS('',1,(#1704,#1705),.UNSPECIFIED.,.F.,
  .F.,(2,2),(9.999999999999,18.),.PIECEWISE_BEZIER_KNOTS.);
#1704 = CARTESIAN_POINT('',(-886.6199967142,-497.4885463678,
    22.147222337726));
#1705 = CARTESIAN_POINT('',(-886.6199967142,-505.2159529781,
    24.254195256869));
#1706 = PCURVE('',#1357,#1707);
#1707 = DEFINITIONAL_REPRESENTATION('',(#1708),#1711);
#1708 = B_SPLINE_CURVE_WITH_KNOTS('',1,(#1709,#1710),.UNSPECIFIED.,.F.,
  .F.,(2,2),(9.999999999999,18.),.PIECEWISE_BEZIER_KNOTS.);
#1709 = CARTESIAN_POINT('',(0.,9.999999999999));
#1710 = CARTESIAN_POINT('',(0.,18.));
#1711 = ( GEOMETRIC_REPRESENTATION_CONTEXT(2) 
PARAMETRIC_REPRESENTATION_CONTEXT() REPRESENTATION_CONTEXT('2D SPACE',''
  ) );
#1712 = PCURVE('',#1302,#1713);
#1713 = DEFINITIONAL_REPRESENTATION('',(#1714),#1718);
#1714 = B_SPLINE_CURVE_WITH_KNOTS('',2,(#1715,#1716,#1717),
  .UNSPECIFIED.,.F.,.F.,(3,3),(9.999999999999,18.),
  .PIECEWISE_BEZIER_KNOTS.);
#1715 = CARTESIAN_POINT('',(6.28318530718,10.));
#1716 = CARTESIAN_POINT('',(6.28318530718,14.));
#1717 = CARTESIAN_POINT('',(6.28318530718,18.));
#1718 = ( GEOMETRIC_REPRESENTATION_CONTEXT(2) 
PARAMETRIC_REPRESENTATION_CONTEXT() REPRESENTATION_CONTEXT('2D SPACE',''
  ) );
#1719 = ORIENTED_EDGE('',*,*,#1720,.F.);
#1720 = EDGE_CURVE('',#1623,#1700,#1721,.T.);
#1721 = SURFACE_CURVE('',#1722,(#1725,#1731),.PCURVE_S1.);
#1722 = B_SPLINE_CURVE_WITH_KNOTS('',1,(#1723,#1724),.UNSPECIFIED.,.F.,
  .F.,(2,2),(-495.,165.),.PIECEWISE_BEZIER_KNOTS.);
#1723 = CARTESIAN_POINT('',(-226.6199967142,-497.4885463678,
    22.147222337726));
#1724 = CARTESIAN_POINT('',(-886.6199967142,-497.4885463678,
    22.147222337726));
#1725 = PCURVE('',#1357,#1726);
#1726 = DEFINITIONAL_REPRESENTATION('',(#1727),#1730);
#1727 = B_SPLINE_CURVE_WITH_KNOTS('',1,(#1728,#1729),.UNSPECIFIED.,.F.,
  .F.,(2,2),(-495.,165.),.PIECEWISE_BEZIER_KNOTS.);
#1728 = CARTESIAN_POINT('',(660.,9.999999999999));
#1729 = CARTESIAN_POINT('',(0.,9.999999999999));
#1730 = ( GEOMETRIC_REPRESENTATION_CONTEXT(2) 
PARAMETRIC_REPRESENTATION_CONTEXT() REPRESENTATION_CONTEXT('2D SPACE',''
  ) );
#1731 = PCURVE('',#1732,#1739);
#1732 = ( BOUNDED_SURFACE() B_SPLINE_SURFACE(2,1,(
    (#1733,#1734)
    ,(#1735,#1736)
    ,(#1737,#1738
)),.UNSPECIFIED.,.F.,.F.,.F.) B_SPLINE_SURFACE_WITH_KNOTS((3,3),(2,2),(
    -0.785398163397,0.785398163397),(-495.,165.),
.PIECEWISE_BEZIER_KNOTS.) GEOMETRIC_REPRESENTATION_ITEM() 
RATIONAL_B_SPLINE_SURFACE((
    (1.,1.)
    ,(0.707106781187,0.707106781187)
,(1.,1.))) REPRESENTATION_ITEM('') SURFACE() );
#1733 = CARTESIAN_POINT('',(-226.6199967142,-485.2410976539,
    29.342668669313));
#1734 = CARTESIAN_POINT('',(-886.6199967142,-485.2410976539,
    29.342668669313));
#1735 = CARTESIAN_POINT('',(-226.6199967142,-487.8292881049,
    19.513506188798));
#1736 = CARTESIAN_POINT('',(-886.6199967142,-487.8292881049,
    19.513506188798));
#1737 = CARTESIAN_POINT('',(-226.6199967142,-497.4885463678,
    22.147222337726));
#1738 = CARTESIAN_POINT('',(-886.6199967142,-497.4885463678,
    22.147222337726));
#1739 = DEFINITIONAL_REPRESENTATION('',(#1740),#1744);
#1740 = B_SPLINE_CURVE_WITH_KNOTS('',2,(#1741,#1742,#1743),
  .UNSPECIFIED.,.F.,.F.,(3,3),(-495.,165.),.PIECEWISE_BEZIER_KNOTS.);
#1741 = CARTESIAN_POINT('',(0.785398163397,-495.));
#1742 = CARTESIAN_POINT('',(0.785398163397,-165.));
#1743 = CARTESIAN_POINT('',(0.785398163397,165.));
#1744 = ( GEOMETRIC_REPRESENTATION_CONTEXT(2) 
PARAMETRIC_REPRESENTATION_CONTEXT() REPRESENTATION_CONTEXT('2D SPACE',''
  ) );
#1745 = ORIENTED_EDGE('',*,*,#1622,.T.);
#1746 = ADVANCED_FACE('',(#1747),#1302,.T.);
#1747 = FACE_BOUND('',#1748,.T.);
#1748 = EDGE_LOOP('',(#1749,#1750,#1771,#1802));
#1749 = ORIENTED_EDGE('',*,*,#1288,.F.);
#1750 = ORIENTED_EDGE('',*,*,#1751,.F.);
#1751 = EDGE_CURVE('',#1752,#1213,#1754,.T.);
#1752 = VERTEX_POINT('',#1753);
#1753 = CARTESIAN_POINT('',(-949.6199967142,-481.1829465263,
    84.070945964977));
#1754 = SURFACE_CURVE('',#1755,(#1758,#1765),.PCURVE_S1.);
#1755 = B_SPLINE_CURVE_WITH_KNOTS('',1,(#1756,#1757),.UNSPECIFIED.,.F.,
  .F.,(2,2),(10.,18.),.PIECEWISE_BEZIER_KNOTS.);
#1756 = CARTESIAN_POINT('',(-949.6199967142,-481.1829465263,
    84.070945964977));
#1757 = CARTESIAN_POINT('',(-949.6199967142,-488.9103531366,
    86.17791888412));
#1758 = PCURVE('',#1302,#1759);
#1759 = DEFINITIONAL_REPRESENTATION('',(#1760),#1764);
#1760 = B_SPLINE_CURVE_WITH_KNOTS('',2,(#1761,#1762,#1763),
  .UNSPECIFIED.,.F.,.F.,(3,3),(10.,18.),.PIECEWISE_BEZIER_KNOTS.);
#1761 = CARTESIAN_POINT('',(4.712388980385,10.));
#1762 = CARTESIAN_POINT('',(4.712388980385,14.));
#1763 = CARTESIAN_POINT('',(4.712388980385,18.));
#1764 = ( GEOMETRIC_REPRESENTATION_CONTEXT(2) 
PARAMETRIC_REPRESENTATION_CONTEXT() REPRESENTATION_CONTEXT('2D SPACE',''
  ) );
#1765 = PCURVE('',#1227,#1766);
#1766 = DEFINITIONAL_REPRESENTATION('',(#1767),#1770);
#1767 = B_SPLINE_CURVE_WITH_KNOTS('',1,(#1768,#1769),.UNSPECIFIED.,.F.,
  .F.,(2,2),(10.,18.),.PIECEWISE_BEZIER_KNOTS.);
#1768 = CARTESIAN_POINT('',(460.,10.000000000001));
#1769 = CARTESIAN_POINT('',(460.,18.));
#1770 = ( GEOMETRIC_REPRESENTATION_CONTEXT(2) 
PARAMETRIC_REPRESENTATION_CONTEXT() REPRESENTATION_CONTEXT('2D SPACE',''
  ) );
#1771 = ORIENTED_EDGE('',*,*,#1772,.F.);
#1772 = EDGE_CURVE('',#1700,#1752,#1773,.T.);
#1773 = SURFACE_CURVE('',#1774,(#1778,#1785),.PCURVE_S1.);
#1774 = ( BOUNDED_CURVE() B_SPLINE_CURVE(2,(#1775,#1776,#1777),
.UNSPECIFIED.,.F.,.F.) B_SPLINE_CURVE_WITH_KNOTS((3,3),(5.497787143782,
7.068583470577),.PIECEWISE_BEZIER_KNOTS.) CURVE() 
GEOMETRIC_REPRESENTATION_ITEM() RATIONAL_B_SPLINE_CURVE((1.,
0.707106781187,1.)) REPRESENTATION_ITEM('') );
#1775 = CARTESIAN_POINT('',(-886.6199967142,-497.4885463678,
    22.147222337726));
#1776 = CARTESIAN_POINT('',(-949.6199967142,-497.4885463678,
    22.147222337726));
#1777 = CARTESIAN_POINT('',(-949.6199967142,-481.1829465263,
    84.070945964977));
#1778 = PCURVE('',#1302,#1779);
#1779 = DEFINITIONAL_REPRESENTATION('',(#1780),#1784);
#1780 = B_SPLINE_CURVE_WITH_KNOTS('',2,(#1781,#1782,#1783),
  .UNSPECIFIED.,.F.,.F.,(3,3),(5.497787143782,7.068583470577),
  .PIECEWISE_BEZIER_KNOTS.);
#1781 = CARTESIAN_POINT('',(6.28318530718,10.));
#1782 = CARTESIAN_POINT('',(5.497787143782,10.));
#1783 = CARTESIAN_POINT('',(4.712388980385,10.));
#1784 = ( GEOMETRIC_REPRESENTATION_CONTEXT(2) 
PARAMETRIC_REPRESENTATION_CONTEXT() REPRESENTATION_CONTEXT('2D SPACE',''
  ) );
#1785 = PCURVE('',#1786,#1796);
#1786 = ( BOUNDED_SURFACE() B_SPLINE_SURFACE(2,2,(
    (#1787,#1788,#1789)
    ,(#1790,#1791,#1792)
    ,(#1793,#1794,#1795
)),.UNSPECIFIED.,.F.,.F.,.F.) B_SPLINE_SURFACE_WITH_KNOTS((3,3),(3,3),(
    4.712388980385,6.28318530718),(0.,1.570796326795),
.PIECEWISE_BEZIER_KNOTS.) GEOMETRIC_REPRESENTATION_ITEM() 
RATIONAL_B_SPLINE_SURFACE((
    (1.,0.707106781187,1.)
    ,(0.707106781187,0.5,0.707106781187)
,(1.,0.707106781187,1.))) REPRESENTATION_ITEM('') SURFACE() );
#1787 = CARTESIAN_POINT('',(-886.6199967142,-497.4885463678,
    22.147222337726));
#1788 = CARTESIAN_POINT('',(-886.6199967142,-487.8292881049,
    19.513506188798));
#1789 = CARTESIAN_POINT('',(-886.6199967142,-485.2410976539,
    29.342668669314));
#1790 = CARTESIAN_POINT('',(-949.6199967142,-497.4885463678,
    22.147222337725));
#1791 = CARTESIAN_POINT('',(-949.6199967142,-487.8292881049,
    19.513506188797));
#1792 = CARTESIAN_POINT('',(-939.6199967142,-485.2410976539,
    29.342668669313));
#1793 = CARTESIAN_POINT('',(-949.6199967142,-481.1829465263,
    84.070945964977));
#1794 = CARTESIAN_POINT('',(-949.6199967142,-471.5236882634,
    81.437229816049));
#1795 = CARTESIAN_POINT('',(-939.6199967142,-471.5236882634,
    81.437229816049));
#1796 = DEFINITIONAL_REPRESENTATION('',(#1797),#1801);
#1797 = B_SPLINE_CURVE_WITH_KNOTS('',2,(#1798,#1799,#1800),
  .UNSPECIFIED.,.F.,.F.,(3,3),(5.497787143782,7.068583470577),
  .PIECEWISE_BEZIER_KNOTS.);
#1798 = CARTESIAN_POINT('',(4.712388980385,0.));
#1799 = CARTESIAN_POINT('',(5.497787143782,1.157679025727E-15));
#1800 = CARTESIAN_POINT('',(6.28318530718,0.));
#1801 = ( GEOMETRIC_REPRESENTATION_CONTEXT(2) 
PARAMETRIC_REPRESENTATION_CONTEXT() REPRESENTATION_CONTEXT('2D SPACE',''
  ) );
#1802 = ORIENTED_EDGE('',*,*,#1699,.T.);
#1803 = ADVANCED_FACE('',(#1804),#1227,.T.);
#1804 = FACE_BOUND('',#1805,.T.);
#1805 = EDGE_LOOP('',(#1806,#1807,#1828,#1854));
#1806 = ORIENTED_EDGE('',*,*,#1212,.F.);
#1807 = ORIENTED_EDGE('',*,*,#1808,.F.);
#1808 = EDGE_CURVE('',#1809,#1190,#1811,.T.);
#1809 = VERTEX_POINT('',#1810);
#1810 = CARTESIAN_POINT('',(-949.6199967142,-362.1261857792,
    536.21242006872));
#1811 = SURFACE_CURVE('',#1812,(#1815,#1821),.PCURVE_S1.);
#1812 = B_SPLINE_CURVE_WITH_KNOTS('',1,(#1813,#1814),.UNSPECIFIED.,.F.,
  .F.,(2,2),(10.,18.),.PIECEWISE_BEZIER_KNOTS.);
#1813 = CARTESIAN_POINT('',(-949.6199967142,-362.1261857792,
    536.21242006872));
#1814 = CARTESIAN_POINT('',(-949.6199967142,-369.8535923895,
    538.31939298786));
#1815 = PCURVE('',#1227,#1816);
#1816 = DEFINITIONAL_REPRESENTATION('',(#1817),#1820);
#1817 = B_SPLINE_CURVE_WITH_KNOTS('',1,(#1818,#1819),.UNSPECIFIED.,.F.,
  .F.,(2,2),(10.,18.),.PIECEWISE_BEZIER_KNOTS.);
#1818 = CARTESIAN_POINT('',(0.,10.));
#1819 = CARTESIAN_POINT('',(-2.84217094304E-14,18.));
#1820 = ( GEOMETRIC_REPRESENTATION_CONTEXT(2) 
PARAMETRIC_REPRESENTATION_CONTEXT() REPRESENTATION_CONTEXT('2D SPACE',''
  ) );
#1821 = PCURVE('',#1604,#1822);
#1822 = DEFINITIONAL_REPRESENTATION('',(#1823),#1827);
#1823 = B_SPLINE_CURVE_WITH_KNOTS('',2,(#1824,#1825,#1826),
  .UNSPECIFIED.,.F.,.F.,(3,3),(10.,18.),.PIECEWISE_BEZIER_KNOTS.);
#1824 = CARTESIAN_POINT('',(6.28318530718,10.));
#1825 = CARTESIAN_POINT('',(6.28318530718,14.));
#1826 = CARTESIAN_POINT('',(6.28318530718,18.));
#1827 = ( GEOMETRIC_REPRESENTATION_CONTEXT(2) 
PARAMETRIC_REPRESENTATION_CONTEXT() REPRESENTATION_CONTEXT('2D SPACE',''
  ) );
#1828 = ORIENTED_EDGE('',*,*,#1829,.F.);
#1829 = EDGE_CURVE('',#1752,#1809,#1830,.T.);
#1830 = SURFACE_CURVE('',#1831,(#1834,#1840),.PCURVE_S1.);
#1831 = B_SPLINE_CURVE_WITH_KNOTS('',1,(#1832,#1833),.UNSPECIFIED.,.F.,
  .F.,(2,2),(-345.,115.),.PIECEWISE_BEZIER_KNOTS.);
#1832 = CARTESIAN_POINT('',(-949.6199967142,-481.1829465263,
    84.070945964977));
#1833 = CARTESIAN_POINT('',(-949.6199967142,-362.1261857792,
    536.21242006872));
#1834 = PCURVE('',#1227,#1835);
#1835 = DEFINITIONAL_REPRESENTATION('',(#1836),#1839);
#1836 = B_SPLINE_CURVE_WITH_KNOTS('',1,(#1837,#1838),.UNSPECIFIED.,.F.,
  .F.,(2,2),(-345.,115.),.PIECEWISE_BEZIER_KNOTS.);
#1837 = CARTESIAN_POINT('',(460.,10.));
#1838 = CARTESIAN_POINT('',(3.694822225953E-13,10.));
#1839 = ( GEOMETRIC_REPRESENTATION_CONTEXT(2) 
PARAMETRIC_REPRESENTATION_CONTEXT() REPRESENTATION_CONTEXT('2D SPACE',''
  ) );
#1840 = PCURVE('',#1841,#1848);
#1841 = ( BOUNDED_SURFACE() B_SPLINE_SURFACE(2,1,(
    (#1842,#1843)
    ,(#1844,#1845)
    ,(#1846,#1847
)),.UNSPECIFIED.,.F.,.F.,.F.) B_SPLINE_SURFACE_WITH_KNOTS((3,3),(2,2),(
    -0.785398163397,0.785398163397),(-345.,115.),
.PIECEWISE_BEZIER_KNOTS.) GEOMETRIC_REPRESENTATION_ITEM() 
RATIONAL_B_SPLINE_SURFACE((
    (1.,1.)
    ,(0.707106781187,0.707106781187)
,(1.,1.))) REPRESENTATION_ITEM('') SURFACE() );
#1842 = CARTESIAN_POINT('',(-939.6199967142,-471.5236882634,
    81.437229816049));
#1843 = CARTESIAN_POINT('',(-939.6199967142,-352.4669275163,
    533.57870391979));
#1844 = CARTESIAN_POINT('',(-949.6199967142,-471.5236882634,
    81.437229816049));
#1845 = CARTESIAN_POINT('',(-949.6199967142,-352.4669275163,
    533.57870391979));
#1846 = CARTESIAN_POINT('',(-949.6199967142,-481.1829465263,
    84.070945964977));
#1847 = CARTESIAN_POINT('',(-949.6199967142,-362.1261857792,
    536.21242006872));
#1848 = DEFINITIONAL_REPRESENTATION('',(#1849),#1853);
#1849 = B_SPLINE_CURVE_WITH_KNOTS('',2,(#1850,#1851,#1852),
  .UNSPECIFIED.,.F.,.F.,(3,3),(-345.,115.),.PIECEWISE_BEZIER_KNOTS.);
#1850 = CARTESIAN_POINT('',(0.785398163397,-345.));
#1851 = CARTESIAN_POINT('',(0.785398163397,-115.));
#1852 = CARTESIAN_POINT('',(0.785398163397,115.));
#1853 = ( GEOMETRIC_REPRESENTATION_CONTEXT(2) 
PARAMETRIC_REPRESENTATION_CONTEXT() REPRESENTATION_CONTEXT('2D SPACE',''
  ) );
#1854 = ORIENTED_EDGE('',*,*,#1751,.T.);
#1855 = ADVANCED_FACE('',(#1856),#1870,.T.);
#1856 = FACE_BOUND('',#1857,.T.);
#1857 = EDGE_LOOP('',(#1858,#1900,#1919,#1942));
#1858 = ORIENTED_EDGE('',*,*,#1859,.T.);
#1859 = EDGE_CURVE('',#1860,#1862,#1864,.T.);
#1860 = VERTEX_POINT('',#1861);
#1861 = CARTESIAN_POINT('',(-938.6199967142,-352.4669275163,
    533.57870391979));
#1862 = VERTEX_POINT('',#1863);
#1863 = CARTESIAN_POINT('',(-936.6199967142,-354.3987791689,
    534.10544714957));
#1864 = SURFACE_CURVE('',#1865,(#1869,#1883),.PCURVE_S1.);
#1865 = ( BOUNDED_CURVE() B_SPLINE_CURVE(2,(#1866,#1867,#1868),
.UNSPECIFIED.,.F.,.F.) B_SPLINE_CURVE_WITH_KNOTS((3,3),(0.,
1.570796326795),.PIECEWISE_BEZIER_KNOTS.) CURVE() 
GEOMETRIC_REPRESENTATION_ITEM() RATIONAL_B_SPLINE_CURVE((1.,
0.707106781187,1.)) REPRESENTATION_ITEM('') );
#1866 = CARTESIAN_POINT('',(-938.6199967142,-352.4669275163,
    533.57870391979));
#1867 = CARTESIAN_POINT('',(-936.6199967142,-352.4669275163,
    533.57870391979));
#1868 = CARTESIAN_POINT('',(-936.6199967142,-354.3987791689,
    534.10544714957));
#1869 = PCURVE('',#1870,#1877);
#1870 = ( BOUNDED_SURFACE() B_SPLINE_SURFACE(2,1,(
    (#1871,#1872)
    ,(#1873,#1874)
    ,(#1875,#1876
)),.UNSPECIFIED.,.F.,.F.,.F.) B_SPLINE_SURFACE_WITH_KNOTS((3,3),(2,2),(
    5.497787143782,7.068583470577),(-345.,115.),
.PIECEWISE_BEZIER_KNOTS.) GEOMETRIC_REPRESENTATION_ITEM() 
RATIONAL_B_SPLINE_SURFACE((
    (1.,1.)
    ,(0.707106781187,0.707106781187)
,(1.,1.))) REPRESENTATION_ITEM('') SURFACE() );
#1871 = CARTESIAN_POINT('',(-938.6199967142,-352.4669275163,
    533.57870391979));
#1872 = CARTESIAN_POINT('',(-938.6199967142,-471.5236882634,
    81.437229816049));
#1873 = CARTESIAN_POINT('',(-936.6199967142,-352.4669275163,
    533.57870391979));
#1874 = CARTESIAN_POINT('',(-936.6199967142,-471.5236882634,
    81.437229816049));
#1875 = CARTESIAN_POINT('',(-936.6199967142,-354.3987791689,
    534.10544714957));
#1876 = CARTESIAN_POINT('',(-936.6199967142,-473.455539916,
    81.963973045835));
#1877 = DEFINITIONAL_REPRESENTATION('',(#1878),#1882);
#1878 = B_SPLINE_CURVE_WITH_KNOTS('',2,(#1879,#1880,#1881),
  .UNSPECIFIED.,.F.,.F.,(3,3),(0.,1.570796326795),
  .PIECEWISE_BEZIER_KNOTS.);
#1879 = CARTESIAN_POINT('',(5.497787143782,-345.));
#1880 = CARTESIAN_POINT('',(6.283185307179,-345.));
#1881 = CARTESIAN_POINT('',(7.068583470577,-345.));
#1882 = ( GEOMETRIC_REPRESENTATION_CONTEXT(2) 
PARAMETRIC_REPRESENTATION_CONTEXT() REPRESENTATION_CONTEXT('2D SPACE',''
  ) );
#1883 = PCURVE('',#1884,#1894);
#1884 = ( BOUNDED_SURFACE() B_SPLINE_SURFACE(2,2,(
    (#1885,#1886,#1887)
    ,(#1888,#1889,#1890)
    ,(#1891,#1892,#1893
)),.UNSPECIFIED.,.F.,.F.,.F.) B_SPLINE_SURFACE_WITH_KNOTS((3,3),(3,3),(
    1.570796326795,3.14159265359),(3.14159265359,4.712388980385),
.PIECEWISE_BEZIER_KNOTS.) GEOMETRIC_REPRESENTATION_ITEM() 
RATIONAL_B_SPLINE_SURFACE((
    (1.,0.707106781186,1.)
    ,(0.707106781187,0.5,0.707106781187)
,(1.,0.707106781186,1.))) REPRESENTATION_ITEM('') SURFACE() );
#1885 = CARTESIAN_POINT('',(-886.6199967142,-341.4578269137,
    583.25125955215));
#1886 = CARTESIAN_POINT('',(-886.6199967142,-339.5259752612,
    582.72451632236));
#1887 = CARTESIAN_POINT('',(-886.6199967142,-339.0083371709,
    584.69034881846));
#1888 = CARTESIAN_POINT('',(-936.6199967142,-341.4578269137,
    583.25125955215));
#1889 = CARTESIAN_POINT('',(-936.6199967142,-339.5259752612,
    582.72451632236));
#1890 = CARTESIAN_POINT('',(-938.6199967142,-339.0083371709,
    584.69034881846));
#1891 = CARTESIAN_POINT('',(-936.6199967142,-354.3987791689,
    534.10544714957));
#1892 = CARTESIAN_POINT('',(-936.6199967142,-352.4669275163,
    533.57870391979));
#1893 = CARTESIAN_POINT('',(-938.6199967142,-352.4669275163,
    533.57870391979));
#1894 = DEFINITIONAL_REPRESENTATION('',(#1895),#1899);
#1895 = B_SPLINE_CURVE_WITH_KNOTS('',2,(#1896,#1897,#1898),
  .UNSPECIFIED.,.F.,.F.,(3,3),(0.,1.570796326795),
  .PIECEWISE_BEZIER_KNOTS.);
#1896 = CARTESIAN_POINT('',(3.14159265359,4.712388980385));
#1897 = CARTESIAN_POINT('',(3.14159265359,3.926990816987));
#1898 = CARTESIAN_POINT('',(3.14159265359,3.14159265359));
#1899 = ( GEOMETRIC_REPRESENTATION_CONTEXT(2) 
PARAMETRIC_REPRESENTATION_CONTEXT() REPRESENTATION_CONTEXT('2D SPACE',''
  ) );
#1900 = ORIENTED_EDGE('',*,*,#1901,.T.);
#1901 = EDGE_CURVE('',#1862,#695,#1902,.T.);
#1902 = SURFACE_CURVE('',#1903,(#1906,#1913),.PCURVE_S1.);
#1903 = B_SPLINE_CURVE_WITH_KNOTS('',1,(#1904,#1905),.UNSPECIFIED.,.F.,
  .F.,(2,2),(-345.,115.),.PIECEWISE_BEZIER_KNOTS.);
#1904 = CARTESIAN_POINT('',(-936.6199967142,-354.3987791689,
    534.10544714957));
#1905 = CARTESIAN_POINT('',(-936.6199967142,-473.455539916,
    81.963973045835));
#1906 = PCURVE('',#1870,#1907);
#1907 = DEFINITIONAL_REPRESENTATION('',(#1908),#1912);
#1908 = B_SPLINE_CURVE_WITH_KNOTS('',2,(#1909,#1910,#1911),
  .UNSPECIFIED.,.F.,.F.,(3,3),(-345.,115.),.PIECEWISE_BEZIER_KNOTS.);
#1909 = CARTESIAN_POINT('',(7.068583470577,-345.));
#1910 = CARTESIAN_POINT('',(7.068583470577,-115.));
#1911 = CARTESIAN_POINT('',(7.068583470577,115.));
#1912 = ( GEOMETRIC_REPRESENTATION_CONTEXT(2) 
PARAMETRIC_REPRESENTATION_CONTEXT() REPRESENTATION_CONTEXT('2D SPACE',''
  ) );
#1913 = PCURVE('',#469,#1914);
#1914 = DEFINITIONAL_REPRESENTATION('',(#1915),#1918);
#1915 = B_SPLINE_CURVE_WITH_KNOTS('',1,(#1916,#1917),.UNSPECIFIED.,.F.,
  .F.,(2,2),(-345.,115.),.PIECEWISE_BEZIER_KNOTS.);
#1916 = CARTESIAN_POINT('',(460.,2.));
#1917 = CARTESIAN_POINT('',(-2.84217094304E-14,2.));
#1918 = ( GEOMETRIC_REPRESENTATION_CONTEXT(2) 
PARAMETRIC_REPRESENTATION_CONTEXT() REPRESENTATION_CONTEXT('2D SPACE',''
  ) );
#1919 = ORIENTED_EDGE('',*,*,#1920,.T.);
#1920 = EDGE_CURVE('',#695,#1921,#1923,.T.);
#1921 = VERTEX_POINT('',#1922);
#1922 = CARTESIAN_POINT('',(-938.6199967142,-471.5236882634,
    81.43722981605));
#1923 = SURFACE_CURVE('',#1924,(#1928,#1935),.PCURVE_S1.);
#1924 = ( BOUNDED_CURVE() B_SPLINE_CURVE(2,(#1925,#1926,#1927),
.UNSPECIFIED.,.F.,.F.) B_SPLINE_CURVE_WITH_KNOTS((3,3),(0.,
1.570796326795),.PIECEWISE_BEZIER_KNOTS.) CURVE() 
GEOMETRIC_REPRESENTATION_ITEM() RATIONAL_B_SPLINE_CURVE((1.,
0.707106781187,1.)) REPRESENTATION_ITEM('') );
#1925 = CARTESIAN_POINT('',(-936.6199967142,-473.455539916,
    81.963973045835));
#1926 = CARTESIAN_POINT('',(-936.6199967142,-471.5236882634,
    81.437229816049));
#1927 = CARTESIAN_POINT('',(-938.6199967142,-471.5236882634,
    81.437229816049));
#1928 = PCURVE('',#1870,#1929);
#1929 = DEFINITIONAL_REPRESENTATION('',(#1930),#1934);
#1930 = B_SPLINE_CURVE_WITH_KNOTS('',2,(#1931,#1932,#1933),
  .UNSPECIFIED.,.F.,.F.,(3,3),(0.,1.570796326795),
  .PIECEWISE_BEZIER_KNOTS.);
#1931 = CARTESIAN_POINT('',(7.068583470577,115.));
#1932 = CARTESIAN_POINT('',(6.283185307179,115.));
#1933 = CARTESIAN_POINT('',(5.497787143782,115.));
#1934 = ( GEOMETRIC_REPRESENTATION_CONTEXT(2) 
PARAMETRIC_REPRESENTATION_CONTEXT() REPRESENTATION_CONTEXT('2D SPACE',''
  ) );
#1935 = PCURVE('',#731,#1936);
#1936 = DEFINITIONAL_REPRESENTATION('',(#1937),#1941);
#1937 = B_SPLINE_CURVE_WITH_KNOTS('',2,(#1938,#1939,#1940),
  .UNSPECIFIED.,.F.,.F.,(3,3),(0.,1.570796326795),
  .PIECEWISE_BEZIER_KNOTS.);
#1938 = CARTESIAN_POINT('',(3.14159265359,3.14159265359));
#1939 = CARTESIAN_POINT('',(3.14159265359,3.926990816987));
#1940 = CARTESIAN_POINT('',(3.14159265359,4.712388980385));
#1941 = ( GEOMETRIC_REPRESENTATION_CONTEXT(2) 
PARAMETRIC_REPRESENTATION_CONTEXT() REPRESENTATION_CONTEXT('2D SPACE',''
  ) );
#1942 = ORIENTED_EDGE('',*,*,#1943,.T.);
#1943 = EDGE_CURVE('',#1921,#1860,#1944,.T.);
#1944 = SURFACE_CURVE('',#1945,(#1948,#1955),.PCURVE_S1.);
#1945 = B_SPLINE_CURVE_WITH_KNOTS('',1,(#1946,#1947),.UNSPECIFIED.,.F.,
  .F.,(2,2),(-115.,345.),.PIECEWISE_BEZIER_KNOTS.);
#1946 = CARTESIAN_POINT('',(-938.6199967142,-471.5236882634,
    81.43722981605));
#1947 = CARTESIAN_POINT('',(-938.6199967142,-352.4669275163,
    533.57870391979));
#1948 = PCURVE('',#1870,#1949);
#1949 = DEFINITIONAL_REPRESENTATION('',(#1950),#1954);
#1950 = B_SPLINE_CURVE_WITH_KNOTS('',2,(#1951,#1952,#1953),
  .UNSPECIFIED.,.F.,.F.,(3,3),(-115.,345.),.PIECEWISE_BEZIER_KNOTS.);
#1951 = CARTESIAN_POINT('',(5.497787143782,115.));
#1952 = CARTESIAN_POINT('',(5.497787143782,-115.));
#1953 = CARTESIAN_POINT('',(5.497787143782,-345.));
#1954 = ( GEOMETRIC_REPRESENTATION_CONTEXT(2) 
PARAMETRIC_REPRESENTATION_CONTEXT() REPRESENTATION_CONTEXT('2D SPACE',''
  ) );
#1955 = PCURVE('',#1956,#1961);
#1956 = B_SPLINE_SURFACE_WITH_KNOTS('',1,1,(
    (#1957,#1958)
    ,(#1959,#1960
    )),.UNSPECIFIED.,.F.,.F.,.F.,(2,2),(2,2),(-383.,383.),(-283.,283.),
  .PIECEWISE_BEZIER_KNOTS.);
#1957 = CARTESIAN_POINT('',(-173.6199967142,-485.2410976539,
    29.342668669313));
#1958 = CARTESIAN_POINT('',(-173.6199967142,-338.7495181258,
    585.67326506652));
#1959 = CARTESIAN_POINT('',(-939.6199967142,-485.2410976539,
    29.342668669313));
#1960 = CARTESIAN_POINT('',(-939.6199967142,-338.7495181258,
    585.67326506652));
#1961 = DEFINITIONAL_REPRESENTATION('',(#1962),#1965);
#1962 = B_SPLINE_CURVE_WITH_KNOTS('',1,(#1963,#1964),.UNSPECIFIED.,.F.,
  .F.,(2,2),(-115.,345.),.PIECEWISE_BEZIER_KNOTS.);
#1963 = CARTESIAN_POINT('',(382.,-230.));
#1964 = CARTESIAN_POINT('',(382.,230.));
#1965 = ( GEOMETRIC_REPRESENTATION_CONTEXT(2) 
PARAMETRIC_REPRESENTATION_CONTEXT() REPRESENTATION_CONTEXT('2D SPACE',''
  ) );
#1966 = ADVANCED_FACE('',(#1967),#731,.T.);
#1967 = FACE_BOUND('',#1968,.T.);
#1968 = EDGE_LOOP('',(#1969,#1992,#2013,#2014));
#1969 = ORIENTED_EDGE('',*,*,#1970,.T.);
#1970 = EDGE_CURVE('',#716,#1971,#1973,.T.);
#1971 = VERTEX_POINT('',#1972);
#1972 = CARTESIAN_POINT('',(-886.6199967142,-484.9822786088,
    30.325584917365));
#1973 = SURFACE_CURVE('',#1974,(#1978,#1985),.PCURVE_S1.);
#1974 = ( BOUNDED_CURVE() B_SPLINE_CURVE(2,(#1975,#1976,#1977),
.UNSPECIFIED.,.F.,.F.) B_SPLINE_CURVE_WITH_KNOTS((3,3),(0.,
1.570796326795),.PIECEWISE_BEZIER_KNOTS.) CURVE() 
GEOMETRIC_REPRESENTATION_ITEM() RATIONAL_B_SPLINE_CURVE((1.,
0.707106781187,1.)) REPRESENTATION_ITEM('') );
#1975 = CARTESIAN_POINT('',(-886.6199967142,-486.3964921711,
    32.818160643254));
#1976 = CARTESIAN_POINT('',(-886.6199967142,-484.4646405186,
    32.291417413469));
#1977 = CARTESIAN_POINT('',(-886.6199967142,-484.9822786088,
    30.325584917365));
#1978 = PCURVE('',#731,#1979);
#1979 = DEFINITIONAL_REPRESENTATION('',(#1980),#1984);
#1980 = B_SPLINE_CURVE_WITH_KNOTS('',2,(#1981,#1982,#1983),
  .UNSPECIFIED.,.F.,.F.,(3,3),(0.,1.570796326795),
  .PIECEWISE_BEZIER_KNOTS.);
#1981 = CARTESIAN_POINT('',(4.712388980385,3.14159265359));
#1982 = CARTESIAN_POINT('',(4.712388980385,3.926990816987));
#1983 = CARTESIAN_POINT('',(4.712388980385,4.712388980385));
#1984 = ( GEOMETRIC_REPRESENTATION_CONTEXT(2) 
PARAMETRIC_REPRESENTATION_CONTEXT() REPRESENTATION_CONTEXT('2D SPACE',''
  ) );
#1985 = PCURVE('',#805,#1986);
#1986 = DEFINITIONAL_REPRESENTATION('',(#1987),#1991);
#1987 = B_SPLINE_CURVE_WITH_KNOTS('',2,(#1988,#1989,#1990),
  .UNSPECIFIED.,.F.,.F.,(3,3),(0.,1.570796326795),
  .PIECEWISE_BEZIER_KNOTS.);
#1988 = CARTESIAN_POINT('',(0.785398163397,-495.));
#1989 = CARTESIAN_POINT('',(3.597612404061E-14,-495.));
#1990 = CARTESIAN_POINT('',(-0.785398163398,-495.));
#1991 = ( GEOMETRIC_REPRESENTATION_CONTEXT(2) 
PARAMETRIC_REPRESENTATION_CONTEXT() REPRESENTATION_CONTEXT('2D SPACE',''
  ) );
#1992 = ORIENTED_EDGE('',*,*,#1993,.T.);
#1993 = EDGE_CURVE('',#1971,#1921,#1994,.T.);
#1994 = SURFACE_CURVE('',#1995,(#1999,#2006),.PCURVE_S1.);
#1995 = ( BOUNDED_CURVE() B_SPLINE_CURVE(2,(#1996,#1997,#1998),
.UNSPECIFIED.,.F.,.F.) B_SPLINE_CURVE_WITH_KNOTS((3,3),(5.497787143782,
7.068583470577),.PIECEWISE_BEZIER_KNOTS.) CURVE() 
GEOMETRIC_REPRESENTATION_ITEM() RATIONAL_B_SPLINE_CURVE((1.,
0.707106781187,1.)) REPRESENTATION_ITEM('') );
#1996 = CARTESIAN_POINT('',(-886.6199967142,-484.9822786088,
    30.325584917365));
#1997 = CARTESIAN_POINT('',(-938.6199967142,-484.9822786088,
    30.325584917365));
#1998 = CARTESIAN_POINT('',(-938.6199967142,-471.5236882634,
    81.43722981605));
#1999 = PCURVE('',#731,#2000);
#2000 = DEFINITIONAL_REPRESENTATION('',(#2001),#2005);
#2001 = B_SPLINE_CURVE_WITH_KNOTS('',2,(#2002,#2003,#2004),
  .UNSPECIFIED.,.F.,.F.,(3,3),(5.497787143782,7.068583470577),
  .PIECEWISE_BEZIER_KNOTS.);
#2002 = CARTESIAN_POINT('',(4.712388980385,4.712388980385));
#2003 = CARTESIAN_POINT('',(3.926990816987,4.712388980385));
#2004 = CARTESIAN_POINT('',(3.14159265359,4.712388980385));
#2005 = ( GEOMETRIC_REPRESENTATION_CONTEXT(2) 
PARAMETRIC_REPRESENTATION_CONTEXT() REPRESENTATION_CONTEXT('2D SPACE',''
  ) );
#2006 = PCURVE('',#1956,#2007);
#2007 = DEFINITIONAL_REPRESENTATION('',(#2008),#2012);
#2008 = ( BOUNDED_CURVE() B_SPLINE_CURVE(2,(#2009,#2010,#2011),
.UNSPECIFIED.,.F.,.F.) B_SPLINE_CURVE_WITH_KNOTS((3,3),(5.497787143782,
7.068583470577),.PIECEWISE_BEZIER_KNOTS.) CURVE() 
GEOMETRIC_REPRESENTATION_ITEM() RATIONAL_B_SPLINE_CURVE((1.,
0.707106781187,1.)) REPRESENTATION_ITEM('') );
#2009 = CARTESIAN_POINT('',(330.,-282.));
#2010 = CARTESIAN_POINT('',(382.,-282.));
#2011 = CARTESIAN_POINT('',(382.,-230.));
#2012 = ( GEOMETRIC_REPRESENTATION_CONTEXT(2) 
PARAMETRIC_REPRESENTATION_CONTEXT() REPRESENTATION_CONTEXT('2D SPACE',''
  ) );
#2013 = ORIENTED_EDGE('',*,*,#1920,.F.);
#2014 = ORIENTED_EDGE('',*,*,#715,.T.);
#2015 = ADVANCED_FACE('',(#2016),#805,.T.);
#2016 = FACE_BOUND('',#2017,.T.);
#2017 = EDGE_LOOP('',(#2018,#2041,#2060,#2061));
#2018 = ORIENTED_EDGE('',*,*,#2019,.T.);
#2019 = EDGE_CURVE('',#773,#2020,#2022,.T.);
#2020 = VERTEX_POINT('',#2021);
#2021 = CARTESIAN_POINT('',(-226.6199967142,-484.9822786088,
    30.325584917365));
#2022 = SURFACE_CURVE('',#2023,(#2027,#2034),.PCURVE_S1.);
#2023 = ( BOUNDED_CURVE() B_SPLINE_CURVE(2,(#2024,#2025,#2026),
.UNSPECIFIED.,.F.,.F.) B_SPLINE_CURVE_WITH_KNOTS((3,3),(0.,
1.570796326795),.PIECEWISE_BEZIER_KNOTS.) CURVE() 
GEOMETRIC_REPRESENTATION_ITEM() RATIONAL_B_SPLINE_CURVE((1.,
0.707106781187,1.)) REPRESENTATION_ITEM('') );
#2024 = CARTESIAN_POINT('',(-226.6199967142,-486.3964921711,
    32.818160643254));
#2025 = CARTESIAN_POINT('',(-226.6199967142,-484.4646405186,
    32.291417413469));
#2026 = CARTESIAN_POINT('',(-226.6199967142,-484.9822786088,
    30.325584917365));
#2027 = PCURVE('',#805,#2028);
#2028 = DEFINITIONAL_REPRESENTATION('',(#2029),#2033);
#2029 = B_SPLINE_CURVE_WITH_KNOTS('',2,(#2030,#2031,#2032),
  .UNSPECIFIED.,.F.,.F.,(3,3),(0.,1.570796326795),
  .PIECEWISE_BEZIER_KNOTS.);
#2030 = CARTESIAN_POINT('',(0.785398163397,165.));
#2031 = CARTESIAN_POINT('',(-1.01389485043E-14,165.));
#2032 = CARTESIAN_POINT('',(-0.785398163397,165.));
#2033 = ( GEOMETRIC_REPRESENTATION_CONTEXT(2) 
PARAMETRIC_REPRESENTATION_CONTEXT() REPRESENTATION_CONTEXT('2D SPACE',''
  ) );
#2034 = PCURVE('',#840,#2035);
#2035 = DEFINITIONAL_REPRESENTATION('',(#2036),#2040);
#2036 = B_SPLINE_CURVE_WITH_KNOTS('',2,(#2037,#2038,#2039),
  .UNSPECIFIED.,.F.,.F.,(3,3),(0.,1.570796326795),
  .PIECEWISE_BEZIER_KNOTS.);
#2037 = CARTESIAN_POINT('',(4.712388980385,3.14159265359));
#2038 = CARTESIAN_POINT('',(4.712388980385,3.926990816987));
#2039 = CARTESIAN_POINT('',(4.712388980385,4.712388980385));
#2040 = ( GEOMETRIC_REPRESENTATION_CONTEXT(2) 
PARAMETRIC_REPRESENTATION_CONTEXT() REPRESENTATION_CONTEXT('2D SPACE',''
  ) );
#2041 = ORIENTED_EDGE('',*,*,#2042,.T.);
#2042 = EDGE_CURVE('',#2020,#1971,#2043,.T.);
#2043 = SURFACE_CURVE('',#2044,(#2047,#2054),.PCURVE_S1.);
#2044 = B_SPLINE_CURVE_WITH_KNOTS('',1,(#2045,#2046),.UNSPECIFIED.,.F.,
  .F.,(2,2),(-165.,495.),.PIECEWISE_BEZIER_KNOTS.);
#2045 = CARTESIAN_POINT('',(-226.6199967142,-484.9822786088,
    30.325584917365));
#2046 = CARTESIAN_POINT('',(-886.6199967142,-484.9822786088,
    30.325584917365));
#2047 = PCURVE('',#805,#2048);
#2048 = DEFINITIONAL_REPRESENTATION('',(#2049),#2053);
#2049 = B_SPLINE_CURVE_WITH_KNOTS('',2,(#2050,#2051,#2052),
  .UNSPECIFIED.,.F.,.F.,(3,3),(-165.,495.),.PIECEWISE_BEZIER_KNOTS.);
#2050 = CARTESIAN_POINT('',(-0.785398163397,165.));
#2051 = CARTESIAN_POINT('',(-0.785398163397,-165.));
#2052 = CARTESIAN_POINT('',(-0.785398163397,-495.));
#2053 = ( GEOMETRIC_REPRESENTATION_CONTEXT(2) 
PARAMETRIC_REPRESENTATION_CONTEXT() REPRESENTATION_CONTEXT('2D SPACE',''
  ) );
#2054 = PCURVE('',#1956,#2055);
#2055 = DEFINITIONAL_REPRESENTATION('',(#2056),#2059);
#2056 = B_SPLINE_CURVE_WITH_KNOTS('',1,(#2057,#2058),.UNSPECIFIED.,.F.,
  .F.,(2,2),(-165.,495.),.PIECEWISE_BEZIER_KNOTS.);
#2057 = CARTESIAN_POINT('',(-330.,-282.));
#2058 = CARTESIAN_POINT('',(330.,-281.9999999999));
#2059 = ( GEOMETRIC_REPRESENTATION_CONTEXT(2) 
PARAMETRIC_REPRESENTATION_CONTEXT() REPRESENTATION_CONTEXT('2D SPACE',''
  ) );
#2060 = ORIENTED_EDGE('',*,*,#1970,.F.);
#2061 = ORIENTED_EDGE('',*,*,#793,.T.);
#2062 = ADVANCED_FACE('',(#2063),#840,.T.);
#2063 = FACE_BOUND('',#2064,.T.);
#2064 = EDGE_LOOP('',(#2065,#2088,#2109,#2110));
#2065 = ORIENTED_EDGE('',*,*,#2066,.T.);
#2066 = EDGE_CURVE('',#825,#2067,#2069,.T.);
#2067 = VERTEX_POINT('',#2068);
#2068 = CARTESIAN_POINT('',(-174.6199967142,-471.5236882634,
    81.43722981605));
#2069 = SURFACE_CURVE('',#2070,(#2074,#2081),.PCURVE_S1.);
#2070 = ( BOUNDED_CURVE() B_SPLINE_CURVE(2,(#2071,#2072,#2073),
.UNSPECIFIED.,.F.,.F.) B_SPLINE_CURVE_WITH_KNOTS((3,3),(0.,
1.570796326795),.PIECEWISE_BEZIER_KNOTS.) CURVE() 
GEOMETRIC_REPRESENTATION_ITEM() RATIONAL_B_SPLINE_CURVE((1.,
0.707106781187,1.)) REPRESENTATION_ITEM('') );
#2071 = CARTESIAN_POINT('',(-176.6199967142,-473.455539916,
    81.963973045836));
#2072 = CARTESIAN_POINT('',(-176.6199967142,-471.5236882634,
    81.43722981605));
#2073 = CARTESIAN_POINT('',(-174.6199967142,-471.5236882634,
    81.43722981605));
#2074 = PCURVE('',#840,#2075);
#2075 = DEFINITIONAL_REPRESENTATION('',(#2076),#2080);
#2076 = B_SPLINE_CURVE_WITH_KNOTS('',2,(#2077,#2078,#2079),
  .UNSPECIFIED.,.F.,.F.,(3,3),(0.,1.570796326795),
  .PIECEWISE_BEZIER_KNOTS.);
#2077 = CARTESIAN_POINT('',(6.28318530718,3.14159265359));
#2078 = CARTESIAN_POINT('',(6.28318530718,3.926990816987));
#2079 = CARTESIAN_POINT('',(6.28318530718,4.712388980385));
#2080 = ( GEOMETRIC_REPRESENTATION_CONTEXT(2) 
PARAMETRIC_REPRESENTATION_CONTEXT() REPRESENTATION_CONTEXT('2D SPACE',''
  ) );
#2081 = PCURVE('',#914,#2082);
#2082 = DEFINITIONAL_REPRESENTATION('',(#2083),#2087);
#2083 = B_SPLINE_CURVE_WITH_KNOTS('',2,(#2084,#2085,#2086),
  .UNSPECIFIED.,.F.,.F.,(3,3),(0.,1.570796326795),
  .PIECEWISE_BEZIER_KNOTS.);
#2084 = CARTESIAN_POINT('',(0.785398163398,-345.));
#2085 = CARTESIAN_POINT('',(2.09183160989E-13,-345.));
#2086 = CARTESIAN_POINT('',(-0.785398163397,-345.));
#2087 = ( GEOMETRIC_REPRESENTATION_CONTEXT(2) 
PARAMETRIC_REPRESENTATION_CONTEXT() REPRESENTATION_CONTEXT('2D SPACE',''
  ) );
#2088 = ORIENTED_EDGE('',*,*,#2089,.T.);
#2089 = EDGE_CURVE('',#2067,#2020,#2090,.T.);
#2090 = SURFACE_CURVE('',#2091,(#2095,#2102),.PCURVE_S1.);
#2091 = ( BOUNDED_CURVE() B_SPLINE_CURVE(2,(#2092,#2093,#2094),
.UNSPECIFIED.,.F.,.F.) B_SPLINE_CURVE_WITH_KNOTS((3,3),(5.497787143782,
7.068583470577),.PIECEWISE_BEZIER_KNOTS.) CURVE() 
GEOMETRIC_REPRESENTATION_ITEM() RATIONAL_B_SPLINE_CURVE((1.,
0.707106781187,1.)) REPRESENTATION_ITEM('') );
#2092 = CARTESIAN_POINT('',(-174.6199967142,-471.5236882634,
    81.43722981605));
#2093 = CARTESIAN_POINT('',(-174.6199967142,-484.9822786088,
    30.325584917365));
#2094 = CARTESIAN_POINT('',(-226.6199967142,-484.9822786088,
    30.325584917365));
#2095 = PCURVE('',#840,#2096);
#2096 = DEFINITIONAL_REPRESENTATION('',(#2097),#2101);
#2097 = B_SPLINE_CURVE_WITH_KNOTS('',2,(#2098,#2099,#2100),
  .UNSPECIFIED.,.F.,.F.,(3,3),(5.497787143782,7.068583470577),
  .PIECEWISE_BEZIER_KNOTS.);
#2098 = CARTESIAN_POINT('',(6.28318530718,4.712388980385));
#2099 = CARTESIAN_POINT('',(5.497787143782,4.712388980385));
#2100 = CARTESIAN_POINT('',(4.712388980385,4.712388980385));
#2101 = ( GEOMETRIC_REPRESENTATION_CONTEXT(2) 
PARAMETRIC_REPRESENTATION_CONTEXT() REPRESENTATION_CONTEXT('2D SPACE',''
  ) );
#2102 = PCURVE('',#1956,#2103);
#2103 = DEFINITIONAL_REPRESENTATION('',(#2104),#2108);
#2104 = ( BOUNDED_CURVE() B_SPLINE_CURVE(2,(#2105,#2106,#2107),
.UNSPECIFIED.,.F.,.F.) B_SPLINE_CURVE_WITH_KNOTS((3,3),(5.497787143782,
7.068583470577),.PIECEWISE_BEZIER_KNOTS.) CURVE() 
GEOMETRIC_REPRESENTATION_ITEM() RATIONAL_B_SPLINE_CURVE((1.,
0.707106781187,1.)) REPRESENTATION_ITEM('') );
#2105 = CARTESIAN_POINT('',(-382.,-229.9999999999));
#2106 = CARTESIAN_POINT('',(-382.,-282.));
#2107 = CARTESIAN_POINT('',(-330.,-282.));
#2108 = ( GEOMETRIC_REPRESENTATION_CONTEXT(2) 
PARAMETRIC_REPRESENTATION_CONTEXT() REPRESENTATION_CONTEXT('2D SPACE',''
  ) );
#2109 = ORIENTED_EDGE('',*,*,#2019,.F.);
#2110 = ORIENTED_EDGE('',*,*,#824,.T.);
#2111 = ADVANCED_FACE('',(#2112),#914,.T.);
#2112 = FACE_BOUND('',#2113,.T.);
#2113 = EDGE_LOOP('',(#2114,#2147,#2166,#2167));
#2114 = ORIENTED_EDGE('',*,*,#2115,.T.);
#2115 = EDGE_CURVE('',#882,#2116,#2118,.T.);
#2116 = VERTEX_POINT('',#2117);
#2117 = CARTESIAN_POINT('',(-174.6199967142,-352.4669275163,
    533.57870391979));
#2118 = SURFACE_CURVE('',#2119,(#2123,#2130),.PCURVE_S1.);
#2119 = ( BOUNDED_CURVE() B_SPLINE_CURVE(2,(#2120,#2121,#2122),
.UNSPECIFIED.,.F.,.F.) B_SPLINE_CURVE_WITH_KNOTS((3,3),(0.,
1.570796326795),.PIECEWISE_BEZIER_KNOTS.) CURVE() 
GEOMETRIC_REPRESENTATION_ITEM() RATIONAL_B_SPLINE_CURVE((1.,
0.707106781187,1.)) REPRESENTATION_ITEM('') );
#2120 = CARTESIAN_POINT('',(-176.6199967142,-354.3987791689,
    534.10544714957));
#2121 = CARTESIAN_POINT('',(-176.6199967142,-352.4669275163,
    533.57870391979));
#2122 = CARTESIAN_POINT('',(-174.6199967142,-352.4669275163,
    533.57870391979));
#2123 = PCURVE('',#914,#2124);
#2124 = DEFINITIONAL_REPRESENTATION('',(#2125),#2129);
#2125 = B_SPLINE_CURVE_WITH_KNOTS('',2,(#2126,#2127,#2128),
  .UNSPECIFIED.,.F.,.F.,(3,3),(0.,1.570796326795),
  .PIECEWISE_BEZIER_KNOTS.);
#2126 = CARTESIAN_POINT('',(0.785398163397,115.));
#2127 = CARTESIAN_POINT('',(7.33206387761E-14,115.));
#2128 = CARTESIAN_POINT('',(-0.785398163397,115.));
#2129 = ( GEOMETRIC_REPRESENTATION_CONTEXT(2) 
PARAMETRIC_REPRESENTATION_CONTEXT() REPRESENTATION_CONTEXT('2D SPACE',''
  ) );
#2130 = PCURVE('',#2131,#2141);
#2131 = ( BOUNDED_SURFACE() B_SPLINE_SURFACE(2,2,(
    (#2132,#2133,#2134)
    ,(#2135,#2136,#2137)
    ,(#2138,#2139,#2140
)),.UNSPECIFIED.,.F.,.F.,.F.) B_SPLINE_SURFACE_WITH_KNOTS((3,3),(3,3),(
    0.,1.570796326795),(3.14159265359,4.712388980385),
.PIECEWISE_BEZIER_KNOTS.) GEOMETRIC_REPRESENTATION_ITEM() 
RATIONAL_B_SPLINE_SURFACE((
    (1.,0.707106781186,1.)
    ,(0.707106781187,0.5,0.707106781187)
,(1.,0.707106781186,1.))) REPRESENTATION_ITEM('') SURFACE() );
#2132 = CARTESIAN_POINT('',(-176.6199967142,-354.3987791689,
    534.10544714957));
#2133 = CARTESIAN_POINT('',(-176.6199967142,-352.4669275163,
    533.57870391979));
#2134 = CARTESIAN_POINT('',(-174.6199967142,-352.4669275163,
    533.57870391979));
#2135 = CARTESIAN_POINT('',(-176.6199967142,-341.4578269137,
    583.25125955215));
#2136 = CARTESIAN_POINT('',(-176.6199967142,-339.5259752612,
    582.72451632236));
#2137 = CARTESIAN_POINT('',(-174.6199967142,-339.0083371709,
    584.69034881846));
#2138 = CARTESIAN_POINT('',(-226.6199967142,-341.4578269137,
    583.25125955215));
#2139 = CARTESIAN_POINT('',(-226.6199967142,-339.5259752612,
    582.72451632236));
#2140 = CARTESIAN_POINT('',(-226.6199967142,-339.0083371709,
    584.69034881846));
#2141 = DEFINITIONAL_REPRESENTATION('',(#2142),#2146);
#2142 = B_SPLINE_CURVE_WITH_KNOTS('',2,(#2143,#2144,#2145),
  .UNSPECIFIED.,.F.,.F.,(3,3),(0.,1.570796326795),
  .PIECEWISE_BEZIER_KNOTS.);
#2143 = CARTESIAN_POINT('',(-9.745998379114E-16,3.14159265359));
#2144 = CARTESIAN_POINT('',(-5.554682792605E-16,3.926990816987));
#2145 = CARTESIAN_POINT('',(-5.07839105929E-16,4.712388980385));
#2146 = ( GEOMETRIC_REPRESENTATION_CONTEXT(2) 
PARAMETRIC_REPRESENTATION_CONTEXT() REPRESENTATION_CONTEXT('2D SPACE',''
  ) );
#2147 = ORIENTED_EDGE('',*,*,#2148,.T.);
#2148 = EDGE_CURVE('',#2116,#2067,#2149,.T.);
#2149 = SURFACE_CURVE('',#2150,(#2153,#2160),.PCURVE_S1.);
#2150 = B_SPLINE_CURVE_WITH_KNOTS('',1,(#2151,#2152),.UNSPECIFIED.,.F.,
  .F.,(2,2),(-115.,345.),.PIECEWISE_BEZIER_KNOTS.);
#2151 = CARTESIAN_POINT('',(-174.6199967142,-352.4669275163,
    533.57870391979));
#2152 = CARTESIAN_POINT('',(-174.6199967142,-471.5236882634,
    81.43722981605));
#2153 = PCURVE('',#914,#2154);
#2154 = DEFINITIONAL_REPRESENTATION('',(#2155),#2159);
#2155 = B_SPLINE_CURVE_WITH_KNOTS('',2,(#2156,#2157,#2158),
  .UNSPECIFIED.,.F.,.F.,(3,3),(-115.,345.),.PIECEWISE_BEZIER_KNOTS.);
#2156 = CARTESIAN_POINT('',(-0.785398163397,115.));
#2157 = CARTESIAN_POINT('',(-0.785398163397,-115.));
#2158 = CARTESIAN_POINT('',(-0.785398163397,-345.));
#2159 = ( GEOMETRIC_REPRESENTATION_CONTEXT(2) 
PARAMETRIC_REPRESENTATION_CONTEXT() REPRESENTATION_CONTEXT('2D SPACE',''
  ) );
#2160 = PCURVE('',#1956,#2161);
#2161 = DEFINITIONAL_REPRESENTATION('',(#2162),#2165);
#2162 = B_SPLINE_CURVE_WITH_KNOTS('',1,(#2163,#2164),.UNSPECIFIED.,.F.,
  .F.,(2,2),(-115.,345.),.PIECEWISE_BEZIER_KNOTS.);
#2163 = CARTESIAN_POINT('',(-382.,230.));
#2164 = CARTESIAN_POINT('',(-382.,-229.9999999999));
#2165 = ( GEOMETRIC_REPRESENTATION_CONTEXT(2) 
PARAMETRIC_REPRESENTATION_CONTEXT() REPRESENTATION_CONTEXT('2D SPACE',''
  ) );
#2166 = ORIENTED_EDGE('',*,*,#2066,.F.);
#2167 = ORIENTED_EDGE('',*,*,#902,.T.);
#2168 = ADVANCED_FACE('',(#2169),#2131,.T.);
#2169 = FACE_BOUND('',#2170,.T.);
#2170 = EDGE_LOOP('',(#2171,#2203,#2224,#2225));
#2171 = ORIENTED_EDGE('',*,*,#2172,.T.);
#2172 = EDGE_CURVE('',#2173,#2175,#2177,.T.);
#2173 = VERTEX_POINT('',#2174);
#2174 = CARTESIAN_POINT('',(-226.6199967142,-341.4578269137,
    583.25125955215));
#2175 = VERTEX_POINT('',#2176);
#2176 = CARTESIAN_POINT('',(-226.6199967142,-339.0083371709,
    584.69034881846));
#2177 = SURFACE_CURVE('',#2178,(#2182,#2189),.PCURVE_S1.);
#2178 = ( BOUNDED_CURVE() B_SPLINE_CURVE(2,(#2179,#2180,#2181),
.UNSPECIFIED.,.F.,.F.) B_SPLINE_CURVE_WITH_KNOTS((3,3),(0.,
1.570796326795),.PIECEWISE_BEZIER_KNOTS.) CURVE() 
GEOMETRIC_REPRESENTATION_ITEM() RATIONAL_B_SPLINE_CURVE((1.,
0.707106781187,1.)) REPRESENTATION_ITEM('') );
#2179 = CARTESIAN_POINT('',(-226.6199967142,-341.4578269137,
    583.25125955215));
#2180 = CARTESIAN_POINT('',(-226.6199967142,-339.5259752612,
    582.72451632236));
#2181 = CARTESIAN_POINT('',(-226.6199967142,-339.0083371709,
    584.69034881846));
#2182 = PCURVE('',#2131,#2183);
#2183 = DEFINITIONAL_REPRESENTATION('',(#2184),#2188);
#2184 = B_SPLINE_CURVE_WITH_KNOTS('',2,(#2185,#2186,#2187),
  .UNSPECIFIED.,.F.,.F.,(3,3),(0.,1.570796326795),
  .PIECEWISE_BEZIER_KNOTS.);
#2185 = CARTESIAN_POINT('',(1.570796326795,3.14159265359));
#2186 = CARTESIAN_POINT('',(1.570796326795,3.926990816987));
#2187 = CARTESIAN_POINT('',(1.570796326795,4.712388980385));
#2188 = ( GEOMETRIC_REPRESENTATION_CONTEXT(2) 
PARAMETRIC_REPRESENTATION_CONTEXT() REPRESENTATION_CONTEXT('2D SPACE',''
  ) );
#2189 = PCURVE('',#2190,#2197);
#2190 = ( BOUNDED_SURFACE() B_SPLINE_SURFACE(2,1,(
    (#2191,#2192)
    ,(#2193,#2194)
    ,(#2195,#2196
)),.UNSPECIFIED.,.F.,.F.,.F.) B_SPLINE_SURFACE_WITH_KNOTS((3,3),(2,2),(
    5.497787143782,7.068583470577),(-495.,165.),
.PIECEWISE_BEZIER_KNOTS.) GEOMETRIC_REPRESENTATION_ITEM() 
RATIONAL_B_SPLINE_SURFACE((
    (1.,1.)
    ,(0.707106781187,0.707106781187)
,(1.,1.))) REPRESENTATION_ITEM('') SURFACE() );
#2191 = CARTESIAN_POINT('',(-226.6199967142,-339.0083371709,
    584.69034881846));
#2192 = CARTESIAN_POINT('',(-886.6199967142,-339.0083371709,
    584.69034881846));
#2193 = CARTESIAN_POINT('',(-226.6199967142,-339.5259752612,
    582.72451632236));
#2194 = CARTESIAN_POINT('',(-886.6199967142,-339.5259752612,
    582.72451632236));
#2195 = CARTESIAN_POINT('',(-226.6199967142,-341.4578269137,
    583.25125955215));
#2196 = CARTESIAN_POINT('',(-886.6199967142,-341.4578269137,
    583.25125955215));
#2197 = DEFINITIONAL_REPRESENTATION('',(#2198),#2202);
#2198 = B_SPLINE_CURVE_WITH_KNOTS('',2,(#2199,#2200,#2201),
  .UNSPECIFIED.,.F.,.F.,(3,3),(0.,1.570796326795),
  .PIECEWISE_BEZIER_KNOTS.);
#2199 = CARTESIAN_POINT('',(7.068583470577,-495.));
#2200 = CARTESIAN_POINT('',(6.28318530718,-495.));
#2201 = CARTESIAN_POINT('',(5.497787143782,-495.));
#2202 = ( GEOMETRIC_REPRESENTATION_CONTEXT(2) 
PARAMETRIC_REPRESENTATION_CONTEXT() REPRESENTATION_CONTEXT('2D SPACE',''
  ) );
#2203 = ORIENTED_EDGE('',*,*,#2204,.T.);
#2204 = EDGE_CURVE('',#2175,#2116,#2205,.T.);
#2205 = SURFACE_CURVE('',#2206,(#2210,#2217),.PCURVE_S1.);
#2206 = ( BOUNDED_CURVE() B_SPLINE_CURVE(2,(#2207,#2208,#2209),
.UNSPECIFIED.,.F.,.F.) B_SPLINE_CURVE_WITH_KNOTS((3,3),(5.497787143782,
7.068583470577),.PIECEWISE_BEZIER_KNOTS.) CURVE() 
GEOMETRIC_REPRESENTATION_ITEM() RATIONAL_B_SPLINE_CURVE((1.,
0.707106781187,1.)) REPRESENTATION_ITEM('') );
#2207 = CARTESIAN_POINT('',(-226.6199967142,-339.0083371709,
    584.69034881846));
#2208 = CARTESIAN_POINT('',(-174.6199967142,-339.0083371709,
    584.69034881846));
#2209 = CARTESIAN_POINT('',(-174.6199967142,-352.4669275163,
    533.57870391979));
#2210 = PCURVE('',#2131,#2211);
#2211 = DEFINITIONAL_REPRESENTATION('',(#2212),#2216);
#2212 = B_SPLINE_CURVE_WITH_KNOTS('',2,(#2213,#2214,#2215),
  .UNSPECIFIED.,.F.,.F.,(3,3),(5.497787143782,7.068583470577),
  .PIECEWISE_BEZIER_KNOTS.);
#2213 = CARTESIAN_POINT('',(1.570796326795,4.712388980385));
#2214 = CARTESIAN_POINT('',(0.785398163397,4.712388980385));
#2215 = CARTESIAN_POINT('',(1.717104491327E-15,4.712388980385));
#2216 = ( GEOMETRIC_REPRESENTATION_CONTEXT(2) 
PARAMETRIC_REPRESENTATION_CONTEXT() REPRESENTATION_CONTEXT('2D SPACE',''
  ) );
#2217 = PCURVE('',#1956,#2218);
#2218 = DEFINITIONAL_REPRESENTATION('',(#2219),#2223);
#2219 = ( BOUNDED_CURVE() B_SPLINE_CURVE(2,(#2220,#2221,#2222),
.UNSPECIFIED.,.F.,.F.) B_SPLINE_CURVE_WITH_KNOTS((3,3),(5.497787143782,
7.068583470577),.PIECEWISE_BEZIER_KNOTS.) CURVE() 
GEOMETRIC_REPRESENTATION_ITEM() RATIONAL_B_SPLINE_CURVE((1.,
0.707106781187,1.)) REPRESENTATION_ITEM('') );
#2220 = CARTESIAN_POINT('',(-330.,282.));
#2221 = CARTESIAN_POINT('',(-382.,282.));
#2222 = CARTESIAN_POINT('',(-382.,230.));
#2223 = ( GEOMETRIC_REPRESENTATION_CONTEXT(2) 
PARAMETRIC_REPRESENTATION_CONTEXT() REPRESENTATION_CONTEXT('2D SPACE',''
  ) );
#2224 = ORIENTED_EDGE('',*,*,#2115,.F.);
#2225 = ORIENTED_EDGE('',*,*,#2226,.T.);
#2226 = EDGE_CURVE('',#882,#2173,#2227,.T.);
#2227 = SURFACE_CURVE('',#2228,(#2232,#2239),.PCURVE_S1.);
#2228 = ( BOUNDED_CURVE() B_SPLINE_CURVE(2,(#2229,#2230,#2231),
.UNSPECIFIED.,.F.,.F.) B_SPLINE_CURVE_WITH_KNOTS((3,3),(5.497787143782,
7.068583470577),.PIECEWISE_BEZIER_KNOTS.) CURVE() 
GEOMETRIC_REPRESENTATION_ITEM() RATIONAL_B_SPLINE_CURVE((1.,
0.707106781187,1.)) REPRESENTATION_ITEM('') );
#2229 = CARTESIAN_POINT('',(-176.6199967142,-354.3987791689,
    534.10544714957));
#2230 = CARTESIAN_POINT('',(-176.6199967142,-341.4578269137,
    583.25125955215));
#2231 = CARTESIAN_POINT('',(-226.6199967142,-341.4578269137,
    583.25125955215));
#2232 = PCURVE('',#2131,#2233);
#2233 = DEFINITIONAL_REPRESENTATION('',(#2234),#2238);
#2234 = B_SPLINE_CURVE_WITH_KNOTS('',2,(#2235,#2236,#2237),
  .UNSPECIFIED.,.F.,.F.,(3,3),(5.497787143782,7.068583470577),
  .PIECEWISE_BEZIER_KNOTS.);
#2235 = CARTESIAN_POINT('',(-9.745998379114E-16,3.14159265359));
#2236 = CARTESIAN_POINT('',(0.785398163397,3.14159265359));
#2237 = CARTESIAN_POINT('',(1.570796326795,3.14159265359));
#2238 = ( GEOMETRIC_REPRESENTATION_CONTEXT(2) 
PARAMETRIC_REPRESENTATION_CONTEXT() REPRESENTATION_CONTEXT('2D SPACE',''
  ) );
#2239 = PCURVE('',#677,#2240);
#2240 = DEFINITIONAL_REPRESENTATION('',(#2241),#2245);
#2241 = B_SPLINE_CURVE_WITH_KNOTS('',2,(#2242,#2243,#2244),
  .UNSPECIFIED.,.F.,.F.,(3,3),(5.497787143782,7.068583470577),
  .PIECEWISE_BEZIER_KNOTS.);
#2242 = CARTESIAN_POINT('',(4.712388980385,2.));
#2243 = CARTESIAN_POINT('',(5.497787143782,2.));
#2244 = CARTESIAN_POINT('',(6.28318530718,2.));
#2245 = ( GEOMETRIC_REPRESENTATION_CONTEXT(2) 
PARAMETRIC_REPRESENTATION_CONTEXT() REPRESENTATION_CONTEXT('2D SPACE',''
  ) );
#2246 = ADVANCED_FACE('',(#2247),#2190,.T.);
#2247 = FACE_BOUND('',#2248,.T.);
#2248 = EDGE_LOOP('',(#2249,#2274,#2293,#2294));
#2249 = ORIENTED_EDGE('',*,*,#2250,.T.);
#2250 = EDGE_CURVE('',#2251,#2253,#2255,.T.);
#2251 = VERTEX_POINT('',#2252);
#2252 = CARTESIAN_POINT('',(-886.6199967142,-341.4578269137,
    583.25125955215));
#2253 = VERTEX_POINT('',#2254);
#2254 = CARTESIAN_POINT('',(-886.6199967142,-339.0083371709,
    584.69034881846));
#2255 = SURFACE_CURVE('',#2256,(#2260,#2267),.PCURVE_S1.);
#2256 = ( BOUNDED_CURVE() B_SPLINE_CURVE(2,(#2257,#2258,#2259),
.UNSPECIFIED.,.F.,.F.) B_SPLINE_CURVE_WITH_KNOTS((3,3),(0.,
1.570796326795),.PIECEWISE_BEZIER_KNOTS.) CURVE() 
GEOMETRIC_REPRESENTATION_ITEM() RATIONAL_B_SPLINE_CURVE((1.,
0.707106781187,1.)) REPRESENTATION_ITEM('') );
#2257 = CARTESIAN_POINT('',(-886.6199967142,-341.4578269137,
    583.25125955215));
#2258 = CARTESIAN_POINT('',(-886.6199967142,-339.5259752612,
    582.72451632236));
#2259 = CARTESIAN_POINT('',(-886.6199967142,-339.0083371709,
    584.69034881846));
#2260 = PCURVE('',#2190,#2261);
#2261 = DEFINITIONAL_REPRESENTATION('',(#2262),#2266);
#2262 = B_SPLINE_CURVE_WITH_KNOTS('',2,(#2263,#2264,#2265),
  .UNSPECIFIED.,.F.,.F.,(3,3),(0.,1.570796326795),
  .PIECEWISE_BEZIER_KNOTS.);
#2263 = CARTESIAN_POINT('',(7.068583470577,165.));
#2264 = CARTESIAN_POINT('',(6.28318530718,165.));
#2265 = CARTESIAN_POINT('',(5.497787143782,165.));
#2266 = ( GEOMETRIC_REPRESENTATION_CONTEXT(2) 
PARAMETRIC_REPRESENTATION_CONTEXT() REPRESENTATION_CONTEXT('2D SPACE',''
  ) );
#2267 = PCURVE('',#1884,#2268);
#2268 = DEFINITIONAL_REPRESENTATION('',(#2269),#2273);
#2269 = B_SPLINE_CURVE_WITH_KNOTS('',2,(#2270,#2271,#2272),
  .UNSPECIFIED.,.F.,.F.,(3,3),(0.,1.570796326795),
  .PIECEWISE_BEZIER_KNOTS.);
#2270 = CARTESIAN_POINT('',(1.570796326795,3.14159265359));
#2271 = CARTESIAN_POINT('',(1.570796326795,3.926990816987));
#2272 = CARTESIAN_POINT('',(1.570796326795,4.712388980385));
#2273 = ( GEOMETRIC_REPRESENTATION_CONTEXT(2) 
PARAMETRIC_REPRESENTATION_CONTEXT() REPRESENTATION_CONTEXT('2D SPACE',''
  ) );
#2274 = ORIENTED_EDGE('',*,*,#2275,.T.);
#2275 = EDGE_CURVE('',#2253,#2175,#2276,.T.);
#2276 = SURFACE_CURVE('',#2277,(#2280,#2287),.PCURVE_S1.);
#2277 = B_SPLINE_CURVE_WITH_KNOTS('',1,(#2278,#2279),.UNSPECIFIED.,.F.,
  .F.,(2,2),(-165.,495.),.PIECEWISE_BEZIER_KNOTS.);
#2278 = CARTESIAN_POINT('',(-886.6199967142,-339.0083371709,
    584.69034881846));
#2279 = CARTESIAN_POINT('',(-226.6199967142,-339.0083371709,
    584.69034881846));
#2280 = PCURVE('',#2190,#2281);
#2281 = DEFINITIONAL_REPRESENTATION('',(#2282),#2286);
#2282 = B_SPLINE_CURVE_WITH_KNOTS('',2,(#2283,#2284,#2285),
  .UNSPECIFIED.,.F.,.F.,(3,3),(-165.,495.),.PIECEWISE_BEZIER_KNOTS.);
#2283 = CARTESIAN_POINT('',(5.497787143782,165.));
#2284 = CARTESIAN_POINT('',(5.497787143782,-165.));
#2285 = CARTESIAN_POINT('',(5.497787143782,-495.));
#2286 = ( GEOMETRIC_REPRESENTATION_CONTEXT(2) 
PARAMETRIC_REPRESENTATION_CONTEXT() REPRESENTATION_CONTEXT('2D SPACE',''
  ) );
#2287 = PCURVE('',#1956,#2288);
#2288 = DEFINITIONAL_REPRESENTATION('',(#2289),#2292);
#2289 = B_SPLINE_CURVE_WITH_KNOTS('',1,(#2290,#2291),.UNSPECIFIED.,.F.,
  .F.,(2,2),(-165.,495.),.PIECEWISE_BEZIER_KNOTS.);
#2290 = CARTESIAN_POINT('',(330.,282.));
#2291 = CARTESIAN_POINT('',(-330.,282.));
#2292 = ( GEOMETRIC_REPRESENTATION_CONTEXT(2) 
PARAMETRIC_REPRESENTATION_CONTEXT() REPRESENTATION_CONTEXT('2D SPACE',''
  ) );
#2293 = ORIENTED_EDGE('',*,*,#2172,.F.);
#2294 = ORIENTED_EDGE('',*,*,#2295,.T.);
#2295 = EDGE_CURVE('',#2173,#2251,#2296,.T.);
#2296 = SURFACE_CURVE('',#2297,(#2300,#2307),.PCURVE_S1.);
#2297 = B_SPLINE_CURVE_WITH_KNOTS('',1,(#2298,#2299),.UNSPECIFIED.,.F.,
  .F.,(2,2),(-495.,165.),.PIECEWISE_BEZIER_KNOTS.);
#2298 = CARTESIAN_POINT('',(-226.6199967142,-341.4578269137,
    583.25125955215));
#2299 = CARTESIAN_POINT('',(-886.6199967142,-341.4578269137,
    583.25125955215));
#2300 = PCURVE('',#2190,#2301);
#2301 = DEFINITIONAL_REPRESENTATION('',(#2302),#2306);
#2302 = B_SPLINE_CURVE_WITH_KNOTS('',2,(#2303,#2304,#2305),
  .UNSPECIFIED.,.F.,.F.,(3,3),(-495.,165.),.PIECEWISE_BEZIER_KNOTS.);
#2303 = CARTESIAN_POINT('',(7.068583470577,-495.));
#2304 = CARTESIAN_POINT('',(7.068583470577,-165.));
#2305 = CARTESIAN_POINT('',(7.068583470577,165.));
#2306 = ( GEOMETRIC_REPRESENTATION_CONTEXT(2) 
PARAMETRIC_REPRESENTATION_CONTEXT() REPRESENTATION_CONTEXT('2D SPACE',''
  ) );
#2307 = PCURVE('',#626,#2308);
#2308 = DEFINITIONAL_REPRESENTATION('',(#2309),#2312);
#2309 = B_SPLINE_CURVE_WITH_KNOTS('',1,(#2310,#2311),.UNSPECIFIED.,.F.,
  .F.,(2,2),(-495.,165.),.PIECEWISE_BEZIER_KNOTS.);
#2310 = CARTESIAN_POINT('',(660.,2.));
#2311 = CARTESIAN_POINT('',(0.,2.));
#2312 = ( GEOMETRIC_REPRESENTATION_CONTEXT(2) 
PARAMETRIC_REPRESENTATION_CONTEXT() REPRESENTATION_CONTEXT('2D SPACE',''
  ) );
#2313 = ADVANCED_FACE('',(#2314),#1884,.T.);
#2314 = FACE_BOUND('',#2315,.T.);
#2315 = EDGE_LOOP('',(#2316,#2317,#2338,#2339));
#2316 = ORIENTED_EDGE('',*,*,#1859,.F.);
#2317 = ORIENTED_EDGE('',*,*,#2318,.T.);
#2318 = EDGE_CURVE('',#1860,#2253,#2319,.T.);
#2319 = SURFACE_CURVE('',#2320,(#2324,#2331),.PCURVE_S1.);
#2320 = ( BOUNDED_CURVE() B_SPLINE_CURVE(2,(#2321,#2322,#2323),
.UNSPECIFIED.,.F.,.F.) B_SPLINE_CURVE_WITH_KNOTS((3,3),(5.497787143782,
7.068583470577),.PIECEWISE_BEZIER_KNOTS.) CURVE() 
GEOMETRIC_REPRESENTATION_ITEM() RATIONAL_B_SPLINE_CURVE((1.,
0.707106781187,1.)) REPRESENTATION_ITEM('') );
#2321 = CARTESIAN_POINT('',(-938.6199967142,-352.4669275163,
    533.57870391979));
#2322 = CARTESIAN_POINT('',(-938.6199967142,-339.0083371709,
    584.69034881846));
#2323 = CARTESIAN_POINT('',(-886.6199967142,-339.0083371709,
    584.69034881846));
#2324 = PCURVE('',#1884,#2325);
#2325 = DEFINITIONAL_REPRESENTATION('',(#2326),#2330);
#2326 = B_SPLINE_CURVE_WITH_KNOTS('',2,(#2327,#2328,#2329),
  .UNSPECIFIED.,.F.,.F.,(3,3),(5.497787143782,7.068583470577),
  .PIECEWISE_BEZIER_KNOTS.);
#2327 = CARTESIAN_POINT('',(3.14159265359,4.712388980385));
#2328 = CARTESIAN_POINT('',(2.356194490192,4.712388980385));
#2329 = CARTESIAN_POINT('',(1.570796326795,4.712388980385));
#2330 = ( GEOMETRIC_REPRESENTATION_CONTEXT(2) 
PARAMETRIC_REPRESENTATION_CONTEXT() REPRESENTATION_CONTEXT('2D SPACE',''
  ) );
#2331 = PCURVE('',#1956,#2332);
#2332 = DEFINITIONAL_REPRESENTATION('',(#2333),#2337);
#2333 = ( BOUNDED_CURVE() B_SPLINE_CURVE(2,(#2334,#2335,#2336),
.UNSPECIFIED.,.F.,.F.) B_SPLINE_CURVE_WITH_KNOTS((3,3),(5.497787143782,
7.068583470577),.PIECEWISE_BEZIER_KNOTS.) CURVE() 
GEOMETRIC_REPRESENTATION_ITEM() RATIONAL_B_SPLINE_CURVE((1.,
0.707106781187,1.)) REPRESENTATION_ITEM('') );
#2334 = CARTESIAN_POINT('',(382.,230.));
#2335 = CARTESIAN_POINT('',(382.,282.));
#2336 = CARTESIAN_POINT('',(330.,282.));
#2337 = ( GEOMETRIC_REPRESENTATION_CONTEXT(2) 
PARAMETRIC_REPRESENTATION_CONTEXT() REPRESENTATION_CONTEXT('2D SPACE',''
  ) );
#2338 = ORIENTED_EDGE('',*,*,#2250,.F.);
#2339 = ORIENTED_EDGE('',*,*,#2340,.T.);
#2340 = EDGE_CURVE('',#2251,#1862,#2341,.T.);
#2341 = SURFACE_CURVE('',#2342,(#2346,#2353),.PCURVE_S1.);
#2342 = ( BOUNDED_CURVE() B_SPLINE_CURVE(2,(#2343,#2344,#2345),
.UNSPECIFIED.,.F.,.F.) B_SPLINE_CURVE_WITH_KNOTS((3,3),(5.497787143782,
7.068583470577),.PIECEWISE_BEZIER_KNOTS.) CURVE() 
GEOMETRIC_REPRESENTATION_ITEM() RATIONAL_B_SPLINE_CURVE((1.,
0.707106781187,1.)) REPRESENTATION_ITEM('') );
#2343 = CARTESIAN_POINT('',(-886.6199967142,-341.4578269137,
    583.25125955215));
#2344 = CARTESIAN_POINT('',(-936.6199967142,-341.4578269137,
    583.25125955215));
#2345 = CARTESIAN_POINT('',(-936.6199967142,-354.3987791689,
    534.10544714957));
#2346 = PCURVE('',#1884,#2347);
#2347 = DEFINITIONAL_REPRESENTATION('',(#2348),#2352);
#2348 = B_SPLINE_CURVE_WITH_KNOTS('',2,(#2349,#2350,#2351),
  .UNSPECIFIED.,.F.,.F.,(3,3),(5.497787143782,7.068583470577),
  .PIECEWISE_BEZIER_KNOTS.);
#2349 = CARTESIAN_POINT('',(1.570796326795,3.14159265359));
#2350 = CARTESIAN_POINT('',(2.356194490192,3.14159265359));
#2351 = CARTESIAN_POINT('',(3.14159265359,3.14159265359));
#2352 = ( GEOMETRIC_REPRESENTATION_CONTEXT(2) 
PARAMETRIC_REPRESENTATION_CONTEXT() REPRESENTATION_CONTEXT('2D SPACE',''
  ) );
#2353 = PCURVE('',#551,#2354);
#2354 = DEFINITIONAL_REPRESENTATION('',(#2355),#2359);
#2355 = B_SPLINE_CURVE_WITH_KNOTS('',2,(#2356,#2357,#2358),
  .UNSPECIFIED.,.F.,.F.,(3,3),(5.497787143782,7.068583470577),
  .PIECEWISE_BEZIER_KNOTS.);
#2356 = CARTESIAN_POINT('',(4.712388980385,2.));
#2357 = CARTESIAN_POINT('',(5.497787143782,2.));
#2358 = CARTESIAN_POINT('',(6.28318530718,2.));
#2359 = ( GEOMETRIC_REPRESENTATION_CONTEXT(2) 
PARAMETRIC_REPRESENTATION_CONTEXT() REPRESENTATION_CONTEXT('2D SPACE',''
  ) );
#2360 = ADVANCED_FACE('',(#2361),#469,.T.);
#2361 = FACE_BOUND('',#2362,.T.);
#2362 = EDGE_LOOP('',(#2363,#2364,#2365,#2366));
#2363 = ORIENTED_EDGE('',*,*,#456,.F.);
#2364 = ORIENTED_EDGE('',*,*,#694,.F.);
#2365 = ORIENTED_EDGE('',*,*,#1901,.F.);
#2366 = ORIENTED_EDGE('',*,*,#2367,.T.);
#2367 = EDGE_CURVE('',#1862,#402,#2368,.T.);
#2368 = SURFACE_CURVE('',#2369,(#2372,#2378),.PCURVE_S1.);
#2369 = B_SPLINE_CURVE_WITH_KNOTS('',1,(#2370,#2371),.UNSPECIFIED.,.F.,
  .F.,(2,2),(2.,18.),.PIECEWISE_BEZIER_KNOTS.);
#2370 = CARTESIAN_POINT('',(-936.6199967142,-354.3987791689,
    534.10544714957));
#2371 = CARTESIAN_POINT('',(-936.6199967142,-369.8535923895,
    538.31939298786));
#2372 = PCURVE('',#469,#2373);
#2373 = DEFINITIONAL_REPRESENTATION('',(#2374),#2377);
#2374 = B_SPLINE_CURVE_WITH_KNOTS('',1,(#2375,#2376),.UNSPECIFIED.,.F.,
  .F.,(2,2),(2.,18.),.PIECEWISE_BEZIER_KNOTS.);
#2375 = CARTESIAN_POINT('',(460.,2.));
#2376 = CARTESIAN_POINT('',(460.,18.));
#2377 = ( GEOMETRIC_REPRESENTATION_CONTEXT(2) 
PARAMETRIC_REPRESENTATION_CONTEXT() REPRESENTATION_CONTEXT('2D SPACE',''
  ) );
#2378 = PCURVE('',#551,#2379);
#2379 = DEFINITIONAL_REPRESENTATION('',(#2380),#2384);
#2380 = B_SPLINE_CURVE_WITH_KNOTS('',2,(#2381,#2382,#2383),
  .UNSPECIFIED.,.F.,.F.,(3,3),(2.,18.),.PIECEWISE_BEZIER_KNOTS.);
#2381 = CARTESIAN_POINT('',(6.28318530718,2.));
#2382 = CARTESIAN_POINT('',(6.28318530718,10.));
#2383 = CARTESIAN_POINT('',(6.28318530718,18.));
#2384 = ( GEOMETRIC_REPRESENTATION_CONTEXT(2) 
PARAMETRIC_REPRESENTATION_CONTEXT() REPRESENTATION_CONTEXT('2D SPACE',''
  ) );
#2385 = ADVANCED_FACE('',(#2386,#2598),#1956,.T.);
#2386 = FACE_BOUND('',#2387,.T.);
#2387 = EDGE_LOOP('',(#2388,#2423,#2451,#2474,#2495,#2518,#2539,#2572));
#2388 = ORIENTED_EDGE('',*,*,#2389,.F.);
#2389 = EDGE_CURVE('',#2390,#2392,#2394,.T.);
#2390 = VERTEX_POINT('',#2391);
#2391 = CARTESIAN_POINT('',(-173.6199967142,-352.4669275163,
    533.57870391979));
#2392 = VERTEX_POINT('',#2393);
#2393 = CARTESIAN_POINT('',(-226.6199967142,-338.7495181258,
    585.67326506652));
#2394 = SURFACE_CURVE('',#2395,(#2399,#2406),.PCURVE_S1.);
#2395 = ( BOUNDED_CURVE() B_SPLINE_CURVE(2,(#2396,#2397,#2398),
.UNSPECIFIED.,.F.,.F.) B_SPLINE_CURVE_WITH_KNOTS((3,3),(5.497787143782,
7.068583470577),.PIECEWISE_BEZIER_KNOTS.) CURVE() 
GEOMETRIC_REPRESENTATION_ITEM() RATIONAL_B_SPLINE_CURVE((1.,
0.707106781187,1.)) REPRESENTATION_ITEM('') );
#2396 = CARTESIAN_POINT('',(-173.6199967142,-352.4669275163,
    533.57870391979));
#2397 = CARTESIAN_POINT('',(-173.6199967142,-338.7495181258,
    585.67326506652));
#2398 = CARTESIAN_POINT('',(-226.6199967142,-338.7495181258,
    585.67326506652));
#2399 = PCURVE('',#1956,#2400);
#2400 = DEFINITIONAL_REPRESENTATION('',(#2401),#2405);
#2401 = ( BOUNDED_CURVE() B_SPLINE_CURVE(2,(#2402,#2403,#2404),
.UNSPECIFIED.,.F.,.F.) B_SPLINE_CURVE_WITH_KNOTS((3,3),(5.497787143782,
7.068583470577),.PIECEWISE_BEZIER_KNOTS.) CURVE() 
GEOMETRIC_REPRESENTATION_ITEM() RATIONAL_B_SPLINE_CURVE((1.,
0.707106781187,1.)) REPRESENTATION_ITEM('') );
#2402 = CARTESIAN_POINT('',(-383.,230.));
#2403 = CARTESIAN_POINT('',(-383.,283.));
#2404 = CARTESIAN_POINT('',(-330.,283.));
#2405 = ( GEOMETRIC_REPRESENTATION_CONTEXT(2) 
PARAMETRIC_REPRESENTATION_CONTEXT() REPRESENTATION_CONTEXT('2D SPACE',''
  ) );
#2406 = PCURVE('',#2407,#2417);
#2407 = ( BOUNDED_SURFACE() B_SPLINE_SURFACE(2,2,(
    (#2408,#2409,#2410)
    ,(#2411,#2412,#2413)
    ,(#2414,#2415,#2416
)),.UNSPECIFIED.,.F.,.F.,.F.) B_SPLINE_SURFACE_WITH_KNOTS((3,3),(3,3),(
    1.570796326795,3.14159265359),(0.,1.570796326795),
.PIECEWISE_BEZIER_KNOTS.) GEOMETRIC_REPRESENTATION_ITEM() 
RATIONAL_B_SPLINE_SURFACE((
    (1.,0.707106781187,1.)
    ,(0.707106781187,0.5,0.707106781187)
,(1.,0.707106781187,1.))) REPRESENTATION_ITEM('') SURFACE() );
#2408 = CARTESIAN_POINT('',(-226.6199967142,-345.8205859377,
    598.13614369596));
#2409 = CARTESIAN_POINT('',(-226.6199967142,-336.1613276748,
    595.50242754703));
#2410 = CARTESIAN_POINT('',(-226.6199967142,-338.7495181258,
    585.67326506652));
#2411 = CARTESIAN_POINT('',(-163.6199967142,-345.8205859377,
    598.13614369596));
#2412 = CARTESIAN_POINT('',(-163.6199967142,-336.1613276748,
    595.50242754704));
#2413 = CARTESIAN_POINT('',(-173.6199967142,-338.7495181258,
    585.67326506652));
#2414 = CARTESIAN_POINT('',(-163.6199967142,-362.1261857792,
    536.21242006872));
#2415 = CARTESIAN_POINT('',(-163.6199967142,-352.4669275163,
    533.57870391979));
#2416 = CARTESIAN_POINT('',(-173.6199967142,-352.4669275163,
    533.57870391979));
#2417 = DEFINITIONAL_REPRESENTATION('',(#2418),#2422);
#2418 = B_SPLINE_CURVE_WITH_KNOTS('',2,(#2419,#2420,#2421),
  .UNSPECIFIED.,.F.,.F.,(3,3),(5.497787143782,7.068583470577),
  .PIECEWISE_BEZIER_KNOTS.);
#2419 = CARTESIAN_POINT('',(3.14159265359,1.570796326795));
#2420 = CARTESIAN_POINT('',(2.356194490192,1.570796326795));
#2421 = CARTESIAN_POINT('',(1.570796326795,1.570796326795));
#2422 = ( GEOMETRIC_REPRESENTATION_CONTEXT(2) 
PARAMETRIC_REPRESENTATION_CONTEXT() REPRESENTATION_CONTEXT('2D SPACE',''
  ) );
#2423 = ORIENTED_EDGE('',*,*,#2424,.F.);
#2424 = EDGE_CURVE('',#2425,#2390,#2427,.T.);
#2425 = VERTEX_POINT('',#2426);
#2426 = CARTESIAN_POINT('',(-173.6199967142,-471.5236882634,
    81.43722981605));
#2427 = SURFACE_CURVE('',#2428,(#2431,#2437),.PCURVE_S1.);
#2428 = B_SPLINE_CURVE_WITH_KNOTS('',1,(#2429,#2430),.UNSPECIFIED.,.F.,
  .F.,(2,2),(-115.,345.),.PIECEWISE_BEZIER_KNOTS.);
#2429 = CARTESIAN_POINT('',(-173.6199967142,-471.5236882634,
    81.43722981605));
#2430 = CARTESIAN_POINT('',(-173.6199967142,-352.4669275163,
    533.57870391979));
#2431 = PCURVE('',#1956,#2432);
#2432 = DEFINITIONAL_REPRESENTATION('',(#2433),#2436);
#2433 = B_SPLINE_CURVE_WITH_KNOTS('',1,(#2434,#2435),.UNSPECIFIED.,.F.,
  .F.,(2,2),(-115.,345.),.PIECEWISE_BEZIER_KNOTS.);
#2434 = CARTESIAN_POINT('',(-383.,-229.9999999999));
#2435 = CARTESIAN_POINT('',(-383.,230.));
#2436 = ( GEOMETRIC_REPRESENTATION_CONTEXT(2) 
PARAMETRIC_REPRESENTATION_CONTEXT() REPRESENTATION_CONTEXT('2D SPACE',''
  ) );
#2437 = PCURVE('',#2438,#2445);
#2438 = ( BOUNDED_SURFACE() B_SPLINE_SURFACE(2,1,(
    (#2439,#2440)
    ,(#2441,#2442)
    ,(#2443,#2444
)),.UNSPECIFIED.,.F.,.F.,.F.) B_SPLINE_SURFACE_WITH_KNOTS((3,3),(2,2),(
    -0.785398163397,0.785398163397),(-345.,115.),
.PIECEWISE_BEZIER_KNOTS.) GEOMETRIC_REPRESENTATION_ITEM() 
RATIONAL_B_SPLINE_SURFACE((
    (1.,1.)
    ,(0.707106781187,0.707106781187)
,(1.,1.))) REPRESENTATION_ITEM('') SURFACE() );
#2439 = CARTESIAN_POINT('',(-173.6199967142,-352.4669275163,
    533.57870391979));
#2440 = CARTESIAN_POINT('',(-173.6199967142,-471.5236882634,
    81.43722981605));
#2441 = CARTESIAN_POINT('',(-163.6199967142,-352.4669275163,
    533.57870391979));
#2442 = CARTESIAN_POINT('',(-163.6199967142,-471.5236882634,
    81.43722981605));
#2443 = CARTESIAN_POINT('',(-163.6199967142,-362.1261857792,
    536.21242006872));
#2444 = CARTESIAN_POINT('',(-163.6199967142,-481.1829465263,
    84.070945964978));
#2445 = DEFINITIONAL_REPRESENTATION('',(#2446),#2450);
#2446 = B_SPLINE_CURVE_WITH_KNOTS('',2,(#2447,#2448,#2449),
  .UNSPECIFIED.,.F.,.F.,(3,3),(-115.,345.),.PIECEWISE_BEZIER_KNOTS.);
#2447 = CARTESIAN_POINT('',(-0.785398163397,115.));
#2448 = CARTESIAN_POINT('',(-0.785398163397,-115.));
#2449 = CARTESIAN_POINT('',(-0.785398163397,-345.));
#2450 = ( GEOMETRIC_REPRESENTATION_CONTEXT(2) 
PARAMETRIC_REPRESENTATION_CONTEXT() REPRESENTATION_CONTEXT('2D SPACE',''
  ) );
#2451 = ORIENTED_EDGE('',*,*,#2452,.F.);
#2452 = EDGE_CURVE('',#2453,#2425,#2455,.T.);
#2453 = VERTEX_POINT('',#2454);
#2454 = CARTESIAN_POINT('',(-226.6199967142,-485.2410976539,
    29.342668669313));
#2455 = SURFACE_CURVE('',#2456,(#2460,#2467),.PCURVE_S1.);
#2456 = ( BOUNDED_CURVE() B_SPLINE_CURVE(2,(#2457,#2458,#2459),
.UNSPECIFIED.,.F.,.F.) B_SPLINE_CURVE_WITH_KNOTS((3,3),(5.497787143782,
7.068583470577),.PIECEWISE_BEZIER_KNOTS.) CURVE() 
GEOMETRIC_REPRESENTATION_ITEM() RATIONAL_B_SPLINE_CURVE((1.,
0.707106781187,1.)) REPRESENTATION_ITEM('') );
#2457 = CARTESIAN_POINT('',(-226.6199967142,-485.2410976539,
    29.342668669313));
#2458 = CARTESIAN_POINT('',(-173.6199967142,-485.2410976539,
    29.342668669313));
#2459 = CARTESIAN_POINT('',(-173.6199967142,-471.5236882634,
    81.43722981605));
#2460 = PCURVE('',#1956,#2461);
#2461 = DEFINITIONAL_REPRESENTATION('',(#2462),#2466);
#2462 = ( BOUNDED_CURVE() B_SPLINE_CURVE(2,(#2463,#2464,#2465),
.UNSPECIFIED.,.F.,.F.) B_SPLINE_CURVE_WITH_KNOTS((3,3),(5.497787143782,
7.068583470577),.PIECEWISE_BEZIER_KNOTS.) CURVE() 
GEOMETRIC_REPRESENTATION_ITEM() RATIONAL_B_SPLINE_CURVE((1.,
0.707106781187,1.)) REPRESENTATION_ITEM('') );
#2463 = CARTESIAN_POINT('',(-330.,-283.));
#2464 = CARTESIAN_POINT('',(-383.,-283.));
#2465 = CARTESIAN_POINT('',(-383.,-229.9999999999));
#2466 = ( GEOMETRIC_REPRESENTATION_CONTEXT(2) 
PARAMETRIC_REPRESENTATION_CONTEXT() REPRESENTATION_CONTEXT('2D SPACE',''
  ) );
#2467 = PCURVE('',#1659,#2468);
#2468 = DEFINITIONAL_REPRESENTATION('',(#2469),#2473);
#2469 = B_SPLINE_CURVE_WITH_KNOTS('',2,(#2470,#2471,#2472),
  .UNSPECIFIED.,.F.,.F.,(3,3),(5.497787143782,7.068583470577),
  .PIECEWISE_BEZIER_KNOTS.);
#2470 = CARTESIAN_POINT('',(4.712388980385,1.570796326795));
#2471 = CARTESIAN_POINT('',(3.926990816987,1.570796326795));
#2472 = CARTESIAN_POINT('',(3.14159265359,1.570796326795));
#2473 = ( GEOMETRIC_REPRESENTATION_CONTEXT(2) 
PARAMETRIC_REPRESENTATION_CONTEXT() REPRESENTATION_CONTEXT('2D SPACE',''
  ) );
#2474 = ORIENTED_EDGE('',*,*,#2475,.F.);
#2475 = EDGE_CURVE('',#2476,#2453,#2478,.T.);
#2476 = VERTEX_POINT('',#2477);
#2477 = CARTESIAN_POINT('',(-886.6199967142,-485.2410976539,
    29.342668669314));
#2478 = SURFACE_CURVE('',#2479,(#2482,#2488),.PCURVE_S1.);
#2479 = B_SPLINE_CURVE_WITH_KNOTS('',1,(#2480,#2481),.UNSPECIFIED.,.F.,
  .F.,(2,2),(-165.,495.),.PIECEWISE_BEZIER_KNOTS.);
#2480 = CARTESIAN_POINT('',(-886.6199967142,-485.2410976539,
    29.342668669314));
#2481 = CARTESIAN_POINT('',(-226.6199967142,-485.2410976539,
    29.342668669314));
#2482 = PCURVE('',#1956,#2483);
#2483 = DEFINITIONAL_REPRESENTATION('',(#2484),#2487);
#2484 = B_SPLINE_CURVE_WITH_KNOTS('',1,(#2485,#2486),.UNSPECIFIED.,.F.,
  .F.,(2,2),(-165.,495.),.PIECEWISE_BEZIER_KNOTS.);
#2485 = CARTESIAN_POINT('',(330.,-283.));
#2486 = CARTESIAN_POINT('',(-330.,-283.));
#2487 = ( GEOMETRIC_REPRESENTATION_CONTEXT(2) 
PARAMETRIC_REPRESENTATION_CONTEXT() REPRESENTATION_CONTEXT('2D SPACE',''
  ) );
#2488 = PCURVE('',#1732,#2489);
#2489 = DEFINITIONAL_REPRESENTATION('',(#2490),#2494);
#2490 = B_SPLINE_CURVE_WITH_KNOTS('',2,(#2491,#2492,#2493),
  .UNSPECIFIED.,.F.,.F.,(3,3),(-165.,495.),.PIECEWISE_BEZIER_KNOTS.);
#2491 = CARTESIAN_POINT('',(-0.785398163397,165.));
#2492 = CARTESIAN_POINT('',(-0.785398163397,-165.));
#2493 = CARTESIAN_POINT('',(-0.785398163397,-495.));
#2494 = ( GEOMETRIC_REPRESENTATION_CONTEXT(2) 
PARAMETRIC_REPRESENTATION_CONTEXT() REPRESENTATION_CONTEXT('2D SPACE',''
  ) );
#2495 = ORIENTED_EDGE('',*,*,#2496,.F.);
#2496 = EDGE_CURVE('',#2497,#2476,#2499,.T.);
#2497 = VERTEX_POINT('',#2498);
#2498 = CARTESIAN_POINT('',(-939.6199967142,-471.5236882634,
    81.43722981605));
#2499 = SURFACE_CURVE('',#2500,(#2504,#2511),.PCURVE_S1.);
#2500 = ( BOUNDED_CURVE() B_SPLINE_CURVE(2,(#2501,#2502,#2503),
.UNSPECIFIED.,.F.,.F.) B_SPLINE_CURVE_WITH_KNOTS((3,3),(5.497787143782,
7.068583470577),.PIECEWISE_BEZIER_KNOTS.) CURVE() 
GEOMETRIC_REPRESENTATION_ITEM() RATIONAL_B_SPLINE_CURVE((1.,
0.707106781187,1.)) REPRESENTATION_ITEM('') );
#2501 = CARTESIAN_POINT('',(-939.6199967142,-471.5236882634,
    81.43722981605));
#2502 = CARTESIAN_POINT('',(-939.6199967142,-485.2410976539,
    29.342668669313));
#2503 = CARTESIAN_POINT('',(-886.6199967142,-485.2410976539,
    29.342668669313));
#2504 = PCURVE('',#1956,#2505);
#2505 = DEFINITIONAL_REPRESENTATION('',(#2506),#2510);
#2506 = ( BOUNDED_CURVE() B_SPLINE_CURVE(2,(#2507,#2508,#2509),
.UNSPECIFIED.,.F.,.F.) B_SPLINE_CURVE_WITH_KNOTS((3,3),(5.497787143782,
7.068583470577),.PIECEWISE_BEZIER_KNOTS.) CURVE() 
GEOMETRIC_REPRESENTATION_ITEM() RATIONAL_B_SPLINE_CURVE((1.,
0.707106781187,1.)) REPRESENTATION_ITEM('') );
#2507 = CARTESIAN_POINT('',(383.,-230.));
#2508 = CARTESIAN_POINT('',(383.,-283.));
#2509 = CARTESIAN_POINT('',(330.,-283.));
#2510 = ( GEOMETRIC_REPRESENTATION_CONTEXT(2) 
PARAMETRIC_REPRESENTATION_CONTEXT() REPRESENTATION_CONTEXT('2D SPACE',''
  ) );
#2511 = PCURVE('',#1786,#2512);
#2512 = DEFINITIONAL_REPRESENTATION('',(#2513),#2517);
#2513 = B_SPLINE_CURVE_WITH_KNOTS('',2,(#2514,#2515,#2516),
  .UNSPECIFIED.,.F.,.F.,(3,3),(5.497787143782,7.068583470577),
  .PIECEWISE_BEZIER_KNOTS.);
#2514 = CARTESIAN_POINT('',(6.28318530718,1.570796326795));
#2515 = CARTESIAN_POINT('',(5.497787143782,1.570796326795));
#2516 = CARTESIAN_POINT('',(4.712388980385,1.570796326795));
#2517 = ( GEOMETRIC_REPRESENTATION_CONTEXT(2) 
PARAMETRIC_REPRESENTATION_CONTEXT() REPRESENTATION_CONTEXT('2D SPACE',''
  ) );
#2518 = ORIENTED_EDGE('',*,*,#2519,.F.);
#2519 = EDGE_CURVE('',#2520,#2497,#2522,.T.);
#2520 = VERTEX_POINT('',#2521);
#2521 = CARTESIAN_POINT('',(-939.6199967142,-352.4669275163,
    533.57870391979));
#2522 = SURFACE_CURVE('',#2523,(#2526,#2532),.PCURVE_S1.);
#2523 = B_SPLINE_CURVE_WITH_KNOTS('',1,(#2524,#2525),.UNSPECIFIED.,.F.,
  .F.,(2,2),(-115.,345.),.PIECEWISE_BEZIER_KNOTS.);
#2524 = CARTESIAN_POINT('',(-939.6199967142,-352.4669275163,
    533.57870391979));
#2525 = CARTESIAN_POINT('',(-939.6199967142,-471.5236882634,
    81.43722981605));
#2526 = PCURVE('',#1956,#2527);
#2527 = DEFINITIONAL_REPRESENTATION('',(#2528),#2531);
#2528 = B_SPLINE_CURVE_WITH_KNOTS('',1,(#2529,#2530),.UNSPECIFIED.,.F.,
  .F.,(2,2),(-115.,345.),.PIECEWISE_BEZIER_KNOTS.);
#2529 = CARTESIAN_POINT('',(383.,230.));
#2530 = CARTESIAN_POINT('',(383.,-230.));
#2531 = ( GEOMETRIC_REPRESENTATION_CONTEXT(2) 
PARAMETRIC_REPRESENTATION_CONTEXT() REPRESENTATION_CONTEXT('2D SPACE',''
  ) );
#2532 = PCURVE('',#1841,#2533);
#2533 = DEFINITIONAL_REPRESENTATION('',(#2534),#2538);
#2534 = B_SPLINE_CURVE_WITH_KNOTS('',2,(#2535,#2536,#2537),
  .UNSPECIFIED.,.F.,.F.,(3,3),(-115.,345.),.PIECEWISE_BEZIER_KNOTS.);
#2535 = CARTESIAN_POINT('',(-0.785398163397,115.));
#2536 = CARTESIAN_POINT('',(-0.785398163397,-114.9999999999));
#2537 = CARTESIAN_POINT('',(-0.785398163397,-345.));
#2538 = ( GEOMETRIC_REPRESENTATION_CONTEXT(2) 
PARAMETRIC_REPRESENTATION_CONTEXT() REPRESENTATION_CONTEXT('2D SPACE',''
  ) );
#2539 = ORIENTED_EDGE('',*,*,#2540,.F.);
#2540 = EDGE_CURVE('',#2541,#2520,#2543,.T.);
#2541 = VERTEX_POINT('',#2542);
#2542 = CARTESIAN_POINT('',(-886.6199967142,-338.7495181258,
    585.67326506652));
#2543 = SURFACE_CURVE('',#2544,(#2548,#2555),.PCURVE_S1.);
#2544 = ( BOUNDED_CURVE() B_SPLINE_CURVE(2,(#2545,#2546,#2547),
.UNSPECIFIED.,.F.,.F.) B_SPLINE_CURVE_WITH_KNOTS((3,3),(5.497787143782,
7.068583470577),.PIECEWISE_BEZIER_KNOTS.) CURVE() 
GEOMETRIC_REPRESENTATION_ITEM() RATIONAL_B_SPLINE_CURVE((1.,
0.707106781187,1.)) REPRESENTATION_ITEM('') );
#2545 = CARTESIAN_POINT('',(-886.6199967142,-338.7495181258,
    585.67326506652));
#2546 = CARTESIAN_POINT('',(-939.6199967142,-338.7495181258,
    585.67326506652));
#2547 = CARTESIAN_POINT('',(-939.6199967142,-352.4669275163,
    533.57870391979));
#2548 = PCURVE('',#1956,#2549);
#2549 = DEFINITIONAL_REPRESENTATION('',(#2550),#2554);
#2550 = ( BOUNDED_CURVE() B_SPLINE_CURVE(2,(#2551,#2552,#2553),
.UNSPECIFIED.,.F.,.F.) B_SPLINE_CURVE_WITH_KNOTS((3,3),(5.497787143782,
7.068583470577),.PIECEWISE_BEZIER_KNOTS.) CURVE() 
GEOMETRIC_REPRESENTATION_ITEM() RATIONAL_B_SPLINE_CURVE((1.,
0.707106781187,1.)) REPRESENTATION_ITEM('') );
#2551 = CARTESIAN_POINT('',(330.,283.));
#2552 = CARTESIAN_POINT('',(383.,283.));
#2553 = CARTESIAN_POINT('',(383.,230.));
#2554 = ( GEOMETRIC_REPRESENTATION_CONTEXT(2) 
PARAMETRIC_REPRESENTATION_CONTEXT() REPRESENTATION_CONTEXT('2D SPACE',''
  ) );
#2555 = PCURVE('',#2556,#2566);
#2556 = ( BOUNDED_SURFACE() B_SPLINE_SURFACE(2,2,(
    (#2557,#2558,#2559)
    ,(#2560,#2561,#2562)
    ,(#2563,#2564,#2565
)),.UNSPECIFIED.,.F.,.F.,.F.) B_SPLINE_SURFACE_WITH_KNOTS((3,3),(3,3),(
    0.,1.570796326795),(0.,1.570796326795),.PIECEWISE_BEZIER_KNOTS.) 
GEOMETRIC_REPRESENTATION_ITEM() RATIONAL_B_SPLINE_SURFACE((
    (1.,0.707106781187,1.)
    ,(0.707106781187,0.5,0.707106781187)
,(1.,0.707106781187,1.))) REPRESENTATION_ITEM('') SURFACE() );
#2557 = CARTESIAN_POINT('',(-949.6199967142,-362.1261857792,
    536.21242006872));
#2558 = CARTESIAN_POINT('',(-949.6199967142,-352.4669275163,
    533.57870391979));
#2559 = CARTESIAN_POINT('',(-939.6199967142,-352.4669275163,
    533.57870391979));
#2560 = CARTESIAN_POINT('',(-949.6199967142,-345.8205859377,
    598.13614369597));
#2561 = CARTESIAN_POINT('',(-949.6199967142,-336.1613276748,
    595.50242754704));
#2562 = CARTESIAN_POINT('',(-939.6199967142,-338.7495181258,
    585.67326506653));
#2563 = CARTESIAN_POINT('',(-886.6199967142,-345.8205859377,
    598.13614369596));
#2564 = CARTESIAN_POINT('',(-886.6199967142,-336.1613276748,
    595.50242754704));
#2565 = CARTESIAN_POINT('',(-886.6199967142,-338.7495181258,
    585.67326506652));
#2566 = DEFINITIONAL_REPRESENTATION('',(#2567),#2571);
#2567 = B_SPLINE_CURVE_WITH_KNOTS('',2,(#2568,#2569,#2570),
  .UNSPECIFIED.,.F.,.F.,(3,3),(5.497787143782,7.068583470577),
  .PIECEWISE_BEZIER_KNOTS.);
#2568 = CARTESIAN_POINT('',(1.570796326795,1.570796326795));
#2569 = CARTESIAN_POINT('',(0.785398163397,1.570796326795));
#2570 = CARTESIAN_POINT('',(-1.33758647095E-14,1.570796326795));
#2571 = ( GEOMETRIC_REPRESENTATION_CONTEXT(2) 
PARAMETRIC_REPRESENTATION_CONTEXT() REPRESENTATION_CONTEXT('2D SPACE',''
  ) );
#2572 = ORIENTED_EDGE('',*,*,#2573,.F.);
#2573 = EDGE_CURVE('',#2392,#2541,#2574,.T.);
#2574 = SURFACE_CURVE('',#2575,(#2578,#2584),.PCURVE_S1.);
#2575 = B_SPLINE_CURVE_WITH_KNOTS('',1,(#2576,#2577),.UNSPECIFIED.,.F.,
  .F.,(2,2),(-165.,495.),.PIECEWISE_BEZIER_KNOTS.);
#2576 = CARTESIAN_POINT('',(-226.6199967142,-338.7495181258,
    585.67326506652));
#2577 = CARTESIAN_POINT('',(-886.6199967142,-338.7495181258,
    585.67326506652));
#2578 = PCURVE('',#1956,#2579);
#2579 = DEFINITIONAL_REPRESENTATION('',(#2580),#2583);
#2580 = B_SPLINE_CURVE_WITH_KNOTS('',1,(#2581,#2582),.UNSPECIFIED.,.F.,
  .F.,(2,2),(-165.,495.),.PIECEWISE_BEZIER_KNOTS.);
#2581 = CARTESIAN_POINT('',(-330.,283.));
#2582 = CARTESIAN_POINT('',(330.,283.));
#2583 = ( GEOMETRIC_REPRESENTATION_CONTEXT(2) 
PARAMETRIC_REPRESENTATION_CONTEXT() REPRESENTATION_CONTEXT('2D SPACE',''
  ) );
#2584 = PCURVE('',#2585,#2592);
#2585 = ( BOUNDED_SURFACE() B_SPLINE_SURFACE(2,1,(
    (#2586,#2587)
    ,(#2588,#2589)
    ,(#2590,#2591
)),.UNSPECIFIED.,.F.,.F.,.F.) B_SPLINE_SURFACE_WITH_KNOTS((3,3),(2,2),(
    -0.785398163397,0.785398163397),(-495.,165.),
.PIECEWISE_BEZIER_KNOTS.) GEOMETRIC_REPRESENTATION_ITEM() 
RATIONAL_B_SPLINE_SURFACE((
    (1.,1.)
    ,(0.707106781187,0.707106781187)
,(1.,1.))) REPRESENTATION_ITEM('') SURFACE() );
#2586 = CARTESIAN_POINT('',(-886.6199967142,-338.7495181258,
    585.67326506652));
#2587 = CARTESIAN_POINT('',(-226.6199967142,-338.7495181258,
    585.67326506652));
#2588 = CARTESIAN_POINT('',(-886.6199967142,-336.1613276748,
    595.50242754704));
#2589 = CARTESIAN_POINT('',(-226.6199967142,-336.1613276748,
    595.50242754704));
#2590 = CARTESIAN_POINT('',(-886.6199967142,-345.8205859377,
    598.13614369596));
#2591 = CARTESIAN_POINT('',(-226.6199967142,-345.8205859377,
    598.13614369596));
#2592 = DEFINITIONAL_REPRESENTATION('',(#2593),#2597);
#2593 = B_SPLINE_CURVE_WITH_KNOTS('',2,(#2594,#2595,#2596),
  .UNSPECIFIED.,.F.,.F.,(3,3),(-165.,495.),.PIECEWISE_BEZIER_KNOTS.);
#2594 = CARTESIAN_POINT('',(-0.785398163397,165.));
#2595 = CARTESIAN_POINT('',(-0.785398163397,-165.));
#2596 = CARTESIAN_POINT('',(-0.785398163397,-495.));
#2597 = ( GEOMETRIC_REPRESENTATION_CONTEXT(2) 
PARAMETRIC_REPRESENTATION_CONTEXT() REPRESENTATION_CONTEXT('2D SPACE',''
  ) );
#2598 = FACE_BOUND('',#2599,.T.);
#2599 = EDGE_LOOP('',(#2600,#2601,#2602,#2603,#2604,#2605,#2606,#2607));
#2600 = ORIENTED_EDGE('',*,*,#1943,.F.);
#2601 = ORIENTED_EDGE('',*,*,#1993,.F.);
#2602 = ORIENTED_EDGE('',*,*,#2042,.F.);
#2603 = ORIENTED_EDGE('',*,*,#2089,.F.);
#2604 = ORIENTED_EDGE('',*,*,#2148,.F.);
#2605 = ORIENTED_EDGE('',*,*,#2204,.F.);
#2606 = ORIENTED_EDGE('',*,*,#2275,.F.);
#2607 = ORIENTED_EDGE('',*,*,#2318,.F.);
#2608 = ADVANCED_FACE('',(#2609),#2407,.T.);
#2609 = FACE_BOUND('',#2610,.T.);
#2610 = EDGE_LOOP('',(#2611,#2634,#2657,#2678));
#2611 = ORIENTED_EDGE('',*,*,#2612,.T.);
#2612 = EDGE_CURVE('',#2392,#2613,#2615,.T.);
#2613 = VERTEX_POINT('',#2614);
#2614 = CARTESIAN_POINT('',(-226.6199967142,-345.8205859377,
    598.13614369596));
#2615 = SURFACE_CURVE('',#2616,(#2620,#2627),.PCURVE_S1.);
#2616 = ( BOUNDED_CURVE() B_SPLINE_CURVE(2,(#2617,#2618,#2619),
.UNSPECIFIED.,.F.,.F.) B_SPLINE_CURVE_WITH_KNOTS((3,3),(0.,
1.570796326795),.PIECEWISE_BEZIER_KNOTS.) CURVE() 
GEOMETRIC_REPRESENTATION_ITEM() RATIONAL_B_SPLINE_CURVE((1.,
0.707106781187,1.)) REPRESENTATION_ITEM('') );
#2617 = CARTESIAN_POINT('',(-226.6199967142,-338.7495181258,
    585.67326506652));
#2618 = CARTESIAN_POINT('',(-226.6199967142,-336.1613276748,
    595.50242754704));
#2619 = CARTESIAN_POINT('',(-226.6199967142,-345.8205859377,
    598.13614369596));
#2620 = PCURVE('',#2407,#2621);
#2621 = DEFINITIONAL_REPRESENTATION('',(#2622),#2626);
#2622 = B_SPLINE_CURVE_WITH_KNOTS('',2,(#2623,#2624,#2625),
  .UNSPECIFIED.,.F.,.F.,(3,3),(0.,1.570796326795),
  .PIECEWISE_BEZIER_KNOTS.);
#2623 = CARTESIAN_POINT('',(1.570796326795,1.570796326795));
#2624 = CARTESIAN_POINT('',(1.570796326795,0.785398163397));
#2625 = CARTESIAN_POINT('',(1.570796326795,3.786540279834E-15));
#2626 = ( GEOMETRIC_REPRESENTATION_CONTEXT(2) 
PARAMETRIC_REPRESENTATION_CONTEXT() REPRESENTATION_CONTEXT('2D SPACE',''
  ) );
#2627 = PCURVE('',#2585,#2628);
#2628 = DEFINITIONAL_REPRESENTATION('',(#2629),#2633);
#2629 = B_SPLINE_CURVE_WITH_KNOTS('',2,(#2630,#2631,#2632),
  .UNSPECIFIED.,.F.,.F.,(3,3),(0.,1.570796326795),
  .PIECEWISE_BEZIER_KNOTS.);
#2630 = CARTESIAN_POINT('',(-0.785398163397,165.));
#2631 = CARTESIAN_POINT('',(2.140750811913E-14,165.));
#2632 = CARTESIAN_POINT('',(0.785398163397,165.));
#2633 = ( GEOMETRIC_REPRESENTATION_CONTEXT(2) 
PARAMETRIC_REPRESENTATION_CONTEXT() REPRESENTATION_CONTEXT('2D SPACE',''
  ) );
#2634 = ORIENTED_EDGE('',*,*,#2635,.T.);
#2635 = EDGE_CURVE('',#2613,#2636,#2638,.T.);
#2636 = VERTEX_POINT('',#2637);
#2637 = CARTESIAN_POINT('',(-163.6199967142,-362.1261857792,
    536.21242006872));
#2638 = SURFACE_CURVE('',#2639,(#2643,#2650),.PCURVE_S1.);
#2639 = ( BOUNDED_CURVE() B_SPLINE_CURVE(2,(#2640,#2641,#2642),
.UNSPECIFIED.,.F.,.F.) B_SPLINE_CURVE_WITH_KNOTS((3,3),(5.497787143782,
7.068583470577),.PIECEWISE_BEZIER_KNOTS.) CURVE() 
GEOMETRIC_REPRESENTATION_ITEM() RATIONAL_B_SPLINE_CURVE((1.,
0.707106781187,1.)) REPRESENTATION_ITEM('') );
#2640 = CARTESIAN_POINT('',(-226.6199967142,-345.8205859377,
    598.13614369596));
#2641 = CARTESIAN_POINT('',(-163.6199967142,-345.8205859377,
    598.13614369596));
#2642 = CARTESIAN_POINT('',(-163.6199967142,-362.1261857792,
    536.21242006872));
#2643 = PCURVE('',#2407,#2644);
#2644 = DEFINITIONAL_REPRESENTATION('',(#2645),#2649);
#2645 = B_SPLINE_CURVE_WITH_KNOTS('',2,(#2646,#2647,#2648),
  .UNSPECIFIED.,.F.,.F.,(3,3),(5.497787143782,7.068583470577),
  .PIECEWISE_BEZIER_KNOTS.);
#2646 = CARTESIAN_POINT('',(1.570796326795,-3.158755479892E-15));
#2647 = CARTESIAN_POINT('',(2.356194490192,-3.075022467232E-15));
#2648 = CARTESIAN_POINT('',(3.14159265359,-1.634110048423E-15));
#2649 = ( GEOMETRIC_REPRESENTATION_CONTEXT(2) 
PARAMETRIC_REPRESENTATION_CONTEXT() REPRESENTATION_CONTEXT('2D SPACE',''
  ) );
#2650 = PCURVE('',#1518,#2651);
#2651 = DEFINITIONAL_REPRESENTATION('',(#2652),#2656);
#2652 = B_SPLINE_CURVE_WITH_KNOTS('',2,(#2653,#2654,#2655),
  .UNSPECIFIED.,.F.,.F.,(3,3),(5.497787143782,7.068583470577),
  .PIECEWISE_BEZIER_KNOTS.);
#2653 = CARTESIAN_POINT('',(6.28318530718,10.));
#2654 = CARTESIAN_POINT('',(5.497787143782,10.));
#2655 = CARTESIAN_POINT('',(4.712388980385,10.));
#2656 = ( GEOMETRIC_REPRESENTATION_CONTEXT(2) 
PARAMETRIC_REPRESENTATION_CONTEXT() REPRESENTATION_CONTEXT('2D SPACE',''
  ) );
#2657 = ORIENTED_EDGE('',*,*,#2658,.T.);
#2658 = EDGE_CURVE('',#2636,#2390,#2659,.T.);
#2659 = SURFACE_CURVE('',#2660,(#2664,#2671),.PCURVE_S1.);
#2660 = ( BOUNDED_CURVE() B_SPLINE_CURVE(2,(#2661,#2662,#2663),
.UNSPECIFIED.,.F.,.F.) B_SPLINE_CURVE_WITH_KNOTS((3,3),(0.,
1.570796326795),.PIECEWISE_BEZIER_KNOTS.) CURVE() 
GEOMETRIC_REPRESENTATION_ITEM() RATIONAL_B_SPLINE_CURVE((1.,
0.707106781187,1.)) REPRESENTATION_ITEM('') );
#2661 = CARTESIAN_POINT('',(-163.6199967142,-362.1261857792,
    536.21242006872));
#2662 = CARTESIAN_POINT('',(-163.6199967142,-352.4669275163,
    533.57870391979));
#2663 = CARTESIAN_POINT('',(-173.6199967142,-352.4669275163,
    533.57870391979));
#2664 = PCURVE('',#2407,#2665);
#2665 = DEFINITIONAL_REPRESENTATION('',(#2666),#2670);
#2666 = B_SPLINE_CURVE_WITH_KNOTS('',2,(#2667,#2668,#2669),
  .UNSPECIFIED.,.F.,.F.,(3,3),(0.,1.570796326795),
  .PIECEWISE_BEZIER_KNOTS.);
#2667 = CARTESIAN_POINT('',(3.14159265359,-1.634110048423E-15));
#2668 = CARTESIAN_POINT('',(3.14159265359,0.785398163397));
#2669 = CARTESIAN_POINT('',(3.14159265359,1.570796326795));
#2670 = ( GEOMETRIC_REPRESENTATION_CONTEXT(2) 
PARAMETRIC_REPRESENTATION_CONTEXT() REPRESENTATION_CONTEXT('2D SPACE',''
  ) );
#2671 = PCURVE('',#2438,#2672);
#2672 = DEFINITIONAL_REPRESENTATION('',(#2673),#2677);
#2673 = B_SPLINE_CURVE_WITH_KNOTS('',2,(#2674,#2675,#2676),
  .UNSPECIFIED.,.F.,.F.,(3,3),(0.,1.570796326795),
  .PIECEWISE_BEZIER_KNOTS.);
#2674 = CARTESIAN_POINT('',(0.785398163397,-344.9999999999));
#2675 = CARTESIAN_POINT('',(-4.405483331079E-14,-345.));
#2676 = CARTESIAN_POINT('',(-0.785398163397,-345.));
#2677 = ( GEOMETRIC_REPRESENTATION_CONTEXT(2) 
PARAMETRIC_REPRESENTATION_CONTEXT() REPRESENTATION_CONTEXT('2D SPACE',''
  ) );
#2678 = ORIENTED_EDGE('',*,*,#2389,.T.);
#2679 = ADVANCED_FACE('',(#2680),#2438,.T.);
#2680 = FACE_BOUND('',#2681,.T.);
#2681 = EDGE_LOOP('',(#2682,#2703,#2704,#2705));
#2682 = ORIENTED_EDGE('',*,*,#2683,.T.);
#2683 = EDGE_CURVE('',#1644,#2425,#2684,.T.);
#2684 = SURFACE_CURVE('',#2685,(#2689,#2696),.PCURVE_S1.);
#2685 = ( BOUNDED_CURVE() B_SPLINE_CURVE(2,(#2686,#2687,#2688),
.UNSPECIFIED.,.F.,.F.) B_SPLINE_CURVE_WITH_KNOTS((3,3),(0.,
1.570796326795),.PIECEWISE_BEZIER_KNOTS.) CURVE() 
GEOMETRIC_REPRESENTATION_ITEM() RATIONAL_B_SPLINE_CURVE((1.,
0.707106781187,1.)) REPRESENTATION_ITEM('') );
#2686 = CARTESIAN_POINT('',(-163.6199967142,-481.1829465263,
    84.070945964978));
#2687 = CARTESIAN_POINT('',(-163.6199967142,-471.5236882634,
    81.43722981605));
#2688 = CARTESIAN_POINT('',(-173.6199967142,-471.5236882634,
    81.43722981605));
#2689 = PCURVE('',#2438,#2690);
#2690 = DEFINITIONAL_REPRESENTATION('',(#2691),#2695);
#2691 = B_SPLINE_CURVE_WITH_KNOTS('',2,(#2692,#2693,#2694),
  .UNSPECIFIED.,.F.,.F.,(3,3),(0.,1.570796326795),
  .PIECEWISE_BEZIER_KNOTS.);
#2692 = CARTESIAN_POINT('',(0.785398163397,115.));
#2693 = CARTESIAN_POINT('',(-5.378663201102E-15,115.));
#2694 = CARTESIAN_POINT('',(-0.785398163397,115.));
#2695 = ( GEOMETRIC_REPRESENTATION_CONTEXT(2) 
PARAMETRIC_REPRESENTATION_CONTEXT() REPRESENTATION_CONTEXT('2D SPACE',''
  ) );
#2696 = PCURVE('',#1659,#2697);
#2697 = DEFINITIONAL_REPRESENTATION('',(#2698),#2702);
#2698 = B_SPLINE_CURVE_WITH_KNOTS('',2,(#2699,#2700,#2701),
  .UNSPECIFIED.,.F.,.F.,(3,3),(0.,1.570796326795),
  .PIECEWISE_BEZIER_KNOTS.);
#2699 = CARTESIAN_POINT('',(3.14159265359,-9.093140280334E-15));
#2700 = CARTESIAN_POINT('',(3.14159265359,0.785398163397));
#2701 = CARTESIAN_POINT('',(3.14159265359,1.570796326795));
#2702 = ( GEOMETRIC_REPRESENTATION_CONTEXT(2) 
PARAMETRIC_REPRESENTATION_CONTEXT() REPRESENTATION_CONTEXT('2D SPACE',''
  ) );
#2703 = ORIENTED_EDGE('',*,*,#2424,.T.);
#2704 = ORIENTED_EDGE('',*,*,#2658,.F.);
#2705 = ORIENTED_EDGE('',*,*,#2706,.T.);
#2706 = EDGE_CURVE('',#2636,#1644,#2707,.T.);
#2707 = SURFACE_CURVE('',#2708,(#2711,#2718),.PCURVE_S1.);
#2708 = B_SPLINE_CURVE_WITH_KNOTS('',1,(#2709,#2710),.UNSPECIFIED.,.F.,
  .F.,(2,2),(-345.,115.),.PIECEWISE_BEZIER_KNOTS.);
#2709 = CARTESIAN_POINT('',(-163.6199967142,-362.1261857792,
    536.21242006872));
#2710 = CARTESIAN_POINT('',(-163.6199967142,-481.1829465263,
    84.070945964978));
#2711 = PCURVE('',#2438,#2712);
#2712 = DEFINITIONAL_REPRESENTATION('',(#2713),#2717);
#2713 = B_SPLINE_CURVE_WITH_KNOTS('',2,(#2714,#2715,#2716),
  .UNSPECIFIED.,.F.,.F.,(3,3),(-345.,115.),.PIECEWISE_BEZIER_KNOTS.);
#2714 = CARTESIAN_POINT('',(0.785398163397,-344.9999999999));
#2715 = CARTESIAN_POINT('',(0.785398163397,-115.));
#2716 = CARTESIAN_POINT('',(0.785398163397,115.));
#2717 = ( GEOMETRIC_REPRESENTATION_CONTEXT(2) 
PARAMETRIC_REPRESENTATION_CONTEXT() REPRESENTATION_CONTEXT('2D SPACE',''
  ) );
#2718 = PCURVE('',#1465,#2719);
#2719 = DEFINITIONAL_REPRESENTATION('',(#2720),#2723);
#2720 = B_SPLINE_CURVE_WITH_KNOTS('',1,(#2721,#2722),.UNSPECIFIED.,.F.,
  .F.,(2,2),(-345.,115.),.PIECEWISE_BEZIER_KNOTS.);
#2721 = CARTESIAN_POINT('',(460.,10.));
#2722 = CARTESIAN_POINT('',(-1.136868377216E-13,10.));
#2723 = ( GEOMETRIC_REPRESENTATION_CONTEXT(2) 
PARAMETRIC_REPRESENTATION_CONTEXT() REPRESENTATION_CONTEXT('2D SPACE',''
  ) );
#2724 = ADVANCED_FACE('',(#2725),#1659,.T.);
#2725 = FACE_BOUND('',#2726,.T.);
#2726 = EDGE_LOOP('',(#2727,#2748,#2749,#2750));
#2727 = ORIENTED_EDGE('',*,*,#2728,.T.);
#2728 = EDGE_CURVE('',#1623,#2453,#2729,.T.);
#2729 = SURFACE_CURVE('',#2730,(#2734,#2741),.PCURVE_S1.);
#2730 = ( BOUNDED_CURVE() B_SPLINE_CURVE(2,(#2731,#2732,#2733),
.UNSPECIFIED.,.F.,.F.) B_SPLINE_CURVE_WITH_KNOTS((3,3),(0.,
1.570796326795),.PIECEWISE_BEZIER_KNOTS.) CURVE() 
GEOMETRIC_REPRESENTATION_ITEM() RATIONAL_B_SPLINE_CURVE((1.,
0.707106781187,1.)) REPRESENTATION_ITEM('') );
#2731 = CARTESIAN_POINT('',(-226.6199967142,-497.4885463678,
    22.147222337726));
#2732 = CARTESIAN_POINT('',(-226.6199967142,-487.8292881049,
    19.513506188798));
#2733 = CARTESIAN_POINT('',(-226.6199967142,-485.2410976539,
    29.342668669313));
#2734 = PCURVE('',#1659,#2735);
#2735 = DEFINITIONAL_REPRESENTATION('',(#2736),#2740);
#2736 = B_SPLINE_CURVE_WITH_KNOTS('',2,(#2737,#2738,#2739),
  .UNSPECIFIED.,.F.,.F.,(3,3),(0.,1.570796326795),
  .PIECEWISE_BEZIER_KNOTS.);
#2737 = CARTESIAN_POINT('',(4.712388980385,6.54502889362E-14));
#2738 = CARTESIAN_POINT('',(4.712388980385,0.785398163398));
#2739 = CARTESIAN_POINT('',(4.712388980385,1.570796326795));
#2740 = ( GEOMETRIC_REPRESENTATION_CONTEXT(2) 
PARAMETRIC_REPRESENTATION_CONTEXT() REPRESENTATION_CONTEXT('2D SPACE',''
  ) );
#2741 = PCURVE('',#1732,#2742);
#2742 = DEFINITIONAL_REPRESENTATION('',(#2743),#2747);
#2743 = B_SPLINE_CURVE_WITH_KNOTS('',2,(#2744,#2745,#2746),
  .UNSPECIFIED.,.F.,.F.,(3,3),(0.,1.570796326795),
  .PIECEWISE_BEZIER_KNOTS.);
#2744 = CARTESIAN_POINT('',(0.785398163397,-495.));
#2745 = CARTESIAN_POINT('',(7.417473498162E-15,-495.));
#2746 = CARTESIAN_POINT('',(-0.785398163397,-495.));
#2747 = ( GEOMETRIC_REPRESENTATION_CONTEXT(2) 
PARAMETRIC_REPRESENTATION_CONTEXT() REPRESENTATION_CONTEXT('2D SPACE',''
  ) );
#2748 = ORIENTED_EDGE('',*,*,#2452,.T.);
#2749 = ORIENTED_EDGE('',*,*,#2683,.F.);
#2750 = ORIENTED_EDGE('',*,*,#1643,.T.);
#2751 = ADVANCED_FACE('',(#2752),#1732,.T.);
#2752 = FACE_BOUND('',#2753,.T.);
#2753 = EDGE_LOOP('',(#2754,#2775,#2776,#2777));
#2754 = ORIENTED_EDGE('',*,*,#2755,.T.);
#2755 = EDGE_CURVE('',#1700,#2476,#2756,.T.);
#2756 = SURFACE_CURVE('',#2757,(#2761,#2768),.PCURVE_S1.);
#2757 = ( BOUNDED_CURVE() B_SPLINE_CURVE(2,(#2758,#2759,#2760),
.UNSPECIFIED.,.F.,.F.) B_SPLINE_CURVE_WITH_KNOTS((3,3),(0.,
1.570796326795),.PIECEWISE_BEZIER_KNOTS.) CURVE() 
GEOMETRIC_REPRESENTATION_ITEM() RATIONAL_B_SPLINE_CURVE((1.,
0.707106781187,1.)) REPRESENTATION_ITEM('') );
#2758 = CARTESIAN_POINT('',(-886.6199967142,-497.4885463678,
    22.147222337726));
#2759 = CARTESIAN_POINT('',(-886.6199967142,-487.8292881049,
    19.513506188798));
#2760 = CARTESIAN_POINT('',(-886.6199967142,-485.2410976539,
    29.342668669313));
#2761 = PCURVE('',#1732,#2762);
#2762 = DEFINITIONAL_REPRESENTATION('',(#2763),#2767);
#2763 = B_SPLINE_CURVE_WITH_KNOTS('',2,(#2764,#2765,#2766),
  .UNSPECIFIED.,.F.,.F.,(3,3),(1.383127350017E-14,1.570796326795),
  .PIECEWISE_BEZIER_KNOTS.);
#2764 = CARTESIAN_POINT('',(0.785398163397,165.));
#2765 = CARTESIAN_POINT('',(-2.280651158122E-15,165.));
#2766 = CARTESIAN_POINT('',(-0.785398163397,165.));
#2767 = ( GEOMETRIC_REPRESENTATION_CONTEXT(2) 
PARAMETRIC_REPRESENTATION_CONTEXT() REPRESENTATION_CONTEXT('2D SPACE',''
  ) );
#2768 = PCURVE('',#1786,#2769);
#2769 = DEFINITIONAL_REPRESENTATION('',(#2770),#2774);
#2770 = B_SPLINE_CURVE_WITH_KNOTS('',2,(#2771,#2772,#2773),
  .UNSPECIFIED.,.F.,.F.,(3,3),(1.383127350017E-14,1.570796326795),
  .PIECEWISE_BEZIER_KNOTS.);
#2771 = CARTESIAN_POINT('',(4.712388980385,7.601334233952E-14));
#2772 = CARTESIAN_POINT('',(4.712388980385,0.785398163398));
#2773 = CARTESIAN_POINT('',(4.712388980385,1.570796326795));
#2774 = ( GEOMETRIC_REPRESENTATION_CONTEXT(2) 
PARAMETRIC_REPRESENTATION_CONTEXT() REPRESENTATION_CONTEXT('2D SPACE',''
  ) );
#2775 = ORIENTED_EDGE('',*,*,#2475,.T.);
#2776 = ORIENTED_EDGE('',*,*,#2728,.F.);
#2777 = ORIENTED_EDGE('',*,*,#1720,.T.);
#2778 = ADVANCED_FACE('',(#2779),#1786,.T.);
#2779 = FACE_BOUND('',#2780,.T.);
#2780 = EDGE_LOOP('',(#2781,#2802,#2803,#2804));
#2781 = ORIENTED_EDGE('',*,*,#2782,.T.);
#2782 = EDGE_CURVE('',#1752,#2497,#2783,.T.);
#2783 = SURFACE_CURVE('',#2784,(#2788,#2795),.PCURVE_S1.);
#2784 = ( BOUNDED_CURVE() B_SPLINE_CURVE(2,(#2785,#2786,#2787),
.UNSPECIFIED.,.F.,.F.) B_SPLINE_CURVE_WITH_KNOTS((3,3),(0.,
1.570796326795),.PIECEWISE_BEZIER_KNOTS.) CURVE() 
GEOMETRIC_REPRESENTATION_ITEM() RATIONAL_B_SPLINE_CURVE((1.,
0.707106781187,1.)) REPRESENTATION_ITEM('') );
#2785 = CARTESIAN_POINT('',(-949.6199967142,-481.1829465263,
    84.070945964977));
#2786 = CARTESIAN_POINT('',(-949.6199967142,-471.5236882634,
    81.43722981605));
#2787 = CARTESIAN_POINT('',(-939.6199967142,-471.5236882634,
    81.43722981605));
#2788 = PCURVE('',#1786,#2789);
#2789 = DEFINITIONAL_REPRESENTATION('',(#2790),#2794);
#2790 = B_SPLINE_CURVE_WITH_KNOTS('',2,(#2791,#2792,#2793),
  .UNSPECIFIED.,.F.,.F.,(3,3),(0.,1.570796326795),
  .PIECEWISE_BEZIER_KNOTS.);
#2791 = CARTESIAN_POINT('',(6.28318530718,-4.792865528315E-15));
#2792 = CARTESIAN_POINT('',(6.28318530718,0.785398163397));
#2793 = CARTESIAN_POINT('',(6.28318530718,1.570796326795));
#2794 = ( GEOMETRIC_REPRESENTATION_CONTEXT(2) 
PARAMETRIC_REPRESENTATION_CONTEXT() REPRESENTATION_CONTEXT('2D SPACE',''
  ) );
#2795 = PCURVE('',#1841,#2796);
#2796 = DEFINITIONAL_REPRESENTATION('',(#2797),#2801);
#2797 = B_SPLINE_CURVE_WITH_KNOTS('',2,(#2798,#2799,#2800),
  .UNSPECIFIED.,.F.,.F.,(3,3),(0.,1.570796326795),
  .PIECEWISE_BEZIER_KNOTS.);
#2798 = CARTESIAN_POINT('',(0.785398163397,-345.));
#2799 = CARTESIAN_POINT('',(2.034830637321E-14,-345.));
#2800 = CARTESIAN_POINT('',(-0.785398163397,-345.));
#2801 = ( GEOMETRIC_REPRESENTATION_CONTEXT(2) 
PARAMETRIC_REPRESENTATION_CONTEXT() REPRESENTATION_CONTEXT('2D SPACE',''
  ) );
#2802 = ORIENTED_EDGE('',*,*,#2496,.T.);
#2803 = ORIENTED_EDGE('',*,*,#2755,.F.);
#2804 = ORIENTED_EDGE('',*,*,#1772,.T.);
#2805 = ADVANCED_FACE('',(#2806),#1841,.T.);
#2806 = FACE_BOUND('',#2807,.T.);
#2807 = EDGE_LOOP('',(#2808,#2829,#2830,#2831));
#2808 = ORIENTED_EDGE('',*,*,#2809,.T.);
#2809 = EDGE_CURVE('',#1809,#2520,#2810,.T.);
#2810 = SURFACE_CURVE('',#2811,(#2815,#2822),.PCURVE_S1.);
#2811 = ( BOUNDED_CURVE() B_SPLINE_CURVE(2,(#2812,#2813,#2814),
.UNSPECIFIED.,.F.,.F.) B_SPLINE_CURVE_WITH_KNOTS((3,3),(0.,
1.570796326795),.PIECEWISE_BEZIER_KNOTS.) CURVE() 
GEOMETRIC_REPRESENTATION_ITEM() RATIONAL_B_SPLINE_CURVE((1.,
0.707106781187,1.)) REPRESENTATION_ITEM('') );
#2812 = CARTESIAN_POINT('',(-949.6199967142,-362.1261857792,
    536.21242006872));
#2813 = CARTESIAN_POINT('',(-949.6199967142,-352.4669275163,
    533.57870391979));
#2814 = CARTESIAN_POINT('',(-939.6199967142,-352.4669275163,
    533.57870391979));
#2815 = PCURVE('',#1841,#2816);
#2816 = DEFINITIONAL_REPRESENTATION('',(#2817),#2821);
#2817 = B_SPLINE_CURVE_WITH_KNOTS('',2,(#2818,#2819,#2820),
  .UNSPECIFIED.,.F.,.F.,(3,3),(0.,1.570796326795),
  .PIECEWISE_BEZIER_KNOTS.);
#2818 = CARTESIAN_POINT('',(0.785398163397,115.));
#2819 = CARTESIAN_POINT('',(1.438800059487E-16,115.));
#2820 = CARTESIAN_POINT('',(-0.785398163397,115.));
#2821 = ( GEOMETRIC_REPRESENTATION_CONTEXT(2) 
PARAMETRIC_REPRESENTATION_CONTEXT() REPRESENTATION_CONTEXT('2D SPACE',''
  ) );
#2822 = PCURVE('',#2556,#2823);
#2823 = DEFINITIONAL_REPRESENTATION('',(#2824),#2828);
#2824 = B_SPLINE_CURVE_WITH_KNOTS('',2,(#2825,#2826,#2827),
  .UNSPECIFIED.,.F.,.F.,(3,3),(0.,1.570796326795),
  .PIECEWISE_BEZIER_KNOTS.);
#2825 = CARTESIAN_POINT('',(-1.69405047941E-14,2.859692584741E-14));
#2826 = CARTESIAN_POINT('',(-1.54861768288E-14,0.785398163397));
#2827 = CARTESIAN_POINT('',(-2.136458291335E-14,1.570796326795));
#2828 = ( GEOMETRIC_REPRESENTATION_CONTEXT(2) 
PARAMETRIC_REPRESENTATION_CONTEXT() REPRESENTATION_CONTEXT('2D SPACE',''
  ) );
#2829 = ORIENTED_EDGE('',*,*,#2519,.T.);
#2830 = ORIENTED_EDGE('',*,*,#2782,.F.);
#2831 = ORIENTED_EDGE('',*,*,#1829,.T.);
#2832 = ADVANCED_FACE('',(#2833),#2556,.T.);
#2833 = FACE_BOUND('',#2834,.T.);
#2834 = EDGE_LOOP('',(#2835,#2858,#2859,#2860));
#2835 = ORIENTED_EDGE('',*,*,#2836,.T.);
#2836 = EDGE_CURVE('',#2837,#2541,#2839,.T.);
#2837 = VERTEX_POINT('',#2838);
#2838 = CARTESIAN_POINT('',(-886.6199967142,-345.8205859377,
    598.13614369596));
#2839 = SURFACE_CURVE('',#2840,(#2844,#2851),.PCURVE_S1.);
#2840 = ( BOUNDED_CURVE() B_SPLINE_CURVE(2,(#2841,#2842,#2843),
.UNSPECIFIED.,.F.,.F.) B_SPLINE_CURVE_WITH_KNOTS((3,3),(0.,
1.570796326795),.PIECEWISE_BEZIER_KNOTS.) CURVE() 
GEOMETRIC_REPRESENTATION_ITEM() RATIONAL_B_SPLINE_CURVE((1.,
0.707106781187,1.)) REPRESENTATION_ITEM('') );
#2841 = CARTESIAN_POINT('',(-886.6199967142,-345.8205859377,
    598.13614369596));
#2842 = CARTESIAN_POINT('',(-886.6199967142,-336.1613276748,
    595.50242754704));
#2843 = CARTESIAN_POINT('',(-886.6199967142,-338.7495181258,
    585.67326506652));
#2844 = PCURVE('',#2556,#2845);
#2845 = DEFINITIONAL_REPRESENTATION('',(#2846),#2850);
#2846 = B_SPLINE_CURVE_WITH_KNOTS('',2,(#2847,#2848,#2849),
  .UNSPECIFIED.,.F.,.F.,(3,3),(0.,1.570796326795),
  .PIECEWISE_BEZIER_KNOTS.);
#2847 = CARTESIAN_POINT('',(1.570796326795,5.903117256536E-14));
#2848 = CARTESIAN_POINT('',(1.570796326795,0.785398163397));
#2849 = CARTESIAN_POINT('',(1.570796326795,1.570796326795));
#2850 = ( GEOMETRIC_REPRESENTATION_CONTEXT(2) 
PARAMETRIC_REPRESENTATION_CONTEXT() REPRESENTATION_CONTEXT('2D SPACE',''
  ) );
#2851 = PCURVE('',#2585,#2852);
#2852 = DEFINITIONAL_REPRESENTATION('',(#2853),#2857);
#2853 = B_SPLINE_CURVE_WITH_KNOTS('',2,(#2854,#2855,#2856),
  .UNSPECIFIED.,.F.,.F.,(3,3),(0.,1.570796326795),
  .PIECEWISE_BEZIER_KNOTS.);
#2854 = CARTESIAN_POINT('',(0.785398163397,-495.));
#2855 = CARTESIAN_POINT('',(1.758091221624E-14,-495.));
#2856 = CARTESIAN_POINT('',(-0.785398163397,-495.));
#2857 = ( GEOMETRIC_REPRESENTATION_CONTEXT(2) 
PARAMETRIC_REPRESENTATION_CONTEXT() REPRESENTATION_CONTEXT('2D SPACE',''
  ) );
#2858 = ORIENTED_EDGE('',*,*,#2540,.T.);
#2859 = ORIENTED_EDGE('',*,*,#2809,.F.);
#2860 = ORIENTED_EDGE('',*,*,#2861,.T.);
#2861 = EDGE_CURVE('',#1809,#2837,#2862,.T.);
#2862 = SURFACE_CURVE('',#2863,(#2867,#2874),.PCURVE_S1.);
#2863 = ( BOUNDED_CURVE() B_SPLINE_CURVE(2,(#2864,#2865,#2866),
.UNSPECIFIED.,.F.,.F.) B_SPLINE_CURVE_WITH_KNOTS((3,3),(5.497787143782,
7.068583470577),.PIECEWISE_BEZIER_KNOTS.) CURVE() 
GEOMETRIC_REPRESENTATION_ITEM() RATIONAL_B_SPLINE_CURVE((1.,
0.707106781187,1.)) REPRESENTATION_ITEM('') );
#2864 = CARTESIAN_POINT('',(-949.6199967142,-362.1261857792,
    536.21242006872));
#2865 = CARTESIAN_POINT('',(-949.6199967142,-345.8205859377,
    598.13614369597));
#2866 = CARTESIAN_POINT('',(-886.6199967142,-345.8205859377,
    598.13614369596));
#2867 = PCURVE('',#2556,#2868);
#2868 = DEFINITIONAL_REPRESENTATION('',(#2869),#2873);
#2869 = B_SPLINE_CURVE_WITH_KNOTS('',2,(#2870,#2871,#2872),
  .UNSPECIFIED.,.F.,.F.,(3,3),(5.497787143782,7.068583470577),
  .PIECEWISE_BEZIER_KNOTS.);
#2870 = CARTESIAN_POINT('',(-1.604197729282E-14,9.343788470627E-16));
#2871 = CARTESIAN_POINT('',(0.785398163397,1.169344420406E-15));
#2872 = CARTESIAN_POINT('',(1.570796326795,4.464471677451E-15));
#2873 = ( GEOMETRIC_REPRESENTATION_CONTEXT(2) 
PARAMETRIC_REPRESENTATION_CONTEXT() REPRESENTATION_CONTEXT('2D SPACE',''
  ) );
#2874 = PCURVE('',#1604,#2875);
#2875 = DEFINITIONAL_REPRESENTATION('',(#2876),#2880);
#2876 = B_SPLINE_CURVE_WITH_KNOTS('',2,(#2877,#2878,#2879),
  .UNSPECIFIED.,.F.,.F.,(3,3),(5.497787143782,7.068583470577),
  .PIECEWISE_BEZIER_KNOTS.);
#2877 = CARTESIAN_POINT('',(6.28318530718,10.000000000001));
#2878 = CARTESIAN_POINT('',(5.497787143782,10.000000000001));
#2879 = CARTESIAN_POINT('',(4.712388980385,10.000000000001));
#2880 = ( GEOMETRIC_REPRESENTATION_CONTEXT(2) 
PARAMETRIC_REPRESENTATION_CONTEXT() REPRESENTATION_CONTEXT('2D SPACE',''
  ) );
#2881 = ADVANCED_FACE('',(#2882),#2585,.T.);
#2882 = FACE_BOUND('',#2883,.T.);
#2883 = EDGE_LOOP('',(#2884,#2885,#2886,#2887));
#2884 = ORIENTED_EDGE('',*,*,#2612,.F.);
#2885 = ORIENTED_EDGE('',*,*,#2573,.T.);
#2886 = ORIENTED_EDGE('',*,*,#2836,.F.);
#2887 = ORIENTED_EDGE('',*,*,#2888,.T.);
#2888 = EDGE_CURVE('',#2837,#2613,#2889,.T.);
#2889 = SURFACE_CURVE('',#2890,(#2893,#2900),.PCURVE_S1.);
#2890 = B_SPLINE_CURVE_WITH_KNOTS('',1,(#2891,#2892),.UNSPECIFIED.,.F.,
  .F.,(2,2),(-495.,165.),.PIECEWISE_BEZIER_KNOTS.);
#2891 = CARTESIAN_POINT('',(-886.6199967142,-345.8205859377,
    598.13614369596));
#2892 = CARTESIAN_POINT('',(-226.6199967142,-345.8205859377,
    598.13614369596));
#2893 = PCURVE('',#2585,#2894);
#2894 = DEFINITIONAL_REPRESENTATION('',(#2895),#2899);
#2895 = B_SPLINE_CURVE_WITH_KNOTS('',2,(#2896,#2897,#2898),
  .UNSPECIFIED.,.F.,.F.,(3,3),(-495.,165.),.PIECEWISE_BEZIER_KNOTS.);
#2896 = CARTESIAN_POINT('',(0.785398163397,-495.));
#2897 = CARTESIAN_POINT('',(0.785398163397,-165.));
#2898 = CARTESIAN_POINT('',(0.785398163397,165.));
#2899 = ( GEOMETRIC_REPRESENTATION_CONTEXT(2) 
PARAMETRIC_REPRESENTATION_CONTEXT() REPRESENTATION_CONTEXT('2D SPACE',''
  ) );
#2900 = PCURVE('',#1573,#2901);
#2901 = DEFINITIONAL_REPRESENTATION('',(#2902),#2905);
#2902 = B_SPLINE_CURVE_WITH_KNOTS('',1,(#2903,#2904),.UNSPECIFIED.,.F.,
  .F.,(2,2),(-495.,165.),.PIECEWISE_BEZIER_KNOTS.);
#2903 = CARTESIAN_POINT('',(660.,10.));
#2904 = CARTESIAN_POINT('',(0.,10.));
#2905 = ( GEOMETRIC_REPRESENTATION_CONTEXT(2) 
PARAMETRIC_REPRESENTATION_CONTEXT() REPRESENTATION_CONTEXT('2D SPACE',''
  ) );
#2906 = ADVANCED_FACE('',(#2907),#1465,.T.);
#2907 = FACE_BOUND('',#2908,.T.);
#2908 = EDGE_LOOP('',(#2909,#2910,#2911,#2912));
#2909 = ORIENTED_EDGE('',*,*,#1452,.F.);
#2910 = ORIENTED_EDGE('',*,*,#1676,.F.);
#2911 = ORIENTED_EDGE('',*,*,#2706,.F.);
#2912 = ORIENTED_EDGE('',*,*,#2913,.T.);
#2913 = EDGE_CURVE('',#2636,#1428,#2914,.T.);
#2914 = SURFACE_CURVE('',#2915,(#2918,#2924),.PCURVE_S1.);
#2915 = B_SPLINE_CURVE_WITH_KNOTS('',1,(#2916,#2917),.UNSPECIFIED.,.F.,
  .F.,(2,2),(10.,18.000000000001),.PIECEWISE_BEZIER_KNOTS.);
#2916 = CARTESIAN_POINT('',(-163.6199967142,-362.1261857792,
    536.21242006872));
#2917 = CARTESIAN_POINT('',(-163.6199967142,-369.8535923895,
    538.31939298786));
#2918 = PCURVE('',#1465,#2919);
#2919 = DEFINITIONAL_REPRESENTATION('',(#2920),#2923);
#2920 = B_SPLINE_CURVE_WITH_KNOTS('',1,(#2921,#2922),.UNSPECIFIED.,.F.,
  .F.,(2,2),(10.,18.000000000001),.PIECEWISE_BEZIER_KNOTS.);
#2921 = CARTESIAN_POINT('',(460.,10.));
#2922 = CARTESIAN_POINT('',(460.,18.000000000001));
#2923 = ( GEOMETRIC_REPRESENTATION_CONTEXT(2) 
PARAMETRIC_REPRESENTATION_CONTEXT() REPRESENTATION_CONTEXT('2D SPACE',''
  ) );
#2924 = PCURVE('',#1518,#2925);
#2925 = DEFINITIONAL_REPRESENTATION('',(#2926),#2930);
#2926 = B_SPLINE_CURVE_WITH_KNOTS('',2,(#2927,#2928,#2929),
  .UNSPECIFIED.,.F.,.F.,(3,3),(10.,18.000000000001),
  .PIECEWISE_BEZIER_KNOTS.);
#2927 = CARTESIAN_POINT('',(4.712388980385,10.));
#2928 = CARTESIAN_POINT('',(4.712388980385,14.000000000001));
#2929 = CARTESIAN_POINT('',(4.712388980385,18.000000000001));
#2930 = ( GEOMETRIC_REPRESENTATION_CONTEXT(2) 
PARAMETRIC_REPRESENTATION_CONTEXT() REPRESENTATION_CONTEXT('2D SPACE',''
  ) );
#2931 = ADVANCED_FACE('',(#2932),#1518,.T.);
#2932 = FACE_BOUND('',#2933,.T.);
#2933 = EDGE_LOOP('',(#2934,#2935,#2936,#2937));
#2934 = ORIENTED_EDGE('',*,*,#1504,.F.);
#2935 = ORIENTED_EDGE('',*,*,#2913,.F.);
#2936 = ORIENTED_EDGE('',*,*,#2635,.F.);
#2937 = ORIENTED_EDGE('',*,*,#2938,.T.);
#2938 = EDGE_CURVE('',#2613,#1480,#2939,.T.);
#2939 = SURFACE_CURVE('',#2940,(#2943,#2950),.PCURVE_S1.);
#2940 = B_SPLINE_CURVE_WITH_KNOTS('',1,(#2941,#2942),.UNSPECIFIED.,.F.,
  .F.,(2,2),(10.000000000001,18.000000000001),.PIECEWISE_BEZIER_KNOTS.);
#2941 = CARTESIAN_POINT('',(-226.6199967142,-345.8205859377,
    598.13614369596));
#2942 = CARTESIAN_POINT('',(-226.6199967142,-353.547992548,
    600.24311661511));
#2943 = PCURVE('',#1518,#2944);
#2944 = DEFINITIONAL_REPRESENTATION('',(#2945),#2949);
#2945 = B_SPLINE_CURVE_WITH_KNOTS('',2,(#2946,#2947,#2948),
  .UNSPECIFIED.,.F.,.F.,(3,3),(10.000000000001,18.000000000001),
  .PIECEWISE_BEZIER_KNOTS.);
#2946 = CARTESIAN_POINT('',(6.28318530718,10.));
#2947 = CARTESIAN_POINT('',(6.28318530718,14.));
#2948 = CARTESIAN_POINT('',(6.28318530718,18.000000000001));
#2949 = ( GEOMETRIC_REPRESENTATION_CONTEXT(2) 
PARAMETRIC_REPRESENTATION_CONTEXT() REPRESENTATION_CONTEXT('2D SPACE',''
  ) );
#2950 = PCURVE('',#1573,#2951);
#2951 = DEFINITIONAL_REPRESENTATION('',(#2952),#2955);
#2952 = B_SPLINE_CURVE_WITH_KNOTS('',1,(#2953,#2954),.UNSPECIFIED.,.F.,
  .F.,(2,2),(10.000000000001,18.000000000001),.PIECEWISE_BEZIER_KNOTS.);
#2953 = CARTESIAN_POINT('',(0.,10.));
#2954 = CARTESIAN_POINT('',(0.,18.000000000001));
#2955 = ( GEOMETRIC_REPRESENTATION_CONTEXT(2) 
PARAMETRIC_REPRESENTATION_CONTEXT() REPRESENTATION_CONTEXT('2D SPACE',''
  ) );
#2956 = ADVANCED_FACE('',(#2957),#626,.T.);
#2957 = FACE_BOUND('',#2958,.T.);
#2958 = EDGE_LOOP('',(#2959,#2960,#2979,#2980));
#2959 = ORIENTED_EDGE('',*,*,#613,.F.);
#2960 = ORIENTED_EDGE('',*,*,#2961,.F.);
#2961 = EDGE_CURVE('',#2251,#484,#2962,.T.);
#2962 = SURFACE_CURVE('',#2963,(#2966,#2972),.PCURVE_S1.);
#2963 = B_SPLINE_CURVE_WITH_KNOTS('',1,(#2964,#2965),.UNSPECIFIED.,.F.,
  .F.,(2,2),(2.,18.),.PIECEWISE_BEZIER_KNOTS.);
#2964 = CARTESIAN_POINT('',(-886.6199967142,-341.4578269137,
    583.25125955215));
#2965 = CARTESIAN_POINT('',(-886.6199967142,-356.9126401344,
    587.46520539043));
#2966 = PCURVE('',#626,#2967);
#2967 = DEFINITIONAL_REPRESENTATION('',(#2968),#2971);
#2968 = B_SPLINE_CURVE_WITH_KNOTS('',1,(#2969,#2970),.UNSPECIFIED.,.F.,
  .F.,(2,2),(2.,18.),.PIECEWISE_BEZIER_KNOTS.);
#2969 = CARTESIAN_POINT('',(0.,2.));
#2970 = CARTESIAN_POINT('',(0.,18.));
#2971 = ( GEOMETRIC_REPRESENTATION_CONTEXT(2) 
PARAMETRIC_REPRESENTATION_CONTEXT() REPRESENTATION_CONTEXT('2D SPACE',''
  ) );
#2972 = PCURVE('',#551,#2973);
#2973 = DEFINITIONAL_REPRESENTATION('',(#2974),#2978);
#2974 = B_SPLINE_CURVE_WITH_KNOTS('',2,(#2975,#2976,#2977),
  .UNSPECIFIED.,.F.,.F.,(3,3),(2.,18.),.PIECEWISE_BEZIER_KNOTS.);
#2975 = CARTESIAN_POINT('',(4.712388980385,2.));
#2976 = CARTESIAN_POINT('',(4.712388980385,10.));
#2977 = CARTESIAN_POINT('',(4.712388980385,18.));
#2978 = ( GEOMETRIC_REPRESENTATION_CONTEXT(2) 
PARAMETRIC_REPRESENTATION_CONTEXT() REPRESENTATION_CONTEXT('2D SPACE',''
  ) );
#2979 = ORIENTED_EDGE('',*,*,#2295,.F.);
#2980 = ORIENTED_EDGE('',*,*,#2981,.T.);
#2981 = EDGE_CURVE('',#2173,#569,#2982,.T.);
#2982 = SURFACE_CURVE('',#2983,(#2986,#2992),.PCURVE_S1.);
#2983 = B_SPLINE_CURVE_WITH_KNOTS('',1,(#2984,#2985),.UNSPECIFIED.,.F.,
  .F.,(2,2),(2.,18.),.PIECEWISE_BEZIER_KNOTS.);
#2984 = CARTESIAN_POINT('',(-226.6199967142,-341.4578269137,
    583.25125955215));
#2985 = CARTESIAN_POINT('',(-226.6199967142,-356.9126401344,
    587.46520539043));
#2986 = PCURVE('',#626,#2987);
#2987 = DEFINITIONAL_REPRESENTATION('',(#2988),#2991);
#2988 = B_SPLINE_CURVE_WITH_KNOTS('',1,(#2989,#2990),.UNSPECIFIED.,.F.,
  .F.,(2,2),(2.,18.),.PIECEWISE_BEZIER_KNOTS.);
#2989 = CARTESIAN_POINT('',(660.,2.));
#2990 = CARTESIAN_POINT('',(660.,18.));
#2991 = ( GEOMETRIC_REPRESENTATION_CONTEXT(2) 
PARAMETRIC_REPRESENTATION_CONTEXT() REPRESENTATION_CONTEXT('2D SPACE',''
  ) );
#2992 = PCURVE('',#677,#2993);
#2993 = DEFINITIONAL_REPRESENTATION('',(#2994),#2998);
#2994 = B_SPLINE_CURVE_WITH_KNOTS('',2,(#2995,#2996,#2997),
  .UNSPECIFIED.,.F.,.F.,(3,3),(2.,18.),.PIECEWISE_BEZIER_KNOTS.);
#2995 = CARTESIAN_POINT('',(6.28318530718,2.));
#2996 = CARTESIAN_POINT('',(6.28318530718,10.));
#2997 = CARTESIAN_POINT('',(6.28318530718,18.));
#2998 = ( GEOMETRIC_REPRESENTATION_CONTEXT(2) 
PARAMETRIC_REPRESENTATION_CONTEXT() REPRESENTATION_CONTEXT('2D SPACE',''
  ) );
#2999 = ADVANCED_FACE('',(#3000),#551,.F.);
#3000 = FACE_BOUND('',#3001,.F.);
#3001 = EDGE_LOOP('',(#3002,#3003,#3004,#3005));
#3002 = ORIENTED_EDGE('',*,*,#2961,.F.);
#3003 = ORIENTED_EDGE('',*,*,#2340,.T.);
#3004 = ORIENTED_EDGE('',*,*,#2367,.T.);
#3005 = ORIENTED_EDGE('',*,*,#537,.T.);
#3006 = ADVANCED_FACE('',(#3007),#677,.F.);
#3007 = FACE_BOUND('',#3008,.F.);
#3008 = EDGE_LOOP('',(#3009,#3010,#3011,#3012));
#3009 = ORIENTED_EDGE('',*,*,#881,.F.);
#3010 = ORIENTED_EDGE('',*,*,#2226,.T.);
#3011 = ORIENTED_EDGE('',*,*,#2981,.T.);
#3012 = ORIENTED_EDGE('',*,*,#663,.T.);
#3013 = ADVANCED_FACE('',(#3014),#1604,.T.);
#3014 = FACE_BOUND('',#3015,.T.);
#3015 = EDGE_LOOP('',(#3016,#3017,#3036,#3037));
#3016 = ORIENTED_EDGE('',*,*,#1590,.F.);
#3017 = ORIENTED_EDGE('',*,*,#3018,.F.);
#3018 = EDGE_CURVE('',#2837,#1536,#3019,.T.);
#3019 = SURFACE_CURVE('',#3020,(#3023,#3030),.PCURVE_S1.);
#3020 = B_SPLINE_CURVE_WITH_KNOTS('',1,(#3021,#3022),.UNSPECIFIED.,.F.,
  .F.,(2,2),(10.000000000001,18.000000000001),.PIECEWISE_BEZIER_KNOTS.);
#3021 = CARTESIAN_POINT('',(-886.6199967142,-345.8205859377,
    598.13614369596));
#3022 = CARTESIAN_POINT('',(-886.6199967142,-353.547992548,
    600.24311661511));
#3023 = PCURVE('',#1604,#3024);
#3024 = DEFINITIONAL_REPRESENTATION('',(#3025),#3029);
#3025 = B_SPLINE_CURVE_WITH_KNOTS('',2,(#3026,#3027,#3028),
  .UNSPECIFIED.,.F.,.F.,(3,3),(10.000000000001,18.000000000001),
  .PIECEWISE_BEZIER_KNOTS.);
#3026 = CARTESIAN_POINT('',(4.712388980385,10.));
#3027 = CARTESIAN_POINT('',(4.712388980385,14.));
#3028 = CARTESIAN_POINT('',(4.712388980385,18.000000000001));
#3029 = ( GEOMETRIC_REPRESENTATION_CONTEXT(2) 
PARAMETRIC_REPRESENTATION_CONTEXT() REPRESENTATION_CONTEXT('2D SPACE',''
  ) );
#3030 = PCURVE('',#1573,#3031);
#3031 = DEFINITIONAL_REPRESENTATION('',(#3032),#3035);
#3032 = B_SPLINE_CURVE_WITH_KNOTS('',1,(#3033,#3034),.UNSPECIFIED.,.F.,
  .F.,(2,2),(10.000000000001,18.000000000001),.PIECEWISE_BEZIER_KNOTS.);
#3033 = CARTESIAN_POINT('',(660.,10.000000000001));
#3034 = CARTESIAN_POINT('',(660.,18.000000000001));
#3035 = ( GEOMETRIC_REPRESENTATION_CONTEXT(2) 
PARAMETRIC_REPRESENTATION_CONTEXT() REPRESENTATION_CONTEXT('2D SPACE',''
  ) );
#3036 = ORIENTED_EDGE('',*,*,#2861,.F.);
#3037 = ORIENTED_EDGE('',*,*,#1808,.T.);
#3038 = ADVANCED_FACE('',(#3039),#1573,.T.);
#3039 = FACE_BOUND('',#3040,.T.);
#3040 = EDGE_LOOP('',(#3041,#3042,#3043,#3044));
#3041 = ORIENTED_EDGE('',*,*,#1560,.F.);
#3042 = ORIENTED_EDGE('',*,*,#2938,.F.);
#3043 = ORIENTED_EDGE('',*,*,#2888,.F.);
#3044 = ORIENTED_EDGE('',*,*,#3018,.T.);
#3045 = ( GEOMETRIC_REPRESENTATION_CONTEXT(3) 
GLOBAL_UNCERTAINTY_ASSIGNED_CONTEXT((#3049)) 
GLOBAL_UNIT_ASSIGNED_CONTEXT((#3046,#3047,#3048)) REPRESENTATION_CONTEXT
('Context #1','3D Context with UNIT and UNCERTAINTY') );
#3046 = ( LENGTH_UNIT() NAMED_UNIT(*) SI_UNIT(.MILLI.,.METRE.) );
#3047 = ( NAMED_UNIT(*) PLANE_ANGLE_UNIT() SI_UNIT($,.RADIAN.) );
#3048 = ( NAMED_UNIT(*) SI_UNIT($,.STERADIAN.) SOLID_ANGLE_UNIT() );
#3049 = UNCERTAINTY_MEASURE_WITH_UNIT(LENGTH_MEASURE(1.E-07),#3046,
  'distance_accuracy_value','confusion accuracy');
#3050 = PRODUCT_RELATED_PRODUCT_CATEGORY('part',$,(#7));
ENDSEC;
END-ISO-10303-21;
