ISO-10303-21;
HEADER;
FILE_DESCRIPTION(('Open CASCADE Model'),'2;1');
FILE_NAME('Open CASCADE Shape Model','2026-08-19T17:32:25',('Author'),(
    'Open CASCADE'),'Open CASCADE STEP processor 7.9','Open CASCADE 7.9'
  ,'Unknown');
FILE_SCHEMA(('AUTOMOTIVE_DESIGN { 1 0 10303 214 1 1 1 1 }'));
ENDSEC;
DATA;
#1 = APPLICATION_PROTOCOL_DEFINITION('international standard',
  'automotive_design',2000,#2);
#2 = APPLICATION_CONTEXT(
  'core data for automotive mechanical design processes');
#3 = SHAPE_DEFINITION_REPRESENTATION(#4,#10);
#4 = PRODUCT_DEFINITION_SHAPE('','',#5);
#5 = PRODUCT_DEFINITION('design','',#6,#9);
#6 = PRODUCT_DEFINITION_FORMATION('','',#7);
#7 = PRODUCT('Open CASCADE STEP translator 7.9 1',
  'Open CASCADE STEP translator 7.9 1','',(#8));
#8 = PRODUCT_CONTEXT('',#2,'mechanical');
#9 = PRODUCT_DEFINITION_CONTEXT('part definition',#2,'design');
#10 = ADVANCED_BREP_SHAPE_REPRESENTATION('',(#11,#15),#10144);
#11 = AXIS2_PLACEMENT_3D('',#12,#13,#14);
#12 = CARTESIAN_POINT('',(0.,0.,0.));
#13 = DIRECTION('',(0.,0.,1.));
#14 = DIRECTION('',(1.,0.,-0.));
#15 = MANIFOLD_SOLID_BREP('',#16);
#16 = CLOSED_SHELL('',(#17,#122,#181,#294,#440,#2697,#2773,#3047,#3162,
    #3294,#3409,#3648,#3707,#4058,#4517,#4621,#4692,#4741,#4768,#4796,
    #4970,#5071,#5266,#5355,#5493,#5624,#6106,#6252,#6321,#6368,#6505,
    #6636,#6712,#6785,#6856,#7053,#7128,#7284,#7311,#7344,#7371,#7398,
    #7475,#7549,#7619,#7708,#7742,#7775,#7782,#7809,#7836,#7898,#8034,
    #8065,#8092,#8123,#8151,#8163,#8262,#8361,#8388,#8415,#8442,#8469,
    #8521,#8547,#8596,#8607,#8634,#8641,#8668,#8695,#8723,#8750,#8777,
    #8804,#8812,#8889,#9055,#9082,#9109,#9136,#9163,#9190,#9217,#9224,
    #9301,#9467,#9494,#9521,#9548,#9575,#9602,#9629,#9636,#9685,#9742,
    #9773,#9879,#9934,#10006,#10037,#10066,#10107,#10133));
#17 = ADVANCED_FACE('',(#18),#32,.F.);
#18 = FACE_BOUND('',#19,.F.);
#19 = EDGE_LOOP('',(#20,#94,#121));
#20 = ORIENTED_EDGE('',*,*,#21,.T.);
#21 = EDGE_CURVE('',#22,#24,#26,.T.);
#22 = VERTEX_POINT('',#23);
#23 = CARTESIAN_POINT('',(91.941440557131,291.7134475708,18.674696683884
    ));
#24 = VERTEX_POINT('',#25);
#25 = CARTESIAN_POINT('',(96.519998474121,284.0934475708,18.674696683884
    ));
#26 = SEAM_CURVE('',#27,(#31,#65),.PCURVE_S1.);
#27 = LINE('',#28,#29);
#28 = CARTESIAN_POINT('',(94.230719515626,287.9034475708,18.674696683884
    ));
#29 = VECTOR('',#30,1.);
#30 = DIRECTION('',(0.51503807491,-0.857167300702,-1.049727191139E-16));
#31 = PCURVE('',#32,#37);
#32 = CONICAL_SURFACE('',#33,3.81,1.029744258677);
#33 = AXIS2_PLACEMENT_3D('',#34,#35,#36);
#34 = CARTESIAN_POINT('',(94.230719515626,291.7134475708,18.674696683884
    ));
#35 = DIRECTION('',(1.,0.,0.));
#36 = DIRECTION('',(-0.,1.,0.));
#37 = DEFINITIONAL_REPRESENTATION('',(#38),#64);
#38 = B_SPLINE_CURVE_WITH_KNOTS('',3,(#39,#40,#41,#42,#43,#44,#45,#46,
    #47,#48,#49,#50,#51,#52,#53,#54,#55,#56,#57,#58,#59,#60,#61,#62,#63)
  ,.UNSPECIFIED.,.F.,.F.,(4,1,1,1,1,1,1,1,1,1,1,1,1,1,1,1,1,1,1,1,1,1,4)
  ,(-4.44487324339,-4.040793857628,-3.636714471865,-3.232635086102,
    -2.828555700339,-2.424476314577,-2.020396928814,-1.616317543051,
    -1.212238157288,-0.808158771526,-0.404079385763,0.,0.404079385763,
    0.808158771526,1.212238157288,1.616317543051,2.020396928814,
    2.424476314577,2.828555700339,3.232635086102,3.636714471865,
    4.040793857628,4.44487324339),.UNSPECIFIED.);
#39 = CARTESIAN_POINT('',(3.14159265359,-2.289278958495));
#40 = CARTESIAN_POINT('',(3.14159265359,-2.219906868844));
#41 = CARTESIAN_POINT('',(3.14159265359,-2.081162689541));
#42 = CARTESIAN_POINT('',(3.14159265359,-1.873046420587));
#43 = CARTESIAN_POINT('',(3.14159265359,-1.664930151633));
#44 = CARTESIAN_POINT('',(3.14159265359,-1.456813882679));
#45 = CARTESIAN_POINT('',(3.14159265359,-1.248697613725));
#46 = CARTESIAN_POINT('',(3.14159265359,-1.04058134477));
#47 = CARTESIAN_POINT('',(3.14159265359,-0.832465075816));
#48 = CARTESIAN_POINT('',(3.14159265359,-0.624348806862));
#49 = CARTESIAN_POINT('',(3.14159265359,-0.416232537908));
#50 = CARTESIAN_POINT('',(3.14159265359,-0.208116268954));
#51 = CARTESIAN_POINT('',(3.14159265359,9.537649843411E-16));
#52 = CARTESIAN_POINT('',(3.14159265359,0.208116268954));
#53 = CARTESIAN_POINT('',(3.14159265359,0.416232537908));
#54 = CARTESIAN_POINT('',(3.14159265359,0.624348806862));
#55 = CARTESIAN_POINT('',(3.14159265359,0.832465075816));
#56 = CARTESIAN_POINT('',(3.14159265359,1.04058134477));
#57 = CARTESIAN_POINT('',(3.14159265359,1.248697613725));
#58 = CARTESIAN_POINT('',(3.14159265359,1.456813882679));
#59 = CARTESIAN_POINT('',(3.14159265359,1.664930151633));
#60 = CARTESIAN_POINT('',(3.14159265359,1.873046420587));
#61 = CARTESIAN_POINT('',(3.14159265359,2.081162689541));
#62 = CARTESIAN_POINT('',(3.14159265359,2.219906868844));
#63 = CARTESIAN_POINT('',(3.14159265359,2.289278958495));
#64 = ( GEOMETRIC_REPRESENTATION_CONTEXT(2) 
PARAMETRIC_REPRESENTATION_CONTEXT() REPRESENTATION_CONTEXT('2D SPACE',''
  ) );
#65 = PCURVE('',#32,#66);
#66 = DEFINITIONAL_REPRESENTATION('',(#67),#93);
#67 = B_SPLINE_CURVE_WITH_KNOTS('',3,(#68,#69,#70,#71,#72,#73,#74,#75,
    #76,#77,#78,#79,#80,#81,#82,#83,#84,#85,#86,#87,#88,#89,#90,#91,#92)
  ,.UNSPECIFIED.,.F.,.F.,(4,1,1,1,1,1,1,1,1,1,1,1,1,1,1,1,1,1,1,1,1,1,4)
  ,(-4.44487324339,-4.040793857628,-3.636714471865,-3.232635086102,
    -2.828555700339,-2.424476314577,-2.020396928814,-1.616317543051,
    -1.212238157288,-0.808158771526,-0.404079385763,0.,0.404079385763,
    0.808158771526,1.212238157288,1.616317543051,2.020396928814,
    2.424476314577,2.828555700339,3.232635086102,3.636714471865,
    4.040793857628,4.44487324339),.UNSPECIFIED.);
#68 = CARTESIAN_POINT('',(-3.14159265359,-2.289278958495));
#69 = CARTESIAN_POINT('',(-3.14159265359,-2.219906868844));
#70 = CARTESIAN_POINT('',(-3.14159265359,-2.081162689541));
#71 = CARTESIAN_POINT('',(-3.14159265359,-1.873046420587));
#72 = CARTESIAN_POINT('',(-3.14159265359,-1.664930151633));
#73 = CARTESIAN_POINT('',(-3.14159265359,-1.456813882679));
#74 = CARTESIAN_POINT('',(-3.14159265359,-1.248697613725));
#75 = CARTESIAN_POINT('',(-3.14159265359,-1.04058134477));
#76 = CARTESIAN_POINT('',(-3.14159265359,-0.832465075816));
#77 = CARTESIAN_POINT('',(-3.14159265359,-0.624348806862));
#78 = CARTESIAN_POINT('',(-3.14159265359,-0.416232537908));
#79 = CARTESIAN_POINT('',(-3.14159265359,-0.208116268954));
#80 = CARTESIAN_POINT('',(-3.14159265359,9.537649843411E-16));
#81 = CARTESIAN_POINT('',(-3.14159265359,0.208116268954));
#82 = CARTESIAN_POINT('',(-3.14159265359,0.416232537908));
#83 = CARTESIAN_POINT('',(-3.14159265359,0.624348806862));
#84 = CARTESIAN_POINT('',(-3.14159265359,0.832465075816));
#85 = CARTESIAN_POINT('',(-3.14159265359,1.04058134477));
#86 = CARTESIAN_POINT('',(-3.14159265359,1.248697613725));
#87 = CARTESIAN_POINT('',(-3.14159265359,1.456813882679));
#88 = CARTESIAN_POINT('',(-3.14159265359,1.664930151633));
#89 = CARTESIAN_POINT('',(-3.14159265359,1.873046420587));
#90 = CARTESIAN_POINT('',(-3.14159265359,2.081162689541));
#91 = CARTESIAN_POINT('',(-3.14159265359,2.219906868844));
#92 = CARTESIAN_POINT('',(-3.14159265359,2.289278958495));
#93 = ( GEOMETRIC_REPRESENTATION_CONTEXT(2) 
PARAMETRIC_REPRESENTATION_CONTEXT() REPRESENTATION_CONTEXT('2D SPACE',''
  ) );
#94 = ORIENTED_EDGE('',*,*,#95,.T.);
#95 = EDGE_CURVE('',#24,#24,#96,.T.);
#96 = SURFACE_CURVE('',#97,(#102,#109),.PCURVE_S1.);
#97 = CIRCLE('',#98,7.62);
#98 = AXIS2_PLACEMENT_3D('',#99,#100,#101);
#99 = CARTESIAN_POINT('',(96.519998474121,291.7134475708,18.674696683884
    ));
#100 = DIRECTION('',(-1.,0.,0.));
#101 = DIRECTION('',(0.,1.,0.));
#102 = PCURVE('',#32,#103);
#103 = DEFINITIONAL_REPRESENTATION('',(#104),#108);
#104 = LINE('',#105,#106);
#105 = CARTESIAN_POINT('',(6.28318530718,2.289278958495));
#106 = VECTOR('',#107,1.);
#107 = DIRECTION('',(-1.,0.));
#108 = ( GEOMETRIC_REPRESENTATION_CONTEXT(2) 
PARAMETRIC_REPRESENTATION_CONTEXT() REPRESENTATION_CONTEXT('2D SPACE',''
  ) );
#109 = PCURVE('',#110,#115);
#110 = CYLINDRICAL_SURFACE('',#111,7.62);
#111 = AXIS2_PLACEMENT_3D('',#112,#113,#114);
#112 = CARTESIAN_POINT('',(111.75999847412,291.7134475708,
    18.674696683884));
#113 = DIRECTION('',(-1.,0.,0.));
#114 = DIRECTION('',(0.,1.,0.));
#115 = DEFINITIONAL_REPRESENTATION('',(#116),#120);
#116 = LINE('',#117,#118);
#117 = CARTESIAN_POINT('',(-6.28318530718,15.24));
#118 = VECTOR('',#119,1.);
#119 = DIRECTION('',(1.,0.));
#120 = ( GEOMETRIC_REPRESENTATION_CONTEXT(2) 
PARAMETRIC_REPRESENTATION_CONTEXT() REPRESENTATION_CONTEXT('2D SPACE',''
  ) );
#121 = ORIENTED_EDGE('',*,*,#21,.F.);
#122 = ADVANCED_FACE('',(#123),#110,.F.);
#123 = FACE_BOUND('',#124,.F.);
#124 = EDGE_LOOP('',(#125,#148,#149,#150));
#125 = ORIENTED_EDGE('',*,*,#126,.T.);
#126 = EDGE_CURVE('',#127,#24,#129,.T.);
#127 = VERTEX_POINT('',#128);
#128 = CARTESIAN_POINT('',(101.59999847412,284.0934475708,
    18.674696683884));
#129 = SEAM_CURVE('',#130,(#134,#141),.PCURVE_S1.);
#130 = LINE('',#131,#132);
#131 = CARTESIAN_POINT('',(111.75999847412,284.0934475708,
    18.674696683884));
#132 = VECTOR('',#133,1.);
#133 = DIRECTION('',(-1.,0.,0.));
#134 = PCURVE('',#110,#135);
#135 = DEFINITIONAL_REPRESENTATION('',(#136),#140);
#136 = LINE('',#137,#138);
#137 = CARTESIAN_POINT('',(3.141592653589,0.));
#138 = VECTOR('',#139,1.);
#139 = DIRECTION('',(0.,1.));
#140 = ( GEOMETRIC_REPRESENTATION_CONTEXT(2) 
PARAMETRIC_REPRESENTATION_CONTEXT() REPRESENTATION_CONTEXT('2D SPACE',''
  ) );
#141 = PCURVE('',#110,#142);
#142 = DEFINITIONAL_REPRESENTATION('',(#143),#147);
#143 = LINE('',#144,#145);
#144 = CARTESIAN_POINT('',(-3.141592653589,0.));
#145 = VECTOR('',#146,1.);
#146 = DIRECTION('',(0.,1.));
#147 = ( GEOMETRIC_REPRESENTATION_CONTEXT(2) 
PARAMETRIC_REPRESENTATION_CONTEXT() REPRESENTATION_CONTEXT('2D SPACE',''
  ) );
#148 = ORIENTED_EDGE('',*,*,#95,.F.);
#149 = ORIENTED_EDGE('',*,*,#126,.F.);
#150 = ORIENTED_EDGE('',*,*,#151,.T.);
#151 = EDGE_CURVE('',#127,#127,#152,.T.);
#152 = SURFACE_CURVE('',#153,(#158,#165),.PCURVE_S1.);
#153 = CIRCLE('',#154,7.62);
#154 = AXIS2_PLACEMENT_3D('',#155,#156,#157);
#155 = CARTESIAN_POINT('',(101.59999847412,291.7134475708,
    18.674696683884));
#156 = DIRECTION('',(-1.,0.,0.));
#157 = DIRECTION('',(0.,1.,0.));
#158 = PCURVE('',#110,#159);
#159 = DEFINITIONAL_REPRESENTATION('',(#160),#164);
#160 = LINE('',#161,#162);
#161 = CARTESIAN_POINT('',(-6.28318530718,10.16));
#162 = VECTOR('',#163,1.);
#163 = DIRECTION('',(1.,0.));
#164 = ( GEOMETRIC_REPRESENTATION_CONTEXT(2) 
PARAMETRIC_REPRESENTATION_CONTEXT() REPRESENTATION_CONTEXT('2D SPACE',''
  ) );
#165 = PCURVE('',#166,#171);
#166 = PLANE('',#167);
#167 = AXIS2_PLACEMENT_3D('',#168,#169,#170);
#168 = CARTESIAN_POINT('',(101.59999847412,0.,101.59999809265));
#169 = DIRECTION('',(1.,0.,0.));
#170 = DIRECTION('',(0.,0.,-1.));
#171 = DEFINITIONAL_REPRESENTATION('',(#172),#180);
#172 = ( BOUNDED_CURVE() B_SPLINE_CURVE(2,(#173,#174,#175,#176,#177,#178
,#179),.UNSPECIFIED.,.T.,.F.) B_SPLINE_CURVE_WITH_KNOTS((1,2,2,2,2,1),(
    -2.094395102393,0.,2.094395102393,4.188790204786,6.28318530718,
8.377580409573),.UNSPECIFIED.) CURVE() GEOMETRIC_REPRESENTATION_ITEM() 
RATIONAL_B_SPLINE_CURVE((1.,0.5,1.,0.5,1.,0.5,1.)) REPRESENTATION_ITEM(
  '') );
#173 = CARTESIAN_POINT('',(82.925301408766,299.3334475708));
#174 = CARTESIAN_POINT('',(96.123528562441,299.3334475708));
#175 = CARTESIAN_POINT('',(89.524414985603,287.9034475708));
#176 = CARTESIAN_POINT('',(82.925301408766,276.4734475708));
#177 = CARTESIAN_POINT('',(76.326187831929,287.9034475708));
#178 = CARTESIAN_POINT('',(69.727074255091,299.3334475708));
#179 = CARTESIAN_POINT('',(82.925301408766,299.3334475708));
#180 = ( GEOMETRIC_REPRESENTATION_CONTEXT(2) 
PARAMETRIC_REPRESENTATION_CONTEXT() REPRESENTATION_CONTEXT('2D SPACE',''
  ) );
#181 = ADVANCED_FACE('',(#182,#291),#166,.T.);
#182 = FACE_BOUND('',#183,.T.);
#183 = EDGE_LOOP('',(#184,#214,#247,#270));
#184 = ORIENTED_EDGE('',*,*,#185,.F.);
#185 = EDGE_CURVE('',#186,#188,#190,.T.);
#186 = VERTEX_POINT('',#187);
#187 = CARTESIAN_POINT('',(101.59999847412,279.40000891685,
    4.084631468834E-14));
#188 = VERTEX_POINT('',#189);
#189 = CARTESIAN_POINT('',(101.59999847412,279.40000891685,
    36.907877478647));
#190 = SURFACE_CURVE('',#191,(#195,#202),.PCURVE_S1.);
#191 = LINE('',#192,#193);
#192 = CARTESIAN_POINT('',(101.59999847412,279.40000891685,
    4.084631468834E-14));
#193 = VECTOR('',#194,1.);
#194 = DIRECTION('',(0.,0.,1.));
#195 = PCURVE('',#166,#196);
#196 = DEFINITIONAL_REPRESENTATION('',(#197),#201);
#197 = LINE('',#198,#199);
#198 = CARTESIAN_POINT('',(101.59999809265,279.40000891685));
#199 = VECTOR('',#200,1.);
#200 = DIRECTION('',(-1.,0.));
#201 = ( GEOMETRIC_REPRESENTATION_CONTEXT(2) 
PARAMETRIC_REPRESENTATION_CONTEXT() REPRESENTATION_CONTEXT('2D SPACE',''
  ) );
#202 = PCURVE('',#203,#208);
#203 = PLANE('',#204);
#204 = AXIS2_PLACEMENT_3D('',#205,#206,#207);
#205 = CARTESIAN_POINT('',(101.59999847412,0.,101.59999809265));
#206 = DIRECTION('',(1.,0.,0.));
#207 = DIRECTION('',(0.,0.,-1.));
#208 = DEFINITIONAL_REPRESENTATION('',(#209),#213);
#209 = LINE('',#210,#211);
#210 = CARTESIAN_POINT('',(101.59999809265,279.40000891685));
#211 = VECTOR('',#212,1.);
#212 = DIRECTION('',(-1.,0.));
#213 = ( GEOMETRIC_REPRESENTATION_CONTEXT(2) 
PARAMETRIC_REPRESENTATION_CONTEXT() REPRESENTATION_CONTEXT('2D SPACE',''
  ) );
#214 = ORIENTED_EDGE('',*,*,#215,.F.);
#215 = EDGE_CURVE('',#216,#186,#218,.T.);
#216 = VERTEX_POINT('',#217);
#217 = CARTESIAN_POINT('',(101.59999847412,304.80000972747,
    4.084631468834E-14));
#218 = SURFACE_CURVE('',#219,(#223,#230),.PCURVE_S1.);
#219 = LINE('',#220,#221);
#220 = CARTESIAN_POINT('',(101.59999847412,279.40000891685,
    4.084631468834E-14));
#221 = VECTOR('',#222,1.);
#222 = DIRECTION('',(0.,-1.,0.));
#223 = PCURVE('',#166,#224);
#224 = DEFINITIONAL_REPRESENTATION('',(#225),#229);
#225 = LINE('',#226,#227);
#226 = CARTESIAN_POINT('',(101.59999809265,279.40000891685));
#227 = VECTOR('',#228,1.);
#228 = DIRECTION('',(0.,-1.));
#229 = ( GEOMETRIC_REPRESENTATION_CONTEXT(2) 
PARAMETRIC_REPRESENTATION_CONTEXT() REPRESENTATION_CONTEXT('2D SPACE',''
  ) );
#230 = PCURVE('',#231,#242);
#231 = ( BOUNDED_SURFACE() B_SPLINE_SURFACE(2,1,(
    (#232,#233)
    ,(#234,#235)
    ,(#236,#237)
    ,(#238,#239)
,(#240,#241
    )),.UNSPECIFIED.,.F.,.F.,.F.) B_SPLINE_SURFACE_WITH_KNOTS((3,2,3),(2
    ,2),(-1.570796326795,-2.22044604925E-16,1.570796326795),(0.,42.672),
.PIECEWISE_BEZIER_KNOTS.) GEOMETRIC_REPRESENTATION_ITEM() 
RATIONAL_B_SPLINE_SURFACE((
    (1.,1.)
    ,(0.707106781187,0.707106781187)
    ,(1.,1.)
    ,(0.707106781187,0.707106781187)
,(1.,1.))) REPRESENTATION_ITEM('') SURFACE() );
#232 = CARTESIAN_POINT('',(101.59999847412,0.,0.));
#233 = CARTESIAN_POINT('',(101.59999847412,426.72,0.));
#234 = CARTESIAN_POINT('',(101.59999847412,0.,-126.9999980926));
#235 = CARTESIAN_POINT('',(101.59999847412,426.72,-126.9999980926));
#236 = CARTESIAN_POINT('',(0.,0.,-126.9999980926));
#237 = CARTESIAN_POINT('',(0.,426.72,-126.9999980926));
#238 = CARTESIAN_POINT('',(-101.5999984741,0.,-126.9999980926));
#239 = CARTESIAN_POINT('',(-101.5999984741,426.72,-126.9999980926));
#240 = CARTESIAN_POINT('',(-101.5999984741,0.,0.));
#241 = CARTESIAN_POINT('',(-101.5999984741,426.72,0.));
#242 = DEFINITIONAL_REPRESENTATION('',(#243),#246);
#243 = B_SPLINE_CURVE_WITH_KNOTS('',1,(#244,#245),.UNSPECIFIED.,.F.,.F.,
  (2,2),(-25.40000081062,0.),.PIECEWISE_BEZIER_KNOTS.);
#244 = CARTESIAN_POINT('',(-1.570796326795,30.480000972748));
#245 = CARTESIAN_POINT('',(-1.570796326795,27.940000891685));
#246 = ( GEOMETRIC_REPRESENTATION_CONTEXT(2) 
PARAMETRIC_REPRESENTATION_CONTEXT() REPRESENTATION_CONTEXT('2D SPACE',''
  ) );
#247 = ORIENTED_EDGE('',*,*,#248,.T.);
#248 = EDGE_CURVE('',#216,#249,#251,.T.);
#249 = VERTEX_POINT('',#250);
#250 = CARTESIAN_POINT('',(101.59999847412,304.80000972747,
    36.907877478647));
#251 = SURFACE_CURVE('',#252,(#256,#263),.PCURVE_S1.);
#252 = LINE('',#253,#254);
#253 = CARTESIAN_POINT('',(101.59999847412,304.80000972747,
    4.084631468834E-14));
#254 = VECTOR('',#255,1.);
#255 = DIRECTION('',(0.,0.,1.));
#256 = PCURVE('',#166,#257);
#257 = DEFINITIONAL_REPRESENTATION('',(#258),#262);
#258 = LINE('',#259,#260);
#259 = CARTESIAN_POINT('',(101.59999809265,304.80000972747));
#260 = VECTOR('',#261,1.);
#261 = DIRECTION('',(-1.,0.));
#262 = ( GEOMETRIC_REPRESENTATION_CONTEXT(2) 
PARAMETRIC_REPRESENTATION_CONTEXT() REPRESENTATION_CONTEXT('2D SPACE',''
  ) );
#263 = PCURVE('',#203,#264);
#264 = DEFINITIONAL_REPRESENTATION('',(#265),#269);
#265 = LINE('',#266,#267);
#266 = CARTESIAN_POINT('',(101.59999809265,304.80000972747));
#267 = VECTOR('',#268,1.);
#268 = DIRECTION('',(-1.,0.));
#269 = ( GEOMETRIC_REPRESENTATION_CONTEXT(2) 
PARAMETRIC_REPRESENTATION_CONTEXT() REPRESENTATION_CONTEXT('2D SPACE',''
  ) );
#270 = ORIENTED_EDGE('',*,*,#271,.T.);
#271 = EDGE_CURVE('',#249,#188,#272,.T.);
#272 = SURFACE_CURVE('',#273,(#277,#284),.PCURVE_S1.);
#273 = LINE('',#274,#275);
#274 = CARTESIAN_POINT('',(101.59999847412,279.40000891685,
    36.907877478647));
#275 = VECTOR('',#276,1.);
#276 = DIRECTION('',(0.,-1.,0.));
#277 = PCURVE('',#166,#278);
#278 = DEFINITIONAL_REPRESENTATION('',(#279),#283);
#279 = LINE('',#280,#281);
#280 = CARTESIAN_POINT('',(64.692120614003,279.40000891685));
#281 = VECTOR('',#282,1.);
#282 = DIRECTION('',(0.,-1.));
#283 = ( GEOMETRIC_REPRESENTATION_CONTEXT(2) 
PARAMETRIC_REPRESENTATION_CONTEXT() REPRESENTATION_CONTEXT('2D SPACE',''
  ) );
#284 = PCURVE('',#203,#285);
#285 = DEFINITIONAL_REPRESENTATION('',(#286),#290);
#286 = LINE('',#287,#288);
#287 = CARTESIAN_POINT('',(64.692120614003,279.40000891685));
#288 = VECTOR('',#289,1.);
#289 = DIRECTION('',(0.,-1.));
#290 = ( GEOMETRIC_REPRESENTATION_CONTEXT(2) 
PARAMETRIC_REPRESENTATION_CONTEXT() REPRESENTATION_CONTEXT('2D SPACE',''
  ) );
#291 = FACE_BOUND('',#292,.T.);
#292 = EDGE_LOOP('',(#293));
#293 = ORIENTED_EDGE('',*,*,#151,.T.);
#294 = ADVANCED_FACE('',(#295),#231,.T.);
#295 = FACE_BOUND('',#296,.T.);
#296 = EDGE_LOOP('',(#297,#298,#345,#395));
#297 = ORIENTED_EDGE('',*,*,#215,.T.);
#298 = ORIENTED_EDGE('',*,*,#299,.F.);
#299 = EDGE_CURVE('',#300,#186,#302,.T.);
#300 = VERTEX_POINT('',#301);
#301 = CARTESIAN_POINT('',(63.432370845288,279.40000891685,-99.206965));
#302 = SURFACE_CURVE('',#303,(#308,#321),.PCURVE_S1.);
#303 = ELLIPSE('',#304,126.99999809265,101.59999847412);
#304 = AXIS2_PLACEMENT_3D('',#305,#306,#307);
#305 = CARTESIAN_POINT('',(0.,279.40000891685,-6.417583586172E-14));
#306 = DIRECTION('',(0.,-1.,0.));
#307 = DIRECTION('',(0.,0.,1.));
#308 = PCURVE('',#231,#309);
#309 = DEFINITIONAL_REPRESENTATION('',(#310),#320);
#310 = B_SPLINE_CURVE_WITH_KNOTS('',8,(#311,#312,#313,#314,#315,#316,
    #317,#318,#319),.UNSPECIFIED.,.F.,.F.,(9,9),(3.81587178602,
    4.712388980385),.PIECEWISE_BEZIER_KNOTS.);
#311 = CARTESIAN_POINT('',(-0.67994218452,27.940000891686));
#312 = CARTESIAN_POINT('',(-0.786514765764,27.940000891525));
#313 = CARTESIAN_POINT('',(-0.892328271671,27.940000894538));
#314 = CARTESIAN_POINT('',(-0.99841162379,27.940000880044));
#315 = CARTESIAN_POINT('',(-1.105754021119,27.940000896575));
#316 = CARTESIAN_POINT('',(-1.215384676478,27.940000882372));
#317 = CARTESIAN_POINT('',(-1.328454481842,27.940000893315));
#318 = CARTESIAN_POINT('',(-1.446323802657,27.940000891307));
#319 = CARTESIAN_POINT('',(-1.570796326795,27.940000891686));
#320 = ( GEOMETRIC_REPRESENTATION_CONTEXT(2) 
PARAMETRIC_REPRESENTATION_CONTEXT() REPRESENTATION_CONTEXT('2D SPACE',''
  ) );
#321 = PCURVE('',#322,#333);
#322 = ( BOUNDED_SURFACE() B_SPLINE_SURFACE(2,1,(
    (#323,#324)
    ,(#325,#326)
    ,(#327,#328)
    ,(#329,#330)
,(#331,#332
    )),.UNSPECIFIED.,.F.,.F.,.F.) B_SPLINE_SURFACE_WITH_KNOTS((3,2,3),(2
    ,2),(-1.570796326795,-2.22044604925E-16,1.570796326795),(0.,42.672),
.PIECEWISE_BEZIER_KNOTS.) GEOMETRIC_REPRESENTATION_ITEM() 
RATIONAL_B_SPLINE_SURFACE((
    (1.,1.)
    ,(0.707106781187,0.707106781187)
    ,(1.,1.)
    ,(0.707106781187,0.707106781187)
,(1.,1.))) REPRESENTATION_ITEM('') SURFACE() );
#323 = CARTESIAN_POINT('',(101.59999847412,0.,0.));
#324 = CARTESIAN_POINT('',(101.59999847412,426.72,0.));
#325 = CARTESIAN_POINT('',(101.59999847412,0.,-126.9999980926));
#326 = CARTESIAN_POINT('',(101.59999847412,426.72,-126.9999980926));
#327 = CARTESIAN_POINT('',(0.,0.,-126.9999980926));
#328 = CARTESIAN_POINT('',(0.,426.72,-126.9999980926));
#329 = CARTESIAN_POINT('',(-101.5999984741,0.,-126.9999980926));
#330 = CARTESIAN_POINT('',(-101.5999984741,426.72,-126.9999980926));
#331 = CARTESIAN_POINT('',(-101.5999984741,0.,0.));
#332 = CARTESIAN_POINT('',(-101.5999984741,426.72,0.));
#333 = DEFINITIONAL_REPRESENTATION('',(#334),#344);
#334 = B_SPLINE_CURVE_WITH_KNOTS('',8,(#335,#336,#337,#338,#339,#340,
    #341,#342,#343),.UNSPECIFIED.,.F.,.F.,(9,9),(3.81587178602,
    4.712388980385),.PIECEWISE_BEZIER_KNOTS.);
#335 = CARTESIAN_POINT('',(-0.67994218452,27.940000891686));
#336 = CARTESIAN_POINT('',(-0.786514765764,27.940000891525));
#337 = CARTESIAN_POINT('',(-0.892328271671,27.940000894538));
#338 = CARTESIAN_POINT('',(-0.99841162379,27.940000880044));
#339 = CARTESIAN_POINT('',(-1.105754021119,27.940000896575));
#340 = CARTESIAN_POINT('',(-1.215384676478,27.940000882372));
#341 = CARTESIAN_POINT('',(-1.328454481842,27.940000893315));
#342 = CARTESIAN_POINT('',(-1.446323802657,27.940000891307));
#343 = CARTESIAN_POINT('',(-1.570796326795,27.940000891686));
#344 = ( GEOMETRIC_REPRESENTATION_CONTEXT(2) 
PARAMETRIC_REPRESENTATION_CONTEXT() REPRESENTATION_CONTEXT('2D SPACE',''
  ) );
#345 = ORIENTED_EDGE('',*,*,#346,.F.);
#346 = EDGE_CURVE('',#347,#300,#349,.T.);
#347 = VERTEX_POINT('',#348);
#348 = CARTESIAN_POINT('',(63.432370845288,304.80000972747,-99.206965));
#349 = SURFACE_CURVE('',#350,(#365,#372),.PCURVE_S1.);
#350 = B_SPLINE_CURVE_WITH_KNOTS('',4,(#351,#352,#353,#354,#355,#356,
    #357,#358,#359,#360,#361,#362,#363,#364),.UNSPECIFIED.,.F.,.F.,(5,3,
    3,3,5),(0.,0.25,0.5,0.75,1.),.UNSPECIFIED.);
#351 = CARTESIAN_POINT('',(63.432370845288,304.80000972747,-99.206965));
#352 = CARTESIAN_POINT('',(63.432370845288,303.21250930181,-99.206965));
#353 = CARTESIAN_POINT('',(63.432370845288,301.62500887615,-99.206965));
#354 = CARTESIAN_POINT('',(63.432370845288,300.03750845048,-99.206965));
#355 = CARTESIAN_POINT('',(63.432370845288,296.86250759915,-99.206965));
#356 = CARTESIAN_POINT('',(63.432370845288,295.27500717349,-99.206965));
#357 = CARTESIAN_POINT('',(63.432370845288,293.68750674783,-99.206965));
#358 = CARTESIAN_POINT('',(63.432370845288,290.5125058965,-99.206965));
#359 = CARTESIAN_POINT('',(63.432370845288,288.92500547083,-99.206965));
#360 = CARTESIAN_POINT('',(63.432370845288,287.33750504517,-99.206965));
#361 = CARTESIAN_POINT('',(63.432370845288,284.16250419384,-99.206965));
#362 = CARTESIAN_POINT('',(63.432370845288,282.57500376818,-99.206965));
#363 = CARTESIAN_POINT('',(63.432370845288,280.98750334251,-99.206965));
#364 = CARTESIAN_POINT('',(63.432370845288,279.40000291685,-99.206965));
#365 = PCURVE('',#231,#366);
#366 = DEFINITIONAL_REPRESENTATION('',(#367),#371);
#367 = B_SPLINE_CURVE_WITH_KNOTS('',2,(#368,#369,#370),.UNSPECIFIED.,.F.
  ,.F.,(3,3),(0.,0.99999976378),.PIECEWISE_BEZIER_KNOTS.);
#368 = CARTESIAN_POINT('',(-0.67994218452,30.480000972748));
#369 = CARTESIAN_POINT('',(-0.67994218452,29.210000932217));
#370 = CARTESIAN_POINT('',(-0.67994218452,27.940000891685));
#371 = ( GEOMETRIC_REPRESENTATION_CONTEXT(2) 
PARAMETRIC_REPRESENTATION_CONTEXT() REPRESENTATION_CONTEXT('2D SPACE',''
  ) );
#372 = PCURVE('',#373,#378);
#373 = PLANE('',#374);
#374 = AXIS2_PLACEMENT_3D('',#375,#376,#377);
#375 = CARTESIAN_POINT('',(-229.3469628796,278.3859,-99.206965));
#376 = DIRECTION('',(0.,0.,1.));
#377 = DIRECTION('',(1.,0.,-0.));
#378 = DEFINITIONAL_REPRESENTATION('',(#379),#394);
#379 = B_SPLINE_CURVE_WITH_KNOTS('',4,(#380,#381,#382,#383,#384,#385,
    #386,#387,#388,#389,#390,#391,#392,#393),.UNSPECIFIED.,.F.,.F.,(5,3,
    3,3,5),(0.,0.25,0.5,0.75,1.),.UNSPECIFIED.);
#380 = CARTESIAN_POINT('',(292.77933372488,26.41410972747));
#381 = CARTESIAN_POINT('',(292.77933372488,24.82660930181));
#382 = CARTESIAN_POINT('',(292.77933372488,23.23910887615));
#383 = CARTESIAN_POINT('',(292.77933372488,21.65160845048));
#384 = CARTESIAN_POINT('',(292.77933372488,18.47660759915));
#385 = CARTESIAN_POINT('',(292.77933372488,16.88910717349));
#386 = CARTESIAN_POINT('',(292.77933372488,15.30160674783));
#387 = CARTESIAN_POINT('',(292.77933372488,12.1266058965));
#388 = CARTESIAN_POINT('',(292.77933372488,10.53910547083));
#389 = CARTESIAN_POINT('',(292.77933372488,8.95160504517));
#390 = CARTESIAN_POINT('',(292.77933372488,5.77660419384));
#391 = CARTESIAN_POINT('',(292.77933372488,4.18910376818));
#392 = CARTESIAN_POINT('',(292.77933372488,2.60160334251));
#393 = CARTESIAN_POINT('',(292.77933372488,1.01410291685));
#394 = ( GEOMETRIC_REPRESENTATION_CONTEXT(2) 
PARAMETRIC_REPRESENTATION_CONTEXT() REPRESENTATION_CONTEXT('2D SPACE',''
  ) );
#395 = ORIENTED_EDGE('',*,*,#396,.T.);
#396 = EDGE_CURVE('',#347,#216,#397,.T.);
#397 = SURFACE_CURVE('',#398,(#403,#416),.PCURVE_S1.);
#398 = ELLIPSE('',#399,126.99999809265,101.59999847412);
#399 = AXIS2_PLACEMENT_3D('',#400,#401,#402);
#400 = CARTESIAN_POINT('',(0.,304.80000972747,-6.417583586172E-14));
#401 = DIRECTION('',(0.,-1.,0.));
#402 = DIRECTION('',(0.,0.,1.));
#403 = PCURVE('',#231,#404);
#404 = DEFINITIONAL_REPRESENTATION('',(#405),#415);
#405 = B_SPLINE_CURVE_WITH_KNOTS('',8,(#406,#407,#408,#409,#410,#411,
    #412,#413,#414),.UNSPECIFIED.,.F.,.F.,(9,9),(3.81587178602,
    4.712388980385),.PIECEWISE_BEZIER_KNOTS.);
#406 = CARTESIAN_POINT('',(-0.67994218452,30.480000972748));
#407 = CARTESIAN_POINT('',(-0.786514765764,30.480000973286));
#408 = CARTESIAN_POINT('',(-0.892328271671,30.480000970419));
#409 = CARTESIAN_POINT('',(-0.99841162379,30.480000977637));
#410 = CARTESIAN_POINT('',(-1.105754021119,30.480000948533));
#411 = CARTESIAN_POINT('',(-1.215384676478,30.480000980431));
#412 = CARTESIAN_POINT('',(-1.328454481842,30.480000970187));
#413 = CARTESIAN_POINT('',(-1.446323802657,30.480000973475));
#414 = CARTESIAN_POINT('',(-1.570796326795,30.480000972748));
#415 = ( GEOMETRIC_REPRESENTATION_CONTEXT(2) 
PARAMETRIC_REPRESENTATION_CONTEXT() REPRESENTATION_CONTEXT('2D SPACE',''
  ) );
#416 = PCURVE('',#417,#428);
#417 = ( BOUNDED_SURFACE() B_SPLINE_SURFACE(2,1,(
    (#418,#419)
    ,(#420,#421)
    ,(#422,#423)
    ,(#424,#425)
,(#426,#427
    )),.UNSPECIFIED.,.F.,.F.,.F.) B_SPLINE_SURFACE_WITH_KNOTS((3,2,3),(2
    ,2),(-1.570796326795,-2.22044604925E-16,1.570796326795),(0.,42.672),
.PIECEWISE_BEZIER_KNOTS.) GEOMETRIC_REPRESENTATION_ITEM() 
RATIONAL_B_SPLINE_SURFACE((
    (1.,1.)
    ,(0.707106781187,0.707106781187)
    ,(1.,1.)
    ,(0.707106781187,0.707106781187)
,(1.,1.))) REPRESENTATION_ITEM('') SURFACE() );
#418 = CARTESIAN_POINT('',(101.59999847412,0.,0.));
#419 = CARTESIAN_POINT('',(101.59999847412,426.72,0.));
#420 = CARTESIAN_POINT('',(101.59999847412,0.,-126.9999980926));
#421 = CARTESIAN_POINT('',(101.59999847412,426.72,-126.9999980926));
#422 = CARTESIAN_POINT('',(0.,0.,-126.9999980926));
#423 = CARTESIAN_POINT('',(0.,426.72,-126.9999980926));
#424 = CARTESIAN_POINT('',(-101.5999984741,0.,-126.9999980926));
#425 = CARTESIAN_POINT('',(-101.5999984741,426.72,-126.9999980926));
#426 = CARTESIAN_POINT('',(-101.5999984741,0.,0.));
#427 = CARTESIAN_POINT('',(-101.5999984741,426.72,0.));
#428 = DEFINITIONAL_REPRESENTATION('',(#429),#439);
#429 = B_SPLINE_CURVE_WITH_KNOTS('',8,(#430,#431,#432,#433,#434,#435,
    #436,#437,#438),.UNSPECIFIED.,.F.,.F.,(9,9),(3.81587178602,
    4.712388980385),.PIECEWISE_BEZIER_KNOTS.);
#430 = CARTESIAN_POINT('',(-0.67994218452,30.480000972748));
#431 = CARTESIAN_POINT('',(-0.786514765764,30.480000973286));
#432 = CARTESIAN_POINT('',(-0.892328271671,30.480000970419));
#433 = CARTESIAN_POINT('',(-0.99841162379,30.480000977637));
#434 = CARTESIAN_POINT('',(-1.105754021119,30.480000948533));
#435 = CARTESIAN_POINT('',(-1.215384676478,30.480000980431));
#436 = CARTESIAN_POINT('',(-1.328454481842,30.480000970187));
#437 = CARTESIAN_POINT('',(-1.446323802657,30.480000973475));
#438 = CARTESIAN_POINT('',(-1.570796326795,30.480000972748));
#439 = ( GEOMETRIC_REPRESENTATION_CONTEXT(2) 
PARAMETRIC_REPRESENTATION_CONTEXT() REPRESENTATION_CONTEXT('2D SPACE',''
  ) );
#440 = ADVANCED_FACE('',(#441,#803,#1273,#1737),#322,.T.);
#441 = FACE_BOUND('',#442,.T.);
#442 = EDGE_LOOP('',(#443,#465,#516,#543,#590,#624,#775,#802));
#443 = ORIENTED_EDGE('',*,*,#444,.F.);
#444 = EDGE_CURVE('',#445,#186,#447,.T.);
#445 = VERTEX_POINT('',#446);
#446 = CARTESIAN_POINT('',(101.59999847412,0.,2.042315734417E-14));
#447 = SURFACE_CURVE('',#448,(#452,#458),.PCURVE_S1.);
#448 = LINE('',#449,#450);
#449 = CARTESIAN_POINT('',(101.59999847412,0.,2.042315734417E-14));
#450 = VECTOR('',#451,1.);
#451 = DIRECTION('',(0.,1.,0.));
#452 = PCURVE('',#322,#453);
#453 = DEFINITIONAL_REPRESENTATION('',(#454),#457);
#454 = B_SPLINE_CURVE_WITH_KNOTS('',1,(#455,#456),.UNSPECIFIED.,.F.,.F.,
  (2,2),(0.,355.6),.PIECEWISE_BEZIER_KNOTS.);
#455 = CARTESIAN_POINT('',(-1.570796326795,1.065120710565E-16));
#456 = CARTESIAN_POINT('',(-1.570796326795,35.56));
#457 = ( GEOMETRIC_REPRESENTATION_CONTEXT(2) 
PARAMETRIC_REPRESENTATION_CONTEXT() REPRESENTATION_CONTEXT('2D SPACE',''
  ) );
#458 = PCURVE('',#203,#459);
#459 = DEFINITIONAL_REPRESENTATION('',(#460),#464);
#460 = LINE('',#461,#462);
#461 = CARTESIAN_POINT('',(101.59999809265,0.));
#462 = VECTOR('',#463,1.);
#463 = DIRECTION('',(0.,1.));
#464 = ( GEOMETRIC_REPRESENTATION_CONTEXT(2) 
PARAMETRIC_REPRESENTATION_CONTEXT() REPRESENTATION_CONTEXT('2D SPACE',''
  ) );
#465 = ORIENTED_EDGE('',*,*,#466,.T.);
#466 = EDGE_CURVE('',#445,#467,#469,.T.);
#467 = VERTEX_POINT('',#468);
#468 = CARTESIAN_POINT('',(-101.5999984741,0.,-7.776507057794E-15));
#469 = SURFACE_CURVE('',#470,(#475,#504),.PCURVE_S1.);
#470 = ELLIPSE('',#471,126.99999809265,101.59999847412);
#471 = AXIS2_PLACEMENT_3D('',#472,#473,#474);
#472 = CARTESIAN_POINT('',(0.,0.,0.));
#473 = DIRECTION('',(0.,1.,0.));
#474 = DIRECTION('',(0.,0.,-1.));
#475 = PCURVE('',#322,#476);
#476 = DEFINITIONAL_REPRESENTATION('',(#477),#503);
#477 = B_SPLINE_CURVE_WITH_KNOTS('',3,(#478,#479,#480,#481,#482,#483,
    #484,#485,#486,#487,#488,#489,#490,#491,#492,#493,#494,#495,#496,
    #497,#498,#499,#500,#501,#502),.UNSPECIFIED.,.F.,.F.,(4,1,1,1,1,1,1,
    1,1,1,1,1,1,1,1,1,1,1,1,1,1,1,4),(4.712388980385,4.855188646457,
    4.997988312529,5.140787978601,5.283587644674,5.426387310746,
    5.569186976818,5.711986642891,5.854786308963,5.997585975035,
    6.140385641107,6.28318530718,6.425984973252,6.568784639324,
    6.711584305396,6.854383971469,6.997183637541,7.139983303613,
    7.282782969685,7.425582635758,7.56838230183,7.711181967902,
    7.853981633974),.UNSPECIFIED.);
#478 = CARTESIAN_POINT('',(-1.570796326795,0.));
#479 = CARTESIAN_POINT('',(-1.517952833359,0.));
#480 = CARTESIAN_POINT('',(-1.415288366178,0.));
#481 = CARTESIAN_POINT('',(-1.268484240086,0.));
#482 = CARTESIAN_POINT('',(-1.12689661009,0.));
#483 = CARTESIAN_POINT('',(-0.988903227272,0.));
#484 = CARTESIAN_POINT('',(-0.853002749124,0.));
#485 = CARTESIAN_POINT('',(-0.717795105739,0.));
#486 = CARTESIAN_POINT('',(-0.58188545918,0.));
#487 = CARTESIAN_POINT('',(-0.443928750008,0.));
#488 = CARTESIAN_POINT('',(-0.302203593838,0.));
#489 = CARTESIAN_POINT('',(-0.155912898796,0.));
#490 = CARTESIAN_POINT('',(-3.235131571177E-16,0.));
#491 = CARTESIAN_POINT('',(0.155912898796,0.));
#492 = CARTESIAN_POINT('',(0.302203593838,0.));
#493 = CARTESIAN_POINT('',(0.443928750008,0.));
#494 = CARTESIAN_POINT('',(0.58188545918,0.));
#495 = CARTESIAN_POINT('',(0.717795105739,0.));
#496 = CARTESIAN_POINT('',(0.853002749124,0.));
#497 = CARTESIAN_POINT('',(0.988903227272,0.));
#498 = CARTESIAN_POINT('',(1.12689661009,0.));
#499 = CARTESIAN_POINT('',(1.268484240086,0.));
#500 = CARTESIAN_POINT('',(1.415288366178,0.));
#501 = CARTESIAN_POINT('',(1.517952833359,-0.));
#502 = CARTESIAN_POINT('',(1.570796326795,0.));
#503 = ( GEOMETRIC_REPRESENTATION_CONTEXT(2) 
PARAMETRIC_REPRESENTATION_CONTEXT() REPRESENTATION_CONTEXT('2D SPACE',''
  ) );
#504 = PCURVE('',#505,#510);
#505 = PLANE('',#506);
#506 = AXIS2_PLACEMENT_3D('',#507,#508,#509);
#507 = CARTESIAN_POINT('',(0.,0.,0.));
#508 = DIRECTION('',(0.,1.,0.));
#509 = DIRECTION('',(1.,0.,0.));
#510 = DEFINITIONAL_REPRESENTATION('',(#511),#515);
#511 = ELLIPSE('',#512,126.99999809265,101.59999847412);
#512 = AXIS2_PLACEMENT_2D('',#513,#514);
#513 = CARTESIAN_POINT('',(0.,0.));
#514 = DIRECTION('',(0.,1.));
#515 = ( GEOMETRIC_REPRESENTATION_CONTEXT(2) 
PARAMETRIC_REPRESENTATION_CONTEXT() REPRESENTATION_CONTEXT('2D SPACE',''
  ) );
#516 = ORIENTED_EDGE('',*,*,#517,.T.);
#517 = EDGE_CURVE('',#467,#518,#520,.T.);
#518 = VERTEX_POINT('',#519);
#519 = CARTESIAN_POINT('',(-101.5999984741,279.40000891685,0.));
#520 = SURFACE_CURVE('',#521,(#525,#531),.PCURVE_S1.);
#521 = LINE('',#522,#523);
#522 = CARTESIAN_POINT('',(-101.5999984741,0.,-7.776507057794E-15));
#523 = VECTOR('',#524,1.);
#524 = DIRECTION('',(0.,1.,0.));
#525 = PCURVE('',#322,#526);
#526 = DEFINITIONAL_REPRESENTATION('',(#527),#530);
#527 = B_SPLINE_CURVE_WITH_KNOTS('',1,(#528,#529),.UNSPECIFIED.,.F.,.F.,
  (2,2),(0.,355.6),.PIECEWISE_BEZIER_KNOTS.);
#528 = CARTESIAN_POINT('',(1.570796326795,-2.735658822352E-15));
#529 = CARTESIAN_POINT('',(1.570796326795,35.56));
#530 = ( GEOMETRIC_REPRESENTATION_CONTEXT(2) 
PARAMETRIC_REPRESENTATION_CONTEXT() REPRESENTATION_CONTEXT('2D SPACE',''
  ) );
#531 = PCURVE('',#532,#537);
#532 = PLANE('',#533);
#533 = AXIS2_PLACEMENT_3D('',#534,#535,#536);
#534 = CARTESIAN_POINT('',(-101.5999984741,0.,0.));
#535 = DIRECTION('',(-1.,0.,0.));
#536 = DIRECTION('',(0.,0.,1.));
#537 = DEFINITIONAL_REPRESENTATION('',(#538),#542);
#538 = LINE('',#539,#540);
#539 = CARTESIAN_POINT('',(-7.776507057794E-15,0.));
#540 = VECTOR('',#541,1.);
#541 = DIRECTION('',(0.,1.));
#542 = ( GEOMETRIC_REPRESENTATION_CONTEXT(2) 
PARAMETRIC_REPRESENTATION_CONTEXT() REPRESENTATION_CONTEXT('2D SPACE',''
  ) );
#543 = ORIENTED_EDGE('',*,*,#544,.T.);
#544 = EDGE_CURVE('',#518,#545,#547,.T.);
#545 = VERTEX_POINT('',#546);
#546 = CARTESIAN_POINT('',(-63.43237084528,279.40000891685,-99.206965));
#547 = SURFACE_CURVE('',#548,(#553,#566),.PCURVE_S1.);
#548 = ELLIPSE('',#549,126.99999809265,101.59999847412);
#549 = AXIS2_PLACEMENT_3D('',#550,#551,#552);
#550 = CARTESIAN_POINT('',(0.,279.40000891685,-6.417583586172E-14));
#551 = DIRECTION('',(0.,-1.,0.));
#552 = DIRECTION('',(0.,0.,1.));
#553 = PCURVE('',#322,#554);
#554 = DEFINITIONAL_REPRESENTATION('',(#555),#565);
#555 = B_SPLINE_CURVE_WITH_KNOTS('',8,(#556,#557,#558,#559,#560,#561,
    #562,#563,#564),.UNSPECIFIED.,.F.,.F.,(9,9),(1.570796326795,
    2.467313521159),.PIECEWISE_BEZIER_KNOTS.);
#556 = CARTESIAN_POINT('',(1.570796326795,27.940000891686));
#557 = CARTESIAN_POINT('',(1.446323802657,27.940000891074));
#558 = CARTESIAN_POINT('',(1.328454481867,27.94000089349));
#559 = CARTESIAN_POINT('',(1.215384676216,27.940000880277));
#560 = CARTESIAN_POINT('',(1.105754021446,27.940000899835));
#561 = CARTESIAN_POINT('',(0.998411623419,27.940000880975));
#562 = CARTESIAN_POINT('',(0.892328271719,27.940000893199));
#563 = CARTESIAN_POINT('',(0.786514765754,27.940000891089));
#564 = CARTESIAN_POINT('',(0.67994218452,27.940000891686));
#565 = ( GEOMETRIC_REPRESENTATION_CONTEXT(2) 
PARAMETRIC_REPRESENTATION_CONTEXT() REPRESENTATION_CONTEXT('2D SPACE',''
  ) );
#566 = PCURVE('',#567,#578);
#567 = ( BOUNDED_SURFACE() B_SPLINE_SURFACE(2,1,(
    (#568,#569)
    ,(#570,#571)
    ,(#572,#573)
    ,(#574,#575)
,(#576,#577
    )),.UNSPECIFIED.,.F.,.F.,.F.) B_SPLINE_SURFACE_WITH_KNOTS((3,2,3),(2
    ,2),(-1.570796326795,-2.22044604925E-16,1.570796326795),(0.,42.672),
.PIECEWISE_BEZIER_KNOTS.) GEOMETRIC_REPRESENTATION_ITEM() 
RATIONAL_B_SPLINE_SURFACE((
    (1.,1.)
    ,(0.707106781187,0.707106781187)
    ,(1.,1.)
    ,(0.707106781187,0.707106781187)
,(1.,1.))) REPRESENTATION_ITEM('') SURFACE() );
#568 = CARTESIAN_POINT('',(101.59999847412,0.,0.));
#569 = CARTESIAN_POINT('',(101.59999847412,426.72,0.));
#570 = CARTESIAN_POINT('',(101.59999847412,0.,-126.9999980926));
#571 = CARTESIAN_POINT('',(101.59999847412,426.72,-126.9999980926));
#572 = CARTESIAN_POINT('',(0.,0.,-126.9999980926));
#573 = CARTESIAN_POINT('',(0.,426.72,-126.9999980926));
#574 = CARTESIAN_POINT('',(-101.5999984741,0.,-126.9999980926));
#575 = CARTESIAN_POINT('',(-101.5999984741,426.72,-126.9999980926));
#576 = CARTESIAN_POINT('',(-101.5999984741,0.,0.));
#577 = CARTESIAN_POINT('',(-101.5999984741,426.72,0.));
#578 = DEFINITIONAL_REPRESENTATION('',(#579),#589);
#579 = B_SPLINE_CURVE_WITH_KNOTS('',8,(#580,#581,#582,#583,#584,#585,
    #586,#587,#588),.UNSPECIFIED.,.F.,.F.,(9,9),(1.570796326795,
    2.467313521159),.PIECEWISE_BEZIER_KNOTS.);
#580 = CARTESIAN_POINT('',(1.570796326795,27.940000891686));
#581 = CARTESIAN_POINT('',(1.446323802657,27.940000891074));
#582 = CARTESIAN_POINT('',(1.328454481867,27.94000089349));
#583 = CARTESIAN_POINT('',(1.215384676216,27.940000880277));
#584 = CARTESIAN_POINT('',(1.105754021446,27.940000899835));
#585 = CARTESIAN_POINT('',(0.998411623419,27.940000880975));
#586 = CARTESIAN_POINT('',(0.892328271719,27.940000893199));
#587 = CARTESIAN_POINT('',(0.786514765754,27.940000891089));
#588 = CARTESIAN_POINT('',(0.67994218452,27.940000891686));
#589 = ( GEOMETRIC_REPRESENTATION_CONTEXT(2) 
PARAMETRIC_REPRESENTATION_CONTEXT() REPRESENTATION_CONTEXT('2D SPACE',''
  ) );
#590 = ORIENTED_EDGE('',*,*,#591,.F.);
#591 = EDGE_CURVE('',#592,#545,#594,.T.);
#592 = VERTEX_POINT('',#593);
#593 = CARTESIAN_POINT('',(-63.43237084528,278.3859,-99.206965));
#594 = SURFACE_CURVE('',#595,(#601,#610),.PCURVE_S1.);
#595 = B_SPLINE_CURVE_WITH_KNOTS('',4,(#596,#597,#598,#599,#600),
  .UNSPECIFIED.,.F.,.F.,(5,5),(0.,1.),.PIECEWISE_BEZIER_KNOTS.);
#596 = CARTESIAN_POINT('',(-63.43237084528,278.3859,-99.206965));
#597 = CARTESIAN_POINT('',(-63.43237084528,297.68942649999,-99.206965));
#598 = CARTESIAN_POINT('',(-63.43237084528,316.992953,-99.206965));
#599 = CARTESIAN_POINT('',(-63.43237084528,336.29647949999,-99.206965));
#600 = CARTESIAN_POINT('',(-63.43237084528,355.600006,-99.206965));
#601 = PCURVE('',#322,#602);
#602 = DEFINITIONAL_REPRESENTATION('',(#603),#609);
#603 = B_SPLINE_CURVE_WITH_KNOTS('',4,(#604,#605,#606,#607,#608),
  .UNSPECIFIED.,.F.,.F.,(5,5),(0.,1.),.PIECEWISE_BEZIER_KNOTS.);
#604 = CARTESIAN_POINT('',(0.67994218452,27.83859));
#605 = CARTESIAN_POINT('',(0.67994218452,29.76894265));
#606 = CARTESIAN_POINT('',(0.67994218452,31.699295300001));
#607 = CARTESIAN_POINT('',(0.67994218452,33.62964795));
#608 = CARTESIAN_POINT('',(0.67994218452,35.5600006));
#609 = ( GEOMETRIC_REPRESENTATION_CONTEXT(2) 
PARAMETRIC_REPRESENTATION_CONTEXT() REPRESENTATION_CONTEXT('2D SPACE',''
  ) );
#610 = PCURVE('',#611,#616);
#611 = PLANE('',#612);
#612 = AXIS2_PLACEMENT_3D('',#613,#614,#615);
#613 = CARTESIAN_POINT('',(-229.3469628796,278.3859,-99.206965));
#614 = DIRECTION('',(0.,0.,1.));
#615 = DIRECTION('',(1.,0.,-0.));
#616 = DEFINITIONAL_REPRESENTATION('',(#617),#623);
#617 = B_SPLINE_CURVE_WITH_KNOTS('',4,(#618,#619,#620,#621,#622),
  .UNSPECIFIED.,.F.,.F.,(5,5),(0.,1.),.PIECEWISE_BEZIER_KNOTS.);
#618 = CARTESIAN_POINT('',(165.91459203432,0.));
#619 = CARTESIAN_POINT('',(165.91459203432,19.30352649999));
#620 = CARTESIAN_POINT('',(165.91459203432,38.607053));
#621 = CARTESIAN_POINT('',(165.91459203432,57.91057949999));
#622 = CARTESIAN_POINT('',(165.91459203432,77.214106));
#623 = ( GEOMETRIC_REPRESENTATION_CONTEXT(2) 
PARAMETRIC_REPRESENTATION_CONTEXT() REPRESENTATION_CONTEXT('2D SPACE',''
  ) );
#624 = ORIENTED_EDGE('',*,*,#625,.T.);
#625 = EDGE_CURVE('',#592,#626,#628,.T.);
#626 = VERTEX_POINT('',#627);
#627 = CARTESIAN_POINT('',(63.432370845288,278.3859,-99.206965));
#628 = SURFACE_CURVE('',#629,(#674,#722),.PCURVE_S1.);
#629 = B_SPLINE_CURVE_WITH_KNOTS('',7,(#630,#631,#632,#633,#634,#635,
    #636,#637,#638,#639,#640,#641,#642,#643,#644,#645,#646,#647,#648,
    #649,#650,#651,#652,#653,#654,#655,#656,#657,#658,#659,#660,#661,
    #662,#663,#664,#665,#666,#667,#668,#669,#670,#671,#672,#673),
  .UNSPECIFIED.,.F.,.F.,(8,6,6,6,6,6,6,8),(0.,0.262422890467,
    0.438979425899,0.469797927436,0.484051606722,0.496269046112,
    0.731187473672,1.),.UNSPECIFIED.);
#630 = CARTESIAN_POINT('',(-63.43237084528,278.3859,-99.206965));
#631 = CARTESIAN_POINT('',(-59.63203260923,278.3859,-103.003706746));
#632 = CARTESIAN_POINT('',(-55.61393658557,278.3859,-106.583096343));
#633 = CARTESIAN_POINT('',(-51.38330587915,278.3859,-109.9201172765));
#634 = CARTESIAN_POINT('',(-46.94872784211,278.3859,-112.9875447313));
#635 = CARTESIAN_POINT('',(-42.32301699819,278.3859,-115.7572438532));
#636 = CARTESIAN_POINT('',(-37.52399948202,278.3859,-118.2013255099));
#637 = CARTESIAN_POINT('',(-29.24748038797,278.3859,-121.7033738973));
#638 = CARTESIAN_POINT('',(-25.85124033026,278.3859,-122.9532698725));
#639 = CARTESIAN_POINT('',(-22.39546509268,278.3859,-124.0367494922));
#640 = CARTESIAN_POINT('',(-18.88894946143,278.3859,-124.9469947894));
#641 = CARTESIAN_POINT('',(-15.34141389982,278.3859,-125.6783184706));
#642 = CARTESIAN_POINT('',(-11.76357514442,278.3859,-126.2264561685));
#643 = CARTESIAN_POINT('',(-7.539498839867,278.3859,-126.6522816144));
#644 = CARTESIAN_POINT('',(-6.911178890134,278.3859,-126.7099103806));
#645 = CARTESIAN_POINT('',(-6.282349649955,278.3859,-126.7618721749));
#646 = CARTESIAN_POINT('',(-5.653071992759,278.3859,-126.8081559043));
#647 = CARTESIAN_POINT('',(-5.023407115227,278.3859,-126.848752181));
#648 = CARTESIAN_POINT('',(-4.393416537295,278.3859,-126.8836533219));
#649 = CARTESIAN_POINT('',(-3.471666924297,278.3859,-126.9263584775));
#650 = CARTESIAN_POINT('',(-3.18051895302,278.3859,-126.9386253811));
#651 = CARTESIAN_POINT('',(-2.889723338724,278.3859,-126.9496596099));
#652 = CARTESIAN_POINT('',(-2.59928516674,278.3859,-126.9594667545));
#653 = CARTESIAN_POINT('',(-2.309209457325,278.3859,-126.9680524457));
#654 = CARTESIAN_POINT('',(-2.019501165664,278.3859,-126.9754223546));
#655 = CARTESIAN_POINT('',(-1.482162909984,278.3859,-126.9868620543));
#656 = CARTESIAN_POINT('',(-1.23443417033,278.3859,-126.9912528831));
#657 = CARTESIAN_POINT('',(-0.986982042268,278.3859,-126.9947582759));
#658 = CARTESIAN_POINT('',(-0.739809569925,278.3859,-126.9973818485));
#659 = CARTESIAN_POINT('',(-0.492919762197,278.3859,-126.9991272358));
#660 = CARTESIAN_POINT('',(-0.246315592746,278.3859,-126.9999980926));
#661 = CARTESIAN_POINT('',(4.736186518525,278.3859,-126.9999980926));
#662 = CARTESIAN_POINT('',(9.473331931601,278.3859,-126.6780238868));
#663 = CARTESIAN_POINT('',(14.183201237182,278.3859,-126.0338429508));
#664 = CARTESIAN_POINT('',(18.840246434413,278.3859,-125.073586694));
#665 = CARTESIAN_POINT('',(23.421290564712,278.3859,-123.8079548441));
#666 = CARTESIAN_POINT('',(27.905401334633,278.3859,-122.2514901583));
#667 = CARTESIAN_POINT('',(37.272546847139,278.3859,-118.3289137137));
#668 = CARTESIAN_POINT('',(42.121040105445,278.3859,-115.8778638373));
#669 = CARTESIAN_POINT('',(46.793835893716,278.3859,-113.0944963341));
#670 = CARTESIAN_POINT('',(51.272501771663,278.3859,-110.0074251123));
#671 = CARTESIAN_POINT('',(55.543801276373,278.3859,-106.6455444798));
#672 = CARTESIAN_POINT('',(59.598880878823,278.3859,-103.0368271029));
#673 = CARTESIAN_POINT('',(63.432370845288,278.3859,-99.206965));
#674 = PCURVE('',#322,#675);
#675 = DEFINITIONAL_REPRESENTATION('',(#676),#721);
#676 = B_SPLINE_CURVE_WITH_KNOTS('',7,(#677,#678,#679,#680,#681,#682,
    #683,#684,#685,#686,#687,#688,#689,#690,#691,#692,#693,#694,#695,
    #696,#697,#698,#699,#700,#701,#702,#703,#704,#705,#706,#707,#708,
    #709,#710,#711,#712,#713,#714,#715,#716,#717,#718,#719,#720),
  .UNSPECIFIED.,.F.,.F.,(8,6,6,6,6,6,6,8),(0.,0.262422890467,
    0.438979425899,0.469797927436,0.484051606722,0.496269046112,
    0.731187473672,1.),.UNSPECIFIED.);
#677 = CARTESIAN_POINT('',(0.67994218452,27.83859));
#678 = CARTESIAN_POINT('',(0.634404916893,27.83859));
#679 = CARTESIAN_POINT('',(0.588150101746,27.83859));
#680 = CARTESIAN_POINT('',(0.54106993648,27.83859));
#681 = CARTESIAN_POINT('',(0.493059892943,27.83859));
#682 = CARTESIAN_POINT('',(0.444016531943,27.83859));
#683 = CARTESIAN_POINT('',(0.393835826754,27.83859));
#684 = CARTESIAN_POINT('',(0.307850491087,27.83859));
#685 = CARTESIAN_POINT('',(0.272713109468,27.83859));
#686 = CARTESIAN_POINT('',(0.237000112029,27.83859));
#687 = CARTESIAN_POINT('',(0.20068916072,27.83859));
#688 = CARTESIAN_POINT('',(0.163757889289,27.83859));
#689 = CARTESIAN_POINT('',(0.126186872103,27.83859));
#690 = CARTESIAN_POINT('',(8.129277484999E-02,27.83859));
#691 = CARTESIAN_POINT('',(7.46010433424E-02,27.83859));
#692 = CARTESIAN_POINT('',(6.788931340458E-02,27.83859));
#693 = CARTESIAN_POINT('',(6.115749930933E-02,27.83859));
#694 = CARTESIAN_POINT('',(5.440551597545E-02,27.83859));
#695 = CARTESIAN_POINT('',(4.763327896765E-02,27.83859));
#696 = CARTESIAN_POINT('',(3.76991118428E-02,27.83859));
#697 = CARTESIAN_POINT('',(3.455751918956E-02,27.83859));
#698 = CARTESIAN_POINT('',(3.141592653626E-02,27.83859));
#699 = CARTESIAN_POINT('',(2.827433388255E-02,27.83859));
#700 = CARTESIAN_POINT('',(2.513274122851E-02,27.83859));
#701 = CARTESIAN_POINT('',(2.199114857457E-02,27.83859));
#702 = CARTESIAN_POINT('',(1.615676221831E-02,27.83859));
#703 = CARTESIAN_POINT('',(1.346396851537E-02,27.83859));
#704 = CARTESIAN_POINT('',(1.077117481244E-02,27.83859));
#705 = CARTESIAN_POINT('',(8.078381109341E-03,27.83859));
#706 = CARTESIAN_POINT('',(5.385587406101E-03,27.83859));
#707 = CARTESIAN_POINT('',(2.692793702878E-03,27.83859));
#708 = CARTESIAN_POINT('',(-5.17773685805E-02,27.83859));
#709 = CARTESIAN_POINT('',(-0.102398815989,27.83859));
#710 = CARTESIAN_POINT('',(-0.151877835062,27.83859));
#711 = CARTESIAN_POINT('',(-0.200258863029,27.83859));
#712 = CARTESIAN_POINT('',(-0.247591227438,27.83859));
#713 = CARTESIAN_POINT('',(-0.293922629498,27.83859));
#714 = CARTESIAN_POINT('',(-0.391207290545,27.83859));
#715 = CARTESIAN_POINT('',(-0.441875864002,27.83859));
#716 = CARTESIAN_POINT('',(-0.491383571135,27.83859));
#717 = CARTESIAN_POINT('',(-0.539837211979,27.83859));
#718 = CARTESIAN_POINT('',(-0.587342858411,27.83859));
#719 = CARTESIAN_POINT('',(-0.634007678772,27.83859));
#720 = CARTESIAN_POINT('',(-0.67994218452,27.83859));
#721 = ( GEOMETRIC_REPRESENTATION_CONTEXT(2) 
PARAMETRIC_REPRESENTATION_CONTEXT() REPRESENTATION_CONTEXT('2D SPACE',''
  ) );
#722 = PCURVE('',#723,#728);
#723 = PLANE('',#724);
#724 = AXIS2_PLACEMENT_3D('',#725,#726,#727);
#725 = CARTESIAN_POINT('',(-229.3469628796,278.3859,-143.489035));
#726 = DIRECTION('',(0.,1.,0.));
#727 = DIRECTION('',(0.,-0.,1.));
#728 = DEFINITIONAL_REPRESENTATION('',(#729),#774);
#729 = B_SPLINE_CURVE_WITH_KNOTS('',7,(#730,#731,#732,#733,#734,#735,
    #736,#737,#738,#739,#740,#741,#742,#743,#744,#745,#746,#747,#748,
    #749,#750,#751,#752,#753,#754,#755,#756,#757,#758,#759,#760,#761,
    #762,#763,#764,#765,#766,#767,#768,#769,#770,#771,#772,#773),
  .UNSPECIFIED.,.F.,.F.,(8,6,6,6,6,6,6,8),(0.,0.262422890467,
    0.438979425899,0.469797927436,0.484051606722,0.496269046112,
    0.731187473672,1.),.UNSPECIFIED.);
#730 = CARTESIAN_POINT('',(44.28207,165.91459203432));
#731 = CARTESIAN_POINT('',(40.485328254,169.71493027037));
#732 = CARTESIAN_POINT('',(36.905938657,173.73302629403));
#733 = CARTESIAN_POINT('',(33.5689177235,177.96365700045));
#734 = CARTESIAN_POINT('',(30.5014902687,182.39823503749));
#735 = CARTESIAN_POINT('',(27.7317911468,187.02394588141));
#736 = CARTESIAN_POINT('',(25.2877094901,191.82296339758));
#737 = CARTESIAN_POINT('',(21.7856611027,200.09948249163));
#738 = CARTESIAN_POINT('',(20.5357651275,203.49572254934));
#739 = CARTESIAN_POINT('',(19.4522855078,206.95149778692));
#740 = CARTESIAN_POINT('',(18.5420402106,210.45801341817));
#741 = CARTESIAN_POINT('',(17.8107165294,214.00554897978));
#742 = CARTESIAN_POINT('',(17.2625788315,217.58338773518));
#743 = CARTESIAN_POINT('',(16.8367533856,221.80746403973));
#744 = CARTESIAN_POINT('',(16.7791246194,222.43578398946));
#745 = CARTESIAN_POINT('',(16.7271628251,223.06461322964));
#746 = CARTESIAN_POINT('',(16.6808790957,223.69389088684));
#747 = CARTESIAN_POINT('',(16.640282819,224.32355576437));
#748 = CARTESIAN_POINT('',(16.6053816781,224.9535463423));
#749 = CARTESIAN_POINT('',(16.5626765225,225.8752959553));
#750 = CARTESIAN_POINT('',(16.5504096189,226.16644392658));
#751 = CARTESIAN_POINT('',(16.5393753901,226.45723954087));
#752 = CARTESIAN_POINT('',(16.5295682455,226.74767771286));
#753 = CARTESIAN_POINT('',(16.5209825543,227.03775342227));
#754 = CARTESIAN_POINT('',(16.5136126454,227.32746171393));
#755 = CARTESIAN_POINT('',(16.5021729457,227.86479996961));
#756 = CARTESIAN_POINT('',(16.4977821169,228.11252870927));
#757 = CARTESIAN_POINT('',(16.4942767241,228.35998083733));
#758 = CARTESIAN_POINT('',(16.4916531515,228.60715330967));
#759 = CARTESIAN_POINT('',(16.4899077642,228.8540431174));
#760 = CARTESIAN_POINT('',(16.4890369074,229.10064728685));
#761 = CARTESIAN_POINT('',(16.4890369074,234.08314939812));
#762 = CARTESIAN_POINT('',(16.8110111132,238.8202948112));
#763 = CARTESIAN_POINT('',(17.4551920492,243.53016411678));
#764 = CARTESIAN_POINT('',(18.415448306,248.18720931401));
#765 = CARTESIAN_POINT('',(19.6810801559,252.76825344431));
#766 = CARTESIAN_POINT('',(21.2375448417,257.25236421423));
#767 = CARTESIAN_POINT('',(25.1601212863,266.61950972673));
#768 = CARTESIAN_POINT('',(27.6111711627,271.46800298504));
#769 = CARTESIAN_POINT('',(30.3945386659,276.14079877331));
#770 = CARTESIAN_POINT('',(33.4816098877,280.61946465126));
#771 = CARTESIAN_POINT('',(36.8434905202,284.89076415597));
#772 = CARTESIAN_POINT('',(40.4522078971,288.94584375842));
#773 = CARTESIAN_POINT('',(44.28207,292.77933372488));
#774 = ( GEOMETRIC_REPRESENTATION_CONTEXT(2) 
PARAMETRIC_REPRESENTATION_CONTEXT() REPRESENTATION_CONTEXT('2D SPACE',''
  ) );
#775 = ORIENTED_EDGE('',*,*,#776,.T.);
#776 = EDGE_CURVE('',#626,#300,#777,.T.);
#777 = SURFACE_CURVE('',#778,(#784,#793),.PCURVE_S1.);
#778 = B_SPLINE_CURVE_WITH_KNOTS('',4,(#779,#780,#781,#782,#783),
  .UNSPECIFIED.,.F.,.F.,(5,5),(0.,1.),.PIECEWISE_BEZIER_KNOTS.);
#779 = CARTESIAN_POINT('',(63.432370845288,278.3859,-99.206965));
#780 = CARTESIAN_POINT('',(63.432370845288,297.68942649999,-99.206965));
#781 = CARTESIAN_POINT('',(63.432370845288,316.992953,-99.206965));
#782 = CARTESIAN_POINT('',(63.432370845288,336.29647949999,-99.206965));
#783 = CARTESIAN_POINT('',(63.432370845288,355.600006,-99.206965));
#784 = PCURVE('',#322,#785);
#785 = DEFINITIONAL_REPRESENTATION('',(#786),#792);
#786 = B_SPLINE_CURVE_WITH_KNOTS('',4,(#787,#788,#789,#790,#791),
  .UNSPECIFIED.,.F.,.F.,(5,5),(0.,1.),.PIECEWISE_BEZIER_KNOTS.);
#787 = CARTESIAN_POINT('',(-0.67994218452,27.83859));
#788 = CARTESIAN_POINT('',(-0.67994218452,29.76894265));
#789 = CARTESIAN_POINT('',(-0.67994218452,31.699295300001));
#790 = CARTESIAN_POINT('',(-0.67994218452,33.62964795));
#791 = CARTESIAN_POINT('',(-0.67994218452,35.5600006));
#792 = ( GEOMETRIC_REPRESENTATION_CONTEXT(2) 
PARAMETRIC_REPRESENTATION_CONTEXT() REPRESENTATION_CONTEXT('2D SPACE',''
  ) );
#793 = PCURVE('',#373,#794);
#794 = DEFINITIONAL_REPRESENTATION('',(#795),#801);
#795 = B_SPLINE_CURVE_WITH_KNOTS('',4,(#796,#797,#798,#799,#800),
  .UNSPECIFIED.,.F.,.F.,(5,5),(0.,1.),.PIECEWISE_BEZIER_KNOTS.);
#796 = CARTESIAN_POINT('',(292.77933372488,0.));
#797 = CARTESIAN_POINT('',(292.77933372488,19.30352649999));
#798 = CARTESIAN_POINT('',(292.77933372488,38.607053));
#799 = CARTESIAN_POINT('',(292.77933372488,57.91057949999));
#800 = CARTESIAN_POINT('',(292.77933372488,77.214106));
#801 = ( GEOMETRIC_REPRESENTATION_CONTEXT(2) 
PARAMETRIC_REPRESENTATION_CONTEXT() REPRESENTATION_CONTEXT('2D SPACE',''
  ) );
#802 = ORIENTED_EDGE('',*,*,#299,.T.);
#803 = FACE_BOUND('',#804,.T.);
#804 = EDGE_LOOP('',(#805,#841,#918,#955,#1038,#1072,#1155,#1192));
#805 = ORIENTED_EDGE('',*,*,#806,.F.);
#806 = EDGE_CURVE('',#807,#809,#811,.T.);
#807 = VERTEX_POINT('',#808);
#808 = CARTESIAN_POINT('',(12.700000405312,7.620000162125,
    -126.0039042031));
#809 = VERTEX_POINT('',#810);
#810 = CARTESIAN_POINT('',(12.700000405312,15.240000567436,
    -126.0039042031));
#811 = SURFACE_CURVE('',#812,(#818,#827),.PCURVE_S1.);
#812 = B_SPLINE_CURVE_WITH_KNOTS('',4,(#813,#814,#815,#816,#817),
  .UNSPECIFIED.,.F.,.F.,(5,5),(0.,1.),.PIECEWISE_BEZIER_KNOTS.);
#813 = CARTESIAN_POINT('',(12.700000405312,7.620000162125,
    -126.0039042031));
#814 = CARTESIAN_POINT('',(12.700000405312,9.525000263453,
    -126.0039042031));
#815 = CARTESIAN_POINT('',(12.700000405312,11.43000036478,
    -126.0039042031));
#816 = CARTESIAN_POINT('',(12.700000405312,13.335000466108,
    -126.0039042031));
#817 = CARTESIAN_POINT('',(12.700000405312,15.240000567436,
    -126.0039042031));
#818 = PCURVE('',#322,#819);
#819 = DEFINITIONAL_REPRESENTATION('',(#820),#826);
#820 = B_SPLINE_CURVE_WITH_KNOTS('',4,(#821,#822,#823,#824,#825),
  .UNSPECIFIED.,.F.,.F.,(5,5),(0.,1.),.PIECEWISE_BEZIER_KNOTS.);
#821 = CARTESIAN_POINT('',(-0.135855792277,0.762000016212));
#822 = CARTESIAN_POINT('',(-0.135855792277,0.952500026345));
#823 = CARTESIAN_POINT('',(-0.135855792277,1.143000036478));
#824 = CARTESIAN_POINT('',(-0.135855792277,1.333500046611));
#825 = CARTESIAN_POINT('',(-0.135855792277,1.524000056744));
#826 = ( GEOMETRIC_REPRESENTATION_CONTEXT(2) 
PARAMETRIC_REPRESENTATION_CONTEXT() REPRESENTATION_CONTEXT('2D SPACE',''
  ) );
#827 = PCURVE('',#828,#833);
#828 = PLANE('',#829);
#829 = AXIS2_PLACEMENT_3D('',#830,#831,#832);
#830 = CARTESIAN_POINT('',(12.700000405312,5.080000162125,-117.461301222
    ));
#831 = DIRECTION('',(-1.,2.129316807119E-45,3.944304526105E-31));
#832 = DIRECTION('',(3.92672264033E-58,1.,-5.39845945724E-15));
#833 = DEFINITIONAL_REPRESENTATION('',(#834),#840);
#834 = B_SPLINE_CURVE_WITH_KNOTS('',4,(#835,#836,#837,#838,#839),
  .UNSPECIFIED.,.F.,.F.,(5,5),(0.,1.),.PIECEWISE_BEZIER_KNOTS.);
#835 = CARTESIAN_POINT('',(2.54,8.5426029811));
#836 = CARTESIAN_POINT('',(4.445000101328,8.5426029811));
#837 = CARTESIAN_POINT('',(6.350000202655,8.5426029811));
#838 = CARTESIAN_POINT('',(8.255000303983,8.5426029811));
#839 = CARTESIAN_POINT('',(10.160000405311,8.5426029811));
#840 = ( GEOMETRIC_REPRESENTATION_CONTEXT(2) 
PARAMETRIC_REPRESENTATION_CONTEXT() REPRESENTATION_CONTEXT('2D SPACE',''
  ) );
#841 = ORIENTED_EDGE('',*,*,#842,.T.);
#842 = EDGE_CURVE('',#807,#843,#845,.T.);
#843 = VERTEX_POINT('',#844);
#844 = CARTESIAN_POINT('',(15.240000405312,5.080000162125,
    -125.5631195703));
#845 = SURFACE_CURVE('',#846,(#855,#884),.PCURVE_S1.);
#846 = B_SPLINE_CURVE_WITH_KNOTS('',4,(#847,#848,#849,#850,#851,#852,
    #853,#854),.UNSPECIFIED.,.F.,.F.,(5,3,5),(0.,1.,2.015934042747),
  .UNSPECIFIED.);
#847 = CARTESIAN_POINT('',(12.700000405312,7.620000207186,
    -126.0039042031));
#848 = CARTESIAN_POINT('',(12.700000396434,7.119598449124,
    -126.0039042045));
#849 = CARTESIAN_POINT('',(12.831424831868,6.619055213925,
    -125.9832872617));
#850 = CARTESIAN_POINT('',(13.093881182667,6.174016936342,
    -125.9416698879));
#851 = CARTESIAN_POINT('',(13.79959517798,5.468302941029,-125.8239072141
    ));
#852 = CARTESIAN_POINT('',(14.248217115695,5.208212138968,
    -125.7469947816));
#853 = CARTESIAN_POINT('',(14.745430608041,5.080000162125,
    -125.6569125857));
#854 = CARTESIAN_POINT('',(15.240000405312,5.080000162125,
    -125.5631195703));
#855 = PCURVE('',#322,#856);
#856 = DEFINITIONAL_REPRESENTATION('',(#857),#883);
#857 = B_SPLINE_CURVE_WITH_KNOTS('',3,(#858,#859,#860,#861,#862,#863,
    #864,#865,#866,#867,#868,#869,#870,#871,#872,#873,#874,#875,#876,
    #877,#878,#879,#880,#881,#882),.UNSPECIFIED.,.F.,.F.,(4,1,1,1,1,1,1,
    1,1,1,1,1,1,1,1,1,1,1,1,1,1,1,4),(0.,9.163336557943E-02,
    0.183266731159,0.274900096738,0.366533462318,0.458166827897,
    0.549800193477,0.641433559056,0.733066924635,0.824700290215,
    0.916333655794,1.007967021374,1.099600386953,1.191233752533,
    1.282867118112,1.374500483691,1.466133849271,1.55776721485,
    1.64940058043,1.741033946009,1.832667311589,1.924300677168,
    2.015934042747),.UNSPECIFIED.);
#858 = CARTESIAN_POINT('',(-0.135855792277,0.762000020719));
#859 = CARTESIAN_POINT('',(-0.135855727176,0.75588599292));
#860 = CARTESIAN_POINT('',(-0.135902226591,0.743658328604));
#861 = CARTESIAN_POINT('',(-0.136110553123,0.725416386928));
#862 = CARTESIAN_POINT('',(-0.136456451787,0.707373455331));
#863 = CARTESIAN_POINT('',(-0.136937845748,0.689625228973));
#864 = CARTESIAN_POINT('',(-0.137551957438,0.672264941137));
#865 = CARTESIAN_POINT('',(-0.138295213012,0.655383004714));
#866 = CARTESIAN_POINT('',(-0.139163267241,0.639067148012));
#867 = CARTESIAN_POINT('',(-0.140151016427,0.623402230027));
#868 = CARTESIAN_POINT('',(-0.141252542136,0.608470843566));
#869 = CARTESIAN_POINT('',(-0.142461346772,0.594351087473));
#870 = CARTESIAN_POINT('',(-0.14376949392,0.581124874601));
#871 = CARTESIAN_POINT('',(-0.145170899094,0.568846375909));
#872 = CARTESIAN_POINT('',(-0.146658383915,0.557564676972));
#873 = CARTESIAN_POINT('',(-0.148223202274,0.547336654358));
#874 = CARTESIAN_POINT('',(-0.149856887574,0.538209043066));
#875 = CARTESIAN_POINT('',(-0.151550760984,0.530223240511));
#876 = CARTESIAN_POINT('',(-0.153296066184,0.523414023151));
#877 = CARTESIAN_POINT('',(-0.155083935646,0.517809875989));
#878 = CARTESIAN_POINT('',(-0.156905402785,0.513432957939));
#879 = CARTESIAN_POINT('',(-0.158751397574,0.510298910864));
#880 = CARTESIAN_POINT('',(-0.160612760821,0.508417658057));
#881 = CARTESIAN_POINT('',(-0.161857719399,0.507999486867));
#882 = CARTESIAN_POINT('',(-0.162479668562,0.508000016212));
#883 = ( GEOMETRIC_REPRESENTATION_CONTEXT(2) 
PARAMETRIC_REPRESENTATION_CONTEXT() REPRESENTATION_CONTEXT('2D SPACE',''
  ) );
#884 = PCURVE('',#885,#890);
#885 = CYLINDRICAL_SURFACE('',#886,2.54);
#886 = AXIS2_PLACEMENT_3D('',#887,#888,#889);
#887 = CARTESIAN_POINT('',(15.240000405312,7.620000162125,-117.461301222
    ));
#888 = DIRECTION('',(-3.944304526105E-31,-5.39845945724E-15,-1.));
#889 = DIRECTION('',(-0.707106781187,-0.707106781187,3.817287290175E-15)
  );
#890 = DEFINITIONAL_REPRESENTATION('',(#891),#917);
#891 = B_SPLINE_CURVE_WITH_KNOTS('',3,(#892,#893,#894,#895,#896,#897,
    #898,#899,#900,#901,#902,#903,#904,#905,#906,#907,#908,#909,#910,
    #911,#912,#913,#914,#915,#916),.UNSPECIFIED.,.F.,.F.,(4,1,1,1,1,1,1,
    1,1,1,1,1,1,1,1,1,1,1,1,1,1,1,4),(0.,9.163336557943E-02,
    0.183266731159,0.274900096738,0.366533462318,0.458166827897,
    0.549800193477,0.641433559056,0.733066924635,0.824700290215,
    0.916333655794,1.007967021374,1.099600386953,1.191233752533,
    1.282867118112,1.374500483691,1.466133849271,1.55776721485,
    1.64940058043,1.741033946009,1.832667311589,1.924300677168,
    2.015934042747),.UNSPECIFIED.);
#892 = CARTESIAN_POINT('',(0.785398181138,8.542602981168));
#893 = CARTESIAN_POINT('',(0.761327443408,8.542603627911));
#894 = CARTESIAN_POINT('',(0.713186650767,8.541910011071));
#895 = CARTESIAN_POINT('',(0.640992228785,8.538790172608));
#896 = CARTESIAN_POINT('',(0.568831931392,8.533593195044));
#897 = CARTESIAN_POINT('',(0.49671387938,8.526332005348));
#898 = CARTESIAN_POINT('',(0.42464328167,8.51702651596));
#899 = CARTESIAN_POINT('',(0.352624245038,8.50570459782));
#900 = CARTESIAN_POINT('',(0.280663272104,8.492401855659));
#901 = CARTESIAN_POINT('',(0.208771203021,8.477161553785));
#902 = CARTESIAN_POINT('',(0.136969216564,8.46003513767));
#903 = CARTESIAN_POINT('',(6.527852775872E-02,8.441080221805));
#904 = CARTESIAN_POINT('',(-6.23148173779E-03,8.4203681167));
#905 = CARTESIAN_POINT('',(-7.761940807328E-02,8.397955229168));
#906 = CARTESIAN_POINT('',(-0.148924292614,8.373913597518));
#907 = CARTESIAN_POINT('',(-0.220112772856,8.348336105065));
#908 = CARTESIAN_POINT('',(-0.291179660749,8.321320246498));
#909 = CARTESIAN_POINT('',(-0.362120613413,8.292972478974));
#910 = CARTESIAN_POINT('',(-0.432938268717,8.263407051368));
#911 = CARTESIAN_POINT('',(-0.503638730357,8.232746336178));
#912 = CARTESIAN_POINT('',(-0.574230203011,8.201120672657));
#913 = CARTESIAN_POINT('',(-0.644720470078,8.168668662371));
#914 = CARTESIAN_POINT('',(-0.715115463562,8.135536143854));
#915 = CARTESIAN_POINT('',(-0.761981205327,8.113098713559));
#916 = CARTESIAN_POINT('',(-0.785398163397,8.101818348294));
#917 = ( GEOMETRIC_REPRESENTATION_CONTEXT(2) 
PARAMETRIC_REPRESENTATION_CONTEXT() REPRESENTATION_CONTEXT('2D SPACE',''
  ) );
#918 = ORIENTED_EDGE('',*,*,#919,.T.);
#919 = EDGE_CURVE('',#843,#920,#922,.T.);
#920 = VERTEX_POINT('',#921);
#921 = CARTESIAN_POINT('',(22.860000810623,5.080000162125,
    -123.7435607723));
#922 = SURFACE_CURVE('',#923,(#930,#940),.PCURVE_S1.);
#923 = B_SPLINE_CURVE_WITH_KNOTS('',5,(#924,#925,#926,#927,#928,#929),
  .UNSPECIFIED.,.F.,.F.,(6,6),(0.,1.),.PIECEWISE_BEZIER_KNOTS.);
#924 = CARTESIAN_POINT('',(15.240000405312,5.080000162125,
    -125.5631195703));
#925 = CARTESIAN_POINT('',(16.779967930048,5.080000162125,
    -125.2710714133));
#926 = CARTESIAN_POINT('',(18.313030107112,5.080000162125,
    -124.9425952016));
#927 = CARTESIAN_POINT('',(19.838076744648,5.080000162125,
    -124.5781396221));
#928 = CARTESIAN_POINT('',(21.354062125498,5.080000162125,
    -124.1782520725));
#929 = CARTESIAN_POINT('',(22.860000810623,5.080000162125,
    -123.7435607723));
#930 = PCURVE('',#322,#931);
#931 = DEFINITIONAL_REPRESENTATION('',(#932),#939);
#932 = B_SPLINE_CURVE_WITH_KNOTS('',5,(#933,#934,#935,#936,#937,#938),
  .UNSPECIFIED.,.F.,.F.,(6,6),(0.,1.),.PIECEWISE_BEZIER_KNOTS.);
#933 = CARTESIAN_POINT('',(-0.162479668562,0.508000016212));
#934 = CARTESIAN_POINT('',(-0.178582650793,0.508000016212));
#935 = CARTESIAN_POINT('',(-0.194558865679,0.508000016212));
#936 = CARTESIAN_POINT('',(-0.210410153515,0.508000016212));
#937 = CARTESIAN_POINT('',(-0.226138604628,0.508000016212));
#938 = CARTESIAN_POINT('',(-0.241746370226,0.508000016212));
#939 = ( GEOMETRIC_REPRESENTATION_CONTEXT(2) 
PARAMETRIC_REPRESENTATION_CONTEXT() REPRESENTATION_CONTEXT('2D SPACE',''
  ) );
#940 = PCURVE('',#941,#946);
#941 = PLANE('',#942);
#942 = AXIS2_PLACEMENT_3D('',#943,#944,#945);
#943 = CARTESIAN_POINT('',(25.400000810623,5.080000162125,-117.461301222
    ));
#944 = DIRECTION('',(-1.244603055572E-60,-1.,5.39845945724E-15));
#945 = DIRECTION('',(-1.,2.129316807119E-45,3.944304526105E-31));
#946 = DEFINITIONAL_REPRESENTATION('',(#947),#954);
#947 = B_SPLINE_CURVE_WITH_KNOTS('',5,(#948,#949,#950,#951,#952,#953),
  .UNSPECIFIED.,.F.,.F.,(6,6),(0.,1.),.PIECEWISE_BEZIER_KNOTS.);
#948 = CARTESIAN_POINT('',(10.160000405311,8.1018183483));
#949 = CARTESIAN_POINT('',(8.620032880575,7.8097701913));
#950 = CARTESIAN_POINT('',(7.086970703511,7.4812939796));
#951 = CARTESIAN_POINT('',(5.561924065975,7.1168384001));
#952 = CARTESIAN_POINT('',(4.045938685125,6.7169508505));
#953 = CARTESIAN_POINT('',(2.54,6.2822595503));
#954 = ( GEOMETRIC_REPRESENTATION_CONTEXT(2) 
PARAMETRIC_REPRESENTATION_CONTEXT() REPRESENTATION_CONTEXT('2D SPACE',''
  ) );
#955 = ORIENTED_EDGE('',*,*,#956,.T.);
#956 = EDGE_CURVE('',#920,#957,#959,.T.);
#957 = VERTEX_POINT('',#958);
#958 = CARTESIAN_POINT('',(25.400000810623,7.620000162125,
    -122.9672190105));
#959 = SURFACE_CURVE('',#960,(#975,#1004),.PCURVE_S1.);
#960 = B_SPLINE_CURVE_WITH_KNOTS('',7,(#961,#962,#963,#964,#965,#966,
    #967,#968,#969,#970,#971,#972,#973,#974),.UNSPECIFIED.,.F.,.F.,(8,6,
    8),(0.,1.,1.957110295684),.UNSPECIFIED.);
#961 = CARTESIAN_POINT('',(22.860000810623,5.080000162125,
    -123.7435607723));
#962 = CARTESIAN_POINT('',(23.143061370175,5.080000162125,
    -123.6618549473));
#963 = CARTESIAN_POINT('',(23.425451815551,5.116802203033,
    -123.5790992864));
#964 = CARTESIAN_POINT('',(23.702380341575,5.190092779866,-123.496684068
    ));
#965 = CARTESIAN_POINT('',(23.968921321711,5.299178521048,-123.41616458)
  );
#966 = CARTESIAN_POINT('',(24.220080567963,5.442716131207,
    -123.3392474332));
#967 = CARTESIAN_POINT('',(24.450786410599,5.618683313673,
    -123.2677694117));
#968 = CARTESIAN_POINT('',(24.852513877145,6.020410780219,
    -123.1421514482));
#969 = CARTESIAN_POINT('',(25.026408463863,6.244261567047,
    -123.0871284574));
#970 = CARTESIAN_POINT('',(25.171962113547,6.492211320793,
    -123.0406699389));
#971 = CARTESIAN_POINT('',(25.284678490397,6.759850055547,
    -123.0044633885));
#972 = CARTESIAN_POINT('',(25.361338604259,7.041647777088,-122.979728869
    ));
#973 = CARTESIAN_POINT('',(25.400000810623,7.330954482893,
    -122.9672190105));
#974 = CARTESIAN_POINT('',(25.400000810623,7.620000162125,
    -122.9672190105));
#975 = PCURVE('',#322,#976);
#976 = DEFINITIONAL_REPRESENTATION('',(#977),#1003);
#977 = B_SPLINE_CURVE_WITH_KNOTS('',3,(#978,#979,#980,#981,#982,#983,
    #984,#985,#986,#987,#988,#989,#990,#991,#992,#993,#994,#995,#996,
    #997,#998,#999,#1000,#1001,#1002),.UNSPECIFIED.,.F.,.F.,(4,1,1,1,1,1
    ,1,1,1,1,1,1,1,1,1,1,1,1,1,1,1,1,4),(0.,8.895955889474E-02,
    0.177919117789,0.266878676684,0.355838235579,0.444797794474,
    0.533757353368,0.622716912263,0.711676471158,0.800636030053,
    0.889595588947,0.978555147842,1.067514706737,1.156474265632,
    1.245433824526,1.334393383421,1.423352942316,1.512312501211,
    1.601272060105,1.690231619,1.779191177895,1.868150736789,
    1.957110295684),.UNSPECIFIED.);
#978 = CARTESIAN_POINT('',(-0.241746370226,0.508000016212));
#979 = CARTESIAN_POINT('',(-0.242355315992,0.507999815435));
#980 = CARTESIAN_POINT('',(-0.243572396902,0.508407909129));
#981 = CARTESIAN_POINT('',(-0.245388153497,0.510237214923));
#982 = CARTESIAN_POINT('',(-0.247186634542,0.513276381804));
#983 = CARTESIAN_POINT('',(-0.248960351836,0.517514548459));
#984 = CARTESIAN_POINT('',(-0.250701774255,0.522938165524));
#985 = CARTESIAN_POINT('',(-0.252403326392,0.529530435477));
#986 = CARTESIAN_POINT('',(-0.254057395188,0.537271131227));
#987 = CARTESIAN_POINT('',(-0.255656342538,0.546136348064));
#988 = CARTESIAN_POINT('',(-0.257192491517,0.556098076822));
#989 = CARTESIAN_POINT('',(-0.258658221149,0.56712440664));
#990 = CARTESIAN_POINT('',(-0.26004566575,0.579177150323));
#991 = CARTESIAN_POINT('',(-0.261347903277,0.592218826421));
#992 = CARTESIAN_POINT('',(-0.262558440796,0.606214748354));
#993 = CARTESIAN_POINT('',(-0.263667456948,0.621095509157));
#994 = CARTESIAN_POINT('',(-0.264666952267,0.636791136562));
#995 = CARTESIAN_POINT('',(-0.265549504113,0.653222906111));
#996 = CARTESIAN_POINT('',(-0.266308593807,0.67030553908));
#997 = CARTESIAN_POINT('',(-0.26693851519,0.687946597657));
#998 = CARTESIAN_POINT('',(-0.267434387087,0.706046706312));
#999 = CARTESIAN_POINT('',(-0.267792171121,0.724499271141));
#1000 = CARTESIAN_POINT('',(-0.268008567102,0.743191381119));
#1001 = CARTESIAN_POINT('',(-0.268057119831,0.755730782865));
#1002 = CARTESIAN_POINT('',(-0.268057051845,0.762000016212));
#1003 = ( GEOMETRIC_REPRESENTATION_CONTEXT(2) 
PARAMETRIC_REPRESENTATION_CONTEXT() REPRESENTATION_CONTEXT('2D SPACE',''
  ) );
#1004 = PCURVE('',#1005,#1010);
#1005 = CYLINDRICAL_SURFACE('',#1006,2.54);
#1006 = AXIS2_PLACEMENT_3D('',#1007,#1008,#1009);
#1007 = CARTESIAN_POINT('',(22.860000810623,7.620000162125,
    -117.461301222));
#1008 = DIRECTION('',(-3.944304526105E-31,-5.39845945724E-15,-1.));
#1009 = DIRECTION('',(0.707106781187,-0.707106781187,3.817287290175E-15)
  );
#1010 = DEFINITIONAL_REPRESENTATION('',(#1011),#1037);
#1011 = B_SPLINE_CURVE_WITH_KNOTS('',3,(#1012,#1013,#1014,#1015,#1016,
    #1017,#1018,#1019,#1020,#1021,#1022,#1023,#1024,#1025,#1026,#1027,
    #1028,#1029,#1030,#1031,#1032,#1033,#1034,#1035,#1036),
  .UNSPECIFIED.,.F.,.F.,(4,1,1,1,1,1,1,1,1,1,1,1,1,1,1,1,1,1,1,1,1,1,4),
  (0.,8.895955889473E-02,0.177919117789,0.266878676684,0.355838235579,
    0.444797794474,0.533757353368,0.622716912263,0.711676471158,
    0.800636030053,0.889595588947,0.978555147842,1.067514706737,
    1.156474265631,1.245433824526,1.334393383421,1.423352942316,
    1.51231250121,1.601272060105,1.690231619,1.779191177895,
    1.868150736789,1.957110295684),.QUASI_UNIFORM_KNOTS.);
#1012 = CARTESIAN_POINT('',(7.068583470577,6.2822595503));
#1013 = CARTESIAN_POINT('',(7.045451697579,6.265300386162));
#1014 = CARTESIAN_POINT('',(6.999216112799,6.231263070694));
#1015 = CARTESIAN_POINT('',(6.929898127997,6.18006924989));
#1016 = CARTESIAN_POINT('',(6.860565719039,6.12895344538));
#1017 = CARTESIAN_POINT('',(6.791173707745,6.078142896322));
#1018 = CARTESIAN_POINT('',(6.721679075748,6.02787193871));
#1019 = CARTESIAN_POINT('',(6.652040984407,5.978382683942));
#1020 = CARTESIAN_POINT('',(6.582220414375,5.929924321794));
#1021 = CARTESIAN_POINT('',(6.512179770975,5.88275240428));
#1022 = CARTESIAN_POINT('',(6.441883853656,5.83712890384));
#1023 = CARTESIAN_POINT('',(6.371296291818,5.793318402498));
#1024 = CARTESIAN_POINT('',(6.300393810851,5.751598078768));
#1025 = CARTESIAN_POINT('',(6.229115050434,5.712215355402));
#1026 = CARTESIAN_POINT('',(6.157369998537,5.675406698497));
#1027 = CARTESIAN_POINT('',(6.085239204748,5.641525617914));
#1028 = CARTESIAN_POINT('',(6.012746539925,5.610862041131));
#1029 = CARTESIAN_POINT('',(5.939920407605,5.583685773243));
#1030 = CARTESIAN_POINT('',(5.866784273564,5.560234869662));
#1031 = CARTESIAN_POINT('',(5.793365964071,5.540718685315));
#1032 = CARTESIAN_POINT('',(5.719701148907,5.525317305137));
#1033 = CARTESIAN_POINT('',(5.645837986762,5.514180772918));
#1034 = CARTESIAN_POINT('',(5.571837732306,5.507432745434));
#1035 = CARTESIAN_POINT('',(5.52246815524,5.505915346534));
#1036 = CARTESIAN_POINT('',(5.497787143782,5.5059177885));
#1037 = ( GEOMETRIC_REPRESENTATION_CONTEXT(2) 
PARAMETRIC_REPRESENTATION_CONTEXT() REPRESENTATION_CONTEXT('2D SPACE',''
  ) );
#1038 = ORIENTED_EDGE('',*,*,#1039,.T.);
#1039 = EDGE_CURVE('',#957,#1040,#1042,.T.);
#1040 = VERTEX_POINT('',#1041);
#1041 = CARTESIAN_POINT('',(25.400000810623,15.240000567436,
    -122.9672190105));
#1042 = SURFACE_CURVE('',#1043,(#1049,#1058),.PCURVE_S1.);
#1043 = B_SPLINE_CURVE_WITH_KNOTS('',4,(#1044,#1045,#1046,#1047,#1048),
  .UNSPECIFIED.,.F.,.F.,(5,5),(0.,1.),.PIECEWISE_BEZIER_KNOTS.);
#1044 = CARTESIAN_POINT('',(25.400000810623,7.620000162125,
    -122.9672190105));
#1045 = CARTESIAN_POINT('',(25.400000810623,9.525000263452,
    -122.9672190105));
#1046 = CARTESIAN_POINT('',(25.400000810623,11.430000364782,
    -122.9672190105));
#1047 = CARTESIAN_POINT('',(25.400000810623,13.335000466107,
    -122.9672190105));
#1048 = CARTESIAN_POINT('',(25.400000810623,15.240000567436,
    -122.9672190105));
#1049 = PCURVE('',#322,#1050);
#1050 = DEFINITIONAL_REPRESENTATION('',(#1051),#1057);
#1051 = B_SPLINE_CURVE_WITH_KNOTS('',4,(#1052,#1053,#1054,#1055,#1056),
  .UNSPECIFIED.,.F.,.F.,(5,5),(0.,1.),.PIECEWISE_BEZIER_KNOTS.);
#1052 = CARTESIAN_POINT('',(-0.268057051845,0.762000016212));
#1053 = CARTESIAN_POINT('',(-0.268057051845,0.952500026345));
#1054 = CARTESIAN_POINT('',(-0.268057051845,1.143000036478));
#1055 = CARTESIAN_POINT('',(-0.268057051845,1.333500046611));
#1056 = CARTESIAN_POINT('',(-0.268057051845,1.524000056744));
#1057 = ( GEOMETRIC_REPRESENTATION_CONTEXT(2) 
PARAMETRIC_REPRESENTATION_CONTEXT() REPRESENTATION_CONTEXT('2D SPACE',''
  ) );
#1058 = PCURVE('',#1059,#1064);
#1059 = PLANE('',#1060);
#1060 = AXIS2_PLACEMENT_3D('',#1061,#1062,#1063);
#1061 = CARTESIAN_POINT('',(25.400000810623,17.780000567436,
    -117.461301222));
#1062 = DIRECTION('',(1.,-2.129316807119E-45,-3.944304526105E-31));
#1063 = DIRECTION('',(-3.92672264033E-58,-1.,5.39845945724E-15));
#1064 = DEFINITIONAL_REPRESENTATION('',(#1065),#1071);
#1065 = B_SPLINE_CURVE_WITH_KNOTS('',4,(#1066,#1067,#1068,#1069,#1070),
  .UNSPECIFIED.,.F.,.F.,(5,5),(0.,1.),.PIECEWISE_BEZIER_KNOTS.);
#1066 = CARTESIAN_POINT('',(10.160000405311,5.5059177885));
#1067 = CARTESIAN_POINT('',(8.255000303984,5.5059177885));
#1068 = CARTESIAN_POINT('',(6.350000202654,5.5059177885));
#1069 = CARTESIAN_POINT('',(4.445000101329,5.5059177885));
#1070 = CARTESIAN_POINT('',(2.54,5.5059177885));
#1071 = ( GEOMETRIC_REPRESENTATION_CONTEXT(2) 
PARAMETRIC_REPRESENTATION_CONTEXT() REPRESENTATION_CONTEXT('2D SPACE',''
  ) );
#1072 = ORIENTED_EDGE('',*,*,#1073,.T.);
#1073 = EDGE_CURVE('',#1040,#1074,#1076,.T.);
#1074 = VERTEX_POINT('',#1075);
#1075 = CARTESIAN_POINT('',(22.860000810623,17.780000567436,
    -123.7435607723));
#1076 = SURFACE_CURVE('',#1077,(#1092,#1121),.PCURVE_S1.);
#1077 = B_SPLINE_CURVE_WITH_KNOTS('',7,(#1078,#1079,#1080,#1081,#1082,
    #1083,#1084,#1085,#1086,#1087,#1088,#1089,#1090,#1091),
  .UNSPECIFIED.,.F.,.F.,(8,6,8),(0.,1.,2.044150986319),.UNSPECIFIED.);
#1078 = CARTESIAN_POINT('',(25.400000810623,15.240000567436,
    -122.9672190105));
#1079 = CARTESIAN_POINT('',(25.400000810623,15.529085002585,
    -122.9672190105));
#1080 = CARTESIAN_POINT('',(25.361615425884,15.818226739058,
    -122.9796077956));
#1081 = CARTESIAN_POINT('',(25.284820024743,16.099842546825,
    -123.0043937124));
#1082 = CARTESIAN_POINT('',(25.171961103509,16.36739435367,
    -123.0406918734));
#1083 = CARTESIAN_POINT('',(25.026436176047,16.61545566754,
    -123.0871591899));
#1084 = CARTESIAN_POINT('',(24.852647409863,16.839456416624,
    -123.1421096933));
#1085 = CARTESIAN_POINT('',(24.450776780098,17.24132704639,
    -123.2677724231));
#1086 = CARTESIAN_POINT('',(24.220106479233,17.417176848303,
    -123.3392567017));
#1087 = CARTESIAN_POINT('',(23.968995757283,17.560769305171,
    -123.4161489437));
#1088 = CARTESIAN_POINT('',(23.702420943608,17.669960317048,
    -123.496661866));
#1089 = CARTESIAN_POINT('',(23.425380071888,17.743293576268,
    -123.5791087782));
#1090 = CARTESIAN_POINT('',(23.14289288012,17.780000567436,
    -123.6619035822));
#1091 = CARTESIAN_POINT('',(22.860000810623,17.780000567436,
    -123.7435607723));
#1092 = PCURVE('',#322,#1093);
#1093 = DEFINITIONAL_REPRESENTATION('',(#1094),#1120);
#1094 = B_SPLINE_CURVE_WITH_KNOTS('',3,(#1095,#1096,#1097,#1098,#1099,
    #1100,#1101,#1102,#1103,#1104,#1105,#1106,#1107,#1108,#1109,#1110,
    #1111,#1112,#1113,#1114,#1115,#1116,#1117,#1118,#1119),
  .UNSPECIFIED.,.F.,.F.,(4,1,1,1,1,1,1,1,1,1,1,1,1,1,1,1,1,1,1,1,1,1,4),
  (0.,9.291595392359E-02,0.185831907847,0.278747861771,0.371663815694,
    0.464579769618,0.557495723542,0.650411677465,0.743327631389,
    0.836243585312,0.929159539236,1.022075493159,1.114991447083,
    1.207907401007,1.30082335493,1.393739308854,1.486655262777,
    1.579571216701,1.672487170625,1.765403124548,1.858319078472,
    1.951235032395,2.044150986319),.UNSPECIFIED.);
#1095 = CARTESIAN_POINT('',(-0.268057051845,1.524000056744));
#1096 = CARTESIAN_POINT('',(-0.268057158858,1.530268070498));
#1097 = CARTESIAN_POINT('',(-0.268008919858,1.542802700408));
#1098 = CARTESIAN_POINT('',(-0.267793311837,1.561483247732));
#1099 = CARTESIAN_POINT('',(-0.267436101912,1.579922600862));
#1100 = CARTESIAN_POINT('',(-0.266940554502,1.598010034807));
#1101 = CARTESIAN_POINT('',(-0.266310802894,1.615640712113));
#1102 = CARTESIAN_POINT('',(-0.265551898646,1.632716456795));
#1103 = CARTESIAN_POINT('',(-0.264669688981,1.649145430855));
#1104 = CARTESIAN_POINT('',(-0.263670753372,1.664842300504));
#1105 = CARTESIAN_POINT('',(-0.26256242181,1.679727770063));
#1106 = CARTESIAN_POINT('',(-0.261352531799,1.693730555465));
#1107 = CARTESIAN_POINT('',(-0.260050251618,1.706780802669));
#1108 = CARTESIAN_POINT('',(-0.258662642739,1.718838772172));
#1109 = CARTESIAN_POINT('',(-0.257196800781,1.729869634852));
#1110 = CARTESIAN_POINT('',(-0.255660466431,1.739836599318));
#1111 = CARTESIAN_POINT('',(-0.254061214887,1.748707993373));
#1112 = CARTESIAN_POINT('',(-0.252406675961,1.756455367128));
#1113 = CARTESIAN_POINT('',(-0.250704477733,1.763053999074));
#1114 = CARTESIAN_POINT('',(-0.248962264044,1.768482768681));
#1115 = CARTESIAN_POINT('',(-0.247187691715,1.772724159934));
#1116 = CARTESIAN_POINT('',(-0.245388433616,1.775764374589));
#1117 = CARTESIAN_POINT('',(-0.243572177213,1.777592875609));
#1118 = CARTESIAN_POINT('',(-0.242355148364,1.778000358644));
#1119 = CARTESIAN_POINT('',(-0.241746370226,1.778000056744));
#1120 = ( GEOMETRIC_REPRESENTATION_CONTEXT(2) 
PARAMETRIC_REPRESENTATION_CONTEXT() REPRESENTATION_CONTEXT('2D SPACE',''
  ) );
#1121 = PCURVE('',#1122,#1127);
#1122 = CYLINDRICAL_SURFACE('',#1123,2.54);
#1123 = AXIS2_PLACEMENT_3D('',#1124,#1125,#1126);
#1124 = CARTESIAN_POINT('',(22.860000810623,15.240000567436,
    -117.461301222));
#1125 = DIRECTION('',(-3.944304526105E-31,-5.39845945724E-15,-1.));
#1126 = DIRECTION('',(0.707106781187,0.707106781187,-3.817287290175E-15)
  );
#1127 = DEFINITIONAL_REPRESENTATION('',(#1128),#1154);
#1128 = B_SPLINE_CURVE_WITH_KNOTS('',3,(#1129,#1130,#1131,#1132,#1133,
    #1134,#1135,#1136,#1137,#1138,#1139,#1140,#1141,#1142,#1143,#1144,
    #1145,#1146,#1147,#1148,#1149,#1150,#1151,#1152,#1153),
  .UNSPECIFIED.,.F.,.F.,(4,1,1,1,1,1,1,1,1,1,1,1,1,1,1,1,1,1,1,1,1,1,4),
  (0.,9.291595392359E-02,0.185831907847,0.278747861771,0.371663815694,
    0.464579769618,0.557495723542,0.650411677465,0.743327631389,
    0.836243585312,0.929159539236,1.022075493159,1.114991447083,
    1.207907401007,1.30082335493,1.393739308854,1.486655262777,
    1.579571216701,1.672487170625,1.765403124548,1.858319078472,
    1.951235032395,2.044150986319),.UNSPECIFIED.);
#1129 = CARTESIAN_POINT('',(7.068583470577,5.50591778853));
#1130 = CARTESIAN_POINT('',(7.043906856811,5.505913818289));
#1131 = CARTESIAN_POINT('',(6.994556990288,5.507418533278));
#1132 = CARTESIAN_POINT('',(6.920606732904,5.514135517844));
#1133 = CARTESIAN_POINT('',(6.84680164707,5.525251621054));
#1134 = CARTESIAN_POINT('',(6.773190767729,5.540645636336));
#1135 = CARTESIAN_POINT('',(6.699814499805,5.560163652394));
#1136 = CARTESIAN_POINT('',(6.626705700013,5.583617544598));
#1137 = CARTESIAN_POINT('',(6.553893572181,5.610790216031));
#1138 = CARTESIAN_POINT('',(6.481405478176,5.641438816096));
#1139 = CARTESIAN_POINT('',(6.409272573479,5.675295553513));
#1140 = CARTESIAN_POINT('',(6.337521282478,5.712076903556));
#1141 = CARTESIAN_POINT('',(6.266217167235,5.75145888847));
#1142 = CARTESIAN_POINT('',(6.195296625189,5.79318843036));
#1143 = CARTESIAN_POINT('',(6.124694540839,5.837005625903));
#1144 = CARTESIAN_POINT('',(6.0543807687,5.882636147885));
#1145 = CARTESIAN_POINT('',(5.984317306351,5.929816251997));
#1146 = CARTESIAN_POINT('',(5.914468660503,5.978286077151));
#1147 = CARTESIAN_POINT('',(5.844798296844,6.027791437435));
#1148 = CARTESIAN_POINT('',(5.775269130521,6.078083353958));
#1149 = CARTESIAN_POINT('',(5.705843210683,6.128918135533));
#1150 = CARTESIAN_POINT('',(5.636481866319,6.180057524086));
#1151 = CARTESIAN_POINT('',(5.567145901698,6.23126803234));
#1152 = CARTESIAN_POINT('',(5.520912640985,6.265304975897));
#1153 = CARTESIAN_POINT('',(5.497787143782,6.282259550341));
#1154 = ( GEOMETRIC_REPRESENTATION_CONTEXT(2) 
PARAMETRIC_REPRESENTATION_CONTEXT() REPRESENTATION_CONTEXT('2D SPACE',''
  ) );
#1155 = ORIENTED_EDGE('',*,*,#1156,.F.);
#1156 = EDGE_CURVE('',#1157,#1074,#1159,.T.);
#1157 = VERTEX_POINT('',#1158);
#1158 = CARTESIAN_POINT('',(15.240000405312,17.780000567436,
    -125.5631195703));
#1159 = SURFACE_CURVE('',#1160,(#1167,#1177),.PCURVE_S1.);
#1160 = B_SPLINE_CURVE_WITH_KNOTS('',5,(#1161,#1162,#1163,#1164,#1165,
    #1166),.UNSPECIFIED.,.F.,.F.,(6,6),(0.,1.),
  .PIECEWISE_BEZIER_KNOTS.);
#1161 = CARTESIAN_POINT('',(15.240000405312,17.780000567436,
    -125.5631195703));
#1162 = CARTESIAN_POINT('',(16.779967930049,17.780000567436,
    -125.2710714133));
#1163 = CARTESIAN_POINT('',(18.313030107109,17.780000567436,
    -124.9425952016));
#1164 = CARTESIAN_POINT('',(19.838076744651,17.780000567436,
    -124.5781396221));
#1165 = CARTESIAN_POINT('',(21.354062125497,17.780000567436,
    -124.1782520725));
#1166 = CARTESIAN_POINT('',(22.860000810623,17.780000567436,
    -123.7435607723));
#1167 = PCURVE('',#322,#1168);
#1168 = DEFINITIONAL_REPRESENTATION('',(#1169),#1176);
#1169 = B_SPLINE_CURVE_WITH_KNOTS('',5,(#1170,#1171,#1172,#1173,#1174,
    #1175),.UNSPECIFIED.,.F.,.F.,(6,6),(0.,1.),
  .PIECEWISE_BEZIER_KNOTS.);
#1170 = CARTESIAN_POINT('',(-0.162479668562,1.778000056744));
#1171 = CARTESIAN_POINT('',(-0.178582650793,1.778000056744));
#1172 = CARTESIAN_POINT('',(-0.194558865679,1.778000056744));
#1173 = CARTESIAN_POINT('',(-0.210410153515,1.778000056744));
#1174 = CARTESIAN_POINT('',(-0.226138604628,1.778000056744));
#1175 = CARTESIAN_POINT('',(-0.241746370226,1.778000056744));
#1176 = ( GEOMETRIC_REPRESENTATION_CONTEXT(2) 
PARAMETRIC_REPRESENTATION_CONTEXT() REPRESENTATION_CONTEXT('2D SPACE',''
  ) );
#1177 = PCURVE('',#1178,#1183);
#1178 = PLANE('',#1179);
#1179 = AXIS2_PLACEMENT_3D('',#1180,#1181,#1182);
#1180 = CARTESIAN_POINT('',(12.700000405312,17.780000567436,
    -117.461301222));
#1181 = DIRECTION('',(1.244603055572E-60,1.,-5.39845945724E-15));
#1182 = DIRECTION('',(1.,-2.129316807119E-45,-3.944304526105E-31));
#1183 = DEFINITIONAL_REPRESENTATION('',(#1184),#1191);
#1184 = B_SPLINE_CURVE_WITH_KNOTS('',5,(#1185,#1186,#1187,#1188,#1189,
    #1190),.UNSPECIFIED.,.F.,.F.,(6,6),(0.,1.),
  .PIECEWISE_BEZIER_KNOTS.);
#1185 = CARTESIAN_POINT('',(2.54,8.1018183483));
#1186 = CARTESIAN_POINT('',(4.079967524737,7.8097701913));
#1187 = CARTESIAN_POINT('',(5.613029701797,7.4812939796));
#1188 = CARTESIAN_POINT('',(7.138076339339,7.1168384001));
#1189 = CARTESIAN_POINT('',(8.654061720185,6.7169508505));
#1190 = CARTESIAN_POINT('',(10.160000405311,6.2822595503));
#1191 = ( GEOMETRIC_REPRESENTATION_CONTEXT(2) 
PARAMETRIC_REPRESENTATION_CONTEXT() REPRESENTATION_CONTEXT('2D SPACE',''
  ) );
#1192 = ORIENTED_EDGE('',*,*,#1193,.T.);
#1193 = EDGE_CURVE('',#1157,#809,#1194,.T.);
#1194 = SURFACE_CURVE('',#1195,(#1210,#1239),.PCURVE_S1.);
#1195 = B_SPLINE_CURVE_WITH_KNOTS('',7,(#1196,#1197,#1198,#1199,#1200,
    #1201,#1202,#1203,#1204,#1205,#1206,#1207,#1208,#1209),
  .UNSPECIFIED.,.F.,.F.,(8,6,8),(0.,1.,1.984089530488),.UNSPECIFIED.);
#1196 = CARTESIAN_POINT('',(15.240000405312,17.780000567436,
    -125.5631195703));
#1197 = CARTESIAN_POINT('',(14.957198354304,17.780000567436,
    -125.6167517518));
#1198 = CARTESIAN_POINT('',(14.673903435757,17.743265345761,
    -125.6692895866));
#1199 = CARTESIAN_POINT('',(14.395739354397,17.669567233216,
    -125.719661162));
#1200 = CARTESIAN_POINT('',(14.128294916134,17.55970138699,
    -125.7669432609));
#1201 = CARTESIAN_POINT('',(13.877028146365,17.415404752,-125.8103764386
    ));
#1202 = CARTESIAN_POINT('',(13.647305960015,17.239408570568,
    -125.8493197546));
#1203 = CARTESIAN_POINT('',(13.243827904011,16.835930514564,
    -125.9166482404));
#1204 = CARTESIAN_POINT('',(13.068857444214,16.608855774567,
    -125.9452240103));
#1205 = CARTESIAN_POINT('',(12.923906869978,16.359145780606,
    -125.9685155109));
#1206 = CARTESIAN_POINT('',(12.812654267039,16.091681116583,
    -125.9861821459));
#1207 = CARTESIAN_POINT('',(12.737586738596,15.81190474135,
    -125.9980084727));
#1208 = CARTESIAN_POINT('',(12.700000405312,15.525821988715,
    -126.0039042031));
#1209 = CARTESIAN_POINT('',(12.700000405312,15.240000567436,
    -126.0039042031));
#1210 = PCURVE('',#322,#1211);
#1211 = DEFINITIONAL_REPRESENTATION('',(#1212),#1238);
#1212 = B_SPLINE_CURVE_WITH_KNOTS('',3,(#1213,#1214,#1215,#1216,#1217,
    #1218,#1219,#1220,#1221,#1222,#1223,#1224,#1225,#1226,#1227,#1228,
    #1229,#1230,#1231,#1232,#1233,#1234,#1235,#1236,#1237),
  .UNSPECIFIED.,.F.,.F.,(4,1,1,1,1,1,1,1,1,1,1,1,1,1,1,1,1,1,1,1,1,1,4),
  (0.,9.018588774944E-02,0.180371775499,0.270557663248,0.360743550998,
    0.450929438747,0.541115326497,0.631301214246,0.721487101996,
    0.811672989745,0.901858877494,0.992044765244,1.082230652993,
    1.172416540743,1.262602428492,1.352788316242,1.442974203991,
    1.533160091741,1.62334597949,1.713531867239,1.803717754989,
    1.893903642738,1.984089530488),.UNSPECIFIED.);
#1213 = CARTESIAN_POINT('',(-0.162479668562,1.778000056744));
#1214 = CARTESIAN_POINT('',(-0.16185737676,1.778000521094));
#1215 = CARTESIAN_POINT('',(-0.160612018063,1.777581384175));
#1216 = CARTESIAN_POINT('',(-0.15875066963,1.775697922293));
#1217 = CARTESIAN_POINT('',(-0.156905037744,1.772562971697));
#1218 = CARTESIAN_POINT('',(-0.155084107189,1.768187404169));
#1219 = CARTESIAN_POINT('',(-0.153296821706,1.762587063891));
#1220 = CARTESIAN_POINT('',(-0.151552068762,1.755783538499));
#1221 = CARTESIAN_POINT('',(-0.149858667209,1.747804133127));
#1222 = CARTESIAN_POINT('',(-0.14822534282,1.73868209798));
#1223 = CARTESIAN_POINT('',(-0.14666072277,1.728457169636));
#1224 = CARTESIAN_POINT('',(-0.145173230046,1.717175197475));
#1225 = CARTESIAN_POINT('',(-0.143771312992,1.70489177214));
#1226 = CARTESIAN_POINT('',(-0.142462378422,1.691661479704));
#1227 = CARTESIAN_POINT('',(-0.141253294612,1.677542509737));
#1228 = CARTESIAN_POINT('',(-0.140151635781,1.662612739705));
#1229 = CARTESIAN_POINT('',(-0.139163866929,1.646949097866));
#1230 = CARTESIAN_POINT('',(-0.138295815124,1.630632992209));
#1231 = CARTESIAN_POINT('',(-0.137552538085,1.613748853754));
#1232 = CARTESIAN_POINT('',(-0.136938352677,1.596384534414));
#1233 = CARTESIAN_POINT('',(-0.136456829309,1.578631172241));
#1234 = CARTESIAN_POINT('',(-0.136110765861,1.560583332578));
#1235 = CARTESIAN_POINT('',(-0.135902280798,1.542338578215));
#1236 = CARTESIAN_POINT('',(-0.135855729148,1.530112224471));
#1237 = CARTESIAN_POINT('',(-0.135855792277,1.524000056744));
#1238 = ( GEOMETRIC_REPRESENTATION_CONTEXT(2) 
PARAMETRIC_REPRESENTATION_CONTEXT() REPRESENTATION_CONTEXT('2D SPACE',''
  ) );
#1239 = PCURVE('',#1240,#1245);
#1240 = CYLINDRICAL_SURFACE('',#1241,2.54);
#1241 = AXIS2_PLACEMENT_3D('',#1242,#1243,#1244);
#1242 = CARTESIAN_POINT('',(15.240000405312,15.240000567436,
    -117.461301222));
#1243 = DIRECTION('',(-3.944304526105E-31,-5.39845945724E-15,-1.));
#1244 = DIRECTION('',(-0.707106781187,0.707106781187,-3.817287290175E-15
    ));
#1245 = DEFINITIONAL_REPRESENTATION('',(#1246),#1272);
#1246 = B_SPLINE_CURVE_WITH_KNOTS('',3,(#1247,#1248,#1249,#1250,#1251,
    #1252,#1253,#1254,#1255,#1256,#1257,#1258,#1259,#1260,#1261,#1262,
    #1263,#1264,#1265,#1266,#1267,#1268,#1269,#1270,#1271),
  .UNSPECIFIED.,.F.,.F.,(4,1,1,1,1,1,1,1,1,1,1,1,1,1,1,1,1,1,1,1,1,1,4),
  (0.,9.018588774944E-02,0.180371775499,0.270557663248,0.360743550998,
    0.450929438747,0.541115326497,0.631301214246,0.721487101996,
    0.811672989745,0.901858877494,0.992044765244,1.082230652993,
    1.172416540743,1.262602428492,1.352788316242,1.442974203991,
    1.533160091741,1.62334597949,1.713531867239,1.803717754989,
    1.893903642738,1.984089530488),.UNSPECIFIED.);
#1247 = CARTESIAN_POINT('',(7.068583470577,8.101818348294));
#1248 = CARTESIAN_POINT('',(7.045153760912,8.113105069556));
#1249 = CARTESIAN_POINT('',(6.998272820308,8.135551241153));
#1250 = CARTESIAN_POINT('',(6.927877449228,8.168686958221));
#1251 = CARTESIAN_POINT('',(6.857399221125,8.201134103435));
#1252 = CARTESIAN_POINT('',(6.786827490878,8.232749209178));
#1253 = CARTESIAN_POINT('',(6.71615152141,8.263396292272));
#1254 = CARTESIAN_POINT('',(6.645361102892,8.292947741468));
#1255 = CARTESIAN_POINT('',(6.574447613254,8.321283781536));
#1256 = CARTESIAN_POINT('',(6.503404735434,8.348292320695));
#1257 = CARTESIAN_POINT('',(6.432230837288,8.37386850442));
#1258 = CARTESIAN_POINT('',(6.360926274886,8.397915036403));
#1259 = CARTESIAN_POINT('',(6.289511204429,8.42033986015));
#1260 = CARTESIAN_POINT('',(6.217969035146,8.441063926176));
#1261 = CARTESIAN_POINT('',(6.146274667375,8.460023957865));
#1262 = CARTESIAN_POINT('',(6.074475876665,8.477152815989));
#1263 = CARTESIAN_POINT('',(6.002588706444,8.49239372774));
#1264 = CARTESIAN_POINT('',(5.930627573824,8.505696546068));
#1265 = CARTESIAN_POINT('',(5.858600396966,8.517018747482));
#1266 = CARTESIAN_POINT('',(5.786513498843,8.52632518148));
#1267 = CARTESIAN_POINT('',(5.714373929447,8.533588075051));
#1268 = CARTESIAN_POINT('',(5.642192741908,8.53878726523));
#1269 = CARTESIAN_POINT('',(5.569986281262,8.541909264369));
#1270 = CARTESIAN_POINT('',(5.521850474379,8.542603599126));
#1271 = CARTESIAN_POINT('',(5.497787143782,8.542602981168));
#1272 = ( GEOMETRIC_REPRESENTATION_CONTEXT(2) 
PARAMETRIC_REPRESENTATION_CONTEXT() REPRESENTATION_CONTEXT('2D SPACE',''
  ) );
#1273 = FACE_BOUND('',#1274,.T.);
#1274 = EDGE_LOOP('',(#1275,#1314,#1397,#1431,#1508,#1545,#1628,#1662));
#1275 = ORIENTED_EDGE('',*,*,#1276,.F.);
#1276 = EDGE_CURVE('',#1277,#1279,#1281,.T.);
#1277 = VERTEX_POINT('',#1278);
#1278 = CARTESIAN_POINT('',(-22.86000081062,17.780000567436,
    -123.7435607723));
#1279 = VERTEX_POINT('',#1280);
#1280 = CARTESIAN_POINT('',(-15.24000040531,17.780000567436,
    -125.5631195703));
#1281 = SURFACE_CURVE('',#1282,(#1289,#1299),.PCURVE_S1.);
#1282 = B_SPLINE_CURVE_WITH_KNOTS('',5,(#1283,#1284,#1285,#1286,#1287,
    #1288),.UNSPECIFIED.,.F.,.F.,(6,6),(0.,1.),
  .PIECEWISE_BEZIER_KNOTS.);
#1283 = CARTESIAN_POINT('',(-22.86000081062,17.780000567436,
    -123.7435607723));
#1284 = CARTESIAN_POINT('',(-21.35406212549,17.780000567436,
    -124.1782520725));
#1285 = CARTESIAN_POINT('',(-19.83807674464,17.780000567436,
    -124.5781396221));
#1286 = CARTESIAN_POINT('',(-18.31303010711,17.780000567436,
    -124.9425952016));
#1287 = CARTESIAN_POINT('',(-16.77996793004,17.780000567436,
    -125.2710714133));
#1288 = CARTESIAN_POINT('',(-15.24000040531,17.780000567436,
    -125.5631195703));
#1289 = PCURVE('',#322,#1290);
#1290 = DEFINITIONAL_REPRESENTATION('',(#1291),#1298);
#1291 = B_SPLINE_CURVE_WITH_KNOTS('',5,(#1292,#1293,#1294,#1295,#1296,
    #1297),.UNSPECIFIED.,.F.,.F.,(6,6),(0.,1.),
  .PIECEWISE_BEZIER_KNOTS.);
#1292 = CARTESIAN_POINT('',(0.241746370226,1.778000056744));
#1293 = CARTESIAN_POINT('',(0.226138604628,1.778000056744));
#1294 = CARTESIAN_POINT('',(0.210410153515,1.778000056744));
#1295 = CARTESIAN_POINT('',(0.194558865679,1.778000056744));
#1296 = CARTESIAN_POINT('',(0.178582650793,1.778000056744));
#1297 = CARTESIAN_POINT('',(0.162479668562,1.778000056744));
#1298 = ( GEOMETRIC_REPRESENTATION_CONTEXT(2) 
PARAMETRIC_REPRESENTATION_CONTEXT() REPRESENTATION_CONTEXT('2D SPACE',''
  ) );
#1299 = PCURVE('',#1300,#1305);
#1300 = PLANE('',#1301);
#1301 = AXIS2_PLACEMENT_3D('',#1302,#1303,#1304);
#1302 = CARTESIAN_POINT('',(-25.40000081062,17.780000567436,
    -117.461301222));
#1303 = DIRECTION('',(1.244603055572E-60,1.,-5.39845945724E-15));
#1304 = DIRECTION('',(1.,-2.129316807119E-45,-3.944304526105E-31));
#1305 = DEFINITIONAL_REPRESENTATION('',(#1306),#1313);
#1306 = B_SPLINE_CURVE_WITH_KNOTS('',5,(#1307,#1308,#1309,#1310,#1311,
    #1312),.UNSPECIFIED.,.F.,.F.,(6,6),(0.,1.),
  .PIECEWISE_BEZIER_KNOTS.);
#1307 = CARTESIAN_POINT('',(2.54,6.2822595503));
#1308 = CARTESIAN_POINT('',(4.04593868513,6.7169508505));
#1309 = CARTESIAN_POINT('',(5.56192406598,7.1168384001));
#1310 = CARTESIAN_POINT('',(7.08697070351,7.4812939796));
#1311 = CARTESIAN_POINT('',(8.62003288058,7.8097701913));
#1312 = CARTESIAN_POINT('',(10.16000040531,8.1018183483));
#1313 = ( GEOMETRIC_REPRESENTATION_CONTEXT(2) 
PARAMETRIC_REPRESENTATION_CONTEXT() REPRESENTATION_CONTEXT('2D SPACE',''
  ) );
#1314 = ORIENTED_EDGE('',*,*,#1315,.T.);
#1315 = EDGE_CURVE('',#1277,#1316,#1318,.T.);
#1316 = VERTEX_POINT('',#1317);
#1317 = CARTESIAN_POINT('',(-25.40000081062,15.240000567436,
    -122.9672190105));
#1318 = SURFACE_CURVE('',#1319,(#1334,#1363),.PCURVE_S1.);
#1319 = B_SPLINE_CURVE_WITH_KNOTS('',7,(#1320,#1321,#1322,#1323,#1324,
    #1325,#1326,#1327,#1328,#1329,#1330,#1331,#1332,#1333),
  .UNSPECIFIED.,.F.,.F.,(8,6,8),(0.,1.,1.956999542637),.UNSPECIFIED.);
#1320 = CARTESIAN_POINT('',(-22.86000081062,17.780000567436,
    -123.7435607723));
#1321 = CARTESIAN_POINT('',(-23.14304279069,17.780000567436,
    -123.6618603103));
#1322 = CARTESIAN_POINT('',(-23.425446423,17.743203390347,
    -123.5791010057));
#1323 = CARTESIAN_POINT('',(-23.7023699691,17.669907462288,
    -123.4966870511));
#1324 = CARTESIAN_POINT('',(-23.9688834386,17.560831250072,
    -123.4161757883));
#1325 = CARTESIAN_POINT('',(-24.22001237089,17.417318825416,
    -123.3392683458));
#1326 = CARTESIAN_POINT('',(-24.45072247094,17.241381355542,
    -123.2677894052));
#1327 = CARTESIAN_POINT('',(-24.85255233357,16.839551492916,
    -123.1421394231));
#1328 = CARTESIAN_POINT('',(-25.02643325134,16.615714281006,
    -123.087120705));
#1329 = CARTESIAN_POINT('',(-25.1719605833,16.367792494344,
    -123.0406704148));
#1330 = CARTESIAN_POINT('',(-25.28466157758,16.100172591318,
    -123.0044686744));
#1331 = CARTESIAN_POINT('',(-25.36132493531,15.818375150283,
    -122.9797331417));
#1332 = CARTESIAN_POINT('',(-25.40000081062,15.52905486956,
    -122.9672190105));
#1333 = CARTESIAN_POINT('',(-25.40000081062,15.240000567436,
    -122.9672190105));
#1334 = PCURVE('',#322,#1335);
#1335 = DEFINITIONAL_REPRESENTATION('',(#1336),#1362);
#1336 = B_SPLINE_CURVE_WITH_KNOTS('',3,(#1337,#1338,#1339,#1340,#1341,
    #1342,#1343,#1344,#1345,#1346,#1347,#1348,#1349,#1350,#1351,#1352,
    #1353,#1354,#1355,#1356,#1357,#1358,#1359,#1360,#1361),
  .UNSPECIFIED.,.F.,.F.,(4,1,1,1,1,1,1,1,1,1,1,1,1,1,1,1,1,1,1,1,1,1,4),
  (0.,8.89545246653E-02,0.177909049331,0.266863573996,0.355818098661,
    0.444772623327,0.533727147992,0.622681672657,0.711636197322,
    0.800590721988,0.889545246653,0.978499771318,1.067454295984,
    1.156408820649,1.245363345314,1.33431786998,1.423272394645,
    1.51222691931,1.601181443975,1.690135968641,1.779090493306,
    1.868045017971,1.956999542637),.UNSPECIFIED.);
#1337 = CARTESIAN_POINT('',(0.241746370226,1.778000056744));
#1338 = CARTESIAN_POINT('',(0.242355243348,1.778000267233));
#1339 = CARTESIAN_POINT('',(0.243572208692,1.777592254088));
#1340 = CARTESIAN_POINT('',(0.245387841436,1.775763252469));
#1341 = CARTESIAN_POINT('',(0.247186200675,1.772724542835));
#1342 = CARTESIAN_POINT('',(0.248959777984,1.76848706213));
#1343 = CARTESIAN_POINT('',(0.25070103672,1.763064432811));
#1344 = CARTESIAN_POINT('',(0.252402411004,1.756473492034));
#1345 = CARTESIAN_POINT('',(0.254056309526,1.748734426089));
#1346 = CARTESIAN_POINT('',(0.255655125332,1.739870985718));
#1347 = CARTESIAN_POINT('',(0.257191222075,1.729910844889));
#1348 = CARTESIAN_POINT('',(0.258657016559,1.718885440678));
#1349 = CARTESIAN_POINT('',(0.260044710659,1.706831944724));
#1350 = CARTESIAN_POINT('',(0.261347343332,1.693787490314));
#1351 = CARTESIAN_POINT('',(0.262558047296,1.67979089787));
#1352 = CARTESIAN_POINT('',(0.263667153618,1.664910004213));
#1353 = CARTESIAN_POINT('',(0.264666680264,1.649214638239));
#1354 = CARTESIAN_POINT('',(0.265549245267,1.632783113051));
#1355 = CARTESIAN_POINT('',(0.266308351517,1.615700482082));
#1356 = CARTESIAN_POINT('',(0.266938306683,1.598059022463));
#1357 = CARTESIAN_POINT('',(0.267434232741,1.579958045434));
#1358 = CARTESIAN_POINT('',(0.267792084284,1.561504171327));
#1359 = CARTESIAN_POINT('',(0.268008544975,1.542810419227));
#1360 = CARTESIAN_POINT('',(0.268057118991,1.530269855305));
#1361 = CARTESIAN_POINT('',(0.268057051845,1.524000056744));
#1362 = ( GEOMETRIC_REPRESENTATION_CONTEXT(2) 
PARAMETRIC_REPRESENTATION_CONTEXT() REPRESENTATION_CONTEXT('2D SPACE',''
  ) );
#1363 = PCURVE('',#1364,#1369);
#1364 = CYLINDRICAL_SURFACE('',#1365,2.54);
#1365 = AXIS2_PLACEMENT_3D('',#1366,#1367,#1368);
#1366 = CARTESIAN_POINT('',(-22.86000081062,15.240000567436,
    -117.461301222));
#1367 = DIRECTION('',(-3.944304526105E-31,-5.39845945724E-15,-1.));
#1368 = DIRECTION('',(-0.707106781187,0.707106781187,-3.817287290175E-15
    ));
#1369 = DEFINITIONAL_REPRESENTATION('',(#1370),#1396);
#1370 = B_SPLINE_CURVE_WITH_KNOTS('',3,(#1371,#1372,#1373,#1374,#1375,
    #1376,#1377,#1378,#1379,#1380,#1381,#1382,#1383,#1384,#1385,#1386,
    #1387,#1388,#1389,#1390,#1391,#1392,#1393,#1394,#1395),
  .UNSPECIFIED.,.F.,.F.,(4,1,1,1,1,1,1,1,1,1,1,1,1,1,1,1,1,1,1,1,1,1,4),
  (0.,8.89545246653E-02,0.177909049331,0.266863573996,0.355818098661,
    0.444772623327,0.533727147992,0.622681672657,0.711636197322,
    0.800590721988,0.889545246653,0.978499771318,1.067454295984,
    1.156408820649,1.245363345314,1.33431786998,1.423272394645,
    1.51222691931,1.601181443975,1.690135968641,1.779090493306,
    1.868045017971,1.956999542637),.UNSPECIFIED.);
#1371 = CARTESIAN_POINT('',(7.068583470577,6.282259550341));
#1372 = CARTESIAN_POINT('',(7.045454456893,6.265302412549));
#1373 = CARTESIAN_POINT('',(6.999223265375,6.231268343452));
#1374 = CARTESIAN_POINT('',(6.929910074879,6.180078075203));
#1375 = CARTESIAN_POINT('',(6.860582528825,6.128965815458));
#1376 = CARTESIAN_POINT('',(6.791196320348,6.078159387239));
#1377 = CARTESIAN_POINT('',(6.721708791128,6.0278932968));
#1378 = CARTESIAN_POINT('',(6.6520789088,5.978409391563));
#1379 = CARTESIAN_POINT('',(6.582266947243,5.929956227817));
#1380 = CARTESIAN_POINT('',(6.512234110374,5.882788427403));
#1381 = CARTESIAN_POINT('',(6.441943318418,5.837166725272));
#1382 = CARTESIAN_POINT('',(6.37135605194,5.793354525005));
#1383 = CARTESIAN_POINT('',(6.300444562614,5.75162689595));
#1384 = CARTESIAN_POINT('',(6.229147511101,5.712232364172));
#1385 = CARTESIAN_POINT('',(6.157396452504,5.675418754761));
#1386 = CARTESIAN_POINT('',(6.08526339089,5.641534981394));
#1387 = CARTESIAN_POINT('',(6.012771159231,5.61087045982));
#1388 = CARTESIAN_POINT('',(5.939945782691,5.58369377527));
#1389 = CARTESIAN_POINT('',(5.866809448325,5.560242339148));
#1390 = CARTESIAN_POINT('',(5.793389167893,5.540725094876));
#1391 = CARTESIAN_POINT('',(5.719720396933,5.525322037813));
#1392 = CARTESIAN_POINT('',(5.645851562143,5.514183429737));
#1393 = CARTESIAN_POINT('',(5.571844556007,5.507433420991));
#1394 = CARTESIAN_POINT('',(5.522470358121,5.50591537195));
#1395 = CARTESIAN_POINT('',(5.497787143782,5.50591778853));
#1396 = ( GEOMETRIC_REPRESENTATION_CONTEXT(2) 
PARAMETRIC_REPRESENTATION_CONTEXT() REPRESENTATION_CONTEXT('2D SPACE',''
  ) );
#1397 = ORIENTED_EDGE('',*,*,#1398,.F.);
#1398 = EDGE_CURVE('',#1399,#1316,#1401,.T.);
#1399 = VERTEX_POINT('',#1400);
#1400 = CARTESIAN_POINT('',(-25.40000081062,7.620000162125,
    -122.9672190105));
#1401 = SURFACE_CURVE('',#1402,(#1408,#1417),.PCURVE_S1.);
#1402 = B_SPLINE_CURVE_WITH_KNOTS('',4,(#1403,#1404,#1405,#1406,#1407),
  .UNSPECIFIED.,.F.,.F.,(5,5),(0.,1.),.PIECEWISE_BEZIER_KNOTS.);
#1403 = CARTESIAN_POINT('',(-25.40000081062,7.620000162125,
    -122.9672190105));
#1404 = CARTESIAN_POINT('',(-25.40000081062,9.525000263453,
    -122.9672190105));
#1405 = CARTESIAN_POINT('',(-25.40000081062,11.43000036478,
    -122.9672190105));
#1406 = CARTESIAN_POINT('',(-25.40000081062,13.335000466108,
    -122.9672190105));
#1407 = CARTESIAN_POINT('',(-25.40000081062,15.240000567436,
    -122.9672190105));
#1408 = PCURVE('',#322,#1409);
#1409 = DEFINITIONAL_REPRESENTATION('',(#1410),#1416);
#1410 = B_SPLINE_CURVE_WITH_KNOTS('',4,(#1411,#1412,#1413,#1414,#1415),
  .UNSPECIFIED.,.F.,.F.,(5,5),(0.,1.),.PIECEWISE_BEZIER_KNOTS.);
#1411 = CARTESIAN_POINT('',(0.268057051845,0.762000016212));
#1412 = CARTESIAN_POINT('',(0.268057051845,0.952500026345));
#1413 = CARTESIAN_POINT('',(0.268057051845,1.143000036478));
#1414 = CARTESIAN_POINT('',(0.268057051845,1.333500046611));
#1415 = CARTESIAN_POINT('',(0.268057051845,1.524000056744));
#1416 = ( GEOMETRIC_REPRESENTATION_CONTEXT(2) 
PARAMETRIC_REPRESENTATION_CONTEXT() REPRESENTATION_CONTEXT('2D SPACE',''
  ) );
#1417 = PCURVE('',#1418,#1423);
#1418 = PLANE('',#1419);
#1419 = AXIS2_PLACEMENT_3D('',#1420,#1421,#1422);
#1420 = CARTESIAN_POINT('',(-25.40000081062,5.080000162125,
    -117.461301222));
#1421 = DIRECTION('',(-1.,2.129316807119E-45,3.944304526105E-31));
#1422 = DIRECTION('',(3.92672264033E-58,1.,-5.39845945724E-15));
#1423 = DEFINITIONAL_REPRESENTATION('',(#1424),#1430);
#1424 = B_SPLINE_CURVE_WITH_KNOTS('',4,(#1425,#1426,#1427,#1428,#1429),
  .UNSPECIFIED.,.F.,.F.,(5,5),(0.,1.),.PIECEWISE_BEZIER_KNOTS.);
#1425 = CARTESIAN_POINT('',(2.54,5.5059177885));
#1426 = CARTESIAN_POINT('',(4.445000101328,5.5059177885));
#1427 = CARTESIAN_POINT('',(6.350000202655,5.5059177885));
#1428 = CARTESIAN_POINT('',(8.255000303983,5.5059177885));
#1429 = CARTESIAN_POINT('',(10.160000405311,5.5059177885));
#1430 = ( GEOMETRIC_REPRESENTATION_CONTEXT(2) 
PARAMETRIC_REPRESENTATION_CONTEXT() REPRESENTATION_CONTEXT('2D SPACE',''
  ) );
#1431 = ORIENTED_EDGE('',*,*,#1432,.T.);
#1432 = EDGE_CURVE('',#1399,#1433,#1435,.T.);
#1433 = VERTEX_POINT('',#1434);
#1434 = CARTESIAN_POINT('',(-22.86000081062,5.080000162125,
    -123.7435607723));
#1435 = SURFACE_CURVE('',#1436,(#1445,#1474),.PCURVE_S1.);
#1436 = B_SPLINE_CURVE_WITH_KNOTS('',4,(#1437,#1438,#1439,#1440,#1441,
    #1442,#1443,#1444),.UNSPECIFIED.,.F.,.F.,(5,3,5),(0.,1.,
    2.044285941694),.UNSPECIFIED.);
#1437 = CARTESIAN_POINT('',(-25.40000081062,7.620000162125,
    -122.9672190105));
#1438 = CARTESIAN_POINT('',(-25.40000081062,7.114009216315,
    -122.9672190105));
#1439 = CARTESIAN_POINT('',(-25.26490062369,6.607991445072,
    -123.0109244919));
#1440 = CARTESIAN_POINT('',(-24.99988270927,6.16777961235,
    -123.0960700271));
#1441 = CARTESIAN_POINT('',(-24.29699449519,5.464891398271,
    -123.3158592955));
#1442 = CARTESIAN_POINT('',(-23.84850576231,5.208332500415,
    -123.4538419365));
#1443 = CARTESIAN_POINT('',(-23.35503071157,5.080000162125,
    -123.6006697015));
#1444 = CARTESIAN_POINT('',(-22.86000081062,5.080000162125,
    -123.7435607723));
#1445 = PCURVE('',#322,#1446);
#1446 = DEFINITIONAL_REPRESENTATION('',(#1447),#1473);
#1447 = B_SPLINE_CURVE_WITH_KNOTS('',3,(#1448,#1449,#1450,#1451,#1452,
    #1453,#1454,#1455,#1456,#1457,#1458,#1459,#1460,#1461,#1462,#1463,
    #1464,#1465,#1466,#1467,#1468,#1469,#1470,#1471,#1472),
  .UNSPECIFIED.,.F.,.F.,(4,1,1,1,1,1,1,1,1,1,1,1,1,1,1,1,1,1,1,1,1,1,4),
  (0.,9.29220882588E-02,0.185844176518,0.278766264776,0.371688353035,
    0.464610441294,0.557532529553,0.650454617812,0.74337670607,
    0.836298794329,0.929220882588,1.022142970847,1.115065059106,
    1.207987147364,1.300909235623,1.393831323882,1.486753412141,
    1.5796755004,1.672597588658,1.765519676917,1.858441765176,
    1.951363853435,2.044285941694),.UNSPECIFIED.);
#1448 = CARTESIAN_POINT('',(0.268057051845,0.762000016212));
#1449 = CARTESIAN_POINT('',(0.268057121663,0.755730459112));
#1450 = CARTESIAN_POINT('',(0.268008669259,0.74319324867));
#1451 = CARTESIAN_POINT('',(0.267792620778,0.72450983063));
#1452 = CARTESIAN_POINT('',(0.267435279674,0.70606797172));
#1453 = CARTESIAN_POINT('',(0.266939874679,0.68797817037));
#1454 = CARTESIAN_POINT('',(0.266310392511,0.67034525002));
#1455 = CARTESIAN_POINT('',(0.265551684922,0.653267545011));
#1456 = CARTESIAN_POINT('',(0.264669451409,0.636837168938));
#1457 = CARTESIAN_POINT('',(0.263670222281,0.621139755331));
#1458 = CARTESIAN_POINT('',(0.262561467595,0.606255226605));
#1459 = CARTESIAN_POINT('',(0.261351204766,0.592254977555));
#1460 = CARTESIAN_POINT('',(0.260049487447,0.579212372431));
#1461 = CARTESIAN_POINT('',(0.258662243522,0.567159145506));
#1462 = CARTESIAN_POINT('',(0.257196384685,0.556129694977));
#1463 = CARTESIAN_POINT('',(0.255659887652,0.546162499084));
#1464 = CARTESIAN_POINT('',(0.254060416383,0.537290055005));
#1465 = CARTESIAN_POINT('',(0.252405694109,0.529541574098));
#1466 = CARTESIAN_POINT('',(0.25070340621,0.522942262047));
#1467 = CARTESIAN_POINT('',(0.248961228471,0.517513503025));
#1468 = CARTESIAN_POINT('',(0.247186821544,0.513272842911));
#1469 = CARTESIAN_POINT('',(0.245387833754,0.510233872257));
#1470 = CARTESIAN_POINT('',(0.243571902893,0.508406711185));
#1471 = CARTESIAN_POINT('',(0.242355069149,0.507999694962));
#1472 = CARTESIAN_POINT('',(0.241746370226,0.508000016212));
#1473 = ( GEOMETRIC_REPRESENTATION_CONTEXT(2) 
PARAMETRIC_REPRESENTATION_CONTEXT() REPRESENTATION_CONTEXT('2D SPACE',''
  ) );
#1474 = PCURVE('',#1475,#1480);
#1475 = CYLINDRICAL_SURFACE('',#1476,2.54);
#1476 = AXIS2_PLACEMENT_3D('',#1477,#1478,#1479);
#1477 = CARTESIAN_POINT('',(-22.86000081062,7.620000162125,
    -117.461301222));
#1478 = DIRECTION('',(-3.944304526105E-31,-5.39845945724E-15,-1.));
#1479 = DIRECTION('',(-0.707106781187,-0.707106781187,3.817287290175E-15
    ));
#1480 = DEFINITIONAL_REPRESENTATION('',(#1481),#1507);
#1481 = B_SPLINE_CURVE_WITH_KNOTS('',3,(#1482,#1483,#1484,#1485,#1486,
    #1487,#1488,#1489,#1490,#1491,#1492,#1493,#1494,#1495,#1496,#1497,
    #1498,#1499,#1500,#1501,#1502,#1503,#1504,#1505,#1506),
  .UNSPECIFIED.,.F.,.F.,(4,1,1,1,1,1,1,1,1,1,1,1,1,1,1,1,1,1,1,1,1,1,4),
  (0.,9.29220882588E-02,0.185844176518,0.278766264776,0.371688353035,
    0.464610441294,0.557532529553,0.650454617812,0.74337670607,
    0.836298794329,0.929220882588,1.022142970847,1.115065059106,
    1.207987147364,1.300909235623,1.393831323882,1.486753412141,
    1.5796755004,1.672597588658,1.765519676917,1.858441765176,
    1.951363853435,2.044285941694),.UNSPECIFIED.);
#1482 = CARTESIAN_POINT('',(7.068583470577,5.505917788531));
#1483 = CARTESIAN_POINT('',(7.043901070603,5.505915282563));
#1484 = CARTESIAN_POINT('',(6.994540352396,5.507429289294));
#1485 = CARTESIAN_POINT('',(6.920576039213,5.514165675672));
#1486 = CARTESIAN_POINT('',(6.846758445156,5.525287554674));
#1487 = CARTESIAN_POINT('',(6.773138498891,5.540673756433));
#1488 = CARTESIAN_POINT('',(6.699756710337,5.560176030159));
#1489 = CARTESIAN_POINT('',(6.626644365372,5.583615305278));
#1490 = CARTESIAN_POINT('',(6.55382835671,5.610782441582));
#1491 = CARTESIAN_POINT('',(6.481334352955,5.641438967496));
#1492 = CARTESIAN_POINT('',(6.409196712645,5.675313376861));
#1493 = CARTESIAN_POINT('',(6.337445012811,5.712115203519));
#1494 = CARTESIAN_POINT('',(6.266177503732,5.751482426214));
#1495 = CARTESIAN_POINT('',(6.195279636274,5.793200180253));
#1496 = CARTESIAN_POINT('',(6.124680086351,5.837017935916));
#1497 = CARTESIAN_POINT('',(6.054360071999,5.882653193936));
#1498 = CARTESIAN_POINT('',(5.984286725408,5.929839805223));
#1499 = CARTESIAN_POINT('',(5.914429515572,5.978315024628));
#1500 = CARTESIAN_POINT('',(5.844754894898,6.027822976156));
#1501 = CARTESIAN_POINT('',(5.77522722838,6.078113738357));
#1502 = CARTESIAN_POINT('',(5.705808451571,6.128943537543));
#1503 = CARTESIAN_POINT('',(5.636458423178,6.180074889538));
#1504 = CARTESIAN_POINT('',(5.567135437031,6.231275839444));
#1505 = CARTESIAN_POINT('',(5.520909689789,6.265307187047));
#1506 = CARTESIAN_POINT('',(5.497787143783,6.282259550341));
#1507 = ( GEOMETRIC_REPRESENTATION_CONTEXT(2) 
PARAMETRIC_REPRESENTATION_CONTEXT() REPRESENTATION_CONTEXT('2D SPACE',''
  ) );
#1508 = ORIENTED_EDGE('',*,*,#1509,.T.);
#1509 = EDGE_CURVE('',#1433,#1510,#1512,.T.);
#1510 = VERTEX_POINT('',#1511);
#1511 = CARTESIAN_POINT('',(-15.24000040531,5.080000162125,
    -125.5631195703));
#1512 = SURFACE_CURVE('',#1513,(#1520,#1530),.PCURVE_S1.);
#1513 = B_SPLINE_CURVE_WITH_KNOTS('',5,(#1514,#1515,#1516,#1517,#1518,
    #1519),.UNSPECIFIED.,.F.,.F.,(6,6),(0.,1.),
  .PIECEWISE_BEZIER_KNOTS.);
#1514 = CARTESIAN_POINT('',(-22.86000081062,5.080000162125,
    -123.7435607723));
#1515 = CARTESIAN_POINT('',(-21.35406212549,5.080000162125,
    -124.1782520725));
#1516 = CARTESIAN_POINT('',(-19.83807674464,5.080000162125,
    -124.5781396221));
#1517 = CARTESIAN_POINT('',(-18.31303010711,5.080000162125,
    -124.9425952016));
#1518 = CARTESIAN_POINT('',(-16.77996793004,5.080000162125,
    -125.2710714133));
#1519 = CARTESIAN_POINT('',(-15.24000040531,5.080000162125,
    -125.5631195703));
#1520 = PCURVE('',#322,#1521);
#1521 = DEFINITIONAL_REPRESENTATION('',(#1522),#1529);
#1522 = B_SPLINE_CURVE_WITH_KNOTS('',5,(#1523,#1524,#1525,#1526,#1527,
    #1528),.UNSPECIFIED.,.F.,.F.,(6,6),(0.,1.),
  .PIECEWISE_BEZIER_KNOTS.);
#1523 = CARTESIAN_POINT('',(0.241746370226,0.508000016212));
#1524 = CARTESIAN_POINT('',(0.226138604628,0.508000016212));
#1525 = CARTESIAN_POINT('',(0.210410153515,0.508000016212));
#1526 = CARTESIAN_POINT('',(0.194558865679,0.508000016212));
#1527 = CARTESIAN_POINT('',(0.178582650793,0.508000016212));
#1528 = CARTESIAN_POINT('',(0.162479668562,0.508000016212));
#1529 = ( GEOMETRIC_REPRESENTATION_CONTEXT(2) 
PARAMETRIC_REPRESENTATION_CONTEXT() REPRESENTATION_CONTEXT('2D SPACE',''
  ) );
#1530 = PCURVE('',#1531,#1536);
#1531 = PLANE('',#1532);
#1532 = AXIS2_PLACEMENT_3D('',#1533,#1534,#1535);
#1533 = CARTESIAN_POINT('',(-12.70000040531,5.080000162125,
    -117.461301222));
#1534 = DIRECTION('',(-1.244603055572E-60,-1.,5.39845945724E-15));
#1535 = DIRECTION('',(-1.,2.129316807119E-45,3.944304526105E-31));
#1536 = DEFINITIONAL_REPRESENTATION('',(#1537),#1544);
#1537 = B_SPLINE_CURVE_WITH_KNOTS('',5,(#1538,#1539,#1540,#1541,#1542,
    #1543),.UNSPECIFIED.,.F.,.F.,(6,6),(0.,1.),
  .PIECEWISE_BEZIER_KNOTS.);
#1538 = CARTESIAN_POINT('',(10.16000040531,6.2822595503));
#1539 = CARTESIAN_POINT('',(8.65406172018,6.7169508505));
#1540 = CARTESIAN_POINT('',(7.13807633933,7.1168384001));
#1541 = CARTESIAN_POINT('',(5.6130297018,7.4812939796));
#1542 = CARTESIAN_POINT('',(4.07996752473,7.8097701913));
#1543 = CARTESIAN_POINT('',(2.54,8.1018183483));
#1544 = ( GEOMETRIC_REPRESENTATION_CONTEXT(2) 
PARAMETRIC_REPRESENTATION_CONTEXT() REPRESENTATION_CONTEXT('2D SPACE',''
  ) );
#1545 = ORIENTED_EDGE('',*,*,#1546,.T.);
#1546 = EDGE_CURVE('',#1510,#1547,#1549,.T.);
#1547 = VERTEX_POINT('',#1548);
#1548 = CARTESIAN_POINT('',(-12.70000040531,7.620000162125,
    -126.0039042031));
#1549 = SURFACE_CURVE('',#1550,(#1565,#1594),.PCURVE_S1.);
#1550 = B_SPLINE_CURVE_WITH_KNOTS('',7,(#1551,#1552,#1553,#1554,#1555,
    #1556,#1557,#1558,#1559,#1560,#1561,#1562,#1563,#1564),
  .UNSPECIFIED.,.F.,.F.,(8,6,8),(0.,1.,1.984097265991),.UNSPECIFIED.);
#1551 = CARTESIAN_POINT('',(-15.24000040531,5.080000162125,
    -125.5631195703));
#1552 = CARTESIAN_POINT('',(-14.95721177243,5.080000162125,
    -125.6167492071));
#1553 = CARTESIAN_POINT('',(-14.67391668484,5.116731890801,
    -125.6692871864));
#1554 = CARTESIAN_POINT('',(-14.39575598243,5.190429345639,
    -125.7196581415));
#1555 = CARTESIAN_POINT('',(-14.1283217385,5.300290300011,
    -125.7669384541));
#1556 = CARTESIAN_POINT('',(-13.87706415793,5.444575002045,
    -125.810370261));
#1557 = CARTESIAN_POINT('',(-13.64733422144,5.620563897562,
    -125.8493150386));
#1558 = CARTESIAN_POINT('',(-13.24379851894,6.024099600061,
    -125.9166531439));
#1559 = CARTESIAN_POINT('',(-13.0688312979,6.251165774858,
    -125.9452282988));
#1560 = CARTESIAN_POINT('',(-12.92389506869,6.50086553571,-125.968517346
    ));
#1561 = CARTESIAN_POINT('',(-12.81265421978,6.768335191865,
    -125.9861820196));
#1562 = CARTESIAN_POINT('',(-12.73758997735,7.048129288403,
    -125.9980078577));
#1563 = CARTESIAN_POINT('',(-12.70000040531,7.334220606239,
    -126.0039042031));
#1564 = CARTESIAN_POINT('',(-12.70000040531,7.620000162125,
    -126.0039042031));
#1565 = PCURVE('',#322,#1566);
#1566 = DEFINITIONAL_REPRESENTATION('',(#1567),#1593);
#1567 = B_SPLINE_CURVE_WITH_KNOTS('',3,(#1568,#1569,#1570,#1571,#1572,
    #1573,#1574,#1575,#1576,#1577,#1578,#1579,#1580,#1581,#1582,#1583,
    #1584,#1585,#1586,#1587,#1588,#1589,#1590,#1591,#1592),
  .UNSPECIFIED.,.F.,.F.,(4,1,1,1,1,1,1,1,1,1,1,1,1,1,1,1,1,1,1,1,1,1,4),
  (0.,9.018623936321E-02,0.180372478726,0.27055871809,0.360744957453,
    0.450931196816,0.541117436179,0.631303675542,0.721489914906,
    0.811676154269,0.901862393632,0.992048632995,1.082234872358,
    1.172421111722,1.262607351085,1.352793590448,1.442979829811,
    1.533166069175,1.623352308538,1.713538547901,1.803724787264,
    1.893911026627,1.984097265991),.UNSPECIFIED.);
#1568 = CARTESIAN_POINT('',(0.162479668562,0.508000016212));
#1569 = CARTESIAN_POINT('',(0.161857403236,0.507999548167));
#1570 = CARTESIAN_POINT('',(0.160612083707,0.508418655881));
#1571 = CARTESIAN_POINT('',(0.158750768146,0.510302022936));
#1572 = CARTESIAN_POINT('',(0.156905161548,0.513436854046));
#1573 = CARTESIAN_POINT('',(0.155084257101,0.517812262032));
#1574 = CARTESIAN_POINT('',(0.153297001165,0.523412388094));
#1575 = CARTESIAN_POINT('',(0.151552277861,0.530215644324));
#1576 = CARTESIAN_POINT('',(0.149858897695,0.538194761654));
#1577 = CARTESIAN_POINT('',(0.148225574894,0.547316568525));
#1578 = CARTESIAN_POINT('',(0.146660920575,0.557541499736));
#1579 = CARTESIAN_POINT('',(0.145173349091,0.568823849849));
#1580 = CARTESIAN_POINT('',(0.143771271559,0.581108651801));
#1581 = CARTESIAN_POINT('',(0.142462173689,0.59434058129));
#1582 = CARTESIAN_POINT('',(0.141253047654,0.608459909733));
#1583 = CARTESIAN_POINT('',(0.140151396792,0.623389725528));
#1584 = CARTESIAN_POINT('',(0.139163672292,0.639053265673));
#1585 = CARTESIAN_POINT('',(0.138295678252,0.655369356344));
#1586 = CARTESIAN_POINT('',(0.137552458028,0.672253636686));
#1587 = CARTESIAN_POINT('',(0.136938317994,0.689618223089));
#1588 = CARTESIAN_POINT('',(0.13645682319,0.707371828266));
#1589 = CARTESIAN_POINT('',(0.136110771076,0.725419620686));
#1590 = CARTESIAN_POINT('',(0.135902284126,0.743663667763));
#1591 = CARTESIAN_POINT('',(0.135855729556,0.755888758359));
#1592 = CARTESIAN_POINT('',(0.135855792277,0.762000016212));
#1593 = ( GEOMETRIC_REPRESENTATION_CONTEXT(2) 
PARAMETRIC_REPRESENTATION_CONTEXT() REPRESENTATION_CONTEXT('2D SPACE',''
  ) );
#1594 = PCURVE('',#1595,#1600);
#1595 = CYLINDRICAL_SURFACE('',#1596,2.54);
#1596 = AXIS2_PLACEMENT_3D('',#1597,#1598,#1599);
#1597 = CARTESIAN_POINT('',(-15.24000040531,7.620000162125,
    -117.461301222));
#1598 = DIRECTION('',(-3.944304526105E-31,-5.39845945724E-15,-1.));
#1599 = DIRECTION('',(0.707106781187,-0.707106781187,3.817287290175E-15)
  );
#1600 = DEFINITIONAL_REPRESENTATION('',(#1601),#1627);
#1601 = B_SPLINE_CURVE_WITH_KNOTS('',3,(#1602,#1603,#1604,#1605,#1606,
    #1607,#1608,#1609,#1610,#1611,#1612,#1613,#1614,#1615,#1616,#1617,
    #1618,#1619,#1620,#1621,#1622,#1623,#1624,#1625,#1626),
  .UNSPECIFIED.,.F.,.F.,(4,1,1,1,1,1,1,1,1,1,1,1,1,1,1,1,1,1,1,1,1,1,4),
  (0.,9.018623936321E-02,0.180372478726,0.27055871809,0.360744957453,
    0.450931196816,0.541117436179,0.631303675542,0.721489914906,
    0.811676154269,0.901862393632,0.992048632995,1.082234872358,
    1.172421111722,1.262607351085,1.352793590448,1.442979829811,
    1.533166069175,1.623352308538,1.713538547901,1.803724787264,
    1.893911026627,1.984097265991),.UNSPECIFIED.);
#1602 = CARTESIAN_POINT('',(7.068583470577,8.101818348294));
#1603 = CARTESIAN_POINT('',(7.045154756875,8.113104590578));
#1604 = CARTESIAN_POINT('',(6.998275292761,8.135550061519));
#1605 = CARTESIAN_POINT('',(6.927881186498,8.168685213499));
#1606 = CARTESIAN_POINT('',(6.857403974851,8.201131938529));
#1607 = CARTESIAN_POINT('',(6.786833346195,8.232746620487));
#1608 = CARTESIAN_POINT('',(6.716158690695,8.263393231696));
#1609 = CARTESIAN_POINT('',(6.645369699394,8.292944219312));
#1610 = CARTESIAN_POINT('',(6.574457427239,8.321279946393));
#1611 = CARTESIAN_POINT('',(6.503415052891,8.34828850594));
#1612 = CARTESIAN_POINT('',(6.432240083638,8.373865291678));
#1613 = CARTESIAN_POINT('',(6.360932291251,8.397913129507));
#1614 = CARTESIAN_POINT('',(6.289509127063,8.42034052744));
#1615 = CARTESIAN_POINT('',(6.217958069344,8.441067166057));
#1616 = CARTESIAN_POINT('',(6.146261697224,8.460027839136));
#1617 = CARTESIAN_POINT('',(6.074463104143,8.477156539208));
#1618 = CARTESIAN_POINT('',(6.002577313341,8.492396722505));
#1619 = CARTESIAN_POINT('',(5.930617330728,8.505698611337));
#1620 = CARTESIAN_POINT('',(5.858590474986,8.517019912471));
#1621 = CARTESIAN_POINT('',(5.786503026991,8.526325641243));
#1622 = CARTESIAN_POINT('',(5.714362633669,8.533588106728));
#1623 = CARTESIAN_POINT('',(5.642181534411,8.538787146952));
#1624 = CARTESIAN_POINT('',(5.569977742912,8.541909202871));
#1625 = CARTESIAN_POINT('',(5.521846876862,8.542603592452));
#1626 = CARTESIAN_POINT('',(5.497787143783,8.542602981168));
#1627 = ( GEOMETRIC_REPRESENTATION_CONTEXT(2) 
PARAMETRIC_REPRESENTATION_CONTEXT() REPRESENTATION_CONTEXT('2D SPACE',''
  ) );
#1628 = ORIENTED_EDGE('',*,*,#1629,.T.);
#1629 = EDGE_CURVE('',#1547,#1630,#1632,.T.);
#1630 = VERTEX_POINT('',#1631);
#1631 = CARTESIAN_POINT('',(-12.70000040531,15.240000567436,
    -126.0039042031));
#1632 = SURFACE_CURVE('',#1633,(#1639,#1648),.PCURVE_S1.);
#1633 = B_SPLINE_CURVE_WITH_KNOTS('',4,(#1634,#1635,#1636,#1637,#1638),
  .UNSPECIFIED.,.F.,.F.,(5,5),(0.,1.),.PIECEWISE_BEZIER_KNOTS.);
#1634 = CARTESIAN_POINT('',(-12.70000040531,7.620000162125,
    -126.0039042031));
#1635 = CARTESIAN_POINT('',(-12.70000040531,9.525000263452,
    -126.0039042031));
#1636 = CARTESIAN_POINT('',(-12.70000040531,11.430000364781,
    -126.0039042031));
#1637 = CARTESIAN_POINT('',(-12.70000040531,13.335000466108,
    -126.0039042031));
#1638 = CARTESIAN_POINT('',(-12.70000040531,15.240000567436,
    -126.0039042031));
#1639 = PCURVE('',#322,#1640);
#1640 = DEFINITIONAL_REPRESENTATION('',(#1641),#1647);
#1641 = B_SPLINE_CURVE_WITH_KNOTS('',4,(#1642,#1643,#1644,#1645,#1646),
  .UNSPECIFIED.,.F.,.F.,(5,5),(0.,1.),.PIECEWISE_BEZIER_KNOTS.);
#1642 = CARTESIAN_POINT('',(0.135855792277,0.762000016212));
#1643 = CARTESIAN_POINT('',(0.135855792277,0.952500026345));
#1644 = CARTESIAN_POINT('',(0.135855792277,1.143000036478));
#1645 = CARTESIAN_POINT('',(0.135855792277,1.333500046611));
#1646 = CARTESIAN_POINT('',(0.135855792277,1.524000056744));
#1647 = ( GEOMETRIC_REPRESENTATION_CONTEXT(2) 
PARAMETRIC_REPRESENTATION_CONTEXT() REPRESENTATION_CONTEXT('2D SPACE',''
  ) );
#1648 = PCURVE('',#1649,#1654);
#1649 = PLANE('',#1650);
#1650 = AXIS2_PLACEMENT_3D('',#1651,#1652,#1653);
#1651 = CARTESIAN_POINT('',(-12.70000040531,17.780000567436,
    -117.461301222));
#1652 = DIRECTION('',(1.,-2.129316807119E-45,-3.944304526105E-31));
#1653 = DIRECTION('',(-3.92672264033E-58,-1.,5.39845945724E-15));
#1654 = DEFINITIONAL_REPRESENTATION('',(#1655),#1661);
#1655 = B_SPLINE_CURVE_WITH_KNOTS('',4,(#1656,#1657,#1658,#1659,#1660),
  .UNSPECIFIED.,.F.,.F.,(5,5),(0.,1.),.PIECEWISE_BEZIER_KNOTS.);
#1656 = CARTESIAN_POINT('',(10.160000405311,8.5426029811));
#1657 = CARTESIAN_POINT('',(8.255000303984,8.5426029811));
#1658 = CARTESIAN_POINT('',(6.350000202655,8.5426029811));
#1659 = CARTESIAN_POINT('',(4.445000101328,8.5426029811));
#1660 = CARTESIAN_POINT('',(2.54,8.5426029811));
#1661 = ( GEOMETRIC_REPRESENTATION_CONTEXT(2) 
PARAMETRIC_REPRESENTATION_CONTEXT() REPRESENTATION_CONTEXT('2D SPACE',''
  ) );
#1662 = ORIENTED_EDGE('',*,*,#1663,.T.);
#1663 = EDGE_CURVE('',#1630,#1279,#1664,.T.);
#1664 = SURFACE_CURVE('',#1665,(#1674,#1703),.PCURVE_S1.);
#1665 = B_SPLINE_CURVE_WITH_KNOTS('',4,(#1666,#1667,#1668,#1669,#1670,
    #1671,#1672,#1673),.UNSPECIFIED.,.F.,.F.,(5,3,5),(0.,1.,
    2.015933671566),.UNSPECIFIED.);
#1666 = CARTESIAN_POINT('',(-12.70000040531,15.240000567436,
    -126.0039042031));
#1667 = CARTESIAN_POINT('',(-12.70000040531,15.740242026597,
    -126.0039042031));
#1668 = CARTESIAN_POINT('',(-12.83142447678,16.240813209298,
    -125.9832847224));
#1669 = CARTESIAN_POINT('',(-13.09362104468,16.68572365524,
    -125.9417132972));
#1670 = CARTESIAN_POINT('',(-13.79985933097,17.391961941526,
    -125.8238631348));
#1671 = CARTESIAN_POINT('',(-14.24802903705,17.651638764277,
    -125.7470253675));
#1672 = CARTESIAN_POINT('',(-14.74550577621,17.780000567436,
    -125.6568983304));
#1673 = CARTESIAN_POINT('',(-15.24000040531,17.780000567436,
    -125.5631195703));
#1674 = PCURVE('',#322,#1675);
#1675 = DEFINITIONAL_REPRESENTATION('',(#1676),#1702);
#1676 = B_SPLINE_CURVE_WITH_KNOTS('',3,(#1677,#1678,#1679,#1680,#1681,
    #1682,#1683,#1684,#1685,#1686,#1687,#1688,#1689,#1690,#1691,#1692,
    #1693,#1694,#1695,#1696,#1697,#1698,#1699,#1700,#1701),
  .UNSPECIFIED.,.F.,.F.,(4,1,1,1,1,1,1,1,1,1,1,1,1,1,1,1,1,1,1,1,1,1,4),
  (0.,9.163334870754E-02,0.183266697415,0.274900046123,0.36653339483,
    0.458166743538,0.549800092245,0.641433440953,0.73306678966,
    0.824700138368,0.916333487075,1.007966835783,1.099600184491,
    1.191233533198,1.282866881906,1.374500230613,1.466133579321,
    1.557766928028,1.649400276736,1.741033625443,1.832666974151,
    1.924300322858,2.015933671566),.UNSPECIFIED.);
#1677 = CARTESIAN_POINT('',(0.135855792277,1.524000056744));
#1678 = CARTESIAN_POINT('',(0.135855728734,1.530112137438));
#1679 = CARTESIAN_POINT('',(0.135902225385,1.542336492268));
#1680 = CARTESIAN_POINT('',(0.136110509204,1.560574828702));
#1681 = CARTESIAN_POINT('',(0.136456298384,1.578615060014));
#1682 = CARTESIAN_POINT('',(0.136937513336,1.596361242993));
#1683 = CARTESIAN_POINT('',(0.137551390552,1.613720032539));
#1684 = CARTESIAN_POINT('',(0.138294388794,1.630601054348));
#1685 = CARTESIAN_POINT('',(0.139162215543,1.646916782155));
#1686 = CARTESIAN_POINT('',(0.140149831751,1.662582656078));
#1687 = CARTESIAN_POINT('',(0.141251426347,1.677516732001));
#1688 = CARTESIAN_POINT('',(0.142460536516,1.691640965701));
#1689 = CARTESIAN_POINT('',(0.143769618033,1.704876426951));
#1690 = CARTESIAN_POINT('',(0.145171701839,1.717161472742));
#1691 = CARTESIAN_POINT('',(0.146659276845,1.728444325428));
#1692 = CARTESIAN_POINT('',(0.148223949936,1.738671061104));
#1693 = CARTESIAN_POINT('',(0.149857370813,1.747795991091));
#1694 = CARTESIAN_POINT('',(0.151550987484,1.755778881207));
#1695 = CARTESIAN_POINT('',(0.153296114903,1.762585693195));
#1696 = CARTESIAN_POINT('',(0.155083919016,1.768188399734));
#1697 = CARTESIAN_POINT('',(0.156905424671,1.772564982975));
#1698 = CARTESIAN_POINT('',(0.158751511278,1.775699625383));
#1699 = CARTESIAN_POINT('',(0.160612932065,1.777581947832));
#1700 = CARTESIAN_POINT('',(0.16185781042,1.778000560204));
#1701 = CARTESIAN_POINT('',(0.162479668562,1.778000056744));
#1702 = ( GEOMETRIC_REPRESENTATION_CONTEXT(2) 
PARAMETRIC_REPRESENTATION_CONTEXT() REPRESENTATION_CONTEXT('2D SPACE',''
  ) );
#1703 = PCURVE('',#1704,#1709);
#1704 = CYLINDRICAL_SURFACE('',#1705,2.54);
#1705 = AXIS2_PLACEMENT_3D('',#1706,#1707,#1708);
#1706 = CARTESIAN_POINT('',(-15.24000040531,15.240000567436,
    -117.461301222));
#1707 = DIRECTION('',(-3.944304526105E-31,-5.39845945724E-15,-1.));
#1708 = DIRECTION('',(0.707106781187,0.707106781187,-3.817287290175E-15)
  );
#1709 = DEFINITIONAL_REPRESENTATION('',(#1710),#1736);
#1710 = B_SPLINE_CURVE_WITH_KNOTS('',3,(#1711,#1712,#1713,#1714,#1715,
    #1716,#1717,#1718,#1719,#1720,#1721,#1722,#1723,#1724,#1725,#1726,
    #1727,#1728,#1729,#1730,#1731,#1732,#1733,#1734,#1735),
  .UNSPECIFIED.,.F.,.F.,(4,1,1,1,1,1,1,1,1,1,1,1,1,1,1,1,1,1,1,1,1,1,4),
  (0.,9.163334870754E-02,0.183266697415,0.274900046123,0.36653339483,
    0.458166743538,0.549800092245,0.641433440953,0.73306678966,
    0.824700138368,0.916333487075,1.007966835783,1.099600184491,
    1.191233533198,1.282866881906,1.374500230613,1.466133579321,
    1.557766928028,1.649400276736,1.741033625443,1.832666974151,
    1.924300322858,2.015933671566),.UNSPECIFIED.);
#1711 = CARTESIAN_POINT('',(7.068583470577,8.542602981168));
#1712 = CARTESIAN_POINT('',(7.04452042812,8.542603601108));
#1713 = CARTESIAN_POINT('',(6.996392602576,8.541909946854));
#1714 = CARTESIAN_POINT('',(6.924212295235,8.538790532352));
#1715 = CARTESIAN_POINT('',(6.85206287807,8.533595015558));
#1716 = CARTESIAN_POINT('',(6.77995398809,8.526336441897));
#1717 = CARTESIAN_POINT('',(6.707891602273,8.517034552604));
#1718 = CARTESIAN_POINT('',(6.635879633347,8.505716726789));
#1719 = CARTESIAN_POINT('',(6.563923180145,8.492417731992));
#1720 = CARTESIAN_POINT('',(6.492030801478,8.477179779881));
#1721 = CARTESIAN_POINT('',(6.420218990359,8.460052552904));
#1722 = CARTESIAN_POINT('',(6.348507650404,8.441093041995));
#1723 = CARTESIAN_POINT('',(6.27694710142,8.42036616909));
#1724 = CARTESIAN_POINT('',(6.205523005561,8.397942421491));
#1725 = CARTESIAN_POINT('',(6.134213099672,8.373899243794));
#1726 = CARTESIAN_POINT('',(6.063032727649,8.348323905653));
#1727 = CARTESIAN_POINT('',(5.991980509883,8.321312080424));
#1728 = CARTESIAN_POINT('',(5.921053789255,8.292968227426));
#1729 = CARTESIAN_POINT('',(5.850245986663,8.263405484238));
#1730 = CARTESIAN_POINT('',(5.779549286222,8.232745715258));
#1731 = CARTESIAN_POINT('',(5.70895612244,8.201119425169));
#1732 = CARTESIAN_POINT('',(5.638461405394,8.168666056516));
#1733 = CARTESIAN_POINT('',(5.568063491767,8.135532885928));
#1734 = CARTESIAN_POINT('',(5.521200599481,8.113097056414));
#1735 = CARTESIAN_POINT('',(5.497787143783,8.101818348294));
#1736 = ( GEOMETRIC_REPRESENTATION_CONTEXT(2) 
PARAMETRIC_REPRESENTATION_CONTEXT() REPRESENTATION_CONTEXT('2D SPACE',''
  ) );
#1737 = FACE_BOUND('',#1738,.T.);
#1738 = EDGE_LOOP('',(#1739,#1784,#1956,#1990,#2162,#2239,#2277,#2435,
    #2469,#2627));
#1739 = ORIENTED_EDGE('',*,*,#1740,.T.);
#1740 = EDGE_CURVE('',#1741,#1743,#1745,.T.);
#1741 = VERTEX_POINT('',#1742);
#1742 = CARTESIAN_POINT('',(5.887949608084E-10,30.099001013279,
    -127.0000019073));
#1743 = VERTEX_POINT('',#1744);
#1744 = CARTESIAN_POINT('',(1.054941181797,30.480000972748,
    -126.9931518148));
#1745 = SURFACE_CURVE('',#1746,(#1755,#1767),.PCURVE_S1.);
#1746 = B_SPLINE_CURVE_WITH_KNOTS('',4,(#1747,#1748,#1749,#1750,#1751,
    #1752,#1753,#1754),.UNSPECIFIED.,.F.,.F.,(5,3,5),(0.,0.584777635062,
    1.),.UNSPECIFIED.);
#1747 = CARTESIAN_POINT('',(-1.054941181797,30.480000972748,
    -126.9931518148));
#1748 = CARTESIAN_POINT('',(-0.797996769558,30.266566930817,
    -126.9964869017));
#1749 = CARTESIAN_POINT('',(-0.48086429815,30.121160968666,
    -126.9995521308));
#1750 = CARTESIAN_POINT('',(-0.137820857861,30.071104774489,
    -127.000559986));
#1751 = CARTESIAN_POINT('',(0.430204123753,30.138437968514,
    -126.9992017871));
#1752 = CARTESIAN_POINT('',(0.660671071598,30.211616235952,
    -126.9977316041));
#1753 = CARTESIAN_POINT('',(0.872509100969,30.328461516997,
    -126.9955197466));
#1754 = CARTESIAN_POINT('',(1.054941181797,30.480000972748,
    -126.9931518148));
#1755 = PCURVE('',#322,#1756);
#1756 = DEFINITIONAL_REPRESENTATION('',(#1757),#1766);
#1757 = B_SPLINE_CURVE_WITH_KNOTS('',4,(#1758,#1759,#1760,#1761,#1762,
    #1763,#1764,#1765),.UNSPECIFIED.,.F.,.F.,(5,3,5),(0.499650440311,
    0.58478665512,1.),.UNSPECIFIED.);
#1758 = CARTESIAN_POINT('',(-3.618355566342E-11,3.009898118677));
#1759 = CARTESIAN_POINT('',(-5.323363024618E-04,3.009898703815));
#1760 = CARTESIAN_POINT('',(-1.064614186606E-03,3.010091012021));
#1761 = CARTESIAN_POINT('',(-1.595549008883E-03,3.010474710265));
#1762 = CARTESIAN_POINT('',(-4.700242441156E-03,3.013843796851));
#1763 = CARTESIAN_POINT('',(-7.214481548598E-03,3.021161623595));
#1764 = CARTESIAN_POINT('',(-9.522474829948E-03,3.0328461517));
#1765 = CARTESIAN_POINT('',(-1.15084856407E-02,3.048000097275));
#1766 = ( GEOMETRIC_REPRESENTATION_CONTEXT(2) 
PARAMETRIC_REPRESENTATION_CONTEXT() REPRESENTATION_CONTEXT('2D SPACE',''
  ) );
#1767 = PCURVE('',#1768,#1773);
#1768 = CYLINDRICAL_SURFACE('',#1769,1.651);
#1769 = AXIS2_PLACEMENT_3D('',#1770,#1771,#1772);
#1770 = CARTESIAN_POINT('',(0.,31.750001013279,-38.10000190734));
#1771 = DIRECTION('',(0.,0.,-1.));
#1772 = DIRECTION('',(0.638971036824,-0.76923079378,0.));
#1773 = DEFINITIONAL_REPRESENTATION('',(#1774),#1783);
#1774 = B_SPLINE_CURVE_WITH_KNOTS('',4,(#1775,#1776,#1777,#1778,#1779,
    #1780,#1781,#1782),.UNSPECIFIED.,.F.,.F.,(5,3,5),(0.499650440311,
    0.58478913884,1.),.UNSPECIFIED.);
#1775 = CARTESIAN_POINT('',(0.693159867152,88.899994948511));
#1776 = CARTESIAN_POINT('',(0.663659786768,88.899995358832));
#1777 = CARTESIAN_POINT('',(0.634163740675,88.899956910314));
#1778 = CARTESIAN_POINT('',(0.604669096784,88.899879472875));
#1779 = CARTESIAN_POINT('',(0.431314273641,88.899199879811));
#1780 = CARTESIAN_POINT('',(0.287521826529,88.897729696836));
#1781 = CARTESIAN_POINT('',(0.143647303154,88.895517839306));
#1782 = CARTESIAN_POINT('',(0.,88.893149907549));
#1783 = ( GEOMETRIC_REPRESENTATION_CONTEXT(2) 
PARAMETRIC_REPRESENTATION_CONTEXT() REPRESENTATION_CONTEXT('2D SPACE',''
  ) );
#1784 = ORIENTED_EDGE('',*,*,#1785,.T.);
#1785 = EDGE_CURVE('',#1743,#1786,#1788,.T.);
#1786 = VERTEX_POINT('',#1787);
#1787 = CARTESIAN_POINT('',(3.810000121593,30.480000972748,
    -126.910669795));
#1788 = SURFACE_CURVE('',#1789,(#1841,#1896),.PCURVE_S1.);
#1789 = B_SPLINE_CURVE_WITH_KNOTS('',8,(#1790,#1791,#1792,#1793,#1794,
    #1795,#1796,#1797,#1798,#1799,#1800,#1801,#1802,#1803,#1804,#1805,
    #1806,#1807,#1808,#1809,#1810,#1811,#1812,#1813,#1814,#1815,#1816,
    #1817,#1818,#1819,#1820,#1821,#1822,#1823,#1824,#1825,#1826,#1827,
    #1828,#1829,#1830,#1831,#1832,#1833,#1834,#1835,#1836,#1837,#1838,
    #1839,#1840),.UNSPECIFIED.,.F.,.F.,(9,7,7,7,7,7,7,9),(0.,
    0.468736376048,0.614756378535,0.693055583054,0.850563837468,
    0.887598382939,0.900363441423,1.),.UNSPECIFIED.);
#1790 = CARTESIAN_POINT('',(-96.92022078453,30.480000972748,
    -38.10000190734));
#1791 = CARTESIAN_POINT('',(-94.662812861,30.480000972748,
    -47.07262589836));
#1792 = CARTESIAN_POINT('',(-91.77888779848,30.480000972748,
    -55.88171852387));
#1793 = CARTESIAN_POINT('',(-88.26049081521,30.480000972748,
    -64.48094298835));
#1794 = CARTESIAN_POINT('',(-84.09674771161,30.480000972748,
    -72.80662064739));
#1795 = CARTESIAN_POINT('',(-79.2798237227,30.480000972748,
    -80.7807739774));
#1796 = CARTESIAN_POINT('',(-73.80744834181,30.480000972748,
    -88.31236011061));
#1797 = CARTESIAN_POINT('',(-67.68605609415,30.480000972748,
    -95.29895358399));
#1798 = CARTESIAN_POINT('',(-58.82717407837,30.480000972748,
    -103.5980655763));
#1799 = CARTESIAN_POINT('',(-56.66234306398,30.480000972748,
    -105.5046082653));
#1800 = CARTESIAN_POINT('',(-54.43779554648,30.480000972748,
    -107.3427695323));
#1801 = CARTESIAN_POINT('',(-52.15469861525,30.480000972748,
    -109.1087304471));
#1802 = CARTESIAN_POINT('',(-49.81450556975,30.480000972748,
    -110.7985677619));
#1803 = CARTESIAN_POINT('',(-47.41898948001,30.480000972748,
    -112.4082992075));
#1804 = CARTESIAN_POINT('',(-44.97028253516,30.480000972748,
    -113.9339370945));
#1805 = CARTESIAN_POINT('',(-41.13070749311,30.480000972748,
    -116.1424306619));
#1806 = CARTESIAN_POINT('',(-39.77593241476,30.480000972748,
    -116.8879988998));
#1807 = CARTESIAN_POINT('',(-38.40699194387,30.480000972748,
    -117.6076468064));
#1808 = CARTESIAN_POINT('',(-37.02431345355,30.480000972748,
    -118.3007724577));
#1809 = CARTESIAN_POINT('',(-35.62835733489,30.480000972748,
    -118.9667835493));
#1810 = CARTESIAN_POINT('',(-34.21961864058,30.480000972748,
    -119.6051008138));
#1811 = CARTESIAN_POINT('',(-32.79862872853,30.480000972748,
    -120.2151614374));
#1812 = CARTESIAN_POINT('',(-28.48396545533,30.480000972748,
    -121.9656988746));
#1813 = CARTESIAN_POINT('',(-25.55449644049,30.480000972748,
    -123.0185186045));
#1814 = CARTESIAN_POINT('',(-22.58240387829,30.480000972748,
    -123.9503399335));
#1815 = CARTESIAN_POINT('',(-19.57294556002,30.480000972748,
    -124.7571096131));
#1816 = CARTESIAN_POINT('',(-16.53179497034,30.480000972748,
    -125.4353131639));
#1817 = CARTESIAN_POINT('',(-13.4650601353,30.480000972748,
    -125.9820569845));
#1818 = CARTESIAN_POINT('',(-10.37930939927,30.480000972748,
    -126.3951822867));
#1819 = CARTESIAN_POINT('',(-6.553247975117,30.480000972748,
    -126.7388300835));
#1820 = CARTESIAN_POINT('',(-5.824222148119,30.480000972748,
    -126.7967923753));
#1821 = CARTESIAN_POINT('',(-5.094615213637,30.480000972748,
    -126.8472810769));
#1822 = CARTESIAN_POINT('',(-4.364516101258,30.480000972748,
    -126.8902821942));
#1823 = CARTESIAN_POINT('',(-3.634014106055,30.480000972748,
    -126.9257843924));
#1824 = CARTESIAN_POINT('',(-2.903198888585,30.480000972748,
    -126.9537789959));
#1825 = CARTESIAN_POINT('',(-2.17216047489,30.480000972748,
    -126.9742599882));
#1826 = CARTESIAN_POINT('',(-1.188969331699,30.480000972748,
    -126.991692449));
#1827 = CARTESIAN_POINT('',(-0.936933597485,30.480000972748,
    -126.9952678416));
#1828 = CARTESIAN_POINT('',(-0.684885764314,30.480000972748,
    -126.9979500545));
#1829 = CARTESIAN_POINT('',(-0.432829530009,30.480000972748,
    -126.9997389903));
#1830 = CARTESIAN_POINT('',(-0.180768579754,30.480000972748,
    -127.0006345895));
#1831 = CARTESIAN_POINT('',(7.129341390337E-02,30.480000972748,
    -127.0006368302));
#1832 = CARTESIAN_POINT('',(0.323352791053,30.480000972748,
    -126.9997457288));
#1833 = CARTESIAN_POINT('',(2.542784653712,30.480000972748,
    -126.9840334417));
#1834 = CARTESIAN_POINT('',(4.509803775212,30.480000972748,
    -126.9156822453));
#1835 = CARTESIAN_POINT('',(6.474671423213,30.480000972748,
    -126.7929314231));
#1836 = CARTESIAN_POINT('',(8.435632540148,30.480000972748,
    -126.6159512546));
#1837 = CARTESIAN_POINT('',(10.390968068918,30.480000972748,
    -126.3850501908));
#1838 = CARTESIAN_POINT('',(12.338994371685,30.480000972748,
    -126.1006685177));
#1839 = CARTESIAN_POINT('',(14.278062855119,30.480000972748,
    -125.7633741207));
#1840 = CARTESIAN_POINT('',(16.206559802102,30.480000972748,
    -125.373860347));
#1841 = PCURVE('',#322,#1842);
#1842 = DEFINITIONAL_REPRESENTATION('',(#1843),#1895);
#1843 = B_SPLINE_CURVE_WITH_KNOTS('',8,(#1844,#1845,#1846,#1847,#1848,
    #1849,#1850,#1851,#1852,#1853,#1854,#1855,#1856,#1857,#1858,#1859,
    #1860,#1861,#1862,#1863,#1864,#1865,#1866,#1867,#1868,#1869,#1870,
    #1871,#1872,#1873,#1874,#1875,#1876,#1877,#1878,#1879,#1880,#1881,
    #1882,#1883,#1884,#1885,#1886,#1887,#1888,#1889,#1890,#1891,#1892,
    #1893,#1894),.UNSPECIFIED.,.F.,.F.,(9,7,7,7,7,7,7,9),(0.,
    0.468736376048,0.614756378535,0.693055583054,0.850563837468,
    0.887598382939,0.900363441423,1.),.UNSPECIFIED.);
#1844 = CARTESIAN_POINT('',(1.250119089371,3.048000097275));
#1845 = CARTESIAN_POINT('',(1.17568619078,3.048000097275));
#1846 = CARTESIAN_POINT('',(1.102172637607,3.048000097275));
#1847 = CARTESIAN_POINT('',(1.028961023804,3.048000097275));
#1848 = CARTESIAN_POINT('',(0.955559223468,3.048000097275));
#1849 = CARTESIAN_POINT('',(0.88150370713,3.048000097275));
#1850 = CARTESIAN_POINT('',(0.806318173852,3.048000097275));
#1851 = CARTESIAN_POINT('',(0.729476026232,3.048000097275));
#1852 = CARTESIAN_POINT('',(0.625647906135,3.048000097275));
#1853 = CARTESIAN_POINT('',(0.600770321887,3.048000097275));
#1854 = CARTESIAN_POINT('',(0.57566112614,3.048000097275));
#1855 = CARTESIAN_POINT('',(0.550304814609,3.048000097275));
#1856 = CARTESIAN_POINT('',(0.524686065079,3.048000097275));
#1857 = CARTESIAN_POINT('',(0.498789761017,3.048000097275));
#1858 = CARTESIAN_POINT('',(0.472601152833,3.048000097275));
#1859 = CARTESIAN_POINT('',(0.431898944941,3.048000097275));
#1860 = CARTESIAN_POINT('',(0.417603672467,3.048000097275));
#1861 = CARTESIAN_POINT('',(0.403218223084,3.048000097275));
#1862 = CARTESIAN_POINT('',(0.38874050891,3.048000097275));
#1863 = CARTESIAN_POINT('',(0.374168488114,3.048000097275));
#1864 = CARTESIAN_POINT('',(0.359500182542,3.048000097275));
#1865 = CARTESIAN_POINT('',(0.344733695349,3.048000097275));
#1866 = CARTESIAN_POINT('',(0.299961545202,3.048000097275));
#1867 = CARTESIAN_POINT('',(0.269649164273,3.048000097275));
#1868 = CARTESIAN_POINT('',(0.238917741243,3.048000097275));
#1869 = CARTESIAN_POINT('',(0.207754409774,3.048000097275));
#1870 = CARTESIAN_POINT('',(0.176146152732,3.048000097275));
#1871 = CARTESIAN_POINT('',(0.144080624261,3.048000097275));
#1872 = CARTESIAN_POINT('',(0.111547422986,3.048000097275));
#1873 = CARTESIAN_POINT('',(7.077881540823E-02,3.048000097275));
#1874 = CARTESIAN_POINT('',(6.299149495051E-02,3.048000097275));
#1875 = CARTESIAN_POINT('',(5.517773109703E-02,3.048000097275));
#1876 = CARTESIAN_POINT('',(4.733740051836E-02,3.048000097275));
#1877 = CARTESIAN_POINT('',(3.94703804252E-02,3.048000097275));
#1878 = CARTESIAN_POINT('',(3.15765485684E-02,3.048000097275));
#1879 = CARTESIAN_POINT('',(2.365578323894E-02,3.048000097275));
#1880 = CARTESIAN_POINT('',(1.296851053647E-02,3.048000097275));
#1881 = CARTESIAN_POINT('',(1.022669490872E-02,3.048000097275));
#1882 = CARTESIAN_POINT('',(7.480867165131E-03,3.048000097275));
#1883 = CARTESIAN_POINT('',(4.730563667108E-03,3.048000097275));
#1884 = CARTESIAN_POINT('',(1.976506357033E-03,3.048000097275));
#1885 = CARTESIAN_POINT('',(-7.793972417477E-04,3.048000097275));
#1886 = CARTESIAN_POINT('',(-3.534054024917E-03,3.048000097275));
#1887 = CARTESIAN_POINT('',(-2.774129146378E-02,3.048000097275));
#1888 = CARTESIAN_POINT('',(-4.900303585688E-02,3.048000097275));
#1889 = CARTESIAN_POINT('',(-7.007041205237E-02,3.048000097275));
#1890 = CARTESIAN_POINT('',(-9.094577187781E-02,3.048000097275));
#1891 = CARTESIAN_POINT('',(-0.111631665349,3.048000097275));
#1892 = CARTESIAN_POINT('',(-0.132130704978,3.048000097275));
#1893 = CARTESIAN_POINT('',(-0.152445454467,3.048000097275));
#1894 = CARTESIAN_POINT('',(-0.172578341782,3.048000097275));
#1895 = ( GEOMETRIC_REPRESENTATION_CONTEXT(2) 
PARAMETRIC_REPRESENTATION_CONTEXT() REPRESENTATION_CONTEXT('2D SPACE',''
  ) );
#1896 = PCURVE('',#1897,#1902);
#1897 = PLANE('',#1898);
#1898 = AXIS2_PLACEMENT_3D('',#1899,#1900,#1901);
#1899 = CARTESIAN_POINT('',(3.810000121593,30.480000972748,
    -38.10000190734));
#1900 = DIRECTION('',(0.,-1.,0.));
#1901 = DIRECTION('',(-1.,0.,0.));
#1902 = DEFINITIONAL_REPRESENTATION('',(#1903),#1955);
#1903 = B_SPLINE_CURVE_WITH_KNOTS('',8,(#1904,#1905,#1906,#1907,#1908,
    #1909,#1910,#1911,#1912,#1913,#1914,#1915,#1916,#1917,#1918,#1919,
    #1920,#1921,#1922,#1923,#1924,#1925,#1926,#1927,#1928,#1929,#1930,
    #1931,#1932,#1933,#1934,#1935,#1936,#1937,#1938,#1939,#1940,#1941,
    #1942,#1943,#1944,#1945,#1946,#1947,#1948,#1949,#1950,#1951,#1952,
    #1953,#1954),.UNSPECIFIED.,.F.,.F.,(9,7,7,7,7,7,7,9),(0.,
    0.468736376048,0.614756378535,0.693055583054,0.850563837468,
    0.887598382939,0.900363441423,1.),.UNSPECIFIED.);
#1904 = CARTESIAN_POINT('',(100.73022090612,0.));
#1905 = CARTESIAN_POINT('',(98.472812982593,8.97262399102));
#1906 = CARTESIAN_POINT('',(95.588887920073,17.78171661653));
#1907 = CARTESIAN_POINT('',(92.070490936803,26.38094108101));
#1908 = CARTESIAN_POINT('',(87.906747833203,34.70661874005));
#1909 = CARTESIAN_POINT('',(83.089823844293,42.68077207006));
#1910 = CARTESIAN_POINT('',(77.617448463403,50.21235820327));
#1911 = CARTESIAN_POINT('',(71.496056215743,57.19895167665));
#1912 = CARTESIAN_POINT('',(62.637174199963,65.49806366896));
#1913 = CARTESIAN_POINT('',(60.472343185573,67.40460635796));
#1914 = CARTESIAN_POINT('',(58.247795668073,69.24276762496));
#1915 = CARTESIAN_POINT('',(55.964698736843,71.00872853976));
#1916 = CARTESIAN_POINT('',(53.624505691343,72.69856585456));
#1917 = CARTESIAN_POINT('',(51.228989601603,74.30829730016));
#1918 = CARTESIAN_POINT('',(48.780282656753,75.83393518716));
#1919 = CARTESIAN_POINT('',(44.940707614703,78.04242875456));
#1920 = CARTESIAN_POINT('',(43.585932536353,78.78799699246));
#1921 = CARTESIAN_POINT('',(42.216992065463,79.50764489906));
#1922 = CARTESIAN_POINT('',(40.834313575143,80.20077055036));
#1923 = CARTESIAN_POINT('',(39.438357456483,80.86678164196));
#1924 = CARTESIAN_POINT('',(38.029618762173,81.50509890646));
#1925 = CARTESIAN_POINT('',(36.608628850123,82.11515953006));
#1926 = CARTESIAN_POINT('',(32.293965576923,83.86569696726));
#1927 = CARTESIAN_POINT('',(29.364496562083,84.91851669716));
#1928 = CARTESIAN_POINT('',(26.392403999883,85.85033802616));
#1929 = CARTESIAN_POINT('',(23.382945681613,86.65710770576));
#1930 = CARTESIAN_POINT('',(20.341795091933,87.33531125656));
#1931 = CARTESIAN_POINT('',(17.275060256893,87.88205507716));
#1932 = CARTESIAN_POINT('',(14.189309520863,88.29518037936));
#1933 = CARTESIAN_POINT('',(10.36324809671,88.63882817616));
#1934 = CARTESIAN_POINT('',(9.634222269712,88.69679046796));
#1935 = CARTESIAN_POINT('',(8.90461533523,88.74727916956));
#1936 = CARTESIAN_POINT('',(8.174516222851,88.79028028686));
#1937 = CARTESIAN_POINT('',(7.444014227648,88.82578248506));
#1938 = CARTESIAN_POINT('',(6.713199010178,88.85377708856));
#1939 = CARTESIAN_POINT('',(5.982160596483,88.87425808086));
#1940 = CARTESIAN_POINT('',(4.998969453292,88.89169054166));
#1941 = CARTESIAN_POINT('',(4.746933719078,88.89526593426));
#1942 = CARTESIAN_POINT('',(4.494885885907,88.89794814716));
#1943 = CARTESIAN_POINT('',(4.242829651602,88.89973708296));
#1944 = CARTESIAN_POINT('',(3.990768701347,88.90063268216));
#1945 = CARTESIAN_POINT('',(3.73870670769,88.90063492286));
#1946 = CARTESIAN_POINT('',(3.48664733054,88.89974382146));
#1947 = CARTESIAN_POINT('',(1.267215467881,88.88403153436));
#1948 = CARTESIAN_POINT('',(-0.699803653619,88.81568033796));
#1949 = CARTESIAN_POINT('',(-2.66467130162,88.69292951576));
#1950 = CARTESIAN_POINT('',(-4.625632418555,88.51594934726));
#1951 = CARTESIAN_POINT('',(-6.580967947325,88.28504828346));
#1952 = CARTESIAN_POINT('',(-8.528994250092,88.00066661036));
#1953 = CARTESIAN_POINT('',(-10.46806273352,87.66337221336));
#1954 = CARTESIAN_POINT('',(-12.3965596805,87.27385843966));
#1955 = ( GEOMETRIC_REPRESENTATION_CONTEXT(2) 
PARAMETRIC_REPRESENTATION_CONTEXT() REPRESENTATION_CONTEXT('2D SPACE',''
  ) );
#1956 = ORIENTED_EDGE('',*,*,#1957,.T.);
#1957 = EDGE_CURVE('',#1786,#1958,#1960,.T.);
#1958 = VERTEX_POINT('',#1959);
#1959 = CARTESIAN_POINT('',(3.810000121593,33.02000105381,-126.910669795
    ));
#1960 = SURFACE_CURVE('',#1961,(#1967,#1976),.PCURVE_S1.);
#1961 = B_SPLINE_CURVE_WITH_KNOTS('',4,(#1962,#1963,#1964,#1965,#1966),
  .UNSPECIFIED.,.F.,.F.,(5,5),(0.,1.),.PIECEWISE_BEZIER_KNOTS.);
#1962 = CARTESIAN_POINT('',(3.810000121593,30.480000972748,
    -126.910669795));
#1963 = CARTESIAN_POINT('',(3.810000121593,31.115000993013,
    -126.910669795));
#1964 = CARTESIAN_POINT('',(3.810000121593,31.750001013278,
    -126.910669795));
#1965 = CARTESIAN_POINT('',(3.810000121593,32.385001033545,
    -126.910669795));
#1966 = CARTESIAN_POINT('',(3.810000121593,33.02000105381,-126.910669795
    ));
#1967 = PCURVE('',#322,#1968);
#1968 = DEFINITIONAL_REPRESENTATION('',(#1969),#1975);
#1969 = B_SPLINE_CURVE_WITH_KNOTS('',4,(#1970,#1971,#1972,#1973,#1974),
  .UNSPECIFIED.,.F.,.F.,(5,5),(0.,1.),.PIECEWISE_BEZIER_KNOTS.);
#1970 = CARTESIAN_POINT('',(-4.134546041765E-02,3.048000097275));
#1971 = CARTESIAN_POINT('',(-4.134546041765E-02,3.111500099301));
#1972 = CARTESIAN_POINT('',(-4.134546041765E-02,3.175000101328));
#1973 = CARTESIAN_POINT('',(-4.134546041765E-02,3.238500103354));
#1974 = CARTESIAN_POINT('',(-4.134546041765E-02,3.302000105381));
#1975 = ( GEOMETRIC_REPRESENTATION_CONTEXT(2) 
PARAMETRIC_REPRESENTATION_CONTEXT() REPRESENTATION_CONTEXT('2D SPACE',''
  ) );
#1976 = PCURVE('',#1977,#1982);
#1977 = PLANE('',#1978);
#1978 = AXIS2_PLACEMENT_3D('',#1979,#1980,#1981);
#1979 = CARTESIAN_POINT('',(3.810000121593,33.02000105381,
    -38.10000190734));
#1980 = DIRECTION('',(1.,0.,0.));
#1981 = DIRECTION('',(0.,-1.,0.));
#1982 = DEFINITIONAL_REPRESENTATION('',(#1983),#1989);
#1983 = B_SPLINE_CURVE_WITH_KNOTS('',4,(#1984,#1985,#1986,#1987,#1988),
  .UNSPECIFIED.,.F.,.F.,(5,5),(0.,1.),.PIECEWISE_BEZIER_KNOTS.);
#1984 = CARTESIAN_POINT('',(2.540000081062,88.81066788766));
#1985 = CARTESIAN_POINT('',(1.905000060797,88.81066788766));
#1986 = CARTESIAN_POINT('',(1.270000040532,88.81066788766));
#1987 = CARTESIAN_POINT('',(0.635000020265,88.81066788766));
#1988 = CARTESIAN_POINT('',(0.,88.81066788766));
#1989 = ( GEOMETRIC_REPRESENTATION_CONTEXT(2) 
PARAMETRIC_REPRESENTATION_CONTEXT() REPRESENTATION_CONTEXT('2D SPACE',''
  ) );
#1990 = ORIENTED_EDGE('',*,*,#1991,.F.);
#1991 = EDGE_CURVE('',#1992,#1958,#1994,.T.);
#1992 = VERTEX_POINT('',#1993);
#1993 = CARTESIAN_POINT('',(1.054941181797,33.02000105381,
    -126.9931518148));
#1994 = SURFACE_CURVE('',#1995,(#2047,#2102),.PCURVE_S1.);
#1995 = B_SPLINE_CURVE_WITH_KNOTS('',8,(#1996,#1997,#1998,#1999,#2000,
    #2001,#2002,#2003,#2004,#2005,#2006,#2007,#2008,#2009,#2010,#2011,
    #2012,#2013,#2014,#2015,#2016,#2017,#2018,#2019,#2020,#2021,#2022,
    #2023,#2024,#2025,#2026,#2027,#2028,#2029,#2030,#2031,#2032,#2033,
    #2034,#2035,#2036,#2037,#2038,#2039,#2040,#2041,#2042,#2043,#2044,
    #2045,#2046),.UNSPECIFIED.,.F.,.F.,(9,7,7,7,7,7,7,9),(0.,
    0.468736376047,0.614756378534,0.693055583053,0.850563837468,
    0.887598382939,0.900363441423,1.),.UNSPECIFIED.);
#1996 = CARTESIAN_POINT('',(-96.92022078453,33.02000105381,
    -38.10000190734));
#1997 = CARTESIAN_POINT('',(-94.66281286101,33.02000105381,
    -47.07262589833));
#1998 = CARTESIAN_POINT('',(-91.77888779849,33.02000105381,-55.881718524
    ));
#1999 = CARTESIAN_POINT('',(-88.2604908151,33.02000105381,
    -64.48094298814));
#2000 = CARTESIAN_POINT('',(-84.09674771183,33.02000105381,
    -72.80662064757));
#2001 = CARTESIAN_POINT('',(-79.2798237225,33.02000105381,
    -80.78077397734));
#2002 = CARTESIAN_POINT('',(-73.80744834191,33.02000105381,
    -88.31236011059));
#2003 = CARTESIAN_POINT('',(-67.68605609413,33.02000105381,
    -95.29895358401));
#2004 = CARTESIAN_POINT('',(-58.82717407838,33.02000105381,
    -103.5980655763));
#2005 = CARTESIAN_POINT('',(-56.66234306398,33.02000105381,
    -105.5046082653));
#2006 = CARTESIAN_POINT('',(-54.43779554648,33.02000105381,
    -107.3427695323));
#2007 = CARTESIAN_POINT('',(-52.15469861525,33.02000105381,
    -109.1087304471));
#2008 = CARTESIAN_POINT('',(-49.81450556975,33.02000105381,
    -110.7985677619));
#2009 = CARTESIAN_POINT('',(-47.41898948001,33.02000105381,
    -112.4082992075));
#2010 = CARTESIAN_POINT('',(-44.97028253516,33.02000105381,
    -113.9339370945));
#2011 = CARTESIAN_POINT('',(-41.13070749311,33.02000105381,
    -116.1424306619));
#2012 = CARTESIAN_POINT('',(-39.77593241476,33.02000105381,
    -116.8879988998));
#2013 = CARTESIAN_POINT('',(-38.40699194387,33.02000105381,
    -117.6076468064));
#2014 = CARTESIAN_POINT('',(-37.02431345355,33.02000105381,
    -118.3007724577));
#2015 = CARTESIAN_POINT('',(-35.62835733489,33.02000105381,
    -118.9667835493));
#2016 = CARTESIAN_POINT('',(-34.21961864058,33.02000105381,
    -119.6051008138));
#2017 = CARTESIAN_POINT('',(-32.79862872853,33.02000105381,
    -120.2151614374));
#2018 = CARTESIAN_POINT('',(-28.48396545533,33.02000105381,
    -121.9656988746));
#2019 = CARTESIAN_POINT('',(-25.5544964405,33.02000105381,
    -123.0185186045));
#2020 = CARTESIAN_POINT('',(-22.58240387829,33.02000105381,
    -123.9503399335));
#2021 = CARTESIAN_POINT('',(-19.57294556001,33.02000105381,
    -124.7571096131));
#2022 = CARTESIAN_POINT('',(-16.53179497034,33.02000105381,
    -125.4353131639));
#2023 = CARTESIAN_POINT('',(-13.46506013531,33.02000105381,
    -125.9820569845));
#2024 = CARTESIAN_POINT('',(-10.37930939926,33.02000105381,
    -126.3951822867));
#2025 = CARTESIAN_POINT('',(-6.553247975117,33.02000105381,
    -126.7388300835));
#2026 = CARTESIAN_POINT('',(-5.824222148119,33.02000105381,
    -126.7967923753));
#2027 = CARTESIAN_POINT('',(-5.094615213637,33.02000105381,
    -126.8472810769));
#2028 = CARTESIAN_POINT('',(-4.364516101258,33.02000105381,
    -126.8902821942));
#2029 = CARTESIAN_POINT('',(-3.634014106055,33.02000105381,
    -126.9257843924));
#2030 = CARTESIAN_POINT('',(-2.903198888585,33.02000105381,
    -126.9537789959));
#2031 = CARTESIAN_POINT('',(-2.17216047489,33.02000105381,
    -126.9742599882));
#2032 = CARTESIAN_POINT('',(-1.188969331699,33.02000105381,
    -126.991692449));
#2033 = CARTESIAN_POINT('',(-0.936933597485,33.02000105381,
    -126.9952678416));
#2034 = CARTESIAN_POINT('',(-0.684885764314,33.02000105381,
    -126.9979500545));
#2035 = CARTESIAN_POINT('',(-0.432829530009,33.02000105381,
    -126.9997389903));
#2036 = CARTESIAN_POINT('',(-0.180768579754,33.02000105381,
    -127.0006345895));
#2037 = CARTESIAN_POINT('',(7.129341390336E-02,33.02000105381,
    -127.0006368302));
#2038 = CARTESIAN_POINT('',(0.323352791053,33.02000105381,
    -126.9997457288));
#2039 = CARTESIAN_POINT('',(2.542784653715,33.02000105381,
    -126.9840334417));
#2040 = CARTESIAN_POINT('',(4.509803775207,33.02000105381,
    -126.9156822453));
#2041 = CARTESIAN_POINT('',(6.474671423214,33.02000105381,
    -126.7929314231));
#2042 = CARTESIAN_POINT('',(8.435632540152,33.02000105381,
    -126.6159512546));
#2043 = CARTESIAN_POINT('',(10.390968068917,33.02000105381,
    -126.3850501908));
#2044 = CARTESIAN_POINT('',(12.33899437168,33.02000105381,
    -126.1006685177));
#2045 = CARTESIAN_POINT('',(14.278062855123,33.02000105381,
    -125.7633741207));
#2046 = CARTESIAN_POINT('',(16.206559802102,33.02000105381,
    -125.373860347));
#2047 = PCURVE('',#322,#2048);
#2048 = DEFINITIONAL_REPRESENTATION('',(#2049),#2101);
#2049 = B_SPLINE_CURVE_WITH_KNOTS('',8,(#2050,#2051,#2052,#2053,#2054,
    #2055,#2056,#2057,#2058,#2059,#2060,#2061,#2062,#2063,#2064,#2065,
    #2066,#2067,#2068,#2069,#2070,#2071,#2072,#2073,#2074,#2075,#2076,
    #2077,#2078,#2079,#2080,#2081,#2082,#2083,#2084,#2085,#2086,#2087,
    #2088,#2089,#2090,#2091,#2092,#2093,#2094,#2095,#2096,#2097,#2098,
    #2099,#2100),.UNSPECIFIED.,.F.,.F.,(9,7,7,7,7,7,7,9),(0.,
    0.468736376047,0.614756378534,0.693055583053,0.850563837468,
    0.887598382939,0.900363441423,1.),.UNSPECIFIED.);
#2050 = CARTESIAN_POINT('',(1.250119089371,3.302000105381));
#2051 = CARTESIAN_POINT('',(1.17568619078,3.302000105381));
#2052 = CARTESIAN_POINT('',(1.102172637606,3.302000105381));
#2053 = CARTESIAN_POINT('',(1.028961023803,3.302000105381));
#2054 = CARTESIAN_POINT('',(0.955559223471,3.302000105381));
#2055 = CARTESIAN_POINT('',(0.881503707127,3.302000105381));
#2056 = CARTESIAN_POINT('',(0.806318173853,3.302000105381));
#2057 = CARTESIAN_POINT('',(0.729476026232,3.302000105381));
#2058 = CARTESIAN_POINT('',(0.625647906135,3.302000105381));
#2059 = CARTESIAN_POINT('',(0.600770321887,3.302000105381));
#2060 = CARTESIAN_POINT('',(0.57566112614,3.302000105381));
#2061 = CARTESIAN_POINT('',(0.550304814609,3.302000105381));
#2062 = CARTESIAN_POINT('',(0.524686065079,3.302000105381));
#2063 = CARTESIAN_POINT('',(0.498789761017,3.302000105381));
#2064 = CARTESIAN_POINT('',(0.472601152833,3.302000105381));
#2065 = CARTESIAN_POINT('',(0.431898944941,3.302000105381));
#2066 = CARTESIAN_POINT('',(0.417603672467,3.302000105381));
#2067 = CARTESIAN_POINT('',(0.403218223084,3.302000105381));
#2068 = CARTESIAN_POINT('',(0.38874050891,3.302000105381));
#2069 = CARTESIAN_POINT('',(0.374168488114,3.302000105381));
#2070 = CARTESIAN_POINT('',(0.359500182542,3.302000105381));
#2071 = CARTESIAN_POINT('',(0.344733695349,3.302000105381));
#2072 = CARTESIAN_POINT('',(0.299961545202,3.302000105381));
#2073 = CARTESIAN_POINT('',(0.269649164273,3.302000105381));
#2074 = CARTESIAN_POINT('',(0.238917741243,3.302000105381));
#2075 = CARTESIAN_POINT('',(0.207754409774,3.302000105381));
#2076 = CARTESIAN_POINT('',(0.176146152732,3.302000105381));
#2077 = CARTESIAN_POINT('',(0.144080624261,3.302000105381));
#2078 = CARTESIAN_POINT('',(0.111547422986,3.302000105381));
#2079 = CARTESIAN_POINT('',(7.077881540823E-02,3.302000105381));
#2080 = CARTESIAN_POINT('',(6.299149495052E-02,3.302000105381));
#2081 = CARTESIAN_POINT('',(5.517773109703E-02,3.302000105381));
#2082 = CARTESIAN_POINT('',(4.733740051836E-02,3.302000105381));
#2083 = CARTESIAN_POINT('',(3.94703804252E-02,3.302000105381));
#2084 = CARTESIAN_POINT('',(3.15765485684E-02,3.302000105381));
#2085 = CARTESIAN_POINT('',(2.365578323895E-02,3.302000105381));
#2086 = CARTESIAN_POINT('',(1.296851053647E-02,3.302000105381));
#2087 = CARTESIAN_POINT('',(1.022669490872E-02,3.302000105381));
#2088 = CARTESIAN_POINT('',(7.48086716513E-03,3.302000105381));
#2089 = CARTESIAN_POINT('',(4.730563667108E-03,3.302000105381));
#2090 = CARTESIAN_POINT('',(1.976506357033E-03,3.302000105381));
#2091 = CARTESIAN_POINT('',(-7.793972417476E-04,3.302000105381));
#2092 = CARTESIAN_POINT('',(-3.534054024916E-03,3.302000105381));
#2093 = CARTESIAN_POINT('',(-2.77412914638E-02,3.302000105381));
#2094 = CARTESIAN_POINT('',(-4.900303585684E-02,3.302000105381));
#2095 = CARTESIAN_POINT('',(-7.007041205238E-02,3.302000105381));
#2096 = CARTESIAN_POINT('',(-9.094577187786E-02,3.302000105381));
#2097 = CARTESIAN_POINT('',(-0.111631665349,3.302000105381));
#2098 = CARTESIAN_POINT('',(-0.132130704978,3.302000105381));
#2099 = CARTESIAN_POINT('',(-0.152445454467,3.302000105381));
#2100 = CARTESIAN_POINT('',(-0.172578341782,3.302000105381));
#2101 = ( GEOMETRIC_REPRESENTATION_CONTEXT(2) 
PARAMETRIC_REPRESENTATION_CONTEXT() REPRESENTATION_CONTEXT('2D SPACE',''
  ) );
#2102 = PCURVE('',#2103,#2108);
#2103 = PLANE('',#2104);
#2104 = AXIS2_PLACEMENT_3D('',#2105,#2106,#2107);
#2105 = CARTESIAN_POINT('',(1.054941181797,33.02000105381,
    -38.10000190734));
#2106 = DIRECTION('',(0.,1.,0.));
#2107 = DIRECTION('',(1.,0.,0.));
#2108 = DEFINITIONAL_REPRESENTATION('',(#2109),#2161);
#2109 = B_SPLINE_CURVE_WITH_KNOTS('',8,(#2110,#2111,#2112,#2113,#2114,
    #2115,#2116,#2117,#2118,#2119,#2120,#2121,#2122,#2123,#2124,#2125,
    #2126,#2127,#2128,#2129,#2130,#2131,#2132,#2133,#2134,#2135,#2136,
    #2137,#2138,#2139,#2140,#2141,#2142,#2143,#2144,#2145,#2146,#2147,
    #2148,#2149,#2150,#2151,#2152,#2153,#2154,#2155,#2156,#2157,#2158,
    #2159,#2160),.UNSPECIFIED.,.F.,.F.,(9,7,7,7,7,7,7,9),(0.,
    0.468736376047,0.614756378534,0.693055583053,0.850563837468,
    0.887598382939,0.900363441423,1.),.UNSPECIFIED.);
#2110 = CARTESIAN_POINT('',(-97.97516196632,0.));
#2111 = CARTESIAN_POINT('',(-95.7177540428,8.97262399099));
#2112 = CARTESIAN_POINT('',(-92.83382898028,17.78171661666));
#2113 = CARTESIAN_POINT('',(-89.31543199689,26.3809410808));
#2114 = CARTESIAN_POINT('',(-85.15168889362,34.70661874023));
#2115 = CARTESIAN_POINT('',(-80.33476490429,42.68077207));
#2116 = CARTESIAN_POINT('',(-74.8623895237,50.21235820325));
#2117 = CARTESIAN_POINT('',(-68.74099727592,57.19895167667));
#2118 = CARTESIAN_POINT('',(-59.88211526017,65.49806366896));
#2119 = CARTESIAN_POINT('',(-57.71728424577,67.40460635796));
#2120 = CARTESIAN_POINT('',(-55.49273672827,69.24276762496));
#2121 = CARTESIAN_POINT('',(-53.20963979704,71.00872853976));
#2122 = CARTESIAN_POINT('',(-50.86944675154,72.69856585456));
#2123 = CARTESIAN_POINT('',(-48.4739306618,74.30829730016));
#2124 = CARTESIAN_POINT('',(-46.02522371695,75.83393518716));
#2125 = CARTESIAN_POINT('',(-42.1856486749,78.04242875456));
#2126 = CARTESIAN_POINT('',(-40.83087359655,78.78799699246));
#2127 = CARTESIAN_POINT('',(-39.46193312566,79.50764489906));
#2128 = CARTESIAN_POINT('',(-38.07925463534,80.20077055036));
#2129 = CARTESIAN_POINT('',(-36.68329851668,80.86678164196));
#2130 = CARTESIAN_POINT('',(-35.27455982237,81.50509890646));
#2131 = CARTESIAN_POINT('',(-33.85356991032,82.11515953006));
#2132 = CARTESIAN_POINT('',(-29.53890663712,83.86569696726));
#2133 = CARTESIAN_POINT('',(-26.60943762229,84.91851669716));
#2134 = CARTESIAN_POINT('',(-23.63734506008,85.85033802616));
#2135 = CARTESIAN_POINT('',(-20.6278867418,86.65710770576));
#2136 = CARTESIAN_POINT('',(-17.58673615213,87.33531125656));
#2137 = CARTESIAN_POINT('',(-14.5200013171,87.88205507716));
#2138 = CARTESIAN_POINT('',(-11.43425058105,88.29518037936));
#2139 = CARTESIAN_POINT('',(-7.608189156914,88.63882817616));
#2140 = CARTESIAN_POINT('',(-6.879163329916,88.69679046796));
#2141 = CARTESIAN_POINT('',(-6.149556395434,88.74727916956));
#2142 = CARTESIAN_POINT('',(-5.419457283055,88.79028028686));
#2143 = CARTESIAN_POINT('',(-4.688955287852,88.82578248506));
#2144 = CARTESIAN_POINT('',(-3.958140070382,88.85377708856));
#2145 = CARTESIAN_POINT('',(-3.227101656687,88.87425808086));
#2146 = CARTESIAN_POINT('',(-2.243910513496,88.89169054166));
#2147 = CARTESIAN_POINT('',(-1.991874779282,88.89526593426));
#2148 = CARTESIAN_POINT('',(-1.739826946111,88.89794814716));
#2149 = CARTESIAN_POINT('',(-1.487770711806,88.89973708296));
#2150 = CARTESIAN_POINT('',(-1.235709761551,88.90063268216));
#2151 = CARTESIAN_POINT('',(-0.983647767894,88.90063492286));
#2152 = CARTESIAN_POINT('',(-0.731588390744,88.89974382146));
#2153 = CARTESIAN_POINT('',(1.487843471918,88.88403153436));
#2154 = CARTESIAN_POINT('',(3.45486259341,88.81568033796));
#2155 = CARTESIAN_POINT('',(5.419730241417,88.69292951576));
#2156 = CARTESIAN_POINT('',(7.380691358355,88.51594934726));
#2157 = CARTESIAN_POINT('',(9.33602688712,88.28504828346));
#2158 = CARTESIAN_POINT('',(11.284053189883,88.00066661036));
#2159 = CARTESIAN_POINT('',(13.223121673326,87.66337221336));
#2160 = CARTESIAN_POINT('',(15.151618620305,87.27385843966));
#2161 = ( GEOMETRIC_REPRESENTATION_CONTEXT(2) 
PARAMETRIC_REPRESENTATION_CONTEXT() REPRESENTATION_CONTEXT('2D SPACE',''
  ) );
#2162 = ORIENTED_EDGE('',*,*,#2163,.T.);
#2163 = EDGE_CURVE('',#1992,#2164,#2166,.T.);
#2164 = VERTEX_POINT('',#2165);
#2165 = CARTESIAN_POINT('',(-5.893378576498E-10,33.401001013279,
    -127.0000019073));
#2166 = SURFACE_CURVE('',#2167,(#2176,#2205),.PCURVE_S1.);
#2167 = B_SPLINE_CURVE_WITH_KNOTS('',4,(#2168,#2169,#2170,#2171,#2172,
    #2173,#2174,#2175),.UNSPECIFIED.,.F.,.F.,(5,3,5),(0.,0.572628795091,
    1.),.UNSPECIFIED.);
#2168 = CARTESIAN_POINT('',(1.054941181797,33.02000105381,
    -126.9931518148));
#2169 = CARTESIAN_POINT('',(0.803391451931,33.228953936358,
    -126.9964168798));
#2170 = CARTESIAN_POINT('',(0.494079969227,33.372772999878,
    -126.9994227295));
#2171 = CARTESIAN_POINT('',(0.159266940984,33.425627508923,
    -127.0004953285));
#2172 = CARTESIAN_POINT('',(-0.409824298612,33.367902837033,
    -126.9993287802));
#2173 = CARTESIAN_POINT('',(-0.64823127813,33.295193855358,
    -126.9978618003));
#2174 = CARTESIAN_POINT('',(-0.867084470659,33.176046545567,
    -126.9955901572));
#2175 = CARTESIAN_POINT('',(-1.054941181797,33.02000105381,
    -126.9931518148));
#2176 = PCURVE('',#322,#2177);
#2177 = DEFINITIONAL_REPRESENTATION('',(#2178),#2204);
#2178 = B_SPLINE_CURVE_WITH_KNOTS('',3,(#2179,#2180,#2181,#2182,#2183,
    #2184,#2185,#2186,#2187,#2188,#2189,#2190,#2191,#2192,#2193,#2194,
    #2195,#2196,#2197,#2198,#2199,#2200,#2201,#2202,#2203),
  .UNSPECIFIED.,.F.,.F.,(4,1,1,1,1,1,1,1,1,1,1,1,1,1,1,1,1,1,1,1,1,1,4),
  (0.,2.271337907228E-02,4.542675814456E-02,6.814013721684E-02,
    9.085351628911E-02,0.113566895361,0.136280274434,0.158993653506,
    0.181707032578,0.204420411651,0.227133790723,0.249847169795,
    0.272560548867,0.29527392794,0.317987307012,0.340700686084,
    0.363414065156,0.386127444229,0.408840823301,0.431554202373,
    0.454267581446,0.476980960518,0.49969433959),.QUASI_UNIFORM_KNOTS.);
#2179 = CARTESIAN_POINT('',(-1.15084856407E-02,3.302000105381));
#2180 = CARTESIAN_POINT('',(-1.136365809894E-02,3.303105205634));
#2181 = CARTESIAN_POINT('',(-1.107002256909E-02,3.305274357533));
#2182 = CARTESIAN_POINT('',(-1.061815081425E-02,3.308401364008));
#2183 = CARTESIAN_POINT('',(-1.015538285218E-02,3.311398001577));
#2184 = CARTESIAN_POINT('',(-9.682243126898E-03,3.314260874648));
#2185 = CARTESIAN_POINT('',(-9.199257549016E-03,3.316986752773));
#2186 = CARTESIAN_POINT('',(-8.706953719116E-03,3.31957259391));
#2187 = CARTESIAN_POINT('',(-8.205860895966E-03,3.322015538184));
#2188 = CARTESIAN_POINT('',(-7.696510031925E-03,3.324312909563));
#2189 = CARTESIAN_POINT('',(-7.179433789148E-03,3.326462215406));
#2190 = CARTESIAN_POINT('',(-6.655166559702E-03,3.328461146586));
#2191 = CARTESIAN_POINT('',(-6.124244483369E-03,3.330307577458));
#2192 = CARTESIAN_POINT('',(-5.587205464793E-03,3.331999565864));
#2193 = CARTESIAN_POINT('',(-5.044589189489E-03,3.333535353136));
#2194 = CARTESIAN_POINT('',(-4.496937138862E-03,3.334913364091));
#2195 = CARTESIAN_POINT('',(-3.944792604039E-03,3.336132207032));
#2196 = CARTESIAN_POINT('',(-3.388700699046E-03,3.33719067377));
#2197 = CARTESIAN_POINT('',(-2.829208371347E-03,3.338087739514));
#2198 = CARTESIAN_POINT('',(-2.266864417079E-03,3.338822563309));
#2199 = CARTESIAN_POINT('',(-1.702219473497E-03,3.339394486373));
#2200 = CARTESIAN_POINT('',(-1.135826091261E-03,3.339803038326));
#2201 = CARTESIAN_POINT('',(-5.682385034037E-04,3.340047913934));
#2202 = CARTESIAN_POINT('',(-1.894218484502E-04,3.340102011247));
#2203 = CARTESIAN_POINT('',(3.237650181939E-11,3.340101750751));
#2204 = ( GEOMETRIC_REPRESENTATION_CONTEXT(2) 
PARAMETRIC_REPRESENTATION_CONTEXT() REPRESENTATION_CONTEXT('2D SPACE',''
  ) );
#2205 = PCURVE('',#2206,#2211);
#2206 = CYLINDRICAL_SURFACE('',#2207,1.651);
#2207 = AXIS2_PLACEMENT_3D('',#2208,#2209,#2210);
#2208 = CARTESIAN_POINT('',(0.,31.750001013279,-38.10000190734));
#2209 = DIRECTION('',(0.,0.,-1.));
#2210 = DIRECTION('',(-0.638971036824,0.76923079378,0.));
#2211 = DEFINITIONAL_REPRESENTATION('',(#2212),#2238);
#2212 = B_SPLINE_CURVE_WITH_KNOTS('',3,(#2213,#2214,#2215,#2216,#2217,
    #2218,#2219,#2220,#2221,#2222,#2223,#2224,#2225,#2226,#2227,#2228,
    #2229,#2230,#2231,#2232,#2233,#2234,#2235,#2236,#2237),
  .UNSPECIFIED.,.F.,.F.,(4,1,1,1,1,1,1,1,1,1,1,1,1,1,1,1,1,1,1,1,1,1,4),
  (0.,2.271337907228E-02,4.542675814456E-02,6.814013721684E-02,
    9.085351628911E-02,0.113566895361,0.136280274434,0.158993653506,
    0.181707032578,0.204420411651,0.227133790723,0.249847169795,
    0.272560548867,0.29527392794,0.317987307012,0.340700686084,
    0.363414065156,0.386127444229,0.408840823301,0.431554202373,
    0.454267581446,0.476980960518,0.49969433959),.QUASI_UNIFORM_KNOTS.);
#2213 = CARTESIAN_POINT('',(1.386319738313,88.89314990746));
#2214 = CARTESIAN_POINT('',(1.375844380519,88.893322595546));
#2215 = CARTESIAN_POINT('',(1.354883071686,88.89366630531));
#2216 = CARTESIAN_POINT('',(1.323414427882,88.894174540679));
#2217 = CARTESIAN_POINT('',(1.291924373141,88.894673073214));
#2218 = CARTESIAN_POINT('',(1.260417580552,88.895159681627));
#2219 = CARTESIAN_POINT('',(1.228898304203,88.895632244439));
#2220 = CARTESIAN_POINT('',(1.197370313552,88.896088754039));
#2221 = CARTESIAN_POINT('',(1.165836902686,88.896527312916));
#2222 = CARTESIAN_POINT('',(1.134300888946,88.896946134668));
#2223 = CARTESIAN_POINT('',(1.102764623461,88.897343543733));
#2224 = CARTESIAN_POINT('',(1.071230007092,88.897717975461));
#2225 = CARTESIAN_POINT('',(1.039698513012,88.898067976093));
#2226 = CARTESIAN_POINT('',(1.008171215019,88.898392202768));
#2227 = CARTESIAN_POINT('',(0.976648821191,88.898689423522));
#2228 = CARTESIAN_POINT('',(0.945131712338,88.898958517286));
#2229 = CARTESIAN_POINT('',(0.913619984688,88.899198473886));
#2230 = CARTESIAN_POINT('',(0.882113496274,88.899408394057));
#2231 = CARTESIAN_POINT('',(0.850611916308,88.899587489376));
#2232 = CARTESIAN_POINT('',(0.819114777447,88.899735082527));
#2233 = CARTESIAN_POINT('',(0.787621528487,88.899850606297));
#2234 = CARTESIAN_POINT('',(0.756131593824,88.899933607337));
#2235 = CARTESIAN_POINT('',(0.724644413184,88.89998373211));
#2236 = CARTESIAN_POINT('',(0.703654509462,88.899995096935));
#2237 = CARTESIAN_POINT('',(0.693159867363,88.899995225629));
#2238 = ( GEOMETRIC_REPRESENTATION_CONTEXT(2) 
PARAMETRIC_REPRESENTATION_CONTEXT() REPRESENTATION_CONTEXT('2D SPACE',''
  ) );
#2239 = ORIENTED_EDGE('',*,*,#2240,.T.);
#2240 = EDGE_CURVE('',#2164,#2241,#2243,.T.);
#2241 = VERTEX_POINT('',#2242);
#2242 = CARTESIAN_POINT('',(-1.054941181797,33.02000105381,
    -126.9931518148));
#2243 = SURFACE_CURVE('',#2244,(#2253,#2265),.PCURVE_S1.);
#2244 = B_SPLINE_CURVE_WITH_KNOTS('',4,(#2245,#2246,#2247,#2248,#2249,
    #2250,#2251,#2252),.UNSPECIFIED.,.F.,.F.,(5,3,5),(0.,0.572628795091,
    1.),.UNSPECIFIED.);
#2245 = CARTESIAN_POINT('',(1.054941181797,33.02000105381,
    -126.9931518148));
#2246 = CARTESIAN_POINT('',(0.803391451931,33.228953936358,
    -126.9964168798));
#2247 = CARTESIAN_POINT('',(0.494079969227,33.372772999878,
    -126.9994227295));
#2248 = CARTESIAN_POINT('',(0.159266940984,33.425627508923,
    -127.0004953285));
#2249 = CARTESIAN_POINT('',(-0.409824298612,33.367902837033,
    -126.9993287802));
#2250 = CARTESIAN_POINT('',(-0.64823127813,33.295193855358,
    -126.9978618003));
#2251 = CARTESIAN_POINT('',(-0.867084470659,33.176046545567,
    -126.9955901572));
#2252 = CARTESIAN_POINT('',(-1.054941181797,33.02000105381,
    -126.9931518148));
#2253 = PCURVE('',#322,#2254);
#2254 = DEFINITIONAL_REPRESENTATION('',(#2255),#2264);
#2255 = B_SPLINE_CURVE_WITH_KNOTS('',4,(#2256,#2257,#2258,#2259,#2260,
    #2261,#2262,#2263),.UNSPECIFIED.,.F.,.F.,(5,3,5),(0.49969433959,
    0.572638049537,1.),.UNSPECIFIED.);
#2256 = CARTESIAN_POINT('',(6.476244870029E-11,3.340101751083));
#2257 = CARTESIAN_POINT('',(4.560768909437E-04,3.340101223149));
#2258 = CARTESIAN_POINT('',(9.121137199064E-04,3.339960010312));
#2259 = CARTESIAN_POINT('',(1.367303908127E-03,3.339678344252));
#2260 = CARTESIAN_POINT('',(4.477901467903E-03,3.336790283703));
#2261 = CARTESIAN_POINT('',(7.078950318795E-03,3.329519385536));
#2262 = CARTESIAN_POINT('',(9.463420663643E-03,3.317604654557));
#2263 = CARTESIAN_POINT('',(1.15084856407E-02,3.302000105381));
#2264 = ( GEOMETRIC_REPRESENTATION_CONTEXT(2) 
PARAMETRIC_REPRESENTATION_CONTEXT() REPRESENTATION_CONTEXT('2D SPACE',''
  ) );
#2265 = PCURVE('',#2206,#2266);
#2266 = DEFINITIONAL_REPRESENTATION('',(#2267),#2276);
#2267 = B_SPLINE_CURVE_WITH_KNOTS('',4,(#2268,#2269,#2270,#2271,#2272,
    #2273,#2274,#2275),.UNSPECIFIED.,.F.,.F.,(5,3,5),(0.49969433959,
    0.572638093584,1.),.UNSPECIFIED.);
#2268 = CARTESIAN_POINT('',(0.693159867363,88.899995225455));
#2269 = CARTESIAN_POINT('',(0.667886642294,88.899995570479));
#2270 = CARTESIAN_POINT('',(0.642615801379,88.899967365199));
#2271 = CARTESIAN_POINT('',(0.617345439928,88.899910516309));
#2272 = CARTESIAN_POINT('',(0.444003986568,88.899326872925));
#2273 = CARTESIAN_POINT('',(0.295943991974,88.89785989301));
#2274 = CARTESIAN_POINT('',(0.147918665466,88.895588249918));
#2275 = CARTESIAN_POINT('',(-8.881784197001E-16,88.893149907549));
#2276 = ( GEOMETRIC_REPRESENTATION_CONTEXT(2) 
PARAMETRIC_REPRESENTATION_CONTEXT() REPRESENTATION_CONTEXT('2D SPACE',''
  ) );
#2277 = ORIENTED_EDGE('',*,*,#2278,.F.);
#2278 = EDGE_CURVE('',#2279,#2241,#2281,.T.);
#2279 = VERTEX_POINT('',#2280);
#2280 = CARTESIAN_POINT('',(-3.810000121593,33.02000105381,
    -126.910669795));
#2281 = SURFACE_CURVE('',#2282,(#2341,#2368),.PCURVE_S1.);
#2282 = B_SPLINE_CURVE_WITH_KNOTS('',8,(#2283,#2284,#2285,#2286,#2287,
    #2288,#2289,#2290,#2291,#2292,#2293,#2294,#2295,#2296,#2297,#2298,
    #2299,#2300,#2301,#2302,#2303,#2304,#2305,#2306,#2307,#2308,#2309,
    #2310,#2311,#2312,#2313,#2314,#2315,#2316,#2317,#2318,#2319,#2320,
    #2321,#2322,#2323,#2324,#2325,#2326,#2327,#2328,#2329,#2330,#2331,
    #2332,#2333,#2334,#2335,#2336,#2337,#2338,#2339,#2340),
  .UNSPECIFIED.,.F.,.F.,(9,7,7,7,7,7,7,7,9),(0.,0.482561064404,
    0.633278339109,0.714898841726,0.861304357383,0.895442853336,
    0.906700859344,0.929243776528,1.),.UNSPECIFIED.);
#2283 = CARTESIAN_POINT('',(-96.92022078453,33.02000105381,
    -38.10000190734));
#2284 = CARTESIAN_POINT('',(-94.64041809868,33.02000105381,-47.161639399
    ));
#2285 = CARTESIAN_POINT('',(-91.72163916915,33.02000105381,
    -56.05635230733));
#2286 = CARTESIAN_POINT('',(-88.1556757564,33.02000105381,
    -64.73660534099));
#2287 = CARTESIAN_POINT('',(-83.93124490451,33.02000105381,
    -73.13667882147));
#2288 = CARTESIAN_POINT('',(-79.04030907426,33.02000105381,
    -81.17591383319));
#2289 = CARTESIAN_POINT('',(-73.48073833341,33.02000105381,
    -88.76002366943));
#2290 = CARTESIAN_POINT('',(-67.25964348646,33.02000105381,
    -95.78289287508));
#2291 = CARTESIAN_POINT('',(-58.24978639061,33.02000105381,
    -104.1080613108));
#2292 = CARTESIAN_POINT('',(-56.04350428044,33.02000105381,
    -106.0223516561));
#2293 = CARTESIAN_POINT('',(-53.77622953906,33.02000105381,
    -107.8657399336));
#2294 = CARTESIAN_POINT('',(-51.44922460787,33.02000105381,
    -109.6342409606));
#2295 = CARTESIAN_POINT('',(-49.06405817321,33.02000105381,
    -111.3237658171));
#2296 = CARTESIAN_POINT('',(-46.62264109719,33.02000105381,
    -112.9301712651));
#2297 = CARTESIAN_POINT('',(-44.12726873065,33.02000105381,
    -114.4493185139));
#2298 = CARTESIAN_POINT('',(-40.20156624562,33.02000105381,-116.65037463
    ));
#2299 = CARTESIAN_POINT('',(-38.80744263131,33.02000105381,
    -117.3968230903));
#2300 = CARTESIAN_POINT('',(-37.39873749099,33.02000105381,
    -118.1158387764));
#2301 = CARTESIAN_POINT('',(-35.97592399221,33.02000105381,
    -118.8067819532));
#2302 = CARTESIAN_POINT('',(-34.53951154475,33.02000105381,
    -119.469024958));
#2303 = CARTESIAN_POINT('',(-33.09004760101,33.02000105381,
    -120.1019560751));
#2304 = CARTESIAN_POINT('',(-31.6281194564,33.02000105381,
    -120.7049834095));
#2305 = CARTESIAN_POINT('',(-27.51081570652,33.02000105381,
    -122.3045510792));
#2306 = CARTESIAN_POINT('',(-24.8290637569,33.02000105381,
    -123.2335721379));
#2307 = CARTESIAN_POINT('',(-22.11286632458,33.02000105381,
    -124.0612513561));
#2308 = CARTESIAN_POINT('',(-19.36627056344,33.02000105381,
    -124.784585349));
#2309 = CARTESIAN_POINT('',(-16.59361273422,33.02000105381,
    -125.4009523819));
#2310 = CARTESIAN_POINT('',(-13.79953032725,33.02000105381,
    -125.9081652535));
#2311 = CARTESIAN_POINT('',(-10.98897823138,33.02000105381,
    -126.3045426073));
#2312 = CARTESIAN_POINT('',(-7.509284710026,33.02000105381,
    -126.6553274745));
#2313 = CARTESIAN_POINT('',(-6.850707185254,33.02000105381,
    -126.7155714989));
#2314 = CARTESIAN_POINT('',(-6.1915814687,33.02000105381,-126.7697169861
    ));
#2315 = CARTESIAN_POINT('',(-5.531972963066,33.02000105381,
    -126.8177519368));
#2316 = CARTESIAN_POINT('',(-4.871947379717,33.02000105381,
    -126.8596661141));
#2317 = CARTESIAN_POINT('',(-4.211570738684,33.02000105381,
    -126.8954510426));
#2318 = CARTESIAN_POINT('',(-3.550909368662,33.02000105381,
    -126.9251000094));
#2319 = CARTESIAN_POINT('',(-2.672088701859,33.02000105381,
    -126.9563604202));
#2320 = CARTESIAN_POINT('',(-2.454344830149,33.02000105381,
    -126.9634370839));
#2321 = CARTESIAN_POINT('',(-2.236800275125,33.02000105381,
    -126.9698402667));
#2322 = CARTESIAN_POINT('',(-2.019457002443,33.02000105381,
    -126.9755721914));
#2323 = CARTESIAN_POINT('',(-1.802316960168,33.02000105381,
    -126.9806350913));
#2324 = CARTESIAN_POINT('',(-1.585382078771,33.02000105381,-126.98503121
    ));
#2325 = CARTESIAN_POINT('',(-1.368654271135,33.02000105381,
    -126.9887628017));
#2326 = CARTESIAN_POINT('',(-0.718580303567,33.02000105381,
    -126.9979781243));
#2327 = CARTESIAN_POINT('',(-0.287237117446,33.02000105381,
    -127.0014492539));
#2328 = CARTESIAN_POINT('',(0.143444769334,33.02000105381,
    -127.0023152114));
#2329 = CARTESIAN_POINT('',(0.574561919701,33.02000105381,
    -127.0005856699));
#2330 = CARTESIAN_POINT('',(1.006760084545,33.02000105381,
    -126.9962356617));
#2331 = CARTESIAN_POINT('',(1.44022759051,33.02000105381,-126.9892284637
    ));
#2332 = CARTESIAN_POINT('',(1.874703281472,33.02000105381,
    -126.9795400508));
#2333 = CARTESIAN_POINT('',(3.674092866116,33.02000105381,
    -126.9283993908));
#2334 = CARTESIAN_POINT('',(5.037975071305,33.02000105381,
    -126.8634321765));
#2335 = CARTESIAN_POINT('',(6.400526663787,33.02000105381,
    -126.7723164606));
#2336 = CARTESIAN_POINT('',(7.761164135311,33.02000105381,
    -126.6551197074));
#2337 = CARTESIAN_POINT('',(9.119311742663,33.02000105381,
    -126.5119413989));
#2338 = CARTESIAN_POINT('',(10.474401444764,33.02000105381,
    -126.342912236));
#2339 = CARTESIAN_POINT('',(11.825872839774,33.02000105381,
    -126.1481933388));
#2340 = CARTESIAN_POINT('',(13.1731731022,33.02000105381,-125.9279754485
    ));
#2341 = PCURVE('',#322,#2342);
#2342 = DEFINITIONAL_REPRESENTATION('',(#2343),#2367);
#2343 = B_SPLINE_CURVE_WITH_KNOTS('',8,(#2344,#2345,#2346,#2347,#2348,
    #2349,#2350,#2351,#2352,#2353,#2354,#2355,#2356,#2357,#2358,#2359,
    #2360,#2361,#2362,#2363,#2364,#2365,#2366),.UNSPECIFIED.,.F.,.F.,(9,
    7,7,9),(0.889501265842,0.8954428462,0.906700838456,0.907332871435),
  .UNSPECIFIED.);
#2344 = CARTESIAN_POINT('',(4.134546041764E-02,3.302000105381));
#2345 = CARTESIAN_POINT('',(4.01065918849E-02,3.302000105381));
#2346 = CARTESIAN_POINT('',(3.886706052959E-02,3.302000105381));
#2347 = CARTESIAN_POINT('',(3.762686587628E-02,3.302000105381));
#2348 = CARTESIAN_POINT('',(3.638600745003E-02,3.302000105381));
#2349 = CARTESIAN_POINT('',(3.514448477646E-02,3.302000105381));
#2350 = CARTESIAN_POINT('',(3.39022973817E-02,3.302000105381));
#2351 = CARTESIAN_POINT('',(3.265944479243E-02,3.302000105381));
#2352 = CARTESIAN_POINT('',(2.905973204559E-02,3.302000105381));
#2353 = CARTESIAN_POINT('',(2.670353755549E-02,3.302000105381));
#2354 = CARTESIAN_POINT('',(2.434734306541E-02,3.302000105381));
#2355 = CARTESIAN_POINT('',(2.199114857525E-02,3.302000105381));
#2356 = CARTESIAN_POINT('',(1.963495408497E-02,3.302000105381));
#2357 = CARTESIAN_POINT('',(1.727875959463E-02,3.302000105381));
#2358 = CARTESIAN_POINT('',(1.492256510435E-02,3.302000105381));
#2359 = CARTESIAN_POINT('',(1.243409191064E-02,3.302000105381));
#2360 = CARTESIAN_POINT('',(1.230182633724E-02,3.302000105381));
#2361 = CARTESIAN_POINT('',(1.216957351318E-02,3.302000105381));
#2362 = CARTESIAN_POINT('',(1.203733303006E-02,3.302000105381));
#2363 = CARTESIAN_POINT('',(1.190510445695E-02,3.302000105381));
#2364 = CARTESIAN_POINT('',(1.177288734482E-02,3.302000105381));
#2365 = CARTESIAN_POINT('',(1.164068123058E-02,3.302000105381));
#2366 = CARTESIAN_POINT('',(1.15084856407E-02,3.302000105381));
#2367 = ( GEOMETRIC_REPRESENTATION_CONTEXT(2) 
PARAMETRIC_REPRESENTATION_CONTEXT() REPRESENTATION_CONTEXT('2D SPACE',''
  ) );
#2368 = PCURVE('',#2369,#2374);
#2369 = PLANE('',#2370);
#2370 = AXIS2_PLACEMENT_3D('',#2371,#2372,#2373);
#2371 = CARTESIAN_POINT('',(-3.810000121593,33.02000105381,
    -38.10000190734));
#2372 = DIRECTION('',(0.,1.,0.));
#2373 = DIRECTION('',(1.,0.,0.));
#2374 = DEFINITIONAL_REPRESENTATION('',(#2375),#2434);
#2375 = B_SPLINE_CURVE_WITH_KNOTS('',8,(#2376,#2377,#2378,#2379,#2380,
    #2381,#2382,#2383,#2384,#2385,#2386,#2387,#2388,#2389,#2390,#2391,
    #2392,#2393,#2394,#2395,#2396,#2397,#2398,#2399,#2400,#2401,#2402,
    #2403,#2404,#2405,#2406,#2407,#2408,#2409,#2410,#2411,#2412,#2413,
    #2414,#2415,#2416,#2417,#2418,#2419,#2420,#2421,#2422,#2423,#2424,
    #2425,#2426,#2427,#2428,#2429,#2430,#2431,#2432,#2433),
  .UNSPECIFIED.,.F.,.F.,(9,7,7,7,7,7,7,7,9),(0.,0.482561064404,
    0.633278339109,0.714898841726,0.861304357383,0.895442853336,
    0.906700859344,0.929243776528,1.),.UNSPECIFIED.);
#2376 = CARTESIAN_POINT('',(-93.11022066293,0.));
#2377 = CARTESIAN_POINT('',(-90.83041797708,9.06163749166));
#2378 = CARTESIAN_POINT('',(-87.91163904755,17.95635039999));
#2379 = CARTESIAN_POINT('',(-84.3456756348,26.63660343365));
#2380 = CARTESIAN_POINT('',(-80.12124478291,35.03667691413));
#2381 = CARTESIAN_POINT('',(-75.23030895266,43.07591192585));
#2382 = CARTESIAN_POINT('',(-69.67073821181,50.66002176209));
#2383 = CARTESIAN_POINT('',(-63.44964336486,57.68289096774));
#2384 = CARTESIAN_POINT('',(-54.43978626901,66.00805940346));
#2385 = CARTESIAN_POINT('',(-52.23350415884,67.92234974876));
#2386 = CARTESIAN_POINT('',(-49.96622941746,69.76573802626));
#2387 = CARTESIAN_POINT('',(-47.63922448627,71.53423905326));
#2388 = CARTESIAN_POINT('',(-45.25405805161,73.22376390976));
#2389 = CARTESIAN_POINT('',(-42.81264097559,74.83016935776));
#2390 = CARTESIAN_POINT('',(-40.31726860905,76.34931660656));
#2391 = CARTESIAN_POINT('',(-36.39156612402,78.55037272266));
#2392 = CARTESIAN_POINT('',(-34.99744250971,79.29682118296));
#2393 = CARTESIAN_POINT('',(-33.58873736939,80.01583686906));
#2394 = CARTESIAN_POINT('',(-32.16592387061,80.70678004586));
#2395 = CARTESIAN_POINT('',(-30.72951142315,81.36902305066));
#2396 = CARTESIAN_POINT('',(-29.28004747941,82.00195416776));
#2397 = CARTESIAN_POINT('',(-27.8181193348,82.60498150216));
#2398 = CARTESIAN_POINT('',(-23.70081558492,84.20454917186));
#2399 = CARTESIAN_POINT('',(-21.0190636353,85.13357023056));
#2400 = CARTESIAN_POINT('',(-18.30286620298,85.96124944876));
#2401 = CARTESIAN_POINT('',(-15.55627044184,86.68458344166));
#2402 = CARTESIAN_POINT('',(-12.78361261262,87.30095047456));
#2403 = CARTESIAN_POINT('',(-9.989530205657,87.80816334616));
#2404 = CARTESIAN_POINT('',(-7.178978109787,88.20454069996));
#2405 = CARTESIAN_POINT('',(-3.699284588433,88.55532556716));
#2406 = CARTESIAN_POINT('',(-3.040707063661,88.61556959156));
#2407 = CARTESIAN_POINT('',(-2.381581347107,88.66971507876));
#2408 = CARTESIAN_POINT('',(-1.721972841473,88.71775002946));
#2409 = CARTESIAN_POINT('',(-1.061947258124,88.75966420676));
#2410 = CARTESIAN_POINT('',(-0.401570617091,88.79544913526));
#2411 = CARTESIAN_POINT('',(0.259090752931,88.82509810206));
#2412 = CARTESIAN_POINT('',(1.137911419734,88.85635851286));
#2413 = CARTESIAN_POINT('',(1.355655291444,88.86343517656));
#2414 = CARTESIAN_POINT('',(1.573199846468,88.86983835936));
#2415 = CARTESIAN_POINT('',(1.79054311915,88.87557028406));
#2416 = CARTESIAN_POINT('',(2.007683161425,88.88063318396));
#2417 = CARTESIAN_POINT('',(2.224618042822,88.88502930266));
#2418 = CARTESIAN_POINT('',(2.441345850458,88.88876089436));
#2419 = CARTESIAN_POINT('',(3.091419818026,88.89797621696));
#2420 = CARTESIAN_POINT('',(3.522763004147,88.90144734656));
#2421 = CARTESIAN_POINT('',(3.953444890927,88.90231330406));
#2422 = CARTESIAN_POINT('',(4.384562041294,88.90058376256));
#2423 = CARTESIAN_POINT('',(4.816760206138,88.89623375436));
#2424 = CARTESIAN_POINT('',(5.250227712103,88.88922655636));
#2425 = CARTESIAN_POINT('',(5.684703403065,88.87953814346));
#2426 = CARTESIAN_POINT('',(7.484092987709,88.82839748346));
#2427 = CARTESIAN_POINT('',(8.847975192898,88.76343026916));
#2428 = CARTESIAN_POINT('',(10.21052678538,88.67231455326));
#2429 = CARTESIAN_POINT('',(11.571164256904,88.55511780006));
#2430 = CARTESIAN_POINT('',(12.929311864256,88.41193949156));
#2431 = CARTESIAN_POINT('',(14.284401566357,88.24291032866));
#2432 = CARTESIAN_POINT('',(15.635872961367,88.04819143146));
#2433 = CARTESIAN_POINT('',(16.983173223793,87.82797354116));
#2434 = ( GEOMETRIC_REPRESENTATION_CONTEXT(2) 
PARAMETRIC_REPRESENTATION_CONTEXT() REPRESENTATION_CONTEXT('2D SPACE',''
  ) );
#2435 = ORIENTED_EDGE('',*,*,#2436,.F.);
#2436 = EDGE_CURVE('',#2437,#2279,#2439,.T.);
#2437 = VERTEX_POINT('',#2438);
#2438 = CARTESIAN_POINT('',(-3.810000121593,30.480000972748,
    -126.910669795));
#2439 = SURFACE_CURVE('',#2440,(#2446,#2455),.PCURVE_S1.);
#2440 = B_SPLINE_CURVE_WITH_KNOTS('',4,(#2441,#2442,#2443,#2444,#2445),
  .UNSPECIFIED.,.F.,.F.,(5,5),(0.,1.),.PIECEWISE_BEZIER_KNOTS.);
#2441 = CARTESIAN_POINT('',(-3.810000121593,30.480000972748,
    -126.910669795));
#2442 = CARTESIAN_POINT('',(-3.810000121593,31.115000993013,
    -126.910669795));
#2443 = CARTESIAN_POINT('',(-3.810000121593,31.750001013279,
    -126.910669795));
#2444 = CARTESIAN_POINT('',(-3.810000121593,32.385001033544,
    -126.910669795));
#2445 = CARTESIAN_POINT('',(-3.810000121593,33.02000105381,
    -126.910669795));
#2446 = PCURVE('',#322,#2447);
#2447 = DEFINITIONAL_REPRESENTATION('',(#2448),#2454);
#2448 = B_SPLINE_CURVE_WITH_KNOTS('',4,(#2449,#2450,#2451,#2452,#2453),
  .UNSPECIFIED.,.F.,.F.,(5,5),(0.,1.),.PIECEWISE_BEZIER_KNOTS.);
#2449 = CARTESIAN_POINT('',(4.134546041765E-02,3.048000097275));
#2450 = CARTESIAN_POINT('',(4.134546041765E-02,3.111500099301));
#2451 = CARTESIAN_POINT('',(4.134546041765E-02,3.175000101328));
#2452 = CARTESIAN_POINT('',(4.134546041765E-02,3.238500103354));
#2453 = CARTESIAN_POINT('',(4.134546041765E-02,3.302000105381));
#2454 = ( GEOMETRIC_REPRESENTATION_CONTEXT(2) 
PARAMETRIC_REPRESENTATION_CONTEXT() REPRESENTATION_CONTEXT('2D SPACE',''
  ) );
#2455 = PCURVE('',#2456,#2461);
#2456 = PLANE('',#2457);
#2457 = AXIS2_PLACEMENT_3D('',#2458,#2459,#2460);
#2458 = CARTESIAN_POINT('',(-3.810000121593,30.480000972748,
    -38.10000190734));
#2459 = DIRECTION('',(-1.,0.,0.));
#2460 = DIRECTION('',(0.,1.,0.));
#2461 = DEFINITIONAL_REPRESENTATION('',(#2462),#2468);
#2462 = B_SPLINE_CURVE_WITH_KNOTS('',4,(#2463,#2464,#2465,#2466,#2467),
  .UNSPECIFIED.,.F.,.F.,(5,5),(0.,1.),.PIECEWISE_BEZIER_KNOTS.);
#2463 = CARTESIAN_POINT('',(0.,88.81066788766));
#2464 = CARTESIAN_POINT('',(0.635000020265,88.81066788766));
#2465 = CARTESIAN_POINT('',(1.270000040531,88.81066788766));
#2466 = CARTESIAN_POINT('',(1.905000060796,88.81066788766));
#2467 = CARTESIAN_POINT('',(2.540000081062,88.81066788766));
#2468 = ( GEOMETRIC_REPRESENTATION_CONTEXT(2) 
PARAMETRIC_REPRESENTATION_CONTEXT() REPRESENTATION_CONTEXT('2D SPACE',''
  ) );
#2469 = ORIENTED_EDGE('',*,*,#2470,.T.);
#2470 = EDGE_CURVE('',#2437,#2471,#2473,.T.);
#2471 = VERTEX_POINT('',#2472);
#2472 = CARTESIAN_POINT('',(-1.054941181797,30.480000972748,
    -126.9931518148));
#2473 = SURFACE_CURVE('',#2474,(#2533,#2560),.PCURVE_S1.);
#2474 = B_SPLINE_CURVE_WITH_KNOTS('',8,(#2475,#2476,#2477,#2478,#2479,
    #2480,#2481,#2482,#2483,#2484,#2485,#2486,#2487,#2488,#2489,#2490,
    #2491,#2492,#2493,#2494,#2495,#2496,#2497,#2498,#2499,#2500,#2501,
    #2502,#2503,#2504,#2505,#2506,#2507,#2508,#2509,#2510,#2511,#2512,
    #2513,#2514,#2515,#2516,#2517,#2518,#2519,#2520,#2521,#2522,#2523,
    #2524,#2525,#2526,#2527,#2528,#2529,#2530,#2531,#2532),
  .UNSPECIFIED.,.F.,.F.,(9,7,7,7,7,7,7,7,9),(0.,0.482561055073,
    0.633278326864,0.714898827902,0.861304340728,0.895442836021,
    0.906700841811,0.929243758557,1.),.UNSPECIFIED.);
#2475 = CARTESIAN_POINT('',(-96.92022078453,30.480000972748,
    -38.10000190734));
#2476 = CARTESIAN_POINT('',(-94.64041809869,30.480000972748,
    -47.16163939897));
#2477 = CARTESIAN_POINT('',(-91.72163916908,30.480000972748,
    -56.05635230742));
#2478 = CARTESIAN_POINT('',(-88.1556757566,30.480000972748,
    -64.73660534088));
#2479 = CARTESIAN_POINT('',(-83.93124490426,30.480000972748,
    -73.13667882155));
#2480 = CARTESIAN_POINT('',(-79.04030907443,30.480000972748,
    -81.17591383315));
#2481 = CARTESIAN_POINT('',(-73.48073833335,30.480000972748,
    -88.76002366945));
#2482 = CARTESIAN_POINT('',(-67.25964348647,30.480000972748,
    -95.78289287507));
#2483 = CARTESIAN_POINT('',(-58.24978639061,30.480000972748,
    -104.1080613108));
#2484 = CARTESIAN_POINT('',(-56.04350428045,30.480000972748,
    -106.0223516561));
#2485 = CARTESIAN_POINT('',(-53.77622953906,30.480000972748,
    -107.8657399336));
#2486 = CARTESIAN_POINT('',(-51.44922460787,30.480000972748,
    -109.6342409606));
#2487 = CARTESIAN_POINT('',(-49.06405817321,30.480000972748,
    -111.3237658171));
#2488 = CARTESIAN_POINT('',(-46.62264109719,30.480000972748,
    -112.9301712651));
#2489 = CARTESIAN_POINT('',(-44.12726873065,30.480000972748,
    -114.4493185139));
#2490 = CARTESIAN_POINT('',(-40.20156624562,30.480000972748,
    -116.65037463));
#2491 = CARTESIAN_POINT('',(-38.80744263131,30.480000972748,
    -117.3968230903));
#2492 = CARTESIAN_POINT('',(-37.39873749099,30.480000972748,
    -118.1158387764));
#2493 = CARTESIAN_POINT('',(-35.97592399221,30.480000972748,
    -118.8067819532));
#2494 = CARTESIAN_POINT('',(-34.53951154475,30.480000972748,
    -119.469024958));
#2495 = CARTESIAN_POINT('',(-33.09004760101,30.480000972748,
    -120.1019560751));
#2496 = CARTESIAN_POINT('',(-31.6281194564,30.480000972748,
    -120.7049834095));
#2497 = CARTESIAN_POINT('',(-27.51081570652,30.480000972748,
    -122.3045510792));
#2498 = CARTESIAN_POINT('',(-24.8290637569,30.480000972748,
    -123.2335721379));
#2499 = CARTESIAN_POINT('',(-22.11286632458,30.480000972748,
    -124.0612513561));
#2500 = CARTESIAN_POINT('',(-19.36627056344,30.480000972748,
    -124.784585349));
#2501 = CARTESIAN_POINT('',(-16.59361273422,30.480000972748,
    -125.4009523819));
#2502 = CARTESIAN_POINT('',(-13.79953032726,30.480000972748,
    -125.9081652535));
#2503 = CARTESIAN_POINT('',(-10.98897823138,30.480000972748,
    -126.3045426073));
#2504 = CARTESIAN_POINT('',(-7.509284710026,30.480000972748,
    -126.6553274745));
#2505 = CARTESIAN_POINT('',(-6.850707185254,30.480000972748,
    -126.7155714989));
#2506 = CARTESIAN_POINT('',(-6.1915814687,30.480000972748,
    -126.7697169861));
#2507 = CARTESIAN_POINT('',(-5.531972963066,30.480000972748,
    -126.8177519368));
#2508 = CARTESIAN_POINT('',(-4.871947379717,30.480000972748,
    -126.8596661141));
#2509 = CARTESIAN_POINT('',(-4.211570738684,30.480000972748,
    -126.8954510426));
#2510 = CARTESIAN_POINT('',(-3.550909368662,30.480000972748,
    -126.9251000094));
#2511 = CARTESIAN_POINT('',(-2.672088701859,30.480000972748,
    -126.9563604202));
#2512 = CARTESIAN_POINT('',(-2.454344830149,30.480000972748,
    -126.9634370839));
#2513 = CARTESIAN_POINT('',(-2.236800275125,30.480000972748,
    -126.9698402667));
#2514 = CARTESIAN_POINT('',(-2.019457002443,30.480000972748,
    -126.9755721914));
#2515 = CARTESIAN_POINT('',(-1.802316960168,30.480000972748,
    -126.9806350913));
#2516 = CARTESIAN_POINT('',(-1.585382078771,30.480000972748,
    -126.98503121));
#2517 = CARTESIAN_POINT('',(-1.368654271135,30.480000972748,
    -126.9887628017));
#2518 = CARTESIAN_POINT('',(-0.718580303601,30.480000972748,
    -126.9979781243));
#2519 = CARTESIAN_POINT('',(-0.287237117315,30.480000972748,
    -127.001449254));
#2520 = CARTESIAN_POINT('',(0.143444769085,30.480000972748,
    -127.0023152114));
#2521 = CARTESIAN_POINT('',(0.57456191999,30.480000972748,-127.00058567)
  );
#2522 = CARTESIAN_POINT('',(1.006760084331,30.480000972748,
    -126.9962356617));
#2523 = CARTESIAN_POINT('',(1.440227590608,30.480000972748,
    -126.9892284637));
#2524 = CARTESIAN_POINT('',(1.874703281449,30.480000972748,
    -126.9795400508));
#2525 = CARTESIAN_POINT('',(3.674093239259,30.480000972748,
    -126.9283993802));
#2526 = CARTESIAN_POINT('',(5.03797581719,30.480000972748,-126.863432141
    ));
#2527 = CARTESIAN_POINT('',(6.400527781525,30.480000972748,
    -126.7723163858));
#2528 = CARTESIAN_POINT('',(7.761165623535,30.480000972748,
    -126.6551195792));
#2529 = CARTESIAN_POINT('',(9.119313599536,30.480000972748,
    -126.5119412032));
#2530 = CARTESIAN_POINT('',(10.474403667991,30.480000972748,
    -126.3429119586));
#2531 = CARTESIAN_POINT('',(11.825875426615,30.480000972748,
    -126.1481929661));
#2532 = CARTESIAN_POINT('',(13.173176049474,30.480000972748,
    -125.9279749667));
#2533 = PCURVE('',#322,#2534);
#2534 = DEFINITIONAL_REPRESENTATION('',(#2535),#2559);
#2535 = B_SPLINE_CURVE_WITH_KNOTS('',8,(#2536,#2537,#2538,#2539,#2540,
    #2541,#2542,#2543,#2544,#2545,#2546,#2547,#2548,#2549,#2550,#2551,
    #2552,#2553,#2554,#2555,#2556,#2557,#2558),.UNSPECIFIED.,.F.,.F.,(9,
    7,7,9),(0.889501248642,0.895442828885,0.906700820923,0.90733285389),
  .UNSPECIFIED.);
#2536 = CARTESIAN_POINT('',(4.134546041764E-02,3.048000097275));
#2537 = CARTESIAN_POINT('',(4.010659188489E-02,3.048000097275));
#2538 = CARTESIAN_POINT('',(3.886706052958E-02,3.048000097275));
#2539 = CARTESIAN_POINT('',(3.762686587626E-02,3.048000097275));
#2540 = CARTESIAN_POINT('',(3.638600745001E-02,3.048000097275));
#2541 = CARTESIAN_POINT('',(3.514448477643E-02,3.048000097275));
#2542 = CARTESIAN_POINT('',(3.390229738166E-02,3.048000097275));
#2543 = CARTESIAN_POINT('',(3.265944479238E-02,3.048000097275));
#2544 = CARTESIAN_POINT('',(2.905973204559E-02,3.048000097275));
#2545 = CARTESIAN_POINT('',(2.670353755549E-02,3.048000097275));
#2546 = CARTESIAN_POINT('',(2.434734306541E-02,3.048000097275));
#2547 = CARTESIAN_POINT('',(2.199114857525E-02,3.048000097275));
#2548 = CARTESIAN_POINT('',(1.963495408497E-02,3.048000097275));
#2549 = CARTESIAN_POINT('',(1.727875959463E-02,3.048000097275));
#2550 = CARTESIAN_POINT('',(1.492256510435E-02,3.048000097275));
#2551 = CARTESIAN_POINT('',(1.243409191066E-02,3.048000097275));
#2552 = CARTESIAN_POINT('',(1.230182633726E-02,3.048000097275));
#2553 = CARTESIAN_POINT('',(1.21695735132E-02,3.048000097275));
#2554 = CARTESIAN_POINT('',(1.203733303008E-02,3.048000097275));
#2555 = CARTESIAN_POINT('',(1.190510445697E-02,3.048000097275));
#2556 = CARTESIAN_POINT('',(1.177288734484E-02,3.048000097275));
#2557 = CARTESIAN_POINT('',(1.164068123058E-02,3.048000097275));
#2558 = CARTESIAN_POINT('',(1.15084856407E-02,3.048000097275));
#2559 = ( GEOMETRIC_REPRESENTATION_CONTEXT(2) 
PARAMETRIC_REPRESENTATION_CONTEXT() REPRESENTATION_CONTEXT('2D SPACE',''
  ) );
#2560 = PCURVE('',#2561,#2566);
#2561 = PLANE('',#2562);
#2562 = AXIS2_PLACEMENT_3D('',#2563,#2564,#2565);
#2563 = CARTESIAN_POINT('',(-1.054941181797,30.480000972748,
    -38.10000190734));
#2564 = DIRECTION('',(0.,-1.,0.));
#2565 = DIRECTION('',(-1.,0.,0.));
#2566 = DEFINITIONAL_REPRESENTATION('',(#2567),#2626);
#2567 = B_SPLINE_CURVE_WITH_KNOTS('',8,(#2568,#2569,#2570,#2571,#2572,
    #2573,#2574,#2575,#2576,#2577,#2578,#2579,#2580,#2581,#2582,#2583,
    #2584,#2585,#2586,#2587,#2588,#2589,#2590,#2591,#2592,#2593,#2594,
    #2595,#2596,#2597,#2598,#2599,#2600,#2601,#2602,#2603,#2604,#2605,
    #2606,#2607,#2608,#2609,#2610,#2611,#2612,#2613,#2614,#2615,#2616,
    #2617,#2618,#2619,#2620,#2621,#2622,#2623,#2624,#2625),
  .UNSPECIFIED.,.F.,.F.,(9,7,7,7,7,7,7,7,9),(0.,0.482561055073,
    0.633278326864,0.714898827902,0.861304340728,0.895442836021,
    0.906700841811,0.929243758557,1.),.UNSPECIFIED.);
#2568 = CARTESIAN_POINT('',(95.865279602733,0.));
#2569 = CARTESIAN_POINT('',(93.585476916893,9.06163749163));
#2570 = CARTESIAN_POINT('',(90.666697987283,17.95635040008));
#2571 = CARTESIAN_POINT('',(87.100734574803,26.63660343354));
#2572 = CARTESIAN_POINT('',(82.876303722463,35.03667691421));
#2573 = CARTESIAN_POINT('',(77.985367892633,43.07591192581));
#2574 = CARTESIAN_POINT('',(72.425797151553,50.66002176211));
#2575 = CARTESIAN_POINT('',(66.204702304673,57.68289096773));
#2576 = CARTESIAN_POINT('',(57.194845208813,66.00805940346));
#2577 = CARTESIAN_POINT('',(54.988563098653,67.92234974876));
#2578 = CARTESIAN_POINT('',(52.721288357263,69.76573802626));
#2579 = CARTESIAN_POINT('',(50.394283426073,71.53423905326));
#2580 = CARTESIAN_POINT('',(48.009116991413,73.22376390976));
#2581 = CARTESIAN_POINT('',(45.567699915393,74.83016935776));
#2582 = CARTESIAN_POINT('',(43.072327548853,76.34931660656));
#2583 = CARTESIAN_POINT('',(39.146625063823,78.55037272266));
#2584 = CARTESIAN_POINT('',(37.752501449513,79.29682118296));
#2585 = CARTESIAN_POINT('',(36.343796309193,80.01583686906));
#2586 = CARTESIAN_POINT('',(34.920982810413,80.70678004586));
#2587 = CARTESIAN_POINT('',(33.484570362953,81.36902305066));
#2588 = CARTESIAN_POINT('',(32.035106419213,82.00195416776));
#2589 = CARTESIAN_POINT('',(30.573178274603,82.60498150216));
#2590 = CARTESIAN_POINT('',(26.455874524723,84.20454917186));
#2591 = CARTESIAN_POINT('',(23.774122575103,85.13357023056));
#2592 = CARTESIAN_POINT('',(21.057925142783,85.96124944876));
#2593 = CARTESIAN_POINT('',(18.311329381643,86.68458344166));
#2594 = CARTESIAN_POINT('',(15.538671552423,87.30095047456));
#2595 = CARTESIAN_POINT('',(12.744589145463,87.80816334616));
#2596 = CARTESIAN_POINT('',(9.934037049583,88.20454069996));
#2597 = CARTESIAN_POINT('',(6.454343528229,88.55532556716));
#2598 = CARTESIAN_POINT('',(5.795766003457,88.61556959156));
#2599 = CARTESIAN_POINT('',(5.136640286903,88.66971507876));
#2600 = CARTESIAN_POINT('',(4.477031781269,88.71775002946));
#2601 = CARTESIAN_POINT('',(3.81700619792,88.75966420676));
#2602 = CARTESIAN_POINT('',(3.156629556887,88.79544913526));
#2603 = CARTESIAN_POINT('',(2.495968186865,88.82509810206));
#2604 = CARTESIAN_POINT('',(1.617147520062,88.85635851286));
#2605 = CARTESIAN_POINT('',(1.399403648352,88.86343517656));
#2606 = CARTESIAN_POINT('',(1.181859093328,88.86983835936));
#2607 = CARTESIAN_POINT('',(0.964515820646,88.87557028406));
#2608 = CARTESIAN_POINT('',(0.747375778371,88.88063318396));
#2609 = CARTESIAN_POINT('',(0.530440896974,88.88502930266));
#2610 = CARTESIAN_POINT('',(0.313713089338,88.88876089436));
#2611 = CARTESIAN_POINT('',(-0.336360878196,88.89797621696));
#2612 = CARTESIAN_POINT('',(-0.767704064482,88.90144734666));
#2613 = CARTESIAN_POINT('',(-1.198385950882,88.90231330406));
#2614 = CARTESIAN_POINT('',(-1.629503101787,88.90058376266));
#2615 = CARTESIAN_POINT('',(-2.061701266128,88.89623375436));
#2616 = CARTESIAN_POINT('',(-2.495168772405,88.88922655636));
#2617 = CARTESIAN_POINT('',(-2.929644463246,88.87953814346));
#2618 = CARTESIAN_POINT('',(-4.729034421056,88.82839747286));
#2619 = CARTESIAN_POINT('',(-6.092916998987,88.76343023366));
#2620 = CARTESIAN_POINT('',(-7.455468963322,88.67231447846));
#2621 = CARTESIAN_POINT('',(-8.816106805332,88.55511767186));
#2622 = CARTESIAN_POINT('',(-10.17425478133,88.41193929586));
#2623 = CARTESIAN_POINT('',(-11.52934484978,88.24291005126));
#2624 = CARTESIAN_POINT('',(-12.88081660841,88.04819105876));
#2625 = CARTESIAN_POINT('',(-14.22811723127,87.82797305936));
#2626 = ( GEOMETRIC_REPRESENTATION_CONTEXT(2) 
PARAMETRIC_REPRESENTATION_CONTEXT() REPRESENTATION_CONTEXT('2D SPACE',''
  ) );
#2627 = ORIENTED_EDGE('',*,*,#2628,.T.);
#2628 = EDGE_CURVE('',#2471,#1741,#2629,.T.);
#2629 = SURFACE_CURVE('',#2630,(#2639,#2668),.PCURVE_S1.);
#2630 = B_SPLINE_CURVE_WITH_KNOTS('',4,(#2631,#2632,#2633,#2634,#2635,
    #2636,#2637,#2638),.UNSPECIFIED.,.F.,.F.,(5,3,5),(0.,0.584777635062,
    1.),.UNSPECIFIED.);
#2631 = CARTESIAN_POINT('',(-1.054941181797,30.480000972748,
    -126.9931518148));
#2632 = CARTESIAN_POINT('',(-0.797996769558,30.266566930817,
    -126.9964869017));
#2633 = CARTESIAN_POINT('',(-0.48086429815,30.121160968666,
    -126.9995521308));
#2634 = CARTESIAN_POINT('',(-0.137820857861,30.071104774489,
    -127.000559986));
#2635 = CARTESIAN_POINT('',(0.430204123753,30.138437968514,
    -126.9992017871));
#2636 = CARTESIAN_POINT('',(0.660671071598,30.211616235952,
    -126.9977316041));
#2637 = CARTESIAN_POINT('',(0.872509100969,30.328461516997,
    -126.9955197466));
#2638 = CARTESIAN_POINT('',(1.054941181797,30.480000972748,
    -126.9931518148));
#2639 = PCURVE('',#322,#2640);
#2640 = DEFINITIONAL_REPRESENTATION('',(#2641),#2667);
#2641 = B_SPLINE_CURVE_WITH_KNOTS('',3,(#2642,#2643,#2644,#2645,#2646,
    #2647,#2648,#2649,#2650,#2651,#2652,#2653,#2654,#2655,#2656,#2657,
    #2658,#2659,#2660,#2661,#2662,#2663,#2664,#2665,#2666),
  .UNSPECIFIED.,.F.,.F.,(4,1,1,1,1,1,1,1,1,1,1,1,1,1,1,1,1,1,1,1,1,1,4),
  (0.,2.271138365052E-02,4.542276730103E-02,6.813415095155E-02,
    9.084553460207E-02,0.113556918253,0.136268301903,0.158979685554,
    0.181691069204,0.204402452855,0.227113836505,0.249825220156,
    0.272536603806,0.295247987457,0.317959371107,0.340670754758,
    0.363382138408,0.386093522059,0.408804905709,0.43151628936,
    0.45422767301,0.476939056661,0.499650440311),.QUASI_UNIFORM_KNOTS.);
#2642 = CARTESIAN_POINT('',(1.15084856407E-02,3.048000097275));
#2643 = CARTESIAN_POINT('',(1.136363823078E-02,3.046894845533));
#2644 = CARTESIAN_POINT('',(1.106996695141E-02,3.044725443884));
#2645 = CARTESIAN_POINT('',(1.061805230487E-02,3.041598198149));
#2646 = CARTESIAN_POINT('',(1.015525092323E-02,3.038601431591));
#2647 = CARTESIAN_POINT('',(9.682086104209E-03,3.03573851743));
#2648 = CARTESIAN_POINT('',(9.19908268703E-03,3.033012665526));
#2649 = CARTESIAN_POINT('',(8.706767286318E-03,3.030426899373));
#2650 = CARTESIAN_POINT('',(8.205668257558E-03,3.027984062261));
#2651 = CARTESIAN_POINT('',(7.696315733312E-03,3.025686815629));
#2652 = CARTESIAN_POINT('',(7.179241639282E-03,3.023537639503));
#2653 = CARTESIAN_POINT('',(6.654979714555E-03,3.02153883238));
#2654 = CARTESIAN_POINT('',(6.124065529473E-03,3.01969251126));
#2655 = CARTESIAN_POINT('',(5.587036502869E-03,3.018000611634));
#2656 = CARTESIAN_POINT('',(5.044431918168E-03,3.016464887492));
#2657 = CARTESIAN_POINT('',(4.496792938506E-03,3.015086911316));
#2658 = CARTESIAN_POINT('',(3.94466262066E-03,3.01386807409));
#2659 = CARTESIAN_POINT('',(3.388585928345E-03,3.012809585268));
#2660 = CARTESIAN_POINT('',(2.829109742804E-03,3.011912472894));
#2661 = CARTESIAN_POINT('',(2.266782878366E-03,3.011177583159));
#2662 = CARTESIAN_POINT('',(1.702156074222E-03,3.010605582049));
#2663 = CARTESIAN_POINT('',(1.13578206971E-03,3.010196949186));
#2664 = CARTESIAN_POINT('',(5.682153626424E-04,3.009952000832));
#2665 = CARTESIAN_POINT('',(1.894138843252E-04,3.009897869629));
#2666 = CARTESIAN_POINT('',(-3.617864751989E-11,3.009898118994));
#2667 = ( GEOMETRIC_REPRESENTATION_CONTEXT(2) 
PARAMETRIC_REPRESENTATION_CONTEXT() REPRESENTATION_CONTEXT('2D SPACE',''
  ) );
#2668 = PCURVE('',#1768,#2669);
#2669 = DEFINITIONAL_REPRESENTATION('',(#2670),#2696);
#2670 = B_SPLINE_CURVE_WITH_KNOTS('',3,(#2671,#2672,#2673,#2674,#2675,
    #2676,#2677,#2678,#2679,#2680,#2681,#2682,#2683,#2684,#2685,#2686,
    #2687,#2688,#2689,#2690,#2691,#2692,#2693,#2694,#2695),
  .UNSPECIFIED.,.F.,.F.,(4,1,1,1,1,1,1,1,1,1,1,1,1,1,1,1,1,1,1,1,1,1,4),
  (0.,2.271138365052E-02,4.542276730104E-02,6.813415095155E-02,
    9.084553460207E-02,0.113556918253,0.136268301903,0.158979685554,
    0.181691069204,0.204402452855,0.227113836505,0.249825220156,
    0.272536603806,0.295247987457,0.317959371107,0.340670754758,
    0.363382138408,0.386093522059,0.408804905709,0.43151628936,
    0.45422767301,0.476939056661,0.499650440311),.UNSPECIFIED.);
#2671 = CARTESIAN_POINT('',(1.386319738313,88.89314990746));
#2672 = CARTESIAN_POINT('',(1.375842944232,88.893322619297));
#2673 = CARTESIAN_POINT('',(1.354879138526,88.8936663795));
#2674 = CARTESIAN_POINT('',(1.323407717861,88.894174694488));
#2675 = CARTESIAN_POINT('',(1.291915689981,88.894673305497));
#2676 = CARTESIAN_POINT('',(1.260407584489,88.895159987025));
#2677 = CARTESIAN_POINT('',(1.228887526239,88.895632613962));
#2678 = CARTESIAN_POINT('',(1.197359171675,88.896089175729));
#2679 = CARTESIAN_POINT('',(1.165825717427,88.896527772493));
#2680 = CARTESIAN_POINT('',(1.134289898745,88.896946616177));
#2681 = CARTESIAN_POINT('',(1.102753999487,88.897344030192));
#2682 = CARTESIAN_POINT('',(1.071219867393,88.897718449508));
#2683 = CARTESIAN_POINT('',(1.03968893581,88.898068420635));
#2684 = CARTESIAN_POINT('',(1.008162250997,88.898392601629));
#2685 = CARTESIAN_POINT('',(0.976640504622,88.898689762088));
#2686 = CARTESIAN_POINT('',(0.945124070909,88.898958783156));
#2687 = CARTESIAN_POINT('',(0.913613047902,88.899198657517));
#2688 = CARTESIAN_POINT('',(0.882107302295,88.899408489414));
#2689 = CARTESIAN_POINT('',(0.850606517161,88.899587494578));
#2690 = CARTESIAN_POINT('',(0.819110242444,88.899735000496));
#2691 = CARTESIAN_POINT('',(0.787617945874,88.899850445401));
#2692 = CARTESIAN_POINT('',(0.756129070315,88.899933382057));
#2693 = CARTESIAN_POINT('',(0.724643072275,88.89998346362));
#2694 = CARTESIAN_POINT('',(0.703654046138,88.89999481881));
#2695 = CARTESIAN_POINT('',(0.693159867152,88.899994948702));
#2696 = ( GEOMETRIC_REPRESENTATION_CONTEXT(2) 
PARAMETRIC_REPRESENTATION_CONTEXT() REPRESENTATION_CONTEXT('2D SPACE',''
  ) );
#2697 = ADVANCED_FACE('',(#2698),#2561,.F.);
#2698 = FACE_BOUND('',#2699,.F.);
#2699 = EDGE_LOOP('',(#2700,#2723,#2751,#2772));
#2700 = ORIENTED_EDGE('',*,*,#2701,.F.);
#2701 = EDGE_CURVE('',#2702,#2471,#2704,.T.);
#2702 = VERTEX_POINT('',#2703);
#2703 = CARTESIAN_POINT('',(-1.054941181797,30.480000972748,
    -38.10000190734));
#2704 = SURFACE_CURVE('',#2705,(#2709,#2716),.PCURVE_S1.);
#2705 = LINE('',#2706,#2707);
#2706 = CARTESIAN_POINT('',(-1.054941181797,30.480000972748,
    -38.10000190734));
#2707 = VECTOR('',#2708,1.);
#2708 = DIRECTION('',(0.,0.,-1.));
#2709 = PCURVE('',#2561,#2710);
#2710 = DEFINITIONAL_REPRESENTATION('',(#2711),#2715);
#2711 = LINE('',#2712,#2713);
#2712 = CARTESIAN_POINT('',(0.,-0.));
#2713 = VECTOR('',#2714,1.);
#2714 = DIRECTION('',(0.,1.));
#2715 = ( GEOMETRIC_REPRESENTATION_CONTEXT(2) 
PARAMETRIC_REPRESENTATION_CONTEXT() REPRESENTATION_CONTEXT('2D SPACE',''
  ) );
#2716 = PCURVE('',#1768,#2717);
#2717 = DEFINITIONAL_REPRESENTATION('',(#2718),#2722);
#2718 = LINE('',#2719,#2720);
#2719 = CARTESIAN_POINT('',(1.386319738313,0.));
#2720 = VECTOR('',#2721,1.);
#2721 = DIRECTION('',(0.,1.));
#2722 = ( GEOMETRIC_REPRESENTATION_CONTEXT(2) 
PARAMETRIC_REPRESENTATION_CONTEXT() REPRESENTATION_CONTEXT('2D SPACE',''
  ) );
#2723 = ORIENTED_EDGE('',*,*,#2724,.F.);
#2724 = EDGE_CURVE('',#2725,#2702,#2727,.T.);
#2725 = VERTEX_POINT('',#2726);
#2726 = CARTESIAN_POINT('',(-3.810000121593,30.480000972748,
    -38.10000190734));
#2727 = SURFACE_CURVE('',#2728,(#2732,#2739),.PCURVE_S1.);
#2728 = LINE('',#2729,#2730);
#2729 = CARTESIAN_POINT('',(-3.810000121593,30.480000972748,
    -38.10000190734));
#2730 = VECTOR('',#2731,1.);
#2731 = DIRECTION('',(1.,0.,0.));
#2732 = PCURVE('',#2561,#2733);
#2733 = DEFINITIONAL_REPRESENTATION('',(#2734),#2738);
#2734 = LINE('',#2735,#2736);
#2735 = CARTESIAN_POINT('',(2.755058939796,0.));
#2736 = VECTOR('',#2737,1.);
#2737 = DIRECTION('',(-1.,-0.));
#2738 = ( GEOMETRIC_REPRESENTATION_CONTEXT(2) 
PARAMETRIC_REPRESENTATION_CONTEXT() REPRESENTATION_CONTEXT('2D SPACE',''
  ) );
#2739 = PCURVE('',#2740,#2745);
#2740 = PLANE('',#2741);
#2741 = AXIS2_PLACEMENT_3D('',#2742,#2743,#2744);
#2742 = CARTESIAN_POINT('',(1.525878907671E-06,115.25946816324,
    -38.10000190734));
#2743 = DIRECTION('',(0.,0.,-1.));
#2744 = DIRECTION('',(-1.,0.,0.));
#2745 = DEFINITIONAL_REPRESENTATION('',(#2746),#2750);
#2746 = LINE('',#2747,#2748);
#2747 = CARTESIAN_POINT('',(3.810001647472,-84.77946719049));
#2748 = VECTOR('',#2749,1.);
#2749 = DIRECTION('',(-1.,0.));
#2750 = ( GEOMETRIC_REPRESENTATION_CONTEXT(2) 
PARAMETRIC_REPRESENTATION_CONTEXT() REPRESENTATION_CONTEXT('2D SPACE',''
  ) );
#2751 = ORIENTED_EDGE('',*,*,#2752,.T.);
#2752 = EDGE_CURVE('',#2725,#2437,#2753,.T.);
#2753 = SURFACE_CURVE('',#2754,(#2758,#2765),.PCURVE_S1.);
#2754 = LINE('',#2755,#2756);
#2755 = CARTESIAN_POINT('',(-3.810000121593,30.480000972748,
    -38.10000190734));
#2756 = VECTOR('',#2757,1.);
#2757 = DIRECTION('',(0.,0.,-1.));
#2758 = PCURVE('',#2561,#2759);
#2759 = DEFINITIONAL_REPRESENTATION('',(#2760),#2764);
#2760 = LINE('',#2761,#2762);
#2761 = CARTESIAN_POINT('',(2.755058939796,0.));
#2762 = VECTOR('',#2763,1.);
#2763 = DIRECTION('',(0.,1.));
#2764 = ( GEOMETRIC_REPRESENTATION_CONTEXT(2) 
PARAMETRIC_REPRESENTATION_CONTEXT() REPRESENTATION_CONTEXT('2D SPACE',''
  ) );
#2765 = PCURVE('',#2456,#2766);
#2766 = DEFINITIONAL_REPRESENTATION('',(#2767),#2771);
#2767 = LINE('',#2768,#2769);
#2768 = CARTESIAN_POINT('',(0.,0.));
#2769 = VECTOR('',#2770,1.);
#2770 = DIRECTION('',(0.,1.));
#2771 = ( GEOMETRIC_REPRESENTATION_CONTEXT(2) 
PARAMETRIC_REPRESENTATION_CONTEXT() REPRESENTATION_CONTEXT('2D SPACE',''
  ) );
#2772 = ORIENTED_EDGE('',*,*,#2470,.T.);
#2773 = ADVANCED_FACE('',(#2774,#2883),#2740,.F.);
#2774 = FACE_BOUND('',#2775,.F.);
#2775 = EDGE_LOOP('',(#2776,#2806,#2834,#2857));
#2776 = ORIENTED_EDGE('',*,*,#2777,.T.);
#2777 = EDGE_CURVE('',#2778,#2780,#2782,.T.);
#2778 = VERTEX_POINT('',#2779);
#2779 = CARTESIAN_POINT('',(-76.19999847412,26.359468163245,
    -38.10000190734));
#2780 = VERTEX_POINT('',#2781);
#2781 = CARTESIAN_POINT('',(-76.19999847412,39.059468163245,
    -38.10000190734));
#2782 = SURFACE_CURVE('',#2783,(#2787,#2794),.PCURVE_S1.);
#2783 = LINE('',#2784,#2785);
#2784 = CARTESIAN_POINT('',(-76.19999847412,0.,-38.10000190734));
#2785 = VECTOR('',#2786,1.);
#2786 = DIRECTION('',(0.,1.,0.));
#2787 = PCURVE('',#2740,#2788);
#2788 = DEFINITIONAL_REPRESENTATION('',(#2789),#2793);
#2789 = LINE('',#2790,#2791);
#2790 = CARTESIAN_POINT('',(76.199999999999,-115.2594681632));
#2791 = VECTOR('',#2792,1.);
#2792 = DIRECTION('',(0.,1.));
#2793 = ( GEOMETRIC_REPRESENTATION_CONTEXT(2) 
PARAMETRIC_REPRESENTATION_CONTEXT() REPRESENTATION_CONTEXT('2D SPACE',''
  ) );
#2794 = PCURVE('',#2795,#2800);
#2795 = PLANE('',#2796);
#2796 = AXIS2_PLACEMENT_3D('',#2797,#2798,#2799);
#2797 = CARTESIAN_POINT('',(-76.19999847412,26.359468163245,
    126.99999809265));
#2798 = DIRECTION('',(-1.,0.,0.));
#2799 = DIRECTION('',(0.,1.,0.));
#2800 = DEFINITIONAL_REPRESENTATION('',(#2801),#2805);
#2801 = LINE('',#2802,#2803);
#2802 = CARTESIAN_POINT('',(-26.35946816324,165.09999999999));
#2803 = VECTOR('',#2804,1.);
#2804 = DIRECTION('',(1.,0.));
#2805 = ( GEOMETRIC_REPRESENTATION_CONTEXT(2) 
PARAMETRIC_REPRESENTATION_CONTEXT() REPRESENTATION_CONTEXT('2D SPACE',''
  ) );
#2806 = ORIENTED_EDGE('',*,*,#2807,.F.);
#2807 = EDGE_CURVE('',#2808,#2780,#2810,.T.);
#2808 = VERTEX_POINT('',#2809);
#2809 = CARTESIAN_POINT('',(76.199998474121,39.059468163245,
    -38.10000190734));
#2810 = SURFACE_CURVE('',#2811,(#2815,#2822),.PCURVE_S1.);
#2811 = LINE('',#2812,#2813);
#2812 = CARTESIAN_POINT('',(-76.19999847412,39.059468163245,
    -38.10000190734));
#2813 = VECTOR('',#2814,1.);
#2814 = DIRECTION('',(-1.,0.,0.));
#2815 = PCURVE('',#2740,#2816);
#2816 = DEFINITIONAL_REPRESENTATION('',(#2817),#2821);
#2817 = LINE('',#2818,#2819);
#2818 = CARTESIAN_POINT('',(76.199999999999,-76.19999999999));
#2819 = VECTOR('',#2820,1.);
#2820 = DIRECTION('',(1.,0.));
#2821 = ( GEOMETRIC_REPRESENTATION_CONTEXT(2) 
PARAMETRIC_REPRESENTATION_CONTEXT() REPRESENTATION_CONTEXT('2D SPACE',''
  ) );
#2822 = PCURVE('',#2823,#2828);
#2823 = PLANE('',#2824);
#2824 = AXIS2_PLACEMENT_3D('',#2825,#2826,#2827);
#2825 = CARTESIAN_POINT('',(1.525878907671E-06,115.25946816324,
    -38.10000190734));
#2826 = DIRECTION('',(0.,0.,-1.));
#2827 = DIRECTION('',(-1.,0.,0.));
#2828 = DEFINITIONAL_REPRESENTATION('',(#2829),#2833);
#2829 = LINE('',#2830,#2831);
#2830 = CARTESIAN_POINT('',(76.199999999999,-76.19999999999));
#2831 = VECTOR('',#2832,1.);
#2832 = DIRECTION('',(1.,0.));
#2833 = ( GEOMETRIC_REPRESENTATION_CONTEXT(2) 
PARAMETRIC_REPRESENTATION_CONTEXT() REPRESENTATION_CONTEXT('2D SPACE',''
  ) );
#2834 = ORIENTED_EDGE('',*,*,#2835,.F.);
#2835 = EDGE_CURVE('',#2836,#2808,#2838,.T.);
#2836 = VERTEX_POINT('',#2837);
#2837 = CARTESIAN_POINT('',(76.199998474121,26.359468163245,
    -38.10000190734));
#2838 = SURFACE_CURVE('',#2839,(#2843,#2850),.PCURVE_S1.);
#2839 = LINE('',#2840,#2841);
#2840 = CARTESIAN_POINT('',(76.199998474121,26.359468163245,
    -38.10000190734));
#2841 = VECTOR('',#2842,1.);
#2842 = DIRECTION('',(0.,1.,0.));
#2843 = PCURVE('',#2740,#2844);
#2844 = DEFINITIONAL_REPRESENTATION('',(#2845),#2849);
#2845 = LINE('',#2846,#2847);
#2846 = CARTESIAN_POINT('',(-76.19999694824,-88.89999999999));
#2847 = VECTOR('',#2848,1.);
#2848 = DIRECTION('',(0.,1.));
#2849 = ( GEOMETRIC_REPRESENTATION_CONTEXT(2) 
PARAMETRIC_REPRESENTATION_CONTEXT() REPRESENTATION_CONTEXT('2D SPACE',''
  ) );
#2850 = PCURVE('',#2823,#2851);
#2851 = DEFINITIONAL_REPRESENTATION('',(#2852),#2856);
#2852 = LINE('',#2853,#2854);
#2853 = CARTESIAN_POINT('',(-76.19999694824,-88.89999999999));
#2854 = VECTOR('',#2855,1.);
#2855 = DIRECTION('',(0.,1.));
#2856 = ( GEOMETRIC_REPRESENTATION_CONTEXT(2) 
PARAMETRIC_REPRESENTATION_CONTEXT() REPRESENTATION_CONTEXT('2D SPACE',''
  ) );
#2857 = ORIENTED_EDGE('',*,*,#2858,.T.);
#2858 = EDGE_CURVE('',#2836,#2778,#2859,.T.);
#2859 = SURFACE_CURVE('',#2860,(#2864,#2871),.PCURVE_S1.);
#2860 = LINE('',#2861,#2862);
#2861 = CARTESIAN_POINT('',(-76.19999847412,26.359468163245,
    -38.10000190734));
#2862 = VECTOR('',#2863,1.);
#2863 = DIRECTION('',(-1.,0.,0.));
#2864 = PCURVE('',#2740,#2865);
#2865 = DEFINITIONAL_REPRESENTATION('',(#2866),#2870);
#2866 = LINE('',#2867,#2868);
#2867 = CARTESIAN_POINT('',(76.199999999999,-88.89999999999));
#2868 = VECTOR('',#2869,1.);
#2869 = DIRECTION('',(1.,0.));
#2870 = ( GEOMETRIC_REPRESENTATION_CONTEXT(2) 
PARAMETRIC_REPRESENTATION_CONTEXT() REPRESENTATION_CONTEXT('2D SPACE',''
  ) );
#2871 = PCURVE('',#2872,#2877);
#2872 = PLANE('',#2873);
#2873 = AXIS2_PLACEMENT_3D('',#2874,#2875,#2876);
#2874 = CARTESIAN_POINT('',(76.200001525879,26.359468163245,
    126.99999809265));
#2875 = DIRECTION('',(0.,-1.,0.));
#2876 = DIRECTION('',(-1.,0.,0.));
#2877 = DEFINITIONAL_REPRESENTATION('',(#2878),#2882);
#2878 = LINE('',#2879,#2880);
#2879 = CARTESIAN_POINT('',(152.39999999999,165.09999999999));
#2880 = VECTOR('',#2881,1.);
#2881 = DIRECTION('',(1.,0.));
#2882 = ( GEOMETRIC_REPRESENTATION_CONTEXT(2) 
PARAMETRIC_REPRESENTATION_CONTEXT() REPRESENTATION_CONTEXT('2D SPACE',''
  ) );
#2883 = FACE_BOUND('',#2884,.F.);
#2884 = EDGE_LOOP('',(#2885,#2909,#2932,#2955,#2978,#3002,#3025,#3046));
#2885 = ORIENTED_EDGE('',*,*,#2886,.F.);
#2886 = EDGE_CURVE('',#2887,#2702,#2889,.T.);
#2887 = VERTEX_POINT('',#2888);
#2888 = CARTESIAN_POINT('',(1.054941181797,30.480000972748,
    -38.10000190734));
#2889 = SURFACE_CURVE('',#2890,(#2895,#2902),.PCURVE_S1.);
#2890 = CIRCLE('',#2891,1.651);
#2891 = AXIS2_PLACEMENT_3D('',#2892,#2893,#2894);
#2892 = CARTESIAN_POINT('',(0.,31.750001013279,-38.10000190734));
#2893 = DIRECTION('',(0.,0.,-1.));
#2894 = DIRECTION('',(0.638971036824,-0.76923079378,0.));
#2895 = PCURVE('',#2740,#2896);
#2896 = DEFINITIONAL_REPRESENTATION('',(#2897),#2901);
#2897 = CIRCLE('',#2898,1.651);
#2898 = AXIS2_PLACEMENT_2D('',#2899,#2900);
#2899 = CARTESIAN_POINT('',(1.525878907671E-06,-83.50946714996));
#2900 = DIRECTION('',(-0.638971036824,-0.76923079378));
#2901 = ( GEOMETRIC_REPRESENTATION_CONTEXT(2) 
PARAMETRIC_REPRESENTATION_CONTEXT() REPRESENTATION_CONTEXT('2D SPACE',''
  ) );
#2902 = PCURVE('',#1768,#2903);
#2903 = DEFINITIONAL_REPRESENTATION('',(#2904),#2908);
#2904 = LINE('',#2905,#2906);
#2905 = CARTESIAN_POINT('',(0.,0.));
#2906 = VECTOR('',#2907,1.);
#2907 = DIRECTION('',(1.,0.));
#2908 = ( GEOMETRIC_REPRESENTATION_CONTEXT(2) 
PARAMETRIC_REPRESENTATION_CONTEXT() REPRESENTATION_CONTEXT('2D SPACE',''
  ) );
#2909 = ORIENTED_EDGE('',*,*,#2910,.T.);
#2910 = EDGE_CURVE('',#2887,#2911,#2913,.T.);
#2911 = VERTEX_POINT('',#2912);
#2912 = CARTESIAN_POINT('',(3.810000121593,30.480000972748,
    -38.10000190734));
#2913 = SURFACE_CURVE('',#2914,(#2918,#2925),.PCURVE_S1.);
#2914 = LINE('',#2915,#2916);
#2915 = CARTESIAN_POINT('',(1.054941181797,30.480000972748,
    -38.10000190734));
#2916 = VECTOR('',#2917,1.);
#2917 = DIRECTION('',(1.,0.,0.));
#2918 = PCURVE('',#2740,#2919);
#2919 = DEFINITIONAL_REPRESENTATION('',(#2920),#2924);
#2920 = LINE('',#2921,#2922);
#2921 = CARTESIAN_POINT('',(-1.054939655918,-84.77946719049));
#2922 = VECTOR('',#2923,1.);
#2923 = DIRECTION('',(-1.,0.));
#2924 = ( GEOMETRIC_REPRESENTATION_CONTEXT(2) 
PARAMETRIC_REPRESENTATION_CONTEXT() REPRESENTATION_CONTEXT('2D SPACE',''
  ) );
#2925 = PCURVE('',#1897,#2926);
#2926 = DEFINITIONAL_REPRESENTATION('',(#2927),#2931);
#2927 = LINE('',#2928,#2929);
#2928 = CARTESIAN_POINT('',(2.755058939796,0.));
#2929 = VECTOR('',#2930,1.);
#2930 = DIRECTION('',(-1.,-0.));
#2931 = ( GEOMETRIC_REPRESENTATION_CONTEXT(2) 
PARAMETRIC_REPRESENTATION_CONTEXT() REPRESENTATION_CONTEXT('2D SPACE',''
  ) );
#2932 = ORIENTED_EDGE('',*,*,#2933,.T.);
#2933 = EDGE_CURVE('',#2911,#2934,#2936,.T.);
#2934 = VERTEX_POINT('',#2935);
#2935 = CARTESIAN_POINT('',(3.810000121593,33.02000105381,
    -38.10000190734));
#2936 = SURFACE_CURVE('',#2937,(#2941,#2948),.PCURVE_S1.);
#2937 = LINE('',#2938,#2939);
#2938 = CARTESIAN_POINT('',(3.810000121593,30.480000972748,
    -38.10000190734));
#2939 = VECTOR('',#2940,1.);
#2940 = DIRECTION('',(0.,1.,0.));
#2941 = PCURVE('',#2740,#2942);
#2942 = DEFINITIONAL_REPRESENTATION('',(#2943),#2947);
#2943 = LINE('',#2944,#2945);
#2944 = CARTESIAN_POINT('',(-3.809998595714,-84.77946719049));
#2945 = VECTOR('',#2946,1.);
#2946 = DIRECTION('',(0.,1.));
#2947 = ( GEOMETRIC_REPRESENTATION_CONTEXT(2) 
PARAMETRIC_REPRESENTATION_CONTEXT() REPRESENTATION_CONTEXT('2D SPACE',''
  ) );
#2948 = PCURVE('',#1977,#2949);
#2949 = DEFINITIONAL_REPRESENTATION('',(#2950),#2954);
#2950 = LINE('',#2951,#2952);
#2951 = CARTESIAN_POINT('',(2.540000081062,0.));
#2952 = VECTOR('',#2953,1.);
#2953 = DIRECTION('',(-1.,0.));
#2954 = ( GEOMETRIC_REPRESENTATION_CONTEXT(2) 
PARAMETRIC_REPRESENTATION_CONTEXT() REPRESENTATION_CONTEXT('2D SPACE',''
  ) );
#2955 = ORIENTED_EDGE('',*,*,#2956,.T.);
#2956 = EDGE_CURVE('',#2934,#2957,#2959,.T.);
#2957 = VERTEX_POINT('',#2958);
#2958 = CARTESIAN_POINT('',(1.054941181797,33.02000105381,
    -38.10000190734));
#2959 = SURFACE_CURVE('',#2960,(#2964,#2971),.PCURVE_S1.);
#2960 = LINE('',#2961,#2962);
#2961 = CARTESIAN_POINT('',(3.810000121593,33.02000105381,
    -38.10000190734));
#2962 = VECTOR('',#2963,1.);
#2963 = DIRECTION('',(-1.,0.,0.));
#2964 = PCURVE('',#2740,#2965);
#2965 = DEFINITIONAL_REPRESENTATION('',(#2966),#2970);
#2966 = LINE('',#2967,#2968);
#2967 = CARTESIAN_POINT('',(-3.809998595714,-82.23946710943));
#2968 = VECTOR('',#2969,1.);
#2969 = DIRECTION('',(1.,0.));
#2970 = ( GEOMETRIC_REPRESENTATION_CONTEXT(2) 
PARAMETRIC_REPRESENTATION_CONTEXT() REPRESENTATION_CONTEXT('2D SPACE',''
  ) );
#2971 = PCURVE('',#2103,#2972);
#2972 = DEFINITIONAL_REPRESENTATION('',(#2973),#2977);
#2973 = LINE('',#2974,#2975);
#2974 = CARTESIAN_POINT('',(2.755058939796,0.));
#2975 = VECTOR('',#2976,1.);
#2976 = DIRECTION('',(-1.,0.));
#2977 = ( GEOMETRIC_REPRESENTATION_CONTEXT(2) 
PARAMETRIC_REPRESENTATION_CONTEXT() REPRESENTATION_CONTEXT('2D SPACE',''
  ) );
#2978 = ORIENTED_EDGE('',*,*,#2979,.F.);
#2979 = EDGE_CURVE('',#2980,#2957,#2982,.T.);
#2980 = VERTEX_POINT('',#2981);
#2981 = CARTESIAN_POINT('',(-1.054941181797,33.02000105381,
    -38.10000190734));
#2982 = SURFACE_CURVE('',#2983,(#2988,#2995),.PCURVE_S1.);
#2983 = CIRCLE('',#2984,1.651);
#2984 = AXIS2_PLACEMENT_3D('',#2985,#2986,#2987);
#2985 = CARTESIAN_POINT('',(0.,31.750001013279,-38.10000190734));
#2986 = DIRECTION('',(0.,0.,-1.));
#2987 = DIRECTION('',(-0.638971036824,0.76923079378,0.));
#2988 = PCURVE('',#2740,#2989);
#2989 = DEFINITIONAL_REPRESENTATION('',(#2990),#2994);
#2990 = CIRCLE('',#2991,1.651);
#2991 = AXIS2_PLACEMENT_2D('',#2992,#2993);
#2992 = CARTESIAN_POINT('',(1.525878907671E-06,-83.50946714996));
#2993 = DIRECTION('',(0.638971036824,0.76923079378));
#2994 = ( GEOMETRIC_REPRESENTATION_CONTEXT(2) 
PARAMETRIC_REPRESENTATION_CONTEXT() REPRESENTATION_CONTEXT('2D SPACE',''
  ) );
#2995 = PCURVE('',#2206,#2996);
#2996 = DEFINITIONAL_REPRESENTATION('',(#2997),#3001);
#2997 = LINE('',#2998,#2999);
#2998 = CARTESIAN_POINT('',(0.,0.));
#2999 = VECTOR('',#3000,1.);
#3000 = DIRECTION('',(1.,0.));
#3001 = ( GEOMETRIC_REPRESENTATION_CONTEXT(2) 
PARAMETRIC_REPRESENTATION_CONTEXT() REPRESENTATION_CONTEXT('2D SPACE',''
  ) );
#3002 = ORIENTED_EDGE('',*,*,#3003,.T.);
#3003 = EDGE_CURVE('',#2980,#3004,#3006,.T.);
#3004 = VERTEX_POINT('',#3005);
#3005 = CARTESIAN_POINT('',(-3.810000121593,33.02000105381,
    -38.10000190734));
#3006 = SURFACE_CURVE('',#3007,(#3011,#3018),.PCURVE_S1.);
#3007 = LINE('',#3008,#3009);
#3008 = CARTESIAN_POINT('',(-1.054941181797,33.02000105381,
    -38.10000190734));
#3009 = VECTOR('',#3010,1.);
#3010 = DIRECTION('',(-1.,0.,0.));
#3011 = PCURVE('',#2740,#3012);
#3012 = DEFINITIONAL_REPRESENTATION('',(#3013),#3017);
#3013 = LINE('',#3014,#3015);
#3014 = CARTESIAN_POINT('',(1.054942707676,-82.23946710943));
#3015 = VECTOR('',#3016,1.);
#3016 = DIRECTION('',(1.,0.));
#3017 = ( GEOMETRIC_REPRESENTATION_CONTEXT(2) 
PARAMETRIC_REPRESENTATION_CONTEXT() REPRESENTATION_CONTEXT('2D SPACE',''
  ) );
#3018 = PCURVE('',#2369,#3019);
#3019 = DEFINITIONAL_REPRESENTATION('',(#3020),#3024);
#3020 = LINE('',#3021,#3022);
#3021 = CARTESIAN_POINT('',(2.755058939796,0.));
#3022 = VECTOR('',#3023,1.);
#3023 = DIRECTION('',(-1.,0.));
#3024 = ( GEOMETRIC_REPRESENTATION_CONTEXT(2) 
PARAMETRIC_REPRESENTATION_CONTEXT() REPRESENTATION_CONTEXT('2D SPACE',''
  ) );
#3025 = ORIENTED_EDGE('',*,*,#3026,.T.);
#3026 = EDGE_CURVE('',#3004,#2725,#3027,.T.);
#3027 = SURFACE_CURVE('',#3028,(#3032,#3039),.PCURVE_S1.);
#3028 = LINE('',#3029,#3030);
#3029 = CARTESIAN_POINT('',(-3.810000121593,33.02000105381,
    -38.10000190734));
#3030 = VECTOR('',#3031,1.);
#3031 = DIRECTION('',(0.,-1.,0.));
#3032 = PCURVE('',#2740,#3033);
#3033 = DEFINITIONAL_REPRESENTATION('',(#3034),#3038);
#3034 = LINE('',#3035,#3036);
#3035 = CARTESIAN_POINT('',(3.810001647472,-82.23946710943));
#3036 = VECTOR('',#3037,1.);
#3037 = DIRECTION('',(0.,-1.));
#3038 = ( GEOMETRIC_REPRESENTATION_CONTEXT(2) 
PARAMETRIC_REPRESENTATION_CONTEXT() REPRESENTATION_CONTEXT('2D SPACE',''
  ) );
#3039 = PCURVE('',#2456,#3040);
#3040 = DEFINITIONAL_REPRESENTATION('',(#3041),#3045);
#3041 = LINE('',#3042,#3043);
#3042 = CARTESIAN_POINT('',(2.540000081062,0.));
#3043 = VECTOR('',#3044,1.);
#3044 = DIRECTION('',(-1.,0.));
#3045 = ( GEOMETRIC_REPRESENTATION_CONTEXT(2) 
PARAMETRIC_REPRESENTATION_CONTEXT() REPRESENTATION_CONTEXT('2D SPACE',''
  ) );
#3046 = ORIENTED_EDGE('',*,*,#2724,.T.);
#3047 = ADVANCED_FACE('',(#3048),#2823,.F.);
#3048 = FACE_BOUND('',#3049,.F.);
#3049 = EDGE_LOOP('',(#3050,#3080,#3108,#3134,#3135,#3136));
#3050 = ORIENTED_EDGE('',*,*,#3051,.F.);
#3051 = EDGE_CURVE('',#3052,#3054,#3056,.T.);
#3052 = VERTEX_POINT('',#3053);
#3053 = CARTESIAN_POINT('',(76.200001525879,203.2,-38.10000190734));
#3054 = VERTEX_POINT('',#3055);
#3055 = CARTESIAN_POINT('',(-76.19999847412,203.2,-38.10000190734));
#3056 = SURFACE_CURVE('',#3057,(#3061,#3068),.PCURVE_S1.);
#3057 = LINE('',#3058,#3059);
#3058 = CARTESIAN_POINT('',(7.629394538355E-07,203.2,-38.10000190734));
#3059 = VECTOR('',#3060,1.);
#3060 = DIRECTION('',(-1.,0.,0.));
#3061 = PCURVE('',#2823,#3062);
#3062 = DEFINITIONAL_REPRESENTATION('',(#3063),#3067);
#3063 = LINE('',#3064,#3065);
#3064 = CARTESIAN_POINT('',(7.629394538355E-07,87.94053183676));
#3065 = VECTOR('',#3066,1.);
#3066 = DIRECTION('',(1.,0.));
#3067 = ( GEOMETRIC_REPRESENTATION_CONTEXT(2) 
PARAMETRIC_REPRESENTATION_CONTEXT() REPRESENTATION_CONTEXT('2D SPACE',''
  ) );
#3068 = PCURVE('',#3069,#3074);
#3069 = PLANE('',#3070);
#3070 = AXIS2_PLACEMENT_3D('',#3071,#3072,#3073);
#3071 = CARTESIAN_POINT('',(0.,203.2,-0.609274857675));
#3072 = DIRECTION('',(0.,1.,0.));
#3073 = DIRECTION('',(-1.,0.,0.));
#3074 = DEFINITIONAL_REPRESENTATION('',(#3075),#3079);
#3075 = LINE('',#3076,#3077);
#3076 = CARTESIAN_POINT('',(-7.629394538355E-07,-37.49072704966));
#3077 = VECTOR('',#3078,1.);
#3078 = DIRECTION('',(1.,0.));
#3079 = ( GEOMETRIC_REPRESENTATION_CONTEXT(2) 
PARAMETRIC_REPRESENTATION_CONTEXT() REPRESENTATION_CONTEXT('2D SPACE',''
  ) );
#3080 = ORIENTED_EDGE('',*,*,#3081,.T.);
#3081 = EDGE_CURVE('',#3052,#3082,#3084,.T.);
#3082 = VERTEX_POINT('',#3083);
#3083 = CARTESIAN_POINT('',(76.200001525879,26.359468163245,
    -38.10000190734));
#3084 = SURFACE_CURVE('',#3085,(#3089,#3096),.PCURVE_S1.);
#3085 = LINE('',#3086,#3087);
#3086 = CARTESIAN_POINT('',(76.200001525879,26.359468163245,
    -38.10000190734));
#3087 = VECTOR('',#3088,1.);
#3088 = DIRECTION('',(0.,-1.,0.));
#3089 = PCURVE('',#2823,#3090);
#3090 = DEFINITIONAL_REPRESENTATION('',(#3091),#3095);
#3091 = LINE('',#3092,#3093);
#3092 = CARTESIAN_POINT('',(-76.2,-88.89999999999));
#3093 = VECTOR('',#3094,1.);
#3094 = DIRECTION('',(0.,-1.));
#3095 = ( GEOMETRIC_REPRESENTATION_CONTEXT(2) 
PARAMETRIC_REPRESENTATION_CONTEXT() REPRESENTATION_CONTEXT('2D SPACE',''
  ) );
#3096 = PCURVE('',#3097,#3102);
#3097 = PLANE('',#3098);
#3098 = AXIS2_PLACEMENT_3D('',#3099,#3100,#3101);
#3099 = CARTESIAN_POINT('',(76.200001525879,204.15946816324,
    126.99999809265));
#3100 = DIRECTION('',(1.,0.,0.));
#3101 = DIRECTION('',(0.,-1.,0.));
#3102 = DEFINITIONAL_REPRESENTATION('',(#3103),#3107);
#3103 = LINE('',#3104,#3105);
#3104 = CARTESIAN_POINT('',(177.79999999999,165.09999999999));
#3105 = VECTOR('',#3106,1.);
#3106 = DIRECTION('',(1.,0.));
#3107 = ( GEOMETRIC_REPRESENTATION_CONTEXT(2) 
PARAMETRIC_REPRESENTATION_CONTEXT() REPRESENTATION_CONTEXT('2D SPACE',''
  ) );
#3108 = ORIENTED_EDGE('',*,*,#3109,.T.);
#3109 = EDGE_CURVE('',#3082,#2836,#3110,.T.);
#3110 = SURFACE_CURVE('',#3111,(#3115,#3122),.PCURVE_S1.);
#3111 = LINE('',#3112,#3113);
#3112 = CARTESIAN_POINT('',(-76.19999847412,26.359468163245,
    -38.10000190734));
#3113 = VECTOR('',#3114,1.);
#3114 = DIRECTION('',(-1.,0.,0.));
#3115 = PCURVE('',#2823,#3116);
#3116 = DEFINITIONAL_REPRESENTATION('',(#3117),#3121);
#3117 = LINE('',#3118,#3119);
#3118 = CARTESIAN_POINT('',(76.199999999999,-88.89999999999));
#3119 = VECTOR('',#3120,1.);
#3120 = DIRECTION('',(1.,0.));
#3121 = ( GEOMETRIC_REPRESENTATION_CONTEXT(2) 
PARAMETRIC_REPRESENTATION_CONTEXT() REPRESENTATION_CONTEXT('2D SPACE',''
  ) );
#3122 = PCURVE('',#3123,#3128);
#3123 = PLANE('',#3124);
#3124 = AXIS2_PLACEMENT_3D('',#3125,#3126,#3127);
#3125 = CARTESIAN_POINT('',(76.200001525879,26.359468163245,
    126.99999809265));
#3126 = DIRECTION('',(0.,-1.,0.));
#3127 = DIRECTION('',(-1.,0.,0.));
#3128 = DEFINITIONAL_REPRESENTATION('',(#3129),#3133);
#3129 = LINE('',#3130,#3131);
#3130 = CARTESIAN_POINT('',(152.39999999999,165.09999999999));
#3131 = VECTOR('',#3132,1.);
#3132 = DIRECTION('',(1.,0.));
#3133 = ( GEOMETRIC_REPRESENTATION_CONTEXT(2) 
PARAMETRIC_REPRESENTATION_CONTEXT() REPRESENTATION_CONTEXT('2D SPACE',''
  ) );
#3134 = ORIENTED_EDGE('',*,*,#2835,.T.);
#3135 = ORIENTED_EDGE('',*,*,#2807,.T.);
#3136 = ORIENTED_EDGE('',*,*,#3137,.T.);
#3137 = EDGE_CURVE('',#2780,#3054,#3138,.T.);
#3138 = SURFACE_CURVE('',#3139,(#3143,#3150),.PCURVE_S1.);
#3139 = LINE('',#3140,#3141);
#3140 = CARTESIAN_POINT('',(-76.19999847412,0.,-38.10000190734));
#3141 = VECTOR('',#3142,1.);
#3142 = DIRECTION('',(0.,1.,0.));
#3143 = PCURVE('',#2823,#3144);
#3144 = DEFINITIONAL_REPRESENTATION('',(#3145),#3149);
#3145 = LINE('',#3146,#3147);
#3146 = CARTESIAN_POINT('',(76.199999999999,-115.2594681632));
#3147 = VECTOR('',#3148,1.);
#3148 = DIRECTION('',(0.,1.));
#3149 = ( GEOMETRIC_REPRESENTATION_CONTEXT(2) 
PARAMETRIC_REPRESENTATION_CONTEXT() REPRESENTATION_CONTEXT('2D SPACE',''
  ) );
#3150 = PCURVE('',#3151,#3156);
#3151 = PLANE('',#3152);
#3152 = AXIS2_PLACEMENT_3D('',#3153,#3154,#3155);
#3153 = CARTESIAN_POINT('',(-76.19999847412,26.359468163245,
    126.99999809265));
#3154 = DIRECTION('',(-1.,0.,0.));
#3155 = DIRECTION('',(0.,1.,0.));
#3156 = DEFINITIONAL_REPRESENTATION('',(#3157),#3161);
#3157 = LINE('',#3158,#3159);
#3158 = CARTESIAN_POINT('',(-26.35946816324,165.09999999999));
#3159 = VECTOR('',#3160,1.);
#3160 = DIRECTION('',(1.,0.));
#3161 = ( GEOMETRIC_REPRESENTATION_CONTEXT(2) 
PARAMETRIC_REPRESENTATION_CONTEXT() REPRESENTATION_CONTEXT('2D SPACE',''
  ) );
#3162 = ADVANCED_FACE('',(#3163),#3097,.F.);
#3163 = FACE_BOUND('',#3164,.T.);
#3164 = EDGE_LOOP('',(#3165,#3188,#3189,#3212,#3240,#3268));
#3165 = ORIENTED_EDGE('',*,*,#3166,.T.);
#3166 = EDGE_CURVE('',#3167,#3052,#3169,.T.);
#3167 = VERTEX_POINT('',#3168);
#3168 = CARTESIAN_POINT('',(76.20000152542,203.2,114.29999809265));
#3169 = SURFACE_CURVE('',#3170,(#3174,#3181),.PCURVE_S1.);
#3170 = LINE('',#3171,#3172);
#3171 = CARTESIAN_POINT('',(76.200001525879,203.2,63.195361617488));
#3172 = VECTOR('',#3173,1.);
#3173 = DIRECTION('',(0.,0.,-1.));
#3174 = PCURVE('',#3097,#3175);
#3175 = DEFINITIONAL_REPRESENTATION('',(#3176),#3180);
#3176 = LINE('',#3177,#3178);
#3177 = CARTESIAN_POINT('',(0.95946816324,63.804636475162));
#3178 = VECTOR('',#3179,1.);
#3179 = DIRECTION('',(0.,1.));
#3180 = ( GEOMETRIC_REPRESENTATION_CONTEXT(2) 
PARAMETRIC_REPRESENTATION_CONTEXT() REPRESENTATION_CONTEXT('2D SPACE',''
  ) );
#3181 = PCURVE('',#3069,#3182);
#3182 = DEFINITIONAL_REPRESENTATION('',(#3183),#3187);
#3183 = LINE('',#3184,#3185);
#3184 = CARTESIAN_POINT('',(-76.20000152587,63.804636475163));
#3185 = VECTOR('',#3186,1.);
#3186 = DIRECTION('',(0.,-1.));
#3187 = ( GEOMETRIC_REPRESENTATION_CONTEXT(2) 
PARAMETRIC_REPRESENTATION_CONTEXT() REPRESENTATION_CONTEXT('2D SPACE',''
  ) );
#3188 = ORIENTED_EDGE('',*,*,#3081,.T.);
#3189 = ORIENTED_EDGE('',*,*,#3190,.F.);
#3190 = EDGE_CURVE('',#3191,#3082,#3193,.T.);
#3191 = VERTEX_POINT('',#3192);
#3192 = CARTESIAN_POINT('',(76.200000458876,26.359468163245,
    126.99999809265));
#3193 = SURFACE_CURVE('',#3194,(#3198,#3205),.PCURVE_S1.);
#3194 = LINE('',#3195,#3196);
#3195 = CARTESIAN_POINT('',(76.200001525879,26.359468163245,
    126.99999809265));
#3196 = VECTOR('',#3197,1.);
#3197 = DIRECTION('',(0.,0.,-1.));
#3198 = PCURVE('',#3097,#3199);
#3199 = DEFINITIONAL_REPRESENTATION('',(#3200),#3204);
#3200 = LINE('',#3201,#3202);
#3201 = CARTESIAN_POINT('',(177.79999999999,0.));
#3202 = VECTOR('',#3203,1.);
#3203 = DIRECTION('',(0.,1.));
#3204 = ( GEOMETRIC_REPRESENTATION_CONTEXT(2) 
PARAMETRIC_REPRESENTATION_CONTEXT() REPRESENTATION_CONTEXT('2D SPACE',''
  ) );
#3205 = PCURVE('',#3123,#3206);
#3206 = DEFINITIONAL_REPRESENTATION('',(#3207),#3211);
#3207 = LINE('',#3208,#3209);
#3208 = CARTESIAN_POINT('',(0.,-0.));
#3209 = VECTOR('',#3210,1.);
#3210 = DIRECTION('',(0.,1.));
#3211 = ( GEOMETRIC_REPRESENTATION_CONTEXT(2) 
PARAMETRIC_REPRESENTATION_CONTEXT() REPRESENTATION_CONTEXT('2D SPACE',''
  ) );
#3212 = ORIENTED_EDGE('',*,*,#3213,.T.);
#3213 = EDGE_CURVE('',#3191,#3214,#3216,.T.);
#3214 = VERTEX_POINT('',#3215);
#3215 = CARTESIAN_POINT('',(76.200000508875,204.15946816324,
    126.99999809265));
#3216 = SURFACE_CURVE('',#3217,(#3221,#3228),.PCURVE_S1.);
#3217 = LINE('',#3218,#3219);
#3218 = CARTESIAN_POINT('',(76.200001525879,0.,126.99999809265));
#3219 = VECTOR('',#3220,1.);
#3220 = DIRECTION('',(0.,1.,0.));
#3221 = PCURVE('',#3097,#3222);
#3222 = DEFINITIONAL_REPRESENTATION('',(#3223),#3227);
#3223 = LINE('',#3224,#3225);
#3224 = CARTESIAN_POINT('',(204.15946816324,0.));
#3225 = VECTOR('',#3226,1.);
#3226 = DIRECTION('',(-1.,0.));
#3227 = ( GEOMETRIC_REPRESENTATION_CONTEXT(2) 
PARAMETRIC_REPRESENTATION_CONTEXT() REPRESENTATION_CONTEXT('2D SPACE',''
  ) );
#3228 = PCURVE('',#3229,#3234);
#3229 = CYLINDRICAL_SURFACE('',#3230,25.4);
#3230 = AXIS2_PLACEMENT_3D('',#3231,#3232,#3233);
#3231 = CARTESIAN_POINT('',(76.199998474121,0.,101.59999809265));
#3232 = DIRECTION('',(0.,1.,0.));
#3233 = DIRECTION('',(0.,-0.,1.));
#3234 = DEFINITIONAL_REPRESENTATION('',(#3235),#3239);
#3235 = LINE('',#3236,#3237);
#3236 = CARTESIAN_POINT('',(1.201479449264E-07,0.));
#3237 = VECTOR('',#3238,1.);
#3238 = DIRECTION('',(0.,1.));
#3239 = ( GEOMETRIC_REPRESENTATION_CONTEXT(2) 
PARAMETRIC_REPRESENTATION_CONTEXT() REPRESENTATION_CONTEXT('2D SPACE',''
  ) );
#3240 = ORIENTED_EDGE('',*,*,#3241,.T.);
#3241 = EDGE_CURVE('',#3214,#3242,#3244,.T.);
#3242 = VERTEX_POINT('',#3243);
#3243 = CARTESIAN_POINT('',(76.200000508875,204.15946816324,
    114.29999809265));
#3244 = SURFACE_CURVE('',#3245,(#3249,#3256),.PCURVE_S1.);
#3245 = LINE('',#3246,#3247);
#3246 = CARTESIAN_POINT('',(76.200001525879,204.15946816324,
    126.99999809265));
#3247 = VECTOR('',#3248,1.);
#3248 = DIRECTION('',(0.,0.,-1.));
#3249 = PCURVE('',#3097,#3250);
#3250 = DEFINITIONAL_REPRESENTATION('',(#3251),#3255);
#3251 = LINE('',#3252,#3253);
#3252 = CARTESIAN_POINT('',(0.,0.));
#3253 = VECTOR('',#3254,1.);
#3254 = DIRECTION('',(0.,1.));
#3255 = ( GEOMETRIC_REPRESENTATION_CONTEXT(2) 
PARAMETRIC_REPRESENTATION_CONTEXT() REPRESENTATION_CONTEXT('2D SPACE',''
  ) );
#3256 = PCURVE('',#3257,#3262);
#3257 = PLANE('',#3258);
#3258 = AXIS2_PLACEMENT_3D('',#3259,#3260,#3261);
#3259 = CARTESIAN_POINT('',(-76.19999847412,204.15946816324,
    126.99999809265));
#3260 = DIRECTION('',(0.,1.,0.));
#3261 = DIRECTION('',(1.,0.,0.));
#3262 = DEFINITIONAL_REPRESENTATION('',(#3263),#3267);
#3263 = LINE('',#3264,#3265);
#3264 = CARTESIAN_POINT('',(152.39999999999,0.));
#3265 = VECTOR('',#3266,1.);
#3266 = DIRECTION('',(0.,1.));
#3267 = ( GEOMETRIC_REPRESENTATION_CONTEXT(2) 
PARAMETRIC_REPRESENTATION_CONTEXT() REPRESENTATION_CONTEXT('2D SPACE',''
  ) );
#3268 = ORIENTED_EDGE('',*,*,#3269,.T.);
#3269 = EDGE_CURVE('',#3242,#3167,#3270,.T.);
#3270 = SURFACE_CURVE('',#3271,(#3275,#3282),.PCURVE_S1.);
#3271 = LINE('',#3272,#3273);
#3272 = CARTESIAN_POINT('',(76.200001525879,279.87973408162,
    114.29999809265));
#3273 = VECTOR('',#3274,1.);
#3274 = DIRECTION('',(0.,-1.,0.));
#3275 = PCURVE('',#3097,#3276);
#3276 = DEFINITIONAL_REPRESENTATION('',(#3277),#3281);
#3277 = LINE('',#3278,#3279);
#3278 = CARTESIAN_POINT('',(-75.72026591838,12.7));
#3279 = VECTOR('',#3280,1.);
#3280 = DIRECTION('',(1.,0.));
#3281 = ( GEOMETRIC_REPRESENTATION_CONTEXT(2) 
PARAMETRIC_REPRESENTATION_CONTEXT() REPRESENTATION_CONTEXT('2D SPACE',''
  ) );
#3282 = PCURVE('',#3283,#3288);
#3283 = CYLINDRICAL_SURFACE('',#3284,12.7);
#3284 = AXIS2_PLACEMENT_3D('',#3285,#3286,#3287);
#3285 = CARTESIAN_POINT('',(76.199998474121,355.6,101.59999809265));
#3286 = DIRECTION('',(0.,-1.,0.));
#3287 = DIRECTION('',(1.398706172756E-15,0.,1.));
#3288 = DEFINITIONAL_REPRESENTATION('',(#3289),#3293);
#3289 = LINE('',#3290,#3291);
#3290 = CARTESIAN_POINT('',(6.283185066884,75.720265918378));
#3291 = VECTOR('',#3292,1.);
#3292 = DIRECTION('',(0.,1.));
#3293 = ( GEOMETRIC_REPRESENTATION_CONTEXT(2) 
PARAMETRIC_REPRESENTATION_CONTEXT() REPRESENTATION_CONTEXT('2D SPACE',''
  ) );
#3294 = ADVANCED_FACE('',(#3295),#3283,.F.);
#3295 = FACE_BOUND('',#3296,.F.);
#3296 = EDGE_LOOP('',(#3297,#3325,#3326,#3354,#3382));
#3297 = ORIENTED_EDGE('',*,*,#3298,.T.);
#3298 = EDGE_CURVE('',#3299,#3242,#3301,.T.);
#3299 = VERTEX_POINT('',#3300);
#3300 = CARTESIAN_POINT('',(76.199998474121,215.9,114.29999809265));
#3301 = SURFACE_CURVE('',#3302,(#3306,#3313),.PCURVE_S1.);
#3302 = LINE('',#3303,#3304);
#3303 = CARTESIAN_POINT('',(76.199998474121,355.6,114.29999809265));
#3304 = VECTOR('',#3305,1.);
#3305 = DIRECTION('',(0.,-1.,0.));
#3306 = PCURVE('',#3283,#3307);
#3307 = DEFINITIONAL_REPRESENTATION('',(#3308),#3312);
#3308 = LINE('',#3309,#3310);
#3309 = CARTESIAN_POINT('',(6.28318530718,0.));
#3310 = VECTOR('',#3311,1.);
#3311 = DIRECTION('',(0.,1.));
#3312 = ( GEOMETRIC_REPRESENTATION_CONTEXT(2) 
PARAMETRIC_REPRESENTATION_CONTEXT() REPRESENTATION_CONTEXT('2D SPACE',''
  ) );
#3313 = PCURVE('',#3314,#3319);
#3314 = PLANE('',#3315);
#3315 = AXIS2_PLACEMENT_3D('',#3316,#3317,#3318);
#3316 = CARTESIAN_POINT('',(76.199998474121,355.6,114.29999809265));
#3317 = DIRECTION('',(0.,0.,1.));
#3318 = DIRECTION('',(-1.,0.,0.));
#3319 = DEFINITIONAL_REPRESENTATION('',(#3320),#3324);
#3320 = LINE('',#3321,#3322);
#3321 = CARTESIAN_POINT('',(0.,0.));
#3322 = VECTOR('',#3323,1.);
#3323 = DIRECTION('',(0.,1.));
#3324 = ( GEOMETRIC_REPRESENTATION_CONTEXT(2) 
PARAMETRIC_REPRESENTATION_CONTEXT() REPRESENTATION_CONTEXT('2D SPACE',''
  ) );
#3325 = ORIENTED_EDGE('',*,*,#3269,.T.);
#3326 = ORIENTED_EDGE('',*,*,#3327,.F.);
#3327 = EDGE_CURVE('',#3328,#3167,#3330,.T.);
#3328 = VERTEX_POINT('',#3329);
#3329 = CARTESIAN_POINT('',(88.899998474121,203.2,101.59999809265));
#3330 = SURFACE_CURVE('',#3331,(#3336,#3343),.PCURVE_S1.);
#3331 = CIRCLE('',#3332,12.7);
#3332 = AXIS2_PLACEMENT_3D('',#3333,#3334,#3335);
#3333 = CARTESIAN_POINT('',(76.199998474121,203.2,101.59999809265));
#3334 = DIRECTION('',(0.,-1.,0.));
#3335 = DIRECTION('',(1.398706172756E-15,0.,1.));
#3336 = PCURVE('',#3283,#3337);
#3337 = DEFINITIONAL_REPRESENTATION('',(#3338),#3342);
#3338 = LINE('',#3339,#3340);
#3339 = CARTESIAN_POINT('',(0.,152.4));
#3340 = VECTOR('',#3341,1.);
#3341 = DIRECTION('',(1.,0.));
#3342 = ( GEOMETRIC_REPRESENTATION_CONTEXT(2) 
PARAMETRIC_REPRESENTATION_CONTEXT() REPRESENTATION_CONTEXT('2D SPACE',''
  ) );
#3343 = PCURVE('',#3069,#3344);
#3344 = DEFINITIONAL_REPRESENTATION('',(#3345),#3353);
#3345 = ( BOUNDED_CURVE() B_SPLINE_CURVE(2,(#3346,#3347,#3348,#3349,
#3350,#3351,#3352),.UNSPECIFIED.,.T.,.F.) B_SPLINE_CURVE_WITH_KNOTS((1,2
    ,2,2,2,1),(-2.094395102393,0.,2.094395102393,4.188790204786,
6.28318530718,8.377580409573),.UNSPECIFIED.) CURVE() 
GEOMETRIC_REPRESENTATION_ITEM() RATIONAL_B_SPLINE_CURVE((1.,0.5,1.,0.5,
1.,0.5,1.)) REPRESENTATION_ITEM('') );
#3346 = CARTESIAN_POINT('',(-76.19999847412,114.90927295032));
#3347 = CARTESIAN_POINT('',(-54.20295321799,114.90927295032));
#3348 = CARTESIAN_POINT('',(-65.20147584605,95.859272950325));
#3349 = CARTESIAN_POINT('',(-76.19999847412,76.809272950325));
#3350 = CARTESIAN_POINT('',(-87.19852110218,95.859272950325));
#3351 = CARTESIAN_POINT('',(-98.19704373024,114.90927295032));
#3352 = CARTESIAN_POINT('',(-76.19999847412,114.90927295032));
#3353 = ( GEOMETRIC_REPRESENTATION_CONTEXT(2) 
PARAMETRIC_REPRESENTATION_CONTEXT() REPRESENTATION_CONTEXT('2D SPACE',''
  ) );
#3354 = ORIENTED_EDGE('',*,*,#3355,.F.);
#3355 = EDGE_CURVE('',#3356,#3328,#3358,.T.);
#3356 = VERTEX_POINT('',#3357);
#3357 = CARTESIAN_POINT('',(88.899998474121,215.9,101.59999809265));
#3358 = SURFACE_CURVE('',#3359,(#3363,#3370),.PCURVE_S1.);
#3359 = LINE('',#3360,#3361);
#3360 = CARTESIAN_POINT('',(88.899998474121,355.6,101.59999809265));
#3361 = VECTOR('',#3362,1.);
#3362 = DIRECTION('',(0.,-1.,0.));
#3363 = PCURVE('',#3283,#3364);
#3364 = DEFINITIONAL_REPRESENTATION('',(#3365),#3369);
#3365 = LINE('',#3366,#3367);
#3366 = CARTESIAN_POINT('',(4.712388980385,0.));
#3367 = VECTOR('',#3368,1.);
#3368 = DIRECTION('',(0.,1.));
#3369 = ( GEOMETRIC_REPRESENTATION_CONTEXT(2) 
PARAMETRIC_REPRESENTATION_CONTEXT() REPRESENTATION_CONTEXT('2D SPACE',''
  ) );
#3370 = PCURVE('',#3371,#3376);
#3371 = PLANE('',#3372);
#3372 = AXIS2_PLACEMENT_3D('',#3373,#3374,#3375);
#3373 = CARTESIAN_POINT('',(88.899998474121,355.6,1.7763568394E-14));
#3374 = DIRECTION('',(1.,0.,1.748382748768E-16));
#3375 = DIRECTION('',(-1.748382748768E-16,0.,1.));
#3376 = DEFINITIONAL_REPRESENTATION('',(#3377),#3381);
#3377 = LINE('',#3378,#3379);
#3378 = CARTESIAN_POINT('',(101.59999809265,0.));
#3379 = VECTOR('',#3380,1.);
#3380 = DIRECTION('',(0.,1.));
#3381 = ( GEOMETRIC_REPRESENTATION_CONTEXT(2) 
PARAMETRIC_REPRESENTATION_CONTEXT() REPRESENTATION_CONTEXT('2D SPACE',''
  ) );
#3382 = ORIENTED_EDGE('',*,*,#3383,.F.);
#3383 = EDGE_CURVE('',#3299,#3356,#3384,.T.);
#3384 = SURFACE_CURVE('',#3385,(#3390,#3397),.PCURVE_S1.);
#3385 = CIRCLE('',#3386,12.7);
#3386 = AXIS2_PLACEMENT_3D('',#3387,#3388,#3389);
#3387 = CARTESIAN_POINT('',(76.199998474121,215.9,101.59999809265));
#3388 = DIRECTION('',(-0.,1.,0.));
#3389 = DIRECTION('',(1.398706172756E-15,0.,1.));
#3390 = PCURVE('',#3283,#3391);
#3391 = DEFINITIONAL_REPRESENTATION('',(#3392),#3396);
#3392 = LINE('',#3393,#3394);
#3393 = CARTESIAN_POINT('',(6.28318530718,139.7));
#3394 = VECTOR('',#3395,1.);
#3395 = DIRECTION('',(-1.,0.));
#3396 = ( GEOMETRIC_REPRESENTATION_CONTEXT(2) 
PARAMETRIC_REPRESENTATION_CONTEXT() REPRESENTATION_CONTEXT('2D SPACE',''
  ) );
#3397 = PCURVE('',#3398,#3403);
#3398 = PLANE('',#3399);
#3399 = AXIS2_PLACEMENT_3D('',#3400,#3401,#3402);
#3400 = CARTESIAN_POINT('',(0.,215.9,-0.609274857675));
#3401 = DIRECTION('',(0.,1.,0.));
#3402 = DIRECTION('',(-1.,0.,0.));
#3403 = DEFINITIONAL_REPRESENTATION('',(#3404),#3408);
#3404 = CIRCLE('',#3405,12.7);
#3405 = AXIS2_PLACEMENT_2D('',#3406,#3407);
#3406 = CARTESIAN_POINT('',(-76.19999847412,102.20927295032));
#3407 = DIRECTION('',(-1.398706172756E-15,1.));
#3408 = ( GEOMETRIC_REPRESENTATION_CONTEXT(2) 
PARAMETRIC_REPRESENTATION_CONTEXT() REPRESENTATION_CONTEXT('2D SPACE',''
  ) );
#3409 = ADVANCED_FACE('',(#3410,#3617),#3398,.F.);
#3410 = FACE_BOUND('',#3411,.T.);
#3411 = EDGE_LOOP('',(#3412,#3442,#3545,#3566,#3567,#3590));
#3412 = ORIENTED_EDGE('',*,*,#3413,.F.);
#3413 = EDGE_CURVE('',#3414,#3416,#3418,.T.);
#3414 = VERTEX_POINT('',#3415);
#3415 = CARTESIAN_POINT('',(-88.89999847412,215.9,-7.391620838116E-15));
#3416 = VERTEX_POINT('',#3417);
#3417 = CARTESIAN_POINT('',(-88.89999847412,215.9,101.59999809265));
#3418 = SURFACE_CURVE('',#3419,(#3423,#3430),.PCURVE_S1.);
#3419 = LINE('',#3420,#3421);
#3420 = CARTESIAN_POINT('',(-88.89999847412,215.9,50.495361617488));
#3421 = VECTOR('',#3422,1.);
#3422 = DIRECTION('',(0.,0.,1.));
#3423 = PCURVE('',#3398,#3424);
#3424 = DEFINITIONAL_REPRESENTATION('',(#3425),#3429);
#3425 = LINE('',#3426,#3427);
#3426 = CARTESIAN_POINT('',(88.89999847412,51.104636475163));
#3427 = VECTOR('',#3428,1.);
#3428 = DIRECTION('',(0.,1.));
#3429 = ( GEOMETRIC_REPRESENTATION_CONTEXT(2) 
PARAMETRIC_REPRESENTATION_CONTEXT() REPRESENTATION_CONTEXT('2D SPACE',''
  ) );
#3430 = PCURVE('',#3431,#3436);
#3431 = PLANE('',#3432);
#3432 = AXIS2_PLACEMENT_3D('',#3433,#3434,#3435);
#3433 = CARTESIAN_POINT('',(-88.89999847412,355.6,101.59999809265));
#3434 = DIRECTION('',(-1.,0.,0.));
#3435 = DIRECTION('',(0.,0.,-1.));
#3436 = DEFINITIONAL_REPRESENTATION('',(#3437),#3441);
#3437 = LINE('',#3438,#3439);
#3438 = CARTESIAN_POINT('',(51.104636475162,139.7));
#3439 = VECTOR('',#3440,1.);
#3440 = DIRECTION('',(-1.,-0.));
#3441 = ( GEOMETRIC_REPRESENTATION_CONTEXT(2) 
PARAMETRIC_REPRESENTATION_CONTEXT() REPRESENTATION_CONTEXT('2D SPACE',''
  ) );
#3442 = ORIENTED_EDGE('',*,*,#3443,.F.);
#3443 = EDGE_CURVE('',#3444,#3414,#3446,.T.);
#3444 = VERTEX_POINT('',#3445);
#3445 = CARTESIAN_POINT('',(88.899998474121,215.9,1.87893047321E-14));
#3446 = SURFACE_CURVE('',#3447,(#3466,#3488),.PCURVE_S1.);
#3447 = B_SPLINE_CURVE_WITH_KNOTS('',3,(#3448,#3449,#3450,#3451,#3452,
    #3453,#3454,#3455,#3456,#3457,#3458,#3459,#3460,#3461,#3462,#3463,
    #3464,#3465),.UNSPECIFIED.,.F.,.F.,(4,2,2,2,2,2,2,2,4),(
    -32.23104667261,-28.15395533036,-24.1689482954,-20.12341356294,
    -15.08763652174,-10.97542251234,-7.018765796033,-2.935294571161,0.),
  .UNSPECIFIED.);
#3448 = CARTESIAN_POINT('',(88.899998474121,215.9,-1.7763568394E-14));
#3449 = CARTESIAN_POINT('',(88.899998474121,215.9,-15.47733531141));
#3450 = CARTESIAN_POINT('',(86.398930425433,215.9,-30.9453738139));
#3451 = CARTESIAN_POINT('',(76.994526048906,215.9,-58.95269663649));
#3452 = CARTESIAN_POINT('',(70.200687554147,215.9,-71.53309683218));
#3453 = CARTESIAN_POINT('',(53.469028069284,215.9,-92.42999733425));
#3454 = CARTESIAN_POINT('',(43.508775521449,215.9,-100.6666204702));
#3455 = CARTESIAN_POINT('',(19.640223973745,215.9,-112.953511699));
#3456 = CARTESIAN_POINT('',(5.398340788002,215.9,-115.518547808));
#3457 = CARTESIAN_POINT('',(-19.99253529733,215.9,-112.328001876));
#3458 = CARTESIAN_POINT('',(-31.26908884969,215.9,-108.00102787));
#3459 = CARTESIAN_POINT('',(-51.59121472565,215.9,-94.09013374401));
#3460 = CARTESIAN_POINT('',(-60.67960422976,215.9,-84.6989435455));
#3461 = CARTESIAN_POINT('',(-75.75942939824,215.9,-61.5848045034));
#3462 = CARTESIAN_POINT('',(-81.62140952125,215.9,-47.74616517812));
#3463 = CARTESIAN_POINT('',(-87.61372480654,215.9,-22.28396880568));
#3464 = CARTESIAN_POINT('',(-88.89999847412,215.9,-11.14287969092));
#3465 = CARTESIAN_POINT('',(-88.89999847412,215.9,-7.154386483827E-15));
#3466 = PCURVE('',#3398,#3467);
#3467 = DEFINITIONAL_REPRESENTATION('',(#3468),#3487);
#3468 = B_SPLINE_CURVE_WITH_KNOTS('',3,(#3469,#3470,#3471,#3472,#3473,
    #3474,#3475,#3476,#3477,#3478,#3479,#3480,#3481,#3482,#3483,#3484,
    #3485,#3486),.UNSPECIFIED.,.F.,.F.,(4,2,2,2,2,2,2,2,4),(
    -32.23104667261,-28.15395533036,-24.1689482954,-20.12341356294,
    -15.08763652174,-10.97542251234,-7.018765796033,-2.935294571161,0.),
  .UNSPECIFIED.);
#3469 = CARTESIAN_POINT('',(-88.89999847412,0.609274857675));
#3470 = CARTESIAN_POINT('',(-88.89999847412,-14.86806045373));
#3471 = CARTESIAN_POINT('',(-86.39893042543,-30.33609895622));
#3472 = CARTESIAN_POINT('',(-76.9945260489,-58.34342177881));
#3473 = CARTESIAN_POINT('',(-70.20068755414,-70.9238219745));
#3474 = CARTESIAN_POINT('',(-53.46902806928,-91.82072247657));
#3475 = CARTESIAN_POINT('',(-43.50877552144,-100.0573456125));
#3476 = CARTESIAN_POINT('',(-19.64022397374,-112.3442368413));
#3477 = CARTESIAN_POINT('',(-5.398340788002,-114.9092729503));
#3478 = CARTESIAN_POINT('',(19.99253529733,-111.7187270183));
#3479 = CARTESIAN_POINT('',(31.26908884969,-107.3917530123));
#3480 = CARTESIAN_POINT('',(51.59121472565,-93.48085888633));
#3481 = CARTESIAN_POINT('',(60.67960422976,-84.08966868782));
#3482 = CARTESIAN_POINT('',(75.75942939824,-60.97552964572));
#3483 = CARTESIAN_POINT('',(81.62140952125,-47.13689032044));
#3484 = CARTESIAN_POINT('',(87.61372480654,-21.674693948));
#3485 = CARTESIAN_POINT('',(88.89999847412,-10.53360483324));
#3486 = CARTESIAN_POINT('',(88.89999847412,0.609274857675));
#3487 = ( GEOMETRIC_REPRESENTATION_CONTEXT(2) 
PARAMETRIC_REPRESENTATION_CONTEXT() REPRESENTATION_CONTEXT('2D SPACE',''
  ) );
#3488 = PCURVE('',#3489,#3540);
#3489 = B_SPLINE_SURFACE_WITH_KNOTS('',3,1,(
    (#3490,#3491)
    ,(#3492,#3493)
    ,(#3494,#3495)
    ,(#3496,#3497)
    ,(#3498,#3499)
    ,(#3500,#3501)
    ,(#3502,#3503)
    ,(#3504,#3505)
    ,(#3506,#3507)
    ,(#3508,#3509)
    ,(#3510,#3511)
    ,(#3512,#3513)
    ,(#3514,#3515)
    ,(#3516,#3517)
    ,(#3518,#3519)
    ,(#3520,#3521)
    ,(#3522,#3523)
    ,(#3524,#3525)
    ,(#3526,#3527)
    ,(#3528,#3529)
    ,(#3530,#3531)
    ,(#3532,#3533)
    ,(#3534,#3535)
    ,(#3536,#3537)
    ,(#3538,#3539
  )),.UNSPECIFIED.,.F.,.F.,.F.,(4,3,3,3,3,3,3,3,4),(2,2),(
    -1.570796326795,-1.284690202022,-0.886670139828,-0.501010815792,
    -0.100189165377,0.390653106003,0.784975459989,1.1733981182,
    1.570796326795),(0.,18.288),.UNSPECIFIED.);
#3490 = CARTESIAN_POINT('',(-88.89999847412,355.6,-7.154386483827E-15));
#3491 = CARTESIAN_POINT('',(-88.89999847412,172.72,-7.154386483827E-15)
  );
#3492 = CARTESIAN_POINT('',(-88.89999847412,355.6,-11.14287969092));
#3493 = CARTESIAN_POINT('',(-88.89999847412,172.72,-11.14287969092));
#3494 = CARTESIAN_POINT('',(-87.61372480654,355.6,-22.28396880568));
#3495 = CARTESIAN_POINT('',(-87.61372480654,172.72,-22.28396880568));
#3496 = CARTESIAN_POINT('',(-85.10769867079,355.6,-32.93242879904));
#3497 = CARTESIAN_POINT('',(-85.10769867079,172.72,-32.93242879904));
#3498 = CARTESIAN_POINT('',(-81.62140952125,355.6,-47.74616517812));
#3499 = CARTESIAN_POINT('',(-81.62140952125,172.72,-47.74616517812));
#3500 = CARTESIAN_POINT('',(-75.75942939824,355.6,-61.5848045034));
#3501 = CARTESIAN_POINT('',(-75.75942939824,172.72,-61.5848045034));
#3502 = CARTESIAN_POINT('',(-68.10059205112,355.6,-73.32416018984));
#3503 = CARTESIAN_POINT('',(-68.10059205112,172.72,-73.32416018984));
#3504 = CARTESIAN_POINT('',(-60.67960422976,355.6,-84.6989435455));
#3505 = CARTESIAN_POINT('',(-60.67960422976,172.72,-84.6989435455));
#3506 = CARTESIAN_POINT('',(-51.59121472565,355.6,-94.09013374401));
#3507 = CARTESIAN_POINT('',(-51.59121472565,172.72,-94.09013374401));
#3508 = CARTESIAN_POINT('',(-41.62604381509,355.6,-100.9114888685));
#3509 = CARTESIAN_POINT('',(-41.62604381509,172.72,-100.9114888685));
#3510 = CARTESIAN_POINT('',(-31.26908884969,355.6,-108.00102787));
#3511 = CARTESIAN_POINT('',(-31.26908884969,172.72,-108.00102787));
#3512 = CARTESIAN_POINT('',(-19.99253529733,355.6,-112.328001876));
#3513 = CARTESIAN_POINT('',(-19.99253529733,172.72,-112.328001876));
#3514 = CARTESIAN_POINT('',(-8.578803498577,355.6,-113.7622192475));
#3515 = CARTESIAN_POINT('',(-8.578803498577,172.72,-113.7622192475));
#3516 = CARTESIAN_POINT('',(5.398340788002,355.6,-115.518547808));
#3517 = CARTESIAN_POINT('',(5.398340788002,172.72,-115.518547808));
#3518 = CARTESIAN_POINT('',(19.640223973745,355.6,-112.953511699));
#3519 = CARTESIAN_POINT('',(19.640223973745,172.72,-112.953511699));
#3520 = CARTESIAN_POINT('',(32.875834300341,355.6,-106.1401739016));
#3521 = CARTESIAN_POINT('',(32.875834300341,172.72,-106.1401739016));
#3522 = CARTESIAN_POINT('',(43.508775521449,355.6,-100.6666204702));
#3523 = CARTESIAN_POINT('',(43.508775521449,172.72,-100.6666204702));
#3524 = CARTESIAN_POINT('',(53.469028069284,355.6,-92.42999733425));
#3525 = CARTESIAN_POINT('',(53.469028069284,172.72,-92.42999733425));
#3526 = CARTESIAN_POINT('',(61.897912637503,355.6,-81.90279515656));
#3527 = CARTESIAN_POINT('',(61.897912637503,172.72,-81.90279515656));
#3528 = CARTESIAN_POINT('',(70.200687554147,355.6,-71.53309683218));
#3529 = CARTESIAN_POINT('',(70.200687554147,172.72,-71.53309683218));
#3530 = CARTESIAN_POINT('',(76.994526048906,355.6,-58.95269663649));
#3531 = CARTESIAN_POINT('',(76.994526048906,172.72,-58.95269663649));
#3532 = CARTESIAN_POINT('',(81.643020255571,355.6,-45.10898334297));
#3533 = CARTESIAN_POINT('',(81.643020255571,172.72,-45.10898334297));
#3534 = CARTESIAN_POINT('',(86.398930425433,355.6,-30.9453738139));
#3535 = CARTESIAN_POINT('',(86.398930425433,172.72,-30.9453738139));
#3536 = CARTESIAN_POINT('',(88.899998474121,355.6,-15.47733531141));
#3537 = CARTESIAN_POINT('',(88.899998474121,172.72,-15.47733531141));
#3538 = CARTESIAN_POINT('',(88.899998474121,355.6,1.87893047321E-14));
#3539 = CARTESIAN_POINT('',(88.899998474121,172.72,1.87893047321E-14));
#3540 = DEFINITIONAL_REPRESENTATION('',(#3541),#3544);
#3541 = B_SPLINE_CURVE_WITH_KNOTS('',1,(#3542,#3543),.UNSPECIFIED.,.F.,
  .F.,(2,2),(-32.23104667261,0.),.PIECEWISE_BEZIER_KNOTS.);
#3542 = CARTESIAN_POINT('',(1.570796326795,13.97));
#3543 = CARTESIAN_POINT('',(-1.570796326795,13.97));
#3544 = ( GEOMETRIC_REPRESENTATION_CONTEXT(2) 
PARAMETRIC_REPRESENTATION_CONTEXT() REPRESENTATION_CONTEXT('2D SPACE',''
  ) );
#3545 = ORIENTED_EDGE('',*,*,#3546,.F.);
#3546 = EDGE_CURVE('',#3356,#3444,#3547,.T.);
#3547 = SURFACE_CURVE('',#3548,(#3552,#3559),.PCURVE_S1.);
#3548 = LINE('',#3549,#3550);
#3549 = CARTESIAN_POINT('',(88.899998474121,215.9,-0.304637428837));
#3550 = VECTOR('',#3551,1.);
#3551 = DIRECTION('',(1.748382748768E-16,0.,-1.));
#3552 = PCURVE('',#3398,#3553);
#3553 = DEFINITIONAL_REPRESENTATION('',(#3554),#3558);
#3554 = LINE('',#3555,#3556);
#3555 = CARTESIAN_POINT('',(-88.89999847412,0.304637428838));
#3556 = VECTOR('',#3557,1.);
#3557 = DIRECTION('',(-1.748382748768E-16,-1.));
#3558 = ( GEOMETRIC_REPRESENTATION_CONTEXT(2) 
PARAMETRIC_REPRESENTATION_CONTEXT() REPRESENTATION_CONTEXT('2D SPACE',''
  ) );
#3559 = PCURVE('',#3371,#3560);
#3560 = DEFINITIONAL_REPRESENTATION('',(#3561),#3565);
#3561 = LINE('',#3562,#3563);
#3562 = CARTESIAN_POINT('',(-0.304637428837,139.7));
#3563 = VECTOR('',#3564,1.);
#3564 = DIRECTION('',(-1.,0.));
#3565 = ( GEOMETRIC_REPRESENTATION_CONTEXT(2) 
PARAMETRIC_REPRESENTATION_CONTEXT() REPRESENTATION_CONTEXT('2D SPACE',''
  ) );
#3566 = ORIENTED_EDGE('',*,*,#3383,.F.);
#3567 = ORIENTED_EDGE('',*,*,#3568,.F.);
#3568 = EDGE_CURVE('',#3569,#3299,#3571,.T.);
#3569 = VERTEX_POINT('',#3570);
#3570 = CARTESIAN_POINT('',(-76.19999847412,215.9,114.29999809265));
#3571 = SURFACE_CURVE('',#3572,(#3576,#3583),.PCURVE_S1.);
#3572 = LINE('',#3573,#3574);
#3573 = CARTESIAN_POINT('',(38.099999237061,215.9,114.29999809265));
#3574 = VECTOR('',#3575,1.);
#3575 = DIRECTION('',(1.,0.,0.));
#3576 = PCURVE('',#3398,#3577);
#3577 = DEFINITIONAL_REPRESENTATION('',(#3578),#3582);
#3578 = LINE('',#3579,#3580);
#3579 = CARTESIAN_POINT('',(-38.09999923706,114.90927295032));
#3580 = VECTOR('',#3581,1.);
#3581 = DIRECTION('',(-1.,0.));
#3582 = ( GEOMETRIC_REPRESENTATION_CONTEXT(2) 
PARAMETRIC_REPRESENTATION_CONTEXT() REPRESENTATION_CONTEXT('2D SPACE',''
  ) );
#3583 = PCURVE('',#3314,#3584);
#3584 = DEFINITIONAL_REPRESENTATION('',(#3585),#3589);
#3585 = LINE('',#3586,#3587);
#3586 = CARTESIAN_POINT('',(38.09999923706,139.7));
#3587 = VECTOR('',#3588,1.);
#3588 = DIRECTION('',(-1.,0.));
#3589 = ( GEOMETRIC_REPRESENTATION_CONTEXT(2) 
PARAMETRIC_REPRESENTATION_CONTEXT() REPRESENTATION_CONTEXT('2D SPACE',''
  ) );
#3590 = ORIENTED_EDGE('',*,*,#3591,.F.);
#3591 = EDGE_CURVE('',#3416,#3569,#3592,.T.);
#3592 = SURFACE_CURVE('',#3593,(#3598,#3605),.PCURVE_S1.);
#3593 = CIRCLE('',#3594,12.7);
#3594 = AXIS2_PLACEMENT_3D('',#3595,#3596,#3597);
#3595 = CARTESIAN_POINT('',(-76.19999847412,215.9,101.59999809265));
#3596 = DIRECTION('',(0.,1.,-0.));
#3597 = DIRECTION('',(-1.,0.,0.));
#3598 = PCURVE('',#3398,#3599);
#3599 = DEFINITIONAL_REPRESENTATION('',(#3600),#3604);
#3600 = CIRCLE('',#3601,12.7);
#3601 = AXIS2_PLACEMENT_2D('',#3602,#3603);
#3602 = CARTESIAN_POINT('',(76.19999847412,102.20927295032));
#3603 = DIRECTION('',(1.,0.));
#3604 = ( GEOMETRIC_REPRESENTATION_CONTEXT(2) 
PARAMETRIC_REPRESENTATION_CONTEXT() REPRESENTATION_CONTEXT('2D SPACE',''
  ) );
#3605 = PCURVE('',#3606,#3611);
#3606 = CYLINDRICAL_SURFACE('',#3607,12.7);
#3607 = AXIS2_PLACEMENT_3D('',#3608,#3609,#3610);
#3608 = CARTESIAN_POINT('',(-76.19999847412,355.6,101.59999809265));
#3609 = DIRECTION('',(0.,-1.,0.));
#3610 = DIRECTION('',(-1.,0.,0.));
#3611 = DEFINITIONAL_REPRESENTATION('',(#3612),#3616);
#3612 = LINE('',#3613,#3614);
#3613 = CARTESIAN_POINT('',(6.28318530718,139.7));
#3614 = VECTOR('',#3615,1.);
#3615 = DIRECTION('',(-1.,0.));
#3616 = ( GEOMETRIC_REPRESENTATION_CONTEXT(2) 
PARAMETRIC_REPRESENTATION_CONTEXT() REPRESENTATION_CONTEXT('2D SPACE',''
  ) );
#3617 = FACE_BOUND('',#3618,.T.);
#3618 = EDGE_LOOP('',(#3619));
#3619 = ORIENTED_EDGE('',*,*,#3620,.T.);
#3620 = EDGE_CURVE('',#3621,#3621,#3623,.T.);
#3621 = VERTEX_POINT('',#3622);
#3622 = CARTESIAN_POINT('',(-18.35334764587,215.9,13.661799819987));
#3623 = SURFACE_CURVE('',#3624,(#3629,#3636),.PCURVE_S1.);
#3624 = CIRCLE('',#3625,12.7);
#3625 = AXIS2_PLACEMENT_3D('',#3626,#3627,#3628);
#3626 = CARTESIAN_POINT('',(-5.65334764587,215.9,13.661799819987));
#3627 = DIRECTION('',(-0.,1.,0.));
#3628 = DIRECTION('',(1.,0.,0.));
#3629 = PCURVE('',#3398,#3630);
#3630 = DEFINITIONAL_REPRESENTATION('',(#3631),#3635);
#3631 = CIRCLE('',#3632,12.7);
#3632 = AXIS2_PLACEMENT_2D('',#3633,#3634);
#3633 = CARTESIAN_POINT('',(5.65334764587,14.271074677662));
#3634 = DIRECTION('',(-1.,0.));
#3635 = ( GEOMETRIC_REPRESENTATION_CONTEXT(2) 
PARAMETRIC_REPRESENTATION_CONTEXT() REPRESENTATION_CONTEXT('2D SPACE',''
  ) );
#3636 = PCURVE('',#3637,#3642);
#3637 = CYLINDRICAL_SURFACE('',#3638,12.7);
#3638 = AXIS2_PLACEMENT_3D('',#3639,#3640,#3641);
#3639 = CARTESIAN_POINT('',(-5.65334764587,215.9,13.661799819987));
#3640 = DIRECTION('',(0.,1.,0.));
#3641 = DIRECTION('',(1.,0.,0.));
#3642 = DEFINITIONAL_REPRESENTATION('',(#3643),#3647);
#3643 = LINE('',#3644,#3645);
#3644 = CARTESIAN_POINT('',(0.,0.));
#3645 = VECTOR('',#3646,1.);
#3646 = DIRECTION('',(1.,0.));
#3647 = ( GEOMETRIC_REPRESENTATION_CONTEXT(2) 
PARAMETRIC_REPRESENTATION_CONTEXT() REPRESENTATION_CONTEXT('2D SPACE',''
  ) );
#3648 = ADVANCED_FACE('',(#3649),#3637,.F.);
#3649 = FACE_BOUND('',#3650,.F.);
#3650 = EDGE_LOOP('',(#3651,#3674,#3705,#3706));
#3651 = ORIENTED_EDGE('',*,*,#3652,.T.);
#3652 = EDGE_CURVE('',#3621,#3653,#3655,.T.);
#3653 = VERTEX_POINT('',#3654);
#3654 = CARTESIAN_POINT('',(-18.35334764587,220.98,13.661799819987));
#3655 = SEAM_CURVE('',#3656,(#3660,#3667),.PCURVE_S1.);
#3656 = LINE('',#3657,#3658);
#3657 = CARTESIAN_POINT('',(-18.35334764587,215.9,13.661799819987));
#3658 = VECTOR('',#3659,1.);
#3659 = DIRECTION('',(0.,1.,0.));
#3660 = PCURVE('',#3637,#3661);
#3661 = DEFINITIONAL_REPRESENTATION('',(#3662),#3666);
#3662 = LINE('',#3663,#3664);
#3663 = CARTESIAN_POINT('',(9.424777960769,0.));
#3664 = VECTOR('',#3665,1.);
#3665 = DIRECTION('',(0.,1.));
#3666 = ( GEOMETRIC_REPRESENTATION_CONTEXT(2) 
PARAMETRIC_REPRESENTATION_CONTEXT() REPRESENTATION_CONTEXT('2D SPACE',''
  ) );
#3667 = PCURVE('',#3637,#3668);
#3668 = DEFINITIONAL_REPRESENTATION('',(#3669),#3673);
#3669 = LINE('',#3670,#3671);
#3670 = CARTESIAN_POINT('',(3.14159265359,0.));
#3671 = VECTOR('',#3672,1.);
#3672 = DIRECTION('',(0.,1.));
#3673 = ( GEOMETRIC_REPRESENTATION_CONTEXT(2) 
PARAMETRIC_REPRESENTATION_CONTEXT() REPRESENTATION_CONTEXT('2D SPACE',''
  ) );
#3674 = ORIENTED_EDGE('',*,*,#3675,.T.);
#3675 = EDGE_CURVE('',#3653,#3653,#3676,.T.);
#3676 = SURFACE_CURVE('',#3677,(#3682,#3689),.PCURVE_S1.);
#3677 = CIRCLE('',#3678,12.7);
#3678 = AXIS2_PLACEMENT_3D('',#3679,#3680,#3681);
#3679 = CARTESIAN_POINT('',(-5.65334764587,220.98,13.661799819987));
#3680 = DIRECTION('',(0.,-1.,0.));
#3681 = DIRECTION('',(1.,0.,0.));
#3682 = PCURVE('',#3637,#3683);
#3683 = DEFINITIONAL_REPRESENTATION('',(#3684),#3688);
#3684 = LINE('',#3685,#3686);
#3685 = CARTESIAN_POINT('',(12.566370614359,5.08));
#3686 = VECTOR('',#3687,1.);
#3687 = DIRECTION('',(-1.,0.));
#3688 = ( GEOMETRIC_REPRESENTATION_CONTEXT(2) 
PARAMETRIC_REPRESENTATION_CONTEXT() REPRESENTATION_CONTEXT('2D SPACE',''
  ) );
#3689 = PCURVE('',#3690,#3695);
#3690 = PLANE('',#3691);
#3691 = AXIS2_PLACEMENT_3D('',#3692,#3693,#3694);
#3692 = CARTESIAN_POINT('',(-2.50338416663E-09,220.98,6.241705649224E-04
    ));
#3693 = DIRECTION('',(0.,1.,0.));
#3694 = DIRECTION('',(-1.,0.,0.));
#3695 = DEFINITIONAL_REPRESENTATION('',(#3696),#3704);
#3696 = ( BOUNDED_CURVE() B_SPLINE_CURVE(2,(#3697,#3698,#3699,#3700,
#3701,#3702,#3703),.UNSPECIFIED.,.T.,.F.) B_SPLINE_CURVE_WITH_KNOTS((1,2
    ,2,2,2,1),(-2.094395102393,0.,2.094395102393,4.188790204786,
6.28318530718,8.377580409573),.UNSPECIFIED.) CURVE() 
GEOMETRIC_REPRESENTATION_ITEM() RATIONAL_B_SPLINE_CURVE((1.,0.5,1.,0.5,
1.,0.5,1.)) REPRESENTATION_ITEM('') );
#3697 = CARTESIAN_POINT('',(-7.046652356633,13.661175649422));
#3698 = CARTESIAN_POINT('',(-7.046652356633,35.658220905547));
#3699 = CARTESIAN_POINT('',(12.003347643367,24.659698277484));
#3700 = CARTESIAN_POINT('',(31.053347643367,13.661175649422));
#3701 = CARTESIAN_POINT('',(12.003347643367,2.66265302136));
#3702 = CARTESIAN_POINT('',(-7.046652356633,-8.335869606703));
#3703 = CARTESIAN_POINT('',(-7.046652356633,13.661175649422));
#3704 = ( GEOMETRIC_REPRESENTATION_CONTEXT(2) 
PARAMETRIC_REPRESENTATION_CONTEXT() REPRESENTATION_CONTEXT('2D SPACE',''
  ) );
#3705 = ORIENTED_EDGE('',*,*,#3652,.F.);
#3706 = ORIENTED_EDGE('',*,*,#3620,.T.);
#3707 = ADVANCED_FACE('',(#3708,#4055),#3690,.T.);
#3708 = FACE_BOUND('',#3709,.T.);
#3709 = EDGE_LOOP('',(#3710,#3740,#3773,#3801,#3834,#3862,#3926,#3983));
#3710 = ORIENTED_EDGE('',*,*,#3711,.F.);
#3711 = EDGE_CURVE('',#3712,#3714,#3716,.T.);
#3712 = VERTEX_POINT('',#3713);
#3713 = CARTESIAN_POINT('',(-88.89999847412,220.98,101.59999809265));
#3714 = VERTEX_POINT('',#3715);
#3715 = CARTESIAN_POINT('',(-88.89999847412,220.98,1.213064028752E-03));
#3716 = SURFACE_CURVE('',#3717,(#3721,#3728),.PCURVE_S1.);
#3717 = LINE('',#3718,#3719);
#3718 = CARTESIAN_POINT('',(-88.89999847412,220.98,102.36953890558));
#3719 = VECTOR('',#3720,1.);
#3720 = DIRECTION('',(-1.735239660539E-16,0.,-1.));
#3721 = PCURVE('',#3690,#3722);
#3722 = DEFINITIONAL_REPRESENTATION('',(#3723),#3727);
#3723 = LINE('',#3724,#3725);
#3724 = CARTESIAN_POINT('',(88.899998471617,102.36891473501));
#3725 = VECTOR('',#3726,1.);
#3726 = DIRECTION('',(1.735239660539E-16,-1.));
#3727 = ( GEOMETRIC_REPRESENTATION_CONTEXT(2) 
PARAMETRIC_REPRESENTATION_CONTEXT() REPRESENTATION_CONTEXT('2D SPACE',''
  ) );
#3728 = PCURVE('',#3729,#3734);
#3729 = PLANE('',#3730);
#3730 = AXIS2_PLACEMENT_3D('',#3731,#3732,#3733);
#3731 = CARTESIAN_POINT('',(-88.89999847412,355.6,101.59999809265));
#3732 = DIRECTION('',(-1.,0.,1.735239660539E-16));
#3733 = DIRECTION('',(-1.735239660539E-16,0.,-1.));
#3734 = DEFINITIONAL_REPRESENTATION('',(#3735),#3739);
#3735 = LINE('',#3736,#3737);
#3736 = CARTESIAN_POINT('',(-0.76954081293,134.62));
#3737 = VECTOR('',#3738,1.);
#3738 = DIRECTION('',(1.,0.));
#3739 = ( GEOMETRIC_REPRESENTATION_CONTEXT(2) 
PARAMETRIC_REPRESENTATION_CONTEXT() REPRESENTATION_CONTEXT('2D SPACE',''
  ) );
#3740 = ORIENTED_EDGE('',*,*,#3741,.F.);
#3741 = EDGE_CURVE('',#3742,#3712,#3744,.T.);
#3742 = VERTEX_POINT('',#3743);
#3743 = CARTESIAN_POINT('',(-76.19999847412,220.98,114.29999809265));
#3744 = SURFACE_CURVE('',#3745,(#3750,#3761),.PCURVE_S1.);
#3745 = CIRCLE('',#3746,12.7);
#3746 = AXIS2_PLACEMENT_3D('',#3747,#3748,#3749);
#3747 = CARTESIAN_POINT('',(-76.19999847412,220.98,101.59999809265));
#3748 = DIRECTION('',(0.,-1.,0.));
#3749 = DIRECTION('',(-1.,-0.,-1.398706172756E-15));
#3750 = PCURVE('',#3690,#3751);
#3751 = DEFINITIONAL_REPRESENTATION('',(#3752),#3760);
#3752 = ( BOUNDED_CURVE() B_SPLINE_CURVE(2,(#3753,#3754,#3755,#3756,
#3757,#3758,#3759),.UNSPECIFIED.,.T.,.F.) B_SPLINE_CURVE_WITH_KNOTS((1,2
    ,2,2,2,1),(-2.094395102393,0.,2.094395102393,4.188790204786,
6.28318530718,8.377580409573),.UNSPECIFIED.) CURVE() 
GEOMETRIC_REPRESENTATION_ITEM() RATIONAL_B_SPLINE_CURVE((1.,0.5,1.,0.5,
1.,0.5,1.)) REPRESENTATION_ITEM('') );
#3753 = CARTESIAN_POINT('',(88.899998471617,101.59937392208));
#3754 = CARTESIAN_POINT('',(88.899998471617,79.60232866596));
#3755 = CARTESIAN_POINT('',(69.849998471617,90.600851294023));
#3756 = CARTESIAN_POINT('',(50.799998471617,101.59937392208));
#3757 = CARTESIAN_POINT('',(69.849998471617,112.59789655014));
#3758 = CARTESIAN_POINT('',(88.899998471617,123.59641917821));
#3759 = CARTESIAN_POINT('',(88.899998471617,101.59937392208));
#3760 = ( GEOMETRIC_REPRESENTATION_CONTEXT(2) 
PARAMETRIC_REPRESENTATION_CONTEXT() REPRESENTATION_CONTEXT('2D SPACE',''
  ) );
#3761 = PCURVE('',#3762,#3767);
#3762 = CYLINDRICAL_SURFACE('',#3763,12.7);
#3763 = AXIS2_PLACEMENT_3D('',#3764,#3765,#3766);
#3764 = CARTESIAN_POINT('',(-76.19999847412,355.6,101.59999809265));
#3765 = DIRECTION('',(0.,-1.,0.));
#3766 = DIRECTION('',(-1.,-0.,-1.398706172756E-15));
#3767 = DEFINITIONAL_REPRESENTATION('',(#3768),#3772);
#3768 = LINE('',#3769,#3770);
#3769 = CARTESIAN_POINT('',(0.,134.62));
#3770 = VECTOR('',#3771,1.);
#3771 = DIRECTION('',(1.,0.));
#3772 = ( GEOMETRIC_REPRESENTATION_CONTEXT(2) 
PARAMETRIC_REPRESENTATION_CONTEXT() REPRESENTATION_CONTEXT('2D SPACE',''
  ) );
#3773 = ORIENTED_EDGE('',*,*,#3774,.F.);
#3774 = EDGE_CURVE('',#3775,#3742,#3777,.T.);
#3775 = VERTEX_POINT('',#3776);
#3776 = CARTESIAN_POINT('',(76.199998474121,220.98,114.29999809265));
#3777 = SURFACE_CURVE('',#3778,(#3782,#3789),.PCURVE_S1.);
#3778 = LINE('',#3779,#3780);
#3779 = CARTESIAN_POINT('',(76.199998474121,220.98,114.29999809265));
#3780 = VECTOR('',#3781,1.);
#3781 = DIRECTION('',(-1.,0.,0.));
#3782 = PCURVE('',#3690,#3783);
#3783 = DEFINITIONAL_REPRESENTATION('',(#3784),#3788);
#3784 = LINE('',#3785,#3786);
#3785 = CARTESIAN_POINT('',(-76.19999847662,114.29937392208));
#3786 = VECTOR('',#3787,1.);
#3787 = DIRECTION('',(1.,0.));
#3788 = ( GEOMETRIC_REPRESENTATION_CONTEXT(2) 
PARAMETRIC_REPRESENTATION_CONTEXT() REPRESENTATION_CONTEXT('2D SPACE',''
  ) );
#3789 = PCURVE('',#3790,#3795);
#3790 = PLANE('',#3791);
#3791 = AXIS2_PLACEMENT_3D('',#3792,#3793,#3794);
#3792 = CARTESIAN_POINT('',(76.199998474121,355.6,114.29999809265));
#3793 = DIRECTION('',(0.,0.,1.));
#3794 = DIRECTION('',(-1.,0.,0.));
#3795 = DEFINITIONAL_REPRESENTATION('',(#3796),#3800);
#3796 = LINE('',#3797,#3798);
#3797 = CARTESIAN_POINT('',(0.,134.62));
#3798 = VECTOR('',#3799,1.);
#3799 = DIRECTION('',(1.,0.));
#3800 = ( GEOMETRIC_REPRESENTATION_CONTEXT(2) 
PARAMETRIC_REPRESENTATION_CONTEXT() REPRESENTATION_CONTEXT('2D SPACE',''
  ) );
#3801 = ORIENTED_EDGE('',*,*,#3802,.F.);
#3802 = EDGE_CURVE('',#3803,#3775,#3805,.T.);
#3803 = VERTEX_POINT('',#3804);
#3804 = CARTESIAN_POINT('',(88.899998474121,220.98,101.59999809265));
#3805 = SURFACE_CURVE('',#3806,(#3811,#3822),.PCURVE_S1.);
#3806 = CIRCLE('',#3807,12.7);
#3807 = AXIS2_PLACEMENT_3D('',#3808,#3809,#3810);
#3808 = CARTESIAN_POINT('',(76.199998474121,220.98,101.59999809265));
#3809 = DIRECTION('',(0.,-1.,0.));
#3810 = DIRECTION('',(3.49676543189E-15,0.,1.));
#3811 = PCURVE('',#3690,#3812);
#3812 = DEFINITIONAL_REPRESENTATION('',(#3813),#3821);
#3813 = ( BOUNDED_CURVE() B_SPLINE_CURVE(2,(#3814,#3815,#3816,#3817,
#3818,#3819,#3820),.UNSPECIFIED.,.T.,.F.) B_SPLINE_CURVE_WITH_KNOTS((1,2
    ,2,2,2,1),(-2.094395102393,0.,2.094395102393,4.188790204786,
6.28318530718,8.377580409573),.UNSPECIFIED.) CURVE() 
GEOMETRIC_REPRESENTATION_ITEM() RATIONAL_B_SPLINE_CURVE((1.,0.5,1.,0.5,
1.,0.5,1.)) REPRESENTATION_ITEM('') );
#3814 = CARTESIAN_POINT('',(-76.19999847662,114.29937392208));
#3815 = CARTESIAN_POINT('',(-54.2029532205,114.29937392208));
#3816 = CARTESIAN_POINT('',(-65.20147584856,95.249373922085));
#3817 = CARTESIAN_POINT('',(-76.19999847662,76.199373922085));
#3818 = CARTESIAN_POINT('',(-87.19852110468,95.249373922085));
#3819 = CARTESIAN_POINT('',(-98.19704373274,114.29937392208));
#3820 = CARTESIAN_POINT('',(-76.19999847662,114.29937392208));
#3821 = ( GEOMETRIC_REPRESENTATION_CONTEXT(2) 
PARAMETRIC_REPRESENTATION_CONTEXT() REPRESENTATION_CONTEXT('2D SPACE',''
  ) );
#3822 = PCURVE('',#3823,#3828);
#3823 = CYLINDRICAL_SURFACE('',#3824,12.7);
#3824 = AXIS2_PLACEMENT_3D('',#3825,#3826,#3827);
#3825 = CARTESIAN_POINT('',(76.199998474121,355.6,101.59999809265));
#3826 = DIRECTION('',(0.,-1.,0.));
#3827 = DIRECTION('',(3.49676543189E-15,0.,1.));
#3828 = DEFINITIONAL_REPRESENTATION('',(#3829),#3833);
#3829 = LINE('',#3830,#3831);
#3830 = CARTESIAN_POINT('',(0.,134.62));
#3831 = VECTOR('',#3832,1.);
#3832 = DIRECTION('',(1.,0.));
#3833 = ( GEOMETRIC_REPRESENTATION_CONTEXT(2) 
PARAMETRIC_REPRESENTATION_CONTEXT() REPRESENTATION_CONTEXT('2D SPACE',''
  ) );
#3834 = ORIENTED_EDGE('',*,*,#3835,.F.);
#3835 = EDGE_CURVE('',#3836,#3803,#3838,.T.);
#3836 = VERTEX_POINT('',#3837);
#3837 = CARTESIAN_POINT('',(88.899998474121,220.98,1.24344978758E-13));
#3838 = SURFACE_CURVE('',#3839,(#3843,#3850),.PCURVE_S1.);
#3839 = LINE('',#3840,#3841);
#3840 = CARTESIAN_POINT('',(88.899998474121,220.98,1.702218785149E-14));
#3841 = VECTOR('',#3842,1.);
#3842 = DIRECTION('',(-1.748382748768E-16,0.,1.));
#3843 = PCURVE('',#3690,#3844);
#3844 = DEFINITIONAL_REPRESENTATION('',(#3845),#3849);
#3845 = LINE('',#3846,#3847);
#3846 = CARTESIAN_POINT('',(-88.89999847662,-6.241705649054E-04));
#3847 = VECTOR('',#3848,1.);
#3848 = DIRECTION('',(1.748382748768E-16,1.));
#3849 = ( GEOMETRIC_REPRESENTATION_CONTEXT(2) 
PARAMETRIC_REPRESENTATION_CONTEXT() REPRESENTATION_CONTEXT('2D SPACE',''
  ) );
#3850 = PCURVE('',#3851,#3856);
#3851 = PLANE('',#3852);
#3852 = AXIS2_PLACEMENT_3D('',#3853,#3854,#3855);
#3853 = CARTESIAN_POINT('',(88.899998474121,355.6,1.267044737359E-13));
#3854 = DIRECTION('',(1.,0.,1.748382748768E-16));
#3855 = DIRECTION('',(-1.748382748768E-16,0.,1.));
#3856 = DEFINITIONAL_REPRESENTATION('',(#3857),#3861);
#3857 = LINE('',#3858,#3859);
#3858 = CARTESIAN_POINT('',(-1.096822858844E-13,134.62));
#3859 = VECTOR('',#3860,1.);
#3860 = DIRECTION('',(1.,0.));
#3861 = ( GEOMETRIC_REPRESENTATION_CONTEXT(2) 
PARAMETRIC_REPRESENTATION_CONTEXT() REPRESENTATION_CONTEXT('2D SPACE',''
  ) );
#3862 = ORIENTED_EDGE('',*,*,#3863,.F.);
#3863 = EDGE_CURVE('',#3864,#3836,#3866,.T.);
#3864 = VERTEX_POINT('',#3865);
#3865 = CARTESIAN_POINT('',(2.388367582267E-03,220.98,-114.2981973807));
#3866 = SURFACE_CURVE('',#3867,(#3878,#3892),.PCURVE_S1.);
#3867 = B_SPLINE_CURVE_WITH_KNOTS('',3,(#3868,#3869,#3870,#3871,#3872,
    #3873,#3874,#3875,#3876,#3877),.UNSPECIFIED.,.F.,.F.,(4,2,2,2,4),(0.
    ,0.390653106003,0.784975459989,1.1733981182,1.570796326795),
  .UNSPECIFIED.);
#3868 = CARTESIAN_POINT('',(2.388367582252E-03,220.98,-114.2981973807));
#3869 = CARTESIAN_POINT('',(11.170431678978,220.98,-114.294413889));
#3870 = CARTESIAN_POINT('',(22.341834713489,220.98,-111.5627948289));
#3871 = CARTESIAN_POINT('',(43.508775521449,220.98,-100.6666204702));
#3872 = CARTESIAN_POINT('',(53.469028069284,220.98,-92.42999733425));
#3873 = CARTESIAN_POINT('',(70.200687554147,220.98,-71.53309683218));
#3874 = CARTESIAN_POINT('',(76.994526048906,220.98,-58.95269663649));
#3875 = CARTESIAN_POINT('',(86.398930425433,220.98,-30.9453738139));
#3876 = CARTESIAN_POINT('',(88.899998474121,220.98,-15.47733531141));
#3877 = CARTESIAN_POINT('',(88.899998474121,220.98,1.87893047321E-14));
#3878 = PCURVE('',#3690,#3879);
#3879 = DEFINITIONAL_REPRESENTATION('',(#3880),#3891);
#3880 = B_SPLINE_CURVE_WITH_KNOTS('',3,(#3881,#3882,#3883,#3884,#3885,
    #3886,#3887,#3888,#3889,#3890),.UNSPECIFIED.,.F.,.F.,(4,2,2,2,4),(0.
    ,0.390653106003,0.784975459989,1.1733981182,1.570796326795),
  .UNSPECIFIED.);
#3881 = CARTESIAN_POINT('',(-2.388370085636E-03,-114.2988215512));
#3882 = CARTESIAN_POINT('',(-11.17043168148,-114.2950380595));
#3883 = CARTESIAN_POINT('',(-22.34183471599,-111.5634189994));
#3884 = CARTESIAN_POINT('',(-43.50877552395,-100.6672446407));
#3885 = CARTESIAN_POINT('',(-53.46902807178,-92.43062150481));
#3886 = CARTESIAN_POINT('',(-70.20068755665,-71.53372100274));
#3887 = CARTESIAN_POINT('',(-76.9945260514,-58.95332080705));
#3888 = CARTESIAN_POINT('',(-86.39893042793,-30.94599798446));
#3889 = CARTESIAN_POINT('',(-88.89999847662,-15.47795948197));
#3890 = CARTESIAN_POINT('',(-88.89999847662,-6.241705649036E-04));
#3891 = ( GEOMETRIC_REPRESENTATION_CONTEXT(2) 
PARAMETRIC_REPRESENTATION_CONTEXT() REPRESENTATION_CONTEXT('2D SPACE',''
  ) );
#3892 = PCURVE('',#3893,#3920);
#3893 = B_SPLINE_SURFACE_WITH_KNOTS('',3,1,(
    (#3894,#3895)
    ,(#3896,#3897)
    ,(#3898,#3899)
    ,(#3900,#3901)
    ,(#3902,#3903)
    ,(#3904,#3905)
    ,(#3906,#3907)
    ,(#3908,#3909)
    ,(#3910,#3911)
    ,(#3912,#3913)
    ,(#3914,#3915)
    ,(#3916,#3917)
    ,(#3918,#3919
    )),.UNSPECIFIED.,.F.,.F.,.F.,(4,3,3,3,4),(2,2),(0.,0.390653106003,
    0.784975459989,1.1733981182,1.570796326795),(0.,16.1544),
  .UNSPECIFIED.);
#3894 = CARTESIAN_POINT('',(2.388367582252E-03,355.6,-114.2981973807));
#3895 = CARTESIAN_POINT('',(2.388367582252E-03,194.056,-114.2981973807)
  );
#3896 = CARTESIAN_POINT('',(11.170431678978,355.6,-114.294413889));
#3897 = CARTESIAN_POINT('',(11.170431678978,194.056,-114.294413889));
#3898 = CARTESIAN_POINT('',(22.341834713489,355.6,-111.5627948289));
#3899 = CARTESIAN_POINT('',(22.341834713489,194.056,-111.5627948289));
#3900 = CARTESIAN_POINT('',(32.875834300341,355.6,-106.1401739016));
#3901 = CARTESIAN_POINT('',(32.875834300341,194.056,-106.1401739016));
#3902 = CARTESIAN_POINT('',(43.508775521449,355.6,-100.6666204702));
#3903 = CARTESIAN_POINT('',(43.508775521449,194.056,-100.6666204702));
#3904 = CARTESIAN_POINT('',(53.469028069284,355.6,-92.42999733425));
#3905 = CARTESIAN_POINT('',(53.469028069284,194.056,-92.42999733425));
#3906 = CARTESIAN_POINT('',(61.897912637503,355.6,-81.90279515656));
#3907 = CARTESIAN_POINT('',(61.897912637503,194.056,-81.90279515656));
#3908 = CARTESIAN_POINT('',(70.200687554147,355.6,-71.53309683218));
#3909 = CARTESIAN_POINT('',(70.200687554147,194.056,-71.53309683218));
#3910 = CARTESIAN_POINT('',(76.994526048906,355.6,-58.95269663649));
#3911 = CARTESIAN_POINT('',(76.994526048906,194.056,-58.95269663649));
#3912 = CARTESIAN_POINT('',(81.643020255571,355.6,-45.10898334297));
#3913 = CARTESIAN_POINT('',(81.643020255571,194.056,-45.10898334297));
#3914 = CARTESIAN_POINT('',(86.398930425433,355.6,-30.9453738139));
#3915 = CARTESIAN_POINT('',(86.398930425433,194.056,-30.9453738139));
#3916 = CARTESIAN_POINT('',(88.899998474121,355.6,-15.47733531141));
#3917 = CARTESIAN_POINT('',(88.899998474121,194.056,-15.47733531141));
#3918 = CARTESIAN_POINT('',(88.899998474121,355.6,1.87893047321E-14));
#3919 = CARTESIAN_POINT('',(88.899998474121,194.056,1.87893047321E-14));
#3920 = DEFINITIONAL_REPRESENTATION('',(#3921),#3925);
#3921 = LINE('',#3922,#3923);
#3922 = CARTESIAN_POINT('',(7.171414834861E-17,13.462));
#3923 = VECTOR('',#3924,1.);
#3924 = DIRECTION('',(1.,0.));
#3925 = ( GEOMETRIC_REPRESENTATION_CONTEXT(2) 
PARAMETRIC_REPRESENTATION_CONTEXT() REPRESENTATION_CONTEXT('2D SPACE',''
  ) );
#3926 = ORIENTED_EDGE('',*,*,#3927,.F.);
#3927 = EDGE_CURVE('',#3928,#3864,#3930,.T.);
#3928 = VERTEX_POINT('',#3929);
#3929 = CARTESIAN_POINT('',(-4.886837969173,220.98,-114.1253122167));
#3930 = SURFACE_CURVE('',#3931,(#3936,#3947),.PCURVE_S1.);
#3931 = ELLIPSE('',#3932,114.29819740565,88.899998466454);
#3932 = AXIS2_PLACEMENT_3D('',#3933,#3934,#3935);
#3933 = CARTESIAN_POINT('',(0.,220.98,0.));
#3934 = DIRECTION('',(0.,-1.,0.));
#3935 = DIRECTION('',(2.089593393833E-05,0.,-0.999999999782));
#3936 = PCURVE('',#3690,#3937);
#3937 = DEFINITIONAL_REPRESENTATION('',(#3938),#3946);
#3938 = ( BOUNDED_CURVE() B_SPLINE_CURVE(2,(#3939,#3940,#3941,#3942,
#3943,#3944,#3945),.UNSPECIFIED.,.T.,.F.) B_SPLINE_CURVE_WITH_KNOTS((1,2
    ,2,2,2,1),(-2.094395102393,0.,2.094395102393,4.188790204786,
6.28318530718,8.377580409573),.UNSPECIFIED.) CURVE() 
GEOMETRIC_REPRESENTATION_ITEM() RATIONAL_B_SPLINE_CURVE((1.,0.5,1.,0.5,
1.,0.5,1.)) REPRESENTATION_ITEM('') );
#3939 = CARTESIAN_POINT('',(-2.388370085643E-03,-114.2988215512));
#3940 = CARTESIAN_POINT('',(-153.9817024731,-114.2956040096));
#3941 = CARTESIAN_POINT('',(-76.98846287025,57.150083290571));
#3942 = CARTESIAN_POINT('',(4.776732661112E-03,228.59577059082));
#3943 = CARTESIAN_POINT('',(76.990851232826,57.146865748995));
#3944 = CARTESIAN_POINT('',(153.97692573299,-114.3020390928));
#3945 = CARTESIAN_POINT('',(-2.388370085643E-03,-114.2988215512));
#3946 = ( GEOMETRIC_REPRESENTATION_CONTEXT(2) 
PARAMETRIC_REPRESENTATION_CONTEXT() REPRESENTATION_CONTEXT('2D SPACE',''
  ) );
#3947 = PCURVE('',#3948,#3955);
#3948 = ( BOUNDED_SURFACE() B_SPLINE_SURFACE(2,1,(
    (#3949,#3950)
    ,(#3951,#3952)
    ,(#3953,#3954
)),.UNSPECIFIED.,.F.,.F.,.F.) B_SPLINE_SURFACE_WITH_KNOTS((3,3),(2,2),(
    -5.502464422798E-02,9.818055132076E-22),(0.,14.554199382019),
.PIECEWISE_BEZIER_KNOTS.) GEOMETRIC_REPRESENTATION_ITEM() 
RATIONAL_B_SPLINE_SURFACE((
    (1.,1.)
    ,(0.999621559938,0.999621559938)
,(1.,1.))) REPRESENTATION_ITEM('') SURFACE() );
#3949 = CARTESIAN_POINT('',(-4.886837969173,342.26499485015,
    -114.1253122167));
#3950 = CARTESIAN_POINT('',(-4.886837969173,196.72300102996,
    -114.1253122167));
#3951 = CARTESIAN_POINT('',(-2.444074322039,342.26499485015,
    -114.2982485018));
#3952 = CARTESIAN_POINT('',(-2.444074322039,196.72300102996,
    -114.2982485018));
#3953 = CARTESIAN_POINT('',(2.388367582261E-03,342.26499485015,
    -114.2981973807));
#3954 = CARTESIAN_POINT('',(2.388367582261E-03,196.72300102996,
    -114.2981973807));
#3955 = DEFINITIONAL_REPRESENTATION('',(#3956),#3982);
#3956 = B_SPLINE_CURVE_WITH_KNOTS('',3,(#3957,#3958,#3959,#3960,#3961,
    #3962,#3963,#3964,#3965,#3966,#3967,#3968,#3969,#3970,#3971,#3972,
    #3973,#3974,#3975,#3976,#3977,#3978,#3979,#3980,#3981),
  .UNSPECIFIED.,.F.,.F.,(4,1,1,1,1,1,1,1,1,1,1,1,1,1,1,1,1,1,1,1,1,1,4),
  (6.228160662952,6.230661783144,6.233162903336,6.235664023528,
    6.23816514372,6.240666263912,6.243167384105,6.245668504297,
    6.248169624489,6.250670744681,6.253171864873,6.255672985066,
    6.258174105258,6.26067522545,6.263176345642,6.265677465834,
    6.268178586026,6.270679706219,6.273180826411,6.275681946603,
    6.278183066795,6.280684186987,6.28318530718),.QUASI_UNIFORM_KNOTS.);
#3957 = CARTESIAN_POINT('',(-5.502464422798E-02,12.128499485015));
#3958 = CARTESIAN_POINT('',(-5.419083231207E-02,12.128499485015));
#3959 = CARTESIAN_POINT('',(-5.252323716973E-02,12.128499485015));
#3960 = CARTESIAN_POINT('',(-5.00219226978E-02,12.128499485015));
#3961 = CARTESIAN_POINT('',(-4.752067864024E-02,12.128499485015));
#3962 = CARTESIAN_POINT('',(-4.50194971711E-02,12.128499485015));
#3963 = CARTESIAN_POINT('',(-4.251837046508E-02,12.128499485015));
#3964 = CARTESIAN_POINT('',(-4.001729069761E-02,12.128499485015));
#3965 = CARTESIAN_POINT('',(-3.75162500447E-02,12.128499485015));
#3966 = CARTESIAN_POINT('',(-3.501524068286E-02,12.128499485015));
#3967 = CARTESIAN_POINT('',(-3.251425478898E-02,12.128499485015));
#3968 = CARTESIAN_POINT('',(-3.001328454023E-02,12.128499485015));
#3969 = CARTESIAN_POINT('',(-2.7512322114E-02,12.128499485015));
#3970 = CARTESIAN_POINT('',(-2.501135968778E-02,12.128499485015));
#3971 = CARTESIAN_POINT('',(-2.251038943903E-02,12.128499485015));
#3972 = CARTESIAN_POINT('',(-2.000940354514E-02,12.128499485015));
#3973 = CARTESIAN_POINT('',(-1.75083941833E-02,12.128499485015));
#3974 = CARTESIAN_POINT('',(-1.500735353039E-02,12.128499485015));
#3975 = CARTESIAN_POINT('',(-1.250627376292E-02,12.128499485015));
#3976 = CARTESIAN_POINT('',(-1.00051470569E-02,12.128499485015));
#3977 = CARTESIAN_POINT('',(-7.503965587749E-03,12.128499485015));
#3978 = CARTESIAN_POINT('',(-5.002721530192E-03,12.128499485015));
#3979 = CARTESIAN_POINT('',(-2.501407058259E-03,12.128499485015));
#3980 = CARTESIAN_POINT('',(-8.338119159129E-04,12.128499485015));
#3981 = CARTESIAN_POINT('',(9.818055132076E-22,12.128499485015));
#3982 = ( GEOMETRIC_REPRESENTATION_CONTEXT(2) 
PARAMETRIC_REPRESENTATION_CONTEXT() REPRESENTATION_CONTEXT('2D SPACE',''
  ) );
#3983 = ORIENTED_EDGE('',*,*,#3984,.F.);
#3984 = EDGE_CURVE('',#3714,#3928,#3985,.T.);
#3985 = SURFACE_CURVE('',#3986,(#3999,#4015),.PCURVE_S1.);
#3986 = B_SPLINE_CURVE_WITH_KNOTS('',3,(#3987,#3988,#3989,#3990,#3991,
    #3992,#3993,#3994,#3995,#3996,#3997,#3998),.UNSPECIFIED.,.F.,.F.,(4,
    2,2,2,2,4),(-1.570796326795,-1.284690202022,-0.886670139828,
    -0.501010815792,-0.100189165377,-5.703339620786E-02),.UNSPECIFIED.);
#3987 = CARTESIAN_POINT('',(-88.89999847412,220.98,-7.154386483827E-15)
  );
#3988 = CARTESIAN_POINT('',(-88.89999847412,220.98,-11.14287969092));
#3989 = CARTESIAN_POINT('',(-87.61372480654,220.98,-22.28396880568));
#3990 = CARTESIAN_POINT('',(-81.62140952125,220.98,-47.74616517812));
#3991 = CARTESIAN_POINT('',(-75.75942939824,220.98,-61.5848045034));
#3992 = CARTESIAN_POINT('',(-60.67960422976,220.98,-84.6989435455));
#3993 = CARTESIAN_POINT('',(-51.59121472565,220.98,-94.09013374401));
#3994 = CARTESIAN_POINT('',(-31.26908884969,220.98,-108.00102787));
#3995 = CARTESIAN_POINT('',(-19.99253529733,220.98,-112.328001876));
#3996 = CARTESIAN_POINT('',(-7.349906869964,220.98,-113.9166389346));
#3997 = CARTESIAN_POINT('',(-6.118963742207,220.98,-114.0376533717));
#3998 = CARTESIAN_POINT('',(-4.886837969173,220.98,-114.1253122167));
#3999 = PCURVE('',#3690,#4000);
#4000 = DEFINITIONAL_REPRESENTATION('',(#4001),#4014);
#4001 = B_SPLINE_CURVE_WITH_KNOTS('',3,(#4002,#4003,#4004,#4005,#4006,
    #4007,#4008,#4009,#4010,#4011,#4012,#4013),.UNSPECIFIED.,.F.,.F.,(4,
    2,2,2,2,4),(-1.570796326795,-1.284690202022,-0.886670139828,
    -0.501010815792,-0.100189165377,-5.703339620786E-02),.UNSPECIFIED.);
#4002 = CARTESIAN_POINT('',(88.899998471617,-6.241705649296E-04));
#4003 = CARTESIAN_POINT('',(88.899998471617,-11.14350386148));
#4004 = CARTESIAN_POINT('',(87.613724804037,-22.28459297624));
#4005 = CARTESIAN_POINT('',(81.621409518747,-47.74678934868));
#4006 = CARTESIAN_POINT('',(75.759429395737,-61.58542867396));
#4007 = CARTESIAN_POINT('',(60.679604227257,-84.69956771606));
#4008 = CARTESIAN_POINT('',(51.591214723147,-94.09075791457));
#4009 = CARTESIAN_POINT('',(31.269088847187,-108.0016520405));
#4010 = CARTESIAN_POINT('',(19.992535294827,-112.3286260465));
#4011 = CARTESIAN_POINT('',(7.349906867461,-113.9172631051));
#4012 = CARTESIAN_POINT('',(6.118963739704,-114.0382775422));
#4013 = CARTESIAN_POINT('',(4.88683796667,-114.1259363872));
#4014 = ( GEOMETRIC_REPRESENTATION_CONTEXT(2) 
PARAMETRIC_REPRESENTATION_CONTEXT() REPRESENTATION_CONTEXT('2D SPACE',''
  ) );
#4015 = PCURVE('',#4016,#4049);
#4016 = B_SPLINE_SURFACE_WITH_KNOTS('',3,1,(
    (#4017,#4018)
    ,(#4019,#4020)
    ,(#4021,#4022)
    ,(#4023,#4024)
    ,(#4025,#4026)
    ,(#4027,#4028)
    ,(#4029,#4030)
    ,(#4031,#4032)
    ,(#4033,#4034)
    ,(#4035,#4036)
    ,(#4037,#4038)
    ,(#4039,#4040)
    ,(#4041,#4042)
    ,(#4043,#4044)
    ,(#4045,#4046)
    ,(#4047,#4048
    )),.UNSPECIFIED.,.F.,.F.,.F.,(4,3,3,3,3,4),(2,2),(-1.570796326795,
    -1.284690202022,-0.886670139828,-0.501010815792,-0.100189165377,
    -5.703339620786E-02),(0.,16.1544),.UNSPECIFIED.);
#4017 = CARTESIAN_POINT('',(-88.89999847412,355.6,-7.154386483827E-15));
#4018 = CARTESIAN_POINT('',(-88.89999847412,194.056,-7.154386483827E-15)
  );
#4019 = CARTESIAN_POINT('',(-88.89999847412,355.6,-11.14287969092));
#4020 = CARTESIAN_POINT('',(-88.89999847412,194.056,-11.14287969092));
#4021 = CARTESIAN_POINT('',(-87.61372480654,355.6,-22.28396880568));
#4022 = CARTESIAN_POINT('',(-87.61372480654,194.056,-22.28396880568));
#4023 = CARTESIAN_POINT('',(-85.10769867079,355.6,-32.93242879904));
#4024 = CARTESIAN_POINT('',(-85.10769867079,194.056,-32.93242879904));
#4025 = CARTESIAN_POINT('',(-81.62140952125,355.6,-47.74616517812));
#4026 = CARTESIAN_POINT('',(-81.62140952125,194.056,-47.74616517812));
#4027 = CARTESIAN_POINT('',(-75.75942939824,355.6,-61.5848045034));
#4028 = CARTESIAN_POINT('',(-75.75942939824,194.056,-61.5848045034));
#4029 = CARTESIAN_POINT('',(-68.10059205112,355.6,-73.32416018984));
#4030 = CARTESIAN_POINT('',(-68.10059205112,194.056,-73.32416018984));
#4031 = CARTESIAN_POINT('',(-60.67960422976,355.6,-84.6989435455));
#4032 = CARTESIAN_POINT('',(-60.67960422976,194.056,-84.6989435455));
#4033 = CARTESIAN_POINT('',(-51.59121472565,355.6,-94.09013374401));
#4034 = CARTESIAN_POINT('',(-51.59121472565,194.056,-94.09013374401));
#4035 = CARTESIAN_POINT('',(-41.62604381509,355.6,-100.9114888685));
#4036 = CARTESIAN_POINT('',(-41.62604381509,194.056,-100.9114888685));
#4037 = CARTESIAN_POINT('',(-31.26908884969,355.6,-108.00102787));
#4038 = CARTESIAN_POINT('',(-31.26908884969,194.056,-108.00102787));
#4039 = CARTESIAN_POINT('',(-19.99253529733,355.6,-112.328001876));
#4040 = CARTESIAN_POINT('',(-19.99253529733,194.056,-112.328001876));
#4041 = CARTESIAN_POINT('',(-8.578803498577,355.6,-113.7622192475));
#4042 = CARTESIAN_POINT('',(-8.578803498577,194.056,-113.7622192475));
#4043 = CARTESIAN_POINT('',(-7.349906869964,355.6,-113.9166389346));
#4044 = CARTESIAN_POINT('',(-7.349906869964,194.056,-113.9166389346));
#4045 = CARTESIAN_POINT('',(-6.118963742207,355.6,-114.0376533717));
#4046 = CARTESIAN_POINT('',(-6.118963742207,194.056,-114.0376533717));
#4047 = CARTESIAN_POINT('',(-4.886837969173,355.6,-114.1253122167));
#4048 = CARTESIAN_POINT('',(-4.886837969173,194.056,-114.1253122167));
#4049 = DEFINITIONAL_REPRESENTATION('',(#4050),#4054);
#4050 = LINE('',#4051,#4052);
#4051 = CARTESIAN_POINT('',(0.,13.462));
#4052 = VECTOR('',#4053,1.);
#4053 = DIRECTION('',(1.,0.));
#4054 = ( GEOMETRIC_REPRESENTATION_CONTEXT(2) 
PARAMETRIC_REPRESENTATION_CONTEXT() REPRESENTATION_CONTEXT('2D SPACE',''
  ) );
#4055 = FACE_BOUND('',#4056,.T.);
#4056 = EDGE_LOOP('',(#4057));
#4057 = ORIENTED_EDGE('',*,*,#3675,.T.);
#4058 = ADVANCED_FACE('',(#4059),#4016,.F.);
#4059 = FACE_BOUND('',#4060,.F.);
#4060 = EDGE_LOOP('',(#4061,#4108,#4146,#4271,#4290,#4291,#4313,#4335,
    #4378,#4412,#4497));
#4061 = ORIENTED_EDGE('',*,*,#4062,.F.);
#4062 = EDGE_CURVE('',#4063,#4065,#4067,.T.);
#4063 = VERTEX_POINT('',#4064);
#4064 = CARTESIAN_POINT('',(-44.02537455308,342.26499485015,-99.206965)
  );
#4065 = VERTEX_POINT('',#4066);
#4066 = CARTESIAN_POINT('',(-88.89999847412,342.26499485015,
    8.198197603071E-10));
#4067 = SURFACE_CURVE('',#4068,(#4081,#4087),.PCURVE_S1.);
#4068 = B_SPLINE_CURVE_WITH_KNOTS('',3,(#4069,#4070,#4071,#4072,#4073,
    #4074,#4075,#4076,#4077,#4078,#4079,#4080),.UNSPECIFIED.,.F.,.F.,(4,
    2,2,2,2,4),(-15.19038438885,-14.75732270591,-10.73513744946,
    -6.865103868328,-2.871032130257,0.),.UNSPECIFIED.);
#4069 = CARTESIAN_POINT('',(-4.886837969173,342.26499485015,
    -114.1253122167));
#4070 = CARTESIAN_POINT('',(-6.118963742207,342.26499485015,
    -114.0376533717));
#4071 = CARTESIAN_POINT('',(-7.349906869964,342.26499485015,
    -113.9166389346));
#4072 = CARTESIAN_POINT('',(-19.99253529733,342.26499485015,
    -112.328001876));
#4073 = CARTESIAN_POINT('',(-31.26908884969,342.26499485015,
    -108.00102787));
#4074 = CARTESIAN_POINT('',(-51.59121472565,342.26499485015,
    -94.09013374401));
#4075 = CARTESIAN_POINT('',(-60.67960422976,342.26499485015,
    -84.6989435455));
#4076 = CARTESIAN_POINT('',(-75.75942939824,342.26499485015,
    -61.5848045034));
#4077 = CARTESIAN_POINT('',(-81.62140952125,342.26499485015,
    -47.74616517812));
#4078 = CARTESIAN_POINT('',(-87.61372480654,342.26499485015,
    -22.28396880568));
#4079 = CARTESIAN_POINT('',(-88.89999847412,342.26499485015,
    -11.14287969092));
#4080 = CARTESIAN_POINT('',(-88.89999847412,342.26499485015,
    -7.154386483827E-15));
#4081 = PCURVE('',#4016,#4082);
#4082 = DEFINITIONAL_REPRESENTATION('',(#4083),#4086);
#4083 = B_SPLINE_CURVE_WITH_KNOTS('',1,(#4084,#4085),.UNSPECIFIED.,.F.,
  .F.,(2,2),(-15.19038438885,0.),.PIECEWISE_BEZIER_KNOTS.);
#4084 = CARTESIAN_POINT('',(-5.703339620786E-02,1.333500514984));
#4085 = CARTESIAN_POINT('',(-1.570796326795,1.333500514984));
#4086 = ( GEOMETRIC_REPRESENTATION_CONTEXT(2) 
PARAMETRIC_REPRESENTATION_CONTEXT() REPRESENTATION_CONTEXT('2D SPACE',''
  ) );
#4087 = PCURVE('',#4088,#4093);
#4088 = PLANE('',#4089);
#4089 = AXIS2_PLACEMENT_3D('',#4090,#4091,#4092);
#4090 = CARTESIAN_POINT('',(88.899998474121,342.26499485015,
    76.199998664856));
#4091 = DIRECTION('',(0.,-1.,0.));
#4092 = DIRECTION('',(-1.748382748768E-16,0.,1.));
#4093 = DEFINITIONAL_REPRESENTATION('',(#4094),#4107);
#4094 = B_SPLINE_CURVE_WITH_KNOTS('',3,(#4095,#4096,#4097,#4098,#4099,
    #4100,#4101,#4102,#4103,#4104,#4105,#4106),.UNSPECIFIED.,.F.,.F.,(4,
    2,2,2,2,4),(-15.19038438885,-14.75732270591,-10.73513744946,
    -6.865103868328,-2.871032130257,0.),.UNSPECIFIED.);
#4095 = CARTESIAN_POINT('',(-190.3253108815,93.786836443294));
#4096 = CARTESIAN_POINT('',(-190.2376520365,95.018962216328));
#4097 = CARTESIAN_POINT('',(-190.1166375994,96.249905344085));
#4098 = CARTESIAN_POINT('',(-188.5280005408,108.89253377145));
#4099 = CARTESIAN_POINT('',(-184.2010265348,120.16908732381));
#4100 = CARTESIAN_POINT('',(-170.2901324088,140.49121319977));
#4101 = CARTESIAN_POINT('',(-160.8989422103,149.57960270388));
#4102 = CARTESIAN_POINT('',(-137.7848031682,164.65942787236));
#4103 = CARTESIAN_POINT('',(-123.9461638429,170.52140799537));
#4104 = CARTESIAN_POINT('',(-98.48396747053,176.51372328066));
#4105 = CARTESIAN_POINT('',(-87.34287835577,177.79999694824));
#4106 = CARTESIAN_POINT('',(-76.19999866485,177.79999694824));
#4107 = ( GEOMETRIC_REPRESENTATION_CONTEXT(2) 
PARAMETRIC_REPRESENTATION_CONTEXT() REPRESENTATION_CONTEXT('2D SPACE',''
  ) );
#4108 = ORIENTED_EDGE('',*,*,#4109,.T.);
#4109 = EDGE_CURVE('',#4063,#4110,#4112,.T.);
#4110 = VERTEX_POINT('',#4111);
#4111 = CARTESIAN_POINT('',(-44.02537455308,278.3859,-99.206965));
#4112 = SURFACE_CURVE('',#4113,(#4122,#4134),.PCURVE_S1.);
#4113 = B_SPLINE_CURVE_WITH_KNOTS('',4,(#4114,#4115,#4116,#4117,#4118,
    #4119,#4120,#4121),.UNSPECIFIED.,.F.,.F.,(5,3,5),(0.,0.501247534519,
    1.),.UNSPECIFIED.);
#4114 = CARTESIAN_POINT('',(-44.02537455308,342.26500085015,-99.206965)
  );
#4115 = CARTESIAN_POINT('',(-44.02537455308,334.26019039804,-99.206965)
  );
#4116 = CARTESIAN_POINT('',(-44.02537455308,326.25537994593,-99.206965)
  );
#4117 = CARTESIAN_POINT('',(-44.02537455308,318.25056949382,-99.206965)
  );
#4118 = CARTESIAN_POINT('',(-44.02537455308,302.28079428128,-99.206965)
  );
#4119 = CARTESIAN_POINT('',(-44.02537455308,294.31582952086,-99.206965)
  );
#4120 = CARTESIAN_POINT('',(-44.02537455308,286.35086476042,-99.206965)
  );
#4121 = CARTESIAN_POINT('',(-44.02537455308,278.3859,-99.206965));
#4122 = PCURVE('',#4016,#4123);
#4123 = DEFINITIONAL_REPRESENTATION('',(#4124),#4133);
#4124 = B_SPLINE_CURVE_WITH_KNOTS('',4,(#4125,#4126,#4127,#4128,#4129,
    #4130,#4131,#4132),.UNSPECIFIED.,.F.,.F.,(5,3,5),(0.,0.501247534519,
    1.),.UNSPECIFIED.);
#4125 = CARTESIAN_POINT('',(-0.532189934521,1.333499914984));
#4126 = CARTESIAN_POINT('',(-0.532189934521,2.133980960195));
#4127 = CARTESIAN_POINT('',(-0.532189934521,2.934462005406));
#4128 = CARTESIAN_POINT('',(-0.532189934521,3.734943050617));
#4129 = CARTESIAN_POINT('',(-0.532189934521,5.331920571871));
#4130 = CARTESIAN_POINT('',(-0.532189934521,6.128417047914));
#4131 = CARTESIAN_POINT('',(-0.532189934521,6.924913523957));
#4132 = CARTESIAN_POINT('',(-0.532189934521,7.72141));
#4133 = ( GEOMETRIC_REPRESENTATION_CONTEXT(2) 
PARAMETRIC_REPRESENTATION_CONTEXT() REPRESENTATION_CONTEXT('2D SPACE',''
  ) );
#4134 = PCURVE('',#611,#4135);
#4135 = DEFINITIONAL_REPRESENTATION('',(#4136),#4145);
#4136 = B_SPLINE_CURVE_WITH_KNOTS('',4,(#4137,#4138,#4139,#4140,#4141,
    #4142,#4143,#4144),.UNSPECIFIED.,.F.,.F.,(5,3,5),(0.,0.501247534519,
    1.),.UNSPECIFIED.);
#4137 = CARTESIAN_POINT('',(185.32158832652,63.87910085015));
#4138 = CARTESIAN_POINT('',(185.32158832652,55.87429039804));
#4139 = CARTESIAN_POINT('',(185.32158832652,47.86947994593));
#4140 = CARTESIAN_POINT('',(185.32158832652,39.86466949382));
#4141 = CARTESIAN_POINT('',(185.32158832652,23.89489428128));
#4142 = CARTESIAN_POINT('',(185.32158832652,15.92992952086));
#4143 = CARTESIAN_POINT('',(185.32158832652,7.96496476042));
#4144 = CARTESIAN_POINT('',(185.32158832652,0.));
#4145 = ( GEOMETRIC_REPRESENTATION_CONTEXT(2) 
PARAMETRIC_REPRESENTATION_CONTEXT() REPRESENTATION_CONTEXT('2D SPACE',''
  ) );
#4146 = ORIENTED_EDGE('',*,*,#4147,.F.);
#4147 = EDGE_CURVE('',#4148,#4110,#4150,.T.);
#4148 = VERTEX_POINT('',#4149);
#4149 = CARTESIAN_POINT('',(-4.886837969173,278.3859,-114.1253122167));
#4150 = SURFACE_CURVE('',#4151,(#4189,#4230),.PCURVE_S1.);
#4151 = B_SPLINE_CURVE_WITH_KNOTS('',8,(#4152,#4153,#4154,#4155,#4156,
    #4157,#4158,#4159,#4160,#4161,#4162,#4163,#4164,#4165,#4166,#4167,
    #4168,#4169,#4170,#4171,#4172,#4173,#4174,#4175,#4176,#4177,#4178,
    #4179,#4180,#4181,#4182,#4183,#4184,#4185,#4186,#4187,#4188),
  .UNSPECIFIED.,.F.,.F.,(9,7,7,7,7,9),(0.,4.285903996483E-02,
    8.884228588352E-02,0.925614432833,0.962418713001,1.),.UNSPECIFIED.);
#4152 = CARTESIAN_POINT('',(-4.886837969173,278.3859,-114.1253122167));
#4153 = CARTESIAN_POINT('',(-5.113858405587,278.3859,-114.1091609847));
#4154 = CARTESIAN_POINT('',(-5.340817621852,278.3859,-114.0921491734));
#4155 = CARTESIAN_POINT('',(-5.56771182301,278.3859,-114.0742772261));
#4156 = CARTESIAN_POINT('',(-5.794537221259,278.3859,-114.0555456279));
#4157 = CARTESIAN_POINT('',(-6.021290035959,278.3859,-114.0359549054));
#4158 = CARTESIAN_POINT('',(-6.247966493628,278.3859,-114.0155056271));
#4159 = CARTESIAN_POINT('',(-6.474562827944,278.3859,-113.9941984033));
#4160 = CARTESIAN_POINT('',(-6.944099336822,278.3859,-113.9482536878));
#4161 = CARTESIAN_POINT('',(-7.187026874099,278.3859,-113.9234868376));
#4162 = CARTESIAN_POINT('',(-7.429853071216,278.3859,-113.8977331667));
#4163 = CARTESIAN_POINT('',(-7.672573636329,278.3859,-113.8709955912));
#4164 = CARTESIAN_POINT('',(-7.915183701819,278.3859,-113.8432732792));
#4165 = CARTESIAN_POINT('',(-8.157678534919,278.3859,-113.8145664187));
#4166 = CARTESIAN_POINT('',(-8.400054050643,278.3859,-113.7848794708));
#4167 = CARTESIAN_POINT('',(-13.05062685537,278.3859,-113.1961035348));
#4168 = CARTESIAN_POINT('',(-17.4178555154,278.3859,-112.3124237739));
#4169 = CARTESIAN_POINT('',(-21.71594610239,278.3859,-111.1139841315));
#4170 = CARTESIAN_POINT('',(-25.92145075793,278.3859,-109.6164263232));
#4171 = CARTESIAN_POINT('',(-30.01468577576,278.3859,-107.8378244033));
#4172 = CARTESIAN_POINT('',(-33.97941776187,278.3859,-105.7977951036));
#4173 = CARTESIAN_POINT('',(-37.80259863039,278.3859,-103.5167307618));
#4174 = CARTESIAN_POINT('',(-41.63563609753,278.3859,-100.905196118));
#4175 = CARTESIAN_POINT('',(-41.79695489735,278.3859,-100.794661999));
#4176 = CARTESIAN_POINT('',(-41.95809699491,278.3859,-100.6836121941));
#4177 = CARTESIAN_POINT('',(-42.1190616499,278.3859,-100.5720489872));
#4178 = CARTESIAN_POINT('',(-42.27984911113,278.3859,-100.4599756825));
#4179 = CARTESIAN_POINT('',(-42.44045805576,278.3859,-100.3473928612));
#4180 = CARTESIAN_POINT('',(-42.60088615497,278.3859,-100.2342991917));
#4181 = CARTESIAN_POINT('',(-42.92476450192,278.3859,-100.0046960328));
#4182 = CARTESIAN_POINT('',(-43.08133248602,278.3859,-99.89303858409));
#4183 = CARTESIAN_POINT('',(-43.23785699958,278.3859,-99.78084090746));
#4184 = CARTESIAN_POINT('',(-43.39788859484,278.3859,-99.66553319915));
#4185 = CARTESIAN_POINT('',(-43.56154997078,278.3859,-99.54692470337));
#4186 = CARTESIAN_POINT('',(-43.72559853301,278.3859,-99.42729775185));
#4187 = CARTESIAN_POINT('',(-43.88348401685,278.3859,-99.31149508367));
#4188 = CARTESIAN_POINT('',(-44.02537455308,278.3859,-99.206965));
#4189 = PCURVE('',#4016,#4190);
#4190 = DEFINITIONAL_REPRESENTATION('',(#4191),#4229);
#4191 = B_SPLINE_CURVE_WITH_KNOTS('',8,(#4192,#4193,#4194,#4195,#4196,
    #4197,#4198,#4199,#4200,#4201,#4202,#4203,#4204,#4205,#4206,#4207,
    #4208,#4209,#4210,#4211,#4212,#4213,#4214,#4215,#4216,#4217,#4218,
    #4219,#4220,#4221,#4222,#4223,#4224,#4225,#4226,#4227,#4228),
  .UNSPECIFIED.,.F.,.F.,(9,7,7,7,7,9),(0.,4.285903996483E-02,
    8.884228588352E-02,0.925614432833,0.962418713001,1.),.UNSPECIFIED.);
#4192 = CARTESIAN_POINT('',(-5.703339620786E-02,7.72141));
#4193 = CARTESIAN_POINT('',(-5.968389444028E-02,7.72141));
#4194 = CARTESIAN_POINT('',(-6.233403505356E-02,7.72141));
#4195 = CARTESIAN_POINT('',(-6.498379494237E-02,7.72141));
#4196 = CARTESIAN_POINT('',(-6.763315103574E-02,7.72141));
#4197 = CARTESIAN_POINT('',(-7.028208029699E-02,7.72141));
#4198 = CARTESIAN_POINT('',(-7.293055972376E-02,7.72141));
#4199 = CARTESIAN_POINT('',(-7.557856634803E-02,7.72141));
#4200 = CARTESIAN_POINT('',(-8.106657819778E-02,7.72141));
#4201 = CARTESIAN_POINT('',(-8.39065233508E-02,7.72141));
#4202 = CARTESIAN_POINT('',(-8.674580530399E-02,7.72141));
#4203 = CARTESIAN_POINT('',(-8.958456202113E-02,7.72141));
#4204 = CARTESIAN_POINT('',(-9.24226249223E-02,7.72141));
#4205 = CARTESIAN_POINT('',(-9.525990275172E-02,7.72141));
#4206 = CARTESIAN_POINT('',(-9.809664406581E-02,7.72141));
#4207 = CARTESIAN_POINT('',(-0.152537903685,7.72141));
#4208 = CARTESIAN_POINT('',(-0.203846697249,7.72141));
#4209 = CARTESIAN_POINT('',(-0.254705615851,7.72141));
#4210 = CARTESIAN_POINT('',(-0.30500348011,7.72141));
#4211 = CARTESIAN_POINT('',(-0.354652105496,7.72141));
#4212 = CARTESIAN_POINT('',(-0.40358021783,7.72141));
#4213 = CARTESIAN_POINT('',(-0.451729279092,7.72141));
#4214 = CARTESIAN_POINT('',(-0.501133604756,7.72141));
#4215 = CARTESIAN_POINT('',(-0.503215011734,7.72141));
#4216 = CARTESIAN_POINT('',(-0.505296438376,7.72141));
#4217 = CARTESIAN_POINT('',(-0.507377872714,7.72141));
#4218 = CARTESIAN_POINT('',(-0.509459297532,7.72141));
#4219 = CARTESIAN_POINT('',(-0.511540714144,7.72141));
#4220 = CARTESIAN_POINT('',(-0.513622137723,7.72141));
#4221 = CARTESIAN_POINT('',(-0.517828933413,7.72141));
#4222 = CARTESIAN_POINT('',(-0.519865015913,7.72141));
#4223 = CARTESIAN_POINT('',(-0.521902658464,7.72141));
#4224 = CARTESIAN_POINT('',(-0.523988182561,7.72141));
#4225 = CARTESIAN_POINT('',(-0.526123584995,7.72141));
#4226 = CARTESIAN_POINT('',(-0.528266833156,7.72141));
#4227 = CARTESIAN_POINT('',(-0.530332118862,7.72141));
#4228 = CARTESIAN_POINT('',(-0.532189934521,7.72141));
#4229 = ( GEOMETRIC_REPRESENTATION_CONTEXT(2) 
PARAMETRIC_REPRESENTATION_CONTEXT() REPRESENTATION_CONTEXT('2D SPACE',''
  ) );
#4230 = PCURVE('',#723,#4231);
#4231 = DEFINITIONAL_REPRESENTATION('',(#4232),#4270);
#4232 = B_SPLINE_CURVE_WITH_KNOTS('',8,(#4233,#4234,#4235,#4236,#4237,
    #4238,#4239,#4240,#4241,#4242,#4243,#4244,#4245,#4246,#4247,#4248,
    #4249,#4250,#4251,#4252,#4253,#4254,#4255,#4256,#4257,#4258,#4259,
    #4260,#4261,#4262,#4263,#4264,#4265,#4266,#4267,#4268,#4269),
  .UNSPECIFIED.,.F.,.F.,(9,7,7,7,7,9),(0.,4.285903996483E-02,
    8.884228588352E-02,0.925614432833,0.962418713001,1.),.UNSPECIFIED.);
#4233 = CARTESIAN_POINT('',(29.3637227833,224.46012491042));
#4234 = CARTESIAN_POINT('',(29.3798740153,224.23310447401));
#4235 = CARTESIAN_POINT('',(29.3968858266,224.00614525774));
#4236 = CARTESIAN_POINT('',(29.4147577739,223.77925105659));
#4237 = CARTESIAN_POINT('',(29.4334893721,223.55242565834));
#4238 = CARTESIAN_POINT('',(29.4530800946,223.32567284364));
#4239 = CARTESIAN_POINT('',(29.4735293729,223.09899638597));
#4240 = CARTESIAN_POINT('',(29.4948365967,222.87240005165));
#4241 = CARTESIAN_POINT('',(29.5407813122,222.40286354277));
#4242 = CARTESIAN_POINT('',(29.5655481624,222.1599360055));
#4243 = CARTESIAN_POINT('',(29.5913018333,221.91710980838));
#4244 = CARTESIAN_POINT('',(29.6180394088,221.67438924327));
#4245 = CARTESIAN_POINT('',(29.6457617208,221.43177917778));
#4246 = CARTESIAN_POINT('',(29.6744685813,221.18928434468));
#4247 = CARTESIAN_POINT('',(29.7041555292,220.94690882895));
#4248 = CARTESIAN_POINT('',(30.2929314652,216.29633602423));
#4249 = CARTESIAN_POINT('',(31.1766112261,211.9291073642));
#4250 = CARTESIAN_POINT('',(32.3750508685,207.63101677721));
#4251 = CARTESIAN_POINT('',(33.8726086768,203.42551212167));
#4252 = CARTESIAN_POINT('',(35.6512105967,199.33227710384));
#4253 = CARTESIAN_POINT('',(37.6912398964,195.36754511773));
#4254 = CARTESIAN_POINT('',(39.9723042382,191.54436424921));
#4255 = CARTESIAN_POINT('',(42.583838882,187.71132678207));
#4256 = CARTESIAN_POINT('',(42.694373001,187.55000798225));
#4257 = CARTESIAN_POINT('',(42.8054228059,187.38886588469));
#4258 = CARTESIAN_POINT('',(42.9169860128,187.2279012297));
#4259 = CARTESIAN_POINT('',(43.0290593175,187.06711376847));
#4260 = CARTESIAN_POINT('',(43.1416421388,186.90650482384));
#4261 = CARTESIAN_POINT('',(43.2547358083,186.74607672463));
#4262 = CARTESIAN_POINT('',(43.4843389672,186.42219837768));
#4263 = CARTESIAN_POINT('',(43.59599641591,186.26563039358));
#4264 = CARTESIAN_POINT('',(43.70819409254,186.10910588002));
#4265 = CARTESIAN_POINT('',(43.82350180085,185.94907428476));
#4266 = CARTESIAN_POINT('',(43.94211029663,185.78541290882));
#4267 = CARTESIAN_POINT('',(44.06173724815,185.62136434659));
#4268 = CARTESIAN_POINT('',(44.17753991633,185.46347886275));
#4269 = CARTESIAN_POINT('',(44.28207,185.32158832652));
#4270 = ( GEOMETRIC_REPRESENTATION_CONTEXT(2) 
PARAMETRIC_REPRESENTATION_CONTEXT() REPRESENTATION_CONTEXT('2D SPACE',''
  ) );
#4271 = ORIENTED_EDGE('',*,*,#4272,.T.);
#4272 = EDGE_CURVE('',#4148,#3928,#4273,.T.);
#4273 = SURFACE_CURVE('',#4274,(#4278,#4284),.PCURVE_S1.);
#4274 = LINE('',#4275,#4276);
#4275 = CARTESIAN_POINT('',(-4.886837969173,355.6,-114.1253122167));
#4276 = VECTOR('',#4277,1.);
#4277 = DIRECTION('',(0.,-1.,0.));
#4278 = PCURVE('',#4016,#4279);
#4279 = DEFINITIONAL_REPRESENTATION('',(#4280),#4283);
#4280 = B_SPLINE_CURVE_WITH_KNOTS('',1,(#4281,#4282),.UNSPECIFIED.,.F.,
  .F.,(2,2),(13.335005149841,134.62),.PIECEWISE_BEZIER_KNOTS.);
#4281 = CARTESIAN_POINT('',(-5.703339620786E-02,1.333500514984));
#4282 = CARTESIAN_POINT('',(-5.703339620786E-02,13.462));
#4283 = ( GEOMETRIC_REPRESENTATION_CONTEXT(2) 
PARAMETRIC_REPRESENTATION_CONTEXT() REPRESENTATION_CONTEXT('2D SPACE',''
  ) );
#4284 = PCURVE('',#3948,#4285);
#4285 = DEFINITIONAL_REPRESENTATION('',(#4286),#4289);
#4286 = B_SPLINE_CURVE_WITH_KNOTS('',1,(#4287,#4288),.UNSPECIFIED.,.F.,
  .F.,(2,2),(13.335005149841,134.62),.PIECEWISE_BEZIER_KNOTS.);
#4287 = CARTESIAN_POINT('',(-5.502464422798E-02,3.716428206846E-15));
#4288 = CARTESIAN_POINT('',(-5.502464422798E-02,12.128499485016));
#4289 = ( GEOMETRIC_REPRESENTATION_CONTEXT(2) 
PARAMETRIC_REPRESENTATION_CONTEXT() REPRESENTATION_CONTEXT('2D SPACE',''
  ) );
#4290 = ORIENTED_EDGE('',*,*,#3984,.F.);
#4291 = ORIENTED_EDGE('',*,*,#4292,.F.);
#4292 = EDGE_CURVE('',#4293,#3714,#4295,.T.);
#4293 = VERTEX_POINT('',#4294);
#4294 = CARTESIAN_POINT('',(-88.89999847412,228.6,1.213064028761E-03));
#4295 = SURFACE_CURVE('',#4296,(#4300,#4306),.PCURVE_S1.);
#4296 = LINE('',#4297,#4298);
#4297 = CARTESIAN_POINT('',(-88.89999847412,228.6,1.213064028752E-03));
#4298 = VECTOR('',#4299,1.);
#4299 = DIRECTION('',(0.,-1.,0.));
#4300 = PCURVE('',#4016,#4301);
#4301 = DEFINITIONAL_REPRESENTATION('',(#4302),#4305);
#4302 = B_SPLINE_CURVE_WITH_KNOTS('',1,(#4303,#4304),.UNSPECIFIED.,.F.,
  .F.,(2,2),(0.,7.62),.PIECEWISE_BEZIER_KNOTS.);
#4303 = CARTESIAN_POINT('',(-1.570806709062,12.7));
#4304 = CARTESIAN_POINT('',(-1.570806709062,13.462));
#4305 = ( GEOMETRIC_REPRESENTATION_CONTEXT(2) 
PARAMETRIC_REPRESENTATION_CONTEXT() REPRESENTATION_CONTEXT('2D SPACE',''
  ) );
#4306 = PCURVE('',#3729,#4307);
#4307 = DEFINITIONAL_REPRESENTATION('',(#4308),#4312);
#4308 = LINE('',#4309,#4310);
#4309 = CARTESIAN_POINT('',(101.59878502862,127.));
#4310 = VECTOR('',#4311,1.);
#4311 = DIRECTION('',(-0.,1.));
#4312 = ( GEOMETRIC_REPRESENTATION_CONTEXT(2) 
PARAMETRIC_REPRESENTATION_CONTEXT() REPRESENTATION_CONTEXT('2D SPACE',''
  ) );
#4313 = ORIENTED_EDGE('',*,*,#4314,.F.);
#4314 = EDGE_CURVE('',#4315,#4293,#4317,.T.);
#4315 = VERTEX_POINT('',#4316);
#4316 = CARTESIAN_POINT('',(-88.89999847412,322.09126796429,
    1.15733160902E-14));
#4317 = SURFACE_CURVE('',#4318,(#4322,#4328),.PCURVE_S1.);
#4318 = LINE('',#4319,#4320);
#4319 = CARTESIAN_POINT('',(-88.89999847412,355.6,1.15733160902E-14));
#4320 = VECTOR('',#4321,1.);
#4321 = DIRECTION('',(0.,-1.,0.));
#4322 = PCURVE('',#4016,#4323);
#4323 = DEFINITIONAL_REPRESENTATION('',(#4324),#4327);
#4324 = B_SPLINE_CURVE_WITH_KNOTS('',1,(#4325,#4326),.UNSPECIFIED.,.F.,
  .F.,(2,2),(13.335005149841,127.),.PIECEWISE_BEZIER_KNOTS.);
#4325 = CARTESIAN_POINT('',(-1.570796326795,1.333500514984));
#4326 = CARTESIAN_POINT('',(-1.570796326795,12.7));
#4327 = ( GEOMETRIC_REPRESENTATION_CONTEXT(2) 
PARAMETRIC_REPRESENTATION_CONTEXT() REPRESENTATION_CONTEXT('2D SPACE',''
  ) );
#4328 = PCURVE('',#3729,#4329);
#4329 = DEFINITIONAL_REPRESENTATION('',(#4330),#4334);
#4330 = LINE('',#4331,#4332);
#4331 = CARTESIAN_POINT('',(101.59999809265,0.));
#4332 = VECTOR('',#4333,1.);
#4333 = DIRECTION('',(-0.,1.));
#4334 = ( GEOMETRIC_REPRESENTATION_CONTEXT(2) 
PARAMETRIC_REPRESENTATION_CONTEXT() REPRESENTATION_CONTEXT('2D SPACE',''
  ) );
#4335 = ORIENTED_EDGE('',*,*,#4336,.F.);
#4336 = EDGE_CURVE('',#4337,#4315,#4339,.T.);
#4337 = VERTEX_POINT('',#4338);
#4338 = CARTESIAN_POINT('',(-88.43646339941,322.09126796429,
    -11.59958059287));
#4339 = SURFACE_CURVE('',#4340,(#4349,#4361),.PCURVE_S1.);
#4340 = B_SPLINE_CURVE_WITH_KNOTS('',4,(#4341,#4342,#4343,#4344,#4345,
    #4346,#4347,#4348),.UNSPECIFIED.,.F.,.F.,(5,3,5),(0.,0.253977600687,
    1.),.UNSPECIFIED.);
#4341 = CARTESIAN_POINT('',(-88.43646339941,322.09126796429,
    -11.59958059287));
#4342 = CARTESIAN_POINT('',(-88.4952374248,322.09126796429,
    -10.86463526373));
#4343 = CARTESIAN_POINT('',(-88.54905127484,322.09126796429,
    -10.1292932283));
#4344 = CARTESIAN_POINT('',(-88.59790466821,322.09126796429,
    -9.393605018326));
#4345 = CARTESIAN_POINT('',(-88.77071456057,322.09126796429,
    -6.495773715802));
#4346 = CARTESIAN_POINT('',(-88.8568088944,322.09126796429,
    -4.331374180916));
#4347 = CARTESIAN_POINT('',(-88.89999847412,322.09126796429,
    -2.165687892889));
#4348 = CARTESIAN_POINT('',(-88.89999847412,322.09126796429,
    -7.105427357601E-15));
#4349 = PCURVE('',#4016,#4350);
#4350 = DEFINITIONAL_REPRESENTATION('',(#4351),#4360);
#4351 = B_SPLINE_CURVE_WITH_KNOTS('',4,(#4352,#4353,#4354,#4355,#4356,
    #4357,#4358,#4359),.UNSPECIFIED.,.F.,.F.,(5,3,5),(0.,0.253977600687,
    1.),.UNSPECIFIED.);
#4352 = CARTESIAN_POINT('',(-1.471336806896,3.350873203571));
#4353 = CARTESIAN_POINT('',(-1.477661367003,3.350873203571));
#4354 = CARTESIAN_POINT('',(-1.483983540526,3.350873203571));
#4355 = CARTESIAN_POINT('',(-1.490303632283,3.350873203571));
#4356 = CARTESIAN_POINT('',(-1.515181065947,3.350873203571));
#4357 = CARTESIAN_POINT('',(-1.533724816706,3.350873203571));
#4358 = CARTESIAN_POINT('',(-1.552260825868,3.350873203571));
#4359 = CARTESIAN_POINT('',(-1.570796326795,3.350873203571));
#4360 = ( GEOMETRIC_REPRESENTATION_CONTEXT(2) 
PARAMETRIC_REPRESENTATION_CONTEXT() REPRESENTATION_CONTEXT('2D SPACE',''
  ) );
#4361 = PCURVE('',#4362,#4367);
#4362 = PLANE('',#4363);
#4363 = AXIS2_PLACEMENT_3D('',#4364,#4365,#4366);
#4364 = CARTESIAN_POINT('',(-73.96689067291,322.09126796429,
    26.500419407128));
#4365 = DIRECTION('',(8.24624624092E-90,1.,1.370142670446E-54));
#4366 = DIRECTION('',(-1.,8.24624624092E-90,1.129853384569E-143));
#4367 = DEFINITIONAL_REPRESENTATION('',(#4368),#4377);
#4368 = B_SPLINE_CURVE_WITH_KNOTS('',4,(#4369,#4370,#4371,#4372,#4373,
    #4374,#4375,#4376),.UNSPECIFIED.,.F.,.F.,(5,3,5),(0.,0.253977600687,
    1.),.UNSPECIFIED.);
#4369 = CARTESIAN_POINT('',(14.4695727265,-38.09999999999));
#4370 = CARTESIAN_POINT('',(14.52834675189,-37.36505467085));
#4371 = CARTESIAN_POINT('',(14.58216060193,-36.62971263542));
#4372 = CARTESIAN_POINT('',(14.6310139953,-35.89402442545));
#4373 = CARTESIAN_POINT('',(14.80382388766,-32.99619312293));
#4374 = CARTESIAN_POINT('',(14.88991822149,-30.83179358804));
#4375 = CARTESIAN_POINT('',(14.93310780121,-28.66610730001));
#4376 = CARTESIAN_POINT('',(14.93310780121,-26.50041940712));
#4377 = ( GEOMETRIC_REPRESENTATION_CONTEXT(2) 
PARAMETRIC_REPRESENTATION_CONTEXT() REPRESENTATION_CONTEXT('2D SPACE',''
  ) );
#4378 = ORIENTED_EDGE('',*,*,#4379,.F.);
#4379 = EDGE_CURVE('',#4380,#4337,#4382,.T.);
#4380 = VERTEX_POINT('',#4381);
#4381 = CARTESIAN_POINT('',(-88.43646339941,328.44126796429,
    -11.59958059287));
#4382 = SURFACE_CURVE('',#4383,(#4389,#4398),.PCURVE_S1.);
#4383 = B_SPLINE_CURVE_WITH_KNOTS('',4,(#4384,#4385,#4386,#4387,#4388),
  .UNSPECIFIED.,.F.,.F.,(5,5),(0.,1.),.PIECEWISE_BEZIER_KNOTS.);
#4384 = CARTESIAN_POINT('',(-88.43646339941,328.44126796429,
    -11.59958059287));
#4385 = CARTESIAN_POINT('',(-88.43646339941,326.85376796428,
    -11.59958059287));
#4386 = CARTESIAN_POINT('',(-88.43646339941,325.26626796429,
    -11.59958059287));
#4387 = CARTESIAN_POINT('',(-88.43646339941,323.67876796428,
    -11.59958059287));
#4388 = CARTESIAN_POINT('',(-88.43646339941,322.09126796429,
    -11.59958059287));
#4389 = PCURVE('',#4016,#4390);
#4390 = DEFINITIONAL_REPRESENTATION('',(#4391),#4397);
#4391 = B_SPLINE_CURVE_WITH_KNOTS('',4,(#4392,#4393,#4394,#4395,#4396),
  .UNSPECIFIED.,.F.,.F.,(5,5),(0.,1.),.PIECEWISE_BEZIER_KNOTS.);
#4392 = CARTESIAN_POINT('',(-1.471336806896,2.715873203571));
#4393 = CARTESIAN_POINT('',(-1.471336806896,2.874623203571));
#4394 = CARTESIAN_POINT('',(-1.471336806896,3.033373203571));
#4395 = CARTESIAN_POINT('',(-1.471336806896,3.192123203571));
#4396 = CARTESIAN_POINT('',(-1.471336806896,3.350873203571));
#4397 = ( GEOMETRIC_REPRESENTATION_CONTEXT(2) 
PARAMETRIC_REPRESENTATION_CONTEXT() REPRESENTATION_CONTEXT('2D SPACE',''
  ) );
#4398 = PCURVE('',#4399,#4404);
#4399 = PLANE('',#4400);
#4400 = AXIS2_PLACEMENT_3D('',#4401,#4402,#4403);
#4401 = CARTESIAN_POINT('',(-94.44616493377,328.44126796429,
    -11.59958059287));
#4402 = DIRECTION('',(2.92588476999E-16,1.370142670446E-54,-1.));
#4403 = DIRECTION('',(1.,-4.008879572172E-70,2.92588476999E-16));
#4404 = DEFINITIONAL_REPRESENTATION('',(#4405),#4411);
#4405 = B_SPLINE_CURVE_WITH_KNOTS('',4,(#4406,#4407,#4408,#4409,#4410),
  .UNSPECIFIED.,.F.,.F.,(5,5),(0.,1.),.PIECEWISE_BEZIER_KNOTS.);
#4406 = CARTESIAN_POINT('',(6.00970153436,0.));
#4407 = CARTESIAN_POINT('',(6.00970153436,1.58750000001));
#4408 = CARTESIAN_POINT('',(6.00970153436,3.175));
#4409 = CARTESIAN_POINT('',(6.00970153436,4.76250000001));
#4410 = CARTESIAN_POINT('',(6.00970153436,6.35));
#4411 = ( GEOMETRIC_REPRESENTATION_CONTEXT(2) 
PARAMETRIC_REPRESENTATION_CONTEXT() REPRESENTATION_CONTEXT('2D SPACE',''
  ) );
#4412 = ORIENTED_EDGE('',*,*,#4413,.T.);
#4413 = EDGE_CURVE('',#4380,#4414,#4416,.T.);
#4414 = VERTEX_POINT('',#4415);
#4415 = CARTESIAN_POINT('',(-88.89999847412,328.44126796429,
    1.15733160902E-14));
#4416 = SURFACE_CURVE('',#4417,(#4440,#4466),.PCURVE_S1.);
#4417 = B_SPLINE_CURVE_WITH_KNOTS('',6,(#4418,#4419,#4420,#4421,#4422,
    #4423,#4424,#4425,#4426,#4427,#4428,#4429,#4430,#4431,#4432,#4433,
    #4434,#4435,#4436,#4437,#4438,#4439),.UNSPECIFIED.,.F.,.F.,(7,5,5,5,
    7),(0.,0.417792386846,0.441910412247,0.849767220848,1.),
  .UNSPECIFIED.);
#4418 = CARTESIAN_POINT('',(-77.40745988512,328.44126796429,
    -56.04957937693));
#4419 = CARTESIAN_POINT('',(-79.02043607656,328.44126796429,
    -52.37950442026));
#4420 = CARTESIAN_POINT('',(-80.49507374846,328.44126796429,
    -48.64876795001));
#4421 = CARTESIAN_POINT('',(-81.83288492663,328.44126796429,
    -44.86547743509));
#4422 = CARTESIAN_POINT('',(-83.03441200502,328.44126796429,
    -41.03692080425));
#4423 = CARTESIAN_POINT('',(-84.099617951,328.44126796429,
    -37.16970509865));
#4424 = CARTESIAN_POINT('',(-85.08144750906,328.44126796429,
    -33.04461567267));
#4425 = CARTESIAN_POINT('',(-85.13459268886,328.44126796429,
    -32.81929791186));
#4426 = CARTESIAN_POINT('',(-85.18730000987,328.44126796429,
    -32.59380273889));
#4427 = CARTESIAN_POINT('',(-85.23957044926,328.44126796429,
    -32.36813421578));
#4428 = CARTESIAN_POINT('',(-85.29140395295,328.44126796429,
    -32.14229401109));
#4429 = CARTESIAN_POINT('',(-86.21194179644,328.44126796429,
    -28.09421136112));
#4430 = CARTESIAN_POINT('',(-86.95144144265,328.44126796429,
    -24.24276530205));
#4431 = CARTESIAN_POINT('',(-87.56336649887,328.44126796429,
    -20.36795417177));
#4432 = CARTESIAN_POINT('',(-88.04888298837,328.44126796429,
    -16.47539061754));
#4433 = CARTESIAN_POINT('',(-88.40846362773,328.44126796429,
    -12.57032233248));
#4434 = CARTESIAN_POINT('',(-88.7277412104,328.44126796429,
    -7.21638940284));
#4435 = CARTESIAN_POINT('',(-88.79655762407,328.44126796429,
    -5.774137039255));
#4436 = CARTESIAN_POINT('',(-88.84822794358,328.44126796429,
    -4.331116830288));
#4437 = CARTESIAN_POINT('',(-88.88272264223,328.44126796429,
    -2.88758321524));
#4438 = CARTESIAN_POINT('',(-88.89999847412,328.44126796429,
    -1.443791928592));
#4439 = CARTESIAN_POINT('',(-88.89999847412,328.44126796429,
    -3.552713678801E-15));
#4440 = PCURVE('',#4016,#4441);
#4441 = DEFINITIONAL_REPRESENTATION('',(#4442),#4465);
#4442 = B_SPLINE_CURVE_WITH_KNOTS('',6,(#4443,#4444,#4445,#4446,#4447,
    #4448,#4449,#4450,#4451,#4452,#4453,#4454,#4455,#4456,#4457,#4458,
    #4459,#4460,#4461,#4462,#4463,#4464),.UNSPECIFIED.,.F.,.F.,(7,5,5,5,
    7),(0.,0.417792386846,0.441910412247,0.849767220848,1.),
  .UNSPECIFIED.);
#4443 = CARTESIAN_POINT('',(-1.068287759749,2.715873203571));
#4444 = CARTESIAN_POINT('',(-1.104568020912,2.715873203571));
#4445 = CARTESIAN_POINT('',(-1.14050985587,2.715873203571));
#4446 = CARTESIAN_POINT('',(-1.176156785957,2.715873203571));
#4447 = CARTESIAN_POINT('',(-1.211544154175,2.715873203571));
#4448 = CARTESIAN_POINT('',(-1.246704094695,2.715873203571));
#4449 = CARTESIAN_POINT('',(-1.283685956132,2.715873203571));
#4450 = CARTESIAN_POINT('',(-1.285704309706,2.715873203571));
#4451 = CARTESIAN_POINT('',(-1.287722661207,2.715873203571));
#4452 = CARTESIAN_POINT('',(-1.289741008929,2.715873203571));
#4453 = CARTESIAN_POINT('',(-1.291759356021,2.715873203571));
#4454 = CARTESIAN_POINT('',(-1.32790984203,2.715873203571));
#4455 = CARTESIAN_POINT('',(-1.361867772919,2.715873203571));
#4456 = CARTESIAN_POINT('',(-1.395686536541,2.715873203571));
#4457 = CARTESIAN_POINT('',(-1.429397653464,2.715873203571));
#4458 = CARTESIAN_POINT('',(-1.46303200533,2.715873203571));
#4459 = CARTESIAN_POINT('',(-1.508994691697,2.715873203571));
#4460 = CARTESIAN_POINT('',(-1.521361291401,2.715873203571));
#4461 = CARTESIAN_POINT('',(-1.533723268387,2.715873203571));
#4462 = CARTESIAN_POINT('',(-1.546082122265,2.715873203571));
#4463 = CARTESIAN_POINT('',(-1.558439326177,2.715873203571));
#4464 = CARTESIAN_POINT('',(-1.570796326795,2.715873203571));
#4465 = ( GEOMETRIC_REPRESENTATION_CONTEXT(2) 
PARAMETRIC_REPRESENTATION_CONTEXT() REPRESENTATION_CONTEXT('2D SPACE',''
  ) );
#4466 = PCURVE('',#4467,#4472);
#4467 = PLANE('',#4468);
#4468 = AXIS2_PLACEMENT_3D('',#4469,#4470,#4471);
#4469 = CARTESIAN_POINT('',(62.874557753608,328.44126796429,
    26.500419407128));
#4470 = DIRECTION('',(8.24624624092E-90,1.,1.370142670446E-54));
#4471 = DIRECTION('',(-1.,8.24624624092E-90,1.129853384569E-143));
#4472 = DEFINITIONAL_REPRESENTATION('',(#4473),#4496);
#4473 = B_SPLINE_CURVE_WITH_KNOTS('',6,(#4474,#4475,#4476,#4477,#4478,
    #4479,#4480,#4481,#4482,#4483,#4484,#4485,#4486,#4487,#4488,#4489,
    #4490,#4491,#4492,#4493,#4494,#4495),.UNSPECIFIED.,.F.,.F.,(7,5,5,5,
    7),(0.,0.417792386846,0.441910412247,0.849767220848,1.),
  .UNSPECIFIED.);
#4474 = CARTESIAN_POINT('',(140.28201763872,-82.54999878405));
#4475 = CARTESIAN_POINT('',(141.89499383016,-78.87992382738));
#4476 = CARTESIAN_POINT('',(143.36963150206,-75.14918735713));
#4477 = CARTESIAN_POINT('',(144.70744268023,-71.36589684221));
#4478 = CARTESIAN_POINT('',(145.90896975862,-67.53734021137));
#4479 = CARTESIAN_POINT('',(146.9741757046,-63.67012450577));
#4480 = CARTESIAN_POINT('',(147.95600526266,-59.54503507979));
#4481 = CARTESIAN_POINT('',(148.00915044246,-59.31971731898));
#4482 = CARTESIAN_POINT('',(148.06185776347,-59.09422214601));
#4483 = CARTESIAN_POINT('',(148.11412820286,-58.8685536229));
#4484 = CARTESIAN_POINT('',(148.16596170655,-58.64271341821));
#4485 = CARTESIAN_POINT('',(149.08649955004,-54.59463076824));
#4486 = CARTESIAN_POINT('',(149.82599919625,-50.74318470917));
#4487 = CARTESIAN_POINT('',(150.43792425247,-46.86837357889));
#4488 = CARTESIAN_POINT('',(150.92344074197,-42.97581002466));
#4489 = CARTESIAN_POINT('',(151.28302138133,-39.0707417396));
#4490 = CARTESIAN_POINT('',(151.602298964,-33.71680880996));
#4491 = CARTESIAN_POINT('',(151.67111537767,-32.27455644638));
#4492 = CARTESIAN_POINT('',(151.72278569718,-30.83153623741));
#4493 = CARTESIAN_POINT('',(151.75728039583,-29.38800262236));
#4494 = CARTESIAN_POINT('',(151.77455622772,-27.94421133572));
#4495 = CARTESIAN_POINT('',(151.77455622772,-26.50041940712));
#4496 = ( GEOMETRIC_REPRESENTATION_CONTEXT(2) 
PARAMETRIC_REPRESENTATION_CONTEXT() REPRESENTATION_CONTEXT('2D SPACE',''
  ) );
#4497 = ORIENTED_EDGE('',*,*,#4498,.F.);
#4498 = EDGE_CURVE('',#4065,#4414,#4499,.T.);
#4499 = SURFACE_CURVE('',#4500,(#4504,#4510),.PCURVE_S1.);
#4500 = LINE('',#4501,#4502);
#4501 = CARTESIAN_POINT('',(-88.89999847412,355.6,1.15733160902E-14));
#4502 = VECTOR('',#4503,1.);
#4503 = DIRECTION('',(0.,-1.,0.));
#4504 = PCURVE('',#4016,#4505);
#4505 = DEFINITIONAL_REPRESENTATION('',(#4506),#4509);
#4506 = B_SPLINE_CURVE_WITH_KNOTS('',1,(#4507,#4508),.UNSPECIFIED.,.F.,
  .F.,(2,2),(13.335005149841,127.),.PIECEWISE_BEZIER_KNOTS.);
#4507 = CARTESIAN_POINT('',(-1.570796326795,1.333500514984));
#4508 = CARTESIAN_POINT('',(-1.570796326795,12.7));
#4509 = ( GEOMETRIC_REPRESENTATION_CONTEXT(2) 
PARAMETRIC_REPRESENTATION_CONTEXT() REPRESENTATION_CONTEXT('2D SPACE',''
  ) );
#4510 = PCURVE('',#3729,#4511);
#4511 = DEFINITIONAL_REPRESENTATION('',(#4512),#4516);
#4512 = LINE('',#4513,#4514);
#4513 = CARTESIAN_POINT('',(101.59999809265,0.));
#4514 = VECTOR('',#4515,1.);
#4515 = DIRECTION('',(-0.,1.));
#4516 = ( GEOMETRIC_REPRESENTATION_CONTEXT(2) 
PARAMETRIC_REPRESENTATION_CONTEXT() REPRESENTATION_CONTEXT('2D SPACE',''
  ) );
#4517 = ADVANCED_FACE('',(#4518),#4362,.T.);
#4518 = FACE_BOUND('',#4519,.T.);
#4519 = EDGE_LOOP('',(#4520,#4521,#4544,#4572,#4600));
#4520 = ORIENTED_EDGE('',*,*,#4336,.F.);
#4521 = ORIENTED_EDGE('',*,*,#4522,.F.);
#4522 = EDGE_CURVE('',#4523,#4337,#4525,.T.);
#4523 = VERTEX_POINT('',#4524);
#4524 = CARTESIAN_POINT('',(-94.44616493377,322.09126796429,
    -11.59958059287));
#4525 = SURFACE_CURVE('',#4526,(#4530,#4537),.PCURVE_S1.);
#4526 = LINE('',#4527,#4528);
#4527 = CARTESIAN_POINT('',(-94.44616493377,322.09126796429,
    -11.59958059287));
#4528 = VECTOR('',#4529,1.);
#4529 = DIRECTION('',(1.,-4.008879572172E-70,2.92588476999E-16));
#4530 = PCURVE('',#4362,#4531);
#4531 = DEFINITIONAL_REPRESENTATION('',(#4532),#4536);
#4532 = LINE('',#4533,#4534);
#4533 = CARTESIAN_POINT('',(20.47927426086,-38.09999999999));
#4534 = VECTOR('',#4535,1.);
#4535 = DIRECTION('',(-1.,2.92588476999E-16));
#4536 = ( GEOMETRIC_REPRESENTATION_CONTEXT(2) 
PARAMETRIC_REPRESENTATION_CONTEXT() REPRESENTATION_CONTEXT('2D SPACE',''
  ) );
#4537 = PCURVE('',#4399,#4538);
#4538 = DEFINITIONAL_REPRESENTATION('',(#4539),#4543);
#4539 = LINE('',#4540,#4541);
#4540 = CARTESIAN_POINT('',(2.545638528329E-69,6.35));
#4541 = VECTOR('',#4542,1.);
#4542 = DIRECTION('',(1.,0.));
#4543 = ( GEOMETRIC_REPRESENTATION_CONTEXT(2) 
PARAMETRIC_REPRESENTATION_CONTEXT() REPRESENTATION_CONTEXT('2D SPACE',''
  ) );
#4544 = ORIENTED_EDGE('',*,*,#4545,.F.);
#4545 = EDGE_CURVE('',#4546,#4523,#4548,.T.);
#4546 = VERTEX_POINT('',#4547);
#4547 = CARTESIAN_POINT('',(-94.44616493377,322.09126796429,
    64.600419407128));
#4548 = SURFACE_CURVE('',#4549,(#4553,#4560),.PCURVE_S1.);
#4549 = LINE('',#4550,#4551);
#4550 = CARTESIAN_POINT('',(-94.44616493377,322.09126796429,
    64.600419407128));
#4551 = VECTOR('',#4552,1.);
#4552 = DIRECTION('',(0.,1.370142670446E-54,-1.));
#4553 = PCURVE('',#4362,#4554);
#4554 = DEFINITIONAL_REPRESENTATION('',(#4555),#4559);
#4555 = LINE('',#4556,#4557);
#4556 = CARTESIAN_POINT('',(20.47927426086,38.1));
#4557 = VECTOR('',#4558,1.);
#4558 = DIRECTION('',(-5.849589745845E-157,-1.));
#4559 = ( GEOMETRIC_REPRESENTATION_CONTEXT(2) 
PARAMETRIC_REPRESENTATION_CONTEXT() REPRESENTATION_CONTEXT('2D SPACE',''
  ) );
#4560 = PCURVE('',#4561,#4566);
#4561 = PLANE('',#4562);
#4562 = AXIS2_PLACEMENT_3D('',#4563,#4564,#4565);
#4563 = CARTESIAN_POINT('',(-94.44616493377,328.44126796429,
    64.600419407128));
#4564 = DIRECTION('',(-1.,8.24624624092E-90,1.129853384569E-143));
#4565 = DIRECTION('',(-5.849589745845E-157,1.370142670446E-54,-1.));
#4566 = DEFINITIONAL_REPRESENTATION('',(#4567),#4571);
#4567 = LINE('',#4568,#4569);
#4568 = CARTESIAN_POINT('',(-8.700405957332E-54,6.35));
#4569 = VECTOR('',#4570,1.);
#4570 = DIRECTION('',(1.,0.));
#4571 = ( GEOMETRIC_REPRESENTATION_CONTEXT(2) 
PARAMETRIC_REPRESENTATION_CONTEXT() REPRESENTATION_CONTEXT('2D SPACE',''
  ) );
#4572 = ORIENTED_EDGE('',*,*,#4573,.F.);
#4573 = EDGE_CURVE('',#4574,#4546,#4576,.T.);
#4574 = VERTEX_POINT('',#4575);
#4575 = CARTESIAN_POINT('',(-88.89999847412,322.09126796429,
    64.600419407128));
#4576 = SURFACE_CURVE('',#4577,(#4581,#4588),.PCURVE_S1.);
#4577 = LINE('',#4578,#4579);
#4578 = CARTESIAN_POINT('',(-53.48761641206,322.09126796429,
    64.600419407128));
#4579 = VECTOR('',#4580,1.);
#4580 = DIRECTION('',(-1.,8.24624624092E-90,1.129853384569E-143));
#4581 = PCURVE('',#4362,#4582);
#4582 = DEFINITIONAL_REPRESENTATION('',(#4583),#4587);
#4583 = LINE('',#4584,#4585);
#4584 = CARTESIAN_POINT('',(-20.47927426085,38.1));
#4585 = VECTOR('',#4586,1.);
#4586 = DIRECTION('',(1.,0.));
#4587 = ( GEOMETRIC_REPRESENTATION_CONTEXT(2) 
PARAMETRIC_REPRESENTATION_CONTEXT() REPRESENTATION_CONTEXT('2D SPACE',''
  ) );
#4588 = PCURVE('',#4589,#4594);
#4589 = PLANE('',#4590);
#4590 = AXIS2_PLACEMENT_3D('',#4591,#4592,#4593);
#4591 = CARTESIAN_POINT('',(-53.48761641206,328.44126796429,
    64.600419407128));
#4592 = DIRECTION('',(0.,-1.370142670446E-54,1.));
#4593 = DIRECTION('',(-1.,8.24624624092E-90,1.129853384569E-143));
#4594 = DEFINITIONAL_REPRESENTATION('',(#4595),#4599);
#4595 = LINE('',#4596,#4597);
#4596 = CARTESIAN_POINT('',(-5.236366362984E-89,6.35));
#4597 = VECTOR('',#4598,1.);
#4598 = DIRECTION('',(1.,-1.548060333546E-197));
#4599 = ( GEOMETRIC_REPRESENTATION_CONTEXT(2) 
PARAMETRIC_REPRESENTATION_CONTEXT() REPRESENTATION_CONTEXT('2D SPACE',''
  ) );
#4600 = ORIENTED_EDGE('',*,*,#4601,.T.);
#4601 = EDGE_CURVE('',#4574,#4315,#4602,.T.);
#4602 = SURFACE_CURVE('',#4603,(#4607,#4614),.PCURVE_S1.);
#4603 = LINE('',#4604,#4605);
#4604 = CARTESIAN_POINT('',(-88.89999847412,322.09126796429,
    64.050208749889));
#4605 = VECTOR('',#4606,1.);
#4606 = DIRECTION('',(-1.735239660539E-16,1.370142670446E-54,-1.));
#4607 = PCURVE('',#4362,#4608);
#4608 = DEFINITIONAL_REPRESENTATION('',(#4609),#4613);
#4609 = LINE('',#4610,#4611);
#4610 = CARTESIAN_POINT('',(14.93310780121,37.549789342761));
#4611 = VECTOR('',#4612,1.);
#4612 = DIRECTION('',(1.735239660539E-16,-1.));
#4613 = ( GEOMETRIC_REPRESENTATION_CONTEXT(2) 
PARAMETRIC_REPRESENTATION_CONTEXT() REPRESENTATION_CONTEXT('2D SPACE',''
  ) );
#4614 = PCURVE('',#3729,#4615);
#4615 = DEFINITIONAL_REPRESENTATION('',(#4616),#4620);
#4616 = LINE('',#4617,#4618);
#4617 = CARTESIAN_POINT('',(37.549789342761,33.50873203571));
#4618 = VECTOR('',#4619,1.);
#4619 = DIRECTION('',(1.,-1.370142670446E-54));
#4620 = ( GEOMETRIC_REPRESENTATION_CONTEXT(2) 
PARAMETRIC_REPRESENTATION_CONTEXT() REPRESENTATION_CONTEXT('2D SPACE',''
  ) );
#4621 = ADVANCED_FACE('',(#4622),#4561,.F.);
#4622 = FACE_BOUND('',#4623,.F.);
#4623 = EDGE_LOOP('',(#4624,#4649,#4670,#4671));
#4624 = ORIENTED_EDGE('',*,*,#4625,.T.);
#4625 = EDGE_CURVE('',#4626,#4628,#4630,.T.);
#4626 = VERTEX_POINT('',#4627);
#4627 = CARTESIAN_POINT('',(-94.44616493377,328.44126796429,
    64.600419407128));
#4628 = VERTEX_POINT('',#4629);
#4629 = CARTESIAN_POINT('',(-94.44616493377,328.44126796429,
    -11.59958059287));
#4630 = SURFACE_CURVE('',#4631,(#4635,#4642),.PCURVE_S1.);
#4631 = LINE('',#4632,#4633);
#4632 = CARTESIAN_POINT('',(-94.44616493377,328.44126796429,
    64.600419407128));
#4633 = VECTOR('',#4634,1.);
#4634 = DIRECTION('',(0.,1.370142670446E-54,-1.));
#4635 = PCURVE('',#4561,#4636);
#4636 = DEFINITIONAL_REPRESENTATION('',(#4637),#4641);
#4637 = LINE('',#4638,#4639);
#4638 = CARTESIAN_POINT('',(0.,-0.));
#4639 = VECTOR('',#4640,1.);
#4640 = DIRECTION('',(1.,0.));
#4641 = ( GEOMETRIC_REPRESENTATION_CONTEXT(2) 
PARAMETRIC_REPRESENTATION_CONTEXT() REPRESENTATION_CONTEXT('2D SPACE',''
  ) );
#4642 = PCURVE('',#4467,#4643);
#4643 = DEFINITIONAL_REPRESENTATION('',(#4644),#4648);
#4644 = LINE('',#4645,#4646);
#4645 = CARTESIAN_POINT('',(157.32072268737,38.1));
#4646 = VECTOR('',#4647,1.);
#4647 = DIRECTION('',(-5.849589745845E-157,-1.));
#4648 = ( GEOMETRIC_REPRESENTATION_CONTEXT(2) 
PARAMETRIC_REPRESENTATION_CONTEXT() REPRESENTATION_CONTEXT('2D SPACE',''
  ) );
#4649 = ORIENTED_EDGE('',*,*,#4650,.T.);
#4650 = EDGE_CURVE('',#4628,#4523,#4651,.T.);
#4651 = SURFACE_CURVE('',#4652,(#4656,#4663),.PCURVE_S1.);
#4652 = LINE('',#4653,#4654);
#4653 = CARTESIAN_POINT('',(-94.44616493377,328.44126796429,
    -11.59958059287));
#4654 = VECTOR('',#4655,1.);
#4655 = DIRECTION('',(-8.24624624092E-90,-1.,-1.370142670446E-54));
#4656 = PCURVE('',#4561,#4657);
#4657 = DEFINITIONAL_REPRESENTATION('',(#4658),#4662);
#4658 = LINE('',#4659,#4660);
#4659 = CARTESIAN_POINT('',(76.199999999998,1.04404871488E-52));
#4660 = VECTOR('',#4661,1.);
#4661 = DIRECTION('',(0.,1.));
#4662 = ( GEOMETRIC_REPRESENTATION_CONTEXT(2) 
PARAMETRIC_REPRESENTATION_CONTEXT() REPRESENTATION_CONTEXT('2D SPACE',''
  ) );
#4663 = PCURVE('',#4399,#4664);
#4664 = DEFINITIONAL_REPRESENTATION('',(#4665),#4669);
#4665 = LINE('',#4666,#4667);
#4666 = CARTESIAN_POINT('',(0.,-0.));
#4667 = VECTOR('',#4668,1.);
#4668 = DIRECTION('',(6.209241342296E-83,1.));
#4669 = ( GEOMETRIC_REPRESENTATION_CONTEXT(2) 
PARAMETRIC_REPRESENTATION_CONTEXT() REPRESENTATION_CONTEXT('2D SPACE',''
  ) );
#4670 = ORIENTED_EDGE('',*,*,#4545,.F.);
#4671 = ORIENTED_EDGE('',*,*,#4672,.F.);
#4672 = EDGE_CURVE('',#4626,#4546,#4673,.T.);
#4673 = SURFACE_CURVE('',#4674,(#4678,#4685),.PCURVE_S1.);
#4674 = LINE('',#4675,#4676);
#4675 = CARTESIAN_POINT('',(-94.44616493377,328.44126796429,
    64.600419407128));
#4676 = VECTOR('',#4677,1.);
#4677 = DIRECTION('',(-8.24624624092E-90,-1.,-1.370142670446E-54));
#4678 = PCURVE('',#4561,#4679);
#4679 = DEFINITIONAL_REPRESENTATION('',(#4680),#4684);
#4680 = LINE('',#4681,#4682);
#4681 = CARTESIAN_POINT('',(0.,-0.));
#4682 = VECTOR('',#4683,1.);
#4683 = DIRECTION('',(0.,1.));
#4684 = ( GEOMETRIC_REPRESENTATION_CONTEXT(2) 
PARAMETRIC_REPRESENTATION_CONTEXT() REPRESENTATION_CONTEXT('2D SPACE',''
  ) );
#4685 = PCURVE('',#4589,#4686);
#4686 = DEFINITIONAL_REPRESENTATION('',(#4687),#4691);
#4687 = LINE('',#4688,#4689);
#4688 = CARTESIAN_POINT('',(40.95854852171,3.377542767807E-88));
#4689 = VECTOR('',#4690,1.);
#4690 = DIRECTION('',(-1.548060333546E-197,1.));
#4691 = ( GEOMETRIC_REPRESENTATION_CONTEXT(2) 
PARAMETRIC_REPRESENTATION_CONTEXT() REPRESENTATION_CONTEXT('2D SPACE',''
  ) );
#4692 = ADVANCED_FACE('',(#4693),#4589,.F.);
#4693 = FACE_BOUND('',#4694,.F.);
#4694 = EDGE_LOOP('',(#4695,#4718,#4739,#4740));
#4695 = ORIENTED_EDGE('',*,*,#4696,.T.);
#4696 = EDGE_CURVE('',#4574,#4697,#4699,.T.);
#4697 = VERTEX_POINT('',#4698);
#4698 = CARTESIAN_POINT('',(-88.89999847412,328.44126796429,
    64.600419407128));
#4699 = SURFACE_CURVE('',#4700,(#4704,#4711),.PCURVE_S1.);
#4700 = LINE('',#4701,#4702);
#4701 = CARTESIAN_POINT('',(-88.89999847412,342.02063398214,
    64.600419407128));
#4702 = VECTOR('',#4703,1.);
#4703 = DIRECTION('',(2.377525902354E-70,1.,1.370142670446E-54));
#4704 = PCURVE('',#4589,#4705);
#4705 = DEFINITIONAL_REPRESENTATION('',(#4706),#4710);
#4706 = LINE('',#4707,#4708);
#4707 = CARTESIAN_POINT('',(35.41238206206,-13.57936601785));
#4708 = VECTOR('',#4709,1.);
#4709 = DIRECTION('',(-2.377525902354E-70,-1.));
#4710 = ( GEOMETRIC_REPRESENTATION_CONTEXT(2) 
PARAMETRIC_REPRESENTATION_CONTEXT() REPRESENTATION_CONTEXT('2D SPACE',''
  ) );
#4711 = PCURVE('',#3729,#4712);
#4712 = DEFINITIONAL_REPRESENTATION('',(#4713),#4717);
#4713 = LINE('',#4714,#4715);
#4714 = CARTESIAN_POINT('',(36.999578685522,13.57936601786));
#4715 = VECTOR('',#4716,1.);
#4716 = DIRECTION('',(-1.370142670446E-54,-1.));
#4717 = ( GEOMETRIC_REPRESENTATION_CONTEXT(2) 
PARAMETRIC_REPRESENTATION_CONTEXT() REPRESENTATION_CONTEXT('2D SPACE',''
  ) );
#4718 = ORIENTED_EDGE('',*,*,#4719,.T.);
#4719 = EDGE_CURVE('',#4697,#4626,#4720,.T.);
#4720 = SURFACE_CURVE('',#4721,(#4725,#4732),.PCURVE_S1.);
#4721 = LINE('',#4722,#4723);
#4722 = CARTESIAN_POINT('',(-53.48761641206,328.44126796429,
    64.600419407128));
#4723 = VECTOR('',#4724,1.);
#4724 = DIRECTION('',(-1.,8.24624624092E-90,1.129853384569E-143));
#4725 = PCURVE('',#4589,#4726);
#4726 = DEFINITIONAL_REPRESENTATION('',(#4727),#4731);
#4727 = LINE('',#4728,#4729);
#4728 = CARTESIAN_POINT('',(0.,-0.));
#4729 = VECTOR('',#4730,1.);
#4730 = DIRECTION('',(1.,-1.548060333546E-197));
#4731 = ( GEOMETRIC_REPRESENTATION_CONTEXT(2) 
PARAMETRIC_REPRESENTATION_CONTEXT() REPRESENTATION_CONTEXT('2D SPACE',''
  ) );
#4732 = PCURVE('',#4467,#4733);
#4733 = DEFINITIONAL_REPRESENTATION('',(#4734),#4738);
#4734 = LINE('',#4735,#4736);
#4735 = CARTESIAN_POINT('',(116.36217416566,38.1));
#4736 = VECTOR('',#4737,1.);
#4737 = DIRECTION('',(1.,0.));
#4738 = ( GEOMETRIC_REPRESENTATION_CONTEXT(2) 
PARAMETRIC_REPRESENTATION_CONTEXT() REPRESENTATION_CONTEXT('2D SPACE',''
  ) );
#4739 = ORIENTED_EDGE('',*,*,#4672,.T.);
#4740 = ORIENTED_EDGE('',*,*,#4573,.F.);
#4741 = ADVANCED_FACE('',(#4742),#4399,.F.);
#4742 = FACE_BOUND('',#4743,.F.);
#4743 = EDGE_LOOP('',(#4744,#4745,#4766,#4767));
#4744 = ORIENTED_EDGE('',*,*,#4650,.F.);
#4745 = ORIENTED_EDGE('',*,*,#4746,.T.);
#4746 = EDGE_CURVE('',#4628,#4380,#4747,.T.);
#4747 = SURFACE_CURVE('',#4748,(#4752,#4759),.PCURVE_S1.);
#4748 = LINE('',#4749,#4750);
#4749 = CARTESIAN_POINT('',(-94.44616493377,328.44126796429,
    -11.59958059287));
#4750 = VECTOR('',#4751,1.);
#4751 = DIRECTION('',(1.,-4.008879572172E-70,2.92588476999E-16));
#4752 = PCURVE('',#4399,#4753);
#4753 = DEFINITIONAL_REPRESENTATION('',(#4754),#4758);
#4754 = LINE('',#4755,#4756);
#4755 = CARTESIAN_POINT('',(0.,-0.));
#4756 = VECTOR('',#4757,1.);
#4757 = DIRECTION('',(1.,0.));
#4758 = ( GEOMETRIC_REPRESENTATION_CONTEXT(2) 
PARAMETRIC_REPRESENTATION_CONTEXT() REPRESENTATION_CONTEXT('2D SPACE',''
  ) );
#4759 = PCURVE('',#4467,#4760);
#4760 = DEFINITIONAL_REPRESENTATION('',(#4761),#4765);
#4761 = LINE('',#4762,#4763);
#4762 = CARTESIAN_POINT('',(157.32072268737,-38.09999999999));
#4763 = VECTOR('',#4764,1.);
#4764 = DIRECTION('',(-1.,2.92588476999E-16));
#4765 = ( GEOMETRIC_REPRESENTATION_CONTEXT(2) 
PARAMETRIC_REPRESENTATION_CONTEXT() REPRESENTATION_CONTEXT('2D SPACE',''
  ) );
#4766 = ORIENTED_EDGE('',*,*,#4379,.T.);
#4767 = ORIENTED_EDGE('',*,*,#4522,.F.);
#4768 = ADVANCED_FACE('',(#4769),#4467,.F.);
#4769 = FACE_BOUND('',#4770,.F.);
#4770 = EDGE_LOOP('',(#4771,#4772,#4793,#4794,#4795));
#4771 = ORIENTED_EDGE('',*,*,#4719,.F.);
#4772 = ORIENTED_EDGE('',*,*,#4773,.T.);
#4773 = EDGE_CURVE('',#4697,#4414,#4774,.T.);
#4774 = SURFACE_CURVE('',#4775,(#4779,#4786),.PCURVE_S1.);
#4775 = LINE('',#4776,#4777);
#4776 = CARTESIAN_POINT('',(-88.89999847412,328.44126796429,
    64.050208749889));
#4777 = VECTOR('',#4778,1.);
#4778 = DIRECTION('',(-1.735239660539E-16,1.370142670446E-54,-1.));
#4779 = PCURVE('',#4467,#4780);
#4780 = DEFINITIONAL_REPRESENTATION('',(#4781),#4785);
#4781 = LINE('',#4782,#4783);
#4782 = CARTESIAN_POINT('',(151.77455622772,37.549789342761));
#4783 = VECTOR('',#4784,1.);
#4784 = DIRECTION('',(1.735239660539E-16,-1.));
#4785 = ( GEOMETRIC_REPRESENTATION_CONTEXT(2) 
PARAMETRIC_REPRESENTATION_CONTEXT() REPRESENTATION_CONTEXT('2D SPACE',''
  ) );
#4786 = PCURVE('',#3729,#4787);
#4787 = DEFINITIONAL_REPRESENTATION('',(#4788),#4792);
#4788 = LINE('',#4789,#4790);
#4789 = CARTESIAN_POINT('',(37.549789342761,27.15873203571));
#4790 = VECTOR('',#4791,1.);
#4791 = DIRECTION('',(1.,-1.370142670446E-54));
#4792 = ( GEOMETRIC_REPRESENTATION_CONTEXT(2) 
PARAMETRIC_REPRESENTATION_CONTEXT() REPRESENTATION_CONTEXT('2D SPACE',''
  ) );
#4793 = ORIENTED_EDGE('',*,*,#4413,.F.);
#4794 = ORIENTED_EDGE('',*,*,#4746,.F.);
#4795 = ORIENTED_EDGE('',*,*,#4625,.F.);
#4796 = ADVANCED_FACE('',(#4797),#4088,.T.);
#4797 = FACE_BOUND('',#4798,.T.);
#4798 = EDGE_LOOP('',(#4799,#4800,#4823,#4893,#4921,#4949));
#4799 = ORIENTED_EDGE('',*,*,#4062,.F.);
#4800 = ORIENTED_EDGE('',*,*,#4801,.F.);
#4801 = EDGE_CURVE('',#4802,#4063,#4804,.T.);
#4802 = VERTEX_POINT('',#4803);
#4803 = CARTESIAN_POINT('',(-23.90596799828,342.26499485015,-99.206965)
  );
#4804 = SURFACE_CURVE('',#4805,(#4809,#4816),.PCURVE_S1.);
#4805 = LINE('',#4806,#4807);
#4806 = CARTESIAN_POINT('',(-70.22348220275,342.26499485015,-99.206965)
  );
#4807 = VECTOR('',#4808,1.);
#4808 = DIRECTION('',(-1.,0.,0.));
#4809 = PCURVE('',#4088,#4810);
#4810 = DEFINITIONAL_REPRESENTATION('',(#4811),#4815);
#4811 = LINE('',#4812,#4813);
#4812 = CARTESIAN_POINT('',(-175.4069636648,159.12348067687));
#4813 = VECTOR('',#4814,1.);
#4814 = DIRECTION('',(1.748382748768E-16,1.));
#4815 = ( GEOMETRIC_REPRESENTATION_CONTEXT(2) 
PARAMETRIC_REPRESENTATION_CONTEXT() REPRESENTATION_CONTEXT('2D SPACE',''
  ) );
#4816 = PCURVE('',#611,#4817);
#4817 = DEFINITIONAL_REPRESENTATION('',(#4818),#4822);
#4818 = LINE('',#4819,#4820);
#4819 = CARTESIAN_POINT('',(159.12348067685,63.87909485015));
#4820 = VECTOR('',#4821,1.);
#4821 = DIRECTION('',(-1.,0.));
#4822 = ( GEOMETRIC_REPRESENTATION_CONTEXT(2) 
PARAMETRIC_REPRESENTATION_CONTEXT() REPRESENTATION_CONTEXT('2D SPACE',''
  ) );
#4823 = ORIENTED_EDGE('',*,*,#4824,.T.);
#4824 = EDGE_CURVE('',#4802,#4825,#4827,.T.);
#4825 = VERTEX_POINT('',#4826);
#4826 = CARTESIAN_POINT('',(-78.73999843111,342.26499485015,
    2.192064086176E-03));
#4827 = SURFACE_CURVE('',#4828,(#4842,#4859),.PCURVE_S1.);
#4828 = B_SPLINE_CURVE_WITH_KNOTS('',3,(#4829,#4830,#4831,#4832,#4833,
    #4834,#4835,#4836,#4837,#4838,#4839,#4840,#4841),.UNSPECIFIED.,.F.,
  .F.,(4,1,1,1,1,1,1,1,1,1,4),(-1.570817184003,-1.122015253889,
    -0.673213323775,-0.224411393661,0.224390536453,0.44879150151,
    0.673192466567,0.897593431624,1.121994396681,1.346395361738,
    1.570796326795),.UNSPECIFIED.);
#4829 = CARTESIAN_POINT('',(78.739998474121,342.26499485015,
    -1.335144022008E-06));
#4830 = CARTESIAN_POINT('',(78.739815332867,342.26499485015,
    -15.71324797092));
#4831 = CARTESIAN_POINT('',(73.260600760133,342.26499485015,
    -47.13321436685));
#4832 = CARTESIAN_POINT('',(50.316118868329,342.26499485015,
    -84.61158605565));
#4833 = CARTESIAN_POINT('',(17.7819223983,342.26499485015,-105.006695999
    ));
#4834 = CARTESIAN_POINT('',(-11.85988372033,342.26499485015,
    -104.9705926198));
#4835 = CARTESIAN_POINT('',(-34.05224020341,342.26499485015,
    -94.82555004882));
#4836 = CARTESIAN_POINT('',(-49.11769341487,342.26499485015,
    -82.46173596021));
#4837 = CARTESIAN_POINT('',(-61.80300190951,342.26499485015,
    -65.88502404363));
#4838 = CARTESIAN_POINT('',(-71.40457517363,342.26499485015,
    -45.91545094953));
#4839 = CARTESIAN_POINT('',(-77.38629129191,342.26499485015,
    -23.56719305263));
#4840 = CARTESIAN_POINT('',(-78.74021531406,342.26499485015,
    -7.854431252114));
#4841 = CARTESIAN_POINT('',(-78.73999843111,342.26499485015,
    2.192064086176E-03));
#4842 = PCURVE('',#4088,#4843);
#4843 = DEFINITIONAL_REPRESENTATION('',(#4844),#4858);
#4844 = B_SPLINE_CURVE_WITH_KNOTS('',3,(#4845,#4846,#4847,#4848,#4849,
    #4850,#4851,#4852,#4853,#4854,#4855,#4856,#4857),.UNSPECIFIED.,.F.,
  .F.,(4,1,1,1,1,1,1,1,1,1,4),(-1.570817184003,-1.122015253889,
    -0.673213323775,-0.224411393661,0.224390536453,0.44879150151,
    0.673192466567,0.897593431624,1.121994396681,1.346395361738,
    1.570796326795),.UNSPECIFIED.);
#4845 = CARTESIAN_POINT('',(-76.2,10.16));
#4846 = CARTESIAN_POINT('',(-91.91324663577,10.160183141254));
#4847 = CARTESIAN_POINT('',(-123.3332130317,15.639397713988));
#4848 = CARTESIAN_POINT('',(-160.8115847205,38.583879605792));
#4849 = CARTESIAN_POINT('',(-181.2066946638,71.118076075821));
#4850 = CARTESIAN_POINT('',(-181.1705912846,100.75988219445));
#4851 = CARTESIAN_POINT('',(-171.0255487136,122.95223867753));
#4852 = CARTESIAN_POINT('',(-158.661734625,138.01769188899));
#4853 = CARTESIAN_POINT('',(-142.0850227084,150.70300038363));
#4854 = CARTESIAN_POINT('',(-122.1154496143,160.30457364775));
#4855 = CARTESIAN_POINT('',(-99.76719171748,166.28628976603));
#4856 = CARTESIAN_POINT('',(-84.05442991697,167.64021378818));
#4857 = CARTESIAN_POINT('',(-76.19780660077,167.63999690523));
#4858 = ( GEOMETRIC_REPRESENTATION_CONTEXT(2) 
PARAMETRIC_REPRESENTATION_CONTEXT() REPRESENTATION_CONTEXT('2D SPACE',''
  ) );
#4859 = PCURVE('',#4860,#4887);
#4860 = B_SPLINE_SURFACE_WITH_KNOTS('',3,1,(
    (#4861,#4862)
    ,(#4863,#4864)
    ,(#4865,#4866)
    ,(#4867,#4868)
    ,(#4869,#4870)
    ,(#4871,#4872)
    ,(#4873,#4874)
    ,(#4875,#4876)
    ,(#4877,#4878)
    ,(#4879,#4880)
    ,(#4881,#4882)
    ,(#4883,#4884)
    ,(#4885,#4886
    )),.UNSPECIFIED.,.F.,.F.,.F.,(4,1,1,1,1,1,1,1,1,1,4),(2,2),(
    -1.570817184003,-1.122015253889,-0.673213323775,-0.224411393661,
    0.224390536453,0.44879150151,0.673192466567,0.897593431624,
    1.121994396681,1.346395361738,1.570796326795),(0.,7.62E-02),
  .UNSPECIFIED.);
#4861 = CARTESIAN_POINT('',(78.739998474121,342.26499485015,
    -1.335144022008E-06));
#4862 = CARTESIAN_POINT('',(78.739998474121,343.02699485015,
    -1.335144022008E-06));
#4863 = CARTESIAN_POINT('',(78.739815332867,342.26499485015,
    -15.71324797092));
#4864 = CARTESIAN_POINT('',(78.739815332867,343.02699485015,
    -15.71324797092));
#4865 = CARTESIAN_POINT('',(73.260600760133,342.26499485015,
    -47.13321436685));
#4866 = CARTESIAN_POINT('',(73.260600760133,343.02699485015,
    -47.13321436685));
#4867 = CARTESIAN_POINT('',(50.316118868329,342.26499485015,
    -84.61158605565));
#4868 = CARTESIAN_POINT('',(50.316118868329,343.02699485015,
    -84.61158605565));
#4869 = CARTESIAN_POINT('',(17.7819223983,342.26499485015,-105.006695999
    ));
#4870 = CARTESIAN_POINT('',(17.7819223983,343.02699485015,-105.006695999
    ));
#4871 = CARTESIAN_POINT('',(-11.85988372033,342.26499485015,
    -104.9705926198));
#4872 = CARTESIAN_POINT('',(-11.85988372033,343.02699485015,
    -104.9705926198));
#4873 = CARTESIAN_POINT('',(-34.05224020341,342.26499485015,
    -94.82555004882));
#4874 = CARTESIAN_POINT('',(-34.05224020341,343.02699485015,
    -94.82555004882));
#4875 = CARTESIAN_POINT('',(-49.11769341487,342.26499485015,
    -82.46173596021));
#4876 = CARTESIAN_POINT('',(-49.11769341487,343.02699485015,
    -82.46173596021));
#4877 = CARTESIAN_POINT('',(-61.80300190951,342.26499485015,
    -65.88502404363));
#4878 = CARTESIAN_POINT('',(-61.80300190951,343.02699485015,
    -65.88502404363));
#4879 = CARTESIAN_POINT('',(-71.40457517363,342.26499485015,
    -45.91545094953));
#4880 = CARTESIAN_POINT('',(-71.40457517363,343.02699485015,
    -45.91545094953));
#4881 = CARTESIAN_POINT('',(-77.38629129191,342.26499485015,
    -23.56719305263));
#4882 = CARTESIAN_POINT('',(-77.38629129191,343.02699485015,
    -23.56719305263));
#4883 = CARTESIAN_POINT('',(-78.74021531406,342.26499485015,
    -7.854431252114));
#4884 = CARTESIAN_POINT('',(-78.74021531406,343.02699485015,
    -7.854431252114));
#4885 = CARTESIAN_POINT('',(-78.73999843111,342.26499485015,
    2.192064086176E-03));
#4886 = CARTESIAN_POINT('',(-78.73999843111,343.02699485015,
    2.192064086176E-03));
#4887 = DEFINITIONAL_REPRESENTATION('',(#4888),#4892);
#4888 = LINE('',#4889,#4890);
#4889 = CARTESIAN_POINT('',(0.,-3.292288316969E-15));
#4890 = VECTOR('',#4891,1.);
#4891 = DIRECTION('',(1.,0.));
#4892 = ( GEOMETRIC_REPRESENTATION_CONTEXT(2) 
PARAMETRIC_REPRESENTATION_CONTEXT() REPRESENTATION_CONTEXT('2D SPACE',''
  ) );
#4893 = ORIENTED_EDGE('',*,*,#4894,.T.);
#4894 = EDGE_CURVE('',#4825,#4895,#4897,.T.);
#4895 = VERTEX_POINT('',#4896);
#4896 = CARTESIAN_POINT('',(-78.73837792168,342.26499485015,
    101.60219205116));
#4897 = SURFACE_CURVE('',#4898,(#4902,#4909),.PCURVE_S1.);
#4898 = LINE('',#4899,#4900);
#4899 = CARTESIAN_POINT('',(-78.73999843111,342.26499485015,
    2.192064086176E-03));
#4900 = VECTOR('',#4901,1.);
#4901 = DIRECTION('',(1.594989597266E-05,0.,0.999999999873));
#4902 = PCURVE('',#4088,#4903);
#4903 = DEFINITIONAL_REPRESENTATION('',(#4904),#4908);
#4904 = LINE('',#4905,#4906);
#4905 = CARTESIAN_POINT('',(-76.19780660077,167.63999690523));
#4906 = VECTOR('',#4907,1.);
#4907 = DIRECTION('',(0.999999999873,-1.594989597283E-05));
#4908 = ( GEOMETRIC_REPRESENTATION_CONTEXT(2) 
PARAMETRIC_REPRESENTATION_CONTEXT() REPRESENTATION_CONTEXT('2D SPACE',''
  ) );
#4909 = PCURVE('',#4910,#4915);
#4910 = PLANE('',#4911);
#4911 = AXIS2_PLACEMENT_3D('',#4912,#4913,#4914);
#4912 = CARTESIAN_POINT('',(-78.73999843111,342.26499485015,
    2.192064086176E-03));
#4913 = DIRECTION('',(0.999999999873,0.,-1.594989597266E-05));
#4914 = DIRECTION('',(0.,1.,0.));
#4915 = DEFINITIONAL_REPRESENTATION('',(#4916),#4920);
#4916 = LINE('',#4917,#4918);
#4917 = CARTESIAN_POINT('',(0.,0.));
#4918 = VECTOR('',#4919,1.);
#4919 = DIRECTION('',(0.,1.));
#4920 = ( GEOMETRIC_REPRESENTATION_CONTEXT(2) 
PARAMETRIC_REPRESENTATION_CONTEXT() REPRESENTATION_CONTEXT('2D SPACE',''
  ) );
#4921 = ORIENTED_EDGE('',*,*,#4922,.F.);
#4922 = EDGE_CURVE('',#4923,#4895,#4925,.T.);
#4923 = VERTEX_POINT('',#4924);
#4924 = CARTESIAN_POINT('',(-88.89999836485,342.26499485015,
    101.6011761103));
#4925 = SURFACE_CURVE('',#4926,(#4930,#4937),.PCURVE_S1.);
#4926 = LINE('',#4927,#4928);
#4927 = CARTESIAN_POINT('',(-88.89837792039,342.26499485015,
    101.6023541021));
#4928 = VECTOR('',#4929,1.);
#4929 = DIRECTION('',(0.999999999873,0.,-1.594989597273E-05));
#4930 = PCURVE('',#4088,#4931);
#4931 = DEFINITIONAL_REPRESENTATION('',(#4932),#4936);
#4932 = LINE('',#4933,#4934);
#4933 = CARTESIAN_POINT('',(25.402355437244,177.79837639451));
#4934 = VECTOR('',#4935,1.);
#4935 = DIRECTION('',(-1.59498959729E-05,-0.999999999873));
#4936 = ( GEOMETRIC_REPRESENTATION_CONTEXT(2) 
PARAMETRIC_REPRESENTATION_CONTEXT() REPRESENTATION_CONTEXT('2D SPACE',''
  ) );
#4937 = PCURVE('',#4938,#4943);
#4938 = PLANE('',#4939);
#4939 = AXIS2_PLACEMENT_3D('',#4940,#4941,#4942);
#4940 = CARTESIAN_POINT('',(-88.89837792039,342.89999485015,
    101.6023541021));
#4941 = DIRECTION('',(1.594989597266E-05,0.,0.999999999873));
#4942 = DIRECTION('',(0.999999999873,0.,-1.594989597266E-05));
#4943 = DEFINITIONAL_REPRESENTATION('',(#4944),#4948);
#4944 = LINE('',#4945,#4946);
#4945 = CARTESIAN_POINT('',(0.,-0.635));
#4946 = VECTOR('',#4947,1.);
#4947 = DIRECTION('',(1.,0.));
#4948 = ( GEOMETRIC_REPRESENTATION_CONTEXT(2) 
PARAMETRIC_REPRESENTATION_CONTEXT() REPRESENTATION_CONTEXT('2D SPACE',''
  ) );
#4949 = ORIENTED_EDGE('',*,*,#4950,.F.);
#4950 = EDGE_CURVE('',#4065,#4923,#4951,.T.);
#4951 = SURFACE_CURVE('',#4952,(#4956,#4963),.PCURVE_S1.);
#4952 = LINE('',#4953,#4954);
#4953 = CARTESIAN_POINT('',(-88.89999847412,342.26499485015,
    88.899998378754));
#4954 = VECTOR('',#4955,1.);
#4955 = DIRECTION('',(1.735239660539E-16,0.,1.));
#4956 = PCURVE('',#4088,#4957);
#4957 = DEFINITIONAL_REPRESENTATION('',(#4958),#4962);
#4958 = LINE('',#4959,#4960);
#4959 = CARTESIAN_POINT('',(12.699999713898,177.79999694824));
#4960 = VECTOR('',#4961,1.);
#4961 = DIRECTION('',(1.,-3.483622409307E-16));
#4962 = ( GEOMETRIC_REPRESENTATION_CONTEXT(2) 
PARAMETRIC_REPRESENTATION_CONTEXT() REPRESENTATION_CONTEXT('2D SPACE',''
  ) );
#4963 = PCURVE('',#3729,#4964);
#4964 = DEFINITIONAL_REPRESENTATION('',(#4965),#4969);
#4965 = LINE('',#4966,#4967);
#4966 = CARTESIAN_POINT('',(12.699999713896,13.33500514985));
#4967 = VECTOR('',#4968,1.);
#4968 = DIRECTION('',(-1.,0.));
#4969 = ( GEOMETRIC_REPRESENTATION_CONTEXT(2) 
PARAMETRIC_REPRESENTATION_CONTEXT() REPRESENTATION_CONTEXT('2D SPACE',''
  ) );
#4970 = ADVANCED_FACE('',(#4971),#4860,.F.);
#4971 = FACE_BOUND('',#4972,.F.);
#4972 = EDGE_LOOP('',(#4973,#5002,#5003,#5025));
#4973 = ORIENTED_EDGE('',*,*,#4974,.F.);
#4974 = EDGE_CURVE('',#4802,#4975,#4977,.T.);
#4975 = VERTEX_POINT('',#4976);
#4976 = CARTESIAN_POINT('',(-23.90596799828,342.89999485015,-99.206965)
  );
#4977 = SURFACE_CURVE('',#4978,(#4984,#4993),.PCURVE_S1.);
#4978 = B_SPLINE_CURVE_WITH_KNOTS('',4,(#4979,#4980,#4981,#4982,#4983),
  .UNSPECIFIED.,.F.,.F.,(5,5),(0.,1.),.PIECEWISE_BEZIER_KNOTS.);
#4979 = CARTESIAN_POINT('',(-23.90596799828,342.26499485015,-99.206965)
  );
#4980 = CARTESIAN_POINT('',(-23.90596799828,342.42374635015,-99.206965)
  );
#4981 = CARTESIAN_POINT('',(-23.90596799828,342.58249785015,-99.206965)
  );
#4982 = CARTESIAN_POINT('',(-23.90596799828,342.74124935015,-99.206965)
  );
#4983 = CARTESIAN_POINT('',(-23.90596799828,342.90000085015,-99.206965)
  );
#4984 = PCURVE('',#4860,#4985);
#4985 = DEFINITIONAL_REPRESENTATION('',(#4986),#4992);
#4986 = B_SPLINE_CURVE_WITH_KNOTS('',4,(#4987,#4988,#4989,#4990,#4991),
  .UNSPECIFIED.,.F.,.F.,(5,5),(0.,1.),.PIECEWISE_BEZIER_KNOTS.);
#4987 = CARTESIAN_POINT('',(0.312595187389,0.));
#4988 = CARTESIAN_POINT('',(0.312595187389,1.587515E-02));
#4989 = CARTESIAN_POINT('',(0.312595187389,3.17503E-02));
#4990 = CARTESIAN_POINT('',(0.312595187389,4.762545E-02));
#4991 = CARTESIAN_POINT('',(0.312595187389,6.35006E-02));
#4992 = ( GEOMETRIC_REPRESENTATION_CONTEXT(2) 
PARAMETRIC_REPRESENTATION_CONTEXT() REPRESENTATION_CONTEXT('2D SPACE',''
  ) );
#4993 = PCURVE('',#611,#4994);
#4994 = DEFINITIONAL_REPRESENTATION('',(#4995),#5001);
#4995 = B_SPLINE_CURVE_WITH_KNOTS('',4,(#4996,#4997,#4998,#4999,#5000),
  .UNSPECIFIED.,.F.,.F.,(5,5),(0.,1.),.PIECEWISE_BEZIER_KNOTS.);
#4996 = CARTESIAN_POINT('',(205.44099488132,63.87909485015));
#4997 = CARTESIAN_POINT('',(205.44099488132,64.03784635015));
#4998 = CARTESIAN_POINT('',(205.44099488132,64.19659785015));
#4999 = CARTESIAN_POINT('',(205.44099488132,64.35534935015));
#5000 = CARTESIAN_POINT('',(205.44099488132,64.51410085015));
#5001 = ( GEOMETRIC_REPRESENTATION_CONTEXT(2) 
PARAMETRIC_REPRESENTATION_CONTEXT() REPRESENTATION_CONTEXT('2D SPACE',''
  ) );
#5002 = ORIENTED_EDGE('',*,*,#4824,.T.);
#5003 = ORIENTED_EDGE('',*,*,#5004,.T.);
#5004 = EDGE_CURVE('',#4825,#5005,#5007,.T.);
#5005 = VERTEX_POINT('',#5006);
#5006 = CARTESIAN_POINT('',(-78.73999843111,342.89999485015,
    2.192064086176E-03));
#5007 = SURFACE_CURVE('',#5008,(#5012,#5018),.PCURVE_S1.);
#5008 = LINE('',#5009,#5010);
#5009 = CARTESIAN_POINT('',(-78.73999843111,342.89999485015,
    2.192064086176E-03));
#5010 = VECTOR('',#5011,1.);
#5011 = DIRECTION('',(0.,1.,0.));
#5012 = PCURVE('',#4860,#5013);
#5013 = DEFINITIONAL_REPRESENTATION('',(#5014),#5017);
#5014 = B_SPLINE_CURVE_WITH_KNOTS('',1,(#5015,#5016),.UNSPECIFIED.,.F.,
  .F.,(2,2),(-0.635,0.),.PIECEWISE_BEZIER_KNOTS.);
#5015 = CARTESIAN_POINT('',(1.570796326795,-3.292288316969E-15));
#5016 = CARTESIAN_POINT('',(1.570796326795,6.35E-02));
#5017 = ( GEOMETRIC_REPRESENTATION_CONTEXT(2) 
PARAMETRIC_REPRESENTATION_CONTEXT() REPRESENTATION_CONTEXT('2D SPACE',''
  ) );
#5018 = PCURVE('',#4910,#5019);
#5019 = DEFINITIONAL_REPRESENTATION('',(#5020),#5024);
#5020 = LINE('',#5021,#5022);
#5021 = CARTESIAN_POINT('',(0.635,0.));
#5022 = VECTOR('',#5023,1.);
#5023 = DIRECTION('',(1.,0.));
#5024 = ( GEOMETRIC_REPRESENTATION_CONTEXT(2) 
PARAMETRIC_REPRESENTATION_CONTEXT() REPRESENTATION_CONTEXT('2D SPACE',''
  ) );
#5025 = ORIENTED_EDGE('',*,*,#5026,.F.);
#5026 = EDGE_CURVE('',#4975,#5005,#5027,.T.);
#5027 = SURFACE_CURVE('',#5028,(#5042,#5049),.PCURVE_S1.);
#5028 = B_SPLINE_CURVE_WITH_KNOTS('',3,(#5029,#5030,#5031,#5032,#5033,
    #5034,#5035,#5036,#5037,#5038,#5039,#5040,#5041),.UNSPECIFIED.,.F.,
  .F.,(4,1,1,1,1,1,1,1,1,1,4),(-1.570817184003,-1.122015253889,
    -0.673213323775,-0.224411393661,0.224390536453,0.44879150151,
    0.673192466567,0.897593431624,1.121994396681,1.346395361738,
    1.570796326795),.UNSPECIFIED.);
#5029 = CARTESIAN_POINT('',(78.739998474121,342.89999485015,
    -1.335144022008E-06));
#5030 = CARTESIAN_POINT('',(78.739815332867,342.89999485015,
    -15.71324797092));
#5031 = CARTESIAN_POINT('',(73.260600760133,342.89999485015,
    -47.13321436685));
#5032 = CARTESIAN_POINT('',(50.316118868329,342.89999485015,
    -84.61158605565));
#5033 = CARTESIAN_POINT('',(17.7819223983,342.89999485015,-105.006695999
    ));
#5034 = CARTESIAN_POINT('',(-11.85988372033,342.89999485015,
    -104.9705926198));
#5035 = CARTESIAN_POINT('',(-34.05224020341,342.89999485015,
    -94.82555004882));
#5036 = CARTESIAN_POINT('',(-49.11769341487,342.89999485015,
    -82.46173596021));
#5037 = CARTESIAN_POINT('',(-61.80300190951,342.89999485015,
    -65.88502404363));
#5038 = CARTESIAN_POINT('',(-71.40457517363,342.89999485015,
    -45.91545094953));
#5039 = CARTESIAN_POINT('',(-77.38629129191,342.89999485015,
    -23.56719305263));
#5040 = CARTESIAN_POINT('',(-78.74021531406,342.89999485015,
    -7.854431252114));
#5041 = CARTESIAN_POINT('',(-78.73999843111,342.89999485015,
    2.192064086176E-03));
#5042 = PCURVE('',#4860,#5043);
#5043 = DEFINITIONAL_REPRESENTATION('',(#5044),#5048);
#5044 = LINE('',#5045,#5046);
#5045 = CARTESIAN_POINT('',(0.,6.35E-02));
#5046 = VECTOR('',#5047,1.);
#5047 = DIRECTION('',(1.,0.));
#5048 = ( GEOMETRIC_REPRESENTATION_CONTEXT(2) 
PARAMETRIC_REPRESENTATION_CONTEXT() REPRESENTATION_CONTEXT('2D SPACE',''
  ) );
#5049 = PCURVE('',#5050,#5055);
#5050 = PLANE('',#5051);
#5051 = AXIS2_PLACEMENT_3D('',#5052,#5053,#5054);
#5052 = CARTESIAN_POINT('',(88.899998474121,342.89999485015,
    88.899998664856));
#5053 = DIRECTION('',(0.,1.,0.));
#5054 = DIRECTION('',(1.748382748768E-16,0.,-1.));
#5055 = DEFINITIONAL_REPRESENTATION('',(#5056),#5070);
#5056 = B_SPLINE_CURVE_WITH_KNOTS('',3,(#5057,#5058,#5059,#5060,#5061,
    #5062,#5063,#5064,#5065,#5066,#5067,#5068,#5069),.UNSPECIFIED.,.F.,
  .F.,(4,1,1,1,1,1,1,1,1,1,4),(-1.570817184003,-1.122015253889,
    -0.673213323775,-0.224411393661,0.224390536453,0.44879150151,
    0.673192466567,0.897593431624,1.121994396681,1.346395361738,
    1.570796326795),.UNSPECIFIED.);
#5057 = CARTESIAN_POINT('',(88.9,10.16));
#5058 = CARTESIAN_POINT('',(104.61324663577,10.160183141254));
#5059 = CARTESIAN_POINT('',(136.0332130317,15.639397713988));
#5060 = CARTESIAN_POINT('',(173.5115847205,38.583879605792));
#5061 = CARTESIAN_POINT('',(193.90669466385,71.118076075821));
#5062 = CARTESIAN_POINT('',(193.87059128465,100.75988219445));
#5063 = CARTESIAN_POINT('',(183.72554871367,122.95223867753));
#5064 = CARTESIAN_POINT('',(171.36173462506,138.01769188899));
#5065 = CARTESIAN_POINT('',(154.78502270848,150.70300038363));
#5066 = CARTESIAN_POINT('',(134.81544961438,160.30457364775));
#5067 = CARTESIAN_POINT('',(112.46719171748,166.28628976603));
#5068 = CARTESIAN_POINT('',(96.75442991697,167.64021378818));
#5069 = CARTESIAN_POINT('',(88.89780660077,167.63999690523));
#5070 = ( GEOMETRIC_REPRESENTATION_CONTEXT(2) 
PARAMETRIC_REPRESENTATION_CONTEXT() REPRESENTATION_CONTEXT('2D SPACE',''
  ) );
#5071 = ADVANCED_FACE('',(#5072),#5050,.T.);
#5072 = FACE_BOUND('',#5073,.T.);
#5073 = EDGE_LOOP('',(#5074,#5075,#5098,#5121,#5194,#5222,#5245));
#5074 = ORIENTED_EDGE('',*,*,#5026,.F.);
#5075 = ORIENTED_EDGE('',*,*,#5076,.F.);
#5076 = EDGE_CURVE('',#5077,#4975,#5079,.T.);
#5077 = VERTEX_POINT('',#5078);
#5078 = CARTESIAN_POINT('',(-32.46279340577,342.9,-99.206965));
#5079 = SURFACE_CURVE('',#5080,(#5084,#5091),.PCURVE_S1.);
#5080 = LINE('',#5081,#5082);
#5081 = CARTESIAN_POINT('',(-70.22348220275,342.89999485015,-99.206965)
  );
#5082 = VECTOR('',#5083,1.);
#5083 = DIRECTION('',(1.,0.,0.));
#5084 = PCURVE('',#5050,#5085);
#5085 = DEFINITIONAL_REPRESENTATION('',(#5086),#5090);
#5086 = LINE('',#5087,#5088);
#5087 = CARTESIAN_POINT('',(188.10696366485,159.12348067687));
#5088 = VECTOR('',#5089,1.);
#5089 = DIRECTION('',(1.748382748768E-16,-1.));
#5090 = ( GEOMETRIC_REPRESENTATION_CONTEXT(2) 
PARAMETRIC_REPRESENTATION_CONTEXT() REPRESENTATION_CONTEXT('2D SPACE',''
  ) );
#5091 = PCURVE('',#611,#5092);
#5092 = DEFINITIONAL_REPRESENTATION('',(#5093),#5097);
#5093 = LINE('',#5094,#5095);
#5094 = CARTESIAN_POINT('',(159.12348067685,64.51409485015));
#5095 = VECTOR('',#5096,1.);
#5096 = DIRECTION('',(1.,0.));
#5097 = ( GEOMETRIC_REPRESENTATION_CONTEXT(2) 
PARAMETRIC_REPRESENTATION_CONTEXT() REPRESENTATION_CONTEXT('2D SPACE',''
  ) );
#5098 = ORIENTED_EDGE('',*,*,#5099,.F.);
#5099 = EDGE_CURVE('',#5100,#5077,#5102,.T.);
#5100 = VERTEX_POINT('',#5101);
#5101 = CARTESIAN_POINT('',(-44.02537455308,342.89999981901,-99.206965)
  );
#5102 = SURFACE_CURVE('',#5103,(#5107,#5114),.PCURVE_S1.);
#5103 = LINE('',#5104,#5105);
#5104 = CARTESIAN_POINT('',(-114.6734814398,342.9,-99.206965));
#5105 = VECTOR('',#5106,1.);
#5106 = DIRECTION('',(1.,0.,0.));
#5107 = PCURVE('',#5050,#5108);
#5108 = DEFINITIONAL_REPRESENTATION('',(#5109),#5113);
#5109 = LINE('',#5110,#5111);
#5110 = CARTESIAN_POINT('',(188.10696366485,203.57347991392));
#5111 = VECTOR('',#5112,1.);
#5112 = DIRECTION('',(1.748382748768E-16,-1.));
#5113 = ( GEOMETRIC_REPRESENTATION_CONTEXT(2) 
PARAMETRIC_REPRESENTATION_CONTEXT() REPRESENTATION_CONTEXT('2D SPACE',''
  ) );
#5114 = PCURVE('',#611,#5115);
#5115 = DEFINITIONAL_REPRESENTATION('',(#5116),#5120);
#5116 = LINE('',#5117,#5118);
#5117 = CARTESIAN_POINT('',(114.6734814398,64.5141));
#5118 = VECTOR('',#5119,1.);
#5119 = DIRECTION('',(1.,0.));
#5120 = ( GEOMETRIC_REPRESENTATION_CONTEXT(2) 
PARAMETRIC_REPRESENTATION_CONTEXT() REPRESENTATION_CONTEXT('2D SPACE',''
  ) );
#5121 = ORIENTED_EDGE('',*,*,#5122,.F.);
#5122 = EDGE_CURVE('',#5123,#5100,#5125,.T.);
#5123 = VERTEX_POINT('',#5124);
#5124 = CARTESIAN_POINT('',(-88.89999847412,342.89999485015,
    8.198197603071E-10));
#5125 = SURFACE_CURVE('',#5126,(#5139,#5155),.PCURVE_S1.);
#5126 = B_SPLINE_CURVE_WITH_KNOTS('',3,(#5127,#5128,#5129,#5130,#5131,
    #5132,#5133,#5134,#5135,#5136,#5137,#5138),.UNSPECIFIED.,.F.,.F.,(4,
    2,2,2,2,4),(-15.89093627549,-12.88749755669,-8.709226760865,
    -4.660714527888,-0.453033671214,1.7763568394E-15),.UNSPECIFIED.);
#5127 = CARTESIAN_POINT('',(-88.89999847412,342.89999485015,
    -7.154386483827E-15));
#5128 = CARTESIAN_POINT('',(-88.89999847412,342.89999485015,
    -11.14287969092));
#5129 = CARTESIAN_POINT('',(-87.61372480654,342.89999485015,
    -22.28396880568));
#5130 = CARTESIAN_POINT('',(-81.62140952125,342.89999485015,
    -47.74616517812));
#5131 = CARTESIAN_POINT('',(-75.75942939824,342.89999485015,
    -61.5848045034));
#5132 = CARTESIAN_POINT('',(-60.67960422976,342.89999485015,
    -84.6989435455));
#5133 = CARTESIAN_POINT('',(-51.59121472565,342.89999485015,
    -94.09013374401));
#5134 = CARTESIAN_POINT('',(-31.26908884969,342.89999485015,
    -108.00102787));
#5135 = CARTESIAN_POINT('',(-19.99253529733,342.89999485015,
    -112.328001876));
#5136 = CARTESIAN_POINT('',(-7.349906869964,342.89999485015,
    -113.9166389346));
#5137 = CARTESIAN_POINT('',(-6.118963742207,342.89999485015,
    -114.0376533717));
#5138 = CARTESIAN_POINT('',(-4.886837969173,342.89999485015,
    -114.1253122167));
#5139 = PCURVE('',#5050,#5140);
#5140 = DEFINITIONAL_REPRESENTATION('',(#5141),#5154);
#5141 = B_SPLINE_CURVE_WITH_KNOTS('',3,(#5142,#5143,#5144,#5145,#5146,
    #5147,#5148,#5149,#5150,#5151,#5152,#5153),.UNSPECIFIED.,.F.,.F.,(4,
    2,2,2,2,4),(-15.89093627549,-12.88749755669,-8.709226760865,
    -4.660714527888,-0.453033671214,1.7763568394E-15),.UNSPECIFIED.);
#5142 = CARTESIAN_POINT('',(88.899998664856,177.79999694824));
#5143 = CARTESIAN_POINT('',(100.04287835577,177.79999694824));
#5144 = CARTESIAN_POINT('',(111.18396747053,176.51372328066));
#5145 = CARTESIAN_POINT('',(136.64616384297,170.52140799537));
#5146 = CARTESIAN_POINT('',(150.48480316825,164.65942787236));
#5147 = CARTESIAN_POINT('',(173.59894221035,149.57960270388));
#5148 = CARTESIAN_POINT('',(182.99013240886,140.49121319977));
#5149 = CARTESIAN_POINT('',(196.90102653485,120.16908732381));
#5150 = CARTESIAN_POINT('',(201.22800054085,108.89253377145));
#5151 = CARTESIAN_POINT('',(202.81663759945,96.249905344085));
#5152 = CARTESIAN_POINT('',(202.93765203655,95.018962216328));
#5153 = CARTESIAN_POINT('',(203.02531088155,93.786836443294));
#5154 = ( GEOMETRIC_REPRESENTATION_CONTEXT(2) 
PARAMETRIC_REPRESENTATION_CONTEXT() REPRESENTATION_CONTEXT('2D SPACE',''
  ) );
#5155 = PCURVE('',#5156,#5189);
#5156 = B_SPLINE_SURFACE_WITH_KNOTS('',3,1,(
    (#5157,#5158)
    ,(#5159,#5160)
    ,(#5161,#5162)
    ,(#5163,#5164)
    ,(#5165,#5166)
    ,(#5167,#5168)
    ,(#5169,#5170)
    ,(#5171,#5172)
    ,(#5173,#5174)
    ,(#5175,#5176)
    ,(#5177,#5178)
    ,(#5179,#5180)
    ,(#5181,#5182)
    ,(#5183,#5184)
    ,(#5185,#5186)
    ,(#5187,#5188
    )),.UNSPECIFIED.,.F.,.F.,.F.,(4,3,3,3,3,4),(2,2),(-1.570796326795,
    -1.284690202022,-0.886670139828,-0.501010815792,-0.100189165377,
    -5.703339620786E-02),(0.,15.24),.UNSPECIFIED.);
#5157 = CARTESIAN_POINT('',(-88.89999847412,355.6,-7.154386483827E-15));
#5158 = CARTESIAN_POINT('',(-88.89999847412,203.2,-7.154386483827E-15));
#5159 = CARTESIAN_POINT('',(-88.89999847412,355.6,-11.14287969092));
#5160 = CARTESIAN_POINT('',(-88.89999847412,203.2,-11.14287969092));
#5161 = CARTESIAN_POINT('',(-87.61372480654,355.6,-22.28396880568));
#5162 = CARTESIAN_POINT('',(-87.61372480654,203.2,-22.28396880568));
#5163 = CARTESIAN_POINT('',(-85.10769867079,355.6,-32.93242879904));
#5164 = CARTESIAN_POINT('',(-85.10769867079,203.2,-32.93242879904));
#5165 = CARTESIAN_POINT('',(-81.62140952125,355.6,-47.74616517812));
#5166 = CARTESIAN_POINT('',(-81.62140952125,203.2,-47.74616517812));
#5167 = CARTESIAN_POINT('',(-75.75942939824,355.6,-61.5848045034));
#5168 = CARTESIAN_POINT('',(-75.75942939824,203.2,-61.5848045034));
#5169 = CARTESIAN_POINT('',(-68.10059205112,355.6,-73.32416018984));
#5170 = CARTESIAN_POINT('',(-68.10059205112,203.2,-73.32416018984));
#5171 = CARTESIAN_POINT('',(-60.67960422976,355.6,-84.6989435455));
#5172 = CARTESIAN_POINT('',(-60.67960422976,203.2,-84.6989435455));
#5173 = CARTESIAN_POINT('',(-51.59121472565,355.6,-94.09013374401));
#5174 = CARTESIAN_POINT('',(-51.59121472565,203.2,-94.09013374401));
#5175 = CARTESIAN_POINT('',(-41.62604381509,355.6,-100.9114888685));
#5176 = CARTESIAN_POINT('',(-41.62604381509,203.2,-100.9114888685));
#5177 = CARTESIAN_POINT('',(-31.26908884969,355.6,-108.00102787));
#5178 = CARTESIAN_POINT('',(-31.26908884969,203.2,-108.00102787));
#5179 = CARTESIAN_POINT('',(-19.99253529733,355.6,-112.328001876));
#5180 = CARTESIAN_POINT('',(-19.99253529733,203.2,-112.328001876));
#5181 = CARTESIAN_POINT('',(-8.578803498577,355.6,-113.7622192475));
#5182 = CARTESIAN_POINT('',(-8.578803498577,203.2,-113.7622192475));
#5183 = CARTESIAN_POINT('',(-7.349906869964,355.6,-113.9166389346));
#5184 = CARTESIAN_POINT('',(-7.349906869964,203.2,-113.9166389346));
#5185 = CARTESIAN_POINT('',(-6.118963742207,355.6,-114.0376533717));
#5186 = CARTESIAN_POINT('',(-6.118963742207,203.2,-114.0376533717));
#5187 = CARTESIAN_POINT('',(-4.886837969173,355.6,-114.1253122167));
#5188 = CARTESIAN_POINT('',(-4.886837969173,203.2,-114.1253122167));
#5189 = DEFINITIONAL_REPRESENTATION('',(#5190),#5193);
#5190 = B_SPLINE_CURVE_WITH_KNOTS('',1,(#5191,#5192),.UNSPECIFIED.,.F.,
  .F.,(2,2),(-15.89093627549,1.7763568394E-15),
  .PIECEWISE_BEZIER_KNOTS.);
#5191 = CARTESIAN_POINT('',(-1.570796326795,1.270000514984));
#5192 = CARTESIAN_POINT('',(-5.703339620786E-02,1.270000514984));
#5193 = ( GEOMETRIC_REPRESENTATION_CONTEXT(2) 
PARAMETRIC_REPRESENTATION_CONTEXT() REPRESENTATION_CONTEXT('2D SPACE',''
  ) );
#5194 = ORIENTED_EDGE('',*,*,#5195,.T.);
#5195 = EDGE_CURVE('',#5123,#5196,#5198,.T.);
#5196 = VERTEX_POINT('',#5197);
#5197 = CARTESIAN_POINT('',(-88.89999836485,342.8999948504,
    101.60117605526));
#5198 = SURFACE_CURVE('',#5199,(#5203,#5210),.PCURVE_S1.);
#5199 = LINE('',#5200,#5201);
#5200 = CARTESIAN_POINT('',(-88.89999847412,342.89999485015,
    95.249998378754));
#5201 = VECTOR('',#5202,1.);
#5202 = DIRECTION('',(1.735239660539E-16,0.,1.));
#5203 = PCURVE('',#5050,#5204);
#5204 = DEFINITIONAL_REPRESENTATION('',(#5205),#5209);
#5205 = LINE('',#5206,#5207);
#5206 = CARTESIAN_POINT('',(-6.349999713898,177.79999694824));
#5207 = VECTOR('',#5208,1.);
#5208 = DIRECTION('',(-1.,-3.483622409307E-16));
#5209 = ( GEOMETRIC_REPRESENTATION_CONTEXT(2) 
PARAMETRIC_REPRESENTATION_CONTEXT() REPRESENTATION_CONTEXT('2D SPACE',''
  ) );
#5210 = PCURVE('',#5211,#5216);
#5211 = PLANE('',#5212);
#5212 = AXIS2_PLACEMENT_3D('',#5213,#5214,#5215);
#5213 = CARTESIAN_POINT('',(-88.89999847412,355.6,101.59999809265));
#5214 = DIRECTION('',(-1.,0.,1.735239660539E-16));
#5215 = DIRECTION('',(-1.735239660539E-16,0.,-1.));
#5216 = DEFINITIONAL_REPRESENTATION('',(#5217),#5221);
#5217 = LINE('',#5218,#5219);
#5218 = CARTESIAN_POINT('',(6.349999713896,12.70000514985));
#5219 = VECTOR('',#5220,1.);
#5220 = DIRECTION('',(-1.,0.));
#5221 = ( GEOMETRIC_REPRESENTATION_CONTEXT(2) 
PARAMETRIC_REPRESENTATION_CONTEXT() REPRESENTATION_CONTEXT('2D SPACE',''
  ) );
#5222 = ORIENTED_EDGE('',*,*,#5223,.F.);
#5223 = EDGE_CURVE('',#5224,#5196,#5226,.T.);
#5224 = VERTEX_POINT('',#5225);
#5225 = CARTESIAN_POINT('',(-78.73837792168,342.89999485015,
    101.60219205116));
#5226 = SURFACE_CURVE('',#5227,(#5231,#5238),.PCURVE_S1.);
#5227 = LINE('',#5228,#5229);
#5228 = CARTESIAN_POINT('',(-88.89837792039,342.89999485015,
    101.6023541021));
#5229 = VECTOR('',#5230,1.);
#5230 = DIRECTION('',(-0.999999999873,0.,1.594989597273E-05));
#5231 = PCURVE('',#5050,#5232);
#5232 = DEFINITIONAL_REPRESENTATION('',(#5233),#5237);
#5233 = LINE('',#5234,#5235);
#5234 = CARTESIAN_POINT('',(-12.70235543724,177.79837639451));
#5235 = VECTOR('',#5236,1.);
#5236 = DIRECTION('',(-1.59498959729E-05,0.999999999873));
#5237 = ( GEOMETRIC_REPRESENTATION_CONTEXT(2) 
PARAMETRIC_REPRESENTATION_CONTEXT() REPRESENTATION_CONTEXT('2D SPACE',''
  ) );
#5238 = PCURVE('',#4938,#5239);
#5239 = DEFINITIONAL_REPRESENTATION('',(#5240),#5244);
#5240 = LINE('',#5241,#5242);
#5241 = CARTESIAN_POINT('',(0.,0.));
#5242 = VECTOR('',#5243,1.);
#5243 = DIRECTION('',(-1.,0.));
#5244 = ( GEOMETRIC_REPRESENTATION_CONTEXT(2) 
PARAMETRIC_REPRESENTATION_CONTEXT() REPRESENTATION_CONTEXT('2D SPACE',''
  ) );
#5245 = ORIENTED_EDGE('',*,*,#5246,.F.);
#5246 = EDGE_CURVE('',#5005,#5224,#5247,.T.);
#5247 = SURFACE_CURVE('',#5248,(#5252,#5259),.PCURVE_S1.);
#5248 = LINE('',#5249,#5250);
#5249 = CARTESIAN_POINT('',(-78.73999843111,342.89999485015,
    2.192064086176E-03));
#5250 = VECTOR('',#5251,1.);
#5251 = DIRECTION('',(1.594989597266E-05,0.,0.999999999873));
#5252 = PCURVE('',#5050,#5253);
#5253 = DEFINITIONAL_REPRESENTATION('',(#5254),#5258);
#5254 = LINE('',#5255,#5256);
#5255 = CARTESIAN_POINT('',(88.89780660077,167.63999690523));
#5256 = VECTOR('',#5257,1.);
#5257 = DIRECTION('',(-0.999999999873,-1.594989597283E-05));
#5258 = ( GEOMETRIC_REPRESENTATION_CONTEXT(2) 
PARAMETRIC_REPRESENTATION_CONTEXT() REPRESENTATION_CONTEXT('2D SPACE',''
  ) );
#5259 = PCURVE('',#4910,#5260);
#5260 = DEFINITIONAL_REPRESENTATION('',(#5261),#5265);
#5261 = LINE('',#5262,#5263);
#5262 = CARTESIAN_POINT('',(0.635,0.));
#5263 = VECTOR('',#5264,1.);
#5264 = DIRECTION('',(0.,1.));
#5265 = ( GEOMETRIC_REPRESENTATION_CONTEXT(2) 
PARAMETRIC_REPRESENTATION_CONTEXT() REPRESENTATION_CONTEXT('2D SPACE',''
  ) );
#5266 = ADVANCED_FACE('',(#5267),#5156,.F.);
#5267 = FACE_BOUND('',#5268,.F.);
#5268 = EDGE_LOOP('',(#5269,#5291,#5354));
#5269 = ORIENTED_EDGE('',*,*,#5270,.F.);
#5270 = EDGE_CURVE('',#5271,#5123,#5273,.T.);
#5271 = VERTEX_POINT('',#5272);
#5272 = CARTESIAN_POINT('',(-88.89999847412,342.9,-3.552713678801E-14));
#5273 = SURFACE_CURVE('',#5274,(#5278,#5284),.PCURVE_S1.);
#5274 = LINE('',#5275,#5276);
#5275 = CARTESIAN_POINT('',(-88.89999847412,355.6,1.15733160902E-14));
#5276 = VECTOR('',#5277,1.);
#5277 = DIRECTION('',(0.,-1.,0.));
#5278 = PCURVE('',#5156,#5279);
#5279 = DEFINITIONAL_REPRESENTATION('',(#5280),#5283);
#5280 = B_SPLINE_CURVE_WITH_KNOTS('',1,(#5281,#5282),.UNSPECIFIED.,.F.,
  .F.,(2,2),(0.,12.700005149841),.PIECEWISE_BEZIER_KNOTS.);
#5281 = CARTESIAN_POINT('',(-1.570796326795,-4.528061953168E-15));
#5282 = CARTESIAN_POINT('',(-1.570796326795,1.270000514984));
#5283 = ( GEOMETRIC_REPRESENTATION_CONTEXT(2) 
PARAMETRIC_REPRESENTATION_CONTEXT() REPRESENTATION_CONTEXT('2D SPACE',''
  ) );
#5284 = PCURVE('',#5211,#5285);
#5285 = DEFINITIONAL_REPRESENTATION('',(#5286),#5290);
#5286 = LINE('',#5287,#5288);
#5287 = CARTESIAN_POINT('',(101.59999809265,0.));
#5288 = VECTOR('',#5289,1.);
#5289 = DIRECTION('',(-0.,1.));
#5290 = ( GEOMETRIC_REPRESENTATION_CONTEXT(2) 
PARAMETRIC_REPRESENTATION_CONTEXT() REPRESENTATION_CONTEXT('2D SPACE',''
  ) );
#5291 = ORIENTED_EDGE('',*,*,#5292,.T.);
#5292 = EDGE_CURVE('',#5271,#5100,#5293,.T.);
#5293 = SURFACE_CURVE('',#5294,(#5307,#5314),.PCURVE_S1.);
#5294 = B_SPLINE_CURVE_WITH_KNOTS('',3,(#5295,#5296,#5297,#5298,#5299,
    #5300,#5301,#5302,#5303,#5304,#5305,#5306),.UNSPECIFIED.,.F.,.F.,(4,
    2,2,2,2,4),(-1.570796326795,-1.284690202022,-0.886670139828,
    -0.501010815792,-0.100189165377,-5.703339620786E-02),.UNSPECIFIED.);
#5295 = CARTESIAN_POINT('',(-88.89999847412,342.9,-7.154386483827E-15));
#5296 = CARTESIAN_POINT('',(-88.89999847412,342.9,-11.14287969092));
#5297 = CARTESIAN_POINT('',(-87.61372480654,342.9,-22.28396880568));
#5298 = CARTESIAN_POINT('',(-81.62140952125,342.9,-47.74616517812));
#5299 = CARTESIAN_POINT('',(-75.75942939824,342.9,-61.5848045034));
#5300 = CARTESIAN_POINT('',(-60.67960422976,342.9,-84.6989435455));
#5301 = CARTESIAN_POINT('',(-51.59121472565,342.9,-94.09013374401));
#5302 = CARTESIAN_POINT('',(-31.26908884969,342.9,-108.00102787));
#5303 = CARTESIAN_POINT('',(-19.99253529733,342.9,-112.328001876));
#5304 = CARTESIAN_POINT('',(-7.349906869964,342.9,-113.9166389346));
#5305 = CARTESIAN_POINT('',(-6.118963742207,342.9,-114.0376533717));
#5306 = CARTESIAN_POINT('',(-4.886837969173,342.9,-114.1253122167));
#5307 = PCURVE('',#5156,#5308);
#5308 = DEFINITIONAL_REPRESENTATION('',(#5309),#5313);
#5309 = B_SPLINE_CURVE_WITH_KNOTS('',2,(#5310,#5311,#5312),
  .UNSPECIFIED.,.F.,.F.,(3,3),(-1.570796326795,-0.532189934521),
  .PIECEWISE_BEZIER_KNOTS.);
#5310 = CARTESIAN_POINT('',(-1.570796326795,1.27));
#5311 = CARTESIAN_POINT('',(-1.051493130658,1.27));
#5312 = CARTESIAN_POINT('',(-0.532189934521,1.27));
#5313 = ( GEOMETRIC_REPRESENTATION_CONTEXT(2) 
PARAMETRIC_REPRESENTATION_CONTEXT() REPRESENTATION_CONTEXT('2D SPACE',''
  ) );
#5314 = PCURVE('',#5315,#5348);
#5315 = B_SPLINE_SURFACE_WITH_KNOTS('',3,1,(
    (#5316,#5317)
    ,(#5318,#5319)
    ,(#5320,#5321)
    ,(#5322,#5323)
    ,(#5324,#5325)
    ,(#5326,#5327)
    ,(#5328,#5329)
    ,(#5330,#5331)
    ,(#5332,#5333)
    ,(#5334,#5335)
    ,(#5336,#5337)
    ,(#5338,#5339)
    ,(#5340,#5341)
    ,(#5342,#5343)
    ,(#5344,#5345)
    ,(#5346,#5347
    )),.UNSPECIFIED.,.F.,.F.,.F.,(4,3,3,3,3,4),(2,2),(-1.570796326795,
    -1.284690202022,-0.886670139828,-0.501010815792,-0.100189165377,
    -5.703339620786E-02),(0.,15.24),.UNSPECIFIED.);
#5316 = CARTESIAN_POINT('',(-88.89999847412,355.6,-7.154386483827E-15));
#5317 = CARTESIAN_POINT('',(-88.89999847412,203.2,-7.154386483827E-15));
#5318 = CARTESIAN_POINT('',(-88.89999847412,355.6,-11.14287969092));
#5319 = CARTESIAN_POINT('',(-88.89999847412,203.2,-11.14287969092));
#5320 = CARTESIAN_POINT('',(-87.61372480654,355.6,-22.28396880568));
#5321 = CARTESIAN_POINT('',(-87.61372480654,203.2,-22.28396880568));
#5322 = CARTESIAN_POINT('',(-85.10769867079,355.6,-32.93242879904));
#5323 = CARTESIAN_POINT('',(-85.10769867079,203.2,-32.93242879904));
#5324 = CARTESIAN_POINT('',(-81.62140952125,355.6,-47.74616517812));
#5325 = CARTESIAN_POINT('',(-81.62140952125,203.2,-47.74616517812));
#5326 = CARTESIAN_POINT('',(-75.75942939824,355.6,-61.5848045034));
#5327 = CARTESIAN_POINT('',(-75.75942939824,203.2,-61.5848045034));
#5328 = CARTESIAN_POINT('',(-68.10059205112,355.6,-73.32416018984));
#5329 = CARTESIAN_POINT('',(-68.10059205112,203.2,-73.32416018984));
#5330 = CARTESIAN_POINT('',(-60.67960422976,355.6,-84.6989435455));
#5331 = CARTESIAN_POINT('',(-60.67960422976,203.2,-84.6989435455));
#5332 = CARTESIAN_POINT('',(-51.59121472565,355.6,-94.09013374401));
#5333 = CARTESIAN_POINT('',(-51.59121472565,203.2,-94.09013374401));
#5334 = CARTESIAN_POINT('',(-41.62604381509,355.6,-100.9114888685));
#5335 = CARTESIAN_POINT('',(-41.62604381509,203.2,-100.9114888685));
#5336 = CARTESIAN_POINT('',(-31.26908884969,355.6,-108.00102787));
#5337 = CARTESIAN_POINT('',(-31.26908884969,203.2,-108.00102787));
#5338 = CARTESIAN_POINT('',(-19.99253529733,355.6,-112.328001876));
#5339 = CARTESIAN_POINT('',(-19.99253529733,203.2,-112.328001876));
#5340 = CARTESIAN_POINT('',(-8.578803498577,355.6,-113.7622192475));
#5341 = CARTESIAN_POINT('',(-8.578803498577,203.2,-113.7622192475));
#5342 = CARTESIAN_POINT('',(-7.349906869964,355.6,-113.9166389346));
#5343 = CARTESIAN_POINT('',(-7.349906869964,203.2,-113.9166389346));
#5344 = CARTESIAN_POINT('',(-6.118963742207,355.6,-114.0376533717));
#5345 = CARTESIAN_POINT('',(-6.118963742207,203.2,-114.0376533717));
#5346 = CARTESIAN_POINT('',(-4.886837969173,355.6,-114.1253122167));
#5347 = CARTESIAN_POINT('',(-4.886837969173,203.2,-114.1253122167));
#5348 = DEFINITIONAL_REPRESENTATION('',(#5349),#5353);
#5349 = B_SPLINE_CURVE_WITH_KNOTS('',2,(#5350,#5351,#5352),
  .UNSPECIFIED.,.F.,.F.,(3,3),(-1.570796326795,-0.532189934521),
  .PIECEWISE_BEZIER_KNOTS.);
#5350 = CARTESIAN_POINT('',(-1.570796326795,1.27));
#5351 = CARTESIAN_POINT('',(-1.051493130658,1.27));
#5352 = CARTESIAN_POINT('',(-0.532189934521,1.27));
#5353 = ( GEOMETRIC_REPRESENTATION_CONTEXT(2) 
PARAMETRIC_REPRESENTATION_CONTEXT() REPRESENTATION_CONTEXT('2D SPACE',''
  ) );
#5354 = ORIENTED_EDGE('',*,*,#5122,.F.);
#5355 = ADVANCED_FACE('',(#5356),#5315,.F.);
#5356 = FACE_BOUND('',#5357,.F.);
#5357 = EDGE_LOOP('',(#5358,#5384,#5449,#5492));
#5358 = ORIENTED_EDGE('',*,*,#5359,.F.);
#5359 = EDGE_CURVE('',#5360,#5271,#5362,.T.);
#5360 = VERTEX_POINT('',#5361);
#5361 = CARTESIAN_POINT('',(-88.89999847412,347.98,-3.918523491797E-14)
  );
#5362 = SURFACE_CURVE('',#5363,(#5367,#5373),.PCURVE_S1.);
#5363 = LINE('',#5364,#5365);
#5364 = CARTESIAN_POINT('',(-88.89999847412,347.98,-3.918523491797E-14)
  );
#5365 = VECTOR('',#5366,1.);
#5366 = DIRECTION('',(0.,-1.,0.));
#5367 = PCURVE('',#5315,#5368);
#5368 = DEFINITIONAL_REPRESENTATION('',(#5369),#5372);
#5369 = B_SPLINE_CURVE_WITH_KNOTS('',1,(#5370,#5371),.UNSPECIFIED.,.F.,
  .F.,(2,2),(0.,5.08),.PIECEWISE_BEZIER_KNOTS.);
#5370 = CARTESIAN_POINT('',(-1.570796326795,0.762));
#5371 = CARTESIAN_POINT('',(-1.570796326795,1.27));
#5372 = ( GEOMETRIC_REPRESENTATION_CONTEXT(2) 
PARAMETRIC_REPRESENTATION_CONTEXT() REPRESENTATION_CONTEXT('2D SPACE',''
  ) );
#5373 = PCURVE('',#5374,#5379);
#5374 = B_SPLINE_SURFACE_WITH_KNOTS('',1,1,(
    (#5375,#5376)
    ,(#5377,#5378
    )),.UNSPECIFIED.,.F.,.F.,.F.,(2,2),(2,2),(0.,4.44451453768E-02),(0.,
    2.911353669098E-04),.PIECEWISE_BEZIER_KNOTS.);
#5375 = CARTESIAN_POINT('',(-88.89999847412,347.98,2.426128057517E-03));
#5376 = CARTESIAN_POINT('',(-88.89999847412,347.98,-4.852256115809E-04)
  );
#5377 = CARTESIAN_POINT('',(-88.89999847412,342.9,2.426128057517E-03));
#5378 = CARTESIAN_POINT('',(-88.89999847412,342.9,-4.852256115809E-04));
#5379 = DEFINITIONAL_REPRESENTATION('',(#5380),#5383);
#5380 = B_SPLINE_CURVE_WITH_KNOTS('',1,(#5381,#5382),.UNSPECIFIED.,.F.,
  .F.,(2,2),(0.,5.08),.PIECEWISE_BEZIER_KNOTS.);
#5381 = CARTESIAN_POINT('',(-2.190732133461E-16,2.426128057557E-04));
#5382 = CARTESIAN_POINT('',(4.44451453768E-02,2.426128057557E-04));
#5383 = ( GEOMETRIC_REPRESENTATION_CONTEXT(2) 
PARAMETRIC_REPRESENTATION_CONTEXT() REPRESENTATION_CONTEXT('2D SPACE',''
  ) );
#5384 = ORIENTED_EDGE('',*,*,#5385,.T.);
#5385 = EDGE_CURVE('',#5360,#5386,#5388,.T.);
#5386 = VERTEX_POINT('',#5387);
#5387 = CARTESIAN_POINT('',(-44.02537455308,347.98,-99.206965));
#5388 = SURFACE_CURVE('',#5389,(#5402,#5409),.PCURVE_S1.);
#5389 = B_SPLINE_CURVE_WITH_KNOTS('',3,(#5390,#5391,#5392,#5393,#5394,
    #5395,#5396,#5397,#5398,#5399,#5400,#5401),.UNSPECIFIED.,.F.,.F.,(4,
    2,2,2,2,4),(-1.570796326795,-1.284690202022,-0.886670139828,
    -0.501010815792,-0.100189165377,-5.703339620786E-02),.UNSPECIFIED.);
#5390 = CARTESIAN_POINT('',(-88.89999847412,347.98,-7.154386483827E-15)
  );
#5391 = CARTESIAN_POINT('',(-88.89999847412,347.98,-11.14287969092));
#5392 = CARTESIAN_POINT('',(-87.61372480654,347.98,-22.28396880568));
#5393 = CARTESIAN_POINT('',(-81.62140952125,347.98,-47.74616517812));
#5394 = CARTESIAN_POINT('',(-75.75942939824,347.98,-61.5848045034));
#5395 = CARTESIAN_POINT('',(-60.67960422976,347.98,-84.6989435455));
#5396 = CARTESIAN_POINT('',(-51.59121472565,347.98,-94.09013374401));
#5397 = CARTESIAN_POINT('',(-31.26908884969,347.98,-108.00102787));
#5398 = CARTESIAN_POINT('',(-19.99253529733,347.98,-112.328001876));
#5399 = CARTESIAN_POINT('',(-7.349906869964,347.98,-113.9166389346));
#5400 = CARTESIAN_POINT('',(-6.118963742207,347.98,-114.0376533717));
#5401 = CARTESIAN_POINT('',(-4.886837969173,347.98,-114.1253122167));
#5402 = PCURVE('',#5315,#5403);
#5403 = DEFINITIONAL_REPRESENTATION('',(#5404),#5408);
#5404 = B_SPLINE_CURVE_WITH_KNOTS('',2,(#5405,#5406,#5407),
  .UNSPECIFIED.,.F.,.F.,(3,3),(-1.570796326795,-0.532189934521),
  .PIECEWISE_BEZIER_KNOTS.);
#5405 = CARTESIAN_POINT('',(-1.570796326795,0.762));
#5406 = CARTESIAN_POINT('',(-1.051493130658,0.762));
#5407 = CARTESIAN_POINT('',(-0.532189934521,0.762));
#5408 = ( GEOMETRIC_REPRESENTATION_CONTEXT(2) 
PARAMETRIC_REPRESENTATION_CONTEXT() REPRESENTATION_CONTEXT('2D SPACE',''
  ) );
#5409 = PCURVE('',#5410,#5443);
#5410 = B_SPLINE_SURFACE_WITH_KNOTS('',3,1,(
    (#5411,#5412)
    ,(#5413,#5414)
    ,(#5415,#5416)
    ,(#5417,#5418)
    ,(#5419,#5420)
    ,(#5421,#5422)
    ,(#5423,#5424)
    ,(#5425,#5426)
    ,(#5427,#5428)
    ,(#5429,#5430)
    ,(#5431,#5432)
    ,(#5433,#5434)
    ,(#5435,#5436)
    ,(#5437,#5438)
    ,(#5439,#5440)
    ,(#5441,#5442
    )),.UNSPECIFIED.,.F.,.F.,.F.,(4,3,3,3,3,4),(2,2),(-1.570796326795,
    -1.284690202022,-0.886670139828,-0.501010815792,-0.100189165377,
    -5.703339620786E-02),(0.,15.24),.UNSPECIFIED.);
#5411 = CARTESIAN_POINT('',(-88.89999847412,355.6,-7.154386483827E-15));
#5412 = CARTESIAN_POINT('',(-88.89999847412,203.2,-7.154386483827E-15));
#5413 = CARTESIAN_POINT('',(-88.89999847412,355.6,-11.14287969092));
#5414 = CARTESIAN_POINT('',(-88.89999847412,203.2,-11.14287969092));
#5415 = CARTESIAN_POINT('',(-87.61372480654,355.6,-22.28396880568));
#5416 = CARTESIAN_POINT('',(-87.61372480654,203.2,-22.28396880568));
#5417 = CARTESIAN_POINT('',(-85.10769867079,355.6,-32.93242879904));
#5418 = CARTESIAN_POINT('',(-85.10769867079,203.2,-32.93242879904));
#5419 = CARTESIAN_POINT('',(-81.62140952125,355.6,-47.74616517812));
#5420 = CARTESIAN_POINT('',(-81.62140952125,203.2,-47.74616517812));
#5421 = CARTESIAN_POINT('',(-75.75942939824,355.6,-61.5848045034));
#5422 = CARTESIAN_POINT('',(-75.75942939824,203.2,-61.5848045034));
#5423 = CARTESIAN_POINT('',(-68.10059205112,355.6,-73.32416018984));
#5424 = CARTESIAN_POINT('',(-68.10059205112,203.2,-73.32416018984));
#5425 = CARTESIAN_POINT('',(-60.67960422976,355.6,-84.6989435455));
#5426 = CARTESIAN_POINT('',(-60.67960422976,203.2,-84.6989435455));
#5427 = CARTESIAN_POINT('',(-51.59121472565,355.6,-94.09013374401));
#5428 = CARTESIAN_POINT('',(-51.59121472565,203.2,-94.09013374401));
#5429 = CARTESIAN_POINT('',(-41.62604381509,355.6,-100.9114888685));
#5430 = CARTESIAN_POINT('',(-41.62604381509,203.2,-100.9114888685));
#5431 = CARTESIAN_POINT('',(-31.26908884969,355.6,-108.00102787));
#5432 = CARTESIAN_POINT('',(-31.26908884969,203.2,-108.00102787));
#5433 = CARTESIAN_POINT('',(-19.99253529733,355.6,-112.328001876));
#5434 = CARTESIAN_POINT('',(-19.99253529733,203.2,-112.328001876));
#5435 = CARTESIAN_POINT('',(-8.578803498577,355.6,-113.7622192475));
#5436 = CARTESIAN_POINT('',(-8.578803498577,203.2,-113.7622192475));
#5437 = CARTESIAN_POINT('',(-7.349906869964,355.6,-113.9166389346));
#5438 = CARTESIAN_POINT('',(-7.349906869964,203.2,-113.9166389346));
#5439 = CARTESIAN_POINT('',(-6.118963742207,355.6,-114.0376533717));
#5440 = CARTESIAN_POINT('',(-6.118963742207,203.2,-114.0376533717));
#5441 = CARTESIAN_POINT('',(-4.886837969173,355.6,-114.1253122167));
#5442 = CARTESIAN_POINT('',(-4.886837969173,203.2,-114.1253122167));
#5443 = DEFINITIONAL_REPRESENTATION('',(#5444),#5448);
#5444 = B_SPLINE_CURVE_WITH_KNOTS('',2,(#5445,#5446,#5447),
  .UNSPECIFIED.,.F.,.F.,(3,3),(-1.570796326795,-0.532189934521),
  .PIECEWISE_BEZIER_KNOTS.);
#5445 = CARTESIAN_POINT('',(-1.570796326795,0.762));
#5446 = CARTESIAN_POINT('',(-1.051493130658,0.762));
#5447 = CARTESIAN_POINT('',(-0.532189934521,0.762));
#5448 = ( GEOMETRIC_REPRESENTATION_CONTEXT(2) 
PARAMETRIC_REPRESENTATION_CONTEXT() REPRESENTATION_CONTEXT('2D SPACE',''
  ) );
#5449 = ORIENTED_EDGE('',*,*,#5450,.T.);
#5450 = EDGE_CURVE('',#5386,#5100,#5451,.T.);
#5451 = SURFACE_CURVE('',#5452,(#5467,#5474),.PCURVE_S1.);
#5452 = B_SPLINE_CURVE_WITH_KNOTS('',4,(#5453,#5454,#5455,#5456,#5457,
    #5458,#5459,#5460,#5461,#5462,#5463,#5464,#5465,#5466),
  .UNSPECIFIED.,.F.,.F.,(5,3,3,3,5),(0.,0.25,0.5,0.75,1.),
  .UNSPECIFIED.);
#5453 = CARTESIAN_POINT('',(-44.02537455308,347.98,-99.206965));
#5454 = CARTESIAN_POINT('',(-44.02537455308,347.662499625,-99.206965));
#5455 = CARTESIAN_POINT('',(-44.02537455308,347.34499925,-99.206965));
#5456 = CARTESIAN_POINT('',(-44.02537455308,347.027498875,-99.206965));
#5457 = CARTESIAN_POINT('',(-44.02537455308,346.392498125,-99.206965));
#5458 = CARTESIAN_POINT('',(-44.02537455308,346.07499775,-99.206965));
#5459 = CARTESIAN_POINT('',(-44.02537455308,345.757497375,-99.206965));
#5460 = CARTESIAN_POINT('',(-44.02537455308,345.122496625,-99.206965));
#5461 = CARTESIAN_POINT('',(-44.02537455308,344.80499625,-99.206965));
#5462 = CARTESIAN_POINT('',(-44.02537455308,344.487495875,-99.206965));
#5463 = CARTESIAN_POINT('',(-44.02537455308,343.852495125,-99.206965));
#5464 = CARTESIAN_POINT('',(-44.02537455308,343.53499475,-99.206965));
#5465 = CARTESIAN_POINT('',(-44.02537455308,343.217494375,-99.206965));
#5466 = CARTESIAN_POINT('',(-44.02537455308,342.899994,-99.206965));
#5467 = PCURVE('',#5315,#5468);
#5468 = DEFINITIONAL_REPRESENTATION('',(#5469),#5473);
#5469 = B_SPLINE_CURVE_WITH_KNOTS('',2,(#5470,#5471,#5472),
  .UNSPECIFIED.,.F.,.F.,(3,3),(0.,0.999998854527),
  .PIECEWISE_BEZIER_KNOTS.);
#5470 = CARTESIAN_POINT('',(-0.532189934521,0.762));
#5471 = CARTESIAN_POINT('',(-0.532189934521,1.016));
#5472 = CARTESIAN_POINT('',(-0.532189934521,1.27));
#5473 = ( GEOMETRIC_REPRESENTATION_CONTEXT(2) 
PARAMETRIC_REPRESENTATION_CONTEXT() REPRESENTATION_CONTEXT('2D SPACE',''
  ) );
#5474 = PCURVE('',#611,#5475);
#5475 = DEFINITIONAL_REPRESENTATION('',(#5476),#5491);
#5476 = B_SPLINE_CURVE_WITH_KNOTS('',4,(#5477,#5478,#5479,#5480,#5481,
    #5482,#5483,#5484,#5485,#5486,#5487,#5488,#5489,#5490),
  .UNSPECIFIED.,.F.,.F.,(5,3,3,3,5),(0.,0.25,0.5,0.75,1.),
  .UNSPECIFIED.);
#5477 = CARTESIAN_POINT('',(185.32158832652,69.5941));
#5478 = CARTESIAN_POINT('',(185.32158832652,69.276599625));
#5479 = CARTESIAN_POINT('',(185.32158832652,68.95909925));
#5480 = CARTESIAN_POINT('',(185.32158832652,68.641598875));
#5481 = CARTESIAN_POINT('',(185.32158832652,68.006598125));
#5482 = CARTESIAN_POINT('',(185.32158832652,67.68909775));
#5483 = CARTESIAN_POINT('',(185.32158832652,67.371597375));
#5484 = CARTESIAN_POINT('',(185.32158832652,66.736596625));
#5485 = CARTESIAN_POINT('',(185.32158832652,66.41909625));
#5486 = CARTESIAN_POINT('',(185.32158832652,66.101595875));
#5487 = CARTESIAN_POINT('',(185.32158832652,65.466595125));
#5488 = CARTESIAN_POINT('',(185.32158832652,65.14909475));
#5489 = CARTESIAN_POINT('',(185.32158832652,64.831594375));
#5490 = CARTESIAN_POINT('',(185.32158832652,64.514094));
#5491 = ( GEOMETRIC_REPRESENTATION_CONTEXT(2) 
PARAMETRIC_REPRESENTATION_CONTEXT() REPRESENTATION_CONTEXT('2D SPACE',''
  ) );
#5492 = ORIENTED_EDGE('',*,*,#5292,.F.);
#5493 = ADVANCED_FACE('',(#5494),#5410,.F.);
#5494 = FACE_BOUND('',#5495,.F.);
#5495 = EDGE_LOOP('',(#5496,#5523,#5569,#5623));
#5496 = ORIENTED_EDGE('',*,*,#5497,.F.);
#5497 = EDGE_CURVE('',#5498,#5360,#5500,.T.);
#5498 = VERTEX_POINT('',#5499);
#5499 = CARTESIAN_POINT('',(-88.89999847412,355.6,5.004159976092E-10));
#5500 = SURFACE_CURVE('',#5501,(#5505,#5511),.PCURVE_S1.);
#5501 = LINE('',#5502,#5503);
#5502 = CARTESIAN_POINT('',(-88.89999847412,355.6,1.15733160902E-14));
#5503 = VECTOR('',#5504,1.);
#5504 = DIRECTION('',(0.,-1.,0.));
#5505 = PCURVE('',#5410,#5506);
#5506 = DEFINITIONAL_REPRESENTATION('',(#5507),#5510);
#5507 = B_SPLINE_CURVE_WITH_KNOTS('',1,(#5508,#5509),.UNSPECIFIED.,.F.,
  .F.,(2,2),(0.,12.700005149841),.PIECEWISE_BEZIER_KNOTS.);
#5508 = CARTESIAN_POINT('',(-1.570796326795,-4.528061953168E-15));
#5509 = CARTESIAN_POINT('',(-1.570796326795,1.270000514984));
#5510 = ( GEOMETRIC_REPRESENTATION_CONTEXT(2) 
PARAMETRIC_REPRESENTATION_CONTEXT() REPRESENTATION_CONTEXT('2D SPACE',''
  ) );
#5511 = PCURVE('',#5512,#5517);
#5512 = PLANE('',#5513);
#5513 = AXIS2_PLACEMENT_3D('',#5514,#5515,#5516);
#5514 = CARTESIAN_POINT('',(-88.89999847412,355.6,101.59999809265));
#5515 = DIRECTION('',(-1.,0.,1.735239660539E-16));
#5516 = DIRECTION('',(-1.735239660539E-16,0.,-1.));
#5517 = DEFINITIONAL_REPRESENTATION('',(#5518),#5522);
#5518 = LINE('',#5519,#5520);
#5519 = CARTESIAN_POINT('',(101.59999809265,0.));
#5520 = VECTOR('',#5521,1.);
#5521 = DIRECTION('',(-0.,1.));
#5522 = ( GEOMETRIC_REPRESENTATION_CONTEXT(2) 
PARAMETRIC_REPRESENTATION_CONTEXT() REPRESENTATION_CONTEXT('2D SPACE',''
  ) );
#5523 = ORIENTED_EDGE('',*,*,#5524,.T.);
#5524 = EDGE_CURVE('',#5498,#5525,#5527,.T.);
#5525 = VERTEX_POINT('',#5526);
#5526 = CARTESIAN_POINT('',(-44.02537455308,355.6,-99.206965));
#5527 = SURFACE_CURVE('',#5528,(#5541,#5548),.PCURVE_S1.);
#5528 = B_SPLINE_CURVE_WITH_KNOTS('',3,(#5529,#5530,#5531,#5532,#5533,
    #5534,#5535,#5536,#5537,#5538,#5539,#5540),.UNSPECIFIED.,.F.,.F.,(4,
    2,2,2,2,4),(-1.570796326795,-1.284690202022,-0.886670139828,
    -0.501010815792,-0.100189165377,-5.703339620786E-02),.UNSPECIFIED.);
#5529 = CARTESIAN_POINT('',(-88.89999847412,355.6,-7.154386483827E-15));
#5530 = CARTESIAN_POINT('',(-88.89999847412,355.6,-11.14287969092));
#5531 = CARTESIAN_POINT('',(-87.61372480654,355.6,-22.28396880568));
#5532 = CARTESIAN_POINT('',(-81.62140952125,355.6,-47.74616517812));
#5533 = CARTESIAN_POINT('',(-75.75942939824,355.6,-61.5848045034));
#5534 = CARTESIAN_POINT('',(-60.67960422976,355.6,-84.6989435455));
#5535 = CARTESIAN_POINT('',(-51.59121472565,355.6,-94.09013374401));
#5536 = CARTESIAN_POINT('',(-31.26908884969,355.6,-108.00102787));
#5537 = CARTESIAN_POINT('',(-19.99253529733,355.6,-112.328001876));
#5538 = CARTESIAN_POINT('',(-7.349906869964,355.6,-113.9166389346));
#5539 = CARTESIAN_POINT('',(-6.118963742207,355.6,-114.0376533717));
#5540 = CARTESIAN_POINT('',(-4.886837969173,355.6,-114.1253122167));
#5541 = PCURVE('',#5410,#5542);
#5542 = DEFINITIONAL_REPRESENTATION('',(#5543),#5547);
#5543 = LINE('',#5544,#5545);
#5544 = CARTESIAN_POINT('',(0.,-3.031429274269E-16));
#5545 = VECTOR('',#5546,1.);
#5546 = DIRECTION('',(1.,0.));
#5547 = ( GEOMETRIC_REPRESENTATION_CONTEXT(2) 
PARAMETRIC_REPRESENTATION_CONTEXT() REPRESENTATION_CONTEXT('2D SPACE',''
  ) );
#5548 = PCURVE('',#5549,#5554);
#5549 = PLANE('',#5550);
#5550 = AXIS2_PLACEMENT_3D('',#5551,#5552,#5553);
#5551 = CARTESIAN_POINT('',(0.,355.6,0.));
#5552 = DIRECTION('',(0.,1.,0.));
#5553 = DIRECTION('',(1.,0.,0.));
#5554 = DEFINITIONAL_REPRESENTATION('',(#5555),#5568);
#5555 = B_SPLINE_CURVE_WITH_KNOTS('',3,(#5556,#5557,#5558,#5559,#5560,
    #5561,#5562,#5563,#5564,#5565,#5566,#5567),.UNSPECIFIED.,.F.,.F.,(4,
    2,2,2,2,4),(-1.570796326795,-1.284690202022,-0.886670139828,
    -0.501010815792,-0.100189165377,-5.703339620786E-02),.UNSPECIFIED.);
#5556 = CARTESIAN_POINT('',(-88.89999847412,7.154386483827E-15));
#5557 = CARTESIAN_POINT('',(-88.89999847412,11.14287969092));
#5558 = CARTESIAN_POINT('',(-87.61372480654,22.28396880568));
#5559 = CARTESIAN_POINT('',(-81.62140952125,47.74616517812));
#5560 = CARTESIAN_POINT('',(-75.75942939824,61.5848045034));
#5561 = CARTESIAN_POINT('',(-60.67960422976,84.6989435455));
#5562 = CARTESIAN_POINT('',(-51.59121472565,94.09013374401));
#5563 = CARTESIAN_POINT('',(-31.26908884969,108.00102787));
#5564 = CARTESIAN_POINT('',(-19.99253529733,112.328001876));
#5565 = CARTESIAN_POINT('',(-7.349906869964,113.9166389346));
#5566 = CARTESIAN_POINT('',(-6.118963742207,114.0376533717));
#5567 = CARTESIAN_POINT('',(-4.886837969173,114.1253122167));
#5568 = ( GEOMETRIC_REPRESENTATION_CONTEXT(2) 
PARAMETRIC_REPRESENTATION_CONTEXT() REPRESENTATION_CONTEXT('2D SPACE',''
  ) );
#5569 = ORIENTED_EDGE('',*,*,#5570,.T.);
#5570 = EDGE_CURVE('',#5525,#5386,#5571,.T.);
#5571 = SURFACE_CURVE('',#5572,(#5587,#5605),.PCURVE_S1.);
#5572 = B_SPLINE_CURVE_WITH_KNOTS('',4,(#5573,#5574,#5575,#5576,#5577,
    #5578,#5579,#5580,#5581,#5582,#5583,#5584,#5585,#5586),
  .UNSPECIFIED.,.F.,.F.,(5,3,3,3,5),(0.,0.25,0.5,0.75,1.),
  .UNSPECIFIED.);
#5573 = CARTESIAN_POINT('',(-44.02537455308,355.6,-99.206965));
#5574 = CARTESIAN_POINT('',(-44.02537455308,354.80624930313,-99.206965)
  );
#5575 = CARTESIAN_POINT('',(-44.02537455308,354.01249860627,-99.206965)
  );
#5576 = CARTESIAN_POINT('',(-44.02537455308,353.2187479094,-99.206965));
#5577 = CARTESIAN_POINT('',(-44.02537455308,351.63124651567,-99.206965)
  );
#5578 = CARTESIAN_POINT('',(-44.02537455308,350.83749581881,-99.206965)
  );
#5579 = CARTESIAN_POINT('',(-44.02537455308,350.04374512194,-99.206965)
  );
#5580 = CARTESIAN_POINT('',(-44.02537455308,348.45624372821,-99.206965)
  );
#5581 = CARTESIAN_POINT('',(-44.02537455308,347.66249303134,-99.206965)
  );
#5582 = CARTESIAN_POINT('',(-44.02537455308,346.86874233448,-99.206965)
  );
#5583 = CARTESIAN_POINT('',(-44.02537455308,345.28124094075,-99.206965)
  );
#5584 = CARTESIAN_POINT('',(-44.02537455308,344.48749024388,-99.206965)
  );
#5585 = CARTESIAN_POINT('',(-44.02537455308,343.69373954702,-99.206965)
  );
#5586 = CARTESIAN_POINT('',(-44.02537455308,342.89998885015,-99.206965)
  );
#5587 = PCURVE('',#5410,#5588);
#5588 = DEFINITIONAL_REPRESENTATION('',(#5589),#5604);
#5589 = B_SPLINE_CURVE_WITH_KNOTS('',4,(#5590,#5591,#5592,#5593,#5594,
    #5595,#5596,#5597,#5598,#5599,#5600,#5601,#5602,#5603),
  .UNSPECIFIED.,.F.,.F.,(5,3,3,3,5),(0.,0.25,0.5,0.75,1.),
  .UNSPECIFIED.);
#5590 = CARTESIAN_POINT('',(-0.532189934521,0.));
#5591 = CARTESIAN_POINT('',(-0.532189934521,7.93750696865E-02));
#5592 = CARTESIAN_POINT('',(-0.532189934521,0.158750139373));
#5593 = CARTESIAN_POINT('',(-0.532189934521,0.23812520906));
#5594 = CARTESIAN_POINT('',(-0.532189934521,0.396875348433));
#5595 = CARTESIAN_POINT('',(-0.532189934521,0.476250418119));
#5596 = CARTESIAN_POINT('',(-0.532189934521,0.555625487806));
#5597 = CARTESIAN_POINT('',(-0.532189934521,0.714375627179));
#5598 = CARTESIAN_POINT('',(-0.532189934521,0.793750696865));
#5599 = CARTESIAN_POINT('',(-0.532189934521,0.873125766552));
#5600 = CARTESIAN_POINT('',(-0.532189934521,1.031875905925));
#5601 = CARTESIAN_POINT('',(-0.532189934521,1.111250975611));
#5602 = CARTESIAN_POINT('',(-0.532189934521,1.190626045298));
#5603 = CARTESIAN_POINT('',(-0.532189934521,1.270001114984));
#5604 = ( GEOMETRIC_REPRESENTATION_CONTEXT(2) 
PARAMETRIC_REPRESENTATION_CONTEXT() REPRESENTATION_CONTEXT('2D SPACE',''
  ) );
#5605 = PCURVE('',#611,#5606);
#5606 = DEFINITIONAL_REPRESENTATION('',(#5607),#5622);
#5607 = B_SPLINE_CURVE_WITH_KNOTS('',4,(#5608,#5609,#5610,#5611,#5612,
    #5613,#5614,#5615,#5616,#5617,#5618,#5619,#5620,#5621),
  .UNSPECIFIED.,.F.,.F.,(5,3,3,3,5),(0.,0.25,0.5,0.75,1.),
  .UNSPECIFIED.);
#5608 = CARTESIAN_POINT('',(185.32158832652,77.2141));
#5609 = CARTESIAN_POINT('',(185.32158832652,76.42034930313));
#5610 = CARTESIAN_POINT('',(185.32158832652,75.62659860627));
#5611 = CARTESIAN_POINT('',(185.32158832652,74.8328479094));
#5612 = CARTESIAN_POINT('',(185.32158832652,73.24534651567));
#5613 = CARTESIAN_POINT('',(185.32158832652,72.45159581881));
#5614 = CARTESIAN_POINT('',(185.32158832652,71.65784512194));
#5615 = CARTESIAN_POINT('',(185.32158832652,70.07034372821));
#5616 = CARTESIAN_POINT('',(185.32158832652,69.27659303134));
#5617 = CARTESIAN_POINT('',(185.32158832652,68.48284233448));
#5618 = CARTESIAN_POINT('',(185.32158832652,66.89534094075));
#5619 = CARTESIAN_POINT('',(185.32158832652,66.10159024388));
#5620 = CARTESIAN_POINT('',(185.32158832652,65.30783954702));
#5621 = CARTESIAN_POINT('',(185.32158832652,64.51408885015));
#5622 = ( GEOMETRIC_REPRESENTATION_CONTEXT(2) 
PARAMETRIC_REPRESENTATION_CONTEXT() REPRESENTATION_CONTEXT('2D SPACE',''
  ) );
#5623 = ORIENTED_EDGE('',*,*,#5385,.F.);
#5624 = ADVANCED_FACE('',(#5625),#5549,.T.);
#5625 = FACE_BOUND('',#5626,.T.);
#5626 = EDGE_LOOP('',(#5627,#5652,#5681,#5709,#5733,#5756,#5802,#5825,
    #5889,#5917,#5950,#5973,#6006,#6027,#6028,#6051));
#5627 = ORIENTED_EDGE('',*,*,#5628,.T.);
#5628 = EDGE_CURVE('',#5629,#5631,#5633,.T.);
#5629 = VERTEX_POINT('',#5630);
#5630 = CARTESIAN_POINT('',(-101.5999984741,355.6,0.));
#5631 = VERTEX_POINT('',#5632);
#5632 = CARTESIAN_POINT('',(-101.5999984741,355.6,101.59999809265));
#5633 = SURFACE_CURVE('',#5634,(#5638,#5645),.PCURVE_S1.);
#5634 = LINE('',#5635,#5636);
#5635 = CARTESIAN_POINT('',(-101.5999984741,355.6,101.59999809265));
#5636 = VECTOR('',#5637,1.);
#5637 = DIRECTION('',(0.,0.,1.));
#5638 = PCURVE('',#5549,#5639);
#5639 = DEFINITIONAL_REPRESENTATION('',(#5640),#5644);
#5640 = LINE('',#5641,#5642);
#5641 = CARTESIAN_POINT('',(-101.5999984741,-101.5999980926));
#5642 = VECTOR('',#5643,1.);
#5643 = DIRECTION('',(0.,-1.));
#5644 = ( GEOMETRIC_REPRESENTATION_CONTEXT(2) 
PARAMETRIC_REPRESENTATION_CONTEXT() REPRESENTATION_CONTEXT('2D SPACE',''
  ) );
#5645 = PCURVE('',#532,#5646);
#5646 = DEFINITIONAL_REPRESENTATION('',(#5647),#5651);
#5647 = LINE('',#5648,#5649);
#5648 = CARTESIAN_POINT('',(101.59999809265,355.6));
#5649 = VECTOR('',#5650,1.);
#5650 = DIRECTION('',(1.,0.));
#5651 = ( GEOMETRIC_REPRESENTATION_CONTEXT(2) 
PARAMETRIC_REPRESENTATION_CONTEXT() REPRESENTATION_CONTEXT('2D SPACE',''
  ) );
#5652 = ORIENTED_EDGE('',*,*,#5653,.T.);
#5653 = EDGE_CURVE('',#5631,#5654,#5656,.T.);
#5654 = VERTEX_POINT('',#5655);
#5655 = CARTESIAN_POINT('',(-76.19999847412,355.6,126.99999809265));
#5656 = SURFACE_CURVE('',#5657,(#5662,#5669),.PCURVE_S1.);
#5657 = CIRCLE('',#5658,25.4);
#5658 = AXIS2_PLACEMENT_3D('',#5659,#5660,#5661);
#5659 = CARTESIAN_POINT('',(-76.19999847412,355.6,101.59999809265));
#5660 = DIRECTION('',(0.,1.,-0.));
#5661 = DIRECTION('',(-1.,0.,0.));
#5662 = PCURVE('',#5549,#5663);
#5663 = DEFINITIONAL_REPRESENTATION('',(#5664),#5668);
#5664 = CIRCLE('',#5665,25.4);
#5665 = AXIS2_PLACEMENT_2D('',#5666,#5667);
#5666 = CARTESIAN_POINT('',(-76.19999847412,-101.5999980926));
#5667 = DIRECTION('',(-1.,0.));
#5668 = ( GEOMETRIC_REPRESENTATION_CONTEXT(2) 
PARAMETRIC_REPRESENTATION_CONTEXT() REPRESENTATION_CONTEXT('2D SPACE',''
  ) );
#5669 = PCURVE('',#5670,#5675);
#5670 = CYLINDRICAL_SURFACE('',#5671,25.4);
#5671 = AXIS2_PLACEMENT_3D('',#5672,#5673,#5674);
#5672 = CARTESIAN_POINT('',(-76.19999847412,0.,101.59999809265));
#5673 = DIRECTION('',(0.,1.,0.));
#5674 = DIRECTION('',(-1.,0.,0.));
#5675 = DEFINITIONAL_REPRESENTATION('',(#5676),#5680);
#5676 = LINE('',#5677,#5678);
#5677 = CARTESIAN_POINT('',(0.,355.6));
#5678 = VECTOR('',#5679,1.);
#5679 = DIRECTION('',(1.,0.));
#5680 = ( GEOMETRIC_REPRESENTATION_CONTEXT(2) 
PARAMETRIC_REPRESENTATION_CONTEXT() REPRESENTATION_CONTEXT('2D SPACE',''
  ) );
#5681 = ORIENTED_EDGE('',*,*,#5682,.T.);
#5682 = EDGE_CURVE('',#5654,#5683,#5685,.T.);
#5683 = VERTEX_POINT('',#5684);
#5684 = CARTESIAN_POINT('',(76.199998474121,355.6,126.99999809265));
#5685 = SURFACE_CURVE('',#5686,(#5690,#5697),.PCURVE_S1.);
#5686 = LINE('',#5687,#5688);
#5687 = CARTESIAN_POINT('',(76.199998474121,355.6,126.99999809265));
#5688 = VECTOR('',#5689,1.);
#5689 = DIRECTION('',(1.,0.,0.));
#5690 = PCURVE('',#5549,#5691);
#5691 = DEFINITIONAL_REPRESENTATION('',(#5692),#5696);
#5692 = LINE('',#5693,#5694);
#5693 = CARTESIAN_POINT('',(76.199998474121,-126.9999980926));
#5694 = VECTOR('',#5695,1.);
#5695 = DIRECTION('',(1.,0.));
#5696 = ( GEOMETRIC_REPRESENTATION_CONTEXT(2) 
PARAMETRIC_REPRESENTATION_CONTEXT() REPRESENTATION_CONTEXT('2D SPACE',''
  ) );
#5697 = PCURVE('',#5698,#5703);
#5698 = PLANE('',#5699);
#5699 = AXIS2_PLACEMENT_3D('',#5700,#5701,#5702);
#5700 = CARTESIAN_POINT('',(-76.19999847412,0.,126.99999809265));
#5701 = DIRECTION('',(0.,0.,1.));
#5702 = DIRECTION('',(1.,0.,-0.));
#5703 = DEFINITIONAL_REPRESENTATION('',(#5704),#5708);
#5704 = LINE('',#5705,#5706);
#5705 = CARTESIAN_POINT('',(152.39999694824,355.6));
#5706 = VECTOR('',#5707,1.);
#5707 = DIRECTION('',(1.,0.));
#5708 = ( GEOMETRIC_REPRESENTATION_CONTEXT(2) 
PARAMETRIC_REPRESENTATION_CONTEXT() REPRESENTATION_CONTEXT('2D SPACE',''
  ) );
#5709 = ORIENTED_EDGE('',*,*,#5710,.T.);
#5710 = EDGE_CURVE('',#5683,#5711,#5713,.T.);
#5711 = VERTEX_POINT('',#5712);
#5712 = CARTESIAN_POINT('',(101.59999847412,355.6,101.59999809265));
#5713 = SURFACE_CURVE('',#5714,(#5719,#5726),.PCURVE_S1.);
#5714 = CIRCLE('',#5715,25.4);
#5715 = AXIS2_PLACEMENT_3D('',#5716,#5717,#5718);
#5716 = CARTESIAN_POINT('',(76.199998474121,355.6,101.59999809265));
#5717 = DIRECTION('',(0.,1.,0.));
#5718 = DIRECTION('',(0.,-0.,1.));
#5719 = PCURVE('',#5549,#5720);
#5720 = DEFINITIONAL_REPRESENTATION('',(#5721),#5725);
#5721 = CIRCLE('',#5722,25.4);
#5722 = AXIS2_PLACEMENT_2D('',#5723,#5724);
#5723 = CARTESIAN_POINT('',(76.199998474121,-101.5999980926));
#5724 = DIRECTION('',(0.,-1.));
#5725 = ( GEOMETRIC_REPRESENTATION_CONTEXT(2) 
PARAMETRIC_REPRESENTATION_CONTEXT() REPRESENTATION_CONTEXT('2D SPACE',''
  ) );
#5726 = PCURVE('',#3229,#5727);
#5727 = DEFINITIONAL_REPRESENTATION('',(#5728),#5732);
#5728 = LINE('',#5729,#5730);
#5729 = CARTESIAN_POINT('',(0.,355.6));
#5730 = VECTOR('',#5731,1.);
#5731 = DIRECTION('',(1.,0.));
#5732 = ( GEOMETRIC_REPRESENTATION_CONTEXT(2) 
PARAMETRIC_REPRESENTATION_CONTEXT() REPRESENTATION_CONTEXT('2D SPACE',''
  ) );
#5733 = ORIENTED_EDGE('',*,*,#5734,.T.);
#5734 = EDGE_CURVE('',#5711,#5735,#5737,.T.);
#5735 = VERTEX_POINT('',#5736);
#5736 = CARTESIAN_POINT('',(101.59999847412,355.6,1.7763568394E-14));
#5737 = SURFACE_CURVE('',#5738,(#5742,#5749),.PCURVE_S1.);
#5738 = LINE('',#5739,#5740);
#5739 = CARTESIAN_POINT('',(101.59999847412,355.6,0.));
#5740 = VECTOR('',#5741,1.);
#5741 = DIRECTION('',(0.,0.,-1.));
#5742 = PCURVE('',#5549,#5743);
#5743 = DEFINITIONAL_REPRESENTATION('',(#5744),#5748);
#5744 = LINE('',#5745,#5746);
#5745 = CARTESIAN_POINT('',(101.59999847412,0.));
#5746 = VECTOR('',#5747,1.);
#5747 = DIRECTION('',(0.,1.));
#5748 = ( GEOMETRIC_REPRESENTATION_CONTEXT(2) 
PARAMETRIC_REPRESENTATION_CONTEXT() REPRESENTATION_CONTEXT('2D SPACE',''
  ) );
#5749 = PCURVE('',#203,#5750);
#5750 = DEFINITIONAL_REPRESENTATION('',(#5751),#5755);
#5751 = LINE('',#5752,#5753);
#5752 = CARTESIAN_POINT('',(101.59999809265,355.6));
#5753 = VECTOR('',#5754,1.);
#5754 = DIRECTION('',(1.,0.));
#5755 = ( GEOMETRIC_REPRESENTATION_CONTEXT(2) 
PARAMETRIC_REPRESENTATION_CONTEXT() REPRESENTATION_CONTEXT('2D SPACE',''
  ) );
#5756 = ORIENTED_EDGE('',*,*,#5757,.T.);
#5757 = EDGE_CURVE('',#5735,#5758,#5760,.T.);
#5758 = VERTEX_POINT('',#5759);
#5759 = CARTESIAN_POINT('',(63.432370845288,355.6,-99.206965));
#5760 = SURFACE_CURVE('',#5761,(#5766,#5773),.PCURVE_S1.);
#5761 = ELLIPSE('',#5762,126.99999809265,101.59999847412);
#5762 = AXIS2_PLACEMENT_3D('',#5763,#5764,#5765);
#5763 = CARTESIAN_POINT('',(0.,355.6,0.));
#5764 = DIRECTION('',(0.,1.,0.));
#5765 = DIRECTION('',(0.,0.,-1.));
#5766 = PCURVE('',#5549,#5767);
#5767 = DEFINITIONAL_REPRESENTATION('',(#5768),#5772);
#5768 = ELLIPSE('',#5769,126.99999809265,101.59999847412);
#5769 = AXIS2_PLACEMENT_2D('',#5770,#5771);
#5770 = CARTESIAN_POINT('',(0.,0.));
#5771 = DIRECTION('',(0.,1.));
#5772 = ( GEOMETRIC_REPRESENTATION_CONTEXT(2) 
PARAMETRIC_REPRESENTATION_CONTEXT() REPRESENTATION_CONTEXT('2D SPACE',''
  ) );
#5773 = PCURVE('',#417,#5774);
#5774 = DEFINITIONAL_REPRESENTATION('',(#5775),#5801);
#5775 = B_SPLINE_CURVE_WITH_KNOTS('',3,(#5776,#5777,#5778,#5779,#5780,
    #5781,#5782,#5783,#5784,#5785,#5786,#5787,#5788,#5789,#5790,#5791,
    #5792,#5793,#5794,#5795,#5796,#5797,#5798,#5799,#5800),
  .UNSPECIFIED.,.F.,.F.,(4,1,1,1,1,1,1,1,1,1,1,1,1,1,1,1,1,1,1,1,1,1,4),
  (4.712388980385,4.753139761947,4.793890543509,4.834641325071,
    4.875392106633,4.916142888195,4.956893669757,4.997644451319,
    5.038395232881,5.079146014443,5.119896796005,5.160647577567,
    5.201398359129,5.242149140691,5.282899922253,5.323650703815,
    5.364401485377,5.405152266939,5.445903048501,5.486653830063,
    5.527404611625,5.568155393187,5.608906174749),
  .QUASI_UNIFORM_KNOTS.);
#5776 = CARTESIAN_POINT('',(-1.570796326795,35.56));
#5777 = CARTESIAN_POINT('',(-1.555708983994,35.56));
#5778 = CARTESIAN_POINT('',(-1.525788063587,35.56));
#5779 = CARTESIAN_POINT('',(-1.481615730495,35.56));
#5780 = CARTESIAN_POINT('',(-1.438099146451,35.56));
#5781 = CARTESIAN_POINT('',(-1.395188689406,35.56));
#5782 = CARTESIAN_POINT('',(-1.352836825873,35.56));
#5783 = CARTESIAN_POINT('',(-1.310998242079,35.56));
#5784 = CARTESIAN_POINT('',(-1.269629538331,35.56));
#5785 = CARTESIAN_POINT('',(-1.228689061437,35.56));
#5786 = CARTESIAN_POINT('',(-1.188136718647,35.56));
#5787 = CARTESIAN_POINT('',(-1.147933812828,35.56));
#5788 = CARTESIAN_POINT('',(-1.108042886238,35.56));
#5789 = CARTESIAN_POINT('',(-1.068427574478,35.56));
#5790 = CARTESIAN_POINT('',(-1.029052468571,35.56));
#5791 = CARTESIAN_POINT('',(-0.989882984232,35.56));
#5792 = CARTESIAN_POINT('',(-0.950885237222,35.56));
#5793 = CARTESIAN_POINT('',(-0.912025923778,35.56));
#5794 = CARTESIAN_POINT('',(-0.873272205379,35.56));
#5795 = CARTESIAN_POINT('',(-0.834591596345,35.56));
#5796 = CARTESIAN_POINT('',(-0.795951855819,35.56));
#5797 = CARTESIAN_POINT('',(-0.757320874541,35.56));
#5798 = CARTESIAN_POINT('',(-0.718666588438,35.56));
#5799 = CARTESIAN_POINT('',(-0.692860060119,35.56));
#5800 = CARTESIAN_POINT('',(-0.679942184519,35.56));
#5801 = ( GEOMETRIC_REPRESENTATION_CONTEXT(2) 
PARAMETRIC_REPRESENTATION_CONTEXT() REPRESENTATION_CONTEXT('2D SPACE',''
  ) );
#5802 = ORIENTED_EDGE('',*,*,#5803,.F.);
#5803 = EDGE_CURVE('',#5804,#5758,#5806,.T.);
#5804 = VERTEX_POINT('',#5805);
#5805 = CARTESIAN_POINT('',(44.016467524561,355.6,-99.206965));
#5806 = SURFACE_CURVE('',#5807,(#5811,#5818),.PCURVE_S1.);
#5807 = LINE('',#5808,#5809);
#5808 = CARTESIAN_POINT('',(-114.6734814398,355.6,-99.206965));
#5809 = VECTOR('',#5810,1.);
#5810 = DIRECTION('',(1.,0.,0.));
#5811 = PCURVE('',#5549,#5812);
#5812 = DEFINITIONAL_REPRESENTATION('',(#5813),#5817);
#5813 = LINE('',#5814,#5815);
#5814 = CARTESIAN_POINT('',(-114.6734814398,99.206965));
#5815 = VECTOR('',#5816,1.);
#5816 = DIRECTION('',(1.,0.));
#5817 = ( GEOMETRIC_REPRESENTATION_CONTEXT(2) 
PARAMETRIC_REPRESENTATION_CONTEXT() REPRESENTATION_CONTEXT('2D SPACE',''
  ) );
#5818 = PCURVE('',#373,#5819);
#5819 = DEFINITIONAL_REPRESENTATION('',(#5820),#5824);
#5820 = LINE('',#5821,#5822);
#5821 = CARTESIAN_POINT('',(114.6734814398,77.2141));
#5822 = VECTOR('',#5823,1.);
#5823 = DIRECTION('',(1.,0.));
#5824 = ( GEOMETRIC_REPRESENTATION_CONTEXT(2) 
PARAMETRIC_REPRESENTATION_CONTEXT() REPRESENTATION_CONTEXT('2D SPACE',''
  ) );
#5825 = ORIENTED_EDGE('',*,*,#5826,.T.);
#5826 = EDGE_CURVE('',#5804,#5827,#5829,.T.);
#5827 = VERTEX_POINT('',#5828);
#5828 = CARTESIAN_POINT('',(88.899998474121,355.6,1.267044737359E-13));
#5829 = SURFACE_CURVE('',#5830,(#5841,#5855),.PCURVE_S1.);
#5830 = B_SPLINE_CURVE_WITH_KNOTS('',3,(#5831,#5832,#5833,#5834,#5835,
    #5836,#5837,#5838,#5839,#5840),.UNSPECIFIED.,.F.,.F.,(4,2,2,2,4),(0.
    ,0.390653106003,0.784975459989,1.1733981182,1.570796326795),
  .UNSPECIFIED.);
#5831 = CARTESIAN_POINT('',(2.388367582252E-03,355.6,-114.2981973807));
#5832 = CARTESIAN_POINT('',(11.170431678978,355.6,-114.294413889));
#5833 = CARTESIAN_POINT('',(22.341834713489,355.6,-111.5627948289));
#5834 = CARTESIAN_POINT('',(43.508775521449,355.6,-100.6666204702));
#5835 = CARTESIAN_POINT('',(53.469028069284,355.6,-92.42999733425));
#5836 = CARTESIAN_POINT('',(70.200687554147,355.6,-71.53309683218));
#5837 = CARTESIAN_POINT('',(76.994526048906,355.6,-58.95269663649));
#5838 = CARTESIAN_POINT('',(86.398930425433,355.6,-30.9453738139));
#5839 = CARTESIAN_POINT('',(88.899998474121,355.6,-15.47733531141));
#5840 = CARTESIAN_POINT('',(88.899998474121,355.6,1.87893047321E-14));
#5841 = PCURVE('',#5549,#5842);
#5842 = DEFINITIONAL_REPRESENTATION('',(#5843),#5854);
#5843 = B_SPLINE_CURVE_WITH_KNOTS('',3,(#5844,#5845,#5846,#5847,#5848,
    #5849,#5850,#5851,#5852,#5853),.UNSPECIFIED.,.F.,.F.,(4,2,2,2,4),(0.
    ,0.390653106003,0.784975459989,1.1733981182,1.570796326795),
  .UNSPECIFIED.);
#5844 = CARTESIAN_POINT('',(2.388367582252E-03,114.2981973807));
#5845 = CARTESIAN_POINT('',(11.170431678978,114.294413889));
#5846 = CARTESIAN_POINT('',(22.341834713489,111.5627948289));
#5847 = CARTESIAN_POINT('',(43.508775521449,100.6666204702));
#5848 = CARTESIAN_POINT('',(53.469028069284,92.42999733425));
#5849 = CARTESIAN_POINT('',(70.200687554147,71.53309683218));
#5850 = CARTESIAN_POINT('',(76.994526048906,58.95269663649));
#5851 = CARTESIAN_POINT('',(86.398930425433,30.9453738139));
#5852 = CARTESIAN_POINT('',(88.899998474121,15.47733531141));
#5853 = CARTESIAN_POINT('',(88.899998474121,-1.87893047321E-14));
#5854 = ( GEOMETRIC_REPRESENTATION_CONTEXT(2) 
PARAMETRIC_REPRESENTATION_CONTEXT() REPRESENTATION_CONTEXT('2D SPACE',''
  ) );
#5855 = PCURVE('',#5856,#5883);
#5856 = B_SPLINE_SURFACE_WITH_KNOTS('',3,1,(
    (#5857,#5858)
    ,(#5859,#5860)
    ,(#5861,#5862)
    ,(#5863,#5864)
    ,(#5865,#5866)
    ,(#5867,#5868)
    ,(#5869,#5870)
    ,(#5871,#5872)
    ,(#5873,#5874)
    ,(#5875,#5876)
    ,(#5877,#5878)
    ,(#5879,#5880)
    ,(#5881,#5882
    )),.UNSPECIFIED.,.F.,.F.,.F.,(4,3,3,3,4),(2,2),(0.,0.390653106003,
    0.784975459989,1.1733981182,1.570796326795),(0.,15.24),
  .UNSPECIFIED.);
#5857 = CARTESIAN_POINT('',(2.388367582252E-03,355.6,-114.2981973807));
#5858 = CARTESIAN_POINT('',(2.388367582252E-03,203.2,-114.2981973807));
#5859 = CARTESIAN_POINT('',(11.170431678978,355.6,-114.294413889));
#5860 = CARTESIAN_POINT('',(11.170431678978,203.2,-114.294413889));
#5861 = CARTESIAN_POINT('',(22.341834713489,355.6,-111.5627948289));
#5862 = CARTESIAN_POINT('',(22.341834713489,203.2,-111.5627948289));
#5863 = CARTESIAN_POINT('',(32.875834300341,355.6,-106.1401739016));
#5864 = CARTESIAN_POINT('',(32.875834300341,203.2,-106.1401739016));
#5865 = CARTESIAN_POINT('',(43.508775521449,355.6,-100.6666204702));
#5866 = CARTESIAN_POINT('',(43.508775521449,203.2,-100.6666204702));
#5867 = CARTESIAN_POINT('',(53.469028069284,355.6,-92.42999733425));
#5868 = CARTESIAN_POINT('',(53.469028069284,203.2,-92.42999733425));
#5869 = CARTESIAN_POINT('',(61.897912637503,355.6,-81.90279515656));
#5870 = CARTESIAN_POINT('',(61.897912637503,203.2,-81.90279515656));
#5871 = CARTESIAN_POINT('',(70.200687554147,355.6,-71.53309683218));
#5872 = CARTESIAN_POINT('',(70.200687554147,203.2,-71.53309683218));
#5873 = CARTESIAN_POINT('',(76.994526048906,355.6,-58.95269663649));
#5874 = CARTESIAN_POINT('',(76.994526048906,203.2,-58.95269663649));
#5875 = CARTESIAN_POINT('',(81.643020255571,355.6,-45.10898334297));
#5876 = CARTESIAN_POINT('',(81.643020255571,203.2,-45.10898334297));
#5877 = CARTESIAN_POINT('',(86.398930425433,355.6,-30.9453738139));
#5878 = CARTESIAN_POINT('',(86.398930425433,203.2,-30.9453738139));
#5879 = CARTESIAN_POINT('',(88.899998474121,355.6,-15.47733531141));
#5880 = CARTESIAN_POINT('',(88.899998474121,203.2,-15.47733531141));
#5881 = CARTESIAN_POINT('',(88.899998474121,355.6,1.87893047321E-14));
#5882 = CARTESIAN_POINT('',(88.899998474121,203.2,1.87893047321E-14));
#5883 = DEFINITIONAL_REPRESENTATION('',(#5884),#5888);
#5884 = LINE('',#5885,#5886);
#5885 = CARTESIAN_POINT('',(7.171414834861E-17,-4.528061953168E-15));
#5886 = VECTOR('',#5887,1.);
#5887 = DIRECTION('',(1.,0.));
#5888 = ( GEOMETRIC_REPRESENTATION_CONTEXT(2) 
PARAMETRIC_REPRESENTATION_CONTEXT() REPRESENTATION_CONTEXT('2D SPACE',''
  ) );
#5889 = ORIENTED_EDGE('',*,*,#5890,.T.);
#5890 = EDGE_CURVE('',#5827,#5891,#5893,.T.);
#5891 = VERTEX_POINT('',#5892);
#5892 = CARTESIAN_POINT('',(88.899998474121,355.6,101.59999809265));
#5893 = SURFACE_CURVE('',#5894,(#5898,#5905),.PCURVE_S1.);
#5894 = LINE('',#5895,#5896);
#5895 = CARTESIAN_POINT('',(88.899998474121,355.6,7.112379805283E-14));
#5896 = VECTOR('',#5897,1.);
#5897 = DIRECTION('',(-1.748382748768E-16,0.,1.));
#5898 = PCURVE('',#5549,#5899);
#5899 = DEFINITIONAL_REPRESENTATION('',(#5900),#5904);
#5900 = LINE('',#5901,#5902);
#5901 = CARTESIAN_POINT('',(88.899998474121,-7.112379805283E-14));
#5902 = VECTOR('',#5903,1.);
#5903 = DIRECTION('',(-1.748382748768E-16,-1.));
#5904 = ( GEOMETRIC_REPRESENTATION_CONTEXT(2) 
PARAMETRIC_REPRESENTATION_CONTEXT() REPRESENTATION_CONTEXT('2D SPACE',''
  ) );
#5905 = PCURVE('',#5906,#5911);
#5906 = PLANE('',#5907);
#5907 = AXIS2_PLACEMENT_3D('',#5908,#5909,#5910);
#5908 = CARTESIAN_POINT('',(88.899998474121,355.6,1.267044737359E-13));
#5909 = DIRECTION('',(1.,0.,1.748382748768E-16));
#5910 = DIRECTION('',(-1.748382748768E-16,0.,1.));
#5911 = DEFINITIONAL_REPRESENTATION('',(#5912),#5916);
#5912 = LINE('',#5913,#5914);
#5913 = CARTESIAN_POINT('',(-5.558067568307E-14,0.));
#5914 = VECTOR('',#5915,1.);
#5915 = DIRECTION('',(1.,0.));
#5916 = ( GEOMETRIC_REPRESENTATION_CONTEXT(2) 
PARAMETRIC_REPRESENTATION_CONTEXT() REPRESENTATION_CONTEXT('2D SPACE',''
  ) );
#5917 = ORIENTED_EDGE('',*,*,#5918,.T.);
#5918 = EDGE_CURVE('',#5891,#5919,#5921,.T.);
#5919 = VERTEX_POINT('',#5920);
#5920 = CARTESIAN_POINT('',(76.199998474121,355.6,114.29999809265));
#5921 = SURFACE_CURVE('',#5922,(#5927,#5938),.PCURVE_S1.);
#5922 = CIRCLE('',#5923,12.7);
#5923 = AXIS2_PLACEMENT_3D('',#5924,#5925,#5926);
#5924 = CARTESIAN_POINT('',(76.199998474121,355.6,101.59999809265));
#5925 = DIRECTION('',(0.,-1.,0.));
#5926 = DIRECTION('',(3.49676543189E-15,0.,1.));
#5927 = PCURVE('',#5549,#5928);
#5928 = DEFINITIONAL_REPRESENTATION('',(#5929),#5937);
#5929 = ( BOUNDED_CURVE() B_SPLINE_CURVE(2,(#5930,#5931,#5932,#5933,
#5934,#5935,#5936),.UNSPECIFIED.,.T.,.F.) B_SPLINE_CURVE_WITH_KNOTS((1,2
    ,2,2,2,1),(-2.094395102393,0.,2.094395102393,4.188790204786,
6.28318530718,8.377580409573),.UNSPECIFIED.) CURVE() 
GEOMETRIC_REPRESENTATION_ITEM() RATIONAL_B_SPLINE_CURVE((1.,0.5,1.,0.5,
1.,0.5,1.)) REPRESENTATION_ITEM('') );
#5930 = CARTESIAN_POINT('',(76.199998474121,-114.2999980926));
#5931 = CARTESIAN_POINT('',(54.202953217996,-114.2999980926));
#5932 = CARTESIAN_POINT('',(65.201475846059,-95.24999809265));
#5933 = CARTESIAN_POINT('',(76.199998474121,-76.19999809265));
#5934 = CARTESIAN_POINT('',(87.198521102183,-95.24999809265));
#5935 = CARTESIAN_POINT('',(98.197043730246,-114.2999980926));
#5936 = CARTESIAN_POINT('',(76.199998474121,-114.2999980926));
#5937 = ( GEOMETRIC_REPRESENTATION_CONTEXT(2) 
PARAMETRIC_REPRESENTATION_CONTEXT() REPRESENTATION_CONTEXT('2D SPACE',''
  ) );
#5938 = PCURVE('',#5939,#5944);
#5939 = CYLINDRICAL_SURFACE('',#5940,12.7);
#5940 = AXIS2_PLACEMENT_3D('',#5941,#5942,#5943);
#5941 = CARTESIAN_POINT('',(76.199998474121,355.6,101.59999809265));
#5942 = DIRECTION('',(0.,-1.,0.));
#5943 = DIRECTION('',(3.49676543189E-15,0.,1.));
#5944 = DEFINITIONAL_REPRESENTATION('',(#5945),#5949);
#5945 = LINE('',#5946,#5947);
#5946 = CARTESIAN_POINT('',(0.,0.));
#5947 = VECTOR('',#5948,1.);
#5948 = DIRECTION('',(1.,0.));
#5949 = ( GEOMETRIC_REPRESENTATION_CONTEXT(2) 
PARAMETRIC_REPRESENTATION_CONTEXT() REPRESENTATION_CONTEXT('2D SPACE',''
  ) );
#5950 = ORIENTED_EDGE('',*,*,#5951,.T.);
#5951 = EDGE_CURVE('',#5919,#5952,#5954,.T.);
#5952 = VERTEX_POINT('',#5953);
#5953 = CARTESIAN_POINT('',(-76.19999847412,355.6,114.29999809265));
#5954 = SURFACE_CURVE('',#5955,(#5959,#5966),.PCURVE_S1.);
#5955 = LINE('',#5956,#5957);
#5956 = CARTESIAN_POINT('',(38.099999237061,355.6,114.29999809265));
#5957 = VECTOR('',#5958,1.);
#5958 = DIRECTION('',(-1.,0.,0.));
#5959 = PCURVE('',#5549,#5960);
#5960 = DEFINITIONAL_REPRESENTATION('',(#5961),#5965);
#5961 = LINE('',#5962,#5963);
#5962 = CARTESIAN_POINT('',(38.099999237061,-114.2999980926));
#5963 = VECTOR('',#5964,1.);
#5964 = DIRECTION('',(-1.,0.));
#5965 = ( GEOMETRIC_REPRESENTATION_CONTEXT(2) 
PARAMETRIC_REPRESENTATION_CONTEXT() REPRESENTATION_CONTEXT('2D SPACE',''
  ) );
#5966 = PCURVE('',#3790,#5967);
#5967 = DEFINITIONAL_REPRESENTATION('',(#5968),#5972);
#5968 = LINE('',#5969,#5970);
#5969 = CARTESIAN_POINT('',(38.09999923706,0.));
#5970 = VECTOR('',#5971,1.);
#5971 = DIRECTION('',(1.,0.));
#5972 = ( GEOMETRIC_REPRESENTATION_CONTEXT(2) 
PARAMETRIC_REPRESENTATION_CONTEXT() REPRESENTATION_CONTEXT('2D SPACE',''
  ) );
#5973 = ORIENTED_EDGE('',*,*,#5974,.T.);
#5974 = EDGE_CURVE('',#5952,#5975,#5977,.T.);
#5975 = VERTEX_POINT('',#5976);
#5976 = CARTESIAN_POINT('',(-88.89999847412,355.6,101.59999809265));
#5977 = SURFACE_CURVE('',#5978,(#5983,#5994),.PCURVE_S1.);
#5978 = CIRCLE('',#5979,12.7);
#5979 = AXIS2_PLACEMENT_3D('',#5980,#5981,#5982);
#5980 = CARTESIAN_POINT('',(-76.19999847412,355.6,101.59999809265));
#5981 = DIRECTION('',(0.,-1.,0.));
#5982 = DIRECTION('',(-1.,-0.,-1.398706172756E-15));
#5983 = PCURVE('',#5549,#5984);
#5984 = DEFINITIONAL_REPRESENTATION('',(#5985),#5993);
#5985 = ( BOUNDED_CURVE() B_SPLINE_CURVE(2,(#5986,#5987,#5988,#5989,
#5990,#5991,#5992),.UNSPECIFIED.,.T.,.F.) B_SPLINE_CURVE_WITH_KNOTS((1,2
    ,2,2,2,1),(-2.094395102393,0.,2.094395102393,4.188790204786,
6.28318530718,8.377580409573),.UNSPECIFIED.) CURVE() 
GEOMETRIC_REPRESENTATION_ITEM() RATIONAL_B_SPLINE_CURVE((1.,0.5,1.,0.5,
1.,0.5,1.)) REPRESENTATION_ITEM('') );
#5986 = CARTESIAN_POINT('',(-88.89999847412,-101.5999980926));
#5987 = CARTESIAN_POINT('',(-88.89999847412,-79.60295283652));
#5988 = CARTESIAN_POINT('',(-69.84999847412,-90.60147546458));
#5989 = CARTESIAN_POINT('',(-50.79999847412,-101.5999980926));
#5990 = CARTESIAN_POINT('',(-69.84999847412,-112.5985207207));
#5991 = CARTESIAN_POINT('',(-88.89999847412,-123.5970433487));
#5992 = CARTESIAN_POINT('',(-88.89999847412,-101.5999980926));
#5993 = ( GEOMETRIC_REPRESENTATION_CONTEXT(2) 
PARAMETRIC_REPRESENTATION_CONTEXT() REPRESENTATION_CONTEXT('2D SPACE',''
  ) );
#5994 = PCURVE('',#5995,#6000);
#5995 = CYLINDRICAL_SURFACE('',#5996,12.7);
#5996 = AXIS2_PLACEMENT_3D('',#5997,#5998,#5999);
#5997 = CARTESIAN_POINT('',(-76.19999847412,355.6,101.59999809265));
#5998 = DIRECTION('',(0.,-1.,0.));
#5999 = DIRECTION('',(-1.,-0.,-1.398706172756E-15));
#6000 = DEFINITIONAL_REPRESENTATION('',(#6001),#6005);
#6001 = LINE('',#6002,#6003);
#6002 = CARTESIAN_POINT('',(0.,0.));
#6003 = VECTOR('',#6004,1.);
#6004 = DIRECTION('',(1.,0.));
#6005 = ( GEOMETRIC_REPRESENTATION_CONTEXT(2) 
PARAMETRIC_REPRESENTATION_CONTEXT() REPRESENTATION_CONTEXT('2D SPACE',''
  ) );
#6006 = ORIENTED_EDGE('',*,*,#6007,.T.);
#6007 = EDGE_CURVE('',#5975,#5498,#6008,.T.);
#6008 = SURFACE_CURVE('',#6009,(#6013,#6020),.PCURVE_S1.);
#6009 = LINE('',#6010,#6011);
#6010 = CARTESIAN_POINT('',(-88.89999847412,355.6,50.799999046326));
#6011 = VECTOR('',#6012,1.);
#6012 = DIRECTION('',(-1.735239660539E-16,0.,-1.));
#6013 = PCURVE('',#5549,#6014);
#6014 = DEFINITIONAL_REPRESENTATION('',(#6015),#6019);
#6015 = LINE('',#6016,#6017);
#6016 = CARTESIAN_POINT('',(-88.89999847412,-50.79999904632));
#6017 = VECTOR('',#6018,1.);
#6018 = DIRECTION('',(-1.735239660539E-16,1.));
#6019 = ( GEOMETRIC_REPRESENTATION_CONTEXT(2) 
PARAMETRIC_REPRESENTATION_CONTEXT() REPRESENTATION_CONTEXT('2D SPACE',''
  ) );
#6020 = PCURVE('',#5512,#6021);
#6021 = DEFINITIONAL_REPRESENTATION('',(#6022),#6026);
#6022 = LINE('',#6023,#6024);
#6023 = CARTESIAN_POINT('',(50.799999046324,0.));
#6024 = VECTOR('',#6025,1.);
#6025 = DIRECTION('',(1.,0.));
#6026 = ( GEOMETRIC_REPRESENTATION_CONTEXT(2) 
PARAMETRIC_REPRESENTATION_CONTEXT() REPRESENTATION_CONTEXT('2D SPACE',''
  ) );
#6027 = ORIENTED_EDGE('',*,*,#5524,.T.);
#6028 = ORIENTED_EDGE('',*,*,#6029,.F.);
#6029 = EDGE_CURVE('',#6030,#5525,#6032,.T.);
#6030 = VERTEX_POINT('',#6031);
#6031 = CARTESIAN_POINT('',(-63.43237084528,355.6,-99.206965));
#6032 = SURFACE_CURVE('',#6033,(#6037,#6044),.PCURVE_S1.);
#6033 = LINE('',#6034,#6035);
#6034 = CARTESIAN_POINT('',(-114.6734814398,355.6,-99.206965));
#6035 = VECTOR('',#6036,1.);
#6036 = DIRECTION('',(1.,0.,0.));
#6037 = PCURVE('',#5549,#6038);
#6038 = DEFINITIONAL_REPRESENTATION('',(#6039),#6043);
#6039 = LINE('',#6040,#6041);
#6040 = CARTESIAN_POINT('',(-114.6734814398,99.206965));
#6041 = VECTOR('',#6042,1.);
#6042 = DIRECTION('',(1.,0.));
#6043 = ( GEOMETRIC_REPRESENTATION_CONTEXT(2) 
PARAMETRIC_REPRESENTATION_CONTEXT() REPRESENTATION_CONTEXT('2D SPACE',''
  ) );
#6044 = PCURVE('',#611,#6045);
#6045 = DEFINITIONAL_REPRESENTATION('',(#6046),#6050);
#6046 = LINE('',#6047,#6048);
#6047 = CARTESIAN_POINT('',(114.6734814398,77.2141));
#6048 = VECTOR('',#6049,1.);
#6049 = DIRECTION('',(1.,0.));
#6050 = ( GEOMETRIC_REPRESENTATION_CONTEXT(2) 
PARAMETRIC_REPRESENTATION_CONTEXT() REPRESENTATION_CONTEXT('2D SPACE',''
  ) );
#6051 = ORIENTED_EDGE('',*,*,#6052,.T.);
#6052 = EDGE_CURVE('',#6030,#5629,#6053,.T.);
#6053 = SURFACE_CURVE('',#6054,(#6059,#6066),.PCURVE_S1.);
#6054 = ELLIPSE('',#6055,126.99999809265,101.59999847412);
#6055 = AXIS2_PLACEMENT_3D('',#6056,#6057,#6058);
#6056 = CARTESIAN_POINT('',(0.,355.6,0.));
#6057 = DIRECTION('',(0.,1.,0.));
#6058 = DIRECTION('',(0.,0.,-1.));
#6059 = PCURVE('',#5549,#6060);
#6060 = DEFINITIONAL_REPRESENTATION('',(#6061),#6065);
#6061 = ELLIPSE('',#6062,126.99999809265,101.59999847412);
#6062 = AXIS2_PLACEMENT_2D('',#6063,#6064);
#6063 = CARTESIAN_POINT('',(0.,0.));
#6064 = DIRECTION('',(0.,1.));
#6065 = ( GEOMETRIC_REPRESENTATION_CONTEXT(2) 
PARAMETRIC_REPRESENTATION_CONTEXT() REPRESENTATION_CONTEXT('2D SPACE',''
  ) );
#6066 = PCURVE('',#6067,#6078);
#6067 = ( BOUNDED_SURFACE() B_SPLINE_SURFACE(2,1,(
    (#6068,#6069)
    ,(#6070,#6071)
    ,(#6072,#6073)
    ,(#6074,#6075)
    ,(#6076,#6077
)),.UNSPECIFIED.,.F.,.F.,.F.) B_SPLINE_SURFACE_WITH_KNOTS((3,2,3),(2,2),
  (-1.570796326795,-2.22044604925E-16,1.570796326795),(0.,42.672),
.PIECEWISE_BEZIER_KNOTS.) GEOMETRIC_REPRESENTATION_ITEM() 
RATIONAL_B_SPLINE_SURFACE((
    (1.,1.)
    ,(0.707106781187,0.707106781187)
    ,(1.,1.)
    ,(0.707106781187,0.707106781187)
,(1.,1.))) REPRESENTATION_ITEM('') SURFACE() );
#6068 = CARTESIAN_POINT('',(101.59999847412,0.,0.));
#6069 = CARTESIAN_POINT('',(101.59999847412,426.72,0.));
#6070 = CARTESIAN_POINT('',(101.59999847412,0.,-126.9999980926));
#6071 = CARTESIAN_POINT('',(101.59999847412,426.72,-126.9999980926));
#6072 = CARTESIAN_POINT('',(0.,0.,-126.9999980926));
#6073 = CARTESIAN_POINT('',(0.,426.72,-126.9999980926));
#6074 = CARTESIAN_POINT('',(-101.5999984741,0.,-126.9999980926));
#6075 = CARTESIAN_POINT('',(-101.5999984741,426.72,-126.9999980926));
#6076 = CARTESIAN_POINT('',(-101.5999984741,0.,0.));
#6077 = CARTESIAN_POINT('',(-101.5999984741,426.72,0.));
#6078 = DEFINITIONAL_REPRESENTATION('',(#6079),#6105);
#6079 = B_SPLINE_CURVE_WITH_KNOTS('',3,(#6080,#6081,#6082,#6083,#6084,
    #6085,#6086,#6087,#6088,#6089,#6090,#6091,#6092,#6093,#6094,#6095,
    #6096,#6097,#6098,#6099,#6100,#6101,#6102,#6103,#6104),
  .UNSPECIFIED.,.F.,.F.,(4,1,1,1,1,1,1,1,1,1,1,1,1,1,1,1,1,1,1,1,1,1,4),
  (0.67427913243,0.715029913992,0.755780695554,0.796531477116,
    0.837282258678,0.87803304024,0.918783821802,0.959534603365,
    1.000285384927,1.041036166489,1.081786948051,1.122537729613,
    1.163288511175,1.204039292737,1.244790074299,1.285540855861,
    1.326291637423,1.367042418985,1.407793200547,1.448543982109,
    1.489294763671,1.530045545233,1.570796326795),.UNSPECIFIED.);
#6080 = CARTESIAN_POINT('',(0.679942184519,35.56));
#6081 = CARTESIAN_POINT('',(0.692860060119,35.56));
#6082 = CARTESIAN_POINT('',(0.718666588438,35.56));
#6083 = CARTESIAN_POINT('',(0.757320874541,35.56));
#6084 = CARTESIAN_POINT('',(0.795951855819,35.56));
#6085 = CARTESIAN_POINT('',(0.834591596345,35.56));
#6086 = CARTESIAN_POINT('',(0.873272205379,35.56));
#6087 = CARTESIAN_POINT('',(0.912025923778,35.56));
#6088 = CARTESIAN_POINT('',(0.950885237222,35.56));
#6089 = CARTESIAN_POINT('',(0.989882984232,35.56));
#6090 = CARTESIAN_POINT('',(1.029052468571,35.56));
#6091 = CARTESIAN_POINT('',(1.068427574478,35.56));
#6092 = CARTESIAN_POINT('',(1.108042886238,35.56));
#6093 = CARTESIAN_POINT('',(1.147933812828,35.56));
#6094 = CARTESIAN_POINT('',(1.188136718647,35.56));
#6095 = CARTESIAN_POINT('',(1.228689061437,35.56));
#6096 = CARTESIAN_POINT('',(1.269629538331,35.56));
#6097 = CARTESIAN_POINT('',(1.310998242079,35.56));
#6098 = CARTESIAN_POINT('',(1.352836825873,35.56));
#6099 = CARTESIAN_POINT('',(1.395188689406,35.56));
#6100 = CARTESIAN_POINT('',(1.438099146451,35.56));
#6101 = CARTESIAN_POINT('',(1.481615730495,35.56));
#6102 = CARTESIAN_POINT('',(1.525788063587,35.56));
#6103 = CARTESIAN_POINT('',(1.555708983994,35.56));
#6104 = CARTESIAN_POINT('',(1.570796326795,35.56));
#6105 = ( GEOMETRIC_REPRESENTATION_CONTEXT(2) 
PARAMETRIC_REPRESENTATION_CONTEXT() REPRESENTATION_CONTEXT('2D SPACE',''
  ) );
#6106 = ADVANCED_FACE('',(#6107),#5670,.T.);
#6107 = FACE_BOUND('',#6108,.T.);
#6108 = EDGE_LOOP('',(#6109,#6135,#6163,#6186,#6209,#6230,#6231));
#6109 = ORIENTED_EDGE('',*,*,#6110,.T.);
#6110 = EDGE_CURVE('',#6111,#6113,#6115,.T.);
#6111 = VERTEX_POINT('',#6112);
#6112 = CARTESIAN_POINT('',(-101.5999984741,0.,101.59999809265));
#6113 = VERTEX_POINT('',#6114);
#6114 = CARTESIAN_POINT('',(-76.19999847412,0.,126.99999809265));
#6115 = SURFACE_CURVE('',#6116,(#6121,#6128),.PCURVE_S1.);
#6116 = CIRCLE('',#6117,25.4);
#6117 = AXIS2_PLACEMENT_3D('',#6118,#6119,#6120);
#6118 = CARTESIAN_POINT('',(-76.19999847412,0.,101.59999809265));
#6119 = DIRECTION('',(0.,1.,-0.));
#6120 = DIRECTION('',(-1.,0.,0.));
#6121 = PCURVE('',#5670,#6122);
#6122 = DEFINITIONAL_REPRESENTATION('',(#6123),#6127);
#6123 = LINE('',#6124,#6125);
#6124 = CARTESIAN_POINT('',(0.,0.));
#6125 = VECTOR('',#6126,1.);
#6126 = DIRECTION('',(1.,0.));
#6127 = ( GEOMETRIC_REPRESENTATION_CONTEXT(2) 
PARAMETRIC_REPRESENTATION_CONTEXT() REPRESENTATION_CONTEXT('2D SPACE',''
  ) );
#6128 = PCURVE('',#505,#6129);
#6129 = DEFINITIONAL_REPRESENTATION('',(#6130),#6134);
#6130 = CIRCLE('',#6131,25.4);
#6131 = AXIS2_PLACEMENT_2D('',#6132,#6133);
#6132 = CARTESIAN_POINT('',(-76.19999847412,-101.5999980926));
#6133 = DIRECTION('',(-1.,0.));
#6134 = ( GEOMETRIC_REPRESENTATION_CONTEXT(2) 
PARAMETRIC_REPRESENTATION_CONTEXT() REPRESENTATION_CONTEXT('2D SPACE',''
  ) );
#6135 = ORIENTED_EDGE('',*,*,#6136,.T.);
#6136 = EDGE_CURVE('',#6113,#6137,#6139,.T.);
#6137 = VERTEX_POINT('',#6138);
#6138 = CARTESIAN_POINT('',(-76.19999847412,26.359468163245,
    126.99999809265));
#6139 = SURFACE_CURVE('',#6140,(#6144,#6151),.PCURVE_S1.);
#6140 = LINE('',#6141,#6142);
#6141 = CARTESIAN_POINT('',(-76.19999847412,0.,126.99999809265));
#6142 = VECTOR('',#6143,1.);
#6143 = DIRECTION('',(0.,1.,0.));
#6144 = PCURVE('',#5670,#6145);
#6145 = DEFINITIONAL_REPRESENTATION('',(#6146),#6150);
#6146 = LINE('',#6147,#6148);
#6147 = CARTESIAN_POINT('',(1.570796326795,0.));
#6148 = VECTOR('',#6149,1.);
#6149 = DIRECTION('',(0.,1.));
#6150 = ( GEOMETRIC_REPRESENTATION_CONTEXT(2) 
PARAMETRIC_REPRESENTATION_CONTEXT() REPRESENTATION_CONTEXT('2D SPACE',''
  ) );
#6151 = PCURVE('',#6152,#6157);
#6152 = PLANE('',#6153);
#6153 = AXIS2_PLACEMENT_3D('',#6154,#6155,#6156);
#6154 = CARTESIAN_POINT('',(-76.19999847412,0.,126.99999809265));
#6155 = DIRECTION('',(0.,0.,1.));
#6156 = DIRECTION('',(1.,0.,-0.));
#6157 = DEFINITIONAL_REPRESENTATION('',(#6158),#6162);
#6158 = LINE('',#6159,#6160);
#6159 = CARTESIAN_POINT('',(0.,0.));
#6160 = VECTOR('',#6161,1.);
#6161 = DIRECTION('',(0.,1.));
#6162 = ( GEOMETRIC_REPRESENTATION_CONTEXT(2) 
PARAMETRIC_REPRESENTATION_CONTEXT() REPRESENTATION_CONTEXT('2D SPACE',''
  ) );
#6163 = ORIENTED_EDGE('',*,*,#6164,.T.);
#6164 = EDGE_CURVE('',#6137,#6165,#6167,.T.);
#6165 = VERTEX_POINT('',#6166);
#6166 = CARTESIAN_POINT('',(-76.19999847412,39.059468163245,
    126.99999809265));
#6167 = SURFACE_CURVE('',#6168,(#6172,#6179),.PCURVE_S1.);
#6168 = LINE('',#6169,#6170);
#6169 = CARTESIAN_POINT('',(-76.19999847412,0.,126.99999809265));
#6170 = VECTOR('',#6171,1.);
#6171 = DIRECTION('',(0.,1.,0.));
#6172 = PCURVE('',#5670,#6173);
#6173 = DEFINITIONAL_REPRESENTATION('',(#6174),#6178);
#6174 = LINE('',#6175,#6176);
#6175 = CARTESIAN_POINT('',(1.570796326795,0.));
#6176 = VECTOR('',#6177,1.);
#6177 = DIRECTION('',(0.,1.));
#6178 = ( GEOMETRIC_REPRESENTATION_CONTEXT(2) 
PARAMETRIC_REPRESENTATION_CONTEXT() REPRESENTATION_CONTEXT('2D SPACE',''
  ) );
#6179 = PCURVE('',#2795,#6180);
#6180 = DEFINITIONAL_REPRESENTATION('',(#6181),#6185);
#6181 = LINE('',#6182,#6183);
#6182 = CARTESIAN_POINT('',(-26.35946816324,0.));
#6183 = VECTOR('',#6184,1.);
#6184 = DIRECTION('',(1.,0.));
#6185 = ( GEOMETRIC_REPRESENTATION_CONTEXT(2) 
PARAMETRIC_REPRESENTATION_CONTEXT() REPRESENTATION_CONTEXT('2D SPACE',''
  ) );
#6186 = ORIENTED_EDGE('',*,*,#6187,.T.);
#6187 = EDGE_CURVE('',#6165,#6188,#6190,.T.);
#6188 = VERTEX_POINT('',#6189);
#6189 = CARTESIAN_POINT('',(-76.19999847412,204.15946816324,
    126.99999809265));
#6190 = SURFACE_CURVE('',#6191,(#6195,#6202),.PCURVE_S1.);
#6191 = LINE('',#6192,#6193);
#6192 = CARTESIAN_POINT('',(-76.19999847412,0.,126.99999809265));
#6193 = VECTOR('',#6194,1.);
#6194 = DIRECTION('',(0.,1.,0.));
#6195 = PCURVE('',#5670,#6196);
#6196 = DEFINITIONAL_REPRESENTATION('',(#6197),#6201);
#6197 = LINE('',#6198,#6199);
#6198 = CARTESIAN_POINT('',(1.570796326795,0.));
#6199 = VECTOR('',#6200,1.);
#6200 = DIRECTION('',(0.,1.));
#6201 = ( GEOMETRIC_REPRESENTATION_CONTEXT(2) 
PARAMETRIC_REPRESENTATION_CONTEXT() REPRESENTATION_CONTEXT('2D SPACE',''
  ) );
#6202 = PCURVE('',#3151,#6203);
#6203 = DEFINITIONAL_REPRESENTATION('',(#6204),#6208);
#6204 = LINE('',#6205,#6206);
#6205 = CARTESIAN_POINT('',(-26.35946816324,0.));
#6206 = VECTOR('',#6207,1.);
#6207 = DIRECTION('',(1.,0.));
#6208 = ( GEOMETRIC_REPRESENTATION_CONTEXT(2) 
PARAMETRIC_REPRESENTATION_CONTEXT() REPRESENTATION_CONTEXT('2D SPACE',''
  ) );
#6209 = ORIENTED_EDGE('',*,*,#6210,.T.);
#6210 = EDGE_CURVE('',#6188,#5654,#6211,.T.);
#6211 = SURFACE_CURVE('',#6212,(#6216,#6223),.PCURVE_S1.);
#6212 = LINE('',#6213,#6214);
#6213 = CARTESIAN_POINT('',(-76.19999847412,0.,126.99999809265));
#6214 = VECTOR('',#6215,1.);
#6215 = DIRECTION('',(0.,1.,0.));
#6216 = PCURVE('',#5670,#6217);
#6217 = DEFINITIONAL_REPRESENTATION('',(#6218),#6222);
#6218 = LINE('',#6219,#6220);
#6219 = CARTESIAN_POINT('',(1.570796326795,0.));
#6220 = VECTOR('',#6221,1.);
#6221 = DIRECTION('',(0.,1.));
#6222 = ( GEOMETRIC_REPRESENTATION_CONTEXT(2) 
PARAMETRIC_REPRESENTATION_CONTEXT() REPRESENTATION_CONTEXT('2D SPACE',''
  ) );
#6223 = PCURVE('',#5698,#6224);
#6224 = DEFINITIONAL_REPRESENTATION('',(#6225),#6229);
#6225 = LINE('',#6226,#6227);
#6226 = CARTESIAN_POINT('',(0.,0.));
#6227 = VECTOR('',#6228,1.);
#6228 = DIRECTION('',(0.,1.));
#6229 = ( GEOMETRIC_REPRESENTATION_CONTEXT(2) 
PARAMETRIC_REPRESENTATION_CONTEXT() REPRESENTATION_CONTEXT('2D SPACE',''
  ) );
#6230 = ORIENTED_EDGE('',*,*,#5653,.F.);
#6231 = ORIENTED_EDGE('',*,*,#6232,.F.);
#6232 = EDGE_CURVE('',#6111,#5631,#6233,.T.);
#6233 = SURFACE_CURVE('',#6234,(#6238,#6245),.PCURVE_S1.);
#6234 = LINE('',#6235,#6236);
#6235 = CARTESIAN_POINT('',(-101.5999984741,0.,101.59999809265));
#6236 = VECTOR('',#6237,1.);
#6237 = DIRECTION('',(0.,1.,0.));
#6238 = PCURVE('',#5670,#6239);
#6239 = DEFINITIONAL_REPRESENTATION('',(#6240),#6244);
#6240 = LINE('',#6241,#6242);
#6241 = CARTESIAN_POINT('',(0.,0.));
#6242 = VECTOR('',#6243,1.);
#6243 = DIRECTION('',(0.,1.));
#6244 = ( GEOMETRIC_REPRESENTATION_CONTEXT(2) 
PARAMETRIC_REPRESENTATION_CONTEXT() REPRESENTATION_CONTEXT('2D SPACE',''
  ) );
#6245 = PCURVE('',#532,#6246);
#6246 = DEFINITIONAL_REPRESENTATION('',(#6247),#6251);
#6247 = LINE('',#6248,#6249);
#6248 = CARTESIAN_POINT('',(101.59999809265,0.));
#6249 = VECTOR('',#6250,1.);
#6250 = DIRECTION('',(0.,1.));
#6251 = ( GEOMETRIC_REPRESENTATION_CONTEXT(2) 
PARAMETRIC_REPRESENTATION_CONTEXT() REPRESENTATION_CONTEXT('2D SPACE',''
  ) );
#6252 = ADVANCED_FACE('',(#6253),#6152,.T.);
#6253 = FACE_BOUND('',#6254,.T.);
#6254 = EDGE_LOOP('',(#6255,#6276,#6277,#6300));
#6255 = ORIENTED_EDGE('',*,*,#6256,.T.);
#6256 = EDGE_CURVE('',#3191,#6137,#6257,.T.);
#6257 = SURFACE_CURVE('',#6258,(#6262,#6269),.PCURVE_S1.);
#6258 = LINE('',#6259,#6260);
#6259 = CARTESIAN_POINT('',(1.525878907671E-06,26.359468163245,
    126.99999809265));
#6260 = VECTOR('',#6261,1.);
#6261 = DIRECTION('',(-1.,0.,0.));
#6262 = PCURVE('',#6152,#6263);
#6263 = DEFINITIONAL_REPRESENTATION('',(#6264),#6268);
#6264 = LINE('',#6265,#6266);
#6265 = CARTESIAN_POINT('',(76.199999999999,26.359468163245));
#6266 = VECTOR('',#6267,1.);
#6267 = DIRECTION('',(-1.,0.));
#6268 = ( GEOMETRIC_REPRESENTATION_CONTEXT(2) 
PARAMETRIC_REPRESENTATION_CONTEXT() REPRESENTATION_CONTEXT('2D SPACE',''
  ) );
#6269 = PCURVE('',#2872,#6270);
#6270 = DEFINITIONAL_REPRESENTATION('',(#6271),#6275);
#6271 = LINE('',#6272,#6273);
#6272 = CARTESIAN_POINT('',(76.2,0.));
#6273 = VECTOR('',#6274,1.);
#6274 = DIRECTION('',(1.,0.));
#6275 = ( GEOMETRIC_REPRESENTATION_CONTEXT(2) 
PARAMETRIC_REPRESENTATION_CONTEXT() REPRESENTATION_CONTEXT('2D SPACE',''
  ) );
#6276 = ORIENTED_EDGE('',*,*,#6136,.F.);
#6277 = ORIENTED_EDGE('',*,*,#6278,.F.);
#6278 = EDGE_CURVE('',#6279,#6113,#6281,.T.);
#6279 = VERTEX_POINT('',#6280);
#6280 = CARTESIAN_POINT('',(76.199998474121,0.,126.99999809265));
#6281 = SURFACE_CURVE('',#6282,(#6286,#6293),.PCURVE_S1.);
#6282 = LINE('',#6283,#6284);
#6283 = CARTESIAN_POINT('',(76.199998474121,0.,126.99999809265));
#6284 = VECTOR('',#6285,1.);
#6285 = DIRECTION('',(-1.,0.,0.));
#6286 = PCURVE('',#6152,#6287);
#6287 = DEFINITIONAL_REPRESENTATION('',(#6288),#6292);
#6288 = LINE('',#6289,#6290);
#6289 = CARTESIAN_POINT('',(152.39999694824,0.));
#6290 = VECTOR('',#6291,1.);
#6291 = DIRECTION('',(-1.,0.));
#6292 = ( GEOMETRIC_REPRESENTATION_CONTEXT(2) 
PARAMETRIC_REPRESENTATION_CONTEXT() REPRESENTATION_CONTEXT('2D SPACE',''
  ) );
#6293 = PCURVE('',#505,#6294);
#6294 = DEFINITIONAL_REPRESENTATION('',(#6295),#6299);
#6295 = LINE('',#6296,#6297);
#6296 = CARTESIAN_POINT('',(76.199998474121,-126.9999980926));
#6297 = VECTOR('',#6298,1.);
#6298 = DIRECTION('',(-1.,0.));
#6299 = ( GEOMETRIC_REPRESENTATION_CONTEXT(2) 
PARAMETRIC_REPRESENTATION_CONTEXT() REPRESENTATION_CONTEXT('2D SPACE',''
  ) );
#6300 = ORIENTED_EDGE('',*,*,#6301,.T.);
#6301 = EDGE_CURVE('',#6279,#3191,#6302,.T.);
#6302 = SURFACE_CURVE('',#6303,(#6307,#6314),.PCURVE_S1.);
#6303 = LINE('',#6304,#6305);
#6304 = CARTESIAN_POINT('',(76.199998474121,0.,126.99999809265));
#6305 = VECTOR('',#6306,1.);
#6306 = DIRECTION('',(0.,1.,0.));
#6307 = PCURVE('',#6152,#6308);
#6308 = DEFINITIONAL_REPRESENTATION('',(#6309),#6313);
#6309 = LINE('',#6310,#6311);
#6310 = CARTESIAN_POINT('',(152.39999694824,0.));
#6311 = VECTOR('',#6312,1.);
#6312 = DIRECTION('',(0.,1.));
#6313 = ( GEOMETRIC_REPRESENTATION_CONTEXT(2) 
PARAMETRIC_REPRESENTATION_CONTEXT() REPRESENTATION_CONTEXT('2D SPACE',''
  ) );
#6314 = PCURVE('',#3229,#6315);
#6315 = DEFINITIONAL_REPRESENTATION('',(#6316),#6320);
#6316 = LINE('',#6317,#6318);
#6317 = CARTESIAN_POINT('',(0.,0.));
#6318 = VECTOR('',#6319,1.);
#6319 = DIRECTION('',(0.,1.));
#6320 = ( GEOMETRIC_REPRESENTATION_CONTEXT(2) 
PARAMETRIC_REPRESENTATION_CONTEXT() REPRESENTATION_CONTEXT('2D SPACE',''
  ) );
#6321 = ADVANCED_FACE('',(#6322),#5698,.T.);
#6322 = FACE_BOUND('',#6323,.T.);
#6323 = EDGE_LOOP('',(#6324,#6345,#6366,#6367));
#6324 = ORIENTED_EDGE('',*,*,#6325,.T.);
#6325 = EDGE_CURVE('',#6188,#3214,#6326,.T.);
#6326 = SURFACE_CURVE('',#6327,(#6331,#6338),.PCURVE_S1.);
#6327 = LINE('',#6328,#6329);
#6328 = CARTESIAN_POINT('',(-76.19999847412,204.15946816324,
    126.99999809265));
#6329 = VECTOR('',#6330,1.);
#6330 = DIRECTION('',(1.,0.,0.));
#6331 = PCURVE('',#5698,#6332);
#6332 = DEFINITIONAL_REPRESENTATION('',(#6333),#6337);
#6333 = LINE('',#6334,#6335);
#6334 = CARTESIAN_POINT('',(0.,204.15946816324));
#6335 = VECTOR('',#6336,1.);
#6336 = DIRECTION('',(1.,0.));
#6337 = ( GEOMETRIC_REPRESENTATION_CONTEXT(2) 
PARAMETRIC_REPRESENTATION_CONTEXT() REPRESENTATION_CONTEXT('2D SPACE',''
  ) );
#6338 = PCURVE('',#3257,#6339);
#6339 = DEFINITIONAL_REPRESENTATION('',(#6340),#6344);
#6340 = LINE('',#6341,#6342);
#6341 = CARTESIAN_POINT('',(0.,0.));
#6342 = VECTOR('',#6343,1.);
#6343 = DIRECTION('',(1.,0.));
#6344 = ( GEOMETRIC_REPRESENTATION_CONTEXT(2) 
PARAMETRIC_REPRESENTATION_CONTEXT() REPRESENTATION_CONTEXT('2D SPACE',''
  ) );
#6345 = ORIENTED_EDGE('',*,*,#6346,.T.);
#6346 = EDGE_CURVE('',#3214,#5683,#6347,.T.);
#6347 = SURFACE_CURVE('',#6348,(#6352,#6359),.PCURVE_S1.);
#6348 = LINE('',#6349,#6350);
#6349 = CARTESIAN_POINT('',(76.199998474121,0.,126.99999809265));
#6350 = VECTOR('',#6351,1.);
#6351 = DIRECTION('',(0.,1.,0.));
#6352 = PCURVE('',#5698,#6353);
#6353 = DEFINITIONAL_REPRESENTATION('',(#6354),#6358);
#6354 = LINE('',#6355,#6356);
#6355 = CARTESIAN_POINT('',(152.39999694824,0.));
#6356 = VECTOR('',#6357,1.);
#6357 = DIRECTION('',(0.,1.));
#6358 = ( GEOMETRIC_REPRESENTATION_CONTEXT(2) 
PARAMETRIC_REPRESENTATION_CONTEXT() REPRESENTATION_CONTEXT('2D SPACE',''
  ) );
#6359 = PCURVE('',#3229,#6360);
#6360 = DEFINITIONAL_REPRESENTATION('',(#6361),#6365);
#6361 = LINE('',#6362,#6363);
#6362 = CARTESIAN_POINT('',(0.,0.));
#6363 = VECTOR('',#6364,1.);
#6364 = DIRECTION('',(0.,1.));
#6365 = ( GEOMETRIC_REPRESENTATION_CONTEXT(2) 
PARAMETRIC_REPRESENTATION_CONTEXT() REPRESENTATION_CONTEXT('2D SPACE',''
  ) );
#6366 = ORIENTED_EDGE('',*,*,#5682,.F.);
#6367 = ORIENTED_EDGE('',*,*,#6210,.F.);
#6368 = ADVANCED_FACE('',(#6369),#5856,.F.);
#6369 = FACE_BOUND('',#6370,.F.);
#6370 = EDGE_LOOP('',(#6371,#6427,#6428,#6450));
#6371 = ORIENTED_EDGE('',*,*,#6372,.F.);
#6372 = EDGE_CURVE('',#5804,#6373,#6375,.T.);
#6373 = VERTEX_POINT('',#6374);
#6374 = CARTESIAN_POINT('',(44.016467524561,347.98,-99.206965));
#6375 = SURFACE_CURVE('',#6376,(#6391,#6409),.PCURVE_S1.);
#6376 = B_SPLINE_CURVE_WITH_KNOTS('',4,(#6377,#6378,#6379,#6380,#6381,
    #6382,#6383,#6384,#6385,#6386,#6387,#6388,#6389,#6390),
  .UNSPECIFIED.,.F.,.F.,(5,3,3,3,5),(0.,0.25,0.5,0.75,1.),
  .UNSPECIFIED.);
#6377 = CARTESIAN_POINT('',(44.016467524562,355.6,-99.206965));
#6378 = CARTESIAN_POINT('',(44.016467524562,354.80624930313,-99.206965)
  );
#6379 = CARTESIAN_POINT('',(44.016467524562,354.01249860627,-99.206965)
  );
#6380 = CARTESIAN_POINT('',(44.016467524562,353.2187479094,-99.206965));
#6381 = CARTESIAN_POINT('',(44.016467524562,351.63124651567,-99.206965)
  );
#6382 = CARTESIAN_POINT('',(44.016467524562,350.83749581881,-99.206965)
  );
#6383 = CARTESIAN_POINT('',(44.016467524562,350.04374512194,-99.206965)
  );
#6384 = CARTESIAN_POINT('',(44.016467524562,348.45624372821,-99.206965)
  );
#6385 = CARTESIAN_POINT('',(44.016467524562,347.66249303134,-99.206965)
  );
#6386 = CARTESIAN_POINT('',(44.016467524562,346.86874233448,-99.206965)
  );
#6387 = CARTESIAN_POINT('',(44.016467524562,345.28124094075,-99.206965)
  );
#6388 = CARTESIAN_POINT('',(44.016467524562,344.48749024388,-99.206965)
  );
#6389 = CARTESIAN_POINT('',(44.016467524562,343.69373954702,-99.206965)
  );
#6390 = CARTESIAN_POINT('',(44.016467524562,342.89998885015,-99.206965)
  );
#6391 = PCURVE('',#5856,#6392);
#6392 = DEFINITIONAL_REPRESENTATION('',(#6393),#6408);
#6393 = B_SPLINE_CURVE_WITH_KNOTS('',4,(#6394,#6395,#6396,#6397,#6398,
    #6399,#6400,#6401,#6402,#6403,#6404,#6405,#6406,#6407),
  .UNSPECIFIED.,.F.,.F.,(5,3,3,3,5),(0.,0.25,0.5,0.75,1.),
  .UNSPECIFIED.);
#6394 = CARTESIAN_POINT('',(0.532067878151,0.));
#6395 = CARTESIAN_POINT('',(0.532067878151,7.93750696865E-02));
#6396 = CARTESIAN_POINT('',(0.532067878151,0.158750139373));
#6397 = CARTESIAN_POINT('',(0.532067878151,0.23812520906));
#6398 = CARTESIAN_POINT('',(0.532067878151,0.396875348433));
#6399 = CARTESIAN_POINT('',(0.532067878151,0.476250418119));
#6400 = CARTESIAN_POINT('',(0.532067878151,0.555625487806));
#6401 = CARTESIAN_POINT('',(0.532067878151,0.714375627179));
#6402 = CARTESIAN_POINT('',(0.532067878151,0.793750696865));
#6403 = CARTESIAN_POINT('',(0.532067878151,0.873125766552));
#6404 = CARTESIAN_POINT('',(0.532067878151,1.031875905925));
#6405 = CARTESIAN_POINT('',(0.532067878151,1.111250975611));
#6406 = CARTESIAN_POINT('',(0.532067878151,1.190626045298));
#6407 = CARTESIAN_POINT('',(0.532067878151,1.270001114984));
#6408 = ( GEOMETRIC_REPRESENTATION_CONTEXT(2) 
PARAMETRIC_REPRESENTATION_CONTEXT() REPRESENTATION_CONTEXT('2D SPACE',''
  ) );
#6409 = PCURVE('',#373,#6410);
#6410 = DEFINITIONAL_REPRESENTATION('',(#6411),#6426);
#6411 = B_SPLINE_CURVE_WITH_KNOTS('',4,(#6412,#6413,#6414,#6415,#6416,
    #6417,#6418,#6419,#6420,#6421,#6422,#6423,#6424,#6425),
  .UNSPECIFIED.,.F.,.F.,(5,3,3,3,5),(0.,0.25,0.5,0.75,1.),
  .UNSPECIFIED.);
#6412 = CARTESIAN_POINT('',(273.36343040416,77.2141));
#6413 = CARTESIAN_POINT('',(273.36343040416,76.42034930313));
#6414 = CARTESIAN_POINT('',(273.36343040416,75.62659860627));
#6415 = CARTESIAN_POINT('',(273.36343040416,74.8328479094));
#6416 = CARTESIAN_POINT('',(273.36343040416,73.24534651567));
#6417 = CARTESIAN_POINT('',(273.36343040416,72.45159581881));
#6418 = CARTESIAN_POINT('',(273.36343040416,71.65784512194));
#6419 = CARTESIAN_POINT('',(273.36343040416,70.07034372821));
#6420 = CARTESIAN_POINT('',(273.36343040416,69.27659303134));
#6421 = CARTESIAN_POINT('',(273.36343040416,68.48284233448));
#6422 = CARTESIAN_POINT('',(273.36343040416,66.89534094075));
#6423 = CARTESIAN_POINT('',(273.36343040416,66.10159024388));
#6424 = CARTESIAN_POINT('',(273.36343040416,65.30783954702));
#6425 = CARTESIAN_POINT('',(273.36343040416,64.51408885015));
#6426 = ( GEOMETRIC_REPRESENTATION_CONTEXT(2) 
PARAMETRIC_REPRESENTATION_CONTEXT() REPRESENTATION_CONTEXT('2D SPACE',''
  ) );
#6427 = ORIENTED_EDGE('',*,*,#5826,.T.);
#6428 = ORIENTED_EDGE('',*,*,#6429,.T.);
#6429 = EDGE_CURVE('',#5827,#6430,#6432,.T.);
#6430 = VERTEX_POINT('',#6431);
#6431 = CARTESIAN_POINT('',(88.899998474121,347.98,1.267044737359E-13));
#6432 = SURFACE_CURVE('',#6433,(#6437,#6443),.PCURVE_S1.);
#6433 = LINE('',#6434,#6435);
#6434 = CARTESIAN_POINT('',(88.899998474121,355.6,1.267044737359E-13));
#6435 = VECTOR('',#6436,1.);
#6436 = DIRECTION('',(0.,-1.,0.));
#6437 = PCURVE('',#5856,#6438);
#6438 = DEFINITIONAL_REPRESENTATION('',(#6439),#6442);
#6439 = B_SPLINE_CURVE_WITH_KNOTS('',1,(#6440,#6441),.UNSPECIFIED.,.F.,
  .F.,(2,2),(0.,12.700005149841),.PIECEWISE_BEZIER_KNOTS.);
#6440 = CARTESIAN_POINT('',(1.570796326795,-4.528061953168E-15));
#6441 = CARTESIAN_POINT('',(1.570796326795,1.270000514984));
#6442 = ( GEOMETRIC_REPRESENTATION_CONTEXT(2) 
PARAMETRIC_REPRESENTATION_CONTEXT() REPRESENTATION_CONTEXT('2D SPACE',''
  ) );
#6443 = PCURVE('',#5906,#6444);
#6444 = DEFINITIONAL_REPRESENTATION('',(#6445),#6449);
#6445 = LINE('',#6446,#6447);
#6446 = CARTESIAN_POINT('',(0.,0.));
#6447 = VECTOR('',#6448,1.);
#6448 = DIRECTION('',(0.,1.));
#6449 = ( GEOMETRIC_REPRESENTATION_CONTEXT(2) 
PARAMETRIC_REPRESENTATION_CONTEXT() REPRESENTATION_CONTEXT('2D SPACE',''
  ) );
#6450 = ORIENTED_EDGE('',*,*,#6451,.F.);
#6451 = EDGE_CURVE('',#6373,#6430,#6452,.T.);
#6452 = SURFACE_CURVE('',#6453,(#6464,#6471),.PCURVE_S1.);
#6453 = B_SPLINE_CURVE_WITH_KNOTS('',3,(#6454,#6455,#6456,#6457,#6458,
    #6459,#6460,#6461,#6462,#6463),.UNSPECIFIED.,.F.,.F.,(4,2,2,2,4),(0.
    ,0.390653106003,0.784975459989,1.1733981182,1.570796326795),
  .UNSPECIFIED.);
#6454 = CARTESIAN_POINT('',(2.388367582252E-03,347.98,-114.2981973807));
#6455 = CARTESIAN_POINT('',(11.170431678978,347.98,-114.294413889));
#6456 = CARTESIAN_POINT('',(22.341834713489,347.98,-111.5627948289));
#6457 = CARTESIAN_POINT('',(43.508775521449,347.98,-100.6666204702));
#6458 = CARTESIAN_POINT('',(53.469028069284,347.98,-92.42999733425));
#6459 = CARTESIAN_POINT('',(70.200687554147,347.98,-71.53309683218));
#6460 = CARTESIAN_POINT('',(76.994526048906,347.98,-58.95269663649));
#6461 = CARTESIAN_POINT('',(86.398930425433,347.98,-30.9453738139));
#6462 = CARTESIAN_POINT('',(88.899998474121,347.98,-15.47733531141));
#6463 = CARTESIAN_POINT('',(88.899998474121,347.98,1.87893047321E-14));
#6464 = PCURVE('',#5856,#6465);
#6465 = DEFINITIONAL_REPRESENTATION('',(#6466),#6470);
#6466 = B_SPLINE_CURVE_WITH_KNOTS('',2,(#6467,#6468,#6469),
  .UNSPECIFIED.,.F.,.F.,(3,3),(0.532067878151,1.570796326795),
  .PIECEWISE_BEZIER_KNOTS.);
#6467 = CARTESIAN_POINT('',(0.532067878151,0.762));
#6468 = CARTESIAN_POINT('',(1.051432102473,0.762));
#6469 = CARTESIAN_POINT('',(1.570796326795,0.762));
#6470 = ( GEOMETRIC_REPRESENTATION_CONTEXT(2) 
PARAMETRIC_REPRESENTATION_CONTEXT() REPRESENTATION_CONTEXT('2D SPACE',''
  ) );
#6471 = PCURVE('',#6472,#6499);
#6472 = B_SPLINE_SURFACE_WITH_KNOTS('',3,1,(
    (#6473,#6474)
    ,(#6475,#6476)
    ,(#6477,#6478)
    ,(#6479,#6480)
    ,(#6481,#6482)
    ,(#6483,#6484)
    ,(#6485,#6486)
    ,(#6487,#6488)
    ,(#6489,#6490)
    ,(#6491,#6492)
    ,(#6493,#6494)
    ,(#6495,#6496)
    ,(#6497,#6498
    )),.UNSPECIFIED.,.F.,.F.,.F.,(4,3,3,3,4),(2,2),(0.,0.390653106003,
    0.784975459989,1.1733981182,1.570796326795),(0.,15.24),
  .UNSPECIFIED.);
#6473 = CARTESIAN_POINT('',(2.388367582252E-03,355.6,-114.2981973807));
#6474 = CARTESIAN_POINT('',(2.388367582252E-03,203.2,-114.2981973807));
#6475 = CARTESIAN_POINT('',(11.170431678978,355.6,-114.294413889));
#6476 = CARTESIAN_POINT('',(11.170431678978,203.2,-114.294413889));
#6477 = CARTESIAN_POINT('',(22.341834713489,355.6,-111.5627948289));
#6478 = CARTESIAN_POINT('',(22.341834713489,203.2,-111.5627948289));
#6479 = CARTESIAN_POINT('',(32.875834300341,355.6,-106.1401739016));
#6480 = CARTESIAN_POINT('',(32.875834300341,203.2,-106.1401739016));
#6481 = CARTESIAN_POINT('',(43.508775521449,355.6,-100.6666204702));
#6482 = CARTESIAN_POINT('',(43.508775521449,203.2,-100.6666204702));
#6483 = CARTESIAN_POINT('',(53.469028069284,355.6,-92.42999733425));
#6484 = CARTESIAN_POINT('',(53.469028069284,203.2,-92.42999733425));
#6485 = CARTESIAN_POINT('',(61.897912637503,355.6,-81.90279515656));
#6486 = CARTESIAN_POINT('',(61.897912637503,203.2,-81.90279515656));
#6487 = CARTESIAN_POINT('',(70.200687554147,355.6,-71.53309683218));
#6488 = CARTESIAN_POINT('',(70.200687554147,203.2,-71.53309683218));
#6489 = CARTESIAN_POINT('',(76.994526048906,355.6,-58.95269663649));
#6490 = CARTESIAN_POINT('',(76.994526048906,203.2,-58.95269663649));
#6491 = CARTESIAN_POINT('',(81.643020255571,355.6,-45.10898334297));
#6492 = CARTESIAN_POINT('',(81.643020255571,203.2,-45.10898334297));
#6493 = CARTESIAN_POINT('',(86.398930425433,355.6,-30.9453738139));
#6494 = CARTESIAN_POINT('',(86.398930425433,203.2,-30.9453738139));
#6495 = CARTESIAN_POINT('',(88.899998474121,355.6,-15.47733531141));
#6496 = CARTESIAN_POINT('',(88.899998474121,203.2,-15.47733531141));
#6497 = CARTESIAN_POINT('',(88.899998474121,355.6,1.87893047321E-14));
#6498 = CARTESIAN_POINT('',(88.899998474121,203.2,1.87893047321E-14));
#6499 = DEFINITIONAL_REPRESENTATION('',(#6500),#6504);
#6500 = B_SPLINE_CURVE_WITH_KNOTS('',2,(#6501,#6502,#6503),
  .UNSPECIFIED.,.F.,.F.,(3,3),(0.532067878151,1.570796326795),
  .PIECEWISE_BEZIER_KNOTS.);
#6501 = CARTESIAN_POINT('',(0.532067878151,0.762));
#6502 = CARTESIAN_POINT('',(1.051432102473,0.762));
#6503 = CARTESIAN_POINT('',(1.570796326795,0.762));
#6504 = ( GEOMETRIC_REPRESENTATION_CONTEXT(2) 
PARAMETRIC_REPRESENTATION_CONTEXT() REPRESENTATION_CONTEXT('2D SPACE',''
  ) );
#6505 = ADVANCED_FACE('',(#6506),#6472,.F.);
#6506 = FACE_BOUND('',#6507,.F.);
#6507 = EDGE_LOOP('',(#6508,#6553,#6554,#6581));
#6508 = ORIENTED_EDGE('',*,*,#6509,.F.);
#6509 = EDGE_CURVE('',#6373,#6510,#6512,.T.);
#6510 = VERTEX_POINT('',#6511);
#6511 = CARTESIAN_POINT('',(44.016467524561,342.89999981901,-99.206965)
  );
#6512 = SURFACE_CURVE('',#6513,(#6528,#6535),.PCURVE_S1.);
#6513 = B_SPLINE_CURVE_WITH_KNOTS('',4,(#6514,#6515,#6516,#6517,#6518,
    #6519,#6520,#6521,#6522,#6523,#6524,#6525,#6526,#6527),
  .UNSPECIFIED.,.F.,.F.,(5,3,3,3,5),(0.,0.25,0.5,0.75,1.),
  .UNSPECIFIED.);
#6514 = CARTESIAN_POINT('',(44.016467524562,347.98,-99.206965));
#6515 = CARTESIAN_POINT('',(44.016467524562,347.662499625,-99.206965));
#6516 = CARTESIAN_POINT('',(44.016467524562,347.34499925,-99.206965));
#6517 = CARTESIAN_POINT('',(44.016467524562,347.027498875,-99.206965));
#6518 = CARTESIAN_POINT('',(44.016467524562,346.392498125,-99.206965));
#6519 = CARTESIAN_POINT('',(44.016467524562,346.07499775,-99.206965));
#6520 = CARTESIAN_POINT('',(44.016467524562,345.757497375,-99.206965));
#6521 = CARTESIAN_POINT('',(44.016467524562,345.122496625,-99.206965));
#6522 = CARTESIAN_POINT('',(44.016467524562,344.80499625,-99.206965));
#6523 = CARTESIAN_POINT('',(44.016467524562,344.487495875,-99.206965));
#6524 = CARTESIAN_POINT('',(44.016467524562,343.852495125,-99.206965));
#6525 = CARTESIAN_POINT('',(44.016467524562,343.53499475,-99.206965));
#6526 = CARTESIAN_POINT('',(44.016467524562,343.217494375,-99.206965));
#6527 = CARTESIAN_POINT('',(44.016467524562,342.899994,-99.206965));
#6528 = PCURVE('',#6472,#6529);
#6529 = DEFINITIONAL_REPRESENTATION('',(#6530),#6534);
#6530 = B_SPLINE_CURVE_WITH_KNOTS('',2,(#6531,#6532,#6533),
  .UNSPECIFIED.,.F.,.F.,(3,3),(0.,0.999998854527),
  .PIECEWISE_BEZIER_KNOTS.);
#6531 = CARTESIAN_POINT('',(0.532067878151,0.762));
#6532 = CARTESIAN_POINT('',(0.532067878151,1.016));
#6533 = CARTESIAN_POINT('',(0.532067878151,1.27));
#6534 = ( GEOMETRIC_REPRESENTATION_CONTEXT(2) 
PARAMETRIC_REPRESENTATION_CONTEXT() REPRESENTATION_CONTEXT('2D SPACE',''
  ) );
#6535 = PCURVE('',#373,#6536);
#6536 = DEFINITIONAL_REPRESENTATION('',(#6537),#6552);
#6537 = B_SPLINE_CURVE_WITH_KNOTS('',4,(#6538,#6539,#6540,#6541,#6542,
    #6543,#6544,#6545,#6546,#6547,#6548,#6549,#6550,#6551),
  .UNSPECIFIED.,.F.,.F.,(5,3,3,3,5),(0.,0.25,0.5,0.75,1.),
  .UNSPECIFIED.);
#6538 = CARTESIAN_POINT('',(273.36343040416,69.5941));
#6539 = CARTESIAN_POINT('',(273.36343040416,69.276599625));
#6540 = CARTESIAN_POINT('',(273.36343040416,68.95909925));
#6541 = CARTESIAN_POINT('',(273.36343040416,68.641598875));
#6542 = CARTESIAN_POINT('',(273.36343040416,68.006598125));
#6543 = CARTESIAN_POINT('',(273.36343040416,67.68909775));
#6544 = CARTESIAN_POINT('',(273.36343040416,67.371597375));
#6545 = CARTESIAN_POINT('',(273.36343040416,66.736596625));
#6546 = CARTESIAN_POINT('',(273.36343040416,66.41909625));
#6547 = CARTESIAN_POINT('',(273.36343040416,66.101595875));
#6548 = CARTESIAN_POINT('',(273.36343040416,65.466595125));
#6549 = CARTESIAN_POINT('',(273.36343040416,65.14909475));
#6550 = CARTESIAN_POINT('',(273.36343040416,64.831594375));
#6551 = CARTESIAN_POINT('',(273.36343040416,64.514094));
#6552 = ( GEOMETRIC_REPRESENTATION_CONTEXT(2) 
PARAMETRIC_REPRESENTATION_CONTEXT() REPRESENTATION_CONTEXT('2D SPACE',''
  ) );
#6553 = ORIENTED_EDGE('',*,*,#6451,.T.);
#6554 = ORIENTED_EDGE('',*,*,#6555,.T.);
#6555 = EDGE_CURVE('',#6430,#6556,#6558,.T.);
#6556 = VERTEX_POINT('',#6557);
#6557 = CARTESIAN_POINT('',(88.899998474121,342.9,1.24344978758E-13));
#6558 = SURFACE_CURVE('',#6559,(#6563,#6569),.PCURVE_S1.);
#6559 = LINE('',#6560,#6561);
#6560 = CARTESIAN_POINT('',(88.899998474121,347.98,1.267044737359E-13));
#6561 = VECTOR('',#6562,1.);
#6562 = DIRECTION('',(0.,-1.,0.));
#6563 = PCURVE('',#6472,#6564);
#6564 = DEFINITIONAL_REPRESENTATION('',(#6565),#6568);
#6565 = B_SPLINE_CURVE_WITH_KNOTS('',1,(#6566,#6567),.UNSPECIFIED.,.F.,
  .F.,(2,2),(0.,5.08),.PIECEWISE_BEZIER_KNOTS.);
#6566 = CARTESIAN_POINT('',(1.570796326795,0.762));
#6567 = CARTESIAN_POINT('',(1.570796326795,1.27));
#6568 = ( GEOMETRIC_REPRESENTATION_CONTEXT(2) 
PARAMETRIC_REPRESENTATION_CONTEXT() REPRESENTATION_CONTEXT('2D SPACE',''
  ) );
#6569 = PCURVE('',#6570,#6575);
#6570 = PLANE('',#6571);
#6571 = AXIS2_PLACEMENT_3D('',#6572,#6573,#6574);
#6572 = CARTESIAN_POINT('',(88.899998474121,347.98,1.267044737359E-13));
#6573 = DIRECTION('',(1.,0.,0.));
#6574 = DIRECTION('',(0.,0.,1.));
#6575 = DEFINITIONAL_REPRESENTATION('',(#6576),#6580);
#6576 = LINE('',#6577,#6578);
#6577 = CARTESIAN_POINT('',(0.,0.));
#6578 = VECTOR('',#6579,1.);
#6579 = DIRECTION('',(0.,1.));
#6580 = ( GEOMETRIC_REPRESENTATION_CONTEXT(2) 
PARAMETRIC_REPRESENTATION_CONTEXT() REPRESENTATION_CONTEXT('2D SPACE',''
  ) );
#6581 = ORIENTED_EDGE('',*,*,#6582,.F.);
#6582 = EDGE_CURVE('',#6510,#6556,#6583,.T.);
#6583 = SURFACE_CURVE('',#6584,(#6595,#6602),.PCURVE_S1.);
#6584 = B_SPLINE_CURVE_WITH_KNOTS('',3,(#6585,#6586,#6587,#6588,#6589,
    #6590,#6591,#6592,#6593,#6594),.UNSPECIFIED.,.F.,.F.,(4,2,2,2,4),(0.
    ,0.390653106003,0.784975459989,1.1733981182,1.570796326795),
  .UNSPECIFIED.);
#6585 = CARTESIAN_POINT('',(2.388367582252E-03,342.9,-114.2981973807));
#6586 = CARTESIAN_POINT('',(11.170431678978,342.9,-114.294413889));
#6587 = CARTESIAN_POINT('',(22.341834713489,342.9,-111.5627948289));
#6588 = CARTESIAN_POINT('',(43.508775521449,342.9,-100.6666204702));
#6589 = CARTESIAN_POINT('',(53.469028069284,342.9,-92.42999733425));
#6590 = CARTESIAN_POINT('',(70.200687554147,342.9,-71.53309683218));
#6591 = CARTESIAN_POINT('',(76.994526048906,342.9,-58.95269663649));
#6592 = CARTESIAN_POINT('',(86.398930425433,342.9,-30.9453738139));
#6593 = CARTESIAN_POINT('',(88.899998474121,342.9,-15.47733531141));
#6594 = CARTESIAN_POINT('',(88.899998474121,342.9,1.87893047321E-14));
#6595 = PCURVE('',#6472,#6596);
#6596 = DEFINITIONAL_REPRESENTATION('',(#6597),#6601);
#6597 = B_SPLINE_CURVE_WITH_KNOTS('',2,(#6598,#6599,#6600),
  .UNSPECIFIED.,.F.,.F.,(3,3),(0.532067878151,1.570796326795),
  .PIECEWISE_BEZIER_KNOTS.);
#6598 = CARTESIAN_POINT('',(0.532067878151,1.27));
#6599 = CARTESIAN_POINT('',(1.051432102473,1.27));
#6600 = CARTESIAN_POINT('',(1.570796326795,1.27));
#6601 = ( GEOMETRIC_REPRESENTATION_CONTEXT(2) 
PARAMETRIC_REPRESENTATION_CONTEXT() REPRESENTATION_CONTEXT('2D SPACE',''
  ) );
#6602 = PCURVE('',#6603,#6630);
#6603 = B_SPLINE_SURFACE_WITH_KNOTS('',3,1,(
    (#6604,#6605)
    ,(#6606,#6607)
    ,(#6608,#6609)
    ,(#6610,#6611)
    ,(#6612,#6613)
    ,(#6614,#6615)
    ,(#6616,#6617)
    ,(#6618,#6619)
    ,(#6620,#6621)
    ,(#6622,#6623)
    ,(#6624,#6625)
    ,(#6626,#6627)
    ,(#6628,#6629
    )),.UNSPECIFIED.,.F.,.F.,.F.,(4,3,3,3,4),(2,2),(0.,0.390653106003,
    0.784975459989,1.1733981182,1.570796326795),(0.,15.24),
  .UNSPECIFIED.);
#6604 = CARTESIAN_POINT('',(2.388367582252E-03,355.6,-114.2981973807));
#6605 = CARTESIAN_POINT('',(2.388367582252E-03,203.2,-114.2981973807));
#6606 = CARTESIAN_POINT('',(11.170431678978,355.6,-114.294413889));
#6607 = CARTESIAN_POINT('',(11.170431678978,203.2,-114.294413889));
#6608 = CARTESIAN_POINT('',(22.341834713489,355.6,-111.5627948289));
#6609 = CARTESIAN_POINT('',(22.341834713489,203.2,-111.5627948289));
#6610 = CARTESIAN_POINT('',(32.875834300341,355.6,-106.1401739016));
#6611 = CARTESIAN_POINT('',(32.875834300341,203.2,-106.1401739016));
#6612 = CARTESIAN_POINT('',(43.508775521449,355.6,-100.6666204702));
#6613 = CARTESIAN_POINT('',(43.508775521449,203.2,-100.6666204702));
#6614 = CARTESIAN_POINT('',(53.469028069284,355.6,-92.42999733425));
#6615 = CARTESIAN_POINT('',(53.469028069284,203.2,-92.42999733425));
#6616 = CARTESIAN_POINT('',(61.897912637503,355.6,-81.90279515656));
#6617 = CARTESIAN_POINT('',(61.897912637503,203.2,-81.90279515656));
#6618 = CARTESIAN_POINT('',(70.200687554147,355.6,-71.53309683218));
#6619 = CARTESIAN_POINT('',(70.200687554147,203.2,-71.53309683218));
#6620 = CARTESIAN_POINT('',(76.994526048906,355.6,-58.95269663649));
#6621 = CARTESIAN_POINT('',(76.994526048906,203.2,-58.95269663649));
#6622 = CARTESIAN_POINT('',(81.643020255571,355.6,-45.10898334297));
#6623 = CARTESIAN_POINT('',(81.643020255571,203.2,-45.10898334297));
#6624 = CARTESIAN_POINT('',(86.398930425433,355.6,-30.9453738139));
#6625 = CARTESIAN_POINT('',(86.398930425433,203.2,-30.9453738139));
#6626 = CARTESIAN_POINT('',(88.899998474121,355.6,-15.47733531141));
#6627 = CARTESIAN_POINT('',(88.899998474121,203.2,-15.47733531141));
#6628 = CARTESIAN_POINT('',(88.899998474121,355.6,1.87893047321E-14));
#6629 = CARTESIAN_POINT('',(88.899998474121,203.2,1.87893047321E-14));
#6630 = DEFINITIONAL_REPRESENTATION('',(#6631),#6635);
#6631 = B_SPLINE_CURVE_WITH_KNOTS('',2,(#6632,#6633,#6634),
  .UNSPECIFIED.,.F.,.F.,(3,3),(0.532067878151,1.570796326795),
  .PIECEWISE_BEZIER_KNOTS.);
#6632 = CARTESIAN_POINT('',(0.532067878151,1.27));
#6633 = CARTESIAN_POINT('',(1.051432102473,1.27));
#6634 = CARTESIAN_POINT('',(1.570796326795,1.27));
#6635 = ( GEOMETRIC_REPRESENTATION_CONTEXT(2) 
PARAMETRIC_REPRESENTATION_CONTEXT() REPRESENTATION_CONTEXT('2D SPACE',''
  ) );
#6636 = ADVANCED_FACE('',(#6637),#6570,.F.);
#6637 = FACE_BOUND('',#6638,.F.);
#6638 = EDGE_LOOP('',(#6639,#6662,#6690,#6711));
#6639 = ORIENTED_EDGE('',*,*,#6640,.T.);
#6640 = EDGE_CURVE('',#6430,#6641,#6643,.T.);
#6641 = VERTEX_POINT('',#6642);
#6642 = CARTESIAN_POINT('',(88.899998474121,347.98,101.59999809265));
#6643 = SURFACE_CURVE('',#6644,(#6648,#6655),.PCURVE_S1.);
#6644 = LINE('',#6645,#6646);
#6645 = CARTESIAN_POINT('',(88.899998474121,347.98,1.702218785149E-14));
#6646 = VECTOR('',#6647,1.);
#6647 = DIRECTION('',(0.,0.,1.));
#6648 = PCURVE('',#6570,#6649);
#6649 = DEFINITIONAL_REPRESENTATION('',(#6650),#6654);
#6650 = LINE('',#6651,#6652);
#6651 = CARTESIAN_POINT('',(-1.096822858844E-13,0.));
#6652 = VECTOR('',#6653,1.);
#6653 = DIRECTION('',(1.,0.));
#6654 = ( GEOMETRIC_REPRESENTATION_CONTEXT(2) 
PARAMETRIC_REPRESENTATION_CONTEXT() REPRESENTATION_CONTEXT('2D SPACE',''
  ) );
#6655 = PCURVE('',#5906,#6656);
#6656 = DEFINITIONAL_REPRESENTATION('',(#6657),#6661);
#6657 = LINE('',#6658,#6659);
#6658 = CARTESIAN_POINT('',(-1.096822858844E-13,7.62));
#6659 = VECTOR('',#6660,1.);
#6660 = DIRECTION('',(1.,0.));
#6661 = ( GEOMETRIC_REPRESENTATION_CONTEXT(2) 
PARAMETRIC_REPRESENTATION_CONTEXT() REPRESENTATION_CONTEXT('2D SPACE',''
  ) );
#6662 = ORIENTED_EDGE('',*,*,#6663,.T.);
#6663 = EDGE_CURVE('',#6641,#6664,#6666,.T.);
#6664 = VERTEX_POINT('',#6665);
#6665 = CARTESIAN_POINT('',(88.899998474121,342.9,101.59999809265));
#6666 = SURFACE_CURVE('',#6667,(#6671,#6678),.PCURVE_S1.);
#6667 = LINE('',#6668,#6669);
#6668 = CARTESIAN_POINT('',(88.899998474121,347.98,101.59999809265));
#6669 = VECTOR('',#6670,1.);
#6670 = DIRECTION('',(0.,-1.,0.));
#6671 = PCURVE('',#6570,#6672);
#6672 = DEFINITIONAL_REPRESENTATION('',(#6673),#6677);
#6673 = LINE('',#6674,#6675);
#6674 = CARTESIAN_POINT('',(101.59999809265,0.));
#6675 = VECTOR('',#6676,1.);
#6676 = DIRECTION('',(0.,1.));
#6677 = ( GEOMETRIC_REPRESENTATION_CONTEXT(2) 
PARAMETRIC_REPRESENTATION_CONTEXT() REPRESENTATION_CONTEXT('2D SPACE',''
  ) );
#6678 = PCURVE('',#6679,#6684);
#6679 = CYLINDRICAL_SURFACE('',#6680,12.7);
#6680 = AXIS2_PLACEMENT_3D('',#6681,#6682,#6683);
#6681 = CARTESIAN_POINT('',(76.199998474121,347.98,101.59999809265));
#6682 = DIRECTION('',(0.,-1.,0.));
#6683 = DIRECTION('',(-6.993530863781E-16,0.,1.));
#6684 = DEFINITIONAL_REPRESENTATION('',(#6685),#6689);
#6685 = LINE('',#6686,#6687);
#6686 = CARTESIAN_POINT('',(4.712388980385,0.));
#6687 = VECTOR('',#6688,1.);
#6688 = DIRECTION('',(0.,1.));
#6689 = ( GEOMETRIC_REPRESENTATION_CONTEXT(2) 
PARAMETRIC_REPRESENTATION_CONTEXT() REPRESENTATION_CONTEXT('2D SPACE',''
  ) );
#6690 = ORIENTED_EDGE('',*,*,#6691,.F.);
#6691 = EDGE_CURVE('',#6556,#6664,#6692,.T.);
#6692 = SURFACE_CURVE('',#6693,(#6697,#6704),.PCURVE_S1.);
#6693 = LINE('',#6694,#6695);
#6694 = CARTESIAN_POINT('',(88.899998474121,342.9,1.702218785149E-14));
#6695 = VECTOR('',#6696,1.);
#6696 = DIRECTION('',(0.,0.,1.));
#6697 = PCURVE('',#6570,#6698);
#6698 = DEFINITIONAL_REPRESENTATION('',(#6699),#6703);
#6699 = LINE('',#6700,#6701);
#6700 = CARTESIAN_POINT('',(-1.096822858844E-13,5.08));
#6701 = VECTOR('',#6702,1.);
#6702 = DIRECTION('',(1.,0.));
#6703 = ( GEOMETRIC_REPRESENTATION_CONTEXT(2) 
PARAMETRIC_REPRESENTATION_CONTEXT() REPRESENTATION_CONTEXT('2D SPACE',''
  ) );
#6704 = PCURVE('',#3851,#6705);
#6705 = DEFINITIONAL_REPRESENTATION('',(#6706),#6710);
#6706 = LINE('',#6707,#6708);
#6707 = CARTESIAN_POINT('',(-1.096822858844E-13,12.7));
#6708 = VECTOR('',#6709,1.);
#6709 = DIRECTION('',(1.,0.));
#6710 = ( GEOMETRIC_REPRESENTATION_CONTEXT(2) 
PARAMETRIC_REPRESENTATION_CONTEXT() REPRESENTATION_CONTEXT('2D SPACE',''
  ) );
#6711 = ORIENTED_EDGE('',*,*,#6555,.F.);
#6712 = ADVANCED_FACE('',(#6713),#6679,.F.);
#6713 = FACE_BOUND('',#6714,.F.);
#6714 = EDGE_LOOP('',(#6715,#6739,#6762,#6784));
#6715 = ORIENTED_EDGE('',*,*,#6716,.F.);
#6716 = EDGE_CURVE('',#6717,#6641,#6719,.T.);
#6717 = VERTEX_POINT('',#6718);
#6718 = CARTESIAN_POINT('',(76.199998474121,347.98,114.29999809265));
#6719 = SURFACE_CURVE('',#6720,(#6725,#6732),.PCURVE_S1.);
#6720 = CIRCLE('',#6721,12.7);
#6721 = AXIS2_PLACEMENT_3D('',#6722,#6723,#6724);
#6722 = CARTESIAN_POINT('',(76.199998474121,347.98,101.59999809265));
#6723 = DIRECTION('',(0.,1.,-0.));
#6724 = DIRECTION('',(-6.993530863781E-16,0.,1.));
#6725 = PCURVE('',#6679,#6726);
#6726 = DEFINITIONAL_REPRESENTATION('',(#6727),#6731);
#6727 = LINE('',#6728,#6729);
#6728 = CARTESIAN_POINT('',(6.28318530718,0.));
#6729 = VECTOR('',#6730,1.);
#6730 = DIRECTION('',(-1.,0.));
#6731 = ( GEOMETRIC_REPRESENTATION_CONTEXT(2) 
PARAMETRIC_REPRESENTATION_CONTEXT() REPRESENTATION_CONTEXT('2D SPACE',''
  ) );
#6732 = PCURVE('',#5939,#6733);
#6733 = DEFINITIONAL_REPRESENTATION('',(#6734),#6738);
#6734 = LINE('',#6735,#6736);
#6735 = CARTESIAN_POINT('',(6.28318530718,7.62));
#6736 = VECTOR('',#6737,1.);
#6737 = DIRECTION('',(-1.,0.));
#6738 = ( GEOMETRIC_REPRESENTATION_CONTEXT(2) 
PARAMETRIC_REPRESENTATION_CONTEXT() REPRESENTATION_CONTEXT('2D SPACE',''
  ) );
#6739 = ORIENTED_EDGE('',*,*,#6740,.T.);
#6740 = EDGE_CURVE('',#6717,#6741,#6743,.T.);
#6741 = VERTEX_POINT('',#6742);
#6742 = CARTESIAN_POINT('',(76.199998474121,342.9,114.29999809265));
#6743 = SURFACE_CURVE('',#6744,(#6748,#6755),.PCURVE_S1.);
#6744 = LINE('',#6745,#6746);
#6745 = CARTESIAN_POINT('',(76.199998474121,347.98,114.29999809265));
#6746 = VECTOR('',#6747,1.);
#6747 = DIRECTION('',(0.,-1.,0.));
#6748 = PCURVE('',#6679,#6749);
#6749 = DEFINITIONAL_REPRESENTATION('',(#6750),#6754);
#6750 = LINE('',#6751,#6752);
#6751 = CARTESIAN_POINT('',(6.28318530718,0.));
#6752 = VECTOR('',#6753,1.);
#6753 = DIRECTION('',(0.,1.));
#6754 = ( GEOMETRIC_REPRESENTATION_CONTEXT(2) 
PARAMETRIC_REPRESENTATION_CONTEXT() REPRESENTATION_CONTEXT('2D SPACE',''
  ) );
#6755 = PCURVE('',#3790,#6756);
#6756 = DEFINITIONAL_REPRESENTATION('',(#6757),#6761);
#6757 = LINE('',#6758,#6759);
#6758 = CARTESIAN_POINT('',(0.,7.62));
#6759 = VECTOR('',#6760,1.);
#6760 = DIRECTION('',(0.,1.));
#6761 = ( GEOMETRIC_REPRESENTATION_CONTEXT(2) 
PARAMETRIC_REPRESENTATION_CONTEXT() REPRESENTATION_CONTEXT('2D SPACE',''
  ) );
#6762 = ORIENTED_EDGE('',*,*,#6763,.F.);
#6763 = EDGE_CURVE('',#6664,#6741,#6764,.T.);
#6764 = SURFACE_CURVE('',#6765,(#6770,#6777),.PCURVE_S1.);
#6765 = CIRCLE('',#6766,12.7);
#6766 = AXIS2_PLACEMENT_3D('',#6767,#6768,#6769);
#6767 = CARTESIAN_POINT('',(76.199998474121,342.9,101.59999809265));
#6768 = DIRECTION('',(0.,-1.,0.));
#6769 = DIRECTION('',(-6.993530863781E-16,0.,1.));
#6770 = PCURVE('',#6679,#6771);
#6771 = DEFINITIONAL_REPRESENTATION('',(#6772),#6776);
#6772 = LINE('',#6773,#6774);
#6773 = CARTESIAN_POINT('',(8.881784197001E-16,5.08));
#6774 = VECTOR('',#6775,1.);
#6775 = DIRECTION('',(1.,0.));
#6776 = ( GEOMETRIC_REPRESENTATION_CONTEXT(2) 
PARAMETRIC_REPRESENTATION_CONTEXT() REPRESENTATION_CONTEXT('2D SPACE',''
  ) );
#6777 = PCURVE('',#3823,#6778);
#6778 = DEFINITIONAL_REPRESENTATION('',(#6779),#6783);
#6779 = LINE('',#6780,#6781);
#6780 = CARTESIAN_POINT('',(4.196118518268E-15,12.7));
#6781 = VECTOR('',#6782,1.);
#6782 = DIRECTION('',(1.,0.));
#6783 = ( GEOMETRIC_REPRESENTATION_CONTEXT(2) 
PARAMETRIC_REPRESENTATION_CONTEXT() REPRESENTATION_CONTEXT('2D SPACE',''
  ) );
#6784 = ORIENTED_EDGE('',*,*,#6663,.F.);
#6785 = ADVANCED_FACE('',(#6786),#6603,.F.);
#6786 = FACE_BOUND('',#6787,.F.);
#6787 = EDGE_LOOP('',(#6788,#6835,#6836));
#6788 = ORIENTED_EDGE('',*,*,#6789,.T.);
#6789 = EDGE_CURVE('',#6790,#6510,#6792,.T.);
#6790 = VERTEX_POINT('',#6791);
#6791 = CARTESIAN_POINT('',(88.899998474121,342.89999485015,
    -6.678772016451E-07));
#6792 = SURFACE_CURVE('',#6793,(#6807,#6813),.PCURVE_S1.);
#6793 = B_SPLINE_CURVE_WITH_KNOTS('',3,(#6794,#6795,#6796,#6797,#6798,
    #6799,#6800,#6801,#6802,#6803,#6804,#6805,#6806),.UNSPECIFIED.,.F.,
  .F.,(4,3,3,3,4),(-15.26029835171,-11.39957175146,-7.626042636751,
    -3.795197932176,0.),.UNSPECIFIED.);
#6794 = CARTESIAN_POINT('',(88.899998474121,342.89999485015,
    -6.678772113133E-07));
#6795 = CARTESIAN_POINT('',(88.89999840217,342.89999485015,
    -15.4773357564));
#6796 = CARTESIAN_POINT('',(86.398930357024,342.89999485015,
    -30.94537401763));
#6797 = CARTESIAN_POINT('',(81.643020255571,342.89999485015,
    -45.10898334297));
#6798 = CARTESIAN_POINT('',(76.994526048906,342.89999485015,
    -58.95269663649));
#6799 = CARTESIAN_POINT('',(70.200687554147,342.89999485015,
    -71.53309683218));
#6800 = CARTESIAN_POINT('',(61.897912637503,342.89999485015,
    -81.90279515656));
#6801 = CARTESIAN_POINT('',(53.469028069284,342.89999485015,
    -92.42999733425));
#6802 = CARTESIAN_POINT('',(43.508775521449,342.89999485015,
    -100.6666204702));
#6803 = CARTESIAN_POINT('',(32.875834300341,342.89999485015,
    -106.1401739016));
#6804 = CARTESIAN_POINT('',(22.341834713489,342.89999485015,
    -111.5627948289));
#6805 = CARTESIAN_POINT('',(11.170431678978,342.89999485015,
    -114.294413889));
#6806 = CARTESIAN_POINT('',(2.38836758227E-03,342.89999485015,
    -114.2981973807));
#6807 = PCURVE('',#6603,#6808);
#6808 = DEFINITIONAL_REPRESENTATION('',(#6809),#6812);
#6809 = B_SPLINE_CURVE_WITH_KNOTS('',1,(#6810,#6811),.UNSPECIFIED.,.F.,
  .F.,(2,2),(-15.26029835171,0.),.PIECEWISE_BEZIER_KNOTS.);
#6810 = CARTESIAN_POINT('',(1.570796321079,1.270000514984));
#6811 = CARTESIAN_POINT('',(2.371024288264E-16,1.270000514984));
#6812 = ( GEOMETRIC_REPRESENTATION_CONTEXT(2) 
PARAMETRIC_REPRESENTATION_CONTEXT() REPRESENTATION_CONTEXT('2D SPACE',''
  ) );
#6813 = PCURVE('',#6814,#6819);
#6814 = PLANE('',#6815);
#6815 = AXIS2_PLACEMENT_3D('',#6816,#6817,#6818);
#6816 = CARTESIAN_POINT('',(88.899998474121,342.89999485015,
    88.899998664856));
#6817 = DIRECTION('',(0.,1.,0.));
#6818 = DIRECTION('',(1.748382748768E-16,0.,-1.));
#6819 = DEFINITIONAL_REPRESENTATION('',(#6820),#6834);
#6820 = B_SPLINE_CURVE_WITH_KNOTS('',3,(#6821,#6822,#6823,#6824,#6825,
    #6826,#6827,#6828,#6829,#6830,#6831,#6832,#6833),.UNSPECIFIED.,.F.,
  .F.,(4,3,3,3,4),(-15.26029835171,-11.39957175146,-7.626042636751,
    -3.795197932176,0.),.UNSPECIFIED.);
#6821 = CARTESIAN_POINT('',(88.899999332733,1.42108547152E-14));
#6822 = CARTESIAN_POINT('',(104.37733442125,7.19510211411E-08));
#6823 = CARTESIAN_POINT('',(119.84537268248,2.501068117097));
#6824 = CARTESIAN_POINT('',(134.00898200782,7.25697821855));
#6825 = CARTESIAN_POINT('',(147.85269530134,11.905472425215));
#6826 = CARTESIAN_POINT('',(160.43309549703,18.699310919974));
#6827 = CARTESIAN_POINT('',(170.80279382141,27.002085836618));
#6828 = CARTESIAN_POINT('',(181.3299959991,35.430970404837));
#6829 = CARTESIAN_POINT('',(189.56661913505,45.391222952672));
#6830 = CARTESIAN_POINT('',(195.04017256645,56.02416417378));
#6831 = CARTESIAN_POINT('',(200.46279349375,66.558163760632));
#6832 = CARTESIAN_POINT('',(203.19441255385,77.729566795143));
#6833 = CARTESIAN_POINT('',(203.19819604555,88.897610106539));
#6834 = ( GEOMETRIC_REPRESENTATION_CONTEXT(2) 
PARAMETRIC_REPRESENTATION_CONTEXT() REPRESENTATION_CONTEXT('2D SPACE',''
  ) );
#6835 = ORIENTED_EDGE('',*,*,#6582,.T.);
#6836 = ORIENTED_EDGE('',*,*,#6837,.T.);
#6837 = EDGE_CURVE('',#6556,#6790,#6838,.T.);
#6838 = SURFACE_CURVE('',#6839,(#6843,#6849),.PCURVE_S1.);
#6839 = LINE('',#6840,#6841);
#6840 = CARTESIAN_POINT('',(88.899998474121,355.6,1.267044737359E-13));
#6841 = VECTOR('',#6842,1.);
#6842 = DIRECTION('',(0.,-1.,0.));
#6843 = PCURVE('',#6603,#6844);
#6844 = DEFINITIONAL_REPRESENTATION('',(#6845),#6848);
#6845 = B_SPLINE_CURVE_WITH_KNOTS('',1,(#6846,#6847),.UNSPECIFIED.,.F.,
  .F.,(2,2),(0.,12.700005149841),.PIECEWISE_BEZIER_KNOTS.);
#6846 = CARTESIAN_POINT('',(1.570796326795,-4.528061953168E-15));
#6847 = CARTESIAN_POINT('',(1.570796326795,1.270000514984));
#6848 = ( GEOMETRIC_REPRESENTATION_CONTEXT(2) 
PARAMETRIC_REPRESENTATION_CONTEXT() REPRESENTATION_CONTEXT('2D SPACE',''
  ) );
#6849 = PCURVE('',#3851,#6850);
#6850 = DEFINITIONAL_REPRESENTATION('',(#6851),#6855);
#6851 = LINE('',#6852,#6853);
#6852 = CARTESIAN_POINT('',(0.,0.));
#6853 = VECTOR('',#6854,1.);
#6854 = DIRECTION('',(0.,1.));
#6855 = ( GEOMETRIC_REPRESENTATION_CONTEXT(2) 
PARAMETRIC_REPRESENTATION_CONTEXT() REPRESENTATION_CONTEXT('2D SPACE',''
  ) );
#6856 = ADVANCED_FACE('',(#6857),#6814,.T.);
#6857 = FACE_BOUND('',#6858,.T.);
#6858 = EDGE_LOOP('',(#6859,#6931,#6959,#6987,#7008,#7009,#7032));
#6859 = ORIENTED_EDGE('',*,*,#6860,.F.);
#6860 = EDGE_CURVE('',#6861,#6863,#6865,.T.);
#6861 = VERTEX_POINT('',#6862);
#6862 = CARTESIAN_POINT('',(78.739998474121,342.89999485015,
    -1.335144022008E-06));
#6863 = VERTEX_POINT('',#6864);
#6864 = CARTESIAN_POINT('',(23.908343340183,342.89999485015,-99.206965)
  );
#6865 = SURFACE_CURVE('',#6866,(#6880,#6897),.PCURVE_S1.);
#6866 = B_SPLINE_CURVE_WITH_KNOTS('',3,(#6867,#6868,#6869,#6870,#6871,
    #6872,#6873,#6874,#6875,#6876,#6877,#6878,#6879),.UNSPECIFIED.,.F.,
  .F.,(4,1,1,1,1,1,1,1,1,1,4),(-1.570817184003,-1.122015253889,
    -0.673213323775,-0.224411393661,0.224390536453,0.44879150151,
    0.673192466567,0.897593431624,1.121994396681,1.346395361738,
    1.570796326795),.UNSPECIFIED.);
#6867 = CARTESIAN_POINT('',(78.739998474121,342.89999485015,
    -1.335144022008E-06));
#6868 = CARTESIAN_POINT('',(78.739815332867,342.89999485015,
    -15.71324797092));
#6869 = CARTESIAN_POINT('',(73.260600760133,342.89999485015,
    -47.13321436685));
#6870 = CARTESIAN_POINT('',(50.316118868329,342.89999485015,
    -84.61158605565));
#6871 = CARTESIAN_POINT('',(17.7819223983,342.89999485015,-105.006695999
    ));
#6872 = CARTESIAN_POINT('',(-11.85988372033,342.89999485015,
    -104.9705926198));
#6873 = CARTESIAN_POINT('',(-34.05224020341,342.89999485015,
    -94.82555004882));
#6874 = CARTESIAN_POINT('',(-49.11769341487,342.89999485015,
    -82.46173596021));
#6875 = CARTESIAN_POINT('',(-61.80300190951,342.89999485015,
    -65.88502404363));
#6876 = CARTESIAN_POINT('',(-71.40457517363,342.89999485015,
    -45.91545094953));
#6877 = CARTESIAN_POINT('',(-77.38629129191,342.89999485015,
    -23.56719305263));
#6878 = CARTESIAN_POINT('',(-78.74021531406,342.89999485015,
    -7.854431252114));
#6879 = CARTESIAN_POINT('',(-78.73999843111,342.89999485015,
    2.192064086176E-03));
#6880 = PCURVE('',#6814,#6881);
#6881 = DEFINITIONAL_REPRESENTATION('',(#6882),#6896);
#6882 = B_SPLINE_CURVE_WITH_KNOTS('',3,(#6883,#6884,#6885,#6886,#6887,
    #6888,#6889,#6890,#6891,#6892,#6893,#6894,#6895),.UNSPECIFIED.,.F.,
  .F.,(4,1,1,1,1,1,1,1,1,1,4),(-1.570817184003,-1.122015253889,
    -0.673213323775,-0.224411393661,0.224390536453,0.44879150151,
    0.673192466567,0.897593431624,1.121994396681,1.346395361738,
    1.570796326795),.UNSPECIFIED.);
#6883 = CARTESIAN_POINT('',(88.9,10.16));
#6884 = CARTESIAN_POINT('',(104.61324663577,10.160183141254));
#6885 = CARTESIAN_POINT('',(136.0332130317,15.639397713988));
#6886 = CARTESIAN_POINT('',(173.5115847205,38.583879605792));
#6887 = CARTESIAN_POINT('',(193.90669466385,71.118076075821));
#6888 = CARTESIAN_POINT('',(193.87059128465,100.75988219445));
#6889 = CARTESIAN_POINT('',(183.72554871367,122.95223867753));
#6890 = CARTESIAN_POINT('',(171.36173462506,138.01769188899));
#6891 = CARTESIAN_POINT('',(154.78502270848,150.70300038363));
#6892 = CARTESIAN_POINT('',(134.81544961438,160.30457364775));
#6893 = CARTESIAN_POINT('',(112.46719171748,166.28628976603));
#6894 = CARTESIAN_POINT('',(96.75442991697,167.64021378818));
#6895 = CARTESIAN_POINT('',(88.89780660077,167.63999690523));
#6896 = ( GEOMETRIC_REPRESENTATION_CONTEXT(2) 
PARAMETRIC_REPRESENTATION_CONTEXT() REPRESENTATION_CONTEXT('2D SPACE',''
  ) );
#6897 = PCURVE('',#6898,#6925);
#6898 = B_SPLINE_SURFACE_WITH_KNOTS('',3,1,(
    (#6899,#6900)
    ,(#6901,#6902)
    ,(#6903,#6904)
    ,(#6905,#6906)
    ,(#6907,#6908)
    ,(#6909,#6910)
    ,(#6911,#6912)
    ,(#6913,#6914)
    ,(#6915,#6916)
    ,(#6917,#6918)
    ,(#6919,#6920)
    ,(#6921,#6922)
    ,(#6923,#6924
    )),.UNSPECIFIED.,.F.,.F.,.F.,(4,1,1,1,1,1,1,1,1,1,4),(2,2),(
    -1.570817184003,-1.122015253889,-0.673213323775,-0.224411393661,
    0.224390536453,0.44879150151,0.673192466567,0.897593431624,
    1.121994396681,1.346395361738,1.570796326795),(0.,7.62E-02),
  .UNSPECIFIED.);
#6899 = CARTESIAN_POINT('',(78.739998474121,342.26499485015,
    -1.335144022008E-06));
#6900 = CARTESIAN_POINT('',(78.739998474121,343.02699485015,
    -1.335144022008E-06));
#6901 = CARTESIAN_POINT('',(78.739815332867,342.26499485015,
    -15.71324797092));
#6902 = CARTESIAN_POINT('',(78.739815332867,343.02699485015,
    -15.71324797092));
#6903 = CARTESIAN_POINT('',(73.260600760133,342.26499485015,
    -47.13321436685));
#6904 = CARTESIAN_POINT('',(73.260600760133,343.02699485015,
    -47.13321436685));
#6905 = CARTESIAN_POINT('',(50.316118868329,342.26499485015,
    -84.61158605565));
#6906 = CARTESIAN_POINT('',(50.316118868329,343.02699485015,
    -84.61158605565));
#6907 = CARTESIAN_POINT('',(17.7819223983,342.26499485015,-105.006695999
    ));
#6908 = CARTESIAN_POINT('',(17.7819223983,343.02699485015,-105.006695999
    ));
#6909 = CARTESIAN_POINT('',(-11.85988372033,342.26499485015,
    -104.9705926198));
#6910 = CARTESIAN_POINT('',(-11.85988372033,343.02699485015,
    -104.9705926198));
#6911 = CARTESIAN_POINT('',(-34.05224020341,342.26499485015,
    -94.82555004882));
#6912 = CARTESIAN_POINT('',(-34.05224020341,343.02699485015,
    -94.82555004882));
#6913 = CARTESIAN_POINT('',(-49.11769341487,342.26499485015,
    -82.46173596021));
#6914 = CARTESIAN_POINT('',(-49.11769341487,343.02699485015,
    -82.46173596021));
#6915 = CARTESIAN_POINT('',(-61.80300190951,342.26499485015,
    -65.88502404363));
#6916 = CARTESIAN_POINT('',(-61.80300190951,343.02699485015,
    -65.88502404363));
#6917 = CARTESIAN_POINT('',(-71.40457517363,342.26499485015,
    -45.91545094953));
#6918 = CARTESIAN_POINT('',(-71.40457517363,343.02699485015,
    -45.91545094953));
#6919 = CARTESIAN_POINT('',(-77.38629129191,342.26499485015,
    -23.56719305263));
#6920 = CARTESIAN_POINT('',(-77.38629129191,343.02699485015,
    -23.56719305263));
#6921 = CARTESIAN_POINT('',(-78.74021531406,342.26499485015,
    -7.854431252114));
#6922 = CARTESIAN_POINT('',(-78.74021531406,343.02699485015,
    -7.854431252114));
#6923 = CARTESIAN_POINT('',(-78.73999843111,342.26499485015,
    2.192064086176E-03));
#6924 = CARTESIAN_POINT('',(-78.73999843111,343.02699485015,
    2.192064086176E-03));
#6925 = DEFINITIONAL_REPRESENTATION('',(#6926),#6930);
#6926 = LINE('',#6927,#6928);
#6927 = CARTESIAN_POINT('',(0.,6.35E-02));
#6928 = VECTOR('',#6929,1.);
#6929 = DIRECTION('',(1.,0.));
#6930 = ( GEOMETRIC_REPRESENTATION_CONTEXT(2) 
PARAMETRIC_REPRESENTATION_CONTEXT() REPRESENTATION_CONTEXT('2D SPACE',''
  ) );
#6931 = ORIENTED_EDGE('',*,*,#6932,.F.);
#6932 = EDGE_CURVE('',#6933,#6861,#6935,.T.);
#6933 = VERTEX_POINT('',#6934);
#6934 = CARTESIAN_POINT('',(78.739998474121,342.89999485015,
    88.899998664856));
#6935 = SURFACE_CURVE('',#6936,(#6940,#6947),.PCURVE_S1.);
#6936 = LINE('',#6937,#6938);
#6937 = CARTESIAN_POINT('',(78.739998474121,342.89999485015,
    88.899998664856));
#6938 = VECTOR('',#6939,1.);
#6939 = DIRECTION('',(1.748382748768E-16,0.,-1.));
#6940 = PCURVE('',#6814,#6941);
#6941 = DEFINITIONAL_REPRESENTATION('',(#6942),#6946);
#6942 = LINE('',#6943,#6944);
#6943 = CARTESIAN_POINT('',(-1.776356872748E-15,10.16));
#6944 = VECTOR('',#6945,1.);
#6945 = DIRECTION('',(1.,0.));
#6946 = ( GEOMETRIC_REPRESENTATION_CONTEXT(2) 
PARAMETRIC_REPRESENTATION_CONTEXT() REPRESENTATION_CONTEXT('2D SPACE',''
  ) );
#6947 = PCURVE('',#6948,#6953);
#6948 = PLANE('',#6949);
#6949 = AXIS2_PLACEMENT_3D('',#6950,#6951,#6952);
#6950 = CARTESIAN_POINT('',(78.739998474121,342.58249485015,
    82.549998664856));
#6951 = DIRECTION('',(-1.,0.,0.));
#6952 = DIRECTION('',(0.,0.,1.));
#6953 = DEFINITIONAL_REPRESENTATION('',(#6954),#6958);
#6954 = LINE('',#6955,#6956);
#6955 = CARTESIAN_POINT('',(6.35,0.3175));
#6956 = VECTOR('',#6957,1.);
#6957 = DIRECTION('',(-1.,0.));
#6958 = ( GEOMETRIC_REPRESENTATION_CONTEXT(2) 
PARAMETRIC_REPRESENTATION_CONTEXT() REPRESENTATION_CONTEXT('2D SPACE',''
  ) );
#6959 = ORIENTED_EDGE('',*,*,#6960,.F.);
#6960 = EDGE_CURVE('',#6961,#6933,#6963,.T.);
#6961 = VERTEX_POINT('',#6962);
#6962 = CARTESIAN_POINT('',(88.899998474121,342.89999485015,
    88.899998664856));
#6963 = SURFACE_CURVE('',#6964,(#6968,#6975),.PCURVE_S1.);
#6964 = LINE('',#6965,#6966);
#6965 = CARTESIAN_POINT('',(88.899998474121,342.89999485015,
    88.899998664856));
#6966 = VECTOR('',#6967,1.);
#6967 = DIRECTION('',(-1.,0.,0.));
#6968 = PCURVE('',#6814,#6969);
#6969 = DEFINITIONAL_REPRESENTATION('',(#6970),#6974);
#6970 = LINE('',#6971,#6972);
#6971 = CARTESIAN_POINT('',(0.,0.));
#6972 = VECTOR('',#6973,1.);
#6973 = DIRECTION('',(-1.748382748768E-16,1.));
#6974 = ( GEOMETRIC_REPRESENTATION_CONTEXT(2) 
PARAMETRIC_REPRESENTATION_CONTEXT() REPRESENTATION_CONTEXT('2D SPACE',''
  ) );
#6975 = PCURVE('',#6976,#6981);
#6976 = PLANE('',#6977);
#6977 = AXIS2_PLACEMENT_3D('',#6978,#6979,#6980);
#6978 = CARTESIAN_POINT('',(88.899998474121,342.26499485015,
    88.899998664856));
#6979 = DIRECTION('',(0.,0.,1.));
#6980 = DIRECTION('',(0.,1.,0.));
#6981 = DEFINITIONAL_REPRESENTATION('',(#6982),#6986);
#6982 = LINE('',#6983,#6984);
#6983 = CARTESIAN_POINT('',(0.635,0.));
#6984 = VECTOR('',#6985,1.);
#6985 = DIRECTION('',(0.,1.));
#6986 = ( GEOMETRIC_REPRESENTATION_CONTEXT(2) 
PARAMETRIC_REPRESENTATION_CONTEXT() REPRESENTATION_CONTEXT('2D SPACE',''
  ) );
#6987 = ORIENTED_EDGE('',*,*,#6988,.F.);
#6988 = EDGE_CURVE('',#6790,#6961,#6989,.T.);
#6989 = SURFACE_CURVE('',#6990,(#6994,#7001),.PCURVE_S1.);
#6990 = LINE('',#6991,#6992);
#6991 = CARTESIAN_POINT('',(88.899998474121,342.89999485015,
    38.099999332428));
#6992 = VECTOR('',#6993,1.);
#6993 = DIRECTION('',(-1.748382748768E-16,0.,1.));
#6994 = PCURVE('',#6814,#6995);
#6995 = DEFINITIONAL_REPRESENTATION('',(#6996),#7000);
#6996 = LINE('',#6997,#6998);
#6997 = CARTESIAN_POINT('',(50.799999332428,8.881784247024E-15));
#6998 = VECTOR('',#6999,1.);
#6999 = DIRECTION('',(-1.,0.));
#7000 = ( GEOMETRIC_REPRESENTATION_CONTEXT(2) 
PARAMETRIC_REPRESENTATION_CONTEXT() REPRESENTATION_CONTEXT('2D SPACE',''
  ) );
#7001 = PCURVE('',#3851,#7002);
#7002 = DEFINITIONAL_REPRESENTATION('',(#7003),#7007);
#7003 = LINE('',#7004,#7005);
#7004 = CARTESIAN_POINT('',(38.099999332428,12.70000514985));
#7005 = VECTOR('',#7006,1.);
#7006 = DIRECTION('',(1.,0.));
#7007 = ( GEOMETRIC_REPRESENTATION_CONTEXT(2) 
PARAMETRIC_REPRESENTATION_CONTEXT() REPRESENTATION_CONTEXT('2D SPACE',''
  ) );
#7008 = ORIENTED_EDGE('',*,*,#6789,.T.);
#7009 = ORIENTED_EDGE('',*,*,#7010,.F.);
#7010 = EDGE_CURVE('',#7011,#6510,#7013,.T.);
#7011 = VERTEX_POINT('',#7012);
#7012 = CARTESIAN_POINT('',(32.468178564369,342.9,-99.206965));
#7013 = SURFACE_CURVE('',#7014,(#7018,#7025),.PCURVE_S1.);
#7014 = LINE('',#7015,#7016);
#7015 = CARTESIAN_POINT('',(-114.6734814398,342.9,-99.206965));
#7016 = VECTOR('',#7017,1.);
#7017 = DIRECTION('',(1.,0.,0.));
#7018 = PCURVE('',#6814,#7019);
#7019 = DEFINITIONAL_REPRESENTATION('',(#7020),#7024);
#7020 = LINE('',#7021,#7022);
#7021 = CARTESIAN_POINT('',(188.10696366485,203.57347991392));
#7022 = VECTOR('',#7023,1.);
#7023 = DIRECTION('',(1.748382748768E-16,-1.));
#7024 = ( GEOMETRIC_REPRESENTATION_CONTEXT(2) 
PARAMETRIC_REPRESENTATION_CONTEXT() REPRESENTATION_CONTEXT('2D SPACE',''
  ) );
#7025 = PCURVE('',#373,#7026);
#7026 = DEFINITIONAL_REPRESENTATION('',(#7027),#7031);
#7027 = LINE('',#7028,#7029);
#7028 = CARTESIAN_POINT('',(114.6734814398,64.5141));
#7029 = VECTOR('',#7030,1.);
#7030 = DIRECTION('',(1.,0.));
#7031 = ( GEOMETRIC_REPRESENTATION_CONTEXT(2) 
PARAMETRIC_REPRESENTATION_CONTEXT() REPRESENTATION_CONTEXT('2D SPACE',''
  ) );
#7032 = ORIENTED_EDGE('',*,*,#7033,.F.);
#7033 = EDGE_CURVE('',#6863,#7011,#7034,.T.);
#7034 = SURFACE_CURVE('',#7035,(#7039,#7046),.PCURVE_S1.);
#7035 = LINE('',#7036,#7037);
#7036 = CARTESIAN_POINT('',(-70.22348220275,342.89999485015,-99.206965)
  );
#7037 = VECTOR('',#7038,1.);
#7038 = DIRECTION('',(1.,0.,0.));
#7039 = PCURVE('',#6814,#7040);
#7040 = DEFINITIONAL_REPRESENTATION('',(#7041),#7045);
#7041 = LINE('',#7042,#7043);
#7042 = CARTESIAN_POINT('',(188.10696366485,159.12348067687));
#7043 = VECTOR('',#7044,1.);
#7044 = DIRECTION('',(1.748382748768E-16,-1.));
#7045 = ( GEOMETRIC_REPRESENTATION_CONTEXT(2) 
PARAMETRIC_REPRESENTATION_CONTEXT() REPRESENTATION_CONTEXT('2D SPACE',''
  ) );
#7046 = PCURVE('',#373,#7047);
#7047 = DEFINITIONAL_REPRESENTATION('',(#7048),#7052);
#7048 = LINE('',#7049,#7050);
#7049 = CARTESIAN_POINT('',(159.12348067685,64.51409485015));
#7050 = VECTOR('',#7051,1.);
#7051 = DIRECTION('',(1.,0.));
#7052 = ( GEOMETRIC_REPRESENTATION_CONTEXT(2) 
PARAMETRIC_REPRESENTATION_CONTEXT() REPRESENTATION_CONTEXT('2D SPACE',''
  ) );
#7053 = ADVANCED_FACE('',(#7054),#6948,.T.);
#7054 = FACE_BOUND('',#7055,.T.);
#7055 = EDGE_LOOP('',(#7056,#7086,#7107,#7108));
#7056 = ORIENTED_EDGE('',*,*,#7057,.F.);
#7057 = EDGE_CURVE('',#7058,#7060,#7062,.T.);
#7058 = VERTEX_POINT('',#7059);
#7059 = CARTESIAN_POINT('',(78.739998474121,342.26499485015,
    88.899998664856));
#7060 = VERTEX_POINT('',#7061);
#7061 = CARTESIAN_POINT('',(78.739998474121,342.26499485015,
    -1.335144022008E-06));
#7062 = SURFACE_CURVE('',#7063,(#7067,#7074),.PCURVE_S1.);
#7063 = LINE('',#7064,#7065);
#7064 = CARTESIAN_POINT('',(78.739998474121,342.26499485015,
    76.199998664856));
#7065 = VECTOR('',#7066,1.);
#7066 = DIRECTION('',(0.,0.,-1.));
#7067 = PCURVE('',#6948,#7068);
#7068 = DEFINITIONAL_REPRESENTATION('',(#7069),#7073);
#7069 = LINE('',#7070,#7071);
#7070 = CARTESIAN_POINT('',(-6.35,-0.3175));
#7071 = VECTOR('',#7072,1.);
#7072 = DIRECTION('',(-1.,0.));
#7073 = ( GEOMETRIC_REPRESENTATION_CONTEXT(2) 
PARAMETRIC_REPRESENTATION_CONTEXT() REPRESENTATION_CONTEXT('2D SPACE',''
  ) );
#7074 = PCURVE('',#7075,#7080);
#7075 = PLANE('',#7076);
#7076 = AXIS2_PLACEMENT_3D('',#7077,#7078,#7079);
#7077 = CARTESIAN_POINT('',(88.899998474121,342.26499485015,
    76.199998664856));
#7078 = DIRECTION('',(0.,-1.,0.));
#7079 = DIRECTION('',(-1.748382748768E-16,0.,1.));
#7080 = DEFINITIONAL_REPRESENTATION('',(#7081),#7085);
#7081 = LINE('',#7082,#7083);
#7082 = CARTESIAN_POINT('',(1.776356872748E-15,10.16));
#7083 = VECTOR('',#7084,1.);
#7084 = DIRECTION('',(-1.,1.748382748768E-16));
#7085 = ( GEOMETRIC_REPRESENTATION_CONTEXT(2) 
PARAMETRIC_REPRESENTATION_CONTEXT() REPRESENTATION_CONTEXT('2D SPACE',''
  ) );
#7086 = ORIENTED_EDGE('',*,*,#7087,.T.);
#7087 = EDGE_CURVE('',#7058,#6933,#7088,.T.);
#7088 = SURFACE_CURVE('',#7089,(#7093,#7100),.PCURVE_S1.);
#7089 = LINE('',#7090,#7091);
#7090 = CARTESIAN_POINT('',(78.739998474121,342.26499485015,
    88.899998664856));
#7091 = VECTOR('',#7092,1.);
#7092 = DIRECTION('',(0.,1.,0.));
#7093 = PCURVE('',#6948,#7094);
#7094 = DEFINITIONAL_REPRESENTATION('',(#7095),#7099);
#7095 = LINE('',#7096,#7097);
#7096 = CARTESIAN_POINT('',(6.35,-0.3175));
#7097 = VECTOR('',#7098,1.);
#7098 = DIRECTION('',(0.,1.));
#7099 = ( GEOMETRIC_REPRESENTATION_CONTEXT(2) 
PARAMETRIC_REPRESENTATION_CONTEXT() REPRESENTATION_CONTEXT('2D SPACE',''
  ) );
#7100 = PCURVE('',#6976,#7101);
#7101 = DEFINITIONAL_REPRESENTATION('',(#7102),#7106);
#7102 = LINE('',#7103,#7104);
#7103 = CARTESIAN_POINT('',(0.,10.16));
#7104 = VECTOR('',#7105,1.);
#7105 = DIRECTION('',(1.,0.));
#7106 = ( GEOMETRIC_REPRESENTATION_CONTEXT(2) 
PARAMETRIC_REPRESENTATION_CONTEXT() REPRESENTATION_CONTEXT('2D SPACE',''
  ) );
#7107 = ORIENTED_EDGE('',*,*,#6932,.T.);
#7108 = ORIENTED_EDGE('',*,*,#7109,.F.);
#7109 = EDGE_CURVE('',#7060,#6861,#7110,.T.);
#7110 = SURFACE_CURVE('',#7111,(#7115,#7122),.PCURVE_S1.);
#7111 = LINE('',#7112,#7113);
#7112 = CARTESIAN_POINT('',(78.739998474121,342.89999485015,
    -1.335144022008E-06));
#7113 = VECTOR('',#7114,1.);
#7114 = DIRECTION('',(0.,1.,0.));
#7115 = PCURVE('',#6948,#7116);
#7116 = DEFINITIONAL_REPRESENTATION('',(#7117),#7121);
#7117 = LINE('',#7118,#7119);
#7118 = CARTESIAN_POINT('',(-82.55,0.3175));
#7119 = VECTOR('',#7120,1.);
#7120 = DIRECTION('',(0.,1.));
#7121 = ( GEOMETRIC_REPRESENTATION_CONTEXT(2) 
PARAMETRIC_REPRESENTATION_CONTEXT() REPRESENTATION_CONTEXT('2D SPACE',''
  ) );
#7122 = PCURVE('',#6898,#7123);
#7123 = DEFINITIONAL_REPRESENTATION('',(#7124),#7127);
#7124 = B_SPLINE_CURVE_WITH_KNOTS('',1,(#7125,#7126),.UNSPECIFIED.,.F.,
  .F.,(2,2),(-0.635,0.),.PIECEWISE_BEZIER_KNOTS.);
#7125 = CARTESIAN_POINT('',(-1.570817184003,-3.292288316969E-15));
#7126 = CARTESIAN_POINT('',(-1.570817184003,6.35E-02));
#7127 = ( GEOMETRIC_REPRESENTATION_CONTEXT(2) 
PARAMETRIC_REPRESENTATION_CONTEXT() REPRESENTATION_CONTEXT('2D SPACE',''
  ) );
#7128 = ADVANCED_FACE('',(#7129),#7075,.T.);
#7129 = FACE_BOUND('',#7130,.T.);
#7130 = EDGE_LOOP('',(#7131,#7156,#7198,#7221,#7242,#7243));
#7131 = ORIENTED_EDGE('',*,*,#7132,.F.);
#7132 = EDGE_CURVE('',#7133,#7135,#7137,.T.);
#7133 = VERTEX_POINT('',#7134);
#7134 = CARTESIAN_POINT('',(44.016467524561,342.26499485015,-99.206965)
  );
#7135 = VERTEX_POINT('',#7136);
#7136 = CARTESIAN_POINT('',(23.908343340183,342.26499485015,-99.206965)
  );
#7137 = SURFACE_CURVE('',#7138,(#7142,#7149),.PCURVE_S1.);
#7138 = LINE('',#7139,#7140);
#7139 = CARTESIAN_POINT('',(-70.22348220275,342.26499485015,-99.206965)
  );
#7140 = VECTOR('',#7141,1.);
#7141 = DIRECTION('',(-1.,0.,0.));
#7142 = PCURVE('',#7075,#7143);
#7143 = DEFINITIONAL_REPRESENTATION('',(#7144),#7148);
#7144 = LINE('',#7145,#7146);
#7145 = CARTESIAN_POINT('',(-175.4069636648,159.12348067687));
#7146 = VECTOR('',#7147,1.);
#7147 = DIRECTION('',(1.748382748768E-16,1.));
#7148 = ( GEOMETRIC_REPRESENTATION_CONTEXT(2) 
PARAMETRIC_REPRESENTATION_CONTEXT() REPRESENTATION_CONTEXT('2D SPACE',''
  ) );
#7149 = PCURVE('',#373,#7150);
#7150 = DEFINITIONAL_REPRESENTATION('',(#7151),#7155);
#7151 = LINE('',#7152,#7153);
#7152 = CARTESIAN_POINT('',(159.12348067685,63.87909485015));
#7153 = VECTOR('',#7154,1.);
#7154 = DIRECTION('',(-1.,0.));
#7155 = ( GEOMETRIC_REPRESENTATION_CONTEXT(2) 
PARAMETRIC_REPRESENTATION_CONTEXT() REPRESENTATION_CONTEXT('2D SPACE',''
  ) );
#7156 = ORIENTED_EDGE('',*,*,#7157,.T.);
#7157 = EDGE_CURVE('',#7133,#7158,#7160,.T.);
#7158 = VERTEX_POINT('',#7159);
#7159 = CARTESIAN_POINT('',(88.899998474121,342.26499485015,
    -6.678772016451E-07));
#7160 = SURFACE_CURVE('',#7161,(#7175,#7192),.PCURVE_S1.);
#7161 = B_SPLINE_CURVE_WITH_KNOTS('',3,(#7162,#7163,#7164,#7165,#7166,
    #7167,#7168,#7169,#7170,#7171,#7172,#7173,#7174),.UNSPECIFIED.,.F.,
  .F.,(4,3,3,3,4),(-17.07697313243,-12.82997275453,-8.543082005025,
    -4.320330026712,-6.678772379587E-08),.UNSPECIFIED.);
#7162 = CARTESIAN_POINT('',(2.388367582261E-03,342.26499485015,
    -114.2981973807));
#7163 = CARTESIAN_POINT('',(11.170431678978,342.26499485015,
    -114.294413889));
#7164 = CARTESIAN_POINT('',(22.341834713489,342.26499485015,
    -111.5627948289));
#7165 = CARTESIAN_POINT('',(32.875834300341,342.26499485015,
    -106.1401739016));
#7166 = CARTESIAN_POINT('',(43.508775521449,342.26499485015,
    -100.6666204702));
#7167 = CARTESIAN_POINT('',(53.469028069284,342.26499485015,
    -92.42999733425));
#7168 = CARTESIAN_POINT('',(61.897912637503,342.26499485015,
    -81.90279515656));
#7169 = CARTESIAN_POINT('',(70.200687554147,342.26499485015,
    -71.53309683218));
#7170 = CARTESIAN_POINT('',(76.994526048906,342.26499485015,
    -58.95269663649));
#7171 = CARTESIAN_POINT('',(81.643020255571,342.26499485015,
    -45.10898334297));
#7172 = CARTESIAN_POINT('',(86.398930357024,342.26499485015,
    -30.94537401763));
#7173 = CARTESIAN_POINT('',(88.89999840217,342.26499485015,
    -15.4773357564));
#7174 = CARTESIAN_POINT('',(88.899998474121,342.26499485015,
    -6.678772113133E-07));
#7175 = PCURVE('',#7075,#7176);
#7176 = DEFINITIONAL_REPRESENTATION('',(#7177),#7191);
#7177 = B_SPLINE_CURVE_WITH_KNOTS('',3,(#7178,#7179,#7180,#7181,#7182,
    #7183,#7184,#7185,#7186,#7187,#7188,#7189,#7190),.UNSPECIFIED.,.F.,
  .F.,(4,3,3,3,4),(-17.07697313243,-12.82997275453,-8.543082005025,
    -4.320330026712,-6.678772379587E-08),.UNSPECIFIED.);
#7178 = CARTESIAN_POINT('',(-190.4981960455,88.897610106539));
#7179 = CARTESIAN_POINT('',(-190.4944125538,77.729566795143));
#7180 = CARTESIAN_POINT('',(-187.7627934937,66.558163760632));
#7181 = CARTESIAN_POINT('',(-182.3401725664,56.02416417378));
#7182 = CARTESIAN_POINT('',(-176.866619135,45.391222952672));
#7183 = CARTESIAN_POINT('',(-168.6299959991,35.430970404837));
#7184 = CARTESIAN_POINT('',(-158.1027938214,27.002085836618));
#7185 = CARTESIAN_POINT('',(-147.733095497,18.699310919974));
#7186 = CARTESIAN_POINT('',(-135.1526953013,11.905472425215));
#7187 = CARTESIAN_POINT('',(-121.3089820078,7.25697821855));
#7188 = CARTESIAN_POINT('',(-107.1453726824,2.501068117097));
#7189 = CARTESIAN_POINT('',(-91.67733442125,7.19510211411E-08));
#7190 = CARTESIAN_POINT('',(-76.19999933273,1.42108547152E-14));
#7191 = ( GEOMETRIC_REPRESENTATION_CONTEXT(2) 
PARAMETRIC_REPRESENTATION_CONTEXT() REPRESENTATION_CONTEXT('2D SPACE',''
  ) );
#7192 = PCURVE('',#3893,#7193);
#7193 = DEFINITIONAL_REPRESENTATION('',(#7194),#7197);
#7194 = B_SPLINE_CURVE_WITH_KNOTS('',1,(#7195,#7196),.UNSPECIFIED.,.F.,
  .F.,(2,2),(-17.07697313243,-6.678772379587E-08),
  .PIECEWISE_BEZIER_KNOTS.);
#7195 = CARTESIAN_POINT('',(1.610644312847E-16,1.333500514984));
#7196 = CARTESIAN_POINT('',(1.570796321079,1.333500514984));
#7197 = ( GEOMETRIC_REPRESENTATION_CONTEXT(2) 
PARAMETRIC_REPRESENTATION_CONTEXT() REPRESENTATION_CONTEXT('2D SPACE',''
  ) );
#7198 = ORIENTED_EDGE('',*,*,#7199,.F.);
#7199 = EDGE_CURVE('',#7200,#7158,#7202,.T.);
#7200 = VERTEX_POINT('',#7201);
#7201 = CARTESIAN_POINT('',(88.899998474121,342.26499485015,
    88.899998664856));
#7202 = SURFACE_CURVE('',#7203,(#7207,#7214),.PCURVE_S1.);
#7203 = LINE('',#7204,#7205);
#7204 = CARTESIAN_POINT('',(88.899998474121,342.26499485015,
    38.099999332428));
#7205 = VECTOR('',#7206,1.);
#7206 = DIRECTION('',(1.748382748768E-16,0.,-1.));
#7207 = PCURVE('',#7075,#7208);
#7208 = DEFINITIONAL_REPRESENTATION('',(#7209),#7213);
#7209 = LINE('',#7210,#7211);
#7210 = CARTESIAN_POINT('',(-38.09999933242,6.661338156089E-15));
#7211 = VECTOR('',#7212,1.);
#7212 = DIRECTION('',(-1.,0.));
#7213 = ( GEOMETRIC_REPRESENTATION_CONTEXT(2) 
PARAMETRIC_REPRESENTATION_CONTEXT() REPRESENTATION_CONTEXT('2D SPACE',''
  ) );
#7214 = PCURVE('',#3851,#7215);
#7215 = DEFINITIONAL_REPRESENTATION('',(#7216),#7220);
#7216 = LINE('',#7217,#7218);
#7217 = CARTESIAN_POINT('',(38.099999332428,13.33500514985));
#7218 = VECTOR('',#7219,1.);
#7219 = DIRECTION('',(-1.,0.));
#7220 = ( GEOMETRIC_REPRESENTATION_CONTEXT(2) 
PARAMETRIC_REPRESENTATION_CONTEXT() REPRESENTATION_CONTEXT('2D SPACE',''
  ) );
#7221 = ORIENTED_EDGE('',*,*,#7222,.T.);
#7222 = EDGE_CURVE('',#7200,#7058,#7223,.T.);
#7223 = SURFACE_CURVE('',#7224,(#7228,#7235),.PCURVE_S1.);
#7224 = LINE('',#7225,#7226);
#7225 = CARTESIAN_POINT('',(88.899998474121,342.26499485015,
    88.899998664856));
#7226 = VECTOR('',#7227,1.);
#7227 = DIRECTION('',(-1.,0.,0.));
#7228 = PCURVE('',#7075,#7229);
#7229 = DEFINITIONAL_REPRESENTATION('',(#7230),#7234);
#7230 = LINE('',#7231,#7232);
#7231 = CARTESIAN_POINT('',(12.7,-2.220446090935E-15));
#7232 = VECTOR('',#7233,1.);
#7233 = DIRECTION('',(1.748382748768E-16,1.));
#7234 = ( GEOMETRIC_REPRESENTATION_CONTEXT(2) 
PARAMETRIC_REPRESENTATION_CONTEXT() REPRESENTATION_CONTEXT('2D SPACE',''
  ) );
#7235 = PCURVE('',#6976,#7236);
#7236 = DEFINITIONAL_REPRESENTATION('',(#7237),#7241);
#7237 = LINE('',#7238,#7239);
#7238 = CARTESIAN_POINT('',(0.,0.));
#7239 = VECTOR('',#7240,1.);
#7240 = DIRECTION('',(0.,1.));
#7241 = ( GEOMETRIC_REPRESENTATION_CONTEXT(2) 
PARAMETRIC_REPRESENTATION_CONTEXT() REPRESENTATION_CONTEXT('2D SPACE',''
  ) );
#7242 = ORIENTED_EDGE('',*,*,#7057,.T.);
#7243 = ORIENTED_EDGE('',*,*,#7244,.T.);
#7244 = EDGE_CURVE('',#7060,#7135,#7245,.T.);
#7245 = SURFACE_CURVE('',#7246,(#7260,#7277),.PCURVE_S1.);
#7246 = B_SPLINE_CURVE_WITH_KNOTS('',3,(#7247,#7248,#7249,#7250,#7251,
    #7252,#7253,#7254,#7255,#7256,#7257,#7258,#7259),.UNSPECIFIED.,.F.,
  .F.,(4,1,1,1,1,1,1,1,1,1,4),(-1.570817184003,-1.122015253889,
    -0.673213323775,-0.224411393661,0.224390536453,0.44879150151,
    0.673192466567,0.897593431624,1.121994396681,1.346395361738,
    1.570796326795),.UNSPECIFIED.);
#7247 = CARTESIAN_POINT('',(78.739998474121,342.26499485015,
    -1.335144022008E-06));
#7248 = CARTESIAN_POINT('',(78.739815332867,342.26499485015,
    -15.71324797092));
#7249 = CARTESIAN_POINT('',(73.260600760133,342.26499485015,
    -47.13321436685));
#7250 = CARTESIAN_POINT('',(50.316118868329,342.26499485015,
    -84.61158605565));
#7251 = CARTESIAN_POINT('',(17.7819223983,342.26499485015,-105.006695999
    ));
#7252 = CARTESIAN_POINT('',(-11.85988372033,342.26499485015,
    -104.9705926198));
#7253 = CARTESIAN_POINT('',(-34.05224020341,342.26499485015,
    -94.82555004882));
#7254 = CARTESIAN_POINT('',(-49.11769341487,342.26499485015,
    -82.46173596021));
#7255 = CARTESIAN_POINT('',(-61.80300190951,342.26499485015,
    -65.88502404363));
#7256 = CARTESIAN_POINT('',(-71.40457517363,342.26499485015,
    -45.91545094953));
#7257 = CARTESIAN_POINT('',(-77.38629129191,342.26499485015,
    -23.56719305263));
#7258 = CARTESIAN_POINT('',(-78.74021531406,342.26499485015,
    -7.854431252114));
#7259 = CARTESIAN_POINT('',(-78.73999843111,342.26499485015,
    2.192064086176E-03));
#7260 = PCURVE('',#7075,#7261);
#7261 = DEFINITIONAL_REPRESENTATION('',(#7262),#7276);
#7262 = B_SPLINE_CURVE_WITH_KNOTS('',3,(#7263,#7264,#7265,#7266,#7267,
    #7268,#7269,#7270,#7271,#7272,#7273,#7274,#7275),.UNSPECIFIED.,.F.,
  .F.,(4,1,1,1,1,1,1,1,1,1,4),(-1.570817184003,-1.122015253889,
    -0.673213323775,-0.224411393661,0.224390536453,0.44879150151,
    0.673192466567,0.897593431624,1.121994396681,1.346395361738,
    1.570796326795),.UNSPECIFIED.);
#7263 = CARTESIAN_POINT('',(-76.2,10.16));
#7264 = CARTESIAN_POINT('',(-91.91324663577,10.160183141254));
#7265 = CARTESIAN_POINT('',(-123.3332130317,15.639397713988));
#7266 = CARTESIAN_POINT('',(-160.8115847205,38.583879605792));
#7267 = CARTESIAN_POINT('',(-181.2066946638,71.118076075821));
#7268 = CARTESIAN_POINT('',(-181.1705912846,100.75988219445));
#7269 = CARTESIAN_POINT('',(-171.0255487136,122.95223867753));
#7270 = CARTESIAN_POINT('',(-158.661734625,138.01769188899));
#7271 = CARTESIAN_POINT('',(-142.0850227084,150.70300038363));
#7272 = CARTESIAN_POINT('',(-122.1154496143,160.30457364775));
#7273 = CARTESIAN_POINT('',(-99.76719171748,166.28628976603));
#7274 = CARTESIAN_POINT('',(-84.05442991697,167.64021378818));
#7275 = CARTESIAN_POINT('',(-76.19780660077,167.63999690523));
#7276 = ( GEOMETRIC_REPRESENTATION_CONTEXT(2) 
PARAMETRIC_REPRESENTATION_CONTEXT() REPRESENTATION_CONTEXT('2D SPACE',''
  ) );
#7277 = PCURVE('',#6898,#7278);
#7278 = DEFINITIONAL_REPRESENTATION('',(#7279),#7283);
#7279 = LINE('',#7280,#7281);
#7280 = CARTESIAN_POINT('',(0.,-9.052531196649E-15));
#7281 = VECTOR('',#7282,1.);
#7282 = DIRECTION('',(1.,-4.518167899823E-15));
#7283 = ( GEOMETRIC_REPRESENTATION_CONTEXT(2) 
PARAMETRIC_REPRESENTATION_CONTEXT() REPRESENTATION_CONTEXT('2D SPACE',''
  ) );
#7284 = ADVANCED_FACE('',(#7285),#6976,.T.);
#7285 = FACE_BOUND('',#7286,.T.);
#7286 = EDGE_LOOP('',(#7287,#7308,#7309,#7310));
#7287 = ORIENTED_EDGE('',*,*,#7288,.F.);
#7288 = EDGE_CURVE('',#6961,#7200,#7289,.T.);
#7289 = SURFACE_CURVE('',#7290,(#7294,#7301),.PCURVE_S1.);
#7290 = LINE('',#7291,#7292);
#7291 = CARTESIAN_POINT('',(88.899998474121,348.93249742507,
    88.899998664856));
#7292 = VECTOR('',#7293,1.);
#7293 = DIRECTION('',(0.,-1.,0.));
#7294 = PCURVE('',#6976,#7295);
#7295 = DEFINITIONAL_REPRESENTATION('',(#7296),#7300);
#7296 = LINE('',#7297,#7298);
#7297 = CARTESIAN_POINT('',(6.66750257492,0.));
#7298 = VECTOR('',#7299,1.);
#7299 = DIRECTION('',(-1.,0.));
#7300 = ( GEOMETRIC_REPRESENTATION_CONTEXT(2) 
PARAMETRIC_REPRESENTATION_CONTEXT() REPRESENTATION_CONTEXT('2D SPACE',''
  ) );
#7301 = PCURVE('',#3851,#7302);
#7302 = DEFINITIONAL_REPRESENTATION('',(#7303),#7307);
#7303 = LINE('',#7304,#7305);
#7304 = CARTESIAN_POINT('',(88.899998664856,6.66750257493));
#7305 = VECTOR('',#7306,1.);
#7306 = DIRECTION('',(0.,1.));
#7307 = ( GEOMETRIC_REPRESENTATION_CONTEXT(2) 
PARAMETRIC_REPRESENTATION_CONTEXT() REPRESENTATION_CONTEXT('2D SPACE',''
  ) );
#7308 = ORIENTED_EDGE('',*,*,#6960,.T.);
#7309 = ORIENTED_EDGE('',*,*,#7087,.F.);
#7310 = ORIENTED_EDGE('',*,*,#7222,.F.);
#7311 = ADVANCED_FACE('',(#7312),#6898,.F.);
#7312 = FACE_BOUND('',#7313,.F.);
#7313 = EDGE_LOOP('',(#7314,#7315,#7316,#7343));
#7314 = ORIENTED_EDGE('',*,*,#7109,.F.);
#7315 = ORIENTED_EDGE('',*,*,#7244,.T.);
#7316 = ORIENTED_EDGE('',*,*,#7317,.T.);
#7317 = EDGE_CURVE('',#7135,#6863,#7318,.T.);
#7318 = SURFACE_CURVE('',#7319,(#7325,#7334),.PCURVE_S1.);
#7319 = B_SPLINE_CURVE_WITH_KNOTS('',4,(#7320,#7321,#7322,#7323,#7324),
  .UNSPECIFIED.,.F.,.F.,(5,5),(0.,1.),.PIECEWISE_BEZIER_KNOTS.);
#7320 = CARTESIAN_POINT('',(23.908343340183,342.26499485015,-99.206965)
  );
#7321 = CARTESIAN_POINT('',(23.908343340183,342.42374635015,-99.206965)
  );
#7322 = CARTESIAN_POINT('',(23.908343340183,342.58249785015,-99.206965)
  );
#7323 = CARTESIAN_POINT('',(23.908343340183,342.74124935015,-99.206965)
  );
#7324 = CARTESIAN_POINT('',(23.908343340183,342.90000085015,-99.206965)
  );
#7325 = PCURVE('',#6898,#7326);
#7326 = DEFINITIONAL_REPRESENTATION('',(#7327),#7333);
#7327 = B_SPLINE_CURVE_WITH_KNOTS('',4,(#7328,#7329,#7330,#7331,#7332),
  .UNSPECIFIED.,.F.,.F.,(5,5),(0.,1.),.PIECEWISE_BEZIER_KNOTS.);
#7328 = CARTESIAN_POINT('',(-0.312709545398,0.));
#7329 = CARTESIAN_POINT('',(-0.312709545398,1.587515E-02));
#7330 = CARTESIAN_POINT('',(-0.312709545398,3.17503E-02));
#7331 = CARTESIAN_POINT('',(-0.312709545398,4.762545E-02));
#7332 = CARTESIAN_POINT('',(-0.312709545398,6.35006E-02));
#7333 = ( GEOMETRIC_REPRESENTATION_CONTEXT(2) 
PARAMETRIC_REPRESENTATION_CONTEXT() REPRESENTATION_CONTEXT('2D SPACE',''
  ) );
#7334 = PCURVE('',#373,#7335);
#7335 = DEFINITIONAL_REPRESENTATION('',(#7336),#7342);
#7336 = B_SPLINE_CURVE_WITH_KNOTS('',4,(#7337,#7338,#7339,#7340,#7341),
  .UNSPECIFIED.,.F.,.F.,(5,5),(0.,1.),.PIECEWISE_BEZIER_KNOTS.);
#7337 = CARTESIAN_POINT('',(253.25530621978,63.87909485015));
#7338 = CARTESIAN_POINT('',(253.25530621978,64.03784635015));
#7339 = CARTESIAN_POINT('',(253.25530621978,64.19659785015));
#7340 = CARTESIAN_POINT('',(253.25530621978,64.35534935015));
#7341 = CARTESIAN_POINT('',(253.25530621978,64.51410085015));
#7342 = ( GEOMETRIC_REPRESENTATION_CONTEXT(2) 
PARAMETRIC_REPRESENTATION_CONTEXT() REPRESENTATION_CONTEXT('2D SPACE',''
  ) );
#7343 = ORIENTED_EDGE('',*,*,#6860,.F.);
#7344 = ADVANCED_FACE('',(#7345),#5906,.F.);
#7345 = FACE_BOUND('',#7346,.F.);
#7346 = EDGE_LOOP('',(#7347,#7348,#7349,#7350));
#7347 = ORIENTED_EDGE('',*,*,#6640,.F.);
#7348 = ORIENTED_EDGE('',*,*,#6429,.F.);
#7349 = ORIENTED_EDGE('',*,*,#5890,.T.);
#7350 = ORIENTED_EDGE('',*,*,#7351,.T.);
#7351 = EDGE_CURVE('',#5891,#6641,#7352,.T.);
#7352 = SURFACE_CURVE('',#7353,(#7357,#7364),.PCURVE_S1.);
#7353 = LINE('',#7354,#7355);
#7354 = CARTESIAN_POINT('',(88.899998474121,355.6,101.59999809265));
#7355 = VECTOR('',#7356,1.);
#7356 = DIRECTION('',(0.,-1.,0.));
#7357 = PCURVE('',#5906,#7358);
#7358 = DEFINITIONAL_REPRESENTATION('',(#7359),#7363);
#7359 = LINE('',#7360,#7361);
#7360 = CARTESIAN_POINT('',(101.59999809265,0.));
#7361 = VECTOR('',#7362,1.);
#7362 = DIRECTION('',(0.,1.));
#7363 = ( GEOMETRIC_REPRESENTATION_CONTEXT(2) 
PARAMETRIC_REPRESENTATION_CONTEXT() REPRESENTATION_CONTEXT('2D SPACE',''
  ) );
#7364 = PCURVE('',#5939,#7365);
#7365 = DEFINITIONAL_REPRESENTATION('',(#7366),#7370);
#7366 = LINE('',#7367,#7368);
#7367 = CARTESIAN_POINT('',(4.712388980385,0.));
#7368 = VECTOR('',#7369,1.);
#7369 = DIRECTION('',(0.,1.));
#7370 = ( GEOMETRIC_REPRESENTATION_CONTEXT(2) 
PARAMETRIC_REPRESENTATION_CONTEXT() REPRESENTATION_CONTEXT('2D SPACE',''
  ) );
#7371 = ADVANCED_FACE('',(#7372),#5939,.F.);
#7372 = FACE_BOUND('',#7373,.F.);
#7373 = EDGE_LOOP('',(#7374,#7375,#7396,#7397));
#7374 = ORIENTED_EDGE('',*,*,#5918,.T.);
#7375 = ORIENTED_EDGE('',*,*,#7376,.T.);
#7376 = EDGE_CURVE('',#5919,#6717,#7377,.T.);
#7377 = SURFACE_CURVE('',#7378,(#7382,#7389),.PCURVE_S1.);
#7378 = LINE('',#7379,#7380);
#7379 = CARTESIAN_POINT('',(76.199998474121,355.6,114.29999809265));
#7380 = VECTOR('',#7381,1.);
#7381 = DIRECTION('',(0.,-1.,0.));
#7382 = PCURVE('',#5939,#7383);
#7383 = DEFINITIONAL_REPRESENTATION('',(#7384),#7388);
#7384 = LINE('',#7385,#7386);
#7385 = CARTESIAN_POINT('',(6.28318530718,0.));
#7386 = VECTOR('',#7387,1.);
#7387 = DIRECTION('',(0.,1.));
#7388 = ( GEOMETRIC_REPRESENTATION_CONTEXT(2) 
PARAMETRIC_REPRESENTATION_CONTEXT() REPRESENTATION_CONTEXT('2D SPACE',''
  ) );
#7389 = PCURVE('',#3790,#7390);
#7390 = DEFINITIONAL_REPRESENTATION('',(#7391),#7395);
#7391 = LINE('',#7392,#7393);
#7392 = CARTESIAN_POINT('',(0.,0.));
#7393 = VECTOR('',#7394,1.);
#7394 = DIRECTION('',(0.,1.));
#7395 = ( GEOMETRIC_REPRESENTATION_CONTEXT(2) 
PARAMETRIC_REPRESENTATION_CONTEXT() REPRESENTATION_CONTEXT('2D SPACE',''
  ) );
#7396 = ORIENTED_EDGE('',*,*,#6716,.T.);
#7397 = ORIENTED_EDGE('',*,*,#7351,.F.);
#7398 = ADVANCED_FACE('',(#7399),#5995,.F.);
#7399 = FACE_BOUND('',#7400,.F.);
#7400 = EDGE_LOOP('',(#7401,#7402,#7425,#7454));
#7401 = ORIENTED_EDGE('',*,*,#5974,.T.);
#7402 = ORIENTED_EDGE('',*,*,#7403,.T.);
#7403 = EDGE_CURVE('',#5975,#7404,#7406,.T.);
#7404 = VERTEX_POINT('',#7405);
#7405 = CARTESIAN_POINT('',(-88.89999847412,347.98,101.59999809265));
#7406 = SURFACE_CURVE('',#7407,(#7411,#7418),.PCURVE_S1.);
#7407 = LINE('',#7408,#7409);
#7408 = CARTESIAN_POINT('',(-88.89999847412,355.6,101.59999809265));
#7409 = VECTOR('',#7410,1.);
#7410 = DIRECTION('',(0.,-1.,0.));
#7411 = PCURVE('',#5995,#7412);
#7412 = DEFINITIONAL_REPRESENTATION('',(#7413),#7417);
#7413 = LINE('',#7414,#7415);
#7414 = CARTESIAN_POINT('',(6.28318530718,0.));
#7415 = VECTOR('',#7416,1.);
#7416 = DIRECTION('',(0.,1.));
#7417 = ( GEOMETRIC_REPRESENTATION_CONTEXT(2) 
PARAMETRIC_REPRESENTATION_CONTEXT() REPRESENTATION_CONTEXT('2D SPACE',''
  ) );
#7418 = PCURVE('',#5512,#7419);
#7419 = DEFINITIONAL_REPRESENTATION('',(#7420),#7424);
#7420 = LINE('',#7421,#7422);
#7421 = CARTESIAN_POINT('',(0.,0.));
#7422 = VECTOR('',#7423,1.);
#7423 = DIRECTION('',(-0.,1.));
#7424 = ( GEOMETRIC_REPRESENTATION_CONTEXT(2) 
PARAMETRIC_REPRESENTATION_CONTEXT() REPRESENTATION_CONTEXT('2D SPACE',''
  ) );
#7425 = ORIENTED_EDGE('',*,*,#7426,.T.);
#7426 = EDGE_CURVE('',#7404,#7427,#7429,.T.);
#7427 = VERTEX_POINT('',#7428);
#7428 = CARTESIAN_POINT('',(-76.19999847412,347.98,114.29999809265));
#7429 = SURFACE_CURVE('',#7430,(#7435,#7442),.PCURVE_S1.);
#7430 = CIRCLE('',#7431,12.7);
#7431 = AXIS2_PLACEMENT_3D('',#7432,#7433,#7434);
#7432 = CARTESIAN_POINT('',(-76.19999847412,347.98,101.59999809265));
#7433 = DIRECTION('',(0.,1.,0.));
#7434 = DIRECTION('',(-1.,0.,-1.398706172756E-15));
#7435 = PCURVE('',#5995,#7436);
#7436 = DEFINITIONAL_REPRESENTATION('',(#7437),#7441);
#7437 = LINE('',#7438,#7439);
#7438 = CARTESIAN_POINT('',(6.28318530718,7.62));
#7439 = VECTOR('',#7440,1.);
#7440 = DIRECTION('',(-1.,0.));
#7441 = ( GEOMETRIC_REPRESENTATION_CONTEXT(2) 
PARAMETRIC_REPRESENTATION_CONTEXT() REPRESENTATION_CONTEXT('2D SPACE',''
  ) );
#7442 = PCURVE('',#7443,#7448);
#7443 = CYLINDRICAL_SURFACE('',#7444,12.7);
#7444 = AXIS2_PLACEMENT_3D('',#7445,#7446,#7447);
#7445 = CARTESIAN_POINT('',(-76.19999847412,355.6,101.59999809265));
#7446 = DIRECTION('',(0.,-1.,0.));
#7447 = DIRECTION('',(-1.,-0.,-1.398706172756E-15));
#7448 = DEFINITIONAL_REPRESENTATION('',(#7449),#7453);
#7449 = LINE('',#7450,#7451);
#7450 = CARTESIAN_POINT('',(6.28318530718,7.62));
#7451 = VECTOR('',#7452,1.);
#7452 = DIRECTION('',(-1.,0.));
#7453 = ( GEOMETRIC_REPRESENTATION_CONTEXT(2) 
PARAMETRIC_REPRESENTATION_CONTEXT() REPRESENTATION_CONTEXT('2D SPACE',''
  ) );
#7454 = ORIENTED_EDGE('',*,*,#7455,.F.);
#7455 = EDGE_CURVE('',#5952,#7427,#7456,.T.);
#7456 = SURFACE_CURVE('',#7457,(#7461,#7468),.PCURVE_S1.);
#7457 = LINE('',#7458,#7459);
#7458 = CARTESIAN_POINT('',(-76.19999847412,355.6,114.29999809265));
#7459 = VECTOR('',#7460,1.);
#7460 = DIRECTION('',(0.,-1.,0.));
#7461 = PCURVE('',#5995,#7462);
#7462 = DEFINITIONAL_REPRESENTATION('',(#7463),#7467);
#7463 = LINE('',#7464,#7465);
#7464 = CARTESIAN_POINT('',(4.712388980385,0.));
#7465 = VECTOR('',#7466,1.);
#7466 = DIRECTION('',(0.,1.));
#7467 = ( GEOMETRIC_REPRESENTATION_CONTEXT(2) 
PARAMETRIC_REPRESENTATION_CONTEXT() REPRESENTATION_CONTEXT('2D SPACE',''
  ) );
#7468 = PCURVE('',#3790,#7469);
#7469 = DEFINITIONAL_REPRESENTATION('',(#7470),#7474);
#7470 = LINE('',#7471,#7472);
#7471 = CARTESIAN_POINT('',(152.39999694824,0.));
#7472 = VECTOR('',#7473,1.);
#7473 = DIRECTION('',(0.,1.));
#7474 = ( GEOMETRIC_REPRESENTATION_CONTEXT(2) 
PARAMETRIC_REPRESENTATION_CONTEXT() REPRESENTATION_CONTEXT('2D SPACE',''
  ) );
#7475 = ADVANCED_FACE('',(#7476),#7443,.F.);
#7476 = FACE_BOUND('',#7477,.F.);
#7477 = EDGE_LOOP('',(#7478,#7479,#7505,#7529));
#7478 = ORIENTED_EDGE('',*,*,#7426,.F.);
#7479 = ORIENTED_EDGE('',*,*,#7480,.T.);
#7480 = EDGE_CURVE('',#7404,#5196,#7481,.T.);
#7481 = SURFACE_CURVE('',#7482,(#7486,#7493),.PCURVE_S1.);
#7482 = LINE('',#7483,#7484);
#7483 = CARTESIAN_POINT('',(-88.89999847412,355.6,101.59999809265));
#7484 = VECTOR('',#7485,1.);
#7485 = DIRECTION('',(0.,-1.,0.));
#7486 = PCURVE('',#7443,#7487);
#7487 = DEFINITIONAL_REPRESENTATION('',(#7488),#7492);
#7488 = LINE('',#7489,#7490);
#7489 = CARTESIAN_POINT('',(6.28318530718,0.));
#7490 = VECTOR('',#7491,1.);
#7491 = DIRECTION('',(0.,1.));
#7492 = ( GEOMETRIC_REPRESENTATION_CONTEXT(2) 
PARAMETRIC_REPRESENTATION_CONTEXT() REPRESENTATION_CONTEXT('2D SPACE',''
  ) );
#7493 = PCURVE('',#7494,#7499);
#7494 = PLANE('',#7495);
#7495 = AXIS2_PLACEMENT_3D('',#7496,#7497,#7498);
#7496 = CARTESIAN_POINT('',(-88.89999847412,355.6,101.59999809265));
#7497 = DIRECTION('',(-1.,0.,1.735239660539E-16));
#7498 = DIRECTION('',(-1.735239660539E-16,0.,-1.));
#7499 = DEFINITIONAL_REPRESENTATION('',(#7500),#7504);
#7500 = LINE('',#7501,#7502);
#7501 = CARTESIAN_POINT('',(0.,0.));
#7502 = VECTOR('',#7503,1.);
#7503 = DIRECTION('',(-0.,1.));
#7504 = ( GEOMETRIC_REPRESENTATION_CONTEXT(2) 
PARAMETRIC_REPRESENTATION_CONTEXT() REPRESENTATION_CONTEXT('2D SPACE',''
  ) );
#7505 = ORIENTED_EDGE('',*,*,#7506,.F.);
#7506 = EDGE_CURVE('',#7507,#5196,#7509,.T.);
#7507 = VERTEX_POINT('',#7508);
#7508 = CARTESIAN_POINT('',(-76.19999847412,342.9,114.29999809265));
#7509 = SURFACE_CURVE('',#7510,(#7515,#7522),.PCURVE_S1.);
#7510 = CIRCLE('',#7511,12.7);
#7511 = AXIS2_PLACEMENT_3D('',#7512,#7513,#7514);
#7512 = CARTESIAN_POINT('',(-76.19999847412,342.9,101.59999809265));
#7513 = DIRECTION('',(0.,-1.,0.));
#7514 = DIRECTION('',(-1.,-0.,-1.398706172756E-15));
#7515 = PCURVE('',#7443,#7516);
#7516 = DEFINITIONAL_REPRESENTATION('',(#7517),#7521);
#7517 = LINE('',#7518,#7519);
#7518 = CARTESIAN_POINT('',(-9.860761315263E-30,12.7));
#7519 = VECTOR('',#7520,1.);
#7520 = DIRECTION('',(1.,0.));
#7521 = ( GEOMETRIC_REPRESENTATION_CONTEXT(2) 
PARAMETRIC_REPRESENTATION_CONTEXT() REPRESENTATION_CONTEXT('2D SPACE',''
  ) );
#7522 = PCURVE('',#3762,#7523);
#7523 = DEFINITIONAL_REPRESENTATION('',(#7524),#7528);
#7524 = LINE('',#7525,#7526);
#7525 = CARTESIAN_POINT('',(-9.860761315263E-30,12.7));
#7526 = VECTOR('',#7527,1.);
#7527 = DIRECTION('',(1.,0.));
#7528 = ( GEOMETRIC_REPRESENTATION_CONTEXT(2) 
PARAMETRIC_REPRESENTATION_CONTEXT() REPRESENTATION_CONTEXT('2D SPACE',''
  ) );
#7529 = ORIENTED_EDGE('',*,*,#7530,.F.);
#7530 = EDGE_CURVE('',#7427,#7507,#7531,.T.);
#7531 = SURFACE_CURVE('',#7532,(#7536,#7542),.PCURVE_S1.);
#7532 = LINE('',#7533,#7534);
#7533 = CARTESIAN_POINT('',(-76.19999847412,347.98,114.29999809265));
#7534 = VECTOR('',#7535,1.);
#7535 = DIRECTION('',(0.,-1.,0.));
#7536 = PCURVE('',#7443,#7537);
#7537 = DEFINITIONAL_REPRESENTATION('',(#7538),#7541);
#7538 = B_SPLINE_CURVE_WITH_KNOTS('',1,(#7539,#7540),.UNSPECIFIED.,.F.,
  .F.,(2,2),(0.,5.08),.PIECEWISE_BEZIER_KNOTS.);
#7539 = CARTESIAN_POINT('',(4.712388980385,7.62));
#7540 = CARTESIAN_POINT('',(4.712388980385,12.7));
#7541 = ( GEOMETRIC_REPRESENTATION_CONTEXT(2) 
PARAMETRIC_REPRESENTATION_CONTEXT() REPRESENTATION_CONTEXT('2D SPACE',''
  ) );
#7542 = PCURVE('',#3790,#7543);
#7543 = DEFINITIONAL_REPRESENTATION('',(#7544),#7548);
#7544 = LINE('',#7545,#7546);
#7545 = CARTESIAN_POINT('',(152.39999694824,7.62));
#7546 = VECTOR('',#7547,1.);
#7547 = DIRECTION('',(0.,1.));
#7548 = ( GEOMETRIC_REPRESENTATION_CONTEXT(2) 
PARAMETRIC_REPRESENTATION_CONTEXT() REPRESENTATION_CONTEXT('2D SPACE',''
  ) );
#7549 = ADVANCED_FACE('',(#7550),#7494,.F.);
#7550 = FACE_BOUND('',#7551,.F.);
#7551 = EDGE_LOOP('',(#7552,#7575,#7576,#7599));
#7552 = ORIENTED_EDGE('',*,*,#7553,.F.);
#7553 = EDGE_CURVE('',#5196,#7554,#7556,.T.);
#7554 = VERTEX_POINT('',#7555);
#7555 = CARTESIAN_POINT('',(-88.89999847412,342.9,2.426128057493E-03));
#7556 = SURFACE_CURVE('',#7557,(#7561,#7568),.PCURVE_S1.);
#7557 = LINE('',#7558,#7559);
#7558 = CARTESIAN_POINT('',(-88.89999847412,342.9,1.213064028743E-03));
#7559 = VECTOR('',#7560,1.);
#7560 = DIRECTION('',(-1.74840362402E-16,0.,-1.));
#7561 = PCURVE('',#7494,#7562);
#7562 = DEFINITIONAL_REPRESENTATION('',(#7563),#7567);
#7563 = LINE('',#7564,#7565);
#7564 = CARTESIAN_POINT('',(101.59878502862,12.7));
#7565 = VECTOR('',#7566,1.);
#7566 = DIRECTION('',(1.,0.));
#7567 = ( GEOMETRIC_REPRESENTATION_CONTEXT(2) 
PARAMETRIC_REPRESENTATION_CONTEXT() REPRESENTATION_CONTEXT('2D SPACE',''
  ) );
#7568 = PCURVE('',#5211,#7569);
#7569 = DEFINITIONAL_REPRESENTATION('',(#7570),#7574);
#7570 = LINE('',#7571,#7572);
#7571 = CARTESIAN_POINT('',(101.59878502862,12.7));
#7572 = VECTOR('',#7573,1.);
#7573 = DIRECTION('',(1.,0.));
#7574 = ( GEOMETRIC_REPRESENTATION_CONTEXT(2) 
PARAMETRIC_REPRESENTATION_CONTEXT() REPRESENTATION_CONTEXT('2D SPACE',''
  ) );
#7575 = ORIENTED_EDGE('',*,*,#7480,.F.);
#7576 = ORIENTED_EDGE('',*,*,#7577,.F.);
#7577 = EDGE_CURVE('',#7578,#7404,#7580,.T.);
#7578 = VERTEX_POINT('',#7579);
#7579 = CARTESIAN_POINT('',(-88.89999847412,347.98,2.426128057492E-03));
#7580 = SURFACE_CURVE('',#7581,(#7585,#7592),.PCURVE_S1.);
#7581 = LINE('',#7582,#7583);
#7582 = CARTESIAN_POINT('',(-88.89999847412,347.98,1.213064028743E-03));
#7583 = VECTOR('',#7584,1.);
#7584 = DIRECTION('',(1.74840362402E-16,0.,1.));
#7585 = PCURVE('',#7494,#7586);
#7586 = DEFINITIONAL_REPRESENTATION('',(#7587),#7591);
#7587 = LINE('',#7588,#7589);
#7588 = CARTESIAN_POINT('',(101.59878502862,7.62));
#7589 = VECTOR('',#7590,1.);
#7590 = DIRECTION('',(-1.,0.));
#7591 = ( GEOMETRIC_REPRESENTATION_CONTEXT(2) 
PARAMETRIC_REPRESENTATION_CONTEXT() REPRESENTATION_CONTEXT('2D SPACE',''
  ) );
#7592 = PCURVE('',#5512,#7593);
#7593 = DEFINITIONAL_REPRESENTATION('',(#7594),#7598);
#7594 = LINE('',#7595,#7596);
#7595 = CARTESIAN_POINT('',(101.59878502862,7.62));
#7596 = VECTOR('',#7597,1.);
#7597 = DIRECTION('',(-1.,0.));
#7598 = ( GEOMETRIC_REPRESENTATION_CONTEXT(2) 
PARAMETRIC_REPRESENTATION_CONTEXT() REPRESENTATION_CONTEXT('2D SPACE',''
  ) );
#7599 = ORIENTED_EDGE('',*,*,#7600,.T.);
#7600 = EDGE_CURVE('',#7578,#7554,#7601,.T.);
#7601 = SURFACE_CURVE('',#7602,(#7606,#7613),.PCURVE_S1.);
#7602 = LINE('',#7603,#7604);
#7603 = CARTESIAN_POINT('',(-88.89999847412,347.98,2.426128057492E-03));
#7604 = VECTOR('',#7605,1.);
#7605 = DIRECTION('',(0.,-1.,0.));
#7606 = PCURVE('',#7494,#7607);
#7607 = DEFINITIONAL_REPRESENTATION('',(#7608),#7612);
#7608 = LINE('',#7609,#7610);
#7609 = CARTESIAN_POINT('',(101.59757196459,7.62));
#7610 = VECTOR('',#7611,1.);
#7611 = DIRECTION('',(-0.,1.));
#7612 = ( GEOMETRIC_REPRESENTATION_CONTEXT(2) 
PARAMETRIC_REPRESENTATION_CONTEXT() REPRESENTATION_CONTEXT('2D SPACE',''
  ) );
#7613 = PCURVE('',#5374,#7614);
#7614 = DEFINITIONAL_REPRESENTATION('',(#7615),#7618);
#7615 = B_SPLINE_CURVE_WITH_KNOTS('',1,(#7616,#7617),.UNSPECIFIED.,.F.,
  .F.,(2,2),(0.,5.08),.PIECEWISE_BEZIER_KNOTS.);
#7616 = CARTESIAN_POINT('',(-2.190732133461E-16,2.537973184308E-15));
#7617 = CARTESIAN_POINT('',(4.44451453768E-02,2.537973184308E-15));
#7618 = ( GEOMETRIC_REPRESENTATION_CONTEXT(2) 
PARAMETRIC_REPRESENTATION_CONTEXT() REPRESENTATION_CONTEXT('2D SPACE',''
  ) );
#7619 = ADVANCED_FACE('',(#7620),#6067,.T.);
#7620 = FACE_BOUND('',#7621,.T.);
#7621 = EDGE_LOOP('',(#7622,#7660,#7680,#7681));
#7622 = ORIENTED_EDGE('',*,*,#7623,.F.);
#7623 = EDGE_CURVE('',#7624,#7626,#7628,.T.);
#7624 = VERTEX_POINT('',#7625);
#7625 = CARTESIAN_POINT('',(-101.5999984741,304.80000972747,0.));
#7626 = VERTEX_POINT('',#7627);
#7627 = CARTESIAN_POINT('',(-63.43237084528,304.80000972747,-99.206965)
  );
#7628 = SURFACE_CURVE('',#7629,(#7634,#7647),.PCURVE_S1.);
#7629 = ELLIPSE('',#7630,126.99999809265,101.59999847412);
#7630 = AXIS2_PLACEMENT_3D('',#7631,#7632,#7633);
#7631 = CARTESIAN_POINT('',(0.,304.80000972747,-6.417583586172E-14));
#7632 = DIRECTION('',(0.,-1.,0.));
#7633 = DIRECTION('',(0.,0.,1.));
#7634 = PCURVE('',#6067,#7635);
#7635 = DEFINITIONAL_REPRESENTATION('',(#7636),#7646);
#7636 = B_SPLINE_CURVE_WITH_KNOTS('',8,(#7637,#7638,#7639,#7640,#7641,
    #7642,#7643,#7644,#7645),.UNSPECIFIED.,.F.,.F.,(9,9),(1.570796326795
    ,2.467313521159),.PIECEWISE_BEZIER_KNOTS.);
#7637 = CARTESIAN_POINT('',(1.570796326795,30.480000972748));
#7638 = CARTESIAN_POINT('',(1.446323802657,30.480000972835));
#7639 = CARTESIAN_POINT('',(1.328454481867,30.480000972166));
#7640 = CARTESIAN_POINT('',(1.215384676216,30.480000974145));
#7641 = CARTESIAN_POINT('',(1.105754021446,30.480000955751));
#7642 = CARTESIAN_POINT('',(0.998411623419,30.480000976939));
#7643 = CARTESIAN_POINT('',(0.892328271719,30.480000971933));
#7644 = CARTESIAN_POINT('',(0.786514765754,30.480000973039));
#7645 = CARTESIAN_POINT('',(0.67994218452,30.480000972748));
#7646 = ( GEOMETRIC_REPRESENTATION_CONTEXT(2) 
PARAMETRIC_REPRESENTATION_CONTEXT() REPRESENTATION_CONTEXT('2D SPACE',''
  ) );
#7647 = PCURVE('',#567,#7648);
#7648 = DEFINITIONAL_REPRESENTATION('',(#7649),#7659);
#7649 = B_SPLINE_CURVE_WITH_KNOTS('',8,(#7650,#7651,#7652,#7653,#7654,
    #7655,#7656,#7657,#7658),.UNSPECIFIED.,.F.,.F.,(9,9),(1.570796326795
    ,2.467313521159),.PIECEWISE_BEZIER_KNOTS.);
#7650 = CARTESIAN_POINT('',(1.570796326795,30.480000972748));
#7651 = CARTESIAN_POINT('',(1.446323802657,30.480000972835));
#7652 = CARTESIAN_POINT('',(1.328454481867,30.480000972166));
#7653 = CARTESIAN_POINT('',(1.215384676216,30.480000974145));
#7654 = CARTESIAN_POINT('',(1.105754021446,30.480000955751));
#7655 = CARTESIAN_POINT('',(0.998411623419,30.480000976939));
#7656 = CARTESIAN_POINT('',(0.892328271719,30.480000971933));
#7657 = CARTESIAN_POINT('',(0.786514765754,30.480000973039));
#7658 = CARTESIAN_POINT('',(0.67994218452,30.480000972748));
#7659 = ( GEOMETRIC_REPRESENTATION_CONTEXT(2) 
PARAMETRIC_REPRESENTATION_CONTEXT() REPRESENTATION_CONTEXT('2D SPACE',''
  ) );
#7660 = ORIENTED_EDGE('',*,*,#7661,.T.);
#7661 = EDGE_CURVE('',#7624,#5629,#7662,.T.);
#7662 = SURFACE_CURVE('',#7663,(#7667,#7673),.PCURVE_S1.);
#7663 = LINE('',#7664,#7665);
#7664 = CARTESIAN_POINT('',(-101.5999984741,0.,-7.776507057794E-15));
#7665 = VECTOR('',#7666,1.);
#7666 = DIRECTION('',(0.,1.,0.));
#7667 = PCURVE('',#6067,#7668);
#7668 = DEFINITIONAL_REPRESENTATION('',(#7669),#7672);
#7669 = B_SPLINE_CURVE_WITH_KNOTS('',1,(#7670,#7671),.UNSPECIFIED.,.F.,
  .F.,(2,2),(0.,355.6),.PIECEWISE_BEZIER_KNOTS.);
#7670 = CARTESIAN_POINT('',(1.570796326795,-2.735658822352E-15));
#7671 = CARTESIAN_POINT('',(1.570796326795,35.56));
#7672 = ( GEOMETRIC_REPRESENTATION_CONTEXT(2) 
PARAMETRIC_REPRESENTATION_CONTEXT() REPRESENTATION_CONTEXT('2D SPACE',''
  ) );
#7673 = PCURVE('',#532,#7674);
#7674 = DEFINITIONAL_REPRESENTATION('',(#7675),#7679);
#7675 = LINE('',#7676,#7677);
#7676 = CARTESIAN_POINT('',(-7.776507057794E-15,0.));
#7677 = VECTOR('',#7678,1.);
#7678 = DIRECTION('',(0.,1.));
#7679 = ( GEOMETRIC_REPRESENTATION_CONTEXT(2) 
PARAMETRIC_REPRESENTATION_CONTEXT() REPRESENTATION_CONTEXT('2D SPACE',''
  ) );
#7680 = ORIENTED_EDGE('',*,*,#6052,.F.);
#7681 = ORIENTED_EDGE('',*,*,#7682,.F.);
#7682 = EDGE_CURVE('',#7626,#6030,#7683,.T.);
#7683 = SURFACE_CURVE('',#7684,(#7690,#7699),.PCURVE_S1.);
#7684 = B_SPLINE_CURVE_WITH_KNOTS('',4,(#7685,#7686,#7687,#7688,#7689),
  .UNSPECIFIED.,.F.,.F.,(5,5),(0.,1.),.PIECEWISE_BEZIER_KNOTS.);
#7685 = CARTESIAN_POINT('',(-63.43237084528,278.3859,-99.206965));
#7686 = CARTESIAN_POINT('',(-63.43237084528,297.68942649999,-99.206965)
  );
#7687 = CARTESIAN_POINT('',(-63.43237084528,316.992953,-99.206965));
#7688 = CARTESIAN_POINT('',(-63.43237084528,336.29647949999,-99.206965)
  );
#7689 = CARTESIAN_POINT('',(-63.43237084528,355.600006,-99.206965));
#7690 = PCURVE('',#6067,#7691);
#7691 = DEFINITIONAL_REPRESENTATION('',(#7692),#7698);
#7692 = B_SPLINE_CURVE_WITH_KNOTS('',4,(#7693,#7694,#7695,#7696,#7697),
  .UNSPECIFIED.,.F.,.F.,(5,5),(0.,1.),.PIECEWISE_BEZIER_KNOTS.);
#7693 = CARTESIAN_POINT('',(0.67994218452,27.83859));
#7694 = CARTESIAN_POINT('',(0.67994218452,29.76894265));
#7695 = CARTESIAN_POINT('',(0.67994218452,31.699295300001));
#7696 = CARTESIAN_POINT('',(0.67994218452,33.62964795));
#7697 = CARTESIAN_POINT('',(0.67994218452,35.5600006));
#7698 = ( GEOMETRIC_REPRESENTATION_CONTEXT(2) 
PARAMETRIC_REPRESENTATION_CONTEXT() REPRESENTATION_CONTEXT('2D SPACE',''
  ) );
#7699 = PCURVE('',#611,#7700);
#7700 = DEFINITIONAL_REPRESENTATION('',(#7701),#7707);
#7701 = B_SPLINE_CURVE_WITH_KNOTS('',4,(#7702,#7703,#7704,#7705,#7706),
  .UNSPECIFIED.,.F.,.F.,(5,5),(0.,1.),.PIECEWISE_BEZIER_KNOTS.);
#7702 = CARTESIAN_POINT('',(165.91459203432,0.));
#7703 = CARTESIAN_POINT('',(165.91459203432,19.30352649999));
#7704 = CARTESIAN_POINT('',(165.91459203432,38.607053));
#7705 = CARTESIAN_POINT('',(165.91459203432,57.91057949999));
#7706 = CARTESIAN_POINT('',(165.91459203432,77.214106));
#7707 = ( GEOMETRIC_REPRESENTATION_CONTEXT(2) 
PARAMETRIC_REPRESENTATION_CONTEXT() REPRESENTATION_CONTEXT('2D SPACE',''
  ) );
#7708 = ADVANCED_FACE('',(#7709),#5512,.F.);
#7709 = FACE_BOUND('',#7710,.F.);
#7710 = EDGE_LOOP('',(#7711,#7712,#7713,#7714,#7715));
#7711 = ORIENTED_EDGE('',*,*,#7577,.T.);
#7712 = ORIENTED_EDGE('',*,*,#7403,.F.);
#7713 = ORIENTED_EDGE('',*,*,#6007,.T.);
#7714 = ORIENTED_EDGE('',*,*,#5497,.T.);
#7715 = ORIENTED_EDGE('',*,*,#7716,.T.);
#7716 = EDGE_CURVE('',#5360,#7578,#7717,.T.);
#7717 = SURFACE_CURVE('',#7718,(#7723,#7736),.PCURVE_S1.);
#7718 = ELLIPSE('',#7719,114.29819740565,88.899998466454);
#7719 = AXIS2_PLACEMENT_3D('',#7720,#7721,#7722);
#7720 = CARTESIAN_POINT('',(0.,347.98,0.));
#7721 = DIRECTION('',(0.,1.,0.));
#7722 = DIRECTION('',(2.089593393833E-05,0.,-0.999999999782));
#7723 = PCURVE('',#5512,#7724);
#7724 = DEFINITIONAL_REPRESENTATION('',(#7725),#7735);
#7725 = B_SPLINE_CURVE_WITH_KNOTS('',8,(#7726,#7727,#7728,#7729,#7730,
    #7731,#7732,#7733,#7734),.UNSPECIFIED.,.F.,.F.,(9,9),(1.570812579444
    ,1.570833805746),.PIECEWISE_BEZIER_KNOTS.);
#7726 = CARTESIAN_POINT('',(101.59999809265,7.62));
#7727 = CARTESIAN_POINT('',(101.59969482664,7.62));
#7728 = CARTESIAN_POINT('',(101.59939156063,7.620000000543));
#7729 = CARTESIAN_POINT('',(101.59908829462,7.619999998622));
#7730 = CARTESIAN_POINT('',(101.59878502862,7.620000003977));
#7731 = CARTESIAN_POINT('',(101.59848176261,7.619999999786));
#7732 = CARTESIAN_POINT('',(101.5981784966,7.620000000775));
#7733 = CARTESIAN_POINT('',(101.5978752306,7.62));
#7734 = CARTESIAN_POINT('',(101.59757196459,7.62));
#7735 = ( GEOMETRIC_REPRESENTATION_CONTEXT(2) 
PARAMETRIC_REPRESENTATION_CONTEXT() REPRESENTATION_CONTEXT('2D SPACE',''
  ) );
#7736 = PCURVE('',#5374,#7737);
#7737 = DEFINITIONAL_REPRESENTATION('',(#7738),#7741);
#7738 = B_SPLINE_CURVE_WITH_KNOTS('',1,(#7739,#7740),.UNSPECIFIED.,.F.,
  .F.,(2,2),(1.570812579444,1.570833805746),.PIECEWISE_BEZIER_KNOTS.);
#7739 = CARTESIAN_POINT('',(-2.190732133461E-16,2.426128057557E-04));
#7740 = CARTESIAN_POINT('',(-2.190732133461E-16,2.538536937674E-15));
#7741 = ( GEOMETRIC_REPRESENTATION_CONTEXT(2) 
PARAMETRIC_REPRESENTATION_CONTEXT() REPRESENTATION_CONTEXT('2D SPACE',''
  ) );
#7742 = ADVANCED_FACE('',(#7743),#5374,.T.);
#7743 = FACE_BOUND('',#7744,.T.);
#7744 = EDGE_LOOP('',(#7745,#7746,#7773,#7774));
#7745 = ORIENTED_EDGE('',*,*,#7600,.T.);
#7746 = ORIENTED_EDGE('',*,*,#7747,.T.);
#7747 = EDGE_CURVE('',#7554,#5271,#7748,.T.);
#7748 = SURFACE_CURVE('',#7749,(#7754,#7760),.PCURVE_S1.);
#7749 = ELLIPSE('',#7750,114.29819740565,88.899998466454);
#7750 = AXIS2_PLACEMENT_3D('',#7751,#7752,#7753);
#7751 = CARTESIAN_POINT('',(0.,342.9,0.));
#7752 = DIRECTION('',(0.,-1.,0.));
#7753 = DIRECTION('',(2.089593393833E-05,0.,-0.999999999782));
#7754 = PCURVE('',#5374,#7755);
#7755 = DEFINITIONAL_REPRESENTATION('',(#7756),#7759);
#7756 = B_SPLINE_CURVE_WITH_KNOTS('',1,(#7757,#7758),.UNSPECIFIED.,.F.,
  .F.,(2,2),(4.712351501434,4.712372727736),.PIECEWISE_BEZIER_KNOTS.);
#7757 = CARTESIAN_POINT('',(4.44451453768E-02,-2.609597761418E-16));
#7758 = CARTESIAN_POINT('',(4.44451453768E-02,2.426128057579E-04));
#7759 = ( GEOMETRIC_REPRESENTATION_CONTEXT(2) 
PARAMETRIC_REPRESENTATION_CONTEXT() REPRESENTATION_CONTEXT('2D SPACE',''
  ) );
#7760 = PCURVE('',#5211,#7761);
#7761 = DEFINITIONAL_REPRESENTATION('',(#7762),#7772);
#7762 = B_SPLINE_CURVE_WITH_KNOTS('',8,(#7763,#7764,#7765,#7766,#7767,
    #7768,#7769,#7770,#7771),.UNSPECIFIED.,.F.,.F.,(9,9),(4.712351501434
    ,4.712372727736),.PIECEWISE_BEZIER_KNOTS.);
#7763 = CARTESIAN_POINT('',(101.59757196459,12.7));
#7764 = CARTESIAN_POINT('',(101.5978752306,12.7));
#7765 = CARTESIAN_POINT('',(101.5981784966,12.700000000093));
#7766 = CARTESIAN_POINT('',(101.59848176261,12.700000000559));
#7767 = CARTESIAN_POINT('',(101.59878502862,12.699999999395));
#7768 = CARTESIAN_POINT('',(101.59908829462,12.700000000792));
#7769 = CARTESIAN_POINT('',(101.59939156063,12.70000000021));
#7770 = CARTESIAN_POINT('',(101.59969482664,12.7));
#7771 = CARTESIAN_POINT('',(101.59999809265,12.7));
#7772 = ( GEOMETRIC_REPRESENTATION_CONTEXT(2) 
PARAMETRIC_REPRESENTATION_CONTEXT() REPRESENTATION_CONTEXT('2D SPACE',''
  ) );
#7773 = ORIENTED_EDGE('',*,*,#5359,.F.);
#7774 = ORIENTED_EDGE('',*,*,#7716,.T.);
#7775 = ADVANCED_FACE('',(#7776),#5211,.F.);
#7776 = FACE_BOUND('',#7777,.F.);
#7777 = EDGE_LOOP('',(#7778,#7779,#7780,#7781));
#7778 = ORIENTED_EDGE('',*,*,#5270,.T.);
#7779 = ORIENTED_EDGE('',*,*,#5195,.T.);
#7780 = ORIENTED_EDGE('',*,*,#7553,.T.);
#7781 = ORIENTED_EDGE('',*,*,#7747,.T.);
#7782 = ADVANCED_FACE('',(#7783),#4910,.T.);
#7783 = FACE_BOUND('',#7784,.T.);
#7784 = EDGE_LOOP('',(#7785,#7786,#7787,#7808));
#7785 = ORIENTED_EDGE('',*,*,#5004,.T.);
#7786 = ORIENTED_EDGE('',*,*,#5246,.T.);
#7787 = ORIENTED_EDGE('',*,*,#7788,.F.);
#7788 = EDGE_CURVE('',#4895,#5224,#7789,.T.);
#7789 = SURFACE_CURVE('',#7790,(#7794,#7801),.PCURVE_S1.);
#7790 = LINE('',#7791,#7792);
#7791 = CARTESIAN_POINT('',(-78.73837792168,342.89999485015,
    101.60219205116));
#7792 = VECTOR('',#7793,1.);
#7793 = DIRECTION('',(0.,1.,0.));
#7794 = PCURVE('',#4910,#7795);
#7795 = DEFINITIONAL_REPRESENTATION('',(#7796),#7800);
#7796 = LINE('',#7797,#7798);
#7797 = CARTESIAN_POINT('',(0.635,101.59999999999));
#7798 = VECTOR('',#7799,1.);
#7799 = DIRECTION('',(1.,0.));
#7800 = ( GEOMETRIC_REPRESENTATION_CONTEXT(2) 
PARAMETRIC_REPRESENTATION_CONTEXT() REPRESENTATION_CONTEXT('2D SPACE',''
  ) );
#7801 = PCURVE('',#4938,#7802);
#7802 = DEFINITIONAL_REPRESENTATION('',(#7803),#7807);
#7803 = LINE('',#7804,#7805);
#7804 = CARTESIAN_POINT('',(10.160000000002,0.));
#7805 = VECTOR('',#7806,1.);
#7806 = DIRECTION('',(0.,1.));
#7807 = ( GEOMETRIC_REPRESENTATION_CONTEXT(2) 
PARAMETRIC_REPRESENTATION_CONTEXT() REPRESENTATION_CONTEXT('2D SPACE',''
  ) );
#7808 = ORIENTED_EDGE('',*,*,#4894,.F.);
#7809 = ADVANCED_FACE('',(#7810),#4938,.T.);
#7810 = FACE_BOUND('',#7811,.T.);
#7811 = EDGE_LOOP('',(#7812,#7833,#7834,#7835));
#7812 = ORIENTED_EDGE('',*,*,#7813,.T.);
#7813 = EDGE_CURVE('',#5196,#4923,#7814,.T.);
#7814 = SURFACE_CURVE('',#7815,(#7819,#7826),.PCURVE_S1.);
#7815 = LINE('',#7816,#7817);
#7816 = CARTESIAN_POINT('',(-88.89999836485,355.6,101.60117605526));
#7817 = VECTOR('',#7818,1.);
#7818 = DIRECTION('',(0.,-1.,0.));
#7819 = PCURVE('',#4938,#7820);
#7820 = DEFINITIONAL_REPRESENTATION('',(#7821),#7825);
#7821 = LINE('',#7822,#7823);
#7822 = CARTESIAN_POINT('',(-1.620425670076E-03,12.70000514985));
#7823 = VECTOR('',#7824,1.);
#7824 = DIRECTION('',(0.,-1.));
#7825 = ( GEOMETRIC_REPRESENTATION_CONTEXT(2) 
PARAMETRIC_REPRESENTATION_CONTEXT() REPRESENTATION_CONTEXT('2D SPACE',''
  ) );
#7826 = PCURVE('',#3762,#7827);
#7827 = DEFINITIONAL_REPRESENTATION('',(#7828),#7832);
#7828 = LINE('',#7829,#7830);
#7829 = CARTESIAN_POINT('',(6.283092554218,0.));
#7830 = VECTOR('',#7831,1.);
#7831 = DIRECTION('',(0.,1.));
#7832 = ( GEOMETRIC_REPRESENTATION_CONTEXT(2) 
PARAMETRIC_REPRESENTATION_CONTEXT() REPRESENTATION_CONTEXT('2D SPACE',''
  ) );
#7833 = ORIENTED_EDGE('',*,*,#4922,.T.);
#7834 = ORIENTED_EDGE('',*,*,#7788,.T.);
#7835 = ORIENTED_EDGE('',*,*,#5223,.T.);
#7836 = ADVANCED_FACE('',(#7837),#3948,.F.);
#7837 = FACE_BOUND('',#7838,.F.);
#7838 = EDGE_LOOP('',(#7839,#7877,#7896,#7897));
#7839 = ORIENTED_EDGE('',*,*,#7840,.F.);
#7840 = EDGE_CURVE('',#7841,#4148,#7843,.T.);
#7841 = VERTEX_POINT('',#7842);
#7842 = CARTESIAN_POINT('',(2.388367582261E-03,278.3859,-114.2981973807)
  );
#7843 = SURFACE_CURVE('',#7844,(#7853,#7865),.PCURVE_S1.);
#7844 = B_SPLINE_CURVE_WITH_KNOTS('',4,(#7845,#7846,#7847,#7848,#7849,
    #7850,#7851,#7852),.UNSPECIFIED.,.F.,.F.,(5,3,5),(0.,0.499876625167,
    1.),.UNSPECIFIED.);
#7845 = CARTESIAN_POINT('',(2.388367582256E-03,278.3859,-114.2981973807)
  );
#7846 = CARTESIAN_POINT('',(-0.609123321716,278.3859,-114.2982101588));
#7847 = CARTESIAN_POINT('',(-1.220635194209,278.3859,-114.2910121245));
#7848 = CARTESIAN_POINT('',(-1.832019610119,278.3859,-114.2766032795));
#7849 = CARTESIAN_POINT('',(-3.054580829254,278.3859,-114.2333729845));
#7850 = CARTESIAN_POINT('',(-3.665757426136,278.3859,-114.2045444185));
#7851 = CARTESIAN_POINT('',(-4.276551808149,278.3859,-114.1685176335));
#7852 = CARTESIAN_POINT('',(-4.886837969173,278.3859,-114.1253122167));
#7853 = PCURVE('',#3948,#7854);
#7854 = DEFINITIONAL_REPRESENTATION('',(#7855),#7864);
#7855 = B_SPLINE_CURVE_WITH_KNOTS('',4,(#7856,#7857,#7858,#7859,#7860,
    #7861,#7862,#7863),.UNSPECIFIED.,.F.,.F.,(5,3,5),(0.,0.499876625167,
    1.),.UNSPECIFIED.);
#7856 = CARTESIAN_POINT('',(0.,6.387909485016));
#7857 = CARTESIAN_POINT('',(-6.879514643815E-03,6.387909485016));
#7858 = CARTESIAN_POINT('',(-1.375816153743E-02,6.387909485016));
#7859 = CARTESIAN_POINT('',(-2.063580765919E-02,6.387909485016));
#7860 = CARTESIAN_POINT('',(-3.439223096163E-02,6.387909485016));
#7861 = CARTESIAN_POINT('',(-4.127100732012E-02,6.387909485016));
#7862 = CARTESIAN_POINT('',(-4.814852011949E-02,6.387909485016));
#7863 = CARTESIAN_POINT('',(-5.502464422798E-02,6.387909485016));
#7864 = ( GEOMETRIC_REPRESENTATION_CONTEXT(2) 
PARAMETRIC_REPRESENTATION_CONTEXT() REPRESENTATION_CONTEXT('2D SPACE',''
  ) );
#7865 = PCURVE('',#723,#7866);
#7866 = DEFINITIONAL_REPRESENTATION('',(#7867),#7876);
#7867 = B_SPLINE_CURVE_WITH_KNOTS('',4,(#7868,#7869,#7870,#7871,#7872,
    #7873,#7874,#7875),.UNSPECIFIED.,.F.,.F.,(5,3,5),(0.,0.499876625167,
    1.),.UNSPECIFIED.);
#7868 = CARTESIAN_POINT('',(29.1908376193,229.34935124718));
#7869 = CARTESIAN_POINT('',(29.1908248412,228.73783955788));
#7870 = CARTESIAN_POINT('',(29.1980228755,228.12632768539));
#7871 = CARTESIAN_POINT('',(29.2124317205,227.51494326948));
#7872 = CARTESIAN_POINT('',(29.2556620155,226.29238205034));
#7873 = CARTESIAN_POINT('',(29.2844905815,225.68120545346));
#7874 = CARTESIAN_POINT('',(29.3205173665,225.07041107145));
#7875 = CARTESIAN_POINT('',(29.3637227833,224.46012491042));
#7876 = ( GEOMETRIC_REPRESENTATION_CONTEXT(2) 
PARAMETRIC_REPRESENTATION_CONTEXT() REPRESENTATION_CONTEXT('2D SPACE',''
  ) );
#7877 = ORIENTED_EDGE('',*,*,#7878,.T.);
#7878 = EDGE_CURVE('',#7841,#3864,#7879,.T.);
#7879 = SURFACE_CURVE('',#7880,(#7884,#7890),.PCURVE_S1.);
#7880 = LINE('',#7881,#7882);
#7881 = CARTESIAN_POINT('',(2.388367582261E-03,355.6,-114.2981973807));
#7882 = VECTOR('',#7883,1.);
#7883 = DIRECTION('',(0.,-1.,0.));
#7884 = PCURVE('',#3948,#7885);
#7885 = DEFINITIONAL_REPRESENTATION('',(#7886),#7889);
#7886 = B_SPLINE_CURVE_WITH_KNOTS('',1,(#7887,#7888),.UNSPECIFIED.,.F.,
  .F.,(2,2),(13.335005149841,134.62),.PIECEWISE_BEZIER_KNOTS.);
#7887 = CARTESIAN_POINT('',(5.55056368317E-18,3.716102946194E-15));
#7888 = CARTESIAN_POINT('',(5.550517981442E-18,12.128499485016));
#7889 = ( GEOMETRIC_REPRESENTATION_CONTEXT(2) 
PARAMETRIC_REPRESENTATION_CONTEXT() REPRESENTATION_CONTEXT('2D SPACE',''
  ) );
#7890 = PCURVE('',#3893,#7891);
#7891 = DEFINITIONAL_REPRESENTATION('',(#7892),#7895);
#7892 = B_SPLINE_CURVE_WITH_KNOTS('',1,(#7893,#7894),.UNSPECIFIED.,.F.,
  .F.,(2,2),(13.335005149841,134.62),.PIECEWISE_BEZIER_KNOTS.);
#7893 = CARTESIAN_POINT('',(1.610644312847E-16,1.333500514984));
#7894 = CARTESIAN_POINT('',(1.610644312847E-16,13.462));
#7895 = ( GEOMETRIC_REPRESENTATION_CONTEXT(2) 
PARAMETRIC_REPRESENTATION_CONTEXT() REPRESENTATION_CONTEXT('2D SPACE',''
  ) );
#7896 = ORIENTED_EDGE('',*,*,#3927,.F.);
#7897 = ORIENTED_EDGE('',*,*,#4272,.F.);
#7898 = ADVANCED_FACE('',(#7899),#3893,.F.);
#7899 = FACE_BOUND('',#7900,.F.);
#7900 = EDGE_LOOP('',(#7901,#7902,#7922,#7923,#7924,#7998));
#7901 = ORIENTED_EDGE('',*,*,#7157,.T.);
#7902 = ORIENTED_EDGE('',*,*,#7903,.T.);
#7903 = EDGE_CURVE('',#7158,#3836,#7904,.T.);
#7904 = SURFACE_CURVE('',#7905,(#7909,#7915),.PCURVE_S1.);
#7905 = LINE('',#7906,#7907);
#7906 = CARTESIAN_POINT('',(88.899998474121,355.6,1.267044737359E-13));
#7907 = VECTOR('',#7908,1.);
#7908 = DIRECTION('',(0.,-1.,0.));
#7909 = PCURVE('',#3893,#7910);
#7910 = DEFINITIONAL_REPRESENTATION('',(#7911),#7914);
#7911 = B_SPLINE_CURVE_WITH_KNOTS('',1,(#7912,#7913),.UNSPECIFIED.,.F.,
  .F.,(2,2),(13.335005149841,134.62),.PIECEWISE_BEZIER_KNOTS.);
#7912 = CARTESIAN_POINT('',(1.570796326795,1.333500514984));
#7913 = CARTESIAN_POINT('',(1.570796326795,13.462));
#7914 = ( GEOMETRIC_REPRESENTATION_CONTEXT(2) 
PARAMETRIC_REPRESENTATION_CONTEXT() REPRESENTATION_CONTEXT('2D SPACE',''
  ) );
#7915 = PCURVE('',#3851,#7916);
#7916 = DEFINITIONAL_REPRESENTATION('',(#7917),#7921);
#7917 = LINE('',#7918,#7919);
#7918 = CARTESIAN_POINT('',(0.,0.));
#7919 = VECTOR('',#7920,1.);
#7920 = DIRECTION('',(0.,1.));
#7921 = ( GEOMETRIC_REPRESENTATION_CONTEXT(2) 
PARAMETRIC_REPRESENTATION_CONTEXT() REPRESENTATION_CONTEXT('2D SPACE',''
  ) );
#7922 = ORIENTED_EDGE('',*,*,#3863,.F.);
#7923 = ORIENTED_EDGE('',*,*,#7878,.F.);
#7924 = ORIENTED_EDGE('',*,*,#7925,.F.);
#7925 = EDGE_CURVE('',#7926,#7841,#7928,.T.);
#7926 = VERTEX_POINT('',#7927);
#7927 = CARTESIAN_POINT('',(44.016467524562,278.3859,-99.206965));
#7928 = SURFACE_CURVE('',#7929,(#7950,#7974),.PCURVE_S1.);
#7929 = B_SPLINE_CURVE_WITH_KNOTS('',7,(#7930,#7931,#7932,#7933,#7934,
    #7935,#7936,#7937,#7938,#7939,#7940,#7941,#7942,#7943,#7944,#7945,
    #7946,#7947,#7948,#7949),.UNSPECIFIED.,.F.,.F.,(8,6,6,8),(0.,
    0.273644396671,0.294764154823,1.),.UNSPECIFIED.);
#7930 = CARTESIAN_POINT('',(44.016467524562,278.3859,-99.206965));
#7931 = CARTESIAN_POINT('',(42.526926887336,278.3859,-100.3040322683));
#7932 = CARTESIAN_POINT('',(41.010290881388,278.3859,-101.3642894403));
#7933 = CARTESIAN_POINT('',(39.467049413425,278.3859,-102.3861513635));
#7934 = CARTESIAN_POINT('',(37.897787056867,278.3859,-103.3679348033));
#7935 = CARTESIAN_POINT('',(36.303190159979,278.3859,-104.3078698786));
#7936 = CARTESIAN_POINT('',(34.684053954008,278.3859,-105.2041114973));
#7937 = CARTESIAN_POINT('',(32.91450181188,278.3859,-106.1204027706));
#7938 = CARTESIAN_POINT('',(32.787573080882,278.3859,-106.1857826774));
#7939 = CARTESIAN_POINT('',(32.660505083644,278.3859,-106.2508919146));
#7940 = CARTESIAN_POINT('',(32.533299013695,278.3859,-106.315731084));
#7941 = CARTESIAN_POINT('',(32.405955642761,278.3859,-106.3802999861));
#7942 = CARTESIAN_POINT('',(32.278475320767,278.3859,-106.4445976204));
#7943 = CARTESIAN_POINT('',(27.889430100427,278.3859,-108.64654526));
#7944 = CARTESIAN_POINT('',(23.473403353029,278.3859,-110.4817164495));
#7945 = CARTESIAN_POINT('',(18.924864519291,278.3859,-111.9855037494));
#7946 = CARTESIAN_POINT('',(14.27021156787,278.3859,-113.1338633643));
#7947 = CARTESIAN_POINT('',(9.540292084826,278.3859,-113.908208941));
#7948 = CARTESIAN_POINT('',(4.77063712939,278.3859,-114.2965820011));
#7949 = CARTESIAN_POINT('',(2.388367582256E-03,278.3859,-114.2981973807)
  );
#7950 = PCURVE('',#3893,#7951);
#7951 = DEFINITIONAL_REPRESENTATION('',(#7952),#7973);
#7952 = B_SPLINE_CURVE_WITH_KNOTS('',7,(#7953,#7954,#7955,#7956,#7957,
    #7958,#7959,#7960,#7961,#7962,#7963,#7964,#7965,#7966,#7967,#7968,
    #7969,#7970,#7971,#7972),.UNSPECIFIED.,.F.,.F.,(8,6,6,8),(0.,
    0.273644396671,0.294764154823,1.),.UNSPECIFIED.);
#7953 = CARTESIAN_POINT('',(0.532067878151,7.72141));
#7954 = CARTESIAN_POINT('',(0.512567269527,7.72141));
#7955 = CARTESIAN_POINT('',(0.492931718104,7.72141));
#7956 = CARTESIAN_POINT('',(0.473159795328,7.72141));
#7957 = CARTESIAN_POINT('',(0.453250620723,7.72141));
#7958 = CARTESIAN_POINT('',(0.433203865671,7.72141));
#7959 = CARTESIAN_POINT('',(0.413019757188,7.72141));
#7960 = CARTESIAN_POINT('',(0.391130740607,7.72141));
#7961 = CARTESIAN_POINT('',(0.38956158762,7.72141));
#7962 = CARTESIAN_POINT('',(0.387991614699,7.72141));
#7963 = CARTESIAN_POINT('',(0.386420817933,7.72141));
#7964 = CARTESIAN_POINT('',(0.384849197543,7.72141));
#7965 = CARTESIAN_POINT('',(0.383276757876,7.72141));
#7966 = CARTESIAN_POINT('',(0.329169164296,7.72141));
#7967 = CARTESIAN_POINT('',(0.275700760189,7.72141));
#7968 = CARTESIAN_POINT('',(0.221444559622,7.72141));
#7969 = CARTESIAN_POINT('',(0.16655508758,7.72141));
#7970 = CARTESIAN_POINT('',(0.111204959458,7.72141));
#7971 = CARTESIAN_POINT('',(5.559706199367E-02,7.72141));
#7972 = CARTESIAN_POINT('',(0.,7.72141));
#7973 = ( GEOMETRIC_REPRESENTATION_CONTEXT(2) 
PARAMETRIC_REPRESENTATION_CONTEXT() REPRESENTATION_CONTEXT('2D SPACE',''
  ) );
#7974 = PCURVE('',#723,#7975);
#7975 = DEFINITIONAL_REPRESENTATION('',(#7976),#7997);
#7976 = B_SPLINE_CURVE_WITH_KNOTS('',7,(#7977,#7978,#7979,#7980,#7981,
    #7982,#7983,#7984,#7985,#7986,#7987,#7988,#7989,#7990,#7991,#7992,
    #7993,#7994,#7995,#7996),.UNSPECIFIED.,.F.,.F.,(8,6,6,8),(0.,
    0.273644396671,0.294764154823,1.),.UNSPECIFIED.);
#7977 = CARTESIAN_POINT('',(44.28207,273.36343040416));
#7978 = CARTESIAN_POINT('',(43.1850027317,271.87388976693));
#7979 = CARTESIAN_POINT('',(42.1247455597,270.35725376098));
#7980 = CARTESIAN_POINT('',(41.1028836365,268.81401229302));
#7981 = CARTESIAN_POINT('',(40.1211001967,267.24474993646));
#7982 = CARTESIAN_POINT('',(39.1811651214,265.65015303957));
#7983 = CARTESIAN_POINT('',(38.2849235027,264.0310168336));
#7984 = CARTESIAN_POINT('',(37.3686322294,262.26146469148));
#7985 = CARTESIAN_POINT('',(37.3032523226,262.13453596048));
#7986 = CARTESIAN_POINT('',(37.2381430854,262.00746796324));
#7987 = CARTESIAN_POINT('',(37.173303916,261.88026189329));
#7988 = CARTESIAN_POINT('',(37.1087350139,261.75291852236));
#7989 = CARTESIAN_POINT('',(37.0444373796,261.62543820036));
#7990 = CARTESIAN_POINT('',(34.84248974,257.23639298002));
#7991 = CARTESIAN_POINT('',(33.0073185505,252.82036623262));
#7992 = CARTESIAN_POINT('',(31.5035312506,248.27182739889));
#7993 = CARTESIAN_POINT('',(30.3551716357,243.61717444747));
#7994 = CARTESIAN_POINT('',(29.580826059,238.88725496442));
#7995 = CARTESIAN_POINT('',(29.1924529989,234.11760000899));
#7996 = CARTESIAN_POINT('',(29.1908376193,229.34935124718));
#7997 = ( GEOMETRIC_REPRESENTATION_CONTEXT(2) 
PARAMETRIC_REPRESENTATION_CONTEXT() REPRESENTATION_CONTEXT('2D SPACE',''
  ) );
#7998 = ORIENTED_EDGE('',*,*,#7999,.F.);
#7999 = EDGE_CURVE('',#7133,#7926,#8000,.T.);
#8000 = SURFACE_CURVE('',#8001,(#8010,#8022),.PCURVE_S1.);
#8001 = B_SPLINE_CURVE_WITH_KNOTS('',4,(#8002,#8003,#8004,#8005,#8006,
    #8007,#8008,#8009),.UNSPECIFIED.,.F.,.F.,(5,3,5),(0.,0.501247534519,
    1.),.UNSPECIFIED.);
#8002 = CARTESIAN_POINT('',(44.016467524562,342.26500085015,-99.206965)
  );
#8003 = CARTESIAN_POINT('',(44.016467524562,334.26019039804,-99.206965)
  );
#8004 = CARTESIAN_POINT('',(44.016467524562,326.25537994594,-99.206965)
  );
#8005 = CARTESIAN_POINT('',(44.016467524562,318.25056949382,-99.206965)
  );
#8006 = CARTESIAN_POINT('',(44.016467524562,302.28079428128,-99.206965)
  );
#8007 = CARTESIAN_POINT('',(44.016467524562,294.31582952086,-99.206965)
  );
#8008 = CARTESIAN_POINT('',(44.016467524562,286.35086476042,-99.206965)
  );
#8009 = CARTESIAN_POINT('',(44.016467524562,278.3859,-99.206965));
#8010 = PCURVE('',#3893,#8011);
#8011 = DEFINITIONAL_REPRESENTATION('',(#8012),#8021);
#8012 = B_SPLINE_CURVE_WITH_KNOTS('',4,(#8013,#8014,#8015,#8016,#8017,
    #8018,#8019,#8020),.UNSPECIFIED.,.F.,.F.,(5,3,5),(0.,0.501247534519,
    1.),.UNSPECIFIED.);
#8013 = CARTESIAN_POINT('',(0.532067878151,1.333499914984));
#8014 = CARTESIAN_POINT('',(0.532067878151,2.133980960195));
#8015 = CARTESIAN_POINT('',(0.532067878151,2.934462005406));
#8016 = CARTESIAN_POINT('',(0.532067878151,3.734943050617));
#8017 = CARTESIAN_POINT('',(0.532067878151,5.331920571871));
#8018 = CARTESIAN_POINT('',(0.532067878151,6.128417047914));
#8019 = CARTESIAN_POINT('',(0.532067878151,6.924913523957));
#8020 = CARTESIAN_POINT('',(0.532067878151,7.72141));
#8021 = ( GEOMETRIC_REPRESENTATION_CONTEXT(2) 
PARAMETRIC_REPRESENTATION_CONTEXT() REPRESENTATION_CONTEXT('2D SPACE',''
  ) );
#8022 = PCURVE('',#373,#8023);
#8023 = DEFINITIONAL_REPRESENTATION('',(#8024),#8033);
#8024 = B_SPLINE_CURVE_WITH_KNOTS('',4,(#8025,#8026,#8027,#8028,#8029,
    #8030,#8031,#8032),.UNSPECIFIED.,.F.,.F.,(5,3,5),(0.,0.501247534519,
    1.),.UNSPECIFIED.);
#8025 = CARTESIAN_POINT('',(273.36343040416,63.87910085015));
#8026 = CARTESIAN_POINT('',(273.36343040416,55.87429039804));
#8027 = CARTESIAN_POINT('',(273.36343040416,47.86947994594));
#8028 = CARTESIAN_POINT('',(273.36343040416,39.86466949382));
#8029 = CARTESIAN_POINT('',(273.36343040416,23.89489428128));
#8030 = CARTESIAN_POINT('',(273.36343040416,15.92992952086));
#8031 = CARTESIAN_POINT('',(273.36343040416,7.96496476042));
#8032 = CARTESIAN_POINT('',(273.36343040416,0.));
#8033 = ( GEOMETRIC_REPRESENTATION_CONTEXT(2) 
PARAMETRIC_REPRESENTATION_CONTEXT() REPRESENTATION_CONTEXT('2D SPACE',''
  ) );
#8034 = ADVANCED_FACE('',(#8035),#3851,.F.);
#8035 = FACE_BOUND('',#8036,.F.);
#8036 = EDGE_LOOP('',(#8037,#8038,#8039,#8040,#8041,#8042,#8063,#8064));
#8037 = ORIENTED_EDGE('',*,*,#7199,.F.);
#8038 = ORIENTED_EDGE('',*,*,#7288,.F.);
#8039 = ORIENTED_EDGE('',*,*,#6988,.F.);
#8040 = ORIENTED_EDGE('',*,*,#6837,.F.);
#8041 = ORIENTED_EDGE('',*,*,#6691,.T.);
#8042 = ORIENTED_EDGE('',*,*,#8043,.T.);
#8043 = EDGE_CURVE('',#6664,#3803,#8044,.T.);
#8044 = SURFACE_CURVE('',#8045,(#8049,#8056),.PCURVE_S1.);
#8045 = LINE('',#8046,#8047);
#8046 = CARTESIAN_POINT('',(88.899998474121,355.6,101.59999809265));
#8047 = VECTOR('',#8048,1.);
#8048 = DIRECTION('',(0.,-1.,0.));
#8049 = PCURVE('',#3851,#8050);
#8050 = DEFINITIONAL_REPRESENTATION('',(#8051),#8055);
#8051 = LINE('',#8052,#8053);
#8052 = CARTESIAN_POINT('',(101.59999809265,0.));
#8053 = VECTOR('',#8054,1.);
#8054 = DIRECTION('',(0.,1.));
#8055 = ( GEOMETRIC_REPRESENTATION_CONTEXT(2) 
PARAMETRIC_REPRESENTATION_CONTEXT() REPRESENTATION_CONTEXT('2D SPACE',''
  ) );
#8056 = PCURVE('',#3823,#8057);
#8057 = DEFINITIONAL_REPRESENTATION('',(#8058),#8062);
#8058 = LINE('',#8059,#8060);
#8059 = CARTESIAN_POINT('',(4.712388980385,0.));
#8060 = VECTOR('',#8061,1.);
#8061 = DIRECTION('',(0.,1.));
#8062 = ( GEOMETRIC_REPRESENTATION_CONTEXT(2) 
PARAMETRIC_REPRESENTATION_CONTEXT() REPRESENTATION_CONTEXT('2D SPACE',''
  ) );
#8063 = ORIENTED_EDGE('',*,*,#3835,.F.);
#8064 = ORIENTED_EDGE('',*,*,#7903,.F.);
#8065 = ADVANCED_FACE('',(#8066),#3823,.F.);
#8066 = FACE_BOUND('',#8067,.F.);
#8067 = EDGE_LOOP('',(#8068,#8069,#8090,#8091));
#8068 = ORIENTED_EDGE('',*,*,#6763,.T.);
#8069 = ORIENTED_EDGE('',*,*,#8070,.T.);
#8070 = EDGE_CURVE('',#6741,#3775,#8071,.T.);
#8071 = SURFACE_CURVE('',#8072,(#8076,#8083),.PCURVE_S1.);
#8072 = LINE('',#8073,#8074);
#8073 = CARTESIAN_POINT('',(76.199998474121,355.6,114.29999809265));
#8074 = VECTOR('',#8075,1.);
#8075 = DIRECTION('',(0.,-1.,0.));
#8076 = PCURVE('',#3823,#8077);
#8077 = DEFINITIONAL_REPRESENTATION('',(#8078),#8082);
#8078 = LINE('',#8079,#8080);
#8079 = CARTESIAN_POINT('',(6.28318530718,0.));
#8080 = VECTOR('',#8081,1.);
#8081 = DIRECTION('',(0.,1.));
#8082 = ( GEOMETRIC_REPRESENTATION_CONTEXT(2) 
PARAMETRIC_REPRESENTATION_CONTEXT() REPRESENTATION_CONTEXT('2D SPACE',''
  ) );
#8083 = PCURVE('',#3790,#8084);
#8084 = DEFINITIONAL_REPRESENTATION('',(#8085),#8089);
#8085 = LINE('',#8086,#8087);
#8086 = CARTESIAN_POINT('',(0.,0.));
#8087 = VECTOR('',#8088,1.);
#8088 = DIRECTION('',(0.,1.));
#8089 = ( GEOMETRIC_REPRESENTATION_CONTEXT(2) 
PARAMETRIC_REPRESENTATION_CONTEXT() REPRESENTATION_CONTEXT('2D SPACE',''
  ) );
#8090 = ORIENTED_EDGE('',*,*,#3802,.F.);
#8091 = ORIENTED_EDGE('',*,*,#8043,.F.);
#8092 = ADVANCED_FACE('',(#8093),#3790,.F.);
#8093 = FACE_BOUND('',#8094,.T.);
#8094 = EDGE_LOOP('',(#8095,#8096,#8097,#8098,#8099,#8100,#8121,#8122));
#8095 = ORIENTED_EDGE('',*,*,#5951,.F.);
#8096 = ORIENTED_EDGE('',*,*,#7376,.T.);
#8097 = ORIENTED_EDGE('',*,*,#6740,.T.);
#8098 = ORIENTED_EDGE('',*,*,#8070,.T.);
#8099 = ORIENTED_EDGE('',*,*,#3774,.T.);
#8100 = ORIENTED_EDGE('',*,*,#8101,.F.);
#8101 = EDGE_CURVE('',#7507,#3742,#8102,.T.);
#8102 = SURFACE_CURVE('',#8103,(#8107,#8114),.PCURVE_S1.);
#8103 = LINE('',#8104,#8105);
#8104 = CARTESIAN_POINT('',(-76.19999847412,355.6,114.29999809265));
#8105 = VECTOR('',#8106,1.);
#8106 = DIRECTION('',(0.,-1.,0.));
#8107 = PCURVE('',#3790,#8108);
#8108 = DEFINITIONAL_REPRESENTATION('',(#8109),#8113);
#8109 = LINE('',#8110,#8111);
#8110 = CARTESIAN_POINT('',(152.39999694824,0.));
#8111 = VECTOR('',#8112,1.);
#8112 = DIRECTION('',(0.,1.));
#8113 = ( GEOMETRIC_REPRESENTATION_CONTEXT(2) 
PARAMETRIC_REPRESENTATION_CONTEXT() REPRESENTATION_CONTEXT('2D SPACE',''
  ) );
#8114 = PCURVE('',#3762,#8115);
#8115 = DEFINITIONAL_REPRESENTATION('',(#8116),#8120);
#8116 = LINE('',#8117,#8118);
#8117 = CARTESIAN_POINT('',(4.712388980385,0.));
#8118 = VECTOR('',#8119,1.);
#8119 = DIRECTION('',(0.,1.));
#8120 = ( GEOMETRIC_REPRESENTATION_CONTEXT(2) 
PARAMETRIC_REPRESENTATION_CONTEXT() REPRESENTATION_CONTEXT('2D SPACE',''
  ) );
#8121 = ORIENTED_EDGE('',*,*,#7530,.F.);
#8122 = ORIENTED_EDGE('',*,*,#7455,.F.);
#8123 = ADVANCED_FACE('',(#8124),#3762,.F.);
#8124 = FACE_BOUND('',#8125,.F.);
#8125 = EDGE_LOOP('',(#8126,#8127,#8128,#8149,#8150));
#8126 = ORIENTED_EDGE('',*,*,#7506,.T.);
#8127 = ORIENTED_EDGE('',*,*,#7813,.T.);
#8128 = ORIENTED_EDGE('',*,*,#8129,.T.);
#8129 = EDGE_CURVE('',#4923,#3712,#8130,.T.);
#8130 = SURFACE_CURVE('',#8131,(#8135,#8142),.PCURVE_S1.);
#8131 = LINE('',#8132,#8133);
#8132 = CARTESIAN_POINT('',(-88.89999847412,355.6,101.59999809265));
#8133 = VECTOR('',#8134,1.);
#8134 = DIRECTION('',(0.,-1.,0.));
#8135 = PCURVE('',#3762,#8136);
#8136 = DEFINITIONAL_REPRESENTATION('',(#8137),#8141);
#8137 = LINE('',#8138,#8139);
#8138 = CARTESIAN_POINT('',(6.28318530718,0.));
#8139 = VECTOR('',#8140,1.);
#8140 = DIRECTION('',(0.,1.));
#8141 = ( GEOMETRIC_REPRESENTATION_CONTEXT(2) 
PARAMETRIC_REPRESENTATION_CONTEXT() REPRESENTATION_CONTEXT('2D SPACE',''
  ) );
#8142 = PCURVE('',#3729,#8143);
#8143 = DEFINITIONAL_REPRESENTATION('',(#8144),#8148);
#8144 = LINE('',#8145,#8146);
#8145 = CARTESIAN_POINT('',(0.,0.));
#8146 = VECTOR('',#8147,1.);
#8147 = DIRECTION('',(-0.,1.));
#8148 = ( GEOMETRIC_REPRESENTATION_CONTEXT(2) 
PARAMETRIC_REPRESENTATION_CONTEXT() REPRESENTATION_CONTEXT('2D SPACE',''
  ) );
#8149 = ORIENTED_EDGE('',*,*,#3741,.F.);
#8150 = ORIENTED_EDGE('',*,*,#8101,.F.);
#8151 = ADVANCED_FACE('',(#8152),#3729,.F.);
#8152 = FACE_BOUND('',#8153,.F.);
#8153 = EDGE_LOOP('',(#8154,#8155,#8156,#8157,#8158,#8159,#8160,#8161,
    #8162));
#8154 = ORIENTED_EDGE('',*,*,#4950,.F.);
#8155 = ORIENTED_EDGE('',*,*,#4498,.T.);
#8156 = ORIENTED_EDGE('',*,*,#4773,.F.);
#8157 = ORIENTED_EDGE('',*,*,#4696,.F.);
#8158 = ORIENTED_EDGE('',*,*,#4601,.T.);
#8159 = ORIENTED_EDGE('',*,*,#4314,.T.);
#8160 = ORIENTED_EDGE('',*,*,#4292,.T.);
#8161 = ORIENTED_EDGE('',*,*,#3711,.F.);
#8162 = ORIENTED_EDGE('',*,*,#8129,.F.);
#8163 = ADVANCED_FACE('',(#8164),#3606,.F.);
#8164 = FACE_BOUND('',#8165,.F.);
#8165 = EDGE_LOOP('',(#8166,#8189,#8217,#8240,#8261));
#8166 = ORIENTED_EDGE('',*,*,#8167,.T.);
#8167 = EDGE_CURVE('',#3416,#8168,#8170,.T.);
#8168 = VERTEX_POINT('',#8169);
#8169 = CARTESIAN_POINT('',(-88.89999847412,203.2,101.59999809265));
#8170 = SURFACE_CURVE('',#8171,(#8175,#8182),.PCURVE_S1.);
#8171 = LINE('',#8172,#8173);
#8172 = CARTESIAN_POINT('',(-88.89999847412,355.6,101.59999809265));
#8173 = VECTOR('',#8174,1.);
#8174 = DIRECTION('',(0.,-1.,0.));
#8175 = PCURVE('',#3606,#8176);
#8176 = DEFINITIONAL_REPRESENTATION('',(#8177),#8181);
#8177 = LINE('',#8178,#8179);
#8178 = CARTESIAN_POINT('',(6.28318530718,0.));
#8179 = VECTOR('',#8180,1.);
#8180 = DIRECTION('',(0.,1.));
#8181 = ( GEOMETRIC_REPRESENTATION_CONTEXT(2) 
PARAMETRIC_REPRESENTATION_CONTEXT() REPRESENTATION_CONTEXT('2D SPACE',''
  ) );
#8182 = PCURVE('',#3431,#8183);
#8183 = DEFINITIONAL_REPRESENTATION('',(#8184),#8188);
#8184 = LINE('',#8185,#8186);
#8185 = CARTESIAN_POINT('',(0.,-0.));
#8186 = VECTOR('',#8187,1.);
#8187 = DIRECTION('',(0.,1.));
#8188 = ( GEOMETRIC_REPRESENTATION_CONTEXT(2) 
PARAMETRIC_REPRESENTATION_CONTEXT() REPRESENTATION_CONTEXT('2D SPACE',''
  ) );
#8189 = ORIENTED_EDGE('',*,*,#8190,.F.);
#8190 = EDGE_CURVE('',#8191,#8168,#8193,.T.);
#8191 = VERTEX_POINT('',#8192);
#8192 = CARTESIAN_POINT('',(-76.19999847412,203.2,114.29999809265));
#8193 = SURFACE_CURVE('',#8194,(#8199,#8206),.PCURVE_S1.);
#8194 = CIRCLE('',#8195,12.7);
#8195 = AXIS2_PLACEMENT_3D('',#8196,#8197,#8198);
#8196 = CARTESIAN_POINT('',(-76.19999847412,203.2,101.59999809265));
#8197 = DIRECTION('',(0.,-1.,0.));
#8198 = DIRECTION('',(-1.,0.,0.));
#8199 = PCURVE('',#3606,#8200);
#8200 = DEFINITIONAL_REPRESENTATION('',(#8201),#8205);
#8201 = LINE('',#8202,#8203);
#8202 = CARTESIAN_POINT('',(0.,152.4));
#8203 = VECTOR('',#8204,1.);
#8204 = DIRECTION('',(1.,0.));
#8205 = ( GEOMETRIC_REPRESENTATION_CONTEXT(2) 
PARAMETRIC_REPRESENTATION_CONTEXT() REPRESENTATION_CONTEXT('2D SPACE',''
  ) );
#8206 = PCURVE('',#3069,#8207);
#8207 = DEFINITIONAL_REPRESENTATION('',(#8208),#8216);
#8208 = ( BOUNDED_CURVE() B_SPLINE_CURVE(2,(#8209,#8210,#8211,#8212,
#8213,#8214,#8215),.UNSPECIFIED.,.T.,.F.) B_SPLINE_CURVE_WITH_KNOTS((1,2
    ,2,2,2,1),(-2.094395102393,0.,2.094395102393,4.188790204786,
6.28318530718,8.377580409573),.UNSPECIFIED.) CURVE() 
GEOMETRIC_REPRESENTATION_ITEM() RATIONAL_B_SPLINE_CURVE((1.,0.5,1.,0.5,
1.,0.5,1.)) REPRESENTATION_ITEM('') );
#8209 = CARTESIAN_POINT('',(88.89999847412,102.20927295032));
#8210 = CARTESIAN_POINT('',(88.89999847412,80.2122276942));
#8211 = CARTESIAN_POINT('',(69.84999847412,91.210750322263));
#8212 = CARTESIAN_POINT('',(50.79999847412,102.20927295032));
#8213 = CARTESIAN_POINT('',(69.84999847412,113.20779557838));
#8214 = CARTESIAN_POINT('',(88.89999847412,124.20631820645));
#8215 = CARTESIAN_POINT('',(88.89999847412,102.20927295032));
#8216 = ( GEOMETRIC_REPRESENTATION_CONTEXT(2) 
PARAMETRIC_REPRESENTATION_CONTEXT() REPRESENTATION_CONTEXT('2D SPACE',''
  ) );
#8217 = ORIENTED_EDGE('',*,*,#8218,.T.);
#8218 = EDGE_CURVE('',#8191,#8219,#8221,.T.);
#8219 = VERTEX_POINT('',#8220);
#8220 = CARTESIAN_POINT('',(-76.19999847412,204.15946816324,
    114.29999809265));
#8221 = SURFACE_CURVE('',#8222,(#8226,#8233),.PCURVE_S1.);
#8222 = LINE('',#8223,#8224);
#8223 = CARTESIAN_POINT('',(-76.19999847412,355.6,114.29999809265));
#8224 = VECTOR('',#8225,1.);
#8225 = DIRECTION('',(0.,1.,0.));
#8226 = PCURVE('',#3606,#8227);
#8227 = DEFINITIONAL_REPRESENTATION('',(#8228),#8232);
#8228 = LINE('',#8229,#8230);
#8229 = CARTESIAN_POINT('',(4.712388980385,0.));
#8230 = VECTOR('',#8231,1.);
#8231 = DIRECTION('',(0.,-1.));
#8232 = ( GEOMETRIC_REPRESENTATION_CONTEXT(2) 
PARAMETRIC_REPRESENTATION_CONTEXT() REPRESENTATION_CONTEXT('2D SPACE',''
  ) );
#8233 = PCURVE('',#3151,#8234);
#8234 = DEFINITIONAL_REPRESENTATION('',(#8235),#8239);
#8235 = LINE('',#8236,#8237);
#8236 = CARTESIAN_POINT('',(329.24053183675,12.7));
#8237 = VECTOR('',#8238,1.);
#8238 = DIRECTION('',(1.,0.));
#8239 = ( GEOMETRIC_REPRESENTATION_CONTEXT(2) 
PARAMETRIC_REPRESENTATION_CONTEXT() REPRESENTATION_CONTEXT('2D SPACE',''
  ) );
#8240 = ORIENTED_EDGE('',*,*,#8241,.F.);
#8241 = EDGE_CURVE('',#3569,#8219,#8242,.T.);
#8242 = SURFACE_CURVE('',#8243,(#8247,#8254),.PCURVE_S1.);
#8243 = LINE('',#8244,#8245);
#8244 = CARTESIAN_POINT('',(-76.19999847412,355.6,114.29999809265));
#8245 = VECTOR('',#8246,1.);
#8246 = DIRECTION('',(0.,-1.,0.));
#8247 = PCURVE('',#3606,#8248);
#8248 = DEFINITIONAL_REPRESENTATION('',(#8249),#8253);
#8249 = LINE('',#8250,#8251);
#8250 = CARTESIAN_POINT('',(4.712388980385,0.));
#8251 = VECTOR('',#8252,1.);
#8252 = DIRECTION('',(0.,1.));
#8253 = ( GEOMETRIC_REPRESENTATION_CONTEXT(2) 
PARAMETRIC_REPRESENTATION_CONTEXT() REPRESENTATION_CONTEXT('2D SPACE',''
  ) );
#8254 = PCURVE('',#3314,#8255);
#8255 = DEFINITIONAL_REPRESENTATION('',(#8256),#8260);
#8256 = LINE('',#8257,#8258);
#8257 = CARTESIAN_POINT('',(152.39999694824,0.));
#8258 = VECTOR('',#8259,1.);
#8259 = DIRECTION('',(0.,1.));
#8260 = ( GEOMETRIC_REPRESENTATION_CONTEXT(2) 
PARAMETRIC_REPRESENTATION_CONTEXT() REPRESENTATION_CONTEXT('2D SPACE',''
  ) );
#8261 = ORIENTED_EDGE('',*,*,#3591,.F.);
#8262 = ADVANCED_FACE('',(#8263),#3489,.F.);
#8263 = FACE_BOUND('',#8264,.F.);
#8264 = EDGE_LOOP('',(#8265,#8287,#8340,#8360));
#8265 = ORIENTED_EDGE('',*,*,#8266,.T.);
#8266 = EDGE_CURVE('',#3444,#8267,#8269,.T.);
#8267 = VERTEX_POINT('',#8268);
#8268 = CARTESIAN_POINT('',(88.899998474121,203.2,1.87893047321E-14));
#8269 = SURFACE_CURVE('',#8270,(#8274,#8280),.PCURVE_S1.);
#8270 = LINE('',#8271,#8272);
#8271 = CARTESIAN_POINT('',(88.899998474121,355.6,1.87893047321E-14));
#8272 = VECTOR('',#8273,1.);
#8273 = DIRECTION('',(0.,-1.,0.));
#8274 = PCURVE('',#3489,#8275);
#8275 = DEFINITIONAL_REPRESENTATION('',(#8276),#8279);
#8276 = B_SPLINE_CURVE_WITH_KNOTS('',1,(#8277,#8278),.UNSPECIFIED.,.F.,
  .F.,(2,2),(139.7,152.4),.PIECEWISE_BEZIER_KNOTS.);
#8277 = CARTESIAN_POINT('',(1.570796326795,13.97));
#8278 = CARTESIAN_POINT('',(1.570796326795,15.24));
#8279 = ( GEOMETRIC_REPRESENTATION_CONTEXT(2) 
PARAMETRIC_REPRESENTATION_CONTEXT() REPRESENTATION_CONTEXT('2D SPACE',''
  ) );
#8280 = PCURVE('',#3371,#8281);
#8281 = DEFINITIONAL_REPRESENTATION('',(#8282),#8286);
#8282 = LINE('',#8283,#8284);
#8283 = CARTESIAN_POINT('',(1.0257363381E-15,0.));
#8284 = VECTOR('',#8285,1.);
#8285 = DIRECTION('',(0.,1.));
#8286 = ( GEOMETRIC_REPRESENTATION_CONTEXT(2) 
PARAMETRIC_REPRESENTATION_CONTEXT() REPRESENTATION_CONTEXT('2D SPACE',''
  ) );
#8287 = ORIENTED_EDGE('',*,*,#8288,.F.);
#8288 = EDGE_CURVE('',#8289,#8267,#8291,.T.);
#8289 = VERTEX_POINT('',#8290);
#8290 = CARTESIAN_POINT('',(-88.89999847412,203.2,-7.391620838116E-15));
#8291 = SURFACE_CURVE('',#8292,(#8311,#8318),.PCURVE_S1.);
#8292 = B_SPLINE_CURVE_WITH_KNOTS('',3,(#8293,#8294,#8295,#8296,#8297,
    #8298,#8299,#8300,#8301,#8302,#8303,#8304,#8305,#8306,#8307,#8308,
    #8309,#8310),.UNSPECIFIED.,.F.,.F.,(4,2,2,2,2,2,2,2,4),(
    -1.570796326795,-1.284690202022,-0.886670139828,-0.501010815792,
    -0.100189165377,0.390653106003,0.784975459989,1.1733981182,
    1.570796326795),.UNSPECIFIED.);
#8293 = CARTESIAN_POINT('',(-88.89999847412,203.2,-7.154386483827E-15));
#8294 = CARTESIAN_POINT('',(-88.89999847412,203.2,-11.14287969092));
#8295 = CARTESIAN_POINT('',(-87.61372480654,203.2,-22.28396880568));
#8296 = CARTESIAN_POINT('',(-81.62140952125,203.2,-47.74616517812));
#8297 = CARTESIAN_POINT('',(-75.75942939824,203.2,-61.5848045034));
#8298 = CARTESIAN_POINT('',(-60.67960422976,203.2,-84.6989435455));
#8299 = CARTESIAN_POINT('',(-51.59121472565,203.2,-94.09013374401));
#8300 = CARTESIAN_POINT('',(-31.26908884969,203.2,-108.00102787));
#8301 = CARTESIAN_POINT('',(-19.99253529733,203.2,-112.328001876));
#8302 = CARTESIAN_POINT('',(5.398340788002,203.2,-115.518547808));
#8303 = CARTESIAN_POINT('',(19.640223973745,203.2,-112.953511699));
#8304 = CARTESIAN_POINT('',(43.508775521449,203.2,-100.6666204702));
#8305 = CARTESIAN_POINT('',(53.469028069284,203.2,-92.42999733425));
#8306 = CARTESIAN_POINT('',(70.200687554147,203.2,-71.53309683218));
#8307 = CARTESIAN_POINT('',(76.994526048906,203.2,-58.95269663649));
#8308 = CARTESIAN_POINT('',(86.398930425433,203.2,-30.9453738139));
#8309 = CARTESIAN_POINT('',(88.899998474121,203.2,-15.47733531141));
#8310 = CARTESIAN_POINT('',(88.899998474121,203.2,1.87893047321E-14));
#8311 = PCURVE('',#3489,#8312);
#8312 = DEFINITIONAL_REPRESENTATION('',(#8313),#8317);
#8313 = LINE('',#8314,#8315);
#8314 = CARTESIAN_POINT('',(0.,15.24));
#8315 = VECTOR('',#8316,1.);
#8316 = DIRECTION('',(1.,0.));
#8317 = ( GEOMETRIC_REPRESENTATION_CONTEXT(2) 
PARAMETRIC_REPRESENTATION_CONTEXT() REPRESENTATION_CONTEXT('2D SPACE',''
  ) );
#8318 = PCURVE('',#3069,#8319);
#8319 = DEFINITIONAL_REPRESENTATION('',(#8320),#8339);
#8320 = B_SPLINE_CURVE_WITH_KNOTS('',3,(#8321,#8322,#8323,#8324,#8325,
    #8326,#8327,#8328,#8329,#8330,#8331,#8332,#8333,#8334,#8335,#8336,
    #8337,#8338),.UNSPECIFIED.,.F.,.F.,(4,2,2,2,2,2,2,2,4),(
    -1.570796326795,-1.284690202022,-0.886670139828,-0.501010815792,
    -0.100189165377,0.390653106003,0.784975459989,1.1733981182,
    1.570796326795),.UNSPECIFIED.);
#8321 = CARTESIAN_POINT('',(88.89999847412,0.609274857675));
#8322 = CARTESIAN_POINT('',(88.89999847412,-10.53360483324));
#8323 = CARTESIAN_POINT('',(87.61372480654,-21.674693948));
#8324 = CARTESIAN_POINT('',(81.62140952125,-47.13689032044));
#8325 = CARTESIAN_POINT('',(75.75942939824,-60.97552964572));
#8326 = CARTESIAN_POINT('',(60.67960422976,-84.08966868782));
#8327 = CARTESIAN_POINT('',(51.59121472565,-93.48085888633));
#8328 = CARTESIAN_POINT('',(31.26908884969,-107.3917530123));
#8329 = CARTESIAN_POINT('',(19.99253529733,-111.7187270183));
#8330 = CARTESIAN_POINT('',(-5.398340788002,-114.9092729503));
#8331 = CARTESIAN_POINT('',(-19.64022397374,-112.3442368413));
#8332 = CARTESIAN_POINT('',(-43.50877552144,-100.0573456125));
#8333 = CARTESIAN_POINT('',(-53.46902806928,-91.82072247657));
#8334 = CARTESIAN_POINT('',(-70.20068755414,-70.9238219745));
#8335 = CARTESIAN_POINT('',(-76.9945260489,-58.34342177881));
#8336 = CARTESIAN_POINT('',(-86.39893042543,-30.33609895622));
#8337 = CARTESIAN_POINT('',(-88.89999847412,-14.86806045373));
#8338 = CARTESIAN_POINT('',(-88.89999847412,0.609274857675));
#8339 = ( GEOMETRIC_REPRESENTATION_CONTEXT(2) 
PARAMETRIC_REPRESENTATION_CONTEXT() REPRESENTATION_CONTEXT('2D SPACE',''
  ) );
#8340 = ORIENTED_EDGE('',*,*,#8341,.F.);
#8341 = EDGE_CURVE('',#3414,#8289,#8342,.T.);
#8342 = SURFACE_CURVE('',#8343,(#8347,#8353),.PCURVE_S1.);
#8343 = LINE('',#8344,#8345);
#8344 = CARTESIAN_POINT('',(-88.89999847412,355.6,-7.391620838116E-15));
#8345 = VECTOR('',#8346,1.);
#8346 = DIRECTION('',(0.,-1.,0.));
#8347 = PCURVE('',#3489,#8348);
#8348 = DEFINITIONAL_REPRESENTATION('',(#8349),#8352);
#8349 = B_SPLINE_CURVE_WITH_KNOTS('',1,(#8350,#8351),.UNSPECIFIED.,.F.,
  .F.,(2,2),(139.7,152.4),.PIECEWISE_BEZIER_KNOTS.);
#8350 = CARTESIAN_POINT('',(-1.570796326795,13.97));
#8351 = CARTESIAN_POINT('',(-1.570796326795,15.24));
#8352 = ( GEOMETRIC_REPRESENTATION_CONTEXT(2) 
PARAMETRIC_REPRESENTATION_CONTEXT() REPRESENTATION_CONTEXT('2D SPACE',''
  ) );
#8353 = PCURVE('',#3431,#8354);
#8354 = DEFINITIONAL_REPRESENTATION('',(#8355),#8359);
#8355 = LINE('',#8356,#8357);
#8356 = CARTESIAN_POINT('',(101.59999809265,0.));
#8357 = VECTOR('',#8358,1.);
#8358 = DIRECTION('',(0.,1.));
#8359 = ( GEOMETRIC_REPRESENTATION_CONTEXT(2) 
PARAMETRIC_REPRESENTATION_CONTEXT() REPRESENTATION_CONTEXT('2D SPACE',''
  ) );
#8360 = ORIENTED_EDGE('',*,*,#3443,.F.);
#8361 = ADVANCED_FACE('',(#8362),#3431,.F.);
#8362 = FACE_BOUND('',#8363,.T.);
#8363 = EDGE_LOOP('',(#8364,#8365,#8366,#8387));
#8364 = ORIENTED_EDGE('',*,*,#3413,.T.);
#8365 = ORIENTED_EDGE('',*,*,#8167,.T.);
#8366 = ORIENTED_EDGE('',*,*,#8367,.T.);
#8367 = EDGE_CURVE('',#8168,#8289,#8368,.T.);
#8368 = SURFACE_CURVE('',#8369,(#8373,#8380),.PCURVE_S1.);
#8369 = LINE('',#8370,#8371);
#8370 = CARTESIAN_POINT('',(-88.89999847412,203.2,-7.391620838116E-15));
#8371 = VECTOR('',#8372,1.);
#8372 = DIRECTION('',(0.,0.,-1.));
#8373 = PCURVE('',#3431,#8374);
#8374 = DEFINITIONAL_REPRESENTATION('',(#8375),#8379);
#8375 = LINE('',#8376,#8377);
#8376 = CARTESIAN_POINT('',(101.59999809265,152.4));
#8377 = VECTOR('',#8378,1.);
#8378 = DIRECTION('',(1.,0.));
#8379 = ( GEOMETRIC_REPRESENTATION_CONTEXT(2) 
PARAMETRIC_REPRESENTATION_CONTEXT() REPRESENTATION_CONTEXT('2D SPACE',''
  ) );
#8380 = PCURVE('',#3069,#8381);
#8381 = DEFINITIONAL_REPRESENTATION('',(#8382),#8386);
#8382 = LINE('',#8383,#8384);
#8383 = CARTESIAN_POINT('',(88.89999847412,0.609274857675));
#8384 = VECTOR('',#8385,1.);
#8385 = DIRECTION('',(0.,-1.));
#8386 = ( GEOMETRIC_REPRESENTATION_CONTEXT(2) 
PARAMETRIC_REPRESENTATION_CONTEXT() REPRESENTATION_CONTEXT('2D SPACE',''
  ) );
#8387 = ORIENTED_EDGE('',*,*,#8341,.F.);
#8388 = ADVANCED_FACE('',(#8389),#3371,.F.);
#8389 = FACE_BOUND('',#8390,.T.);
#8390 = EDGE_LOOP('',(#8391,#8392,#8393,#8414));
#8391 = ORIENTED_EDGE('',*,*,#3546,.T.);
#8392 = ORIENTED_EDGE('',*,*,#8266,.T.);
#8393 = ORIENTED_EDGE('',*,*,#8394,.T.);
#8394 = EDGE_CURVE('',#8267,#3328,#8395,.T.);
#8395 = SURFACE_CURVE('',#8396,(#8400,#8407),.PCURVE_S1.);
#8396 = LINE('',#8397,#8398);
#8397 = CARTESIAN_POINT('',(88.899998474121,203.2,101.59999809265));
#8398 = VECTOR('',#8399,1.);
#8399 = DIRECTION('',(-1.748382748768E-16,0.,1.));
#8400 = PCURVE('',#3371,#8401);
#8401 = DEFINITIONAL_REPRESENTATION('',(#8402),#8406);
#8402 = LINE('',#8403,#8404);
#8403 = CARTESIAN_POINT('',(101.59999809265,152.4));
#8404 = VECTOR('',#8405,1.);
#8405 = DIRECTION('',(1.,0.));
#8406 = ( GEOMETRIC_REPRESENTATION_CONTEXT(2) 
PARAMETRIC_REPRESENTATION_CONTEXT() REPRESENTATION_CONTEXT('2D SPACE',''
  ) );
#8407 = PCURVE('',#3069,#8408);
#8408 = DEFINITIONAL_REPRESENTATION('',(#8409),#8413);
#8409 = LINE('',#8410,#8411);
#8410 = CARTESIAN_POINT('',(-88.89999847412,102.20927295032));
#8411 = VECTOR('',#8412,1.);
#8412 = DIRECTION('',(1.748382748768E-16,1.));
#8413 = ( GEOMETRIC_REPRESENTATION_CONTEXT(2) 
PARAMETRIC_REPRESENTATION_CONTEXT() REPRESENTATION_CONTEXT('2D SPACE',''
  ) );
#8414 = ORIENTED_EDGE('',*,*,#3355,.F.);
#8415 = ADVANCED_FACE('',(#8416),#3314,.F.);
#8416 = FACE_BOUND('',#8417,.T.);
#8417 = EDGE_LOOP('',(#8418,#8419,#8420,#8441));
#8418 = ORIENTED_EDGE('',*,*,#3568,.T.);
#8419 = ORIENTED_EDGE('',*,*,#3298,.T.);
#8420 = ORIENTED_EDGE('',*,*,#8421,.F.);
#8421 = EDGE_CURVE('',#8219,#3242,#8422,.T.);
#8422 = SURFACE_CURVE('',#8423,(#8427,#8434),.PCURVE_S1.);
#8423 = LINE('',#8424,#8425);
#8424 = CARTESIAN_POINT('',(8.881784197001E-15,204.15946816324,
    114.29999809265));
#8425 = VECTOR('',#8426,1.);
#8426 = DIRECTION('',(1.,0.,0.));
#8427 = PCURVE('',#3314,#8428);
#8428 = DEFINITIONAL_REPRESENTATION('',(#8429),#8433);
#8429 = LINE('',#8430,#8431);
#8430 = CARTESIAN_POINT('',(76.199998474121,151.44053183676));
#8431 = VECTOR('',#8432,1.);
#8432 = DIRECTION('',(-1.,0.));
#8433 = ( GEOMETRIC_REPRESENTATION_CONTEXT(2) 
PARAMETRIC_REPRESENTATION_CONTEXT() REPRESENTATION_CONTEXT('2D SPACE',''
  ) );
#8434 = PCURVE('',#3257,#8435);
#8435 = DEFINITIONAL_REPRESENTATION('',(#8436),#8440);
#8436 = LINE('',#8437,#8438);
#8437 = CARTESIAN_POINT('',(76.19999847412,12.7));
#8438 = VECTOR('',#8439,1.);
#8439 = DIRECTION('',(1.,0.));
#8440 = ( GEOMETRIC_REPRESENTATION_CONTEXT(2) 
PARAMETRIC_REPRESENTATION_CONTEXT() REPRESENTATION_CONTEXT('2D SPACE',''
  ) );
#8441 = ORIENTED_EDGE('',*,*,#8241,.F.);
#8442 = ADVANCED_FACE('',(#8443),#3257,.F.);
#8443 = FACE_BOUND('',#8444,.T.);
#8444 = EDGE_LOOP('',(#8445,#8446,#8447,#8448));
#8445 = ORIENTED_EDGE('',*,*,#8421,.T.);
#8446 = ORIENTED_EDGE('',*,*,#3241,.F.);
#8447 = ORIENTED_EDGE('',*,*,#6325,.F.);
#8448 = ORIENTED_EDGE('',*,*,#8449,.T.);
#8449 = EDGE_CURVE('',#6188,#8219,#8450,.T.);
#8450 = SURFACE_CURVE('',#8451,(#8455,#8462),.PCURVE_S1.);
#8451 = LINE('',#8452,#8453);
#8452 = CARTESIAN_POINT('',(-76.19999847412,204.15946816324,
    126.99999809265));
#8453 = VECTOR('',#8454,1.);
#8454 = DIRECTION('',(0.,0.,-1.));
#8455 = PCURVE('',#3257,#8456);
#8456 = DEFINITIONAL_REPRESENTATION('',(#8457),#8461);
#8457 = LINE('',#8458,#8459);
#8458 = CARTESIAN_POINT('',(0.,0.));
#8459 = VECTOR('',#8460,1.);
#8460 = DIRECTION('',(0.,1.));
#8461 = ( GEOMETRIC_REPRESENTATION_CONTEXT(2) 
PARAMETRIC_REPRESENTATION_CONTEXT() REPRESENTATION_CONTEXT('2D SPACE',''
  ) );
#8462 = PCURVE('',#3151,#8463);
#8463 = DEFINITIONAL_REPRESENTATION('',(#8464),#8468);
#8464 = LINE('',#8465,#8466);
#8465 = CARTESIAN_POINT('',(177.79999999999,0.));
#8466 = VECTOR('',#8467,1.);
#8467 = DIRECTION('',(0.,1.));
#8468 = ( GEOMETRIC_REPRESENTATION_CONTEXT(2) 
PARAMETRIC_REPRESENTATION_CONTEXT() REPRESENTATION_CONTEXT('2D SPACE',''
  ) );
#8469 = ADVANCED_FACE('',(#8470),#3229,.T.);
#8470 = FACE_BOUND('',#8471,.T.);
#8471 = EDGE_LOOP('',(#8472,#8496,#8517,#8518,#8519,#8520));
#8472 = ORIENTED_EDGE('',*,*,#8473,.T.);
#8473 = EDGE_CURVE('',#6279,#8474,#8476,.T.);
#8474 = VERTEX_POINT('',#8475);
#8475 = CARTESIAN_POINT('',(101.59999847412,0.,101.59999809265));
#8476 = SURFACE_CURVE('',#8477,(#8482,#8489),.PCURVE_S1.);
#8477 = CIRCLE('',#8478,25.4);
#8478 = AXIS2_PLACEMENT_3D('',#8479,#8480,#8481);
#8479 = CARTESIAN_POINT('',(76.199998474121,0.,101.59999809265));
#8480 = DIRECTION('',(0.,1.,0.));
#8481 = DIRECTION('',(0.,-0.,1.));
#8482 = PCURVE('',#3229,#8483);
#8483 = DEFINITIONAL_REPRESENTATION('',(#8484),#8488);
#8484 = LINE('',#8485,#8486);
#8485 = CARTESIAN_POINT('',(0.,0.));
#8486 = VECTOR('',#8487,1.);
#8487 = DIRECTION('',(1.,0.));
#8488 = ( GEOMETRIC_REPRESENTATION_CONTEXT(2) 
PARAMETRIC_REPRESENTATION_CONTEXT() REPRESENTATION_CONTEXT('2D SPACE',''
  ) );
#8489 = PCURVE('',#505,#8490);
#8490 = DEFINITIONAL_REPRESENTATION('',(#8491),#8495);
#8491 = CIRCLE('',#8492,25.4);
#8492 = AXIS2_PLACEMENT_2D('',#8493,#8494);
#8493 = CARTESIAN_POINT('',(76.199998474121,-101.5999980926));
#8494 = DIRECTION('',(0.,-1.));
#8495 = ( GEOMETRIC_REPRESENTATION_CONTEXT(2) 
PARAMETRIC_REPRESENTATION_CONTEXT() REPRESENTATION_CONTEXT('2D SPACE',''
  ) );
#8496 = ORIENTED_EDGE('',*,*,#8497,.T.);
#8497 = EDGE_CURVE('',#8474,#5711,#8498,.T.);
#8498 = SURFACE_CURVE('',#8499,(#8503,#8510),.PCURVE_S1.);
#8499 = LINE('',#8500,#8501);
#8500 = CARTESIAN_POINT('',(101.59999847412,0.,101.59999809265));
#8501 = VECTOR('',#8502,1.);
#8502 = DIRECTION('',(0.,1.,0.));
#8503 = PCURVE('',#3229,#8504);
#8504 = DEFINITIONAL_REPRESENTATION('',(#8505),#8509);
#8505 = LINE('',#8506,#8507);
#8506 = CARTESIAN_POINT('',(1.570796326795,0.));
#8507 = VECTOR('',#8508,1.);
#8508 = DIRECTION('',(0.,1.));
#8509 = ( GEOMETRIC_REPRESENTATION_CONTEXT(2) 
PARAMETRIC_REPRESENTATION_CONTEXT() REPRESENTATION_CONTEXT('2D SPACE',''
  ) );
#8510 = PCURVE('',#203,#8511);
#8511 = DEFINITIONAL_REPRESENTATION('',(#8512),#8516);
#8512 = LINE('',#8513,#8514);
#8513 = CARTESIAN_POINT('',(0.,0.));
#8514 = VECTOR('',#8515,1.);
#8515 = DIRECTION('',(0.,1.));
#8516 = ( GEOMETRIC_REPRESENTATION_CONTEXT(2) 
PARAMETRIC_REPRESENTATION_CONTEXT() REPRESENTATION_CONTEXT('2D SPACE',''
  ) );
#8517 = ORIENTED_EDGE('',*,*,#5710,.F.);
#8518 = ORIENTED_EDGE('',*,*,#6346,.F.);
#8519 = ORIENTED_EDGE('',*,*,#3213,.F.);
#8520 = ORIENTED_EDGE('',*,*,#6301,.F.);
#8521 = ADVANCED_FACE('',(#8522),#3123,.F.);
#8522 = FACE_BOUND('',#8523,.F.);
#8523 = EDGE_LOOP('',(#8524,#8525,#8546));
#8524 = ORIENTED_EDGE('',*,*,#3190,.F.);
#8525 = ORIENTED_EDGE('',*,*,#8526,.F.);
#8526 = EDGE_CURVE('',#2836,#3191,#8527,.T.);
#8527 = SURFACE_CURVE('',#8528,(#8532,#8539),.PCURVE_S1.);
#8528 = LINE('',#8529,#8530);
#8529 = CARTESIAN_POINT('',(76.199998474121,26.359468163245,
    114.29999809265));
#8530 = VECTOR('',#8531,1.);
#8531 = DIRECTION('',(-6.993530863781E-16,0.,1.));
#8532 = PCURVE('',#3123,#8533);
#8533 = DEFINITIONAL_REPRESENTATION('',(#8534),#8538);
#8534 = LINE('',#8535,#8536);
#8535 = CARTESIAN_POINT('',(3.051758000083E-06,12.7));
#8536 = VECTOR('',#8537,1.);
#8537 = DIRECTION('',(6.993530863781E-16,-1.));
#8538 = ( GEOMETRIC_REPRESENTATION_CONTEXT(2) 
PARAMETRIC_REPRESENTATION_CONTEXT() REPRESENTATION_CONTEXT('2D SPACE',''
  ) );
#8539 = PCURVE('',#2872,#8540);
#8540 = DEFINITIONAL_REPRESENTATION('',(#8541),#8545);
#8541 = LINE('',#8542,#8543);
#8542 = CARTESIAN_POINT('',(3.051758000083E-06,12.7));
#8543 = VECTOR('',#8544,1.);
#8544 = DIRECTION('',(6.993530863781E-16,-1.));
#8545 = ( GEOMETRIC_REPRESENTATION_CONTEXT(2) 
PARAMETRIC_REPRESENTATION_CONTEXT() REPRESENTATION_CONTEXT('2D SPACE',''
  ) );
#8546 = ORIENTED_EDGE('',*,*,#3109,.F.);
#8547 = ADVANCED_FACE('',(#8548),#3151,.F.);
#8548 = FACE_BOUND('',#8549,.F.);
#8549 = EDGE_LOOP('',(#8550,#8571,#8572,#8593,#8594,#8595));
#8550 = ORIENTED_EDGE('',*,*,#8551,.F.);
#8551 = EDGE_CURVE('',#3054,#8191,#8552,.T.);
#8552 = SURFACE_CURVE('',#8553,(#8557,#8564),.PCURVE_S1.);
#8553 = LINE('',#8554,#8555);
#8554 = CARTESIAN_POINT('',(-76.19999847412,203.2,63.195361617488));
#8555 = VECTOR('',#8556,1.);
#8556 = DIRECTION('',(0.,0.,1.));
#8557 = PCURVE('',#3151,#8558);
#8558 = DEFINITIONAL_REPRESENTATION('',(#8559),#8563);
#8559 = LINE('',#8560,#8561);
#8560 = CARTESIAN_POINT('',(176.84053183675,63.804636475162));
#8561 = VECTOR('',#8562,1.);
#8562 = DIRECTION('',(0.,-1.));
#8563 = ( GEOMETRIC_REPRESENTATION_CONTEXT(2) 
PARAMETRIC_REPRESENTATION_CONTEXT() REPRESENTATION_CONTEXT('2D SPACE',''
  ) );
#8564 = PCURVE('',#3069,#8565);
#8565 = DEFINITIONAL_REPRESENTATION('',(#8566),#8570);
#8566 = LINE('',#8567,#8568);
#8567 = CARTESIAN_POINT('',(76.19999847412,63.804636475163));
#8568 = VECTOR('',#8569,1.);
#8569 = DIRECTION('',(0.,1.));
#8570 = ( GEOMETRIC_REPRESENTATION_CONTEXT(2) 
PARAMETRIC_REPRESENTATION_CONTEXT() REPRESENTATION_CONTEXT('2D SPACE',''
  ) );
#8571 = ORIENTED_EDGE('',*,*,#3137,.F.);
#8572 = ORIENTED_EDGE('',*,*,#8573,.T.);
#8573 = EDGE_CURVE('',#2780,#6165,#8574,.T.);
#8574 = SURFACE_CURVE('',#8575,(#8579,#8586),.PCURVE_S1.);
#8575 = LINE('',#8576,#8577);
#8576 = CARTESIAN_POINT('',(-76.19999847412,39.059468163245,
    114.29999809265));
#8577 = VECTOR('',#8578,1.);
#8578 = DIRECTION('',(0.,0.,1.));
#8579 = PCURVE('',#3151,#8580);
#8580 = DEFINITIONAL_REPRESENTATION('',(#8581),#8585);
#8581 = LINE('',#8582,#8583);
#8582 = CARTESIAN_POINT('',(12.7,12.7));
#8583 = VECTOR('',#8584,1.);
#8584 = DIRECTION('',(0.,-1.));
#8585 = ( GEOMETRIC_REPRESENTATION_CONTEXT(2) 
PARAMETRIC_REPRESENTATION_CONTEXT() REPRESENTATION_CONTEXT('2D SPACE',''
  ) );
#8586 = PCURVE('',#2795,#8587);
#8587 = DEFINITIONAL_REPRESENTATION('',(#8588),#8592);
#8588 = LINE('',#8589,#8590);
#8589 = CARTESIAN_POINT('',(12.7,12.7));
#8590 = VECTOR('',#8591,1.);
#8591 = DIRECTION('',(0.,-1.));
#8592 = ( GEOMETRIC_REPRESENTATION_CONTEXT(2) 
PARAMETRIC_REPRESENTATION_CONTEXT() REPRESENTATION_CONTEXT('2D SPACE',''
  ) );
#8593 = ORIENTED_EDGE('',*,*,#6187,.T.);
#8594 = ORIENTED_EDGE('',*,*,#8449,.T.);
#8595 = ORIENTED_EDGE('',*,*,#8218,.F.);
#8596 = ADVANCED_FACE('',(#8597),#3069,.T.);
#8597 = FACE_BOUND('',#8598,.T.);
#8598 = EDGE_LOOP('',(#8599,#8600,#8601,#8602,#8603,#8604,#8605,#8606));
#8599 = ORIENTED_EDGE('',*,*,#8551,.F.);
#8600 = ORIENTED_EDGE('',*,*,#3051,.F.);
#8601 = ORIENTED_EDGE('',*,*,#3166,.F.);
#8602 = ORIENTED_EDGE('',*,*,#3327,.F.);
#8603 = ORIENTED_EDGE('',*,*,#8394,.F.);
#8604 = ORIENTED_EDGE('',*,*,#8288,.F.);
#8605 = ORIENTED_EDGE('',*,*,#8367,.F.);
#8606 = ORIENTED_EDGE('',*,*,#8190,.F.);
#8607 = ADVANCED_FACE('',(#8608),#2872,.F.);
#8608 = FACE_BOUND('',#8609,.F.);
#8609 = EDGE_LOOP('',(#8610,#8611,#8612,#8633));
#8610 = ORIENTED_EDGE('',*,*,#8526,.T.);
#8611 = ORIENTED_EDGE('',*,*,#6256,.T.);
#8612 = ORIENTED_EDGE('',*,*,#8613,.T.);
#8613 = EDGE_CURVE('',#6137,#2778,#8614,.T.);
#8614 = SURFACE_CURVE('',#8615,(#8619,#8626),.PCURVE_S1.);
#8615 = LINE('',#8616,#8617);
#8616 = CARTESIAN_POINT('',(-76.19999847412,26.359468163245,
    126.99999809265));
#8617 = VECTOR('',#8618,1.);
#8618 = DIRECTION('',(0.,0.,-1.));
#8619 = PCURVE('',#2872,#8620);
#8620 = DEFINITIONAL_REPRESENTATION('',(#8621),#8625);
#8621 = LINE('',#8622,#8623);
#8622 = CARTESIAN_POINT('',(152.39999999999,0.));
#8623 = VECTOR('',#8624,1.);
#8624 = DIRECTION('',(0.,1.));
#8625 = ( GEOMETRIC_REPRESENTATION_CONTEXT(2) 
PARAMETRIC_REPRESENTATION_CONTEXT() REPRESENTATION_CONTEXT('2D SPACE',''
  ) );
#8626 = PCURVE('',#2795,#8627);
#8627 = DEFINITIONAL_REPRESENTATION('',(#8628),#8632);
#8628 = LINE('',#8629,#8630);
#8629 = CARTESIAN_POINT('',(0.,0.));
#8630 = VECTOR('',#8631,1.);
#8631 = DIRECTION('',(0.,1.));
#8632 = ( GEOMETRIC_REPRESENTATION_CONTEXT(2) 
PARAMETRIC_REPRESENTATION_CONTEXT() REPRESENTATION_CONTEXT('2D SPACE',''
  ) );
#8633 = ORIENTED_EDGE('',*,*,#2858,.F.);
#8634 = ADVANCED_FACE('',(#8635),#2795,.F.);
#8635 = FACE_BOUND('',#8636,.F.);
#8636 = EDGE_LOOP('',(#8637,#8638,#8639,#8640));
#8637 = ORIENTED_EDGE('',*,*,#8573,.F.);
#8638 = ORIENTED_EDGE('',*,*,#2777,.F.);
#8639 = ORIENTED_EDGE('',*,*,#8613,.F.);
#8640 = ORIENTED_EDGE('',*,*,#6164,.T.);
#8641 = ADVANCED_FACE('',(#8642),#2456,.F.);
#8642 = FACE_BOUND('',#8643,.F.);
#8643 = EDGE_LOOP('',(#8644,#8665,#8666,#8667));
#8644 = ORIENTED_EDGE('',*,*,#8645,.T.);
#8645 = EDGE_CURVE('',#3004,#2279,#8646,.T.);
#8646 = SURFACE_CURVE('',#8647,(#8651,#8658),.PCURVE_S1.);
#8647 = LINE('',#8648,#8649);
#8648 = CARTESIAN_POINT('',(-3.810000121593,33.02000105381,
    -38.10000190734));
#8649 = VECTOR('',#8650,1.);
#8650 = DIRECTION('',(0.,0.,-1.));
#8651 = PCURVE('',#2456,#8652);
#8652 = DEFINITIONAL_REPRESENTATION('',(#8653),#8657);
#8653 = LINE('',#8654,#8655);
#8654 = CARTESIAN_POINT('',(2.540000081062,0.));
#8655 = VECTOR('',#8656,1.);
#8656 = DIRECTION('',(0.,1.));
#8657 = ( GEOMETRIC_REPRESENTATION_CONTEXT(2) 
PARAMETRIC_REPRESENTATION_CONTEXT() REPRESENTATION_CONTEXT('2D SPACE',''
  ) );
#8658 = PCURVE('',#2369,#8659);
#8659 = DEFINITIONAL_REPRESENTATION('',(#8660),#8664);
#8660 = LINE('',#8661,#8662);
#8661 = CARTESIAN_POINT('',(0.,0.));
#8662 = VECTOR('',#8663,1.);
#8663 = DIRECTION('',(0.,1.));
#8664 = ( GEOMETRIC_REPRESENTATION_CONTEXT(2) 
PARAMETRIC_REPRESENTATION_CONTEXT() REPRESENTATION_CONTEXT('2D SPACE',''
  ) );
#8665 = ORIENTED_EDGE('',*,*,#2436,.F.);
#8666 = ORIENTED_EDGE('',*,*,#2752,.F.);
#8667 = ORIENTED_EDGE('',*,*,#3026,.F.);
#8668 = ADVANCED_FACE('',(#8669),#2369,.F.);
#8669 = FACE_BOUND('',#8670,.F.);
#8670 = EDGE_LOOP('',(#8671,#8672,#8673,#8694));
#8671 = ORIENTED_EDGE('',*,*,#8645,.F.);
#8672 = ORIENTED_EDGE('',*,*,#3003,.F.);
#8673 = ORIENTED_EDGE('',*,*,#8674,.T.);
#8674 = EDGE_CURVE('',#2980,#2241,#8675,.T.);
#8675 = SURFACE_CURVE('',#8676,(#8680,#8687),.PCURVE_S1.);
#8676 = LINE('',#8677,#8678);
#8677 = CARTESIAN_POINT('',(-1.054941181797,33.02000105381,
    -38.10000190734));
#8678 = VECTOR('',#8679,1.);
#8679 = DIRECTION('',(0.,0.,-1.));
#8680 = PCURVE('',#2369,#8681);
#8681 = DEFINITIONAL_REPRESENTATION('',(#8682),#8686);
#8682 = LINE('',#8683,#8684);
#8683 = CARTESIAN_POINT('',(2.755058939796,0.));
#8684 = VECTOR('',#8685,1.);
#8685 = DIRECTION('',(0.,1.));
#8686 = ( GEOMETRIC_REPRESENTATION_CONTEXT(2) 
PARAMETRIC_REPRESENTATION_CONTEXT() REPRESENTATION_CONTEXT('2D SPACE',''
  ) );
#8687 = PCURVE('',#2206,#8688);
#8688 = DEFINITIONAL_REPRESENTATION('',(#8689),#8693);
#8689 = LINE('',#8690,#8691);
#8690 = CARTESIAN_POINT('',(0.,0.));
#8691 = VECTOR('',#8692,1.);
#8692 = DIRECTION('',(0.,1.));
#8693 = ( GEOMETRIC_REPRESENTATION_CONTEXT(2) 
PARAMETRIC_REPRESENTATION_CONTEXT() REPRESENTATION_CONTEXT('2D SPACE',''
  ) );
#8694 = ORIENTED_EDGE('',*,*,#2278,.F.);
#8695 = ADVANCED_FACE('',(#8696),#2206,.F.);
#8696 = FACE_BOUND('',#8697,.F.);
#8697 = EDGE_LOOP('',(#8698,#8699,#8700,#8701,#8702));
#8698 = ORIENTED_EDGE('',*,*,#2163,.T.);
#8699 = ORIENTED_EDGE('',*,*,#2240,.T.);
#8700 = ORIENTED_EDGE('',*,*,#8674,.F.);
#8701 = ORIENTED_EDGE('',*,*,#2979,.T.);
#8702 = ORIENTED_EDGE('',*,*,#8703,.T.);
#8703 = EDGE_CURVE('',#2957,#1992,#8704,.T.);
#8704 = SURFACE_CURVE('',#8705,(#8709,#8716),.PCURVE_S1.);
#8705 = LINE('',#8706,#8707);
#8706 = CARTESIAN_POINT('',(1.054941181797,33.02000105381,
    -38.10000190734));
#8707 = VECTOR('',#8708,1.);
#8708 = DIRECTION('',(0.,0.,-1.));
#8709 = PCURVE('',#2206,#8710);
#8710 = DEFINITIONAL_REPRESENTATION('',(#8711),#8715);
#8711 = LINE('',#8712,#8713);
#8712 = CARTESIAN_POINT('',(1.386319738313,0.));
#8713 = VECTOR('',#8714,1.);
#8714 = DIRECTION('',(0.,1.));
#8715 = ( GEOMETRIC_REPRESENTATION_CONTEXT(2) 
PARAMETRIC_REPRESENTATION_CONTEXT() REPRESENTATION_CONTEXT('2D SPACE',''
  ) );
#8716 = PCURVE('',#2103,#8717);
#8717 = DEFINITIONAL_REPRESENTATION('',(#8718),#8722);
#8718 = LINE('',#8719,#8720);
#8719 = CARTESIAN_POINT('',(0.,0.));
#8720 = VECTOR('',#8721,1.);
#8721 = DIRECTION('',(0.,1.));
#8722 = ( GEOMETRIC_REPRESENTATION_CONTEXT(2) 
PARAMETRIC_REPRESENTATION_CONTEXT() REPRESENTATION_CONTEXT('2D SPACE',''
  ) );
#8723 = ADVANCED_FACE('',(#8724),#2103,.F.);
#8724 = FACE_BOUND('',#8725,.F.);
#8725 = EDGE_LOOP('',(#8726,#8727,#8728,#8749));
#8726 = ORIENTED_EDGE('',*,*,#8703,.F.);
#8727 = ORIENTED_EDGE('',*,*,#2956,.F.);
#8728 = ORIENTED_EDGE('',*,*,#8729,.T.);
#8729 = EDGE_CURVE('',#2934,#1958,#8730,.T.);
#8730 = SURFACE_CURVE('',#8731,(#8735,#8742),.PCURVE_S1.);
#8731 = LINE('',#8732,#8733);
#8732 = CARTESIAN_POINT('',(3.810000121593,33.02000105381,
    -38.10000190734));
#8733 = VECTOR('',#8734,1.);
#8734 = DIRECTION('',(0.,0.,-1.));
#8735 = PCURVE('',#2103,#8736);
#8736 = DEFINITIONAL_REPRESENTATION('',(#8737),#8741);
#8737 = LINE('',#8738,#8739);
#8738 = CARTESIAN_POINT('',(2.755058939796,0.));
#8739 = VECTOR('',#8740,1.);
#8740 = DIRECTION('',(0.,1.));
#8741 = ( GEOMETRIC_REPRESENTATION_CONTEXT(2) 
PARAMETRIC_REPRESENTATION_CONTEXT() REPRESENTATION_CONTEXT('2D SPACE',''
  ) );
#8742 = PCURVE('',#1977,#8743);
#8743 = DEFINITIONAL_REPRESENTATION('',(#8744),#8748);
#8744 = LINE('',#8745,#8746);
#8745 = CARTESIAN_POINT('',(0.,0.));
#8746 = VECTOR('',#8747,1.);
#8747 = DIRECTION('',(0.,1.));
#8748 = ( GEOMETRIC_REPRESENTATION_CONTEXT(2) 
PARAMETRIC_REPRESENTATION_CONTEXT() REPRESENTATION_CONTEXT('2D SPACE',''
  ) );
#8749 = ORIENTED_EDGE('',*,*,#1991,.F.);
#8750 = ADVANCED_FACE('',(#8751),#1977,.F.);
#8751 = FACE_BOUND('',#8752,.F.);
#8752 = EDGE_LOOP('',(#8753,#8774,#8775,#8776));
#8753 = ORIENTED_EDGE('',*,*,#8754,.T.);
#8754 = EDGE_CURVE('',#2911,#1786,#8755,.T.);
#8755 = SURFACE_CURVE('',#8756,(#8760,#8767),.PCURVE_S1.);
#8756 = LINE('',#8757,#8758);
#8757 = CARTESIAN_POINT('',(3.810000121593,30.480000972748,
    -38.10000190734));
#8758 = VECTOR('',#8759,1.);
#8759 = DIRECTION('',(0.,0.,-1.));
#8760 = PCURVE('',#1977,#8761);
#8761 = DEFINITIONAL_REPRESENTATION('',(#8762),#8766);
#8762 = LINE('',#8763,#8764);
#8763 = CARTESIAN_POINT('',(2.540000081062,0.));
#8764 = VECTOR('',#8765,1.);
#8765 = DIRECTION('',(0.,1.));
#8766 = ( GEOMETRIC_REPRESENTATION_CONTEXT(2) 
PARAMETRIC_REPRESENTATION_CONTEXT() REPRESENTATION_CONTEXT('2D SPACE',''
  ) );
#8767 = PCURVE('',#1897,#8768);
#8768 = DEFINITIONAL_REPRESENTATION('',(#8769),#8773);
#8769 = LINE('',#8770,#8771);
#8770 = CARTESIAN_POINT('',(0.,-0.));
#8771 = VECTOR('',#8772,1.);
#8772 = DIRECTION('',(0.,1.));
#8773 = ( GEOMETRIC_REPRESENTATION_CONTEXT(2) 
PARAMETRIC_REPRESENTATION_CONTEXT() REPRESENTATION_CONTEXT('2D SPACE',''
  ) );
#8774 = ORIENTED_EDGE('',*,*,#1957,.T.);
#8775 = ORIENTED_EDGE('',*,*,#8729,.F.);
#8776 = ORIENTED_EDGE('',*,*,#2933,.F.);
#8777 = ADVANCED_FACE('',(#8778),#1897,.F.);
#8778 = FACE_BOUND('',#8779,.F.);
#8779 = EDGE_LOOP('',(#8780,#8781,#8782,#8803));
#8780 = ORIENTED_EDGE('',*,*,#8754,.F.);
#8781 = ORIENTED_EDGE('',*,*,#2910,.F.);
#8782 = ORIENTED_EDGE('',*,*,#8783,.T.);
#8783 = EDGE_CURVE('',#2887,#1743,#8784,.T.);
#8784 = SURFACE_CURVE('',#8785,(#8789,#8796),.PCURVE_S1.);
#8785 = LINE('',#8786,#8787);
#8786 = CARTESIAN_POINT('',(1.054941181797,30.480000972748,
    -38.10000190734));
#8787 = VECTOR('',#8788,1.);
#8788 = DIRECTION('',(0.,0.,-1.));
#8789 = PCURVE('',#1897,#8790);
#8790 = DEFINITIONAL_REPRESENTATION('',(#8791),#8795);
#8791 = LINE('',#8792,#8793);
#8792 = CARTESIAN_POINT('',(2.755058939796,0.));
#8793 = VECTOR('',#8794,1.);
#8794 = DIRECTION('',(0.,1.));
#8795 = ( GEOMETRIC_REPRESENTATION_CONTEXT(2) 
PARAMETRIC_REPRESENTATION_CONTEXT() REPRESENTATION_CONTEXT('2D SPACE',''
  ) );
#8796 = PCURVE('',#1768,#8797);
#8797 = DEFINITIONAL_REPRESENTATION('',(#8798),#8802);
#8798 = LINE('',#8799,#8800);
#8799 = CARTESIAN_POINT('',(0.,0.));
#8800 = VECTOR('',#8801,1.);
#8801 = DIRECTION('',(0.,1.));
#8802 = ( GEOMETRIC_REPRESENTATION_CONTEXT(2) 
PARAMETRIC_REPRESENTATION_CONTEXT() REPRESENTATION_CONTEXT('2D SPACE',''
  ) );
#8803 = ORIENTED_EDGE('',*,*,#1785,.T.);
#8804 = ADVANCED_FACE('',(#8805),#1768,.F.);
#8805 = FACE_BOUND('',#8806,.F.);
#8806 = EDGE_LOOP('',(#8807,#8808,#8809,#8810,#8811));
#8807 = ORIENTED_EDGE('',*,*,#2628,.T.);
#8808 = ORIENTED_EDGE('',*,*,#1740,.T.);
#8809 = ORIENTED_EDGE('',*,*,#8783,.F.);
#8810 = ORIENTED_EDGE('',*,*,#2886,.T.);
#8811 = ORIENTED_EDGE('',*,*,#2701,.T.);
#8812 = ADVANCED_FACE('',(#8813),#1704,.F.);
#8813 = FACE_BOUND('',#8814,.F.);
#8814 = EDGE_LOOP('',(#8815,#8838,#8839,#8862));
#8815 = ORIENTED_EDGE('',*,*,#8816,.T.);
#8816 = EDGE_CURVE('',#8817,#1630,#8819,.T.);
#8817 = VERTEX_POINT('',#8818);
#8818 = CARTESIAN_POINT('',(-12.70000040531,15.240000567436,
    -117.461301222));
#8819 = SURFACE_CURVE('',#8820,(#8824,#8831),.PCURVE_S1.);
#8820 = LINE('',#8821,#8822);
#8821 = CARTESIAN_POINT('',(-12.70000040531,15.240000567436,
    -117.461301222));
#8822 = VECTOR('',#8823,1.);
#8823 = DIRECTION('',(-3.944304526105E-31,-5.39845945724E-15,-1.));
#8824 = PCURVE('',#1704,#8825);
#8825 = DEFINITIONAL_REPRESENTATION('',(#8826),#8830);
#8826 = LINE('',#8827,#8828);
#8827 = CARTESIAN_POINT('',(7.068583470577,0.));
#8828 = VECTOR('',#8829,1.);
#8829 = DIRECTION('',(0.,1.));
#8830 = ( GEOMETRIC_REPRESENTATION_CONTEXT(2) 
PARAMETRIC_REPRESENTATION_CONTEXT() REPRESENTATION_CONTEXT('2D SPACE',''
  ) );
#8831 = PCURVE('',#1649,#8832);
#8832 = DEFINITIONAL_REPRESENTATION('',(#8833),#8837);
#8833 = LINE('',#8834,#8835);
#8834 = CARTESIAN_POINT('',(2.54,1.371208702139E-14));
#8835 = VECTOR('',#8836,1.);
#8836 = DIRECTION('',(0.,1.));
#8837 = ( GEOMETRIC_REPRESENTATION_CONTEXT(2) 
PARAMETRIC_REPRESENTATION_CONTEXT() REPRESENTATION_CONTEXT('2D SPACE',''
  ) );
#8838 = ORIENTED_EDGE('',*,*,#1663,.T.);
#8839 = ORIENTED_EDGE('',*,*,#8840,.T.);
#8840 = EDGE_CURVE('',#1279,#8841,#8843,.T.);
#8841 = VERTEX_POINT('',#8842);
#8842 = CARTESIAN_POINT('',(-15.24000040531,17.780000567436,
    -117.461301222));
#8843 = SURFACE_CURVE('',#8844,(#8848,#8855),.PCURVE_S1.);
#8844 = LINE('',#8845,#8846);
#8845 = CARTESIAN_POINT('',(-15.24000040531,17.780000567436,
    -117.461301222));
#8846 = VECTOR('',#8847,1.);
#8847 = DIRECTION('',(3.944304526105E-31,5.39845945724E-15,1.));
#8848 = PCURVE('',#1704,#8849);
#8849 = DEFINITIONAL_REPRESENTATION('',(#8850),#8854);
#8850 = LINE('',#8851,#8852);
#8851 = CARTESIAN_POINT('',(5.497787143783,0.));
#8852 = VECTOR('',#8853,1.);
#8853 = DIRECTION('',(0.,-1.));
#8854 = ( GEOMETRIC_REPRESENTATION_CONTEXT(2) 
PARAMETRIC_REPRESENTATION_CONTEXT() REPRESENTATION_CONTEXT('2D SPACE',''
  ) );
#8855 = PCURVE('',#1300,#8856);
#8856 = DEFINITIONAL_REPRESENTATION('',(#8857),#8861);
#8857 = LINE('',#8858,#8859);
#8858 = CARTESIAN_POINT('',(10.16000040531,-4.007413558389E-30));
#8859 = VECTOR('',#8860,1.);
#8860 = DIRECTION('',(0.,-1.));
#8861 = ( GEOMETRIC_REPRESENTATION_CONTEXT(2) 
PARAMETRIC_REPRESENTATION_CONTEXT() REPRESENTATION_CONTEXT('2D SPACE',''
  ) );
#8862 = ORIENTED_EDGE('',*,*,#8863,.T.);
#8863 = EDGE_CURVE('',#8841,#8817,#8864,.T.);
#8864 = SURFACE_CURVE('',#8865,(#8870,#8877),.PCURVE_S1.);
#8865 = CIRCLE('',#8866,2.54);
#8866 = AXIS2_PLACEMENT_3D('',#8867,#8868,#8869);
#8867 = CARTESIAN_POINT('',(-15.24000040531,15.240000567436,
    -117.461301222));
#8868 = DIRECTION('',(0.,-5.39845945724E-15,-1.));
#8869 = DIRECTION('',(0.707106781187,0.707106781187,-3.817287290175E-15)
  );
#8870 = PCURVE('',#1704,#8871);
#8871 = DEFINITIONAL_REPRESENTATION('',(#8872),#8876);
#8872 = LINE('',#8873,#8874);
#8873 = CARTESIAN_POINT('',(0.,0.));
#8874 = VECTOR('',#8875,1.);
#8875 = DIRECTION('',(1.,0.));
#8876 = ( GEOMETRIC_REPRESENTATION_CONTEXT(2) 
PARAMETRIC_REPRESENTATION_CONTEXT() REPRESENTATION_CONTEXT('2D SPACE',''
  ) );
#8877 = PCURVE('',#8878,#8883);
#8878 = PLANE('',#8879);
#8879 = AXIS2_PLACEMENT_3D('',#8880,#8881,#8882);
#8880 = CARTESIAN_POINT('',(-19.05000060796,11.430000364781,
    -117.461301222));
#8881 = DIRECTION('',(-3.944304526105E-31,-5.39845945724E-15,-1.));
#8882 = DIRECTION('',(1.,-2.129316807119E-45,-3.944304526105E-31));
#8883 = DEFINITIONAL_REPRESENTATION('',(#8884),#8888);
#8884 = CIRCLE('',#8885,2.54);
#8885 = AXIS2_PLACEMENT_2D('',#8886,#8887);
#8886 = CARTESIAN_POINT('',(3.81000020265,-3.810000202655));
#8887 = DIRECTION('',(0.707106781187,-0.707106781187));
#8888 = ( GEOMETRIC_REPRESENTATION_CONTEXT(2) 
PARAMETRIC_REPRESENTATION_CONTEXT() REPRESENTATION_CONTEXT('2D SPACE',''
  ) );
#8889 = ADVANCED_FACE('',(#8890),#8878,.T.);
#8890 = FACE_BOUND('',#8891,.F.);
#8891 = EDGE_LOOP('',(#8892,#8918,#8941,#8965,#8988,#9012,#9033,#9034));
#8892 = ORIENTED_EDGE('',*,*,#8893,.F.);
#8893 = EDGE_CURVE('',#8894,#8896,#8898,.T.);
#8894 = VERTEX_POINT('',#8895);
#8895 = CARTESIAN_POINT('',(-25.40000081062,15.240000567436,
    -117.461301222));
#8896 = VERTEX_POINT('',#8897);
#8897 = CARTESIAN_POINT('',(-22.86000081062,17.780000567436,
    -117.461301222));
#8898 = SURFACE_CURVE('',#8899,(#8904,#8911),.PCURVE_S1.);
#8899 = CIRCLE('',#8900,2.54);
#8900 = AXIS2_PLACEMENT_3D('',#8901,#8902,#8903);
#8901 = CARTESIAN_POINT('',(-22.86000081062,15.240000567436,
    -117.461301222));
#8902 = DIRECTION('',(0.,-5.39845945724E-15,-1.));
#8903 = DIRECTION('',(-0.707106781187,0.707106781187,-3.817287290175E-15
    ));
#8904 = PCURVE('',#8878,#8905);
#8905 = DEFINITIONAL_REPRESENTATION('',(#8906),#8910);
#8906 = CIRCLE('',#8907,2.54);
#8907 = AXIS2_PLACEMENT_2D('',#8908,#8909);
#8908 = CARTESIAN_POINT('',(-3.81000020266,-3.810000202655));
#8909 = DIRECTION('',(-0.707106781187,-0.707106781187));
#8910 = ( GEOMETRIC_REPRESENTATION_CONTEXT(2) 
PARAMETRIC_REPRESENTATION_CONTEXT() REPRESENTATION_CONTEXT('2D SPACE',''
  ) );
#8911 = PCURVE('',#1364,#8912);
#8912 = DEFINITIONAL_REPRESENTATION('',(#8913),#8917);
#8913 = LINE('',#8914,#8915);
#8914 = CARTESIAN_POINT('',(0.,0.));
#8915 = VECTOR('',#8916,1.);
#8916 = DIRECTION('',(1.,0.));
#8917 = ( GEOMETRIC_REPRESENTATION_CONTEXT(2) 
PARAMETRIC_REPRESENTATION_CONTEXT() REPRESENTATION_CONTEXT('2D SPACE',''
  ) );
#8918 = ORIENTED_EDGE('',*,*,#8919,.F.);
#8919 = EDGE_CURVE('',#8920,#8894,#8922,.T.);
#8920 = VERTEX_POINT('',#8921);
#8921 = CARTESIAN_POINT('',(-25.40000081062,7.620000162125,
    -117.461301222));
#8922 = SURFACE_CURVE('',#8923,(#8927,#8934),.PCURVE_S1.);
#8923 = LINE('',#8924,#8925);
#8924 = CARTESIAN_POINT('',(-25.40000081062,5.080000162125,
    -117.461301222));
#8925 = VECTOR('',#8926,1.);
#8926 = DIRECTION('',(1.244603055572E-60,1.,-5.39845945724E-15));
#8927 = PCURVE('',#8878,#8928);
#8928 = DEFINITIONAL_REPRESENTATION('',(#8929),#8933);
#8929 = LINE('',#8930,#8931);
#8930 = CARTESIAN_POINT('',(-6.35000020266,6.350000202656));
#8931 = VECTOR('',#8932,1.);
#8932 = DIRECTION('',(-3.914276609775E-58,-1.));
#8933 = ( GEOMETRIC_REPRESENTATION_CONTEXT(2) 
PARAMETRIC_REPRESENTATION_CONTEXT() REPRESENTATION_CONTEXT('2D SPACE',''
  ) );
#8934 = PCURVE('',#1418,#8935);
#8935 = DEFINITIONAL_REPRESENTATION('',(#8936),#8940);
#8936 = LINE('',#8937,#8938);
#8937 = CARTESIAN_POINT('',(0.,-0.));
#8938 = VECTOR('',#8939,1.);
#8939 = DIRECTION('',(1.,0.));
#8940 = ( GEOMETRIC_REPRESENTATION_CONTEXT(2) 
PARAMETRIC_REPRESENTATION_CONTEXT() REPRESENTATION_CONTEXT('2D SPACE',''
  ) );
#8941 = ORIENTED_EDGE('',*,*,#8942,.F.);
#8942 = EDGE_CURVE('',#8943,#8920,#8945,.T.);
#8943 = VERTEX_POINT('',#8944);
#8944 = CARTESIAN_POINT('',(-22.86000081062,5.080000162125,
    -117.461301222));
#8945 = SURFACE_CURVE('',#8946,(#8951,#8958),.PCURVE_S1.);
#8946 = CIRCLE('',#8947,2.54);
#8947 = AXIS2_PLACEMENT_3D('',#8948,#8949,#8950);
#8948 = CARTESIAN_POINT('',(-22.86000081062,7.620000162125,
    -117.461301222));
#8949 = DIRECTION('',(0.,-5.39845945724E-15,-1.));
#8950 = DIRECTION('',(-0.707106781187,-0.707106781187,3.817287290175E-15
    ));
#8951 = PCURVE('',#8878,#8952);
#8952 = DEFINITIONAL_REPRESENTATION('',(#8953),#8957);
#8953 = CIRCLE('',#8954,2.54);
#8954 = AXIS2_PLACEMENT_2D('',#8955,#8956);
#8955 = CARTESIAN_POINT('',(-3.81000020266,3.810000202656));
#8956 = DIRECTION('',(-0.707106781187,0.707106781187));
#8957 = ( GEOMETRIC_REPRESENTATION_CONTEXT(2) 
PARAMETRIC_REPRESENTATION_CONTEXT() REPRESENTATION_CONTEXT('2D SPACE',''
  ) );
#8958 = PCURVE('',#1475,#8959);
#8959 = DEFINITIONAL_REPRESENTATION('',(#8960),#8964);
#8960 = LINE('',#8961,#8962);
#8961 = CARTESIAN_POINT('',(0.,0.));
#8962 = VECTOR('',#8963,1.);
#8963 = DIRECTION('',(1.,0.));
#8964 = ( GEOMETRIC_REPRESENTATION_CONTEXT(2) 
PARAMETRIC_REPRESENTATION_CONTEXT() REPRESENTATION_CONTEXT('2D SPACE',''
  ) );
#8965 = ORIENTED_EDGE('',*,*,#8966,.F.);
#8966 = EDGE_CURVE('',#8967,#8943,#8969,.T.);
#8967 = VERTEX_POINT('',#8968);
#8968 = CARTESIAN_POINT('',(-15.24000040531,5.080000162125,
    -117.461301222));
#8969 = SURFACE_CURVE('',#8970,(#8974,#8981),.PCURVE_S1.);
#8970 = LINE('',#8971,#8972);
#8971 = CARTESIAN_POINT('',(-12.70000040531,5.080000162125,
    -117.461301222));
#8972 = VECTOR('',#8973,1.);
#8973 = DIRECTION('',(-1.,2.129316807119E-45,3.944304526105E-31));
#8974 = PCURVE('',#8878,#8975);
#8975 = DEFINITIONAL_REPRESENTATION('',(#8976),#8980);
#8976 = LINE('',#8977,#8978);
#8977 = CARTESIAN_POINT('',(6.35000020265,6.350000202656));
#8978 = VECTOR('',#8979,1.);
#8979 = DIRECTION('',(-1.,0.));
#8980 = ( GEOMETRIC_REPRESENTATION_CONTEXT(2) 
PARAMETRIC_REPRESENTATION_CONTEXT() REPRESENTATION_CONTEXT('2D SPACE',''
  ) );
#8981 = PCURVE('',#1531,#8982);
#8982 = DEFINITIONAL_REPRESENTATION('',(#8983),#8987);
#8983 = LINE('',#8984,#8985);
#8984 = CARTESIAN_POINT('',(0.,-0.));
#8985 = VECTOR('',#8986,1.);
#8986 = DIRECTION('',(1.,0.));
#8987 = ( GEOMETRIC_REPRESENTATION_CONTEXT(2) 
PARAMETRIC_REPRESENTATION_CONTEXT() REPRESENTATION_CONTEXT('2D SPACE',''
  ) );
#8988 = ORIENTED_EDGE('',*,*,#8989,.F.);
#8989 = EDGE_CURVE('',#8990,#8967,#8992,.T.);
#8990 = VERTEX_POINT('',#8991);
#8991 = CARTESIAN_POINT('',(-12.70000040531,7.620000162125,
    -117.461301222));
#8992 = SURFACE_CURVE('',#8993,(#8998,#9005),.PCURVE_S1.);
#8993 = CIRCLE('',#8994,2.54);
#8994 = AXIS2_PLACEMENT_3D('',#8995,#8996,#8997);
#8995 = CARTESIAN_POINT('',(-15.24000040531,7.620000162125,
    -117.461301222));
#8996 = DIRECTION('',(0.,-5.39845945724E-15,-1.));
#8997 = DIRECTION('',(0.707106781187,-0.707106781187,3.817287290175E-15)
  );
#8998 = PCURVE('',#8878,#8999);
#8999 = DEFINITIONAL_REPRESENTATION('',(#9000),#9004);
#9000 = CIRCLE('',#9001,2.54);
#9001 = AXIS2_PLACEMENT_2D('',#9002,#9003);
#9002 = CARTESIAN_POINT('',(3.81000020265,3.810000202656));
#9003 = DIRECTION('',(0.707106781187,0.707106781187));
#9004 = ( GEOMETRIC_REPRESENTATION_CONTEXT(2) 
PARAMETRIC_REPRESENTATION_CONTEXT() REPRESENTATION_CONTEXT('2D SPACE',''
  ) );
#9005 = PCURVE('',#1595,#9006);
#9006 = DEFINITIONAL_REPRESENTATION('',(#9007),#9011);
#9007 = LINE('',#9008,#9009);
#9008 = CARTESIAN_POINT('',(0.,0.));
#9009 = VECTOR('',#9010,1.);
#9010 = DIRECTION('',(1.,0.));
#9011 = ( GEOMETRIC_REPRESENTATION_CONTEXT(2) 
PARAMETRIC_REPRESENTATION_CONTEXT() REPRESENTATION_CONTEXT('2D SPACE',''
  ) );
#9012 = ORIENTED_EDGE('',*,*,#9013,.F.);
#9013 = EDGE_CURVE('',#8817,#8990,#9014,.T.);
#9014 = SURFACE_CURVE('',#9015,(#9019,#9026),.PCURVE_S1.);
#9015 = LINE('',#9016,#9017);
#9016 = CARTESIAN_POINT('',(-12.70000040531,17.780000567436,
    -117.461301222));
#9017 = VECTOR('',#9018,1.);
#9018 = DIRECTION('',(-1.244603055572E-60,-1.,5.39845945724E-15));
#9019 = PCURVE('',#8878,#9020);
#9020 = DEFINITIONAL_REPRESENTATION('',(#9021),#9025);
#9021 = LINE('',#9022,#9023);
#9022 = CARTESIAN_POINT('',(6.35000020265,-6.350000202655));
#9023 = VECTOR('',#9024,1.);
#9024 = DIRECTION('',(3.914276609775E-58,1.));
#9025 = ( GEOMETRIC_REPRESENTATION_CONTEXT(2) 
PARAMETRIC_REPRESENTATION_CONTEXT() REPRESENTATION_CONTEXT('2D SPACE',''
  ) );
#9026 = PCURVE('',#1649,#9027);
#9027 = DEFINITIONAL_REPRESENTATION('',(#9028),#9032);
#9028 = LINE('',#9029,#9030);
#9029 = CARTESIAN_POINT('',(0.,-0.));
#9030 = VECTOR('',#9031,1.);
#9031 = DIRECTION('',(1.,0.));
#9032 = ( GEOMETRIC_REPRESENTATION_CONTEXT(2) 
PARAMETRIC_REPRESENTATION_CONTEXT() REPRESENTATION_CONTEXT('2D SPACE',''
  ) );
#9033 = ORIENTED_EDGE('',*,*,#8863,.F.);
#9034 = ORIENTED_EDGE('',*,*,#9035,.F.);
#9035 = EDGE_CURVE('',#8896,#8841,#9036,.T.);
#9036 = SURFACE_CURVE('',#9037,(#9041,#9048),.PCURVE_S1.);
#9037 = LINE('',#9038,#9039);
#9038 = CARTESIAN_POINT('',(-25.40000081062,17.780000567436,
    -117.461301222));
#9039 = VECTOR('',#9040,1.);
#9040 = DIRECTION('',(1.,-2.129316807119E-45,-3.944304526105E-31));
#9041 = PCURVE('',#8878,#9042);
#9042 = DEFINITIONAL_REPRESENTATION('',(#9043),#9047);
#9043 = LINE('',#9044,#9045);
#9044 = CARTESIAN_POINT('',(-6.35000020266,-6.350000202655));
#9045 = VECTOR('',#9046,1.);
#9046 = DIRECTION('',(1.,0.));
#9047 = ( GEOMETRIC_REPRESENTATION_CONTEXT(2) 
PARAMETRIC_REPRESENTATION_CONTEXT() REPRESENTATION_CONTEXT('2D SPACE',''
  ) );
#9048 = PCURVE('',#1300,#9049);
#9049 = DEFINITIONAL_REPRESENTATION('',(#9050),#9054);
#9050 = LINE('',#9051,#9052);
#9051 = CARTESIAN_POINT('',(0.,-0.));
#9052 = VECTOR('',#9053,1.);
#9053 = DIRECTION('',(1.,0.));
#9054 = ( GEOMETRIC_REPRESENTATION_CONTEXT(2) 
PARAMETRIC_REPRESENTATION_CONTEXT() REPRESENTATION_CONTEXT('2D SPACE',''
  ) );
#9055 = ADVANCED_FACE('',(#9056),#1649,.F.);
#9056 = FACE_BOUND('',#9057,.F.);
#9057 = EDGE_LOOP('',(#9058,#9059,#9060,#9081));
#9058 = ORIENTED_EDGE('',*,*,#8816,.F.);
#9059 = ORIENTED_EDGE('',*,*,#9013,.T.);
#9060 = ORIENTED_EDGE('',*,*,#9061,.F.);
#9061 = EDGE_CURVE('',#1547,#8990,#9062,.T.);
#9062 = SURFACE_CURVE('',#9063,(#9067,#9074),.PCURVE_S1.);
#9063 = LINE('',#9064,#9065);
#9064 = CARTESIAN_POINT('',(-12.70000040531,7.620000162125,
    -117.461301222));
#9065 = VECTOR('',#9066,1.);
#9066 = DIRECTION('',(3.944304526105E-31,5.39845945724E-15,1.));
#9067 = PCURVE('',#1649,#9068);
#9068 = DEFINITIONAL_REPRESENTATION('',(#9069),#9073);
#9069 = LINE('',#9070,#9071);
#9070 = CARTESIAN_POINT('',(10.160000405311,5.484835027361E-14));
#9071 = VECTOR('',#9072,1.);
#9072 = DIRECTION('',(0.,-1.));
#9073 = ( GEOMETRIC_REPRESENTATION_CONTEXT(2) 
PARAMETRIC_REPRESENTATION_CONTEXT() REPRESENTATION_CONTEXT('2D SPACE',''
  ) );
#9074 = PCURVE('',#1595,#9075);
#9075 = DEFINITIONAL_REPRESENTATION('',(#9076),#9080);
#9076 = LINE('',#9077,#9078);
#9077 = CARTESIAN_POINT('',(5.497787143783,0.));
#9078 = VECTOR('',#9079,1.);
#9079 = DIRECTION('',(0.,-1.));
#9080 = ( GEOMETRIC_REPRESENTATION_CONTEXT(2) 
PARAMETRIC_REPRESENTATION_CONTEXT() REPRESENTATION_CONTEXT('2D SPACE',''
  ) );
#9081 = ORIENTED_EDGE('',*,*,#1629,.T.);
#9082 = ADVANCED_FACE('',(#9083),#1595,.F.);
#9083 = FACE_BOUND('',#9084,.F.);
#9084 = EDGE_LOOP('',(#9085,#9106,#9107,#9108));
#9085 = ORIENTED_EDGE('',*,*,#9086,.T.);
#9086 = EDGE_CURVE('',#8967,#1510,#9087,.T.);
#9087 = SURFACE_CURVE('',#9088,(#9092,#9099),.PCURVE_S1.);
#9088 = LINE('',#9089,#9090);
#9089 = CARTESIAN_POINT('',(-15.24000040531,5.080000162125,
    -117.461301222));
#9090 = VECTOR('',#9091,1.);
#9091 = DIRECTION('',(-3.944304526105E-31,-5.39845945724E-15,-1.));
#9092 = PCURVE('',#1595,#9093);
#9093 = DEFINITIONAL_REPRESENTATION('',(#9094),#9098);
#9094 = LINE('',#9095,#9096);
#9095 = CARTESIAN_POINT('',(7.068583470577,0.));
#9096 = VECTOR('',#9097,1.);
#9097 = DIRECTION('',(0.,1.));
#9098 = ( GEOMETRIC_REPRESENTATION_CONTEXT(2) 
PARAMETRIC_REPRESENTATION_CONTEXT() REPRESENTATION_CONTEXT('2D SPACE',''
  ) );
#9099 = PCURVE('',#1531,#9100);
#9100 = DEFINITIONAL_REPRESENTATION('',(#9101),#9105);
#9101 = LINE('',#9102,#9103);
#9102 = CARTESIAN_POINT('',(2.54,1.001853349631E-30));
#9103 = VECTOR('',#9104,1.);
#9104 = DIRECTION('',(0.,1.));
#9105 = ( GEOMETRIC_REPRESENTATION_CONTEXT(2) 
PARAMETRIC_REPRESENTATION_CONTEXT() REPRESENTATION_CONTEXT('2D SPACE',''
  ) );
#9106 = ORIENTED_EDGE('',*,*,#1546,.T.);
#9107 = ORIENTED_EDGE('',*,*,#9061,.T.);
#9108 = ORIENTED_EDGE('',*,*,#8989,.T.);
#9109 = ADVANCED_FACE('',(#9110),#1531,.F.);
#9110 = FACE_BOUND('',#9111,.F.);
#9111 = EDGE_LOOP('',(#9112,#9133,#9134,#9135));
#9112 = ORIENTED_EDGE('',*,*,#9113,.F.);
#9113 = EDGE_CURVE('',#1433,#8943,#9114,.T.);
#9114 = SURFACE_CURVE('',#9115,(#9119,#9126),.PCURVE_S1.);
#9115 = LINE('',#9116,#9117);
#9116 = CARTESIAN_POINT('',(-22.86000081062,5.080000162125,
    -117.461301222));
#9117 = VECTOR('',#9118,1.);
#9118 = DIRECTION('',(3.944304526105E-31,5.39845945724E-15,1.));
#9119 = PCURVE('',#1531,#9120);
#9120 = DEFINITIONAL_REPRESENTATION('',(#9121),#9125);
#9121 = LINE('',#9122,#9123);
#9122 = CARTESIAN_POINT('',(10.16000040531,4.007413558389E-30));
#9123 = VECTOR('',#9124,1.);
#9124 = DIRECTION('',(0.,-1.));
#9125 = ( GEOMETRIC_REPRESENTATION_CONTEXT(2) 
PARAMETRIC_REPRESENTATION_CONTEXT() REPRESENTATION_CONTEXT('2D SPACE',''
  ) );
#9126 = PCURVE('',#1475,#9127);
#9127 = DEFINITIONAL_REPRESENTATION('',(#9128),#9132);
#9128 = LINE('',#9129,#9130);
#9129 = CARTESIAN_POINT('',(5.497787143783,0.));
#9130 = VECTOR('',#9131,1.);
#9131 = DIRECTION('',(0.,-1.));
#9132 = ( GEOMETRIC_REPRESENTATION_CONTEXT(2) 
PARAMETRIC_REPRESENTATION_CONTEXT() REPRESENTATION_CONTEXT('2D SPACE',''
  ) );
#9133 = ORIENTED_EDGE('',*,*,#1509,.T.);
#9134 = ORIENTED_EDGE('',*,*,#9086,.F.);
#9135 = ORIENTED_EDGE('',*,*,#8966,.T.);
#9136 = ADVANCED_FACE('',(#9137),#1475,.F.);
#9137 = FACE_BOUND('',#9138,.F.);
#9138 = EDGE_LOOP('',(#9139,#9160,#9161,#9162));
#9139 = ORIENTED_EDGE('',*,*,#9140,.T.);
#9140 = EDGE_CURVE('',#8920,#1399,#9141,.T.);
#9141 = SURFACE_CURVE('',#9142,(#9146,#9153),.PCURVE_S1.);
#9142 = LINE('',#9143,#9144);
#9143 = CARTESIAN_POINT('',(-25.40000081062,7.620000162125,
    -117.461301222));
#9144 = VECTOR('',#9145,1.);
#9145 = DIRECTION('',(-3.944304526105E-31,-5.39845945724E-15,-1.));
#9146 = PCURVE('',#1475,#9147);
#9147 = DEFINITIONAL_REPRESENTATION('',(#9148),#9152);
#9148 = LINE('',#9149,#9150);
#9149 = CARTESIAN_POINT('',(7.068583470577,0.));
#9150 = VECTOR('',#9151,1.);
#9151 = DIRECTION('',(0.,1.));
#9152 = ( GEOMETRIC_REPRESENTATION_CONTEXT(2) 
PARAMETRIC_REPRESENTATION_CONTEXT() REPRESENTATION_CONTEXT('2D SPACE',''
  ) );
#9153 = PCURVE('',#1418,#9154);
#9154 = DEFINITIONAL_REPRESENTATION('',(#9155),#9159);
#9155 = LINE('',#9156,#9157);
#9156 = CARTESIAN_POINT('',(2.54,-1.371208702139E-14));
#9157 = VECTOR('',#9158,1.);
#9158 = DIRECTION('',(0.,1.));
#9159 = ( GEOMETRIC_REPRESENTATION_CONTEXT(2) 
PARAMETRIC_REPRESENTATION_CONTEXT() REPRESENTATION_CONTEXT('2D SPACE',''
  ) );
#9160 = ORIENTED_EDGE('',*,*,#1432,.T.);
#9161 = ORIENTED_EDGE('',*,*,#9113,.T.);
#9162 = ORIENTED_EDGE('',*,*,#8942,.T.);
#9163 = ADVANCED_FACE('',(#9164),#1418,.F.);
#9164 = FACE_BOUND('',#9165,.F.);
#9165 = EDGE_LOOP('',(#9166,#9187,#9188,#9189));
#9166 = ORIENTED_EDGE('',*,*,#9167,.F.);
#9167 = EDGE_CURVE('',#1316,#8894,#9168,.T.);
#9168 = SURFACE_CURVE('',#9169,(#9173,#9180),.PCURVE_S1.);
#9169 = LINE('',#9170,#9171);
#9170 = CARTESIAN_POINT('',(-25.40000081062,15.240000567436,
    -117.461301222));
#9171 = VECTOR('',#9172,1.);
#9172 = DIRECTION('',(3.944304526105E-31,5.39845945724E-15,1.));
#9173 = PCURVE('',#1418,#9174);
#9174 = DEFINITIONAL_REPRESENTATION('',(#9175),#9179);
#9175 = LINE('',#9176,#9177);
#9176 = CARTESIAN_POINT('',(10.160000405311,-5.484835027361E-14));
#9177 = VECTOR('',#9178,1.);
#9178 = DIRECTION('',(0.,-1.));
#9179 = ( GEOMETRIC_REPRESENTATION_CONTEXT(2) 
PARAMETRIC_REPRESENTATION_CONTEXT() REPRESENTATION_CONTEXT('2D SPACE',''
  ) );
#9180 = PCURVE('',#1364,#9181);
#9181 = DEFINITIONAL_REPRESENTATION('',(#9182),#9186);
#9182 = LINE('',#9183,#9184);
#9183 = CARTESIAN_POINT('',(5.497787143782,0.));
#9184 = VECTOR('',#9185,1.);
#9185 = DIRECTION('',(0.,-1.));
#9186 = ( GEOMETRIC_REPRESENTATION_CONTEXT(2) 
PARAMETRIC_REPRESENTATION_CONTEXT() REPRESENTATION_CONTEXT('2D SPACE',''
  ) );
#9187 = ORIENTED_EDGE('',*,*,#1398,.F.);
#9188 = ORIENTED_EDGE('',*,*,#9140,.F.);
#9189 = ORIENTED_EDGE('',*,*,#8919,.T.);
#9190 = ADVANCED_FACE('',(#9191),#1364,.F.);
#9191 = FACE_BOUND('',#9192,.F.);
#9192 = EDGE_LOOP('',(#9193,#9214,#9215,#9216));
#9193 = ORIENTED_EDGE('',*,*,#9194,.T.);
#9194 = EDGE_CURVE('',#8896,#1277,#9195,.T.);
#9195 = SURFACE_CURVE('',#9196,(#9200,#9207),.PCURVE_S1.);
#9196 = LINE('',#9197,#9198);
#9197 = CARTESIAN_POINT('',(-22.86000081062,17.780000567436,
    -117.461301222));
#9198 = VECTOR('',#9199,1.);
#9199 = DIRECTION('',(-3.944304526105E-31,-5.39845945724E-15,-1.));
#9200 = PCURVE('',#1364,#9201);
#9201 = DEFINITIONAL_REPRESENTATION('',(#9202),#9206);
#9202 = LINE('',#9203,#9204);
#9203 = CARTESIAN_POINT('',(7.068583470577,0.));
#9204 = VECTOR('',#9205,1.);
#9205 = DIRECTION('',(0.,1.));
#9206 = ( GEOMETRIC_REPRESENTATION_CONTEXT(2) 
PARAMETRIC_REPRESENTATION_CONTEXT() REPRESENTATION_CONTEXT('2D SPACE',''
  ) );
#9207 = PCURVE('',#1300,#9208);
#9208 = DEFINITIONAL_REPRESENTATION('',(#9209),#9213);
#9209 = LINE('',#9210,#9211);
#9210 = CARTESIAN_POINT('',(2.54,-1.001853349631E-30));
#9211 = VECTOR('',#9212,1.);
#9212 = DIRECTION('',(0.,1.));
#9213 = ( GEOMETRIC_REPRESENTATION_CONTEXT(2) 
PARAMETRIC_REPRESENTATION_CONTEXT() REPRESENTATION_CONTEXT('2D SPACE',''
  ) );
#9214 = ORIENTED_EDGE('',*,*,#1315,.T.);
#9215 = ORIENTED_EDGE('',*,*,#9167,.T.);
#9216 = ORIENTED_EDGE('',*,*,#8893,.T.);
#9217 = ADVANCED_FACE('',(#9218),#1300,.F.);
#9218 = FACE_BOUND('',#9219,.F.);
#9219 = EDGE_LOOP('',(#9220,#9221,#9222,#9223));
#9220 = ORIENTED_EDGE('',*,*,#9194,.F.);
#9221 = ORIENTED_EDGE('',*,*,#9035,.T.);
#9222 = ORIENTED_EDGE('',*,*,#8840,.F.);
#9223 = ORIENTED_EDGE('',*,*,#1276,.F.);
#9224 = ADVANCED_FACE('',(#9225),#1240,.F.);
#9225 = FACE_BOUND('',#9226,.F.);
#9226 = EDGE_LOOP('',(#9227,#9250,#9251,#9274));
#9227 = ORIENTED_EDGE('',*,*,#9228,.T.);
#9228 = EDGE_CURVE('',#9229,#1157,#9231,.T.);
#9229 = VERTEX_POINT('',#9230);
#9230 = CARTESIAN_POINT('',(15.240000405312,17.780000567436,
    -117.461301222));
#9231 = SURFACE_CURVE('',#9232,(#9236,#9243),.PCURVE_S1.);
#9232 = LINE('',#9233,#9234);
#9233 = CARTESIAN_POINT('',(15.240000405312,17.780000567436,
    -117.461301222));
#9234 = VECTOR('',#9235,1.);
#9235 = DIRECTION('',(-3.944304526105E-31,-5.39845945724E-15,-1.));
#9236 = PCURVE('',#1240,#9237);
#9237 = DEFINITIONAL_REPRESENTATION('',(#9238),#9242);
#9238 = LINE('',#9239,#9240);
#9239 = CARTESIAN_POINT('',(7.068583470577,0.));
#9240 = VECTOR('',#9241,1.);
#9241 = DIRECTION('',(0.,1.));
#9242 = ( GEOMETRIC_REPRESENTATION_CONTEXT(2) 
PARAMETRIC_REPRESENTATION_CONTEXT() REPRESENTATION_CONTEXT('2D SPACE',''
  ) );
#9243 = PCURVE('',#1178,#9244);
#9244 = DEFINITIONAL_REPRESENTATION('',(#9245),#9249);
#9245 = LINE('',#9246,#9247);
#9246 = CARTESIAN_POINT('',(2.54,-1.001853349631E-30));
#9247 = VECTOR('',#9248,1.);
#9248 = DIRECTION('',(0.,1.));
#9249 = ( GEOMETRIC_REPRESENTATION_CONTEXT(2) 
PARAMETRIC_REPRESENTATION_CONTEXT() REPRESENTATION_CONTEXT('2D SPACE',''
  ) );
#9250 = ORIENTED_EDGE('',*,*,#1193,.T.);
#9251 = ORIENTED_EDGE('',*,*,#9252,.T.);
#9252 = EDGE_CURVE('',#809,#9253,#9255,.T.);
#9253 = VERTEX_POINT('',#9254);
#9254 = CARTESIAN_POINT('',(12.700000405312,15.240000567436,
    -117.461301222));
#9255 = SURFACE_CURVE('',#9256,(#9260,#9267),.PCURVE_S1.);
#9256 = LINE('',#9257,#9258);
#9257 = CARTESIAN_POINT('',(12.700000405312,15.240000567436,
    -117.461301222));
#9258 = VECTOR('',#9259,1.);
#9259 = DIRECTION('',(3.944304526105E-31,5.39845945724E-15,1.));
#9260 = PCURVE('',#1240,#9261);
#9261 = DEFINITIONAL_REPRESENTATION('',(#9262),#9266);
#9262 = LINE('',#9263,#9264);
#9263 = CARTESIAN_POINT('',(5.497787143782,0.));
#9264 = VECTOR('',#9265,1.);
#9265 = DIRECTION('',(0.,-1.));
#9266 = ( GEOMETRIC_REPRESENTATION_CONTEXT(2) 
PARAMETRIC_REPRESENTATION_CONTEXT() REPRESENTATION_CONTEXT('2D SPACE',''
  ) );
#9267 = PCURVE('',#828,#9268);
#9268 = DEFINITIONAL_REPRESENTATION('',(#9269),#9273);
#9269 = LINE('',#9270,#9271);
#9270 = CARTESIAN_POINT('',(10.160000405311,-5.484835027361E-14));
#9271 = VECTOR('',#9272,1.);
#9272 = DIRECTION('',(0.,-1.));
#9273 = ( GEOMETRIC_REPRESENTATION_CONTEXT(2) 
PARAMETRIC_REPRESENTATION_CONTEXT() REPRESENTATION_CONTEXT('2D SPACE',''
  ) );
#9274 = ORIENTED_EDGE('',*,*,#9275,.T.);
#9275 = EDGE_CURVE('',#9253,#9229,#9276,.T.);
#9276 = SURFACE_CURVE('',#9277,(#9282,#9289),.PCURVE_S1.);
#9277 = CIRCLE('',#9278,2.54);
#9278 = AXIS2_PLACEMENT_3D('',#9279,#9280,#9281);
#9279 = CARTESIAN_POINT('',(15.240000405312,15.240000567436,
    -117.461301222));
#9280 = DIRECTION('',(0.,-5.39845945724E-15,-1.));
#9281 = DIRECTION('',(-0.707106781187,0.707106781187,-3.817287290175E-15
    ));
#9282 = PCURVE('',#1240,#9283);
#9283 = DEFINITIONAL_REPRESENTATION('',(#9284),#9288);
#9284 = LINE('',#9285,#9286);
#9285 = CARTESIAN_POINT('',(0.,0.));
#9286 = VECTOR('',#9287,1.);
#9287 = DIRECTION('',(1.,0.));
#9288 = ( GEOMETRIC_REPRESENTATION_CONTEXT(2) 
PARAMETRIC_REPRESENTATION_CONTEXT() REPRESENTATION_CONTEXT('2D SPACE',''
  ) );
#9289 = PCURVE('',#9290,#9295);
#9290 = PLANE('',#9291);
#9291 = AXIS2_PLACEMENT_3D('',#9292,#9293,#9294);
#9292 = CARTESIAN_POINT('',(19.050000607967,11.430000364781,
    -117.461301222));
#9293 = DIRECTION('',(-3.944304526105E-31,-5.39845945724E-15,-1.));
#9294 = DIRECTION('',(1.,-2.129316807119E-45,-3.944304526105E-31));
#9295 = DEFINITIONAL_REPRESENTATION('',(#9296),#9300);
#9296 = CIRCLE('',#9297,2.54);
#9297 = AXIS2_PLACEMENT_2D('',#9298,#9299);
#9298 = CARTESIAN_POINT('',(-3.810000202655,-3.810000202655));
#9299 = DIRECTION('',(-0.707106781187,-0.707106781187));
#9300 = ( GEOMETRIC_REPRESENTATION_CONTEXT(2) 
PARAMETRIC_REPRESENTATION_CONTEXT() REPRESENTATION_CONTEXT('2D SPACE',''
  ) );
#9301 = ADVANCED_FACE('',(#9302),#9290,.T.);
#9302 = FACE_BOUND('',#9303,.F.);
#9303 = EDGE_LOOP('',(#9304,#9330,#9353,#9377,#9400,#9424,#9445,#9446));
#9304 = ORIENTED_EDGE('',*,*,#9305,.F.);
#9305 = EDGE_CURVE('',#9306,#9308,#9310,.T.);
#9306 = VERTEX_POINT('',#9307);
#9307 = CARTESIAN_POINT('',(15.240000405312,5.080000162125,
    -117.461301222));
#9308 = VERTEX_POINT('',#9309);
#9309 = CARTESIAN_POINT('',(12.700000405312,7.620000162125,
    -117.461301222));
#9310 = SURFACE_CURVE('',#9311,(#9316,#9323),.PCURVE_S1.);
#9311 = CIRCLE('',#9312,2.54);
#9312 = AXIS2_PLACEMENT_3D('',#9313,#9314,#9315);
#9313 = CARTESIAN_POINT('',(15.240000405312,7.620000162125,
    -117.461301222));
#9314 = DIRECTION('',(0.,-5.39845945724E-15,-1.));
#9315 = DIRECTION('',(-0.707106781187,-0.707106781187,3.817287290175E-15
    ));
#9316 = PCURVE('',#9290,#9317);
#9317 = DEFINITIONAL_REPRESENTATION('',(#9318),#9322);
#9318 = CIRCLE('',#9319,2.54);
#9319 = AXIS2_PLACEMENT_2D('',#9320,#9321);
#9320 = CARTESIAN_POINT('',(-3.810000202655,3.810000202656));
#9321 = DIRECTION('',(-0.707106781187,0.707106781187));
#9322 = ( GEOMETRIC_REPRESENTATION_CONTEXT(2) 
PARAMETRIC_REPRESENTATION_CONTEXT() REPRESENTATION_CONTEXT('2D SPACE',''
  ) );
#9323 = PCURVE('',#885,#9324);
#9324 = DEFINITIONAL_REPRESENTATION('',(#9325),#9329);
#9325 = LINE('',#9326,#9327);
#9326 = CARTESIAN_POINT('',(-6.28318530718,0.));
#9327 = VECTOR('',#9328,1.);
#9328 = DIRECTION('',(1.,0.));
#9329 = ( GEOMETRIC_REPRESENTATION_CONTEXT(2) 
PARAMETRIC_REPRESENTATION_CONTEXT() REPRESENTATION_CONTEXT('2D SPACE',''
  ) );
#9330 = ORIENTED_EDGE('',*,*,#9331,.F.);
#9331 = EDGE_CURVE('',#9332,#9306,#9334,.T.);
#9332 = VERTEX_POINT('',#9333);
#9333 = CARTESIAN_POINT('',(22.860000810623,5.080000162125,
    -117.461301222));
#9334 = SURFACE_CURVE('',#9335,(#9339,#9346),.PCURVE_S1.);
#9335 = LINE('',#9336,#9337);
#9336 = CARTESIAN_POINT('',(25.400000810623,5.080000162125,
    -117.461301222));
#9337 = VECTOR('',#9338,1.);
#9338 = DIRECTION('',(-1.,2.129316807119E-45,3.944304526105E-31));
#9339 = PCURVE('',#9290,#9340);
#9340 = DEFINITIONAL_REPRESENTATION('',(#9341),#9345);
#9341 = LINE('',#9342,#9343);
#9342 = CARTESIAN_POINT('',(6.350000202656,6.350000202656));
#9343 = VECTOR('',#9344,1.);
#9344 = DIRECTION('',(-1.,0.));
#9345 = ( GEOMETRIC_REPRESENTATION_CONTEXT(2) 
PARAMETRIC_REPRESENTATION_CONTEXT() REPRESENTATION_CONTEXT('2D SPACE',''
  ) );
#9346 = PCURVE('',#941,#9347);
#9347 = DEFINITIONAL_REPRESENTATION('',(#9348),#9352);
#9348 = LINE('',#9349,#9350);
#9349 = CARTESIAN_POINT('',(0.,-0.));
#9350 = VECTOR('',#9351,1.);
#9351 = DIRECTION('',(1.,0.));
#9352 = ( GEOMETRIC_REPRESENTATION_CONTEXT(2) 
PARAMETRIC_REPRESENTATION_CONTEXT() REPRESENTATION_CONTEXT('2D SPACE',''
  ) );
#9353 = ORIENTED_EDGE('',*,*,#9354,.F.);
#9354 = EDGE_CURVE('',#9355,#9332,#9357,.T.);
#9355 = VERTEX_POINT('',#9356);
#9356 = CARTESIAN_POINT('',(25.400000810623,7.620000162125,
    -117.461301222));
#9357 = SURFACE_CURVE('',#9358,(#9363,#9370),.PCURVE_S1.);
#9358 = CIRCLE('',#9359,2.54);
#9359 = AXIS2_PLACEMENT_3D('',#9360,#9361,#9362);
#9360 = CARTESIAN_POINT('',(22.860000810623,7.620000162125,
    -117.461301222));
#9361 = DIRECTION('',(0.,-5.39845945724E-15,-1.));
#9362 = DIRECTION('',(0.707106781187,-0.707106781187,3.817287290175E-15)
  );
#9363 = PCURVE('',#9290,#9364);
#9364 = DEFINITIONAL_REPRESENTATION('',(#9365),#9369);
#9365 = CIRCLE('',#9366,2.54);
#9366 = AXIS2_PLACEMENT_2D('',#9367,#9368);
#9367 = CARTESIAN_POINT('',(3.810000202656,3.810000202656));
#9368 = DIRECTION('',(0.707106781187,0.707106781187));
#9369 = ( GEOMETRIC_REPRESENTATION_CONTEXT(2) 
PARAMETRIC_REPRESENTATION_CONTEXT() REPRESENTATION_CONTEXT('2D SPACE',''
  ) );
#9370 = PCURVE('',#1005,#9371);
#9371 = DEFINITIONAL_REPRESENTATION('',(#9372),#9376);
#9372 = LINE('',#9373,#9374);
#9373 = CARTESIAN_POINT('',(0.,0.));
#9374 = VECTOR('',#9375,1.);
#9375 = DIRECTION('',(1.,0.));
#9376 = ( GEOMETRIC_REPRESENTATION_CONTEXT(2) 
PARAMETRIC_REPRESENTATION_CONTEXT() REPRESENTATION_CONTEXT('2D SPACE',''
  ) );
#9377 = ORIENTED_EDGE('',*,*,#9378,.F.);
#9378 = EDGE_CURVE('',#9379,#9355,#9381,.T.);
#9379 = VERTEX_POINT('',#9380);
#9380 = CARTESIAN_POINT('',(25.400000810623,15.240000567436,
    -117.461301222));
#9381 = SURFACE_CURVE('',#9382,(#9386,#9393),.PCURVE_S1.);
#9382 = LINE('',#9383,#9384);
#9383 = CARTESIAN_POINT('',(25.400000810623,17.780000567436,
    -117.461301222));
#9384 = VECTOR('',#9385,1.);
#9385 = DIRECTION('',(-1.244603055572E-60,-1.,5.39845945724E-15));
#9386 = PCURVE('',#9290,#9387);
#9387 = DEFINITIONAL_REPRESENTATION('',(#9388),#9392);
#9388 = LINE('',#9389,#9390);
#9389 = CARTESIAN_POINT('',(6.350000202656,-6.350000202655));
#9390 = VECTOR('',#9391,1.);
#9391 = DIRECTION('',(3.914276609775E-58,1.));
#9392 = ( GEOMETRIC_REPRESENTATION_CONTEXT(2) 
PARAMETRIC_REPRESENTATION_CONTEXT() REPRESENTATION_CONTEXT('2D SPACE',''
  ) );
#9393 = PCURVE('',#1059,#9394);
#9394 = DEFINITIONAL_REPRESENTATION('',(#9395),#9399);
#9395 = LINE('',#9396,#9397);
#9396 = CARTESIAN_POINT('',(0.,-0.));
#9397 = VECTOR('',#9398,1.);
#9398 = DIRECTION('',(1.,0.));
#9399 = ( GEOMETRIC_REPRESENTATION_CONTEXT(2) 
PARAMETRIC_REPRESENTATION_CONTEXT() REPRESENTATION_CONTEXT('2D SPACE',''
  ) );
#9400 = ORIENTED_EDGE('',*,*,#9401,.F.);
#9401 = EDGE_CURVE('',#9402,#9379,#9404,.T.);
#9402 = VERTEX_POINT('',#9403);
#9403 = CARTESIAN_POINT('',(22.860000810623,17.780000567436,
    -117.461301222));
#9404 = SURFACE_CURVE('',#9405,(#9410,#9417),.PCURVE_S1.);
#9405 = CIRCLE('',#9406,2.54);
#9406 = AXIS2_PLACEMENT_3D('',#9407,#9408,#9409);
#9407 = CARTESIAN_POINT('',(22.860000810623,15.240000567436,
    -117.461301222));
#9408 = DIRECTION('',(0.,-5.39845945724E-15,-1.));
#9409 = DIRECTION('',(0.707106781187,0.707106781187,-3.817287290175E-15)
  );
#9410 = PCURVE('',#9290,#9411);
#9411 = DEFINITIONAL_REPRESENTATION('',(#9412),#9416);
#9412 = CIRCLE('',#9413,2.54);
#9413 = AXIS2_PLACEMENT_2D('',#9414,#9415);
#9414 = CARTESIAN_POINT('',(3.810000202656,-3.810000202655));
#9415 = DIRECTION('',(0.707106781187,-0.707106781187));
#9416 = ( GEOMETRIC_REPRESENTATION_CONTEXT(2) 
PARAMETRIC_REPRESENTATION_CONTEXT() REPRESENTATION_CONTEXT('2D SPACE',''
  ) );
#9417 = PCURVE('',#1122,#9418);
#9418 = DEFINITIONAL_REPRESENTATION('',(#9419),#9423);
#9419 = LINE('',#9420,#9421);
#9420 = CARTESIAN_POINT('',(0.,0.));
#9421 = VECTOR('',#9422,1.);
#9422 = DIRECTION('',(1.,0.));
#9423 = ( GEOMETRIC_REPRESENTATION_CONTEXT(2) 
PARAMETRIC_REPRESENTATION_CONTEXT() REPRESENTATION_CONTEXT('2D SPACE',''
  ) );
#9424 = ORIENTED_EDGE('',*,*,#9425,.F.);
#9425 = EDGE_CURVE('',#9229,#9402,#9426,.T.);
#9426 = SURFACE_CURVE('',#9427,(#9431,#9438),.PCURVE_S1.);
#9427 = LINE('',#9428,#9429);
#9428 = CARTESIAN_POINT('',(12.700000405312,17.780000567436,
    -117.461301222));
#9429 = VECTOR('',#9430,1.);
#9430 = DIRECTION('',(1.,-2.129316807119E-45,-3.944304526105E-31));
#9431 = PCURVE('',#9290,#9432);
#9432 = DEFINITIONAL_REPRESENTATION('',(#9433),#9437);
#9433 = LINE('',#9434,#9435);
#9434 = CARTESIAN_POINT('',(-6.350000202655,-6.350000202655));
#9435 = VECTOR('',#9436,1.);
#9436 = DIRECTION('',(1.,0.));
#9437 = ( GEOMETRIC_REPRESENTATION_CONTEXT(2) 
PARAMETRIC_REPRESENTATION_CONTEXT() REPRESENTATION_CONTEXT('2D SPACE',''
  ) );
#9438 = PCURVE('',#1178,#9439);
#9439 = DEFINITIONAL_REPRESENTATION('',(#9440),#9444);
#9440 = LINE('',#9441,#9442);
#9441 = CARTESIAN_POINT('',(0.,-0.));
#9442 = VECTOR('',#9443,1.);
#9443 = DIRECTION('',(1.,0.));
#9444 = ( GEOMETRIC_REPRESENTATION_CONTEXT(2) 
PARAMETRIC_REPRESENTATION_CONTEXT() REPRESENTATION_CONTEXT('2D SPACE',''
  ) );
#9445 = ORIENTED_EDGE('',*,*,#9275,.F.);
#9446 = ORIENTED_EDGE('',*,*,#9447,.F.);
#9447 = EDGE_CURVE('',#9308,#9253,#9448,.T.);
#9448 = SURFACE_CURVE('',#9449,(#9453,#9460),.PCURVE_S1.);
#9449 = LINE('',#9450,#9451);
#9450 = CARTESIAN_POINT('',(12.700000405312,5.080000162125,
    -117.461301222));
#9451 = VECTOR('',#9452,1.);
#9452 = DIRECTION('',(1.244603055572E-60,1.,-5.39845945724E-15));
#9453 = PCURVE('',#9290,#9454);
#9454 = DEFINITIONAL_REPRESENTATION('',(#9455),#9459);
#9455 = LINE('',#9456,#9457);
#9456 = CARTESIAN_POINT('',(-6.350000202655,6.350000202656));
#9457 = VECTOR('',#9458,1.);
#9458 = DIRECTION('',(-3.914276609775E-58,-1.));
#9459 = ( GEOMETRIC_REPRESENTATION_CONTEXT(2) 
PARAMETRIC_REPRESENTATION_CONTEXT() REPRESENTATION_CONTEXT('2D SPACE',''
  ) );
#9460 = PCURVE('',#828,#9461);
#9461 = DEFINITIONAL_REPRESENTATION('',(#9462),#9466);
#9462 = LINE('',#9463,#9464);
#9463 = CARTESIAN_POINT('',(0.,-0.));
#9464 = VECTOR('',#9465,1.);
#9465 = DIRECTION('',(1.,0.));
#9466 = ( GEOMETRIC_REPRESENTATION_CONTEXT(2) 
PARAMETRIC_REPRESENTATION_CONTEXT() REPRESENTATION_CONTEXT('2D SPACE',''
  ) );
#9467 = ADVANCED_FACE('',(#9468),#1178,.F.);
#9468 = FACE_BOUND('',#9469,.F.);
#9469 = EDGE_LOOP('',(#9470,#9491,#9492,#9493));
#9470 = ORIENTED_EDGE('',*,*,#9471,.F.);
#9471 = EDGE_CURVE('',#1074,#9402,#9472,.T.);
#9472 = SURFACE_CURVE('',#9473,(#9477,#9484),.PCURVE_S1.);
#9473 = LINE('',#9474,#9475);
#9474 = CARTESIAN_POINT('',(22.860000810623,17.780000567436,
    -117.461301222));
#9475 = VECTOR('',#9476,1.);
#9476 = DIRECTION('',(3.944304526105E-31,5.39845945724E-15,1.));
#9477 = PCURVE('',#1178,#9478);
#9478 = DEFINITIONAL_REPRESENTATION('',(#9479),#9483);
#9479 = LINE('',#9480,#9481);
#9480 = CARTESIAN_POINT('',(10.160000405311,-4.00741355839E-30));
#9481 = VECTOR('',#9482,1.);
#9482 = DIRECTION('',(0.,-1.));
#9483 = ( GEOMETRIC_REPRESENTATION_CONTEXT(2) 
PARAMETRIC_REPRESENTATION_CONTEXT() REPRESENTATION_CONTEXT('2D SPACE',''
  ) );
#9484 = PCURVE('',#1122,#9485);
#9485 = DEFINITIONAL_REPRESENTATION('',(#9486),#9490);
#9486 = LINE('',#9487,#9488);
#9487 = CARTESIAN_POINT('',(5.497787143783,0.));
#9488 = VECTOR('',#9489,1.);
#9489 = DIRECTION('',(0.,-1.));
#9490 = ( GEOMETRIC_REPRESENTATION_CONTEXT(2) 
PARAMETRIC_REPRESENTATION_CONTEXT() REPRESENTATION_CONTEXT('2D SPACE',''
  ) );
#9491 = ORIENTED_EDGE('',*,*,#1156,.F.);
#9492 = ORIENTED_EDGE('',*,*,#9228,.F.);
#9493 = ORIENTED_EDGE('',*,*,#9425,.T.);
#9494 = ADVANCED_FACE('',(#9495),#1122,.F.);
#9495 = FACE_BOUND('',#9496,.F.);
#9496 = EDGE_LOOP('',(#9497,#9518,#9519,#9520));
#9497 = ORIENTED_EDGE('',*,*,#9498,.T.);
#9498 = EDGE_CURVE('',#9379,#1040,#9499,.T.);
#9499 = SURFACE_CURVE('',#9500,(#9504,#9511),.PCURVE_S1.);
#9500 = LINE('',#9501,#9502);
#9501 = CARTESIAN_POINT('',(25.400000810623,15.240000567436,
    -117.461301222));
#9502 = VECTOR('',#9503,1.);
#9503 = DIRECTION('',(-3.944304526105E-31,-5.39845945724E-15,-1.));
#9504 = PCURVE('',#1122,#9505);
#9505 = DEFINITIONAL_REPRESENTATION('',(#9506),#9510);
#9506 = LINE('',#9507,#9508);
#9507 = CARTESIAN_POINT('',(7.068583470577,0.));
#9508 = VECTOR('',#9509,1.);
#9509 = DIRECTION('',(0.,1.));
#9510 = ( GEOMETRIC_REPRESENTATION_CONTEXT(2) 
PARAMETRIC_REPRESENTATION_CONTEXT() REPRESENTATION_CONTEXT('2D SPACE',''
  ) );
#9511 = PCURVE('',#1059,#9512);
#9512 = DEFINITIONAL_REPRESENTATION('',(#9513),#9517);
#9513 = LINE('',#9514,#9515);
#9514 = CARTESIAN_POINT('',(2.54,1.371208702139E-14));
#9515 = VECTOR('',#9516,1.);
#9516 = DIRECTION('',(0.,1.));
#9517 = ( GEOMETRIC_REPRESENTATION_CONTEXT(2) 
PARAMETRIC_REPRESENTATION_CONTEXT() REPRESENTATION_CONTEXT('2D SPACE',''
  ) );
#9518 = ORIENTED_EDGE('',*,*,#1073,.T.);
#9519 = ORIENTED_EDGE('',*,*,#9471,.T.);
#9520 = ORIENTED_EDGE('',*,*,#9401,.T.);
#9521 = ADVANCED_FACE('',(#9522),#1059,.F.);
#9522 = FACE_BOUND('',#9523,.F.);
#9523 = EDGE_LOOP('',(#9524,#9545,#9546,#9547));
#9524 = ORIENTED_EDGE('',*,*,#9525,.F.);
#9525 = EDGE_CURVE('',#957,#9355,#9526,.T.);
#9526 = SURFACE_CURVE('',#9527,(#9531,#9538),.PCURVE_S1.);
#9527 = LINE('',#9528,#9529);
#9528 = CARTESIAN_POINT('',(25.400000810623,7.620000162125,
    -117.461301222));
#9529 = VECTOR('',#9530,1.);
#9530 = DIRECTION('',(3.944304526105E-31,5.39845945724E-15,1.));
#9531 = PCURVE('',#1059,#9532);
#9532 = DEFINITIONAL_REPRESENTATION('',(#9533),#9537);
#9533 = LINE('',#9534,#9535);
#9534 = CARTESIAN_POINT('',(10.160000405311,5.484835027361E-14));
#9535 = VECTOR('',#9536,1.);
#9536 = DIRECTION('',(0.,-1.));
#9537 = ( GEOMETRIC_REPRESENTATION_CONTEXT(2) 
PARAMETRIC_REPRESENTATION_CONTEXT() REPRESENTATION_CONTEXT('2D SPACE',''
  ) );
#9538 = PCURVE('',#1005,#9539);
#9539 = DEFINITIONAL_REPRESENTATION('',(#9540),#9544);
#9540 = LINE('',#9541,#9542);
#9541 = CARTESIAN_POINT('',(5.497787143782,0.));
#9542 = VECTOR('',#9543,1.);
#9543 = DIRECTION('',(0.,-1.));
#9544 = ( GEOMETRIC_REPRESENTATION_CONTEXT(2) 
PARAMETRIC_REPRESENTATION_CONTEXT() REPRESENTATION_CONTEXT('2D SPACE',''
  ) );
#9545 = ORIENTED_EDGE('',*,*,#1039,.T.);
#9546 = ORIENTED_EDGE('',*,*,#9498,.F.);
#9547 = ORIENTED_EDGE('',*,*,#9378,.T.);
#9548 = ADVANCED_FACE('',(#9549),#1005,.F.);
#9549 = FACE_BOUND('',#9550,.F.);
#9550 = EDGE_LOOP('',(#9551,#9572,#9573,#9574));
#9551 = ORIENTED_EDGE('',*,*,#9552,.T.);
#9552 = EDGE_CURVE('',#9332,#920,#9553,.T.);
#9553 = SURFACE_CURVE('',#9554,(#9558,#9565),.PCURVE_S1.);
#9554 = LINE('',#9555,#9556);
#9555 = CARTESIAN_POINT('',(22.860000810623,5.080000162125,
    -117.461301222));
#9556 = VECTOR('',#9557,1.);
#9557 = DIRECTION('',(-3.944304526105E-31,-5.39845945724E-15,-1.));
#9558 = PCURVE('',#1005,#9559);
#9559 = DEFINITIONAL_REPRESENTATION('',(#9560),#9564);
#9560 = LINE('',#9561,#9562);
#9561 = CARTESIAN_POINT('',(7.068583470577,0.));
#9562 = VECTOR('',#9563,1.);
#9563 = DIRECTION('',(0.,1.));
#9564 = ( GEOMETRIC_REPRESENTATION_CONTEXT(2) 
PARAMETRIC_REPRESENTATION_CONTEXT() REPRESENTATION_CONTEXT('2D SPACE',''
  ) );
#9565 = PCURVE('',#941,#9566);
#9566 = DEFINITIONAL_REPRESENTATION('',(#9567),#9571);
#9567 = LINE('',#9568,#9569);
#9568 = CARTESIAN_POINT('',(2.54,1.001853349631E-30));
#9569 = VECTOR('',#9570,1.);
#9570 = DIRECTION('',(0.,1.));
#9571 = ( GEOMETRIC_REPRESENTATION_CONTEXT(2) 
PARAMETRIC_REPRESENTATION_CONTEXT() REPRESENTATION_CONTEXT('2D SPACE',''
  ) );
#9572 = ORIENTED_EDGE('',*,*,#956,.T.);
#9573 = ORIENTED_EDGE('',*,*,#9525,.T.);
#9574 = ORIENTED_EDGE('',*,*,#9354,.T.);
#9575 = ADVANCED_FACE('',(#9576),#941,.F.);
#9576 = FACE_BOUND('',#9577,.F.);
#9577 = EDGE_LOOP('',(#9578,#9599,#9600,#9601));
#9578 = ORIENTED_EDGE('',*,*,#9579,.F.);
#9579 = EDGE_CURVE('',#843,#9306,#9580,.T.);
#9580 = SURFACE_CURVE('',#9581,(#9585,#9592),.PCURVE_S1.);
#9581 = LINE('',#9582,#9583);
#9582 = CARTESIAN_POINT('',(15.240000405312,5.080000162125,
    -117.461301222));
#9583 = VECTOR('',#9584,1.);
#9584 = DIRECTION('',(3.944304526105E-31,5.39845945724E-15,1.));
#9585 = PCURVE('',#941,#9586);
#9586 = DEFINITIONAL_REPRESENTATION('',(#9587),#9591);
#9587 = LINE('',#9588,#9589);
#9588 = CARTESIAN_POINT('',(10.160000405311,4.00741355839E-30));
#9589 = VECTOR('',#9590,1.);
#9590 = DIRECTION('',(0.,-1.));
#9591 = ( GEOMETRIC_REPRESENTATION_CONTEXT(2) 
PARAMETRIC_REPRESENTATION_CONTEXT() REPRESENTATION_CONTEXT('2D SPACE',''
  ) );
#9592 = PCURVE('',#885,#9593);
#9593 = DEFINITIONAL_REPRESENTATION('',(#9594),#9598);
#9594 = LINE('',#9595,#9596);
#9595 = CARTESIAN_POINT('',(-0.785398163397,0.));
#9596 = VECTOR('',#9597,1.);
#9597 = DIRECTION('',(0.,-1.));
#9598 = ( GEOMETRIC_REPRESENTATION_CONTEXT(2) 
PARAMETRIC_REPRESENTATION_CONTEXT() REPRESENTATION_CONTEXT('2D SPACE',''
  ) );
#9599 = ORIENTED_EDGE('',*,*,#919,.T.);
#9600 = ORIENTED_EDGE('',*,*,#9552,.F.);
#9601 = ORIENTED_EDGE('',*,*,#9331,.T.);
#9602 = ADVANCED_FACE('',(#9603),#885,.F.);
#9603 = FACE_BOUND('',#9604,.F.);
#9604 = EDGE_LOOP('',(#9605,#9626,#9627,#9628));
#9605 = ORIENTED_EDGE('',*,*,#9606,.T.);
#9606 = EDGE_CURVE('',#9308,#807,#9607,.T.);
#9607 = SURFACE_CURVE('',#9608,(#9612,#9619),.PCURVE_S1.);
#9608 = LINE('',#9609,#9610);
#9609 = CARTESIAN_POINT('',(12.700000405312,7.620000162125,
    -117.461301222));
#9610 = VECTOR('',#9611,1.);
#9611 = DIRECTION('',(-3.944304526105E-31,-5.39845945724E-15,-1.));
#9612 = PCURVE('',#885,#9613);
#9613 = DEFINITIONAL_REPRESENTATION('',(#9614),#9618);
#9614 = LINE('',#9615,#9616);
#9615 = CARTESIAN_POINT('',(0.785398163397,0.));
#9616 = VECTOR('',#9617,1.);
#9617 = DIRECTION('',(0.,1.));
#9618 = ( GEOMETRIC_REPRESENTATION_CONTEXT(2) 
PARAMETRIC_REPRESENTATION_CONTEXT() REPRESENTATION_CONTEXT('2D SPACE',''
  ) );
#9619 = PCURVE('',#828,#9620);
#9620 = DEFINITIONAL_REPRESENTATION('',(#9621),#9625);
#9621 = LINE('',#9622,#9623);
#9622 = CARTESIAN_POINT('',(2.54,-1.371208702139E-14));
#9623 = VECTOR('',#9624,1.);
#9624 = DIRECTION('',(0.,1.));
#9625 = ( GEOMETRIC_REPRESENTATION_CONTEXT(2) 
PARAMETRIC_REPRESENTATION_CONTEXT() REPRESENTATION_CONTEXT('2D SPACE',''
  ) );
#9626 = ORIENTED_EDGE('',*,*,#842,.T.);
#9627 = ORIENTED_EDGE('',*,*,#9579,.T.);
#9628 = ORIENTED_EDGE('',*,*,#9305,.T.);
#9629 = ADVANCED_FACE('',(#9630),#828,.F.);
#9630 = FACE_BOUND('',#9631,.F.);
#9631 = EDGE_LOOP('',(#9632,#9633,#9634,#9635));
#9632 = ORIENTED_EDGE('',*,*,#9606,.F.);
#9633 = ORIENTED_EDGE('',*,*,#9447,.T.);
#9634 = ORIENTED_EDGE('',*,*,#9252,.F.);
#9635 = ORIENTED_EDGE('',*,*,#806,.F.);
#9636 = ADVANCED_FACE('',(#9637),#723,.T.);
#9637 = FACE_BOUND('',#9638,.T.);
#9638 = EDGE_LOOP('',(#9639,#9660,#9661,#9682,#9683,#9684));
#9639 = ORIENTED_EDGE('',*,*,#9640,.T.);
#9640 = EDGE_CURVE('',#7926,#626,#9641,.T.);
#9641 = SURFACE_CURVE('',#9642,(#9646,#9653),.PCURVE_S1.);
#9642 = LINE('',#9643,#9644);
#9643 = CARTESIAN_POINT('',(-229.3469628796,278.3859,-99.206965));
#9644 = VECTOR('',#9645,1.);
#9645 = DIRECTION('',(1.,0.,0.));
#9646 = PCURVE('',#723,#9647);
#9647 = DEFINITIONAL_REPRESENTATION('',(#9648),#9652);
#9648 = LINE('',#9649,#9650);
#9649 = CARTESIAN_POINT('',(44.28207,0.));
#9650 = VECTOR('',#9651,1.);
#9651 = DIRECTION('',(0.,1.));
#9652 = ( GEOMETRIC_REPRESENTATION_CONTEXT(2) 
PARAMETRIC_REPRESENTATION_CONTEXT() REPRESENTATION_CONTEXT('2D SPACE',''
  ) );
#9653 = PCURVE('',#373,#9654);
#9654 = DEFINITIONAL_REPRESENTATION('',(#9655),#9659);
#9655 = LINE('',#9656,#9657);
#9656 = CARTESIAN_POINT('',(0.,0.));
#9657 = VECTOR('',#9658,1.);
#9658 = DIRECTION('',(1.,0.));
#9659 = ( GEOMETRIC_REPRESENTATION_CONTEXT(2) 
PARAMETRIC_REPRESENTATION_CONTEXT() REPRESENTATION_CONTEXT('2D SPACE',''
  ) );
#9660 = ORIENTED_EDGE('',*,*,#625,.F.);
#9661 = ORIENTED_EDGE('',*,*,#9662,.T.);
#9662 = EDGE_CURVE('',#592,#4110,#9663,.T.);
#9663 = SURFACE_CURVE('',#9664,(#9668,#9675),.PCURVE_S1.);
#9664 = LINE('',#9665,#9666);
#9665 = CARTESIAN_POINT('',(-229.3469628796,278.3859,-99.206965));
#9666 = VECTOR('',#9667,1.);
#9667 = DIRECTION('',(1.,0.,0.));
#9668 = PCURVE('',#723,#9669);
#9669 = DEFINITIONAL_REPRESENTATION('',(#9670),#9674);
#9670 = LINE('',#9671,#9672);
#9671 = CARTESIAN_POINT('',(44.28207,0.));
#9672 = VECTOR('',#9673,1.);
#9673 = DIRECTION('',(0.,1.));
#9674 = ( GEOMETRIC_REPRESENTATION_CONTEXT(2) 
PARAMETRIC_REPRESENTATION_CONTEXT() REPRESENTATION_CONTEXT('2D SPACE',''
  ) );
#9675 = PCURVE('',#611,#9676);
#9676 = DEFINITIONAL_REPRESENTATION('',(#9677),#9681);
#9677 = LINE('',#9678,#9679);
#9678 = CARTESIAN_POINT('',(0.,0.));
#9679 = VECTOR('',#9680,1.);
#9680 = DIRECTION('',(1.,0.));
#9681 = ( GEOMETRIC_REPRESENTATION_CONTEXT(2) 
PARAMETRIC_REPRESENTATION_CONTEXT() REPRESENTATION_CONTEXT('2D SPACE',''
  ) );
#9682 = ORIENTED_EDGE('',*,*,#4147,.F.);
#9683 = ORIENTED_EDGE('',*,*,#7840,.F.);
#9684 = ORIENTED_EDGE('',*,*,#7925,.F.);
#9685 = ADVANCED_FACE('',(#9686),#611,.F.);
#9686 = FACE_BOUND('',#9687,.F.);
#9687 = EDGE_LOOP('',(#9688,#9689,#9690,#9691,#9692,#9693,#9694,#9695,
    #9696,#9697,#9698,#9699));
#9688 = ORIENTED_EDGE('',*,*,#591,.F.);
#9689 = ORIENTED_EDGE('',*,*,#9662,.T.);
#9690 = ORIENTED_EDGE('',*,*,#4109,.F.);
#9691 = ORIENTED_EDGE('',*,*,#4801,.F.);
#9692 = ORIENTED_EDGE('',*,*,#4974,.T.);
#9693 = ORIENTED_EDGE('',*,*,#5076,.F.);
#9694 = ORIENTED_EDGE('',*,*,#5099,.F.);
#9695 = ORIENTED_EDGE('',*,*,#5450,.F.);
#9696 = ORIENTED_EDGE('',*,*,#5570,.F.);
#9697 = ORIENTED_EDGE('',*,*,#6029,.F.);
#9698 = ORIENTED_EDGE('',*,*,#7682,.F.);
#9699 = ORIENTED_EDGE('',*,*,#9700,.T.);
#9700 = EDGE_CURVE('',#7626,#545,#9701,.T.);
#9701 = SURFACE_CURVE('',#9702,(#9717,#9735),.PCURVE_S1.);
#9702 = B_SPLINE_CURVE_WITH_KNOTS('',4,(#9703,#9704,#9705,#9706,#9707,
    #9708,#9709,#9710,#9711,#9712,#9713,#9714,#9715,#9716),
  .UNSPECIFIED.,.F.,.F.,(5,3,3,3,5),(0.,0.25,0.5,0.75,1.),
  .UNSPECIFIED.);
#9703 = CARTESIAN_POINT('',(-63.43237084528,304.80000972747,-99.206965)
  );
#9704 = CARTESIAN_POINT('',(-63.43237084528,303.21250930181,-99.206965)
  );
#9705 = CARTESIAN_POINT('',(-63.43237084528,301.62500887615,-99.206965)
  );
#9706 = CARTESIAN_POINT('',(-63.43237084528,300.03750845048,-99.206965)
  );
#9707 = CARTESIAN_POINT('',(-63.43237084528,296.86250759915,-99.206965)
  );
#9708 = CARTESIAN_POINT('',(-63.43237084528,295.27500717349,-99.206965)
  );
#9709 = CARTESIAN_POINT('',(-63.43237084528,293.68750674783,-99.206965)
  );
#9710 = CARTESIAN_POINT('',(-63.43237084528,290.5125058965,-99.206965));
#9711 = CARTESIAN_POINT('',(-63.43237084528,288.92500547083,-99.206965)
  );
#9712 = CARTESIAN_POINT('',(-63.43237084528,287.33750504517,-99.206965)
  );
#9713 = CARTESIAN_POINT('',(-63.43237084528,284.16250419384,-99.206965)
  );
#9714 = CARTESIAN_POINT('',(-63.43237084528,282.57500376818,-99.206965)
  );
#9715 = CARTESIAN_POINT('',(-63.43237084528,280.98750334251,-99.206965)
  );
#9716 = CARTESIAN_POINT('',(-63.43237084528,279.40000291685,-99.206965)
  );
#9717 = PCURVE('',#611,#9718);
#9718 = DEFINITIONAL_REPRESENTATION('',(#9719),#9734);
#9719 = B_SPLINE_CURVE_WITH_KNOTS('',4,(#9720,#9721,#9722,#9723,#9724,
    #9725,#9726,#9727,#9728,#9729,#9730,#9731,#9732,#9733),
  .UNSPECIFIED.,.F.,.F.,(5,3,3,3,5),(0.,0.25,0.5,0.75,1.),
  .UNSPECIFIED.);
#9720 = CARTESIAN_POINT('',(165.91459203432,26.41410972747));
#9721 = CARTESIAN_POINT('',(165.91459203432,24.82660930181));
#9722 = CARTESIAN_POINT('',(165.91459203432,23.23910887615));
#9723 = CARTESIAN_POINT('',(165.91459203432,21.65160845048));
#9724 = CARTESIAN_POINT('',(165.91459203432,18.47660759915));
#9725 = CARTESIAN_POINT('',(165.91459203432,16.88910717349));
#9726 = CARTESIAN_POINT('',(165.91459203432,15.30160674783));
#9727 = CARTESIAN_POINT('',(165.91459203432,12.1266058965));
#9728 = CARTESIAN_POINT('',(165.91459203432,10.53910547083));
#9729 = CARTESIAN_POINT('',(165.91459203432,8.95160504517));
#9730 = CARTESIAN_POINT('',(165.91459203432,5.77660419384));
#9731 = CARTESIAN_POINT('',(165.91459203432,4.18910376818));
#9732 = CARTESIAN_POINT('',(165.91459203432,2.60160334251));
#9733 = CARTESIAN_POINT('',(165.91459203432,1.01410291685));
#9734 = ( GEOMETRIC_REPRESENTATION_CONTEXT(2) 
PARAMETRIC_REPRESENTATION_CONTEXT() REPRESENTATION_CONTEXT('2D SPACE',''
  ) );
#9735 = PCURVE('',#567,#9736);
#9736 = DEFINITIONAL_REPRESENTATION('',(#9737),#9741);
#9737 = B_SPLINE_CURVE_WITH_KNOTS('',2,(#9738,#9739,#9740),
  .UNSPECIFIED.,.F.,.F.,(3,3),(0.,0.99999976378),
  .PIECEWISE_BEZIER_KNOTS.);
#9738 = CARTESIAN_POINT('',(0.67994218452,30.480000972748));
#9739 = CARTESIAN_POINT('',(0.67994218452,29.210000932217));
#9740 = CARTESIAN_POINT('',(0.67994218452,27.940000891685));
#9741 = ( GEOMETRIC_REPRESENTATION_CONTEXT(2) 
PARAMETRIC_REPRESENTATION_CONTEXT() REPRESENTATION_CONTEXT('2D SPACE',''
  ) );
#9742 = ADVANCED_FACE('',(#9743),#567,.T.);
#9743 = FACE_BOUND('',#9744,.T.);
#9744 = EDGE_LOOP('',(#9745,#9746,#9771,#9772));
#9745 = ORIENTED_EDGE('',*,*,#544,.F.);
#9746 = ORIENTED_EDGE('',*,*,#9747,.F.);
#9747 = EDGE_CURVE('',#7624,#518,#9748,.T.);
#9748 = SURFACE_CURVE('',#9749,(#9753,#9759),.PCURVE_S1.);
#9749 = LINE('',#9750,#9751);
#9750 = CARTESIAN_POINT('',(-101.5999984741,279.40000891685,0.));
#9751 = VECTOR('',#9752,1.);
#9752 = DIRECTION('',(0.,-1.,0.));
#9753 = PCURVE('',#567,#9754);
#9754 = DEFINITIONAL_REPRESENTATION('',(#9755),#9758);
#9755 = B_SPLINE_CURVE_WITH_KNOTS('',1,(#9756,#9757),.UNSPECIFIED.,.F.,
  .F.,(2,2),(-25.40000081062,0.),.PIECEWISE_BEZIER_KNOTS.);
#9756 = CARTESIAN_POINT('',(1.570796326795,30.480000972748));
#9757 = CARTESIAN_POINT('',(1.570796326795,27.940000891686));
#9758 = ( GEOMETRIC_REPRESENTATION_CONTEXT(2) 
PARAMETRIC_REPRESENTATION_CONTEXT() REPRESENTATION_CONTEXT('2D SPACE',''
  ) );
#9759 = PCURVE('',#9760,#9765);
#9760 = PLANE('',#9761);
#9761 = AXIS2_PLACEMENT_3D('',#9762,#9763,#9764);
#9762 = CARTESIAN_POINT('',(-101.5999984741,0.,0.));
#9763 = DIRECTION('',(-1.,0.,0.));
#9764 = DIRECTION('',(0.,0.,1.));
#9765 = DEFINITIONAL_REPRESENTATION('',(#9766),#9770);
#9766 = LINE('',#9767,#9768);
#9767 = CARTESIAN_POINT('',(0.,279.40000891685));
#9768 = VECTOR('',#9769,1.);
#9769 = DIRECTION('',(0.,-1.));
#9770 = ( GEOMETRIC_REPRESENTATION_CONTEXT(2) 
PARAMETRIC_REPRESENTATION_CONTEXT() REPRESENTATION_CONTEXT('2D SPACE',''
  ) );
#9771 = ORIENTED_EDGE('',*,*,#7623,.T.);
#9772 = ORIENTED_EDGE('',*,*,#9700,.T.);
#9773 = ADVANCED_FACE('',(#9774,#9844),#9760,.T.);
#9774 = FACE_BOUND('',#9775,.T.);
#9775 = EDGE_LOOP('',(#9776,#9777,#9800,#9823));
#9776 = ORIENTED_EDGE('',*,*,#9747,.T.);
#9777 = ORIENTED_EDGE('',*,*,#9778,.F.);
#9778 = EDGE_CURVE('',#9779,#518,#9781,.T.);
#9779 = VERTEX_POINT('',#9780);
#9780 = CARTESIAN_POINT('',(-101.5999984741,279.40000891685,
    38.100001215935));
#9781 = SURFACE_CURVE('',#9782,(#9786,#9793),.PCURVE_S1.);
#9782 = LINE('',#9783,#9784);
#9783 = CARTESIAN_POINT('',(-101.5999984741,279.40000891685,
    38.100001215935));
#9784 = VECTOR('',#9785,1.);
#9785 = DIRECTION('',(0.,0.,-1.));
#9786 = PCURVE('',#9760,#9787);
#9787 = DEFINITIONAL_REPRESENTATION('',(#9788),#9792);
#9788 = LINE('',#9789,#9790);
#9789 = CARTESIAN_POINT('',(38.100001215935,279.40000891685));
#9790 = VECTOR('',#9791,1.);
#9791 = DIRECTION('',(-1.,0.));
#9792 = ( GEOMETRIC_REPRESENTATION_CONTEXT(2) 
PARAMETRIC_REPRESENTATION_CONTEXT() REPRESENTATION_CONTEXT('2D SPACE',''
  ) );
#9793 = PCURVE('',#532,#9794);
#9794 = DEFINITIONAL_REPRESENTATION('',(#9795),#9799);
#9795 = LINE('',#9796,#9797);
#9796 = CARTESIAN_POINT('',(38.100001215935,279.40000891685));
#9797 = VECTOR('',#9798,1.);
#9798 = DIRECTION('',(-1.,0.));
#9799 = ( GEOMETRIC_REPRESENTATION_CONTEXT(2) 
PARAMETRIC_REPRESENTATION_CONTEXT() REPRESENTATION_CONTEXT('2D SPACE',''
  ) );
#9800 = ORIENTED_EDGE('',*,*,#9801,.F.);
#9801 = EDGE_CURVE('',#9802,#9779,#9804,.T.);
#9802 = VERTEX_POINT('',#9803);
#9803 = CARTESIAN_POINT('',(-101.5999984741,304.80000972747,
    38.100001215935));
#9804 = SURFACE_CURVE('',#9805,(#9809,#9816),.PCURVE_S1.);
#9805 = LINE('',#9806,#9807);
#9806 = CARTESIAN_POINT('',(-101.5999984741,304.80000972747,
    38.100001215935));
#9807 = VECTOR('',#9808,1.);
#9808 = DIRECTION('',(0.,-1.,0.));
#9809 = PCURVE('',#9760,#9810);
#9810 = DEFINITIONAL_REPRESENTATION('',(#9811),#9815);
#9811 = LINE('',#9812,#9813);
#9812 = CARTESIAN_POINT('',(38.100001215935,304.80000972747));
#9813 = VECTOR('',#9814,1.);
#9814 = DIRECTION('',(0.,-1.));
#9815 = ( GEOMETRIC_REPRESENTATION_CONTEXT(2) 
PARAMETRIC_REPRESENTATION_CONTEXT() REPRESENTATION_CONTEXT('2D SPACE',''
  ) );
#9816 = PCURVE('',#532,#9817);
#9817 = DEFINITIONAL_REPRESENTATION('',(#9818),#9822);
#9818 = LINE('',#9819,#9820);
#9819 = CARTESIAN_POINT('',(38.100001215935,304.80000972747));
#9820 = VECTOR('',#9821,1.);
#9821 = DIRECTION('',(0.,-1.));
#9822 = ( GEOMETRIC_REPRESENTATION_CONTEXT(2) 
PARAMETRIC_REPRESENTATION_CONTEXT() REPRESENTATION_CONTEXT('2D SPACE',''
  ) );
#9823 = ORIENTED_EDGE('',*,*,#9824,.F.);
#9824 = EDGE_CURVE('',#7624,#9802,#9825,.T.);
#9825 = SURFACE_CURVE('',#9826,(#9830,#9837),.PCURVE_S1.);
#9826 = LINE('',#9827,#9828);
#9827 = CARTESIAN_POINT('',(-101.5999984741,304.80000972747,
    12.700000405312));
#9828 = VECTOR('',#9829,1.);
#9829 = DIRECTION('',(0.,0.,1.));
#9830 = PCURVE('',#9760,#9831);
#9831 = DEFINITIONAL_REPRESENTATION('',(#9832),#9836);
#9832 = LINE('',#9833,#9834);
#9833 = CARTESIAN_POINT('',(12.700000405312,304.80000972747));
#9834 = VECTOR('',#9835,1.);
#9835 = DIRECTION('',(1.,0.));
#9836 = ( GEOMETRIC_REPRESENTATION_CONTEXT(2) 
PARAMETRIC_REPRESENTATION_CONTEXT() REPRESENTATION_CONTEXT('2D SPACE',''
  ) );
#9837 = PCURVE('',#532,#9838);
#9838 = DEFINITIONAL_REPRESENTATION('',(#9839),#9843);
#9839 = LINE('',#9840,#9841);
#9840 = CARTESIAN_POINT('',(12.700000405312,304.80000972747));
#9841 = VECTOR('',#9842,1.);
#9842 = DIRECTION('',(1.,0.));
#9843 = ( GEOMETRIC_REPRESENTATION_CONTEXT(2) 
PARAMETRIC_REPRESENTATION_CONTEXT() REPRESENTATION_CONTEXT('2D SPACE',''
  ) );
#9844 = FACE_BOUND('',#9845,.T.);
#9845 = EDGE_LOOP('',(#9846));
#9846 = ORIENTED_EDGE('',*,*,#9847,.T.);
#9847 = EDGE_CURVE('',#9848,#9848,#9850,.T.);
#9848 = VERTEX_POINT('',#9849);
#9849 = CARTESIAN_POINT('',(-101.5999984741,299.48887194307,
    18.320660162328));
#9850 = SURFACE_CURVE('',#9851,(#9856,#9867),.PCURVE_S1.);
#9851 = CIRCLE('',#9852,7.62);
#9852 = AXIS2_PLACEMENT_3D('',#9853,#9854,#9855);
#9853 = CARTESIAN_POINT('',(-101.5999984741,291.86887194307,
    18.320660162328));
#9854 = DIRECTION('',(1.,0.,0.));
#9855 = DIRECTION('',(0.,-1.,0.));
#9856 = PCURVE('',#9760,#9857);
#9857 = DEFINITIONAL_REPRESENTATION('',(#9858),#9866);
#9858 = ( BOUNDED_CURVE() B_SPLINE_CURVE(2,(#9859,#9860,#9861,#9862,
#9863,#9864,#9865),.UNSPECIFIED.,.T.,.F.) B_SPLINE_CURVE_WITH_KNOTS((1,2
    ,2,2,2,1),(-2.094395102393,0.,2.094395102393,4.188790204786,
6.28318530718,8.377580409573),.UNSPECIFIED.) CURVE() 
GEOMETRIC_REPRESENTATION_ITEM() RATIONAL_B_SPLINE_CURVE((1.,0.5,1.,0.5,
1.,0.5,1.)) REPRESENTATION_ITEM('') );
#9859 = CARTESIAN_POINT('',(18.320660162328,284.24887194307));
#9860 = CARTESIAN_POINT('',(5.122433008653,284.24887194307));
#9861 = CARTESIAN_POINT('',(11.721546585491,295.67887194307));
#9862 = CARTESIAN_POINT('',(18.320660162328,307.10887194307));
#9863 = CARTESIAN_POINT('',(24.919773739165,295.67887194307));
#9864 = CARTESIAN_POINT('',(31.518887316003,284.24887194307));
#9865 = CARTESIAN_POINT('',(18.320660162328,284.24887194307));
#9866 = ( GEOMETRIC_REPRESENTATION_CONTEXT(2) 
PARAMETRIC_REPRESENTATION_CONTEXT() REPRESENTATION_CONTEXT('2D SPACE',''
  ) );
#9867 = PCURVE('',#9868,#9873);
#9868 = CYLINDRICAL_SURFACE('',#9869,7.62);
#9869 = AXIS2_PLACEMENT_3D('',#9870,#9871,#9872);
#9870 = CARTESIAN_POINT('',(-111.7599984741,291.86887194307,
    18.320660162328));
#9871 = DIRECTION('',(1.,0.,0.));
#9872 = DIRECTION('',(0.,-1.,0.));
#9873 = DEFINITIONAL_REPRESENTATION('',(#9874),#9878);
#9874 = LINE('',#9875,#9876);
#9875 = CARTESIAN_POINT('',(-6.28318530718,10.16));
#9876 = VECTOR('',#9877,1.);
#9877 = DIRECTION('',(1.,0.));
#9878 = ( GEOMETRIC_REPRESENTATION_CONTEXT(2) 
PARAMETRIC_REPRESENTATION_CONTEXT() REPRESENTATION_CONTEXT('2D SPACE',''
  ) );
#9879 = ADVANCED_FACE('',(#9880),#9868,.F.);
#9880 = FACE_BOUND('',#9881,.F.);
#9881 = EDGE_LOOP('',(#9882,#9905,#9932,#9933));
#9882 = ORIENTED_EDGE('',*,*,#9883,.T.);
#9883 = EDGE_CURVE('',#9848,#9884,#9886,.T.);
#9884 = VERTEX_POINT('',#9885);
#9885 = CARTESIAN_POINT('',(-96.51999847412,299.48887194307,
    18.320660162328));
#9886 = SEAM_CURVE('',#9887,(#9891,#9898),.PCURVE_S1.);
#9887 = LINE('',#9888,#9889);
#9888 = CARTESIAN_POINT('',(-111.7599984741,299.48887194307,
    18.320660162328));
#9889 = VECTOR('',#9890,1.);
#9890 = DIRECTION('',(1.,0.,0.));
#9891 = PCURVE('',#9868,#9892);
#9892 = DEFINITIONAL_REPRESENTATION('',(#9893),#9897);
#9893 = LINE('',#9894,#9895);
#9894 = CARTESIAN_POINT('',(3.141592653589,0.));
#9895 = VECTOR('',#9896,1.);
#9896 = DIRECTION('',(0.,1.));
#9897 = ( GEOMETRIC_REPRESENTATION_CONTEXT(2) 
PARAMETRIC_REPRESENTATION_CONTEXT() REPRESENTATION_CONTEXT('2D SPACE',''
  ) );
#9898 = PCURVE('',#9868,#9899);
#9899 = DEFINITIONAL_REPRESENTATION('',(#9900),#9904);
#9900 = LINE('',#9901,#9902);
#9901 = CARTESIAN_POINT('',(-3.141592653589,0.));
#9902 = VECTOR('',#9903,1.);
#9903 = DIRECTION('',(0.,1.));
#9904 = ( GEOMETRIC_REPRESENTATION_CONTEXT(2) 
PARAMETRIC_REPRESENTATION_CONTEXT() REPRESENTATION_CONTEXT('2D SPACE',''
  ) );
#9905 = ORIENTED_EDGE('',*,*,#9906,.F.);
#9906 = EDGE_CURVE('',#9884,#9884,#9907,.T.);
#9907 = SURFACE_CURVE('',#9908,(#9913,#9920),.PCURVE_S1.);
#9908 = CIRCLE('',#9909,7.62);
#9909 = AXIS2_PLACEMENT_3D('',#9910,#9911,#9912);
#9910 = CARTESIAN_POINT('',(-96.51999847412,291.86887194307,
    18.320660162328));
#9911 = DIRECTION('',(1.,0.,0.));
#9912 = DIRECTION('',(0.,-1.,0.));
#9913 = PCURVE('',#9868,#9914);
#9914 = DEFINITIONAL_REPRESENTATION('',(#9915),#9919);
#9915 = LINE('',#9916,#9917);
#9916 = CARTESIAN_POINT('',(-6.28318530718,15.24));
#9917 = VECTOR('',#9918,1.);
#9918 = DIRECTION('',(1.,0.));
#9919 = ( GEOMETRIC_REPRESENTATION_CONTEXT(2) 
PARAMETRIC_REPRESENTATION_CONTEXT() REPRESENTATION_CONTEXT('2D SPACE',''
  ) );
#9920 = PCURVE('',#9921,#9926);
#9921 = CONICAL_SURFACE('',#9922,3.81,1.029744258677);
#9922 = AXIS2_PLACEMENT_3D('',#9923,#9924,#9925);
#9923 = CARTESIAN_POINT('',(-94.23071951562,291.86887194307,
    18.320660162328));
#9924 = DIRECTION('',(-1.,0.,0.));
#9925 = DIRECTION('',(0.,-1.,0.));
#9926 = DEFINITIONAL_REPRESENTATION('',(#9927),#9931);
#9927 = LINE('',#9928,#9929);
#9928 = CARTESIAN_POINT('',(6.28318530718,2.289278958495));
#9929 = VECTOR('',#9930,1.);
#9930 = DIRECTION('',(-1.,0.));
#9931 = ( GEOMETRIC_REPRESENTATION_CONTEXT(2) 
PARAMETRIC_REPRESENTATION_CONTEXT() REPRESENTATION_CONTEXT('2D SPACE',''
  ) );
#9932 = ORIENTED_EDGE('',*,*,#9883,.F.);
#9933 = ORIENTED_EDGE('',*,*,#9847,.T.);
#9934 = ADVANCED_FACE('',(#9935),#9921,.F.);
#9935 = FACE_BOUND('',#9936,.F.);
#9936 = EDGE_LOOP('',(#9937,#10004,#10005));
#9937 = ORIENTED_EDGE('',*,*,#9938,.T.);
#9938 = EDGE_CURVE('',#9939,#9884,#9941,.T.);
#9939 = VERTEX_POINT('',#9940);
#9940 = CARTESIAN_POINT('',(-91.94144055713,291.86887194307,
    18.320660162328));
#9941 = SEAM_CURVE('',#9942,(#9946,#9975),.PCURVE_S1.);
#9942 = LINE('',#9943,#9944);
#9943 = CARTESIAN_POINT('',(-94.23071951562,295.67887194307,
    18.320660162328));
#9944 = VECTOR('',#9945,1.);
#9945 = DIRECTION('',(-0.51503807491,0.857167300702,-1.049727191139E-16)
  );
#9946 = PCURVE('',#9921,#9947);
#9947 = DEFINITIONAL_REPRESENTATION('',(#9948),#9974);
#9948 = B_SPLINE_CURVE_WITH_KNOTS('',3,(#9949,#9950,#9951,#9952,#9953,
    #9954,#9955,#9956,#9957,#9958,#9959,#9960,#9961,#9962,#9963,#9964,
    #9965,#9966,#9967,#9968,#9969,#9970,#9971,#9972,#9973),
  .UNSPECIFIED.,.F.,.F.,(4,1,1,1,1,1,1,1,1,1,1,1,1,1,1,1,1,1,1,1,1,1,4),
  (-4.44487324339,-4.040793857628,-3.636714471865,-3.232635086102,
    -2.828555700339,-2.424476314577,-2.020396928814,-1.616317543051,
    -1.212238157288,-0.808158771526,-0.404079385763,0.,0.404079385763,
    0.808158771526,1.212238157288,1.616317543051,2.020396928814,
    2.424476314577,2.828555700339,3.232635086102,3.636714471865,
    4.040793857628,4.44487324339),.UNSPECIFIED.);
#9949 = CARTESIAN_POINT('',(3.14159265359,-2.289278958495));
#9950 = CARTESIAN_POINT('',(3.14159265359,-2.219906868844));
#9951 = CARTESIAN_POINT('',(3.14159265359,-2.081162689541));
#9952 = CARTESIAN_POINT('',(3.14159265359,-1.873046420587));
#9953 = CARTESIAN_POINT('',(3.14159265359,-1.664930151633));
#9954 = CARTESIAN_POINT('',(3.14159265359,-1.456813882679));
#9955 = CARTESIAN_POINT('',(3.14159265359,-1.248697613725));
#9956 = CARTESIAN_POINT('',(3.14159265359,-1.04058134477));
#9957 = CARTESIAN_POINT('',(3.14159265359,-0.832465075816));
#9958 = CARTESIAN_POINT('',(3.14159265359,-0.624348806862));
#9959 = CARTESIAN_POINT('',(3.14159265359,-0.416232537908));
#9960 = CARTESIAN_POINT('',(3.14159265359,-0.208116268954));
#9961 = CARTESIAN_POINT('',(3.14159265359,9.537649843411E-16));
#9962 = CARTESIAN_POINT('',(3.14159265359,0.208116268954));
#9963 = CARTESIAN_POINT('',(3.14159265359,0.416232537908));
#9964 = CARTESIAN_POINT('',(3.14159265359,0.624348806862));
#9965 = CARTESIAN_POINT('',(3.14159265359,0.832465075816));
#9966 = CARTESIAN_POINT('',(3.14159265359,1.04058134477));
#9967 = CARTESIAN_POINT('',(3.14159265359,1.248697613725));
#9968 = CARTESIAN_POINT('',(3.14159265359,1.456813882679));
#9969 = CARTESIAN_POINT('',(3.14159265359,1.664930151633));
#9970 = CARTESIAN_POINT('',(3.14159265359,1.873046420587));
#9971 = CARTESIAN_POINT('',(3.14159265359,2.081162689541));
#9972 = CARTESIAN_POINT('',(3.14159265359,2.219906868844));
#9973 = CARTESIAN_POINT('',(3.14159265359,2.289278958495));
#9974 = ( GEOMETRIC_REPRESENTATION_CONTEXT(2) 
PARAMETRIC_REPRESENTATION_CONTEXT() REPRESENTATION_CONTEXT('2D SPACE',''
  ) );
#9975 = PCURVE('',#9921,#9976);
#9976 = DEFINITIONAL_REPRESENTATION('',(#9977),#10003);
#9977 = B_SPLINE_CURVE_WITH_KNOTS('',3,(#9978,#9979,#9980,#9981,#9982,
    #9983,#9984,#9985,#9986,#9987,#9988,#9989,#9990,#9991,#9992,#9993,
    #9994,#9995,#9996,#9997,#9998,#9999,#10000,#10001,#10002),
  .UNSPECIFIED.,.F.,.F.,(4,1,1,1,1,1,1,1,1,1,1,1,1,1,1,1,1,1,1,1,1,1,4),
  (-4.44487324339,-4.040793857628,-3.636714471865,-3.232635086102,
    -2.828555700339,-2.424476314577,-2.020396928814,-1.616317543051,
    -1.212238157288,-0.808158771526,-0.404079385763,0.,0.404079385763,
    0.808158771526,1.212238157288,1.616317543051,2.020396928814,
    2.424476314577,2.828555700339,3.232635086102,3.636714471865,
    4.040793857628,4.44487324339),.UNSPECIFIED.);
#9978 = CARTESIAN_POINT('',(-3.14159265359,-2.289278958495));
#9979 = CARTESIAN_POINT('',(-3.14159265359,-2.219906868844));
#9980 = CARTESIAN_POINT('',(-3.14159265359,-2.081162689541));
#9981 = CARTESIAN_POINT('',(-3.14159265359,-1.873046420587));
#9982 = CARTESIAN_POINT('',(-3.14159265359,-1.664930151633));
#9983 = CARTESIAN_POINT('',(-3.14159265359,-1.456813882679));
#9984 = CARTESIAN_POINT('',(-3.14159265359,-1.248697613725));
#9985 = CARTESIAN_POINT('',(-3.14159265359,-1.04058134477));
#9986 = CARTESIAN_POINT('',(-3.14159265359,-0.832465075816));
#9987 = CARTESIAN_POINT('',(-3.14159265359,-0.624348806862));
#9988 = CARTESIAN_POINT('',(-3.14159265359,-0.416232537908));
#9989 = CARTESIAN_POINT('',(-3.14159265359,-0.208116268954));
#9990 = CARTESIAN_POINT('',(-3.14159265359,9.537649843411E-16));
#9991 = CARTESIAN_POINT('',(-3.14159265359,0.208116268954));
#9992 = CARTESIAN_POINT('',(-3.14159265359,0.416232537908));
#9993 = CARTESIAN_POINT('',(-3.14159265359,0.624348806862));
#9994 = CARTESIAN_POINT('',(-3.14159265359,0.832465075816));
#9995 = CARTESIAN_POINT('',(-3.14159265359,1.04058134477));
#9996 = CARTESIAN_POINT('',(-3.14159265359,1.248697613725));
#9997 = CARTESIAN_POINT('',(-3.14159265359,1.456813882679));
#9998 = CARTESIAN_POINT('',(-3.14159265359,1.664930151633));
#9999 = CARTESIAN_POINT('',(-3.14159265359,1.873046420587));
#10000 = CARTESIAN_POINT('',(-3.14159265359,2.081162689541));
#10001 = CARTESIAN_POINT('',(-3.14159265359,2.219906868844));
#10002 = CARTESIAN_POINT('',(-3.14159265359,2.289278958495));
#10003 = ( GEOMETRIC_REPRESENTATION_CONTEXT(2) 
PARAMETRIC_REPRESENTATION_CONTEXT() REPRESENTATION_CONTEXT('2D SPACE',''
  ) );
#10004 = ORIENTED_EDGE('',*,*,#9906,.T.);
#10005 = ORIENTED_EDGE('',*,*,#9938,.F.);
#10006 = ADVANCED_FACE('',(#10007),#532,.T.);
#10007 = FACE_BOUND('',#10008,.T.);
#10008 = EDGE_LOOP('',(#10009,#10030,#10031,#10032,#10033,#10034,#10035,
    #10036));
#10009 = ORIENTED_EDGE('',*,*,#10010,.F.);
#10010 = EDGE_CURVE('',#6111,#467,#10011,.T.);
#10011 = SURFACE_CURVE('',#10012,(#10016,#10023),.PCURVE_S1.);
#10012 = LINE('',#10013,#10014);
#10013 = CARTESIAN_POINT('',(-101.5999984741,0.,101.59999809265));
#10014 = VECTOR('',#10015,1.);
#10015 = DIRECTION('',(0.,0.,-1.));
#10016 = PCURVE('',#532,#10017);
#10017 = DEFINITIONAL_REPRESENTATION('',(#10018),#10022);
#10018 = LINE('',#10019,#10020);
#10019 = CARTESIAN_POINT('',(101.59999809265,0.));
#10020 = VECTOR('',#10021,1.);
#10021 = DIRECTION('',(-1.,0.));
#10022 = ( GEOMETRIC_REPRESENTATION_CONTEXT(2) 
PARAMETRIC_REPRESENTATION_CONTEXT() REPRESENTATION_CONTEXT('2D SPACE',''
  ) );
#10023 = PCURVE('',#505,#10024);
#10024 = DEFINITIONAL_REPRESENTATION('',(#10025),#10029);
#10025 = LINE('',#10026,#10027);
#10026 = CARTESIAN_POINT('',(-101.5999984741,-101.5999980926));
#10027 = VECTOR('',#10028,1.);
#10028 = DIRECTION('',(0.,1.));
#10029 = ( GEOMETRIC_REPRESENTATION_CONTEXT(2) 
PARAMETRIC_REPRESENTATION_CONTEXT() REPRESENTATION_CONTEXT('2D SPACE',''
  ) );
#10030 = ORIENTED_EDGE('',*,*,#6232,.T.);
#10031 = ORIENTED_EDGE('',*,*,#5628,.F.);
#10032 = ORIENTED_EDGE('',*,*,#7661,.F.);
#10033 = ORIENTED_EDGE('',*,*,#9824,.T.);
#10034 = ORIENTED_EDGE('',*,*,#9801,.T.);
#10035 = ORIENTED_EDGE('',*,*,#9778,.T.);
#10036 = ORIENTED_EDGE('',*,*,#517,.F.);
#10037 = ADVANCED_FACE('',(#10038),#505,.F.);
#10038 = FACE_BOUND('',#10039,.T.);
#10039 = EDGE_LOOP('',(#10040,#10041,#10042,#10043,#10064,#10065));
#10040 = ORIENTED_EDGE('',*,*,#6110,.F.);
#10041 = ORIENTED_EDGE('',*,*,#10010,.T.);
#10042 = ORIENTED_EDGE('',*,*,#466,.F.);
#10043 = ORIENTED_EDGE('',*,*,#10044,.T.);
#10044 = EDGE_CURVE('',#445,#8474,#10045,.T.);
#10045 = SURFACE_CURVE('',#10046,(#10050,#10057),.PCURVE_S1.);
#10046 = LINE('',#10047,#10048);
#10047 = CARTESIAN_POINT('',(101.59999847412,0.,0.));
#10048 = VECTOR('',#10049,1.);
#10049 = DIRECTION('',(0.,0.,1.));
#10050 = PCURVE('',#505,#10051);
#10051 = DEFINITIONAL_REPRESENTATION('',(#10052),#10056);
#10052 = LINE('',#10053,#10054);
#10053 = CARTESIAN_POINT('',(101.59999847412,0.));
#10054 = VECTOR('',#10055,1.);
#10055 = DIRECTION('',(0.,-1.));
#10056 = ( GEOMETRIC_REPRESENTATION_CONTEXT(2) 
PARAMETRIC_REPRESENTATION_CONTEXT() REPRESENTATION_CONTEXT('2D SPACE',''
  ) );
#10057 = PCURVE('',#203,#10058);
#10058 = DEFINITIONAL_REPRESENTATION('',(#10059),#10063);
#10059 = LINE('',#10060,#10061);
#10060 = CARTESIAN_POINT('',(101.59999809265,0.));
#10061 = VECTOR('',#10062,1.);
#10062 = DIRECTION('',(-1.,0.));
#10063 = ( GEOMETRIC_REPRESENTATION_CONTEXT(2) 
PARAMETRIC_REPRESENTATION_CONTEXT() REPRESENTATION_CONTEXT('2D SPACE',''
  ) );
#10064 = ORIENTED_EDGE('',*,*,#8473,.F.);
#10065 = ORIENTED_EDGE('',*,*,#6278,.T.);
#10066 = ADVANCED_FACE('',(#10067),#373,.F.);
#10067 = FACE_BOUND('',#10068,.F.);
#10068 = EDGE_LOOP('',(#10069,#10070,#10071,#10072,#10099,#10100,#10101,
    #10102,#10103,#10104,#10105,#10106));
#10069 = ORIENTED_EDGE('',*,*,#9640,.T.);
#10070 = ORIENTED_EDGE('',*,*,#776,.T.);
#10071 = ORIENTED_EDGE('',*,*,#346,.F.);
#10072 = ORIENTED_EDGE('',*,*,#10073,.T.);
#10073 = EDGE_CURVE('',#347,#5758,#10074,.T.);
#10074 = SURFACE_CURVE('',#10075,(#10081,#10090),.PCURVE_S1.);
#10075 = B_SPLINE_CURVE_WITH_KNOTS('',4,(#10076,#10077,#10078,#10079,
    #10080),.UNSPECIFIED.,.F.,.F.,(5,5),(0.,1.),
  .PIECEWISE_BEZIER_KNOTS.);
#10076 = CARTESIAN_POINT('',(63.432370845288,278.3859,-99.206965));
#10077 = CARTESIAN_POINT('',(63.432370845288,297.68942649999,-99.206965)
  );
#10078 = CARTESIAN_POINT('',(63.432370845288,316.992953,-99.206965));
#10079 = CARTESIAN_POINT('',(63.432370845288,336.29647949999,-99.206965)
  );
#10080 = CARTESIAN_POINT('',(63.432370845288,355.600006,-99.206965));
#10081 = PCURVE('',#373,#10082);
#10082 = DEFINITIONAL_REPRESENTATION('',(#10083),#10089);
#10083 = B_SPLINE_CURVE_WITH_KNOTS('',4,(#10084,#10085,#10086,#10087,
    #10088),.UNSPECIFIED.,.F.,.F.,(5,5),(0.,1.),
  .PIECEWISE_BEZIER_KNOTS.);
#10084 = CARTESIAN_POINT('',(292.77933372488,0.));
#10085 = CARTESIAN_POINT('',(292.77933372488,19.30352649999));
#10086 = CARTESIAN_POINT('',(292.77933372488,38.607053));
#10087 = CARTESIAN_POINT('',(292.77933372488,57.91057949999));
#10088 = CARTESIAN_POINT('',(292.77933372488,77.214106));
#10089 = ( GEOMETRIC_REPRESENTATION_CONTEXT(2) 
PARAMETRIC_REPRESENTATION_CONTEXT() REPRESENTATION_CONTEXT('2D SPACE',''
  ) );
#10090 = PCURVE('',#417,#10091);
#10091 = DEFINITIONAL_REPRESENTATION('',(#10092),#10098);
#10092 = B_SPLINE_CURVE_WITH_KNOTS('',4,(#10093,#10094,#10095,#10096,
    #10097),.UNSPECIFIED.,.F.,.F.,(5,5),(0.,1.),
  .PIECEWISE_BEZIER_KNOTS.);
#10093 = CARTESIAN_POINT('',(-0.67994218452,27.83859));
#10094 = CARTESIAN_POINT('',(-0.67994218452,29.76894265));
#10095 = CARTESIAN_POINT('',(-0.67994218452,31.699295300001));
#10096 = CARTESIAN_POINT('',(-0.67994218452,33.62964795));
#10097 = CARTESIAN_POINT('',(-0.67994218452,35.5600006));
#10098 = ( GEOMETRIC_REPRESENTATION_CONTEXT(2) 
PARAMETRIC_REPRESENTATION_CONTEXT() REPRESENTATION_CONTEXT('2D SPACE',''
  ) );
#10099 = ORIENTED_EDGE('',*,*,#5803,.F.);
#10100 = ORIENTED_EDGE('',*,*,#6372,.T.);
#10101 = ORIENTED_EDGE('',*,*,#6509,.T.);
#10102 = ORIENTED_EDGE('',*,*,#7010,.F.);
#10103 = ORIENTED_EDGE('',*,*,#7033,.F.);
#10104 = ORIENTED_EDGE('',*,*,#7317,.F.);
#10105 = ORIENTED_EDGE('',*,*,#7132,.F.);
#10106 = ORIENTED_EDGE('',*,*,#7999,.T.);
#10107 = ADVANCED_FACE('',(#10108),#417,.T.);
#10108 = FACE_BOUND('',#10109,.T.);
#10109 = EDGE_LOOP('',(#10110,#10130,#10131,#10132));
#10110 = ORIENTED_EDGE('',*,*,#10111,.F.);
#10111 = EDGE_CURVE('',#216,#5735,#10112,.T.);
#10112 = SURFACE_CURVE('',#10113,(#10117,#10123),.PCURVE_S1.);
#10113 = LINE('',#10114,#10115);
#10114 = CARTESIAN_POINT('',(101.59999847412,0.,2.042315734417E-14));
#10115 = VECTOR('',#10116,1.);
#10116 = DIRECTION('',(0.,1.,0.));
#10117 = PCURVE('',#417,#10118);
#10118 = DEFINITIONAL_REPRESENTATION('',(#10119),#10122);
#10119 = B_SPLINE_CURVE_WITH_KNOTS('',1,(#10120,#10121),.UNSPECIFIED.,
  .F.,.F.,(2,2),(0.,355.6),.PIECEWISE_BEZIER_KNOTS.);
#10120 = CARTESIAN_POINT('',(-1.570796326795,1.065120710565E-16));
#10121 = CARTESIAN_POINT('',(-1.570796326795,35.56));
#10122 = ( GEOMETRIC_REPRESENTATION_CONTEXT(2) 
PARAMETRIC_REPRESENTATION_CONTEXT() REPRESENTATION_CONTEXT('2D SPACE',''
  ) );
#10123 = PCURVE('',#203,#10124);
#10124 = DEFINITIONAL_REPRESENTATION('',(#10125),#10129);
#10125 = LINE('',#10126,#10127);
#10126 = CARTESIAN_POINT('',(101.59999809265,0.));
#10127 = VECTOR('',#10128,1.);
#10128 = DIRECTION('',(0.,1.));
#10129 = ( GEOMETRIC_REPRESENTATION_CONTEXT(2) 
PARAMETRIC_REPRESENTATION_CONTEXT() REPRESENTATION_CONTEXT('2D SPACE',''
  ) );
#10130 = ORIENTED_EDGE('',*,*,#396,.F.);
#10131 = ORIENTED_EDGE('',*,*,#10073,.T.);
#10132 = ORIENTED_EDGE('',*,*,#5757,.F.);
#10133 = ADVANCED_FACE('',(#10134),#203,.T.);
#10134 = FACE_BOUND('',#10135,.T.);
#10135 = EDGE_LOOP('',(#10136,#10137,#10138,#10139,#10140,#10141,#10142,
    #10143));
#10136 = ORIENTED_EDGE('',*,*,#10044,.F.);
#10137 = ORIENTED_EDGE('',*,*,#444,.T.);
#10138 = ORIENTED_EDGE('',*,*,#185,.T.);
#10139 = ORIENTED_EDGE('',*,*,#271,.F.);
#10140 = ORIENTED_EDGE('',*,*,#248,.F.);
#10141 = ORIENTED_EDGE('',*,*,#10111,.T.);
#10142 = ORIENTED_EDGE('',*,*,#5734,.F.);
#10143 = ORIENTED_EDGE('',*,*,#8497,.F.);
#10144 = ( GEOMETRIC_REPRESENTATION_CONTEXT(3) 
GLOBAL_UNCERTAINTY_ASSIGNED_CONTEXT((#10148)) 
GLOBAL_UNIT_ASSIGNED_CONTEXT((#10145,#10146,#10147)) 
REPRESENTATION_CONTEXT('Context #1',
  '3D Context with UNIT and UNCERTAINTY') );
#10145 = ( LENGTH_UNIT() NAMED_UNIT(*) SI_UNIT(.MILLI.,.METRE.) );
#10146 = ( NAMED_UNIT(*) PLANE_ANGLE_UNIT() SI_UNIT($,.RADIAN.) );
#10147 = ( NAMED_UNIT(*) SI_UNIT($,.STERADIAN.) SOLID_ANGLE_UNIT() );
#10148 = UNCERTAINTY_MEASURE_WITH_UNIT(LENGTH_MEASURE(2.E-05),#10145,
  'distance_accuracy_value','confusion accuracy');
#10149 = PRODUCT_RELATED_PRODUCT_CATEGORY('part',$,(#7));
ENDSEC;
END-ISO-10303-21;
