ISO-10303-21;
HEADER;
FILE_DESCRIPTION(('Open CASCADE Model'),'2;1');
FILE_NAME('Open CASCADE Shape Model','2026-08-19T17:00:46',('Author'),(
    'Open CASCADE'),'Open CASCADE STEP processor 7.9','Open CASCADE 7.9'
  ,'Unknown');
FILE_SCHEMA(('AUTOMOTIVE_DESIGN { 1 0 10303 214 1 1 1 1 }'));
ENDSEC;
DATA;
#1 = APPLICATION_PROTOCOL_DEFINITION('international standard',
  'automotive_design',2000,#2);
#2 = APPLICATION_CONTEXT(
  'core data for automotive mechanical design processes');
#3 = SHAPE_DEFINITION_REPRESENTATION(#4,#10);
#4 = PRODUCT_DEFINITION_SHAPE('','',#5);
#5 = PRODUCT_DEFINITION('design','',#6,#9);
#6 = PRODUCT_DEFINITION_FORMATION('','',#7);
#7 = PRODUCT('Open CASCADE STEP translator 7.9 1',
  'Open CASCADE STEP translator 7.9 1','',(#8));
#8 = PRODUCT_CONTEXT('',#2,'mechanical');
#9 = PRODUCT_DEFINITION_CONTEXT('part definition',#2,'design');
#10 = ADVANCED_BREP_SHAPE_REPRESENTATION('',(#11,#15),#11504);
#11 = AXIS2_PLACEMENT_3D('',#12,#13,#14);
#12 = CARTESIAN_POINT('',(0.,0.,0.));
#13 = DIRECTION('',(0.,0.,1.));
#14 = DIRECTION('',(1.,0.,-0.));
#15 = BREP_WITH_VOIDS('',#16,(#10423));
#16 = CLOSED_SHELL('',(#17,#105,#568,#788,#1023,#1070,#1121,#1171,#1225,
    #1272,#1297,#1323,#1329,#1701,#1818,#1945,#2000,#2186,#2669,#2769,
    #2841,#2936,#3176,#3200,#3227,#3252,#3258,#3408,#3590,#3854,#3901,
    #3950,#4000,#4198,#4205,#4469,#4569,#4640,#4724,#4805,#4863,#4961,
    #5045,#5099,#5194,#5201,#5282,#5331,#5380,#5434,#5488,#5537,#5586,
    #5618,#5645,#5719,#5957,#6007,#6014,#6276,#6304,#6376,#6426,#6453,
    #6548,#6598,#6837,#6865,#6892,#6901,#7005,#7082,#7091,#7332,#7356,
    #7404,#7451,#7495,#7501,#7739,#7815,#7869,#7918,#7972,#8021,#8075,
    #8124,#8156,#8237,#8286,#8335,#8389,#8443,#8492,#8541,#8573,#8690,
    #9032,#9170,#9219,#9320,#9347,#9428,#9477,#9531,#9580,#9634,#9683,
    #9737,#9831,#10019,#10068,#10214,#10261,#10268,#10275,#10328,#10335,
    #10362,#10389,#10416));
#17 = ADVANCED_FACE('',(#18),#32,.F.);
#18 = FACE_BOUND('',#19,.F.);
#19 = EDGE_LOOP('',(#20,#50,#77,#78));
#20 = ORIENTED_EDGE('',*,*,#21,.T.);
#21 = EDGE_CURVE('',#22,#24,#26,.T.);
#22 = VERTEX_POINT('',#23);
#23 = CARTESIAN_POINT('',(-18.5346380183,6.35,-12.26449353108));
#24 = VERTEX_POINT('',#25);
#25 = CARTESIAN_POINT('',(-18.5346380183,-6.074044531596E-16,
    -12.26449353108));
#26 = SEAM_CURVE('',#27,(#31,#43),.PCURVE_S1.);
#27 = LINE('',#28,#29);
#28 = CARTESIAN_POINT('',(-18.5346380183,12.7,-12.26449353108));
#29 = VECTOR('',#30,1.);
#30 = DIRECTION('',(-1.225315935864E-16,-1.,-3.686951170381E-17));
#31 = PCURVE('',#32,#37);
#32 = CYLINDRICAL_SURFACE('',#33,3.175);
#33 = AXIS2_PLACEMENT_3D('',#34,#35,#36);
#34 = CARTESIAN_POINT('',(-21.18244349493,12.7,-14.0165640656));
#35 = DIRECTION('',(-1.225315935864E-16,-1.,-3.686951170381E-17));
#36 = DIRECTION('',(-0.833954480829,1.225315935864E-16,-0.551833239217)
  );
#37 = DEFINITIONAL_REPRESENTATION('',(#38),#42);
#38 = LINE('',#39,#40);
#39 = CARTESIAN_POINT('',(9.424777960769,0.));
#40 = VECTOR('',#41,1.);
#41 = DIRECTION('',(0.,1.));
#42 = ( GEOMETRIC_REPRESENTATION_CONTEXT(2) 
PARAMETRIC_REPRESENTATION_CONTEXT() REPRESENTATION_CONTEXT('2D SPACE',''
  ) );
#43 = PCURVE('',#32,#44);
#44 = DEFINITIONAL_REPRESENTATION('',(#45),#49);
#45 = LINE('',#46,#47);
#46 = CARTESIAN_POINT('',(3.14159265359,0.));
#47 = VECTOR('',#48,1.);
#48 = DIRECTION('',(0.,1.));
#49 = ( GEOMETRIC_REPRESENTATION_CONTEXT(2) 
PARAMETRIC_REPRESENTATION_CONTEXT() REPRESENTATION_CONTEXT('2D SPACE',''
  ) );
#50 = ORIENTED_EDGE('',*,*,#51,.T.);
#51 = EDGE_CURVE('',#24,#24,#52,.T.);
#52 = SURFACE_CURVE('',#53,(#58,#65),.PCURVE_S1.);
#53 = CIRCLE('',#54,3.175);
#54 = AXIS2_PLACEMENT_3D('',#55,#56,#57);
#55 = CARTESIAN_POINT('',(-21.18244349493,-2.183666435227E-16,
    -14.0165640656));
#56 = DIRECTION('',(1.225315935864E-16,1.,3.686951170381E-17));
#57 = DIRECTION('',(-0.833954480829,1.225315935864E-16,-0.551833239217)
  );
#58 = PCURVE('',#32,#59);
#59 = DEFINITIONAL_REPRESENTATION('',(#60),#64);
#60 = LINE('',#61,#62);
#61 = CARTESIAN_POINT('',(12.566370614359,12.7));
#62 = VECTOR('',#63,1.);
#63 = DIRECTION('',(-1.,0.));
#64 = ( GEOMETRIC_REPRESENTATION_CONTEXT(2) 
PARAMETRIC_REPRESENTATION_CONTEXT() REPRESENTATION_CONTEXT('2D SPACE',''
  ) );
#65 = PCURVE('',#66,#71);
#66 = PLANE('',#67);
#67 = AXIS2_PLACEMENT_3D('',#68,#69,#70);
#68 = CARTESIAN_POINT('',(-1.938664110101E-31,-3.330669073875E-15,
    3.04401695898E-30));
#69 = DIRECTION('',(1.225315935864E-16,1.,3.686951170381E-17));
#70 = DIRECTION('',(0.833954480829,-1.225315935864E-16,0.551833239217));
#71 = DEFINITIONAL_REPRESENTATION('',(#72),#76);
#72 = CIRCLE('',#73,3.175);
#73 = AXIS2_PLACEMENT_2D('',#74,#75);
#74 = CARTESIAN_POINT('',(-25.39999961853,0.));
#75 = DIRECTION('',(-1.,0.));
#76 = ( GEOMETRIC_REPRESENTATION_CONTEXT(2) 
PARAMETRIC_REPRESENTATION_CONTEXT() REPRESENTATION_CONTEXT('2D SPACE',''
  ) );
#77 = ORIENTED_EDGE('',*,*,#21,.F.);
#78 = ORIENTED_EDGE('',*,*,#79,.T.);
#79 = EDGE_CURVE('',#22,#22,#80,.T.);
#80 = SURFACE_CURVE('',#81,(#86,#93),.PCURVE_S1.);
#81 = CIRCLE('',#82,3.175);
#82 = AXIS2_PLACEMENT_3D('',#83,#84,#85);
#83 = CARTESIAN_POINT('',(-21.18244349493,6.35,-14.0165640656));
#84 = DIRECTION('',(-1.225315935864E-16,-1.,-3.686951170381E-17));
#85 = DIRECTION('',(-0.833954480829,1.225315935864E-16,-0.551833239217)
  );
#86 = PCURVE('',#32,#87);
#87 = DEFINITIONAL_REPRESENTATION('',(#88),#92);
#88 = LINE('',#89,#90);
#89 = CARTESIAN_POINT('',(0.,6.35));
#90 = VECTOR('',#91,1.);
#91 = DIRECTION('',(1.,0.));
#92 = ( GEOMETRIC_REPRESENTATION_CONTEXT(2) 
PARAMETRIC_REPRESENTATION_CONTEXT() REPRESENTATION_CONTEXT('2D SPACE',''
  ) );
#93 = PCURVE('',#94,#99);
#94 = PLANE('',#95);
#95 = AXIS2_PLACEMENT_3D('',#96,#97,#98);
#96 = CARTESIAN_POINT('',(7.780756192737E-16,6.35,2.341213993192E-16));
#97 = DIRECTION('',(-1.225315935864E-16,-1.,-3.686951170381E-17));
#98 = DIRECTION('',(0.551833239217,-3.686951170381E-17,-0.833954480829)
  );
#99 = DEFINITIONAL_REPRESENTATION('',(#100),#104);
#100 = CIRCLE('',#101,3.175);
#101 = AXIS2_PLACEMENT_2D('',#102,#103);
#102 = CARTESIAN_POINT('',(0.,-25.39999961853));
#103 = DIRECTION('',(0.,-1.));
#104 = ( GEOMETRIC_REPRESENTATION_CONTEXT(2) 
PARAMETRIC_REPRESENTATION_CONTEXT() REPRESENTATION_CONTEXT('2D SPACE',''
  ) );
#105 = ADVANCED_FACE('',(#106,#534,#537),#66,.F.);
#106 = FACE_BOUND('',#107,.F.);
#107 = EDGE_LOOP('',(#108,#139,#167,#195,#223,#251,#274,#298,#324,#350,
    #374,#400,#426,#455,#484,#510));
#108 = ORIENTED_EDGE('',*,*,#109,.F.);
#109 = EDGE_CURVE('',#110,#112,#114,.T.);
#110 = VERTEX_POINT('',#111);
#111 = CARTESIAN_POINT('',(-2.416531967921,-3.245493274543E-16,
    -9.213359769813));
#112 = VERTEX_POINT('',#113);
#113 = CARTESIAN_POINT('',(-7.099515828562,1.409983241274E-15,-6.35));
#114 = SURFACE_CURVE('',#115,(#120,#127),.PCURVE_S1.);
#115 = CIRCLE('',#116,9.525);
#116 = AXIS2_PLACEMENT_3D('',#117,#118,#119);
#117 = CARTESIAN_POINT('',(0.,0.,0.));
#118 = DIRECTION('',(-0.,1.,2.22044604925E-16));
#119 = DIRECTION('',(1.,0.,0.));
#120 = PCURVE('',#66,#121);
#121 = DEFINITIONAL_REPRESENTATION('',(#122),#126);
#122 = CIRCLE('',#123,9.525);
#123 = AXIS2_PLACEMENT_2D('',#124,#125);
#124 = CARTESIAN_POINT('',(-1.926226165892E-30,2.522753369824E-30));
#125 = DIRECTION('',(0.833954480829,0.551833239217));
#126 = ( GEOMETRIC_REPRESENTATION_CONTEXT(2) 
PARAMETRIC_REPRESENTATION_CONTEXT() REPRESENTATION_CONTEXT('2D SPACE',''
  ) );
#127 = PCURVE('',#128,#133);
#128 = CYLINDRICAL_SURFACE('',#129,9.525);
#129 = AXIS2_PLACEMENT_3D('',#130,#131,#132);
#130 = CARTESIAN_POINT('',(0.,-1.27,-2.819966482548E-16));
#131 = DIRECTION('',(0.,-1.,-2.22044604925E-16));
#132 = DIRECTION('',(1.,0.,0.));
#133 = DEFINITIONAL_REPRESENTATION('',(#134),#138);
#134 = LINE('',#135,#136);
#135 = CARTESIAN_POINT('',(6.28318530718,-1.27));
#136 = VECTOR('',#137,1.);
#137 = DIRECTION('',(-1.,0.));
#138 = ( GEOMETRIC_REPRESENTATION_CONTEXT(2) 
PARAMETRIC_REPRESENTATION_CONTEXT() REPRESENTATION_CONTEXT('2D SPACE',''
  ) );
#139 = ORIENTED_EDGE('',*,*,#140,.T.);
#140 = EDGE_CURVE('',#110,#141,#143,.T.);
#141 = VERTEX_POINT('',#142);
#142 = CARTESIAN_POINT('',(-155.3641875289,1.977747810502E-14,
    -110.419843024));
#143 = SURFACE_CURVE('',#144,(#148,#155),.PCURVE_S1.);
#144 = LINE('',#145,#146);
#145 = CARTESIAN_POINT('',(82.938305368026,-1.52359247623E-14,
    47.266505082141));
#146 = VECTOR('',#147,1.);
#147 = DIRECTION('',(-0.833954480829,1.225315935864E-16,-0.551833239217)
  );
#148 = PCURVE('',#66,#149);
#149 = DEFINITIONAL_REPRESENTATION('',(#150),#154);
#150 = LINE('',#151,#152);
#151 = CARTESIAN_POINT('',(95.25,6.35));
#152 = VECTOR('',#153,1.);
#153 = DIRECTION('',(-1.,0.));
#154 = ( GEOMETRIC_REPRESENTATION_CONTEXT(2) 
PARAMETRIC_REPRESENTATION_CONTEXT() REPRESENTATION_CONTEXT('2D SPACE',''
  ) );
#155 = PCURVE('',#156,#161);
#156 = CYLINDRICAL_SURFACE('',#157,6.35);
#157 = AXIS2_PLACEMENT_3D('',#158,#159,#160);
#158 = CARTESIAN_POINT('',(82.938305368026,6.35,47.266505082141));
#159 = DIRECTION('',(-0.833954480829,1.225315935864E-16,-0.551833239217)
  );
#160 = DIRECTION('',(0.390205025534,0.707106781187,-0.589694868595));
#161 = DEFINITIONAL_REPRESENTATION('',(#162),#166);
#162 = LINE('',#163,#164);
#163 = CARTESIAN_POINT('',(2.356194490192,0.));
#164 = VECTOR('',#165,1.);
#165 = DIRECTION('',(0.,1.));
#166 = ( GEOMETRIC_REPRESENTATION_CONTEXT(2) 
PARAMETRIC_REPRESENTATION_CONTEXT() REPRESENTATION_CONTEXT('2D SPACE',''
  ) );
#167 = ORIENTED_EDGE('',*,*,#168,.T.);
#168 = EDGE_CURVE('',#141,#169,#171,.T.);
#169 = VERTEX_POINT('',#170);
#170 = CARTESIAN_POINT('',(-165.876610736,2.047984230297E-14,
    -94.53301016428));
#171 = SURFACE_CURVE('',#172,(#176,#183),.PCURVE_S1.);
#172 = LINE('',#173,#174);
#173 = CARTESIAN_POINT('',(-151.8600464599,1.95433567057E-14,
    -115.7154539773));
#174 = VECTOR('',#175,1.);
#175 = DIRECTION('',(-0.551833239217,3.686951170381E-17,0.833954480829)
  );
#176 = PCURVE('',#66,#177);
#177 = DEFINITIONAL_REPRESENTATION('',(#178),#182);
#178 = LINE('',#179,#180);
#179 = CARTESIAN_POINT('',(-190.5,12.7));
#180 = VECTOR('',#181,1.);
#181 = DIRECTION('',(0.,-1.));
#182 = ( GEOMETRIC_REPRESENTATION_CONTEXT(2) 
PARAMETRIC_REPRESENTATION_CONTEXT() REPRESENTATION_CONTEXT('2D SPACE',''
  ) );
#183 = PCURVE('',#184,#189);
#184 = PLANE('',#185);
#185 = AXIS2_PLACEMENT_3D('',#186,#187,#188);
#186 = CARTESIAN_POINT('',(-151.8600464599,1.95433567057E-14,
    -115.7154539773));
#187 = DIRECTION('',(-0.833954480829,1.225315935864E-16,-0.551833239217)
  );
#188 = DIRECTION('',(-0.551833239217,3.686951170381E-17,0.833954480829)
  );
#189 = DEFINITIONAL_REPRESENTATION('',(#190),#194);
#190 = LINE('',#191,#192);
#191 = CARTESIAN_POINT('',(0.,0.));
#192 = VECTOR('',#193,1.);
#193 = DIRECTION('',(1.,0.));
#194 = ( GEOMETRIC_REPRESENTATION_CONTEXT(2) 
PARAMETRIC_REPRESENTATION_CONTEXT() REPRESENTATION_CONTEXT('2D SPACE',''
  ) );
#195 = ORIENTED_EDGE('',*,*,#196,.T.);
#196 = EDGE_CURVE('',#169,#197,#199,.T.);
#197 = VERTEX_POINT('',#198);
#198 = CARTESIAN_POINT('',(151.86004645994,-2.620469485345E-14,
    115.71545397734));
#199 = SURFACE_CURVE('',#200,(#204,#211),.PCURVE_S1.);
#200 = LINE('',#201,#202);
#201 = CARTESIAN_POINT('',(-165.876610736,2.047984230297E-14,
    -94.53301016428));
#202 = VECTOR('',#203,1.);
#203 = DIRECTION('',(0.833954480829,-1.225315935864E-16,0.551833239217)
  );
#204 = PCURVE('',#66,#205);
#205 = DEFINITIONAL_REPRESENTATION('',(#206),#210);
#206 = LINE('',#207,#208);
#207 = CARTESIAN_POINT('',(-190.5,-12.7));
#208 = VECTOR('',#209,1.);
#209 = DIRECTION('',(1.,0.));
#210 = ( GEOMETRIC_REPRESENTATION_CONTEXT(2) 
PARAMETRIC_REPRESENTATION_CONTEXT() REPRESENTATION_CONTEXT('2D SPACE',''
  ) );
#211 = PCURVE('',#212,#217);
#212 = PLANE('',#213);
#213 = AXIS2_PLACEMENT_3D('',#214,#215,#216);
#214 = CARTESIAN_POINT('',(-165.876610736,2.047984230297E-14,
    -94.53301016428));
#215 = DIRECTION('',(-0.551833239217,3.686951170381E-17,0.833954480829)
  );
#216 = DIRECTION('',(0.833954480829,-1.225315935864E-16,0.551833239217)
  );
#217 = DEFINITIONAL_REPRESENTATION('',(#218),#222);
#218 = LINE('',#219,#220);
#219 = CARTESIAN_POINT('',(0.,0.));
#220 = VECTOR('',#221,1.);
#221 = DIRECTION('',(1.,0.));
#222 = ( GEOMETRIC_REPRESENTATION_CONTEXT(2) 
PARAMETRIC_REPRESENTATION_CONTEXT() REPRESENTATION_CONTEXT('2D SPACE',''
  ) );
#223 = ORIENTED_EDGE('',*,*,#224,.T.);
#224 = EDGE_CURVE('',#197,#225,#227,.T.);
#225 = VERTEX_POINT('',#226);
#226 = CARTESIAN_POINT('',(162.37246966702,-2.690705905141E-14,
    99.828621117548));
#227 = SURFACE_CURVE('',#228,(#232,#239),.PCURVE_S1.);
#228 = LINE('',#229,#230);
#229 = CARTESIAN_POINT('',(151.86004645994,-2.620469485345E-14,
    115.71545397734));
#230 = VECTOR('',#231,1.);
#231 = DIRECTION('',(0.551833239217,-3.686951170381E-17,-0.833954480829)
  );
#232 = PCURVE('',#66,#233);
#233 = DEFINITIONAL_REPRESENTATION('',(#234),#238);
#234 = LINE('',#235,#236);
#235 = CARTESIAN_POINT('',(190.5,-12.7));
#236 = VECTOR('',#237,1.);
#237 = DIRECTION('',(0.,1.));
#238 = ( GEOMETRIC_REPRESENTATION_CONTEXT(2) 
PARAMETRIC_REPRESENTATION_CONTEXT() REPRESENTATION_CONTEXT('2D SPACE',''
  ) );
#239 = PCURVE('',#240,#245);
#240 = PLANE('',#241);
#241 = AXIS2_PLACEMENT_3D('',#242,#243,#244);
#242 = CARTESIAN_POINT('',(151.86004645994,-2.620469485345E-14,
    115.71545397734));
#243 = DIRECTION('',(0.833954480829,-1.225315935864E-16,0.551833239217)
  );
#244 = DIRECTION('',(0.551833239217,-3.686951170381E-17,-0.833954480829)
  );
#245 = DEFINITIONAL_REPRESENTATION('',(#246),#250);
#246 = LINE('',#247,#248);
#247 = CARTESIAN_POINT('',(0.,0.));
#248 = VECTOR('',#249,1.);
#249 = DIRECTION('',(1.,0.));
#250 = ( GEOMETRIC_REPRESENTATION_CONTEXT(2) 
PARAMETRIC_REPRESENTATION_CONTEXT() REPRESENTATION_CONTEXT('2D SPACE',''
  ) );
#251 = ORIENTED_EDGE('',*,*,#252,.T.);
#252 = EDGE_CURVE('',#225,#253,#255,.T.);
#253 = VERTEX_POINT('',#254);
#254 = CARTESIAN_POINT('',(9.424814105975,-2.064379303786E-15,
    -1.37786213672));
#255 = SURFACE_CURVE('',#256,(#260,#267),.PCURVE_S1.);
#256 = LINE('',#257,#258);
#257 = CARTESIAN_POINT('',(82.938305368026,-1.52359247623E-14,
    47.266505082141));
#258 = VECTOR('',#259,1.);
#259 = DIRECTION('',(-0.833954480829,1.225315935864E-16,-0.551833239217)
  );
#260 = PCURVE('',#66,#261);
#261 = DEFINITIONAL_REPRESENTATION('',(#262),#266);
#262 = LINE('',#263,#264);
#263 = CARTESIAN_POINT('',(95.25,6.35));
#264 = VECTOR('',#265,1.);
#265 = DIRECTION('',(-1.,0.));
#266 = ( GEOMETRIC_REPRESENTATION_CONTEXT(2) 
PARAMETRIC_REPRESENTATION_CONTEXT() REPRESENTATION_CONTEXT('2D SPACE',''
  ) );
#267 = PCURVE('',#156,#268);
#268 = DEFINITIONAL_REPRESENTATION('',(#269),#273);
#269 = LINE('',#270,#271);
#270 = CARTESIAN_POINT('',(2.356194490192,0.));
#271 = VECTOR('',#272,1.);
#272 = DIRECTION('',(0.,1.));
#273 = ( GEOMETRIC_REPRESENTATION_CONTEXT(2) 
PARAMETRIC_REPRESENTATION_CONTEXT() REPRESENTATION_CONTEXT('2D SPACE',''
  ) );
#274 = ORIENTED_EDGE('',*,*,#275,.F.);
#275 = EDGE_CURVE('',#276,#253,#278,.T.);
#276 = VERTEX_POINT('',#277);
#277 = CARTESIAN_POINT('',(7.332348418708,-1.349956176678E-15,
    6.079662134253));
#278 = SURFACE_CURVE('',#279,(#284,#291),.PCURVE_S1.);
#279 = CIRCLE('',#280,9.525);
#280 = AXIS2_PLACEMENT_3D('',#281,#282,#283);
#281 = CARTESIAN_POINT('',(0.,0.,0.));
#282 = DIRECTION('',(-0.,1.,2.22044604925E-16));
#283 = DIRECTION('',(1.,0.,0.));
#284 = PCURVE('',#66,#285);
#285 = DEFINITIONAL_REPRESENTATION('',(#286),#290);
#286 = CIRCLE('',#287,9.525);
#287 = AXIS2_PLACEMENT_2D('',#288,#289);
#288 = CARTESIAN_POINT('',(-1.926226165892E-30,2.522753369824E-30));
#289 = DIRECTION('',(0.833954480829,0.551833239217));
#290 = ( GEOMETRIC_REPRESENTATION_CONTEXT(2) 
PARAMETRIC_REPRESENTATION_CONTEXT() REPRESENTATION_CONTEXT('2D SPACE',''
  ) );
#291 = PCURVE('',#128,#292);
#292 = DEFINITIONAL_REPRESENTATION('',(#293),#297);
#293 = LINE('',#294,#295);
#294 = CARTESIAN_POINT('',(6.28318530718,-1.27));
#295 = VECTOR('',#296,1.);
#296 = DIRECTION('',(-1.,0.));
#297 = ( GEOMETRIC_REPRESENTATION_CONTEXT(2) 
PARAMETRIC_REPRESENTATION_CONTEXT() REPRESENTATION_CONTEXT('2D SPACE',''
  ) );
#298 = ORIENTED_EDGE('',*,*,#299,.T.);
#299 = EDGE_CURVE('',#276,#300,#302,.T.);
#300 = VERTEX_POINT('',#301);
#301 = CARTESIAN_POINT('',(7.332348418708,-1.42108547152E-14,6.35));
#302 = SURFACE_CURVE('',#303,(#307,#313),.PCURVE_S1.);
#303 = LINE('',#304,#305);
#304 = CARTESIAN_POINT('',(7.332348418708,-2.114556705175E-15,-3.175));
#305 = VECTOR('',#306,1.);
#306 = DIRECTION('',(-2.128662250709E-17,-3.686951170381E-17,1.));
#307 = PCURVE('',#66,#308);
#308 = DEFINITIONAL_REPRESENTATION('',(#309),#312);
#309 = B_SPLINE_CURVE_WITH_KNOTS('',1,(#310,#311),.UNSPECIFIED.,.F.,.F.,
  (2,2),(0.412539369359,9.525),.PIECEWISE_BEZIER_KNOTS.);
#310 = CARTESIAN_POINT('',(4.590427220769,6.35));
#311 = CARTESIAN_POINT('',(9.618985887811,-1.249377374304));
#312 = ( GEOMETRIC_REPRESENTATION_CONTEXT(2) 
PARAMETRIC_REPRESENTATION_CONTEXT() REPRESENTATION_CONTEXT('2D SPACE',''
  ) );
#313 = PCURVE('',#314,#319);
#314 = PLANE('',#315);
#315 = AXIS2_PLACEMENT_3D('',#316,#317,#318);
#316 = CARTESIAN_POINT('',(-39.50073868596,-81.11728634059,-6.35));
#317 = DIRECTION('',(-0.866025403784,0.5,0.));
#318 = DIRECTION('',(0.,0.,1.));
#319 = DEFINITIONAL_REPRESENTATION('',(#320),#323);
#320 = B_SPLINE_CURVE_WITH_KNOTS('',1,(#321,#322),.UNSPECIFIED.,.F.,.F.,
  (2,2),(0.412539369359,9.525),.PIECEWISE_BEZIER_KNOTS.);
#321 = CARTESIAN_POINT('',(3.587539369359,93.666174209354));
#322 = CARTESIAN_POINT('',(12.7,93.666174209354));
#323 = ( GEOMETRIC_REPRESENTATION_CONTEXT(2) 
PARAMETRIC_REPRESENTATION_CONTEXT() REPRESENTATION_CONTEXT('2D SPACE',''
  ) );
#324 = ORIENTED_EDGE('',*,*,#325,.F.);
#325 = EDGE_CURVE('',#326,#300,#328,.T.);
#326 = VERTEX_POINT('',#327);
#327 = CARTESIAN_POINT('',(7.099515828562,-1.409983241274E-15,6.35));
#328 = SURFACE_CURVE('',#329,(#333,#339),.PCURVE_S1.);
#329 = LINE('',#330,#331);
#330 = CARTESIAN_POINT('',(-19.75036934298,-1.782395236597E-15,6.35));
#331 = VECTOR('',#332,1.);
#332 = DIRECTION('',(1.,-1.225315935864E-16,0.));
#333 = PCURVE('',#66,#334);
#334 = DEFINITIONAL_REPRESENTATION('',(#335),#338);
#335 = B_SPLINE_CURVE_WITH_KNOTS('',1,(#336,#337),.UNSPECIFIED.,.F.,.F.,
  (2,2),(12.418020924276,27.082717761693),.PIECEWISE_BEZIER_KNOTS.);
#336 = CARTESIAN_POINT('',(-2.610703749757,-9.341844532229));
#337 = CARTESIAN_POINT('',(9.618985887811,-1.249377374304));
#338 = ( GEOMETRIC_REPRESENTATION_CONTEXT(2) 
PARAMETRIC_REPRESENTATION_CONTEXT() REPRESENTATION_CONTEXT('2D SPACE',''
  ) );
#339 = PCURVE('',#340,#345);
#340 = PLANE('',#341);
#341 = AXIS2_PLACEMENT_3D('',#342,#343,#344);
#342 = CARTESIAN_POINT('',(-39.50073868596,-81.11728634059,6.35));
#343 = DIRECTION('',(0.,0.,1.));
#344 = DIRECTION('',(0.5,0.866025403784,0.));
#345 = DEFINITIONAL_REPRESENTATION('',(#346),#349);
#346 = B_SPLINE_CURVE_WITH_KNOTS('',1,(#347,#348),.UNSPECIFIED.,.F.,.F.,
  (2,2),(12.418020924276,27.082717761693),.PIECEWISE_BEZIER_KNOTS.);
#347 = CARTESIAN_POINT('',(86.333825790646,12.7));
#348 = CARTESIAN_POINT('',(93.666174209354,0.));
#349 = ( GEOMETRIC_REPRESENTATION_CONTEXT(2) 
PARAMETRIC_REPRESENTATION_CONTEXT() REPRESENTATION_CONTEXT('2D SPACE',''
  ) );
#350 = ORIENTED_EDGE('',*,*,#351,.F.);
#351 = EDGE_CURVE('',#352,#326,#354,.T.);
#352 = VERTEX_POINT('',#353);
#353 = CARTESIAN_POINT('',(-7.099515828562,-1.409983241274E-15,6.35));
#354 = SURFACE_CURVE('',#355,(#360,#367),.PCURVE_S1.);
#355 = CIRCLE('',#356,9.525);
#356 = AXIS2_PLACEMENT_3D('',#357,#358,#359);
#357 = CARTESIAN_POINT('',(0.,0.,0.));
#358 = DIRECTION('',(-0.,1.,2.22044604925E-16));
#359 = DIRECTION('',(1.,0.,0.));
#360 = PCURVE('',#66,#361);
#361 = DEFINITIONAL_REPRESENTATION('',(#362),#366);
#362 = CIRCLE('',#363,9.525);
#363 = AXIS2_PLACEMENT_2D('',#364,#365);
#364 = CARTESIAN_POINT('',(-1.926226165892E-30,2.522753369824E-30));
#365 = DIRECTION('',(0.833954480829,0.551833239217));
#366 = ( GEOMETRIC_REPRESENTATION_CONTEXT(2) 
PARAMETRIC_REPRESENTATION_CONTEXT() REPRESENTATION_CONTEXT('2D SPACE',''
  ) );
#367 = PCURVE('',#128,#368);
#368 = DEFINITIONAL_REPRESENTATION('',(#369),#373);
#369 = LINE('',#370,#371);
#370 = CARTESIAN_POINT('',(6.28318530718,-1.27));
#371 = VECTOR('',#372,1.);
#372 = DIRECTION('',(-1.,0.));
#373 = ( GEOMETRIC_REPRESENTATION_CONTEXT(2) 
PARAMETRIC_REPRESENTATION_CONTEXT() REPRESENTATION_CONTEXT('2D SPACE',''
  ) );
#374 = ORIENTED_EDGE('',*,*,#375,.F.);
#375 = EDGE_CURVE('',#376,#352,#378,.T.);
#376 = VERTEX_POINT('',#377);
#377 = CARTESIAN_POINT('',(-7.332348418708,-1.42108547152E-14,6.35));
#378 = SURFACE_CURVE('',#379,(#383,#389),.PCURVE_S1.);
#379 = LINE('',#380,#381);
#380 = CARTESIAN_POINT('',(-19.75036934298,-1.782395236597E-15,6.35));
#381 = VECTOR('',#382,1.);
#382 = DIRECTION('',(1.,-1.225315935864E-16,0.));
#383 = PCURVE('',#66,#384);
#384 = DEFINITIONAL_REPRESENTATION('',(#385),#388);
#385 = B_SPLINE_CURVE_WITH_KNOTS('',1,(#386,#387),.UNSPECIFIED.,.F.,.F.,
  (2,2),(12.418020924276,27.082717761693),.PIECEWISE_BEZIER_KNOTS.);
#386 = CARTESIAN_POINT('',(-2.610703749757,-9.341844532229));
#387 = CARTESIAN_POINT('',(9.618985887811,-1.249377374304));
#388 = ( GEOMETRIC_REPRESENTATION_CONTEXT(2) 
PARAMETRIC_REPRESENTATION_CONTEXT() REPRESENTATION_CONTEXT('2D SPACE',''
  ) );
#389 = PCURVE('',#390,#395);
#390 = PLANE('',#391);
#391 = AXIS2_PLACEMENT_3D('',#392,#393,#394);
#392 = CARTESIAN_POINT('',(-39.50073868596,-81.11728634059,6.35));
#393 = DIRECTION('',(0.,0.,1.));
#394 = DIRECTION('',(0.5,0.866025403784,0.));
#395 = DEFINITIONAL_REPRESENTATION('',(#396),#399);
#396 = B_SPLINE_CURVE_WITH_KNOTS('',1,(#397,#398),.UNSPECIFIED.,.F.,.F.,
  (2,2),(12.418020924276,27.082717761693),.PIECEWISE_BEZIER_KNOTS.);
#397 = CARTESIAN_POINT('',(86.333825790646,12.7));
#398 = CARTESIAN_POINT('',(93.666174209354,0.));
#399 = ( GEOMETRIC_REPRESENTATION_CONTEXT(2) 
PARAMETRIC_REPRESENTATION_CONTEXT() REPRESENTATION_CONTEXT('2D SPACE',''
  ) );
#400 = ORIENTED_EDGE('',*,*,#401,.F.);
#401 = EDGE_CURVE('',#402,#376,#404,.T.);
#402 = VERTEX_POINT('',#403);
#403 = CARTESIAN_POINT('',(-7.332348418708,-1.349956176678E-15,
    6.079662134253));
#404 = SURFACE_CURVE('',#405,(#409,#415),.PCURVE_S1.);
#405 = LINE('',#406,#407);
#406 = CARTESIAN_POINT('',(-7.332348418708,-1.2161123687E-15,-3.175));
#407 = VECTOR('',#408,1.);
#408 = DIRECTION('',(-2.128662250709E-17,-3.686951170381E-17,1.));
#409 = PCURVE('',#66,#410);
#410 = DEFINITIONAL_REPRESENTATION('',(#411),#414);
#411 = B_SPLINE_CURVE_WITH_KNOTS('',1,(#412,#413),.UNSPECIFIED.,.F.,.F.,
  (2,2),(-3.175,9.525),.PIECEWISE_BEZIER_KNOTS.);
#412 = CARTESIAN_POINT('',(-9.618985887811,1.249377374304));
#413 = CARTESIAN_POINT('',(-2.610703749757,-9.341844532229));
#414 = ( GEOMETRIC_REPRESENTATION_CONTEXT(2) 
PARAMETRIC_REPRESENTATION_CONTEXT() REPRESENTATION_CONTEXT('2D SPACE',''
  ) );
#415 = PCURVE('',#416,#421);
#416 = PLANE('',#417);
#417 = AXIS2_PLACEMENT_3D('',#418,#419,#420);
#418 = CARTESIAN_POINT('',(-50.49926131403,-74.76728634059,-6.35));
#419 = DIRECTION('',(-0.866025403784,0.5,0.));
#420 = DIRECTION('',(0.,0.,1.));
#421 = DEFINITIONAL_REPRESENTATION('',(#422),#425);
#422 = B_SPLINE_CURVE_WITH_KNOTS('',1,(#423,#424),.UNSPECIFIED.,.F.,.F.,
  (2,2),(-3.175,9.525),.PIECEWISE_BEZIER_KNOTS.);
#423 = CARTESIAN_POINT('',(0.,86.333825790646));
#424 = CARTESIAN_POINT('',(12.7,86.333825790646));
#425 = ( GEOMETRIC_REPRESENTATION_CONTEXT(2) 
PARAMETRIC_REPRESENTATION_CONTEXT() REPRESENTATION_CONTEXT('2D SPACE',''
  ) );
#426 = ORIENTED_EDGE('',*,*,#427,.F.);
#427 = EDGE_CURVE('',#428,#402,#430,.T.);
#428 = VERTEX_POINT('',#429);
#429 = CARTESIAN_POINT('',(-9.525,0.,-1.166476076188E-15));
#430 = SURFACE_CURVE('',#431,(#436,#443),.PCURVE_S1.);
#431 = CIRCLE('',#432,9.525);
#432 = AXIS2_PLACEMENT_3D('',#433,#434,#435);
#433 = CARTESIAN_POINT('',(0.,0.,0.));
#434 = DIRECTION('',(-0.,1.,2.22044604925E-16));
#435 = DIRECTION('',(1.,0.,0.));
#436 = PCURVE('',#66,#437);
#437 = DEFINITIONAL_REPRESENTATION('',(#438),#442);
#438 = CIRCLE('',#439,9.525);
#439 = AXIS2_PLACEMENT_2D('',#440,#441);
#440 = CARTESIAN_POINT('',(-1.926226165892E-30,2.522753369824E-30));
#441 = DIRECTION('',(0.833954480829,0.551833239217));
#442 = ( GEOMETRIC_REPRESENTATION_CONTEXT(2) 
PARAMETRIC_REPRESENTATION_CONTEXT() REPRESENTATION_CONTEXT('2D SPACE',''
  ) );
#443 = PCURVE('',#444,#449);
#444 = CYLINDRICAL_SURFACE('',#445,9.525);
#445 = AXIS2_PLACEMENT_3D('',#446,#447,#448);
#446 = CARTESIAN_POINT('',(0.,-1.27,-2.819966482548E-16));
#447 = DIRECTION('',(0.,-1.,-2.22044604925E-16));
#448 = DIRECTION('',(1.,0.,0.));
#449 = DEFINITIONAL_REPRESENTATION('',(#450),#454);
#450 = LINE('',#451,#452);
#451 = CARTESIAN_POINT('',(6.28318530718,-1.27));
#452 = VECTOR('',#453,1.);
#453 = DIRECTION('',(-1.,0.));
#454 = ( GEOMETRIC_REPRESENTATION_CONTEXT(2) 
PARAMETRIC_REPRESENTATION_CONTEXT() REPRESENTATION_CONTEXT('2D SPACE',''
  ) );
#455 = ORIENTED_EDGE('',*,*,#456,.F.);
#456 = EDGE_CURVE('',#457,#428,#459,.T.);
#457 = VERTEX_POINT('',#458);
#458 = CARTESIAN_POINT('',(-7.332348418708,1.349956176678E-15,
    -6.079662134253));
#459 = SURFACE_CURVE('',#460,(#465,#472),.PCURVE_S1.);
#460 = CIRCLE('',#461,9.525);
#461 = AXIS2_PLACEMENT_3D('',#462,#463,#464);
#462 = CARTESIAN_POINT('',(0.,0.,0.));
#463 = DIRECTION('',(-0.,1.,2.22044604925E-16));
#464 = DIRECTION('',(1.,0.,0.));
#465 = PCURVE('',#66,#466);
#466 = DEFINITIONAL_REPRESENTATION('',(#467),#471);
#467 = CIRCLE('',#468,9.525);
#468 = AXIS2_PLACEMENT_2D('',#469,#470);
#469 = CARTESIAN_POINT('',(-1.926226165892E-30,2.522753369824E-30));
#470 = DIRECTION('',(0.833954480829,0.551833239217));
#471 = ( GEOMETRIC_REPRESENTATION_CONTEXT(2) 
PARAMETRIC_REPRESENTATION_CONTEXT() REPRESENTATION_CONTEXT('2D SPACE',''
  ) );
#472 = PCURVE('',#473,#478);
#473 = CYLINDRICAL_SURFACE('',#474,9.525);
#474 = AXIS2_PLACEMENT_3D('',#475,#476,#477);
#475 = CARTESIAN_POINT('',(0.,-1.27,-2.819966482548E-16));
#476 = DIRECTION('',(0.,-1.,-2.22044604925E-16));
#477 = DIRECTION('',(1.,0.,0.));
#478 = DEFINITIONAL_REPRESENTATION('',(#479),#483);
#479 = LINE('',#480,#481);
#480 = CARTESIAN_POINT('',(6.28318530718,-1.27));
#481 = VECTOR('',#482,1.);
#482 = DIRECTION('',(-1.,0.));
#483 = ( GEOMETRIC_REPRESENTATION_CONTEXT(2) 
PARAMETRIC_REPRESENTATION_CONTEXT() REPRESENTATION_CONTEXT('2D SPACE',''
  ) );
#484 = ORIENTED_EDGE('',*,*,#485,.F.);
#485 = EDGE_CURVE('',#486,#457,#488,.T.);
#486 = VERTEX_POINT('',#487);
#487 = CARTESIAN_POINT('',(-7.332348418708,0.,-6.35));
#488 = SURFACE_CURVE('',#489,(#493,#499),.PCURVE_S1.);
#489 = LINE('',#490,#491);
#490 = CARTESIAN_POINT('',(-7.332348418708,-1.2161123687E-15,-3.175));
#491 = VECTOR('',#492,1.);
#492 = DIRECTION('',(-2.128662250709E-17,-3.686951170381E-17,1.));
#493 = PCURVE('',#66,#494);
#494 = DEFINITIONAL_REPRESENTATION('',(#495),#498);
#495 = B_SPLINE_CURVE_WITH_KNOTS('',1,(#496,#497),.UNSPECIFIED.,.F.,.F.,
  (2,2),(-3.175,9.525),.PIECEWISE_BEZIER_KNOTS.);
#496 = CARTESIAN_POINT('',(-9.618985887811,1.249377374304));
#497 = CARTESIAN_POINT('',(-2.610703749757,-9.341844532229));
#498 = ( GEOMETRIC_REPRESENTATION_CONTEXT(2) 
PARAMETRIC_REPRESENTATION_CONTEXT() REPRESENTATION_CONTEXT('2D SPACE',''
  ) );
#499 = PCURVE('',#500,#505);
#500 = PLANE('',#501);
#501 = AXIS2_PLACEMENT_3D('',#502,#503,#504);
#502 = CARTESIAN_POINT('',(-50.49926131403,-74.76728634059,-6.35));
#503 = DIRECTION('',(-0.866025403784,0.5,0.));
#504 = DIRECTION('',(0.,0.,1.));
#505 = DEFINITIONAL_REPRESENTATION('',(#506),#509);
#506 = B_SPLINE_CURVE_WITH_KNOTS('',1,(#507,#508),.UNSPECIFIED.,.F.,.F.,
  (2,2),(-3.175,9.525),.PIECEWISE_BEZIER_KNOTS.);
#507 = CARTESIAN_POINT('',(0.,86.333825790646));
#508 = CARTESIAN_POINT('',(12.7,86.333825790646));
#509 = ( GEOMETRIC_REPRESENTATION_CONTEXT(2) 
PARAMETRIC_REPRESENTATION_CONTEXT() REPRESENTATION_CONTEXT('2D SPACE',''
  ) );
#510 = ORIENTED_EDGE('',*,*,#511,.T.);
#511 = EDGE_CURVE('',#486,#112,#512,.T.);
#512 = SURFACE_CURVE('',#513,(#517,#523),.PCURVE_S1.);
#513 = LINE('',#514,#515);
#514 = CARTESIAN_POINT('',(-19.75036934298,-1.548273837278E-15,-6.35));
#515 = VECTOR('',#516,1.);
#516 = DIRECTION('',(1.,-1.225315935864E-16,0.));
#517 = PCURVE('',#66,#518);
#518 = DEFINITIONAL_REPRESENTATION('',(#519),#522);
#519 = B_SPLINE_CURVE_WITH_KNOTS('',1,(#520,#521),.UNSPECIFIED.,.F.,.F.,
  (2,2),(12.418020924276,21.661071656295),.PIECEWISE_BEZIER_KNOTS.);
#520 = CARTESIAN_POINT('',(-9.618985887811,1.249377374304));
#521 = CARTESIAN_POINT('',(-1.910702313311,6.35));
#522 = ( GEOMETRIC_REPRESENTATION_CONTEXT(2) 
PARAMETRIC_REPRESENTATION_CONTEXT() REPRESENTATION_CONTEXT('2D SPACE',''
  ) );
#523 = PCURVE('',#524,#529);
#524 = PLANE('',#525);
#525 = AXIS2_PLACEMENT_3D('',#526,#527,#528);
#526 = CARTESIAN_POINT('',(-39.50073868596,-81.11728634059,-6.35));
#527 = DIRECTION('',(0.,0.,1.));
#528 = DIRECTION('',(0.5,0.866025403784,0.));
#529 = DEFINITIONAL_REPRESENTATION('',(#530),#533);
#530 = B_SPLINE_CURVE_WITH_KNOTS('',1,(#531,#532),.UNSPECIFIED.,.F.,.F.,
  (2,2),(12.418020924276,21.661071656295),.PIECEWISE_BEZIER_KNOTS.);
#531 = CARTESIAN_POINT('',(86.333825790646,12.7));
#532 = CARTESIAN_POINT('',(90.955351156655,4.695283257603));
#533 = ( GEOMETRIC_REPRESENTATION_CONTEXT(2) 
PARAMETRIC_REPRESENTATION_CONTEXT() REPRESENTATION_CONTEXT('2D SPACE',''
  ) );
#534 = FACE_BOUND('',#535,.F.);
#535 = EDGE_LOOP('',(#536));
#536 = ORIENTED_EDGE('',*,*,#51,.F.);
#537 = FACE_BOUND('',#538,.F.);
#538 = EDGE_LOOP('',(#539));
#539 = ORIENTED_EDGE('',*,*,#540,.F.);
#540 = EDGE_CURVE('',#541,#541,#543,.T.);
#541 = VERTEX_POINT('',#542);
#542 = CARTESIAN_POINT('',(23.830248971571,-6.832009313865E-15,
    15.768634600115));
#543 = SURFACE_CURVE('',#544,(#549,#556),.PCURVE_S1.);
#544 = CIRCLE('',#545,3.175);
#545 = AXIS2_PLACEMENT_3D('',#546,#547,#548);
#546 = CARTESIAN_POINT('',(21.182443494938,-6.442971504228E-15,
    14.016564065601));
#547 = DIRECTION('',(1.225315935864E-16,1.,3.686951170381E-17));
#548 = DIRECTION('',(-0.833954480829,1.225315935864E-16,-0.551833239217)
  );
#549 = PCURVE('',#66,#550);
#550 = DEFINITIONAL_REPRESENTATION('',(#551),#555);
#551 = CIRCLE('',#552,3.175);
#552 = AXIS2_PLACEMENT_2D('',#553,#554);
#553 = CARTESIAN_POINT('',(25.39999961853,0.));
#554 = DIRECTION('',(-1.,0.));
#555 = ( GEOMETRIC_REPRESENTATION_CONTEXT(2) 
PARAMETRIC_REPRESENTATION_CONTEXT() REPRESENTATION_CONTEXT('2D SPACE',''
  ) );
#556 = PCURVE('',#557,#562);
#557 = CYLINDRICAL_SURFACE('',#558,3.175);
#558 = AXIS2_PLACEMENT_3D('',#559,#560,#561);
#559 = CARTESIAN_POINT('',(21.182443494938,12.7,14.016564065601));
#560 = DIRECTION('',(-1.225315935864E-16,-1.,-3.686951170381E-17));
#561 = DIRECTION('',(-0.833954480829,1.225315935864E-16,-0.551833239217)
  );
#562 = DEFINITIONAL_REPRESENTATION('',(#563),#567);
#563 = LINE('',#564,#565);
#564 = CARTESIAN_POINT('',(12.566370614359,12.7));
#565 = VECTOR('',#566,1.);
#566 = DIRECTION('',(-1.,0.));
#567 = ( GEOMETRIC_REPRESENTATION_CONTEXT(2) 
PARAMETRIC_REPRESENTATION_CONTEXT() REPRESENTATION_CONTEXT('2D SPACE',''
  ) );
#568 = ADVANCED_FACE('',(#569,#785),#94,.F.);
#569 = FACE_BOUND('',#570,.F.);
#570 = EDGE_LOOP('',(#571,#601,#624,#680,#708,#764));
#571 = ORIENTED_EDGE('',*,*,#572,.F.);
#572 = EDGE_CURVE('',#573,#575,#577,.T.);
#573 = VERTEX_POINT('',#574);
#574 = CARTESIAN_POINT('',(-12.7,6.35,6.824974255532));
#575 = VERTEX_POINT('',#576);
#576 = CARTESIAN_POINT('',(-12.7,6.35,-23.63232357532));
#577 = SURFACE_CURVE('',#578,(#582,#589),.PCURVE_S1.);
#578 = LINE('',#579,#580);
#579 = CARTESIAN_POINT('',(-12.7,6.35,95.25));
#580 = VECTOR('',#581,1.);
#581 = DIRECTION('',(2.22044604925E-16,2.465190328816E-32,-1.));
#582 = PCURVE('',#94,#583);
#583 = DEFINITIONAL_REPRESENTATION('',(#584),#588);
#584 = LINE('',#585,#586);
#585 = CARTESIAN_POINT('',(-86.44244643705,41.970894128874));
#586 = VECTOR('',#587,1.);
#587 = DIRECTION('',(0.833954480829,-0.551833239217));
#588 = ( GEOMETRIC_REPRESENTATION_CONTEXT(2) 
PARAMETRIC_REPRESENTATION_CONTEXT() REPRESENTATION_CONTEXT('2D SPACE',''
  ) );
#589 = PCURVE('',#590,#595);
#590 = CYLINDRICAL_SURFACE('',#591,6.35);
#591 = AXIS2_PLACEMENT_3D('',#592,#593,#594);
#592 = CARTESIAN_POINT('',(-6.35,6.35,95.25));
#593 = DIRECTION('',(2.22044604925E-16,2.465190328816E-32,-1.));
#594 = DIRECTION('',(-0.707106781187,0.707106781187,-1.570092458684E-16)
  );
#595 = DEFINITIONAL_REPRESENTATION('',(#596),#600);
#596 = LINE('',#597,#598);
#597 = CARTESIAN_POINT('',(5.497787143782,0.));
#598 = VECTOR('',#599,1.);
#599 = DIRECTION('',(0.,1.));
#600 = ( GEOMETRIC_REPRESENTATION_CONTEXT(2) 
PARAMETRIC_REPRESENTATION_CONTEXT() REPRESENTATION_CONTEXT('2D SPACE',''
  ) );
#601 = ORIENTED_EDGE('',*,*,#602,.F.);
#602 = EDGE_CURVE('',#603,#573,#605,.T.);
#603 = VERTEX_POINT('',#604);
#604 = CARTESIAN_POINT('',(-43.01843614307,6.35,-13.23693704709));
#605 = SURFACE_CURVE('',#606,(#610,#617),.PCURVE_S1.);
#606 = LINE('',#607,#608);
#607 = CARTESIAN_POINT('',(-86.44244643705,6.35,-41.97089412887));
#608 = VECTOR('',#609,1.);
#609 = DIRECTION('',(0.833954480829,-1.225315935864E-16,0.551833239217)
  );
#610 = PCURVE('',#94,#611);
#611 = DEFINITIONAL_REPRESENTATION('',(#612),#616);
#612 = LINE('',#613,#614);
#613 = CARTESIAN_POINT('',(-12.7,-95.25));
#614 = VECTOR('',#615,1.);
#615 = DIRECTION('',(0.,1.));
#616 = ( GEOMETRIC_REPRESENTATION_CONTEXT(2) 
PARAMETRIC_REPRESENTATION_CONTEXT() REPRESENTATION_CONTEXT('2D SPACE',''
  ) );
#617 = PCURVE('',#212,#618);
#618 = DEFINITIONAL_REPRESENTATION('',(#619),#623);
#619 = LINE('',#620,#621);
#620 = CARTESIAN_POINT('',(95.25,6.35));
#621 = VECTOR('',#622,1.);
#622 = DIRECTION('',(1.,0.));
#623 = ( GEOMETRIC_REPRESENTATION_CONTEXT(2) 
PARAMETRIC_REPRESENTATION_CONTEXT() REPRESENTATION_CONTEXT('2D SPACE',''
  ) );
#624 = ORIENTED_EDGE('',*,*,#625,.F.);
#625 = EDGE_CURVE('',#626,#603,#628,.T.);
#626 = VERTEX_POINT('',#627);
#627 = CARTESIAN_POINT('',(-35.97863452524,6.35,-14.67011295448));
#628 = SURFACE_CURVE('',#629,(#634,#641),.PCURVE_S1.);
#629 = CIRCLE('',#630,5.08);
#630 = AXIS2_PLACEMENT_3D('',#631,#632,#633);
#631 = CARTESIAN_POINT('',(-40.21512328785,6.35,-17.4734258097));
#632 = DIRECTION('',(-1.225315935864E-16,-1.,-3.686951170381E-17));
#633 = DIRECTION('',(-0.551833239217,3.686951170381E-17,0.833954480829)
  );
#634 = PCURVE('',#94,#635);
#635 = DEFINITIONAL_REPRESENTATION('',(#636),#640);
#636 = CIRCLE('',#637,5.08);
#637 = AXIS2_PLACEMENT_2D('',#638,#639);
#638 = CARTESIAN_POINT('',(-7.62,-43.17999942779));
#639 = DIRECTION('',(-1.,0.));
#640 = ( GEOMETRIC_REPRESENTATION_CONTEXT(2) 
PARAMETRIC_REPRESENTATION_CONTEXT() REPRESENTATION_CONTEXT('2D SPACE',''
  ) );
#641 = PCURVE('',#642,#652);
#642 = ( BOUNDED_SURFACE() B_SPLINE_SURFACE(2,2,(
    (#643,#644,#645)
    ,(#646,#647,#648)
    ,(#649,#650,#651
)),.UNSPECIFIED.,.F.,.F.,.F.) B_SPLINE_SURFACE_WITH_KNOTS((3,3),(3,3),(
    -1.570796326795,-6.11040884867E-14),(-2.352213708095E-13,
    1.570796326795),.PIECEWISE_BEZIER_KNOTS.) 
GEOMETRIC_REPRESENTATION_ITEM() RATIONAL_B_SPLINE_SURFACE((
    (1.,0.707106781186,1.)
    ,(0.707106781187,0.5,0.707106781187)
,(1.,0.707106781186,1.))) REPRESENTATION_ITEM('') SURFACE() );
#643 = CARTESIAN_POINT('',(-35.97863452524,6.35,-14.67011295448));
#644 = CARTESIAN_POINT('',(-35.97863452524,7.62,-14.67011295448));
#645 = CARTESIAN_POINT('',(-35.27780631143,7.62,-15.72923514513));
#646 = CARTESIAN_POINT('',(-38.78194738046,6.35,-10.43362419186));
#647 = CARTESIAN_POINT('',(-38.78194738046,12.700000000002,
    -10.43362419186));
#648 = CARTESIAN_POINT('',(-35.27780631143,12.7,-15.72923514513));
#649 = CARTESIAN_POINT('',(-43.01843614307,6.35,-13.23693704709));
#650 = CARTESIAN_POINT('',(-43.01843614307,12.700000000002,
    -13.23693704708));
#651 = CARTESIAN_POINT('',(-39.51429507404,12.7,-18.53254800035));
#652 = DEFINITIONAL_REPRESENTATION('',(#653),#679);
#653 = B_SPLINE_CURVE_WITH_KNOTS('',3,(#654,#655,#656,#657,#658,#659,
    #660,#661,#662,#663,#664,#665,#666,#667,#668,#669,#670,#671,#672,
    #673,#674,#675,#676,#677,#678),.UNSPECIFIED.,.F.,.F.,(4,1,1,1,1,1,1,
    1,1,1,1,1,1,1,1,1,1,1,1,1,1,1,4),(4.712388980385,4.783788813421,
    4.855188646457,4.926588479493,4.997988312529,5.069388145565,
    5.140787978601,5.212187811638,5.283587644674,5.35498747771,
    5.426387310746,5.497787143782,5.569186976818,5.640586809854,
    5.711986642891,5.783386475927,5.854786308963,5.926186141999,
    5.997585975035,6.068985808071,6.140385641107,6.211785474143,
    6.28318530718),.QUASI_UNIFORM_KNOTS.);
#654 = CARTESIAN_POINT('',(-1.570796326795,-2.352213708095E-13));
#655 = CARTESIAN_POINT('',(-1.544363278267,-2.352213708095E-13));
#656 = CARTESIAN_POINT('',(-1.492271114166,-2.352213708095E-13));
#657 = CARTESIAN_POINT('',(-1.416189872242,-2.352213708095E-13));
#658 = CARTESIAN_POINT('',(-1.341892168614,-2.352213708095E-13));
#659 = CARTESIAN_POINT('',(-1.269134886861,-2.352213708095E-13));
#660 = CARTESIAN_POINT('',(-1.197690220556,-2.352213708095E-13));
#661 = CARTESIAN_POINT('',(-1.12734572285,-2.352213708095E-13));
#662 = CARTESIAN_POINT('',(-1.057900795762,-2.352213708095E-13));
#663 = CARTESIAN_POINT('',(-0.989164516627,-2.352213708095E-13));
#664 = CARTESIAN_POINT('',(-0.92095340603,-2.352213708095E-13));
#665 = CARTESIAN_POINT('',(-0.85308944002,-2.352213708095E-13));
#666 = CARTESIAN_POINT('',(-0.785398163398,-2.352213708095E-13));
#667 = CARTESIAN_POINT('',(-0.717706886775,-2.352213708095E-13));
#668 = CARTESIAN_POINT('',(-0.649842920765,-2.352213708095E-13));
#669 = CARTESIAN_POINT('',(-0.581631810168,-2.352213708095E-13));
#670 = CARTESIAN_POINT('',(-0.512895531033,-2.352213708095E-13));
#671 = CARTESIAN_POINT('',(-0.443450603945,-2.352213708095E-13));
#672 = CARTESIAN_POINT('',(-0.373106106239,-2.352213708095E-13));
#673 = CARTESIAN_POINT('',(-0.301661439934,-2.352213708095E-13));
#674 = CARTESIAN_POINT('',(-0.228904158181,-2.352213708095E-13));
#675 = CARTESIAN_POINT('',(-0.154606454553,-2.352213708095E-13));
#676 = CARTESIAN_POINT('',(-7.85252126288E-02,-2.352213708095E-13));
#677 = CARTESIAN_POINT('',(-2.643304852835E-02,-2.352213708095E-13));
#678 = CARTESIAN_POINT('',(-6.11040884867E-14,-2.352213708095E-13));
#679 = ( GEOMETRIC_REPRESENTATION_CONTEXT(2) 
PARAMETRIC_REPRESENTATION_CONTEXT() REPRESENTATION_CONTEXT('2D SPACE',''
  ) );
#680 = ORIENTED_EDGE('',*,*,#681,.T.);
#681 = EDGE_CURVE('',#626,#682,#684,.T.);
#682 = VERTEX_POINT('',#683);
#683 = CARTESIAN_POINT('',(-27.56869595957,6.35,-27.37957924232));
#684 = SURFACE_CURVE('',#685,(#689,#696),.PCURVE_S1.);
#685 = LINE('',#686,#687);
#686 = CARTESIAN_POINT('',(-30.00272474655,6.35,-23.70116868436));
#687 = VECTOR('',#688,1.);
#688 = DIRECTION('',(0.551833239217,-3.686951170381E-17,-0.833954480829)
  );
#689 = PCURVE('',#94,#690);
#690 = DEFINITIONAL_REPRESENTATION('',(#691),#695);
#691 = LINE('',#692,#693);
#692 = CARTESIAN_POINT('',(3.209195043,-38.09999942779));
#693 = VECTOR('',#694,1.);
#694 = DIRECTION('',(1.,0.));
#695 = ( GEOMETRIC_REPRESENTATION_CONTEXT(2) 
PARAMETRIC_REPRESENTATION_CONTEXT() REPRESENTATION_CONTEXT('2D SPACE',''
  ) );
#696 = PCURVE('',#697,#702);
#697 = PLANE('',#698);
#698 = AXIS2_PLACEMENT_3D('',#699,#700,#701);
#699 = CARTESIAN_POINT('',(-38.78194738046,12.7,-10.43362419186));
#700 = DIRECTION('',(-0.833954480829,1.225315935864E-16,-0.551833239217)
  );
#701 = DIRECTION('',(0.551833239217,-3.686951170381E-17,-0.833954480829)
  );
#702 = DEFINITIONAL_REPRESENTATION('',(#703),#707);
#703 = LINE('',#704,#705);
#704 = CARTESIAN_POINT('',(15.909195043,6.35));
#705 = VECTOR('',#706,1.);
#706 = DIRECTION('',(1.,0.));
#707 = ( GEOMETRIC_REPRESENTATION_CONTEXT(2) 
PARAMETRIC_REPRESENTATION_CONTEXT() REPRESENTATION_CONTEXT('2D SPACE',''
  ) );
#708 = ORIENTED_EDGE('',*,*,#709,.F.);
#709 = EDGE_CURVE('',#710,#682,#712,.T.);
#710 = VERTEX_POINT('',#711);
#711 = CARTESIAN_POINT('',(-29.00187186696,6.35,-34.41938086015));
#712 = SURFACE_CURVE('',#713,(#718,#725),.PCURVE_S1.);
#713 = CIRCLE('',#714,5.08);
#714 = AXIS2_PLACEMENT_3D('',#715,#716,#717);
#715 = CARTESIAN_POINT('',(-31.80518472218,6.35,-30.18289209754));
#716 = DIRECTION('',(-1.225315935864E-16,-1.,-3.686951170381E-17));
#717 = DIRECTION('',(0.551833239217,-3.686951170381E-17,-0.833954480829)
  );
#718 = PCURVE('',#94,#719);
#719 = DEFINITIONAL_REPRESENTATION('',(#720),#724);
#720 = CIRCLE('',#721,5.08);
#721 = AXIS2_PLACEMENT_2D('',#722,#723);
#722 = CARTESIAN_POINT('',(7.62,-43.17999942779));
#723 = DIRECTION('',(1.,0.));
#724 = ( GEOMETRIC_REPRESENTATION_CONTEXT(2) 
PARAMETRIC_REPRESENTATION_CONTEXT() REPRESENTATION_CONTEXT('2D SPACE',''
  ) );
#725 = PCURVE('',#726,#736);
#726 = ( BOUNDED_SURFACE() B_SPLINE_SURFACE(2,2,(
    (#727,#728,#729)
    ,(#730,#731,#732)
    ,(#733,#734,#735
)),.UNSPECIFIED.,.F.,.F.,.F.) B_SPLINE_SURFACE_WITH_KNOTS((3,3),(3,3),(
    -1.570796326795,-5.082127736203E-16),(1.570796326795,3.14159265359),
.PIECEWISE_BEZIER_KNOTS.) GEOMETRIC_REPRESENTATION_ITEM() 
RATIONAL_B_SPLINE_SURFACE((
    (1.,0.707106781186,1.)
    ,(0.707106781187,0.5,0.707106781187)
,(1.,0.707106781186,1.))) REPRESENTATION_ITEM('') SURFACE() );
#727 = CARTESIAN_POINT('',(-28.26952417338,7.62,-26.32045705166));
#728 = CARTESIAN_POINT('',(-27.56869595957,7.62,-27.37957924232));
#729 = CARTESIAN_POINT('',(-27.56869595957,6.35,-27.37957924232));
#730 = CARTESIAN_POINT('',(-28.26952417338,12.7,-26.32045705166));
#731 = CARTESIAN_POINT('',(-24.76538310435,12.700000000001,
    -31.61606800493));
#732 = CARTESIAN_POINT('',(-24.76538310435,6.35,-31.61606800493));
#733 = CARTESIAN_POINT('',(-32.50601293599,12.7,-29.12376990689));
#734 = CARTESIAN_POINT('',(-29.00187186696,12.700000000001,
    -34.41938086015));
#735 = CARTESIAN_POINT('',(-29.00187186696,6.35,-34.41938086015));
#736 = DEFINITIONAL_REPRESENTATION('',(#737),#763);
#737 = B_SPLINE_CURVE_WITH_KNOTS('',3,(#738,#739,#740,#741,#742,#743,
    #744,#745,#746,#747,#748,#749,#750,#751,#752,#753,#754,#755,#756,
    #757,#758,#759,#760,#761,#762),.UNSPECIFIED.,.F.,.F.,(4,1,1,1,1,1,1,
    1,1,1,1,1,1,1,1,1,1,1,1,1,1,1,4),(0.,7.139983303613E-02,
    0.142799666072,0.214199499108,0.285599332145,0.356999165181,
    0.428398998217,0.499798831253,0.571198664289,0.642598497325,
    0.713998330361,0.785398163397,0.856797996434,0.92819782947,
    0.999597662506,1.070997495542,1.142397328578,1.213797161614,
    1.28519699465,1.356596827687,1.427996660723,1.499396493759,
    1.570796326795),.QUASI_UNIFORM_KNOTS.);
#738 = CARTESIAN_POINT('',(-5.082127736203E-16,3.14159265359));
#739 = CARTESIAN_POINT('',(-2.643304852828E-02,3.14159265359));
#740 = CARTESIAN_POINT('',(-7.852521262872E-02,3.14159265359));
#741 = CARTESIAN_POINT('',(-0.154606454553,3.14159265359));
#742 = CARTESIAN_POINT('',(-0.228904158181,3.14159265359));
#743 = CARTESIAN_POINT('',(-0.301661439934,3.14159265359));
#744 = CARTESIAN_POINT('',(-0.373106106239,3.14159265359));
#745 = CARTESIAN_POINT('',(-0.443450603945,3.14159265359));
#746 = CARTESIAN_POINT('',(-0.512895531033,3.14159265359));
#747 = CARTESIAN_POINT('',(-0.581631810168,3.14159265359));
#748 = CARTESIAN_POINT('',(-0.649842920765,3.14159265359));
#749 = CARTESIAN_POINT('',(-0.717706886775,3.14159265359));
#750 = CARTESIAN_POINT('',(-0.785398163397,3.14159265359));
#751 = CARTESIAN_POINT('',(-0.85308944002,3.14159265359));
#752 = CARTESIAN_POINT('',(-0.92095340603,3.14159265359));
#753 = CARTESIAN_POINT('',(-0.989164516627,3.14159265359));
#754 = CARTESIAN_POINT('',(-1.057900795762,3.14159265359));
#755 = CARTESIAN_POINT('',(-1.12734572285,3.14159265359));
#756 = CARTESIAN_POINT('',(-1.197690220556,3.14159265359));
#757 = CARTESIAN_POINT('',(-1.269134886861,3.14159265359));
#758 = CARTESIAN_POINT('',(-1.341892168614,3.14159265359));
#759 = CARTESIAN_POINT('',(-1.416189872242,3.14159265359));
#760 = CARTESIAN_POINT('',(-1.492271114166,3.14159265359));
#761 = CARTESIAN_POINT('',(-1.544363278267,3.14159265359));
#762 = CARTESIAN_POINT('',(-1.570796326795,3.14159265359));
#763 = ( GEOMETRIC_REPRESENTATION_CONTEXT(2) 
PARAMETRIC_REPRESENTATION_CONTEXT() REPRESENTATION_CONTEXT('2D SPACE',''
  ) );
#764 = ORIENTED_EDGE('',*,*,#765,.F.);
#765 = EDGE_CURVE('',#575,#710,#766,.T.);
#766 = SURFACE_CURVE('',#767,(#771,#778),.PCURVE_S1.);
#767 = LINE('',#768,#769);
#768 = CARTESIAN_POINT('',(86.442446437053,6.35,41.970894128874));
#769 = VECTOR('',#770,1.);
#770 = DIRECTION('',(-0.833954480829,1.225315935864E-16,-0.551833239217)
  );
#771 = PCURVE('',#94,#772);
#772 = DEFINITIONAL_REPRESENTATION('',(#773),#777);
#773 = LINE('',#774,#775);
#774 = CARTESIAN_POINT('',(12.7,95.25));
#775 = VECTOR('',#776,1.);
#776 = DIRECTION('',(0.,-1.));
#777 = ( GEOMETRIC_REPRESENTATION_CONTEXT(2) 
PARAMETRIC_REPRESENTATION_CONTEXT() REPRESENTATION_CONTEXT('2D SPACE',''
  ) );
#778 = PCURVE('',#156,#779);
#779 = DEFINITIONAL_REPRESENTATION('',(#780),#784);
#780 = LINE('',#781,#782);
#781 = CARTESIAN_POINT('',(0.785398163397,0.));
#782 = VECTOR('',#783,1.);
#783 = DIRECTION('',(0.,1.));
#784 = ( GEOMETRIC_REPRESENTATION_CONTEXT(2) 
PARAMETRIC_REPRESENTATION_CONTEXT() REPRESENTATION_CONTEXT('2D SPACE',''
  ) );
#785 = FACE_BOUND('',#786,.F.);
#786 = EDGE_LOOP('',(#787));
#787 = ORIENTED_EDGE('',*,*,#79,.F.);
#788 = ADVANCED_FACE('',(#789),#128,.T.);
#789 = FACE_BOUND('',#790,.T.);
#790 = EDGE_LOOP('',(#791,#822,#841,#842,#871,#897,#929,#956,#957,#984,
    #1003,#1004));
#791 = ORIENTED_EDGE('',*,*,#792,.F.);
#792 = EDGE_CURVE('',#793,#795,#797,.T.);
#793 = VERTEX_POINT('',#794);
#794 = CARTESIAN_POINT('',(-7.099515828562,-2.54,-6.35));
#795 = VERTEX_POINT('',#796);
#796 = CARTESIAN_POINT('',(-7.099515828562,-2.54,6.35));
#797 = SURFACE_CURVE('',#798,(#803,#810),.PCURVE_S1.);
#798 = CIRCLE('',#799,9.525);
#799 = AXIS2_PLACEMENT_3D('',#800,#801,#802);
#800 = CARTESIAN_POINT('',(0.,-2.54,-5.639932965096E-16));
#801 = DIRECTION('',(0.,-1.,-2.22044604925E-16));
#802 = DIRECTION('',(1.,0.,0.));
#803 = PCURVE('',#128,#804);
#804 = DEFINITIONAL_REPRESENTATION('',(#805),#809);
#805 = LINE('',#806,#807);
#806 = CARTESIAN_POINT('',(-6.28318530718,1.27));
#807 = VECTOR('',#808,1.);
#808 = DIRECTION('',(1.,0.));
#809 = ( GEOMETRIC_REPRESENTATION_CONTEXT(2) 
PARAMETRIC_REPRESENTATION_CONTEXT() REPRESENTATION_CONTEXT('2D SPACE',''
  ) );
#810 = PCURVE('',#811,#816);
#811 = PLANE('',#812);
#812 = AXIS2_PLACEMENT_3D('',#813,#814,#815);
#813 = CARTESIAN_POINT('',(4.697264799347E-10,-2.54,-4.697250699515E-10)
  );
#814 = DIRECTION('',(0.,-1.,-2.22044604925E-16));
#815 = DIRECTION('',(0.,2.22044604925E-16,-1.));
#816 = DEFINITIONAL_REPRESENTATION('',(#817),#821);
#817 = CIRCLE('',#818,9.525);
#818 = AXIS2_PLACEMENT_2D('',#819,#820);
#819 = CARTESIAN_POINT('',(-4.697245059582E-10,-4.697264799347E-10));
#820 = DIRECTION('',(0.,1.));
#821 = ( GEOMETRIC_REPRESENTATION_CONTEXT(2) 
PARAMETRIC_REPRESENTATION_CONTEXT() REPRESENTATION_CONTEXT('2D SPACE',''
  ) );
#822 = ORIENTED_EDGE('',*,*,#823,.F.);
#823 = EDGE_CURVE('',#112,#793,#824,.T.);
#824 = SURFACE_CURVE('',#825,(#829,#835),.PCURVE_S1.);
#825 = LINE('',#826,#827);
#826 = CARTESIAN_POINT('',(-7.099515828562,-1.27,-6.35));
#827 = VECTOR('',#828,1.);
#828 = DIRECTION('',(0.,-1.,-2.22044604925E-16));
#829 = PCURVE('',#128,#830);
#830 = DEFINITIONAL_REPRESENTATION('',(#831),#834);
#831 = B_SPLINE_CURVE_WITH_KNOTS('',1,(#832,#833),.UNSPECIFIED.,.F.,.F.,
  (2,2),(-1.2700006,1.2700006),.PIECEWISE_BEZIER_KNOTS.);
#832 = CARTESIAN_POINT('',(-2.411864997363,-1.2700006));
#833 = CARTESIAN_POINT('',(-2.411864997363,1.2700006));
#834 = ( GEOMETRIC_REPRESENTATION_CONTEXT(2) 
PARAMETRIC_REPRESENTATION_CONTEXT() REPRESENTATION_CONTEXT('2D SPACE',''
  ) );
#835 = PCURVE('',#524,#836);
#836 = DEFINITIONAL_REPRESENTATION('',(#837),#840);
#837 = B_SPLINE_CURVE_WITH_KNOTS('',1,(#838,#839),.UNSPECIFIED.,.F.,.F.,
  (2,2),(-1.2700006,1.2700006),.PIECEWISE_BEZIER_KNOTS.);
#838 = CARTESIAN_POINT('',(86.450242605334,12.498361362104));
#839 = CARTESIAN_POINT('',(84.250537040491,11.228360762104));
#840 = ( GEOMETRIC_REPRESENTATION_CONTEXT(2) 
PARAMETRIC_REPRESENTATION_CONTEXT() REPRESENTATION_CONTEXT('2D SPACE',''
  ) );
#841 = ORIENTED_EDGE('',*,*,#109,.F.);
#842 = ORIENTED_EDGE('',*,*,#843,.F.);
#843 = EDGE_CURVE('',#844,#110,#846,.T.);
#844 = VERTEX_POINT('',#845);
#845 = CARTESIAN_POINT('',(7.099515828562,1.409983241274E-15,-6.35));
#846 = SURFACE_CURVE('',#847,(#852,#859),.PCURVE_S1.);
#847 = CIRCLE('',#848,9.525);
#848 = AXIS2_PLACEMENT_3D('',#849,#850,#851);
#849 = CARTESIAN_POINT('',(0.,0.,0.));
#850 = DIRECTION('',(-0.,1.,2.22044604925E-16));
#851 = DIRECTION('',(1.,0.,0.));
#852 = PCURVE('',#128,#853);
#853 = DEFINITIONAL_REPRESENTATION('',(#854),#858);
#854 = LINE('',#855,#856);
#855 = CARTESIAN_POINT('',(6.28318530718,-1.27));
#856 = VECTOR('',#857,1.);
#857 = DIRECTION('',(-1.,0.));
#858 = ( GEOMETRIC_REPRESENTATION_CONTEXT(2) 
PARAMETRIC_REPRESENTATION_CONTEXT() REPRESENTATION_CONTEXT('2D SPACE',''
  ) );
#859 = PCURVE('',#860,#865);
#860 = PLANE('',#861);
#861 = AXIS2_PLACEMENT_3D('',#862,#863,#864);
#862 = CARTESIAN_POINT('',(0.,0.,0.));
#863 = DIRECTION('',(0.,1.,2.22044604925E-16));
#864 = DIRECTION('',(-1.,0.,0.));
#865 = DEFINITIONAL_REPRESENTATION('',(#866),#870);
#866 = CIRCLE('',#867,9.525);
#867 = AXIS2_PLACEMENT_2D('',#868,#869);
#868 = CARTESIAN_POINT('',(0.,0.));
#869 = DIRECTION('',(-1.,0.));
#870 = ( GEOMETRIC_REPRESENTATION_CONTEXT(2) 
PARAMETRIC_REPRESENTATION_CONTEXT() REPRESENTATION_CONTEXT('2D SPACE',''
  ) );
#871 = ORIENTED_EDGE('',*,*,#872,.T.);
#872 = EDGE_CURVE('',#844,#873,#875,.T.);
#873 = VERTEX_POINT('',#874);
#874 = CARTESIAN_POINT('',(7.099515828562,-0.403277875791,-6.35));
#875 = SURFACE_CURVE('',#876,(#880,#886),.PCURVE_S1.);
#876 = LINE('',#877,#878);
#877 = CARTESIAN_POINT('',(7.099515828562,-1.27,-6.35));
#878 = VECTOR('',#879,1.);
#879 = DIRECTION('',(0.,-1.,-2.22044604925E-16));
#880 = PCURVE('',#128,#881);
#881 = DEFINITIONAL_REPRESENTATION('',(#882),#885);
#882 = B_SPLINE_CURVE_WITH_KNOTS('',1,(#883,#884),.UNSPECIFIED.,.F.,.F.,
  (2,2),(-1.2700006,1.2700006),.PIECEWISE_BEZIER_KNOTS.);
#883 = CARTESIAN_POINT('',(-0.729727656227,-1.2700006));
#884 = CARTESIAN_POINT('',(-0.729727656227,1.2700006));
#885 = ( GEOMETRIC_REPRESENTATION_CONTEXT(2) 
PARAMETRIC_REPRESENTATION_CONTEXT() REPRESENTATION_CONTEXT('2D SPACE',''
  ) );
#886 = PCURVE('',#887,#892);
#887 = PLANE('',#888);
#888 = AXIS2_PLACEMENT_3D('',#889,#890,#891);
#889 = CARTESIAN_POINT('',(-39.50073868596,-81.11728634059,-6.35));
#890 = DIRECTION('',(0.,0.,1.));
#891 = DIRECTION('',(0.5,0.866025403784,0.));
#892 = DEFINITIONAL_REPRESENTATION('',(#893),#896);
#893 = B_SPLINE_CURVE_WITH_KNOTS('',1,(#894,#895),.UNSPECIFIED.,.F.,.F.,
  (2,2),(-1.2700006,1.2700006),.PIECEWISE_BEZIER_KNOTS.);
#894 = CARTESIAN_POINT('',(93.549758433896,0.201639237896));
#895 = CARTESIAN_POINT('',(91.350052869053,-1.068361362104));
#896 = ( GEOMETRIC_REPRESENTATION_CONTEXT(2) 
PARAMETRIC_REPRESENTATION_CONTEXT() REPRESENTATION_CONTEXT('2D SPACE',''
  ) );
#897 = ORIENTED_EDGE('',*,*,#898,.F.);
#898 = EDGE_CURVE('',#899,#873,#901,.T.);
#899 = VERTEX_POINT('',#900);
#900 = CARTESIAN_POINT('',(7.332348418708,1.349956176678E-15,
    -6.079662134253));
#901 = SURFACE_CURVE('',#902,(#907,#917),.PCURVE_S1.);
#902 = ELLIPSE('',#903,19.05,9.525);
#903 = AXIS2_PLACEMENT_3D('',#904,#905,#906);
#904 = CARTESIAN_POINT('',(0.,-12.7,-2.819966482548E-15));
#905 = DIRECTION('',(-0.866025403784,0.5,1.232595164408E-32));
#906 = DIRECTION('',(-0.5,-0.866025403784,-2.563950248511E-16));
#907 = PCURVE('',#128,#908);
#908 = DEFINITIONAL_REPRESENTATION('',(#909),#916);
#909 = B_SPLINE_CURVE_WITH_KNOTS('',5,(#910,#911,#912,#913,#914,#915),
  .UNSPECIFIED.,.F.,.F.,(6,6),(3.83386060822,4.048936975224),
  .PIECEWISE_BEZIER_KNOTS.);
#910 = CARTESIAN_POINT('',(-0.692267954631,-1.2700006));
#911 = CARTESIAN_POINT('',(-0.735283228031,-0.817037598382));
#912 = CARTESIAN_POINT('',(-0.778298501432,-0.334700899669));
#913 = CARTESIAN_POINT('',(-0.821313774832,0.17526363645));
#914 = CARTESIAN_POINT('',(-0.864329048233,0.710882643706));
#915 = CARTESIAN_POINT('',(-0.907344321634,1.2700006));
#916 = ( GEOMETRIC_REPRESENTATION_CONTEXT(2) 
PARAMETRIC_REPRESENTATION_CONTEXT() REPRESENTATION_CONTEXT('2D SPACE',''
  ) );
#917 = PCURVE('',#918,#923);
#918 = PLANE('',#919);
#919 = AXIS2_PLACEMENT_3D('',#920,#921,#922);
#920 = CARTESIAN_POINT('',(-39.50073868596,-81.11728634059,-6.35));
#921 = DIRECTION('',(-0.866025403784,0.5,0.));
#922 = DIRECTION('',(0.,0.,1.));
#923 = DEFINITIONAL_REPRESENTATION('',(#924),#928);
#924 = ELLIPSE('',#925,19.05,9.525);
#925 = AXIS2_PLACEMENT_2D('',#926,#927);
#926 = CARTESIAN_POINT('',(6.35,79.001477371938));
#927 = DIRECTION('',(-2.563950248511E-16,-1.));
#928 = ( GEOMETRIC_REPRESENTATION_CONTEXT(2) 
PARAMETRIC_REPRESENTATION_CONTEXT() REPRESENTATION_CONTEXT('2D SPACE',''
  ) );
#929 = ORIENTED_EDGE('',*,*,#930,.F.);
#930 = EDGE_CURVE('',#253,#899,#931,.T.);
#931 = SURFACE_CURVE('',#932,(#937,#944),.PCURVE_S1.);
#932 = CIRCLE('',#933,9.525);
#933 = AXIS2_PLACEMENT_3D('',#934,#935,#936);
#934 = CARTESIAN_POINT('',(0.,0.,0.));
#935 = DIRECTION('',(-0.,1.,2.22044604925E-16));
#936 = DIRECTION('',(1.,0.,0.));
#937 = PCURVE('',#128,#938);
#938 = DEFINITIONAL_REPRESENTATION('',(#939),#943);
#939 = LINE('',#940,#941);
#940 = CARTESIAN_POINT('',(6.28318530718,-1.27));
#941 = VECTOR('',#942,1.);
#942 = DIRECTION('',(-1.,0.));
#943 = ( GEOMETRIC_REPRESENTATION_CONTEXT(2) 
PARAMETRIC_REPRESENTATION_CONTEXT() REPRESENTATION_CONTEXT('2D SPACE',''
  ) );
#944 = PCURVE('',#945,#950);
#945 = PLANE('',#946);
#946 = AXIS2_PLACEMENT_3D('',#947,#948,#949);
#947 = CARTESIAN_POINT('',(0.,0.,0.));
#948 = DIRECTION('',(0.,1.,2.22044604925E-16));
#949 = DIRECTION('',(-1.,0.,0.));
#950 = DEFINITIONAL_REPRESENTATION('',(#951),#955);
#951 = CIRCLE('',#952,9.525);
#952 = AXIS2_PLACEMENT_2D('',#953,#954);
#953 = CARTESIAN_POINT('',(0.,0.));
#954 = DIRECTION('',(-1.,0.));
#955 = ( GEOMETRIC_REPRESENTATION_CONTEXT(2) 
PARAMETRIC_REPRESENTATION_CONTEXT() REPRESENTATION_CONTEXT('2D SPACE',''
  ) );
#956 = ORIENTED_EDGE('',*,*,#275,.F.);
#957 = ORIENTED_EDGE('',*,*,#958,.F.);
#958 = EDGE_CURVE('',#959,#276,#961,.T.);
#959 = VERTEX_POINT('',#960);
#960 = CARTESIAN_POINT('',(7.099515828562,-0.403277875791,6.35));
#961 = SURFACE_CURVE('',#962,(#967,#977),.PCURVE_S1.);
#962 = ELLIPSE('',#963,19.05,9.525);
#963 = AXIS2_PLACEMENT_3D('',#964,#965,#966);
#964 = CARTESIAN_POINT('',(0.,-12.7,-2.819966482548E-15));
#965 = DIRECTION('',(-0.866025403784,0.5,1.232595164408E-32));
#966 = DIRECTION('',(-0.5,-0.866025403784,-2.563950248511E-16));
#967 = PCURVE('',#128,#968);
#968 = DEFINITIONAL_REPRESENTATION('',(#969),#976);
#969 = B_SPLINE_CURVE_WITH_KNOTS('',5,(#970,#971,#972,#973,#974,#975),
  .UNSPECIFIED.,.F.,.F.,(6,6),(2.234248331956,2.449324698959),
  .PIECEWISE_BEZIER_KNOTS.);
#970 = CARTESIAN_POINT('',(0.907344321634,1.2700006));
#971 = CARTESIAN_POINT('',(0.864329048233,0.710882643706));
#972 = CARTESIAN_POINT('',(0.821313774832,0.17526363645));
#973 = CARTESIAN_POINT('',(0.778298501432,-0.334700899669));
#974 = CARTESIAN_POINT('',(0.735283228031,-0.817037598382));
#975 = CARTESIAN_POINT('',(0.692267954631,-1.2700006));
#976 = ( GEOMETRIC_REPRESENTATION_CONTEXT(2) 
PARAMETRIC_REPRESENTATION_CONTEXT() REPRESENTATION_CONTEXT('2D SPACE',''
  ) );
#977 = PCURVE('',#314,#978);
#978 = DEFINITIONAL_REPRESENTATION('',(#979),#983);
#979 = ELLIPSE('',#980,19.05,9.525);
#980 = AXIS2_PLACEMENT_2D('',#981,#982);
#981 = CARTESIAN_POINT('',(6.35,79.001477371938));
#982 = DIRECTION('',(-2.563950248511E-16,-1.));
#983 = ( GEOMETRIC_REPRESENTATION_CONTEXT(2) 
PARAMETRIC_REPRESENTATION_CONTEXT() REPRESENTATION_CONTEXT('2D SPACE',''
  ) );
#984 = ORIENTED_EDGE('',*,*,#985,.F.);
#985 = EDGE_CURVE('',#326,#959,#986,.T.);
#986 = SURFACE_CURVE('',#987,(#991,#997),.PCURVE_S1.);
#987 = LINE('',#988,#989);
#988 = CARTESIAN_POINT('',(7.099515828562,-1.27,6.35));
#989 = VECTOR('',#990,1.);
#990 = DIRECTION('',(0.,-1.,-2.22044604925E-16));
#991 = PCURVE('',#128,#992);
#992 = DEFINITIONAL_REPRESENTATION('',(#993),#996);
#993 = B_SPLINE_CURVE_WITH_KNOTS('',1,(#994,#995),.UNSPECIFIED.,.F.,.F.,
  (2,2),(-1.2700006,1.2700006),.PIECEWISE_BEZIER_KNOTS.);
#994 = CARTESIAN_POINT('',(0.729727656227,-1.2700006));
#995 = CARTESIAN_POINT('',(0.729727656227,1.2700006));
#996 = ( GEOMETRIC_REPRESENTATION_CONTEXT(2) 
PARAMETRIC_REPRESENTATION_CONTEXT() REPRESENTATION_CONTEXT('2D SPACE',''
  ) );
#997 = PCURVE('',#340,#998);
#998 = DEFINITIONAL_REPRESENTATION('',(#999),#1002);
#999 = B_SPLINE_CURVE_WITH_KNOTS('',1,(#1000,#1001),.UNSPECIFIED.,.F.,
  .F.,(2,2),(-1.2700006,1.2700006),.PIECEWISE_BEZIER_KNOTS.);
#1000 = CARTESIAN_POINT('',(93.549758433896,0.201639237896));
#1001 = CARTESIAN_POINT('',(91.350052869053,-1.068361362104));
#1002 = ( GEOMETRIC_REPRESENTATION_CONTEXT(2) 
PARAMETRIC_REPRESENTATION_CONTEXT() REPRESENTATION_CONTEXT('2D SPACE',''
  ) );
#1003 = ORIENTED_EDGE('',*,*,#351,.F.);
#1004 = ORIENTED_EDGE('',*,*,#1005,.T.);
#1005 = EDGE_CURVE('',#352,#795,#1006,.T.);
#1006 = SURFACE_CURVE('',#1007,(#1011,#1017),.PCURVE_S1.);
#1007 = LINE('',#1008,#1009);
#1008 = CARTESIAN_POINT('',(-7.099515828562,-1.27,6.35));
#1009 = VECTOR('',#1010,1.);
#1010 = DIRECTION('',(0.,-1.,-2.22044604925E-16));
#1011 = PCURVE('',#128,#1012);
#1012 = DEFINITIONAL_REPRESENTATION('',(#1013),#1016);
#1013 = B_SPLINE_CURVE_WITH_KNOTS('',1,(#1014,#1015),.UNSPECIFIED.,.F.,
  .F.,(2,2),(-1.2700006,1.2700006),.PIECEWISE_BEZIER_KNOTS.);
#1014 = CARTESIAN_POINT('',(2.411864997363,-1.2700006));
#1015 = CARTESIAN_POINT('',(2.411864997363,1.2700006));
#1016 = ( GEOMETRIC_REPRESENTATION_CONTEXT(2) 
PARAMETRIC_REPRESENTATION_CONTEXT() REPRESENTATION_CONTEXT('2D SPACE',''
  ) );
#1017 = PCURVE('',#390,#1018);
#1018 = DEFINITIONAL_REPRESENTATION('',(#1019),#1022);
#1019 = B_SPLINE_CURVE_WITH_KNOTS('',1,(#1020,#1021),.UNSPECIFIED.,.F.,
  .F.,(2,2),(-1.2700006,1.2700006),.PIECEWISE_BEZIER_KNOTS.);
#1020 = CARTESIAN_POINT('',(86.450242605334,12.498361362104));
#1021 = CARTESIAN_POINT('',(84.250537040491,11.228360762104));
#1022 = ( GEOMETRIC_REPRESENTATION_CONTEXT(2) 
PARAMETRIC_REPRESENTATION_CONTEXT() REPRESENTATION_CONTEXT('2D SPACE',''
  ) );
#1023 = ADVANCED_FACE('',(#1024),#524,.F.);
#1024 = FACE_BOUND('',#1025,.F.);
#1025 = EDGE_LOOP('',(#1026,#1049,#1068,#1069));
#1026 = ORIENTED_EDGE('',*,*,#1027,.F.);
#1027 = EDGE_CURVE('',#1028,#486,#1030,.T.);
#1028 = VERTEX_POINT('',#1029);
#1029 = CARTESIAN_POINT('',(-8.79881810245,-2.54,-6.35));
#1030 = SURFACE_CURVE('',#1031,(#1035,#1042),.PCURVE_S1.);
#1031 = LINE('',#1032,#1033);
#1032 = CARTESIAN_POINT('',(-50.49926131403,-74.76728634059,-6.35));
#1033 = VECTOR('',#1034,1.);
#1034 = DIRECTION('',(0.5,0.866025403784,0.));
#1035 = PCURVE('',#524,#1036);
#1036 = DEFINITIONAL_REPRESENTATION('',(#1037),#1041);
#1037 = LINE('',#1038,#1039);
#1038 = CARTESIAN_POINT('',(-7.993605777301E-15,12.7));
#1039 = VECTOR('',#1040,1.);
#1040 = DIRECTION('',(1.,0.));
#1041 = ( GEOMETRIC_REPRESENTATION_CONTEXT(2) 
PARAMETRIC_REPRESENTATION_CONTEXT() REPRESENTATION_CONTEXT('2D SPACE',''
  ) );
#1042 = PCURVE('',#500,#1043);
#1043 = DEFINITIONAL_REPRESENTATION('',(#1044),#1048);
#1044 = LINE('',#1045,#1046);
#1045 = CARTESIAN_POINT('',(0.,0.));
#1046 = VECTOR('',#1047,1.);
#1047 = DIRECTION('',(0.,1.));
#1048 = ( GEOMETRIC_REPRESENTATION_CONTEXT(2) 
PARAMETRIC_REPRESENTATION_CONTEXT() REPRESENTATION_CONTEXT('2D SPACE',''
  ) );
#1049 = ORIENTED_EDGE('',*,*,#1050,.F.);
#1050 = EDGE_CURVE('',#793,#1028,#1051,.T.);
#1051 = SURFACE_CURVE('',#1052,(#1056,#1062),.PCURVE_S1.);
#1052 = LINE('',#1053,#1054);
#1053 = CARTESIAN_POINT('',(-19.75036934275,-2.54,-6.35));
#1054 = VECTOR('',#1055,1.);
#1055 = DIRECTION('',(-1.,-0.,0.));
#1056 = PCURVE('',#524,#1057);
#1057 = DEFINITIONAL_REPRESENTATION('',(#1058),#1061);
#1058 = B_SPLINE_CURVE_WITH_KNOTS('',1,(#1059,#1060),.UNSPECIFIED.,.F.,
  .F.,(2,2),(-25.61624807771,-10.9515512403),.PIECEWISE_BEZIER_KNOTS.);
#1059 = CARTESIAN_POINT('',(90.733234841871,3.552713678801E-15));
#1060 = CARTESIAN_POINT('',(83.400886423163,12.7));
#1061 = ( GEOMETRIC_REPRESENTATION_CONTEXT(2) 
PARAMETRIC_REPRESENTATION_CONTEXT() REPRESENTATION_CONTEXT('2D SPACE',''
  ) );
#1062 = PCURVE('',#811,#1063);
#1063 = DEFINITIONAL_REPRESENTATION('',(#1064),#1067);
#1064 = B_SPLINE_CURVE_WITH_KNOTS('',1,(#1065,#1066),.UNSPECIFIED.,.F.,
  .F.,(2,2),(-25.61624807771,-10.9515512403),.PIECEWISE_BEZIER_KNOTS.);
#1065 = CARTESIAN_POINT('',(6.34999999953,5.865878734497));
#1066 = CARTESIAN_POINT('',(6.34999999953,-8.79881810292));
#1067 = ( GEOMETRIC_REPRESENTATION_CONTEXT(2) 
PARAMETRIC_REPRESENTATION_CONTEXT() REPRESENTATION_CONTEXT('2D SPACE',''
  ) );
#1068 = ORIENTED_EDGE('',*,*,#823,.F.);
#1069 = ORIENTED_EDGE('',*,*,#511,.F.);
#1070 = ADVANCED_FACE('',(#1071),#500,.T.);
#1071 = FACE_BOUND('',#1072,.T.);
#1072 = EDGE_LOOP('',(#1073,#1074,#1095,#1120));
#1073 = ORIENTED_EDGE('',*,*,#1027,.F.);
#1074 = ORIENTED_EDGE('',*,*,#1075,.F.);
#1075 = EDGE_CURVE('',#1076,#1028,#1078,.T.);
#1076 = VERTEX_POINT('',#1077);
#1077 = CARTESIAN_POINT('',(-8.79881810245,-2.54,-3.647797280552));
#1078 = SURFACE_CURVE('',#1079,(#1083,#1089),.PCURVE_S1.);
#1079 = LINE('',#1080,#1081);
#1080 = CARTESIAN_POINT('',(-8.79881810245,-2.54,-3.175000000235));
#1081 = VECTOR('',#1082,1.);
#1082 = DIRECTION('',(1.281975124256E-16,2.22044604925E-16,-1.));
#1083 = PCURVE('',#500,#1084);
#1084 = DEFINITIONAL_REPRESENTATION('',(#1085),#1088);
#1085 = B_SPLINE_CURVE_WITH_KNOTS('',1,(#1086,#1087),.UNSPECIFIED.,.F.,
  .F.,(2,2),(-9.525000000235,3.174999999765),.PIECEWISE_BEZIER_KNOTS.);
#1086 = CARTESIAN_POINT('',(12.7,83.400886423163));
#1087 = CARTESIAN_POINT('',(0.,83.400886423163));
#1088 = ( GEOMETRIC_REPRESENTATION_CONTEXT(2) 
PARAMETRIC_REPRESENTATION_CONTEXT() REPRESENTATION_CONTEXT('2D SPACE',''
  ) );
#1089 = PCURVE('',#811,#1090);
#1090 = DEFINITIONAL_REPRESENTATION('',(#1091),#1094);
#1091 = B_SPLINE_CURVE_WITH_KNOTS('',1,(#1092,#1093),.UNSPECIFIED.,.F.,
  .F.,(2,2),(-9.525000000235,3.174999999765),.PIECEWISE_BEZIER_KNOTS.);
#1092 = CARTESIAN_POINT('',(-6.35000000047,-8.79881810292));
#1093 = CARTESIAN_POINT('',(6.34999999953,-8.79881810292));
#1094 = ( GEOMETRIC_REPRESENTATION_CONTEXT(2) 
PARAMETRIC_REPRESENTATION_CONTEXT() REPRESENTATION_CONTEXT('2D SPACE',''
  ) );
#1095 = ORIENTED_EDGE('',*,*,#1096,.F.);
#1096 = EDGE_CURVE('',#457,#1076,#1097,.T.);
#1097 = SURFACE_CURVE('',#1098,(#1103,#1110),.PCURVE_S1.);
#1098 = ELLIPSE('',#1099,19.05,9.525);
#1099 = AXIS2_PLACEMENT_3D('',#1100,#1101,#1102);
#1100 = CARTESIAN_POINT('',(0.,12.7,2.819966482548E-15));
#1101 = DIRECTION('',(-0.866025403784,0.5,1.232595164408E-32));
#1102 = DIRECTION('',(-0.5,-0.866025403784,-2.563950248511E-16));
#1103 = PCURVE('',#500,#1104);
#1104 = DEFINITIONAL_REPRESENTATION('',(#1105),#1109);
#1105 = ELLIPSE('',#1106,19.05,9.525);
#1106 = AXIS2_PLACEMENT_2D('',#1107,#1108);
#1107 = CARTESIAN_POINT('',(6.35,100.99852262806));
#1108 = DIRECTION('',(-2.563950248511E-16,-1.));
#1109 = ( GEOMETRIC_REPRESENTATION_CONTEXT(2) 
PARAMETRIC_REPRESENTATION_CONTEXT() REPRESENTATION_CONTEXT('2D SPACE',''
  ) );
#1110 = PCURVE('',#473,#1111);
#1111 = DEFINITIONAL_REPRESENTATION('',(#1112),#1119);
#1112 = B_SPLINE_CURVE_WITH_KNOTS('',5,(#1113,#1114,#1115,#1116,#1117,
    #1118),.UNSPECIFIED.,.F.,.F.,(6,6),(5.590917238592,5.890175209254),
  .PIECEWISE_BEZIER_KNOTS.);
#1113 = CARTESIAN_POINT('',(-2.449324585002,-1.2700006));
#1114 = CARTESIAN_POINT('',(-2.509176179134,-0.639746290018));
#1115 = CARTESIAN_POINT('',(-2.569027773267,-6.635930879443E-02));
#1116 = CARTESIAN_POINT('',(-2.628879367399,0.445454798063));
#1117 = CARTESIAN_POINT('',(-2.688730961532,0.891848126617));
#1118 = CARTESIAN_POINT('',(-2.748582555664,1.2700006));
#1119 = ( GEOMETRIC_REPRESENTATION_CONTEXT(2) 
PARAMETRIC_REPRESENTATION_CONTEXT() REPRESENTATION_CONTEXT('2D SPACE',''
  ) );
#1120 = ORIENTED_EDGE('',*,*,#485,.F.);
#1121 = ADVANCED_FACE('',(#1122),#473,.T.);
#1122 = FACE_BOUND('',#1123,.T.);
#1123 = EDGE_LOOP('',(#1124,#1148,#1169,#1170));
#1124 = ORIENTED_EDGE('',*,*,#1125,.F.);
#1125 = EDGE_CURVE('',#1126,#1076,#1128,.T.);
#1126 = VERTEX_POINT('',#1127);
#1127 = CARTESIAN_POINT('',(-9.525,-2.54,-1.730469372697E-15));
#1128 = SURFACE_CURVE('',#1129,(#1134,#1141),.PCURVE_S1.);
#1129 = CIRCLE('',#1130,9.525);
#1130 = AXIS2_PLACEMENT_3D('',#1131,#1132,#1133);
#1131 = CARTESIAN_POINT('',(0.,-2.54,-5.639932965096E-16));
#1132 = DIRECTION('',(0.,-1.,-2.22044604925E-16));
#1133 = DIRECTION('',(1.,0.,0.));
#1134 = PCURVE('',#473,#1135);
#1135 = DEFINITIONAL_REPRESENTATION('',(#1136),#1140);
#1136 = LINE('',#1137,#1138);
#1137 = CARTESIAN_POINT('',(-6.28318530718,1.27));
#1138 = VECTOR('',#1139,1.);
#1139 = DIRECTION('',(1.,0.));
#1140 = ( GEOMETRIC_REPRESENTATION_CONTEXT(2) 
PARAMETRIC_REPRESENTATION_CONTEXT() REPRESENTATION_CONTEXT('2D SPACE',''
  ) );
#1141 = PCURVE('',#811,#1142);
#1142 = DEFINITIONAL_REPRESENTATION('',(#1143),#1147);
#1143 = CIRCLE('',#1144,9.525);
#1144 = AXIS2_PLACEMENT_2D('',#1145,#1146);
#1145 = CARTESIAN_POINT('',(-4.697245059582E-10,-4.697264799347E-10));
#1146 = DIRECTION('',(0.,1.));
#1147 = ( GEOMETRIC_REPRESENTATION_CONTEXT(2) 
PARAMETRIC_REPRESENTATION_CONTEXT() REPRESENTATION_CONTEXT('2D SPACE',''
  ) );
#1148 = ORIENTED_EDGE('',*,*,#1149,.T.);
#1149 = EDGE_CURVE('',#1126,#428,#1150,.T.);
#1150 = SURFACE_CURVE('',#1151,(#1155,#1162),.PCURVE_S1.);
#1151 = LINE('',#1152,#1153);
#1152 = CARTESIAN_POINT('',(-9.525,-1.27,-1.448472724443E-15));
#1153 = VECTOR('',#1154,1.);
#1154 = DIRECTION('',(0.,1.,2.22044604925E-16));
#1155 = PCURVE('',#473,#1156);
#1156 = DEFINITIONAL_REPRESENTATION('',(#1157),#1161);
#1157 = LINE('',#1158,#1159);
#1158 = CARTESIAN_POINT('',(-3.14159265359,0.));
#1159 = VECTOR('',#1160,1.);
#1160 = DIRECTION('',(0.,-1.));
#1161 = ( GEOMETRIC_REPRESENTATION_CONTEXT(2) 
PARAMETRIC_REPRESENTATION_CONTEXT() REPRESENTATION_CONTEXT('2D SPACE',''
  ) );
#1162 = PCURVE('',#444,#1163);
#1163 = DEFINITIONAL_REPRESENTATION('',(#1164),#1168);
#1164 = LINE('',#1165,#1166);
#1165 = CARTESIAN_POINT('',(3.14159265359,0.));
#1166 = VECTOR('',#1167,1.);
#1167 = DIRECTION('',(0.,-1.));
#1168 = ( GEOMETRIC_REPRESENTATION_CONTEXT(2) 
PARAMETRIC_REPRESENTATION_CONTEXT() REPRESENTATION_CONTEXT('2D SPACE',''
  ) );
#1169 = ORIENTED_EDGE('',*,*,#456,.F.);
#1170 = ORIENTED_EDGE('',*,*,#1096,.T.);
#1171 = ADVANCED_FACE('',(#1172),#444,.T.);
#1172 = FACE_BOUND('',#1173,.T.);
#1173 = EDGE_LOOP('',(#1174,#1175,#1199,#1224));
#1174 = ORIENTED_EDGE('',*,*,#1149,.F.);
#1175 = ORIENTED_EDGE('',*,*,#1176,.F.);
#1176 = EDGE_CURVE('',#1177,#1126,#1179,.T.);
#1177 = VERTEX_POINT('',#1178);
#1178 = CARTESIAN_POINT('',(-8.79881810245,-2.54,3.647797280552));
#1179 = SURFACE_CURVE('',#1180,(#1185,#1192),.PCURVE_S1.);
#1180 = CIRCLE('',#1181,9.525);
#1181 = AXIS2_PLACEMENT_3D('',#1182,#1183,#1184);
#1182 = CARTESIAN_POINT('',(0.,-2.54,-5.639932965096E-16));
#1183 = DIRECTION('',(0.,-1.,-2.22044604925E-16));
#1184 = DIRECTION('',(1.,0.,0.));
#1185 = PCURVE('',#444,#1186);
#1186 = DEFINITIONAL_REPRESENTATION('',(#1187),#1191);
#1187 = LINE('',#1188,#1189);
#1188 = CARTESIAN_POINT('',(-6.28318530718,1.27));
#1189 = VECTOR('',#1190,1.);
#1190 = DIRECTION('',(1.,0.));
#1191 = ( GEOMETRIC_REPRESENTATION_CONTEXT(2) 
PARAMETRIC_REPRESENTATION_CONTEXT() REPRESENTATION_CONTEXT('2D SPACE',''
  ) );
#1192 = PCURVE('',#811,#1193);
#1193 = DEFINITIONAL_REPRESENTATION('',(#1194),#1198);
#1194 = CIRCLE('',#1195,9.525);
#1195 = AXIS2_PLACEMENT_2D('',#1196,#1197);
#1196 = CARTESIAN_POINT('',(-4.697245059582E-10,-4.697264799347E-10));
#1197 = DIRECTION('',(0.,1.));
#1198 = ( GEOMETRIC_REPRESENTATION_CONTEXT(2) 
PARAMETRIC_REPRESENTATION_CONTEXT() REPRESENTATION_CONTEXT('2D SPACE',''
  ) );
#1199 = ORIENTED_EDGE('',*,*,#1200,.T.);
#1200 = EDGE_CURVE('',#1177,#402,#1201,.T.);
#1201 = SURFACE_CURVE('',#1202,(#1207,#1217),.PCURVE_S1.);
#1202 = ELLIPSE('',#1203,19.05,9.525);
#1203 = AXIS2_PLACEMENT_3D('',#1204,#1205,#1206);
#1204 = CARTESIAN_POINT('',(0.,12.7,2.819966482548E-15));
#1205 = DIRECTION('',(-0.866025403784,0.5,1.232595164408E-32));
#1206 = DIRECTION('',(-0.5,-0.866025403784,-2.563950248511E-16));
#1207 = PCURVE('',#444,#1208);
#1208 = DEFINITIONAL_REPRESENTATION('',(#1209),#1216);
#1209 = B_SPLINE_CURVE_WITH_KNOTS('',5,(#1210,#1211,#1212,#1213,#1214,
    #1215),.UNSPECIFIED.,.F.,.F.,(6,6),(0.393010097926,0.692268068588),
  .PIECEWISE_BEZIER_KNOTS.);
#1210 = CARTESIAN_POINT('',(2.748582555664,1.2700006));
#1211 = CARTESIAN_POINT('',(2.688730961532,0.891848126617));
#1212 = CARTESIAN_POINT('',(2.628879367399,0.445454798063));
#1213 = CARTESIAN_POINT('',(2.569027773267,-6.635930879443E-02));
#1214 = CARTESIAN_POINT('',(2.509176179134,-0.639746290018));
#1215 = CARTESIAN_POINT('',(2.449324585002,-1.2700006));
#1216 = ( GEOMETRIC_REPRESENTATION_CONTEXT(2) 
PARAMETRIC_REPRESENTATION_CONTEXT() REPRESENTATION_CONTEXT('2D SPACE',''
  ) );
#1217 = PCURVE('',#416,#1218);
#1218 = DEFINITIONAL_REPRESENTATION('',(#1219),#1223);
#1219 = ELLIPSE('',#1220,19.05,9.525);
#1220 = AXIS2_PLACEMENT_2D('',#1221,#1222);
#1221 = CARTESIAN_POINT('',(6.35,100.99852262806));
#1222 = DIRECTION('',(-2.563950248511E-16,-1.));
#1223 = ( GEOMETRIC_REPRESENTATION_CONTEXT(2) 
PARAMETRIC_REPRESENTATION_CONTEXT() REPRESENTATION_CONTEXT('2D SPACE',''
  ) );
#1224 = ORIENTED_EDGE('',*,*,#427,.F.);
#1225 = ADVANCED_FACE('',(#1226),#416,.T.);
#1226 = FACE_BOUND('',#1227,.T.);
#1227 = EDGE_LOOP('',(#1228,#1249,#1270,#1271));
#1228 = ORIENTED_EDGE('',*,*,#1229,.F.);
#1229 = EDGE_CURVE('',#1230,#1177,#1232,.T.);
#1230 = VERTEX_POINT('',#1231);
#1231 = CARTESIAN_POINT('',(-8.79881810245,-2.54,6.35));
#1232 = SURFACE_CURVE('',#1233,(#1237,#1243),.PCURVE_S1.);
#1233 = LINE('',#1234,#1235);
#1234 = CARTESIAN_POINT('',(-8.79881810245,-2.54,-3.175000000235));
#1235 = VECTOR('',#1236,1.);
#1236 = DIRECTION('',(1.281975124256E-16,2.22044604925E-16,-1.));
#1237 = PCURVE('',#416,#1238);
#1238 = DEFINITIONAL_REPRESENTATION('',(#1239),#1242);
#1239 = B_SPLINE_CURVE_WITH_KNOTS('',1,(#1240,#1241),.UNSPECIFIED.,.F.,
  .F.,(2,2),(-9.525000000235,3.174999999765),.PIECEWISE_BEZIER_KNOTS.);
#1240 = CARTESIAN_POINT('',(12.7,83.400886423163));
#1241 = CARTESIAN_POINT('',(0.,83.400886423163));
#1242 = ( GEOMETRIC_REPRESENTATION_CONTEXT(2) 
PARAMETRIC_REPRESENTATION_CONTEXT() REPRESENTATION_CONTEXT('2D SPACE',''
  ) );
#1243 = PCURVE('',#811,#1244);
#1244 = DEFINITIONAL_REPRESENTATION('',(#1245),#1248);
#1245 = B_SPLINE_CURVE_WITH_KNOTS('',1,(#1246,#1247),.UNSPECIFIED.,.F.,
  .F.,(2,2),(-9.525000000235,3.174999999765),.PIECEWISE_BEZIER_KNOTS.);
#1246 = CARTESIAN_POINT('',(-6.35000000047,-8.79881810292));
#1247 = CARTESIAN_POINT('',(6.34999999953,-8.79881810292));
#1248 = ( GEOMETRIC_REPRESENTATION_CONTEXT(2) 
PARAMETRIC_REPRESENTATION_CONTEXT() REPRESENTATION_CONTEXT('2D SPACE',''
  ) );
#1249 = ORIENTED_EDGE('',*,*,#1250,.T.);
#1250 = EDGE_CURVE('',#1230,#376,#1251,.T.);
#1251 = SURFACE_CURVE('',#1252,(#1256,#1263),.PCURVE_S1.);
#1252 = LINE('',#1253,#1254);
#1253 = CARTESIAN_POINT('',(-50.49926131403,-74.76728634059,6.35));
#1254 = VECTOR('',#1255,1.);
#1255 = DIRECTION('',(0.5,0.866025403784,0.));
#1256 = PCURVE('',#416,#1257);
#1257 = DEFINITIONAL_REPRESENTATION('',(#1258),#1262);
#1258 = LINE('',#1259,#1260);
#1259 = CARTESIAN_POINT('',(12.7,0.));
#1260 = VECTOR('',#1261,1.);
#1261 = DIRECTION('',(0.,1.));
#1262 = ( GEOMETRIC_REPRESENTATION_CONTEXT(2) 
PARAMETRIC_REPRESENTATION_CONTEXT() REPRESENTATION_CONTEXT('2D SPACE',''
  ) );
#1263 = PCURVE('',#390,#1264);
#1264 = DEFINITIONAL_REPRESENTATION('',(#1265),#1269);
#1265 = LINE('',#1266,#1267);
#1266 = CARTESIAN_POINT('',(-7.993605777301E-15,12.7));
#1267 = VECTOR('',#1268,1.);
#1268 = DIRECTION('',(1.,0.));
#1269 = ( GEOMETRIC_REPRESENTATION_CONTEXT(2) 
PARAMETRIC_REPRESENTATION_CONTEXT() REPRESENTATION_CONTEXT('2D SPACE',''
  ) );
#1270 = ORIENTED_EDGE('',*,*,#401,.F.);
#1271 = ORIENTED_EDGE('',*,*,#1200,.F.);
#1272 = ADVANCED_FACE('',(#1273),#390,.T.);
#1273 = FACE_BOUND('',#1274,.T.);
#1274 = EDGE_LOOP('',(#1275,#1276,#1295,#1296));
#1275 = ORIENTED_EDGE('',*,*,#1250,.F.);
#1276 = ORIENTED_EDGE('',*,*,#1277,.F.);
#1277 = EDGE_CURVE('',#795,#1230,#1278,.T.);
#1278 = SURFACE_CURVE('',#1279,(#1283,#1289),.PCURVE_S1.);
#1279 = LINE('',#1280,#1281);
#1280 = CARTESIAN_POINT('',(-19.75036934275,-2.54,6.35));
#1281 = VECTOR('',#1282,1.);
#1282 = DIRECTION('',(-1.,-0.,0.));
#1283 = PCURVE('',#390,#1284);
#1284 = DEFINITIONAL_REPRESENTATION('',(#1285),#1288);
#1285 = B_SPLINE_CURVE_WITH_KNOTS('',1,(#1286,#1287),.UNSPECIFIED.,.F.,
  .F.,(2,2),(-25.61624807771,-10.9515512403),.PIECEWISE_BEZIER_KNOTS.);
#1286 = CARTESIAN_POINT('',(90.733234841871,3.552713678801E-15));
#1287 = CARTESIAN_POINT('',(83.400886423163,12.7));
#1288 = ( GEOMETRIC_REPRESENTATION_CONTEXT(2) 
PARAMETRIC_REPRESENTATION_CONTEXT() REPRESENTATION_CONTEXT('2D SPACE',''
  ) );
#1289 = PCURVE('',#811,#1290);
#1290 = DEFINITIONAL_REPRESENTATION('',(#1291),#1294);
#1291 = B_SPLINE_CURVE_WITH_KNOTS('',1,(#1292,#1293),.UNSPECIFIED.,.F.,
  .F.,(2,2),(-25.61624807771,-10.9515512403),.PIECEWISE_BEZIER_KNOTS.);
#1292 = CARTESIAN_POINT('',(-6.35000000047,5.865878734497));
#1293 = CARTESIAN_POINT('',(-6.35000000047,-8.79881810292));
#1294 = ( GEOMETRIC_REPRESENTATION_CONTEXT(2) 
PARAMETRIC_REPRESENTATION_CONTEXT() REPRESENTATION_CONTEXT('2D SPACE',''
  ) );
#1295 = ORIENTED_EDGE('',*,*,#1005,.F.);
#1296 = ORIENTED_EDGE('',*,*,#375,.F.);
#1297 = ADVANCED_FACE('',(#1298),#340,.T.);
#1298 = FACE_BOUND('',#1299,.T.);
#1299 = EDGE_LOOP('',(#1300,#1301,#1322));
#1300 = ORIENTED_EDGE('',*,*,#985,.T.);
#1301 = ORIENTED_EDGE('',*,*,#1302,.T.);
#1302 = EDGE_CURVE('',#959,#300,#1303,.T.);
#1303 = SURFACE_CURVE('',#1304,(#1308,#1315),.PCURVE_S1.);
#1304 = LINE('',#1305,#1306);
#1305 = CARTESIAN_POINT('',(-39.50073868596,-81.11728634059,6.35));
#1306 = VECTOR('',#1307,1.);
#1307 = DIRECTION('',(0.5,0.866025403784,0.));
#1308 = PCURVE('',#340,#1309);
#1309 = DEFINITIONAL_REPRESENTATION('',(#1310),#1314);
#1310 = LINE('',#1311,#1312);
#1311 = CARTESIAN_POINT('',(0.,0.));
#1312 = VECTOR('',#1313,1.);
#1313 = DIRECTION('',(1.,0.));
#1314 = ( GEOMETRIC_REPRESENTATION_CONTEXT(2) 
PARAMETRIC_REPRESENTATION_CONTEXT() REPRESENTATION_CONTEXT('2D SPACE',''
  ) );
#1315 = PCURVE('',#314,#1316);
#1316 = DEFINITIONAL_REPRESENTATION('',(#1317),#1321);
#1317 = LINE('',#1318,#1319);
#1318 = CARTESIAN_POINT('',(12.7,0.));
#1319 = VECTOR('',#1320,1.);
#1320 = DIRECTION('',(0.,1.));
#1321 = ( GEOMETRIC_REPRESENTATION_CONTEXT(2) 
PARAMETRIC_REPRESENTATION_CONTEXT() REPRESENTATION_CONTEXT('2D SPACE',''
  ) );
#1322 = ORIENTED_EDGE('',*,*,#325,.F.);
#1323 = ADVANCED_FACE('',(#1324),#314,.F.);
#1324 = FACE_BOUND('',#1325,.F.);
#1325 = EDGE_LOOP('',(#1326,#1327,#1328));
#1326 = ORIENTED_EDGE('',*,*,#958,.F.);
#1327 = ORIENTED_EDGE('',*,*,#1302,.T.);
#1328 = ORIENTED_EDGE('',*,*,#299,.F.);
#1329 = ADVANCED_FACE('',(#1330),#156,.T.);
#1330 = FACE_BOUND('',#1331,.T.);
#1331 = EDGE_LOOP('',(#1332,#1390,#1418,#1444,#1445,#1468,#1496,#1524,
    #1545,#1546,#1574,#1602,#1646,#1647,#1675));
#1332 = ORIENTED_EDGE('',*,*,#1333,.F.);
#1333 = EDGE_CURVE('',#1334,#1336,#1338,.T.);
#1334 = VERTEX_POINT('',#1335);
#1335 = CARTESIAN_POINT('',(39.514295074047,12.7,18.532548000357));
#1336 = VERTEX_POINT('',#1337);
#1337 = CARTESIAN_POINT('',(43.018436143075,6.35,13.23693704709));
#1338 = SURFACE_CURVE('',#1339,(#1344,#1351),.PCURVE_S1.);
#1339 = CIRCLE('',#1340,6.35);
#1340 = AXIS2_PLACEMENT_3D('',#1341,#1342,#1343);
#1341 = CARTESIAN_POINT('',(39.514295074047,6.35,18.532548000357));
#1342 = DIRECTION('',(-0.833954480829,1.387778780781E-16,-0.551833239217
    ));
#1343 = DIRECTION('',(0.390205025534,0.707106781187,-0.589694868595));
#1344 = PCURVE('',#156,#1345);
#1345 = DEFINITIONAL_REPRESENTATION('',(#1346),#1350);
#1346 = LINE('',#1347,#1348);
#1347 = CARTESIAN_POINT('',(-6.28318530718,52.070000572205));
#1348 = VECTOR('',#1349,1.);
#1349 = DIRECTION('',(1.,0.));
#1350 = ( GEOMETRIC_REPRESENTATION_CONTEXT(2) 
PARAMETRIC_REPRESENTATION_CONTEXT() REPRESENTATION_CONTEXT('2D SPACE',''
  ) );
#1351 = PCURVE('',#1352,#1362);
#1352 = ( BOUNDED_SURFACE() B_SPLINE_SURFACE(2,2,(
    (#1353,#1354,#1355)
    ,(#1356,#1357,#1358)
    ,(#1359,#1360,#1361
)),.UNSPECIFIED.,.F.,.F.,.F.) B_SPLINE_SURFACE_WITH_KNOTS((3,3),(3,3),(
    -1.570796326795,-6.11040884867E-14),(-2.352213708095E-13,
    1.570796326795),.PIECEWISE_BEZIER_KNOTS.) 
GEOMETRIC_REPRESENTATION_ITEM() RATIONAL_B_SPLINE_SURFACE((
    (1.,0.707106781186,1.)
    ,(0.707106781187,0.5,0.707106781187)
,(1.,0.707106781186,1.))) REPRESENTATION_ITEM('') SURFACE() );
#1353 = CARTESIAN_POINT('',(35.97863452524,6.35,14.670112954482));
#1354 = CARTESIAN_POINT('',(35.97863452524,7.62,14.670112954481));
#1355 = CARTESIAN_POINT('',(35.277806311434,7.62,15.729235145135));
#1356 = CARTESIAN_POINT('',(38.781947380461,6.35,10.433624191868));
#1357 = CARTESIAN_POINT('',(38.781947380463,12.700000000002,
    10.433624191867));
#1358 = CARTESIAN_POINT('',(35.277806311434,12.7,15.729235145134));
#1359 = CARTESIAN_POINT('',(43.018436143075,6.35,13.23693704709));
#1360 = CARTESIAN_POINT('',(43.018436143076,12.700000000002,
    13.236937047089));
#1361 = CARTESIAN_POINT('',(39.514295074047,12.7,18.532548000357));
#1362 = DEFINITIONAL_REPRESENTATION('',(#1363),#1389);
#1363 = B_SPLINE_CURVE_WITH_KNOTS('',3,(#1364,#1365,#1366,#1367,#1368,
    #1369,#1370,#1371,#1372,#1373,#1374,#1375,#1376,#1377,#1378,#1379,
    #1380,#1381,#1382,#1383,#1384,#1385,#1386,#1387,#1388),
  .UNSPECIFIED.,.F.,.F.,(4,1,1,1,1,1,1,1,1,1,1,1,1,1,1,1,1,1,1,1,1,1,4),
  (5.497787143782,5.569186976818,5.640586809854,5.711986642891,
    5.783386475927,5.854786308963,5.926186141999,5.997585975035,
    6.068985808071,6.140385641107,6.211785474143,6.28318530718,
    6.354585140216,6.425984973252,6.497384806288,6.568784639324,
    6.64018447236,6.711584305396,6.782984138433,6.854383971469,
    6.925783804505,6.997183637541,7.068583470577),
  .QUASI_UNIFORM_KNOTS.);
#1364 = CARTESIAN_POINT('',(-6.11040884867E-14,1.570796326795));
#1365 = CARTESIAN_POINT('',(-6.11040884867E-14,1.544363278267));
#1366 = CARTESIAN_POINT('',(-6.11040884867E-14,1.492271114166));
#1367 = CARTESIAN_POINT('',(-6.11040884867E-14,1.416189872242));
#1368 = CARTESIAN_POINT('',(-6.11040884867E-14,1.341892168614));
#1369 = CARTESIAN_POINT('',(-6.11040884867E-14,1.269134886861));
#1370 = CARTESIAN_POINT('',(-6.11040884867E-14,1.197690220556));
#1371 = CARTESIAN_POINT('',(-6.11040884867E-14,1.12734572285));
#1372 = CARTESIAN_POINT('',(-6.11040884867E-14,1.057900795762));
#1373 = CARTESIAN_POINT('',(-6.11040884867E-14,0.989164516627));
#1374 = CARTESIAN_POINT('',(-6.11040884867E-14,0.92095340603));
#1375 = CARTESIAN_POINT('',(-6.11040884867E-14,0.85308944002));
#1376 = CARTESIAN_POINT('',(-6.11040884867E-14,0.785398163397));
#1377 = CARTESIAN_POINT('',(-6.11040884867E-14,0.717706886775));
#1378 = CARTESIAN_POINT('',(-6.11040884867E-14,0.649842920765));
#1379 = CARTESIAN_POINT('',(-6.11040884867E-14,0.581631810168));
#1380 = CARTESIAN_POINT('',(-6.11040884867E-14,0.512895531033));
#1381 = CARTESIAN_POINT('',(-6.11040884867E-14,0.443450603944));
#1382 = CARTESIAN_POINT('',(-6.11040884867E-14,0.373106106239));
#1383 = CARTESIAN_POINT('',(-6.11040884867E-14,0.301661439934));
#1384 = CARTESIAN_POINT('',(-6.11040884867E-14,0.228904158181));
#1385 = CARTESIAN_POINT('',(-6.11040884867E-14,0.154606454553));
#1386 = CARTESIAN_POINT('',(-6.11040884867E-14,7.852521262851E-02));
#1387 = CARTESIAN_POINT('',(-6.11040884867E-14,2.643304852806E-02));
#1388 = CARTESIAN_POINT('',(-6.11040884867E-14,-2.352213708095E-13));
#1389 = ( GEOMETRIC_REPRESENTATION_CONTEXT(2) 
PARAMETRIC_REPRESENTATION_CONTEXT() REPRESENTATION_CONTEXT('2D SPACE',''
  ) );
#1390 = ORIENTED_EDGE('',*,*,#1391,.T.);
#1391 = EDGE_CURVE('',#1334,#1392,#1394,.T.);
#1392 = VERTEX_POINT('',#1393);
#1393 = CARTESIAN_POINT('',(162.37246966702,12.7,99.828621117548));
#1394 = SURFACE_CURVE('',#1395,(#1399,#1406),.PCURVE_S1.);
#1395 = LINE('',#1396,#1397);
#1396 = CARTESIAN_POINT('',(82.938305368026,12.7,47.266505082141));
#1397 = VECTOR('',#1398,1.);
#1398 = DIRECTION('',(0.833954480829,-1.225315935864E-16,0.551833239217)
  );
#1399 = PCURVE('',#156,#1400);
#1400 = DEFINITIONAL_REPRESENTATION('',(#1401),#1405);
#1401 = LINE('',#1402,#1403);
#1402 = CARTESIAN_POINT('',(-0.785398163397,0.));
#1403 = VECTOR('',#1404,1.);
#1404 = DIRECTION('',(0.,-1.));
#1405 = ( GEOMETRIC_REPRESENTATION_CONTEXT(2) 
PARAMETRIC_REPRESENTATION_CONTEXT() REPRESENTATION_CONTEXT('2D SPACE',''
  ) );
#1406 = PCURVE('',#1407,#1412);
#1407 = PLANE('',#1408);
#1408 = AXIS2_PLACEMENT_3D('',#1409,#1410,#1411);
#1409 = CARTESIAN_POINT('',(1.556151238547E-15,12.7,4.682427986384E-16)
  );
#1410 = DIRECTION('',(1.225315935864E-16,1.,3.686951170381E-17));
#1411 = DIRECTION('',(-0.551833239217,3.686951170381E-17,0.833954480829)
  );
#1412 = DEFINITIONAL_REPRESENTATION('',(#1413),#1417);
#1413 = LINE('',#1414,#1415);
#1414 = CARTESIAN_POINT('',(-6.35,95.25));
#1415 = VECTOR('',#1416,1.);
#1416 = DIRECTION('',(0.,1.));
#1417 = ( GEOMETRIC_REPRESENTATION_CONTEXT(2) 
PARAMETRIC_REPRESENTATION_CONTEXT() REPRESENTATION_CONTEXT('2D SPACE',''
  ) );
#1418 = ORIENTED_EDGE('',*,*,#1419,.T.);
#1419 = EDGE_CURVE('',#1392,#225,#1420,.T.);
#1420 = SURFACE_CURVE('',#1421,(#1426,#1433),.PCURVE_S1.);
#1421 = CIRCLE('',#1422,6.35);
#1422 = AXIS2_PLACEMENT_3D('',#1423,#1424,#1425);
#1423 = CARTESIAN_POINT('',(162.37246966702,6.35,99.828621117548));
#1424 = DIRECTION('',(-0.833954480829,1.387778780781E-16,-0.551833239217
    ));
#1425 = DIRECTION('',(0.390205025534,-0.707106781187,-0.589694868595));
#1426 = PCURVE('',#156,#1427);
#1427 = DEFINITIONAL_REPRESENTATION('',(#1428),#1432);
#1428 = LINE('',#1429,#1430);
#1429 = CARTESIAN_POINT('',(-4.712388980385,-95.25));
#1430 = VECTOR('',#1431,1.);
#1431 = DIRECTION('',(1.,0.));
#1432 = ( GEOMETRIC_REPRESENTATION_CONTEXT(2) 
PARAMETRIC_REPRESENTATION_CONTEXT() REPRESENTATION_CONTEXT('2D SPACE',''
  ) );
#1433 = PCURVE('',#240,#1434);
#1434 = DEFINITIONAL_REPRESENTATION('',(#1435),#1443);
#1435 = ( BOUNDED_CURVE() B_SPLINE_CURVE(2,(#1436,#1437,#1438,#1439,
#1440,#1441,#1442),.UNSPECIFIED.,.T.,.F.) B_SPLINE_CURVE_WITH_KNOTS((1,2
    ,2,2,2,1),(-2.094395102393,0.,2.094395102393,4.188790204786,
6.28318530718,8.377580409573),.UNSPECIFIED.) CURVE() 
GEOMETRIC_REPRESENTATION_ITEM() RATIONAL_B_SPLINE_CURVE((1.,0.5,1.,0.5,
1.,0.5,1.)) REPRESENTATION_ITEM('') );
#1436 = CARTESIAN_POINT('',(23.540128060535,1.859871939465));
#1437 = CARTESIAN_POINT('',(15.762998127198,-5.917257993871));
#1438 = CARTESIAN_POINT('',(12.916371003064,4.706499063599));
#1439 = CARTESIAN_POINT('',(10.069743878931,15.330256121069));
#1440 = CARTESIAN_POINT('',(20.693500936401,12.483628996936));
#1441 = CARTESIAN_POINT('',(31.317257993871,9.637001872802));
#1442 = CARTESIAN_POINT('',(23.540128060535,1.859871939465));
#1443 = ( GEOMETRIC_REPRESENTATION_CONTEXT(2) 
PARAMETRIC_REPRESENTATION_CONTEXT() REPRESENTATION_CONTEXT('2D SPACE',''
  ) );
#1444 = ORIENTED_EDGE('',*,*,#252,.T.);
#1445 = ORIENTED_EDGE('',*,*,#1446,.T.);
#1446 = EDGE_CURVE('',#253,#1447,#1449,.T.);
#1447 = VERTEX_POINT('',#1448);
#1448 = CARTESIAN_POINT('',(7.332348418708,-4.127262835798E-15,
    -2.762460630641));
#1449 = SURFACE_CURVE('',#1450,(#1454,#1461),.PCURVE_S1.);
#1450 = LINE('',#1451,#1452);
#1451 = CARTESIAN_POINT('',(82.938305368026,-1.52359247623E-14,
    47.266505082141));
#1452 = VECTOR('',#1453,1.);
#1453 = DIRECTION('',(-0.833954480829,1.225315935864E-16,-0.551833239217
    ));
#1454 = PCURVE('',#156,#1455);
#1455 = DEFINITIONAL_REPRESENTATION('',(#1456),#1460);
#1456 = LINE('',#1457,#1458);
#1457 = CARTESIAN_POINT('',(2.356194490192,0.));
#1458 = VECTOR('',#1459,1.);
#1459 = DIRECTION('',(0.,1.));
#1460 = ( GEOMETRIC_REPRESENTATION_CONTEXT(2) 
PARAMETRIC_REPRESENTATION_CONTEXT() REPRESENTATION_CONTEXT('2D SPACE',''
  ) );
#1461 = PCURVE('',#945,#1462);
#1462 = DEFINITIONAL_REPRESENTATION('',(#1463),#1467);
#1463 = LINE('',#1464,#1465);
#1464 = CARTESIAN_POINT('',(-82.93830536802,47.266505082141));
#1465 = VECTOR('',#1466,1.);
#1466 = DIRECTION('',(0.833954480829,-0.551833239217));
#1467 = ( GEOMETRIC_REPRESENTATION_CONTEXT(2) 
PARAMETRIC_REPRESENTATION_CONTEXT() REPRESENTATION_CONTEXT('2D SPACE',''
  ) );
#1468 = ORIENTED_EDGE('',*,*,#1469,.F.);
#1469 = EDGE_CURVE('',#1470,#1447,#1472,.T.);
#1470 = VERTEX_POINT('',#1471);
#1471 = CARTESIAN_POINT('',(7.860440249988,0.914681882839,-6.35));
#1472 = SURFACE_CURVE('',#1473,(#1478,#1489),.PCURVE_S1.);
#1473 = ELLIPSE('',#1474,8.792264550718,6.35);
#1474 = AXIS2_PLACEMENT_3D('',#1475,#1476,#1477);
#1475 = CARTESIAN_POINT('',(10.998522628062,6.35,-0.336528717103));
#1476 = DIRECTION('',(-0.866025403784,0.5,-2.775557561563E-17));
#1477 = DIRECTION('',(-0.301433373956,-0.522097918789,-0.797841891769));
#1478 = PCURVE('',#156,#1479);
#1479 = DEFINITIONAL_REPRESENTATION('',(#1480),#1488);
#1480 = B_SPLINE_CURVE_WITH_KNOTS('',6,(#1481,#1482,#1483,#1484,#1485,
    #1486,#1487),.UNSPECIFIED.,.F.,.F.,(7,7),(6.207726942625,
    7.045989545311),.PIECEWISE_BEZIER_KNOTS.);
#1481 = CARTESIAN_POINT('',(1.517931887507,92.327370286423));
#1482 = CARTESIAN_POINT('',(1.657642321288,92.391419791147));
#1483 = CARTESIAN_POINT('',(1.797352755068,92.313435650192));
#1484 = CARTESIAN_POINT('',(1.937063188849,92.091163311452));
#1485 = CARTESIAN_POINT('',(2.07677362263,91.730683303852));
#1486 = CARTESIAN_POINT('',(2.216484056411,91.246613295276));
#1487 = CARTESIAN_POINT('',(2.356194490192,90.659572779231));
#1488 = ( GEOMETRIC_REPRESENTATION_CONTEXT(2) 
PARAMETRIC_REPRESENTATION_CONTEXT() REPRESENTATION_CONTEXT('2D SPACE',''
  ) );
#1489 = PCURVE('',#918,#1490);
#1490 = DEFINITIONAL_REPRESENTATION('',(#1491),#1495);
#1491 = ELLIPSE('',#1492,8.792264550718,6.35);
#1492 = AXIS2_PLACEMENT_2D('',#1493,#1494);
#1493 = CARTESIAN_POINT('',(6.013471282897,100.99852262806));
#1494 = DIRECTION('',(-0.797841891769,-0.602866747913));
#1495 = ( GEOMETRIC_REPRESENTATION_CONTEXT(2) 
PARAMETRIC_REPRESENTATION_CONTEXT() REPRESENTATION_CONTEXT('2D SPACE',''
  ) );
#1496 = ORIENTED_EDGE('',*,*,#1497,.F.);
#1497 = EDGE_CURVE('',#1498,#1470,#1500,.T.);
#1498 = VERTEX_POINT('',#1499);
#1499 = CARTESIAN_POINT('',(1.910702313311,-3.330669073875E-15,-6.35));
#1500 = SURFACE_CURVE('',#1501,(#1506,#1517),.PCURVE_S1.);
#1501 = ELLIPSE('',#1502,11.507099516172,6.35);
#1502 = AXIS2_PLACEMENT_3D('',#1503,#1504,#1505);
#1503 = CARTESIAN_POINT('',(1.910702313311,6.35,-6.35));
#1504 = DIRECTION('',(0.,0.,1.));
#1505 = DIRECTION('',(-1.,1.469283952579E-16,0.));
#1506 = PCURVE('',#156,#1507);
#1507 = DEFINITIONAL_REPRESENTATION('',(#1508),#1516);
#1508 = B_SPLINE_CURVE_WITH_KNOTS('',6,(#1509,#1510,#1511,#1512,#1513,
    #1514,#1515),.UNSPECIFIED.,.F.,.F.,(7,7),(1.570796326795,
    2.325563710147),.PIECEWISE_BEZIER_KNOTS.);
#1509 = CARTESIAN_POINT('',(2.356194490192,97.160702313311));
#1510 = CARTESIAN_POINT('',(2.2303999263,95.953527712242));
#1511 = CARTESIAN_POINT('',(2.104605362408,94.746354552911));
#1512 = CARTESIAN_POINT('',(1.978810798516,93.573557030688));
#1513 = CARTESIAN_POINT('',(1.853016234624,92.46955853758));
#1514 = CARTESIAN_POINT('',(1.727221670732,91.465369256423));
#1515 = CARTESIAN_POINT('',(1.60142710684,90.586025935436));
#1516 = ( GEOMETRIC_REPRESENTATION_CONTEXT(2) 
PARAMETRIC_REPRESENTATION_CONTEXT() REPRESENTATION_CONTEXT('2D SPACE',''
  ) );
#1517 = PCURVE('',#887,#1518);
#1518 = DEFINITIONAL_REPRESENTATION('',(#1519),#1523);
#1519 = ELLIPSE('',#1520,11.507099516172,6.35);
#1520 = AXIS2_PLACEMENT_2D('',#1521,#1522);
#1521 = CARTESIAN_POINT('',(96.454612470687,7.870283257603));
#1522 = DIRECTION('',(-0.5,0.866025403784));
#1523 = ( GEOMETRIC_REPRESENTATION_CONTEXT(2) 
PARAMETRIC_REPRESENTATION_CONTEXT() REPRESENTATION_CONTEXT('2D SPACE',''
  ) );
#1524 = ORIENTED_EDGE('',*,*,#1525,.T.);
#1525 = EDGE_CURVE('',#1498,#110,#1526,.T.);
#1526 = SURFACE_CURVE('',#1527,(#1531,#1538),.PCURVE_S1.);
#1527 = LINE('',#1528,#1529);
#1528 = CARTESIAN_POINT('',(82.938305368026,-1.52359247623E-14,
    47.266505082141));
#1529 = VECTOR('',#1530,1.);
#1530 = DIRECTION('',(-0.833954480829,1.225315935864E-16,-0.551833239217
    ));
#1531 = PCURVE('',#156,#1532);
#1532 = DEFINITIONAL_REPRESENTATION('',(#1533),#1537);
#1533 = LINE('',#1534,#1535);
#1534 = CARTESIAN_POINT('',(2.356194490192,0.));
#1535 = VECTOR('',#1536,1.);
#1536 = DIRECTION('',(0.,1.));
#1537 = ( GEOMETRIC_REPRESENTATION_CONTEXT(2) 
PARAMETRIC_REPRESENTATION_CONTEXT() REPRESENTATION_CONTEXT('2D SPACE',''
  ) );
#1538 = PCURVE('',#860,#1539);
#1539 = DEFINITIONAL_REPRESENTATION('',(#1540),#1544);
#1540 = LINE('',#1541,#1542);
#1541 = CARTESIAN_POINT('',(-82.93830536802,47.266505082141));
#1542 = VECTOR('',#1543,1.);
#1543 = DIRECTION('',(0.833954480829,-0.551833239217));
#1544 = ( GEOMETRIC_REPRESENTATION_CONTEXT(2) 
PARAMETRIC_REPRESENTATION_CONTEXT() REPRESENTATION_CONTEXT('2D SPACE',''
  ) );
#1545 = ORIENTED_EDGE('',*,*,#140,.T.);
#1546 = ORIENTED_EDGE('',*,*,#1547,.T.);
#1547 = EDGE_CURVE('',#141,#1548,#1550,.T.);
#1548 = VERTEX_POINT('',#1549);
#1549 = CARTESIAN_POINT('',(-155.3641875289,12.7,-110.419843024));
#1550 = SURFACE_CURVE('',#1551,(#1556,#1563),.PCURVE_S1.);
#1551 = CIRCLE('',#1552,6.35);
#1552 = AXIS2_PLACEMENT_3D('',#1553,#1554,#1555);
#1553 = CARTESIAN_POINT('',(-155.3641875289,6.35,-110.419843024));
#1554 = DIRECTION('',(0.833954480829,-1.387778780781E-16,0.551833239217)
  );
#1555 = DIRECTION('',(0.390205025534,0.707106781187,-0.589694868595));
#1556 = PCURVE('',#156,#1557);
#1557 = DEFINITIONAL_REPRESENTATION('',(#1558),#1562);
#1558 = LINE('',#1559,#1560);
#1559 = CARTESIAN_POINT('',(6.28318530718,285.75));
#1560 = VECTOR('',#1561,1.);
#1561 = DIRECTION('',(-1.,0.));
#1562 = ( GEOMETRIC_REPRESENTATION_CONTEXT(2) 
PARAMETRIC_REPRESENTATION_CONTEXT() REPRESENTATION_CONTEXT('2D SPACE',''
  ) );
#1563 = PCURVE('',#184,#1564);
#1564 = DEFINITIONAL_REPRESENTATION('',(#1565),#1573);
#1565 = ( BOUNDED_CURVE() B_SPLINE_CURVE(2,(#1566,#1567,#1568,#1569,
#1570,#1571,#1572),.UNSPECIFIED.,.T.,.F.) B_SPLINE_CURVE_WITH_KNOTS((1,2
    ,2,2,2,1),(-2.094395102393,0.,2.094395102393,4.188790204786,
6.28318530718,8.377580409573),.UNSPECIFIED.) CURVE() 
GEOMETRIC_REPRESENTATION_ITEM() RATIONAL_B_SPLINE_CURVE((1.,0.5,1.,0.5,
1.,0.5,1.)) REPRESENTATION_ITEM('') );
#1566 = CARTESIAN_POINT('',(1.859871939465,10.840128060535));
#1567 = CARTESIAN_POINT('',(9.637001872802,18.617257993871));
#1568 = CARTESIAN_POINT('',(12.483628996936,7.993500936401));
#1569 = CARTESIAN_POINT('',(15.330256121069,-2.630256121069));
#1570 = CARTESIAN_POINT('',(4.706499063599,0.216371003064));
#1571 = CARTESIAN_POINT('',(-5.917257993871,3.062998127198));
#1572 = CARTESIAN_POINT('',(1.859871939465,10.840128060535));
#1573 = ( GEOMETRIC_REPRESENTATION_CONTEXT(2) 
PARAMETRIC_REPRESENTATION_CONTEXT() REPRESENTATION_CONTEXT('2D SPACE',''
  ) );
#1574 = ORIENTED_EDGE('',*,*,#1575,.T.);
#1575 = EDGE_CURVE('',#1548,#1576,#1578,.T.);
#1576 = VERTEX_POINT('',#1577);
#1577 = CARTESIAN_POINT('',(-32.50601293599,12.7,-29.12376990689));
#1578 = SURFACE_CURVE('',#1579,(#1583,#1590),.PCURVE_S1.);
#1579 = LINE('',#1580,#1581);
#1580 = CARTESIAN_POINT('',(82.938305368026,12.7,47.266505082141));
#1581 = VECTOR('',#1582,1.);
#1582 = DIRECTION('',(0.833954480829,-1.225315935864E-16,0.551833239217)
  );
#1583 = PCURVE('',#156,#1584);
#1584 = DEFINITIONAL_REPRESENTATION('',(#1585),#1589);
#1585 = LINE('',#1586,#1587);
#1586 = CARTESIAN_POINT('',(-0.785398163397,0.));
#1587 = VECTOR('',#1588,1.);
#1588 = DIRECTION('',(0.,-1.));
#1589 = ( GEOMETRIC_REPRESENTATION_CONTEXT(2) 
PARAMETRIC_REPRESENTATION_CONTEXT() REPRESENTATION_CONTEXT('2D SPACE',''
  ) );
#1590 = PCURVE('',#1591,#1596);
#1591 = PLANE('',#1592);
#1592 = AXIS2_PLACEMENT_3D('',#1593,#1594,#1595);
#1593 = CARTESIAN_POINT('',(1.556151238547E-15,12.7,4.682427986384E-16)
  );
#1594 = DIRECTION('',(1.225315935864E-16,1.,3.686951170381E-17));
#1595 = DIRECTION('',(-0.551833239217,3.686951170381E-17,0.833954480829)
  );
#1596 = DEFINITIONAL_REPRESENTATION('',(#1597),#1601);
#1597 = LINE('',#1598,#1599);
#1598 = CARTESIAN_POINT('',(-6.35,95.25));
#1599 = VECTOR('',#1600,1.);
#1600 = DIRECTION('',(0.,1.));
#1601 = ( GEOMETRIC_REPRESENTATION_CONTEXT(2) 
PARAMETRIC_REPRESENTATION_CONTEXT() REPRESENTATION_CONTEXT('2D SPACE',''
  ) );
#1602 = ORIENTED_EDGE('',*,*,#1603,.F.);
#1603 = EDGE_CURVE('',#710,#1576,#1604,.T.);
#1604 = SURFACE_CURVE('',#1605,(#1610,#1617),.PCURVE_S1.);
#1605 = CIRCLE('',#1606,6.35);
#1606 = AXIS2_PLACEMENT_3D('',#1607,#1608,#1609);
#1607 = CARTESIAN_POINT('',(-32.50601293599,6.35,-29.12376990689));
#1608 = DIRECTION('',(0.833954480829,-1.387778780781E-16,0.551833239217)
  );
#1609 = DIRECTION('',(0.390205025534,0.707106781187,-0.589694868595));
#1610 = PCURVE('',#156,#1611);
#1611 = DEFINITIONAL_REPRESENTATION('',(#1612),#1616);
#1612 = LINE('',#1613,#1614);
#1613 = CARTESIAN_POINT('',(6.28318530718,138.42999942779));
#1614 = VECTOR('',#1615,1.);
#1615 = DIRECTION('',(-1.,0.));
#1616 = ( GEOMETRIC_REPRESENTATION_CONTEXT(2) 
PARAMETRIC_REPRESENTATION_CONTEXT() REPRESENTATION_CONTEXT('2D SPACE',''
  ) );
#1617 = PCURVE('',#726,#1618);
#1618 = DEFINITIONAL_REPRESENTATION('',(#1619),#1645);
#1619 = B_SPLINE_CURVE_WITH_KNOTS('',3,(#1620,#1621,#1622,#1623,#1624,
    #1625,#1626,#1627,#1628,#1629,#1630,#1631,#1632,#1633,#1634,#1635,
    #1636,#1637,#1638,#1639,#1640,#1641,#1642,#1643,#1644),
  .UNSPECIFIED.,.F.,.F.,(4,1,1,1,1,1,1,1,1,1,1,1,1,1,1,1,1,1,1,1,1,1,4),
  (5.497787143782,5.569186976818,5.640586809854,5.711986642891,
    5.783386475927,5.854786308963,5.926186141999,5.997585975035,
    6.068985808071,6.140385641107,6.211785474143,6.28318530718,
    6.354585140216,6.425984973252,6.497384806288,6.568784639324,
    6.64018447236,6.711584305396,6.782984138433,6.854383971469,
    6.925783804505,6.997183637541,7.068583470577),
  .QUASI_UNIFORM_KNOTS.);
#1620 = CARTESIAN_POINT('',(-5.082127736203E-16,3.14159265359));
#1621 = CARTESIAN_POINT('',(-5.082127736203E-16,3.115159605062));
#1622 = CARTESIAN_POINT('',(-5.082127736203E-16,3.063067440961));
#1623 = CARTESIAN_POINT('',(-5.082127736203E-16,2.986986199037));
#1624 = CARTESIAN_POINT('',(-5.082127736203E-16,2.912688495409));
#1625 = CARTESIAN_POINT('',(-5.082127736203E-16,2.839931213656));
#1626 = CARTESIAN_POINT('',(-5.082127736203E-16,2.768486547351));
#1627 = CARTESIAN_POINT('',(-5.082127736203E-16,2.698142049645));
#1628 = CARTESIAN_POINT('',(-5.082127736203E-16,2.628697122557));
#1629 = CARTESIAN_POINT('',(-5.082127736203E-16,2.559960843422));
#1630 = CARTESIAN_POINT('',(-5.082127736203E-16,2.491749732825));
#1631 = CARTESIAN_POINT('',(-5.082127736203E-16,2.423885766815));
#1632 = CARTESIAN_POINT('',(-5.082127736203E-16,2.356194490192));
#1633 = CARTESIAN_POINT('',(-5.082127736203E-16,2.28850321357));
#1634 = CARTESIAN_POINT('',(-5.082127736203E-16,2.22063924756));
#1635 = CARTESIAN_POINT('',(-5.082127736203E-16,2.152428136962));
#1636 = CARTESIAN_POINT('',(-5.082127736203E-16,2.083691857827));
#1637 = CARTESIAN_POINT('',(-5.082127736203E-16,2.014246930739));
#1638 = CARTESIAN_POINT('',(-5.082127736203E-16,1.943902433034));
#1639 = CARTESIAN_POINT('',(-5.082127736203E-16,1.872457766729));
#1640 = CARTESIAN_POINT('',(-5.082127736203E-16,1.799700484976));
#1641 = CARTESIAN_POINT('',(-5.082127736203E-16,1.725402781348));
#1642 = CARTESIAN_POINT('',(-5.082127736203E-16,1.649321539424));
#1643 = CARTESIAN_POINT('',(-5.082127736203E-16,1.597229375323));
#1644 = CARTESIAN_POINT('',(-5.082127736203E-16,1.570796326795));
#1645 = ( GEOMETRIC_REPRESENTATION_CONTEXT(2) 
PARAMETRIC_REPRESENTATION_CONTEXT() REPRESENTATION_CONTEXT('2D SPACE',''
  ) );
#1646 = ORIENTED_EDGE('',*,*,#765,.F.);
#1647 = ORIENTED_EDGE('',*,*,#1648,.F.);
#1648 = EDGE_CURVE('',#1649,#575,#1651,.T.);
#1649 = VERTEX_POINT('',#1650);
#1650 = CARTESIAN_POINT('',(12.7,6.35,-6.824974255532));
#1651 = SURFACE_CURVE('',#1652,(#1656,#1663),.PCURVE_S1.);
#1652 = LINE('',#1653,#1654);
#1653 = CARTESIAN_POINT('',(86.442446437053,6.35,41.970894128874));
#1654 = VECTOR('',#1655,1.);
#1655 = DIRECTION('',(-0.833954480829,1.225315935864E-16,-0.551833239217
    ));
#1656 = PCURVE('',#156,#1657);
#1657 = DEFINITIONAL_REPRESENTATION('',(#1658),#1662);
#1658 = LINE('',#1659,#1660);
#1659 = CARTESIAN_POINT('',(0.785398163397,0.));
#1660 = VECTOR('',#1661,1.);
#1661 = DIRECTION('',(0.,1.));
#1662 = ( GEOMETRIC_REPRESENTATION_CONTEXT(2) 
PARAMETRIC_REPRESENTATION_CONTEXT() REPRESENTATION_CONTEXT('2D SPACE',''
  ) );
#1663 = PCURVE('',#1664,#1669);
#1664 = PLANE('',#1665);
#1665 = AXIS2_PLACEMENT_3D('',#1666,#1667,#1668);
#1666 = CARTESIAN_POINT('',(-1.254502557804E-14,6.35,1.613356044796E-32)
  );
#1667 = DIRECTION('',(-1.224646799147E-16,1.,-2.540718180781E-33));
#1668 = DIRECTION('',(-1.,-1.224646799147E-16,-2.22044604925E-16));
#1669 = DEFINITIONAL_REPRESENTATION('',(#1670),#1674);
#1670 = LINE('',#1671,#1672);
#1671 = CARTESIAN_POINT('',(-86.44244643705,41.970894128874));
#1672 = VECTOR('',#1673,1.);
#1673 = DIRECTION('',(0.833954480829,-0.551833239217));
#1674 = ( GEOMETRIC_REPRESENTATION_CONTEXT(2) 
PARAMETRIC_REPRESENTATION_CONTEXT() REPRESENTATION_CONTEXT('2D SPACE',''
  ) );
#1675 = ORIENTED_EDGE('',*,*,#1676,.F.);
#1676 = EDGE_CURVE('',#1336,#1649,#1677,.T.);
#1677 = SURFACE_CURVE('',#1678,(#1682,#1689),.PCURVE_S1.);
#1678 = LINE('',#1679,#1680);
#1679 = CARTESIAN_POINT('',(86.442446437053,6.35,41.970894128874));
#1680 = VECTOR('',#1681,1.);
#1681 = DIRECTION('',(-0.833954480829,1.225315935864E-16,-0.551833239217
    ));
#1682 = PCURVE('',#156,#1683);
#1683 = DEFINITIONAL_REPRESENTATION('',(#1684),#1688);
#1684 = LINE('',#1685,#1686);
#1685 = CARTESIAN_POINT('',(0.785398163397,0.));
#1686 = VECTOR('',#1687,1.);
#1687 = DIRECTION('',(0.,1.));
#1688 = ( GEOMETRIC_REPRESENTATION_CONTEXT(2) 
PARAMETRIC_REPRESENTATION_CONTEXT() REPRESENTATION_CONTEXT('2D SPACE',''
  ) );
#1689 = PCURVE('',#1690,#1695);
#1690 = PLANE('',#1691);
#1691 = AXIS2_PLACEMENT_3D('',#1692,#1693,#1694);
#1692 = CARTESIAN_POINT('',(7.780756192737E-16,6.35,2.341213993192E-16)
  );
#1693 = DIRECTION('',(-1.225315935864E-16,-1.,-3.686951170381E-17));
#1694 = DIRECTION('',(0.551833239217,-3.686951170381E-17,-0.833954480829
    ));
#1695 = DEFINITIONAL_REPRESENTATION('',(#1696),#1700);
#1696 = LINE('',#1697,#1698);
#1697 = CARTESIAN_POINT('',(12.7,95.25));
#1698 = VECTOR('',#1699,1.);
#1699 = DIRECTION('',(0.,-1.));
#1700 = ( GEOMETRIC_REPRESENTATION_CONTEXT(2) 
PARAMETRIC_REPRESENTATION_CONTEXT() REPRESENTATION_CONTEXT('2D SPACE',''
  ) );
#1701 = ADVANCED_FACE('',(#1702,#1783),#240,.T.);
#1702 = FACE_BOUND('',#1703,.T.);
#1703 = EDGE_LOOP('',(#1704,#1705,#1728,#1761,#1782));
#1704 = ORIENTED_EDGE('',*,*,#1419,.F.);
#1705 = ORIENTED_EDGE('',*,*,#1706,.F.);
#1706 = EDGE_CURVE('',#1707,#1392,#1709,.T.);
#1707 = VERTEX_POINT('',#1708);
#1708 = CARTESIAN_POINT('',(155.36418752897,12.7,110.41984302408));
#1709 = SURFACE_CURVE('',#1710,(#1714,#1721),.PCURVE_S1.);
#1710 = LINE('',#1711,#1712);
#1711 = CARTESIAN_POINT('',(151.86004645994,12.7,115.71545397734));
#1712 = VECTOR('',#1713,1.);
#1713 = DIRECTION('',(0.551833239217,-3.686951170381E-17,-0.833954480829
    ));
#1714 = PCURVE('',#240,#1715);
#1715 = DEFINITIONAL_REPRESENTATION('',(#1716),#1720);
#1716 = LINE('',#1717,#1718);
#1717 = CARTESIAN_POINT('',(0.,12.7));
#1718 = VECTOR('',#1719,1.);
#1719 = DIRECTION('',(1.,0.));
#1720 = ( GEOMETRIC_REPRESENTATION_CONTEXT(2) 
PARAMETRIC_REPRESENTATION_CONTEXT() REPRESENTATION_CONTEXT('2D SPACE',''
  ) );
#1721 = PCURVE('',#1407,#1722);
#1722 = DEFINITIONAL_REPRESENTATION('',(#1723),#1727);
#1723 = LINE('',#1724,#1725);
#1724 = CARTESIAN_POINT('',(12.7,190.5));
#1725 = VECTOR('',#1726,1.);
#1726 = DIRECTION('',(-1.,0.));
#1727 = ( GEOMETRIC_REPRESENTATION_CONTEXT(2) 
PARAMETRIC_REPRESENTATION_CONTEXT() REPRESENTATION_CONTEXT('2D SPACE',''
  ) );
#1728 = ORIENTED_EDGE('',*,*,#1729,.F.);
#1729 = EDGE_CURVE('',#1730,#1707,#1732,.T.);
#1730 = VERTEX_POINT('',#1731);
#1731 = CARTESIAN_POINT('',(151.86004645994,6.35,115.71545397734));
#1732 = SURFACE_CURVE('',#1733,(#1738,#1749),.PCURVE_S1.);
#1733 = CIRCLE('',#1734,6.35);
#1734 = AXIS2_PLACEMENT_3D('',#1735,#1736,#1737);
#1735 = CARTESIAN_POINT('',(155.36418752897,6.35,110.41984302408));
#1736 = DIRECTION('',(-0.833954480829,1.387778780781E-16,-0.551833239217
    ));
#1737 = DIRECTION('',(-0.390205025534,0.707106781187,0.589694868595));
#1738 = PCURVE('',#240,#1739);
#1739 = DEFINITIONAL_REPRESENTATION('',(#1740),#1748);
#1740 = ( BOUNDED_CURVE() B_SPLINE_CURVE(2,(#1741,#1742,#1743,#1744,
#1745,#1746,#1747),.UNSPECIFIED.,.T.,.F.) B_SPLINE_CURVE_WITH_KNOTS((1,2
    ,2,2,2,1),(-2.094395102393,0.,2.094395102393,4.188790204786,
6.28318530718,8.377580409573),.UNSPECIFIED.) CURVE() 
GEOMETRIC_REPRESENTATION_ITEM() RATIONAL_B_SPLINE_CURVE((1.,0.5,1.,0.5,
1.,0.5,1.)) REPRESENTATION_ITEM('') );
#1741 = CARTESIAN_POINT('',(1.859871939465,10.840128060535));
#1742 = CARTESIAN_POINT('',(9.637001872802,18.617257993871));
#1743 = CARTESIAN_POINT('',(12.483628996936,7.993500936401));
#1744 = CARTESIAN_POINT('',(15.330256121069,-2.630256121069));
#1745 = CARTESIAN_POINT('',(4.706499063599,0.216371003064));
#1746 = CARTESIAN_POINT('',(-5.917257993871,3.062998127198));
#1747 = CARTESIAN_POINT('',(1.859871939465,10.840128060535));
#1748 = ( GEOMETRIC_REPRESENTATION_CONTEXT(2) 
PARAMETRIC_REPRESENTATION_CONTEXT() REPRESENTATION_CONTEXT('2D SPACE',''
  ) );
#1749 = PCURVE('',#1750,#1755);
#1750 = CYLINDRICAL_SURFACE('',#1751,6.35);
#1751 = AXIS2_PLACEMENT_3D('',#1752,#1753,#1754);
#1752 = CARTESIAN_POINT('',(-82.93830536802,6.35,-47.26650508214));
#1753 = DIRECTION('',(0.833954480829,-1.225315935864E-16,0.551833239217)
  );
#1754 = DIRECTION('',(-0.390205025534,0.707106781187,0.589694868595));
#1755 = DEFINITIONAL_REPRESENTATION('',(#1756),#1760);
#1756 = LINE('',#1757,#1758);
#1757 = CARTESIAN_POINT('',(6.28318530718,285.75));
#1758 = VECTOR('',#1759,1.);
#1759 = DIRECTION('',(-1.,0.));
#1760 = ( GEOMETRIC_REPRESENTATION_CONTEXT(2) 
PARAMETRIC_REPRESENTATION_CONTEXT() REPRESENTATION_CONTEXT('2D SPACE',''
  ) );
#1761 = ORIENTED_EDGE('',*,*,#1762,.F.);
#1762 = EDGE_CURVE('',#197,#1730,#1763,.T.);
#1763 = SURFACE_CURVE('',#1764,(#1768,#1775),.PCURVE_S1.);
#1764 = LINE('',#1765,#1766);
#1765 = CARTESIAN_POINT('',(151.86004645994,-2.620469485345E-14,
    115.71545397734));
#1766 = VECTOR('',#1767,1.);
#1767 = DIRECTION('',(1.225315935864E-16,1.,3.686951170381E-17));
#1768 = PCURVE('',#240,#1769);
#1769 = DEFINITIONAL_REPRESENTATION('',(#1770),#1774);
#1770 = LINE('',#1771,#1772);
#1771 = CARTESIAN_POINT('',(0.,0.));
#1772 = VECTOR('',#1773,1.);
#1773 = DIRECTION('',(0.,1.));
#1774 = ( GEOMETRIC_REPRESENTATION_CONTEXT(2) 
PARAMETRIC_REPRESENTATION_CONTEXT() REPRESENTATION_CONTEXT('2D SPACE',''
  ) );
#1775 = PCURVE('',#212,#1776);
#1776 = DEFINITIONAL_REPRESENTATION('',(#1777),#1781);
#1777 = LINE('',#1778,#1779);
#1778 = CARTESIAN_POINT('',(381.,0.));
#1779 = VECTOR('',#1780,1.);
#1780 = DIRECTION('',(0.,1.));
#1781 = ( GEOMETRIC_REPRESENTATION_CONTEXT(2) 
PARAMETRIC_REPRESENTATION_CONTEXT() REPRESENTATION_CONTEXT('2D SPACE',''
  ) );
#1782 = ORIENTED_EDGE('',*,*,#224,.T.);
#1783 = FACE_BOUND('',#1784,.T.);
#1784 = EDGE_LOOP('',(#1785));
#1785 = ORIENTED_EDGE('',*,*,#1786,.T.);
#1786 = EDGE_CURVE('',#1787,#1787,#1789,.T.);
#1787 = VERTEX_POINT('',#1788);
#1788 = CARTESIAN_POINT('',(157.11625806348,6.35,107.77203754744));
#1789 = SURFACE_CURVE('',#1790,(#1795,#1806),.PCURVE_S1.);
#1790 = CIRCLE('',#1791,3.175);
#1791 = AXIS2_PLACEMENT_3D('',#1792,#1793,#1794);
#1792 = CARTESIAN_POINT('',(158.86832859799,6.35,105.12423207081));
#1793 = DIRECTION('',(-0.833954480829,1.225315935864E-16,-0.551833239217
    ));
#1794 = DIRECTION('',(0.551833239217,-3.686951170381E-17,-0.833954480829
    ));
#1795 = PCURVE('',#240,#1796);
#1796 = DEFINITIONAL_REPRESENTATION('',(#1797),#1805);
#1797 = ( BOUNDED_CURVE() B_SPLINE_CURVE(2,(#1798,#1799,#1800,#1801,
#1802,#1803,#1804),.UNSPECIFIED.,.T.,.F.) B_SPLINE_CURVE_WITH_KNOTS((1,2
    ,2,2,2,1),(-2.094395102393,0.,2.094395102393,4.188790204786,
6.28318530718,8.377580409573),.UNSPECIFIED.) CURVE() 
GEOMETRIC_REPRESENTATION_ITEM() RATIONAL_B_SPLINE_CURVE((1.,0.5,1.,0.5,
1.,0.5,1.)) REPRESENTATION_ITEM('') );
#1798 = CARTESIAN_POINT('',(15.875,6.35));
#1799 = CARTESIAN_POINT('',(15.875,0.850738685969));
#1800 = CARTESIAN_POINT('',(11.1125,3.600369342984));
#1801 = CARTESIAN_POINT('',(6.35,6.35));
#1802 = CARTESIAN_POINT('',(11.1125,9.099630657016));
#1803 = CARTESIAN_POINT('',(15.875,11.849261314031));
#1804 = CARTESIAN_POINT('',(15.875,6.35));
#1805 = ( GEOMETRIC_REPRESENTATION_CONTEXT(2) 
PARAMETRIC_REPRESENTATION_CONTEXT() REPRESENTATION_CONTEXT('2D SPACE',''
  ) );
#1806 = PCURVE('',#1807,#1812);
#1807 = CYLINDRICAL_SURFACE('',#1808,3.175);
#1808 = AXIS2_PLACEMENT_3D('',#1809,#1810,#1811);
#1809 = CARTESIAN_POINT('',(158.86832859799,6.35,105.12423207081));
#1810 = DIRECTION('',(-0.833954480829,1.225315935864E-16,-0.551833239217
    ));
#1811 = DIRECTION('',(0.551833239217,-3.686951170381E-17,-0.833954480829
    ));
#1812 = DEFINITIONAL_REPRESENTATION('',(#1813),#1817);
#1813 = LINE('',#1814,#1815);
#1814 = CARTESIAN_POINT('',(0.,0.));
#1815 = VECTOR('',#1816,1.);
#1816 = DIRECTION('',(1.,0.));
#1817 = ( GEOMETRIC_REPRESENTATION_CONTEXT(2) 
PARAMETRIC_REPRESENTATION_CONTEXT() REPRESENTATION_CONTEXT('2D SPACE',''
  ) );
#1818 = ADVANCED_FACE('',(#1819),#212,.T.);
#1819 = FACE_BOUND('',#1820,.T.);
#1820 = EDGE_LOOP('',(#1821,#1849,#1870,#1871,#1872,#1895,#1918,#1944));
#1821 = ORIENTED_EDGE('',*,*,#1822,.F.);
#1822 = EDGE_CURVE('',#1823,#603,#1825,.T.);
#1823 = VERTEX_POINT('',#1824);
#1824 = CARTESIAN_POINT('',(-165.876610736,6.35,-94.53301016428));
#1825 = SURFACE_CURVE('',#1826,(#1830,#1837),.PCURVE_S1.);
#1826 = LINE('',#1827,#1828);
#1827 = CARTESIAN_POINT('',(-86.44244643705,6.35,-41.97089412887));
#1828 = VECTOR('',#1829,1.);
#1829 = DIRECTION('',(0.833954480829,-1.225315935864E-16,0.551833239217)
  );
#1830 = PCURVE('',#212,#1831);
#1831 = DEFINITIONAL_REPRESENTATION('',(#1832),#1836);
#1832 = LINE('',#1833,#1834);
#1833 = CARTESIAN_POINT('',(95.25,6.35));
#1834 = VECTOR('',#1835,1.);
#1835 = DIRECTION('',(1.,0.));
#1836 = ( GEOMETRIC_REPRESENTATION_CONTEXT(2) 
PARAMETRIC_REPRESENTATION_CONTEXT() REPRESENTATION_CONTEXT('2D SPACE',''
  ) );
#1837 = PCURVE('',#1838,#1843);
#1838 = CYLINDRICAL_SURFACE('',#1839,6.35);
#1839 = AXIS2_PLACEMENT_3D('',#1840,#1841,#1842);
#1840 = CARTESIAN_POINT('',(-82.93830536802,6.35,-47.26650508214));
#1841 = DIRECTION('',(0.833954480829,-1.225315935864E-16,0.551833239217)
  );
#1842 = DIRECTION('',(-0.390205025534,0.707106781187,0.589694868595));
#1843 = DEFINITIONAL_REPRESENTATION('',(#1844),#1848);
#1844 = LINE('',#1845,#1846);
#1845 = CARTESIAN_POINT('',(7.068583470577,0.));
#1846 = VECTOR('',#1847,1.);
#1847 = DIRECTION('',(0.,1.));
#1848 = ( GEOMETRIC_REPRESENTATION_CONTEXT(2) 
PARAMETRIC_REPRESENTATION_CONTEXT() REPRESENTATION_CONTEXT('2D SPACE',''
  ) );
#1849 = ORIENTED_EDGE('',*,*,#1850,.F.);
#1850 = EDGE_CURVE('',#169,#1823,#1851,.T.);
#1851 = SURFACE_CURVE('',#1852,(#1856,#1863),.PCURVE_S1.);
#1852 = LINE('',#1853,#1854);
#1853 = CARTESIAN_POINT('',(-165.876610736,2.047984230297E-14,
    -94.53301016428));
#1854 = VECTOR('',#1855,1.);
#1855 = DIRECTION('',(1.225315935864E-16,1.,3.686951170381E-17));
#1856 = PCURVE('',#212,#1857);
#1857 = DEFINITIONAL_REPRESENTATION('',(#1858),#1862);
#1858 = LINE('',#1859,#1860);
#1859 = CARTESIAN_POINT('',(0.,0.));
#1860 = VECTOR('',#1861,1.);
#1861 = DIRECTION('',(0.,1.));
#1862 = ( GEOMETRIC_REPRESENTATION_CONTEXT(2) 
PARAMETRIC_REPRESENTATION_CONTEXT() REPRESENTATION_CONTEXT('2D SPACE',''
  ) );
#1863 = PCURVE('',#184,#1864);
#1864 = DEFINITIONAL_REPRESENTATION('',(#1865),#1869);
#1865 = LINE('',#1866,#1867);
#1866 = CARTESIAN_POINT('',(25.4,0.));
#1867 = VECTOR('',#1868,1.);
#1868 = DIRECTION('',(0.,1.));
#1869 = ( GEOMETRIC_REPRESENTATION_CONTEXT(2) 
PARAMETRIC_REPRESENTATION_CONTEXT() REPRESENTATION_CONTEXT('2D SPACE',''
  ) );
#1870 = ORIENTED_EDGE('',*,*,#196,.T.);
#1871 = ORIENTED_EDGE('',*,*,#1762,.T.);
#1872 = ORIENTED_EDGE('',*,*,#1873,.F.);
#1873 = EDGE_CURVE('',#1874,#1730,#1876,.T.);
#1874 = VERTEX_POINT('',#1875);
#1875 = CARTESIAN_POINT('',(29.001871866966,6.35,34.419380860156));
#1876 = SURFACE_CURVE('',#1877,(#1881,#1888),.PCURVE_S1.);
#1877 = LINE('',#1878,#1879);
#1878 = CARTESIAN_POINT('',(-86.44244643705,6.35,-41.97089412887));
#1879 = VECTOR('',#1880,1.);
#1880 = DIRECTION('',(0.833954480829,-1.225315935864E-16,0.551833239217)
  );
#1881 = PCURVE('',#212,#1882);
#1882 = DEFINITIONAL_REPRESENTATION('',(#1883),#1887);
#1883 = LINE('',#1884,#1885);
#1884 = CARTESIAN_POINT('',(95.25,6.35));
#1885 = VECTOR('',#1886,1.);
#1886 = DIRECTION('',(1.,0.));
#1887 = ( GEOMETRIC_REPRESENTATION_CONTEXT(2) 
PARAMETRIC_REPRESENTATION_CONTEXT() REPRESENTATION_CONTEXT('2D SPACE',''
  ) );
#1888 = PCURVE('',#1750,#1889);
#1889 = DEFINITIONAL_REPRESENTATION('',(#1890),#1894);
#1890 = LINE('',#1891,#1892);
#1891 = CARTESIAN_POINT('',(0.785398163397,0.));
#1892 = VECTOR('',#1893,1.);
#1893 = DIRECTION('',(0.,1.));
#1894 = ( GEOMETRIC_REPRESENTATION_CONTEXT(2) 
PARAMETRIC_REPRESENTATION_CONTEXT() REPRESENTATION_CONTEXT('2D SPACE',''
  ) );
#1895 = ORIENTED_EDGE('',*,*,#1896,.F.);
#1896 = EDGE_CURVE('',#1897,#1874,#1899,.T.);
#1897 = VERTEX_POINT('',#1898);
#1898 = CARTESIAN_POINT('',(12.7,6.35,23.632323575328));
#1899 = SURFACE_CURVE('',#1900,(#1904,#1911),.PCURVE_S1.);
#1900 = LINE('',#1901,#1902);
#1901 = CARTESIAN_POINT('',(-86.44244643705,6.35,-41.97089412887));
#1902 = VECTOR('',#1903,1.);
#1903 = DIRECTION('',(0.833954480829,-1.225315935864E-16,0.551833239217)
  );
#1904 = PCURVE('',#212,#1905);
#1905 = DEFINITIONAL_REPRESENTATION('',(#1906),#1910);
#1906 = LINE('',#1907,#1908);
#1907 = CARTESIAN_POINT('',(95.25,6.35));
#1908 = VECTOR('',#1909,1.);
#1909 = DIRECTION('',(1.,0.));
#1910 = ( GEOMETRIC_REPRESENTATION_CONTEXT(2) 
PARAMETRIC_REPRESENTATION_CONTEXT() REPRESENTATION_CONTEXT('2D SPACE',''
  ) );
#1911 = PCURVE('',#1690,#1912);
#1912 = DEFINITIONAL_REPRESENTATION('',(#1913),#1917);
#1913 = LINE('',#1914,#1915);
#1914 = CARTESIAN_POINT('',(-12.7,-95.25));
#1915 = VECTOR('',#1916,1.);
#1916 = DIRECTION('',(0.,1.));
#1917 = ( GEOMETRIC_REPRESENTATION_CONTEXT(2) 
PARAMETRIC_REPRESENTATION_CONTEXT() REPRESENTATION_CONTEXT('2D SPACE',''
  ) );
#1918 = ORIENTED_EDGE('',*,*,#1919,.F.);
#1919 = EDGE_CURVE('',#573,#1897,#1920,.T.);
#1920 = SURFACE_CURVE('',#1921,(#1925,#1932),.PCURVE_S1.);
#1921 = LINE('',#1922,#1923);
#1922 = CARTESIAN_POINT('',(-86.44244643705,6.35,-41.97089412887));
#1923 = VECTOR('',#1924,1.);
#1924 = DIRECTION('',(0.833954480829,-1.225315935864E-16,0.551833239217)
  );
#1925 = PCURVE('',#212,#1926);
#1926 = DEFINITIONAL_REPRESENTATION('',(#1927),#1931);
#1927 = LINE('',#1928,#1929);
#1928 = CARTESIAN_POINT('',(95.25,6.35));
#1929 = VECTOR('',#1930,1.);
#1930 = DIRECTION('',(1.,0.));
#1931 = ( GEOMETRIC_REPRESENTATION_CONTEXT(2) 
PARAMETRIC_REPRESENTATION_CONTEXT() REPRESENTATION_CONTEXT('2D SPACE',''
  ) );
#1932 = PCURVE('',#1933,#1938);
#1933 = PLANE('',#1934);
#1934 = AXIS2_PLACEMENT_3D('',#1935,#1936,#1937);
#1935 = CARTESIAN_POINT('',(-1.254502557804E-14,6.35,1.613356044796E-32)
  );
#1936 = DIRECTION('',(-1.224646799147E-16,1.,-2.540718180781E-33));
#1937 = DIRECTION('',(-1.,-1.224646799147E-16,-2.22044604925E-16));
#1938 = DEFINITIONAL_REPRESENTATION('',(#1939),#1943);
#1939 = LINE('',#1940,#1941);
#1940 = CARTESIAN_POINT('',(86.442446437053,-41.97089412887));
#1941 = VECTOR('',#1942,1.);
#1942 = DIRECTION('',(-0.833954480829,0.551833239217));
#1943 = ( GEOMETRIC_REPRESENTATION_CONTEXT(2) 
PARAMETRIC_REPRESENTATION_CONTEXT() REPRESENTATION_CONTEXT('2D SPACE',''
  ) );
#1944 = ORIENTED_EDGE('',*,*,#602,.F.);
#1945 = ADVANCED_FACE('',(#1946),#184,.T.);
#1946 = FACE_BOUND('',#1947,.T.);
#1947 = EDGE_LOOP('',(#1948,#1949,#1950,#1951,#1979));
#1948 = ORIENTED_EDGE('',*,*,#1547,.F.);
#1949 = ORIENTED_EDGE('',*,*,#168,.T.);
#1950 = ORIENTED_EDGE('',*,*,#1850,.T.);
#1951 = ORIENTED_EDGE('',*,*,#1952,.F.);
#1952 = EDGE_CURVE('',#1953,#1823,#1955,.T.);
#1953 = VERTEX_POINT('',#1954);
#1954 = CARTESIAN_POINT('',(-162.372469667,12.7,-99.82862111754));
#1955 = SURFACE_CURVE('',#1956,(#1961,#1972),.PCURVE_S1.);
#1956 = CIRCLE('',#1957,6.35);
#1957 = AXIS2_PLACEMENT_3D('',#1958,#1959,#1960);
#1958 = CARTESIAN_POINT('',(-162.372469667,6.35,-99.82862111754));
#1959 = DIRECTION('',(0.833954480829,-1.387778780781E-16,0.551833239217)
  );
#1960 = DIRECTION('',(-0.390205025534,0.707106781187,0.589694868595));
#1961 = PCURVE('',#184,#1962);
#1962 = DEFINITIONAL_REPRESENTATION('',(#1963),#1971);
#1963 = ( BOUNDED_CURVE() B_SPLINE_CURVE(2,(#1964,#1965,#1966,#1967,
#1968,#1969,#1970),.UNSPECIFIED.,.T.,.F.) B_SPLINE_CURVE_WITH_KNOTS((1,2
    ,2,2,2,1),(-2.094395102393,0.,2.094395102393,4.188790204786,
6.28318530718,8.377580409573),.UNSPECIFIED.) CURVE() 
GEOMETRIC_REPRESENTATION_ITEM() RATIONAL_B_SPLINE_CURVE((1.,0.5,1.,0.5,
1.,0.5,1.)) REPRESENTATION_ITEM('') );
#1964 = CARTESIAN_POINT('',(23.540128060535,10.840128060535));
#1965 = CARTESIAN_POINT('',(31.317257993871,3.062998127198));
#1966 = CARTESIAN_POINT('',(20.693500936401,0.216371003064));
#1967 = CARTESIAN_POINT('',(10.069743878931,-2.630256121069));
#1968 = CARTESIAN_POINT('',(12.916371003064,7.993500936401));
#1969 = CARTESIAN_POINT('',(15.762998127198,18.617257993871));
#1970 = CARTESIAN_POINT('',(23.540128060535,10.840128060535));
#1971 = ( GEOMETRIC_REPRESENTATION_CONTEXT(2) 
PARAMETRIC_REPRESENTATION_CONTEXT() REPRESENTATION_CONTEXT('2D SPACE',''
  ) );
#1972 = PCURVE('',#1838,#1973);
#1973 = DEFINITIONAL_REPRESENTATION('',(#1974),#1978);
#1974 = LINE('',#1975,#1976);
#1975 = CARTESIAN_POINT('',(0.,-95.25));
#1976 = VECTOR('',#1977,1.);
#1977 = DIRECTION('',(1.,0.));
#1978 = ( GEOMETRIC_REPRESENTATION_CONTEXT(2) 
PARAMETRIC_REPRESENTATION_CONTEXT() REPRESENTATION_CONTEXT('2D SPACE',''
  ) );
#1979 = ORIENTED_EDGE('',*,*,#1980,.F.);
#1980 = EDGE_CURVE('',#1548,#1953,#1981,.T.);
#1981 = SURFACE_CURVE('',#1982,(#1986,#1993),.PCURVE_S1.);
#1982 = LINE('',#1983,#1984);
#1983 = CARTESIAN_POINT('',(-151.8600464599,12.7,-115.7154539773));
#1984 = VECTOR('',#1985,1.);
#1985 = DIRECTION('',(-0.551833239217,3.686951170381E-17,0.833954480829)
  );
#1986 = PCURVE('',#184,#1987);
#1987 = DEFINITIONAL_REPRESENTATION('',(#1988),#1992);
#1988 = LINE('',#1989,#1990);
#1989 = CARTESIAN_POINT('',(0.,12.7));
#1990 = VECTOR('',#1991,1.);
#1991 = DIRECTION('',(1.,0.));
#1992 = ( GEOMETRIC_REPRESENTATION_CONTEXT(2) 
PARAMETRIC_REPRESENTATION_CONTEXT() REPRESENTATION_CONTEXT('2D SPACE',''
  ) );
#1993 = PCURVE('',#1591,#1994);
#1994 = DEFINITIONAL_REPRESENTATION('',(#1995),#1999);
#1995 = LINE('',#1996,#1997);
#1996 = CARTESIAN_POINT('',(-12.7,-190.5));
#1997 = VECTOR('',#1998,1.);
#1998 = DIRECTION('',(1.,0.));
#1999 = ( GEOMETRIC_REPRESENTATION_CONTEXT(2) 
PARAMETRIC_REPRESENTATION_CONTEXT() REPRESENTATION_CONTEXT('2D SPACE',''
  ) );
#2000 = ADVANCED_FACE('',(#2001),#557,.F.);
#2001 = FACE_BOUND('',#2002,.F.);
#2002 = EDGE_LOOP('',(#2003,#2026,#2027,#2028,#2096,#2120));
#2003 = ORIENTED_EDGE('',*,*,#2004,.T.);
#2004 = EDGE_CURVE('',#2005,#541,#2007,.T.);
#2005 = VERTEX_POINT('',#2006);
#2006 = CARTESIAN_POINT('',(23.830248971571,3.175,15.768634600115));
#2007 = SEAM_CURVE('',#2008,(#2012,#2019),.PCURVE_S1.);
#2008 = LINE('',#2009,#2010);
#2009 = CARTESIAN_POINT('',(23.830248971571,12.7,15.768634600115));
#2010 = VECTOR('',#2011,1.);
#2011 = DIRECTION('',(-1.225315935864E-16,-1.,-3.686951170381E-17));
#2012 = PCURVE('',#557,#2013);
#2013 = DEFINITIONAL_REPRESENTATION('',(#2014),#2018);
#2014 = LINE('',#2015,#2016);
#2015 = CARTESIAN_POINT('',(9.424777960769,0.));
#2016 = VECTOR('',#2017,1.);
#2017 = DIRECTION('',(0.,1.));
#2018 = ( GEOMETRIC_REPRESENTATION_CONTEXT(2) 
PARAMETRIC_REPRESENTATION_CONTEXT() REPRESENTATION_CONTEXT('2D SPACE',''
  ) );
#2019 = PCURVE('',#557,#2020);
#2020 = DEFINITIONAL_REPRESENTATION('',(#2021),#2025);
#2021 = LINE('',#2022,#2023);
#2022 = CARTESIAN_POINT('',(3.14159265359,0.));
#2023 = VECTOR('',#2024,1.);
#2024 = DIRECTION('',(0.,1.));
#2025 = ( GEOMETRIC_REPRESENTATION_CONTEXT(2) 
PARAMETRIC_REPRESENTATION_CONTEXT() REPRESENTATION_CONTEXT('2D SPACE',''
  ) );
#2026 = ORIENTED_EDGE('',*,*,#540,.T.);
#2027 = ORIENTED_EDGE('',*,*,#2004,.F.);
#2028 = ORIENTED_EDGE('',*,*,#2029,.T.);
#2029 = EDGE_CURVE('',#2005,#2030,#2032,.T.);
#2030 = VERTEX_POINT('',#2031);
#2031 = CARTESIAN_POINT('',(19.430372960424,6.35,16.664369542234));
#2032 = SURFACE_CURVE('',#2033,(#2038,#2067),.PCURVE_S1.);
#2033 = ELLIPSE('',#2034,4.490128060535,3.175);
#2034 = AXIS2_PLACEMENT_3D('',#2035,#2036,#2037);
#2035 = CARTESIAN_POINT('',(21.182443494938,6.35,14.016564065601));
#2036 = DIRECTION('',(-0.589694868595,-0.707106781187,-0.390205025534));
#2037 = DIRECTION('',(-0.589694868595,0.707106781187,-0.390205025534));
#2038 = PCURVE('',#557,#2039);
#2039 = DEFINITIONAL_REPRESENTATION('',(#2040),#2066);
#2040 = B_SPLINE_CURVE_WITH_KNOTS('',3,(#2041,#2042,#2043,#2044,#2045,
    #2046,#2047,#2048,#2049,#2050,#2051,#2052,#2053,#2054,#2055,#2056,
    #2057,#2058,#2059,#2060,#2061,#2062,#2063,#2064,#2065),
  .UNSPECIFIED.,.F.,.F.,(4,1,1,1,1,1,1,1,1,1,1,1,1,1,1,1,1,1,1,1,1,1,4),
  (3.14159265359,3.212992486626,3.284392319662,3.355792152698,
    3.427191985734,3.49859181877,3.569991651807,3.641391484843,
    3.712791317879,3.784191150915,3.855590983951,3.926990816987,
    3.998390650023,4.06979048306,4.141190316096,4.212590149132,
    4.283989982168,4.355389815204,4.42678964824,4.498189481276,
    4.569589314312,4.640989147349,4.712388980385),
  .QUASI_UNIFORM_KNOTS.);
#2041 = CARTESIAN_POINT('',(3.14159265359,9.525));
#2042 = CARTESIAN_POINT('',(3.165392597935,9.525006847064));
#2043 = CARTESIAN_POINT('',(3.212992486626,9.519599214029));
#2044 = CARTESIAN_POINT('',(3.284392319662,9.495355263627));
#2045 = CARTESIAN_POINT('',(3.355792152698,9.455078199294));
#2046 = CARTESIAN_POINT('',(3.427191985734,9.398979735948));
#2047 = CARTESIAN_POINT('',(3.49859181877,9.327344004271));
#2048 = CARTESIAN_POINT('',(3.569991651807,9.240536508215));
#2049 = CARTESIAN_POINT('',(3.641391484843,9.138999474372));
#2050 = CARTESIAN_POINT('',(3.712791317879,9.023250345553));
#2051 = CARTESIAN_POINT('',(3.784191150915,8.893878943849));
#2052 = CARTESIAN_POINT('',(3.855590983951,8.751544518661));
#2053 = CARTESIAN_POINT('',(3.926990816987,8.596972372954));
#2054 = CARTESIAN_POINT('',(3.998390650023,8.430950171126));
#2055 = CARTESIAN_POINT('',(4.06979048306,8.2543239242));
#2056 = CARTESIAN_POINT('',(4.141190316096,8.067993679114));
#2057 = CARTESIAN_POINT('',(4.212590149132,7.872908931872));
#2058 = CARTESIAN_POINT('',(4.283989982168,7.670063790413));
#2059 = CARTESIAN_POINT('',(4.355389815204,7.460491904161));
#2060 = CARTESIAN_POINT('',(4.42678964824,7.245261214304));
#2061 = CARTESIAN_POINT('',(4.498189481276,7.02546844645));
#2062 = CARTESIAN_POINT('',(4.569589314312,6.802233765878));
#2063 = CARTESIAN_POINT('',(4.640989147349,6.576694159142));
#2064 = CARTESIAN_POINT('',(4.688589036039,6.42556541138));
#2065 = CARTESIAN_POINT('',(4.712388980385,6.35));
#2066 = ( GEOMETRIC_REPRESENTATION_CONTEXT(2) 
PARAMETRIC_REPRESENTATION_CONTEXT() REPRESENTATION_CONTEXT('2D SPACE',''
  ) );
#2067 = PCURVE('',#1807,#2068);
#2068 = DEFINITIONAL_REPRESENTATION('',(#2069),#2095);
#2069 = B_SPLINE_CURVE_WITH_KNOTS('',3,(#2070,#2071,#2072,#2073,#2074,
    #2075,#2076,#2077,#2078,#2079,#2080,#2081,#2082,#2083,#2084,#2085,
    #2086,#2087,#2088,#2089,#2090,#2091,#2092,#2093,#2094),
  .UNSPECIFIED.,.F.,.F.,(4,1,1,1,1,1,1,1,1,1,1,1,1,1,1,1,1,1,1,1,1,1,4),
  (3.14159265359,3.212992486626,3.284392319662,3.355792152698,
    3.427191985734,3.49859181877,3.569991651807,3.641391484843,
    3.712791317879,3.784191150915,3.855590983951,3.926990816987,
    3.998390650023,4.06979048306,4.141190316096,4.212590149132,
    4.283989982168,4.355389815204,4.42678964824,4.498189481276,
    4.569589314312,4.640989147349,4.712388980385),
  .QUASI_UNIFORM_KNOTS.);
#2070 = CARTESIAN_POINT('',(7.853981633974,161.92500038147));
#2071 = CARTESIAN_POINT('',(7.87778157832,161.9249935344));
#2072 = CARTESIAN_POINT('',(7.925381467011,161.93040116744));
#2073 = CARTESIAN_POINT('',(7.996781300047,161.95464511784));
#2074 = CARTESIAN_POINT('',(8.068181133083,161.99492218217));
#2075 = CARTESIAN_POINT('',(8.139580966119,162.05102064552));
#2076 = CARTESIAN_POINT('',(8.210980799155,162.12265637719));
#2077 = CARTESIAN_POINT('',(8.282380632191,162.20946387325));
#2078 = CARTESIAN_POINT('',(8.353780465227,162.31100090709));
#2079 = CARTESIAN_POINT('',(8.425180298264,162.42675003591));
#2080 = CARTESIAN_POINT('',(8.4965801313,162.55612143762));
#2081 = CARTESIAN_POINT('',(8.567979964336,162.6984558628));
#2082 = CARTESIAN_POINT('',(8.639379797372,162.85302800851));
#2083 = CARTESIAN_POINT('',(8.710779630408,163.01905021034));
#2084 = CARTESIAN_POINT('',(8.782179463444,163.19567645726));
#2085 = CARTESIAN_POINT('',(8.85357929648,163.38200670235));
#2086 = CARTESIAN_POINT('',(8.924979129516,163.57709144959));
#2087 = CARTESIAN_POINT('',(8.996378962553,163.77993659105));
#2088 = CARTESIAN_POINT('',(9.067778795589,163.9895084773));
#2089 = CARTESIAN_POINT('',(9.139178628625,164.20473916716));
#2090 = CARTESIAN_POINT('',(9.210578461661,164.42453193501));
#2091 = CARTESIAN_POINT('',(9.281978294697,164.64776661559));
#2092 = CARTESIAN_POINT('',(9.353378127733,164.87330622232));
#2093 = CARTESIAN_POINT('',(9.400978016424,165.02443497009));
#2094 = CARTESIAN_POINT('',(9.424777960769,165.10000038147));
#2095 = ( GEOMETRIC_REPRESENTATION_CONTEXT(2) 
PARAMETRIC_REPRESENTATION_CONTEXT() REPRESENTATION_CONTEXT('2D SPACE',''
  ) );
#2096 = ORIENTED_EDGE('',*,*,#2097,.T.);
#2097 = EDGE_CURVE('',#2030,#2098,#2100,.T.);
#2098 = VERTEX_POINT('',#2099);
#2099 = CARTESIAN_POINT('',(22.934514029452,6.35,11.368758588968));
#2100 = SURFACE_CURVE('',#2101,(#2106,#2113),.PCURVE_S1.);
#2101 = CIRCLE('',#2102,3.175);
#2102 = AXIS2_PLACEMENT_3D('',#2103,#2104,#2105);
#2103 = CARTESIAN_POINT('',(21.182443494938,6.35,14.016564065601));
#2104 = DIRECTION('',(-1.225315935864E-16,-1.,-3.686951170381E-17));
#2105 = DIRECTION('',(-0.833954480829,1.225315935864E-16,-0.551833239217
    ));
#2106 = PCURVE('',#557,#2107);
#2107 = DEFINITIONAL_REPRESENTATION('',(#2108),#2112);
#2108 = LINE('',#2109,#2110);
#2109 = CARTESIAN_POINT('',(0.,6.35));
#2110 = VECTOR('',#2111,1.);
#2111 = DIRECTION('',(1.,0.));
#2112 = ( GEOMETRIC_REPRESENTATION_CONTEXT(2) 
PARAMETRIC_REPRESENTATION_CONTEXT() REPRESENTATION_CONTEXT('2D SPACE',''
  ) );
#2113 = PCURVE('',#1690,#2114);
#2114 = DEFINITIONAL_REPRESENTATION('',(#2115),#2119);
#2115 = CIRCLE('',#2116,3.175);
#2116 = AXIS2_PLACEMENT_2D('',#2117,#2118);
#2117 = CARTESIAN_POINT('',(0.,25.39999961853));
#2118 = DIRECTION('',(0.,-1.));
#2119 = ( GEOMETRIC_REPRESENTATION_CONTEXT(2) 
PARAMETRIC_REPRESENTATION_CONTEXT() REPRESENTATION_CONTEXT('2D SPACE',''
  ) );
#2120 = ORIENTED_EDGE('',*,*,#2121,.T.);
#2121 = EDGE_CURVE('',#2098,#2005,#2122,.T.);
#2122 = SURFACE_CURVE('',#2123,(#2128,#2157),.PCURVE_S1.);
#2123 = ELLIPSE('',#2124,4.490128060535,3.175);
#2124 = AXIS2_PLACEMENT_3D('',#2125,#2126,#2127);
#2125 = CARTESIAN_POINT('',(21.182443494938,6.35,14.016564065601));
#2126 = DIRECTION('',(-0.589694868595,-0.707106781187,-0.390205025534));
#2127 = DIRECTION('',(-0.589694868595,0.707106781187,-0.390205025534));
#2128 = PCURVE('',#557,#2129);
#2129 = DEFINITIONAL_REPRESENTATION('',(#2130),#2156);
#2130 = B_SPLINE_CURVE_WITH_KNOTS('',3,(#2131,#2132,#2133,#2134,#2135,
    #2136,#2137,#2138,#2139,#2140,#2141,#2142,#2143,#2144,#2145,#2146,
    #2147,#2148,#2149,#2150,#2151,#2152,#2153,#2154,#2155),
  .UNSPECIFIED.,.F.,.F.,(4,1,1,1,1,1,1,1,1,1,1,1,1,1,1,1,1,1,1,1,1,1,4),
  (1.570796326795,1.642196159831,1.713595992867,1.784995825903,
    1.856395658939,1.927795491976,1.999195325012,2.070595158048,
    2.141994991084,2.21339482412,2.284794657156,2.356194490192,
    2.427594323228,2.498994156265,2.570393989301,2.641793822337,
    2.713193655373,2.784593488409,2.855993321445,2.927393154481,
    2.998792987518,3.070192820554,3.14159265359),.QUASI_UNIFORM_KNOTS.);
#2131 = CARTESIAN_POINT('',(7.853981633974,6.35));
#2132 = CARTESIAN_POINT('',(7.87778157832,6.42556541138));
#2133 = CARTESIAN_POINT('',(7.925381467011,6.576694159142));
#2134 = CARTESIAN_POINT('',(7.996781300047,6.802233765878));
#2135 = CARTESIAN_POINT('',(8.068181133083,7.02546844645));
#2136 = CARTESIAN_POINT('',(8.139580966119,7.245261214304));
#2137 = CARTESIAN_POINT('',(8.210980799155,7.460491904161));
#2138 = CARTESIAN_POINT('',(8.282380632191,7.670063790413));
#2139 = CARTESIAN_POINT('',(8.353780465227,7.872908931872));
#2140 = CARTESIAN_POINT('',(8.425180298264,8.067993679114));
#2141 = CARTESIAN_POINT('',(8.4965801313,8.2543239242));
#2142 = CARTESIAN_POINT('',(8.567979964336,8.430950171126));
#2143 = CARTESIAN_POINT('',(8.639379797372,8.596972372954));
#2144 = CARTESIAN_POINT('',(8.710779630408,8.751544518661));
#2145 = CARTESIAN_POINT('',(8.782179463444,8.893878943849));
#2146 = CARTESIAN_POINT('',(8.85357929648,9.023250345553));
#2147 = CARTESIAN_POINT('',(8.924979129516,9.138999474372));
#2148 = CARTESIAN_POINT('',(8.996378962553,9.240536508215));
#2149 = CARTESIAN_POINT('',(9.067778795589,9.327344004271));
#2150 = CARTESIAN_POINT('',(9.139178628625,9.398979735948));
#2151 = CARTESIAN_POINT('',(9.210578461661,9.455078199294));
#2152 = CARTESIAN_POINT('',(9.281978294697,9.495355263627));
#2153 = CARTESIAN_POINT('',(9.353378127733,9.519599214029));
#2154 = CARTESIAN_POINT('',(9.400978016424,9.525006847064));
#2155 = CARTESIAN_POINT('',(9.424777960769,9.525));
#2156 = ( GEOMETRIC_REPRESENTATION_CONTEXT(2) 
PARAMETRIC_REPRESENTATION_CONTEXT() REPRESENTATION_CONTEXT('2D SPACE',''
  ) );
#2157 = PCURVE('',#1807,#2158);
#2158 = DEFINITIONAL_REPRESENTATION('',(#2159),#2185);
#2159 = B_SPLINE_CURVE_WITH_KNOTS('',3,(#2160,#2161,#2162,#2163,#2164,
    #2165,#2166,#2167,#2168,#2169,#2170,#2171,#2172,#2173,#2174,#2175,
    #2176,#2177,#2178,#2179,#2180,#2181,#2182,#2183,#2184),
  .UNSPECIFIED.,.F.,.F.,(4,1,1,1,1,1,1,1,1,1,1,1,1,1,1,1,1,1,1,1,1,1,4),
  (1.570796326795,1.642196159831,1.713595992867,1.784995825903,
    1.856395658939,1.927795491976,1.999195325012,2.070595158048,
    2.141994991084,2.21339482412,2.284794657156,2.356194490192,
    2.427594323228,2.498994156265,2.570393989301,2.641793822337,
    2.713193655373,2.784593488409,2.855993321445,2.927393154481,
    2.998792987518,3.070192820554,3.14159265359),.QUASI_UNIFORM_KNOTS.);
#2160 = CARTESIAN_POINT('',(6.28318530718,165.10000038147));
#2161 = CARTESIAN_POINT('',(6.306985251525,165.02443497009));
#2162 = CARTESIAN_POINT('',(6.354585140216,164.87330622232));
#2163 = CARTESIAN_POINT('',(6.425984973252,164.64776661559));
#2164 = CARTESIAN_POINT('',(6.497384806288,164.42453193501));
#2165 = CARTESIAN_POINT('',(6.568784639324,164.20473916716));
#2166 = CARTESIAN_POINT('',(6.64018447236,163.9895084773));
#2167 = CARTESIAN_POINT('',(6.711584305396,163.77993659105));
#2168 = CARTESIAN_POINT('',(6.782984138433,163.57709144959));
#2169 = CARTESIAN_POINT('',(6.854383971469,163.38200670235));
#2170 = CARTESIAN_POINT('',(6.925783804505,163.19567645726));
#2171 = CARTESIAN_POINT('',(6.997183637541,163.01905021034));
#2172 = CARTESIAN_POINT('',(7.068583470577,162.85302800851));
#2173 = CARTESIAN_POINT('',(7.139983303613,162.6984558628));
#2174 = CARTESIAN_POINT('',(7.211383136649,162.55612143762));
#2175 = CARTESIAN_POINT('',(7.282782969685,162.42675003591));
#2176 = CARTESIAN_POINT('',(7.354182802722,162.31100090709));
#2177 = CARTESIAN_POINT('',(7.425582635758,162.20946387325));
#2178 = CARTESIAN_POINT('',(7.496982468794,162.12265637719));
#2179 = CARTESIAN_POINT('',(7.56838230183,162.05102064552));
#2180 = CARTESIAN_POINT('',(7.639782134866,161.99492218217));
#2181 = CARTESIAN_POINT('',(7.711181967902,161.95464511784));
#2182 = CARTESIAN_POINT('',(7.782581800938,161.93040116744));
#2183 = CARTESIAN_POINT('',(7.830181689629,161.9249935344));
#2184 = CARTESIAN_POINT('',(7.853981633974,161.92500038147));
#2185 = ( GEOMETRIC_REPRESENTATION_CONTEXT(2) 
PARAMETRIC_REPRESENTATION_CONTEXT() REPRESENTATION_CONTEXT('2D SPACE',''
  ) );
#2186 = ADVANCED_FACE('',(#2187),#590,.T.);
#2187 = FACE_BOUND('',#2188,.T.);
#2188 = EDGE_LOOP('',(#2189,#2212,#2268,#2296,#2329,#2357,#2385,#2432,
    #2479,#2502,#2530,#2563,#2591,#2647,#2668));
#2189 = ORIENTED_EDGE('',*,*,#2190,.F.);
#2190 = EDGE_CURVE('',#2191,#573,#2193,.T.);
#2191 = VERTEX_POINT('',#2192);
#2192 = CARTESIAN_POINT('',(-12.7,6.35,43.179999427795));
#2193 = SURFACE_CURVE('',#2194,(#2198,#2205),.PCURVE_S1.);
#2194 = LINE('',#2195,#2196);
#2195 = CARTESIAN_POINT('',(-12.7,6.35,95.25));
#2196 = VECTOR('',#2197,1.);
#2197 = DIRECTION('',(2.22044604925E-16,2.465190328816E-32,-1.));
#2198 = PCURVE('',#590,#2199);
#2199 = DEFINITIONAL_REPRESENTATION('',(#2200),#2204);
#2200 = LINE('',#2201,#2202);
#2201 = CARTESIAN_POINT('',(5.497787143782,0.));
#2202 = VECTOR('',#2203,1.);
#2203 = DIRECTION('',(0.,1.));
#2204 = ( GEOMETRIC_REPRESENTATION_CONTEXT(2) 
PARAMETRIC_REPRESENTATION_CONTEXT() REPRESENTATION_CONTEXT('2D SPACE',''
  ) );
#2205 = PCURVE('',#1933,#2206);
#2206 = DEFINITIONAL_REPRESENTATION('',(#2207),#2211);
#2207 = LINE('',#2208,#2209);
#2208 = CARTESIAN_POINT('',(12.7,95.25));
#2209 = VECTOR('',#2210,1.);
#2210 = DIRECTION('',(2.465190328816E-32,-1.));
#2211 = ( GEOMETRIC_REPRESENTATION_CONTEXT(2) 
PARAMETRIC_REPRESENTATION_CONTEXT() REPRESENTATION_CONTEXT('2D SPACE',''
  ) );
#2212 = ORIENTED_EDGE('',*,*,#2213,.F.);
#2213 = EDGE_CURVE('',#2214,#2191,#2216,.T.);
#2214 = VERTEX_POINT('',#2215);
#2215 = CARTESIAN_POINT('',(-6.35,2.109423746788E-14,43.179999427795));
#2216 = SURFACE_CURVE('',#2217,(#2222,#2229),.PCURVE_S1.);
#2217 = CIRCLE('',#2218,6.35);
#2218 = AXIS2_PLACEMENT_3D('',#2219,#2220,#2221);
#2219 = CARTESIAN_POINT('',(-6.35,6.35,43.179999427795));
#2220 = DIRECTION('',(2.22044604925E-16,3.697785493223E-32,-1.));
#2221 = DIRECTION('',(-0.707106781187,-0.707106781187,
    -1.570092458684E-16));
#2222 = PCURVE('',#590,#2223);
#2223 = DEFINITIONAL_REPRESENTATION('',(#2224),#2228);
#2224 = LINE('',#2225,#2226);
#2225 = CARTESIAN_POINT('',(-1.570796326795,52.070000572205));
#2226 = VECTOR('',#2227,1.);
#2227 = DIRECTION('',(1.,0.));
#2228 = ( GEOMETRIC_REPRESENTATION_CONTEXT(2) 
PARAMETRIC_REPRESENTATION_CONTEXT() REPRESENTATION_CONTEXT('2D SPACE',''
  ) );
#2229 = PCURVE('',#2230,#2240);
#2230 = ( BOUNDED_SURFACE() B_SPLINE_SURFACE(2,2,(
    (#2231,#2232,#2233)
    ,(#2234,#2235,#2236)
    ,(#2237,#2238,#2239
)),.UNSPECIFIED.,.F.,.F.,.F.) B_SPLINE_SURFACE_WITH_KNOTS((3,3),(3,3),(
    -1.570796326795,1.789481336941E-15),(-3.14159265359,-1.570796326795)
,.PIECEWISE_BEZIER_KNOTS.) GEOMETRIC_REPRESENTATION_ITEM() 
RATIONAL_B_SPLINE_SURFACE((
    (1.,0.707106781187,1.)
    ,(0.707106781187,0.5,0.707106781187)
,(1.,0.707106781187,1.))) REPRESENTATION_ITEM('') SURFACE() );
#2231 = CARTESIAN_POINT('',(-7.62,6.35,38.099999427795));
#2232 = CARTESIAN_POINT('',(-7.62,5.08,38.099999427795));
#2233 = CARTESIAN_POINT('',(-6.35,5.08,38.099999427795));
#2234 = CARTESIAN_POINT('',(-12.7,6.35,38.099999427795));
#2235 = CARTESIAN_POINT('',(-12.7,8.992806499464E-14,38.099999427795));
#2236 = CARTESIAN_POINT('',(-6.35,-1.887379141863E-14,38.099999427795));
#2237 = CARTESIAN_POINT('',(-12.7,6.35,43.179999427795));
#2238 = CARTESIAN_POINT('',(-12.7,9.880984919164E-14,43.179999427795));
#2239 = CARTESIAN_POINT('',(-6.35,-9.992007221626E-15,43.179999427795));
#2240 = DEFINITIONAL_REPRESENTATION('',(#2241),#2267);
#2241 = B_SPLINE_CURVE_WITH_KNOTS('',3,(#2242,#2243,#2244,#2245,#2246,
    #2247,#2248,#2249,#2250,#2251,#2252,#2253,#2254,#2255,#2256,#2257,
    #2258,#2259,#2260,#2261,#2262,#2263,#2264,#2265,#2266),
  .UNSPECIFIED.,.F.,.F.,(4,1,1,1,1,1,1,1,1,1,1,1,1,1,1,1,1,1,1,1,1,1,4),
  (5.497787143782,5.569186976818,5.640586809854,5.711986642891,
    5.783386475927,5.854786308963,5.926186141999,5.997585975035,
    6.068985808071,6.140385641107,6.211785474143,6.28318530718,
    6.354585140216,6.425984973252,6.497384806288,6.568784639324,
    6.64018447236,6.711584305396,6.782984138433,6.854383971469,
    6.925783804505,6.997183637541,7.068583470577),
  .QUASI_UNIFORM_KNOTS.);
#2242 = CARTESIAN_POINT('',(1.789481336941E-15,-1.570796326795));
#2243 = CARTESIAN_POINT('',(1.789481336941E-15,-1.597229375323));
#2244 = CARTESIAN_POINT('',(1.789481336941E-15,-1.649321539424));
#2245 = CARTESIAN_POINT('',(1.789481336941E-15,-1.725402781348));
#2246 = CARTESIAN_POINT('',(1.789481336941E-15,-1.799700484976));
#2247 = CARTESIAN_POINT('',(1.789481336941E-15,-1.872457766729));
#2248 = CARTESIAN_POINT('',(1.789481336941E-15,-1.943902433034));
#2249 = CARTESIAN_POINT('',(1.789481336941E-15,-2.014246930739));
#2250 = CARTESIAN_POINT('',(1.789481336941E-15,-2.083691857828));
#2251 = CARTESIAN_POINT('',(1.789481336941E-15,-2.152428136962));
#2252 = CARTESIAN_POINT('',(1.789481336941E-15,-2.22063924756));
#2253 = CARTESIAN_POINT('',(1.789481336941E-15,-2.28850321357));
#2254 = CARTESIAN_POINT('',(1.789481336941E-15,-2.356194490192));
#2255 = CARTESIAN_POINT('',(1.789481336941E-15,-2.423885766815));
#2256 = CARTESIAN_POINT('',(1.789481336941E-15,-2.491749732825));
#2257 = CARTESIAN_POINT('',(1.789481336941E-15,-2.559960843422));
#2258 = CARTESIAN_POINT('',(1.789481336941E-15,-2.628697122557));
#2259 = CARTESIAN_POINT('',(1.789481336941E-15,-2.698142049645));
#2260 = CARTESIAN_POINT('',(1.789481336941E-15,-2.768486547351));
#2261 = CARTESIAN_POINT('',(1.789481336941E-15,-2.839931213656));
#2262 = CARTESIAN_POINT('',(1.789481336941E-15,-2.912688495409));
#2263 = CARTESIAN_POINT('',(1.789481336941E-15,-2.986986199037));
#2264 = CARTESIAN_POINT('',(1.789481336941E-15,-3.063067440961));
#2265 = CARTESIAN_POINT('',(1.789481336941E-15,-3.115159605061));
#2266 = CARTESIAN_POINT('',(1.789481336941E-15,-3.14159265359));
#2267 = ( GEOMETRIC_REPRESENTATION_CONTEXT(2) 
PARAMETRIC_REPRESENTATION_CONTEXT() REPRESENTATION_CONTEXT('2D SPACE',''
  ) );
#2268 = ORIENTED_EDGE('',*,*,#2269,.T.);
#2269 = EDGE_CURVE('',#2214,#2270,#2272,.T.);
#2270 = VERTEX_POINT('',#2271);
#2271 = CARTESIAN_POINT('',(-6.35,2.209195438938E-14,190.5));
#2272 = SURFACE_CURVE('',#2273,(#2277,#2284),.PCURVE_S1.);
#2273 = LINE('',#2274,#2275);
#2274 = CARTESIAN_POINT('',(-6.35,2.109423746788E-14,95.25));
#2275 = VECTOR('',#2276,1.);
#2276 = DIRECTION('',(-2.22044604925E-16,-2.465190328816E-32,1.));
#2277 = PCURVE('',#590,#2278);
#2278 = DEFINITIONAL_REPRESENTATION('',(#2279),#2283);
#2279 = LINE('',#2280,#2281);
#2280 = CARTESIAN_POINT('',(3.926990816987,0.));
#2281 = VECTOR('',#2282,1.);
#2282 = DIRECTION('',(0.,-1.));
#2283 = ( GEOMETRIC_REPRESENTATION_CONTEXT(2) 
PARAMETRIC_REPRESENTATION_CONTEXT() REPRESENTATION_CONTEXT('2D SPACE',''
  ) );
#2284 = PCURVE('',#2285,#2290);
#2285 = PLANE('',#2286);
#2286 = AXIS2_PLACEMENT_3D('',#2287,#2288,#2289);
#2287 = CARTESIAN_POINT('',(-1.176737486058E-14,2.22044604925E-14,
    3.226712089592E-32));
#2288 = DIRECTION('',(1.224646799147E-16,-1.,2.540718180781E-33));
#2289 = DIRECTION('',(1.,1.224646799147E-16,2.22044604925E-16));
#2290 = DEFINITIONAL_REPRESENTATION('',(#2291),#2295);
#2291 = LINE('',#2292,#2293);
#2292 = CARTESIAN_POINT('',(-6.35,95.25));
#2293 = VECTOR('',#2294,1.);
#2294 = DIRECTION('',(2.465190328816E-32,1.));
#2295 = ( GEOMETRIC_REPRESENTATION_CONTEXT(2) 
PARAMETRIC_REPRESENTATION_CONTEXT() REPRESENTATION_CONTEXT('2D SPACE',''
  ) );
#2296 = ORIENTED_EDGE('',*,*,#2297,.T.);
#2297 = EDGE_CURVE('',#2270,#2298,#2300,.T.);
#2298 = VERTEX_POINT('',#2299);
#2299 = CARTESIAN_POINT('',(-6.35,12.7,190.5));
#2300 = SURFACE_CURVE('',#2301,(#2306,#2313),.PCURVE_S1.);
#2301 = CIRCLE('',#2302,6.35);
#2302 = AXIS2_PLACEMENT_3D('',#2303,#2304,#2305);
#2303 = CARTESIAN_POINT('',(-6.35,6.35,190.5));
#2304 = DIRECTION('',(2.22044604925E-16,3.697785493223E-32,-1.));
#2305 = DIRECTION('',(-0.707106781187,-0.707106781187,
    -1.570092458684E-16));
#2306 = PCURVE('',#590,#2307);
#2307 = DEFINITIONAL_REPRESENTATION('',(#2308),#2312);
#2308 = LINE('',#2309,#2310);
#2309 = CARTESIAN_POINT('',(-1.570796326795,-95.25));
#2310 = VECTOR('',#2311,1.);
#2311 = DIRECTION('',(1.,0.));
#2312 = ( GEOMETRIC_REPRESENTATION_CONTEXT(2) 
PARAMETRIC_REPRESENTATION_CONTEXT() REPRESENTATION_CONTEXT('2D SPACE',''
  ) );
#2313 = PCURVE('',#2314,#2319);
#2314 = PLANE('',#2315);
#2315 = AXIS2_PLACEMENT_3D('',#2316,#2317,#2318);
#2316 = CARTESIAN_POINT('',(12.7,12.7,190.5));
#2317 = DIRECTION('',(-2.22044604925E-16,-2.465190328816E-32,1.));
#2318 = DIRECTION('',(-1.,-1.224646799147E-16,-2.22044604925E-16));
#2319 = DEFINITIONAL_REPRESENTATION('',(#2320),#2328);
#2320 = ( BOUNDED_CURVE() B_SPLINE_CURVE(2,(#2321,#2322,#2323,#2324,
#2325,#2326,#2327),.UNSPECIFIED.,.T.,.F.) B_SPLINE_CURVE_WITH_KNOTS((1,2
    ,2,2,2,1),(-2.094395102393,0.,2.094395102393,4.188790204786,
6.28318530718,8.377580409573),.UNSPECIFIED.) CURVE() 
GEOMETRIC_REPRESENTATION_ITEM() RATIONAL_B_SPLINE_CURVE((1.,0.5,1.,0.5,
1.,0.5,1.)) REPRESENTATION_ITEM('') );
#2321 = CARTESIAN_POINT('',(23.540128060535,10.840128060535));
#2322 = CARTESIAN_POINT('',(31.317257993871,3.062998127198));
#2323 = CARTESIAN_POINT('',(20.693500936401,0.216371003064));
#2324 = CARTESIAN_POINT('',(10.069743878931,-2.630256121069));
#2325 = CARTESIAN_POINT('',(12.916371003064,7.993500936401));
#2326 = CARTESIAN_POINT('',(15.762998127198,18.617257993871));
#2327 = CARTESIAN_POINT('',(23.540128060535,10.840128060535));
#2328 = ( GEOMETRIC_REPRESENTATION_CONTEXT(2) 
PARAMETRIC_REPRESENTATION_CONTEXT() REPRESENTATION_CONTEXT('2D SPACE',''
  ) );
#2329 = ORIENTED_EDGE('',*,*,#2330,.T.);
#2330 = EDGE_CURVE('',#2298,#2331,#2333,.T.);
#2331 = VERTEX_POINT('',#2332);
#2332 = CARTESIAN_POINT('',(-6.35,12.7,7.099515828562));
#2333 = SURFACE_CURVE('',#2334,(#2338,#2345),.PCURVE_S1.);
#2334 = LINE('',#2335,#2336);
#2335 = CARTESIAN_POINT('',(-6.35,12.7,95.25));
#2336 = VECTOR('',#2337,1.);
#2337 = DIRECTION('',(2.22044604925E-16,2.465190328816E-32,-1.));
#2338 = PCURVE('',#590,#2339);
#2339 = DEFINITIONAL_REPRESENTATION('',(#2340),#2344);
#2340 = LINE('',#2341,#2342);
#2341 = CARTESIAN_POINT('',(7.068583470577,0.));
#2342 = VECTOR('',#2343,1.);
#2343 = DIRECTION('',(0.,1.));
#2344 = ( GEOMETRIC_REPRESENTATION_CONTEXT(2) 
PARAMETRIC_REPRESENTATION_CONTEXT() REPRESENTATION_CONTEXT('2D SPACE',''
  ) );
#2345 = PCURVE('',#2346,#2351);
#2346 = PLANE('',#2347);
#2347 = AXIS2_PLACEMENT_3D('',#2348,#2349,#2350);
#2348 = CARTESIAN_POINT('',(-1.33226762955E-14,12.7,0.));
#2349 = DIRECTION('',(1.224646799147E-16,-1.,2.540718180781E-33));
#2350 = DIRECTION('',(-2.22044604925E-16,-2.465190328816E-32,1.));
#2351 = DEFINITIONAL_REPRESENTATION('',(#2352),#2356);
#2352 = LINE('',#2353,#2354);
#2353 = CARTESIAN_POINT('',(95.25,6.35));
#2354 = VECTOR('',#2355,1.);
#2355 = DIRECTION('',(-1.,2.465190328816E-32));
#2356 = ( GEOMETRIC_REPRESENTATION_CONTEXT(2) 
PARAMETRIC_REPRESENTATION_CONTEXT() REPRESENTATION_CONTEXT('2D SPACE',''
  ) );
#2357 = ORIENTED_EDGE('',*,*,#2358,.T.);
#2358 = EDGE_CURVE('',#2331,#2359,#2361,.T.);
#2359 = VERTEX_POINT('',#2360);
#2360 = CARTESIAN_POINT('',(-6.35,12.7,1.276334203882));
#2361 = SURFACE_CURVE('',#2362,(#2366,#2373),.PCURVE_S1.);
#2362 = LINE('',#2363,#2364);
#2363 = CARTESIAN_POINT('',(-6.35,12.7,95.25));
#2364 = VECTOR('',#2365,1.);
#2365 = DIRECTION('',(2.22044604925E-16,2.465190328816E-32,-1.));
#2366 = PCURVE('',#590,#2367);
#2367 = DEFINITIONAL_REPRESENTATION('',(#2368),#2372);
#2368 = LINE('',#2369,#2370);
#2369 = CARTESIAN_POINT('',(7.068583470577,0.));
#2370 = VECTOR('',#2371,1.);
#2371 = DIRECTION('',(0.,1.));
#2372 = ( GEOMETRIC_REPRESENTATION_CONTEXT(2) 
PARAMETRIC_REPRESENTATION_CONTEXT() REPRESENTATION_CONTEXT('2D SPACE',''
  ) );
#2373 = PCURVE('',#2374,#2379);
#2374 = PLANE('',#2375);
#2375 = AXIS2_PLACEMENT_3D('',#2376,#2377,#2378);
#2376 = CARTESIAN_POINT('',(0.,12.7,2.819966482548E-15));
#2377 = DIRECTION('',(0.,-1.,-2.22044604925E-16));
#2378 = DIRECTION('',(-1.,0.,0.));
#2379 = DEFINITIONAL_REPRESENTATION('',(#2380),#2384);
#2380 = LINE('',#2381,#2382);
#2381 = CARTESIAN_POINT('',(6.35,-95.25));
#2382 = VECTOR('',#2383,1.);
#2383 = DIRECTION('',(-2.22044604925E-16,1.));
#2384 = ( GEOMETRIC_REPRESENTATION_CONTEXT(2) 
PARAMETRIC_REPRESENTATION_CONTEXT() REPRESENTATION_CONTEXT('2D SPACE',''
  ) );
#2385 = ORIENTED_EDGE('',*,*,#2386,.T.);
#2386 = EDGE_CURVE('',#2359,#2387,#2389,.T.);
#2387 = VERTEX_POINT('',#2388);
#2388 = CARTESIAN_POINT('',(-6.477,12.698729872975,1.806444094751E-15));
#2389 = SURFACE_CURVE('',#2390,(#2395,#2424),.PCURVE_S1.);
#2390 = B_SPLINE_CURVE_WITH_KNOTS('',3,(#2391,#2392,#2393,#2394),
  .UNSPECIFIED.,.F.,.F.,(4,4),(-0.126226441671,0.),
  .PIECEWISE_BEZIER_KNOTS.);
#2391 = CARTESIAN_POINT('',(-6.349999999999,12.7,1.276334203887));
#2392 = CARTESIAN_POINT('',(-6.435498499614,12.7,0.850963269766));
#2393 = CARTESIAN_POINT('',(-6.477,12.698729872975,0.42075480557));
#2394 = CARTESIAN_POINT('',(-6.477,12.698729872975,1.387778780781E-16));
#2395 = PCURVE('',#590,#2396);
#2396 = DEFINITIONAL_REPRESENTATION('',(#2397),#2423);
#2397 = B_SPLINE_CURVE_WITH_KNOTS('',3,(#2398,#2399,#2400,#2401,#2402,
    #2403,#2404,#2405,#2406,#2407,#2408,#2409,#2410,#2411,#2412,#2413,
    #2414,#2415,#2416,#2417,#2418,#2419,#2420,#2421,#2422),
  .UNSPECIFIED.,.F.,.F.,(4,1,1,1,1,1,1,1,1,1,1,1,1,1,1,1,1,1,1,1,1,1,4),
  (-0.126226441671,-0.12048887614,-0.11475131061,-0.109013745079,
    -0.103276179549,-9.753861401841E-02,-9.180104848791E-02,
    -8.606348295742E-02,-8.032591742692E-02,-7.458835189643E-02,
    -6.885078636593E-02,-6.311322083544E-02,-5.737565530495E-02,
    -5.163808977445E-02,-4.590052424396E-02,-4.016295871346E-02,
    -3.442539318297E-02,-2.868782765247E-02,-2.295026212198E-02,
    -1.721269659148E-02,-1.147513106099E-02,-5.737565530494E-03,0.),
  .UNSPECIFIED.);
#2398 = CARTESIAN_POINT('',(7.068583470577,93.973665796113));
#2399 = CARTESIAN_POINT('',(7.067971455523,93.993000838573));
#2400 = CARTESIAN_POINT('',(7.066776056346,94.031690913287));
#2401 = CARTESIAN_POINT('',(7.065068627076,94.089777941852));
#2402 = CARTESIAN_POINT('',(7.063446644081,94.147908834026));
#2403 = CARTESIAN_POINT('',(7.061909883892,94.206075536923));
#2404 = CARTESIAN_POINT('',(7.060458123093,94.264269997656));
#2405 = CARTESIAN_POINT('',(7.059091138437,94.32248416334));
#2406 = CARTESIAN_POINT('',(7.057808706977,94.380709981087));
#2407 = CARTESIAN_POINT('',(7.056610606172,94.438939398012));
#2408 = CARTESIAN_POINT('',(7.055496613969,94.497164361228));
#2409 = CARTESIAN_POINT('',(7.054466508873,94.55537681785));
#2410 = CARTESIAN_POINT('',(7.053520069989,94.613568714991));
#2411 = CARTESIAN_POINT('',(7.05265707705,94.671731999765));
#2412 = CARTESIAN_POINT('',(7.051877310429,94.729858619285));
#2413 = CARTESIAN_POINT('',(7.051180551122,94.787940520667));
#2414 = CARTESIAN_POINT('',(7.050566580726,94.845969651022));
#2415 = CARTESIAN_POINT('',(7.05003518139,94.903937957466));
#2416 = CARTESIAN_POINT('',(7.049586135751,94.961837387112));
#2417 = CARTESIAN_POINT('',(7.049219226854,95.019659887073));
#2418 = CARTESIAN_POINT('',(7.048934238057,95.077397404464));
#2419 = CARTESIAN_POINT('',(7.04873095291,95.135041886398));
#2420 = CARTESIAN_POINT('',(7.048609155049,95.19258527999));
#2421 = CARTESIAN_POINT('',(7.048582136986,95.230874781565));
#2422 = CARTESIAN_POINT('',(7.048582137004,95.25));
#2423 = ( GEOMETRIC_REPRESENTATION_CONTEXT(2) 
PARAMETRIC_REPRESENTATION_CONTEXT() REPRESENTATION_CONTEXT('2D SPACE',''
  ) );
#2424 = PCURVE('',#2374,#2425);
#2425 = DEFINITIONAL_REPRESENTATION('',(#2426),#2431);
#2426 = B_SPLINE_CURVE_WITH_KNOTS('',3,(#2427,#2428,#2429,#2430),
  .UNSPECIFIED.,.F.,.F.,(4,4),(-0.126226441671,0.),
  .PIECEWISE_BEZIER_KNOTS.);
#2427 = CARTESIAN_POINT('',(6.349999999999,-1.276334203887));
#2428 = CARTESIAN_POINT('',(6.435498499614,-0.850963269766));
#2429 = CARTESIAN_POINT('',(6.477,-0.42075480557));
#2430 = CARTESIAN_POINT('',(6.477,2.680906579616E-15));
#2431 = ( GEOMETRIC_REPRESENTATION_CONTEXT(2) 
PARAMETRIC_REPRESENTATION_CONTEXT() REPRESENTATION_CONTEXT('2D SPACE',''
  ) );
#2432 = ORIENTED_EDGE('',*,*,#2433,.T.);
#2433 = EDGE_CURVE('',#2387,#2434,#2436,.T.);
#2434 = VERTEX_POINT('',#2435);
#2435 = CARTESIAN_POINT('',(-6.35,12.7,-1.276334203882));
#2436 = SURFACE_CURVE('',#2437,(#2442,#2471),.PCURVE_S1.);
#2437 = B_SPLINE_CURVE_WITH_KNOTS('',3,(#2438,#2439,#2440,#2441),
  .UNSPECIFIED.,.F.,.F.,(4,4),(0.,0.126226441672),
  .PIECEWISE_BEZIER_KNOTS.);
#2438 = CARTESIAN_POINT('',(-6.477,12.698729872975,8.326672684689E-16));
#2439 = CARTESIAN_POINT('',(-6.477,12.698729872975,-0.420754805572));
#2440 = CARTESIAN_POINT('',(-6.435498499614,12.7,-0.850963269772));
#2441 = CARTESIAN_POINT('',(-6.349999999997,12.7,-1.276334203895));
#2442 = PCURVE('',#590,#2443);
#2443 = DEFINITIONAL_REPRESENTATION('',(#2444),#2470);
#2444 = B_SPLINE_CURVE_WITH_KNOTS('',3,(#2445,#2446,#2447,#2448,#2449,
    #2450,#2451,#2452,#2453,#2454,#2455,#2456,#2457,#2458,#2459,#2460,
    #2461,#2462,#2463,#2464,#2465,#2466,#2467,#2468,#2469),
  .UNSPECIFIED.,.F.,.F.,(4,1,1,1,1,1,1,1,1,1,1,1,1,1,1,1,1,1,1,1,1,1,4),
  (0.,5.73756553053E-03,1.147513106106E-02,1.721269659159E-02,
    2.295026212212E-02,2.868782765265E-02,3.442539318318E-02,
    4.016295871371E-02,4.590052424424E-02,5.163808977477E-02,
    5.73756553053E-02,6.311322083583E-02,6.885078636636E-02,
    7.458835189689E-02,8.032591742742E-02,8.606348295795E-02,
    9.180104848848E-02,9.753861401901E-02,0.10327617955,0.10901374508,
    0.114751310611,0.120488876141,0.126226441672),
  .QUASI_UNIFORM_KNOTS.);
#2445 = CARTESIAN_POINT('',(7.048582137004,95.25));
#2446 = CARTESIAN_POINT('',(7.048582136986,95.269125218435));
#2447 = CARTESIAN_POINT('',(7.048609155049,95.30741472001));
#2448 = CARTESIAN_POINT('',(7.04873095291,95.364958113602));
#2449 = CARTESIAN_POINT('',(7.048934238057,95.422602595537));
#2450 = CARTESIAN_POINT('',(7.049219226854,95.480340112928));
#2451 = CARTESIAN_POINT('',(7.049586135751,95.53816261289));
#2452 = CARTESIAN_POINT('',(7.05003518139,95.596062042536));
#2453 = CARTESIAN_POINT('',(7.050566580726,95.65403034898));
#2454 = CARTESIAN_POINT('',(7.051180551122,95.712059479336));
#2455 = CARTESIAN_POINT('',(7.051877310429,95.770141380718));
#2456 = CARTESIAN_POINT('',(7.05265707705,95.828268000239));
#2457 = CARTESIAN_POINT('',(7.053520069989,95.886431285013));
#2458 = CARTESIAN_POINT('',(7.054466508873,95.944623182154));
#2459 = CARTESIAN_POINT('',(7.05549661397,96.002835638776));
#2460 = CARTESIAN_POINT('',(7.056610606172,96.061060601993));
#2461 = CARTESIAN_POINT('',(7.057808706978,96.119290018919));
#2462 = CARTESIAN_POINT('',(7.059091138437,96.177515836666));
#2463 = CARTESIAN_POINT('',(7.060458123093,96.23573000235));
#2464 = CARTESIAN_POINT('',(7.061909883892,96.293924463083));
#2465 = CARTESIAN_POINT('',(7.063446644081,96.35209116598));
#2466 = CARTESIAN_POINT('',(7.065068627076,96.410222058155));
#2467 = CARTESIAN_POINT('',(7.066776056346,96.468309086721));
#2468 = CARTESIAN_POINT('',(7.067971455524,96.506999161435));
#2469 = CARTESIAN_POINT('',(7.068583470577,96.526334203895));
#2470 = ( GEOMETRIC_REPRESENTATION_CONTEXT(2) 
PARAMETRIC_REPRESENTATION_CONTEXT() REPRESENTATION_CONTEXT('2D SPACE',''
  ) );
#2471 = PCURVE('',#2374,#2472);
#2472 = DEFINITIONAL_REPRESENTATION('',(#2473),#2478);
#2473 = B_SPLINE_CURVE_WITH_KNOTS('',3,(#2474,#2475,#2476,#2477),
  .UNSPECIFIED.,.F.,.F.,(4,4),(0.,0.126226441672),
  .PIECEWISE_BEZIER_KNOTS.);
#2474 = CARTESIAN_POINT('',(6.477,1.987017189225E-15));
#2475 = CARTESIAN_POINT('',(6.477,0.420754805572));
#2476 = CARTESIAN_POINT('',(6.435498499614,0.850963269772));
#2477 = CARTESIAN_POINT('',(6.349999999997,1.276334203895));
#2478 = ( GEOMETRIC_REPRESENTATION_CONTEXT(2) 
PARAMETRIC_REPRESENTATION_CONTEXT() REPRESENTATION_CONTEXT('2D SPACE',''
  ) );
#2479 = ORIENTED_EDGE('',*,*,#2480,.T.);
#2480 = EDGE_CURVE('',#2434,#2481,#2483,.T.);
#2481 = VERTEX_POINT('',#2482);
#2482 = CARTESIAN_POINT('',(-6.35,12.7,-7.099515828562));
#2483 = SURFACE_CURVE('',#2484,(#2488,#2495),.PCURVE_S1.);
#2484 = LINE('',#2485,#2486);
#2485 = CARTESIAN_POINT('',(-6.35,12.7,95.25));
#2486 = VECTOR('',#2487,1.);
#2487 = DIRECTION('',(2.22044604925E-16,2.465190328816E-32,-1.));
#2488 = PCURVE('',#590,#2489);
#2489 = DEFINITIONAL_REPRESENTATION('',(#2490),#2494);
#2490 = LINE('',#2491,#2492);
#2491 = CARTESIAN_POINT('',(7.068583470577,0.));
#2492 = VECTOR('',#2493,1.);
#2493 = DIRECTION('',(0.,1.));
#2494 = ( GEOMETRIC_REPRESENTATION_CONTEXT(2) 
PARAMETRIC_REPRESENTATION_CONTEXT() REPRESENTATION_CONTEXT('2D SPACE',''
  ) );
#2495 = PCURVE('',#2374,#2496);
#2496 = DEFINITIONAL_REPRESENTATION('',(#2497),#2501);
#2497 = LINE('',#2498,#2499);
#2498 = CARTESIAN_POINT('',(6.35,-95.25));
#2499 = VECTOR('',#2500,1.);
#2500 = DIRECTION('',(-2.22044604925E-16,1.));
#2501 = ( GEOMETRIC_REPRESENTATION_CONTEXT(2) 
PARAMETRIC_REPRESENTATION_CONTEXT() REPRESENTATION_CONTEXT('2D SPACE',''
  ) );
#2502 = ORIENTED_EDGE('',*,*,#2503,.T.);
#2503 = EDGE_CURVE('',#2481,#2504,#2506,.T.);
#2504 = VERTEX_POINT('',#2505);
#2505 = CARTESIAN_POINT('',(-6.35,12.7,-190.5));
#2506 = SURFACE_CURVE('',#2507,(#2511,#2518),.PCURVE_S1.);
#2507 = LINE('',#2508,#2509);
#2508 = CARTESIAN_POINT('',(-6.35,12.7,95.25));
#2509 = VECTOR('',#2510,1.);
#2510 = DIRECTION('',(2.22044604925E-16,2.465190328816E-32,-1.));
#2511 = PCURVE('',#590,#2512);
#2512 = DEFINITIONAL_REPRESENTATION('',(#2513),#2517);
#2513 = LINE('',#2514,#2515);
#2514 = CARTESIAN_POINT('',(7.068583470577,0.));
#2515 = VECTOR('',#2516,1.);
#2516 = DIRECTION('',(0.,1.));
#2517 = ( GEOMETRIC_REPRESENTATION_CONTEXT(2) 
PARAMETRIC_REPRESENTATION_CONTEXT() REPRESENTATION_CONTEXT('2D SPACE',''
  ) );
#2518 = PCURVE('',#2519,#2524);
#2519 = PLANE('',#2520);
#2520 = AXIS2_PLACEMENT_3D('',#2521,#2522,#2523);
#2521 = CARTESIAN_POINT('',(-1.33226762955E-14,12.7,0.));
#2522 = DIRECTION('',(1.224646799147E-16,-1.,2.540718180781E-33));
#2523 = DIRECTION('',(-2.22044604925E-16,-2.465190328816E-32,1.));
#2524 = DEFINITIONAL_REPRESENTATION('',(#2525),#2529);
#2525 = LINE('',#2526,#2527);
#2526 = CARTESIAN_POINT('',(95.25,6.35));
#2527 = VECTOR('',#2528,1.);
#2528 = DIRECTION('',(-1.,2.465190328816E-32));
#2529 = ( GEOMETRIC_REPRESENTATION_CONTEXT(2) 
PARAMETRIC_REPRESENTATION_CONTEXT() REPRESENTATION_CONTEXT('2D SPACE',''
  ) );
#2530 = ORIENTED_EDGE('',*,*,#2531,.T.);
#2531 = EDGE_CURVE('',#2504,#2532,#2534,.T.);
#2532 = VERTEX_POINT('',#2533);
#2533 = CARTESIAN_POINT('',(-6.35,2.076166516071E-14,-190.5));
#2534 = SURFACE_CURVE('',#2535,(#2540,#2547),.PCURVE_S1.);
#2535 = CIRCLE('',#2536,6.35);
#2536 = AXIS2_PLACEMENT_3D('',#2537,#2538,#2539);
#2537 = CARTESIAN_POINT('',(-6.35,6.35,-190.5));
#2538 = DIRECTION('',(-2.22044604925E-16,-3.697785493223E-32,1.));
#2539 = DIRECTION('',(-0.707106781187,-0.707106781187,
    -1.570092458684E-16));
#2540 = PCURVE('',#590,#2541);
#2541 = DEFINITIONAL_REPRESENTATION('',(#2542),#2546);
#2542 = LINE('',#2543,#2544);
#2543 = CARTESIAN_POINT('',(10.995574287564,285.75));
#2544 = VECTOR('',#2545,1.);
#2545 = DIRECTION('',(-1.,0.));
#2546 = ( GEOMETRIC_REPRESENTATION_CONTEXT(2) 
PARAMETRIC_REPRESENTATION_CONTEXT() REPRESENTATION_CONTEXT('2D SPACE',''
  ) );
#2547 = PCURVE('',#2548,#2553);
#2548 = PLANE('',#2549);
#2549 = AXIS2_PLACEMENT_3D('',#2550,#2551,#2552);
#2550 = CARTESIAN_POINT('',(-12.7,12.7,-190.5));
#2551 = DIRECTION('',(2.22044604925E-16,2.465190328816E-32,-1.));
#2552 = DIRECTION('',(1.,1.224646799147E-16,2.22044604925E-16));
#2553 = DEFINITIONAL_REPRESENTATION('',(#2554),#2562);
#2554 = ( BOUNDED_CURVE() B_SPLINE_CURVE(2,(#2555,#2556,#2557,#2558,
#2559,#2560,#2561),.UNSPECIFIED.,.T.,.F.) B_SPLINE_CURVE_WITH_KNOTS((1,2
    ,2,2,2,1),(-2.094395102393,0.,2.094395102393,4.188790204786,
6.28318530718,8.377580409573),.UNSPECIFIED.) CURVE() 
GEOMETRIC_REPRESENTATION_ITEM() RATIONAL_B_SPLINE_CURVE((1.,0.5,1.,0.5,
1.,0.5,1.)) REPRESENTATION_ITEM('') );
#2555 = CARTESIAN_POINT('',(1.859871939465,10.840128060535));
#2556 = CARTESIAN_POINT('',(9.637001872802,18.617257993871));
#2557 = CARTESIAN_POINT('',(12.483628996936,7.993500936401));
#2558 = CARTESIAN_POINT('',(15.330256121069,-2.630256121069));
#2559 = CARTESIAN_POINT('',(4.706499063599,0.216371003064));
#2560 = CARTESIAN_POINT('',(-5.917257993871,3.062998127198));
#2561 = CARTESIAN_POINT('',(1.859871939465,10.840128060535));
#2562 = ( GEOMETRIC_REPRESENTATION_CONTEXT(2) 
PARAMETRIC_REPRESENTATION_CONTEXT() REPRESENTATION_CONTEXT('2D SPACE',''
  ) );
#2563 = ORIENTED_EDGE('',*,*,#2564,.T.);
#2564 = EDGE_CURVE('',#2532,#2565,#2567,.T.);
#2565 = VERTEX_POINT('',#2566);
#2566 = CARTESIAN_POINT('',(-6.35,2.109423746788E-14,-43.17999942779));
#2567 = SURFACE_CURVE('',#2568,(#2572,#2579),.PCURVE_S1.);
#2568 = LINE('',#2569,#2570);
#2569 = CARTESIAN_POINT('',(-6.35,2.109423746788E-14,95.25));
#2570 = VECTOR('',#2571,1.);
#2571 = DIRECTION('',(-2.22044604925E-16,-2.465190328816E-32,1.));
#2572 = PCURVE('',#590,#2573);
#2573 = DEFINITIONAL_REPRESENTATION('',(#2574),#2578);
#2574 = LINE('',#2575,#2576);
#2575 = CARTESIAN_POINT('',(3.926990816987,0.));
#2576 = VECTOR('',#2577,1.);
#2577 = DIRECTION('',(0.,-1.));
#2578 = ( GEOMETRIC_REPRESENTATION_CONTEXT(2) 
PARAMETRIC_REPRESENTATION_CONTEXT() REPRESENTATION_CONTEXT('2D SPACE',''
  ) );
#2579 = PCURVE('',#2580,#2585);
#2580 = PLANE('',#2581);
#2581 = AXIS2_PLACEMENT_3D('',#2582,#2583,#2584);
#2582 = CARTESIAN_POINT('',(-1.176737486058E-14,2.22044604925E-14,
    3.226712089592E-32));
#2583 = DIRECTION('',(1.224646799147E-16,-1.,2.540718180781E-33));
#2584 = DIRECTION('',(1.,1.224646799147E-16,2.22044604925E-16));
#2585 = DEFINITIONAL_REPRESENTATION('',(#2586),#2590);
#2586 = LINE('',#2587,#2588);
#2587 = CARTESIAN_POINT('',(-6.35,95.25));
#2588 = VECTOR('',#2589,1.);
#2589 = DIRECTION('',(2.465190328816E-32,1.));
#2590 = ( GEOMETRIC_REPRESENTATION_CONTEXT(2) 
PARAMETRIC_REPRESENTATION_CONTEXT() REPRESENTATION_CONTEXT('2D SPACE',''
  ) );
#2591 = ORIENTED_EDGE('',*,*,#2592,.F.);
#2592 = EDGE_CURVE('',#2593,#2565,#2595,.T.);
#2593 = VERTEX_POINT('',#2594);
#2594 = CARTESIAN_POINT('',(-12.7,6.35,-43.17999942779));
#2595 = SURFACE_CURVE('',#2596,(#2601,#2608),.PCURVE_S1.);
#2596 = CIRCLE('',#2597,6.35);
#2597 = AXIS2_PLACEMENT_3D('',#2598,#2599,#2600);
#2598 = CARTESIAN_POINT('',(-6.35,6.35,-43.17999942779));
#2599 = DIRECTION('',(-2.22044604925E-16,-3.697785493223E-32,1.));
#2600 = DIRECTION('',(-0.707106781187,-0.707106781187,
    -1.570092458684E-16));
#2601 = PCURVE('',#590,#2602);
#2602 = DEFINITIONAL_REPRESENTATION('',(#2603),#2607);
#2603 = LINE('',#2604,#2605);
#2604 = CARTESIAN_POINT('',(10.995574287564,138.42999942779));
#2605 = VECTOR('',#2606,1.);
#2606 = DIRECTION('',(-1.,0.));
#2607 = ( GEOMETRIC_REPRESENTATION_CONTEXT(2) 
PARAMETRIC_REPRESENTATION_CONTEXT() REPRESENTATION_CONTEXT('2D SPACE',''
  ) );
#2608 = PCURVE('',#2609,#2619);
#2609 = ( BOUNDED_SURFACE() B_SPLINE_SURFACE(2,2,(
    (#2610,#2611,#2612)
    ,(#2613,#2614,#2615)
    ,(#2616,#2617,#2618
)),.UNSPECIFIED.,.F.,.F.,.F.) B_SPLINE_SURFACE_WITH_KNOTS((3,3),(3,3),(
    -1.570796326795,-1.70478435972E-15),(-1.570796326795,
    -9.965781480887E-15),.PIECEWISE_BEZIER_KNOTS.) 
GEOMETRIC_REPRESENTATION_ITEM() RATIONAL_B_SPLINE_SURFACE((
    (1.,0.707106781187,1.)
    ,(0.707106781187,0.5,0.707106781187)
,(1.,0.707106781187,1.))) REPRESENTATION_ITEM('') SURFACE() );
#2610 = CARTESIAN_POINT('',(-6.35,5.08,-38.09999942779));
#2611 = CARTESIAN_POINT('',(-7.62,5.08,-38.09999942779));
#2612 = CARTESIAN_POINT('',(-7.62,6.35,-38.09999942779));
#2613 = CARTESIAN_POINT('',(-6.35,1.554312234475E-14,-38.09999942779));
#2614 = CARTESIAN_POINT('',(-12.7,7.327471962526E-14,-38.09999942779));
#2615 = CARTESIAN_POINT('',(-12.7,6.35,-38.09999942779));
#2616 = CARTESIAN_POINT('',(-6.35,6.661338147751E-15,-43.17999942779));
#2617 = CARTESIAN_POINT('',(-12.7,6.439293542826E-14,-43.17999942779));
#2618 = CARTESIAN_POINT('',(-12.7,6.35,-43.17999942779));
#2619 = DEFINITIONAL_REPRESENTATION('',(#2620),#2646);
#2620 = B_SPLINE_CURVE_WITH_KNOTS('',3,(#2621,#2622,#2623,#2624,#2625,
    #2626,#2627,#2628,#2629,#2630,#2631,#2632,#2633,#2634,#2635,#2636,
    #2637,#2638,#2639,#2640,#2641,#2642,#2643,#2644,#2645),
  .UNSPECIFIED.,.F.,.F.,(4,1,1,1,1,1,1,1,1,1,1,1,1,1,1,1,1,1,1,1,1,1,4),
  (5.497787143782,5.569186976818,5.640586809854,5.711986642891,
    5.783386475927,5.854786308963,5.926186141999,5.997585975035,
    6.068985808071,6.140385641107,6.211785474143,6.28318530718,
    6.354585140216,6.425984973252,6.497384806288,6.568784639324,
    6.64018447236,6.711584305396,6.782984138433,6.854383971469,
    6.925783804505,6.997183637541,7.068583470577),
  .QUASI_UNIFORM_KNOTS.);
#2621 = CARTESIAN_POINT('',(-1.70478435972E-15,-9.965781480887E-15));
#2622 = CARTESIAN_POINT('',(-1.70478435972E-15,-2.64330485283E-02));
#2623 = CARTESIAN_POINT('',(-1.70478435972E-15,-7.852521262874E-02));
#2624 = CARTESIAN_POINT('',(-1.70478435972E-15,-0.154606454553));
#2625 = CARTESIAN_POINT('',(-1.70478435972E-15,-0.228904158181));
#2626 = CARTESIAN_POINT('',(-1.70478435972E-15,-0.301661439934));
#2627 = CARTESIAN_POINT('',(-1.70478435972E-15,-0.373106106239));
#2628 = CARTESIAN_POINT('',(-1.70478435972E-15,-0.443450603945));
#2629 = CARTESIAN_POINT('',(-1.70478435972E-15,-0.512895531033));
#2630 = CARTESIAN_POINT('',(-1.70478435972E-15,-0.581631810168));
#2631 = CARTESIAN_POINT('',(-1.70478435972E-15,-0.649842920765));
#2632 = CARTESIAN_POINT('',(-1.70478435972E-15,-0.717706886775));
#2633 = CARTESIAN_POINT('',(-1.70478435972E-15,-0.785398163397));
#2634 = CARTESIAN_POINT('',(-1.70478435972E-15,-0.85308944002));
#2635 = CARTESIAN_POINT('',(-1.70478435972E-15,-0.92095340603));
#2636 = CARTESIAN_POINT('',(-1.70478435972E-15,-0.989164516627));
#2637 = CARTESIAN_POINT('',(-1.70478435972E-15,-1.057900795762));
#2638 = CARTESIAN_POINT('',(-1.70478435972E-15,-1.12734572285));
#2639 = CARTESIAN_POINT('',(-1.70478435972E-15,-1.197690220556));
#2640 = CARTESIAN_POINT('',(-1.70478435972E-15,-1.269134886861));
#2641 = CARTESIAN_POINT('',(-1.70478435972E-15,-1.341892168614));
#2642 = CARTESIAN_POINT('',(-1.70478435972E-15,-1.416189872242));
#2643 = CARTESIAN_POINT('',(-1.70478435972E-15,-1.492271114166));
#2644 = CARTESIAN_POINT('',(-1.70478435972E-15,-1.544363278267));
#2645 = CARTESIAN_POINT('',(-1.70478435972E-15,-1.570796326795));
#2646 = ( GEOMETRIC_REPRESENTATION_CONTEXT(2) 
PARAMETRIC_REPRESENTATION_CONTEXT() REPRESENTATION_CONTEXT('2D SPACE',''
  ) );
#2647 = ORIENTED_EDGE('',*,*,#2648,.F.);
#2648 = EDGE_CURVE('',#575,#2593,#2649,.T.);
#2649 = SURFACE_CURVE('',#2650,(#2654,#2661),.PCURVE_S1.);
#2650 = LINE('',#2651,#2652);
#2651 = CARTESIAN_POINT('',(-12.7,6.35,95.25));
#2652 = VECTOR('',#2653,1.);
#2653 = DIRECTION('',(2.22044604925E-16,2.465190328816E-32,-1.));
#2654 = PCURVE('',#590,#2655);
#2655 = DEFINITIONAL_REPRESENTATION('',(#2656),#2660);
#2656 = LINE('',#2657,#2658);
#2657 = CARTESIAN_POINT('',(5.497787143782,0.));
#2658 = VECTOR('',#2659,1.);
#2659 = DIRECTION('',(0.,1.));
#2660 = ( GEOMETRIC_REPRESENTATION_CONTEXT(2) 
PARAMETRIC_REPRESENTATION_CONTEXT() REPRESENTATION_CONTEXT('2D SPACE',''
  ) );
#2661 = PCURVE('',#1664,#2662);
#2662 = DEFINITIONAL_REPRESENTATION('',(#2663),#2667);
#2663 = LINE('',#2664,#2665);
#2664 = CARTESIAN_POINT('',(12.7,95.25));
#2665 = VECTOR('',#2666,1.);
#2666 = DIRECTION('',(2.465190328816E-32,-1.));
#2667 = ( GEOMETRIC_REPRESENTATION_CONTEXT(2) 
PARAMETRIC_REPRESENTATION_CONTEXT() REPRESENTATION_CONTEXT('2D SPACE',''
  ) );
#2668 = ORIENTED_EDGE('',*,*,#572,.F.);
#2669 = ADVANCED_FACE('',(#2670),#726,.F.);
#2670 = FACE_BOUND('',#2671,.F.);
#2671 = EDGE_LOOP('',(#2672,#2718,#2767,#2768));
#2672 = ORIENTED_EDGE('',*,*,#2673,.F.);
#2673 = EDGE_CURVE('',#2674,#682,#2676,.T.);
#2674 = VERTEX_POINT('',#2675);
#2675 = CARTESIAN_POINT('',(-28.26952417338,7.62,-26.32045705166));
#2676 = SURFACE_CURVE('',#2677,(#2682,#2711),.PCURVE_S1.);
#2677 = CIRCLE('',#2678,1.27);
#2678 = AXIS2_PLACEMENT_3D('',#2679,#2680,#2681);
#2679 = CARTESIAN_POINT('',(-28.26952417338,6.35,-26.32045705166));
#2680 = DIRECTION('',(-0.833954480829,1.387778780781E-16,-0.551833239217
    ));
#2681 = DIRECTION('',(0.390205025534,0.707106781187,-0.589694868595));
#2682 = PCURVE('',#726,#2683);
#2683 = DEFINITIONAL_REPRESENTATION('',(#2684),#2710);
#2684 = B_SPLINE_CURVE_WITH_KNOTS('',3,(#2685,#2686,#2687,#2688,#2689,
    #2690,#2691,#2692,#2693,#2694,#2695,#2696,#2697,#2698,#2699,#2700,
    #2701,#2702,#2703,#2704,#2705,#2706,#2707,#2708,#2709),
  .UNSPECIFIED.,.F.,.F.,(4,1,1,1,1,1,1,1,1,1,1,1,1,1,1,1,1,1,1,1,1,1,4),
  (5.497787143782,5.569186976818,5.640586809854,5.711986642891,
    5.783386475927,5.854786308963,5.926186141999,5.997585975035,
    6.068985808071,6.140385641107,6.211785474143,6.28318530718,
    6.354585140216,6.425984973252,6.497384806288,6.568784639324,
    6.64018447236,6.711584305396,6.782984138433,6.854383971469,
    6.925783804505,6.997183637541,7.068583470577),
  .QUASI_UNIFORM_KNOTS.);
#2685 = CARTESIAN_POINT('',(-1.570796326795,1.570796326795));
#2686 = CARTESIAN_POINT('',(-1.570796326795,1.597229375323));
#2687 = CARTESIAN_POINT('',(-1.570796326795,1.649321539423));
#2688 = CARTESIAN_POINT('',(-1.570796326795,1.725402781348));
#2689 = CARTESIAN_POINT('',(-1.570796326795,1.799700484976));
#2690 = CARTESIAN_POINT('',(-1.570796326795,1.872457766729));
#2691 = CARTESIAN_POINT('',(-1.570796326795,1.943902433034));
#2692 = CARTESIAN_POINT('',(-1.570796326795,2.014246930739));
#2693 = CARTESIAN_POINT('',(-1.570796326795,2.083691857827));
#2694 = CARTESIAN_POINT('',(-1.570796326795,2.152428136962));
#2695 = CARTESIAN_POINT('',(-1.570796326795,2.22063924756));
#2696 = CARTESIAN_POINT('',(-1.570796326795,2.28850321357));
#2697 = CARTESIAN_POINT('',(-1.570796326795,2.356194490192));
#2698 = CARTESIAN_POINT('',(-1.570796326795,2.423885766815));
#2699 = CARTESIAN_POINT('',(-1.570796326795,2.491749732825));
#2700 = CARTESIAN_POINT('',(-1.570796326795,2.559960843422));
#2701 = CARTESIAN_POINT('',(-1.570796326795,2.628697122557));
#2702 = CARTESIAN_POINT('',(-1.570796326795,2.698142049645));
#2703 = CARTESIAN_POINT('',(-1.570796326795,2.768486547351));
#2704 = CARTESIAN_POINT('',(-1.570796326795,2.839931213656));
#2705 = CARTESIAN_POINT('',(-1.570796326795,2.912688495409));
#2706 = CARTESIAN_POINT('',(-1.570796326795,2.986986199037));
#2707 = CARTESIAN_POINT('',(-1.570796326795,3.063067440961));
#2708 = CARTESIAN_POINT('',(-1.570796326795,3.115159605062));
#2709 = CARTESIAN_POINT('',(-1.570796326795,3.14159265359));
#2710 = ( GEOMETRIC_REPRESENTATION_CONTEXT(2) 
PARAMETRIC_REPRESENTATION_CONTEXT() REPRESENTATION_CONTEXT('2D SPACE',''
  ) );
#2711 = PCURVE('',#697,#2712);
#2712 = DEFINITIONAL_REPRESENTATION('',(#2713),#2717);
#2713 = CIRCLE('',#2714,1.27);
#2714 = AXIS2_PLACEMENT_2D('',#2715,#2716);
#2715 = CARTESIAN_POINT('',(19.05,6.35));
#2716 = DIRECTION('',(0.707106781187,-0.707106781187));
#2717 = ( GEOMETRIC_REPRESENTATION_CONTEXT(2) 
PARAMETRIC_REPRESENTATION_CONTEXT() REPRESENTATION_CONTEXT('2D SPACE',''
  ) );
#2718 = ORIENTED_EDGE('',*,*,#2719,.T.);
#2719 = EDGE_CURVE('',#2674,#1576,#2720,.T.);
#2720 = SURFACE_CURVE('',#2721,(#2726,#2755),.PCURVE_S1.);
#2721 = CIRCLE('',#2722,5.08);
#2722 = AXIS2_PLACEMENT_3D('',#2723,#2724,#2725);
#2723 = CARTESIAN_POINT('',(-32.50601293599,7.62,-29.12376990689));
#2724 = DIRECTION('',(-0.551833239217,3.686951170381E-17,0.833954480829)
  );
#2725 = DIRECTION('',(0.833954480829,-1.225315935864E-16,0.551833239217)
  );
#2726 = PCURVE('',#726,#2727);
#2727 = DEFINITIONAL_REPRESENTATION('',(#2728),#2754);
#2728 = B_SPLINE_CURVE_WITH_KNOTS('',3,(#2729,#2730,#2731,#2732,#2733,
    #2734,#2735,#2736,#2737,#2738,#2739,#2740,#2741,#2742,#2743,#2744,
    #2745,#2746,#2747,#2748,#2749,#2750,#2751,#2752,#2753),
  .UNSPECIFIED.,.F.,.F.,(4,1,1,1,1,1,1,1,1,1,1,1,1,1,1,1,1,1,1,1,1,1,4),
  (0.,7.139983303613E-02,0.142799666072,0.214199499108,0.285599332145,
    0.356999165181,0.428398998217,0.499798831253,0.571198664289,
    0.642598497325,0.713998330361,0.785398163397,0.856797996434,
    0.92819782947,0.999597662506,1.070997495542,1.142397328578,
    1.213797161614,1.28519699465,1.356596827687,1.427996660723,
    1.499396493759,1.570796326795),.QUASI_UNIFORM_KNOTS.);
#2729 = CARTESIAN_POINT('',(-1.570796326795,1.570796326795));
#2730 = CARTESIAN_POINT('',(-1.544363278267,1.570796326795));
#2731 = CARTESIAN_POINT('',(-1.492271114166,1.570796326795));
#2732 = CARTESIAN_POINT('',(-1.416189872242,1.570796326795));
#2733 = CARTESIAN_POINT('',(-1.341892168614,1.570796326795));
#2734 = CARTESIAN_POINT('',(-1.269134886861,1.570796326795));
#2735 = CARTESIAN_POINT('',(-1.197690220556,1.570796326795));
#2736 = CARTESIAN_POINT('',(-1.12734572285,1.570796326795));
#2737 = CARTESIAN_POINT('',(-1.057900795762,1.570796326795));
#2738 = CARTESIAN_POINT('',(-0.989164516627,1.570796326795));
#2739 = CARTESIAN_POINT('',(-0.92095340603,1.570796326795));
#2740 = CARTESIAN_POINT('',(-0.85308944002,1.570796326795));
#2741 = CARTESIAN_POINT('',(-0.785398163397,1.570796326795));
#2742 = CARTESIAN_POINT('',(-0.717706886775,1.570796326795));
#2743 = CARTESIAN_POINT('',(-0.649842920765,1.570796326795));
#2744 = CARTESIAN_POINT('',(-0.581631810168,1.570796326795));
#2745 = CARTESIAN_POINT('',(-0.512895531033,1.570796326795));
#2746 = CARTESIAN_POINT('',(-0.443450603945,1.570796326795));
#2747 = CARTESIAN_POINT('',(-0.373106106239,1.570796326795));
#2748 = CARTESIAN_POINT('',(-0.301661439934,1.570796326795));
#2749 = CARTESIAN_POINT('',(-0.228904158181,1.570796326795));
#2750 = CARTESIAN_POINT('',(-0.154606454553,1.570796326795));
#2751 = CARTESIAN_POINT('',(-7.852521262874E-02,1.570796326795));
#2752 = CARTESIAN_POINT('',(-2.643304852829E-02,1.570796326795));
#2753 = CARTESIAN_POINT('',(-5.082127736203E-16,1.570796326795));
#2754 = ( GEOMETRIC_REPRESENTATION_CONTEXT(2) 
PARAMETRIC_REPRESENTATION_CONTEXT() REPRESENTATION_CONTEXT('2D SPACE',''
  ) );
#2755 = PCURVE('',#2756,#2761);
#2756 = CYLINDRICAL_SURFACE('',#2757,5.08);
#2757 = AXIS2_PLACEMENT_3D('',#2758,#2759,#2760);
#2758 = CARTESIAN_POINT('',(-39.51429507404,7.62,-18.53254800035));
#2759 = DIRECTION('',(0.551833239217,-3.686951170381E-17,-0.833954480829
    ));
#2760 = DIRECTION('',(0.589694868595,0.707106781187,0.390205025534));
#2761 = DEFINITIONAL_REPRESENTATION('',(#2762),#2766);
#2762 = LINE('',#2763,#2764);
#2763 = CARTESIAN_POINT('',(7.068583470577,12.7));
#2764 = VECTOR('',#2765,1.);
#2765 = DIRECTION('',(-1.,0.));
#2766 = ( GEOMETRIC_REPRESENTATION_CONTEXT(2) 
PARAMETRIC_REPRESENTATION_CONTEXT() REPRESENTATION_CONTEXT('2D SPACE',''
  ) );
#2767 = ORIENTED_EDGE('',*,*,#1603,.F.);
#2768 = ORIENTED_EDGE('',*,*,#709,.T.);
#2769 = ADVANCED_FACE('',(#2770),#697,.F.);
#2770 = FACE_BOUND('',#2771,.T.);
#2771 = EDGE_LOOP('',(#2772,#2773,#2796,#2840));
#2772 = ORIENTED_EDGE('',*,*,#2673,.F.);
#2773 = ORIENTED_EDGE('',*,*,#2774,.F.);
#2774 = EDGE_CURVE('',#2775,#2674,#2777,.T.);
#2775 = VERTEX_POINT('',#2776);
#2776 = CARTESIAN_POINT('',(-35.27780631143,7.62,-15.72923514513));
#2777 = SURFACE_CURVE('',#2778,(#2782,#2789),.PCURVE_S1.);
#2778 = LINE('',#2779,#2780);
#2779 = CARTESIAN_POINT('',(-35.27780631143,7.62,-15.72923514513));
#2780 = VECTOR('',#2781,1.);
#2781 = DIRECTION('',(0.551833239217,-3.686951170381E-17,-0.833954480829
    ));
#2782 = PCURVE('',#697,#2783);
#2783 = DEFINITIONAL_REPRESENTATION('',(#2784),#2788);
#2784 = LINE('',#2785,#2786);
#2785 = CARTESIAN_POINT('',(6.35,5.08));
#2786 = VECTOR('',#2787,1.);
#2787 = DIRECTION('',(1.,0.));
#2788 = ( GEOMETRIC_REPRESENTATION_CONTEXT(2) 
PARAMETRIC_REPRESENTATION_CONTEXT() REPRESENTATION_CONTEXT('2D SPACE',''
  ) );
#2789 = PCURVE('',#2756,#2790);
#2790 = DEFINITIONAL_REPRESENTATION('',(#2791),#2795);
#2791 = LINE('',#2792,#2793);
#2792 = CARTESIAN_POINT('',(7.068583470577,0.));
#2793 = VECTOR('',#2794,1.);
#2794 = DIRECTION('',(0.,1.));
#2795 = ( GEOMETRIC_REPRESENTATION_CONTEXT(2) 
PARAMETRIC_REPRESENTATION_CONTEXT() REPRESENTATION_CONTEXT('2D SPACE',''
  ) );
#2796 = ORIENTED_EDGE('',*,*,#2797,.F.);
#2797 = EDGE_CURVE('',#626,#2775,#2798,.T.);
#2798 = SURFACE_CURVE('',#2799,(#2804,#2811),.PCURVE_S1.);
#2799 = CIRCLE('',#2800,1.27);
#2800 = AXIS2_PLACEMENT_3D('',#2801,#2802,#2803);
#2801 = CARTESIAN_POINT('',(-35.27780631143,6.35,-15.72923514513));
#2802 = DIRECTION('',(-0.833954480829,1.387778780781E-16,-0.551833239217
    ));
#2803 = DIRECTION('',(-0.390205025534,0.707106781187,0.589694868595));
#2804 = PCURVE('',#697,#2805);
#2805 = DEFINITIONAL_REPRESENTATION('',(#2806),#2810);
#2806 = CIRCLE('',#2807,1.27);
#2807 = AXIS2_PLACEMENT_2D('',#2808,#2809);
#2808 = CARTESIAN_POINT('',(6.35,6.35));
#2809 = DIRECTION('',(-0.707106781187,-0.707106781187));
#2810 = ( GEOMETRIC_REPRESENTATION_CONTEXT(2) 
PARAMETRIC_REPRESENTATION_CONTEXT() REPRESENTATION_CONTEXT('2D SPACE',''
  ) );
#2811 = PCURVE('',#642,#2812);
#2812 = DEFINITIONAL_REPRESENTATION('',(#2813),#2839);
#2813 = B_SPLINE_CURVE_WITH_KNOTS('',3,(#2814,#2815,#2816,#2817,#2818,
    #2819,#2820,#2821,#2822,#2823,#2824,#2825,#2826,#2827,#2828,#2829,
    #2830,#2831,#2832,#2833,#2834,#2835,#2836,#2837,#2838),
  .UNSPECIFIED.,.F.,.F.,(4,1,1,1,1,1,1,1,1,1,1,1,1,1,1,1,1,1,1,1,1,1,4),
  (5.497787143782,5.569186976818,5.640586809854,5.711986642891,
    5.783386475927,5.854786308963,5.926186141999,5.997585975035,
    6.068985808071,6.140385641107,6.211785474143,6.28318530718,
    6.354585140216,6.425984973252,6.497384806288,6.568784639324,
    6.64018447236,6.711584305396,6.782984138433,6.854383971469,
    6.925783804505,6.997183637541,7.068583470577),
  .QUASI_UNIFORM_KNOTS.);
#2814 = CARTESIAN_POINT('',(-1.570796326795,-2.352213708095E-13));
#2815 = CARTESIAN_POINT('',(-1.570796326795,2.64330485279E-02));
#2816 = CARTESIAN_POINT('',(-1.570796326795,7.852521262823E-02));
#2817 = CARTESIAN_POINT('',(-1.570796326795,0.154606454553));
#2818 = CARTESIAN_POINT('',(-1.570796326795,0.228904158181));
#2819 = CARTESIAN_POINT('',(-1.570796326795,0.301661439934));
#2820 = CARTESIAN_POINT('',(-1.570796326795,0.373106106239));
#2821 = CARTESIAN_POINT('',(-1.570796326795,0.443450603944));
#2822 = CARTESIAN_POINT('',(-1.570796326795,0.512895531032));
#2823 = CARTESIAN_POINT('',(-1.570796326795,0.581631810167));
#2824 = CARTESIAN_POINT('',(-1.570796326795,0.649842920765));
#2825 = CARTESIAN_POINT('',(-1.570796326795,0.717706886775));
#2826 = CARTESIAN_POINT('',(-1.570796326795,0.785398163398));
#2827 = CARTESIAN_POINT('',(-1.570796326795,0.85308944002));
#2828 = CARTESIAN_POINT('',(-1.570796326795,0.92095340603));
#2829 = CARTESIAN_POINT('',(-1.570796326795,0.989164516628));
#2830 = CARTESIAN_POINT('',(-1.570796326795,1.057900795763));
#2831 = CARTESIAN_POINT('',(-1.570796326795,1.127345722851));
#2832 = CARTESIAN_POINT('',(-1.570796326795,1.197690220556));
#2833 = CARTESIAN_POINT('',(-1.570796326795,1.269134886861));
#2834 = CARTESIAN_POINT('',(-1.570796326795,1.341892168614));
#2835 = CARTESIAN_POINT('',(-1.570796326795,1.416189872242));
#2836 = CARTESIAN_POINT('',(-1.570796326795,1.492271114167));
#2837 = CARTESIAN_POINT('',(-1.570796326795,1.544363278267));
#2838 = CARTESIAN_POINT('',(-1.570796326795,1.570796326795));
#2839 = ( GEOMETRIC_REPRESENTATION_CONTEXT(2) 
PARAMETRIC_REPRESENTATION_CONTEXT() REPRESENTATION_CONTEXT('2D SPACE',''
  ) );
#2840 = ORIENTED_EDGE('',*,*,#681,.T.);
#2841 = ADVANCED_FACE('',(#2842),#642,.F.);
#2842 = FACE_BOUND('',#2843,.F.);
#2843 = EDGE_LOOP('',(#2844,#2890,#2934,#2935));
#2844 = ORIENTED_EDGE('',*,*,#2845,.F.);
#2845 = EDGE_CURVE('',#2846,#603,#2848,.T.);
#2846 = VERTEX_POINT('',#2847);
#2847 = CARTESIAN_POINT('',(-39.51429507404,12.7,-18.53254800035));
#2848 = SURFACE_CURVE('',#2849,(#2854,#2883),.PCURVE_S1.);
#2849 = CIRCLE('',#2850,6.35);
#2850 = AXIS2_PLACEMENT_3D('',#2851,#2852,#2853);
#2851 = CARTESIAN_POINT('',(-39.51429507404,6.35,-18.53254800035));
#2852 = DIRECTION('',(0.833954480829,-1.387778780781E-16,0.551833239217)
  );
#2853 = DIRECTION('',(-0.390205025534,0.707106781187,0.589694868595));
#2854 = PCURVE('',#642,#2855);
#2855 = DEFINITIONAL_REPRESENTATION('',(#2856),#2882);
#2856 = B_SPLINE_CURVE_WITH_KNOTS('',3,(#2857,#2858,#2859,#2860,#2861,
    #2862,#2863,#2864,#2865,#2866,#2867,#2868,#2869,#2870,#2871,#2872,
    #2873,#2874,#2875,#2876,#2877,#2878,#2879,#2880,#2881),
  .UNSPECIFIED.,.F.,.F.,(4,1,1,1,1,1,1,1,1,1,1,1,1,1,1,1,1,1,1,1,1,1,4),
  (5.497787143782,5.569186976818,5.640586809854,5.711986642891,
    5.783386475927,5.854786308963,5.926186141999,5.997585975035,
    6.068985808071,6.140385641107,6.211785474143,6.28318530718,
    6.354585140216,6.425984973252,6.497384806288,6.568784639324,
    6.64018447236,6.711584305396,6.782984138433,6.854383971469,
    6.925783804505,6.997183637541,7.068583470577),
  .QUASI_UNIFORM_KNOTS.);
#2857 = CARTESIAN_POINT('',(-6.11040884867E-14,1.570796326795));
#2858 = CARTESIAN_POINT('',(-6.11040884867E-14,1.544363278267));
#2859 = CARTESIAN_POINT('',(-6.11040884867E-14,1.492271114166));
#2860 = CARTESIAN_POINT('',(-6.11040884867E-14,1.416189872242));
#2861 = CARTESIAN_POINT('',(-6.11040884867E-14,1.341892168614));
#2862 = CARTESIAN_POINT('',(-6.11040884867E-14,1.269134886861));
#2863 = CARTESIAN_POINT('',(-6.11040884867E-14,1.197690220556));
#2864 = CARTESIAN_POINT('',(-6.11040884867E-14,1.12734572285));
#2865 = CARTESIAN_POINT('',(-6.11040884867E-14,1.057900795762));
#2866 = CARTESIAN_POINT('',(-6.11040884867E-14,0.989164516627));
#2867 = CARTESIAN_POINT('',(-6.11040884867E-14,0.92095340603));
#2868 = CARTESIAN_POINT('',(-6.11040884867E-14,0.85308944002));
#2869 = CARTESIAN_POINT('',(-6.11040884867E-14,0.785398163397));
#2870 = CARTESIAN_POINT('',(-6.11040884867E-14,0.717706886775));
#2871 = CARTESIAN_POINT('',(-6.11040884867E-14,0.649842920765));
#2872 = CARTESIAN_POINT('',(-6.11040884867E-14,0.581631810168));
#2873 = CARTESIAN_POINT('',(-6.11040884867E-14,0.512895531033));
#2874 = CARTESIAN_POINT('',(-6.11040884867E-14,0.443450603944));
#2875 = CARTESIAN_POINT('',(-6.11040884867E-14,0.373106106239));
#2876 = CARTESIAN_POINT('',(-6.11040884867E-14,0.301661439934));
#2877 = CARTESIAN_POINT('',(-6.11040884867E-14,0.228904158181));
#2878 = CARTESIAN_POINT('',(-6.11040884867E-14,0.154606454553));
#2879 = CARTESIAN_POINT('',(-6.11040884867E-14,7.852521262851E-02));
#2880 = CARTESIAN_POINT('',(-6.11040884867E-14,2.643304852806E-02));
#2881 = CARTESIAN_POINT('',(-6.11040884867E-14,-2.352213708095E-13));
#2882 = ( GEOMETRIC_REPRESENTATION_CONTEXT(2) 
PARAMETRIC_REPRESENTATION_CONTEXT() REPRESENTATION_CONTEXT('2D SPACE',''
  ) );
#2883 = PCURVE('',#1838,#2884);
#2884 = DEFINITIONAL_REPRESENTATION('',(#2885),#2889);
#2885 = LINE('',#2886,#2887);
#2886 = CARTESIAN_POINT('',(0.,52.070000572205));
#2887 = VECTOR('',#2888,1.);
#2888 = DIRECTION('',(1.,0.));
#2889 = ( GEOMETRIC_REPRESENTATION_CONTEXT(2) 
PARAMETRIC_REPRESENTATION_CONTEXT() REPRESENTATION_CONTEXT('2D SPACE',''
  ) );
#2890 = ORIENTED_EDGE('',*,*,#2891,.F.);
#2891 = EDGE_CURVE('',#2775,#2846,#2892,.T.);
#2892 = SURFACE_CURVE('',#2893,(#2898,#2927),.PCURVE_S1.);
#2893 = CIRCLE('',#2894,5.08);
#2894 = AXIS2_PLACEMENT_3D('',#2895,#2896,#2897);
#2895 = CARTESIAN_POINT('',(-39.51429507404,7.62,-18.53254800035));
#2896 = DIRECTION('',(-0.551833239217,2.55417351197E-16,0.833954480829)
  );
#2897 = DIRECTION('',(0.833954480829,-1.225315935864E-16,0.551833239217)
  );
#2898 = PCURVE('',#642,#2899);
#2899 = DEFINITIONAL_REPRESENTATION('',(#2900),#2926);
#2900 = B_SPLINE_CURVE_WITH_KNOTS('',3,(#2901,#2902,#2903,#2904,#2905,
    #2906,#2907,#2908,#2909,#2910,#2911,#2912,#2913,#2914,#2915,#2916,
    #2917,#2918,#2919,#2920,#2921,#2922,#2923,#2924,#2925),
  .UNSPECIFIED.,.F.,.F.,(4,1,1,1,1,1,1,1,1,1,1,1,1,1,1,1,1,1,1,1,1,1,4),
  (0.,7.139983303613E-02,0.142799666072,0.214199499108,0.285599332145,
    0.356999165181,0.428398998217,0.499798831253,0.571198664289,
    0.642598497325,0.713998330361,0.785398163397,0.856797996434,
    0.92819782947,0.999597662506,1.070997495542,1.142397328578,
    1.213797161614,1.28519699465,1.356596827687,1.427996660723,
    1.499396493759,1.570796326795),.QUASI_UNIFORM_KNOTS.);
#2901 = CARTESIAN_POINT('',(-1.570796326795,1.570796326795));
#2902 = CARTESIAN_POINT('',(-1.544363278267,1.570796326795));
#2903 = CARTESIAN_POINT('',(-1.492271114166,1.570796326795));
#2904 = CARTESIAN_POINT('',(-1.416189872242,1.570796326795));
#2905 = CARTESIAN_POINT('',(-1.341892168614,1.570796326795));
#2906 = CARTESIAN_POINT('',(-1.269134886861,1.570796326795));
#2907 = CARTESIAN_POINT('',(-1.197690220556,1.570796326795));
#2908 = CARTESIAN_POINT('',(-1.12734572285,1.570796326795));
#2909 = CARTESIAN_POINT('',(-1.057900795762,1.570796326795));
#2910 = CARTESIAN_POINT('',(-0.989164516627,1.570796326795));
#2911 = CARTESIAN_POINT('',(-0.92095340603,1.570796326795));
#2912 = CARTESIAN_POINT('',(-0.85308944002,1.570796326795));
#2913 = CARTESIAN_POINT('',(-0.785398163398,1.570796326795));
#2914 = CARTESIAN_POINT('',(-0.717706886775,1.570796326795));
#2915 = CARTESIAN_POINT('',(-0.649842920765,1.570796326795));
#2916 = CARTESIAN_POINT('',(-0.581631810168,1.570796326795));
#2917 = CARTESIAN_POINT('',(-0.512895531033,1.570796326795));
#2918 = CARTESIAN_POINT('',(-0.443450603945,1.570796326795));
#2919 = CARTESIAN_POINT('',(-0.373106106239,1.570796326795));
#2920 = CARTESIAN_POINT('',(-0.301661439934,1.570796326795));
#2921 = CARTESIAN_POINT('',(-0.228904158181,1.570796326795));
#2922 = CARTESIAN_POINT('',(-0.154606454553,1.570796326795));
#2923 = CARTESIAN_POINT('',(-7.852521262878E-02,1.570796326795));
#2924 = CARTESIAN_POINT('',(-2.643304852834E-02,1.570796326795));
#2925 = CARTESIAN_POINT('',(-6.11040884867E-14,1.570796326795));
#2926 = ( GEOMETRIC_REPRESENTATION_CONTEXT(2) 
PARAMETRIC_REPRESENTATION_CONTEXT() REPRESENTATION_CONTEXT('2D SPACE',''
  ) );
#2927 = PCURVE('',#2756,#2928);
#2928 = DEFINITIONAL_REPRESENTATION('',(#2929),#2933);
#2929 = LINE('',#2930,#2931);
#2930 = CARTESIAN_POINT('',(7.068583470577,0.));
#2931 = VECTOR('',#2932,1.);
#2932 = DIRECTION('',(-1.,5.654319433713E-16));
#2933 = ( GEOMETRIC_REPRESENTATION_CONTEXT(2) 
PARAMETRIC_REPRESENTATION_CONTEXT() REPRESENTATION_CONTEXT('2D SPACE',''
  ) );
#2934 = ORIENTED_EDGE('',*,*,#2797,.F.);
#2935 = ORIENTED_EDGE('',*,*,#625,.T.);
#2936 = ADVANCED_FACE('',(#2937,#3167),#811,.F.);
#2937 = FACE_BOUND('',#2938,.F.);
#2938 = EDGE_LOOP('',(#2939,#2970,#2998,#3027,#3055,#3084,#3112,#3141));
#2939 = ORIENTED_EDGE('',*,*,#2940,.T.);
#2940 = EDGE_CURVE('',#2941,#2943,#2945,.T.);
#2941 = VERTEX_POINT('',#2942);
#2942 = CARTESIAN_POINT('',(17.77999961947,-2.54,-25.39999961947));
#2943 = VERTEX_POINT('',#2944);
#2944 = CARTESIAN_POINT('',(25.39999961947,-2.54,-17.77999961947));
#2945 = SURFACE_CURVE('',#2946,(#2951,#2958),.PCURVE_S1.);
#2946 = CIRCLE('',#2947,7.62);
#2947 = AXIS2_PLACEMENT_3D('',#2948,#2949,#2950);
#2948 = CARTESIAN_POINT('',(17.77999961947,-2.54,-17.77999961947));
#2949 = DIRECTION('',(0.,-1.,-2.22044604925E-16));
#2950 = DIRECTION('',(0.707106781187,1.570092458684E-16,-0.707106781187)
  );
#2951 = PCURVE('',#811,#2952);
#2952 = DEFINITIONAL_REPRESENTATION('',(#2953),#2957);
#2953 = CIRCLE('',#2954,7.62);
#2954 = AXIS2_PLACEMENT_2D('',#2955,#2956);
#2955 = CARTESIAN_POINT('',(17.779999619,17.779999619));
#2956 = DIRECTION('',(0.707106781187,0.707106781187));
#2957 = ( GEOMETRIC_REPRESENTATION_CONTEXT(2) 
PARAMETRIC_REPRESENTATION_CONTEXT() REPRESENTATION_CONTEXT('2D SPACE',''
  ) );
#2958 = PCURVE('',#2959,#2964);
#2959 = CYLINDRICAL_SURFACE('',#2960,7.62);
#2960 = AXIS2_PLACEMENT_3D('',#2961,#2962,#2963);
#2961 = CARTESIAN_POINT('',(17.77999961947,-8.89,-17.77999961947));
#2962 = DIRECTION('',(0.,1.,2.22044604925E-16));
#2963 = DIRECTION('',(0.707106781187,1.570092458684E-16,-0.707106781187)
  );
#2964 = DEFINITIONAL_REPRESENTATION('',(#2965),#2969);
#2965 = LINE('',#2966,#2967);
#2966 = CARTESIAN_POINT('',(6.28318530718,6.35));
#2967 = VECTOR('',#2968,1.);
#2968 = DIRECTION('',(-1.,0.));
#2969 = ( GEOMETRIC_REPRESENTATION_CONTEXT(2) 
PARAMETRIC_REPRESENTATION_CONTEXT() REPRESENTATION_CONTEXT('2D SPACE',''
  ) );
#2970 = ORIENTED_EDGE('',*,*,#2971,.F.);
#2971 = EDGE_CURVE('',#2972,#2943,#2974,.T.);
#2972 = VERTEX_POINT('',#2973);
#2973 = CARTESIAN_POINT('',(25.39999961947,-2.54,17.77999961853));
#2974 = SURFACE_CURVE('',#2975,(#2979,#2986),.PCURVE_S1.);
#2975 = LINE('',#2976,#2977);
#2976 = CARTESIAN_POINT('',(25.39999961947,-2.54,-4.697250699515E-10));
#2977 = VECTOR('',#2978,1.);
#2978 = DIRECTION('',(0.,2.22044604925E-16,-1.));
#2979 = PCURVE('',#811,#2980);
#2980 = DEFINITIONAL_REPRESENTATION('',(#2981),#2985);
#2981 = LINE('',#2982,#2983);
#2982 = CARTESIAN_POINT('',(0.,25.399999619));
#2983 = VECTOR('',#2984,1.);
#2984 = DIRECTION('',(1.,0.));
#2985 = ( GEOMETRIC_REPRESENTATION_CONTEXT(2) 
PARAMETRIC_REPRESENTATION_CONTEXT() REPRESENTATION_CONTEXT('2D SPACE',''
  ) );
#2986 = PCURVE('',#2987,#2992);
#2987 = PLANE('',#2988);
#2988 = AXIS2_PLACEMENT_3D('',#2989,#2990,#2991);
#2989 = CARTESIAN_POINT('',(25.39999961947,-8.89,-4.697264799347E-10));
#2990 = DIRECTION('',(-1.,0.,0.));
#2991 = DIRECTION('',(0.,1.,2.22044604925E-16));
#2992 = DEFINITIONAL_REPRESENTATION('',(#2993),#2997);
#2993 = LINE('',#2994,#2995);
#2994 = CARTESIAN_POINT('',(6.35,-6.410668285517E-25));
#2995 = VECTOR('',#2996,1.);
#2996 = DIRECTION('',(-2.465190328816E-32,1.));
#2997 = ( GEOMETRIC_REPRESENTATION_CONTEXT(2) 
PARAMETRIC_REPRESENTATION_CONTEXT() REPRESENTATION_CONTEXT('2D SPACE',''
  ) );
#2998 = ORIENTED_EDGE('',*,*,#2999,.T.);
#2999 = EDGE_CURVE('',#2972,#3000,#3002,.T.);
#3000 = VERTEX_POINT('',#3001);
#3001 = CARTESIAN_POINT('',(17.77999961947,-2.54,25.39999961853));
#3002 = SURFACE_CURVE('',#3003,(#3008,#3015),.PCURVE_S1.);
#3003 = CIRCLE('',#3004,7.62);
#3004 = AXIS2_PLACEMENT_3D('',#3005,#3006,#3007);
#3005 = CARTESIAN_POINT('',(17.77999961947,-2.54,17.77999961853));
#3006 = DIRECTION('',(0.,-1.,-2.22044604925E-16));
#3007 = DIRECTION('',(0.707106781187,-1.570092458684E-16,0.707106781187)
  );
#3008 = PCURVE('',#811,#3009);
#3009 = DEFINITIONAL_REPRESENTATION('',(#3010),#3014);
#3010 = CIRCLE('',#3011,7.62);
#3011 = AXIS2_PLACEMENT_2D('',#3012,#3013);
#3012 = CARTESIAN_POINT('',(-17.779999619,17.779999619));
#3013 = DIRECTION('',(-0.707106781187,0.707106781187));
#3014 = ( GEOMETRIC_REPRESENTATION_CONTEXT(2) 
PARAMETRIC_REPRESENTATION_CONTEXT() REPRESENTATION_CONTEXT('2D SPACE',''
  ) );
#3015 = PCURVE('',#3016,#3021);
#3016 = CYLINDRICAL_SURFACE('',#3017,7.62);
#3017 = AXIS2_PLACEMENT_3D('',#3018,#3019,#3020);
#3018 = CARTESIAN_POINT('',(17.77999961947,-8.89,17.77999961853));
#3019 = DIRECTION('',(0.,1.,2.22044604925E-16));
#3020 = DIRECTION('',(0.707106781187,-1.570092458684E-16,0.707106781187)
  );
#3021 = DEFINITIONAL_REPRESENTATION('',(#3022),#3026);
#3022 = LINE('',#3023,#3024);
#3023 = CARTESIAN_POINT('',(6.28318530718,6.35));
#3024 = VECTOR('',#3025,1.);
#3025 = DIRECTION('',(-1.,0.));
#3026 = ( GEOMETRIC_REPRESENTATION_CONTEXT(2) 
PARAMETRIC_REPRESENTATION_CONTEXT() REPRESENTATION_CONTEXT('2D SPACE',''
  ) );
#3027 = ORIENTED_EDGE('',*,*,#3028,.F.);
#3028 = EDGE_CURVE('',#3029,#3000,#3031,.T.);
#3029 = VERTEX_POINT('',#3030);
#3030 = CARTESIAN_POINT('',(-17.77999961853,-2.54,25.39999961853));
#3031 = SURFACE_CURVE('',#3032,(#3036,#3043),.PCURVE_S1.);
#3032 = LINE('',#3033,#3034);
#3033 = CARTESIAN_POINT('',(4.697264799347E-10,-2.54,25.39999961853));
#3034 = VECTOR('',#3035,1.);
#3035 = DIRECTION('',(1.,0.,0.));
#3036 = PCURVE('',#811,#3037);
#3037 = DEFINITIONAL_REPRESENTATION('',(#3038),#3042);
#3038 = LINE('',#3039,#3040);
#3039 = CARTESIAN_POINT('',(-25.399999619,0.));
#3040 = VECTOR('',#3041,1.);
#3041 = DIRECTION('',(0.,1.));
#3042 = ( GEOMETRIC_REPRESENTATION_CONTEXT(2) 
PARAMETRIC_REPRESENTATION_CONTEXT() REPRESENTATION_CONTEXT('2D SPACE',''
  ) );
#3043 = PCURVE('',#3044,#3049);
#3044 = PLANE('',#3045);
#3045 = AXIS2_PLACEMENT_3D('',#3046,#3047,#3048);
#3046 = CARTESIAN_POINT('',(4.697264799347E-10,-8.89,25.39999961853));
#3047 = DIRECTION('',(0.,2.22044604925E-16,-1.));
#3048 = DIRECTION('',(0.,1.,2.22044604925E-16));
#3049 = DEFINITIONAL_REPRESENTATION('',(#3050),#3054);
#3050 = LINE('',#3051,#3052);
#3051 = CARTESIAN_POINT('',(6.35,0.));
#3052 = VECTOR('',#3053,1.);
#3053 = DIRECTION('',(0.,1.));
#3054 = ( GEOMETRIC_REPRESENTATION_CONTEXT(2) 
PARAMETRIC_REPRESENTATION_CONTEXT() REPRESENTATION_CONTEXT('2D SPACE',''
  ) );
#3055 = ORIENTED_EDGE('',*,*,#3056,.T.);
#3056 = EDGE_CURVE('',#3029,#3057,#3059,.T.);
#3057 = VERTEX_POINT('',#3058);
#3058 = CARTESIAN_POINT('',(-25.39999961853,-2.54,17.77999961853));
#3059 = SURFACE_CURVE('',#3060,(#3065,#3072),.PCURVE_S1.);
#3060 = CIRCLE('',#3061,7.62);
#3061 = AXIS2_PLACEMENT_3D('',#3062,#3063,#3064);
#3062 = CARTESIAN_POINT('',(-17.77999961853,-2.54,17.77999961853));
#3063 = DIRECTION('',(0.,-1.,-2.22044604925E-16));
#3064 = DIRECTION('',(-0.707106781187,-1.570092458684E-16,0.707106781187
    ));
#3065 = PCURVE('',#811,#3066);
#3066 = DEFINITIONAL_REPRESENTATION('',(#3067),#3071);
#3067 = CIRCLE('',#3068,7.62);
#3068 = AXIS2_PLACEMENT_2D('',#3069,#3070);
#3069 = CARTESIAN_POINT('',(-17.779999619,-17.779999619));
#3070 = DIRECTION('',(-0.707106781187,-0.707106781187));
#3071 = ( GEOMETRIC_REPRESENTATION_CONTEXT(2) 
PARAMETRIC_REPRESENTATION_CONTEXT() REPRESENTATION_CONTEXT('2D SPACE',''
  ) );
#3072 = PCURVE('',#3073,#3078);
#3073 = CYLINDRICAL_SURFACE('',#3074,7.62);
#3074 = AXIS2_PLACEMENT_3D('',#3075,#3076,#3077);
#3075 = CARTESIAN_POINT('',(-17.77999961853,-8.89,17.77999961853));
#3076 = DIRECTION('',(0.,1.,2.22044604925E-16));
#3077 = DIRECTION('',(-0.707106781187,-1.570092458684E-16,0.707106781187
    ));
#3078 = DEFINITIONAL_REPRESENTATION('',(#3079),#3083);
#3079 = LINE('',#3080,#3081);
#3080 = CARTESIAN_POINT('',(6.28318530718,6.35));
#3081 = VECTOR('',#3082,1.);
#3082 = DIRECTION('',(-1.,0.));
#3083 = ( GEOMETRIC_REPRESENTATION_CONTEXT(2) 
PARAMETRIC_REPRESENTATION_CONTEXT() REPRESENTATION_CONTEXT('2D SPACE',''
  ) );
#3084 = ORIENTED_EDGE('',*,*,#3085,.F.);
#3085 = EDGE_CURVE('',#3086,#3057,#3088,.T.);
#3086 = VERTEX_POINT('',#3087);
#3087 = CARTESIAN_POINT('',(-25.39999961853,-2.54,-17.77999961947));
#3088 = SURFACE_CURVE('',#3089,(#3093,#3100),.PCURVE_S1.);
#3089 = LINE('',#3090,#3091);
#3090 = CARTESIAN_POINT('',(-25.39999961853,-2.54,-4.697250699515E-10));
#3091 = VECTOR('',#3092,1.);
#3092 = DIRECTION('',(0.,-2.22044604925E-16,1.));
#3093 = PCURVE('',#811,#3094);
#3094 = DEFINITIONAL_REPRESENTATION('',(#3095),#3099);
#3095 = LINE('',#3096,#3097);
#3096 = CARTESIAN_POINT('',(0.,-25.399999619));
#3097 = VECTOR('',#3098,1.);
#3098 = DIRECTION('',(-1.,0.));
#3099 = ( GEOMETRIC_REPRESENTATION_CONTEXT(2) 
PARAMETRIC_REPRESENTATION_CONTEXT() REPRESENTATION_CONTEXT('2D SPACE',''
  ) );
#3100 = PCURVE('',#3101,#3106);
#3101 = PLANE('',#3102);
#3102 = AXIS2_PLACEMENT_3D('',#3103,#3104,#3105);
#3103 = CARTESIAN_POINT('',(-25.39999961853,-8.89,-4.697264799347E-10));
#3104 = DIRECTION('',(1.,0.,0.));
#3105 = DIRECTION('',(0.,-1.,-2.22044604925E-16));
#3106 = DEFINITIONAL_REPRESENTATION('',(#3107),#3111);
#3107 = LINE('',#3108,#3109);
#3108 = CARTESIAN_POINT('',(-6.35,-6.410668285517E-25));
#3109 = VECTOR('',#3110,1.);
#3110 = DIRECTION('',(-2.465190328816E-32,-1.));
#3111 = ( GEOMETRIC_REPRESENTATION_CONTEXT(2) 
PARAMETRIC_REPRESENTATION_CONTEXT() REPRESENTATION_CONTEXT('2D SPACE',''
  ) );
#3112 = ORIENTED_EDGE('',*,*,#3113,.T.);
#3113 = EDGE_CURVE('',#3086,#3114,#3116,.T.);
#3114 = VERTEX_POINT('',#3115);
#3115 = CARTESIAN_POINT('',(-17.77999961853,-2.54,-25.39999961947));
#3116 = SURFACE_CURVE('',#3117,(#3122,#3129),.PCURVE_S1.);
#3117 = CIRCLE('',#3118,7.62);
#3118 = AXIS2_PLACEMENT_3D('',#3119,#3120,#3121);
#3119 = CARTESIAN_POINT('',(-17.77999961853,-2.54,-17.77999961947));
#3120 = DIRECTION('',(0.,-1.,-2.22044604925E-16));
#3121 = DIRECTION('',(-0.707106781187,1.570092458684E-16,-0.707106781187
    ));
#3122 = PCURVE('',#811,#3123);
#3123 = DEFINITIONAL_REPRESENTATION('',(#3124),#3128);
#3124 = CIRCLE('',#3125,7.62);
#3125 = AXIS2_PLACEMENT_2D('',#3126,#3127);
#3126 = CARTESIAN_POINT('',(17.779999619,-17.779999619));
#3127 = DIRECTION('',(0.707106781187,-0.707106781187));
#3128 = ( GEOMETRIC_REPRESENTATION_CONTEXT(2) 
PARAMETRIC_REPRESENTATION_CONTEXT() REPRESENTATION_CONTEXT('2D SPACE',''
  ) );
#3129 = PCURVE('',#3130,#3135);
#3130 = CYLINDRICAL_SURFACE('',#3131,7.62);
#3131 = AXIS2_PLACEMENT_3D('',#3132,#3133,#3134);
#3132 = CARTESIAN_POINT('',(-17.77999961853,-8.89,-17.77999961947));
#3133 = DIRECTION('',(0.,1.,2.22044604925E-16));
#3134 = DIRECTION('',(-0.707106781187,1.570092458684E-16,-0.707106781187
    ));
#3135 = DEFINITIONAL_REPRESENTATION('',(#3136),#3140);
#3136 = LINE('',#3137,#3138);
#3137 = CARTESIAN_POINT('',(6.28318530718,6.35));
#3138 = VECTOR('',#3139,1.);
#3139 = DIRECTION('',(-1.,0.));
#3140 = ( GEOMETRIC_REPRESENTATION_CONTEXT(2) 
PARAMETRIC_REPRESENTATION_CONTEXT() REPRESENTATION_CONTEXT('2D SPACE',''
  ) );
#3141 = ORIENTED_EDGE('',*,*,#3142,.F.);
#3142 = EDGE_CURVE('',#2941,#3114,#3143,.T.);
#3143 = SURFACE_CURVE('',#3144,(#3148,#3155),.PCURVE_S1.);
#3144 = LINE('',#3145,#3146);
#3145 = CARTESIAN_POINT('',(4.697264799347E-10,-2.54,-25.39999961947));
#3146 = VECTOR('',#3147,1.);
#3147 = DIRECTION('',(-1.,0.,0.));
#3148 = PCURVE('',#811,#3149);
#3149 = DEFINITIONAL_REPRESENTATION('',(#3150),#3154);
#3150 = LINE('',#3151,#3152);
#3151 = CARTESIAN_POINT('',(25.399999619,0.));
#3152 = VECTOR('',#3153,1.);
#3153 = DIRECTION('',(0.,-1.));
#3154 = ( GEOMETRIC_REPRESENTATION_CONTEXT(2) 
PARAMETRIC_REPRESENTATION_CONTEXT() REPRESENTATION_CONTEXT('2D SPACE',''
  ) );
#3155 = PCURVE('',#3156,#3161);
#3156 = PLANE('',#3157);
#3157 = AXIS2_PLACEMENT_3D('',#3158,#3159,#3160);
#3158 = CARTESIAN_POINT('',(4.697264799347E-10,-8.89,-25.39999961947));
#3159 = DIRECTION('',(0.,-2.22044604925E-16,1.));
#3160 = DIRECTION('',(0.,-1.,-2.22044604925E-16));
#3161 = DEFINITIONAL_REPRESENTATION('',(#3162),#3166);
#3162 = LINE('',#3163,#3164);
#3163 = CARTESIAN_POINT('',(-6.35,0.));
#3164 = VECTOR('',#3165,1.);
#3165 = DIRECTION('',(-0.,-1.));
#3166 = ( GEOMETRIC_REPRESENTATION_CONTEXT(2) 
PARAMETRIC_REPRESENTATION_CONTEXT() REPRESENTATION_CONTEXT('2D SPACE',''
  ) );
#3167 = FACE_BOUND('',#3168,.F.);
#3168 = EDGE_LOOP('',(#3169,#3170,#3171,#3172,#3173,#3174,#3175));
#3169 = ORIENTED_EDGE('',*,*,#1125,.F.);
#3170 = ORIENTED_EDGE('',*,*,#1176,.F.);
#3171 = ORIENTED_EDGE('',*,*,#1229,.F.);
#3172 = ORIENTED_EDGE('',*,*,#1277,.F.);
#3173 = ORIENTED_EDGE('',*,*,#792,.F.);
#3174 = ORIENTED_EDGE('',*,*,#1050,.T.);
#3175 = ORIENTED_EDGE('',*,*,#1075,.F.);
#3176 = ADVANCED_FACE('',(#3177),#945,.T.);
#3177 = FACE_BOUND('',#3178,.T.);
#3178 = EDGE_LOOP('',(#3179,#3180,#3181));
#3179 = ORIENTED_EDGE('',*,*,#1446,.F.);
#3180 = ORIENTED_EDGE('',*,*,#930,.T.);
#3181 = ORIENTED_EDGE('',*,*,#3182,.T.);
#3182 = EDGE_CURVE('',#899,#1447,#3183,.T.);
#3183 = SURFACE_CURVE('',#3184,(#3188,#3194),.PCURVE_S1.);
#3184 = LINE('',#3185,#3186);
#3185 = CARTESIAN_POINT('',(7.332348418708,-1.043597239199E-31,-3.175));
#3186 = VECTOR('',#3187,1.);
#3187 = DIRECTION('',(-1.281975124256E-16,-2.22044604925E-16,1.));
#3188 = PCURVE('',#945,#3189);
#3189 = DEFINITIONAL_REPRESENTATION('',(#3190),#3193);
#3190 = B_SPLINE_CURVE_WITH_KNOTS('',1,(#3191,#3192),.UNSPECIFIED.,.F.,
  .F.,(2,2),(-3.175,9.525),.PIECEWISE_BEZIER_KNOTS.);
#3191 = CARTESIAN_POINT('',(-7.332348418708,-6.35));
#3192 = CARTESIAN_POINT('',(-7.332348418708,6.35));
#3193 = ( GEOMETRIC_REPRESENTATION_CONTEXT(2) 
PARAMETRIC_REPRESENTATION_CONTEXT() REPRESENTATION_CONTEXT('2D SPACE',''
  ) );
#3194 = PCURVE('',#918,#3195);
#3195 = DEFINITIONAL_REPRESENTATION('',(#3196),#3199);
#3196 = B_SPLINE_CURVE_WITH_KNOTS('',1,(#3197,#3198),.UNSPECIFIED.,.F.,
  .F.,(2,2),(-3.175,9.525),.PIECEWISE_BEZIER_KNOTS.);
#3197 = CARTESIAN_POINT('',(0.,93.666174209354));
#3198 = CARTESIAN_POINT('',(12.7,93.666174209354));
#3199 = ( GEOMETRIC_REPRESENTATION_CONTEXT(2) 
PARAMETRIC_REPRESENTATION_CONTEXT() REPRESENTATION_CONTEXT('2D SPACE',''
  ) );
#3200 = ADVANCED_FACE('',(#3201),#918,.F.);
#3201 = FACE_BOUND('',#3202,.F.);
#3202 = EDGE_LOOP('',(#3203,#3224,#3225,#3226));
#3203 = ORIENTED_EDGE('',*,*,#3204,.F.);
#3204 = EDGE_CURVE('',#873,#1470,#3205,.T.);
#3205 = SURFACE_CURVE('',#3206,(#3210,#3217),.PCURVE_S1.);
#3206 = LINE('',#3207,#3208);
#3207 = CARTESIAN_POINT('',(-39.50073868596,-81.11728634059,-6.35));
#3208 = VECTOR('',#3209,1.);
#3209 = DIRECTION('',(0.5,0.866025403784,0.));
#3210 = PCURVE('',#918,#3211);
#3211 = DEFINITIONAL_REPRESENTATION('',(#3212),#3216);
#3212 = LINE('',#3213,#3214);
#3213 = CARTESIAN_POINT('',(0.,0.));
#3214 = VECTOR('',#3215,1.);
#3215 = DIRECTION('',(0.,1.));
#3216 = ( GEOMETRIC_REPRESENTATION_CONTEXT(2) 
PARAMETRIC_REPRESENTATION_CONTEXT() REPRESENTATION_CONTEXT('2D SPACE',''
  ) );
#3217 = PCURVE('',#887,#3218);
#3218 = DEFINITIONAL_REPRESENTATION('',(#3219),#3223);
#3219 = LINE('',#3220,#3221);
#3220 = CARTESIAN_POINT('',(0.,0.));
#3221 = VECTOR('',#3222,1.);
#3222 = DIRECTION('',(1.,0.));
#3223 = ( GEOMETRIC_REPRESENTATION_CONTEXT(2) 
PARAMETRIC_REPRESENTATION_CONTEXT() REPRESENTATION_CONTEXT('2D SPACE',''
  ) );
#3224 = ORIENTED_EDGE('',*,*,#898,.F.);
#3225 = ORIENTED_EDGE('',*,*,#3182,.T.);
#3226 = ORIENTED_EDGE('',*,*,#1469,.F.);
#3227 = ADVANCED_FACE('',(#3228),#887,.F.);
#3228 = FACE_BOUND('',#3229,.F.);
#3229 = EDGE_LOOP('',(#3230,#3231,#3232,#3233));
#3230 = ORIENTED_EDGE('',*,*,#872,.T.);
#3231 = ORIENTED_EDGE('',*,*,#3204,.T.);
#3232 = ORIENTED_EDGE('',*,*,#1497,.F.);
#3233 = ORIENTED_EDGE('',*,*,#3234,.T.);
#3234 = EDGE_CURVE('',#1498,#844,#3235,.T.);
#3235 = SURFACE_CURVE('',#3236,(#3240,#3246),.PCURVE_S1.);
#3236 = LINE('',#3237,#3238);
#3237 = CARTESIAN_POINT('',(-19.75036934298,7.04991620637E-16,-6.35));
#3238 = VECTOR('',#3239,1.);
#3239 = DIRECTION('',(1.,0.,0.));
#3240 = PCURVE('',#887,#3241);
#3241 = DEFINITIONAL_REPRESENTATION('',(#3242),#3245);
#3242 = B_SPLINE_CURVE_WITH_KNOTS('',1,(#3243,#3244),.UNSPECIFIED.,.F.,
  .F.,(2,2),(12.418020924276,27.082717761693),.PIECEWISE_BEZIER_KNOTS.);
#3243 = CARTESIAN_POINT('',(86.333825790646,12.7));
#3244 = CARTESIAN_POINT('',(93.666174209354,-3.552713678801E-15));
#3245 = ( GEOMETRIC_REPRESENTATION_CONTEXT(2) 
PARAMETRIC_REPRESENTATION_CONTEXT() REPRESENTATION_CONTEXT('2D SPACE',''
  ) );
#3246 = PCURVE('',#860,#3247);
#3247 = DEFINITIONAL_REPRESENTATION('',(#3248),#3251);
#3248 = B_SPLINE_CURVE_WITH_KNOTS('',1,(#3249,#3250),.UNSPECIFIED.,.F.,
  .F.,(2,2),(12.418020924276,27.082717761693),.PIECEWISE_BEZIER_KNOTS.);
#3249 = CARTESIAN_POINT('',(7.332348418708,-6.35));
#3250 = CARTESIAN_POINT('',(-7.332348418708,-6.35));
#3251 = ( GEOMETRIC_REPRESENTATION_CONTEXT(2) 
PARAMETRIC_REPRESENTATION_CONTEXT() REPRESENTATION_CONTEXT('2D SPACE',''
  ) );
#3252 = ADVANCED_FACE('',(#3253),#860,.T.);
#3253 = FACE_BOUND('',#3254,.T.);
#3254 = EDGE_LOOP('',(#3255,#3256,#3257));
#3255 = ORIENTED_EDGE('',*,*,#843,.T.);
#3256 = ORIENTED_EDGE('',*,*,#1525,.F.);
#3257 = ORIENTED_EDGE('',*,*,#3234,.T.);
#3258 = ADVANCED_FACE('',(#3259),#1352,.F.);
#3259 = FACE_BOUND('',#3260,.F.);
#3260 = EDGE_LOOP('',(#3261,#3314,#3358,#3359));
#3261 = ORIENTED_EDGE('',*,*,#3262,.F.);
#3262 = EDGE_CURVE('',#3263,#3265,#3267,.T.);
#3263 = VERTEX_POINT('',#3264);
#3264 = CARTESIAN_POINT('',(35.97863452524,6.35,14.670112954482));
#3265 = VERTEX_POINT('',#3266);
#3266 = CARTESIAN_POINT('',(35.277806311434,7.62,15.729235145135));
#3267 = SURFACE_CURVE('',#3268,(#3273,#3302),.PCURVE_S1.);
#3268 = CIRCLE('',#3269,1.27);
#3269 = AXIS2_PLACEMENT_3D('',#3270,#3271,#3272);
#3270 = CARTESIAN_POINT('',(35.277806311434,6.35,15.729235145135));
#3271 = DIRECTION('',(0.833954480829,-1.387778780781E-16,0.551833239217)
  );
#3272 = DIRECTION('',(0.390205025534,0.707106781187,-0.589694868595));
#3273 = PCURVE('',#1352,#3274);
#3274 = DEFINITIONAL_REPRESENTATION('',(#3275),#3301);
#3275 = B_SPLINE_CURVE_WITH_KNOTS('',3,(#3276,#3277,#3278,#3279,#3280,
    #3281,#3282,#3283,#3284,#3285,#3286,#3287,#3288,#3289,#3290,#3291,
    #3292,#3293,#3294,#3295,#3296,#3297,#3298,#3299,#3300),
  .UNSPECIFIED.,.F.,.F.,(4,1,1,1,1,1,1,1,1,1,1,1,1,1,1,1,1,1,1,1,1,1,4),
  (5.497787143782,5.569186976818,5.640586809854,5.711986642891,
    5.783386475927,5.854786308963,5.926186141999,5.997585975035,
    6.068985808071,6.140385641107,6.211785474143,6.28318530718,
    6.354585140216,6.425984973252,6.497384806288,6.568784639324,
    6.64018447236,6.711584305396,6.782984138433,6.854383971469,
    6.925783804505,6.997183637541,7.068583470577),
  .QUASI_UNIFORM_KNOTS.);
#3276 = CARTESIAN_POINT('',(-1.570796326795,-2.352213708095E-13));
#3277 = CARTESIAN_POINT('',(-1.570796326795,2.64330485279E-02));
#3278 = CARTESIAN_POINT('',(-1.570796326795,7.852521262823E-02));
#3279 = CARTESIAN_POINT('',(-1.570796326795,0.154606454553));
#3280 = CARTESIAN_POINT('',(-1.570796326795,0.228904158181));
#3281 = CARTESIAN_POINT('',(-1.570796326795,0.301661439934));
#3282 = CARTESIAN_POINT('',(-1.570796326795,0.373106106239));
#3283 = CARTESIAN_POINT('',(-1.570796326795,0.443450603944));
#3284 = CARTESIAN_POINT('',(-1.570796326795,0.512895531032));
#3285 = CARTESIAN_POINT('',(-1.570796326795,0.581631810167));
#3286 = CARTESIAN_POINT('',(-1.570796326795,0.649842920765));
#3287 = CARTESIAN_POINT('',(-1.570796326795,0.717706886775));
#3288 = CARTESIAN_POINT('',(-1.570796326795,0.785398163398));
#3289 = CARTESIAN_POINT('',(-1.570796326795,0.85308944002));
#3290 = CARTESIAN_POINT('',(-1.570796326795,0.92095340603));
#3291 = CARTESIAN_POINT('',(-1.570796326795,0.989164516628));
#3292 = CARTESIAN_POINT('',(-1.570796326795,1.057900795763));
#3293 = CARTESIAN_POINT('',(-1.570796326795,1.127345722851));
#3294 = CARTESIAN_POINT('',(-1.570796326795,1.197690220556));
#3295 = CARTESIAN_POINT('',(-1.570796326795,1.269134886861));
#3296 = CARTESIAN_POINT('',(-1.570796326795,1.341892168614));
#3297 = CARTESIAN_POINT('',(-1.570796326795,1.416189872242));
#3298 = CARTESIAN_POINT('',(-1.570796326795,1.492271114167));
#3299 = CARTESIAN_POINT('',(-1.570796326795,1.544363278267));
#3300 = CARTESIAN_POINT('',(-1.570796326795,1.570796326795));
#3301 = ( GEOMETRIC_REPRESENTATION_CONTEXT(2) 
PARAMETRIC_REPRESENTATION_CONTEXT() REPRESENTATION_CONTEXT('2D SPACE',''
  ) );
#3302 = PCURVE('',#3303,#3308);
#3303 = PLANE('',#3304);
#3304 = AXIS2_PLACEMENT_3D('',#3305,#3306,#3307);
#3305 = CARTESIAN_POINT('',(38.781947380461,12.7,10.433624191868));
#3306 = DIRECTION('',(0.833954480829,-1.225315935864E-16,0.551833239217)
  );
#3307 = DIRECTION('',(-0.551833239217,3.686951170381E-17,0.833954480829)
  );
#3308 = DEFINITIONAL_REPRESENTATION('',(#3309),#3313);
#3309 = CIRCLE('',#3310,1.27);
#3310 = AXIS2_PLACEMENT_2D('',#3311,#3312);
#3311 = CARTESIAN_POINT('',(6.35,6.35));
#3312 = DIRECTION('',(-0.707106781187,-0.707106781187));
#3313 = ( GEOMETRIC_REPRESENTATION_CONTEXT(2) 
PARAMETRIC_REPRESENTATION_CONTEXT() REPRESENTATION_CONTEXT('2D SPACE',''
  ) );
#3314 = ORIENTED_EDGE('',*,*,#3315,.T.);
#3315 = EDGE_CURVE('',#3263,#1336,#3316,.T.);
#3316 = SURFACE_CURVE('',#3317,(#3322,#3351),.PCURVE_S1.);
#3317 = CIRCLE('',#3318,5.08);
#3318 = AXIS2_PLACEMENT_3D('',#3319,#3320,#3321);
#3319 = CARTESIAN_POINT('',(40.215123287853,6.35,17.473425809703));
#3320 = DIRECTION('',(-1.225315935864E-16,-1.,-3.686951170381E-17));
#3321 = DIRECTION('',(0.551833239217,-3.686951170381E-17,-0.833954480829
    ));
#3322 = PCURVE('',#1352,#3323);
#3323 = DEFINITIONAL_REPRESENTATION('',(#3324),#3350);
#3324 = B_SPLINE_CURVE_WITH_KNOTS('',3,(#3325,#3326,#3327,#3328,#3329,
    #3330,#3331,#3332,#3333,#3334,#3335,#3336,#3337,#3338,#3339,#3340,
    #3341,#3342,#3343,#3344,#3345,#3346,#3347,#3348,#3349),
  .UNSPECIFIED.,.F.,.F.,(4,1,1,1,1,1,1,1,1,1,1,1,1,1,1,1,1,1,1,1,1,1,4),
  (4.712388980385,4.783788813421,4.855188646457,4.926588479493,
    4.997988312529,5.069388145565,5.140787978601,5.212187811638,
    5.283587644674,5.35498747771,5.426387310746,5.497787143782,
    5.569186976818,5.640586809854,5.711986642891,5.783386475927,
    5.854786308963,5.926186141999,5.997585975035,6.068985808071,
    6.140385641107,6.211785474143,6.28318530718),.QUASI_UNIFORM_KNOTS.);
#3325 = CARTESIAN_POINT('',(-1.570796326795,-2.352213708095E-13));
#3326 = CARTESIAN_POINT('',(-1.544363278267,-2.352213708095E-13));
#3327 = CARTESIAN_POINT('',(-1.492271114166,-2.352213708095E-13));
#3328 = CARTESIAN_POINT('',(-1.416189872242,-2.352213708095E-13));
#3329 = CARTESIAN_POINT('',(-1.341892168614,-2.352213708095E-13));
#3330 = CARTESIAN_POINT('',(-1.269134886861,-2.352213708095E-13));
#3331 = CARTESIAN_POINT('',(-1.197690220556,-2.352213708095E-13));
#3332 = CARTESIAN_POINT('',(-1.12734572285,-2.352213708095E-13));
#3333 = CARTESIAN_POINT('',(-1.057900795762,-2.352213708095E-13));
#3334 = CARTESIAN_POINT('',(-0.989164516627,-2.352213708095E-13));
#3335 = CARTESIAN_POINT('',(-0.92095340603,-2.352213708095E-13));
#3336 = CARTESIAN_POINT('',(-0.85308944002,-2.352213708095E-13));
#3337 = CARTESIAN_POINT('',(-0.785398163398,-2.352213708095E-13));
#3338 = CARTESIAN_POINT('',(-0.717706886775,-2.352213708095E-13));
#3339 = CARTESIAN_POINT('',(-0.649842920765,-2.352213708095E-13));
#3340 = CARTESIAN_POINT('',(-0.581631810168,-2.352213708095E-13));
#3341 = CARTESIAN_POINT('',(-0.512895531033,-2.352213708095E-13));
#3342 = CARTESIAN_POINT('',(-0.443450603945,-2.352213708095E-13));
#3343 = CARTESIAN_POINT('',(-0.373106106239,-2.352213708095E-13));
#3344 = CARTESIAN_POINT('',(-0.301661439934,-2.352213708095E-13));
#3345 = CARTESIAN_POINT('',(-0.228904158181,-2.352213708095E-13));
#3346 = CARTESIAN_POINT('',(-0.154606454553,-2.352213708095E-13));
#3347 = CARTESIAN_POINT('',(-7.85252126288E-02,-2.352213708095E-13));
#3348 = CARTESIAN_POINT('',(-2.643304852835E-02,-2.352213708095E-13));
#3349 = CARTESIAN_POINT('',(-6.11040884867E-14,-2.352213708095E-13));
#3350 = ( GEOMETRIC_REPRESENTATION_CONTEXT(2) 
PARAMETRIC_REPRESENTATION_CONTEXT() REPRESENTATION_CONTEXT('2D SPACE',''
  ) );
#3351 = PCURVE('',#1690,#3352);
#3352 = DEFINITIONAL_REPRESENTATION('',(#3353),#3357);
#3353 = CIRCLE('',#3354,5.08);
#3354 = AXIS2_PLACEMENT_2D('',#3355,#3356);
#3355 = CARTESIAN_POINT('',(7.62,43.179999427795));
#3356 = DIRECTION('',(1.,0.));
#3357 = ( GEOMETRIC_REPRESENTATION_CONTEXT(2) 
PARAMETRIC_REPRESENTATION_CONTEXT() REPRESENTATION_CONTEXT('2D SPACE',''
  ) );
#3358 = ORIENTED_EDGE('',*,*,#1333,.F.);
#3359 = ORIENTED_EDGE('',*,*,#3360,.F.);
#3360 = EDGE_CURVE('',#3265,#1334,#3361,.T.);
#3361 = SURFACE_CURVE('',#3362,(#3367,#3396),.PCURVE_S1.);
#3362 = CIRCLE('',#3363,5.08);
#3363 = AXIS2_PLACEMENT_3D('',#3364,#3365,#3366);
#3364 = CARTESIAN_POINT('',(39.514295074047,7.62,18.532548000357));
#3365 = DIRECTION('',(0.551833239217,1.816783277893E-16,-0.833954480829)
  );
#3366 = DIRECTION('',(-0.833954480829,1.225315935864E-16,-0.551833239217
    ));
#3367 = PCURVE('',#1352,#3368);
#3368 = DEFINITIONAL_REPRESENTATION('',(#3369),#3395);
#3369 = B_SPLINE_CURVE_WITH_KNOTS('',3,(#3370,#3371,#3372,#3373,#3374,
    #3375,#3376,#3377,#3378,#3379,#3380,#3381,#3382,#3383,#3384,#3385,
    #3386,#3387,#3388,#3389,#3390,#3391,#3392,#3393,#3394),
  .UNSPECIFIED.,.F.,.F.,(4,1,1,1,1,1,1,1,1,1,1,1,1,1,1,1,1,1,1,1,1,1,4),
  (0.,7.139983303613E-02,0.142799666072,0.214199499108,0.285599332145,
    0.356999165181,0.428398998217,0.499798831253,0.571198664289,
    0.642598497325,0.713998330361,0.785398163397,0.856797996434,
    0.92819782947,0.999597662506,1.070997495542,1.142397328578,
    1.213797161614,1.28519699465,1.356596827687,1.427996660723,
    1.499396493759,1.570796326795),.QUASI_UNIFORM_KNOTS.);
#3370 = CARTESIAN_POINT('',(-1.570796326795,1.570796326795));
#3371 = CARTESIAN_POINT('',(-1.544363278267,1.570796326795));
#3372 = CARTESIAN_POINT('',(-1.492271114166,1.570796326795));
#3373 = CARTESIAN_POINT('',(-1.416189872242,1.570796326795));
#3374 = CARTESIAN_POINT('',(-1.341892168614,1.570796326795));
#3375 = CARTESIAN_POINT('',(-1.269134886861,1.570796326795));
#3376 = CARTESIAN_POINT('',(-1.197690220556,1.570796326795));
#3377 = CARTESIAN_POINT('',(-1.12734572285,1.570796326795));
#3378 = CARTESIAN_POINT('',(-1.057900795762,1.570796326795));
#3379 = CARTESIAN_POINT('',(-0.989164516627,1.570796326795));
#3380 = CARTESIAN_POINT('',(-0.92095340603,1.570796326795));
#3381 = CARTESIAN_POINT('',(-0.85308944002,1.570796326795));
#3382 = CARTESIAN_POINT('',(-0.785398163398,1.570796326795));
#3383 = CARTESIAN_POINT('',(-0.717706886775,1.570796326795));
#3384 = CARTESIAN_POINT('',(-0.649842920765,1.570796326795));
#3385 = CARTESIAN_POINT('',(-0.581631810168,1.570796326795));
#3386 = CARTESIAN_POINT('',(-0.512895531033,1.570796326795));
#3387 = CARTESIAN_POINT('',(-0.443450603945,1.570796326795));
#3388 = CARTESIAN_POINT('',(-0.373106106239,1.570796326795));
#3389 = CARTESIAN_POINT('',(-0.301661439934,1.570796326795));
#3390 = CARTESIAN_POINT('',(-0.228904158181,1.570796326795));
#3391 = CARTESIAN_POINT('',(-0.154606454553,1.570796326795));
#3392 = CARTESIAN_POINT('',(-7.852521262878E-02,1.570796326795));
#3393 = CARTESIAN_POINT('',(-2.643304852834E-02,1.570796326795));
#3394 = CARTESIAN_POINT('',(-6.11040884867E-14,1.570796326795));
#3395 = ( GEOMETRIC_REPRESENTATION_CONTEXT(2) 
PARAMETRIC_REPRESENTATION_CONTEXT() REPRESENTATION_CONTEXT('2D SPACE',''
  ) );
#3396 = PCURVE('',#3397,#3402);
#3397 = CYLINDRICAL_SURFACE('',#3398,5.08);
#3398 = AXIS2_PLACEMENT_3D('',#3399,#3400,#3401);
#3399 = CARTESIAN_POINT('',(39.514295074047,7.62,18.532548000357));
#3400 = DIRECTION('',(-0.551833239217,3.686951170381E-17,0.833954480829)
  );
#3401 = DIRECTION('',(-0.589694868595,0.707106781187,-0.390205025534));
#3402 = DEFINITIONAL_REPRESENTATION('',(#3403),#3407);
#3403 = LINE('',#3404,#3405);
#3404 = CARTESIAN_POINT('',(7.068583470577,0.));
#3405 = VECTOR('',#3406,1.);
#3406 = DIRECTION('',(-1.,5.654319433713E-16));
#3407 = ( GEOMETRIC_REPRESENTATION_CONTEXT(2) 
PARAMETRIC_REPRESENTATION_CONTEXT() REPRESENTATION_CONTEXT('2D SPACE',''
  ) );
#3408 = ADVANCED_FACE('',(#3409),#1690,.F.);
#3409 = FACE_BOUND('',#3410,.F.);
#3410 = EDGE_LOOP('',(#3411,#3412,#3435,#3463,#3517,#3518,#3544,#3545,
    #3546,#3569));
#3411 = ORIENTED_EDGE('',*,*,#2097,.F.);
#3412 = ORIENTED_EDGE('',*,*,#3413,.F.);
#3413 = EDGE_CURVE('',#3414,#2030,#3416,.T.);
#3414 = VERTEX_POINT('',#3415);
#3415 = CARTESIAN_POINT('',(30.021594707893,6.35,23.672651575035));
#3416 = SURFACE_CURVE('',#3417,(#3421,#3428),.PCURVE_S1.);
#3417 = LINE('',#3418,#3419);
#3418 = CARTESIAN_POINT('',(157.11625806348,6.35,107.77203754744));
#3419 = VECTOR('',#3420,1.);
#3420 = DIRECTION('',(-0.833954480829,1.225315935864E-16,-0.551833239217
    ));
#3421 = PCURVE('',#1690,#3422);
#3422 = DEFINITIONAL_REPRESENTATION('',(#3423),#3427);
#3423 = LINE('',#3424,#3425);
#3424 = CARTESIAN_POINT('',(-3.175,190.5));
#3425 = VECTOR('',#3426,1.);
#3426 = DIRECTION('',(0.,-1.));
#3427 = ( GEOMETRIC_REPRESENTATION_CONTEXT(2) 
PARAMETRIC_REPRESENTATION_CONTEXT() REPRESENTATION_CONTEXT('2D SPACE',''
  ) );
#3428 = PCURVE('',#1807,#3429);
#3429 = DEFINITIONAL_REPRESENTATION('',(#3430),#3434);
#3430 = LINE('',#3431,#3432);
#3431 = CARTESIAN_POINT('',(9.424777960769,0.));
#3432 = VECTOR('',#3433,1.);
#3433 = DIRECTION('',(0.,1.));
#3434 = ( GEOMETRIC_REPRESENTATION_CONTEXT(2) 
PARAMETRIC_REPRESENTATION_CONTEXT() REPRESENTATION_CONTEXT('2D SPACE',''
  ) );
#3435 = ORIENTED_EDGE('',*,*,#3436,.T.);
#3436 = EDGE_CURVE('',#3414,#3437,#3439,.T.);
#3437 = VERTEX_POINT('',#3438);
#3438 = CARTESIAN_POINT('',(27.568695959574,6.35,27.379579242321));
#3439 = SURFACE_CURVE('',#3440,(#3444,#3451),.PCURVE_S1.);
#3440 = LINE('',#3441,#3442);
#3441 = CARTESIAN_POINT('',(31.773665242407,6.35,21.024846098401));
#3442 = VECTOR('',#3443,1.);
#3443 = DIRECTION('',(-0.551833239217,3.686951170381E-17,0.833954480829)
  );
#3444 = PCURVE('',#1690,#3445);
#3445 = DEFINITIONAL_REPRESENTATION('',(#3446),#3450);
#3446 = LINE('',#3447,#3448);
#3447 = CARTESIAN_POINT('',(0.,38.099999427795));
#3448 = VECTOR('',#3449,1.);
#3449 = DIRECTION('',(-1.,0.));
#3450 = ( GEOMETRIC_REPRESENTATION_CONTEXT(2) 
PARAMETRIC_REPRESENTATION_CONTEXT() REPRESENTATION_CONTEXT('2D SPACE',''
  ) );
#3451 = PCURVE('',#3452,#3457);
#3452 = PLANE('',#3453);
#3453 = AXIS2_PLACEMENT_3D('',#3454,#3455,#3456);
#3454 = CARTESIAN_POINT('',(38.781947380461,12.7,10.433624191868));
#3455 = DIRECTION('',(0.833954480829,-1.225315935864E-16,0.551833239217)
  );
#3456 = DIRECTION('',(-0.551833239217,3.686951170381E-17,0.833954480829)
  );
#3457 = DEFINITIONAL_REPRESENTATION('',(#3458),#3462);
#3458 = LINE('',#3459,#3460);
#3459 = CARTESIAN_POINT('',(12.7,6.35));
#3460 = VECTOR('',#3461,1.);
#3461 = DIRECTION('',(1.,0.));
#3462 = ( GEOMETRIC_REPRESENTATION_CONTEXT(2) 
PARAMETRIC_REPRESENTATION_CONTEXT() REPRESENTATION_CONTEXT('2D SPACE',''
  ) );
#3463 = ORIENTED_EDGE('',*,*,#3464,.F.);
#3464 = EDGE_CURVE('',#1874,#3437,#3465,.T.);
#3465 = SURFACE_CURVE('',#3466,(#3471,#3478),.PCURVE_S1.);
#3466 = CIRCLE('',#3467,5.08);
#3467 = AXIS2_PLACEMENT_3D('',#3468,#3469,#3470);
#3468 = CARTESIAN_POINT('',(31.805184722188,6.35,30.182892097543));
#3469 = DIRECTION('',(-1.225315935864E-16,-1.,-3.686951170381E-17));
#3470 = DIRECTION('',(-0.551833239217,3.686951170381E-17,0.833954480829)
  );
#3471 = PCURVE('',#1690,#3472);
#3472 = DEFINITIONAL_REPRESENTATION('',(#3473),#3477);
#3473 = CIRCLE('',#3474,5.08);
#3474 = AXIS2_PLACEMENT_2D('',#3475,#3476);
#3475 = CARTESIAN_POINT('',(-7.62,43.179999427795));
#3476 = DIRECTION('',(-1.,0.));
#3477 = ( GEOMETRIC_REPRESENTATION_CONTEXT(2) 
PARAMETRIC_REPRESENTATION_CONTEXT() REPRESENTATION_CONTEXT('2D SPACE',''
  ) );
#3478 = PCURVE('',#3479,#3489);
#3479 = ( BOUNDED_SURFACE() B_SPLINE_SURFACE(2,2,(
    (#3480,#3481,#3482)
    ,(#3483,#3484,#3485)
    ,(#3486,#3487,#3488
)),.UNSPECIFIED.,.F.,.F.,.F.) B_SPLINE_SURFACE_WITH_KNOTS((3,3),(3,3),(
    -1.570796326795,-5.082127736203E-16),(1.570796326795,3.14159265359),
.PIECEWISE_BEZIER_KNOTS.) GEOMETRIC_REPRESENTATION_ITEM() 
RATIONAL_B_SPLINE_SURFACE((
    (1.,0.707106781186,1.)
    ,(0.707106781187,0.5,0.707106781187)
,(1.,0.707106781186,1.))) REPRESENTATION_ITEM('') SURFACE() );
#3480 = CARTESIAN_POINT('',(28.26952417338,7.62,26.320457051668));
#3481 = CARTESIAN_POINT('',(27.568695959574,7.62,27.379579242321));
#3482 = CARTESIAN_POINT('',(27.568695959574,6.35,27.379579242321));
#3483 = CARTESIAN_POINT('',(28.26952417338,12.7,26.320457051668));
#3484 = CARTESIAN_POINT('',(24.765383104352,12.700000000001,
    31.616068004935));
#3485 = CARTESIAN_POINT('',(24.765383104353,6.35,31.616068004935));
#3486 = CARTESIAN_POINT('',(32.506012935993,12.7,29.12376990689));
#3487 = CARTESIAN_POINT('',(29.001871866966,12.700000000001,
    34.419380860157));
#3488 = CARTESIAN_POINT('',(29.001871866966,6.35,34.419380860156));
#3489 = DEFINITIONAL_REPRESENTATION('',(#3490),#3516);
#3490 = B_SPLINE_CURVE_WITH_KNOTS('',3,(#3491,#3492,#3493,#3494,#3495,
    #3496,#3497,#3498,#3499,#3500,#3501,#3502,#3503,#3504,#3505,#3506,
    #3507,#3508,#3509,#3510,#3511,#3512,#3513,#3514,#3515),
  .UNSPECIFIED.,.F.,.F.,(4,1,1,1,1,1,1,1,1,1,1,1,1,1,1,1,1,1,1,1,1,1,4),
  (0.,7.139983303613E-02,0.142799666072,0.214199499108,0.285599332145,
    0.356999165181,0.428398998217,0.499798831253,0.571198664289,
    0.642598497325,0.713998330361,0.785398163397,0.856797996434,
    0.92819782947,0.999597662506,1.070997495542,1.142397328578,
    1.213797161614,1.28519699465,1.356596827687,1.427996660723,
    1.499396493759,1.570796326795),.QUASI_UNIFORM_KNOTS.);
#3491 = CARTESIAN_POINT('',(-5.082127736203E-16,3.14159265359));
#3492 = CARTESIAN_POINT('',(-2.643304852828E-02,3.14159265359));
#3493 = CARTESIAN_POINT('',(-7.852521262872E-02,3.14159265359));
#3494 = CARTESIAN_POINT('',(-0.154606454553,3.14159265359));
#3495 = CARTESIAN_POINT('',(-0.228904158181,3.14159265359));
#3496 = CARTESIAN_POINT('',(-0.301661439934,3.14159265359));
#3497 = CARTESIAN_POINT('',(-0.373106106239,3.14159265359));
#3498 = CARTESIAN_POINT('',(-0.443450603945,3.14159265359));
#3499 = CARTESIAN_POINT('',(-0.512895531033,3.14159265359));
#3500 = CARTESIAN_POINT('',(-0.581631810168,3.14159265359));
#3501 = CARTESIAN_POINT('',(-0.649842920765,3.14159265359));
#3502 = CARTESIAN_POINT('',(-0.717706886775,3.14159265359));
#3503 = CARTESIAN_POINT('',(-0.785398163397,3.14159265359));
#3504 = CARTESIAN_POINT('',(-0.85308944002,3.14159265359));
#3505 = CARTESIAN_POINT('',(-0.92095340603,3.14159265359));
#3506 = CARTESIAN_POINT('',(-0.989164516627,3.14159265359));
#3507 = CARTESIAN_POINT('',(-1.057900795762,3.14159265359));
#3508 = CARTESIAN_POINT('',(-1.12734572285,3.14159265359));
#3509 = CARTESIAN_POINT('',(-1.197690220556,3.14159265359));
#3510 = CARTESIAN_POINT('',(-1.269134886861,3.14159265359));
#3511 = CARTESIAN_POINT('',(-1.341892168614,3.14159265359));
#3512 = CARTESIAN_POINT('',(-1.416189872242,3.14159265359));
#3513 = CARTESIAN_POINT('',(-1.492271114166,3.14159265359));
#3514 = CARTESIAN_POINT('',(-1.544363278267,3.14159265359));
#3515 = CARTESIAN_POINT('',(-1.570796326795,3.14159265359));
#3516 = ( GEOMETRIC_REPRESENTATION_CONTEXT(2) 
PARAMETRIC_REPRESENTATION_CONTEXT() REPRESENTATION_CONTEXT('2D SPACE',''
  ) );
#3517 = ORIENTED_EDGE('',*,*,#1896,.F.);
#3518 = ORIENTED_EDGE('',*,*,#3519,.F.);
#3519 = EDGE_CURVE('',#1649,#1897,#3520,.T.);
#3520 = SURFACE_CURVE('',#3521,(#3525,#3532),.PCURVE_S1.);
#3521 = LINE('',#3522,#3523);
#3522 = CARTESIAN_POINT('',(12.7,6.35,-95.25));
#3523 = VECTOR('',#3524,1.);
#3524 = DIRECTION('',(-2.22044604925E-16,-2.465190328816E-32,1.));
#3525 = PCURVE('',#1690,#3526);
#3526 = DEFINITIONAL_REPRESENTATION('',(#3527),#3531);
#3527 = LINE('',#3528,#3529);
#3528 = CARTESIAN_POINT('',(86.442446437053,-41.97089412887));
#3529 = VECTOR('',#3530,1.);
#3530 = DIRECTION('',(-0.833954480829,0.551833239217));
#3531 = ( GEOMETRIC_REPRESENTATION_CONTEXT(2) 
PARAMETRIC_REPRESENTATION_CONTEXT() REPRESENTATION_CONTEXT('2D SPACE',''
  ) );
#3532 = PCURVE('',#3533,#3538);
#3533 = CYLINDRICAL_SURFACE('',#3534,6.35);
#3534 = AXIS2_PLACEMENT_3D('',#3535,#3536,#3537);
#3535 = CARTESIAN_POINT('',(6.35,6.35,-95.25));
#3536 = DIRECTION('',(-2.22044604925E-16,-2.465190328816E-32,1.));
#3537 = DIRECTION('',(0.707106781187,0.707106781187,1.570092458684E-16)
  );
#3538 = DEFINITIONAL_REPRESENTATION('',(#3539),#3543);
#3539 = LINE('',#3540,#3541);
#3540 = CARTESIAN_POINT('',(5.497787143782,0.));
#3541 = VECTOR('',#3542,1.);
#3542 = DIRECTION('',(0.,1.));
#3543 = ( GEOMETRIC_REPRESENTATION_CONTEXT(2) 
PARAMETRIC_REPRESENTATION_CONTEXT() REPRESENTATION_CONTEXT('2D SPACE',''
  ) );
#3544 = ORIENTED_EDGE('',*,*,#1676,.F.);
#3545 = ORIENTED_EDGE('',*,*,#3315,.F.);
#3546 = ORIENTED_EDGE('',*,*,#3547,.T.);
#3547 = EDGE_CURVE('',#3263,#3548,#3550,.T.);
#3548 = VERTEX_POINT('',#3549);
#3549 = CARTESIAN_POINT('',(33.525735776921,6.35,18.377040621768));
#3550 = SURFACE_CURVE('',#3551,(#3555,#3562),.PCURVE_S1.);
#3551 = LINE('',#3552,#3553);
#3552 = CARTESIAN_POINT('',(31.773665242407,6.35,21.024846098401));
#3553 = VECTOR('',#3554,1.);
#3554 = DIRECTION('',(-0.551833239217,3.686951170381E-17,0.833954480829)
  );
#3555 = PCURVE('',#1690,#3556);
#3556 = DEFINITIONAL_REPRESENTATION('',(#3557),#3561);
#3557 = LINE('',#3558,#3559);
#3558 = CARTESIAN_POINT('',(0.,38.099999427795));
#3559 = VECTOR('',#3560,1.);
#3560 = DIRECTION('',(-1.,0.));
#3561 = ( GEOMETRIC_REPRESENTATION_CONTEXT(2) 
PARAMETRIC_REPRESENTATION_CONTEXT() REPRESENTATION_CONTEXT('2D SPACE',''
  ) );
#3562 = PCURVE('',#3303,#3563);
#3563 = DEFINITIONAL_REPRESENTATION('',(#3564),#3568);
#3564 = LINE('',#3565,#3566);
#3565 = CARTESIAN_POINT('',(12.7,6.35));
#3566 = VECTOR('',#3567,1.);
#3567 = DIRECTION('',(1.,0.));
#3568 = ( GEOMETRIC_REPRESENTATION_CONTEXT(2) 
PARAMETRIC_REPRESENTATION_CONTEXT() REPRESENTATION_CONTEXT('2D SPACE',''
  ) );
#3569 = ORIENTED_EDGE('',*,*,#3570,.F.);
#3570 = EDGE_CURVE('',#2098,#3548,#3571,.T.);
#3571 = SURFACE_CURVE('',#3572,(#3576,#3583),.PCURVE_S1.);
#3572 = LINE('',#3573,#3574);
#3573 = CARTESIAN_POINT('',(160.62039913251,6.35,102.47642659418));
#3574 = VECTOR('',#3575,1.);
#3575 = DIRECTION('',(0.833954480829,-1.225315935864E-16,0.551833239217)
  );
#3576 = PCURVE('',#1690,#3577);
#3577 = DEFINITIONAL_REPRESENTATION('',(#3578),#3582);
#3578 = LINE('',#3579,#3580);
#3579 = CARTESIAN_POINT('',(3.175,190.5));
#3580 = VECTOR('',#3581,1.);
#3581 = DIRECTION('',(0.,1.));
#3582 = ( GEOMETRIC_REPRESENTATION_CONTEXT(2) 
PARAMETRIC_REPRESENTATION_CONTEXT() REPRESENTATION_CONTEXT('2D SPACE',''
  ) );
#3583 = PCURVE('',#1807,#3584);
#3584 = DEFINITIONAL_REPRESENTATION('',(#3585),#3589);
#3585 = LINE('',#3586,#3587);
#3586 = CARTESIAN_POINT('',(6.28318530718,0.));
#3587 = VECTOR('',#3588,1.);
#3588 = DIRECTION('',(0.,-1.));
#3589 = ( GEOMETRIC_REPRESENTATION_CONTEXT(2) 
PARAMETRIC_REPRESENTATION_CONTEXT() REPRESENTATION_CONTEXT('2D SPACE',''
  ) );
#3590 = ADVANCED_FACE('',(#3591),#1664,.F.);
#3591 = FACE_BOUND('',#3592,.F.);
#3592 = EDGE_LOOP('',(#3593,#3623,#3651,#3695,#3696,#3697,#3720,#3776,
    #3804,#3827));
#3593 = ORIENTED_EDGE('',*,*,#3594,.F.);
#3594 = EDGE_CURVE('',#3595,#3597,#3599,.T.);
#3595 = VERTEX_POINT('',#3596);
#3596 = CARTESIAN_POINT('',(-3.175,6.35,-38.09999942779));
#3597 = VERTEX_POINT('',#3598);
#3598 = CARTESIAN_POINT('',(-3.175,6.35,-25.40000081062));
#3599 = SURFACE_CURVE('',#3600,(#3604,#3611),.PCURVE_S1.);
#3600 = LINE('',#3601,#3602);
#3601 = CARTESIAN_POINT('',(-3.175,6.35,-190.5));
#3602 = VECTOR('',#3603,1.);
#3603 = DIRECTION('',(-2.219101139469E-16,0.,1.));
#3604 = PCURVE('',#1664,#3605);
#3605 = DEFINITIONAL_REPRESENTATION('',(#3606),#3610);
#3606 = LINE('',#3607,#3608);
#3607 = CARTESIAN_POINT('',(3.175,-190.5));
#3608 = VECTOR('',#3609,1.);
#3609 = DIRECTION('',(-1.34490978149E-19,1.));
#3610 = ( GEOMETRIC_REPRESENTATION_CONTEXT(2) 
PARAMETRIC_REPRESENTATION_CONTEXT() REPRESENTATION_CONTEXT('2D SPACE',''
  ) );
#3611 = PCURVE('',#3612,#3617);
#3612 = CYLINDRICAL_SURFACE('',#3613,3.175);
#3613 = AXIS2_PLACEMENT_3D('',#3614,#3615,#3616);
#3614 = CARTESIAN_POINT('',(1.975207783391E-15,6.35,-190.5));
#3615 = DIRECTION('',(-2.219101139469E-16,0.,1.));
#3616 = DIRECTION('',(-1.,-2.307865185048E-14,-2.219101139469E-16));
#3617 = DEFINITIONAL_REPRESENTATION('',(#3618),#3622);
#3618 = LINE('',#3619,#3620);
#3619 = CARTESIAN_POINT('',(6.28318530718,0.));
#3620 = VECTOR('',#3621,1.);
#3621 = DIRECTION('',(0.,1.));
#3622 = ( GEOMETRIC_REPRESENTATION_CONTEXT(2) 
PARAMETRIC_REPRESENTATION_CONTEXT() REPRESENTATION_CONTEXT('2D SPACE',''
  ) );
#3623 = ORIENTED_EDGE('',*,*,#3624,.T.);
#3624 = EDGE_CURVE('',#3595,#3625,#3627,.T.);
#3625 = VERTEX_POINT('',#3626);
#3626 = CARTESIAN_POINT('',(-7.62,6.35,-38.09999942779));
#3627 = SURFACE_CURVE('',#3628,(#3632,#3639),.PCURVE_S1.);
#3628 = LINE('',#3629,#3630);
#3629 = CARTESIAN_POINT('',(-3.209195043,6.35,-38.09999942779));
#3630 = VECTOR('',#3631,1.);
#3631 = DIRECTION('',(-1.,-1.224646799147E-16,-2.22044604925E-16));
#3632 = PCURVE('',#1664,#3633);
#3633 = DEFINITIONAL_REPRESENTATION('',(#3634),#3638);
#3634 = LINE('',#3635,#3636);
#3635 = CARTESIAN_POINT('',(3.209195043,-38.09999942779));
#3636 = VECTOR('',#3637,1.);
#3637 = DIRECTION('',(1.,2.465190328816E-32));
#3638 = ( GEOMETRIC_REPRESENTATION_CONTEXT(2) 
PARAMETRIC_REPRESENTATION_CONTEXT() REPRESENTATION_CONTEXT('2D SPACE',''
  ) );
#3639 = PCURVE('',#3640,#3645);
#3640 = PLANE('',#3641);
#3641 = AXIS2_PLACEMENT_3D('',#3642,#3643,#3644);
#3642 = CARTESIAN_POINT('',(12.7,2.442490654175E-14,-38.09999942779));
#3643 = DIRECTION('',(2.22044604925E-16,2.465190328816E-32,-1.));
#3644 = DIRECTION('',(-1.,-1.224646799147E-16,-2.22044604925E-16));
#3645 = DEFINITIONAL_REPRESENTATION('',(#3646),#3650);
#3646 = LINE('',#3647,#3648);
#3647 = CARTESIAN_POINT('',(15.909195043,6.35));
#3648 = VECTOR('',#3649,1.);
#3649 = DIRECTION('',(1.,5.641527646774E-49));
#3650 = ( GEOMETRIC_REPRESENTATION_CONTEXT(2) 
PARAMETRIC_REPRESENTATION_CONTEXT() REPRESENTATION_CONTEXT('2D SPACE',''
  ) );
#3651 = ORIENTED_EDGE('',*,*,#3652,.F.);
#3652 = EDGE_CURVE('',#2593,#3625,#3653,.T.);
#3653 = SURFACE_CURVE('',#3654,(#3659,#3666),.PCURVE_S1.);
#3654 = CIRCLE('',#3655,5.08);
#3655 = AXIS2_PLACEMENT_3D('',#3656,#3657,#3658);
#3656 = CARTESIAN_POINT('',(-7.62,6.35,-43.17999942779));
#3657 = DIRECTION('',(-1.224646799147E-16,1.,-2.540718180781E-33));
#3658 = DIRECTION('',(-1.,-1.224646799147E-16,-2.22044604925E-16));
#3659 = PCURVE('',#1664,#3660);
#3660 = DEFINITIONAL_REPRESENTATION('',(#3661),#3665);
#3661 = CIRCLE('',#3662,5.08);
#3662 = AXIS2_PLACEMENT_2D('',#3663,#3664);
#3663 = CARTESIAN_POINT('',(7.62,-43.17999942779));
#3664 = DIRECTION('',(1.,0.));
#3665 = ( GEOMETRIC_REPRESENTATION_CONTEXT(2) 
PARAMETRIC_REPRESENTATION_CONTEXT() REPRESENTATION_CONTEXT('2D SPACE',''
  ) );
#3666 = PCURVE('',#2609,#3667);
#3667 = DEFINITIONAL_REPRESENTATION('',(#3668),#3694);
#3668 = B_SPLINE_CURVE_WITH_KNOTS('',3,(#3669,#3670,#3671,#3672,#3673,
    #3674,#3675,#3676,#3677,#3678,#3679,#3680,#3681,#3682,#3683,#3684,
    #3685,#3686,#3687,#3688,#3689,#3690,#3691,#3692,#3693),
  .UNSPECIFIED.,.F.,.F.,(4,1,1,1,1,1,1,1,1,1,1,1,1,1,1,1,1,1,1,1,1,1,4),
  (0.,7.139983303613E-02,0.142799666072,0.214199499108,0.285599332145,
    0.356999165181,0.428398998217,0.499798831253,0.571198664289,
    0.642598497325,0.713998330361,0.785398163397,0.856797996434,
    0.92819782947,0.999597662506,1.070997495542,1.142397328578,
    1.213797161614,1.28519699465,1.356596827687,1.427996660723,
    1.499396493759,1.570796326795),.QUASI_UNIFORM_KNOTS.);
#3669 = CARTESIAN_POINT('',(-1.70478435972E-15,-9.965781480887E-15));
#3670 = CARTESIAN_POINT('',(-2.643304852828E-02,-9.965781480887E-15));
#3671 = CARTESIAN_POINT('',(-7.852521262872E-02,-9.965781480887E-15));
#3672 = CARTESIAN_POINT('',(-0.154606454553,-9.965781480887E-15));
#3673 = CARTESIAN_POINT('',(-0.228904158181,-9.965781480887E-15));
#3674 = CARTESIAN_POINT('',(-0.301661439934,-9.965781480887E-15));
#3675 = CARTESIAN_POINT('',(-0.373106106239,-9.965781480887E-15));
#3676 = CARTESIAN_POINT('',(-0.443450603945,-9.965781480887E-15));
#3677 = CARTESIAN_POINT('',(-0.512895531033,-9.965781480887E-15));
#3678 = CARTESIAN_POINT('',(-0.581631810168,-9.965781480887E-15));
#3679 = CARTESIAN_POINT('',(-0.649842920765,-9.965781480887E-15));
#3680 = CARTESIAN_POINT('',(-0.717706886775,-9.965781480887E-15));
#3681 = CARTESIAN_POINT('',(-0.785398163397,-9.965781480887E-15));
#3682 = CARTESIAN_POINT('',(-0.85308944002,-9.965781480887E-15));
#3683 = CARTESIAN_POINT('',(-0.92095340603,-9.965781480887E-15));
#3684 = CARTESIAN_POINT('',(-0.989164516627,-9.965781480887E-15));
#3685 = CARTESIAN_POINT('',(-1.057900795762,-9.965781480887E-15));
#3686 = CARTESIAN_POINT('',(-1.12734572285,-9.965781480887E-15));
#3687 = CARTESIAN_POINT('',(-1.197690220556,-9.965781480887E-15));
#3688 = CARTESIAN_POINT('',(-1.269134886861,-9.965781480887E-15));
#3689 = CARTESIAN_POINT('',(-1.341892168614,-9.965781480887E-15));
#3690 = CARTESIAN_POINT('',(-1.416189872242,-9.965781480887E-15));
#3691 = CARTESIAN_POINT('',(-1.492271114166,-9.965781480887E-15));
#3692 = CARTESIAN_POINT('',(-1.544363278267,-9.965781480887E-15));
#3693 = CARTESIAN_POINT('',(-1.570796326795,-9.965781480887E-15));
#3694 = ( GEOMETRIC_REPRESENTATION_CONTEXT(2) 
PARAMETRIC_REPRESENTATION_CONTEXT() REPRESENTATION_CONTEXT('2D SPACE',''
  ) );
#3695 = ORIENTED_EDGE('',*,*,#2648,.F.);
#3696 = ORIENTED_EDGE('',*,*,#1648,.F.);
#3697 = ORIENTED_EDGE('',*,*,#3698,.F.);
#3698 = EDGE_CURVE('',#3699,#1649,#3701,.T.);
#3699 = VERTEX_POINT('',#3700);
#3700 = CARTESIAN_POINT('',(12.7,6.35,-43.17999942779));
#3701 = SURFACE_CURVE('',#3702,(#3706,#3713),.PCURVE_S1.);
#3702 = LINE('',#3703,#3704);
#3703 = CARTESIAN_POINT('',(12.7,6.35,-95.25));
#3704 = VECTOR('',#3705,1.);
#3705 = DIRECTION('',(-2.22044604925E-16,-2.465190328816E-32,1.));
#3706 = PCURVE('',#1664,#3707);
#3707 = DEFINITIONAL_REPRESENTATION('',(#3708),#3712);
#3708 = LINE('',#3709,#3710);
#3709 = CARTESIAN_POINT('',(-12.7,-95.25));
#3710 = VECTOR('',#3711,1.);
#3711 = DIRECTION('',(-2.465190328816E-32,1.));
#3712 = ( GEOMETRIC_REPRESENTATION_CONTEXT(2) 
PARAMETRIC_REPRESENTATION_CONTEXT() REPRESENTATION_CONTEXT('2D SPACE',''
  ) );
#3713 = PCURVE('',#3533,#3714);
#3714 = DEFINITIONAL_REPRESENTATION('',(#3715),#3719);
#3715 = LINE('',#3716,#3717);
#3716 = CARTESIAN_POINT('',(5.497787143782,0.));
#3717 = VECTOR('',#3718,1.);
#3718 = DIRECTION('',(0.,1.));
#3719 = ( GEOMETRIC_REPRESENTATION_CONTEXT(2) 
PARAMETRIC_REPRESENTATION_CONTEXT() REPRESENTATION_CONTEXT('2D SPACE',''
  ) );
#3720 = ORIENTED_EDGE('',*,*,#3721,.F.);
#3721 = EDGE_CURVE('',#3722,#3699,#3724,.T.);
#3722 = VERTEX_POINT('',#3723);
#3723 = CARTESIAN_POINT('',(7.62,6.35,-38.09999942779));
#3724 = SURFACE_CURVE('',#3725,(#3730,#3737),.PCURVE_S1.);
#3725 = CIRCLE('',#3726,5.08);
#3726 = AXIS2_PLACEMENT_3D('',#3727,#3728,#3729);
#3727 = CARTESIAN_POINT('',(7.62,6.35,-43.17999942779));
#3728 = DIRECTION('',(-1.224646799147E-16,1.,-2.540718180781E-33));
#3729 = DIRECTION('',(1.,1.224646799147E-16,2.22044604925E-16));
#3730 = PCURVE('',#1664,#3731);
#3731 = DEFINITIONAL_REPRESENTATION('',(#3732),#3736);
#3732 = CIRCLE('',#3733,5.08);
#3733 = AXIS2_PLACEMENT_2D('',#3734,#3735);
#3734 = CARTESIAN_POINT('',(-7.62,-43.17999942779));
#3735 = DIRECTION('',(-1.,0.));
#3736 = ( GEOMETRIC_REPRESENTATION_CONTEXT(2) 
PARAMETRIC_REPRESENTATION_CONTEXT() REPRESENTATION_CONTEXT('2D SPACE',''
  ) );
#3737 = PCURVE('',#3738,#3748);
#3738 = ( BOUNDED_SURFACE() B_SPLINE_SURFACE(2,2,(
    (#3739,#3740,#3741)
    ,(#3742,#3743,#3744)
    ,(#3745,#3746,#3747
)),.UNSPECIFIED.,.F.,.F.,.F.) B_SPLINE_SURFACE_WITH_KNOTS((3,3),(3,3),(
    -1.570796326795,3.94807314735E-13),(-3.14159265359,-1.570796326795),
.PIECEWISE_BEZIER_KNOTS.) GEOMETRIC_REPRESENTATION_ITEM() 
RATIONAL_B_SPLINE_SURFACE((
    (1.,0.707106781187,1.)
    ,(0.707106781186,0.5,0.707106781186)
,(1.,0.707106781187,1.))) REPRESENTATION_ITEM('') SURFACE() );
#3739 = CARTESIAN_POINT('',(7.62,6.350000000002,-38.09999942779));
#3740 = CARTESIAN_POINT('',(7.62,5.08,-38.09999942779));
#3741 = CARTESIAN_POINT('',(6.349999999998,5.08,-38.09999942779));
#3742 = CARTESIAN_POINT('',(12.700000000001,6.350000000002,
    -38.09999942779));
#3743 = CARTESIAN_POINT('',(12.7,-5.229150445984E-13,-38.09999942779));
#3744 = CARTESIAN_POINT('',(6.349999999998,-7.960299086562E-13,
    -38.09999942779));
#3745 = CARTESIAN_POINT('',(12.7,6.35,-43.17999942779));
#3746 = CARTESIAN_POINT('',(12.7,1.909583602355E-13,-43.17999942779));
#3747 = CARTESIAN_POINT('',(6.35,-8.215650382226E-14,-43.17999942779));
#3748 = DEFINITIONAL_REPRESENTATION('',(#3749),#3775);
#3749 = B_SPLINE_CURVE_WITH_KNOTS('',3,(#3750,#3751,#3752,#3753,#3754,
    #3755,#3756,#3757,#3758,#3759,#3760,#3761,#3762,#3763,#3764,#3765,
    #3766,#3767,#3768,#3769,#3770,#3771,#3772,#3773,#3774),
  .UNSPECIFIED.,.F.,.F.,(4,1,1,1,1,1,1,1,1,1,1,1,1,1,1,1,1,1,1,1,1,1,4),
  (4.712388980385,4.783788813421,4.855188646457,4.926588479493,
    4.997988312529,5.069388145565,5.140787978601,5.212187811638,
    5.283587644674,5.35498747771,5.426387310746,5.497787143782,
    5.569186976818,5.640586809854,5.711986642891,5.783386475927,
    5.854786308963,5.926186141999,5.997585975035,6.068985808071,
    6.140385641107,6.211785474143,6.28318530718),.QUASI_UNIFORM_KNOTS.);
#3750 = CARTESIAN_POINT('',(-1.570796326795,-3.14159265359));
#3751 = CARTESIAN_POINT('',(-1.544363278266,-3.14159265359));
#3752 = CARTESIAN_POINT('',(-1.492271114166,-3.14159265359));
#3753 = CARTESIAN_POINT('',(-1.416189872242,-3.14159265359));
#3754 = CARTESIAN_POINT('',(-1.341892168613,-3.14159265359));
#3755 = CARTESIAN_POINT('',(-1.26913488686,-3.14159265359));
#3756 = CARTESIAN_POINT('',(-1.197690220555,-3.14159265359));
#3757 = CARTESIAN_POINT('',(-1.12734572285,-3.14159265359));
#3758 = CARTESIAN_POINT('',(-1.057900795762,-3.14159265359));
#3759 = CARTESIAN_POINT('',(-0.989164516627,-3.14159265359));
#3760 = CARTESIAN_POINT('',(-0.92095340603,-3.14159265359));
#3761 = CARTESIAN_POINT('',(-0.85308944002,-3.14159265359));
#3762 = CARTESIAN_POINT('',(-0.785398163397,-3.14159265359));
#3763 = CARTESIAN_POINT('',(-0.717706886775,-3.14159265359));
#3764 = CARTESIAN_POINT('',(-0.649842920765,-3.14159265359));
#3765 = CARTESIAN_POINT('',(-0.581631810167,-3.14159265359));
#3766 = CARTESIAN_POINT('',(-0.512895531032,-3.14159265359));
#3767 = CARTESIAN_POINT('',(-0.443450603944,-3.14159265359));
#3768 = CARTESIAN_POINT('',(-0.373106106239,-3.14159265359));
#3769 = CARTESIAN_POINT('',(-0.301661439934,-3.14159265359));
#3770 = CARTESIAN_POINT('',(-0.228904158181,-3.14159265359));
#3771 = CARTESIAN_POINT('',(-0.154606454553,-3.14159265359));
#3772 = CARTESIAN_POINT('',(-7.852521262847E-02,-3.14159265359));
#3773 = CARTESIAN_POINT('',(-2.643304852796E-02,-3.14159265359));
#3774 = CARTESIAN_POINT('',(3.94807314735E-13,-3.14159265359));
#3775 = ( GEOMETRIC_REPRESENTATION_CONTEXT(2) 
PARAMETRIC_REPRESENTATION_CONTEXT() REPRESENTATION_CONTEXT('2D SPACE',''
  ) );
#3776 = ORIENTED_EDGE('',*,*,#3777,.T.);
#3777 = EDGE_CURVE('',#3722,#3778,#3780,.T.);
#3778 = VERTEX_POINT('',#3779);
#3779 = CARTESIAN_POINT('',(3.175,6.35,-38.09999942779));
#3780 = SURFACE_CURVE('',#3781,(#3785,#3792),.PCURVE_S1.);
#3781 = LINE('',#3782,#3783);
#3782 = CARTESIAN_POINT('',(-3.209195043,6.35,-38.09999942779));
#3783 = VECTOR('',#3784,1.);
#3784 = DIRECTION('',(-1.,-1.224646799147E-16,-2.22044604925E-16));
#3785 = PCURVE('',#1664,#3786);
#3786 = DEFINITIONAL_REPRESENTATION('',(#3787),#3791);
#3787 = LINE('',#3788,#3789);
#3788 = CARTESIAN_POINT('',(3.209195043,-38.09999942779));
#3789 = VECTOR('',#3790,1.);
#3790 = DIRECTION('',(1.,2.465190328816E-32));
#3791 = ( GEOMETRIC_REPRESENTATION_CONTEXT(2) 
PARAMETRIC_REPRESENTATION_CONTEXT() REPRESENTATION_CONTEXT('2D SPACE',''
  ) );
#3792 = PCURVE('',#3793,#3798);
#3793 = PLANE('',#3794);
#3794 = AXIS2_PLACEMENT_3D('',#3795,#3796,#3797);
#3795 = CARTESIAN_POINT('',(12.7,2.442490654175E-14,-38.09999942779));
#3796 = DIRECTION('',(2.22044604925E-16,2.465190328816E-32,-1.));
#3797 = DIRECTION('',(-1.,-1.224646799147E-16,-2.22044604925E-16));
#3798 = DEFINITIONAL_REPRESENTATION('',(#3799),#3803);
#3799 = LINE('',#3800,#3801);
#3800 = CARTESIAN_POINT('',(15.909195043,6.35));
#3801 = VECTOR('',#3802,1.);
#3802 = DIRECTION('',(1.,5.641527646774E-49));
#3803 = ( GEOMETRIC_REPRESENTATION_CONTEXT(2) 
PARAMETRIC_REPRESENTATION_CONTEXT() REPRESENTATION_CONTEXT('2D SPACE',''
  ) );
#3804 = ORIENTED_EDGE('',*,*,#3805,.F.);
#3805 = EDGE_CURVE('',#3806,#3778,#3808,.T.);
#3806 = VERTEX_POINT('',#3807);
#3807 = CARTESIAN_POINT('',(3.175,6.35,-25.40000081062));
#3808 = SURFACE_CURVE('',#3809,(#3813,#3820),.PCURVE_S1.);
#3809 = LINE('',#3810,#3811);
#3810 = CARTESIAN_POINT('',(3.175,6.35,-190.5));
#3811 = VECTOR('',#3812,1.);
#3812 = DIRECTION('',(2.219101139469E-16,0.,-1.));
#3813 = PCURVE('',#1664,#3814);
#3814 = DEFINITIONAL_REPRESENTATION('',(#3815),#3819);
#3815 = LINE('',#3816,#3817);
#3816 = CARTESIAN_POINT('',(-3.175,-190.5));
#3817 = VECTOR('',#3818,1.);
#3818 = DIRECTION('',(1.34490978149E-19,-1.));
#3819 = ( GEOMETRIC_REPRESENTATION_CONTEXT(2) 
PARAMETRIC_REPRESENTATION_CONTEXT() REPRESENTATION_CONTEXT('2D SPACE',''
  ) );
#3820 = PCURVE('',#3612,#3821);
#3821 = DEFINITIONAL_REPRESENTATION('',(#3822),#3826);
#3822 = LINE('',#3823,#3824);
#3823 = CARTESIAN_POINT('',(3.14159265359,0.));
#3824 = VECTOR('',#3825,1.);
#3825 = DIRECTION('',(0.,-1.));
#3826 = ( GEOMETRIC_REPRESENTATION_CONTEXT(2) 
PARAMETRIC_REPRESENTATION_CONTEXT() REPRESENTATION_CONTEXT('2D SPACE',''
  ) );
#3827 = ORIENTED_EDGE('',*,*,#3828,.F.);
#3828 = EDGE_CURVE('',#3597,#3806,#3829,.T.);
#3829 = SURFACE_CURVE('',#3830,(#3835,#3842),.PCURVE_S1.);
#3830 = CIRCLE('',#3831,3.175);
#3831 = AXIS2_PLACEMENT_3D('',#3832,#3833,#3834);
#3832 = CARTESIAN_POINT('',(-1.000189922605E-15,6.35,-25.40000081062));
#3833 = DIRECTION('',(-1.224646799147E-16,1.,-2.540718180781E-33));
#3834 = DIRECTION('',(-1.,-1.224646799147E-16,8.904085109465E-50));
#3835 = PCURVE('',#1664,#3836);
#3836 = DEFINITIONAL_REPRESENTATION('',(#3837),#3841);
#3837 = CIRCLE('',#3838,3.175);
#3838 = AXIS2_PLACEMENT_2D('',#3839,#3840);
#3839 = CARTESIAN_POINT('',(-5.904902510348E-15,-25.40000081062));
#3840 = DIRECTION('',(1.,2.22044604925E-16));
#3841 = ( GEOMETRIC_REPRESENTATION_CONTEXT(2) 
PARAMETRIC_REPRESENTATION_CONTEXT() REPRESENTATION_CONTEXT('2D SPACE',''
  ) );
#3842 = PCURVE('',#3843,#3848);
#3843 = CYLINDRICAL_SURFACE('',#3844,3.175);
#3844 = AXIS2_PLACEMENT_3D('',#3845,#3846,#3847);
#3845 = CARTESIAN_POINT('',(-1.555301434917E-15,12.7,-25.40000081062));
#3846 = DIRECTION('',(8.741913579726E-17,-1.,0.));
#3847 = DIRECTION('',(-1.,-8.741913579726E-17,0.));
#3848 = DEFINITIONAL_REPRESENTATION('',(#3849),#3853);
#3849 = LINE('',#3850,#3851);
#3850 = CARTESIAN_POINT('',(6.28318530718,6.35));
#3851 = VECTOR('',#3852,1.);
#3852 = DIRECTION('',(-1.,0.));
#3853 = ( GEOMETRIC_REPRESENTATION_CONTEXT(2) 
PARAMETRIC_REPRESENTATION_CONTEXT() REPRESENTATION_CONTEXT('2D SPACE',''
  ) );
#3854 = ADVANCED_FACE('',(#3855),#1591,.T.);
#3855 = FACE_BOUND('',#3856,.T.);
#3856 = EDGE_LOOP('',(#3857,#3878,#3879,#3880));
#3857 = ORIENTED_EDGE('',*,*,#3858,.F.);
#3858 = EDGE_CURVE('',#1576,#2846,#3859,.T.);
#3859 = SURFACE_CURVE('',#3860,(#3864,#3871),.PCURVE_S1.);
#3860 = LINE('',#3861,#3862);
#3861 = CARTESIAN_POINT('',(-39.51429507404,12.7,-18.53254800035));
#3862 = VECTOR('',#3863,1.);
#3863 = DIRECTION('',(-0.551833239217,3.686951170381E-17,0.833954480829)
  );
#3864 = PCURVE('',#1591,#3865);
#3865 = DEFINITIONAL_REPRESENTATION('',(#3866),#3870);
#3866 = LINE('',#3867,#3868);
#3867 = CARTESIAN_POINT('',(6.35,-43.17999942779));
#3868 = VECTOR('',#3869,1.);
#3869 = DIRECTION('',(1.,0.));
#3870 = ( GEOMETRIC_REPRESENTATION_CONTEXT(2) 
PARAMETRIC_REPRESENTATION_CONTEXT() REPRESENTATION_CONTEXT('2D SPACE',''
  ) );
#3871 = PCURVE('',#2756,#3872);
#3872 = DEFINITIONAL_REPRESENTATION('',(#3873),#3877);
#3873 = LINE('',#3874,#3875);
#3874 = CARTESIAN_POINT('',(5.497787143782,0.));
#3875 = VECTOR('',#3876,1.);
#3876 = DIRECTION('',(0.,-1.));
#3877 = ( GEOMETRIC_REPRESENTATION_CONTEXT(2) 
PARAMETRIC_REPRESENTATION_CONTEXT() REPRESENTATION_CONTEXT('2D SPACE',''
  ) );
#3878 = ORIENTED_EDGE('',*,*,#1575,.F.);
#3879 = ORIENTED_EDGE('',*,*,#1980,.T.);
#3880 = ORIENTED_EDGE('',*,*,#3881,.F.);
#3881 = EDGE_CURVE('',#2846,#1953,#3882,.T.);
#3882 = SURFACE_CURVE('',#3883,(#3887,#3894),.PCURVE_S1.);
#3883 = LINE('',#3884,#3885);
#3884 = CARTESIAN_POINT('',(-82.93830536802,12.7,-47.26650508214));
#3885 = VECTOR('',#3886,1.);
#3886 = DIRECTION('',(-0.833954480829,1.225315935864E-16,-0.551833239217
    ));
#3887 = PCURVE('',#1591,#3888);
#3888 = DEFINITIONAL_REPRESENTATION('',(#3889),#3893);
#3889 = LINE('',#3890,#3891);
#3890 = CARTESIAN_POINT('',(6.35,-95.25));
#3891 = VECTOR('',#3892,1.);
#3892 = DIRECTION('',(0.,-1.));
#3893 = ( GEOMETRIC_REPRESENTATION_CONTEXT(2) 
PARAMETRIC_REPRESENTATION_CONTEXT() REPRESENTATION_CONTEXT('2D SPACE',''
  ) );
#3894 = PCURVE('',#1838,#3895);
#3895 = DEFINITIONAL_REPRESENTATION('',(#3896),#3900);
#3896 = LINE('',#3897,#3898);
#3897 = CARTESIAN_POINT('',(5.497787143782,0.));
#3898 = VECTOR('',#3899,1.);
#3899 = DIRECTION('',(0.,-1.));
#3900 = ( GEOMETRIC_REPRESENTATION_CONTEXT(2) 
PARAMETRIC_REPRESENTATION_CONTEXT() REPRESENTATION_CONTEXT('2D SPACE',''
  ) );
#3901 = ADVANCED_FACE('',(#3902),#1407,.T.);
#3902 = FACE_BOUND('',#3903,.T.);
#3903 = EDGE_LOOP('',(#3904,#3927,#3948,#3949));
#3904 = ORIENTED_EDGE('',*,*,#3905,.F.);
#3905 = EDGE_CURVE('',#3906,#1334,#3908,.T.);
#3906 = VERTEX_POINT('',#3907);
#3907 = CARTESIAN_POINT('',(32.506012935993,12.7,29.12376990689));
#3908 = SURFACE_CURVE('',#3909,(#3913,#3920),.PCURVE_S1.);
#3909 = LINE('',#3910,#3911);
#3910 = CARTESIAN_POINT('',(39.514295074047,12.7,18.532548000357));
#3911 = VECTOR('',#3912,1.);
#3912 = DIRECTION('',(0.551833239217,-3.686951170381E-17,-0.833954480829
    ));
#3913 = PCURVE('',#1407,#3914);
#3914 = DEFINITIONAL_REPRESENTATION('',(#3915),#3919);
#3915 = LINE('',#3916,#3917);
#3916 = CARTESIAN_POINT('',(-6.35,43.179999427795));
#3917 = VECTOR('',#3918,1.);
#3918 = DIRECTION('',(-1.,0.));
#3919 = ( GEOMETRIC_REPRESENTATION_CONTEXT(2) 
PARAMETRIC_REPRESENTATION_CONTEXT() REPRESENTATION_CONTEXT('2D SPACE',''
  ) );
#3920 = PCURVE('',#3397,#3921);
#3921 = DEFINITIONAL_REPRESENTATION('',(#3922),#3926);
#3922 = LINE('',#3923,#3924);
#3923 = CARTESIAN_POINT('',(5.497787143782,0.));
#3924 = VECTOR('',#3925,1.);
#3925 = DIRECTION('',(0.,-1.));
#3926 = ( GEOMETRIC_REPRESENTATION_CONTEXT(2) 
PARAMETRIC_REPRESENTATION_CONTEXT() REPRESENTATION_CONTEXT('2D SPACE',''
  ) );
#3927 = ORIENTED_EDGE('',*,*,#3928,.F.);
#3928 = EDGE_CURVE('',#1707,#3906,#3929,.T.);
#3929 = SURFACE_CURVE('',#3930,(#3934,#3941),.PCURVE_S1.);
#3930 = LINE('',#3931,#3932);
#3931 = CARTESIAN_POINT('',(-82.93830536802,12.7,-47.26650508214));
#3932 = VECTOR('',#3933,1.);
#3933 = DIRECTION('',(-0.833954480829,1.225315935864E-16,-0.551833239217
    ));
#3934 = PCURVE('',#1407,#3935);
#3935 = DEFINITIONAL_REPRESENTATION('',(#3936),#3940);
#3936 = LINE('',#3937,#3938);
#3937 = CARTESIAN_POINT('',(6.35,-95.25));
#3938 = VECTOR('',#3939,1.);
#3939 = DIRECTION('',(0.,-1.));
#3940 = ( GEOMETRIC_REPRESENTATION_CONTEXT(2) 
PARAMETRIC_REPRESENTATION_CONTEXT() REPRESENTATION_CONTEXT('2D SPACE',''
  ) );
#3941 = PCURVE('',#1750,#3942);
#3942 = DEFINITIONAL_REPRESENTATION('',(#3943),#3947);
#3943 = LINE('',#3944,#3945);
#3944 = CARTESIAN_POINT('',(-0.785398163397,0.));
#3945 = VECTOR('',#3946,1.);
#3946 = DIRECTION('',(0.,-1.));
#3947 = ( GEOMETRIC_REPRESENTATION_CONTEXT(2) 
PARAMETRIC_REPRESENTATION_CONTEXT() REPRESENTATION_CONTEXT('2D SPACE',''
  ) );
#3948 = ORIENTED_EDGE('',*,*,#1706,.T.);
#3949 = ORIENTED_EDGE('',*,*,#1391,.F.);
#3950 = ADVANCED_FACE('',(#3951),#1750,.T.);
#3951 = FACE_BOUND('',#3952,.T.);
#3952 = EDGE_LOOP('',(#3953,#3997,#3998,#3999));
#3953 = ORIENTED_EDGE('',*,*,#3954,.F.);
#3954 = EDGE_CURVE('',#1874,#3906,#3955,.T.);
#3955 = SURFACE_CURVE('',#3956,(#3961,#3968),.PCURVE_S1.);
#3956 = CIRCLE('',#3957,6.35);
#3957 = AXIS2_PLACEMENT_3D('',#3958,#3959,#3960);
#3958 = CARTESIAN_POINT('',(32.506012935993,6.35,29.12376990689));
#3959 = DIRECTION('',(-0.833954480829,1.387778780781E-16,-0.551833239217
    ));
#3960 = DIRECTION('',(-0.390205025534,0.707106781187,0.589694868595));
#3961 = PCURVE('',#1750,#3962);
#3962 = DEFINITIONAL_REPRESENTATION('',(#3963),#3967);
#3963 = LINE('',#3964,#3965);
#3964 = CARTESIAN_POINT('',(6.28318530718,138.42999942779));
#3965 = VECTOR('',#3966,1.);
#3966 = DIRECTION('',(-1.,0.));
#3967 = ( GEOMETRIC_REPRESENTATION_CONTEXT(2) 
PARAMETRIC_REPRESENTATION_CONTEXT() REPRESENTATION_CONTEXT('2D SPACE',''
  ) );
#3968 = PCURVE('',#3479,#3969);
#3969 = DEFINITIONAL_REPRESENTATION('',(#3970),#3996);
#3970 = B_SPLINE_CURVE_WITH_KNOTS('',3,(#3971,#3972,#3973,#3974,#3975,
    #3976,#3977,#3978,#3979,#3980,#3981,#3982,#3983,#3984,#3985,#3986,
    #3987,#3988,#3989,#3990,#3991,#3992,#3993,#3994,#3995),
  .UNSPECIFIED.,.F.,.F.,(4,1,1,1,1,1,1,1,1,1,1,1,1,1,1,1,1,1,1,1,1,1,4),
  (5.497787143782,5.569186976818,5.640586809854,5.711986642891,
    5.783386475927,5.854786308963,5.926186141999,5.997585975035,
    6.068985808071,6.140385641107,6.211785474143,6.28318530718,
    6.354585140216,6.425984973252,6.497384806288,6.568784639324,
    6.64018447236,6.711584305396,6.782984138433,6.854383971469,
    6.925783804505,6.997183637541,7.068583470577),
  .QUASI_UNIFORM_KNOTS.);
#3971 = CARTESIAN_POINT('',(-5.082127736203E-16,3.14159265359));
#3972 = CARTESIAN_POINT('',(-5.082127736203E-16,3.115159605062));
#3973 = CARTESIAN_POINT('',(-5.082127736203E-16,3.063067440961));
#3974 = CARTESIAN_POINT('',(-5.082127736203E-16,2.986986199037));
#3975 = CARTESIAN_POINT('',(-5.082127736203E-16,2.912688495409));
#3976 = CARTESIAN_POINT('',(-5.082127736203E-16,2.839931213656));
#3977 = CARTESIAN_POINT('',(-5.082127736203E-16,2.768486547351));
#3978 = CARTESIAN_POINT('',(-5.082127736203E-16,2.698142049645));
#3979 = CARTESIAN_POINT('',(-5.082127736203E-16,2.628697122557));
#3980 = CARTESIAN_POINT('',(-5.082127736203E-16,2.559960843422));
#3981 = CARTESIAN_POINT('',(-5.082127736203E-16,2.491749732825));
#3982 = CARTESIAN_POINT('',(-5.082127736203E-16,2.423885766815));
#3983 = CARTESIAN_POINT('',(-5.082127736203E-16,2.356194490192));
#3984 = CARTESIAN_POINT('',(-5.082127736203E-16,2.28850321357));
#3985 = CARTESIAN_POINT('',(-5.082127736203E-16,2.22063924756));
#3986 = CARTESIAN_POINT('',(-5.082127736203E-16,2.152428136962));
#3987 = CARTESIAN_POINT('',(-5.082127736203E-16,2.083691857827));
#3988 = CARTESIAN_POINT('',(-5.082127736203E-16,2.014246930739));
#3989 = CARTESIAN_POINT('',(-5.082127736203E-16,1.943902433034));
#3990 = CARTESIAN_POINT('',(-5.082127736203E-16,1.872457766729));
#3991 = CARTESIAN_POINT('',(-5.082127736203E-16,1.799700484976));
#3992 = CARTESIAN_POINT('',(-5.082127736203E-16,1.725402781348));
#3993 = CARTESIAN_POINT('',(-5.082127736203E-16,1.649321539424));
#3994 = CARTESIAN_POINT('',(-5.082127736203E-16,1.597229375323));
#3995 = CARTESIAN_POINT('',(-5.082127736203E-16,1.570796326795));
#3996 = ( GEOMETRIC_REPRESENTATION_CONTEXT(2) 
PARAMETRIC_REPRESENTATION_CONTEXT() REPRESENTATION_CONTEXT('2D SPACE',''
  ) );
#3997 = ORIENTED_EDGE('',*,*,#1873,.T.);
#3998 = ORIENTED_EDGE('',*,*,#1729,.T.);
#3999 = ORIENTED_EDGE('',*,*,#3928,.T.);
#4000 = ADVANCED_FACE('',(#4001),#1807,.F.);
#4001 = FACE_BOUND('',#4002,.F.);
#4002 = EDGE_LOOP('',(#4003,#4024,#4025,#4026,#4027,#4028,#4052,#4174,
    #4196,#4197));
#4003 = ORIENTED_EDGE('',*,*,#4004,.T.);
#4004 = EDGE_CURVE('',#1787,#3414,#4005,.T.);
#4005 = SEAM_CURVE('',#4006,(#4010,#4017),.PCURVE_S1.);
#4006 = LINE('',#4007,#4008);
#4007 = CARTESIAN_POINT('',(157.11625806348,6.35,107.77203754744));
#4008 = VECTOR('',#4009,1.);
#4009 = DIRECTION('',(-0.833954480829,1.225315935864E-16,-0.551833239217
    ));
#4010 = PCURVE('',#1807,#4011);
#4011 = DEFINITIONAL_REPRESENTATION('',(#4012),#4016);
#4012 = LINE('',#4013,#4014);
#4013 = CARTESIAN_POINT('',(9.424777960769,0.));
#4014 = VECTOR('',#4015,1.);
#4015 = DIRECTION('',(0.,1.));
#4016 = ( GEOMETRIC_REPRESENTATION_CONTEXT(2) 
PARAMETRIC_REPRESENTATION_CONTEXT() REPRESENTATION_CONTEXT('2D SPACE',''
  ) );
#4017 = PCURVE('',#1807,#4018);
#4018 = DEFINITIONAL_REPRESENTATION('',(#4019),#4023);
#4019 = LINE('',#4020,#4021);
#4020 = CARTESIAN_POINT('',(3.14159265359,0.));
#4021 = VECTOR('',#4022,1.);
#4022 = DIRECTION('',(0.,1.));
#4023 = ( GEOMETRIC_REPRESENTATION_CONTEXT(2) 
PARAMETRIC_REPRESENTATION_CONTEXT() REPRESENTATION_CONTEXT('2D SPACE',''
  ) );
#4024 = ORIENTED_EDGE('',*,*,#3413,.T.);
#4025 = ORIENTED_EDGE('',*,*,#2029,.F.);
#4026 = ORIENTED_EDGE('',*,*,#2121,.F.);
#4027 = ORIENTED_EDGE('',*,*,#3570,.T.);
#4028 = ORIENTED_EDGE('',*,*,#4029,.T.);
#4029 = EDGE_CURVE('',#3548,#4030,#4032,.T.);
#4030 = VERTEX_POINT('',#4031);
#4031 = CARTESIAN_POINT('',(33.379464411869,7.62,18.598092293963));
#4032 = SURFACE_CURVE('',#4033,(#4038,#4045),.PCURVE_S1.);
#4033 = CIRCLE('',#4034,3.175);
#4034 = AXIS2_PLACEMENT_3D('',#4035,#4036,#4037);
#4035 = CARTESIAN_POINT('',(31.773665242407,6.35,21.024846098401));
#4036 = DIRECTION('',(0.833954480829,-1.225315935864E-16,0.551833239217)
  );
#4037 = DIRECTION('',(0.551833239217,-3.686951170381E-17,-0.833954480829
    ));
#4038 = PCURVE('',#1807,#4039);
#4039 = DEFINITIONAL_REPRESENTATION('',(#4040),#4044);
#4040 = LINE('',#4041,#4042);
#4041 = CARTESIAN_POINT('',(6.28318530718,152.4000005722));
#4042 = VECTOR('',#4043,1.);
#4043 = DIRECTION('',(-1.,0.));
#4044 = ( GEOMETRIC_REPRESENTATION_CONTEXT(2) 
PARAMETRIC_REPRESENTATION_CONTEXT() REPRESENTATION_CONTEXT('2D SPACE',''
  ) );
#4045 = PCURVE('',#3303,#4046);
#4046 = DEFINITIONAL_REPRESENTATION('',(#4047),#4051);
#4047 = CIRCLE('',#4048,3.175);
#4048 = AXIS2_PLACEMENT_2D('',#4049,#4050);
#4049 = CARTESIAN_POINT('',(12.7,6.35));
#4050 = DIRECTION('',(-1.,0.));
#4051 = ( GEOMETRIC_REPRESENTATION_CONTEXT(2) 
PARAMETRIC_REPRESENTATION_CONTEXT() REPRESENTATION_CONTEXT('2D SPACE',''
  ) );
#4052 = ORIENTED_EDGE('',*,*,#4053,.T.);
#4053 = EDGE_CURVE('',#4030,#4054,#4056,.T.);
#4054 = VERTEX_POINT('',#4055);
#4055 = CARTESIAN_POINT('',(30.167866072945,7.62,23.45159990284));
#4056 = SURFACE_CURVE('',#4057,(#4072,#4123),.PCURVE_S1.);
#4057 = B_SPLINE_CURVE_WITH_KNOTS('',3,(#4058,#4059,#4060,#4061,#4062,
    #4063,#4064,#4065,#4066,#4067,#4068,#4069,#4070,#4071),
  .UNSPECIFIED.,.F.,.F.,(4,2,2,2,2,2,4),(0.67348395687,0.785365433834,
    0.90754912217,1.029732810507,1.151916498844,1.27410018718,
    1.385981664144),.UNSPECIFIED.);
#4058 = CARTESIAN_POINT('',(33.379464411869,7.62,18.598092293963));
#4059 = CARTESIAN_POINT('',(33.292726291126,7.980148660589,
    18.729174728496));
#4060 = CARTESIAN_POINT('',(33.20033747105,8.309974446209,
    18.941131531155));
#4061 = CARTESIAN_POINT('',(32.989509325076,8.861755156757,
    19.450865233277));
#4062 = CARTESIAN_POINT('',(32.854682840136,9.11038459382,
    19.790520502748));
#4063 = CARTESIAN_POINT('',(32.515312932615,9.442084593627,
    20.510690373403));
#4064 = CARTESIAN_POINT('',(32.307573879415,9.525,20.889766269579));
#4065 = CARTESIAN_POINT('',(31.858073742653,9.525,21.56907049873));
#4066 = CARTESIAN_POINT('',(31.590387096784,9.442084593627,
    21.908478673218));
#4067 = CARTESIAN_POINT('',(31.060217381613,9.11038459382,
    22.502395039253));
#4068 = CARTESIAN_POINT('',(30.800307871573,8.861755156757,
    22.759282037196));
#4069 = CARTESIAN_POINT('',(30.413570499636,8.309974446209,
    23.152615431864));
#4070 = CARTESIAN_POINT('',(30.254604193688,7.980148660589,
    23.320517468307));
#4071 = CARTESIAN_POINT('',(30.167866072945,7.62,23.45159990284));
#4072 = PCURVE('',#1807,#4073);
#4073 = DEFINITIONAL_REPRESENTATION('',(#4074),#4122);
#4074 = B_SPLINE_CURVE_WITH_KNOTS('',3,(#4075,#4076,#4077,#4078,#4079,
    #4080,#4081,#4082,#4083,#4084,#4085,#4086,#4087,#4088,#4089,#4090,
    #4091,#4092,#4093,#4094,#4095,#4096,#4097,#4098,#4099,#4100,#4101,
    #4102,#4103,#4104,#4105,#4106,#4107,#4108,#4109,#4110,#4111,#4112,
    #4113,#4114,#4115,#4116,#4117,#4118,#4119,#4120,#4121),
  .UNSPECIFIED.,.F.,.F.,(4,1,1,1,1,1,1,1,1,1,1,1,1,1,1,1,1,1,1,1,1,1,1,1
    ,1,1,1,1,1,1,1,1,1,1,1,1,1,1,1,1,1,1,1,1,4),(0.67348395687,
    0.68967708658,0.705870216291,0.722063346002,0.738256475713,
    0.754449605424,0.770642735134,0.786835864845,0.803028994556,
    0.819222124267,0.835415253978,0.851608383688,0.867801513399,
    0.88399464311,0.900187772821,0.916380902531,0.932574032242,
    0.948767161953,0.964960291664,0.981153421375,0.997346551085,
    1.013539680796,1.029732810507,1.045925940218,1.062119069929,
    1.078312199639,1.09450532935,1.110698459061,1.126891588772,
    1.143084718483,1.159277848193,1.175470977904,1.191664107615,
    1.207857237326,1.224050367036,1.240243496747,1.256436626458,
    1.272629756169,1.28882288588,1.30501601559,1.321209145301,
    1.337402275012,1.353595404723,1.369788534434,1.385981664144),
  .QUASI_UNIFORM_KNOTS.);
#4075 = CARTESIAN_POINT('',(5.871668461112,152.4000005722));
#4076 = CARTESIAN_POINT('',(5.853757089108,152.4000005722));
#4077 = CARTESIAN_POINT('',(5.817921938685,152.39832824262));
#4078 = CARTESIAN_POINT('',(5.764265875441,152.39133768263));
#4079 = CARTESIAN_POINT('',(5.710836183005,152.38040114182));
#4080 = CARTESIAN_POINT('',(5.657777176069,152.36605063919));
#4081 = CARTESIAN_POINT('',(5.605276537172,152.34883329527));
#4082 = CARTESIAN_POINT('',(5.553395637222,152.32923989021));
#4083 = CARTESIAN_POINT('',(5.502683450822,152.30797146422));
#4084 = CARTESIAN_POINT('',(5.451811151705,152.28492500307));
#4085 = CARTESIAN_POINT('',(5.400075572939,152.26027830167));
#4086 = CARTESIAN_POINT('',(5.347810463296,152.23465199813));
#4087 = CARTESIAN_POINT('',(5.295074365623,152.20854810638));
#4088 = CARTESIAN_POINT('',(5.241996629907,152.18250029383));
#4089 = CARTESIAN_POINT('',(5.188678775827,152.15703423812));
#4090 = CARTESIAN_POINT('',(5.135215409216,152.13267592248));
#4091 = CARTESIAN_POINT('',(5.081681727536,152.10995809766));
#4092 = CARTESIAN_POINT('',(5.028125485815,152.08965920889));
#4093 = CARTESIAN_POINT('',(4.974638961135,152.07189941762));
#4094 = CARTESIAN_POINT('',(4.921328726837,152.05690661206));
#4095 = CARTESIAN_POINT('',(4.868307486717,152.04487981505));
#4096 = CARTESIAN_POINT('',(4.8157184243,152.03602578408));
#4097 = CARTESIAN_POINT('',(4.763616302849,152.03054920342));
#4098 = CARTESIAN_POINT('',(4.712388980385,152.02865531555));
#4099 = CARTESIAN_POINT('',(4.66116165792,152.03054920342));
#4100 = CARTESIAN_POINT('',(4.609059536469,152.03602578408));
#4101 = CARTESIAN_POINT('',(4.556470474052,152.04487981505));
#4102 = CARTESIAN_POINT('',(4.503449233932,152.05690661206));
#4103 = CARTESIAN_POINT('',(4.450138999634,152.07189941762));
#4104 = CARTESIAN_POINT('',(4.396652474954,152.08965920889));
#4105 = CARTESIAN_POINT('',(4.343096233234,152.10995809766));
#4106 = CARTESIAN_POINT('',(4.289562551554,152.13267592248));
#4107 = CARTESIAN_POINT('',(4.236099184942,152.15703423812));
#4108 = CARTESIAN_POINT('',(4.182781330863,152.18250029383));
#4109 = CARTESIAN_POINT('',(4.129703595146,152.20854810638));
#4110 = CARTESIAN_POINT('',(4.076967497474,152.23465199813));
#4111 = CARTESIAN_POINT('',(4.024702387831,152.26027830167));
#4112 = CARTESIAN_POINT('',(3.972966809065,152.28492500307));
#4113 = CARTESIAN_POINT('',(3.922094509948,152.30797146422));
#4114 = CARTESIAN_POINT('',(3.871382323548,152.32923989021));
#4115 = CARTESIAN_POINT('',(3.819501423597,152.34883329527));
#4116 = CARTESIAN_POINT('',(3.7670007847,152.36605063919));
#4117 = CARTESIAN_POINT('',(3.713941777764,152.38040114182));
#4118 = CARTESIAN_POINT('',(3.660512085329,152.39133768263));
#4119 = CARTESIAN_POINT('',(3.606856022084,152.39832824262));
#4120 = CARTESIAN_POINT('',(3.571020871661,152.4000005722));
#4121 = CARTESIAN_POINT('',(3.553109499657,152.4000005722));
#4122 = ( GEOMETRIC_REPRESENTATION_CONTEXT(2) 
PARAMETRIC_REPRESENTATION_CONTEXT() REPRESENTATION_CONTEXT('2D SPACE',''
  ) );
#4123 = PCURVE('',#3397,#4124);
#4124 = DEFINITIONAL_REPRESENTATION('',(#4125),#4173);
#4125 = B_SPLINE_CURVE_WITH_KNOTS('',3,(#4126,#4127,#4128,#4129,#4130,
    #4131,#4132,#4133,#4134,#4135,#4136,#4137,#4138,#4139,#4140,#4141,
    #4142,#4143,#4144,#4145,#4146,#4147,#4148,#4149,#4150,#4151,#4152,
    #4153,#4154,#4155,#4156,#4157,#4158,#4159,#4160,#4161,#4162,#4163,
    #4164,#4165,#4166,#4167,#4168,#4169,#4170,#4171,#4172),
  .UNSPECIFIED.,.F.,.F.,(4,1,1,1,1,1,1,1,1,1,1,1,1,1,1,1,1,1,1,1,1,1,1,1
    ,1,1,1,1,1,1,1,1,1,1,1,1,1,1,1,1,1,1,1,1,4),(0.67348395687,
    0.68967708658,0.705870216291,0.722063346002,0.738256475713,
    0.754449605424,0.770642735134,0.786835864845,0.803028994556,
    0.819222124267,0.835415253978,0.851608383688,0.867801513399,
    0.88399464311,0.900187772821,0.916380902531,0.932574032242,
    0.948767161953,0.964960291664,0.981153421375,0.997346551085,
    1.013539680796,1.029732810507,1.045925940218,1.062119069929,
    1.078312199639,1.09450532935,1.110698459061,1.126891588772,
    1.143084718483,1.159277848193,1.175470977904,1.191664107615,
    1.207857237326,1.224050367036,1.240243496747,1.256436626458,
    1.272629756169,1.28882288588,1.30501601559,1.321209145301,
    1.337402275012,1.353595404723,1.369788534434,1.385981664144),
  .QUASI_UNIFORM_KNOTS.);
#4126 = CARTESIAN_POINT('',(7.068583470577,3.440064433703));
#4127 = CARTESIAN_POINT('',(7.058323063092,3.462814085617));
#4128 = CARTESIAN_POINT('',(7.038049990407,3.511269582174));
#4129 = CARTESIAN_POINT('',(7.008490903259,3.59210421291));
#4130 = CARTESIAN_POINT('',(6.979888244447,3.680367075293));
#4131 = CARTESIAN_POINT('',(6.952352780401,3.77535588195));
#4132 = CARTESIAN_POINT('',(6.926015940646,3.876290839945));
#4133 = CARTESIAN_POINT('',(6.900953799932,3.982681311712));
#4134 = CARTESIAN_POINT('',(6.877469625874,4.092957543774));
#4135 = CARTESIAN_POINT('',(6.855014464543,4.20967624858));
#4136 = CARTESIAN_POINT('',(6.833341925224,4.334090366407));
#4137 = CARTESIAN_POINT('',(6.812680986763,4.465177869596));
#4138 = CARTESIAN_POINT('',(6.793137950877,4.602526470929));
#4139 = CARTESIAN_POINT('',(6.77485548937,4.745559889359));
#4140 = CARTESIAN_POINT('',(6.757970571929,4.893748078712));
#4141 = CARTESIAN_POINT('',(6.742620518195,5.046540047156));
#4142 = CARTESIAN_POINT('',(6.728958502266,5.203422350616));
#4143 = CARTESIAN_POINT('',(6.717086315051,5.363756417191));
#4144 = CARTESIAN_POINT('',(6.70699989631,5.526663514824));
#4145 = CARTESIAN_POINT('',(6.698716207084,5.69130670603));
#4146 = CARTESIAN_POINT('',(6.692247309566,5.856856897436));
#4147 = CARTESIAN_POINT('',(6.687607511593,6.022411824655));
#4148 = CARTESIAN_POINT('',(6.684811438662,6.187354063238));
#4149 = CARTESIAN_POINT('',(6.683874324791,6.35));
#4150 = CARTESIAN_POINT('',(6.684811438662,6.512645936762));
#4151 = CARTESIAN_POINT('',(6.687607511593,6.677588175345));
#4152 = CARTESIAN_POINT('',(6.692247309566,6.843143102564));
#4153 = CARTESIAN_POINT('',(6.698716207084,7.00869329397));
#4154 = CARTESIAN_POINT('',(6.70699989631,7.173336485176));
#4155 = CARTESIAN_POINT('',(6.717086315051,7.336243582809));
#4156 = CARTESIAN_POINT('',(6.728958502266,7.496577649384));
#4157 = CARTESIAN_POINT('',(6.742620518195,7.653459952844));
#4158 = CARTESIAN_POINT('',(6.757970571929,7.806251921288));
#4159 = CARTESIAN_POINT('',(6.77485548937,7.954440110641));
#4160 = CARTESIAN_POINT('',(6.793137950877,8.097473529071));
#4161 = CARTESIAN_POINT('',(6.812680986763,8.234822130404));
#4162 = CARTESIAN_POINT('',(6.833341925224,8.365909633593));
#4163 = CARTESIAN_POINT('',(6.855014464543,8.49032375142));
#4164 = CARTESIAN_POINT('',(6.877469625874,8.607042456226));
#4165 = CARTESIAN_POINT('',(6.900953799932,8.717318688288));
#4166 = CARTESIAN_POINT('',(6.926015940646,8.823709160055));
#4167 = CARTESIAN_POINT('',(6.952352780401,8.92464411805));
#4168 = CARTESIAN_POINT('',(6.979888244447,9.019632924707));
#4169 = CARTESIAN_POINT('',(7.008490903259,9.10789578709));
#4170 = CARTESIAN_POINT('',(7.038049990407,9.188730417826));
#4171 = CARTESIAN_POINT('',(7.058323063092,9.237185914383));
#4172 = CARTESIAN_POINT('',(7.068583470577,9.259935566297));
#4173 = ( GEOMETRIC_REPRESENTATION_CONTEXT(2) 
PARAMETRIC_REPRESENTATION_CONTEXT() REPRESENTATION_CONTEXT('2D SPACE',''
  ) );
#4174 = ORIENTED_EDGE('',*,*,#4175,.T.);
#4175 = EDGE_CURVE('',#4054,#3414,#4176,.T.);
#4176 = SURFACE_CURVE('',#4177,(#4182,#4189),.PCURVE_S1.);
#4177 = CIRCLE('',#4178,3.175);
#4178 = AXIS2_PLACEMENT_3D('',#4179,#4180,#4181);
#4179 = CARTESIAN_POINT('',(31.773665242407,6.35,21.024846098401));
#4180 = DIRECTION('',(0.833954480829,-1.225315935864E-16,0.551833239217)
  );
#4181 = DIRECTION('',(0.551833239217,-3.686951170381E-17,-0.833954480829
    ));
#4182 = PCURVE('',#1807,#4183);
#4183 = DEFINITIONAL_REPRESENTATION('',(#4184),#4188);
#4184 = LINE('',#4185,#4186);
#4185 = CARTESIAN_POINT('',(6.28318530718,152.4000005722));
#4186 = VECTOR('',#4187,1.);
#4187 = DIRECTION('',(-1.,0.));
#4188 = ( GEOMETRIC_REPRESENTATION_CONTEXT(2) 
PARAMETRIC_REPRESENTATION_CONTEXT() REPRESENTATION_CONTEXT('2D SPACE',''
  ) );
#4189 = PCURVE('',#3452,#4190);
#4190 = DEFINITIONAL_REPRESENTATION('',(#4191),#4195);
#4191 = CIRCLE('',#4192,3.175);
#4192 = AXIS2_PLACEMENT_2D('',#4193,#4194);
#4193 = CARTESIAN_POINT('',(12.7,6.35));
#4194 = DIRECTION('',(-1.,0.));
#4195 = ( GEOMETRIC_REPRESENTATION_CONTEXT(2) 
PARAMETRIC_REPRESENTATION_CONTEXT() REPRESENTATION_CONTEXT('2D SPACE',''
  ) );
#4196 = ORIENTED_EDGE('',*,*,#4004,.F.);
#4197 = ORIENTED_EDGE('',*,*,#1786,.T.);
#4198 = ADVANCED_FACE('',(#4199),#1838,.T.);
#4199 = FACE_BOUND('',#4200,.T.);
#4200 = EDGE_LOOP('',(#4201,#4202,#4203,#4204));
#4201 = ORIENTED_EDGE('',*,*,#2845,.F.);
#4202 = ORIENTED_EDGE('',*,*,#3881,.T.);
#4203 = ORIENTED_EDGE('',*,*,#1952,.T.);
#4204 = ORIENTED_EDGE('',*,*,#1822,.T.);
#4205 = ADVANCED_FACE('',(#4206),#1933,.F.);
#4206 = FACE_BOUND('',#4207,.F.);
#4207 = EDGE_LOOP('',(#4208,#4209,#4210,#4256,#4284,#4312,#4341,#4364,
    #4392,#4448));
#4208 = ORIENTED_EDGE('',*,*,#1919,.F.);
#4209 = ORIENTED_EDGE('',*,*,#2190,.F.);
#4210 = ORIENTED_EDGE('',*,*,#4211,.F.);
#4211 = EDGE_CURVE('',#4212,#2191,#4214,.T.);
#4212 = VERTEX_POINT('',#4213);
#4213 = CARTESIAN_POINT('',(-7.62,6.35,38.099999427795));
#4214 = SURFACE_CURVE('',#4215,(#4220,#4227),.PCURVE_S1.);
#4215 = CIRCLE('',#4216,5.08);
#4216 = AXIS2_PLACEMENT_3D('',#4217,#4218,#4219);
#4217 = CARTESIAN_POINT('',(-7.62,6.35,43.179999427795));
#4218 = DIRECTION('',(-1.224646799147E-16,1.,-2.540718180781E-33));
#4219 = DIRECTION('',(-1.,-1.224646799147E-16,-2.22044604925E-16));
#4220 = PCURVE('',#1933,#4221);
#4221 = DEFINITIONAL_REPRESENTATION('',(#4222),#4226);
#4222 = CIRCLE('',#4223,5.08);
#4223 = AXIS2_PLACEMENT_2D('',#4224,#4225);
#4224 = CARTESIAN_POINT('',(7.62,43.179999427795));
#4225 = DIRECTION('',(1.,0.));
#4226 = ( GEOMETRIC_REPRESENTATION_CONTEXT(2) 
PARAMETRIC_REPRESENTATION_CONTEXT() REPRESENTATION_CONTEXT('2D SPACE',''
  ) );
#4227 = PCURVE('',#2230,#4228);
#4228 = DEFINITIONAL_REPRESENTATION('',(#4229),#4255);
#4229 = B_SPLINE_CURVE_WITH_KNOTS('',3,(#4230,#4231,#4232,#4233,#4234,
    #4235,#4236,#4237,#4238,#4239,#4240,#4241,#4242,#4243,#4244,#4245,
    #4246,#4247,#4248,#4249,#4250,#4251,#4252,#4253,#4254),
  .UNSPECIFIED.,.F.,.F.,(4,1,1,1,1,1,1,1,1,1,1,1,1,1,1,1,1,1,1,1,1,1,4),
  (4.712388980385,4.783788813421,4.855188646457,4.926588479493,
    4.997988312529,5.069388145565,5.140787978601,5.212187811638,
    5.283587644674,5.35498747771,5.426387310746,5.497787143782,
    5.569186976818,5.640586809854,5.711986642891,5.783386475927,
    5.854786308963,5.926186141999,5.997585975035,6.068985808071,
    6.140385641107,6.211785474143,6.28318530718),.QUASI_UNIFORM_KNOTS.);
#4230 = CARTESIAN_POINT('',(-1.570796326795,-3.14159265359));
#4231 = CARTESIAN_POINT('',(-1.544363278267,-3.14159265359));
#4232 = CARTESIAN_POINT('',(-1.492271114166,-3.14159265359));
#4233 = CARTESIAN_POINT('',(-1.416189872242,-3.14159265359));
#4234 = CARTESIAN_POINT('',(-1.341892168614,-3.14159265359));
#4235 = CARTESIAN_POINT('',(-1.269134886861,-3.14159265359));
#4236 = CARTESIAN_POINT('',(-1.197690220556,-3.14159265359));
#4237 = CARTESIAN_POINT('',(-1.12734572285,-3.14159265359));
#4238 = CARTESIAN_POINT('',(-1.057900795762,-3.14159265359));
#4239 = CARTESIAN_POINT('',(-0.989164516627,-3.14159265359));
#4240 = CARTESIAN_POINT('',(-0.92095340603,-3.14159265359));
#4241 = CARTESIAN_POINT('',(-0.85308944002,-3.14159265359));
#4242 = CARTESIAN_POINT('',(-0.785398163397,-3.14159265359));
#4243 = CARTESIAN_POINT('',(-0.717706886775,-3.14159265359));
#4244 = CARTESIAN_POINT('',(-0.649842920765,-3.14159265359));
#4245 = CARTESIAN_POINT('',(-0.581631810168,-3.14159265359));
#4246 = CARTESIAN_POINT('',(-0.512895531033,-3.14159265359));
#4247 = CARTESIAN_POINT('',(-0.443450603945,-3.14159265359));
#4248 = CARTESIAN_POINT('',(-0.373106106239,-3.14159265359));
#4249 = CARTESIAN_POINT('',(-0.301661439934,-3.14159265359));
#4250 = CARTESIAN_POINT('',(-0.228904158181,-3.14159265359));
#4251 = CARTESIAN_POINT('',(-0.154606454553,-3.14159265359));
#4252 = CARTESIAN_POINT('',(-7.852521262872E-02,-3.14159265359));
#4253 = CARTESIAN_POINT('',(-2.643304852828E-02,-3.14159265359));
#4254 = CARTESIAN_POINT('',(1.789481336941E-15,-3.14159265359));
#4255 = ( GEOMETRIC_REPRESENTATION_CONTEXT(2) 
PARAMETRIC_REPRESENTATION_CONTEXT() REPRESENTATION_CONTEXT('2D SPACE',''
  ) );
#4256 = ORIENTED_EDGE('',*,*,#4257,.T.);
#4257 = EDGE_CURVE('',#4212,#4258,#4260,.T.);
#4258 = VERTEX_POINT('',#4259);
#4259 = CARTESIAN_POINT('',(-3.175,6.35,38.099999427795));
#4260 = SURFACE_CURVE('',#4261,(#4265,#4272),.PCURVE_S1.);
#4261 = LINE('',#4262,#4263);
#4262 = CARTESIAN_POINT('',(-2.100492489863E-14,6.35,38.099999427795));
#4263 = VECTOR('',#4264,1.);
#4264 = DIRECTION('',(1.,1.224646799147E-16,2.22044604925E-16));
#4265 = PCURVE('',#1933,#4266);
#4266 = DEFINITIONAL_REPRESENTATION('',(#4267),#4271);
#4267 = LINE('',#4268,#4269);
#4268 = CARTESIAN_POINT('',(5.99534287968E-29,38.099999427795));
#4269 = VECTOR('',#4270,1.);
#4270 = DIRECTION('',(-1.,-2.465190328816E-32));
#4271 = ( GEOMETRIC_REPRESENTATION_CONTEXT(2) 
PARAMETRIC_REPRESENTATION_CONTEXT() REPRESENTATION_CONTEXT('2D SPACE',''
  ) );
#4272 = PCURVE('',#4273,#4278);
#4273 = PLANE('',#4274);
#4274 = AXIS2_PLACEMENT_3D('',#4275,#4276,#4277);
#4275 = CARTESIAN_POINT('',(-12.7,1.998401444325E-14,38.099999427795));
#4276 = DIRECTION('',(-2.22044604925E-16,-2.465190328816E-32,1.));
#4277 = DIRECTION('',(1.,1.224646799147E-16,2.22044604925E-16));
#4278 = DEFINITIONAL_REPRESENTATION('',(#4279),#4283);
#4279 = LINE('',#4280,#4281);
#4280 = CARTESIAN_POINT('',(12.7,6.35));
#4281 = VECTOR('',#4282,1.);
#4282 = DIRECTION('',(1.,-5.641527646774E-49));
#4283 = ( GEOMETRIC_REPRESENTATION_CONTEXT(2) 
PARAMETRIC_REPRESENTATION_CONTEXT() REPRESENTATION_CONTEXT('2D SPACE',''
  ) );
#4284 = ORIENTED_EDGE('',*,*,#4285,.F.);
#4285 = EDGE_CURVE('',#4286,#4258,#4288,.T.);
#4286 = VERTEX_POINT('',#4287);
#4287 = CARTESIAN_POINT('',(-3.175,6.35,25.4));
#4288 = SURFACE_CURVE('',#4289,(#4293,#4300),.PCURVE_S1.);
#4289 = LINE('',#4290,#4291);
#4290 = CARTESIAN_POINT('',(-3.175,6.35,190.5));
#4291 = VECTOR('',#4292,1.);
#4292 = DIRECTION('',(-2.219101139469E-16,-4.438202278938E-16,1.));
#4293 = PCURVE('',#1933,#4294);
#4294 = DEFINITIONAL_REPRESENTATION('',(#4295),#4299);
#4295 = LINE('',#4296,#4297);
#4296 = CARTESIAN_POINT('',(3.175,190.5));
#4297 = VECTOR('',#4298,1.);
#4298 = DIRECTION('',(-1.34490978149E-19,1.));
#4299 = ( GEOMETRIC_REPRESENTATION_CONTEXT(2) 
PARAMETRIC_REPRESENTATION_CONTEXT() REPRESENTATION_CONTEXT('2D SPACE',''
  ) );
#4300 = PCURVE('',#4301,#4306);
#4301 = CYLINDRICAL_SURFACE('',#4302,3.175);
#4302 = AXIS2_PLACEMENT_3D('',#4303,#4304,#4305);
#4303 = CARTESIAN_POINT('',(-8.226752612472E-14,6.35,190.5));
#4304 = DIRECTION('',(2.219101139469E-16,4.438202278938E-16,-1.));
#4305 = DIRECTION('',(-1.,4.65414261379E-30,-2.219101139469E-16));
#4306 = DEFINITIONAL_REPRESENTATION('',(#4307),#4311);
#4307 = LINE('',#4308,#4309);
#4308 = CARTESIAN_POINT('',(6.28318530718,0.));
#4309 = VECTOR('',#4310,1.);
#4310 = DIRECTION('',(0.,-1.));
#4311 = ( GEOMETRIC_REPRESENTATION_CONTEXT(2) 
PARAMETRIC_REPRESENTATION_CONTEXT() REPRESENTATION_CONTEXT('2D SPACE',''
  ) );
#4312 = ORIENTED_EDGE('',*,*,#4313,.F.);
#4313 = EDGE_CURVE('',#4314,#4286,#4316,.T.);
#4314 = VERTEX_POINT('',#4315);
#4315 = CARTESIAN_POINT('',(3.175,6.35,25.4));
#4316 = SURFACE_CURVE('',#4317,(#4322,#4329),.PCURVE_S1.);
#4317 = CIRCLE('',#4318,3.175);
#4318 = AXIS2_PLACEMENT_3D('',#4319,#4320,#4321);
#4319 = CARTESIAN_POINT('',(-4.596422241992E-14,6.35,25.4));
#4320 = DIRECTION('',(-1.224646799147E-16,1.,-2.540718180781E-33));
#4321 = DIRECTION('',(-1.,-1.224646799147E-16,8.904085109465E-50));
#4322 = PCURVE('',#1933,#4323);
#4323 = DEFINITIONAL_REPRESENTATION('',(#4324),#4328);
#4324 = CIRCLE('',#4325,3.175);
#4325 = AXIS2_PLACEMENT_2D('',#4326,#4327);
#4326 = CARTESIAN_POINT('',(2.777926387678E-14,25.4));
#4327 = DIRECTION('',(1.,2.22044604925E-16));
#4328 = ( GEOMETRIC_REPRESENTATION_CONTEXT(2) 
PARAMETRIC_REPRESENTATION_CONTEXT() REPRESENTATION_CONTEXT('2D SPACE',''
  ) );
#4329 = PCURVE('',#4330,#4335);
#4330 = CYLINDRICAL_SURFACE('',#4331,3.175);
#4331 = AXIS2_PLACEMENT_3D('',#4332,#4333,#4334);
#4332 = CARTESIAN_POINT('',(-4.651933393224E-14,12.7,25.4));
#4333 = DIRECTION('',(8.741913579726E-17,-1.,0.));
#4334 = DIRECTION('',(-1.,-8.741913579726E-17,0.));
#4335 = DEFINITIONAL_REPRESENTATION('',(#4336),#4340);
#4336 = LINE('',#4337,#4338);
#4337 = CARTESIAN_POINT('',(12.566370614359,6.35));
#4338 = VECTOR('',#4339,1.);
#4339 = DIRECTION('',(-1.,0.));
#4340 = ( GEOMETRIC_REPRESENTATION_CONTEXT(2) 
PARAMETRIC_REPRESENTATION_CONTEXT() REPRESENTATION_CONTEXT('2D SPACE',''
  ) );
#4341 = ORIENTED_EDGE('',*,*,#4342,.F.);
#4342 = EDGE_CURVE('',#4343,#4314,#4345,.T.);
#4343 = VERTEX_POINT('',#4344);
#4344 = CARTESIAN_POINT('',(3.175,6.35,38.099999427795));
#4345 = SURFACE_CURVE('',#4346,(#4350,#4357),.PCURVE_S1.);
#4346 = LINE('',#4347,#4348);
#4347 = CARTESIAN_POINT('',(3.175,6.35,190.5));
#4348 = VECTOR('',#4349,1.);
#4349 = DIRECTION('',(2.219101139469E-16,4.438202278938E-16,-1.));
#4350 = PCURVE('',#1933,#4351);
#4351 = DEFINITIONAL_REPRESENTATION('',(#4352),#4356);
#4352 = LINE('',#4353,#4354);
#4353 = CARTESIAN_POINT('',(-3.175,190.5));
#4354 = VECTOR('',#4355,1.);
#4355 = DIRECTION('',(1.34490978149E-19,-1.));
#4356 = ( GEOMETRIC_REPRESENTATION_CONTEXT(2) 
PARAMETRIC_REPRESENTATION_CONTEXT() REPRESENTATION_CONTEXT('2D SPACE',''
  ) );
#4357 = PCURVE('',#4301,#4358);
#4358 = DEFINITIONAL_REPRESENTATION('',(#4359),#4363);
#4359 = LINE('',#4360,#4361);
#4360 = CARTESIAN_POINT('',(9.424777960769,0.));
#4361 = VECTOR('',#4362,1.);
#4362 = DIRECTION('',(0.,1.));
#4363 = ( GEOMETRIC_REPRESENTATION_CONTEXT(2) 
PARAMETRIC_REPRESENTATION_CONTEXT() REPRESENTATION_CONTEXT('2D SPACE',''
  ) );
#4364 = ORIENTED_EDGE('',*,*,#4365,.T.);
#4365 = EDGE_CURVE('',#4343,#4366,#4368,.T.);
#4366 = VERTEX_POINT('',#4367);
#4367 = CARTESIAN_POINT('',(7.62,6.35,38.099999427795));
#4368 = SURFACE_CURVE('',#4369,(#4373,#4380),.PCURVE_S1.);
#4369 = LINE('',#4370,#4371);
#4370 = CARTESIAN_POINT('',(-2.100492489863E-14,6.35,38.099999427795));
#4371 = VECTOR('',#4372,1.);
#4372 = DIRECTION('',(1.,1.224646799147E-16,2.22044604925E-16));
#4373 = PCURVE('',#1933,#4374);
#4374 = DEFINITIONAL_REPRESENTATION('',(#4375),#4379);
#4375 = LINE('',#4376,#4377);
#4376 = CARTESIAN_POINT('',(5.99534287968E-29,38.099999427795));
#4377 = VECTOR('',#4378,1.);
#4378 = DIRECTION('',(-1.,-2.465190328816E-32));
#4379 = ( GEOMETRIC_REPRESENTATION_CONTEXT(2) 
PARAMETRIC_REPRESENTATION_CONTEXT() REPRESENTATION_CONTEXT('2D SPACE',''
  ) );
#4380 = PCURVE('',#4381,#4386);
#4381 = PLANE('',#4382);
#4382 = AXIS2_PLACEMENT_3D('',#4383,#4384,#4385);
#4383 = CARTESIAN_POINT('',(-12.7,1.998401444325E-14,38.099999427795));
#4384 = DIRECTION('',(-2.22044604925E-16,-2.465190328816E-32,1.));
#4385 = DIRECTION('',(1.,1.224646799147E-16,2.22044604925E-16));
#4386 = DEFINITIONAL_REPRESENTATION('',(#4387),#4391);
#4387 = LINE('',#4388,#4389);
#4388 = CARTESIAN_POINT('',(12.7,6.35));
#4389 = VECTOR('',#4390,1.);
#4390 = DIRECTION('',(1.,-5.641527646774E-49));
#4391 = ( GEOMETRIC_REPRESENTATION_CONTEXT(2) 
PARAMETRIC_REPRESENTATION_CONTEXT() REPRESENTATION_CONTEXT('2D SPACE',''
  ) );
#4392 = ORIENTED_EDGE('',*,*,#4393,.F.);
#4393 = EDGE_CURVE('',#4394,#4366,#4396,.T.);
#4394 = VERTEX_POINT('',#4395);
#4395 = CARTESIAN_POINT('',(12.7,6.35,43.179999427795));
#4396 = SURFACE_CURVE('',#4397,(#4402,#4409),.PCURVE_S1.);
#4397 = CIRCLE('',#4398,5.08);
#4398 = AXIS2_PLACEMENT_3D('',#4399,#4400,#4401);
#4399 = CARTESIAN_POINT('',(7.62,6.35,43.179999427795));
#4400 = DIRECTION('',(-1.224646799147E-16,1.,-2.540718180781E-33));
#4401 = DIRECTION('',(1.,1.224646799147E-16,2.22044604925E-16));
#4402 = PCURVE('',#1933,#4403);
#4403 = DEFINITIONAL_REPRESENTATION('',(#4404),#4408);
#4404 = CIRCLE('',#4405,5.08);
#4405 = AXIS2_PLACEMENT_2D('',#4406,#4407);
#4406 = CARTESIAN_POINT('',(-7.62,43.179999427795));
#4407 = DIRECTION('',(-1.,0.));
#4408 = ( GEOMETRIC_REPRESENTATION_CONTEXT(2) 
PARAMETRIC_REPRESENTATION_CONTEXT() REPRESENTATION_CONTEXT('2D SPACE',''
  ) );
#4409 = PCURVE('',#4410,#4420);
#4410 = ( BOUNDED_SURFACE() B_SPLINE_SURFACE(2,2,(
    (#4411,#4412,#4413)
    ,(#4414,#4415,#4416)
    ,(#4417,#4418,#4419
)),.UNSPECIFIED.,.F.,.F.,.F.) B_SPLINE_SURFACE_WITH_KNOTS((3,3),(3,3),(
    -1.570796326795,1.482163061311E-14),(-1.570796326795,
    -1.468641481394E-14),.PIECEWISE_BEZIER_KNOTS.) 
GEOMETRIC_REPRESENTATION_ITEM() RATIONAL_B_SPLINE_SURFACE((
    (1.,0.707106781187,1.)
    ,(0.707106781187,0.5,0.707106781187)
,(1.,0.707106781187,1.))) REPRESENTATION_ITEM('') SURFACE() );
#4411 = CARTESIAN_POINT('',(6.35,5.08,38.099999427795));
#4412 = CARTESIAN_POINT('',(7.62,5.08,38.099999427795));
#4413 = CARTESIAN_POINT('',(7.62,6.35,38.099999427795));
#4414 = CARTESIAN_POINT('',(6.35,1.110223024625E-15,38.099999427795));
#4415 = CARTESIAN_POINT('',(12.7,7.993605777301E-14,38.099999427795));
#4416 = CARTESIAN_POINT('',(12.7,6.35,38.099999427795));
#4417 = CARTESIAN_POINT('',(6.35,7.771561172376E-15,43.179999427795));
#4418 = CARTESIAN_POINT('',(12.7,8.659739592076E-14,43.179999427795));
#4419 = CARTESIAN_POINT('',(12.7,6.35,43.179999427796));
#4420 = DEFINITIONAL_REPRESENTATION('',(#4421),#4447);
#4421 = B_SPLINE_CURVE_WITH_KNOTS('',3,(#4422,#4423,#4424,#4425,#4426,
    #4427,#4428,#4429,#4430,#4431,#4432,#4433,#4434,#4435,#4436,#4437,
    #4438,#4439,#4440,#4441,#4442,#4443,#4444,#4445,#4446),
  .UNSPECIFIED.,.F.,.F.,(4,1,1,1,1,1,1,1,1,1,1,1,1,1,1,1,1,1,1,1,1,1,4),
  (0.,7.139983303613E-02,0.142799666072,0.214199499108,0.285599332145,
    0.356999165181,0.428398998217,0.499798831253,0.571198664289,
    0.642598497325,0.713998330361,0.785398163397,0.856797996434,
    0.92819782947,0.999597662506,1.070997495542,1.142397328578,
    1.213797161614,1.28519699465,1.356596827687,1.427996660723,
    1.499396493759,1.570796326795),.QUASI_UNIFORM_KNOTS.);
#4422 = CARTESIAN_POINT('',(1.482163061311E-14,-1.468641481394E-14));
#4423 = CARTESIAN_POINT('',(-2.643304852828E-02,-1.468641481394E-14));
#4424 = CARTESIAN_POINT('',(-7.852521262873E-02,-1.468641481394E-14));
#4425 = CARTESIAN_POINT('',(-0.154606454553,-1.468641481394E-14));
#4426 = CARTESIAN_POINT('',(-0.228904158181,-1.468641481394E-14));
#4427 = CARTESIAN_POINT('',(-0.301661439934,-1.468641481394E-14));
#4428 = CARTESIAN_POINT('',(-0.373106106239,-1.468641481394E-14));
#4429 = CARTESIAN_POINT('',(-0.443450603945,-1.468641481394E-14));
#4430 = CARTESIAN_POINT('',(-0.512895531033,-1.468641481394E-14));
#4431 = CARTESIAN_POINT('',(-0.581631810168,-1.468641481394E-14));
#4432 = CARTESIAN_POINT('',(-0.649842920765,-1.468641481394E-14));
#4433 = CARTESIAN_POINT('',(-0.717706886775,-1.468641481394E-14));
#4434 = CARTESIAN_POINT('',(-0.785398163397,-1.468641481394E-14));
#4435 = CARTESIAN_POINT('',(-0.85308944002,-1.468641481394E-14));
#4436 = CARTESIAN_POINT('',(-0.92095340603,-1.468641481394E-14));
#4437 = CARTESIAN_POINT('',(-0.989164516627,-1.468641481394E-14));
#4438 = CARTESIAN_POINT('',(-1.057900795762,-1.468641481394E-14));
#4439 = CARTESIAN_POINT('',(-1.12734572285,-1.468641481394E-14));
#4440 = CARTESIAN_POINT('',(-1.197690220556,-1.468641481394E-14));
#4441 = CARTESIAN_POINT('',(-1.269134886861,-1.468641481394E-14));
#4442 = CARTESIAN_POINT('',(-1.341892168614,-1.468641481394E-14));
#4443 = CARTESIAN_POINT('',(-1.416189872242,-1.468641481394E-14));
#4444 = CARTESIAN_POINT('',(-1.492271114166,-1.468641481394E-14));
#4445 = CARTESIAN_POINT('',(-1.544363278267,-1.468641481394E-14));
#4446 = CARTESIAN_POINT('',(-1.570796326795,-1.468641481394E-14));
#4447 = ( GEOMETRIC_REPRESENTATION_CONTEXT(2) 
PARAMETRIC_REPRESENTATION_CONTEXT() REPRESENTATION_CONTEXT('2D SPACE',''
  ) );
#4448 = ORIENTED_EDGE('',*,*,#4449,.F.);
#4449 = EDGE_CURVE('',#1897,#4394,#4450,.T.);
#4450 = SURFACE_CURVE('',#4451,(#4455,#4462),.PCURVE_S1.);
#4451 = LINE('',#4452,#4453);
#4452 = CARTESIAN_POINT('',(12.7,6.35,-95.25));
#4453 = VECTOR('',#4454,1.);
#4454 = DIRECTION('',(-2.22044604925E-16,-2.465190328816E-32,1.));
#4455 = PCURVE('',#1933,#4456);
#4456 = DEFINITIONAL_REPRESENTATION('',(#4457),#4461);
#4457 = LINE('',#4458,#4459);
#4458 = CARTESIAN_POINT('',(-12.7,-95.25));
#4459 = VECTOR('',#4460,1.);
#4460 = DIRECTION('',(-2.465190328816E-32,1.));
#4461 = ( GEOMETRIC_REPRESENTATION_CONTEXT(2) 
PARAMETRIC_REPRESENTATION_CONTEXT() REPRESENTATION_CONTEXT('2D SPACE',''
  ) );
#4462 = PCURVE('',#3533,#4463);
#4463 = DEFINITIONAL_REPRESENTATION('',(#4464),#4468);
#4464 = LINE('',#4465,#4466);
#4465 = CARTESIAN_POINT('',(5.497787143782,0.));
#4466 = VECTOR('',#4467,1.);
#4467 = DIRECTION('',(0.,1.));
#4468 = ( GEOMETRIC_REPRESENTATION_CONTEXT(2) 
PARAMETRIC_REPRESENTATION_CONTEXT() REPRESENTATION_CONTEXT('2D SPACE',''
  ) );
#4469 = ADVANCED_FACE('',(#4470),#2230,.F.);
#4470 = FACE_BOUND('',#4471,.F.);
#4471 = EDGE_LOOP('',(#4472,#4518,#4519,#4520));
#4472 = ORIENTED_EDGE('',*,*,#4473,.F.);
#4473 = EDGE_CURVE('',#4212,#4474,#4476,.T.);
#4474 = VERTEX_POINT('',#4475);
#4475 = CARTESIAN_POINT('',(-6.35,5.08,38.099999427795));
#4476 = SURFACE_CURVE('',#4477,(#4482,#4511),.PCURVE_S1.);
#4477 = CIRCLE('',#4478,1.27);
#4478 = AXIS2_PLACEMENT_3D('',#4479,#4480,#4481);
#4479 = CARTESIAN_POINT('',(-6.35,6.35,38.099999427795));
#4480 = DIRECTION('',(-2.22044604925E-16,-3.697785493223E-32,1.));
#4481 = DIRECTION('',(-0.707106781187,-0.707106781187,
    -1.570092458684E-16));
#4482 = PCURVE('',#2230,#4483);
#4483 = DEFINITIONAL_REPRESENTATION('',(#4484),#4510);
#4484 = B_SPLINE_CURVE_WITH_KNOTS('',3,(#4485,#4486,#4487,#4488,#4489,
    #4490,#4491,#4492,#4493,#4494,#4495,#4496,#4497,#4498,#4499,#4500,
    #4501,#4502,#4503,#4504,#4505,#4506,#4507,#4508,#4509),
  .UNSPECIFIED.,.F.,.F.,(4,1,1,1,1,1,1,1,1,1,1,1,1,1,1,1,1,1,1,1,1,1,4),
  (5.497787143782,5.569186976818,5.640586809854,5.711986642891,
    5.783386475927,5.854786308963,5.926186141999,5.997585975035,
    6.068985808071,6.140385641107,6.211785474143,6.28318530718,
    6.354585140216,6.425984973252,6.497384806288,6.568784639324,
    6.64018447236,6.711584305396,6.782984138433,6.854383971469,
    6.925783804505,6.997183637541,7.068583470577),
  .QUASI_UNIFORM_KNOTS.);
#4485 = CARTESIAN_POINT('',(-1.570796326795,-3.14159265359));
#4486 = CARTESIAN_POINT('',(-1.570796326795,-3.115159605061));
#4487 = CARTESIAN_POINT('',(-1.570796326795,-3.063067440961));
#4488 = CARTESIAN_POINT('',(-1.570796326795,-2.986986199037));
#4489 = CARTESIAN_POINT('',(-1.570796326795,-2.912688495408));
#4490 = CARTESIAN_POINT('',(-1.570796326795,-2.839931213656));
#4491 = CARTESIAN_POINT('',(-1.570796326795,-2.768486547351));
#4492 = CARTESIAN_POINT('',(-1.570796326795,-2.698142049645));
#4493 = CARTESIAN_POINT('',(-1.570796326795,-2.628697122557));
#4494 = CARTESIAN_POINT('',(-1.570796326795,-2.559960843422));
#4495 = CARTESIAN_POINT('',(-1.570796326795,-2.491749732825));
#4496 = CARTESIAN_POINT('',(-1.570796326795,-2.423885766815));
#4497 = CARTESIAN_POINT('',(-1.570796326795,-2.356194490192));
#4498 = CARTESIAN_POINT('',(-1.570796326795,-2.28850321357));
#4499 = CARTESIAN_POINT('',(-1.570796326795,-2.22063924756));
#4500 = CARTESIAN_POINT('',(-1.570796326795,-2.152428136963));
#4501 = CARTESIAN_POINT('',(-1.570796326795,-2.083691857828));
#4502 = CARTESIAN_POINT('',(-1.570796326795,-2.01424693074));
#4503 = CARTESIAN_POINT('',(-1.570796326795,-1.943902433034));
#4504 = CARTESIAN_POINT('',(-1.570796326795,-1.872457766729));
#4505 = CARTESIAN_POINT('',(-1.570796326795,-1.799700484976));
#4506 = CARTESIAN_POINT('',(-1.570796326795,-1.725402781348));
#4507 = CARTESIAN_POINT('',(-1.570796326795,-1.649321539424));
#4508 = CARTESIAN_POINT('',(-1.570796326795,-1.597229375323));
#4509 = CARTESIAN_POINT('',(-1.570796326795,-1.570796326795));
#4510 = ( GEOMETRIC_REPRESENTATION_CONTEXT(2) 
PARAMETRIC_REPRESENTATION_CONTEXT() REPRESENTATION_CONTEXT('2D SPACE',''
  ) );
#4511 = PCURVE('',#4273,#4512);
#4512 = DEFINITIONAL_REPRESENTATION('',(#4513),#4517);
#4513 = CIRCLE('',#4514,1.27);
#4514 = AXIS2_PLACEMENT_2D('',#4515,#4516);
#4515 = CARTESIAN_POINT('',(6.35,6.35));
#4516 = DIRECTION('',(-0.707106781187,-0.707106781187));
#4517 = ( GEOMETRIC_REPRESENTATION_CONTEXT(2) 
PARAMETRIC_REPRESENTATION_CONTEXT() REPRESENTATION_CONTEXT('2D SPACE',''
  ) );
#4518 = ORIENTED_EDGE('',*,*,#4211,.T.);
#4519 = ORIENTED_EDGE('',*,*,#2213,.F.);
#4520 = ORIENTED_EDGE('',*,*,#4521,.F.);
#4521 = EDGE_CURVE('',#4474,#2214,#4522,.T.);
#4522 = SURFACE_CURVE('',#4523,(#4528,#4557),.PCURVE_S1.);
#4523 = CIRCLE('',#4524,5.08);
#4524 = AXIS2_PLACEMENT_3D('',#4525,#4526,#4527);
#4525 = CARTESIAN_POINT('',(-6.35,5.08,43.179999427795));
#4526 = DIRECTION('',(-1.,-2.185478394931E-16,-2.185478394931E-16));
#4527 = DIRECTION('',(2.185478394931E-16,0.,-1.));
#4528 = PCURVE('',#2230,#4529);
#4529 = DEFINITIONAL_REPRESENTATION('',(#4530),#4556);
#4530 = B_SPLINE_CURVE_WITH_KNOTS('',3,(#4531,#4532,#4533,#4534,#4535,
    #4536,#4537,#4538,#4539,#4540,#4541,#4542,#4543,#4544,#4545,#4546,
    #4547,#4548,#4549,#4550,#4551,#4552,#4553,#4554,#4555),
  .UNSPECIFIED.,.F.,.F.,(4,1,1,1,1,1,1,1,1,1,1,1,1,1,1,1,1,1,1,1,1,1,4),
  (0.,7.139983303613E-02,0.142799666072,0.214199499108,0.285599332145,
    0.356999165181,0.428398998217,0.499798831253,0.571198664289,
    0.642598497325,0.713998330361,0.785398163397,0.856797996434,
    0.92819782947,0.999597662506,1.070997495542,1.142397328578,
    1.213797161614,1.28519699465,1.356596827687,1.427996660723,
    1.499396493759,1.570796326795),.QUASI_UNIFORM_KNOTS.);
#4531 = CARTESIAN_POINT('',(-1.570796326795,-1.570796326795));
#4532 = CARTESIAN_POINT('',(-1.544363278267,-1.570796326795));
#4533 = CARTESIAN_POINT('',(-1.492271114166,-1.570796326795));
#4534 = CARTESIAN_POINT('',(-1.416189872242,-1.570796326795));
#4535 = CARTESIAN_POINT('',(-1.341892168614,-1.570796326795));
#4536 = CARTESIAN_POINT('',(-1.269134886861,-1.570796326795));
#4537 = CARTESIAN_POINT('',(-1.197690220556,-1.570796326795));
#4538 = CARTESIAN_POINT('',(-1.12734572285,-1.570796326795));
#4539 = CARTESIAN_POINT('',(-1.057900795762,-1.570796326795));
#4540 = CARTESIAN_POINT('',(-0.989164516627,-1.570796326795));
#4541 = CARTESIAN_POINT('',(-0.92095340603,-1.570796326795));
#4542 = CARTESIAN_POINT('',(-0.85308944002,-1.570796326795));
#4543 = CARTESIAN_POINT('',(-0.785398163397,-1.570796326795));
#4544 = CARTESIAN_POINT('',(-0.717706886775,-1.570796326795));
#4545 = CARTESIAN_POINT('',(-0.649842920765,-1.570796326795));
#4546 = CARTESIAN_POINT('',(-0.581631810168,-1.570796326795));
#4547 = CARTESIAN_POINT('',(-0.512895531033,-1.570796326795));
#4548 = CARTESIAN_POINT('',(-0.443450603945,-1.570796326795));
#4549 = CARTESIAN_POINT('',(-0.373106106239,-1.570796326795));
#4550 = CARTESIAN_POINT('',(-0.301661439934,-1.570796326795));
#4551 = CARTESIAN_POINT('',(-0.228904158181,-1.570796326795));
#4552 = CARTESIAN_POINT('',(-0.154606454553,-1.570796326795));
#4553 = CARTESIAN_POINT('',(-7.852521262872E-02,-1.570796326795));
#4554 = CARTESIAN_POINT('',(-2.643304852828E-02,-1.570796326795));
#4555 = CARTESIAN_POINT('',(1.789481336941E-15,-1.570796326795));
#4556 = ( GEOMETRIC_REPRESENTATION_CONTEXT(2) 
PARAMETRIC_REPRESENTATION_CONTEXT() REPRESENTATION_CONTEXT('2D SPACE',''
  ) );
#4557 = PCURVE('',#4558,#4563);
#4558 = CYLINDRICAL_SURFACE('',#4559,5.08);
#4559 = AXIS2_PLACEMENT_3D('',#4560,#4561,#4562);
#4560 = CARTESIAN_POINT('',(-6.35,5.08,43.179999427795));
#4561 = DIRECTION('',(1.,1.224646799147E-16,2.22044604925E-16));
#4562 = DIRECTION('',(2.436048514919E-16,-0.707106781187,-0.707106781187
    ));
#4563 = DEFINITIONAL_REPRESENTATION('',(#4564),#4568);
#4564 = LINE('',#4565,#4566);
#4565 = CARTESIAN_POINT('',(0.785398163397,0.));
#4566 = VECTOR('',#4567,1.);
#4567 = DIRECTION('',(-1.,0.));
#4568 = ( GEOMETRIC_REPRESENTATION_CONTEXT(2) 
PARAMETRIC_REPRESENTATION_CONTEXT() REPRESENTATION_CONTEXT('2D SPACE',''
  ) );
#4569 = ADVANCED_FACE('',(#4570),#2285,.T.);
#4570 = FACE_BOUND('',#4571,.T.);
#4571 = EDGE_LOOP('',(#4572,#4595,#4618,#4639));
#4572 = ORIENTED_EDGE('',*,*,#4573,.F.);
#4573 = EDGE_CURVE('',#4574,#2214,#4576,.T.);
#4574 = VERTEX_POINT('',#4575);
#4575 = CARTESIAN_POINT('',(6.35,2.331468351713E-14,43.179999427795));
#4576 = SURFACE_CURVE('',#4577,(#4581,#4588),.PCURVE_S1.);
#4577 = LINE('',#4578,#4579);
#4578 = CARTESIAN_POINT('',(-6.35,2.109423746788E-14,43.179999427795));
#4579 = VECTOR('',#4580,1.);
#4580 = DIRECTION('',(-1.,-1.224646799147E-16,-2.22044604925E-16));
#4581 = PCURVE('',#2285,#4582);
#4582 = DEFINITIONAL_REPRESENTATION('',(#4583),#4587);
#4583 = LINE('',#4584,#4585);
#4584 = CARTESIAN_POINT('',(-6.35,43.179999427795));
#4585 = VECTOR('',#4586,1.);
#4586 = DIRECTION('',(-1.,2.465190328816E-32));
#4587 = ( GEOMETRIC_REPRESENTATION_CONTEXT(2) 
PARAMETRIC_REPRESENTATION_CONTEXT() REPRESENTATION_CONTEXT('2D SPACE',''
  ) );
#4588 = PCURVE('',#4558,#4589);
#4589 = DEFINITIONAL_REPRESENTATION('',(#4590),#4594);
#4590 = LINE('',#4591,#4592);
#4591 = CARTESIAN_POINT('',(-0.785398163397,0.));
#4592 = VECTOR('',#4593,1.);
#4593 = DIRECTION('',(-6.993530863781E-17,-1.));
#4594 = ( GEOMETRIC_REPRESENTATION_CONTEXT(2) 
PARAMETRIC_REPRESENTATION_CONTEXT() REPRESENTATION_CONTEXT('2D SPACE',''
  ) );
#4595 = ORIENTED_EDGE('',*,*,#4596,.F.);
#4596 = EDGE_CURVE('',#4597,#4574,#4599,.T.);
#4597 = VERTEX_POINT('',#4598);
#4598 = CARTESIAN_POINT('',(6.35,2.364725582429E-14,190.5));
#4599 = SURFACE_CURVE('',#4600,(#4604,#4611),.PCURVE_S1.);
#4600 = LINE('',#4601,#4602);
#4601 = CARTESIAN_POINT('',(6.35,2.331468351713E-14,-95.25));
#4602 = VECTOR('',#4603,1.);
#4603 = DIRECTION('',(2.22044604925E-16,2.465190328816E-32,-1.));
#4604 = PCURVE('',#2285,#4605);
#4605 = DEFINITIONAL_REPRESENTATION('',(#4606),#4610);
#4606 = LINE('',#4607,#4608);
#4607 = CARTESIAN_POINT('',(6.35,-95.25));
#4608 = VECTOR('',#4609,1.);
#4609 = DIRECTION('',(-2.465190328816E-32,-1.));
#4610 = ( GEOMETRIC_REPRESENTATION_CONTEXT(2) 
PARAMETRIC_REPRESENTATION_CONTEXT() REPRESENTATION_CONTEXT('2D SPACE',''
  ) );
#4611 = PCURVE('',#3533,#4612);
#4612 = DEFINITIONAL_REPRESENTATION('',(#4613),#4617);
#4613 = LINE('',#4614,#4615);
#4614 = CARTESIAN_POINT('',(3.926990816987,0.));
#4615 = VECTOR('',#4616,1.);
#4616 = DIRECTION('',(0.,-1.));
#4617 = ( GEOMETRIC_REPRESENTATION_CONTEXT(2) 
PARAMETRIC_REPRESENTATION_CONTEXT() REPRESENTATION_CONTEXT('2D SPACE',''
  ) );
#4618 = ORIENTED_EDGE('',*,*,#4619,.T.);
#4619 = EDGE_CURVE('',#4597,#2270,#4620,.T.);
#4620 = SURFACE_CURVE('',#4621,(#4625,#4632),.PCURVE_S1.);
#4621 = LINE('',#4622,#4623);
#4622 = CARTESIAN_POINT('',(12.7,2.442490654175E-14,190.5));
#4623 = VECTOR('',#4624,1.);
#4624 = DIRECTION('',(-1.,-1.224646799147E-16,-2.22044604925E-16));
#4625 = PCURVE('',#2285,#4626);
#4626 = DEFINITIONAL_REPRESENTATION('',(#4627),#4631);
#4627 = LINE('',#4628,#4629);
#4628 = CARTESIAN_POINT('',(12.7,190.5));
#4629 = VECTOR('',#4630,1.);
#4630 = DIRECTION('',(-1.,2.465190328816E-32));
#4631 = ( GEOMETRIC_REPRESENTATION_CONTEXT(2) 
PARAMETRIC_REPRESENTATION_CONTEXT() REPRESENTATION_CONTEXT('2D SPACE',''
  ) );
#4632 = PCURVE('',#2314,#4633);
#4633 = DEFINITIONAL_REPRESENTATION('',(#4634),#4638);
#4634 = LINE('',#4635,#4636);
#4635 = CARTESIAN_POINT('',(1.555301434917E-15,12.7));
#4636 = VECTOR('',#4637,1.);
#4637 = DIRECTION('',(1.,-5.641527646774E-49));
#4638 = ( GEOMETRIC_REPRESENTATION_CONTEXT(2) 
PARAMETRIC_REPRESENTATION_CONTEXT() REPRESENTATION_CONTEXT('2D SPACE',''
  ) );
#4639 = ORIENTED_EDGE('',*,*,#2269,.F.);
#4640 = ADVANCED_FACE('',(#4641,#4694),#2314,.T.);
#4641 = FACE_BOUND('',#4642,.T.);
#4642 = EDGE_LOOP('',(#4643,#4671,#4692,#4693));
#4643 = ORIENTED_EDGE('',*,*,#4644,.F.);
#4644 = EDGE_CURVE('',#4645,#4597,#4647,.T.);
#4645 = VERTEX_POINT('',#4646);
#4646 = CARTESIAN_POINT('',(6.35,12.7,190.5));
#4647 = SURFACE_CURVE('',#4648,(#4653,#4664),.PCURVE_S1.);
#4648 = CIRCLE('',#4649,6.35);
#4649 = AXIS2_PLACEMENT_3D('',#4650,#4651,#4652);
#4650 = CARTESIAN_POINT('',(6.35,6.35,190.5));
#4651 = DIRECTION('',(2.22044604925E-16,3.697785493223E-32,-1.));
#4652 = DIRECTION('',(0.707106781187,-0.707106781187,1.570092458684E-16)
  );
#4653 = PCURVE('',#2314,#4654);
#4654 = DEFINITIONAL_REPRESENTATION('',(#4655),#4663);
#4655 = ( BOUNDED_CURVE() B_SPLINE_CURVE(2,(#4656,#4657,#4658,#4659,
#4660,#4661,#4662),.UNSPECIFIED.,.T.,.F.) B_SPLINE_CURVE_WITH_KNOTS((1,2
    ,2,2,2,1),(-2.094395102393,0.,2.094395102393,4.188790204786,
6.28318530718,8.377580409573),.UNSPECIFIED.) CURVE() 
GEOMETRIC_REPRESENTATION_ITEM() RATIONAL_B_SPLINE_CURVE((1.,0.5,1.,0.5,
1.,0.5,1.)) REPRESENTATION_ITEM('') );
#4656 = CARTESIAN_POINT('',(1.859871939465,10.840128060535));
#4657 = CARTESIAN_POINT('',(9.637001872802,18.617257993871));
#4658 = CARTESIAN_POINT('',(12.483628996936,7.993500936401));
#4659 = CARTESIAN_POINT('',(15.330256121069,-2.630256121069));
#4660 = CARTESIAN_POINT('',(4.706499063599,0.216371003064));
#4661 = CARTESIAN_POINT('',(-5.917257993871,3.062998127198));
#4662 = CARTESIAN_POINT('',(1.859871939465,10.840128060535));
#4663 = ( GEOMETRIC_REPRESENTATION_CONTEXT(2) 
PARAMETRIC_REPRESENTATION_CONTEXT() REPRESENTATION_CONTEXT('2D SPACE',''
  ) );
#4664 = PCURVE('',#3533,#4665);
#4665 = DEFINITIONAL_REPRESENTATION('',(#4666),#4670);
#4666 = LINE('',#4667,#4668);
#4667 = CARTESIAN_POINT('',(10.995574287564,285.75));
#4668 = VECTOR('',#4669,1.);
#4669 = DIRECTION('',(-1.,0.));
#4670 = ( GEOMETRIC_REPRESENTATION_CONTEXT(2) 
PARAMETRIC_REPRESENTATION_CONTEXT() REPRESENTATION_CONTEXT('2D SPACE',''
  ) );
#4671 = ORIENTED_EDGE('',*,*,#4672,.T.);
#4672 = EDGE_CURVE('',#4645,#2298,#4673,.T.);
#4673 = SURFACE_CURVE('',#4674,(#4678,#4685),.PCURVE_S1.);
#4674 = LINE('',#4675,#4676);
#4675 = CARTESIAN_POINT('',(12.7,12.7,190.5));
#4676 = VECTOR('',#4677,1.);
#4677 = DIRECTION('',(-1.,-1.224646799147E-16,-2.22044604925E-16));
#4678 = PCURVE('',#2314,#4679);
#4679 = DEFINITIONAL_REPRESENTATION('',(#4680),#4684);
#4680 = LINE('',#4681,#4682);
#4681 = CARTESIAN_POINT('',(-0.,0.));
#4682 = VECTOR('',#4683,1.);
#4683 = DIRECTION('',(1.,-5.641527646774E-49));
#4684 = ( GEOMETRIC_REPRESENTATION_CONTEXT(2) 
PARAMETRIC_REPRESENTATION_CONTEXT() REPRESENTATION_CONTEXT('2D SPACE',''
  ) );
#4685 = PCURVE('',#2346,#4686);
#4686 = DEFINITIONAL_REPRESENTATION('',(#4687),#4691);
#4687 = LINE('',#4688,#4689);
#4688 = CARTESIAN_POINT('',(190.5,-12.7));
#4689 = VECTOR('',#4690,1.);
#4690 = DIRECTION('',(2.465190328816E-32,1.));
#4691 = ( GEOMETRIC_REPRESENTATION_CONTEXT(2) 
PARAMETRIC_REPRESENTATION_CONTEXT() REPRESENTATION_CONTEXT('2D SPACE',''
  ) );
#4692 = ORIENTED_EDGE('',*,*,#2297,.F.);
#4693 = ORIENTED_EDGE('',*,*,#4619,.F.);
#4694 = FACE_BOUND('',#4695,.T.);
#4695 = EDGE_LOOP('',(#4696));
#4696 = ORIENTED_EDGE('',*,*,#4697,.T.);
#4697 = EDGE_CURVE('',#4698,#4698,#4700,.T.);
#4698 = VERTEX_POINT('',#4699);
#4699 = CARTESIAN_POINT('',(3.175,6.35,190.5));
#4700 = SURFACE_CURVE('',#4701,(#4706,#4717),.PCURVE_S1.);
#4701 = CIRCLE('',#4702,3.175);
#4702 = AXIS2_PLACEMENT_3D('',#4703,#4704,#4705);
#4703 = CARTESIAN_POINT('',(-8.226752612472E-14,6.35,190.5));
#4704 = DIRECTION('',(2.22044604925E-16,2.465190328816E-32,-1.));
#4705 = DIRECTION('',(-1.,4.65414261379E-30,-2.22044604925E-16));
#4706 = PCURVE('',#2314,#4707);
#4707 = DEFINITIONAL_REPRESENTATION('',(#4708),#4716);
#4708 = ( BOUNDED_CURVE() B_SPLINE_CURVE(2,(#4709,#4710,#4711,#4712,
#4713,#4714,#4715),.UNSPECIFIED.,.T.,.F.) B_SPLINE_CURVE_WITH_KNOTS((1,2
    ,2,2,2,1),(-2.094395102393,0.,2.094395102393,4.188790204786,
6.28318530718,8.377580409573),.UNSPECIFIED.) CURVE() 
GEOMETRIC_REPRESENTATION_ITEM() RATIONAL_B_SPLINE_CURVE((1.,0.5,1.,0.5,
1.,0.5,1.)) REPRESENTATION_ITEM('') );
#4709 = CARTESIAN_POINT('',(15.875,6.35));
#4710 = CARTESIAN_POINT('',(15.875,0.850738685969));
#4711 = CARTESIAN_POINT('',(11.1125,3.600369342984));
#4712 = CARTESIAN_POINT('',(6.35,6.35));
#4713 = CARTESIAN_POINT('',(11.1125,9.099630657016));
#4714 = CARTESIAN_POINT('',(15.875,11.849261314031));
#4715 = CARTESIAN_POINT('',(15.875,6.35));
#4716 = ( GEOMETRIC_REPRESENTATION_CONTEXT(2) 
PARAMETRIC_REPRESENTATION_CONTEXT() REPRESENTATION_CONTEXT('2D SPACE',''
  ) );
#4717 = PCURVE('',#4301,#4718);
#4718 = DEFINITIONAL_REPRESENTATION('',(#4719),#4723);
#4719 = LINE('',#4720,#4721);
#4720 = CARTESIAN_POINT('',(0.,0.));
#4721 = VECTOR('',#4722,1.);
#4722 = DIRECTION('',(1.,0.));
#4723 = ( GEOMETRIC_REPRESENTATION_CONTEXT(2) 
PARAMETRIC_REPRESENTATION_CONTEXT() REPRESENTATION_CONTEXT('2D SPACE',''
  ) );
#4724 = ADVANCED_FACE('',(#4725,#4779),#2346,.F.);
#4725 = FACE_BOUND('',#4726,.F.);
#4726 = EDGE_LOOP('',(#4727,#4728,#4729,#4758));
#4727 = ORIENTED_EDGE('',*,*,#4672,.T.);
#4728 = ORIENTED_EDGE('',*,*,#2330,.T.);
#4729 = ORIENTED_EDGE('',*,*,#4730,.F.);
#4730 = EDGE_CURVE('',#4731,#2331,#4733,.T.);
#4731 = VERTEX_POINT('',#4732);
#4732 = CARTESIAN_POINT('',(6.35,12.7,7.099515828562));
#4733 = SURFACE_CURVE('',#4734,(#4739,#4746),.PCURVE_S1.);
#4734 = CIRCLE('',#4735,9.525);
#4735 = AXIS2_PLACEMENT_3D('',#4736,#4737,#4738);
#4736 = CARTESIAN_POINT('',(0.,12.7,2.819966482548E-15));
#4737 = DIRECTION('',(0.,-1.,-2.22044604925E-16));
#4738 = DIRECTION('',(1.,0.,0.));
#4739 = PCURVE('',#2346,#4740);
#4740 = DEFINITIONAL_REPRESENTATION('',(#4741),#4745);
#4741 = CIRCLE('',#4742,9.525);
#4742 = AXIS2_PLACEMENT_2D('',#4743,#4744);
#4743 = CARTESIAN_POINT('',(2.819966482548E-15,-1.33226762955E-14));
#4744 = DIRECTION('',(-2.22044604925E-16,-1.));
#4745 = ( GEOMETRIC_REPRESENTATION_CONTEXT(2) 
PARAMETRIC_REPRESENTATION_CONTEXT() REPRESENTATION_CONTEXT('2D SPACE',''
  ) );
#4746 = PCURVE('',#4747,#4752);
#4747 = CYLINDRICAL_SURFACE('',#4748,9.525);
#4748 = AXIS2_PLACEMENT_3D('',#4749,#4750,#4751);
#4749 = CARTESIAN_POINT('',(0.,13.97,3.101963130803E-15));
#4750 = DIRECTION('',(0.,1.,2.22044604925E-16));
#4751 = DIRECTION('',(1.,0.,0.));
#4752 = DEFINITIONAL_REPRESENTATION('',(#4753),#4757);
#4753 = LINE('',#4754,#4755);
#4754 = CARTESIAN_POINT('',(6.28318530718,-1.27));
#4755 = VECTOR('',#4756,1.);
#4756 = DIRECTION('',(-1.,0.));
#4757 = ( GEOMETRIC_REPRESENTATION_CONTEXT(2) 
PARAMETRIC_REPRESENTATION_CONTEXT() REPRESENTATION_CONTEXT('2D SPACE',''
  ) );
#4758 = ORIENTED_EDGE('',*,*,#4759,.T.);
#4759 = EDGE_CURVE('',#4731,#4645,#4760,.T.);
#4760 = SURFACE_CURVE('',#4761,(#4765,#4772),.PCURVE_S1.);
#4761 = LINE('',#4762,#4763);
#4762 = CARTESIAN_POINT('',(6.35,12.7,-95.25));
#4763 = VECTOR('',#4764,1.);
#4764 = DIRECTION('',(-2.22044604925E-16,-2.465190328816E-32,1.));
#4765 = PCURVE('',#2346,#4766);
#4766 = DEFINITIONAL_REPRESENTATION('',(#4767),#4771);
#4767 = LINE('',#4768,#4769);
#4768 = CARTESIAN_POINT('',(-95.25,-6.35));
#4769 = VECTOR('',#4770,1.);
#4770 = DIRECTION('',(1.,-2.465190328816E-32));
#4771 = ( GEOMETRIC_REPRESENTATION_CONTEXT(2) 
PARAMETRIC_REPRESENTATION_CONTEXT() REPRESENTATION_CONTEXT('2D SPACE',''
  ) );
#4772 = PCURVE('',#3533,#4773);
#4773 = DEFINITIONAL_REPRESENTATION('',(#4774),#4778);
#4774 = LINE('',#4775,#4776);
#4775 = CARTESIAN_POINT('',(7.068583470577,0.));
#4776 = VECTOR('',#4777,1.);
#4777 = DIRECTION('',(0.,1.));
#4778 = ( GEOMETRIC_REPRESENTATION_CONTEXT(2) 
PARAMETRIC_REPRESENTATION_CONTEXT() REPRESENTATION_CONTEXT('2D SPACE',''
  ) );
#4779 = FACE_BOUND('',#4780,.F.);
#4780 = EDGE_LOOP('',(#4781));
#4781 = ORIENTED_EDGE('',*,*,#4782,.F.);
#4782 = EDGE_CURVE('',#4783,#4783,#4785,.T.);
#4783 = VERTEX_POINT('',#4784);
#4784 = CARTESIAN_POINT('',(3.175,12.7,25.4));
#4785 = SURFACE_CURVE('',#4786,(#4791,#4798),.PCURVE_S1.);
#4786 = CIRCLE('',#4787,3.175);
#4787 = AXIS2_PLACEMENT_3D('',#4788,#4789,#4790);
#4788 = CARTESIAN_POINT('',(-4.651933393224E-14,12.7,25.4));
#4789 = DIRECTION('',(1.224646799147E-16,-1.,2.540718180781E-33));
#4790 = DIRECTION('',(-1.,-1.224646799147E-16,8.904085109465E-50));
#4791 = PCURVE('',#2346,#4792);
#4792 = DEFINITIONAL_REPRESENTATION('',(#4793),#4797);
#4793 = CIRCLE('',#4794,3.175);
#4794 = AXIS2_PLACEMENT_2D('',#4795,#4796);
#4795 = CARTESIAN_POINT('',(25.4,2.755672467164E-14));
#4796 = DIRECTION('',(2.22044604925E-16,1.));
#4797 = ( GEOMETRIC_REPRESENTATION_CONTEXT(2) 
PARAMETRIC_REPRESENTATION_CONTEXT() REPRESENTATION_CONTEXT('2D SPACE',''
  ) );
#4798 = PCURVE('',#4330,#4799);
#4799 = DEFINITIONAL_REPRESENTATION('',(#4800),#4804);
#4800 = LINE('',#4801,#4802);
#4801 = CARTESIAN_POINT('',(0.,0.));
#4802 = VECTOR('',#4803,1.);
#4803 = DIRECTION('',(1.,0.));
#4804 = ( GEOMETRIC_REPRESENTATION_CONTEXT(2) 
PARAMETRIC_REPRESENTATION_CONTEXT() REPRESENTATION_CONTEXT('2D SPACE',''
  ) );
#4805 = ADVANCED_FACE('',(#4806),#2374,.T.);
#4806 = FACE_BOUND('',#4807,.T.);
#4807 = EDGE_LOOP('',(#4808,#4832,#4859,#4860,#4861,#4862));
#4808 = ORIENTED_EDGE('',*,*,#4809,.T.);
#4809 = EDGE_CURVE('',#2331,#4810,#4812,.T.);
#4810 = VERTEX_POINT('',#4811);
#4811 = CARTESIAN_POINT('',(-9.525,12.7,3.986442558736E-15));
#4812 = SURFACE_CURVE('',#4813,(#4818,#4825),.PCURVE_S1.);
#4813 = CIRCLE('',#4814,9.525);
#4814 = AXIS2_PLACEMENT_3D('',#4815,#4816,#4817);
#4815 = CARTESIAN_POINT('',(0.,12.7,2.819966482548E-15));
#4816 = DIRECTION('',(0.,-1.,-2.22044604925E-16));
#4817 = DIRECTION('',(1.,0.,0.));
#4818 = PCURVE('',#2374,#4819);
#4819 = DEFINITIONAL_REPRESENTATION('',(#4820),#4824);
#4820 = CIRCLE('',#4821,9.525);
#4821 = AXIS2_PLACEMENT_2D('',#4822,#4823);
#4822 = CARTESIAN_POINT('',(0.,0.));
#4823 = DIRECTION('',(-1.,0.));
#4824 = ( GEOMETRIC_REPRESENTATION_CONTEXT(2) 
PARAMETRIC_REPRESENTATION_CONTEXT() REPRESENTATION_CONTEXT('2D SPACE',''
  ) );
#4825 = PCURVE('',#4747,#4826);
#4826 = DEFINITIONAL_REPRESENTATION('',(#4827),#4831);
#4827 = LINE('',#4828,#4829);
#4828 = CARTESIAN_POINT('',(6.28318530718,-1.27));
#4829 = VECTOR('',#4830,1.);
#4830 = DIRECTION('',(-1.,0.));
#4831 = ( GEOMETRIC_REPRESENTATION_CONTEXT(2) 
PARAMETRIC_REPRESENTATION_CONTEXT() REPRESENTATION_CONTEXT('2D SPACE',''
  ) );
#4832 = ORIENTED_EDGE('',*,*,#4833,.T.);
#4833 = EDGE_CURVE('',#4810,#2481,#4834,.T.);
#4834 = SURFACE_CURVE('',#4835,(#4840,#4847),.PCURVE_S1.);
#4835 = CIRCLE('',#4836,9.525);
#4836 = AXIS2_PLACEMENT_3D('',#4837,#4838,#4839);
#4837 = CARTESIAN_POINT('',(0.,12.7,2.819966482548E-15));
#4838 = DIRECTION('',(0.,-1.,-2.22044604925E-16));
#4839 = DIRECTION('',(1.,0.,0.));
#4840 = PCURVE('',#2374,#4841);
#4841 = DEFINITIONAL_REPRESENTATION('',(#4842),#4846);
#4842 = CIRCLE('',#4843,9.525);
#4843 = AXIS2_PLACEMENT_2D('',#4844,#4845);
#4844 = CARTESIAN_POINT('',(0.,0.));
#4845 = DIRECTION('',(-1.,0.));
#4846 = ( GEOMETRIC_REPRESENTATION_CONTEXT(2) 
PARAMETRIC_REPRESENTATION_CONTEXT() REPRESENTATION_CONTEXT('2D SPACE',''
  ) );
#4847 = PCURVE('',#4848,#4853);
#4848 = CYLINDRICAL_SURFACE('',#4849,9.525);
#4849 = AXIS2_PLACEMENT_3D('',#4850,#4851,#4852);
#4850 = CARTESIAN_POINT('',(0.,13.97,3.101963130803E-15));
#4851 = DIRECTION('',(0.,1.,2.22044604925E-16));
#4852 = DIRECTION('',(1.,0.,0.));
#4853 = DEFINITIONAL_REPRESENTATION('',(#4854),#4858);
#4854 = LINE('',#4855,#4856);
#4855 = CARTESIAN_POINT('',(6.28318530718,-1.27));
#4856 = VECTOR('',#4857,1.);
#4857 = DIRECTION('',(-1.,0.));
#4858 = ( GEOMETRIC_REPRESENTATION_CONTEXT(2) 
PARAMETRIC_REPRESENTATION_CONTEXT() REPRESENTATION_CONTEXT('2D SPACE',''
  ) );
#4859 = ORIENTED_EDGE('',*,*,#2480,.F.);
#4860 = ORIENTED_EDGE('',*,*,#2433,.F.);
#4861 = ORIENTED_EDGE('',*,*,#2386,.F.);
#4862 = ORIENTED_EDGE('',*,*,#2358,.F.);
#4863 = ADVANCED_FACE('',(#4864,#4935),#2519,.F.);
#4864 = FACE_BOUND('',#4865,.F.);
#4865 = EDGE_LOOP('',(#4866,#4890,#4891,#4914));
#4866 = ORIENTED_EDGE('',*,*,#4867,.F.);
#4867 = EDGE_CURVE('',#2481,#4868,#4870,.T.);
#4868 = VERTEX_POINT('',#4869);
#4869 = CARTESIAN_POINT('',(6.35,12.7,-7.099515828562));
#4870 = SURFACE_CURVE('',#4871,(#4876,#4883),.PCURVE_S1.);
#4871 = CIRCLE('',#4872,9.525);
#4872 = AXIS2_PLACEMENT_3D('',#4873,#4874,#4875);
#4873 = CARTESIAN_POINT('',(0.,12.7,2.819966482548E-15));
#4874 = DIRECTION('',(0.,-1.,-2.22044604925E-16));
#4875 = DIRECTION('',(1.,0.,0.));
#4876 = PCURVE('',#2519,#4877);
#4877 = DEFINITIONAL_REPRESENTATION('',(#4878),#4882);
#4878 = CIRCLE('',#4879,9.525);
#4879 = AXIS2_PLACEMENT_2D('',#4880,#4881);
#4880 = CARTESIAN_POINT('',(2.819966482548E-15,-1.33226762955E-14));
#4881 = DIRECTION('',(-2.22044604925E-16,-1.));
#4882 = ( GEOMETRIC_REPRESENTATION_CONTEXT(2) 
PARAMETRIC_REPRESENTATION_CONTEXT() REPRESENTATION_CONTEXT('2D SPACE',''
  ) );
#4883 = PCURVE('',#4848,#4884);
#4884 = DEFINITIONAL_REPRESENTATION('',(#4885),#4889);
#4885 = LINE('',#4886,#4887);
#4886 = CARTESIAN_POINT('',(6.28318530718,-1.27));
#4887 = VECTOR('',#4888,1.);
#4888 = DIRECTION('',(-1.,0.));
#4889 = ( GEOMETRIC_REPRESENTATION_CONTEXT(2) 
PARAMETRIC_REPRESENTATION_CONTEXT() REPRESENTATION_CONTEXT('2D SPACE',''
  ) );
#4890 = ORIENTED_EDGE('',*,*,#2503,.T.);
#4891 = ORIENTED_EDGE('',*,*,#4892,.T.);
#4892 = EDGE_CURVE('',#2504,#4893,#4895,.T.);
#4893 = VERTEX_POINT('',#4894);
#4894 = CARTESIAN_POINT('',(6.35,12.7,-190.5));
#4895 = SURFACE_CURVE('',#4896,(#4900,#4907),.PCURVE_S1.);
#4896 = LINE('',#4897,#4898);
#4897 = CARTESIAN_POINT('',(-12.7,12.7,-190.5));
#4898 = VECTOR('',#4899,1.);
#4899 = DIRECTION('',(1.,1.224646799147E-16,2.22044604925E-16));
#4900 = PCURVE('',#2519,#4901);
#4901 = DEFINITIONAL_REPRESENTATION('',(#4902),#4906);
#4902 = LINE('',#4903,#4904);
#4903 = CARTESIAN_POINT('',(-190.5,12.7));
#4904 = VECTOR('',#4905,1.);
#4905 = DIRECTION('',(-2.465190328816E-32,-1.));
#4906 = ( GEOMETRIC_REPRESENTATION_CONTEXT(2) 
PARAMETRIC_REPRESENTATION_CONTEXT() REPRESENTATION_CONTEXT('2D SPACE',''
  ) );
#4907 = PCURVE('',#2548,#4908);
#4908 = DEFINITIONAL_REPRESENTATION('',(#4909),#4913);
#4909 = LINE('',#4910,#4911);
#4910 = CARTESIAN_POINT('',(0.,0.));
#4911 = VECTOR('',#4912,1.);
#4912 = DIRECTION('',(1.,5.641527646774E-49));
#4913 = ( GEOMETRIC_REPRESENTATION_CONTEXT(2) 
PARAMETRIC_REPRESENTATION_CONTEXT() REPRESENTATION_CONTEXT('2D SPACE',''
  ) );
#4914 = ORIENTED_EDGE('',*,*,#4915,.T.);
#4915 = EDGE_CURVE('',#4893,#4868,#4916,.T.);
#4916 = SURFACE_CURVE('',#4917,(#4921,#4928),.PCURVE_S1.);
#4917 = LINE('',#4918,#4919);
#4918 = CARTESIAN_POINT('',(6.35,12.7,-95.25));
#4919 = VECTOR('',#4920,1.);
#4920 = DIRECTION('',(-2.22044604925E-16,-2.465190328816E-32,1.));
#4921 = PCURVE('',#2519,#4922);
#4922 = DEFINITIONAL_REPRESENTATION('',(#4923),#4927);
#4923 = LINE('',#4924,#4925);
#4924 = CARTESIAN_POINT('',(-95.25,-6.35));
#4925 = VECTOR('',#4926,1.);
#4926 = DIRECTION('',(1.,-2.465190328816E-32));
#4927 = ( GEOMETRIC_REPRESENTATION_CONTEXT(2) 
PARAMETRIC_REPRESENTATION_CONTEXT() REPRESENTATION_CONTEXT('2D SPACE',''
  ) );
#4928 = PCURVE('',#3533,#4929);
#4929 = DEFINITIONAL_REPRESENTATION('',(#4930),#4934);
#4930 = LINE('',#4931,#4932);
#4931 = CARTESIAN_POINT('',(7.068583470577,0.));
#4932 = VECTOR('',#4933,1.);
#4933 = DIRECTION('',(0.,1.));
#4934 = ( GEOMETRIC_REPRESENTATION_CONTEXT(2) 
PARAMETRIC_REPRESENTATION_CONTEXT() REPRESENTATION_CONTEXT('2D SPACE',''
  ) );
#4935 = FACE_BOUND('',#4936,.F.);
#4936 = EDGE_LOOP('',(#4937));
#4937 = ORIENTED_EDGE('',*,*,#4938,.F.);
#4938 = EDGE_CURVE('',#4939,#4939,#4941,.T.);
#4939 = VERTEX_POINT('',#4940);
#4940 = CARTESIAN_POINT('',(3.175,12.7,-25.40000081062));
#4941 = SURFACE_CURVE('',#4942,(#4947,#4954),.PCURVE_S1.);
#4942 = CIRCLE('',#4943,3.175);
#4943 = AXIS2_PLACEMENT_3D('',#4944,#4945,#4946);
#4944 = CARTESIAN_POINT('',(-1.555301434917E-15,12.7,-25.40000081062));
#4945 = DIRECTION('',(1.224646799147E-16,-1.,2.540718180781E-33));
#4946 = DIRECTION('',(-1.,-1.224646799147E-16,8.904085109465E-50));
#4947 = PCURVE('',#2519,#4948);
#4948 = DEFINITIONAL_REPRESENTATION('',(#4949),#4953);
#4949 = CIRCLE('',#4950,3.175);
#4950 = AXIS2_PLACEMENT_2D('',#4951,#4952);
#4951 = CARTESIAN_POINT('',(-25.40000081062,-6.127441715494E-15));
#4952 = DIRECTION('',(2.22044604925E-16,1.));
#4953 = ( GEOMETRIC_REPRESENTATION_CONTEXT(2) 
PARAMETRIC_REPRESENTATION_CONTEXT() REPRESENTATION_CONTEXT('2D SPACE',''
  ) );
#4954 = PCURVE('',#3843,#4955);
#4955 = DEFINITIONAL_REPRESENTATION('',(#4956),#4960);
#4956 = LINE('',#4957,#4958);
#4957 = CARTESIAN_POINT('',(0.,0.));
#4958 = VECTOR('',#4959,1.);
#4959 = DIRECTION('',(1.,0.));
#4960 = ( GEOMETRIC_REPRESENTATION_CONTEXT(2) 
PARAMETRIC_REPRESENTATION_CONTEXT() REPRESENTATION_CONTEXT('2D SPACE',''
  ) );
#4961 = ADVANCED_FACE('',(#4962,#5015),#2548,.T.);
#4962 = FACE_BOUND('',#4963,.T.);
#4963 = EDGE_LOOP('',(#4964,#4965,#4966,#4994));
#4964 = ORIENTED_EDGE('',*,*,#2531,.F.);
#4965 = ORIENTED_EDGE('',*,*,#4892,.T.);
#4966 = ORIENTED_EDGE('',*,*,#4967,.F.);
#4967 = EDGE_CURVE('',#4968,#4893,#4970,.T.);
#4968 = VERTEX_POINT('',#4969);
#4969 = CARTESIAN_POINT('',(6.35,2.231696659563E-14,-190.5));
#4970 = SURFACE_CURVE('',#4971,(#4976,#4987),.PCURVE_S1.);
#4971 = CIRCLE('',#4972,6.35);
#4972 = AXIS2_PLACEMENT_3D('',#4973,#4974,#4975);
#4973 = CARTESIAN_POINT('',(6.35,6.35,-190.5));
#4974 = DIRECTION('',(-2.22044604925E-16,-3.697785493223E-32,1.));
#4975 = DIRECTION('',(0.707106781187,-0.707106781187,1.570092458684E-16)
  );
#4976 = PCURVE('',#2548,#4977);
#4977 = DEFINITIONAL_REPRESENTATION('',(#4978),#4986);
#4978 = ( BOUNDED_CURVE() B_SPLINE_CURVE(2,(#4979,#4980,#4981,#4982,
#4983,#4984,#4985),.UNSPECIFIED.,.T.,.F.) B_SPLINE_CURVE_WITH_KNOTS((1,2
    ,2,2,2,1),(-2.094395102393,0.,2.094395102393,4.188790204786,
6.28318530718,8.377580409573),.UNSPECIFIED.) CURVE() 
GEOMETRIC_REPRESENTATION_ITEM() RATIONAL_B_SPLINE_CURVE((1.,0.5,1.,0.5,
1.,0.5,1.)) REPRESENTATION_ITEM('') );
#4979 = CARTESIAN_POINT('',(23.540128060535,10.840128060535));
#4980 = CARTESIAN_POINT('',(31.317257993871,3.062998127198));
#4981 = CARTESIAN_POINT('',(20.693500936401,0.216371003064));
#4982 = CARTESIAN_POINT('',(10.069743878931,-2.630256121069));
#4983 = CARTESIAN_POINT('',(12.916371003064,7.993500936401));
#4984 = CARTESIAN_POINT('',(15.762998127198,18.617257993871));
#4985 = CARTESIAN_POINT('',(23.540128060535,10.840128060535));
#4986 = ( GEOMETRIC_REPRESENTATION_CONTEXT(2) 
PARAMETRIC_REPRESENTATION_CONTEXT() REPRESENTATION_CONTEXT('2D SPACE',''
  ) );
#4987 = PCURVE('',#3533,#4988);
#4988 = DEFINITIONAL_REPRESENTATION('',(#4989),#4993);
#4989 = LINE('',#4990,#4991);
#4990 = CARTESIAN_POINT('',(-1.570796326795,-95.25));
#4991 = VECTOR('',#4992,1.);
#4992 = DIRECTION('',(1.,0.));
#4993 = ( GEOMETRIC_REPRESENTATION_CONTEXT(2) 
PARAMETRIC_REPRESENTATION_CONTEXT() REPRESENTATION_CONTEXT('2D SPACE',''
  ) );
#4994 = ORIENTED_EDGE('',*,*,#4995,.F.);
#4995 = EDGE_CURVE('',#2532,#4968,#4996,.T.);
#4996 = SURFACE_CURVE('',#4997,(#5001,#5008),.PCURVE_S1.);
#4997 = LINE('',#4998,#4999);
#4998 = CARTESIAN_POINT('',(-12.7,1.998401444325E-14,-190.5));
#4999 = VECTOR('',#5000,1.);
#5000 = DIRECTION('',(1.,1.224646799147E-16,2.22044604925E-16));
#5001 = PCURVE('',#2548,#5002);
#5002 = DEFINITIONAL_REPRESENTATION('',(#5003),#5007);
#5003 = LINE('',#5004,#5005);
#5004 = CARTESIAN_POINT('',(-1.555301434917E-15,12.7));
#5005 = VECTOR('',#5006,1.);
#5006 = DIRECTION('',(1.,5.641527646774E-49));
#5007 = ( GEOMETRIC_REPRESENTATION_CONTEXT(2) 
PARAMETRIC_REPRESENTATION_CONTEXT() REPRESENTATION_CONTEXT('2D SPACE',''
  ) );
#5008 = PCURVE('',#2580,#5009);
#5009 = DEFINITIONAL_REPRESENTATION('',(#5010),#5014);
#5010 = LINE('',#5011,#5012);
#5011 = CARTESIAN_POINT('',(-12.7,-190.5));
#5012 = VECTOR('',#5013,1.);
#5013 = DIRECTION('',(1.,-2.465190328816E-32));
#5014 = ( GEOMETRIC_REPRESENTATION_CONTEXT(2) 
PARAMETRIC_REPRESENTATION_CONTEXT() REPRESENTATION_CONTEXT('2D SPACE',''
  ) );
#5015 = FACE_BOUND('',#5016,.T.);
#5016 = EDGE_LOOP('',(#5017));
#5017 = ORIENTED_EDGE('',*,*,#5018,.T.);
#5018 = EDGE_CURVE('',#5019,#5019,#5021,.T.);
#5019 = VERTEX_POINT('',#5020);
#5020 = CARTESIAN_POINT('',(3.175,6.35,-190.5));
#5021 = SURFACE_CURVE('',#5022,(#5027,#5038),.PCURVE_S1.);
#5022 = CIRCLE('',#5023,3.175);
#5023 = AXIS2_PLACEMENT_3D('',#5024,#5025,#5026);
#5024 = CARTESIAN_POINT('',(1.975207783391E-15,6.35,-190.5));
#5025 = DIRECTION('',(-2.22044604925E-16,-2.465190328816E-32,1.));
#5026 = DIRECTION('',(-1.,-2.307865185048E-14,-2.22044604925E-16));
#5027 = PCURVE('',#2548,#5028);
#5028 = DEFINITIONAL_REPRESENTATION('',(#5029),#5037);
#5029 = ( BOUNDED_CURVE() B_SPLINE_CURVE(2,(#5030,#5031,#5032,#5033,
#5034,#5035,#5036),.UNSPECIFIED.,.T.,.F.) B_SPLINE_CURVE_WITH_KNOTS((1,2
    ,2,2,2,1),(-2.094395102393,0.,2.094395102393,4.188790204786,
6.28318530718,8.377580409573),.UNSPECIFIED.) CURVE() 
GEOMETRIC_REPRESENTATION_ITEM() RATIONAL_B_SPLINE_CURVE((1.,0.5,1.,0.5,
1.,0.5,1.)) REPRESENTATION_ITEM('') );
#5030 = CARTESIAN_POINT('',(9.525,6.35));
#5031 = CARTESIAN_POINT('',(9.525,11.849261314031));
#5032 = CARTESIAN_POINT('',(14.2875,9.099630657015));
#5033 = CARTESIAN_POINT('',(19.05,6.35));
#5034 = CARTESIAN_POINT('',(14.2875,3.600369342984));
#5035 = CARTESIAN_POINT('',(9.525,0.850738685969));
#5036 = CARTESIAN_POINT('',(9.525,6.35));
#5037 = ( GEOMETRIC_REPRESENTATION_CONTEXT(2) 
PARAMETRIC_REPRESENTATION_CONTEXT() REPRESENTATION_CONTEXT('2D SPACE',''
  ) );
#5038 = PCURVE('',#3612,#5039);
#5039 = DEFINITIONAL_REPRESENTATION('',(#5040),#5044);
#5040 = LINE('',#5041,#5042);
#5041 = CARTESIAN_POINT('',(0.,0.));
#5042 = VECTOR('',#5043,1.);
#5043 = DIRECTION('',(1.,0.));
#5044 = ( GEOMETRIC_REPRESENTATION_CONTEXT(2) 
PARAMETRIC_REPRESENTATION_CONTEXT() REPRESENTATION_CONTEXT('2D SPACE',''
  ) );
#5045 = ADVANCED_FACE('',(#5046),#2580,.T.);
#5046 = FACE_BOUND('',#5047,.T.);
#5047 = EDGE_LOOP('',(#5048,#5076,#5077,#5078));
#5048 = ORIENTED_EDGE('',*,*,#5049,.F.);
#5049 = EDGE_CURVE('',#2565,#5050,#5052,.T.);
#5050 = VERTEX_POINT('',#5051);
#5051 = CARTESIAN_POINT('',(6.35,2.331468351713E-14,-43.17999942779));
#5052 = SURFACE_CURVE('',#5053,(#5057,#5064),.PCURVE_S1.);
#5053 = LINE('',#5054,#5055);
#5054 = CARTESIAN_POINT('',(6.35,2.331468351713E-14,-43.17999942779));
#5055 = VECTOR('',#5056,1.);
#5056 = DIRECTION('',(1.,1.224646799147E-16,2.22044604925E-16));
#5057 = PCURVE('',#2580,#5058);
#5058 = DEFINITIONAL_REPRESENTATION('',(#5059),#5063);
#5059 = LINE('',#5060,#5061);
#5060 = CARTESIAN_POINT('',(6.35,-43.17999942779));
#5061 = VECTOR('',#5062,1.);
#5062 = DIRECTION('',(1.,-2.465190328816E-32));
#5063 = ( GEOMETRIC_REPRESENTATION_CONTEXT(2) 
PARAMETRIC_REPRESENTATION_CONTEXT() REPRESENTATION_CONTEXT('2D SPACE',''
  ) );
#5064 = PCURVE('',#5065,#5070);
#5065 = CYLINDRICAL_SURFACE('',#5066,5.08);
#5066 = AXIS2_PLACEMENT_3D('',#5067,#5068,#5069);
#5067 = CARTESIAN_POINT('',(6.35,5.08,-43.17999942779));
#5068 = DIRECTION('',(-1.,-1.224646799147E-16,-2.22044604925E-16));
#5069 = DIRECTION('',(-7.041364024483E-17,-0.707106781187,0.707106781187
    ));
#5070 = DEFINITIONAL_REPRESENTATION('',(#5071),#5075);
#5071 = LINE('',#5072,#5073);
#5072 = CARTESIAN_POINT('',(-0.785398163397,0.));
#5073 = VECTOR('',#5074,1.);
#5074 = DIRECTION('',(-6.993530863781E-17,-1.));
#5075 = ( GEOMETRIC_REPRESENTATION_CONTEXT(2) 
PARAMETRIC_REPRESENTATION_CONTEXT() REPRESENTATION_CONTEXT('2D SPACE',''
  ) );
#5076 = ORIENTED_EDGE('',*,*,#2564,.F.);
#5077 = ORIENTED_EDGE('',*,*,#4995,.T.);
#5078 = ORIENTED_EDGE('',*,*,#5079,.F.);
#5079 = EDGE_CURVE('',#5050,#4968,#5080,.T.);
#5080 = SURFACE_CURVE('',#5081,(#5085,#5092),.PCURVE_S1.);
#5081 = LINE('',#5082,#5083);
#5082 = CARTESIAN_POINT('',(6.35,2.331468351713E-14,-95.25));
#5083 = VECTOR('',#5084,1.);
#5084 = DIRECTION('',(2.22044604925E-16,2.465190328816E-32,-1.));
#5085 = PCURVE('',#2580,#5086);
#5086 = DEFINITIONAL_REPRESENTATION('',(#5087),#5091);
#5087 = LINE('',#5088,#5089);
#5088 = CARTESIAN_POINT('',(6.35,-95.25));
#5089 = VECTOR('',#5090,1.);
#5090 = DIRECTION('',(-2.465190328816E-32,-1.));
#5091 = ( GEOMETRIC_REPRESENTATION_CONTEXT(2) 
PARAMETRIC_REPRESENTATION_CONTEXT() REPRESENTATION_CONTEXT('2D SPACE',''
  ) );
#5092 = PCURVE('',#3533,#5093);
#5093 = DEFINITIONAL_REPRESENTATION('',(#5094),#5098);
#5094 = LINE('',#5095,#5096);
#5095 = CARTESIAN_POINT('',(3.926990816987,0.));
#5096 = VECTOR('',#5097,1.);
#5097 = DIRECTION('',(0.,-1.));
#5098 = ( GEOMETRIC_REPRESENTATION_CONTEXT(2) 
PARAMETRIC_REPRESENTATION_CONTEXT() REPRESENTATION_CONTEXT('2D SPACE',''
  ) );
#5099 = ADVANCED_FACE('',(#5100),#2609,.F.);
#5100 = FACE_BOUND('',#5101,.F.);
#5101 = EDGE_LOOP('',(#5102,#5148,#5192,#5193));
#5102 = ORIENTED_EDGE('',*,*,#5103,.F.);
#5103 = EDGE_CURVE('',#5104,#3625,#5106,.T.);
#5104 = VERTEX_POINT('',#5105);
#5105 = CARTESIAN_POINT('',(-6.35,5.08,-38.09999942779));
#5106 = SURFACE_CURVE('',#5107,(#5112,#5141),.PCURVE_S1.);
#5107 = CIRCLE('',#5108,1.27);
#5108 = AXIS2_PLACEMENT_3D('',#5109,#5110,#5111);
#5109 = CARTESIAN_POINT('',(-6.35,6.35,-38.09999942779));
#5110 = DIRECTION('',(2.22044604925E-16,3.697785493223E-32,-1.));
#5111 = DIRECTION('',(-0.707106781187,-0.707106781187,
    -1.570092458684E-16));
#5112 = PCURVE('',#2609,#5113);
#5113 = DEFINITIONAL_REPRESENTATION('',(#5114),#5140);
#5114 = B_SPLINE_CURVE_WITH_KNOTS('',3,(#5115,#5116,#5117,#5118,#5119,
    #5120,#5121,#5122,#5123,#5124,#5125,#5126,#5127,#5128,#5129,#5130,
    #5131,#5132,#5133,#5134,#5135,#5136,#5137,#5138,#5139),
  .UNSPECIFIED.,.F.,.F.,(4,1,1,1,1,1,1,1,1,1,1,1,1,1,1,1,1,1,1,1,1,1,4),
  (5.497787143782,5.569186976818,5.640586809854,5.711986642891,
    5.783386475927,5.854786308963,5.926186141999,5.997585975035,
    6.068985808071,6.140385641107,6.211785474143,6.28318530718,
    6.354585140216,6.425984973252,6.497384806288,6.568784639324,
    6.64018447236,6.711584305396,6.782984138433,6.854383971469,
    6.925783804505,6.997183637541,7.068583470577),
  .QUASI_UNIFORM_KNOTS.);
#5115 = CARTESIAN_POINT('',(-1.570796326795,-1.570796326795));
#5116 = CARTESIAN_POINT('',(-1.570796326795,-1.544363278267));
#5117 = CARTESIAN_POINT('',(-1.570796326795,-1.492271114166));
#5118 = CARTESIAN_POINT('',(-1.570796326795,-1.416189872242));
#5119 = CARTESIAN_POINT('',(-1.570796326795,-1.341892168614));
#5120 = CARTESIAN_POINT('',(-1.570796326795,-1.269134886861));
#5121 = CARTESIAN_POINT('',(-1.570796326795,-1.197690220556));
#5122 = CARTESIAN_POINT('',(-1.570796326795,-1.12734572285));
#5123 = CARTESIAN_POINT('',(-1.570796326795,-1.057900795762));
#5124 = CARTESIAN_POINT('',(-1.570796326795,-0.989164516627));
#5125 = CARTESIAN_POINT('',(-1.570796326795,-0.92095340603));
#5126 = CARTESIAN_POINT('',(-1.570796326795,-0.85308944002));
#5127 = CARTESIAN_POINT('',(-1.570796326795,-0.785398163397));
#5128 = CARTESIAN_POINT('',(-1.570796326795,-0.717706886775));
#5129 = CARTESIAN_POINT('',(-1.570796326795,-0.649842920765));
#5130 = CARTESIAN_POINT('',(-1.570796326795,-0.581631810168));
#5131 = CARTESIAN_POINT('',(-1.570796326795,-0.512895531033));
#5132 = CARTESIAN_POINT('',(-1.570796326795,-0.443450603945));
#5133 = CARTESIAN_POINT('',(-1.570796326795,-0.373106106239));
#5134 = CARTESIAN_POINT('',(-1.570796326795,-0.301661439934));
#5135 = CARTESIAN_POINT('',(-1.570796326795,-0.228904158181));
#5136 = CARTESIAN_POINT('',(-1.570796326795,-0.154606454553));
#5137 = CARTESIAN_POINT('',(-1.570796326795,-7.852521262878E-02));
#5138 = CARTESIAN_POINT('',(-1.570796326795,-2.643304852832E-02));
#5139 = CARTESIAN_POINT('',(-1.570796326795,-9.965781480887E-15));
#5140 = ( GEOMETRIC_REPRESENTATION_CONTEXT(2) 
PARAMETRIC_REPRESENTATION_CONTEXT() REPRESENTATION_CONTEXT('2D SPACE',''
  ) );
#5141 = PCURVE('',#3640,#5142);
#5142 = DEFINITIONAL_REPRESENTATION('',(#5143),#5147);
#5143 = CIRCLE('',#5144,1.27);
#5144 = AXIS2_PLACEMENT_2D('',#5145,#5146);
#5145 = CARTESIAN_POINT('',(19.05,6.35));
#5146 = DIRECTION('',(0.707106781187,-0.707106781187));
#5147 = ( GEOMETRIC_REPRESENTATION_CONTEXT(2) 
PARAMETRIC_REPRESENTATION_CONTEXT() REPRESENTATION_CONTEXT('2D SPACE',''
  ) );
#5148 = ORIENTED_EDGE('',*,*,#5149,.T.);
#5149 = EDGE_CURVE('',#5104,#2565,#5150,.T.);
#5150 = SURFACE_CURVE('',#5151,(#5156,#5185),.PCURVE_S1.);
#5151 = CIRCLE('',#5152,5.08);
#5152 = AXIS2_PLACEMENT_3D('',#5153,#5154,#5155);
#5153 = CARTESIAN_POINT('',(-6.35,5.08,-43.17999942779));
#5154 = DIRECTION('',(1.,2.185478394931E-16,2.185478394931E-16));
#5155 = DIRECTION('',(-2.185478394931E-16,0.,1.));
#5156 = PCURVE('',#2609,#5157);
#5157 = DEFINITIONAL_REPRESENTATION('',(#5158),#5184);
#5158 = B_SPLINE_CURVE_WITH_KNOTS('',3,(#5159,#5160,#5161,#5162,#5163,
    #5164,#5165,#5166,#5167,#5168,#5169,#5170,#5171,#5172,#5173,#5174,
    #5175,#5176,#5177,#5178,#5179,#5180,#5181,#5182,#5183),
  .UNSPECIFIED.,.F.,.F.,(4,1,1,1,1,1,1,1,1,1,1,1,1,1,1,1,1,1,1,1,1,1,4),
  (0.,7.139983303613E-02,0.142799666072,0.214199499108,0.285599332145,
    0.356999165181,0.428398998217,0.499798831253,0.571198664289,
    0.642598497325,0.713998330361,0.785398163397,0.856797996434,
    0.92819782947,0.999597662506,1.070997495542,1.142397328578,
    1.213797161614,1.28519699465,1.356596827687,1.427996660723,
    1.499396493759,1.570796326795),.QUASI_UNIFORM_KNOTS.);
#5159 = CARTESIAN_POINT('',(-1.570796326795,-1.570796326795));
#5160 = CARTESIAN_POINT('',(-1.544363278267,-1.570796326795));
#5161 = CARTESIAN_POINT('',(-1.492271114166,-1.570796326795));
#5162 = CARTESIAN_POINT('',(-1.416189872242,-1.570796326795));
#5163 = CARTESIAN_POINT('',(-1.341892168614,-1.570796326795));
#5164 = CARTESIAN_POINT('',(-1.269134886861,-1.570796326795));
#5165 = CARTESIAN_POINT('',(-1.197690220556,-1.570796326795));
#5166 = CARTESIAN_POINT('',(-1.12734572285,-1.570796326795));
#5167 = CARTESIAN_POINT('',(-1.057900795762,-1.570796326795));
#5168 = CARTESIAN_POINT('',(-0.989164516627,-1.570796326795));
#5169 = CARTESIAN_POINT('',(-0.92095340603,-1.570796326795));
#5170 = CARTESIAN_POINT('',(-0.85308944002,-1.570796326795));
#5171 = CARTESIAN_POINT('',(-0.785398163397,-1.570796326795));
#5172 = CARTESIAN_POINT('',(-0.717706886775,-1.570796326795));
#5173 = CARTESIAN_POINT('',(-0.649842920765,-1.570796326795));
#5174 = CARTESIAN_POINT('',(-0.581631810168,-1.570796326795));
#5175 = CARTESIAN_POINT('',(-0.512895531033,-1.570796326795));
#5176 = CARTESIAN_POINT('',(-0.443450603945,-1.570796326795));
#5177 = CARTESIAN_POINT('',(-0.373106106239,-1.570796326795));
#5178 = CARTESIAN_POINT('',(-0.301661439934,-1.570796326795));
#5179 = CARTESIAN_POINT('',(-0.228904158181,-1.570796326795));
#5180 = CARTESIAN_POINT('',(-0.154606454553,-1.570796326795));
#5181 = CARTESIAN_POINT('',(-7.852521262872E-02,-1.570796326795));
#5182 = CARTESIAN_POINT('',(-2.643304852828E-02,-1.570796326795));
#5183 = CARTESIAN_POINT('',(-1.70478435972E-15,-1.570796326795));
#5184 = ( GEOMETRIC_REPRESENTATION_CONTEXT(2) 
PARAMETRIC_REPRESENTATION_CONTEXT() REPRESENTATION_CONTEXT('2D SPACE',''
  ) );
#5185 = PCURVE('',#5065,#5186);
#5186 = DEFINITIONAL_REPRESENTATION('',(#5187),#5191);
#5187 = LINE('',#5188,#5189);
#5188 = CARTESIAN_POINT('',(0.785398163397,12.7));
#5189 = VECTOR('',#5190,1.);
#5190 = DIRECTION('',(-1.,0.));
#5191 = ( GEOMETRIC_REPRESENTATION_CONTEXT(2) 
PARAMETRIC_REPRESENTATION_CONTEXT() REPRESENTATION_CONTEXT('2D SPACE',''
  ) );
#5192 = ORIENTED_EDGE('',*,*,#2592,.F.);
#5193 = ORIENTED_EDGE('',*,*,#3652,.T.);
#5194 = ADVANCED_FACE('',(#5195),#2756,.T.);
#5195 = FACE_BOUND('',#5196,.T.);
#5196 = EDGE_LOOP('',(#5197,#5198,#5199,#5200));
#5197 = ORIENTED_EDGE('',*,*,#2719,.T.);
#5198 = ORIENTED_EDGE('',*,*,#3858,.T.);
#5199 = ORIENTED_EDGE('',*,*,#2891,.F.);
#5200 = ORIENTED_EDGE('',*,*,#2774,.T.);
#5201 = ADVANCED_FACE('',(#5202),#2959,.T.);
#5202 = FACE_BOUND('',#5203,.T.);
#5203 = EDGE_LOOP('',(#5204,#5205,#5228,#5261));
#5204 = ORIENTED_EDGE('',*,*,#2940,.T.);
#5205 = ORIENTED_EDGE('',*,*,#5206,.T.);
#5206 = EDGE_CURVE('',#2943,#5207,#5209,.T.);
#5207 = VERTEX_POINT('',#5208);
#5208 = CARTESIAN_POINT('',(25.39999961947,-15.24,-17.77999961947));
#5209 = SURFACE_CURVE('',#5210,(#5214,#5221),.PCURVE_S1.);
#5210 = LINE('',#5211,#5212);
#5211 = CARTESIAN_POINT('',(25.39999961947,-8.89,-17.77999961947));
#5212 = VECTOR('',#5213,1.);
#5213 = DIRECTION('',(0.,-1.,-2.22044604925E-16));
#5214 = PCURVE('',#2959,#5215);
#5215 = DEFINITIONAL_REPRESENTATION('',(#5216),#5220);
#5216 = LINE('',#5217,#5218);
#5217 = CARTESIAN_POINT('',(-0.785398163397,-8.881784197001E-16));
#5218 = VECTOR('',#5219,1.);
#5219 = DIRECTION('',(-6.993530863781E-17,-1.));
#5220 = ( GEOMETRIC_REPRESENTATION_CONTEXT(2) 
PARAMETRIC_REPRESENTATION_CONTEXT() REPRESENTATION_CONTEXT('2D SPACE',''
  ) );
#5221 = PCURVE('',#2987,#5222);
#5222 = DEFINITIONAL_REPRESENTATION('',(#5223),#5227);
#5223 = LINE('',#5224,#5225);
#5224 = CARTESIAN_POINT('',(-3.947952990968E-15,17.779999619));
#5225 = VECTOR('',#5226,1.);
#5226 = DIRECTION('',(-1.,-2.465190328816E-32));
#5227 = ( GEOMETRIC_REPRESENTATION_CONTEXT(2) 
PARAMETRIC_REPRESENTATION_CONTEXT() REPRESENTATION_CONTEXT('2D SPACE',''
  ) );
#5228 = ORIENTED_EDGE('',*,*,#5229,.T.);
#5229 = EDGE_CURVE('',#5207,#5230,#5232,.T.);
#5230 = VERTEX_POINT('',#5231);
#5231 = CARTESIAN_POINT('',(17.77999961947,-15.24,-25.39999961947));
#5232 = SURFACE_CURVE('',#5233,(#5238,#5245),.PCURVE_S1.);
#5233 = CIRCLE('',#5234,7.62);
#5234 = AXIS2_PLACEMENT_3D('',#5235,#5236,#5237);
#5235 = CARTESIAN_POINT('',(17.77999961947,-15.24,-17.77999961947));
#5236 = DIRECTION('',(0.,1.,2.22044604925E-16));
#5237 = DIRECTION('',(0.707106781187,1.570092458684E-16,-0.707106781187)
  );
#5238 = PCURVE('',#2959,#5239);
#5239 = DEFINITIONAL_REPRESENTATION('',(#5240),#5244);
#5240 = LINE('',#5241,#5242);
#5241 = CARTESIAN_POINT('',(-6.28318530718,-6.35));
#5242 = VECTOR('',#5243,1.);
#5243 = DIRECTION('',(1.,0.));
#5244 = ( GEOMETRIC_REPRESENTATION_CONTEXT(2) 
PARAMETRIC_REPRESENTATION_CONTEXT() REPRESENTATION_CONTEXT('2D SPACE',''
  ) );
#5245 = PCURVE('',#5246,#5251);
#5246 = PLANE('',#5247);
#5247 = AXIS2_PLACEMENT_3D('',#5248,#5249,#5250);
#5248 = CARTESIAN_POINT('',(4.697264799347E-10,-15.24,
    -4.697278899179E-10));
#5249 = DIRECTION('',(0.,-1.,-2.22044604925E-16));
#5250 = DIRECTION('',(0.,2.22044604925E-16,-1.));
#5251 = DEFINITIONAL_REPRESENTATION('',(#5252),#5260);
#5252 = ( BOUNDED_CURVE() B_SPLINE_CURVE(2,(#5253,#5254,#5255,#5256,
#5257,#5258,#5259),.UNSPECIFIED.,.T.,.F.) B_SPLINE_CURVE_WITH_KNOTS((1,2
    ,2,2,2,1),(-2.094395102393,0.,2.094395102393,4.188790204786,
6.28318530718,8.377580409573),.UNSPECIFIED.) CURVE() 
GEOMETRIC_REPRESENTATION_ITEM() RATIONAL_B_SPLINE_CURVE((1.,0.5,1.,0.5,
1.,0.5,1.)) REPRESENTATION_ITEM('') );
#5253 = CARTESIAN_POINT('',(23.168153291641,23.168153291641));
#5254 = CARTESIAN_POINT('',(32.500709211645,13.835597371638));
#5255 = CARTESIAN_POINT('',(19.752200742681,10.419644822677));
#5256 = CARTESIAN_POINT('',(7.003692273717,7.003692273717));
#5257 = CARTESIAN_POINT('',(10.419644822677,19.752200742681));
#5258 = CARTESIAN_POINT('',(13.835597371638,32.500709211645));
#5259 = CARTESIAN_POINT('',(23.168153291641,23.168153291641));
#5260 = ( GEOMETRIC_REPRESENTATION_CONTEXT(2) 
PARAMETRIC_REPRESENTATION_CONTEXT() REPRESENTATION_CONTEXT('2D SPACE',''
  ) );
#5261 = ORIENTED_EDGE('',*,*,#5262,.T.);
#5262 = EDGE_CURVE('',#5230,#2941,#5263,.T.);
#5263 = SURFACE_CURVE('',#5264,(#5268,#5275),.PCURVE_S1.);
#5264 = LINE('',#5265,#5266);
#5265 = CARTESIAN_POINT('',(17.77999961947,-8.89,-25.39999961947));
#5266 = VECTOR('',#5267,1.);
#5267 = DIRECTION('',(0.,1.,2.22044604925E-16));
#5268 = PCURVE('',#2959,#5269);
#5269 = DEFINITIONAL_REPRESENTATION('',(#5270),#5274);
#5270 = LINE('',#5271,#5272);
#5271 = CARTESIAN_POINT('',(0.785398163397,8.881784197001E-15));
#5272 = VECTOR('',#5273,1.);
#5273 = DIRECTION('',(-1.748382715945E-17,1.));
#5274 = ( GEOMETRIC_REPRESENTATION_CONTEXT(2) 
PARAMETRIC_REPRESENTATION_CONTEXT() REPRESENTATION_CONTEXT('2D SPACE',''
  ) );
#5275 = PCURVE('',#3156,#5276);
#5276 = DEFINITIONAL_REPRESENTATION('',(#5277),#5281);
#5277 = LINE('',#5278,#5279);
#5278 = CARTESIAN_POINT('',(0.,17.779999619));
#5279 = VECTOR('',#5280,1.);
#5280 = DIRECTION('',(-1.,0.));
#5281 = ( GEOMETRIC_REPRESENTATION_CONTEXT(2) 
PARAMETRIC_REPRESENTATION_CONTEXT() REPRESENTATION_CONTEXT('2D SPACE',''
  ) );
#5282 = ADVANCED_FACE('',(#5283),#3156,.F.);
#5283 = FACE_BOUND('',#5284,.T.);
#5284 = EDGE_LOOP('',(#5285,#5286,#5309,#5330));
#5285 = ORIENTED_EDGE('',*,*,#5262,.F.);
#5286 = ORIENTED_EDGE('',*,*,#5287,.F.);
#5287 = EDGE_CURVE('',#5288,#5230,#5290,.T.);
#5288 = VERTEX_POINT('',#5289);
#5289 = CARTESIAN_POINT('',(-17.77999961853,-15.24,-25.39999961947));
#5290 = SURFACE_CURVE('',#5291,(#5295,#5302),.PCURVE_S1.);
#5291 = LINE('',#5292,#5293);
#5292 = CARTESIAN_POINT('',(4.697264799347E-10,-15.24,-25.39999961947));
#5293 = VECTOR('',#5294,1.);
#5294 = DIRECTION('',(1.,0.,0.));
#5295 = PCURVE('',#3156,#5296);
#5296 = DEFINITIONAL_REPRESENTATION('',(#5297),#5301);
#5297 = LINE('',#5298,#5299);
#5298 = CARTESIAN_POINT('',(6.35,0.));
#5299 = VECTOR('',#5300,1.);
#5300 = DIRECTION('',(0.,1.));
#5301 = ( GEOMETRIC_REPRESENTATION_CONTEXT(2) 
PARAMETRIC_REPRESENTATION_CONTEXT() REPRESENTATION_CONTEXT('2D SPACE',''
  ) );
#5302 = PCURVE('',#5246,#5303);
#5303 = DEFINITIONAL_REPRESENTATION('',(#5304),#5308);
#5304 = LINE('',#5305,#5306);
#5305 = CARTESIAN_POINT('',(25.399999619,0.));
#5306 = VECTOR('',#5307,1.);
#5307 = DIRECTION('',(0.,1.));
#5308 = ( GEOMETRIC_REPRESENTATION_CONTEXT(2) 
PARAMETRIC_REPRESENTATION_CONTEXT() REPRESENTATION_CONTEXT('2D SPACE',''
  ) );
#5309 = ORIENTED_EDGE('',*,*,#5310,.F.);
#5310 = EDGE_CURVE('',#3114,#5288,#5311,.T.);
#5311 = SURFACE_CURVE('',#5312,(#5316,#5323),.PCURVE_S1.);
#5312 = LINE('',#5313,#5314);
#5313 = CARTESIAN_POINT('',(-17.77999961853,-8.89,-25.39999961947));
#5314 = VECTOR('',#5315,1.);
#5315 = DIRECTION('',(0.,-1.,-2.22044604925E-16));
#5316 = PCURVE('',#3156,#5317);
#5317 = DEFINITIONAL_REPRESENTATION('',(#5318),#5322);
#5318 = LINE('',#5319,#5320);
#5319 = CARTESIAN_POINT('',(-0.,-17.779999619));
#5320 = VECTOR('',#5321,1.);
#5321 = DIRECTION('',(1.,0.));
#5322 = ( GEOMETRIC_REPRESENTATION_CONTEXT(2) 
PARAMETRIC_REPRESENTATION_CONTEXT() REPRESENTATION_CONTEXT('2D SPACE',''
  ) );
#5323 = PCURVE('',#3130,#5324);
#5324 = DEFINITIONAL_REPRESENTATION('',(#5325),#5329);
#5325 = LINE('',#5326,#5327);
#5326 = CARTESIAN_POINT('',(-0.785398163397,8.881784197001E-15));
#5327 = VECTOR('',#5328,1.);
#5328 = DIRECTION('',(0.,-1.));
#5329 = ( GEOMETRIC_REPRESENTATION_CONTEXT(2) 
PARAMETRIC_REPRESENTATION_CONTEXT() REPRESENTATION_CONTEXT('2D SPACE',''
  ) );
#5330 = ORIENTED_EDGE('',*,*,#3142,.F.);
#5331 = ADVANCED_FACE('',(#5332),#2987,.F.);
#5332 = FACE_BOUND('',#5333,.T.);
#5333 = EDGE_LOOP('',(#5334,#5335,#5336,#5359));
#5334 = ORIENTED_EDGE('',*,*,#5206,.F.);
#5335 = ORIENTED_EDGE('',*,*,#2971,.F.);
#5336 = ORIENTED_EDGE('',*,*,#5337,.F.);
#5337 = EDGE_CURVE('',#5338,#2972,#5340,.T.);
#5338 = VERTEX_POINT('',#5339);
#5339 = CARTESIAN_POINT('',(25.39999961947,-15.24,17.77999961853));
#5340 = SURFACE_CURVE('',#5341,(#5345,#5352),.PCURVE_S1.);
#5341 = LINE('',#5342,#5343);
#5342 = CARTESIAN_POINT('',(25.39999961947,-8.89,17.77999961853));
#5343 = VECTOR('',#5344,1.);
#5344 = DIRECTION('',(0.,1.,2.22044604925E-16));
#5345 = PCURVE('',#2987,#5346);
#5346 = DEFINITIONAL_REPRESENTATION('',(#5347),#5351);
#5347 = LINE('',#5348,#5349);
#5348 = CARTESIAN_POINT('',(3.947952990968E-15,-17.779999619));
#5349 = VECTOR('',#5350,1.);
#5350 = DIRECTION('',(1.,2.465190328816E-32));
#5351 = ( GEOMETRIC_REPRESENTATION_CONTEXT(2) 
PARAMETRIC_REPRESENTATION_CONTEXT() REPRESENTATION_CONTEXT('2D SPACE',''
  ) );
#5352 = PCURVE('',#3016,#5353);
#5353 = DEFINITIONAL_REPRESENTATION('',(#5354),#5358);
#5354 = LINE('',#5355,#5356);
#5355 = CARTESIAN_POINT('',(0.785398163397,0.));
#5356 = VECTOR('',#5357,1.);
#5357 = DIRECTION('',(7.867722221753E-17,1.));
#5358 = ( GEOMETRIC_REPRESENTATION_CONTEXT(2) 
PARAMETRIC_REPRESENTATION_CONTEXT() REPRESENTATION_CONTEXT('2D SPACE',''
  ) );
#5359 = ORIENTED_EDGE('',*,*,#5360,.F.);
#5360 = EDGE_CURVE('',#5207,#5338,#5361,.T.);
#5361 = SURFACE_CURVE('',#5362,(#5366,#5373),.PCURVE_S1.);
#5362 = LINE('',#5363,#5364);
#5363 = CARTESIAN_POINT('',(25.39999961947,-15.24,-4.697278899179E-10));
#5364 = VECTOR('',#5365,1.);
#5365 = DIRECTION('',(0.,-2.22044604925E-16,1.));
#5366 = PCURVE('',#2987,#5367);
#5367 = DEFINITIONAL_REPRESENTATION('',(#5368),#5372);
#5368 = LINE('',#5369,#5370);
#5369 = CARTESIAN_POINT('',(-6.35,-1.861135867861E-25));
#5370 = VECTOR('',#5371,1.);
#5371 = DIRECTION('',(2.465190328816E-32,-1.));
#5372 = ( GEOMETRIC_REPRESENTATION_CONTEXT(2) 
PARAMETRIC_REPRESENTATION_CONTEXT() REPRESENTATION_CONTEXT('2D SPACE',''
  ) );
#5373 = PCURVE('',#5246,#5374);
#5374 = DEFINITIONAL_REPRESENTATION('',(#5375),#5379);
#5375 = LINE('',#5376,#5377);
#5376 = CARTESIAN_POINT('',(0.,25.399999619));
#5377 = VECTOR('',#5378,1.);
#5378 = DIRECTION('',(-1.,0.));
#5379 = ( GEOMETRIC_REPRESENTATION_CONTEXT(2) 
PARAMETRIC_REPRESENTATION_CONTEXT() REPRESENTATION_CONTEXT('2D SPACE',''
  ) );
#5380 = ADVANCED_FACE('',(#5381),#3130,.T.);
#5381 = FACE_BOUND('',#5382,.T.);
#5382 = EDGE_LOOP('',(#5383,#5384,#5385,#5413));
#5383 = ORIENTED_EDGE('',*,*,#3113,.T.);
#5384 = ORIENTED_EDGE('',*,*,#5310,.T.);
#5385 = ORIENTED_EDGE('',*,*,#5386,.T.);
#5386 = EDGE_CURVE('',#5288,#5387,#5389,.T.);
#5387 = VERTEX_POINT('',#5388);
#5388 = CARTESIAN_POINT('',(-25.39999961853,-15.24,-17.77999961947));
#5389 = SURFACE_CURVE('',#5390,(#5395,#5402),.PCURVE_S1.);
#5390 = CIRCLE('',#5391,7.62);
#5391 = AXIS2_PLACEMENT_3D('',#5392,#5393,#5394);
#5392 = CARTESIAN_POINT('',(-17.77999961853,-15.24,-17.77999961947));
#5393 = DIRECTION('',(0.,1.,2.22044604925E-16));
#5394 = DIRECTION('',(-0.707106781187,1.570092458684E-16,-0.707106781187
    ));
#5395 = PCURVE('',#3130,#5396);
#5396 = DEFINITIONAL_REPRESENTATION('',(#5397),#5401);
#5397 = LINE('',#5398,#5399);
#5398 = CARTESIAN_POINT('',(-6.28318530718,-6.35));
#5399 = VECTOR('',#5400,1.);
#5400 = DIRECTION('',(1.,0.));
#5401 = ( GEOMETRIC_REPRESENTATION_CONTEXT(2) 
PARAMETRIC_REPRESENTATION_CONTEXT() REPRESENTATION_CONTEXT('2D SPACE',''
  ) );
#5402 = PCURVE('',#5246,#5403);
#5403 = DEFINITIONAL_REPRESENTATION('',(#5404),#5412);
#5404 = ( BOUNDED_CURVE() B_SPLINE_CURVE(2,(#5405,#5406,#5407,#5408,
#5409,#5410,#5411),.UNSPECIFIED.,.T.,.F.) B_SPLINE_CURVE_WITH_KNOTS((1,2
    ,2,2,2,1),(-2.094395102393,0.,2.094395102393,4.188790204786,
6.28318530718,8.377580409573),.UNSPECIFIED.) CURVE() 
GEOMETRIC_REPRESENTATION_ITEM() RATIONAL_B_SPLINE_CURVE((1.,0.5,1.,0.5,
1.,0.5,1.)) REPRESENTATION_ITEM('') );
#5405 = CARTESIAN_POINT('',(23.168153291641,-23.16815329164));
#5406 = CARTESIAN_POINT('',(13.835597371638,-32.50070921164));
#5407 = CARTESIAN_POINT('',(10.419644822677,-19.75220074268));
#5408 = CARTESIAN_POINT('',(7.003692273717,-7.003692273717));
#5409 = CARTESIAN_POINT('',(19.752200742681,-10.41964482267));
#5410 = CARTESIAN_POINT('',(32.500709211645,-13.83559737163));
#5411 = CARTESIAN_POINT('',(23.168153291641,-23.16815329164));
#5412 = ( GEOMETRIC_REPRESENTATION_CONTEXT(2) 
PARAMETRIC_REPRESENTATION_CONTEXT() REPRESENTATION_CONTEXT('2D SPACE',''
  ) );
#5413 = ORIENTED_EDGE('',*,*,#5414,.T.);
#5414 = EDGE_CURVE('',#5387,#3086,#5415,.T.);
#5415 = SURFACE_CURVE('',#5416,(#5420,#5427),.PCURVE_S1.);
#5416 = LINE('',#5417,#5418);
#5417 = CARTESIAN_POINT('',(-25.39999961853,-8.89,-17.77999961947));
#5418 = VECTOR('',#5419,1.);
#5419 = DIRECTION('',(0.,1.,2.22044604925E-16));
#5420 = PCURVE('',#3130,#5421);
#5421 = DEFINITIONAL_REPRESENTATION('',(#5422),#5426);
#5422 = LINE('',#5423,#5424);
#5423 = CARTESIAN_POINT('',(0.785398163397,0.));
#5424 = VECTOR('',#5425,1.);
#5425 = DIRECTION('',(-7.867722221753E-17,1.));
#5426 = ( GEOMETRIC_REPRESENTATION_CONTEXT(2) 
PARAMETRIC_REPRESENTATION_CONTEXT() REPRESENTATION_CONTEXT('2D SPACE',''
  ) );
#5427 = PCURVE('',#3101,#5428);
#5428 = DEFINITIONAL_REPRESENTATION('',(#5429),#5433);
#5429 = LINE('',#5430,#5431);
#5430 = CARTESIAN_POINT('',(3.947952990968E-15,17.779999619));
#5431 = VECTOR('',#5432,1.);
#5432 = DIRECTION('',(-1.,2.465190328816E-32));
#5433 = ( GEOMETRIC_REPRESENTATION_CONTEXT(2) 
PARAMETRIC_REPRESENTATION_CONTEXT() REPRESENTATION_CONTEXT('2D SPACE',''
  ) );
#5434 = ADVANCED_FACE('',(#5435),#3016,.T.);
#5435 = FACE_BOUND('',#5436,.T.);
#5436 = EDGE_LOOP('',(#5437,#5438,#5461,#5487));
#5437 = ORIENTED_EDGE('',*,*,#2999,.T.);
#5438 = ORIENTED_EDGE('',*,*,#5439,.T.);
#5439 = EDGE_CURVE('',#3000,#5440,#5442,.T.);
#5440 = VERTEX_POINT('',#5441);
#5441 = CARTESIAN_POINT('',(17.77999961947,-15.24,25.39999961853));
#5442 = SURFACE_CURVE('',#5443,(#5447,#5454),.PCURVE_S1.);
#5443 = LINE('',#5444,#5445);
#5444 = CARTESIAN_POINT('',(17.77999961947,-8.89,25.39999961853));
#5445 = VECTOR('',#5446,1.);
#5446 = DIRECTION('',(0.,-1.,-2.22044604925E-16));
#5447 = PCURVE('',#3016,#5448);
#5448 = DEFINITIONAL_REPRESENTATION('',(#5449),#5453);
#5449 = LINE('',#5450,#5451);
#5450 = CARTESIAN_POINT('',(-0.785398163397,-7.105427357601E-15));
#5451 = VECTOR('',#5452,1.);
#5452 = DIRECTION('',(0.,-1.));
#5453 = ( GEOMETRIC_REPRESENTATION_CONTEXT(2) 
PARAMETRIC_REPRESENTATION_CONTEXT() REPRESENTATION_CONTEXT('2D SPACE',''
  ) );
#5454 = PCURVE('',#3044,#5455);
#5455 = DEFINITIONAL_REPRESENTATION('',(#5456),#5460);
#5456 = LINE('',#5457,#5458);
#5457 = CARTESIAN_POINT('',(0.,17.779999619));
#5458 = VECTOR('',#5459,1.);
#5459 = DIRECTION('',(-1.,0.));
#5460 = ( GEOMETRIC_REPRESENTATION_CONTEXT(2) 
PARAMETRIC_REPRESENTATION_CONTEXT() REPRESENTATION_CONTEXT('2D SPACE',''
  ) );
#5461 = ORIENTED_EDGE('',*,*,#5462,.T.);
#5462 = EDGE_CURVE('',#5440,#5338,#5463,.T.);
#5463 = SURFACE_CURVE('',#5464,(#5469,#5476),.PCURVE_S1.);
#5464 = CIRCLE('',#5465,7.62);
#5465 = AXIS2_PLACEMENT_3D('',#5466,#5467,#5468);
#5466 = CARTESIAN_POINT('',(17.77999961947,-15.24,17.77999961853));
#5467 = DIRECTION('',(0.,1.,2.22044604925E-16));
#5468 = DIRECTION('',(0.707106781187,-1.570092458684E-16,0.707106781187)
  );
#5469 = PCURVE('',#3016,#5470);
#5470 = DEFINITIONAL_REPRESENTATION('',(#5471),#5475);
#5471 = LINE('',#5472,#5473);
#5472 = CARTESIAN_POINT('',(-6.28318530718,-6.35));
#5473 = VECTOR('',#5474,1.);
#5474 = DIRECTION('',(1.,0.));
#5475 = ( GEOMETRIC_REPRESENTATION_CONTEXT(2) 
PARAMETRIC_REPRESENTATION_CONTEXT() REPRESENTATION_CONTEXT('2D SPACE',''
  ) );
#5476 = PCURVE('',#5246,#5477);
#5477 = DEFINITIONAL_REPRESENTATION('',(#5478),#5486);
#5478 = ( BOUNDED_CURVE() B_SPLINE_CURVE(2,(#5479,#5480,#5481,#5482,
#5483,#5484,#5485),.UNSPECIFIED.,.T.,.F.) B_SPLINE_CURVE_WITH_KNOTS((1,2
    ,2,2,2,1),(-2.094395102393,0.,2.094395102393,4.188790204786,
6.28318530718,8.377580409573),.UNSPECIFIED.) CURVE() 
GEOMETRIC_REPRESENTATION_ITEM() RATIONAL_B_SPLINE_CURVE((1.,0.5,1.,0.5,
1.,0.5,1.)) REPRESENTATION_ITEM('') );
#5479 = CARTESIAN_POINT('',(-23.16815329164,23.168153291641));
#5480 = CARTESIAN_POINT('',(-13.83559737163,32.500709211645));
#5481 = CARTESIAN_POINT('',(-10.41964482267,19.752200742681));
#5482 = CARTESIAN_POINT('',(-7.003692273717,7.003692273717));
#5483 = CARTESIAN_POINT('',(-19.75220074268,10.419644822677));
#5484 = CARTESIAN_POINT('',(-32.50070921164,13.835597371638));
#5485 = CARTESIAN_POINT('',(-23.16815329164,23.168153291641));
#5486 = ( GEOMETRIC_REPRESENTATION_CONTEXT(2) 
PARAMETRIC_REPRESENTATION_CONTEXT() REPRESENTATION_CONTEXT('2D SPACE',''
  ) );
#5487 = ORIENTED_EDGE('',*,*,#5337,.T.);
#5488 = ADVANCED_FACE('',(#5489),#3101,.F.);
#5489 = FACE_BOUND('',#5490,.T.);
#5490 = EDGE_LOOP('',(#5491,#5514,#5515,#5516));
#5491 = ORIENTED_EDGE('',*,*,#5492,.F.);
#5492 = EDGE_CURVE('',#3057,#5493,#5495,.T.);
#5493 = VERTEX_POINT('',#5494);
#5494 = CARTESIAN_POINT('',(-25.39999961853,-15.24,17.77999961853));
#5495 = SURFACE_CURVE('',#5496,(#5500,#5507),.PCURVE_S1.);
#5496 = LINE('',#5497,#5498);
#5497 = CARTESIAN_POINT('',(-25.39999961853,-8.89,17.77999961853));
#5498 = VECTOR('',#5499,1.);
#5499 = DIRECTION('',(0.,-1.,-2.22044604925E-16));
#5500 = PCURVE('',#3101,#5501);
#5501 = DEFINITIONAL_REPRESENTATION('',(#5502),#5506);
#5502 = LINE('',#5503,#5504);
#5503 = CARTESIAN_POINT('',(-3.947952990968E-15,-17.779999619));
#5504 = VECTOR('',#5505,1.);
#5505 = DIRECTION('',(1.,-2.465190328816E-32));
#5506 = ( GEOMETRIC_REPRESENTATION_CONTEXT(2) 
PARAMETRIC_REPRESENTATION_CONTEXT() REPRESENTATION_CONTEXT('2D SPACE',''
  ) );
#5507 = PCURVE('',#3073,#5508);
#5508 = DEFINITIONAL_REPRESENTATION('',(#5509),#5513);
#5509 = LINE('',#5510,#5511);
#5510 = CARTESIAN_POINT('',(-0.785398163397,8.881784197001E-16));
#5511 = VECTOR('',#5512,1.);
#5512 = DIRECTION('',(6.993530863781E-17,-1.));
#5513 = ( GEOMETRIC_REPRESENTATION_CONTEXT(2) 
PARAMETRIC_REPRESENTATION_CONTEXT() REPRESENTATION_CONTEXT('2D SPACE',''
  ) );
#5514 = ORIENTED_EDGE('',*,*,#3085,.F.);
#5515 = ORIENTED_EDGE('',*,*,#5414,.F.);
#5516 = ORIENTED_EDGE('',*,*,#5517,.F.);
#5517 = EDGE_CURVE('',#5493,#5387,#5518,.T.);
#5518 = SURFACE_CURVE('',#5519,(#5523,#5530),.PCURVE_S1.);
#5519 = LINE('',#5520,#5521);
#5520 = CARTESIAN_POINT('',(-25.39999961853,-15.24,-4.697278899179E-10)
  );
#5521 = VECTOR('',#5522,1.);
#5522 = DIRECTION('',(0.,2.22044604925E-16,-1.));
#5523 = PCURVE('',#3101,#5524);
#5524 = DEFINITIONAL_REPRESENTATION('',(#5525),#5529);
#5525 = LINE('',#5526,#5527);
#5526 = CARTESIAN_POINT('',(6.35,-1.861135867861E-25));
#5527 = VECTOR('',#5528,1.);
#5528 = DIRECTION('',(2.465190328816E-32,1.));
#5529 = ( GEOMETRIC_REPRESENTATION_CONTEXT(2) 
PARAMETRIC_REPRESENTATION_CONTEXT() REPRESENTATION_CONTEXT('2D SPACE',''
  ) );
#5530 = PCURVE('',#5246,#5531);
#5531 = DEFINITIONAL_REPRESENTATION('',(#5532),#5536);
#5532 = LINE('',#5533,#5534);
#5533 = CARTESIAN_POINT('',(0.,-25.399999619));
#5534 = VECTOR('',#5535,1.);
#5535 = DIRECTION('',(1.,0.));
#5536 = ( GEOMETRIC_REPRESENTATION_CONTEXT(2) 
PARAMETRIC_REPRESENTATION_CONTEXT() REPRESENTATION_CONTEXT('2D SPACE',''
  ) );
#5537 = ADVANCED_FACE('',(#5538),#3044,.F.);
#5538 = FACE_BOUND('',#5539,.T.);
#5539 = EDGE_LOOP('',(#5540,#5541,#5542,#5565));
#5540 = ORIENTED_EDGE('',*,*,#5439,.F.);
#5541 = ORIENTED_EDGE('',*,*,#3028,.F.);
#5542 = ORIENTED_EDGE('',*,*,#5543,.F.);
#5543 = EDGE_CURVE('',#5544,#3029,#5546,.T.);
#5544 = VERTEX_POINT('',#5545);
#5545 = CARTESIAN_POINT('',(-17.77999961853,-15.24,25.39999961853));
#5546 = SURFACE_CURVE('',#5547,(#5551,#5558),.PCURVE_S1.);
#5547 = LINE('',#5548,#5549);
#5548 = CARTESIAN_POINT('',(-17.77999961853,-8.89,25.39999961853));
#5549 = VECTOR('',#5550,1.);
#5550 = DIRECTION('',(0.,1.,2.22044604925E-16));
#5551 = PCURVE('',#3044,#5552);
#5552 = DEFINITIONAL_REPRESENTATION('',(#5553),#5557);
#5553 = LINE('',#5554,#5555);
#5554 = CARTESIAN_POINT('',(0.,-17.779999619));
#5555 = VECTOR('',#5556,1.);
#5556 = DIRECTION('',(1.,0.));
#5557 = ( GEOMETRIC_REPRESENTATION_CONTEXT(2) 
PARAMETRIC_REPRESENTATION_CONTEXT() REPRESENTATION_CONTEXT('2D SPACE',''
  ) );
#5558 = PCURVE('',#3073,#5559);
#5559 = DEFINITIONAL_REPRESENTATION('',(#5560),#5564);
#5560 = LINE('',#5561,#5562);
#5561 = CARTESIAN_POINT('',(0.785398163397,-7.105427357601E-15));
#5562 = VECTOR('',#5563,1.);
#5563 = DIRECTION('',(8.741913579726E-18,1.));
#5564 = ( GEOMETRIC_REPRESENTATION_CONTEXT(2) 
PARAMETRIC_REPRESENTATION_CONTEXT() REPRESENTATION_CONTEXT('2D SPACE',''
  ) );
#5565 = ORIENTED_EDGE('',*,*,#5566,.F.);
#5566 = EDGE_CURVE('',#5440,#5544,#5567,.T.);
#5567 = SURFACE_CURVE('',#5568,(#5572,#5579),.PCURVE_S1.);
#5568 = LINE('',#5569,#5570);
#5569 = CARTESIAN_POINT('',(4.697264799347E-10,-15.24,25.39999961853));
#5570 = VECTOR('',#5571,1.);
#5571 = DIRECTION('',(-1.,0.,0.));
#5572 = PCURVE('',#3044,#5573);
#5573 = DEFINITIONAL_REPRESENTATION('',(#5574),#5578);
#5574 = LINE('',#5575,#5576);
#5575 = CARTESIAN_POINT('',(-6.35,0.));
#5576 = VECTOR('',#5577,1.);
#5577 = DIRECTION('',(0.,-1.));
#5578 = ( GEOMETRIC_REPRESENTATION_CONTEXT(2) 
PARAMETRIC_REPRESENTATION_CONTEXT() REPRESENTATION_CONTEXT('2D SPACE',''
  ) );
#5579 = PCURVE('',#5246,#5580);
#5580 = DEFINITIONAL_REPRESENTATION('',(#5581),#5585);
#5581 = LINE('',#5582,#5583);
#5582 = CARTESIAN_POINT('',(-25.399999619,0.));
#5583 = VECTOR('',#5584,1.);
#5584 = DIRECTION('',(0.,-1.));
#5585 = ( GEOMETRIC_REPRESENTATION_CONTEXT(2) 
PARAMETRIC_REPRESENTATION_CONTEXT() REPRESENTATION_CONTEXT('2D SPACE',''
  ) );
#5586 = ADVANCED_FACE('',(#5587),#3073,.T.);
#5587 = FACE_BOUND('',#5588,.T.);
#5588 = EDGE_LOOP('',(#5589,#5590,#5591,#5617));
#5589 = ORIENTED_EDGE('',*,*,#3056,.T.);
#5590 = ORIENTED_EDGE('',*,*,#5492,.T.);
#5591 = ORIENTED_EDGE('',*,*,#5592,.T.);
#5592 = EDGE_CURVE('',#5493,#5544,#5593,.T.);
#5593 = SURFACE_CURVE('',#5594,(#5599,#5606),.PCURVE_S1.);
#5594 = CIRCLE('',#5595,7.62);
#5595 = AXIS2_PLACEMENT_3D('',#5596,#5597,#5598);
#5596 = CARTESIAN_POINT('',(-17.77999961853,-15.24,17.77999961853));
#5597 = DIRECTION('',(0.,1.,2.22044604925E-16));
#5598 = DIRECTION('',(-0.707106781187,-1.570092458684E-16,0.707106781187
    ));
#5599 = PCURVE('',#3073,#5600);
#5600 = DEFINITIONAL_REPRESENTATION('',(#5601),#5605);
#5601 = LINE('',#5602,#5603);
#5602 = CARTESIAN_POINT('',(-6.28318530718,-6.35));
#5603 = VECTOR('',#5604,1.);
#5604 = DIRECTION('',(1.,0.));
#5605 = ( GEOMETRIC_REPRESENTATION_CONTEXT(2) 
PARAMETRIC_REPRESENTATION_CONTEXT() REPRESENTATION_CONTEXT('2D SPACE',''
  ) );
#5606 = PCURVE('',#5246,#5607);
#5607 = DEFINITIONAL_REPRESENTATION('',(#5608),#5616);
#5608 = ( BOUNDED_CURVE() B_SPLINE_CURVE(2,(#5609,#5610,#5611,#5612,
#5613,#5614,#5615),.UNSPECIFIED.,.T.,.F.) B_SPLINE_CURVE_WITH_KNOTS((1,2
    ,2,2,2,1),(-2.094395102393,0.,2.094395102393,4.188790204786,
6.28318530718,8.377580409573),.UNSPECIFIED.) CURVE() 
GEOMETRIC_REPRESENTATION_ITEM() RATIONAL_B_SPLINE_CURVE((1.,0.5,1.,0.5,
1.,0.5,1.)) REPRESENTATION_ITEM('') );
#5609 = CARTESIAN_POINT('',(-23.16815329164,-23.16815329164));
#5610 = CARTESIAN_POINT('',(-32.50070921164,-13.83559737163));
#5611 = CARTESIAN_POINT('',(-19.75220074268,-10.41964482267));
#5612 = CARTESIAN_POINT('',(-7.003692273717,-7.003692273717));
#5613 = CARTESIAN_POINT('',(-10.41964482267,-19.75220074268));
#5614 = CARTESIAN_POINT('',(-13.83559737163,-32.50070921164));
#5615 = CARTESIAN_POINT('',(-23.16815329164,-23.16815329164));
#5616 = ( GEOMETRIC_REPRESENTATION_CONTEXT(2) 
PARAMETRIC_REPRESENTATION_CONTEXT() REPRESENTATION_CONTEXT('2D SPACE',''
  ) );
#5617 = ORIENTED_EDGE('',*,*,#5543,.T.);
#5618 = ADVANCED_FACE('',(#5619),#3303,.F.);
#5619 = FACE_BOUND('',#5620,.T.);
#5620 = EDGE_LOOP('',(#5621,#5622,#5643,#5644));
#5621 = ORIENTED_EDGE('',*,*,#4029,.T.);
#5622 = ORIENTED_EDGE('',*,*,#5623,.F.);
#5623 = EDGE_CURVE('',#3265,#4030,#5624,.T.);
#5624 = SURFACE_CURVE('',#5625,(#5629,#5636),.PCURVE_S1.);
#5625 = LINE('',#5626,#5627);
#5626 = CARTESIAN_POINT('',(35.277806311434,7.62,15.729235145135));
#5627 = VECTOR('',#5628,1.);
#5628 = DIRECTION('',(-0.551833239217,3.686951170381E-17,0.833954480829)
  );
#5629 = PCURVE('',#3303,#5630);
#5630 = DEFINITIONAL_REPRESENTATION('',(#5631),#5635);
#5631 = LINE('',#5632,#5633);
#5632 = CARTESIAN_POINT('',(6.35,5.08));
#5633 = VECTOR('',#5634,1.);
#5634 = DIRECTION('',(1.,0.));
#5635 = ( GEOMETRIC_REPRESENTATION_CONTEXT(2) 
PARAMETRIC_REPRESENTATION_CONTEXT() REPRESENTATION_CONTEXT('2D SPACE',''
  ) );
#5636 = PCURVE('',#3397,#5637);
#5637 = DEFINITIONAL_REPRESENTATION('',(#5638),#5642);
#5638 = LINE('',#5639,#5640);
#5639 = CARTESIAN_POINT('',(7.068583470577,0.));
#5640 = VECTOR('',#5641,1.);
#5641 = DIRECTION('',(0.,1.));
#5642 = ( GEOMETRIC_REPRESENTATION_CONTEXT(2) 
PARAMETRIC_REPRESENTATION_CONTEXT() REPRESENTATION_CONTEXT('2D SPACE',''
  ) );
#5643 = ORIENTED_EDGE('',*,*,#3262,.F.);
#5644 = ORIENTED_EDGE('',*,*,#3547,.T.);
#5645 = ADVANCED_FACE('',(#5646),#3397,.T.);
#5646 = FACE_BOUND('',#5647,.T.);
#5647 = EDGE_LOOP('',(#5648,#5649,#5672,#5716,#5717,#5718));
#5648 = ORIENTED_EDGE('',*,*,#4053,.T.);
#5649 = ORIENTED_EDGE('',*,*,#5650,.T.);
#5650 = EDGE_CURVE('',#4054,#5651,#5653,.T.);
#5651 = VERTEX_POINT('',#5652);
#5652 = CARTESIAN_POINT('',(28.26952417338,7.62,26.320457051668));
#5653 = SURFACE_CURVE('',#5654,(#5658,#5665),.PCURVE_S1.);
#5654 = LINE('',#5655,#5656);
#5655 = CARTESIAN_POINT('',(35.277806311434,7.62,15.729235145135));
#5656 = VECTOR('',#5657,1.);
#5657 = DIRECTION('',(-0.551833239217,3.686951170381E-17,0.833954480829)
  );
#5658 = PCURVE('',#3397,#5659);
#5659 = DEFINITIONAL_REPRESENTATION('',(#5660),#5664);
#5660 = LINE('',#5661,#5662);
#5661 = CARTESIAN_POINT('',(7.068583470577,0.));
#5662 = VECTOR('',#5663,1.);
#5663 = DIRECTION('',(0.,1.));
#5664 = ( GEOMETRIC_REPRESENTATION_CONTEXT(2) 
PARAMETRIC_REPRESENTATION_CONTEXT() REPRESENTATION_CONTEXT('2D SPACE',''
  ) );
#5665 = PCURVE('',#3452,#5666);
#5666 = DEFINITIONAL_REPRESENTATION('',(#5667),#5671);
#5667 = LINE('',#5668,#5669);
#5668 = CARTESIAN_POINT('',(6.35,5.08));
#5669 = VECTOR('',#5670,1.);
#5670 = DIRECTION('',(1.,0.));
#5671 = ( GEOMETRIC_REPRESENTATION_CONTEXT(2) 
PARAMETRIC_REPRESENTATION_CONTEXT() REPRESENTATION_CONTEXT('2D SPACE',''
  ) );
#5672 = ORIENTED_EDGE('',*,*,#5673,.T.);
#5673 = EDGE_CURVE('',#5651,#3906,#5674,.T.);
#5674 = SURFACE_CURVE('',#5675,(#5680,#5687),.PCURVE_S1.);
#5675 = CIRCLE('',#5676,5.08);
#5676 = AXIS2_PLACEMENT_3D('',#5677,#5678,#5679);
#5677 = CARTESIAN_POINT('',(32.506012935993,7.62,29.12376990689));
#5678 = DIRECTION('',(0.551833239217,-3.686951170381E-17,-0.833954480829
    ));
#5679 = DIRECTION('',(-0.833954480829,1.225315935864E-16,-0.551833239217
    ));
#5680 = PCURVE('',#3397,#5681);
#5681 = DEFINITIONAL_REPRESENTATION('',(#5682),#5686);
#5682 = LINE('',#5683,#5684);
#5683 = CARTESIAN_POINT('',(7.068583470577,12.7));
#5684 = VECTOR('',#5685,1.);
#5685 = DIRECTION('',(-1.,0.));
#5686 = ( GEOMETRIC_REPRESENTATION_CONTEXT(2) 
PARAMETRIC_REPRESENTATION_CONTEXT() REPRESENTATION_CONTEXT('2D SPACE',''
  ) );
#5687 = PCURVE('',#3479,#5688);
#5688 = DEFINITIONAL_REPRESENTATION('',(#5689),#5715);
#5689 = B_SPLINE_CURVE_WITH_KNOTS('',3,(#5690,#5691,#5692,#5693,#5694,
    #5695,#5696,#5697,#5698,#5699,#5700,#5701,#5702,#5703,#5704,#5705,
    #5706,#5707,#5708,#5709,#5710,#5711,#5712,#5713,#5714),
  .UNSPECIFIED.,.F.,.F.,(4,1,1,1,1,1,1,1,1,1,1,1,1,1,1,1,1,1,1,1,1,1,4),
  (0.,7.139983303613E-02,0.142799666072,0.214199499108,0.285599332145,
    0.356999165181,0.428398998217,0.499798831253,0.571198664289,
    0.642598497325,0.713998330361,0.785398163397,0.856797996434,
    0.92819782947,0.999597662506,1.070997495542,1.142397328578,
    1.213797161614,1.28519699465,1.356596827687,1.427996660723,
    1.499396493759,1.570796326795),.QUASI_UNIFORM_KNOTS.);
#5690 = CARTESIAN_POINT('',(-1.570796326795,1.570796326795));
#5691 = CARTESIAN_POINT('',(-1.544363278267,1.570796326795));
#5692 = CARTESIAN_POINT('',(-1.492271114166,1.570796326795));
#5693 = CARTESIAN_POINT('',(-1.416189872242,1.570796326795));
#5694 = CARTESIAN_POINT('',(-1.341892168614,1.570796326795));
#5695 = CARTESIAN_POINT('',(-1.269134886861,1.570796326795));
#5696 = CARTESIAN_POINT('',(-1.197690220556,1.570796326795));
#5697 = CARTESIAN_POINT('',(-1.12734572285,1.570796326795));
#5698 = CARTESIAN_POINT('',(-1.057900795762,1.570796326795));
#5699 = CARTESIAN_POINT('',(-0.989164516627,1.570796326795));
#5700 = CARTESIAN_POINT('',(-0.92095340603,1.570796326795));
#5701 = CARTESIAN_POINT('',(-0.85308944002,1.570796326795));
#5702 = CARTESIAN_POINT('',(-0.785398163397,1.570796326795));
#5703 = CARTESIAN_POINT('',(-0.717706886775,1.570796326795));
#5704 = CARTESIAN_POINT('',(-0.649842920765,1.570796326795));
#5705 = CARTESIAN_POINT('',(-0.581631810168,1.570796326795));
#5706 = CARTESIAN_POINT('',(-0.512895531033,1.570796326795));
#5707 = CARTESIAN_POINT('',(-0.443450603945,1.570796326795));
#5708 = CARTESIAN_POINT('',(-0.373106106239,1.570796326795));
#5709 = CARTESIAN_POINT('',(-0.301661439934,1.570796326795));
#5710 = CARTESIAN_POINT('',(-0.228904158181,1.570796326795));
#5711 = CARTESIAN_POINT('',(-0.154606454553,1.570796326795));
#5712 = CARTESIAN_POINT('',(-7.852521262874E-02,1.570796326795));
#5713 = CARTESIAN_POINT('',(-2.643304852829E-02,1.570796326795));
#5714 = CARTESIAN_POINT('',(-5.082127736203E-16,1.570796326795));
#5715 = ( GEOMETRIC_REPRESENTATION_CONTEXT(2) 
PARAMETRIC_REPRESENTATION_CONTEXT() REPRESENTATION_CONTEXT('2D SPACE',''
  ) );
#5716 = ORIENTED_EDGE('',*,*,#3905,.T.);
#5717 = ORIENTED_EDGE('',*,*,#3360,.F.);
#5718 = ORIENTED_EDGE('',*,*,#5623,.T.);
#5719 = ADVANCED_FACE('',(#5720),#3533,.T.);
#5720 = FACE_BOUND('',#5721,.T.);
#5721 = EDGE_LOOP('',(#5722,#5766,#5767,#5768,#5769,#5797,#5826,#5852,
    #5881,#5907,#5908,#5909,#5910,#5954,#5955,#5956));
#5722 = ORIENTED_EDGE('',*,*,#5723,.F.);
#5723 = EDGE_CURVE('',#5050,#3699,#5724,.T.);
#5724 = SURFACE_CURVE('',#5725,(#5730,#5737),.PCURVE_S1.);
#5725 = CIRCLE('',#5726,6.35);
#5726 = AXIS2_PLACEMENT_3D('',#5727,#5728,#5729);
#5727 = CARTESIAN_POINT('',(6.35,6.35,-43.17999942779));
#5728 = DIRECTION('',(-2.22044604925E-16,-3.697785493223E-32,1.));
#5729 = DIRECTION('',(0.707106781187,-0.707106781187,1.570092458684E-16)
  );
#5730 = PCURVE('',#3533,#5731);
#5731 = DEFINITIONAL_REPRESENTATION('',(#5732),#5736);
#5732 = LINE('',#5733,#5734);
#5733 = CARTESIAN_POINT('',(-1.570796326795,52.070000572205));
#5734 = VECTOR('',#5735,1.);
#5735 = DIRECTION('',(1.,0.));
#5736 = ( GEOMETRIC_REPRESENTATION_CONTEXT(2) 
PARAMETRIC_REPRESENTATION_CONTEXT() REPRESENTATION_CONTEXT('2D SPACE',''
  ) );
#5737 = PCURVE('',#3738,#5738);
#5738 = DEFINITIONAL_REPRESENTATION('',(#5739),#5765);
#5739 = B_SPLINE_CURVE_WITH_KNOTS('',3,(#5740,#5741,#5742,#5743,#5744,
    #5745,#5746,#5747,#5748,#5749,#5750,#5751,#5752,#5753,#5754,#5755,
    #5756,#5757,#5758,#5759,#5760,#5761,#5762,#5763,#5764),
  .UNSPECIFIED.,.F.,.F.,(4,1,1,1,1,1,1,1,1,1,1,1,1,1,1,1,1,1,1,1,1,1,4),
  (5.497787143782,5.569186976818,5.640586809854,5.711986642891,
    5.783386475927,5.854786308963,5.926186141999,5.997585975035,
    6.068985808071,6.140385641107,6.211785474143,6.28318530718,
    6.354585140216,6.425984973252,6.497384806288,6.568784639324,
    6.64018447236,6.711584305396,6.782984138433,6.854383971469,
    6.925783804505,6.997183637541,7.068583470577),
  .QUASI_UNIFORM_KNOTS.);
#5740 = CARTESIAN_POINT('',(3.94807314735E-13,-1.570796326795));
#5741 = CARTESIAN_POINT('',(3.94807314735E-13,-1.597229375323));
#5742 = CARTESIAN_POINT('',(3.94807314735E-13,-1.649321539424));
#5743 = CARTESIAN_POINT('',(3.94807314735E-13,-1.725402781348));
#5744 = CARTESIAN_POINT('',(3.94807314735E-13,-1.799700484976));
#5745 = CARTESIAN_POINT('',(3.94807314735E-13,-1.872457766729));
#5746 = CARTESIAN_POINT('',(3.94807314735E-13,-1.943902433034));
#5747 = CARTESIAN_POINT('',(3.94807314735E-13,-2.01424693074));
#5748 = CARTESIAN_POINT('',(3.94807314735E-13,-2.083691857828));
#5749 = CARTESIAN_POINT('',(3.94807314735E-13,-2.152428136963));
#5750 = CARTESIAN_POINT('',(3.94807314735E-13,-2.22063924756));
#5751 = CARTESIAN_POINT('',(3.94807314735E-13,-2.28850321357));
#5752 = CARTESIAN_POINT('',(3.94807314735E-13,-2.356194490192));
#5753 = CARTESIAN_POINT('',(3.94807314735E-13,-2.423885766815));
#5754 = CARTESIAN_POINT('',(3.94807314735E-13,-2.491749732825));
#5755 = CARTESIAN_POINT('',(3.94807314735E-13,-2.559960843422));
#5756 = CARTESIAN_POINT('',(3.94807314735E-13,-2.628697122557));
#5757 = CARTESIAN_POINT('',(3.94807314735E-13,-2.698142049645));
#5758 = CARTESIAN_POINT('',(3.94807314735E-13,-2.768486547351));
#5759 = CARTESIAN_POINT('',(3.94807314735E-13,-2.839931213656));
#5760 = CARTESIAN_POINT('',(3.94807314735E-13,-2.912688495408));
#5761 = CARTESIAN_POINT('',(3.94807314735E-13,-2.986986199037));
#5762 = CARTESIAN_POINT('',(3.94807314735E-13,-3.063067440961));
#5763 = CARTESIAN_POINT('',(3.94807314735E-13,-3.115159605061));
#5764 = CARTESIAN_POINT('',(3.94807314735E-13,-3.14159265359));
#5765 = ( GEOMETRIC_REPRESENTATION_CONTEXT(2) 
PARAMETRIC_REPRESENTATION_CONTEXT() REPRESENTATION_CONTEXT('2D SPACE',''
  ) );
#5766 = ORIENTED_EDGE('',*,*,#5079,.T.);
#5767 = ORIENTED_EDGE('',*,*,#4967,.T.);
#5768 = ORIENTED_EDGE('',*,*,#4915,.T.);
#5769 = ORIENTED_EDGE('',*,*,#5770,.T.);
#5770 = EDGE_CURVE('',#4868,#5771,#5773,.T.);
#5771 = VERTEX_POINT('',#5772);
#5772 = CARTESIAN_POINT('',(6.35,12.7,-6.35));
#5773 = SURFACE_CURVE('',#5774,(#5778,#5785),.PCURVE_S1.);
#5774 = LINE('',#5775,#5776);
#5775 = CARTESIAN_POINT('',(6.35,12.7,-95.25));
#5776 = VECTOR('',#5777,1.);
#5777 = DIRECTION('',(-2.22044604925E-16,-2.465190328816E-32,1.));
#5778 = PCURVE('',#3533,#5779);
#5779 = DEFINITIONAL_REPRESENTATION('',(#5780),#5784);
#5780 = LINE('',#5781,#5782);
#5781 = CARTESIAN_POINT('',(7.068583470577,0.));
#5782 = VECTOR('',#5783,1.);
#5783 = DIRECTION('',(0.,1.));
#5784 = ( GEOMETRIC_REPRESENTATION_CONTEXT(2) 
PARAMETRIC_REPRESENTATION_CONTEXT() REPRESENTATION_CONTEXT('2D SPACE',''
  ) );
#5785 = PCURVE('',#5786,#5791);
#5786 = PLANE('',#5787);
#5787 = AXIS2_PLACEMENT_3D('',#5788,#5789,#5790);
#5788 = CARTESIAN_POINT('',(0.,12.7,2.819966482548E-15));
#5789 = DIRECTION('',(0.,-1.,-2.22044604925E-16));
#5790 = DIRECTION('',(-1.,0.,0.));
#5791 = DEFINITIONAL_REPRESENTATION('',(#5792),#5796);
#5792 = LINE('',#5793,#5794);
#5793 = CARTESIAN_POINT('',(-6.35,95.25));
#5794 = VECTOR('',#5795,1.);
#5795 = DIRECTION('',(2.22044604925E-16,-1.));
#5796 = ( GEOMETRIC_REPRESENTATION_CONTEXT(2) 
PARAMETRIC_REPRESENTATION_CONTEXT() REPRESENTATION_CONTEXT('2D SPACE',''
  ) );
#5797 = ORIENTED_EDGE('',*,*,#5798,.F.);
#5798 = EDGE_CURVE('',#5799,#5771,#5801,.T.);
#5799 = VERTEX_POINT('',#5800);
#5800 = CARTESIAN_POINT('',(12.291790514679,8.590005687418,-6.35));
#5801 = SURFACE_CURVE('',#5802,(#5807,#5814),.PCURVE_S1.);
#5802 = CIRCLE('',#5803,6.35);
#5803 = AXIS2_PLACEMENT_3D('',#5804,#5805,#5806);
#5804 = CARTESIAN_POINT('',(6.35,6.35,-6.35));
#5805 = DIRECTION('',(-2.22044604925E-16,-3.697785493223E-32,1.));
#5806 = DIRECTION('',(0.707106781187,0.707106781187,1.570092458684E-16)
  );
#5807 = PCURVE('',#3533,#5808);
#5808 = DEFINITIONAL_REPRESENTATION('',(#5809),#5813);
#5809 = LINE('',#5810,#5811);
#5810 = CARTESIAN_POINT('',(0.,88.9));
#5811 = VECTOR('',#5812,1.);
#5812 = DIRECTION('',(1.,0.));
#5813 = ( GEOMETRIC_REPRESENTATION_CONTEXT(2) 
PARAMETRIC_REPRESENTATION_CONTEXT() REPRESENTATION_CONTEXT('2D SPACE',''
  ) );
#5814 = PCURVE('',#5815,#5820);
#5815 = PLANE('',#5816);
#5816 = AXIS2_PLACEMENT_3D('',#5817,#5818,#5819);
#5817 = CARTESIAN_POINT('',(-39.50073868596,-81.11728634059,-6.35));
#5818 = DIRECTION('',(0.,0.,1.));
#5819 = DIRECTION('',(0.5,0.866025403784,0.));
#5820 = DEFINITIONAL_REPRESENTATION('',(#5821),#5825);
#5821 = CIRCLE('',#5822,6.35);
#5822 = AXIS2_PLACEMENT_2D('',#5823,#5824);
#5823 = CARTESIAN_POINT('',(98.674261314031,4.025738685969));
#5824 = DIRECTION('',(0.965925826289,-0.258819045103));
#5825 = ( GEOMETRIC_REPRESENTATION_CONTEXT(2) 
PARAMETRIC_REPRESENTATION_CONTEXT() REPRESENTATION_CONTEXT('2D SPACE',''
  ) );
#5826 = ORIENTED_EDGE('',*,*,#5827,.T.);
#5827 = EDGE_CURVE('',#5799,#5828,#5830,.T.);
#5828 = VERTEX_POINT('',#5829);
#5829 = CARTESIAN_POINT('',(12.291790514679,8.590005687418,6.35));
#5830 = SURFACE_CURVE('',#5831,(#5835,#5841),.PCURVE_S1.);
#5831 = LINE('',#5832,#5833);
#5832 = CARTESIAN_POINT('',(12.291790514679,8.590005687418,-95.25));
#5833 = VECTOR('',#5834,1.);
#5834 = DIRECTION('',(-2.22044604925E-16,-2.465190328816E-32,1.));
#5835 = PCURVE('',#3533,#5836);
#5836 = DEFINITIONAL_REPRESENTATION('',(#5837),#5840);
#5837 = B_SPLINE_CURVE_WITH_KNOTS('',1,(#5838,#5839),.UNSPECIFIED.,.F.,
  .F.,(2,2),(87.63,102.87),.PIECEWISE_BEZIER_KNOTS.);
#5838 = CARTESIAN_POINT('',(5.858302814677,87.63));
#5839 = CARTESIAN_POINT('',(5.858302814677,102.87));
#5840 = ( GEOMETRIC_REPRESENTATION_CONTEXT(2) 
PARAMETRIC_REPRESENTATION_CONTEXT() REPRESENTATION_CONTEXT('2D SPACE',''
  ) );
#5841 = PCURVE('',#5842,#5847);
#5842 = PLANE('',#5843);
#5843 = AXIS2_PLACEMENT_3D('',#5844,#5845,#5846);
#5844 = CARTESIAN_POINT('',(-39.50073868596,-81.11728634059,-6.35));
#5845 = DIRECTION('',(-0.866025403784,0.5,0.));
#5846 = DIRECTION('',(0.,0.,1.));
#5847 = DEFINITIONAL_REPRESENTATION('',(#5848),#5851);
#5848 = B_SPLINE_CURVE_WITH_KNOTS('',1,(#5849,#5850),.UNSPECIFIED.,.F.,
  .F.,(2,2),(87.63,102.87),.PIECEWISE_BEZIER_KNOTS.);
#5849 = CARTESIAN_POINT('',(-1.27,103.58505840129));
#5850 = CARTESIAN_POINT('',(13.97,103.58505840129));
#5851 = ( GEOMETRIC_REPRESENTATION_CONTEXT(2) 
PARAMETRIC_REPRESENTATION_CONTEXT() REPRESENTATION_CONTEXT('2D SPACE',''
  ) );
#5852 = ORIENTED_EDGE('',*,*,#5853,.T.);
#5853 = EDGE_CURVE('',#5828,#5854,#5856,.T.);
#5854 = VERTEX_POINT('',#5855);
#5855 = CARTESIAN_POINT('',(6.35,12.7,6.35));
#5856 = SURFACE_CURVE('',#5857,(#5862,#5869),.PCURVE_S1.);
#5857 = CIRCLE('',#5858,6.35);
#5858 = AXIS2_PLACEMENT_3D('',#5859,#5860,#5861);
#5859 = CARTESIAN_POINT('',(6.35,6.35,6.35));
#5860 = DIRECTION('',(-2.22044604925E-16,-3.697785493223E-32,1.));
#5861 = DIRECTION('',(0.707106781187,0.707106781187,1.570092458684E-16)
  );
#5862 = PCURVE('',#3533,#5863);
#5863 = DEFINITIONAL_REPRESENTATION('',(#5864),#5868);
#5864 = LINE('',#5865,#5866);
#5865 = CARTESIAN_POINT('',(0.,101.6));
#5866 = VECTOR('',#5867,1.);
#5867 = DIRECTION('',(1.,0.));
#5868 = ( GEOMETRIC_REPRESENTATION_CONTEXT(2) 
PARAMETRIC_REPRESENTATION_CONTEXT() REPRESENTATION_CONTEXT('2D SPACE',''
  ) );
#5869 = PCURVE('',#5870,#5875);
#5870 = PLANE('',#5871);
#5871 = AXIS2_PLACEMENT_3D('',#5872,#5873,#5874);
#5872 = CARTESIAN_POINT('',(-39.50073868596,-81.11728634059,6.35));
#5873 = DIRECTION('',(0.,0.,1.));
#5874 = DIRECTION('',(0.5,0.866025403784,0.));
#5875 = DEFINITIONAL_REPRESENTATION('',(#5876),#5880);
#5876 = CIRCLE('',#5877,6.35);
#5877 = AXIS2_PLACEMENT_2D('',#5878,#5879);
#5878 = CARTESIAN_POINT('',(98.674261314031,4.025738685969));
#5879 = DIRECTION('',(0.965925826289,-0.258819045103));
#5880 = ( GEOMETRIC_REPRESENTATION_CONTEXT(2) 
PARAMETRIC_REPRESENTATION_CONTEXT() REPRESENTATION_CONTEXT('2D SPACE',''
  ) );
#5881 = ORIENTED_EDGE('',*,*,#5882,.T.);
#5882 = EDGE_CURVE('',#5854,#4731,#5883,.T.);
#5883 = SURFACE_CURVE('',#5884,(#5888,#5895),.PCURVE_S1.);
#5884 = LINE('',#5885,#5886);
#5885 = CARTESIAN_POINT('',(6.35,12.7,-95.25));
#5886 = VECTOR('',#5887,1.);
#5887 = DIRECTION('',(-2.22044604925E-16,-2.465190328816E-32,1.));
#5888 = PCURVE('',#3533,#5889);
#5889 = DEFINITIONAL_REPRESENTATION('',(#5890),#5894);
#5890 = LINE('',#5891,#5892);
#5891 = CARTESIAN_POINT('',(7.068583470577,0.));
#5892 = VECTOR('',#5893,1.);
#5893 = DIRECTION('',(0.,1.));
#5894 = ( GEOMETRIC_REPRESENTATION_CONTEXT(2) 
PARAMETRIC_REPRESENTATION_CONTEXT() REPRESENTATION_CONTEXT('2D SPACE',''
  ) );
#5895 = PCURVE('',#5896,#5901);
#5896 = PLANE('',#5897);
#5897 = AXIS2_PLACEMENT_3D('',#5898,#5899,#5900);
#5898 = CARTESIAN_POINT('',(0.,12.7,2.819966482548E-15));
#5899 = DIRECTION('',(0.,-1.,-2.22044604925E-16));
#5900 = DIRECTION('',(-1.,0.,0.));
#5901 = DEFINITIONAL_REPRESENTATION('',(#5902),#5906);
#5902 = LINE('',#5903,#5904);
#5903 = CARTESIAN_POINT('',(-6.35,95.25));
#5904 = VECTOR('',#5905,1.);
#5905 = DIRECTION('',(2.22044604925E-16,-1.));
#5906 = ( GEOMETRIC_REPRESENTATION_CONTEXT(2) 
PARAMETRIC_REPRESENTATION_CONTEXT() REPRESENTATION_CONTEXT('2D SPACE',''
  ) );
#5907 = ORIENTED_EDGE('',*,*,#4759,.T.);
#5908 = ORIENTED_EDGE('',*,*,#4644,.T.);
#5909 = ORIENTED_EDGE('',*,*,#4596,.T.);
#5910 = ORIENTED_EDGE('',*,*,#5911,.F.);
#5911 = EDGE_CURVE('',#4394,#4574,#5912,.T.);
#5912 = SURFACE_CURVE('',#5913,(#5918,#5925),.PCURVE_S1.);
#5913 = CIRCLE('',#5914,6.35);
#5914 = AXIS2_PLACEMENT_3D('',#5915,#5916,#5917);
#5915 = CARTESIAN_POINT('',(6.35,6.35,43.179999427795));
#5916 = DIRECTION('',(2.22044604925E-16,3.697785493223E-32,-1.));
#5917 = DIRECTION('',(0.707106781187,-0.707106781187,1.570092458684E-16)
  );
#5918 = PCURVE('',#3533,#5919);
#5919 = DEFINITIONAL_REPRESENTATION('',(#5920),#5924);
#5920 = LINE('',#5921,#5922);
#5921 = CARTESIAN_POINT('',(10.995574287564,138.42999942779));
#5922 = VECTOR('',#5923,1.);
#5923 = DIRECTION('',(-1.,0.));
#5924 = ( GEOMETRIC_REPRESENTATION_CONTEXT(2) 
PARAMETRIC_REPRESENTATION_CONTEXT() REPRESENTATION_CONTEXT('2D SPACE',''
  ) );
#5925 = PCURVE('',#4410,#5926);
#5926 = DEFINITIONAL_REPRESENTATION('',(#5927),#5953);
#5927 = B_SPLINE_CURVE_WITH_KNOTS('',3,(#5928,#5929,#5930,#5931,#5932,
    #5933,#5934,#5935,#5936,#5937,#5938,#5939,#5940,#5941,#5942,#5943,
    #5944,#5945,#5946,#5947,#5948,#5949,#5950,#5951,#5952),
  .UNSPECIFIED.,.F.,.F.,(4,1,1,1,1,1,1,1,1,1,1,1,1,1,1,1,1,1,1,1,1,1,4),
  (5.497787143782,5.569186976818,5.640586809854,5.711986642891,
    5.783386475927,5.854786308963,5.926186141999,5.997585975035,
    6.068985808071,6.140385641107,6.211785474143,6.28318530718,
    6.354585140216,6.425984973252,6.497384806288,6.568784639324,
    6.64018447236,6.711584305396,6.782984138433,6.854383971469,
    6.925783804505,6.997183637541,7.068583470577),
  .QUASI_UNIFORM_KNOTS.);
#5928 = CARTESIAN_POINT('',(1.482163061311E-14,-1.468641481394E-14));
#5929 = CARTESIAN_POINT('',(1.482163061311E-14,-2.64330485283E-02));
#5930 = CARTESIAN_POINT('',(1.482163061311E-14,-7.852521262875E-02));
#5931 = CARTESIAN_POINT('',(1.482163061311E-14,-0.154606454553));
#5932 = CARTESIAN_POINT('',(1.482163061311E-14,-0.228904158181));
#5933 = CARTESIAN_POINT('',(1.482163061311E-14,-0.301661439934));
#5934 = CARTESIAN_POINT('',(1.482163061311E-14,-0.373106106239));
#5935 = CARTESIAN_POINT('',(1.482163061311E-14,-0.443450603945));
#5936 = CARTESIAN_POINT('',(1.482163061311E-14,-0.512895531033));
#5937 = CARTESIAN_POINT('',(1.482163061311E-14,-0.581631810168));
#5938 = CARTESIAN_POINT('',(1.482163061311E-14,-0.649842920765));
#5939 = CARTESIAN_POINT('',(1.482163061311E-14,-0.717706886775));
#5940 = CARTESIAN_POINT('',(1.482163061311E-14,-0.785398163397));
#5941 = CARTESIAN_POINT('',(1.482163061311E-14,-0.85308944002));
#5942 = CARTESIAN_POINT('',(1.482163061311E-14,-0.92095340603));
#5943 = CARTESIAN_POINT('',(1.482163061311E-14,-0.989164516627));
#5944 = CARTESIAN_POINT('',(1.482163061311E-14,-1.057900795762));
#5945 = CARTESIAN_POINT('',(1.482163061311E-14,-1.12734572285));
#5946 = CARTESIAN_POINT('',(1.482163061311E-14,-1.197690220556));
#5947 = CARTESIAN_POINT('',(1.482163061311E-14,-1.269134886861));
#5948 = CARTESIAN_POINT('',(1.482163061311E-14,-1.341892168614));
#5949 = CARTESIAN_POINT('',(1.482163061311E-14,-1.416189872242));
#5950 = CARTESIAN_POINT('',(1.482163061311E-14,-1.492271114166));
#5951 = CARTESIAN_POINT('',(1.482163061311E-14,-1.544363278267));
#5952 = CARTESIAN_POINT('',(1.482163061311E-14,-1.570796326795));
#5953 = ( GEOMETRIC_REPRESENTATION_CONTEXT(2) 
PARAMETRIC_REPRESENTATION_CONTEXT() REPRESENTATION_CONTEXT('2D SPACE',''
  ) );
#5954 = ORIENTED_EDGE('',*,*,#4449,.F.);
#5955 = ORIENTED_EDGE('',*,*,#3519,.F.);
#5956 = ORIENTED_EDGE('',*,*,#3698,.F.);
#5957 = ADVANCED_FACE('',(#5958),#3479,.F.);
#5958 = FACE_BOUND('',#5959,.F.);
#5959 = EDGE_LOOP('',(#5960,#6004,#6005,#6006));
#5960 = ORIENTED_EDGE('',*,*,#5961,.F.);
#5961 = EDGE_CURVE('',#5651,#3437,#5962,.T.);
#5962 = SURFACE_CURVE('',#5963,(#5968,#5997),.PCURVE_S1.);
#5963 = CIRCLE('',#5964,1.27);
#5964 = AXIS2_PLACEMENT_3D('',#5965,#5966,#5967);
#5965 = CARTESIAN_POINT('',(28.26952417338,6.35,26.320457051668));
#5966 = DIRECTION('',(0.833954480829,-1.387778780781E-16,0.551833239217)
  );
#5967 = DIRECTION('',(-0.390205025534,0.707106781187,0.589694868595));
#5968 = PCURVE('',#3479,#5969);
#5969 = DEFINITIONAL_REPRESENTATION('',(#5970),#5996);
#5970 = B_SPLINE_CURVE_WITH_KNOTS('',3,(#5971,#5972,#5973,#5974,#5975,
    #5976,#5977,#5978,#5979,#5980,#5981,#5982,#5983,#5984,#5985,#5986,
    #5987,#5988,#5989,#5990,#5991,#5992,#5993,#5994,#5995),
  .UNSPECIFIED.,.F.,.F.,(4,1,1,1,1,1,1,1,1,1,1,1,1,1,1,1,1,1,1,1,1,1,4),
  (5.497787143782,5.569186976818,5.640586809854,5.711986642891,
    5.783386475927,5.854786308963,5.926186141999,5.997585975035,
    6.068985808071,6.140385641107,6.211785474143,6.28318530718,
    6.354585140216,6.425984973252,6.497384806288,6.568784639324,
    6.64018447236,6.711584305396,6.782984138433,6.854383971469,
    6.925783804505,6.997183637541,7.068583470577),
  .QUASI_UNIFORM_KNOTS.);
#5971 = CARTESIAN_POINT('',(-1.570796326795,1.570796326795));
#5972 = CARTESIAN_POINT('',(-1.570796326795,1.597229375323));
#5973 = CARTESIAN_POINT('',(-1.570796326795,1.649321539423));
#5974 = CARTESIAN_POINT('',(-1.570796326795,1.725402781348));
#5975 = CARTESIAN_POINT('',(-1.570796326795,1.799700484976));
#5976 = CARTESIAN_POINT('',(-1.570796326795,1.872457766729));
#5977 = CARTESIAN_POINT('',(-1.570796326795,1.943902433034));
#5978 = CARTESIAN_POINT('',(-1.570796326795,2.014246930739));
#5979 = CARTESIAN_POINT('',(-1.570796326795,2.083691857827));
#5980 = CARTESIAN_POINT('',(-1.570796326795,2.152428136962));
#5981 = CARTESIAN_POINT('',(-1.570796326795,2.22063924756));
#5982 = CARTESIAN_POINT('',(-1.570796326795,2.28850321357));
#5983 = CARTESIAN_POINT('',(-1.570796326795,2.356194490192));
#5984 = CARTESIAN_POINT('',(-1.570796326795,2.423885766815));
#5985 = CARTESIAN_POINT('',(-1.570796326795,2.491749732825));
#5986 = CARTESIAN_POINT('',(-1.570796326795,2.559960843422));
#5987 = CARTESIAN_POINT('',(-1.570796326795,2.628697122557));
#5988 = CARTESIAN_POINT('',(-1.570796326795,2.698142049645));
#5989 = CARTESIAN_POINT('',(-1.570796326795,2.768486547351));
#5990 = CARTESIAN_POINT('',(-1.570796326795,2.839931213656));
#5991 = CARTESIAN_POINT('',(-1.570796326795,2.912688495409));
#5992 = CARTESIAN_POINT('',(-1.570796326795,2.986986199037));
#5993 = CARTESIAN_POINT('',(-1.570796326795,3.063067440961));
#5994 = CARTESIAN_POINT('',(-1.570796326795,3.115159605062));
#5995 = CARTESIAN_POINT('',(-1.570796326795,3.14159265359));
#5996 = ( GEOMETRIC_REPRESENTATION_CONTEXT(2) 
PARAMETRIC_REPRESENTATION_CONTEXT() REPRESENTATION_CONTEXT('2D SPACE',''
  ) );
#5997 = PCURVE('',#3452,#5998);
#5998 = DEFINITIONAL_REPRESENTATION('',(#5999),#6003);
#5999 = CIRCLE('',#6000,1.27);
#6000 = AXIS2_PLACEMENT_2D('',#6001,#6002);
#6001 = CARTESIAN_POINT('',(19.05,6.35));
#6002 = DIRECTION('',(0.707106781187,-0.707106781187));
#6003 = ( GEOMETRIC_REPRESENTATION_CONTEXT(2) 
PARAMETRIC_REPRESENTATION_CONTEXT() REPRESENTATION_CONTEXT('2D SPACE',''
  ) );
#6004 = ORIENTED_EDGE('',*,*,#5673,.T.);
#6005 = ORIENTED_EDGE('',*,*,#3954,.F.);
#6006 = ORIENTED_EDGE('',*,*,#3464,.T.);
#6007 = ADVANCED_FACE('',(#6008),#3452,.F.);
#6008 = FACE_BOUND('',#6009,.T.);
#6009 = EDGE_LOOP('',(#6010,#6011,#6012,#6013));
#6010 = ORIENTED_EDGE('',*,*,#4175,.T.);
#6011 = ORIENTED_EDGE('',*,*,#3436,.T.);
#6012 = ORIENTED_EDGE('',*,*,#5961,.F.);
#6013 = ORIENTED_EDGE('',*,*,#5650,.F.);
#6014 = ADVANCED_FACE('',(#6015),#3612,.F.);
#6015 = FACE_BOUND('',#6016,.F.);
#6016 = EDGE_LOOP('',(#6017,#6038,#6062,#6184,#6206,#6207,#6273,#6274,
    #6275));
#6017 = ORIENTED_EDGE('',*,*,#6018,.T.);
#6018 = EDGE_CURVE('',#5019,#3778,#6019,.T.);
#6019 = SEAM_CURVE('',#6020,(#6024,#6031),.PCURVE_S1.);
#6020 = LINE('',#6021,#6022);
#6021 = CARTESIAN_POINT('',(3.175,6.35,-190.5));
#6022 = VECTOR('',#6023,1.);
#6023 = DIRECTION('',(-2.219101139469E-16,0.,1.));
#6024 = PCURVE('',#3612,#6025);
#6025 = DEFINITIONAL_REPRESENTATION('',(#6026),#6030);
#6026 = LINE('',#6027,#6028);
#6027 = CARTESIAN_POINT('',(9.424777960769,0.));
#6028 = VECTOR('',#6029,1.);
#6029 = DIRECTION('',(0.,1.));
#6030 = ( GEOMETRIC_REPRESENTATION_CONTEXT(2) 
PARAMETRIC_REPRESENTATION_CONTEXT() REPRESENTATION_CONTEXT('2D SPACE',''
  ) );
#6031 = PCURVE('',#3612,#6032);
#6032 = DEFINITIONAL_REPRESENTATION('',(#6033),#6037);
#6033 = LINE('',#6034,#6035);
#6034 = CARTESIAN_POINT('',(3.14159265359,0.));
#6035 = VECTOR('',#6036,1.);
#6036 = DIRECTION('',(0.,1.));
#6037 = ( GEOMETRIC_REPRESENTATION_CONTEXT(2) 
PARAMETRIC_REPRESENTATION_CONTEXT() REPRESENTATION_CONTEXT('2D SPACE',''
  ) );
#6038 = ORIENTED_EDGE('',*,*,#6039,.T.);
#6039 = EDGE_CURVE('',#3778,#6040,#6042,.T.);
#6040 = VERTEX_POINT('',#6041);
#6041 = CARTESIAN_POINT('',(2.909935566297,5.08,-38.09999942779));
#6042 = SURFACE_CURVE('',#6043,(#6048,#6055),.PCURVE_S1.);
#6043 = CIRCLE('',#6044,3.175);
#6044 = AXIS2_PLACEMENT_3D('',#6045,#6046,#6047);
#6045 = CARTESIAN_POINT('',(-3.184389370909E-14,6.35,-38.09999942779));
#6046 = DIRECTION('',(2.22044604925E-16,2.465190328816E-32,-1.));
#6047 = DIRECTION('',(-1.,-2.307865185048E-14,-2.22044604925E-16));
#6048 = PCURVE('',#3612,#6049);
#6049 = DEFINITIONAL_REPRESENTATION('',(#6050),#6054);
#6050 = LINE('',#6051,#6052);
#6051 = CARTESIAN_POINT('',(12.566370614359,152.4000005722));
#6052 = VECTOR('',#6053,1.);
#6053 = DIRECTION('',(-1.,0.));
#6054 = ( GEOMETRIC_REPRESENTATION_CONTEXT(2) 
PARAMETRIC_REPRESENTATION_CONTEXT() REPRESENTATION_CONTEXT('2D SPACE',''
  ) );
#6055 = PCURVE('',#3793,#6056);
#6056 = DEFINITIONAL_REPRESENTATION('',(#6057),#6061);
#6057 = CIRCLE('',#6058,3.175);
#6058 = AXIS2_PLACEMENT_2D('',#6059,#6060);
#6059 = CARTESIAN_POINT('',(12.7,6.35));
#6060 = DIRECTION('',(1.,-2.295618717056E-14));
#6061 = ( GEOMETRIC_REPRESENTATION_CONTEXT(2) 
PARAMETRIC_REPRESENTATION_CONTEXT() REPRESENTATION_CONTEXT('2D SPACE',''
  ) );
#6062 = ORIENTED_EDGE('',*,*,#6063,.T.);
#6063 = EDGE_CURVE('',#6040,#6064,#6066,.T.);
#6064 = VERTEX_POINT('',#6065);
#6065 = CARTESIAN_POINT('',(-2.909935566297,5.08,-38.09999942779));
#6066 = SURFACE_CURVE('',#6067,(#6082,#6133),.PCURVE_S1.);
#6067 = B_SPLINE_CURVE_WITH_KNOTS('',3,(#6068,#6069,#6070,#6071,#6072,
    #6073,#6074,#6075,#6076,#6077,#6078,#6079,#6080,#6081),
  .UNSPECIFIED.,.F.,.F.,(4,2,2,2,2,2,4),(0.67348395687,0.785365433834,
    0.90754912217,1.029732810507,1.151916498844,1.27410018718,
    1.385981664144),.UNSPECIFIED.);
#6068 = CARTESIAN_POINT('',(2.909935566297,5.08,-38.09999942779));
#6069 = CARTESIAN_POINT('',(2.752753804527,4.719851339411,
    -38.09999942779));
#6070 = CARTESIAN_POINT('',(2.525008257358,4.390025553791,-38.1399161663
    ));
#6071 = CARTESIAN_POINT('',(1.983571573732,3.838244843243,
    -38.24538308926));
#6072 = CARTESIAN_POINT('',(1.625912803903,3.589615406181,
    -38.32037700558));
#6073 = CARTESIAN_POINT('',(0.838048317952,3.257915406374,
    -38.43477162305));
#6074 = CARTESIAN_POINT('',(0.407278961122,3.175,-38.47071338849));
#6075 = CARTESIAN_POINT('',(-0.407278961122,3.175,-38.47071338849));
#6076 = CARTESIAN_POINT('',(-0.838048317952,3.257915406374,
    -38.43477162305));
#6077 = CARTESIAN_POINT('',(-1.625912803903,3.589615406181,
    -38.32037700558));
#6078 = CARTESIAN_POINT('',(-1.983571573732,3.838244843243,
    -38.24538308926));
#6079 = CARTESIAN_POINT('',(-2.525008257358,4.390025553791,
    -38.1399161663));
#6080 = CARTESIAN_POINT('',(-2.752753804527,4.719851339411,
    -38.09999942779));
#6081 = CARTESIAN_POINT('',(-2.909935566297,5.08,-38.09999942779));
#6082 = PCURVE('',#3612,#6083);
#6083 = DEFINITIONAL_REPRESENTATION('',(#6084),#6132);
#6084 = B_SPLINE_CURVE_WITH_KNOTS('',3,(#6085,#6086,#6087,#6088,#6089,
    #6090,#6091,#6092,#6093,#6094,#6095,#6096,#6097,#6098,#6099,#6100,
    #6101,#6102,#6103,#6104,#6105,#6106,#6107,#6108,#6109,#6110,#6111,
    #6112,#6113,#6114,#6115,#6116,#6117,#6118,#6119,#6120,#6121,#6122,
    #6123,#6124,#6125,#6126,#6127,#6128,#6129,#6130,#6131),
  .UNSPECIFIED.,.F.,.F.,(4,1,1,1,1,1,1,1,1,1,1,1,1,1,1,1,1,1,1,1,1,1,1,1
    ,1,1,1,1,1,1,1,1,1,1,1,1,1,1,1,1,1,1,1,1,4),(0.67348395687,
    0.68967708658,0.705870216291,0.722063346002,0.738256475713,
    0.754449605424,0.770642735134,0.786835864845,0.803028994556,
    0.819222124267,0.835415253978,0.851608383688,0.867801513399,
    0.88399464311,0.900187772821,0.916380902531,0.932574032242,
    0.948767161953,0.964960291664,0.981153421375,0.997346551085,
    1.013539680796,1.029732810507,1.045925940218,1.062119069929,
    1.078312199639,1.09450532935,1.110698459061,1.126891588772,
    1.143084718483,1.159277848193,1.175470977904,1.191664107615,
    1.207857237326,1.224050367036,1.240243496747,1.256436626458,
    1.272629756169,1.28882288588,1.30501601559,1.321209145301,
    1.337402275012,1.353595404723,1.369788534434,1.385981664144),
  .QUASI_UNIFORM_KNOTS.);
#6085 = CARTESIAN_POINT('',(9.013261114702,152.4000005722));
#6086 = CARTESIAN_POINT('',(8.995349742698,152.4000005722));
#6087 = CARTESIAN_POINT('',(8.959514592275,152.39832824262));
#6088 = CARTESIAN_POINT('',(8.90585852903,152.39133768263));
#6089 = CARTESIAN_POINT('',(8.852428836595,152.38040114182));
#6090 = CARTESIAN_POINT('',(8.799369829659,152.36605063919));
#6091 = CARTESIAN_POINT('',(8.746869190762,152.34883329527));
#6092 = CARTESIAN_POINT('',(8.694988290811,152.32923989021));
#6093 = CARTESIAN_POINT('',(8.644276104411,152.30797146422));
#6094 = CARTESIAN_POINT('',(8.593403805294,152.28492500307));
#6095 = CARTESIAN_POINT('',(8.541668226529,152.26027830167));
#6096 = CARTESIAN_POINT('',(8.489403116885,152.23465199813));
#6097 = CARTESIAN_POINT('',(8.436667019213,152.20854810638));
#6098 = CARTESIAN_POINT('',(8.383589283496,152.18250029383));
#6099 = CARTESIAN_POINT('',(8.330271429417,152.15703423812));
#6100 = CARTESIAN_POINT('',(8.276808062806,152.13267592248));
#6101 = CARTESIAN_POINT('',(8.223274381125,152.10995809766));
#6102 = CARTESIAN_POINT('',(8.169718139405,152.08965920889));
#6103 = CARTESIAN_POINT('',(8.116231614725,152.07189941762));
#6104 = CARTESIAN_POINT('',(8.062921380427,152.05690661206));
#6105 = CARTESIAN_POINT('',(8.009900140307,152.04487981505));
#6106 = CARTESIAN_POINT('',(7.95731107789,152.03602578408));
#6107 = CARTESIAN_POINT('',(7.905208956439,152.03054920342));
#6108 = CARTESIAN_POINT('',(7.853981633974,152.02865531555));
#6109 = CARTESIAN_POINT('',(7.80275431151,152.03054920342));
#6110 = CARTESIAN_POINT('',(7.750652190059,152.03602578408));
#6111 = CARTESIAN_POINT('',(7.698063127642,152.04487981505));
#6112 = CARTESIAN_POINT('',(7.645041887522,152.05690661206));
#6113 = CARTESIAN_POINT('',(7.591731653224,152.07189941762));
#6114 = CARTESIAN_POINT('',(7.538245128544,152.08965920889));
#6115 = CARTESIAN_POINT('',(7.484688886824,152.10995809766));
#6116 = CARTESIAN_POINT('',(7.431155205143,152.13267592248));
#6117 = CARTESIAN_POINT('',(7.377691838532,152.15703423812));
#6118 = CARTESIAN_POINT('',(7.324373984453,152.18250029383));
#6119 = CARTESIAN_POINT('',(7.271296248736,152.20854810638));
#6120 = CARTESIAN_POINT('',(7.218560151064,152.23465199813));
#6121 = CARTESIAN_POINT('',(7.16629504142,152.26027830167));
#6122 = CARTESIAN_POINT('',(7.114559462654,152.28492500307));
#6123 = CARTESIAN_POINT('',(7.063687163538,152.30797146422));
#6124 = CARTESIAN_POINT('',(7.012974977137,152.32923989021));
#6125 = CARTESIAN_POINT('',(6.961094077187,152.34883329527));
#6126 = CARTESIAN_POINT('',(6.90859343829,152.36605063919));
#6127 = CARTESIAN_POINT('',(6.855534431354,152.38040114182));
#6128 = CARTESIAN_POINT('',(6.802104738918,152.39133768263));
#6129 = CARTESIAN_POINT('',(6.748448675674,152.39832824262));
#6130 = CARTESIAN_POINT('',(6.712613525251,152.4000005722));
#6131 = CARTESIAN_POINT('',(6.694702153247,152.4000005722));
#6132 = ( GEOMETRIC_REPRESENTATION_CONTEXT(2) 
PARAMETRIC_REPRESENTATION_CONTEXT() REPRESENTATION_CONTEXT('2D SPACE',''
  ) );
#6133 = PCURVE('',#5065,#6134);
#6134 = DEFINITIONAL_REPRESENTATION('',(#6135),#6183);
#6135 = B_SPLINE_CURVE_WITH_KNOTS('',3,(#6136,#6137,#6138,#6139,#6140,
    #6141,#6142,#6143,#6144,#6145,#6146,#6147,#6148,#6149,#6150,#6151,
    #6152,#6153,#6154,#6155,#6156,#6157,#6158,#6159,#6160,#6161,#6162,
    #6163,#6164,#6165,#6166,#6167,#6168,#6169,#6170,#6171,#6172,#6173,
    #6174,#6175,#6176,#6177,#6178,#6179,#6180,#6181,#6182),
  .UNSPECIFIED.,.F.,.F.,(4,1,1,1,1,1,1,1,1,1,1,1,1,1,1,1,1,1,1,1,1,1,1,1
    ,1,1,1,1,1,1,1,1,1,1,1,1,1,1,1,1,1,1,1,1,4),(0.67348395687,
    0.68967708658,0.705870216291,0.722063346002,0.738256475713,
    0.754449605424,0.770642735134,0.786835864845,0.803028994556,
    0.819222124267,0.835415253978,0.851608383688,0.867801513399,
    0.88399464311,0.900187772821,0.916380902531,0.932574032242,
    0.948767161953,0.964960291664,0.981153421375,0.997346551085,
    1.013539680796,1.029732810507,1.045925940218,1.062119069929,
    1.078312199639,1.09450532935,1.110698459061,1.126891588772,
    1.143084718483,1.159277848193,1.175470977904,1.191664107615,
    1.207857237326,1.224050367036,1.240243496747,1.256436626458,
    1.272629756169,1.28882288588,1.30501601559,1.321209145301,
    1.337402275012,1.353595404723,1.369788534434,1.385981664144),
  .QUASI_UNIFORM_KNOTS.);
#6136 = CARTESIAN_POINT('',(0.785398163397,3.440064433703));
#6137 = CARTESIAN_POINT('',(0.775137755912,3.462814085617));
#6138 = CARTESIAN_POINT('',(0.754864683228,3.511269582174));
#6139 = CARTESIAN_POINT('',(0.725305596079,3.59210421291));
#6140 = CARTESIAN_POINT('',(0.696702937267,3.680367075293));
#6141 = CARTESIAN_POINT('',(0.669167473221,3.77535588195));
#6142 = CARTESIAN_POINT('',(0.642830633466,3.876290839945));
#6143 = CARTESIAN_POINT('',(0.617768492753,3.982681311712));
#6144 = CARTESIAN_POINT('',(0.594284318694,4.092957543774));
#6145 = CARTESIAN_POINT('',(0.571829157364,4.20967624858));
#6146 = CARTESIAN_POINT('',(0.550156618044,4.334090366407));
#6147 = CARTESIAN_POINT('',(0.529495679583,4.465177869596));
#6148 = CARTESIAN_POINT('',(0.509952643698,4.602526470929));
#6149 = CARTESIAN_POINT('',(0.491670182191,4.745559889359));
#6150 = CARTESIAN_POINT('',(0.47478526475,4.893748078712));
#6151 = CARTESIAN_POINT('',(0.459435211015,5.046540047156));
#6152 = CARTESIAN_POINT('',(0.445773195086,5.203422350616));
#6153 = CARTESIAN_POINT('',(0.433901007872,5.363756417191));
#6154 = CARTESIAN_POINT('',(0.423814589131,5.526663514824));
#6155 = CARTESIAN_POINT('',(0.415530899905,5.69130670603));
#6156 = CARTESIAN_POINT('',(0.409062002386,5.856856897436));
#6157 = CARTESIAN_POINT('',(0.404422204414,6.022411824655));
#6158 = CARTESIAN_POINT('',(0.401626131482,6.187354063238));
#6159 = CARTESIAN_POINT('',(0.400689017612,6.35));
#6160 = CARTESIAN_POINT('',(0.401626131482,6.512645936762));
#6161 = CARTESIAN_POINT('',(0.404422204414,6.677588175345));
#6162 = CARTESIAN_POINT('',(0.409062002386,6.843143102564));
#6163 = CARTESIAN_POINT('',(0.415530899905,7.00869329397));
#6164 = CARTESIAN_POINT('',(0.423814589131,7.173336485176));
#6165 = CARTESIAN_POINT('',(0.433901007872,7.336243582809));
#6166 = CARTESIAN_POINT('',(0.445773195086,7.496577649384));
#6167 = CARTESIAN_POINT('',(0.459435211015,7.653459952844));
#6168 = CARTESIAN_POINT('',(0.47478526475,7.806251921288));
#6169 = CARTESIAN_POINT('',(0.491670182191,7.954440110641));
#6170 = CARTESIAN_POINT('',(0.509952643698,8.097473529071));
#6171 = CARTESIAN_POINT('',(0.529495679583,8.234822130404));
#6172 = CARTESIAN_POINT('',(0.550156618044,8.365909633593));
#6173 = CARTESIAN_POINT('',(0.571829157364,8.49032375142));
#6174 = CARTESIAN_POINT('',(0.594284318694,8.607042456226));
#6175 = CARTESIAN_POINT('',(0.617768492753,8.717318688288));
#6176 = CARTESIAN_POINT('',(0.642830633466,8.823709160055));
#6177 = CARTESIAN_POINT('',(0.669167473221,8.92464411805));
#6178 = CARTESIAN_POINT('',(0.696702937267,9.019632924707));
#6179 = CARTESIAN_POINT('',(0.725305596079,9.10789578709));
#6180 = CARTESIAN_POINT('',(0.754864683228,9.188730417826));
#6181 = CARTESIAN_POINT('',(0.775137755912,9.237185914383));
#6182 = CARTESIAN_POINT('',(0.785398163397,9.259935566297));
#6183 = ( GEOMETRIC_REPRESENTATION_CONTEXT(2) 
PARAMETRIC_REPRESENTATION_CONTEXT() REPRESENTATION_CONTEXT('2D SPACE',''
  ) );
#6184 = ORIENTED_EDGE('',*,*,#6185,.T.);
#6185 = EDGE_CURVE('',#6064,#3595,#6186,.T.);
#6186 = SURFACE_CURVE('',#6187,(#6192,#6199),.PCURVE_S1.);
#6187 = CIRCLE('',#6188,3.175);
#6188 = AXIS2_PLACEMENT_3D('',#6189,#6190,#6191);
#6189 = CARTESIAN_POINT('',(-3.184389370909E-14,6.35,-38.09999942779));
#6190 = DIRECTION('',(2.22044604925E-16,2.465190328816E-32,-1.));
#6191 = DIRECTION('',(-1.,-2.307865185048E-14,-2.22044604925E-16));
#6192 = PCURVE('',#3612,#6193);
#6193 = DEFINITIONAL_REPRESENTATION('',(#6194),#6198);
#6194 = LINE('',#6195,#6196);
#6195 = CARTESIAN_POINT('',(12.566370614359,152.4000005722));
#6196 = VECTOR('',#6197,1.);
#6197 = DIRECTION('',(-1.,0.));
#6198 = ( GEOMETRIC_REPRESENTATION_CONTEXT(2) 
PARAMETRIC_REPRESENTATION_CONTEXT() REPRESENTATION_CONTEXT('2D SPACE',''
  ) );
#6199 = PCURVE('',#3640,#6200);
#6200 = DEFINITIONAL_REPRESENTATION('',(#6201),#6205);
#6201 = CIRCLE('',#6202,3.175);
#6202 = AXIS2_PLACEMENT_2D('',#6203,#6204);
#6203 = CARTESIAN_POINT('',(12.7,6.35));
#6204 = DIRECTION('',(1.,-2.295618717056E-14));
#6205 = ( GEOMETRIC_REPRESENTATION_CONTEXT(2) 
PARAMETRIC_REPRESENTATION_CONTEXT() REPRESENTATION_CONTEXT('2D SPACE',''
  ) );
#6206 = ORIENTED_EDGE('',*,*,#3594,.T.);
#6207 = ORIENTED_EDGE('',*,*,#6208,.T.);
#6208 = EDGE_CURVE('',#3597,#3806,#6209,.T.);
#6209 = SURFACE_CURVE('',#6210,(#6215,#6244),.PCURVE_S1.);
#6210 = ELLIPSE('',#6211,4.490128060535,3.175);
#6211 = AXIS2_PLACEMENT_3D('',#6212,#6213,#6214);
#6212 = CARTESIAN_POINT('',(-3.466215184935E-14,6.35,-25.40000081062));
#6213 = DIRECTION('',(0.,-0.707106781187,-0.707106781187));
#6214 = DIRECTION('',(1.616215707773E-14,-0.707106781187,0.707106781187)
  );
#6215 = PCURVE('',#3612,#6216);
#6216 = DEFINITIONAL_REPRESENTATION('',(#6217),#6243);
#6217 = B_SPLINE_CURVE_WITH_KNOTS('',3,(#6218,#6219,#6220,#6221,#6222,
    #6223,#6224,#6225,#6226,#6227,#6228,#6229,#6230,#6231,#6232,#6233,
    #6234,#6235,#6236,#6237,#6238,#6239,#6240,#6241,#6242),
  .UNSPECIFIED.,.F.,.F.,(4,1,1,1,1,1,1,1,1,1,1,1,1,1,1,1,1,1,1,1,1,1,4),
  (1.570796326795,1.713595992867,1.856395658939,1.999195325012,
    2.141994991084,2.284794657156,2.427594323228,2.570393989301,
    2.713193655373,2.855993321445,2.998792987518,3.14159265359,
    3.284392319662,3.427191985734,3.569991651807,3.712791317879,
    3.855590983951,3.998390650023,4.141190316096,4.283989982168,
    4.42678964824,4.569589314312,4.712388980385),.QUASI_UNIFORM_KNOTS.);
#6218 = CARTESIAN_POINT('',(6.28318530718,165.09999918937));
#6219 = CARTESIAN_POINT('',(6.235585418489,164.9488508267));
#6220 = CARTESIAN_POINT('',(6.140385641107,164.64662014811));
#6221 = CARTESIAN_POINT('',(5.997585975035,164.20245070868));
#6222 = CARTESIAN_POINT('',(5.854786308963,163.77656694557));
#6223 = CARTESIAN_POINT('',(5.711986642891,163.3776206476));
#6224 = CARTESIAN_POINT('',(5.569186976818,163.01373802773));
#6225 = CARTESIAN_POINT('',(5.426387310746,162.69232539607));
#6226 = CARTESIAN_POINT('',(5.283587644674,162.41992613277));
#6227 = CARTESIAN_POINT('',(5.140787978601,162.20208540863));
#6228 = CARTESIAN_POINT('',(4.997988312529,162.04323785742));
#6229 = CARTESIAN_POINT('',(4.855188646457,161.94661715055));
#6230 = CARTESIAN_POINT('',(4.712388980385,161.91419020878));
#6231 = CARTESIAN_POINT('',(4.569589314312,161.94661715055));
#6232 = CARTESIAN_POINT('',(4.42678964824,162.04323785742));
#6233 = CARTESIAN_POINT('',(4.283989982168,162.20208540863));
#6234 = CARTESIAN_POINT('',(4.141190316096,162.41992613277));
#6235 = CARTESIAN_POINT('',(3.998390650023,162.69232539607));
#6236 = CARTESIAN_POINT('',(3.855590983951,163.01373802773));
#6237 = CARTESIAN_POINT('',(3.712791317879,163.3776206476));
#6238 = CARTESIAN_POINT('',(3.569991651807,163.77656694557));
#6239 = CARTESIAN_POINT('',(3.427191985734,164.20245070868));
#6240 = CARTESIAN_POINT('',(3.284392319662,164.64662014811));
#6241 = CARTESIAN_POINT('',(3.189192542281,164.9488508267));
#6242 = CARTESIAN_POINT('',(3.14159265359,165.09999918937));
#6243 = ( GEOMETRIC_REPRESENTATION_CONTEXT(2) 
PARAMETRIC_REPRESENTATION_CONTEXT() REPRESENTATION_CONTEXT('2D SPACE',''
  ) );
#6244 = PCURVE('',#3843,#6245);
#6245 = DEFINITIONAL_REPRESENTATION('',(#6246),#6272);
#6246 = B_SPLINE_CURVE_WITH_KNOTS('',3,(#6247,#6248,#6249,#6250,#6251,
    #6252,#6253,#6254,#6255,#6256,#6257,#6258,#6259,#6260,#6261,#6262,
    #6263,#6264,#6265,#6266,#6267,#6268,#6269,#6270,#6271),
  .UNSPECIFIED.,.F.,.F.,(4,1,1,1,1,1,1,1,1,1,1,1,1,1,1,1,1,1,1,1,1,1,4),
  (1.570796326795,1.713595992867,1.856395658939,1.999195325012,
    2.141994991084,2.284794657156,2.427594323228,2.570393989301,
    2.713193655373,2.855993321445,2.998792987518,3.14159265359,
    3.284392319662,3.427191985734,3.569991651807,3.712791317879,
    3.855590983951,3.998390650023,4.141190316096,4.283989982168,
    4.42678964824,4.569589314312,4.712388980385),.QUASI_UNIFORM_KNOTS.);
#6247 = CARTESIAN_POINT('',(6.28318530718,6.35));
#6248 = CARTESIAN_POINT('',(6.33078519587,6.198851637326));
#6249 = CARTESIAN_POINT('',(6.425984973252,5.896620958742));
#6250 = CARTESIAN_POINT('',(6.568784639324,5.452451519309));
#6251 = CARTESIAN_POINT('',(6.711584305396,5.026567756193));
#6252 = CARTESIAN_POINT('',(6.854383971469,4.627621458231));
#6253 = CARTESIAN_POINT('',(6.997183637541,4.263738838353));
#6254 = CARTESIAN_POINT('',(7.139983303613,3.942326206699));
#6255 = CARTESIAN_POINT('',(7.282782969685,3.669926943401));
#6256 = CARTESIAN_POINT('',(7.425582635758,3.452086219261));
#6257 = CARTESIAN_POINT('',(7.56838230183,3.293238668052));
#6258 = CARTESIAN_POINT('',(7.711181967902,3.196617961176));
#6259 = CARTESIAN_POINT('',(7.853981633974,3.164191019412));
#6260 = CARTESIAN_POINT('',(7.996781300047,3.196617961176));
#6261 = CARTESIAN_POINT('',(8.139580966119,3.293238668052));
#6262 = CARTESIAN_POINT('',(8.282380632191,3.452086219261));
#6263 = CARTESIAN_POINT('',(8.425180298264,3.669926943401));
#6264 = CARTESIAN_POINT('',(8.567979964336,3.942326206699));
#6265 = CARTESIAN_POINT('',(8.710779630408,4.263738838353));
#6266 = CARTESIAN_POINT('',(8.85357929648,4.627621458231));
#6267 = CARTESIAN_POINT('',(8.996378962553,5.026567756193));
#6268 = CARTESIAN_POINT('',(9.139178628625,5.452451519309));
#6269 = CARTESIAN_POINT('',(9.281978294697,5.896620958742));
#6270 = CARTESIAN_POINT('',(9.377178072079,6.198851637326));
#6271 = CARTESIAN_POINT('',(9.424777960769,6.35));
#6272 = ( GEOMETRIC_REPRESENTATION_CONTEXT(2) 
PARAMETRIC_REPRESENTATION_CONTEXT() REPRESENTATION_CONTEXT('2D SPACE',''
  ) );
#6273 = ORIENTED_EDGE('',*,*,#3805,.T.);
#6274 = ORIENTED_EDGE('',*,*,#6018,.F.);
#6275 = ORIENTED_EDGE('',*,*,#5018,.T.);
#6276 = ADVANCED_FACE('',(#6277),#3843,.F.);
#6277 = FACE_BOUND('',#6278,.F.);
#6278 = EDGE_LOOP('',(#6279,#6300,#6301,#6302,#6303));
#6279 = ORIENTED_EDGE('',*,*,#6280,.T.);
#6280 = EDGE_CURVE('',#4939,#3806,#6281,.T.);
#6281 = SEAM_CURVE('',#6282,(#6286,#6293),.PCURVE_S1.);
#6282 = LINE('',#6283,#6284);
#6283 = CARTESIAN_POINT('',(3.175,12.7,-25.40000081062));
#6284 = VECTOR('',#6285,1.);
#6285 = DIRECTION('',(8.741913579726E-17,-1.,0.));
#6286 = PCURVE('',#3843,#6287);
#6287 = DEFINITIONAL_REPRESENTATION('',(#6288),#6292);
#6288 = LINE('',#6289,#6290);
#6289 = CARTESIAN_POINT('',(9.424777960769,0.));
#6290 = VECTOR('',#6291,1.);
#6291 = DIRECTION('',(0.,1.));
#6292 = ( GEOMETRIC_REPRESENTATION_CONTEXT(2) 
PARAMETRIC_REPRESENTATION_CONTEXT() REPRESENTATION_CONTEXT('2D SPACE',''
  ) );
#6293 = PCURVE('',#3843,#6294);
#6294 = DEFINITIONAL_REPRESENTATION('',(#6295),#6299);
#6295 = LINE('',#6296,#6297);
#6296 = CARTESIAN_POINT('',(3.14159265359,0.));
#6297 = VECTOR('',#6298,1.);
#6298 = DIRECTION('',(0.,1.));
#6299 = ( GEOMETRIC_REPRESENTATION_CONTEXT(2) 
PARAMETRIC_REPRESENTATION_CONTEXT() REPRESENTATION_CONTEXT('2D SPACE',''
  ) );
#6300 = ORIENTED_EDGE('',*,*,#6208,.F.);
#6301 = ORIENTED_EDGE('',*,*,#3828,.T.);
#6302 = ORIENTED_EDGE('',*,*,#6280,.F.);
#6303 = ORIENTED_EDGE('',*,*,#4938,.T.);
#6304 = ADVANCED_FACE('',(#6305),#3793,.F.);
#6305 = FACE_BOUND('',#6306,.T.);
#6306 = EDGE_LOOP('',(#6307,#6308,#6331,#6375));
#6307 = ORIENTED_EDGE('',*,*,#6039,.T.);
#6308 = ORIENTED_EDGE('',*,*,#6309,.F.);
#6309 = EDGE_CURVE('',#6310,#6040,#6312,.T.);
#6310 = VERTEX_POINT('',#6311);
#6311 = CARTESIAN_POINT('',(6.35,5.08,-38.09999942779));
#6312 = SURFACE_CURVE('',#6313,(#6317,#6324),.PCURVE_S1.);
#6313 = LINE('',#6314,#6315);
#6314 = CARTESIAN_POINT('',(6.35,5.08,-38.09999942779));
#6315 = VECTOR('',#6316,1.);
#6316 = DIRECTION('',(-1.,-1.224646799147E-16,-2.22044604925E-16));
#6317 = PCURVE('',#3793,#6318);
#6318 = DEFINITIONAL_REPRESENTATION('',(#6319),#6323);
#6319 = LINE('',#6320,#6321);
#6320 = CARTESIAN_POINT('',(6.35,5.08));
#6321 = VECTOR('',#6322,1.);
#6322 = DIRECTION('',(1.,5.641527646774E-49));
#6323 = ( GEOMETRIC_REPRESENTATION_CONTEXT(2) 
PARAMETRIC_REPRESENTATION_CONTEXT() REPRESENTATION_CONTEXT('2D SPACE',''
  ) );
#6324 = PCURVE('',#5065,#6325);
#6325 = DEFINITIONAL_REPRESENTATION('',(#6326),#6330);
#6326 = LINE('',#6327,#6328);
#6327 = CARTESIAN_POINT('',(0.785398163397,-8.881784197001E-16));
#6328 = VECTOR('',#6329,1.);
#6329 = DIRECTION('',(0.,1.));
#6330 = ( GEOMETRIC_REPRESENTATION_CONTEXT(2) 
PARAMETRIC_REPRESENTATION_CONTEXT() REPRESENTATION_CONTEXT('2D SPACE',''
  ) );
#6331 = ORIENTED_EDGE('',*,*,#6332,.F.);
#6332 = EDGE_CURVE('',#3722,#6310,#6333,.T.);
#6333 = SURFACE_CURVE('',#6334,(#6339,#6346),.PCURVE_S1.);
#6334 = CIRCLE('',#6335,1.27);
#6335 = AXIS2_PLACEMENT_3D('',#6336,#6337,#6338);
#6336 = CARTESIAN_POINT('',(6.35,6.35,-38.09999942779));
#6337 = DIRECTION('',(2.22044604925E-16,3.697785493223E-32,-1.));
#6338 = DIRECTION('',(0.707106781187,-0.707106781187,1.570092458684E-16)
  );
#6339 = PCURVE('',#3793,#6340);
#6340 = DEFINITIONAL_REPRESENTATION('',(#6341),#6345);
#6341 = CIRCLE('',#6342,1.27);
#6342 = AXIS2_PLACEMENT_2D('',#6343,#6344);
#6343 = CARTESIAN_POINT('',(6.35,6.35));
#6344 = DIRECTION('',(-0.707106781187,-0.707106781187));
#6345 = ( GEOMETRIC_REPRESENTATION_CONTEXT(2) 
PARAMETRIC_REPRESENTATION_CONTEXT() REPRESENTATION_CONTEXT('2D SPACE',''
  ) );
#6346 = PCURVE('',#3738,#6347);
#6347 = DEFINITIONAL_REPRESENTATION('',(#6348),#6374);
#6348 = B_SPLINE_CURVE_WITH_KNOTS('',3,(#6349,#6350,#6351,#6352,#6353,
    #6354,#6355,#6356,#6357,#6358,#6359,#6360,#6361,#6362,#6363,#6364,
    #6365,#6366,#6367,#6368,#6369,#6370,#6371,#6372,#6373),
  .UNSPECIFIED.,.F.,.F.,(4,1,1,1,1,1,1,1,1,1,1,1,1,1,1,1,1,1,1,1,1,1,4),
  (5.497787143782,5.569186976818,5.640586809854,5.711986642891,
    5.783386475927,5.854786308963,5.926186141999,5.997585975035,
    6.068985808071,6.140385641107,6.211785474143,6.28318530718,
    6.354585140216,6.425984973252,6.497384806288,6.568784639324,
    6.64018447236,6.711584305396,6.782984138433,6.854383971469,
    6.925783804505,6.997183637541,7.068583470577),
  .QUASI_UNIFORM_KNOTS.);
#6349 = CARTESIAN_POINT('',(-1.570796326795,-3.14159265359));
#6350 = CARTESIAN_POINT('',(-1.570796326795,-3.115159605061));
#6351 = CARTESIAN_POINT('',(-1.570796326795,-3.06306744096));
#6352 = CARTESIAN_POINT('',(-1.570796326795,-2.986986199036));
#6353 = CARTESIAN_POINT('',(-1.570796326795,-2.912688495408));
#6354 = CARTESIAN_POINT('',(-1.570796326795,-2.839931213655));
#6355 = CARTESIAN_POINT('',(-1.570796326795,-2.76848654735));
#6356 = CARTESIAN_POINT('',(-1.570796326795,-2.698142049645));
#6357 = CARTESIAN_POINT('',(-1.570796326795,-2.628697122557));
#6358 = CARTESIAN_POINT('',(-1.570796326795,-2.559960843422));
#6359 = CARTESIAN_POINT('',(-1.570796326795,-2.491749732825));
#6360 = CARTESIAN_POINT('',(-1.570796326795,-2.423885766815));
#6361 = CARTESIAN_POINT('',(-1.570796326795,-2.356194490192));
#6362 = CARTESIAN_POINT('',(-1.570796326795,-2.28850321357));
#6363 = CARTESIAN_POINT('',(-1.570796326795,-2.22063924756));
#6364 = CARTESIAN_POINT('',(-1.570796326795,-2.152428136963));
#6365 = CARTESIAN_POINT('',(-1.570796326795,-2.083691857828));
#6366 = CARTESIAN_POINT('',(-1.570796326795,-2.01424693074));
#6367 = CARTESIAN_POINT('',(-1.570796326795,-1.943902433035));
#6368 = CARTESIAN_POINT('',(-1.570796326795,-1.87245776673));
#6369 = CARTESIAN_POINT('',(-1.570796326795,-1.799700484977));
#6370 = CARTESIAN_POINT('',(-1.570796326795,-1.725402781349));
#6371 = CARTESIAN_POINT('',(-1.570796326795,-1.649321539425));
#6372 = CARTESIAN_POINT('',(-1.570796326795,-1.597229375324));
#6373 = CARTESIAN_POINT('',(-1.570796326795,-1.570796326795));
#6374 = ( GEOMETRIC_REPRESENTATION_CONTEXT(2) 
PARAMETRIC_REPRESENTATION_CONTEXT() REPRESENTATION_CONTEXT('2D SPACE',''
  ) );
#6375 = ORIENTED_EDGE('',*,*,#3777,.T.);
#6376 = ADVANCED_FACE('',(#6377),#3738,.F.);
#6377 = FACE_BOUND('',#6378,.F.);
#6378 = EDGE_LOOP('',(#6379,#6380,#6381,#6382));
#6379 = ORIENTED_EDGE('',*,*,#6332,.F.);
#6380 = ORIENTED_EDGE('',*,*,#3721,.T.);
#6381 = ORIENTED_EDGE('',*,*,#5723,.F.);
#6382 = ORIENTED_EDGE('',*,*,#6383,.F.);
#6383 = EDGE_CURVE('',#6310,#5050,#6384,.T.);
#6384 = SURFACE_CURVE('',#6385,(#6390,#6419),.PCURVE_S1.);
#6385 = CIRCLE('',#6386,5.08);
#6386 = AXIS2_PLACEMENT_3D('',#6387,#6388,#6389);
#6387 = CARTESIAN_POINT('',(6.35,5.08,-43.17999942779));
#6388 = DIRECTION('',(1.,2.185478394931E-16,2.185478394931E-16));
#6389 = DIRECTION('',(-2.185478394931E-16,0.,1.));
#6390 = PCURVE('',#3738,#6391);
#6391 = DEFINITIONAL_REPRESENTATION('',(#6392),#6418);
#6392 = B_SPLINE_CURVE_WITH_KNOTS('',3,(#6393,#6394,#6395,#6396,#6397,
    #6398,#6399,#6400,#6401,#6402,#6403,#6404,#6405,#6406,#6407,#6408,
    #6409,#6410,#6411,#6412,#6413,#6414,#6415,#6416,#6417),
  .UNSPECIFIED.,.F.,.F.,(4,1,1,1,1,1,1,1,1,1,1,1,1,1,1,1,1,1,1,1,1,1,4),
  (0.,7.139983303613E-02,0.142799666072,0.214199499108,0.285599332145,
    0.356999165181,0.428398998217,0.499798831253,0.571198664289,
    0.642598497325,0.713998330361,0.785398163397,0.856797996434,
    0.92819782947,0.999597662506,1.070997495542,1.142397328578,
    1.213797161614,1.28519699465,1.356596827687,1.427996660723,
    1.499396493759,1.570796326795),.QUASI_UNIFORM_KNOTS.);
#6393 = CARTESIAN_POINT('',(-1.570796326795,-1.570796326795));
#6394 = CARTESIAN_POINT('',(-1.544363278266,-1.570796326795));
#6395 = CARTESIAN_POINT('',(-1.492271114166,-1.570796326795));
#6396 = CARTESIAN_POINT('',(-1.416189872242,-1.570796326795));
#6397 = CARTESIAN_POINT('',(-1.341892168613,-1.570796326795));
#6398 = CARTESIAN_POINT('',(-1.26913488686,-1.570796326795));
#6399 = CARTESIAN_POINT('',(-1.197690220555,-1.570796326795));
#6400 = CARTESIAN_POINT('',(-1.12734572285,-1.570796326795));
#6401 = CARTESIAN_POINT('',(-1.057900795762,-1.570796326795));
#6402 = CARTESIAN_POINT('',(-0.989164516627,-1.570796326795));
#6403 = CARTESIAN_POINT('',(-0.92095340603,-1.570796326795));
#6404 = CARTESIAN_POINT('',(-0.85308944002,-1.570796326795));
#6405 = CARTESIAN_POINT('',(-0.785398163397,-1.570796326795));
#6406 = CARTESIAN_POINT('',(-0.717706886775,-1.570796326795));
#6407 = CARTESIAN_POINT('',(-0.649842920765,-1.570796326795));
#6408 = CARTESIAN_POINT('',(-0.581631810167,-1.570796326795));
#6409 = CARTESIAN_POINT('',(-0.512895531032,-1.570796326795));
#6410 = CARTESIAN_POINT('',(-0.443450603944,-1.570796326795));
#6411 = CARTESIAN_POINT('',(-0.373106106239,-1.570796326795));
#6412 = CARTESIAN_POINT('',(-0.301661439934,-1.570796326795));
#6413 = CARTESIAN_POINT('',(-0.228904158181,-1.570796326795));
#6414 = CARTESIAN_POINT('',(-0.154606454553,-1.570796326795));
#6415 = CARTESIAN_POINT('',(-7.852521262855E-02,-1.570796326795));
#6416 = CARTESIAN_POINT('',(-2.643304852801E-02,-1.570796326795));
#6417 = CARTESIAN_POINT('',(3.94807314735E-13,-1.570796326795));
#6418 = ( GEOMETRIC_REPRESENTATION_CONTEXT(2) 
PARAMETRIC_REPRESENTATION_CONTEXT() REPRESENTATION_CONTEXT('2D SPACE',''
  ) );
#6419 = PCURVE('',#5065,#6420);
#6420 = DEFINITIONAL_REPRESENTATION('',(#6421),#6425);
#6421 = LINE('',#6422,#6423);
#6422 = CARTESIAN_POINT('',(0.785398163397,0.));
#6423 = VECTOR('',#6424,1.);
#6424 = DIRECTION('',(-1.,0.));
#6425 = ( GEOMETRIC_REPRESENTATION_CONTEXT(2) 
PARAMETRIC_REPRESENTATION_CONTEXT() REPRESENTATION_CONTEXT('2D SPACE',''
  ) );
#6426 = ADVANCED_FACE('',(#6427),#3640,.F.);
#6427 = FACE_BOUND('',#6428,.T.);
#6428 = EDGE_LOOP('',(#6429,#6430,#6431,#6432));
#6429 = ORIENTED_EDGE('',*,*,#6185,.T.);
#6430 = ORIENTED_EDGE('',*,*,#3624,.T.);
#6431 = ORIENTED_EDGE('',*,*,#5103,.F.);
#6432 = ORIENTED_EDGE('',*,*,#6433,.F.);
#6433 = EDGE_CURVE('',#6064,#5104,#6434,.T.);
#6434 = SURFACE_CURVE('',#6435,(#6439,#6446),.PCURVE_S1.);
#6435 = LINE('',#6436,#6437);
#6436 = CARTESIAN_POINT('',(6.35,5.08,-38.09999942779));
#6437 = VECTOR('',#6438,1.);
#6438 = DIRECTION('',(-1.,-1.224646799147E-16,-2.22044604925E-16));
#6439 = PCURVE('',#3640,#6440);
#6440 = DEFINITIONAL_REPRESENTATION('',(#6441),#6445);
#6441 = LINE('',#6442,#6443);
#6442 = CARTESIAN_POINT('',(6.35,5.08));
#6443 = VECTOR('',#6444,1.);
#6444 = DIRECTION('',(1.,5.641527646774E-49));
#6445 = ( GEOMETRIC_REPRESENTATION_CONTEXT(2) 
PARAMETRIC_REPRESENTATION_CONTEXT() REPRESENTATION_CONTEXT('2D SPACE',''
  ) );
#6446 = PCURVE('',#5065,#6447);
#6447 = DEFINITIONAL_REPRESENTATION('',(#6448),#6452);
#6448 = LINE('',#6449,#6450);
#6449 = CARTESIAN_POINT('',(0.785398163397,0.));
#6450 = VECTOR('',#6451,1.);
#6451 = DIRECTION('',(-1.613666031584E-16,1.));
#6452 = ( GEOMETRIC_REPRESENTATION_CONTEXT(2) 
PARAMETRIC_REPRESENTATION_CONTEXT() REPRESENTATION_CONTEXT('2D SPACE',''
  ) );
#6453 = ADVANCED_FACE('',(#6454),#4410,.F.);
#6454 = FACE_BOUND('',#6455,.F.);
#6455 = EDGE_LOOP('',(#6456,#6502,#6546,#6547));
#6456 = ORIENTED_EDGE('',*,*,#6457,.F.);
#6457 = EDGE_CURVE('',#6458,#4366,#6460,.T.);
#6458 = VERTEX_POINT('',#6459);
#6459 = CARTESIAN_POINT('',(6.35,5.08,38.099999427795));
#6460 = SURFACE_CURVE('',#6461,(#6466,#6495),.PCURVE_S1.);
#6461 = CIRCLE('',#6462,1.27);
#6462 = AXIS2_PLACEMENT_3D('',#6463,#6464,#6465);
#6463 = CARTESIAN_POINT('',(6.35,6.35,38.099999427795));
#6464 = DIRECTION('',(-2.22044604925E-16,-3.697785493223E-32,1.));
#6465 = DIRECTION('',(0.707106781187,-0.707106781187,1.570092458684E-16)
  );
#6466 = PCURVE('',#4410,#6467);
#6467 = DEFINITIONAL_REPRESENTATION('',(#6468),#6494);
#6468 = B_SPLINE_CURVE_WITH_KNOTS('',3,(#6469,#6470,#6471,#6472,#6473,
    #6474,#6475,#6476,#6477,#6478,#6479,#6480,#6481,#6482,#6483,#6484,
    #6485,#6486,#6487,#6488,#6489,#6490,#6491,#6492,#6493),
  .UNSPECIFIED.,.F.,.F.,(4,1,1,1,1,1,1,1,1,1,1,1,1,1,1,1,1,1,1,1,1,1,4),
  (5.497787143782,5.569186976818,5.640586809854,5.711986642891,
    5.783386475927,5.854786308963,5.926186141999,5.997585975035,
    6.068985808071,6.140385641107,6.211785474143,6.28318530718,
    6.354585140216,6.425984973252,6.497384806288,6.568784639324,
    6.64018447236,6.711584305396,6.782984138433,6.854383971469,
    6.925783804505,6.997183637541,7.068583470577),
  .QUASI_UNIFORM_KNOTS.);
#6469 = CARTESIAN_POINT('',(-1.570796326795,-1.570796326795));
#6470 = CARTESIAN_POINT('',(-1.570796326795,-1.544363278267));
#6471 = CARTESIAN_POINT('',(-1.570796326795,-1.492271114166));
#6472 = CARTESIAN_POINT('',(-1.570796326795,-1.416189872242));
#6473 = CARTESIAN_POINT('',(-1.570796326795,-1.341892168614));
#6474 = CARTESIAN_POINT('',(-1.570796326795,-1.269134886861));
#6475 = CARTESIAN_POINT('',(-1.570796326795,-1.197690220556));
#6476 = CARTESIAN_POINT('',(-1.570796326795,-1.12734572285));
#6477 = CARTESIAN_POINT('',(-1.570796326795,-1.057900795762));
#6478 = CARTESIAN_POINT('',(-1.570796326795,-0.989164516627));
#6479 = CARTESIAN_POINT('',(-1.570796326795,-0.92095340603));
#6480 = CARTESIAN_POINT('',(-1.570796326795,-0.85308944002));
#6481 = CARTESIAN_POINT('',(-1.570796326795,-0.785398163397));
#6482 = CARTESIAN_POINT('',(-1.570796326795,-0.717706886775));
#6483 = CARTESIAN_POINT('',(-1.570796326795,-0.649842920765));
#6484 = CARTESIAN_POINT('',(-1.570796326795,-0.581631810168));
#6485 = CARTESIAN_POINT('',(-1.570796326795,-0.512895531033));
#6486 = CARTESIAN_POINT('',(-1.570796326795,-0.443450603945));
#6487 = CARTESIAN_POINT('',(-1.570796326795,-0.373106106239));
#6488 = CARTESIAN_POINT('',(-1.570796326795,-0.301661439934));
#6489 = CARTESIAN_POINT('',(-1.570796326795,-0.228904158181));
#6490 = CARTESIAN_POINT('',(-1.570796326795,-0.154606454553));
#6491 = CARTESIAN_POINT('',(-1.570796326795,-7.852521262889E-02));
#6492 = CARTESIAN_POINT('',(-1.570796326795,-2.643304852838E-02));
#6493 = CARTESIAN_POINT('',(-1.570796326795,-1.468641481394E-14));
#6494 = ( GEOMETRIC_REPRESENTATION_CONTEXT(2) 
PARAMETRIC_REPRESENTATION_CONTEXT() REPRESENTATION_CONTEXT('2D SPACE',''
  ) );
#6495 = PCURVE('',#4381,#6496);
#6496 = DEFINITIONAL_REPRESENTATION('',(#6497),#6501);
#6497 = CIRCLE('',#6498,1.27);
#6498 = AXIS2_PLACEMENT_2D('',#6499,#6500);
#6499 = CARTESIAN_POINT('',(19.05,6.35));
#6500 = DIRECTION('',(0.707106781187,-0.707106781187));
#6501 = ( GEOMETRIC_REPRESENTATION_CONTEXT(2) 
PARAMETRIC_REPRESENTATION_CONTEXT() REPRESENTATION_CONTEXT('2D SPACE',''
  ) );
#6502 = ORIENTED_EDGE('',*,*,#6503,.T.);
#6503 = EDGE_CURVE('',#6458,#4574,#6504,.T.);
#6504 = SURFACE_CURVE('',#6505,(#6510,#6539),.PCURVE_S1.);
#6505 = CIRCLE('',#6506,5.08);
#6506 = AXIS2_PLACEMENT_3D('',#6507,#6508,#6509);
#6507 = CARTESIAN_POINT('',(6.35,5.08,43.179999427795));
#6508 = DIRECTION('',(-1.,-2.185478394931E-16,-2.185478394931E-16));
#6509 = DIRECTION('',(2.185478394931E-16,0.,-1.));
#6510 = PCURVE('',#4410,#6511);
#6511 = DEFINITIONAL_REPRESENTATION('',(#6512),#6538);
#6512 = B_SPLINE_CURVE_WITH_KNOTS('',3,(#6513,#6514,#6515,#6516,#6517,
    #6518,#6519,#6520,#6521,#6522,#6523,#6524,#6525,#6526,#6527,#6528,
    #6529,#6530,#6531,#6532,#6533,#6534,#6535,#6536,#6537),
  .UNSPECIFIED.,.F.,.F.,(4,1,1,1,1,1,1,1,1,1,1,1,1,1,1,1,1,1,1,1,1,1,4),
  (0.,7.139983303613E-02,0.142799666072,0.214199499108,0.285599332145,
    0.356999165181,0.428398998217,0.499798831253,0.571198664289,
    0.642598497325,0.713998330361,0.785398163397,0.856797996434,
    0.92819782947,0.999597662506,1.070997495542,1.142397328578,
    1.213797161614,1.28519699465,1.356596827687,1.427996660723,
    1.499396493759,1.570796326795),.QUASI_UNIFORM_KNOTS.);
#6513 = CARTESIAN_POINT('',(-1.570796326795,-1.570796326795));
#6514 = CARTESIAN_POINT('',(-1.544363278267,-1.570796326795));
#6515 = CARTESIAN_POINT('',(-1.492271114166,-1.570796326795));
#6516 = CARTESIAN_POINT('',(-1.416189872242,-1.570796326795));
#6517 = CARTESIAN_POINT('',(-1.341892168614,-1.570796326795));
#6518 = CARTESIAN_POINT('',(-1.269134886861,-1.570796326795));
#6519 = CARTESIAN_POINT('',(-1.197690220556,-1.570796326795));
#6520 = CARTESIAN_POINT('',(-1.12734572285,-1.570796326795));
#6521 = CARTESIAN_POINT('',(-1.057900795762,-1.570796326795));
#6522 = CARTESIAN_POINT('',(-0.989164516627,-1.570796326795));
#6523 = CARTESIAN_POINT('',(-0.92095340603,-1.570796326795));
#6524 = CARTESIAN_POINT('',(-0.85308944002,-1.570796326795));
#6525 = CARTESIAN_POINT('',(-0.785398163397,-1.570796326795));
#6526 = CARTESIAN_POINT('',(-0.717706886775,-1.570796326795));
#6527 = CARTESIAN_POINT('',(-0.649842920765,-1.570796326795));
#6528 = CARTESIAN_POINT('',(-0.581631810168,-1.570796326795));
#6529 = CARTESIAN_POINT('',(-0.512895531033,-1.570796326795));
#6530 = CARTESIAN_POINT('',(-0.443450603945,-1.570796326795));
#6531 = CARTESIAN_POINT('',(-0.373106106239,-1.570796326795));
#6532 = CARTESIAN_POINT('',(-0.301661439934,-1.570796326795));
#6533 = CARTESIAN_POINT('',(-0.228904158181,-1.570796326795));
#6534 = CARTESIAN_POINT('',(-0.154606454553,-1.570796326795));
#6535 = CARTESIAN_POINT('',(-7.85252126287E-02,-1.570796326795));
#6536 = CARTESIAN_POINT('',(-2.643304852826E-02,-1.570796326795));
#6537 = CARTESIAN_POINT('',(1.482163061311E-14,-1.570796326795));
#6538 = ( GEOMETRIC_REPRESENTATION_CONTEXT(2) 
PARAMETRIC_REPRESENTATION_CONTEXT() REPRESENTATION_CONTEXT('2D SPACE',''
  ) );
#6539 = PCURVE('',#4558,#6540);
#6540 = DEFINITIONAL_REPRESENTATION('',(#6541),#6545);
#6541 = LINE('',#6542,#6543);
#6542 = CARTESIAN_POINT('',(0.785398163397,12.7));
#6543 = VECTOR('',#6544,1.);
#6544 = DIRECTION('',(-1.,0.));
#6545 = ( GEOMETRIC_REPRESENTATION_CONTEXT(2) 
PARAMETRIC_REPRESENTATION_CONTEXT() REPRESENTATION_CONTEXT('2D SPACE',''
  ) );
#6546 = ORIENTED_EDGE('',*,*,#5911,.F.);
#6547 = ORIENTED_EDGE('',*,*,#4393,.T.);
#6548 = ADVANCED_FACE('',(#6549),#4381,.F.);
#6549 = FACE_BOUND('',#6550,.T.);
#6550 = EDGE_LOOP('',(#6551,#6552,#6575,#6597));
#6551 = ORIENTED_EDGE('',*,*,#6457,.F.);
#6552 = ORIENTED_EDGE('',*,*,#6553,.F.);
#6553 = EDGE_CURVE('',#6554,#6458,#6556,.T.);
#6554 = VERTEX_POINT('',#6555);
#6555 = CARTESIAN_POINT('',(2.909935566297,5.08,38.099999427795));
#6556 = SURFACE_CURVE('',#6557,(#6561,#6568),.PCURVE_S1.);
#6557 = LINE('',#6558,#6559);
#6558 = CARTESIAN_POINT('',(-6.35,5.08,38.099999427795));
#6559 = VECTOR('',#6560,1.);
#6560 = DIRECTION('',(1.,1.224646799147E-16,2.22044604925E-16));
#6561 = PCURVE('',#4381,#6562);
#6562 = DEFINITIONAL_REPRESENTATION('',(#6563),#6567);
#6563 = LINE('',#6564,#6565);
#6564 = CARTESIAN_POINT('',(6.35,5.08));
#6565 = VECTOR('',#6566,1.);
#6566 = DIRECTION('',(1.,-5.641527646774E-49));
#6567 = ( GEOMETRIC_REPRESENTATION_CONTEXT(2) 
PARAMETRIC_REPRESENTATION_CONTEXT() REPRESENTATION_CONTEXT('2D SPACE',''
  ) );
#6568 = PCURVE('',#4558,#6569);
#6569 = DEFINITIONAL_REPRESENTATION('',(#6570),#6574);
#6570 = LINE('',#6571,#6572);
#6571 = CARTESIAN_POINT('',(0.785398163397,-1.7763568394E-15));
#6572 = VECTOR('',#6573,1.);
#6573 = DIRECTION('',(0.,1.));
#6574 = ( GEOMETRIC_REPRESENTATION_CONTEXT(2) 
PARAMETRIC_REPRESENTATION_CONTEXT() REPRESENTATION_CONTEXT('2D SPACE',''
  ) );
#6575 = ORIENTED_EDGE('',*,*,#6576,.T.);
#6576 = EDGE_CURVE('',#6554,#4343,#6577,.T.);
#6577 = SURFACE_CURVE('',#6578,(#6583,#6590),.PCURVE_S1.);
#6578 = CIRCLE('',#6579,3.175);
#6579 = AXIS2_PLACEMENT_3D('',#6580,#6581,#6582);
#6580 = CARTESIAN_POINT('',(-4.844842463224E-14,6.35,38.099999427795));
#6581 = DIRECTION('',(-2.22044604925E-16,-2.465190328816E-32,1.));
#6582 = DIRECTION('',(-1.,4.65414261379E-30,-2.22044604925E-16));
#6583 = PCURVE('',#4381,#6584);
#6584 = DEFINITIONAL_REPRESENTATION('',(#6585),#6589);
#6585 = CIRCLE('',#6586,3.175);
#6586 = AXIS2_PLACEMENT_2D('',#6587,#6588);
#6587 = CARTESIAN_POINT('',(12.7,6.35));
#6588 = DIRECTION('',(-1.,1.224646799147E-16));
#6589 = ( GEOMETRIC_REPRESENTATION_CONTEXT(2) 
PARAMETRIC_REPRESENTATION_CONTEXT() REPRESENTATION_CONTEXT('2D SPACE',''
  ) );
#6590 = PCURVE('',#4301,#6591);
#6591 = DEFINITIONAL_REPRESENTATION('',(#6592),#6596);
#6592 = LINE('',#6593,#6594);
#6593 = CARTESIAN_POINT('',(6.28318530718,152.4000005722));
#6594 = VECTOR('',#6595,1.);
#6595 = DIRECTION('',(-1.,0.));
#6596 = ( GEOMETRIC_REPRESENTATION_CONTEXT(2) 
PARAMETRIC_REPRESENTATION_CONTEXT() REPRESENTATION_CONTEXT('2D SPACE',''
  ) );
#6597 = ORIENTED_EDGE('',*,*,#4365,.T.);
#6598 = ADVANCED_FACE('',(#6599),#4301,.F.);
#6599 = FACE_BOUND('',#6600,.F.);
#6600 = EDGE_LOOP('',(#6601,#6622,#6623,#6689,#6690,#6714,#6834,#6835,
    #6836));
#6601 = ORIENTED_EDGE('',*,*,#6602,.T.);
#6602 = EDGE_CURVE('',#4698,#4343,#6603,.T.);
#6603 = SEAM_CURVE('',#6604,(#6608,#6615),.PCURVE_S1.);
#6604 = LINE('',#6605,#6606);
#6605 = CARTESIAN_POINT('',(3.175,6.35,190.5));
#6606 = VECTOR('',#6607,1.);
#6607 = DIRECTION('',(2.219101139469E-16,4.438202278938E-16,-1.));
#6608 = PCURVE('',#4301,#6609);
#6609 = DEFINITIONAL_REPRESENTATION('',(#6610),#6614);
#6610 = LINE('',#6611,#6612);
#6611 = CARTESIAN_POINT('',(9.424777960769,0.));
#6612 = VECTOR('',#6613,1.);
#6613 = DIRECTION('',(0.,1.));
#6614 = ( GEOMETRIC_REPRESENTATION_CONTEXT(2) 
PARAMETRIC_REPRESENTATION_CONTEXT() REPRESENTATION_CONTEXT('2D SPACE',''
  ) );
#6615 = PCURVE('',#4301,#6616);
#6616 = DEFINITIONAL_REPRESENTATION('',(#6617),#6621);
#6617 = LINE('',#6618,#6619);
#6618 = CARTESIAN_POINT('',(3.14159265359,0.));
#6619 = VECTOR('',#6620,1.);
#6620 = DIRECTION('',(0.,1.));
#6621 = ( GEOMETRIC_REPRESENTATION_CONTEXT(2) 
PARAMETRIC_REPRESENTATION_CONTEXT() REPRESENTATION_CONTEXT('2D SPACE',''
  ) );
#6622 = ORIENTED_EDGE('',*,*,#4342,.T.);
#6623 = ORIENTED_EDGE('',*,*,#6624,.F.);
#6624 = EDGE_CURVE('',#4286,#4314,#6625,.T.);
#6625 = SURFACE_CURVE('',#6626,(#6631,#6660),.PCURVE_S1.);
#6626 = ELLIPSE('',#6627,4.490128060535,3.175);
#6627 = AXIS2_PLACEMENT_3D('',#6628,#6629,#6630);
#6628 = CARTESIAN_POINT('',(-4.596422241992E-14,6.35,25.4));
#6629 = DIRECTION('',(0.,0.707106781187,-0.707106781187));
#6630 = DIRECTION('',(6.181466372771E-17,-0.707106781187,-0.707106781187
    ));
#6631 = PCURVE('',#4301,#6632);
#6632 = DEFINITIONAL_REPRESENTATION('',(#6633),#6659);
#6633 = B_SPLINE_CURVE_WITH_KNOTS('',3,(#6634,#6635,#6636,#6637,#6638,
    #6639,#6640,#6641,#6642,#6643,#6644,#6645,#6646,#6647,#6648,#6649,
    #6650,#6651,#6652,#6653,#6654,#6655,#6656,#6657,#6658),
  .UNSPECIFIED.,.F.,.F.,(4,1,1,1,1,1,1,1,1,1,1,1,1,1,1,1,1,1,1,1,1,1,4),
  (1.570796326795,1.713595992867,1.856395658939,1.999195325012,
    2.141994991084,2.284794657156,2.427594323228,2.570393989301,
    2.713193655373,2.855993321445,2.998792987518,3.14159265359,
    3.284392319662,3.427191985734,3.569991651807,3.712791317879,
    3.855590983951,3.998390650023,4.141190316096,4.283989982168,
    4.42678964824,4.569589314312,4.712388980385),.QUASI_UNIFORM_KNOTS.);
#6634 = CARTESIAN_POINT('',(6.28318530718,165.1));
#6635 = CARTESIAN_POINT('',(6.33078519587,164.94885163732));
#6636 = CARTESIAN_POINT('',(6.425984973252,164.64662095874));
#6637 = CARTESIAN_POINT('',(6.568784639324,164.2024515193));
#6638 = CARTESIAN_POINT('',(6.711584305396,163.77656775619));
#6639 = CARTESIAN_POINT('',(6.854383971469,163.37762145823));
#6640 = CARTESIAN_POINT('',(6.997183637541,163.01373883835));
#6641 = CARTESIAN_POINT('',(7.139983303613,162.69232620669));
#6642 = CARTESIAN_POINT('',(7.282782969685,162.4199269434));
#6643 = CARTESIAN_POINT('',(7.425582635758,162.20208621926));
#6644 = CARTESIAN_POINT('',(7.56838230183,162.04323866805));
#6645 = CARTESIAN_POINT('',(7.711181967902,161.94661796117));
#6646 = CARTESIAN_POINT('',(7.853981633974,161.91419101941));
#6647 = CARTESIAN_POINT('',(7.996781300047,161.94661796117));
#6648 = CARTESIAN_POINT('',(8.139580966119,162.04323866805));
#6649 = CARTESIAN_POINT('',(8.282380632191,162.20208621926));
#6650 = CARTESIAN_POINT('',(8.425180298264,162.4199269434));
#6651 = CARTESIAN_POINT('',(8.567979964336,162.69232620669));
#6652 = CARTESIAN_POINT('',(8.710779630408,163.01373883835));
#6653 = CARTESIAN_POINT('',(8.85357929648,163.37762145823));
#6654 = CARTESIAN_POINT('',(8.996378962553,163.77656775619));
#6655 = CARTESIAN_POINT('',(9.139178628625,164.2024515193));
#6656 = CARTESIAN_POINT('',(9.281978294697,164.64662095874));
#6657 = CARTESIAN_POINT('',(9.377178072079,164.94885163732));
#6658 = CARTESIAN_POINT('',(9.424777960769,165.1));
#6659 = ( GEOMETRIC_REPRESENTATION_CONTEXT(2) 
PARAMETRIC_REPRESENTATION_CONTEXT() REPRESENTATION_CONTEXT('2D SPACE',''
  ) );
#6660 = PCURVE('',#4330,#6661);
#6661 = DEFINITIONAL_REPRESENTATION('',(#6662),#6688);
#6662 = B_SPLINE_CURVE_WITH_KNOTS('',3,(#6663,#6664,#6665,#6666,#6667,
    #6668,#6669,#6670,#6671,#6672,#6673,#6674,#6675,#6676,#6677,#6678,
    #6679,#6680,#6681,#6682,#6683,#6684,#6685,#6686,#6687),
  .UNSPECIFIED.,.F.,.F.,(4,1,1,1,1,1,1,1,1,1,1,1,1,1,1,1,1,1,1,1,1,1,4),
  (1.570796326795,1.713595992867,1.856395658939,1.999195325012,
    2.141994991084,2.284794657156,2.427594323228,2.570393989301,
    2.713193655373,2.855993321445,2.998792987518,3.14159265359,
    3.284392319662,3.427191985734,3.569991651807,3.712791317879,
    3.855590983951,3.998390650023,4.141190316096,4.283989982168,
    4.42678964824,4.569589314312,4.712388980385),.QUASI_UNIFORM_KNOTS.);
#6663 = CARTESIAN_POINT('',(6.28318530718,6.35));
#6664 = CARTESIAN_POINT('',(6.235585418489,6.198851637326));
#6665 = CARTESIAN_POINT('',(6.140385641107,5.896620958742));
#6666 = CARTESIAN_POINT('',(5.997585975035,5.452451519309));
#6667 = CARTESIAN_POINT('',(5.854786308963,5.026567756193));
#6668 = CARTESIAN_POINT('',(5.711986642891,4.627621458231));
#6669 = CARTESIAN_POINT('',(5.569186976818,4.263738838353));
#6670 = CARTESIAN_POINT('',(5.426387310746,3.942326206699));
#6671 = CARTESIAN_POINT('',(5.283587644674,3.669926943401));
#6672 = CARTESIAN_POINT('',(5.140787978601,3.452086219261));
#6673 = CARTESIAN_POINT('',(4.997988312529,3.293238668052));
#6674 = CARTESIAN_POINT('',(4.855188646457,3.196617961176));
#6675 = CARTESIAN_POINT('',(4.712388980385,3.164191019412));
#6676 = CARTESIAN_POINT('',(4.569589314312,3.196617961176));
#6677 = CARTESIAN_POINT('',(4.42678964824,3.293238668052));
#6678 = CARTESIAN_POINT('',(4.283989982168,3.452086219261));
#6679 = CARTESIAN_POINT('',(4.141190316096,3.669926943401));
#6680 = CARTESIAN_POINT('',(3.998390650023,3.942326206699));
#6681 = CARTESIAN_POINT('',(3.855590983951,4.263738838353));
#6682 = CARTESIAN_POINT('',(3.712791317879,4.627621458231));
#6683 = CARTESIAN_POINT('',(3.569991651807,5.026567756193));
#6684 = CARTESIAN_POINT('',(3.427191985734,5.452451519309));
#6685 = CARTESIAN_POINT('',(3.284392319662,5.896620958742));
#6686 = CARTESIAN_POINT('',(3.189192542281,6.198851637326));
#6687 = CARTESIAN_POINT('',(3.14159265359,6.35));
#6688 = ( GEOMETRIC_REPRESENTATION_CONTEXT(2) 
PARAMETRIC_REPRESENTATION_CONTEXT() REPRESENTATION_CONTEXT('2D SPACE',''
  ) );
#6689 = ORIENTED_EDGE('',*,*,#4285,.T.);
#6690 = ORIENTED_EDGE('',*,*,#6691,.T.);
#6691 = EDGE_CURVE('',#4258,#6692,#6694,.T.);
#6692 = VERTEX_POINT('',#6693);
#6693 = CARTESIAN_POINT('',(-2.909935566297,5.08,38.099999427795));
#6694 = SURFACE_CURVE('',#6695,(#6700,#6707),.PCURVE_S1.);
#6695 = CIRCLE('',#6696,3.175);
#6696 = AXIS2_PLACEMENT_3D('',#6697,#6698,#6699);
#6697 = CARTESIAN_POINT('',(-4.844842463224E-14,6.35,38.099999427795));
#6698 = DIRECTION('',(-2.22044604925E-16,-2.465190328816E-32,1.));
#6699 = DIRECTION('',(-1.,4.65414261379E-30,-2.22044604925E-16));
#6700 = PCURVE('',#4301,#6701);
#6701 = DEFINITIONAL_REPRESENTATION('',(#6702),#6706);
#6702 = LINE('',#6703,#6704);
#6703 = CARTESIAN_POINT('',(6.28318530718,152.4000005722));
#6704 = VECTOR('',#6705,1.);
#6705 = DIRECTION('',(-1.,0.));
#6706 = ( GEOMETRIC_REPRESENTATION_CONTEXT(2) 
PARAMETRIC_REPRESENTATION_CONTEXT() REPRESENTATION_CONTEXT('2D SPACE',''
  ) );
#6707 = PCURVE('',#4273,#6708);
#6708 = DEFINITIONAL_REPRESENTATION('',(#6709),#6713);
#6709 = CIRCLE('',#6710,3.175);
#6710 = AXIS2_PLACEMENT_2D('',#6711,#6712);
#6711 = CARTESIAN_POINT('',(12.7,6.35));
#6712 = DIRECTION('',(-1.,1.224646799147E-16));
#6713 = ( GEOMETRIC_REPRESENTATION_CONTEXT(2) 
PARAMETRIC_REPRESENTATION_CONTEXT() REPRESENTATION_CONTEXT('2D SPACE',''
  ) );
#6714 = ORIENTED_EDGE('',*,*,#6715,.T.);
#6715 = EDGE_CURVE('',#6692,#6554,#6716,.T.);
#6716 = SURFACE_CURVE('',#6717,(#6732,#6783),.PCURVE_S1.);
#6717 = B_SPLINE_CURVE_WITH_KNOTS('',3,(#6718,#6719,#6720,#6721,#6722,
    #6723,#6724,#6725,#6726,#6727,#6728,#6729,#6730,#6731),
  .UNSPECIFIED.,.F.,.F.,(4,2,2,2,2,2,4),(-1.385981664144,-1.27410018718,
    -1.151916498844,-1.029732810507,-0.90754912217,-0.785365433834,
    -0.67348395687),.UNSPECIFIED.);
#6718 = CARTESIAN_POINT('',(-2.909935566297,5.08,38.099999427795));
#6719 = CARTESIAN_POINT('',(-2.752753804527,4.719851339411,
    38.099999427795));
#6720 = CARTESIAN_POINT('',(-2.525008257358,4.390025553791,38.1399161663
    ));
#6721 = CARTESIAN_POINT('',(-1.983571573732,3.838244843243,
    38.24538308926));
#6722 = CARTESIAN_POINT('',(-1.625912803903,3.589615406181,
    38.32037700558));
#6723 = CARTESIAN_POINT('',(-0.838048317952,3.257915406373,
    38.434771623054));
#6724 = CARTESIAN_POINT('',(-0.407278961122,3.175,38.47071338849));
#6725 = CARTESIAN_POINT('',(0.407278961122,3.175,38.47071338849));
#6726 = CARTESIAN_POINT('',(0.838048317952,3.257915406373,
    38.434771623054));
#6727 = CARTESIAN_POINT('',(1.625912803903,3.589615406181,38.32037700558
    ));
#6728 = CARTESIAN_POINT('',(1.983571573732,3.838244843243,38.24538308926
    ));
#6729 = CARTESIAN_POINT('',(2.525008257358,4.390025553791,38.1399161663)
  );
#6730 = CARTESIAN_POINT('',(2.752753804527,4.719851339411,
    38.099999427795));
#6731 = CARTESIAN_POINT('',(2.909935566297,5.08,38.099999427795));
#6732 = PCURVE('',#4301,#6733);
#6733 = DEFINITIONAL_REPRESENTATION('',(#6734),#6782);
#6734 = B_SPLINE_CURVE_WITH_KNOTS('',3,(#6735,#6736,#6737,#6738,#6739,
    #6740,#6741,#6742,#6743,#6744,#6745,#6746,#6747,#6748,#6749,#6750,
    #6751,#6752,#6753,#6754,#6755,#6756,#6757,#6758,#6759,#6760,#6761,
    #6762,#6763,#6764,#6765,#6766,#6767,#6768,#6769,#6770,#6771,#6772,
    #6773,#6774,#6775,#6776,#6777,#6778,#6779,#6780,#6781),
  .UNSPECIFIED.,.F.,.F.,(4,1,1,1,1,1,1,1,1,1,1,1,1,1,1,1,1,1,1,1,1,1,1,1
    ,1,1,1,1,1,1,1,1,1,1,1,1,1,1,1,1,1,1,1,1,4),(-1.385981664144,
    -1.369788534434,-1.353595404723,-1.337402275012,-1.321209145301,
    -1.30501601559,-1.28882288588,-1.272629756169,-1.256436626458,
    -1.240243496747,-1.224050367036,-1.207857237326,-1.191664107615,
    -1.175470977904,-1.159277848193,-1.143084718483,-1.126891588772,
    -1.110698459061,-1.09450532935,-1.078312199639,-1.062119069929,
    -1.045925940218,-1.029732810507,-1.013539680796,-0.997346551085,
    -0.981153421375,-0.964960291664,-0.948767161953,-0.932574032242,
    -0.916380902531,-0.900187772821,-0.88399464311,-0.867801513399,
    -0.851608383688,-0.835415253978,-0.819222124267,-0.803028994556,
    -0.786835864845,-0.770642735134,-0.754449605424,-0.738256475713,
    -0.722063346002,-0.705870216291,-0.68967708658,-0.67348395687),
  .QUASI_UNIFORM_KNOTS.);
#6735 = CARTESIAN_POINT('',(5.871668461112,152.4000005722));
#6736 = CARTESIAN_POINT('',(5.853757089108,152.4000005722));
#6737 = CARTESIAN_POINT('',(5.817921938685,152.39832824262));
#6738 = CARTESIAN_POINT('',(5.764265875441,152.39133768263));
#6739 = CARTESIAN_POINT('',(5.710836183005,152.38040114182));
#6740 = CARTESIAN_POINT('',(5.657777176069,152.36605063919));
#6741 = CARTESIAN_POINT('',(5.605276537172,152.34883329527));
#6742 = CARTESIAN_POINT('',(5.553395637222,152.32923989021));
#6743 = CARTESIAN_POINT('',(5.502683450822,152.30797146422));
#6744 = CARTESIAN_POINT('',(5.451811151705,152.28492500307));
#6745 = CARTESIAN_POINT('',(5.400075572939,152.26027830167));
#6746 = CARTESIAN_POINT('',(5.347810463296,152.23465199813));
#6747 = CARTESIAN_POINT('',(5.295074365623,152.20854810638));
#6748 = CARTESIAN_POINT('',(5.241996629907,152.18250029383));
#6749 = CARTESIAN_POINT('',(5.188678775827,152.15703423812));
#6750 = CARTESIAN_POINT('',(5.135215409216,152.13267592248));
#6751 = CARTESIAN_POINT('',(5.081681727536,152.10995809766));
#6752 = CARTESIAN_POINT('',(5.028125485815,152.08965920889));
#6753 = CARTESIAN_POINT('',(4.974638961135,152.07189941762));
#6754 = CARTESIAN_POINT('',(4.921328726837,152.05690661206));
#6755 = CARTESIAN_POINT('',(4.868307486717,152.04487981505));
#6756 = CARTESIAN_POINT('',(4.8157184243,152.03602578408));
#6757 = CARTESIAN_POINT('',(4.763616302849,152.03054920342));
#6758 = CARTESIAN_POINT('',(4.712388980385,152.02865531555));
#6759 = CARTESIAN_POINT('',(4.66116165792,152.03054920342));
#6760 = CARTESIAN_POINT('',(4.609059536469,152.03602578408));
#6761 = CARTESIAN_POINT('',(4.556470474052,152.04487981505));
#6762 = CARTESIAN_POINT('',(4.503449233932,152.05690661206));
#6763 = CARTESIAN_POINT('',(4.450138999634,152.07189941762));
#6764 = CARTESIAN_POINT('',(4.396652474954,152.08965920889));
#6765 = CARTESIAN_POINT('',(4.343096233234,152.10995809766));
#6766 = CARTESIAN_POINT('',(4.289562551554,152.13267592248));
#6767 = CARTESIAN_POINT('',(4.236099184942,152.15703423812));
#6768 = CARTESIAN_POINT('',(4.182781330863,152.18250029383));
#6769 = CARTESIAN_POINT('',(4.129703595146,152.20854810638));
#6770 = CARTESIAN_POINT('',(4.076967497474,152.23465199813));
#6771 = CARTESIAN_POINT('',(4.024702387831,152.26027830167));
#6772 = CARTESIAN_POINT('',(3.972966809065,152.28492500307));
#6773 = CARTESIAN_POINT('',(3.922094509948,152.30797146422));
#6774 = CARTESIAN_POINT('',(3.871382323548,152.32923989021));
#6775 = CARTESIAN_POINT('',(3.819501423597,152.34883329527));
#6776 = CARTESIAN_POINT('',(3.7670007847,152.36605063919));
#6777 = CARTESIAN_POINT('',(3.713941777764,152.38040114182));
#6778 = CARTESIAN_POINT('',(3.660512085329,152.39133768263));
#6779 = CARTESIAN_POINT('',(3.606856022084,152.39832824262));
#6780 = CARTESIAN_POINT('',(3.571020871661,152.4000005722));
#6781 = CARTESIAN_POINT('',(3.553109499657,152.4000005722));
#6782 = ( GEOMETRIC_REPRESENTATION_CONTEXT(2) 
PARAMETRIC_REPRESENTATION_CONTEXT() REPRESENTATION_CONTEXT('2D SPACE',''
  ) );
#6783 = PCURVE('',#4558,#6784);
#6784 = DEFINITIONAL_REPRESENTATION('',(#6785),#6833);
#6785 = B_SPLINE_CURVE_WITH_KNOTS('',3,(#6786,#6787,#6788,#6789,#6790,
    #6791,#6792,#6793,#6794,#6795,#6796,#6797,#6798,#6799,#6800,#6801,
    #6802,#6803,#6804,#6805,#6806,#6807,#6808,#6809,#6810,#6811,#6812,
    #6813,#6814,#6815,#6816,#6817,#6818,#6819,#6820,#6821,#6822,#6823,
    #6824,#6825,#6826,#6827,#6828,#6829,#6830,#6831,#6832),
  .UNSPECIFIED.,.F.,.F.,(4,1,1,1,1,1,1,1,1,1,1,1,1,1,1,1,1,1,1,1,1,1,1,1
    ,1,1,1,1,1,1,1,1,1,1,1,1,1,1,1,1,1,1,1,1,4),(-1.385981664144,
    -1.369788534434,-1.353595404723,-1.337402275012,-1.321209145301,
    -1.30501601559,-1.28882288588,-1.272629756169,-1.256436626458,
    -1.240243496747,-1.224050367036,-1.207857237326,-1.191664107615,
    -1.175470977904,-1.159277848193,-1.143084718483,-1.126891588772,
    -1.110698459061,-1.09450532935,-1.078312199639,-1.062119069929,
    -1.045925940218,-1.029732810507,-1.013539680796,-0.997346551085,
    -0.981153421375,-0.964960291664,-0.948767161953,-0.932574032242,
    -0.916380902531,-0.900187772821,-0.88399464311,-0.867801513399,
    -0.851608383688,-0.835415253978,-0.819222124267,-0.803028994556,
    -0.786835864845,-0.770642735134,-0.754449605424,-0.738256475713,
    -0.722063346002,-0.705870216291,-0.68967708658,-0.67348395687),
  .QUASI_UNIFORM_KNOTS.);
#6786 = CARTESIAN_POINT('',(0.785398163397,3.440064433703));
#6787 = CARTESIAN_POINT('',(0.775137755912,3.462814085617));
#6788 = CARTESIAN_POINT('',(0.754864683228,3.511269582174));
#6789 = CARTESIAN_POINT('',(0.725305596079,3.59210421291));
#6790 = CARTESIAN_POINT('',(0.696702937267,3.680367075293));
#6791 = CARTESIAN_POINT('',(0.669167473221,3.77535588195));
#6792 = CARTESIAN_POINT('',(0.642830633466,3.876290839945));
#6793 = CARTESIAN_POINT('',(0.617768492753,3.982681311712));
#6794 = CARTESIAN_POINT('',(0.594284318694,4.092957543774));
#6795 = CARTESIAN_POINT('',(0.571829157364,4.20967624858));
#6796 = CARTESIAN_POINT('',(0.550156618044,4.334090366407));
#6797 = CARTESIAN_POINT('',(0.529495679583,4.465177869596));
#6798 = CARTESIAN_POINT('',(0.509952643698,4.602526470929));
#6799 = CARTESIAN_POINT('',(0.491670182191,4.745559889359));
#6800 = CARTESIAN_POINT('',(0.47478526475,4.893748078712));
#6801 = CARTESIAN_POINT('',(0.459435211015,5.046540047156));
#6802 = CARTESIAN_POINT('',(0.445773195086,5.203422350616));
#6803 = CARTESIAN_POINT('',(0.433901007872,5.363756417191));
#6804 = CARTESIAN_POINT('',(0.423814589131,5.526663514824));
#6805 = CARTESIAN_POINT('',(0.415530899905,5.69130670603));
#6806 = CARTESIAN_POINT('',(0.409062002386,5.856856897436));
#6807 = CARTESIAN_POINT('',(0.404422204414,6.022411824655));
#6808 = CARTESIAN_POINT('',(0.401626131482,6.187354063237));
#6809 = CARTESIAN_POINT('',(0.400689017612,6.35));
#6810 = CARTESIAN_POINT('',(0.401626131482,6.512645936762));
#6811 = CARTESIAN_POINT('',(0.404422204414,6.677588175345));
#6812 = CARTESIAN_POINT('',(0.409062002386,6.843143102564));
#6813 = CARTESIAN_POINT('',(0.415530899905,7.00869329397));
#6814 = CARTESIAN_POINT('',(0.423814589131,7.173336485176));
#6815 = CARTESIAN_POINT('',(0.433901007872,7.336243582809));
#6816 = CARTESIAN_POINT('',(0.445773195086,7.496577649384));
#6817 = CARTESIAN_POINT('',(0.459435211015,7.653459952844));
#6818 = CARTESIAN_POINT('',(0.47478526475,7.806251921288));
#6819 = CARTESIAN_POINT('',(0.491670182191,7.954440110641));
#6820 = CARTESIAN_POINT('',(0.509952643698,8.097473529071));
#6821 = CARTESIAN_POINT('',(0.529495679583,8.234822130404));
#6822 = CARTESIAN_POINT('',(0.550156618044,8.365909633593));
#6823 = CARTESIAN_POINT('',(0.571829157364,8.49032375142));
#6824 = CARTESIAN_POINT('',(0.594284318694,8.607042456226));
#6825 = CARTESIAN_POINT('',(0.617768492753,8.717318688288));
#6826 = CARTESIAN_POINT('',(0.642830633466,8.823709160055));
#6827 = CARTESIAN_POINT('',(0.669167473221,8.92464411805));
#6828 = CARTESIAN_POINT('',(0.696702937267,9.019632924707));
#6829 = CARTESIAN_POINT('',(0.725305596079,9.10789578709));
#6830 = CARTESIAN_POINT('',(0.754864683228,9.188730417826));
#6831 = CARTESIAN_POINT('',(0.775137755912,9.237185914383));
#6832 = CARTESIAN_POINT('',(0.785398163397,9.259935566297));
#6833 = ( GEOMETRIC_REPRESENTATION_CONTEXT(2) 
PARAMETRIC_REPRESENTATION_CONTEXT() REPRESENTATION_CONTEXT('2D SPACE',''
  ) );
#6834 = ORIENTED_EDGE('',*,*,#6576,.T.);
#6835 = ORIENTED_EDGE('',*,*,#6602,.F.);
#6836 = ORIENTED_EDGE('',*,*,#4697,.T.);
#6837 = ADVANCED_FACE('',(#6838),#4330,.F.);
#6838 = FACE_BOUND('',#6839,.F.);
#6839 = EDGE_LOOP('',(#6840,#6861,#6862,#6863,#6864));
#6840 = ORIENTED_EDGE('',*,*,#6841,.T.);
#6841 = EDGE_CURVE('',#4783,#4314,#6842,.T.);
#6842 = SEAM_CURVE('',#6843,(#6847,#6854),.PCURVE_S1.);
#6843 = LINE('',#6844,#6845);
#6844 = CARTESIAN_POINT('',(3.175,12.7,25.4));
#6845 = VECTOR('',#6846,1.);
#6846 = DIRECTION('',(8.741913579726E-17,-1.,0.));
#6847 = PCURVE('',#4330,#6848);
#6848 = DEFINITIONAL_REPRESENTATION('',(#6849),#6853);
#6849 = LINE('',#6850,#6851);
#6850 = CARTESIAN_POINT('',(9.424777960769,0.));
#6851 = VECTOR('',#6852,1.);
#6852 = DIRECTION('',(0.,1.));
#6853 = ( GEOMETRIC_REPRESENTATION_CONTEXT(2) 
PARAMETRIC_REPRESENTATION_CONTEXT() REPRESENTATION_CONTEXT('2D SPACE',''
  ) );
#6854 = PCURVE('',#4330,#6855);
#6855 = DEFINITIONAL_REPRESENTATION('',(#6856),#6860);
#6856 = LINE('',#6857,#6858);
#6857 = CARTESIAN_POINT('',(3.14159265359,0.));
#6858 = VECTOR('',#6859,1.);
#6859 = DIRECTION('',(0.,1.));
#6860 = ( GEOMETRIC_REPRESENTATION_CONTEXT(2) 
PARAMETRIC_REPRESENTATION_CONTEXT() REPRESENTATION_CONTEXT('2D SPACE',''
  ) );
#6861 = ORIENTED_EDGE('',*,*,#4313,.T.);
#6862 = ORIENTED_EDGE('',*,*,#6624,.T.);
#6863 = ORIENTED_EDGE('',*,*,#6841,.F.);
#6864 = ORIENTED_EDGE('',*,*,#4782,.T.);
#6865 = ADVANCED_FACE('',(#6866),#4273,.F.);
#6866 = FACE_BOUND('',#6867,.T.);
#6867 = EDGE_LOOP('',(#6868,#6869,#6870,#6871));
#6868 = ORIENTED_EDGE('',*,*,#4473,.F.);
#6869 = ORIENTED_EDGE('',*,*,#4257,.T.);
#6870 = ORIENTED_EDGE('',*,*,#6691,.T.);
#6871 = ORIENTED_EDGE('',*,*,#6872,.F.);
#6872 = EDGE_CURVE('',#4474,#6692,#6873,.T.);
#6873 = SURFACE_CURVE('',#6874,(#6878,#6885),.PCURVE_S1.);
#6874 = LINE('',#6875,#6876);
#6875 = CARTESIAN_POINT('',(-6.35,5.08,38.099999427795));
#6876 = VECTOR('',#6877,1.);
#6877 = DIRECTION('',(1.,1.224646799147E-16,2.22044604925E-16));
#6878 = PCURVE('',#4273,#6879);
#6879 = DEFINITIONAL_REPRESENTATION('',(#6880),#6884);
#6880 = LINE('',#6881,#6882);
#6881 = CARTESIAN_POINT('',(6.35,5.08));
#6882 = VECTOR('',#6883,1.);
#6883 = DIRECTION('',(1.,-5.641527646774E-49));
#6884 = ( GEOMETRIC_REPRESENTATION_CONTEXT(2) 
PARAMETRIC_REPRESENTATION_CONTEXT() REPRESENTATION_CONTEXT('2D SPACE',''
  ) );
#6885 = PCURVE('',#4558,#6886);
#6886 = DEFINITIONAL_REPRESENTATION('',(#6887),#6891);
#6887 = LINE('',#6888,#6889);
#6888 = CARTESIAN_POINT('',(0.785398163397,-8.881784197001E-16));
#6889 = VECTOR('',#6890,1.);
#6890 = DIRECTION('',(1.290932825267E-16,1.));
#6891 = ( GEOMETRIC_REPRESENTATION_CONTEXT(2) 
PARAMETRIC_REPRESENTATION_CONTEXT() REPRESENTATION_CONTEXT('2D SPACE',''
  ) );
#6892 = ADVANCED_FACE('',(#6893),#4558,.T.);
#6893 = FACE_BOUND('',#6894,.T.);
#6894 = EDGE_LOOP('',(#6895,#6896,#6897,#6898,#6899,#6900));
#6895 = ORIENTED_EDGE('',*,*,#6715,.T.);
#6896 = ORIENTED_EDGE('',*,*,#6553,.T.);
#6897 = ORIENTED_EDGE('',*,*,#6503,.T.);
#6898 = ORIENTED_EDGE('',*,*,#4573,.T.);
#6899 = ORIENTED_EDGE('',*,*,#4521,.F.);
#6900 = ORIENTED_EDGE('',*,*,#6872,.T.);
#6901 = ADVANCED_FACE('',(#6902),#4747,.T.);
#6902 = FACE_BOUND('',#6903,.T.);
#6903 = EDGE_LOOP('',(#6904,#6939,#6960,#6961,#6962,#6986));
#6904 = ORIENTED_EDGE('',*,*,#6905,.F.);
#6905 = EDGE_CURVE('',#6906,#6908,#6910,.T.);
#6906 = VERTEX_POINT('',#6907);
#6907 = CARTESIAN_POINT('',(-9.525,15.24,4.550435855245E-15));
#6908 = VERTEX_POINT('',#6909);
#6909 = CARTESIAN_POINT('',(7.099515828562,15.24,6.35));
#6910 = SURFACE_CURVE('',#6911,(#6916,#6923),.PCURVE_S1.);
#6911 = CIRCLE('',#6912,9.525);
#6912 = AXIS2_PLACEMENT_3D('',#6913,#6914,#6915);
#6913 = CARTESIAN_POINT('',(0.,15.24,3.383959779057E-15));
#6914 = DIRECTION('',(-0.,1.,2.22044604925E-16));
#6915 = DIRECTION('',(1.,0.,0.));
#6916 = PCURVE('',#4747,#6917);
#6917 = DEFINITIONAL_REPRESENTATION('',(#6918),#6922);
#6918 = LINE('',#6919,#6920);
#6919 = CARTESIAN_POINT('',(-6.28318530718,1.27));
#6920 = VECTOR('',#6921,1.);
#6921 = DIRECTION('',(1.,0.));
#6922 = ( GEOMETRIC_REPRESENTATION_CONTEXT(2) 
PARAMETRIC_REPRESENTATION_CONTEXT() REPRESENTATION_CONTEXT('2D SPACE',''
  ) );
#6923 = PCURVE('',#6924,#6929);
#6924 = PLANE('',#6925);
#6925 = AXIS2_PLACEMENT_3D('',#6926,#6927,#6928);
#6926 = CARTESIAN_POINT('',(4.697264799347E-10,15.24,-4.697250699515E-10
    ));
#6927 = DIRECTION('',(0.,-1.,2.22044604925E-16));
#6928 = DIRECTION('',(0.,-2.22044604925E-16,-1.));
#6929 = DEFINITIONAL_REPRESENTATION('',(#6930),#6938);
#6930 = ( BOUNDED_CURVE() B_SPLINE_CURVE(2,(#6931,#6932,#6933,#6934,
#6935,#6936,#6937),.UNSPECIFIED.,.T.,.F.) B_SPLINE_CURVE_WITH_KNOTS((1,2
    ,2,2,2,1),(-2.094395102393,0.,2.094395102393,4.188790204786,
6.28318530718,8.377580409573),.UNSPECIFIED.) CURVE() 
GEOMETRIC_REPRESENTATION_ITEM() RATIONAL_B_SPLINE_CURVE((1.,0.5,1.,0.5,
1.,0.5,1.)) REPRESENTATION_ITEM('') );
#6931 = CARTESIAN_POINT('',(-4.697284539112E-10,9.52499999953));
#6932 = CARTESIAN_POINT('',(16.497783941624,9.52499999953));
#6933 = CARTESIAN_POINT('',(8.248891970577,-4.76250000047));
#6934 = CARTESIAN_POINT('',(-4.697261209591E-10,-19.05000000047));
#6935 = CARTESIAN_POINT('',(-8.248891971517,-4.76250000047));
#6936 = CARTESIAN_POINT('',(-16.49778394256,9.52499999953));
#6937 = CARTESIAN_POINT('',(-4.697284539112E-10,9.52499999953));
#6938 = ( GEOMETRIC_REPRESENTATION_CONTEXT(2) 
PARAMETRIC_REPRESENTATION_CONTEXT() REPRESENTATION_CONTEXT('2D SPACE',''
  ) );
#6939 = ORIENTED_EDGE('',*,*,#6940,.T.);
#6940 = EDGE_CURVE('',#6906,#4810,#6941,.T.);
#6941 = SURFACE_CURVE('',#6942,(#6946,#6953),.PCURVE_S1.);
#6942 = LINE('',#6943,#6944);
#6943 = CARTESIAN_POINT('',(-9.525,13.97,4.268439206991E-15));
#6944 = VECTOR('',#6945,1.);
#6945 = DIRECTION('',(0.,-1.,-2.22044604925E-16));
#6946 = PCURVE('',#4747,#6947);
#6947 = DEFINITIONAL_REPRESENTATION('',(#6948),#6952);
#6948 = LINE('',#6949,#6950);
#6949 = CARTESIAN_POINT('',(-3.14159265359,0.));
#6950 = VECTOR('',#6951,1.);
#6951 = DIRECTION('',(0.,-1.));
#6952 = ( GEOMETRIC_REPRESENTATION_CONTEXT(2) 
PARAMETRIC_REPRESENTATION_CONTEXT() REPRESENTATION_CONTEXT('2D SPACE',''
  ) );
#6953 = PCURVE('',#4848,#6954);
#6954 = DEFINITIONAL_REPRESENTATION('',(#6955),#6959);
#6955 = LINE('',#6956,#6957);
#6956 = CARTESIAN_POINT('',(3.14159265359,0.));
#6957 = VECTOR('',#6958,1.);
#6958 = DIRECTION('',(0.,-1.));
#6959 = ( GEOMETRIC_REPRESENTATION_CONTEXT(2) 
PARAMETRIC_REPRESENTATION_CONTEXT() REPRESENTATION_CONTEXT('2D SPACE',''
  ) );
#6960 = ORIENTED_EDGE('',*,*,#4809,.F.);
#6961 = ORIENTED_EDGE('',*,*,#4730,.F.);
#6962 = ORIENTED_EDGE('',*,*,#6963,.F.);
#6963 = EDGE_CURVE('',#6964,#4731,#6966,.T.);
#6964 = VERTEX_POINT('',#6965);
#6965 = CARTESIAN_POINT('',(7.099515828562,12.7,6.35));
#6966 = SURFACE_CURVE('',#6967,(#6972,#6979),.PCURVE_S1.);
#6967 = CIRCLE('',#6968,9.525);
#6968 = AXIS2_PLACEMENT_3D('',#6969,#6970,#6971);
#6969 = CARTESIAN_POINT('',(0.,12.7,2.819966482548E-15));
#6970 = DIRECTION('',(0.,-1.,-2.22044604925E-16));
#6971 = DIRECTION('',(1.,0.,0.));
#6972 = PCURVE('',#4747,#6973);
#6973 = DEFINITIONAL_REPRESENTATION('',(#6974),#6978);
#6974 = LINE('',#6975,#6976);
#6975 = CARTESIAN_POINT('',(6.28318530718,-1.27));
#6976 = VECTOR('',#6977,1.);
#6977 = DIRECTION('',(-1.,0.));
#6978 = ( GEOMETRIC_REPRESENTATION_CONTEXT(2) 
PARAMETRIC_REPRESENTATION_CONTEXT() REPRESENTATION_CONTEXT('2D SPACE',''
  ) );
#6979 = PCURVE('',#5896,#6980);
#6980 = DEFINITIONAL_REPRESENTATION('',(#6981),#6985);
#6981 = CIRCLE('',#6982,9.525);
#6982 = AXIS2_PLACEMENT_2D('',#6983,#6984);
#6983 = CARTESIAN_POINT('',(0.,0.));
#6984 = DIRECTION('',(-1.,0.));
#6985 = ( GEOMETRIC_REPRESENTATION_CONTEXT(2) 
PARAMETRIC_REPRESENTATION_CONTEXT() REPRESENTATION_CONTEXT('2D SPACE',''
  ) );
#6986 = ORIENTED_EDGE('',*,*,#6987,.T.);
#6987 = EDGE_CURVE('',#6964,#6908,#6988,.T.);
#6988 = SURFACE_CURVE('',#6989,(#6993,#6999),.PCURVE_S1.);
#6989 = LINE('',#6990,#6991);
#6990 = CARTESIAN_POINT('',(7.099515828562,13.97,6.35));
#6991 = VECTOR('',#6992,1.);
#6992 = DIRECTION('',(0.,1.,2.22044604925E-16));
#6993 = PCURVE('',#4747,#6994);
#6994 = DEFINITIONAL_REPRESENTATION('',(#6995),#6998);
#6995 = B_SPLINE_CURVE_WITH_KNOTS('',1,(#6996,#6997),.UNSPECIFIED.,.F.,
  .F.,(2,2),(-1.2700006,1.2700006),.PIECEWISE_BEZIER_KNOTS.);
#6996 = CARTESIAN_POINT('',(-0.729727656227,-1.2700006));
#6997 = CARTESIAN_POINT('',(-0.729727656227,1.2700006));
#6998 = ( GEOMETRIC_REPRESENTATION_CONTEXT(2) 
PARAMETRIC_REPRESENTATION_CONTEXT() REPRESENTATION_CONTEXT('2D SPACE',''
  ) );
#6999 = PCURVE('',#5870,#7000);
#7000 = DEFINITIONAL_REPRESENTATION('',(#7001),#7004);
#7001 = B_SPLINE_CURVE_WITH_KNOTS('',1,(#7002,#7003),.UNSPECIFIED.,.F.,
  .F.,(2,2),(-1.2700006,1.2700006),.PIECEWISE_BEZIER_KNOTS.);
#7002 = CARTESIAN_POINT('',(104.54828002272,6.551638637896));
#7003 = CARTESIAN_POINT('',(106.74798558757,7.821639237896));
#7004 = ( GEOMETRIC_REPRESENTATION_CONTEXT(2) 
PARAMETRIC_REPRESENTATION_CONTEXT() REPRESENTATION_CONTEXT('2D SPACE',''
  ) );
#7005 = ADVANCED_FACE('',(#7006),#4848,.T.);
#7006 = FACE_BOUND('',#7007,.T.);
#7007 = EDGE_LOOP('',(#7008,#7009,#7037,#7058,#7080,#7081));
#7008 = ORIENTED_EDGE('',*,*,#6940,.F.);
#7009 = ORIENTED_EDGE('',*,*,#7010,.F.);
#7010 = EDGE_CURVE('',#7011,#6906,#7013,.T.);
#7011 = VERTEX_POINT('',#7012);
#7012 = CARTESIAN_POINT('',(7.099515828562,15.24,-6.35));
#7013 = SURFACE_CURVE('',#7014,(#7019,#7026),.PCURVE_S1.);
#7014 = CIRCLE('',#7015,9.525);
#7015 = AXIS2_PLACEMENT_3D('',#7016,#7017,#7018);
#7016 = CARTESIAN_POINT('',(0.,15.24,3.383959779057E-15));
#7017 = DIRECTION('',(-0.,1.,2.22044604925E-16));
#7018 = DIRECTION('',(1.,0.,0.));
#7019 = PCURVE('',#4848,#7020);
#7020 = DEFINITIONAL_REPRESENTATION('',(#7021),#7025);
#7021 = LINE('',#7022,#7023);
#7022 = CARTESIAN_POINT('',(-6.28318530718,1.27));
#7023 = VECTOR('',#7024,1.);
#7024 = DIRECTION('',(1.,0.));
#7025 = ( GEOMETRIC_REPRESENTATION_CONTEXT(2) 
PARAMETRIC_REPRESENTATION_CONTEXT() REPRESENTATION_CONTEXT('2D SPACE',''
  ) );
#7026 = PCURVE('',#6924,#7027);
#7027 = DEFINITIONAL_REPRESENTATION('',(#7028),#7036);
#7028 = ( BOUNDED_CURVE() B_SPLINE_CURVE(2,(#7029,#7030,#7031,#7032,
#7033,#7034,#7035),.UNSPECIFIED.,.T.,.F.) B_SPLINE_CURVE_WITH_KNOTS((1,2
    ,2,2,2,1),(-2.094395102393,0.,2.094395102393,4.188790204786,
6.28318530718,8.377580409573),.UNSPECIFIED.) CURVE() 
GEOMETRIC_REPRESENTATION_ITEM() RATIONAL_B_SPLINE_CURVE((1.,0.5,1.,0.5,
1.,0.5,1.)) REPRESENTATION_ITEM('') );
#7029 = CARTESIAN_POINT('',(-4.697284539112E-10,9.52499999953));
#7030 = CARTESIAN_POINT('',(16.497783941624,9.52499999953));
#7031 = CARTESIAN_POINT('',(8.248891970577,-4.76250000047));
#7032 = CARTESIAN_POINT('',(-4.697261209591E-10,-19.05000000047));
#7033 = CARTESIAN_POINT('',(-8.248891971517,-4.76250000047));
#7034 = CARTESIAN_POINT('',(-16.49778394256,9.52499999953));
#7035 = CARTESIAN_POINT('',(-4.697284539112E-10,9.52499999953));
#7036 = ( GEOMETRIC_REPRESENTATION_CONTEXT(2) 
PARAMETRIC_REPRESENTATION_CONTEXT() REPRESENTATION_CONTEXT('2D SPACE',''
  ) );
#7037 = ORIENTED_EDGE('',*,*,#7038,.F.);
#7038 = EDGE_CURVE('',#7039,#7011,#7041,.T.);
#7039 = VERTEX_POINT('',#7040);
#7040 = CARTESIAN_POINT('',(7.099515828562,12.7,-6.35));
#7041 = SURFACE_CURVE('',#7042,(#7046,#7052),.PCURVE_S1.);
#7042 = LINE('',#7043,#7044);
#7043 = CARTESIAN_POINT('',(7.099515828562,13.97,-6.35));
#7044 = VECTOR('',#7045,1.);
#7045 = DIRECTION('',(0.,1.,2.22044604925E-16));
#7046 = PCURVE('',#4848,#7047);
#7047 = DEFINITIONAL_REPRESENTATION('',(#7048),#7051);
#7048 = B_SPLINE_CURVE_WITH_KNOTS('',1,(#7049,#7050),.UNSPECIFIED.,.F.,
  .F.,(2,2),(-1.2700006,1.2700006),.PIECEWISE_BEZIER_KNOTS.);
#7049 = CARTESIAN_POINT('',(0.729727656227,-1.2700006));
#7050 = CARTESIAN_POINT('',(0.729727656227,1.2700006));
#7051 = ( GEOMETRIC_REPRESENTATION_CONTEXT(2) 
PARAMETRIC_REPRESENTATION_CONTEXT() REPRESENTATION_CONTEXT('2D SPACE',''
  ) );
#7052 = PCURVE('',#5815,#7053);
#7053 = DEFINITIONAL_REPRESENTATION('',(#7054),#7057);
#7054 = B_SPLINE_CURVE_WITH_KNOTS('',1,(#7055,#7056),.UNSPECIFIED.,.F.,
  .F.,(2,2),(-1.2700006,1.2700006),.PIECEWISE_BEZIER_KNOTS.);
#7055 = CARTESIAN_POINT('',(104.54828002272,6.551638637896));
#7056 = CARTESIAN_POINT('',(106.74798558757,7.821639237896));
#7057 = ( GEOMETRIC_REPRESENTATION_CONTEXT(2) 
PARAMETRIC_REPRESENTATION_CONTEXT() REPRESENTATION_CONTEXT('2D SPACE',''
  ) );
#7058 = ORIENTED_EDGE('',*,*,#7059,.F.);
#7059 = EDGE_CURVE('',#4868,#7039,#7060,.T.);
#7060 = SURFACE_CURVE('',#7061,(#7066,#7073),.PCURVE_S1.);
#7061 = CIRCLE('',#7062,9.525);
#7062 = AXIS2_PLACEMENT_3D('',#7063,#7064,#7065);
#7063 = CARTESIAN_POINT('',(0.,12.7,2.819966482548E-15));
#7064 = DIRECTION('',(0.,-1.,-2.22044604925E-16));
#7065 = DIRECTION('',(1.,0.,0.));
#7066 = PCURVE('',#4848,#7067);
#7067 = DEFINITIONAL_REPRESENTATION('',(#7068),#7072);
#7068 = LINE('',#7069,#7070);
#7069 = CARTESIAN_POINT('',(6.28318530718,-1.27));
#7070 = VECTOR('',#7071,1.);
#7071 = DIRECTION('',(-1.,0.));
#7072 = ( GEOMETRIC_REPRESENTATION_CONTEXT(2) 
PARAMETRIC_REPRESENTATION_CONTEXT() REPRESENTATION_CONTEXT('2D SPACE',''
  ) );
#7073 = PCURVE('',#5786,#7074);
#7074 = DEFINITIONAL_REPRESENTATION('',(#7075),#7079);
#7075 = CIRCLE('',#7076,9.525);
#7076 = AXIS2_PLACEMENT_2D('',#7077,#7078);
#7077 = CARTESIAN_POINT('',(0.,0.));
#7078 = DIRECTION('',(-1.,0.));
#7079 = ( GEOMETRIC_REPRESENTATION_CONTEXT(2) 
PARAMETRIC_REPRESENTATION_CONTEXT() REPRESENTATION_CONTEXT('2D SPACE',''
  ) );
#7080 = ORIENTED_EDGE('',*,*,#4867,.F.);
#7081 = ORIENTED_EDGE('',*,*,#4833,.F.);
#7082 = ADVANCED_FACE('',(#7083),#5065,.T.);
#7083 = FACE_BOUND('',#7084,.T.);
#7084 = EDGE_LOOP('',(#7085,#7086,#7087,#7088,#7089,#7090));
#7085 = ORIENTED_EDGE('',*,*,#6063,.T.);
#7086 = ORIENTED_EDGE('',*,*,#6433,.T.);
#7087 = ORIENTED_EDGE('',*,*,#5149,.T.);
#7088 = ORIENTED_EDGE('',*,*,#5049,.T.);
#7089 = ORIENTED_EDGE('',*,*,#6383,.F.);
#7090 = ORIENTED_EDGE('',*,*,#6309,.T.);
#7091 = ADVANCED_FACE('',(#7092,#7102),#5246,.T.);
#7092 = FACE_BOUND('',#7093,.T.);
#7093 = EDGE_LOOP('',(#7094,#7095,#7096,#7097,#7098,#7099,#7100,#7101));
#7094 = ORIENTED_EDGE('',*,*,#5229,.F.);
#7095 = ORIENTED_EDGE('',*,*,#5360,.T.);
#7096 = ORIENTED_EDGE('',*,*,#5462,.F.);
#7097 = ORIENTED_EDGE('',*,*,#5566,.T.);
#7098 = ORIENTED_EDGE('',*,*,#5592,.F.);
#7099 = ORIENTED_EDGE('',*,*,#5517,.T.);
#7100 = ORIENTED_EDGE('',*,*,#5386,.F.);
#7101 = ORIENTED_EDGE('',*,*,#5287,.T.);
#7102 = FACE_BOUND('',#7103,.T.);
#7103 = EDGE_LOOP('',(#7104,#7134,#7163,#7191,#7220,#7248,#7277,#7305));
#7104 = ORIENTED_EDGE('',*,*,#7105,.T.);
#7105 = EDGE_CURVE('',#7106,#7108,#7110,.T.);
#7106 = VERTEX_POINT('',#7107);
#7107 = CARTESIAN_POINT('',(22.860000729561,-15.24,15.240000729561));
#7108 = VERTEX_POINT('',#7109);
#7109 = CARTESIAN_POINT('',(22.860000729561,-15.24,-15.24000072956));
#7110 = SURFACE_CURVE('',#7111,(#7115,#7122),.PCURVE_S1.);
#7111 = LINE('',#7112,#7113);
#7112 = CARTESIAN_POINT('',(22.860000729561,-15.24,11.430000364546));
#7113 = VECTOR('',#7114,1.);
#7114 = DIRECTION('',(0.,2.22044604925E-16,-1.));
#7115 = PCURVE('',#5246,#7116);
#7116 = DEFINITIONAL_REPRESENTATION('',(#7117),#7121);
#7117 = LINE('',#7118,#7119);
#7118 = CARTESIAN_POINT('',(-11.43000036501,22.860000729091));
#7119 = VECTOR('',#7120,1.);
#7120 = DIRECTION('',(1.,0.));
#7121 = ( GEOMETRIC_REPRESENTATION_CONTEXT(2) 
PARAMETRIC_REPRESENTATION_CONTEXT() REPRESENTATION_CONTEXT('2D SPACE',''
  ) );
#7122 = PCURVE('',#7123,#7128);
#7123 = PLANE('',#7124);
#7124 = AXIS2_PLACEMENT_3D('',#7125,#7126,#7127);
#7125 = CARTESIAN_POINT('',(22.860000729561,-15.24,22.860000729561));
#7126 = DIRECTION('',(1.,0.,0.));
#7127 = DIRECTION('',(0.,2.22044604925E-16,-1.));
#7128 = DEFINITIONAL_REPRESENTATION('',(#7129),#7133);
#7129 = LINE('',#7130,#7131);
#7130 = CARTESIAN_POINT('',(11.430000365015,-2.537969915343E-15));
#7131 = VECTOR('',#7132,1.);
#7132 = DIRECTION('',(1.,-2.465190328816E-32));
#7133 = ( GEOMETRIC_REPRESENTATION_CONTEXT(2) 
PARAMETRIC_REPRESENTATION_CONTEXT() REPRESENTATION_CONTEXT('2D SPACE',''
  ) );
#7134 = ORIENTED_EDGE('',*,*,#7135,.F.);
#7135 = EDGE_CURVE('',#7136,#7108,#7138,.T.);
#7136 = VERTEX_POINT('',#7137);
#7137 = CARTESIAN_POINT('',(15.240000729561,-15.24,-22.86000072956));
#7138 = SURFACE_CURVE('',#7139,(#7144,#7151),.PCURVE_S1.);
#7139 = CIRCLE('',#7140,7.62);
#7140 = AXIS2_PLACEMENT_3D('',#7141,#7142,#7143);
#7141 = CARTESIAN_POINT('',(15.240000729561,-15.24,-15.24000072956));
#7142 = DIRECTION('',(0.,-1.,-2.22044604925E-16));
#7143 = DIRECTION('',(0.707106781187,1.570092458684E-16,-0.707106781187)
  );
#7144 = PCURVE('',#5246,#7145);
#7145 = DEFINITIONAL_REPRESENTATION('',(#7146),#7150);
#7146 = CIRCLE('',#7147,7.62);
#7147 = AXIS2_PLACEMENT_2D('',#7148,#7149);
#7148 = CARTESIAN_POINT('',(15.240000729091,15.240000729091));
#7149 = DIRECTION('',(0.707106781187,0.707106781187));
#7150 = ( GEOMETRIC_REPRESENTATION_CONTEXT(2) 
PARAMETRIC_REPRESENTATION_CONTEXT() REPRESENTATION_CONTEXT('2D SPACE',''
  ) );
#7151 = PCURVE('',#7152,#7157);
#7152 = CYLINDRICAL_SURFACE('',#7153,7.62);
#7153 = AXIS2_PLACEMENT_3D('',#7154,#7155,#7156);
#7154 = CARTESIAN_POINT('',(15.240000729561,-15.24,-15.24000072956));
#7155 = DIRECTION('',(0.,1.,4.370956789863E-16));
#7156 = DIRECTION('',(0.707106781187,3.090733186385E-16,-0.707106781187)
  );
#7157 = DEFINITIONAL_REPRESENTATION('',(#7158),#7162);
#7158 = LINE('',#7159,#7160);
#7159 = CARTESIAN_POINT('',(12.566370614359,-7.993605777301E-15));
#7160 = VECTOR('',#7161,1.);
#7161 = DIRECTION('',(-1.,1.130863886743E-15));
#7162 = ( GEOMETRIC_REPRESENTATION_CONTEXT(2) 
PARAMETRIC_REPRESENTATION_CONTEXT() REPRESENTATION_CONTEXT('2D SPACE',''
  ) );
#7163 = ORIENTED_EDGE('',*,*,#7164,.T.);
#7164 = EDGE_CURVE('',#7136,#7165,#7167,.T.);
#7165 = VERTEX_POINT('',#7166);
#7166 = CARTESIAN_POINT('',(-15.24000072956,-15.24,-22.86000072956));
#7167 = SURFACE_CURVE('',#7168,(#7172,#7179),.PCURVE_S1.);
#7168 = LINE('',#7169,#7170);
#7169 = CARTESIAN_POINT('',(11.430000365015,-15.24,-22.86000072956));
#7170 = VECTOR('',#7171,1.);
#7171 = DIRECTION('',(-1.,0.,0.));
#7172 = PCURVE('',#5246,#7173);
#7173 = DEFINITIONAL_REPRESENTATION('',(#7174),#7178);
#7174 = LINE('',#7175,#7176);
#7175 = CARTESIAN_POINT('',(22.860000729091,11.430000364546));
#7176 = VECTOR('',#7177,1.);
#7177 = DIRECTION('',(0.,-1.));
#7178 = ( GEOMETRIC_REPRESENTATION_CONTEXT(2) 
PARAMETRIC_REPRESENTATION_CONTEXT() REPRESENTATION_CONTEXT('2D SPACE',''
  ) );
#7179 = PCURVE('',#7180,#7185);
#7180 = PLANE('',#7181);
#7181 = AXIS2_PLACEMENT_3D('',#7182,#7183,#7184);
#7182 = CARTESIAN_POINT('',(22.860000729561,-15.24,-22.86000072956));
#7183 = DIRECTION('',(0.,4.370956789863E-16,-1.));
#7184 = DIRECTION('',(-1.,0.,0.));
#7185 = DEFINITIONAL_REPRESENTATION('',(#7186),#7190);
#7186 = LINE('',#7187,#7188);
#7187 = CARTESIAN_POINT('',(11.430000364546,0.));
#7188 = VECTOR('',#7189,1.);
#7189 = DIRECTION('',(1.,0.));
#7190 = ( GEOMETRIC_REPRESENTATION_CONTEXT(2) 
PARAMETRIC_REPRESENTATION_CONTEXT() REPRESENTATION_CONTEXT('2D SPACE',''
  ) );
#7191 = ORIENTED_EDGE('',*,*,#7192,.F.);
#7192 = EDGE_CURVE('',#7193,#7165,#7195,.T.);
#7193 = VERTEX_POINT('',#7194);
#7194 = CARTESIAN_POINT('',(-22.86000072956,-15.24,-15.24000072956));
#7195 = SURFACE_CURVE('',#7196,(#7201,#7208),.PCURVE_S1.);
#7196 = CIRCLE('',#7197,7.62);
#7197 = AXIS2_PLACEMENT_3D('',#7198,#7199,#7200);
#7198 = CARTESIAN_POINT('',(-15.24000072956,-15.24,-15.24000072956));
#7199 = DIRECTION('',(0.,-1.,-2.22044604925E-16));
#7200 = DIRECTION('',(-0.707106781187,1.570092458684E-16,-0.707106781187
    ));
#7201 = PCURVE('',#5246,#7202);
#7202 = DEFINITIONAL_REPRESENTATION('',(#7203),#7207);
#7203 = CIRCLE('',#7204,7.62);
#7204 = AXIS2_PLACEMENT_2D('',#7205,#7206);
#7205 = CARTESIAN_POINT('',(15.240000729091,-15.24000073003));
#7206 = DIRECTION('',(0.707106781187,-0.707106781187));
#7207 = ( GEOMETRIC_REPRESENTATION_CONTEXT(2) 
PARAMETRIC_REPRESENTATION_CONTEXT() REPRESENTATION_CONTEXT('2D SPACE',''
  ) );
#7208 = PCURVE('',#7209,#7214);
#7209 = CYLINDRICAL_SURFACE('',#7210,7.62);
#7210 = AXIS2_PLACEMENT_3D('',#7211,#7212,#7213);
#7211 = CARTESIAN_POINT('',(-15.24000072956,-15.24,-15.24000072956));
#7212 = DIRECTION('',(0.,1.,4.370956789863E-16));
#7213 = DIRECTION('',(-0.707106781187,3.090733186385E-16,-0.707106781187
    ));
#7214 = DEFINITIONAL_REPRESENTATION('',(#7215),#7219);
#7215 = LINE('',#7216,#7217);
#7216 = CARTESIAN_POINT('',(12.566370614359,6.217248937901E-15));
#7217 = VECTOR('',#7218,1.);
#7218 = DIRECTION('',(-1.,-1.130863886743E-15));
#7219 = ( GEOMETRIC_REPRESENTATION_CONTEXT(2) 
PARAMETRIC_REPRESENTATION_CONTEXT() REPRESENTATION_CONTEXT('2D SPACE',''
  ) );
#7220 = ORIENTED_EDGE('',*,*,#7221,.T.);
#7221 = EDGE_CURVE('',#7193,#7222,#7224,.T.);
#7222 = VERTEX_POINT('',#7223);
#7223 = CARTESIAN_POINT('',(-22.86000072956,-15.24,15.240000729561));
#7224 = SURFACE_CURVE('',#7225,(#7229,#7236),.PCURVE_S1.);
#7225 = LINE('',#7226,#7227);
#7226 = CARTESIAN_POINT('',(-22.86000072956,-15.24,-11.43000036501));
#7227 = VECTOR('',#7228,1.);
#7228 = DIRECTION('',(0.,-2.22044604925E-16,1.));
#7229 = PCURVE('',#5246,#7230);
#7230 = DEFINITIONAL_REPRESENTATION('',(#7231),#7235);
#7231 = LINE('',#7232,#7233);
#7232 = CARTESIAN_POINT('',(11.430000364546,-22.86000073003));
#7233 = VECTOR('',#7234,1.);
#7234 = DIRECTION('',(-1.,0.));
#7235 = ( GEOMETRIC_REPRESENTATION_CONTEXT(2) 
PARAMETRIC_REPRESENTATION_CONTEXT() REPRESENTATION_CONTEXT('2D SPACE',''
  ) );
#7236 = PCURVE('',#7237,#7242);
#7237 = PLANE('',#7238);
#7238 = AXIS2_PLACEMENT_3D('',#7239,#7240,#7241);
#7239 = CARTESIAN_POINT('',(-22.86000072956,-15.24,-22.86000072956));
#7240 = DIRECTION('',(-1.,0.,0.));
#7241 = DIRECTION('',(0.,-2.22044604925E-16,1.));
#7242 = DEFINITIONAL_REPRESENTATION('',(#7243),#7247);
#7243 = LINE('',#7244,#7245);
#7244 = CARTESIAN_POINT('',(11.430000364546,2.537969915238E-15));
#7245 = VECTOR('',#7246,1.);
#7246 = DIRECTION('',(1.,2.465190328816E-32));
#7247 = ( GEOMETRIC_REPRESENTATION_CONTEXT(2) 
PARAMETRIC_REPRESENTATION_CONTEXT() REPRESENTATION_CONTEXT('2D SPACE',''
  ) );
#7248 = ORIENTED_EDGE('',*,*,#7249,.F.);
#7249 = EDGE_CURVE('',#7250,#7222,#7252,.T.);
#7250 = VERTEX_POINT('',#7251);
#7251 = CARTESIAN_POINT('',(-15.24000072956,-15.24,22.860000729561));
#7252 = SURFACE_CURVE('',#7253,(#7258,#7265),.PCURVE_S1.);
#7253 = CIRCLE('',#7254,7.62);
#7254 = AXIS2_PLACEMENT_3D('',#7255,#7256,#7257);
#7255 = CARTESIAN_POINT('',(-15.24000072956,-15.24,15.240000729561));
#7256 = DIRECTION('',(0.,-1.,-2.22044604925E-16));
#7257 = DIRECTION('',(-0.707106781187,-1.570092458684E-16,0.707106781187
    ));
#7258 = PCURVE('',#5246,#7259);
#7259 = DEFINITIONAL_REPRESENTATION('',(#7260),#7264);
#7260 = CIRCLE('',#7261,7.62);
#7261 = AXIS2_PLACEMENT_2D('',#7262,#7263);
#7262 = CARTESIAN_POINT('',(-15.24000073003,-15.24000073003));
#7263 = DIRECTION('',(-0.707106781187,-0.707106781187));
#7264 = ( GEOMETRIC_REPRESENTATION_CONTEXT(2) 
PARAMETRIC_REPRESENTATION_CONTEXT() REPRESENTATION_CONTEXT('2D SPACE',''
  ) );
#7265 = PCURVE('',#7266,#7271);
#7266 = CYLINDRICAL_SURFACE('',#7267,7.62);
#7267 = AXIS2_PLACEMENT_3D('',#7268,#7269,#7270);
#7268 = CARTESIAN_POINT('',(-15.24000072956,-15.24,15.240000729561));
#7269 = DIRECTION('',(0.,1.,4.370956789863E-16));
#7270 = DIRECTION('',(-0.707106781187,-3.090733186385E-16,0.707106781187
    ));
#7271 = DEFINITIONAL_REPRESENTATION('',(#7272),#7276);
#7272 = LINE('',#7273,#7274);
#7273 = CARTESIAN_POINT('',(12.566370614359,7.993605777301E-15));
#7274 = VECTOR('',#7275,1.);
#7275 = DIRECTION('',(-1.,-1.130863886743E-15));
#7276 = ( GEOMETRIC_REPRESENTATION_CONTEXT(2) 
PARAMETRIC_REPRESENTATION_CONTEXT() REPRESENTATION_CONTEXT('2D SPACE',''
  ) );
#7277 = ORIENTED_EDGE('',*,*,#7278,.T.);
#7278 = EDGE_CURVE('',#7250,#7279,#7281,.T.);
#7279 = VERTEX_POINT('',#7280);
#7280 = CARTESIAN_POINT('',(15.240000729561,-15.24,22.860000729561));
#7281 = SURFACE_CURVE('',#7282,(#7286,#7293),.PCURVE_S1.);
#7282 = LINE('',#7283,#7284);
#7283 = CARTESIAN_POINT('',(-11.43000036454,-15.24,22.860000729561));
#7284 = VECTOR('',#7285,1.);
#7285 = DIRECTION('',(1.,0.,0.));
#7286 = PCURVE('',#5246,#7287);
#7287 = DEFINITIONAL_REPRESENTATION('',(#7288),#7292);
#7288 = LINE('',#7289,#7290);
#7289 = CARTESIAN_POINT('',(-22.86000073003,-11.43000036501));
#7290 = VECTOR('',#7291,1.);
#7291 = DIRECTION('',(0.,1.));
#7292 = ( GEOMETRIC_REPRESENTATION_CONTEXT(2) 
PARAMETRIC_REPRESENTATION_CONTEXT() REPRESENTATION_CONTEXT('2D SPACE',''
  ) );
#7293 = PCURVE('',#7294,#7299);
#7294 = PLANE('',#7295);
#7295 = AXIS2_PLACEMENT_3D('',#7296,#7297,#7298);
#7296 = CARTESIAN_POINT('',(-22.86000072956,-15.24,22.860000729561));
#7297 = DIRECTION('',(0.,-4.370956789863E-16,1.));
#7298 = DIRECTION('',(1.,0.,0.));
#7299 = DEFINITIONAL_REPRESENTATION('',(#7300),#7304);
#7300 = LINE('',#7301,#7302);
#7301 = CARTESIAN_POINT('',(11.430000365015,0.));
#7302 = VECTOR('',#7303,1.);
#7303 = DIRECTION('',(1.,0.));
#7304 = ( GEOMETRIC_REPRESENTATION_CONTEXT(2) 
PARAMETRIC_REPRESENTATION_CONTEXT() REPRESENTATION_CONTEXT('2D SPACE',''
  ) );
#7305 = ORIENTED_EDGE('',*,*,#7306,.F.);
#7306 = EDGE_CURVE('',#7106,#7279,#7307,.T.);
#7307 = SURFACE_CURVE('',#7308,(#7313,#7320),.PCURVE_S1.);
#7308 = CIRCLE('',#7309,7.62);
#7309 = AXIS2_PLACEMENT_3D('',#7310,#7311,#7312);
#7310 = CARTESIAN_POINT('',(15.240000729561,-15.24,15.240000729561));
#7311 = DIRECTION('',(0.,-1.,-2.22044604925E-16));
#7312 = DIRECTION('',(0.707106781187,-1.570092458684E-16,0.707106781187)
  );
#7313 = PCURVE('',#5246,#7314);
#7314 = DEFINITIONAL_REPRESENTATION('',(#7315),#7319);
#7315 = CIRCLE('',#7316,7.62);
#7316 = AXIS2_PLACEMENT_2D('',#7317,#7318);
#7317 = CARTESIAN_POINT('',(-15.24000073003,15.240000729091));
#7318 = DIRECTION('',(-0.707106781187,0.707106781187));
#7319 = ( GEOMETRIC_REPRESENTATION_CONTEXT(2) 
PARAMETRIC_REPRESENTATION_CONTEXT() REPRESENTATION_CONTEXT('2D SPACE',''
  ) );
#7320 = PCURVE('',#7321,#7326);
#7321 = CYLINDRICAL_SURFACE('',#7322,7.62);
#7322 = AXIS2_PLACEMENT_3D('',#7323,#7324,#7325);
#7323 = CARTESIAN_POINT('',(15.240000729561,-15.24,15.240000729561));
#7324 = DIRECTION('',(0.,1.,4.370956789863E-16));
#7325 = DIRECTION('',(0.707106781187,-3.090733186385E-16,0.707106781187)
  );
#7326 = DEFINITIONAL_REPRESENTATION('',(#7327),#7331);
#7327 = LINE('',#7328,#7329);
#7328 = CARTESIAN_POINT('',(12.566370614359,-6.217248937901E-15));
#7329 = VECTOR('',#7330,1.);
#7330 = DIRECTION('',(-1.,1.130863886743E-15));
#7331 = ( GEOMETRIC_REPRESENTATION_CONTEXT(2) 
PARAMETRIC_REPRESENTATION_CONTEXT() REPRESENTATION_CONTEXT('2D SPACE',''
  ) );
#7332 = ADVANCED_FACE('',(#7333),#5896,.T.);
#7333 = FACE_BOUND('',#7334,.T.);
#7334 = EDGE_LOOP('',(#7335,#7336,#7337));
#7335 = ORIENTED_EDGE('',*,*,#6963,.T.);
#7336 = ORIENTED_EDGE('',*,*,#5882,.F.);
#7337 = ORIENTED_EDGE('',*,*,#7338,.F.);
#7338 = EDGE_CURVE('',#6964,#5854,#7339,.T.);
#7339 = SURFACE_CURVE('',#7340,(#7344,#7350),.PCURVE_S1.);
#7340 = LINE('',#7341,#7342);
#7341 = CARTESIAN_POINT('',(-19.75036934298,12.7,6.35));
#7342 = VECTOR('',#7343,1.);
#7343 = DIRECTION('',(-1.,-0.,0.));
#7344 = PCURVE('',#5896,#7345);
#7345 = DEFINITIONAL_REPRESENTATION('',(#7346),#7349);
#7346 = B_SPLINE_CURVE_WITH_KNOTS('',1,(#7347,#7348),.UNSPECIFIED.,.F.,
  .F.,(2,2),(-29.27536934298,-19.75036934298),.PIECEWISE_BEZIER_KNOTS.);
#7347 = CARTESIAN_POINT('',(-9.525,-6.35));
#7348 = CARTESIAN_POINT('',(-3.552713678801E-15,-6.35));
#7349 = ( GEOMETRIC_REPRESENTATION_CONTEXT(2) 
PARAMETRIC_REPRESENTATION_CONTEXT() REPRESENTATION_CONTEXT('2D SPACE',''
  ) );
#7350 = PCURVE('',#5870,#7351);
#7351 = DEFINITIONAL_REPRESENTATION('',(#7352),#7355);
#7352 = B_SPLINE_CURVE_WITH_KNOTS('',1,(#7353,#7354),.UNSPECIFIED.,.F.,
  .F.,(2,2),(-29.27536934298,-19.75036934298),.PIECEWISE_BEZIER_KNOTS.);
#7353 = CARTESIAN_POINT('',(105.76102262806,4.451108028953));
#7354 = CARTESIAN_POINT('',(100.99852262806,12.7));
#7355 = ( GEOMETRIC_REPRESENTATION_CONTEXT(2) 
PARAMETRIC_REPRESENTATION_CONTEXT() REPRESENTATION_CONTEXT('2D SPACE',''
  ) );
#7356 = ADVANCED_FACE('',(#7357),#5870,.T.);
#7357 = FACE_BOUND('',#7358,.T.);
#7358 = EDGE_LOOP('',(#7359,#7360,#7383,#7402,#7403));
#7359 = ORIENTED_EDGE('',*,*,#5853,.F.);
#7360 = ORIENTED_EDGE('',*,*,#7361,.T.);
#7361 = EDGE_CURVE('',#5828,#7362,#7364,.T.);
#7362 = VERTEX_POINT('',#7363);
#7363 = CARTESIAN_POINT('',(16.131166521158,15.24,6.35));
#7364 = SURFACE_CURVE('',#7365,(#7369,#7376),.PCURVE_S1.);
#7365 = LINE('',#7366,#7367);
#7366 = CARTESIAN_POINT('',(-39.50073868596,-81.11728634059,6.35));
#7367 = VECTOR('',#7368,1.);
#7368 = DIRECTION('',(0.5,0.866025403784,0.));
#7369 = PCURVE('',#5870,#7370);
#7370 = DEFINITIONAL_REPRESENTATION('',(#7371),#7375);
#7371 = LINE('',#7372,#7373);
#7372 = CARTESIAN_POINT('',(0.,0.));
#7373 = VECTOR('',#7374,1.);
#7374 = DIRECTION('',(1.,0.));
#7375 = ( GEOMETRIC_REPRESENTATION_CONTEXT(2) 
PARAMETRIC_REPRESENTATION_CONTEXT() REPRESENTATION_CONTEXT('2D SPACE',''
  ) );
#7376 = PCURVE('',#5842,#7377);
#7377 = DEFINITIONAL_REPRESENTATION('',(#7378),#7382);
#7378 = LINE('',#7379,#7380);
#7379 = CARTESIAN_POINT('',(12.7,0.));
#7380 = VECTOR('',#7381,1.);
#7381 = DIRECTION('',(0.,1.));
#7382 = ( GEOMETRIC_REPRESENTATION_CONTEXT(2) 
PARAMETRIC_REPRESENTATION_CONTEXT() REPRESENTATION_CONTEXT('2D SPACE',''
  ) );
#7383 = ORIENTED_EDGE('',*,*,#7384,.T.);
#7384 = EDGE_CURVE('',#7362,#6908,#7385,.T.);
#7385 = SURFACE_CURVE('',#7386,(#7390,#7396),.PCURVE_S1.);
#7386 = LINE('',#7387,#7388);
#7387 = CARTESIAN_POINT('',(-19.75036934275,15.24,6.35));
#7388 = VECTOR('',#7389,1.);
#7389 = DIRECTION('',(-1.,0.,0.));
#7390 = PCURVE('',#5870,#7391);
#7391 = DEFINITIONAL_REPRESENTATION('',(#7392),#7395);
#7392 = B_SPLINE_CURVE_WITH_KNOTS('',1,(#7393,#7394),.UNSPECIFIED.,.F.,
  .F.,(2,2),(-35.8815358639,-21.21683902649),.PIECEWISE_BEZIER_KNOTS.);
#7393 = CARTESIAN_POINT('',(111.26381041425,7.105427357601E-15));
#7394 = CARTESIAN_POINT('',(103.93146199554,12.7));
#7395 = ( GEOMETRIC_REPRESENTATION_CONTEXT(2) 
PARAMETRIC_REPRESENTATION_CONTEXT() REPRESENTATION_CONTEXT('2D SPACE',''
  ) );
#7396 = PCURVE('',#6924,#7397);
#7397 = DEFINITIONAL_REPRESENTATION('',(#7398),#7401);
#7398 = B_SPLINE_CURVE_WITH_KNOTS('',1,(#7399,#7400),.UNSPECIFIED.,.F.,
  .F.,(2,2),(-35.8815358639,-21.21683902649),.PIECEWISE_BEZIER_KNOTS.);
#7399 = CARTESIAN_POINT('',(-6.35000000047,16.131166520688));
#7400 = CARTESIAN_POINT('',(-6.35000000047,1.466469683272));
#7401 = ( GEOMETRIC_REPRESENTATION_CONTEXT(2) 
PARAMETRIC_REPRESENTATION_CONTEXT() REPRESENTATION_CONTEXT('2D SPACE',''
  ) );
#7402 = ORIENTED_EDGE('',*,*,#6987,.F.);
#7403 = ORIENTED_EDGE('',*,*,#7338,.T.);
#7404 = ADVANCED_FACE('',(#7405),#5842,.F.);
#7405 = FACE_BOUND('',#7406,.F.);
#7406 = EDGE_LOOP('',(#7407,#7430,#7431,#7432));
#7407 = ORIENTED_EDGE('',*,*,#7408,.F.);
#7408 = EDGE_CURVE('',#5799,#7409,#7411,.T.);
#7409 = VERTEX_POINT('',#7410);
#7410 = CARTESIAN_POINT('',(16.131166521158,15.24,-6.35));
#7411 = SURFACE_CURVE('',#7412,(#7416,#7423),.PCURVE_S1.);
#7412 = LINE('',#7413,#7414);
#7413 = CARTESIAN_POINT('',(-39.50073868596,-81.11728634059,-6.35));
#7414 = VECTOR('',#7415,1.);
#7415 = DIRECTION('',(0.5,0.866025403784,0.));
#7416 = PCURVE('',#5842,#7417);
#7417 = DEFINITIONAL_REPRESENTATION('',(#7418),#7422);
#7418 = LINE('',#7419,#7420);
#7419 = CARTESIAN_POINT('',(0.,0.));
#7420 = VECTOR('',#7421,1.);
#7421 = DIRECTION('',(0.,1.));
#7422 = ( GEOMETRIC_REPRESENTATION_CONTEXT(2) 
PARAMETRIC_REPRESENTATION_CONTEXT() REPRESENTATION_CONTEXT('2D SPACE',''
  ) );
#7423 = PCURVE('',#5815,#7424);
#7424 = DEFINITIONAL_REPRESENTATION('',(#7425),#7429);
#7425 = LINE('',#7426,#7427);
#7426 = CARTESIAN_POINT('',(0.,0.));
#7427 = VECTOR('',#7428,1.);
#7428 = DIRECTION('',(1.,0.));
#7429 = ( GEOMETRIC_REPRESENTATION_CONTEXT(2) 
PARAMETRIC_REPRESENTATION_CONTEXT() REPRESENTATION_CONTEXT('2D SPACE',''
  ) );
#7430 = ORIENTED_EDGE('',*,*,#5827,.T.);
#7431 = ORIENTED_EDGE('',*,*,#7361,.T.);
#7432 = ORIENTED_EDGE('',*,*,#7433,.T.);
#7433 = EDGE_CURVE('',#7362,#7409,#7434,.T.);
#7434 = SURFACE_CURVE('',#7435,(#7439,#7445),.PCURVE_S1.);
#7435 = LINE('',#7436,#7437);
#7436 = CARTESIAN_POINT('',(16.131166521158,15.24,-3.175000000235));
#7437 = VECTOR('',#7438,1.);
#7438 = DIRECTION('',(-1.281975124256E-16,-2.22044604925E-16,-1.));
#7439 = PCURVE('',#5842,#7440);
#7440 = DEFINITIONAL_REPRESENTATION('',(#7441),#7444);
#7441 = B_SPLINE_CURVE_WITH_KNOTS('',1,(#7442,#7443),.UNSPECIFIED.,.F.,
  .F.,(2,2),(-9.525000000235,3.174999999765),.PIECEWISE_BEZIER_KNOTS.);
#7442 = CARTESIAN_POINT('',(12.7,111.26381041425));
#7443 = CARTESIAN_POINT('',(0.,111.26381041425));
#7444 = ( GEOMETRIC_REPRESENTATION_CONTEXT(2) 
PARAMETRIC_REPRESENTATION_CONTEXT() REPRESENTATION_CONTEXT('2D SPACE',''
  ) );
#7445 = PCURVE('',#6924,#7446);
#7446 = DEFINITIONAL_REPRESENTATION('',(#7447),#7450);
#7447 = B_SPLINE_CURVE_WITH_KNOTS('',1,(#7448,#7449),.UNSPECIFIED.,.F.,
  .F.,(2,2),(-9.525000000235,3.174999999765),.PIECEWISE_BEZIER_KNOTS.);
#7448 = CARTESIAN_POINT('',(-6.35000000047,16.131166520688));
#7449 = CARTESIAN_POINT('',(6.34999999953,16.131166520688));
#7450 = ( GEOMETRIC_REPRESENTATION_CONTEXT(2) 
PARAMETRIC_REPRESENTATION_CONTEXT() REPRESENTATION_CONTEXT('2D SPACE',''
  ) );
#7451 = ADVANCED_FACE('',(#7452),#5815,.F.);
#7452 = FACE_BOUND('',#7453,.F.);
#7453 = EDGE_LOOP('',(#7454,#7455,#7456,#7475,#7476));
#7454 = ORIENTED_EDGE('',*,*,#5798,.F.);
#7455 = ORIENTED_EDGE('',*,*,#7408,.T.);
#7456 = ORIENTED_EDGE('',*,*,#7457,.T.);
#7457 = EDGE_CURVE('',#7409,#7011,#7458,.T.);
#7458 = SURFACE_CURVE('',#7459,(#7463,#7469),.PCURVE_S1.);
#7459 = LINE('',#7460,#7461);
#7460 = CARTESIAN_POINT('',(-19.75036934275,15.24,-6.35));
#7461 = VECTOR('',#7462,1.);
#7462 = DIRECTION('',(-1.,0.,0.));
#7463 = PCURVE('',#5815,#7464);
#7464 = DEFINITIONAL_REPRESENTATION('',(#7465),#7468);
#7465 = B_SPLINE_CURVE_WITH_KNOTS('',1,(#7466,#7467),.UNSPECIFIED.,.F.,
  .F.,(2,2),(-35.8815358639,-21.21683902649),.PIECEWISE_BEZIER_KNOTS.);
#7466 = CARTESIAN_POINT('',(111.26381041425,7.105427357601E-15));
#7467 = CARTESIAN_POINT('',(103.93146199554,12.7));
#7468 = ( GEOMETRIC_REPRESENTATION_CONTEXT(2) 
PARAMETRIC_REPRESENTATION_CONTEXT() REPRESENTATION_CONTEXT('2D SPACE',''
  ) );
#7469 = PCURVE('',#6924,#7470);
#7470 = DEFINITIONAL_REPRESENTATION('',(#7471),#7474);
#7471 = B_SPLINE_CURVE_WITH_KNOTS('',1,(#7472,#7473),.UNSPECIFIED.,.F.,
  .F.,(2,2),(-35.8815358639,-21.21683902649),.PIECEWISE_BEZIER_KNOTS.);
#7472 = CARTESIAN_POINT('',(6.34999999953,16.131166520688));
#7473 = CARTESIAN_POINT('',(6.34999999953,1.466469683272));
#7474 = ( GEOMETRIC_REPRESENTATION_CONTEXT(2) 
PARAMETRIC_REPRESENTATION_CONTEXT() REPRESENTATION_CONTEXT('2D SPACE',''
  ) );
#7475 = ORIENTED_EDGE('',*,*,#7038,.F.);
#7476 = ORIENTED_EDGE('',*,*,#7477,.T.);
#7477 = EDGE_CURVE('',#7039,#5771,#7478,.T.);
#7478 = SURFACE_CURVE('',#7479,(#7483,#7489),.PCURVE_S1.);
#7479 = LINE('',#7480,#7481);
#7480 = CARTESIAN_POINT('',(-19.75036934298,12.7,-6.35));
#7481 = VECTOR('',#7482,1.);
#7482 = DIRECTION('',(-1.,-0.,0.));
#7483 = PCURVE('',#5815,#7484);
#7484 = DEFINITIONAL_REPRESENTATION('',(#7485),#7488);
#7485 = B_SPLINE_CURVE_WITH_KNOTS('',1,(#7486,#7487),.UNSPECIFIED.,.F.,
  .F.,(2,2),(-29.27536934298,-19.75036934298),.PIECEWISE_BEZIER_KNOTS.);
#7486 = CARTESIAN_POINT('',(105.76102262806,4.451108028953));
#7487 = CARTESIAN_POINT('',(100.99852262806,12.7));
#7488 = ( GEOMETRIC_REPRESENTATION_CONTEXT(2) 
PARAMETRIC_REPRESENTATION_CONTEXT() REPRESENTATION_CONTEXT('2D SPACE',''
  ) );
#7489 = PCURVE('',#5786,#7490);
#7490 = DEFINITIONAL_REPRESENTATION('',(#7491),#7494);
#7491 = B_SPLINE_CURVE_WITH_KNOTS('',1,(#7492,#7493),.UNSPECIFIED.,.F.,
  .F.,(2,2),(-29.27536934298,-19.75036934298),.PIECEWISE_BEZIER_KNOTS.);
#7492 = CARTESIAN_POINT('',(-9.525,6.35));
#7493 = CARTESIAN_POINT('',(-3.552713678801E-15,6.35));
#7494 = ( GEOMETRIC_REPRESENTATION_CONTEXT(2) 
PARAMETRIC_REPRESENTATION_CONTEXT() REPRESENTATION_CONTEXT('2D SPACE',''
  ) );
#7495 = ADVANCED_FACE('',(#7496),#5786,.T.);
#7496 = FACE_BOUND('',#7497,.T.);
#7497 = EDGE_LOOP('',(#7498,#7499,#7500));
#7498 = ORIENTED_EDGE('',*,*,#5770,.F.);
#7499 = ORIENTED_EDGE('',*,*,#7059,.T.);
#7500 = ORIENTED_EDGE('',*,*,#7477,.T.);
#7501 = ADVANCED_FACE('',(#7502,#7732),#6924,.T.);
#7502 = FACE_BOUND('',#7503,.T.);
#7503 = EDGE_LOOP('',(#7504,#7535,#7563,#7592,#7620,#7649,#7677,#7706));
#7504 = ORIENTED_EDGE('',*,*,#7505,.T.);
#7505 = EDGE_CURVE('',#7506,#7508,#7510,.T.);
#7506 = VERTEX_POINT('',#7507);
#7507 = CARTESIAN_POINT('',(17.77999961947,15.24,-25.39999961947));
#7508 = VERTEX_POINT('',#7509);
#7509 = CARTESIAN_POINT('',(25.39999961947,15.24,-17.77999961947));
#7510 = SURFACE_CURVE('',#7511,(#7516,#7523),.PCURVE_S1.);
#7511 = CIRCLE('',#7512,7.62);
#7512 = AXIS2_PLACEMENT_3D('',#7513,#7514,#7515);
#7513 = CARTESIAN_POINT('',(17.77999961947,15.24,-17.77999961947));
#7514 = DIRECTION('',(0.,-1.,2.22044604925E-16));
#7515 = DIRECTION('',(0.707106781187,-1.570092458684E-16,-0.707106781187
    ));
#7516 = PCURVE('',#6924,#7517);
#7517 = DEFINITIONAL_REPRESENTATION('',(#7518),#7522);
#7518 = CIRCLE('',#7519,7.62);
#7519 = AXIS2_PLACEMENT_2D('',#7520,#7521);
#7520 = CARTESIAN_POINT('',(17.779999619,17.779999619));
#7521 = DIRECTION('',(0.707106781187,0.707106781187));
#7522 = ( GEOMETRIC_REPRESENTATION_CONTEXT(2) 
PARAMETRIC_REPRESENTATION_CONTEXT() REPRESENTATION_CONTEXT('2D SPACE',''
  ) );
#7523 = PCURVE('',#7524,#7529);
#7524 = CYLINDRICAL_SURFACE('',#7525,7.62);
#7525 = AXIS2_PLACEMENT_3D('',#7526,#7527,#7528);
#7526 = CARTESIAN_POINT('',(17.77999961947,21.59,-17.77999961947));
#7527 = DIRECTION('',(0.,1.,-2.22044604925E-16));
#7528 = DIRECTION('',(0.707106781187,-1.570092458684E-16,-0.707106781187
    ));
#7529 = DEFINITIONAL_REPRESENTATION('',(#7530),#7534);
#7530 = LINE('',#7531,#7532);
#7531 = CARTESIAN_POINT('',(6.28318530718,-6.35));
#7532 = VECTOR('',#7533,1.);
#7533 = DIRECTION('',(-1.,0.));
#7534 = ( GEOMETRIC_REPRESENTATION_CONTEXT(2) 
PARAMETRIC_REPRESENTATION_CONTEXT() REPRESENTATION_CONTEXT('2D SPACE',''
  ) );
#7535 = ORIENTED_EDGE('',*,*,#7536,.F.);
#7536 = EDGE_CURVE('',#7537,#7508,#7539,.T.);
#7537 = VERTEX_POINT('',#7538);
#7538 = CARTESIAN_POINT('',(25.39999961947,15.24,17.77999961853));
#7539 = SURFACE_CURVE('',#7540,(#7544,#7551),.PCURVE_S1.);
#7540 = LINE('',#7541,#7542);
#7541 = CARTESIAN_POINT('',(25.39999961947,15.24,-4.697250699515E-10));
#7542 = VECTOR('',#7543,1.);
#7543 = DIRECTION('',(0.,-2.22044604925E-16,-1.));
#7544 = PCURVE('',#6924,#7545);
#7545 = DEFINITIONAL_REPRESENTATION('',(#7546),#7550);
#7546 = LINE('',#7547,#7548);
#7547 = CARTESIAN_POINT('',(0.,25.399999619));
#7548 = VECTOR('',#7549,1.);
#7549 = DIRECTION('',(1.,0.));
#7550 = ( GEOMETRIC_REPRESENTATION_CONTEXT(2) 
PARAMETRIC_REPRESENTATION_CONTEXT() REPRESENTATION_CONTEXT('2D SPACE',''
  ) );
#7551 = PCURVE('',#7552,#7557);
#7552 = PLANE('',#7553);
#7553 = AXIS2_PLACEMENT_3D('',#7554,#7555,#7556);
#7554 = CARTESIAN_POINT('',(25.39999961947,21.59,-4.697264799347E-10));
#7555 = DIRECTION('',(1.,0.,0.));
#7556 = DIRECTION('',(0.,-1.,2.22044604925E-16));
#7557 = DEFINITIONAL_REPRESENTATION('',(#7558),#7562);
#7558 = LINE('',#7559,#7560);
#7559 = CARTESIAN_POINT('',(6.35,-6.410678146279E-25));
#7560 = VECTOR('',#7561,1.);
#7561 = DIRECTION('',(-2.465190328816E-32,1.));
#7562 = ( GEOMETRIC_REPRESENTATION_CONTEXT(2) 
PARAMETRIC_REPRESENTATION_CONTEXT() REPRESENTATION_CONTEXT('2D SPACE',''
  ) );
#7563 = ORIENTED_EDGE('',*,*,#7564,.T.);
#7564 = EDGE_CURVE('',#7537,#7565,#7567,.T.);
#7565 = VERTEX_POINT('',#7566);
#7566 = CARTESIAN_POINT('',(17.77999961947,15.24,25.39999961853));
#7567 = SURFACE_CURVE('',#7568,(#7573,#7580),.PCURVE_S1.);
#7568 = CIRCLE('',#7569,7.62);
#7569 = AXIS2_PLACEMENT_3D('',#7570,#7571,#7572);
#7570 = CARTESIAN_POINT('',(17.77999961947,15.24,17.77999961853));
#7571 = DIRECTION('',(0.,-1.,2.22044604925E-16));
#7572 = DIRECTION('',(0.707106781187,1.570092458684E-16,0.707106781187)
  );
#7573 = PCURVE('',#6924,#7574);
#7574 = DEFINITIONAL_REPRESENTATION('',(#7575),#7579);
#7575 = CIRCLE('',#7576,7.62);
#7576 = AXIS2_PLACEMENT_2D('',#7577,#7578);
#7577 = CARTESIAN_POINT('',(-17.779999619,17.779999619));
#7578 = DIRECTION('',(-0.707106781187,0.707106781187));
#7579 = ( GEOMETRIC_REPRESENTATION_CONTEXT(2) 
PARAMETRIC_REPRESENTATION_CONTEXT() REPRESENTATION_CONTEXT('2D SPACE',''
  ) );
#7580 = PCURVE('',#7581,#7586);
#7581 = CYLINDRICAL_SURFACE('',#7582,7.62);
#7582 = AXIS2_PLACEMENT_3D('',#7583,#7584,#7585);
#7583 = CARTESIAN_POINT('',(17.77999961947,21.59,17.77999961853));
#7584 = DIRECTION('',(0.,1.,-2.22044604925E-16));
#7585 = DIRECTION('',(0.707106781187,1.570092458684E-16,0.707106781187)
  );
#7586 = DEFINITIONAL_REPRESENTATION('',(#7587),#7591);
#7587 = LINE('',#7588,#7589);
#7588 = CARTESIAN_POINT('',(6.28318530718,-6.35));
#7589 = VECTOR('',#7590,1.);
#7590 = DIRECTION('',(-1.,0.));
#7591 = ( GEOMETRIC_REPRESENTATION_CONTEXT(2) 
PARAMETRIC_REPRESENTATION_CONTEXT() REPRESENTATION_CONTEXT('2D SPACE',''
  ) );
#7592 = ORIENTED_EDGE('',*,*,#7593,.F.);
#7593 = EDGE_CURVE('',#7594,#7565,#7596,.T.);
#7594 = VERTEX_POINT('',#7595);
#7595 = CARTESIAN_POINT('',(-17.77999961853,15.24,25.39999961853));
#7596 = SURFACE_CURVE('',#7597,(#7601,#7608),.PCURVE_S1.);
#7597 = LINE('',#7598,#7599);
#7598 = CARTESIAN_POINT('',(4.697264799347E-10,15.24,25.39999961853));
#7599 = VECTOR('',#7600,1.);
#7600 = DIRECTION('',(1.,0.,0.));
#7601 = PCURVE('',#6924,#7602);
#7602 = DEFINITIONAL_REPRESENTATION('',(#7603),#7607);
#7603 = LINE('',#7604,#7605);
#7604 = CARTESIAN_POINT('',(-25.399999619,0.));
#7605 = VECTOR('',#7606,1.);
#7606 = DIRECTION('',(0.,1.));
#7607 = ( GEOMETRIC_REPRESENTATION_CONTEXT(2) 
PARAMETRIC_REPRESENTATION_CONTEXT() REPRESENTATION_CONTEXT('2D SPACE',''
  ) );
#7608 = PCURVE('',#7609,#7614);
#7609 = PLANE('',#7610);
#7610 = AXIS2_PLACEMENT_3D('',#7611,#7612,#7613);
#7611 = CARTESIAN_POINT('',(4.697264799347E-10,21.59,25.39999961853));
#7612 = DIRECTION('',(0.,2.22044604925E-16,1.));
#7613 = DIRECTION('',(0.,-1.,2.22044604925E-16));
#7614 = DEFINITIONAL_REPRESENTATION('',(#7615),#7619);
#7615 = LINE('',#7616,#7617);
#7616 = CARTESIAN_POINT('',(6.35,0.));
#7617 = VECTOR('',#7618,1.);
#7618 = DIRECTION('',(0.,1.));
#7619 = ( GEOMETRIC_REPRESENTATION_CONTEXT(2) 
PARAMETRIC_REPRESENTATION_CONTEXT() REPRESENTATION_CONTEXT('2D SPACE',''
  ) );
#7620 = ORIENTED_EDGE('',*,*,#7621,.T.);
#7621 = EDGE_CURVE('',#7594,#7622,#7624,.T.);
#7622 = VERTEX_POINT('',#7623);
#7623 = CARTESIAN_POINT('',(-25.39999961853,15.24,17.77999961853));
#7624 = SURFACE_CURVE('',#7625,(#7630,#7637),.PCURVE_S1.);
#7625 = CIRCLE('',#7626,7.62);
#7626 = AXIS2_PLACEMENT_3D('',#7627,#7628,#7629);
#7627 = CARTESIAN_POINT('',(-17.77999961853,15.24,17.77999961853));
#7628 = DIRECTION('',(0.,-1.,2.22044604925E-16));
#7629 = DIRECTION('',(-0.707106781187,1.570092458684E-16,0.707106781187)
  );
#7630 = PCURVE('',#6924,#7631);
#7631 = DEFINITIONAL_REPRESENTATION('',(#7632),#7636);
#7632 = CIRCLE('',#7633,7.62);
#7633 = AXIS2_PLACEMENT_2D('',#7634,#7635);
#7634 = CARTESIAN_POINT('',(-17.779999619,-17.779999619));
#7635 = DIRECTION('',(-0.707106781187,-0.707106781187));
#7636 = ( GEOMETRIC_REPRESENTATION_CONTEXT(2) 
PARAMETRIC_REPRESENTATION_CONTEXT() REPRESENTATION_CONTEXT('2D SPACE',''
  ) );
#7637 = PCURVE('',#7638,#7643);
#7638 = CYLINDRICAL_SURFACE('',#7639,7.62);
#7639 = AXIS2_PLACEMENT_3D('',#7640,#7641,#7642);
#7640 = CARTESIAN_POINT('',(-17.77999961853,21.59,17.77999961853));
#7641 = DIRECTION('',(0.,1.,-2.22044604925E-16));
#7642 = DIRECTION('',(-0.707106781187,1.570092458684E-16,0.707106781187)
  );
#7643 = DEFINITIONAL_REPRESENTATION('',(#7644),#7648);
#7644 = LINE('',#7645,#7646);
#7645 = CARTESIAN_POINT('',(6.28318530718,-6.35));
#7646 = VECTOR('',#7647,1.);
#7647 = DIRECTION('',(-1.,0.));
#7648 = ( GEOMETRIC_REPRESENTATION_CONTEXT(2) 
PARAMETRIC_REPRESENTATION_CONTEXT() REPRESENTATION_CONTEXT('2D SPACE',''
  ) );
#7649 = ORIENTED_EDGE('',*,*,#7650,.F.);
#7650 = EDGE_CURVE('',#7651,#7622,#7653,.T.);
#7651 = VERTEX_POINT('',#7652);
#7652 = CARTESIAN_POINT('',(-25.39999961853,15.24,-17.77999961947));
#7653 = SURFACE_CURVE('',#7654,(#7658,#7665),.PCURVE_S1.);
#7654 = LINE('',#7655,#7656);
#7655 = CARTESIAN_POINT('',(-25.39999961853,15.24,-4.697250699515E-10));
#7656 = VECTOR('',#7657,1.);
#7657 = DIRECTION('',(0.,2.22044604925E-16,1.));
#7658 = PCURVE('',#6924,#7659);
#7659 = DEFINITIONAL_REPRESENTATION('',(#7660),#7664);
#7660 = LINE('',#7661,#7662);
#7661 = CARTESIAN_POINT('',(-0.,-25.399999619));
#7662 = VECTOR('',#7663,1.);
#7663 = DIRECTION('',(-1.,0.));
#7664 = ( GEOMETRIC_REPRESENTATION_CONTEXT(2) 
PARAMETRIC_REPRESENTATION_CONTEXT() REPRESENTATION_CONTEXT('2D SPACE',''
  ) );
#7665 = PCURVE('',#7666,#7671);
#7666 = PLANE('',#7667);
#7667 = AXIS2_PLACEMENT_3D('',#7668,#7669,#7670);
#7668 = CARTESIAN_POINT('',(-25.39999961853,21.59,-4.697264799347E-10));
#7669 = DIRECTION('',(-1.,0.,0.));
#7670 = DIRECTION('',(0.,1.,-2.22044604925E-16));
#7671 = DEFINITIONAL_REPRESENTATION('',(#7672),#7676);
#7672 = LINE('',#7673,#7674);
#7673 = CARTESIAN_POINT('',(-6.35,-6.410678146279E-25));
#7674 = VECTOR('',#7675,1.);
#7675 = DIRECTION('',(-2.465190328816E-32,-1.));
#7676 = ( GEOMETRIC_REPRESENTATION_CONTEXT(2) 
PARAMETRIC_REPRESENTATION_CONTEXT() REPRESENTATION_CONTEXT('2D SPACE',''
  ) );
#7677 = ORIENTED_EDGE('',*,*,#7678,.T.);
#7678 = EDGE_CURVE('',#7651,#7679,#7681,.T.);
#7679 = VERTEX_POINT('',#7680);
#7680 = CARTESIAN_POINT('',(-17.77999961853,15.24,-25.39999961947));
#7681 = SURFACE_CURVE('',#7682,(#7687,#7694),.PCURVE_S1.);
#7682 = CIRCLE('',#7683,7.62);
#7683 = AXIS2_PLACEMENT_3D('',#7684,#7685,#7686);
#7684 = CARTESIAN_POINT('',(-17.77999961853,15.24,-17.77999961947));
#7685 = DIRECTION('',(0.,-1.,2.22044604925E-16));
#7686 = DIRECTION('',(-0.707106781187,-1.570092458684E-16,
    -0.707106781187));
#7687 = PCURVE('',#6924,#7688);
#7688 = DEFINITIONAL_REPRESENTATION('',(#7689),#7693);
#7689 = CIRCLE('',#7690,7.62);
#7690 = AXIS2_PLACEMENT_2D('',#7691,#7692);
#7691 = CARTESIAN_POINT('',(17.779999619,-17.779999619));
#7692 = DIRECTION('',(0.707106781187,-0.707106781187));
#7693 = ( GEOMETRIC_REPRESENTATION_CONTEXT(2) 
PARAMETRIC_REPRESENTATION_CONTEXT() REPRESENTATION_CONTEXT('2D SPACE',''
  ) );
#7694 = PCURVE('',#7695,#7700);
#7695 = CYLINDRICAL_SURFACE('',#7696,7.62);
#7696 = AXIS2_PLACEMENT_3D('',#7697,#7698,#7699);
#7697 = CARTESIAN_POINT('',(-17.77999961853,21.59,-17.77999961947));
#7698 = DIRECTION('',(0.,1.,-2.22044604925E-16));
#7699 = DIRECTION('',(-0.707106781187,-1.570092458684E-16,
    -0.707106781187));
#7700 = DEFINITIONAL_REPRESENTATION('',(#7701),#7705);
#7701 = LINE('',#7702,#7703);
#7702 = CARTESIAN_POINT('',(6.28318530718,-6.35));
#7703 = VECTOR('',#7704,1.);
#7704 = DIRECTION('',(-1.,0.));
#7705 = ( GEOMETRIC_REPRESENTATION_CONTEXT(2) 
PARAMETRIC_REPRESENTATION_CONTEXT() REPRESENTATION_CONTEXT('2D SPACE',''
  ) );
#7706 = ORIENTED_EDGE('',*,*,#7707,.F.);
#7707 = EDGE_CURVE('',#7506,#7679,#7708,.T.);
#7708 = SURFACE_CURVE('',#7709,(#7713,#7720),.PCURVE_S1.);
#7709 = LINE('',#7710,#7711);
#7710 = CARTESIAN_POINT('',(4.697264799347E-10,15.24,-25.39999961947));
#7711 = VECTOR('',#7712,1.);
#7712 = DIRECTION('',(-1.,0.,0.));
#7713 = PCURVE('',#6924,#7714);
#7714 = DEFINITIONAL_REPRESENTATION('',(#7715),#7719);
#7715 = LINE('',#7716,#7717);
#7716 = CARTESIAN_POINT('',(25.399999619,0.));
#7717 = VECTOR('',#7718,1.);
#7718 = DIRECTION('',(-0.,-1.));
#7719 = ( GEOMETRIC_REPRESENTATION_CONTEXT(2) 
PARAMETRIC_REPRESENTATION_CONTEXT() REPRESENTATION_CONTEXT('2D SPACE',''
  ) );
#7720 = PCURVE('',#7721,#7726);
#7721 = PLANE('',#7722);
#7722 = AXIS2_PLACEMENT_3D('',#7723,#7724,#7725);
#7723 = CARTESIAN_POINT('',(4.697264799347E-10,21.59,-25.39999961947));
#7724 = DIRECTION('',(0.,-2.22044604925E-16,-1.));
#7725 = DIRECTION('',(0.,1.,-2.22044604925E-16));
#7726 = DEFINITIONAL_REPRESENTATION('',(#7727),#7731);
#7727 = LINE('',#7728,#7729);
#7728 = CARTESIAN_POINT('',(-6.35,0.));
#7729 = VECTOR('',#7730,1.);
#7730 = DIRECTION('',(0.,-1.));
#7731 = ( GEOMETRIC_REPRESENTATION_CONTEXT(2) 
PARAMETRIC_REPRESENTATION_CONTEXT() REPRESENTATION_CONTEXT('2D SPACE',''
  ) );
#7732 = FACE_BOUND('',#7733,.T.);
#7733 = EDGE_LOOP('',(#7734,#7735,#7736,#7737,#7738));
#7734 = ORIENTED_EDGE('',*,*,#7010,.T.);
#7735 = ORIENTED_EDGE('',*,*,#6905,.T.);
#7736 = ORIENTED_EDGE('',*,*,#7384,.F.);
#7737 = ORIENTED_EDGE('',*,*,#7433,.T.);
#7738 = ORIENTED_EDGE('',*,*,#7457,.T.);
#7739 = ADVANCED_FACE('',(#7740),#7123,.F.);
#7740 = FACE_BOUND('',#7741,.T.);
#7741 = EDGE_LOOP('',(#7742,#7765,#7793,#7814));
#7742 = ORIENTED_EDGE('',*,*,#7743,.F.);
#7743 = EDGE_CURVE('',#7744,#7106,#7746,.T.);
#7744 = VERTEX_POINT('',#7745);
#7745 = CARTESIAN_POINT('',(22.860000729561,-5.08,15.240000729561));
#7746 = SURFACE_CURVE('',#7747,(#7751,#7758),.PCURVE_S1.);
#7747 = LINE('',#7748,#7749);
#7748 = CARTESIAN_POINT('',(22.860000729561,-15.24,15.240000729561));
#7749 = VECTOR('',#7750,1.);
#7750 = DIRECTION('',(0.,-1.,-4.370956789863E-16));
#7751 = PCURVE('',#7123,#7752);
#7752 = DEFINITIONAL_REPRESENTATION('',(#7753),#7757);
#7753 = LINE('',#7754,#7755);
#7754 = CARTESIAN_POINT('',(7.62,-1.691979889529E-15));
#7755 = VECTOR('',#7756,1.);
#7756 = DIRECTION('',(2.150510740613E-16,-1.));
#7757 = ( GEOMETRIC_REPRESENTATION_CONTEXT(2) 
PARAMETRIC_REPRESENTATION_CONTEXT() REPRESENTATION_CONTEXT('2D SPACE',''
  ) );
#7758 = PCURVE('',#7321,#7759);
#7759 = DEFINITIONAL_REPRESENTATION('',(#7760),#7764);
#7760 = LINE('',#7761,#7762);
#7761 = CARTESIAN_POINT('',(7.068583470577,0.));
#7762 = VECTOR('',#7763,1.);
#7763 = DIRECTION('',(0.,-1.));
#7764 = ( GEOMETRIC_REPRESENTATION_CONTEXT(2) 
PARAMETRIC_REPRESENTATION_CONTEXT() REPRESENTATION_CONTEXT('2D SPACE',''
  ) );
#7765 = ORIENTED_EDGE('',*,*,#7766,.T.);
#7766 = EDGE_CURVE('',#7744,#7767,#7769,.T.);
#7767 = VERTEX_POINT('',#7768);
#7768 = CARTESIAN_POINT('',(22.860000729561,-5.08,-15.24000072956));
#7769 = SURFACE_CURVE('',#7770,(#7774,#7781),.PCURVE_S1.);
#7770 = LINE('',#7771,#7772);
#7771 = CARTESIAN_POINT('',(22.860000729561,-5.08,22.860000729561));
#7772 = VECTOR('',#7773,1.);
#7773 = DIRECTION('',(0.,2.22044604925E-16,-1.));
#7774 = PCURVE('',#7123,#7775);
#7775 = DEFINITIONAL_REPRESENTATION('',(#7776),#7780);
#7776 = LINE('',#7777,#7778);
#7777 = CARTESIAN_POINT('',(-1.007727234992E-13,10.16));
#7778 = VECTOR('',#7779,1.);
#7779 = DIRECTION('',(1.,-2.465190328816E-32));
#7780 = ( GEOMETRIC_REPRESENTATION_CONTEXT(2) 
PARAMETRIC_REPRESENTATION_CONTEXT() REPRESENTATION_CONTEXT('2D SPACE',''
  ) );
#7781 = PCURVE('',#7782,#7787);
#7782 = PLANE('',#7783);
#7783 = AXIS2_PLACEMENT_3D('',#7784,#7785,#7786);
#7784 = CARTESIAN_POINT('',(0.,-5.08,-2.958228394579E-30));
#7785 = DIRECTION('',(0.,1.,4.370956789863E-16));
#7786 = DIRECTION('',(0.,-4.370956789863E-16,1.));
#7787 = DEFINITIONAL_REPRESENTATION('',(#7788),#7792);
#7788 = LINE('',#7789,#7790);
#7789 = CARTESIAN_POINT('',(22.860000729561,22.860000729561));
#7790 = VECTOR('',#7791,1.);
#7791 = DIRECTION('',(-1.,0.));
#7792 = ( GEOMETRIC_REPRESENTATION_CONTEXT(2) 
PARAMETRIC_REPRESENTATION_CONTEXT() REPRESENTATION_CONTEXT('2D SPACE',''
  ) );
#7793 = ORIENTED_EDGE('',*,*,#7794,.F.);
#7794 = EDGE_CURVE('',#7108,#7767,#7795,.T.);
#7795 = SURFACE_CURVE('',#7796,(#7800,#7807),.PCURVE_S1.);
#7796 = LINE('',#7797,#7798);
#7797 = CARTESIAN_POINT('',(22.860000729561,-15.24,-15.24000072956));
#7798 = VECTOR('',#7799,1.);
#7799 = DIRECTION('',(0.,1.,4.370956789863E-16));
#7800 = PCURVE('',#7123,#7801);
#7801 = DEFINITIONAL_REPRESENTATION('',(#7802),#7806);
#7802 = LINE('',#7803,#7804);
#7803 = CARTESIAN_POINT('',(38.100001459122,-8.459899771634E-15));
#7804 = VECTOR('',#7805,1.);
#7805 = DIRECTION('',(-2.150510740613E-16,1.));
#7806 = ( GEOMETRIC_REPRESENTATION_CONTEXT(2) 
PARAMETRIC_REPRESENTATION_CONTEXT() REPRESENTATION_CONTEXT('2D SPACE',''
  ) );
#7807 = PCURVE('',#7152,#7808);
#7808 = DEFINITIONAL_REPRESENTATION('',(#7809),#7813);
#7809 = LINE('',#7810,#7811);
#7810 = CARTESIAN_POINT('',(5.497787143782,0.));
#7811 = VECTOR('',#7812,1.);
#7812 = DIRECTION('',(8.741913579726E-17,1.));
#7813 = ( GEOMETRIC_REPRESENTATION_CONTEXT(2) 
PARAMETRIC_REPRESENTATION_CONTEXT() REPRESENTATION_CONTEXT('2D SPACE',''
  ) );
#7814 = ORIENTED_EDGE('',*,*,#7105,.F.);
#7815 = ADVANCED_FACE('',(#7816),#7152,.F.);
#7816 = FACE_BOUND('',#7817,.F.);
#7817 = EDGE_LOOP('',(#7818,#7819,#7820,#7843));
#7818 = ORIENTED_EDGE('',*,*,#7794,.F.);
#7819 = ORIENTED_EDGE('',*,*,#7135,.F.);
#7820 = ORIENTED_EDGE('',*,*,#7821,.F.);
#7821 = EDGE_CURVE('',#7822,#7136,#7824,.T.);
#7822 = VERTEX_POINT('',#7823);
#7823 = CARTESIAN_POINT('',(15.240000729561,-5.08,-22.86000072956));
#7824 = SURFACE_CURVE('',#7825,(#7829,#7836),.PCURVE_S1.);
#7825 = LINE('',#7826,#7827);
#7826 = CARTESIAN_POINT('',(15.240000729561,-15.24,-22.86000072956));
#7827 = VECTOR('',#7828,1.);
#7828 = DIRECTION('',(0.,-1.,-4.370956789863E-16));
#7829 = PCURVE('',#7152,#7830);
#7830 = DEFINITIONAL_REPRESENTATION('',(#7831),#7835);
#7831 = LINE('',#7832,#7833);
#7832 = CARTESIAN_POINT('',(7.068583470577,-3.552713678801E-15));
#7833 = VECTOR('',#7834,1.);
#7834 = DIRECTION('',(0.,-1.));
#7835 = ( GEOMETRIC_REPRESENTATION_CONTEXT(2) 
PARAMETRIC_REPRESENTATION_CONTEXT() REPRESENTATION_CONTEXT('2D SPACE',''
  ) );
#7836 = PCURVE('',#7180,#7837);
#7837 = DEFINITIONAL_REPRESENTATION('',(#7838),#7842);
#7838 = LINE('',#7839,#7840);
#7839 = CARTESIAN_POINT('',(7.62,0.));
#7840 = VECTOR('',#7841,1.);
#7841 = DIRECTION('',(-0.,-1.));
#7842 = ( GEOMETRIC_REPRESENTATION_CONTEXT(2) 
PARAMETRIC_REPRESENTATION_CONTEXT() REPRESENTATION_CONTEXT('2D SPACE',''
  ) );
#7843 = ORIENTED_EDGE('',*,*,#7844,.T.);
#7844 = EDGE_CURVE('',#7822,#7767,#7845,.T.);
#7845 = SURFACE_CURVE('',#7846,(#7851,#7858),.PCURVE_S1.);
#7846 = CIRCLE('',#7847,7.62);
#7847 = AXIS2_PLACEMENT_3D('',#7848,#7849,#7850);
#7848 = CARTESIAN_POINT('',(15.240000729561,-5.08,-15.24000072956));
#7849 = DIRECTION('',(0.,-1.,-4.370956789863E-16));
#7850 = DIRECTION('',(0.707106781187,3.090733186385E-16,-0.707106781187)
  );
#7851 = PCURVE('',#7152,#7852);
#7852 = DEFINITIONAL_REPRESENTATION('',(#7853),#7857);
#7853 = LINE('',#7854,#7855);
#7854 = CARTESIAN_POINT('',(12.566370614359,10.16));
#7855 = VECTOR('',#7856,1.);
#7856 = DIRECTION('',(-1.,0.));
#7857 = ( GEOMETRIC_REPRESENTATION_CONTEXT(2) 
PARAMETRIC_REPRESENTATION_CONTEXT() REPRESENTATION_CONTEXT('2D SPACE',''
  ) );
#7858 = PCURVE('',#7782,#7859);
#7859 = DEFINITIONAL_REPRESENTATION('',(#7860),#7868);
#7860 = ( BOUNDED_CURVE() B_SPLINE_CURVE(2,(#7861,#7862,#7863,#7864,
#7865,#7866,#7867),.UNSPECIFIED.,.T.,.F.) B_SPLINE_CURVE_WITH_KNOTS((1,2
    ,2,2,2,1),(-2.094395102393,0.,2.094395102393,4.188790204786,
6.28318530718,8.377580409573),.UNSPECIFIED.) CURVE() 
GEOMETRIC_REPRESENTATION_ITEM() RATIONAL_B_SPLINE_CURVE((1.,0.5,1.,0.5,
1.,0.5,1.)) REPRESENTATION_ITEM('') );
#7861 = CARTESIAN_POINT('',(-20.6281544022,20.628154402202));
#7862 = CARTESIAN_POINT('',(-11.29559848219,29.960710322206));
#7863 = CARTESIAN_POINT('',(-7.879645933238,17.212201853242));
#7864 = CARTESIAN_POINT('',(-4.463693384278,4.463693384278));
#7865 = CARTESIAN_POINT('',(-17.21220185324,7.879645933238));
#7866 = CARTESIAN_POINT('',(-29.9607103222,11.295598482198));
#7867 = CARTESIAN_POINT('',(-20.6281544022,20.628154402202));
#7868 = ( GEOMETRIC_REPRESENTATION_CONTEXT(2) 
PARAMETRIC_REPRESENTATION_CONTEXT() REPRESENTATION_CONTEXT('2D SPACE',''
  ) );
#7869 = ADVANCED_FACE('',(#7870),#7180,.F.);
#7870 = FACE_BOUND('',#7871,.T.);
#7871 = EDGE_LOOP('',(#7872,#7895,#7896,#7897));
#7872 = ORIENTED_EDGE('',*,*,#7873,.F.);
#7873 = EDGE_CURVE('',#7165,#7874,#7876,.T.);
#7874 = VERTEX_POINT('',#7875);
#7875 = CARTESIAN_POINT('',(-15.24000072956,-5.08,-22.86000072956));
#7876 = SURFACE_CURVE('',#7877,(#7881,#7888),.PCURVE_S1.);
#7877 = LINE('',#7878,#7879);
#7878 = CARTESIAN_POINT('',(-15.24000072956,-15.24,-22.86000072956));
#7879 = VECTOR('',#7880,1.);
#7880 = DIRECTION('',(0.,1.,4.370956789863E-16));
#7881 = PCURVE('',#7180,#7882);
#7882 = DEFINITIONAL_REPRESENTATION('',(#7883),#7887);
#7883 = LINE('',#7884,#7885);
#7884 = CARTESIAN_POINT('',(38.100001459122,0.));
#7885 = VECTOR('',#7886,1.);
#7886 = DIRECTION('',(0.,1.));
#7887 = ( GEOMETRIC_REPRESENTATION_CONTEXT(2) 
PARAMETRIC_REPRESENTATION_CONTEXT() REPRESENTATION_CONTEXT('2D SPACE',''
  ) );
#7888 = PCURVE('',#7209,#7889);
#7889 = DEFINITIONAL_REPRESENTATION('',(#7890),#7894);
#7890 = LINE('',#7891,#7892);
#7891 = CARTESIAN_POINT('',(5.497787143782,-3.552713678801E-15));
#7892 = VECTOR('',#7893,1.);
#7893 = DIRECTION('',(0.,1.));
#7894 = ( GEOMETRIC_REPRESENTATION_CONTEXT(2) 
PARAMETRIC_REPRESENTATION_CONTEXT() REPRESENTATION_CONTEXT('2D SPACE',''
  ) );
#7895 = ORIENTED_EDGE('',*,*,#7164,.F.);
#7896 = ORIENTED_EDGE('',*,*,#7821,.F.);
#7897 = ORIENTED_EDGE('',*,*,#7898,.T.);
#7898 = EDGE_CURVE('',#7822,#7874,#7899,.T.);
#7899 = SURFACE_CURVE('',#7900,(#7904,#7911),.PCURVE_S1.);
#7900 = LINE('',#7901,#7902);
#7901 = CARTESIAN_POINT('',(22.860000729561,-5.08,-22.86000072956));
#7902 = VECTOR('',#7903,1.);
#7903 = DIRECTION('',(-1.,0.,0.));
#7904 = PCURVE('',#7180,#7905);
#7905 = DEFINITIONAL_REPRESENTATION('',(#7906),#7910);
#7906 = LINE('',#7907,#7908);
#7907 = CARTESIAN_POINT('',(0.,10.16));
#7908 = VECTOR('',#7909,1.);
#7909 = DIRECTION('',(1.,0.));
#7910 = ( GEOMETRIC_REPRESENTATION_CONTEXT(2) 
PARAMETRIC_REPRESENTATION_CONTEXT() REPRESENTATION_CONTEXT('2D SPACE',''
  ) );
#7911 = PCURVE('',#7782,#7912);
#7912 = DEFINITIONAL_REPRESENTATION('',(#7913),#7917);
#7913 = LINE('',#7914,#7915);
#7914 = CARTESIAN_POINT('',(-22.86000072956,22.860000729561));
#7915 = VECTOR('',#7916,1.);
#7916 = DIRECTION('',(0.,-1.));
#7917 = ( GEOMETRIC_REPRESENTATION_CONTEXT(2) 
PARAMETRIC_REPRESENTATION_CONTEXT() REPRESENTATION_CONTEXT('2D SPACE',''
  ) );
#7918 = ADVANCED_FACE('',(#7919),#7209,.F.);
#7919 = FACE_BOUND('',#7920,.F.);
#7920 = EDGE_LOOP('',(#7921,#7922,#7923,#7946));
#7921 = ORIENTED_EDGE('',*,*,#7873,.F.);
#7922 = ORIENTED_EDGE('',*,*,#7192,.F.);
#7923 = ORIENTED_EDGE('',*,*,#7924,.F.);
#7924 = EDGE_CURVE('',#7925,#7193,#7927,.T.);
#7925 = VERTEX_POINT('',#7926);
#7926 = CARTESIAN_POINT('',(-22.86000072956,-5.08,-15.24000072956));
#7927 = SURFACE_CURVE('',#7928,(#7932,#7939),.PCURVE_S1.);
#7928 = LINE('',#7929,#7930);
#7929 = CARTESIAN_POINT('',(-22.86000072956,-15.24,-15.24000072956));
#7930 = VECTOR('',#7931,1.);
#7931 = DIRECTION('',(0.,-1.,-4.370956789863E-16));
#7932 = PCURVE('',#7209,#7933);
#7933 = DEFINITIONAL_REPRESENTATION('',(#7934),#7938);
#7934 = LINE('',#7935,#7936);
#7935 = CARTESIAN_POINT('',(7.068583470577,0.));
#7936 = VECTOR('',#7937,1.);
#7937 = DIRECTION('',(8.741913579726E-17,-1.));
#7938 = ( GEOMETRIC_REPRESENTATION_CONTEXT(2) 
PARAMETRIC_REPRESENTATION_CONTEXT() REPRESENTATION_CONTEXT('2D SPACE',''
  ) );
#7939 = PCURVE('',#7237,#7940);
#7940 = DEFINITIONAL_REPRESENTATION('',(#7941),#7945);
#7941 = LINE('',#7942,#7943);
#7942 = CARTESIAN_POINT('',(7.62,1.691979889529E-15));
#7943 = VECTOR('',#7944,1.);
#7944 = DIRECTION('',(-2.150510740613E-16,-1.));
#7945 = ( GEOMETRIC_REPRESENTATION_CONTEXT(2) 
PARAMETRIC_REPRESENTATION_CONTEXT() REPRESENTATION_CONTEXT('2D SPACE',''
  ) );
#7946 = ORIENTED_EDGE('',*,*,#7947,.T.);
#7947 = EDGE_CURVE('',#7925,#7874,#7948,.T.);
#7948 = SURFACE_CURVE('',#7949,(#7954,#7961),.PCURVE_S1.);
#7949 = CIRCLE('',#7950,7.62);
#7950 = AXIS2_PLACEMENT_3D('',#7951,#7952,#7953);
#7951 = CARTESIAN_POINT('',(-15.24000072956,-5.08,-15.24000072956));
#7952 = DIRECTION('',(0.,-1.,-4.370956789863E-16));
#7953 = DIRECTION('',(-0.707106781187,3.090733186385E-16,-0.707106781187
    ));
#7954 = PCURVE('',#7209,#7955);
#7955 = DEFINITIONAL_REPRESENTATION('',(#7956),#7960);
#7956 = LINE('',#7957,#7958);
#7957 = CARTESIAN_POINT('',(12.566370614359,10.16));
#7958 = VECTOR('',#7959,1.);
#7959 = DIRECTION('',(-1.,0.));
#7960 = ( GEOMETRIC_REPRESENTATION_CONTEXT(2) 
PARAMETRIC_REPRESENTATION_CONTEXT() REPRESENTATION_CONTEXT('2D SPACE',''
  ) );
#7961 = PCURVE('',#7782,#7962);
#7962 = DEFINITIONAL_REPRESENTATION('',(#7963),#7971);
#7963 = ( BOUNDED_CURVE() B_SPLINE_CURVE(2,(#7964,#7965,#7966,#7967,
#7968,#7969,#7970),.UNSPECIFIED.,.T.,.F.) B_SPLINE_CURVE_WITH_KNOTS((1,2
    ,2,2,2,1),(-2.094395102393,0.,2.094395102393,4.188790204786,
6.28318530718,8.377580409573),.UNSPECIFIED.) CURVE() 
GEOMETRIC_REPRESENTATION_ITEM() RATIONAL_B_SPLINE_CURVE((1.,0.5,1.,0.5,
1.,0.5,1.)) REPRESENTATION_ITEM('') );
#7964 = CARTESIAN_POINT('',(-20.6281544022,-20.6281544022));
#7965 = CARTESIAN_POINT('',(-29.9607103222,-11.29559848219));
#7966 = CARTESIAN_POINT('',(-17.21220185324,-7.879645933238));
#7967 = CARTESIAN_POINT('',(-4.463693384278,-4.463693384278));
#7968 = CARTESIAN_POINT('',(-7.879645933238,-17.21220185324));
#7969 = CARTESIAN_POINT('',(-11.29559848219,-29.9607103222));
#7970 = CARTESIAN_POINT('',(-20.6281544022,-20.6281544022));
#7971 = ( GEOMETRIC_REPRESENTATION_CONTEXT(2) 
PARAMETRIC_REPRESENTATION_CONTEXT() REPRESENTATION_CONTEXT('2D SPACE',''
  ) );
#7972 = ADVANCED_FACE('',(#7973),#7237,.F.);
#7973 = FACE_BOUND('',#7974,.T.);
#7974 = EDGE_LOOP('',(#7975,#7976,#7999,#8020));
#7975 = ORIENTED_EDGE('',*,*,#7924,.F.);
#7976 = ORIENTED_EDGE('',*,*,#7977,.T.);
#7977 = EDGE_CURVE('',#7925,#7978,#7980,.T.);
#7978 = VERTEX_POINT('',#7979);
#7979 = CARTESIAN_POINT('',(-22.86000072956,-5.08,15.240000729561));
#7980 = SURFACE_CURVE('',#7981,(#7985,#7992),.PCURVE_S1.);
#7981 = LINE('',#7982,#7983);
#7982 = CARTESIAN_POINT('',(-22.86000072956,-5.08,-22.86000072956));
#7983 = VECTOR('',#7984,1.);
#7984 = DIRECTION('',(0.,-2.22044604925E-16,1.));
#7985 = PCURVE('',#7237,#7986);
#7986 = DEFINITIONAL_REPRESENTATION('',(#7987),#7991);
#7987 = LINE('',#7988,#7989);
#7988 = CARTESIAN_POINT('',(1.007727234992E-13,10.16));
#7989 = VECTOR('',#7990,1.);
#7990 = DIRECTION('',(1.,2.465190328816E-32));
#7991 = ( GEOMETRIC_REPRESENTATION_CONTEXT(2) 
PARAMETRIC_REPRESENTATION_CONTEXT() REPRESENTATION_CONTEXT('2D SPACE',''
  ) );
#7992 = PCURVE('',#7782,#7993);
#7993 = DEFINITIONAL_REPRESENTATION('',(#7994),#7998);
#7994 = LINE('',#7995,#7996);
#7995 = CARTESIAN_POINT('',(-22.86000072956,-22.86000072956));
#7996 = VECTOR('',#7997,1.);
#7997 = DIRECTION('',(1.,0.));
#7998 = ( GEOMETRIC_REPRESENTATION_CONTEXT(2) 
PARAMETRIC_REPRESENTATION_CONTEXT() REPRESENTATION_CONTEXT('2D SPACE',''
  ) );
#7999 = ORIENTED_EDGE('',*,*,#8000,.F.);
#8000 = EDGE_CURVE('',#7222,#7978,#8001,.T.);
#8001 = SURFACE_CURVE('',#8002,(#8006,#8013),.PCURVE_S1.);
#8002 = LINE('',#8003,#8004);
#8003 = CARTESIAN_POINT('',(-22.86000072956,-15.24,15.240000729561));
#8004 = VECTOR('',#8005,1.);
#8005 = DIRECTION('',(0.,1.,4.370956789863E-16));
#8006 = PCURVE('',#7237,#8007);
#8007 = DEFINITIONAL_REPRESENTATION('',(#8008),#8012);
#8008 = LINE('',#8009,#8010);
#8009 = CARTESIAN_POINT('',(38.100001459122,8.459899771634E-15));
#8010 = VECTOR('',#8011,1.);
#8011 = DIRECTION('',(2.150510740613E-16,1.));
#8012 = ( GEOMETRIC_REPRESENTATION_CONTEXT(2) 
PARAMETRIC_REPRESENTATION_CONTEXT() REPRESENTATION_CONTEXT('2D SPACE',''
  ) );
#8013 = PCURVE('',#7266,#8014);
#8014 = DEFINITIONAL_REPRESENTATION('',(#8015),#8019);
#8015 = LINE('',#8016,#8017);
#8016 = CARTESIAN_POINT('',(5.497787143782,0.));
#8017 = VECTOR('',#8018,1.);
#8018 = DIRECTION('',(0.,1.));
#8019 = ( GEOMETRIC_REPRESENTATION_CONTEXT(2) 
PARAMETRIC_REPRESENTATION_CONTEXT() REPRESENTATION_CONTEXT('2D SPACE',''
  ) );
#8020 = ORIENTED_EDGE('',*,*,#7221,.F.);
#8021 = ADVANCED_FACE('',(#8022),#7266,.F.);
#8022 = FACE_BOUND('',#8023,.F.);
#8023 = EDGE_LOOP('',(#8024,#8025,#8026,#8049));
#8024 = ORIENTED_EDGE('',*,*,#8000,.F.);
#8025 = ORIENTED_EDGE('',*,*,#7249,.F.);
#8026 = ORIENTED_EDGE('',*,*,#8027,.F.);
#8027 = EDGE_CURVE('',#8028,#7250,#8030,.T.);
#8028 = VERTEX_POINT('',#8029);
#8029 = CARTESIAN_POINT('',(-15.24000072956,-5.08,22.860000729561));
#8030 = SURFACE_CURVE('',#8031,(#8035,#8042),.PCURVE_S1.);
#8031 = LINE('',#8032,#8033);
#8032 = CARTESIAN_POINT('',(-15.24000072956,-15.24,22.860000729561));
#8033 = VECTOR('',#8034,1.);
#8034 = DIRECTION('',(0.,-1.,-4.370956789863E-16));
#8035 = PCURVE('',#7266,#8036);
#8036 = DEFINITIONAL_REPRESENTATION('',(#8037),#8041);
#8037 = LINE('',#8038,#8039);
#8038 = CARTESIAN_POINT('',(7.068583470577,3.552713678801E-15));
#8039 = VECTOR('',#8040,1.);
#8040 = DIRECTION('',(0.,-1.));
#8041 = ( GEOMETRIC_REPRESENTATION_CONTEXT(2) 
PARAMETRIC_REPRESENTATION_CONTEXT() REPRESENTATION_CONTEXT('2D SPACE',''
  ) );
#8042 = PCURVE('',#7294,#8043);
#8043 = DEFINITIONAL_REPRESENTATION('',(#8044),#8048);
#8044 = LINE('',#8045,#8046);
#8045 = CARTESIAN_POINT('',(7.62,0.));
#8046 = VECTOR('',#8047,1.);
#8047 = DIRECTION('',(0.,-1.));
#8048 = ( GEOMETRIC_REPRESENTATION_CONTEXT(2) 
PARAMETRIC_REPRESENTATION_CONTEXT() REPRESENTATION_CONTEXT('2D SPACE',''
  ) );
#8049 = ORIENTED_EDGE('',*,*,#8050,.T.);
#8050 = EDGE_CURVE('',#8028,#7978,#8051,.T.);
#8051 = SURFACE_CURVE('',#8052,(#8057,#8064),.PCURVE_S1.);
#8052 = CIRCLE('',#8053,7.62);
#8053 = AXIS2_PLACEMENT_3D('',#8054,#8055,#8056);
#8054 = CARTESIAN_POINT('',(-15.24000072956,-5.08,15.240000729561));
#8055 = DIRECTION('',(0.,-1.,-4.370956789863E-16));
#8056 = DIRECTION('',(-0.707106781187,-3.090733186385E-16,0.707106781187
    ));
#8057 = PCURVE('',#7266,#8058);
#8058 = DEFINITIONAL_REPRESENTATION('',(#8059),#8063);
#8059 = LINE('',#8060,#8061);
#8060 = CARTESIAN_POINT('',(12.566370614359,10.16));
#8061 = VECTOR('',#8062,1.);
#8062 = DIRECTION('',(-1.,0.));
#8063 = ( GEOMETRIC_REPRESENTATION_CONTEXT(2) 
PARAMETRIC_REPRESENTATION_CONTEXT() REPRESENTATION_CONTEXT('2D SPACE',''
  ) );
#8064 = PCURVE('',#7782,#8065);
#8065 = DEFINITIONAL_REPRESENTATION('',(#8066),#8074);
#8066 = ( BOUNDED_CURVE() B_SPLINE_CURVE(2,(#8067,#8068,#8069,#8070,
#8071,#8072,#8073),.UNSPECIFIED.,.T.,.F.) B_SPLINE_CURVE_WITH_KNOTS((1,2
    ,2,2,2,1),(-2.094395102393,0.,2.094395102393,4.188790204786,
6.28318530718,8.377580409573),.UNSPECIFIED.) CURVE() 
GEOMETRIC_REPRESENTATION_ITEM() RATIONAL_B_SPLINE_CURVE((1.,0.5,1.,0.5,
1.,0.5,1.)) REPRESENTATION_ITEM('') );
#8067 = CARTESIAN_POINT('',(20.628154402202,-20.6281544022));
#8068 = CARTESIAN_POINT('',(11.295598482198,-29.9607103222));
#8069 = CARTESIAN_POINT('',(7.879645933238,-17.21220185324));
#8070 = CARTESIAN_POINT('',(4.463693384278,-4.463693384278));
#8071 = CARTESIAN_POINT('',(17.212201853242,-7.879645933238));
#8072 = CARTESIAN_POINT('',(29.960710322206,-11.29559848219));
#8073 = CARTESIAN_POINT('',(20.628154402202,-20.6281544022));
#8074 = ( GEOMETRIC_REPRESENTATION_CONTEXT(2) 
PARAMETRIC_REPRESENTATION_CONTEXT() REPRESENTATION_CONTEXT('2D SPACE',''
  ) );
#8075 = ADVANCED_FACE('',(#8076),#7294,.F.);
#8076 = FACE_BOUND('',#8077,.T.);
#8077 = EDGE_LOOP('',(#8078,#8079,#8102,#8123));
#8078 = ORIENTED_EDGE('',*,*,#8027,.F.);
#8079 = ORIENTED_EDGE('',*,*,#8080,.T.);
#8080 = EDGE_CURVE('',#8028,#8081,#8083,.T.);
#8081 = VERTEX_POINT('',#8082);
#8082 = CARTESIAN_POINT('',(15.240000729561,-5.08,22.860000729561));
#8083 = SURFACE_CURVE('',#8084,(#8088,#8095),.PCURVE_S1.);
#8084 = LINE('',#8085,#8086);
#8085 = CARTESIAN_POINT('',(-22.86000072956,-5.08,22.860000729561));
#8086 = VECTOR('',#8087,1.);
#8087 = DIRECTION('',(1.,0.,0.));
#8088 = PCURVE('',#7294,#8089);
#8089 = DEFINITIONAL_REPRESENTATION('',(#8090),#8094);
#8090 = LINE('',#8091,#8092);
#8091 = CARTESIAN_POINT('',(0.,10.16));
#8092 = VECTOR('',#8093,1.);
#8093 = DIRECTION('',(1.,0.));
#8094 = ( GEOMETRIC_REPRESENTATION_CONTEXT(2) 
PARAMETRIC_REPRESENTATION_CONTEXT() REPRESENTATION_CONTEXT('2D SPACE',''
  ) );
#8095 = PCURVE('',#7782,#8096);
#8096 = DEFINITIONAL_REPRESENTATION('',(#8097),#8101);
#8097 = LINE('',#8098,#8099);
#8098 = CARTESIAN_POINT('',(22.860000729561,-22.86000072956));
#8099 = VECTOR('',#8100,1.);
#8100 = DIRECTION('',(0.,1.));
#8101 = ( GEOMETRIC_REPRESENTATION_CONTEXT(2) 
PARAMETRIC_REPRESENTATION_CONTEXT() REPRESENTATION_CONTEXT('2D SPACE',''
  ) );
#8102 = ORIENTED_EDGE('',*,*,#8103,.F.);
#8103 = EDGE_CURVE('',#7279,#8081,#8104,.T.);
#8104 = SURFACE_CURVE('',#8105,(#8109,#8116),.PCURVE_S1.);
#8105 = LINE('',#8106,#8107);
#8106 = CARTESIAN_POINT('',(15.240000729561,-15.24,22.860000729561));
#8107 = VECTOR('',#8108,1.);
#8108 = DIRECTION('',(0.,1.,4.370956789863E-16));
#8109 = PCURVE('',#7294,#8110);
#8110 = DEFINITIONAL_REPRESENTATION('',(#8111),#8115);
#8111 = LINE('',#8112,#8113);
#8112 = CARTESIAN_POINT('',(38.100001459122,0.));
#8113 = VECTOR('',#8114,1.);
#8114 = DIRECTION('',(0.,1.));
#8115 = ( GEOMETRIC_REPRESENTATION_CONTEXT(2) 
PARAMETRIC_REPRESENTATION_CONTEXT() REPRESENTATION_CONTEXT('2D SPACE',''
  ) );
#8116 = PCURVE('',#7321,#8117);
#8117 = DEFINITIONAL_REPRESENTATION('',(#8118),#8122);
#8118 = LINE('',#8119,#8120);
#8119 = CARTESIAN_POINT('',(5.497787143782,3.552713678801E-15));
#8120 = VECTOR('',#8121,1.);
#8121 = DIRECTION('',(0.,1.));
#8122 = ( GEOMETRIC_REPRESENTATION_CONTEXT(2) 
PARAMETRIC_REPRESENTATION_CONTEXT() REPRESENTATION_CONTEXT('2D SPACE',''
  ) );
#8123 = ORIENTED_EDGE('',*,*,#7278,.F.);
#8124 = ADVANCED_FACE('',(#8125),#7321,.F.);
#8125 = FACE_BOUND('',#8126,.F.);
#8126 = EDGE_LOOP('',(#8127,#8128,#8129,#8130));
#8127 = ORIENTED_EDGE('',*,*,#8103,.F.);
#8128 = ORIENTED_EDGE('',*,*,#7306,.F.);
#8129 = ORIENTED_EDGE('',*,*,#7743,.F.);
#8130 = ORIENTED_EDGE('',*,*,#8131,.T.);
#8131 = EDGE_CURVE('',#7744,#8081,#8132,.T.);
#8132 = SURFACE_CURVE('',#8133,(#8138,#8145),.PCURVE_S1.);
#8133 = CIRCLE('',#8134,7.62);
#8134 = AXIS2_PLACEMENT_3D('',#8135,#8136,#8137);
#8135 = CARTESIAN_POINT('',(15.240000729561,-5.08,15.240000729561));
#8136 = DIRECTION('',(0.,-1.,-4.370956789863E-16));
#8137 = DIRECTION('',(0.707106781187,-3.090733186385E-16,0.707106781187)
  );
#8138 = PCURVE('',#7321,#8139);
#8139 = DEFINITIONAL_REPRESENTATION('',(#8140),#8144);
#8140 = LINE('',#8141,#8142);
#8141 = CARTESIAN_POINT('',(12.566370614359,10.16));
#8142 = VECTOR('',#8143,1.);
#8143 = DIRECTION('',(-1.,0.));
#8144 = ( GEOMETRIC_REPRESENTATION_CONTEXT(2) 
PARAMETRIC_REPRESENTATION_CONTEXT() REPRESENTATION_CONTEXT('2D SPACE',''
  ) );
#8145 = PCURVE('',#7782,#8146);
#8146 = DEFINITIONAL_REPRESENTATION('',(#8147),#8155);
#8147 = ( BOUNDED_CURVE() B_SPLINE_CURVE(2,(#8148,#8149,#8150,#8151,
#8152,#8153,#8154),.UNSPECIFIED.,.T.,.F.) B_SPLINE_CURVE_WITH_KNOTS((1,2
    ,2,2,2,1),(-2.094395102393,0.,2.094395102393,4.188790204786,
6.28318530718,8.377580409573),.UNSPECIFIED.) CURVE() 
GEOMETRIC_REPRESENTATION_ITEM() RATIONAL_B_SPLINE_CURVE((1.,0.5,1.,0.5,
1.,0.5,1.)) REPRESENTATION_ITEM('') );
#8148 = CARTESIAN_POINT('',(20.628154402202,20.628154402202));
#8149 = CARTESIAN_POINT('',(29.960710322206,11.295598482198));
#8150 = CARTESIAN_POINT('',(17.212201853242,7.879645933238));
#8151 = CARTESIAN_POINT('',(4.463693384278,4.463693384278));
#8152 = CARTESIAN_POINT('',(7.879645933238,17.212201853242));
#8153 = CARTESIAN_POINT('',(11.295598482198,29.960710322206));
#8154 = CARTESIAN_POINT('',(20.628154402202,20.628154402202));
#8155 = ( GEOMETRIC_REPRESENTATION_CONTEXT(2) 
PARAMETRIC_REPRESENTATION_CONTEXT() REPRESENTATION_CONTEXT('2D SPACE',''
  ) );
#8156 = ADVANCED_FACE('',(#8157),#7524,.T.);
#8157 = FACE_BOUND('',#8158,.T.);
#8158 = EDGE_LOOP('',(#8159,#8160,#8183,#8216));
#8159 = ORIENTED_EDGE('',*,*,#7505,.F.);
#8160 = ORIENTED_EDGE('',*,*,#8161,.F.);
#8161 = EDGE_CURVE('',#8162,#7506,#8164,.T.);
#8162 = VERTEX_POINT('',#8163);
#8163 = CARTESIAN_POINT('',(17.77999961947,27.94,-25.39999961947));
#8164 = SURFACE_CURVE('',#8165,(#8169,#8176),.PCURVE_S1.);
#8165 = LINE('',#8166,#8167);
#8166 = CARTESIAN_POINT('',(17.77999961947,21.59,-25.39999961947));
#8167 = VECTOR('',#8168,1.);
#8168 = DIRECTION('',(0.,-1.,2.22044604925E-16));
#8169 = PCURVE('',#7524,#8170);
#8170 = DEFINITIONAL_REPRESENTATION('',(#8171),#8175);
#8171 = LINE('',#8172,#8173);
#8172 = CARTESIAN_POINT('',(0.785398163397,3.552713678801E-15));
#8173 = VECTOR('',#8174,1.);
#8174 = DIRECTION('',(-1.748382715945E-17,-1.));
#8175 = ( GEOMETRIC_REPRESENTATION_CONTEXT(2) 
PARAMETRIC_REPRESENTATION_CONTEXT() REPRESENTATION_CONTEXT('2D SPACE',''
  ) );
#8176 = PCURVE('',#7721,#8177);
#8177 = DEFINITIONAL_REPRESENTATION('',(#8178),#8182);
#8178 = LINE('',#8179,#8180);
#8179 = CARTESIAN_POINT('',(0.,17.779999619));
#8180 = VECTOR('',#8181,1.);
#8181 = DIRECTION('',(-1.,0.));
#8182 = ( GEOMETRIC_REPRESENTATION_CONTEXT(2) 
PARAMETRIC_REPRESENTATION_CONTEXT() REPRESENTATION_CONTEXT('2D SPACE',''
  ) );
#8183 = ORIENTED_EDGE('',*,*,#8184,.F.);
#8184 = EDGE_CURVE('',#8185,#8162,#8187,.T.);
#8185 = VERTEX_POINT('',#8186);
#8186 = CARTESIAN_POINT('',(25.39999961947,27.94,-17.77999961947));
#8187 = SURFACE_CURVE('',#8188,(#8193,#8200),.PCURVE_S1.);
#8188 = CIRCLE('',#8189,7.62);
#8189 = AXIS2_PLACEMENT_3D('',#8190,#8191,#8192);
#8190 = CARTESIAN_POINT('',(17.77999961947,27.94,-17.77999961947));
#8191 = DIRECTION('',(0.,1.,-2.22044604925E-16));
#8192 = DIRECTION('',(0.707106781187,-1.570092458684E-16,-0.707106781187
    ));
#8193 = PCURVE('',#7524,#8194);
#8194 = DEFINITIONAL_REPRESENTATION('',(#8195),#8199);
#8195 = LINE('',#8196,#8197);
#8196 = CARTESIAN_POINT('',(-6.28318530718,6.35));
#8197 = VECTOR('',#8198,1.);
#8198 = DIRECTION('',(1.,2.261727773485E-15));
#8199 = ( GEOMETRIC_REPRESENTATION_CONTEXT(2) 
PARAMETRIC_REPRESENTATION_CONTEXT() REPRESENTATION_CONTEXT('2D SPACE',''
  ) );
#8200 = PCURVE('',#8201,#8206);
#8201 = PLANE('',#8202);
#8202 = AXIS2_PLACEMENT_3D('',#8203,#8204,#8205);
#8203 = CARTESIAN_POINT('',(4.697264799347E-10,27.94,-4.697278899179E-10
    ));
#8204 = DIRECTION('',(0.,-1.,2.22044604925E-16));
#8205 = DIRECTION('',(0.,-2.22044604925E-16,-1.));
#8206 = DEFINITIONAL_REPRESENTATION('',(#8207),#8215);
#8207 = ( BOUNDED_CURVE() B_SPLINE_CURVE(2,(#8208,#8209,#8210,#8211,
#8212,#8213,#8214),.UNSPECIFIED.,.T.,.F.) B_SPLINE_CURVE_WITH_KNOTS((1,2
    ,2,2,2,1),(-2.094395102393,0.,2.094395102393,4.188790204786,
6.28318530718,8.377580409573),.UNSPECIFIED.) CURVE() 
GEOMETRIC_REPRESENTATION_ITEM() RATIONAL_B_SPLINE_CURVE((1.,0.5,1.,0.5,
1.,0.5,1.)) REPRESENTATION_ITEM('') );
#8208 = CARTESIAN_POINT('',(23.168153291641,23.168153291641));
#8209 = CARTESIAN_POINT('',(32.500709211645,13.835597371638));
#8210 = CARTESIAN_POINT('',(19.752200742681,10.419644822677));
#8211 = CARTESIAN_POINT('',(7.003692273717,7.003692273717));
#8212 = CARTESIAN_POINT('',(10.419644822677,19.752200742681));
#8213 = CARTESIAN_POINT('',(13.835597371638,32.500709211645));
#8214 = CARTESIAN_POINT('',(23.168153291641,23.168153291641));
#8215 = ( GEOMETRIC_REPRESENTATION_CONTEXT(2) 
PARAMETRIC_REPRESENTATION_CONTEXT() REPRESENTATION_CONTEXT('2D SPACE',''
  ) );
#8216 = ORIENTED_EDGE('',*,*,#8217,.F.);
#8217 = EDGE_CURVE('',#7508,#8185,#8218,.T.);
#8218 = SURFACE_CURVE('',#8219,(#8223,#8230),.PCURVE_S1.);
#8219 = LINE('',#8220,#8221);
#8220 = CARTESIAN_POINT('',(25.39999961947,21.59,-17.77999961947));
#8221 = VECTOR('',#8222,1.);
#8222 = DIRECTION('',(0.,1.,-2.22044604925E-16));
#8223 = PCURVE('',#7524,#8224);
#8224 = DEFINITIONAL_REPRESENTATION('',(#8225),#8229);
#8225 = LINE('',#8226,#8227);
#8226 = CARTESIAN_POINT('',(-0.785398163397,0.));
#8227 = VECTOR('',#8228,1.);
#8228 = DIRECTION('',(0.,1.));
#8229 = ( GEOMETRIC_REPRESENTATION_CONTEXT(2) 
PARAMETRIC_REPRESENTATION_CONTEXT() REPRESENTATION_CONTEXT('2D SPACE',''
  ) );
#8230 = PCURVE('',#7552,#8231);
#8231 = DEFINITIONAL_REPRESENTATION('',(#8232),#8236);
#8232 = LINE('',#8233,#8234);
#8233 = CARTESIAN_POINT('',(-3.947952990968E-15,17.779999619));
#8234 = VECTOR('',#8235,1.);
#8235 = DIRECTION('',(-1.,-2.465190328816E-32));
#8236 = ( GEOMETRIC_REPRESENTATION_CONTEXT(2) 
PARAMETRIC_REPRESENTATION_CONTEXT() REPRESENTATION_CONTEXT('2D SPACE',''
  ) );
#8237 = ADVANCED_FACE('',(#8238),#7721,.T.);
#8238 = FACE_BOUND('',#8239,.T.);
#8239 = EDGE_LOOP('',(#8240,#8241,#8242,#8265));
#8240 = ORIENTED_EDGE('',*,*,#8161,.T.);
#8241 = ORIENTED_EDGE('',*,*,#7707,.T.);
#8242 = ORIENTED_EDGE('',*,*,#8243,.T.);
#8243 = EDGE_CURVE('',#7679,#8244,#8246,.T.);
#8244 = VERTEX_POINT('',#8245);
#8245 = CARTESIAN_POINT('',(-17.77999961853,27.94,-25.39999961947));
#8246 = SURFACE_CURVE('',#8247,(#8251,#8258),.PCURVE_S1.);
#8247 = LINE('',#8248,#8249);
#8248 = CARTESIAN_POINT('',(-17.77999961853,21.59,-25.39999961947));
#8249 = VECTOR('',#8250,1.);
#8250 = DIRECTION('',(0.,1.,-2.22044604925E-16));
#8251 = PCURVE('',#7721,#8252);
#8252 = DEFINITIONAL_REPRESENTATION('',(#8253),#8257);
#8253 = LINE('',#8254,#8255);
#8254 = CARTESIAN_POINT('',(0.,-17.779999619));
#8255 = VECTOR('',#8256,1.);
#8256 = DIRECTION('',(1.,0.));
#8257 = ( GEOMETRIC_REPRESENTATION_CONTEXT(2) 
PARAMETRIC_REPRESENTATION_CONTEXT() REPRESENTATION_CONTEXT('2D SPACE',''
  ) );
#8258 = PCURVE('',#7695,#8259);
#8259 = DEFINITIONAL_REPRESENTATION('',(#8260),#8264);
#8260 = LINE('',#8261,#8262);
#8261 = CARTESIAN_POINT('',(-0.785398163397,1.7763568394E-15));
#8262 = VECTOR('',#8263,1.);
#8263 = DIRECTION('',(0.,1.));
#8264 = ( GEOMETRIC_REPRESENTATION_CONTEXT(2) 
PARAMETRIC_REPRESENTATION_CONTEXT() REPRESENTATION_CONTEXT('2D SPACE',''
  ) );
#8265 = ORIENTED_EDGE('',*,*,#8266,.T.);
#8266 = EDGE_CURVE('',#8244,#8162,#8267,.T.);
#8267 = SURFACE_CURVE('',#8268,(#8272,#8279),.PCURVE_S1.);
#8268 = LINE('',#8269,#8270);
#8269 = CARTESIAN_POINT('',(4.697264799347E-10,27.94,-25.39999961947));
#8270 = VECTOR('',#8271,1.);
#8271 = DIRECTION('',(1.,0.,0.));
#8272 = PCURVE('',#7721,#8273);
#8273 = DEFINITIONAL_REPRESENTATION('',(#8274),#8278);
#8274 = LINE('',#8275,#8276);
#8275 = CARTESIAN_POINT('',(6.35,0.));
#8276 = VECTOR('',#8277,1.);
#8277 = DIRECTION('',(0.,1.));
#8278 = ( GEOMETRIC_REPRESENTATION_CONTEXT(2) 
PARAMETRIC_REPRESENTATION_CONTEXT() REPRESENTATION_CONTEXT('2D SPACE',''
  ) );
#8279 = PCURVE('',#8201,#8280);
#8280 = DEFINITIONAL_REPRESENTATION('',(#8281),#8285);
#8281 = LINE('',#8282,#8283);
#8282 = CARTESIAN_POINT('',(25.399999619,0.));
#8283 = VECTOR('',#8284,1.);
#8284 = DIRECTION('',(0.,1.));
#8285 = ( GEOMETRIC_REPRESENTATION_CONTEXT(2) 
PARAMETRIC_REPRESENTATION_CONTEXT() REPRESENTATION_CONTEXT('2D SPACE',''
  ) );
#8286 = ADVANCED_FACE('',(#8287),#7552,.T.);
#8287 = FACE_BOUND('',#8288,.T.);
#8288 = EDGE_LOOP('',(#8289,#8290,#8313,#8334));
#8289 = ORIENTED_EDGE('',*,*,#8217,.T.);
#8290 = ORIENTED_EDGE('',*,*,#8291,.T.);
#8291 = EDGE_CURVE('',#8185,#8292,#8294,.T.);
#8292 = VERTEX_POINT('',#8293);
#8293 = CARTESIAN_POINT('',(25.39999961947,27.94,17.77999961853));
#8294 = SURFACE_CURVE('',#8295,(#8299,#8306),.PCURVE_S1.);
#8295 = LINE('',#8296,#8297);
#8296 = CARTESIAN_POINT('',(25.39999961947,27.94,-4.697278899179E-10));
#8297 = VECTOR('',#8298,1.);
#8298 = DIRECTION('',(0.,2.22044604925E-16,1.));
#8299 = PCURVE('',#7552,#8300);
#8300 = DEFINITIONAL_REPRESENTATION('',(#8301),#8305);
#8301 = LINE('',#8302,#8303);
#8302 = CARTESIAN_POINT('',(-6.35,-1.861147700774E-25));
#8303 = VECTOR('',#8304,1.);
#8304 = DIRECTION('',(2.465190328816E-32,-1.));
#8305 = ( GEOMETRIC_REPRESENTATION_CONTEXT(2) 
PARAMETRIC_REPRESENTATION_CONTEXT() REPRESENTATION_CONTEXT('2D SPACE',''
  ) );
#8306 = PCURVE('',#8201,#8307);
#8307 = DEFINITIONAL_REPRESENTATION('',(#8308),#8312);
#8308 = LINE('',#8309,#8310);
#8309 = CARTESIAN_POINT('',(0.,25.399999619));
#8310 = VECTOR('',#8311,1.);
#8311 = DIRECTION('',(-1.,0.));
#8312 = ( GEOMETRIC_REPRESENTATION_CONTEXT(2) 
PARAMETRIC_REPRESENTATION_CONTEXT() REPRESENTATION_CONTEXT('2D SPACE',''
  ) );
#8313 = ORIENTED_EDGE('',*,*,#8314,.T.);
#8314 = EDGE_CURVE('',#8292,#7537,#8315,.T.);
#8315 = SURFACE_CURVE('',#8316,(#8320,#8327),.PCURVE_S1.);
#8316 = LINE('',#8317,#8318);
#8317 = CARTESIAN_POINT('',(25.39999961947,21.59,17.77999961853));
#8318 = VECTOR('',#8319,1.);
#8319 = DIRECTION('',(0.,-1.,2.22044604925E-16));
#8320 = PCURVE('',#7552,#8321);
#8321 = DEFINITIONAL_REPRESENTATION('',(#8322),#8326);
#8322 = LINE('',#8323,#8324);
#8323 = CARTESIAN_POINT('',(3.947952990968E-15,-17.779999619));
#8324 = VECTOR('',#8325,1.);
#8325 = DIRECTION('',(1.,2.465190328816E-32));
#8326 = ( GEOMETRIC_REPRESENTATION_CONTEXT(2) 
PARAMETRIC_REPRESENTATION_CONTEXT() REPRESENTATION_CONTEXT('2D SPACE',''
  ) );
#8327 = PCURVE('',#7581,#8328);
#8328 = DEFINITIONAL_REPRESENTATION('',(#8329),#8333);
#8329 = LINE('',#8330,#8331);
#8330 = CARTESIAN_POINT('',(0.785398163397,0.));
#8331 = VECTOR('',#8332,1.);
#8332 = DIRECTION('',(0.,-1.));
#8333 = ( GEOMETRIC_REPRESENTATION_CONTEXT(2) 
PARAMETRIC_REPRESENTATION_CONTEXT() REPRESENTATION_CONTEXT('2D SPACE',''
  ) );
#8334 = ORIENTED_EDGE('',*,*,#7536,.T.);
#8335 = ADVANCED_FACE('',(#8336),#7695,.T.);
#8336 = FACE_BOUND('',#8337,.T.);
#8337 = EDGE_LOOP('',(#8338,#8339,#8362,#8388));
#8338 = ORIENTED_EDGE('',*,*,#7678,.F.);
#8339 = ORIENTED_EDGE('',*,*,#8340,.F.);
#8340 = EDGE_CURVE('',#8341,#7651,#8343,.T.);
#8341 = VERTEX_POINT('',#8342);
#8342 = CARTESIAN_POINT('',(-25.39999961853,27.94,-17.77999961947));
#8343 = SURFACE_CURVE('',#8344,(#8348,#8355),.PCURVE_S1.);
#8344 = LINE('',#8345,#8346);
#8345 = CARTESIAN_POINT('',(-25.39999961853,21.59,-17.77999961947));
#8346 = VECTOR('',#8347,1.);
#8347 = DIRECTION('',(0.,-1.,2.22044604925E-16));
#8348 = PCURVE('',#7695,#8349);
#8349 = DEFINITIONAL_REPRESENTATION('',(#8350),#8354);
#8350 = LINE('',#8351,#8352);
#8351 = CARTESIAN_POINT('',(0.785398163397,0.));
#8352 = VECTOR('',#8353,1.);
#8353 = DIRECTION('',(0.,-1.));
#8354 = ( GEOMETRIC_REPRESENTATION_CONTEXT(2) 
PARAMETRIC_REPRESENTATION_CONTEXT() REPRESENTATION_CONTEXT('2D SPACE',''
  ) );
#8355 = PCURVE('',#7666,#8356);
#8356 = DEFINITIONAL_REPRESENTATION('',(#8357),#8361);
#8357 = LINE('',#8358,#8359);
#8358 = CARTESIAN_POINT('',(3.947952990968E-15,17.779999619));
#8359 = VECTOR('',#8360,1.);
#8360 = DIRECTION('',(-1.,2.465190328816E-32));
#8361 = ( GEOMETRIC_REPRESENTATION_CONTEXT(2) 
PARAMETRIC_REPRESENTATION_CONTEXT() REPRESENTATION_CONTEXT('2D SPACE',''
  ) );
#8362 = ORIENTED_EDGE('',*,*,#8363,.F.);
#8363 = EDGE_CURVE('',#8244,#8341,#8364,.T.);
#8364 = SURFACE_CURVE('',#8365,(#8370,#8377),.PCURVE_S1.);
#8365 = CIRCLE('',#8366,7.62);
#8366 = AXIS2_PLACEMENT_3D('',#8367,#8368,#8369);
#8367 = CARTESIAN_POINT('',(-17.77999961853,27.94,-17.77999961947));
#8368 = DIRECTION('',(0.,1.,-2.22044604925E-16));
#8369 = DIRECTION('',(-0.707106781187,-1.570092458684E-16,
    -0.707106781187));
#8370 = PCURVE('',#7695,#8371);
#8371 = DEFINITIONAL_REPRESENTATION('',(#8372),#8376);
#8372 = LINE('',#8373,#8374);
#8373 = CARTESIAN_POINT('',(-6.28318530718,6.35));
#8374 = VECTOR('',#8375,1.);
#8375 = DIRECTION('',(1.,-2.261727773485E-15));
#8376 = ( GEOMETRIC_REPRESENTATION_CONTEXT(2) 
PARAMETRIC_REPRESENTATION_CONTEXT() REPRESENTATION_CONTEXT('2D SPACE',''
  ) );
#8377 = PCURVE('',#8201,#8378);
#8378 = DEFINITIONAL_REPRESENTATION('',(#8379),#8387);
#8379 = ( BOUNDED_CURVE() B_SPLINE_CURVE(2,(#8380,#8381,#8382,#8383,
#8384,#8385,#8386),.UNSPECIFIED.,.T.,.F.) B_SPLINE_CURVE_WITH_KNOTS((1,2
    ,2,2,2,1),(-2.094395102393,0.,2.094395102393,4.188790204786,
6.28318530718,8.377580409573),.UNSPECIFIED.) CURVE() 
GEOMETRIC_REPRESENTATION_ITEM() RATIONAL_B_SPLINE_CURVE((1.,0.5,1.,0.5,
1.,0.5,1.)) REPRESENTATION_ITEM('') );
#8380 = CARTESIAN_POINT('',(23.168153291641,-23.16815329164));
#8381 = CARTESIAN_POINT('',(13.835597371638,-32.50070921164));
#8382 = CARTESIAN_POINT('',(10.419644822677,-19.75220074268));
#8383 = CARTESIAN_POINT('',(7.003692273717,-7.003692273717));
#8384 = CARTESIAN_POINT('',(19.752200742681,-10.41964482267));
#8385 = CARTESIAN_POINT('',(32.500709211645,-13.83559737163));
#8386 = CARTESIAN_POINT('',(23.168153291641,-23.16815329164));
#8387 = ( GEOMETRIC_REPRESENTATION_CONTEXT(2) 
PARAMETRIC_REPRESENTATION_CONTEXT() REPRESENTATION_CONTEXT('2D SPACE',''
  ) );
#8388 = ORIENTED_EDGE('',*,*,#8243,.F.);
#8389 = ADVANCED_FACE('',(#8390),#7581,.T.);
#8390 = FACE_BOUND('',#8391,.T.);
#8391 = EDGE_LOOP('',(#8392,#8393,#8394,#8422));
#8392 = ORIENTED_EDGE('',*,*,#7564,.F.);
#8393 = ORIENTED_EDGE('',*,*,#8314,.F.);
#8394 = ORIENTED_EDGE('',*,*,#8395,.F.);
#8395 = EDGE_CURVE('',#8396,#8292,#8398,.T.);
#8396 = VERTEX_POINT('',#8397);
#8397 = CARTESIAN_POINT('',(17.77999961947,27.94,25.39999961853));
#8398 = SURFACE_CURVE('',#8399,(#8404,#8411),.PCURVE_S1.);
#8399 = CIRCLE('',#8400,7.62);
#8400 = AXIS2_PLACEMENT_3D('',#8401,#8402,#8403);
#8401 = CARTESIAN_POINT('',(17.77999961947,27.94,17.77999961853));
#8402 = DIRECTION('',(0.,1.,-2.22044604925E-16));
#8403 = DIRECTION('',(0.707106781187,1.570092458684E-16,0.707106781187)
  );
#8404 = PCURVE('',#7581,#8405);
#8405 = DEFINITIONAL_REPRESENTATION('',(#8406),#8410);
#8406 = LINE('',#8407,#8408);
#8407 = CARTESIAN_POINT('',(-6.28318530718,6.35));
#8408 = VECTOR('',#8409,1.);
#8409 = DIRECTION('',(1.,2.261727773485E-15));
#8410 = ( GEOMETRIC_REPRESENTATION_CONTEXT(2) 
PARAMETRIC_REPRESENTATION_CONTEXT() REPRESENTATION_CONTEXT('2D SPACE',''
  ) );
#8411 = PCURVE('',#8201,#8412);
#8412 = DEFINITIONAL_REPRESENTATION('',(#8413),#8421);
#8413 = ( BOUNDED_CURVE() B_SPLINE_CURVE(2,(#8414,#8415,#8416,#8417,
#8418,#8419,#8420),.UNSPECIFIED.,.T.,.F.) B_SPLINE_CURVE_WITH_KNOTS((1,2
    ,2,2,2,1),(-2.094395102393,0.,2.094395102393,4.188790204786,
6.28318530718,8.377580409573),.UNSPECIFIED.) CURVE() 
GEOMETRIC_REPRESENTATION_ITEM() RATIONAL_B_SPLINE_CURVE((1.,0.5,1.,0.5,
1.,0.5,1.)) REPRESENTATION_ITEM('') );
#8414 = CARTESIAN_POINT('',(-23.16815329164,23.168153291641));
#8415 = CARTESIAN_POINT('',(-13.83559737163,32.500709211645));
#8416 = CARTESIAN_POINT('',(-10.41964482267,19.752200742681));
#8417 = CARTESIAN_POINT('',(-7.003692273717,7.003692273717));
#8418 = CARTESIAN_POINT('',(-19.75220074268,10.419644822677));
#8419 = CARTESIAN_POINT('',(-32.50070921164,13.835597371638));
#8420 = CARTESIAN_POINT('',(-23.16815329164,23.168153291641));
#8421 = ( GEOMETRIC_REPRESENTATION_CONTEXT(2) 
PARAMETRIC_REPRESENTATION_CONTEXT() REPRESENTATION_CONTEXT('2D SPACE',''
  ) );
#8422 = ORIENTED_EDGE('',*,*,#8423,.F.);
#8423 = EDGE_CURVE('',#7565,#8396,#8424,.T.);
#8424 = SURFACE_CURVE('',#8425,(#8429,#8436),.PCURVE_S1.);
#8425 = LINE('',#8426,#8427);
#8426 = CARTESIAN_POINT('',(17.77999961947,21.59,25.39999961853));
#8427 = VECTOR('',#8428,1.);
#8428 = DIRECTION('',(0.,1.,-2.22044604925E-16));
#8429 = PCURVE('',#7581,#8430);
#8430 = DEFINITIONAL_REPRESENTATION('',(#8431),#8435);
#8431 = LINE('',#8432,#8433);
#8432 = CARTESIAN_POINT('',(-0.785398163397,-1.7763568394E-15));
#8433 = VECTOR('',#8434,1.);
#8434 = DIRECTION('',(0.,1.));
#8435 = ( GEOMETRIC_REPRESENTATION_CONTEXT(2) 
PARAMETRIC_REPRESENTATION_CONTEXT() REPRESENTATION_CONTEXT('2D SPACE',''
  ) );
#8436 = PCURVE('',#7609,#8437);
#8437 = DEFINITIONAL_REPRESENTATION('',(#8438),#8442);
#8438 = LINE('',#8439,#8440);
#8439 = CARTESIAN_POINT('',(0.,17.779999619));
#8440 = VECTOR('',#8441,1.);
#8441 = DIRECTION('',(-1.,0.));
#8442 = ( GEOMETRIC_REPRESENTATION_CONTEXT(2) 
PARAMETRIC_REPRESENTATION_CONTEXT() REPRESENTATION_CONTEXT('2D SPACE',''
  ) );
#8443 = ADVANCED_FACE('',(#8444),#7666,.T.);
#8444 = FACE_BOUND('',#8445,.T.);
#8445 = EDGE_LOOP('',(#8446,#8469,#8490,#8491));
#8446 = ORIENTED_EDGE('',*,*,#8447,.T.);
#8447 = EDGE_CURVE('',#7622,#8448,#8450,.T.);
#8448 = VERTEX_POINT('',#8449);
#8449 = CARTESIAN_POINT('',(-25.39999961853,27.94,17.77999961853));
#8450 = SURFACE_CURVE('',#8451,(#8455,#8462),.PCURVE_S1.);
#8451 = LINE('',#8452,#8453);
#8452 = CARTESIAN_POINT('',(-25.39999961853,21.59,17.77999961853));
#8453 = VECTOR('',#8454,1.);
#8454 = DIRECTION('',(0.,1.,-2.22044604925E-16));
#8455 = PCURVE('',#7666,#8456);
#8456 = DEFINITIONAL_REPRESENTATION('',(#8457),#8461);
#8457 = LINE('',#8458,#8459);
#8458 = CARTESIAN_POINT('',(-3.947952990968E-15,-17.779999619));
#8459 = VECTOR('',#8460,1.);
#8460 = DIRECTION('',(1.,-2.465190328816E-32));
#8461 = ( GEOMETRIC_REPRESENTATION_CONTEXT(2) 
PARAMETRIC_REPRESENTATION_CONTEXT() REPRESENTATION_CONTEXT('2D SPACE',''
  ) );
#8462 = PCURVE('',#7638,#8463);
#8463 = DEFINITIONAL_REPRESENTATION('',(#8464),#8468);
#8464 = LINE('',#8465,#8466);
#8465 = CARTESIAN_POINT('',(-0.785398163397,0.));
#8466 = VECTOR('',#8467,1.);
#8467 = DIRECTION('',(0.,1.));
#8468 = ( GEOMETRIC_REPRESENTATION_CONTEXT(2) 
PARAMETRIC_REPRESENTATION_CONTEXT() REPRESENTATION_CONTEXT('2D SPACE',''
  ) );
#8469 = ORIENTED_EDGE('',*,*,#8470,.T.);
#8470 = EDGE_CURVE('',#8448,#8341,#8471,.T.);
#8471 = SURFACE_CURVE('',#8472,(#8476,#8483),.PCURVE_S1.);
#8472 = LINE('',#8473,#8474);
#8473 = CARTESIAN_POINT('',(-25.39999961853,27.94,-4.697278899179E-10));
#8474 = VECTOR('',#8475,1.);
#8475 = DIRECTION('',(0.,-2.22044604925E-16,-1.));
#8476 = PCURVE('',#7666,#8477);
#8477 = DEFINITIONAL_REPRESENTATION('',(#8478),#8482);
#8478 = LINE('',#8479,#8480);
#8479 = CARTESIAN_POINT('',(6.35,-1.861147700774E-25));
#8480 = VECTOR('',#8481,1.);
#8481 = DIRECTION('',(2.465190328816E-32,1.));
#8482 = ( GEOMETRIC_REPRESENTATION_CONTEXT(2) 
PARAMETRIC_REPRESENTATION_CONTEXT() REPRESENTATION_CONTEXT('2D SPACE',''
  ) );
#8483 = PCURVE('',#8201,#8484);
#8484 = DEFINITIONAL_REPRESENTATION('',(#8485),#8489);
#8485 = LINE('',#8486,#8487);
#8486 = CARTESIAN_POINT('',(-0.,-25.399999619));
#8487 = VECTOR('',#8488,1.);
#8488 = DIRECTION('',(1.,0.));
#8489 = ( GEOMETRIC_REPRESENTATION_CONTEXT(2) 
PARAMETRIC_REPRESENTATION_CONTEXT() REPRESENTATION_CONTEXT('2D SPACE',''
  ) );
#8490 = ORIENTED_EDGE('',*,*,#8340,.T.);
#8491 = ORIENTED_EDGE('',*,*,#7650,.T.);
#8492 = ADVANCED_FACE('',(#8493),#7609,.T.);
#8493 = FACE_BOUND('',#8494,.T.);
#8494 = EDGE_LOOP('',(#8495,#8496,#8519,#8540));
#8495 = ORIENTED_EDGE('',*,*,#8423,.T.);
#8496 = ORIENTED_EDGE('',*,*,#8497,.T.);
#8497 = EDGE_CURVE('',#8396,#8498,#8500,.T.);
#8498 = VERTEX_POINT('',#8499);
#8499 = CARTESIAN_POINT('',(-17.77999961853,27.94,25.39999961853));
#8500 = SURFACE_CURVE('',#8501,(#8505,#8512),.PCURVE_S1.);
#8501 = LINE('',#8502,#8503);
#8502 = CARTESIAN_POINT('',(4.697264799347E-10,27.94,25.39999961853));
#8503 = VECTOR('',#8504,1.);
#8504 = DIRECTION('',(-1.,0.,0.));
#8505 = PCURVE('',#7609,#8506);
#8506 = DEFINITIONAL_REPRESENTATION('',(#8507),#8511);
#8507 = LINE('',#8508,#8509);
#8508 = CARTESIAN_POINT('',(-6.35,0.));
#8509 = VECTOR('',#8510,1.);
#8510 = DIRECTION('',(0.,-1.));
#8511 = ( GEOMETRIC_REPRESENTATION_CONTEXT(2) 
PARAMETRIC_REPRESENTATION_CONTEXT() REPRESENTATION_CONTEXT('2D SPACE',''
  ) );
#8512 = PCURVE('',#8201,#8513);
#8513 = DEFINITIONAL_REPRESENTATION('',(#8514),#8518);
#8514 = LINE('',#8515,#8516);
#8515 = CARTESIAN_POINT('',(-25.399999619,0.));
#8516 = VECTOR('',#8517,1.);
#8517 = DIRECTION('',(-0.,-1.));
#8518 = ( GEOMETRIC_REPRESENTATION_CONTEXT(2) 
PARAMETRIC_REPRESENTATION_CONTEXT() REPRESENTATION_CONTEXT('2D SPACE',''
  ) );
#8519 = ORIENTED_EDGE('',*,*,#8520,.T.);
#8520 = EDGE_CURVE('',#8498,#7594,#8521,.T.);
#8521 = SURFACE_CURVE('',#8522,(#8526,#8533),.PCURVE_S1.);
#8522 = LINE('',#8523,#8524);
#8523 = CARTESIAN_POINT('',(-17.77999961853,21.59,25.39999961853));
#8524 = VECTOR('',#8525,1.);
#8525 = DIRECTION('',(0.,-1.,2.22044604925E-16));
#8526 = PCURVE('',#7609,#8527);
#8527 = DEFINITIONAL_REPRESENTATION('',(#8528),#8532);
#8528 = LINE('',#8529,#8530);
#8529 = CARTESIAN_POINT('',(0.,-17.779999619));
#8530 = VECTOR('',#8531,1.);
#8531 = DIRECTION('',(1.,0.));
#8532 = ( GEOMETRIC_REPRESENTATION_CONTEXT(2) 
PARAMETRIC_REPRESENTATION_CONTEXT() REPRESENTATION_CONTEXT('2D SPACE',''
  ) );
#8533 = PCURVE('',#7638,#8534);
#8534 = DEFINITIONAL_REPRESENTATION('',(#8535),#8539);
#8535 = LINE('',#8536,#8537);
#8536 = CARTESIAN_POINT('',(0.785398163397,-3.552713678801E-15));
#8537 = VECTOR('',#8538,1.);
#8538 = DIRECTION('',(8.741913579726E-18,-1.));
#8539 = ( GEOMETRIC_REPRESENTATION_CONTEXT(2) 
PARAMETRIC_REPRESENTATION_CONTEXT() REPRESENTATION_CONTEXT('2D SPACE',''
  ) );
#8540 = ORIENTED_EDGE('',*,*,#7593,.T.);
#8541 = ADVANCED_FACE('',(#8542),#7638,.T.);
#8542 = FACE_BOUND('',#8543,.T.);
#8543 = EDGE_LOOP('',(#8544,#8545,#8546,#8572));
#8544 = ORIENTED_EDGE('',*,*,#7621,.F.);
#8545 = ORIENTED_EDGE('',*,*,#8520,.F.);
#8546 = ORIENTED_EDGE('',*,*,#8547,.F.);
#8547 = EDGE_CURVE('',#8448,#8498,#8548,.T.);
#8548 = SURFACE_CURVE('',#8549,(#8554,#8561),.PCURVE_S1.);
#8549 = CIRCLE('',#8550,7.62);
#8550 = AXIS2_PLACEMENT_3D('',#8551,#8552,#8553);
#8551 = CARTESIAN_POINT('',(-17.77999961853,27.94,17.77999961853));
#8552 = DIRECTION('',(0.,1.,-2.22044604925E-16));
#8553 = DIRECTION('',(-0.707106781187,1.570092458684E-16,0.707106781187)
  );
#8554 = PCURVE('',#7638,#8555);
#8555 = DEFINITIONAL_REPRESENTATION('',(#8556),#8560);
#8556 = LINE('',#8557,#8558);
#8557 = CARTESIAN_POINT('',(-6.28318530718,6.35));
#8558 = VECTOR('',#8559,1.);
#8559 = DIRECTION('',(1.,-2.261727773485E-15));
#8560 = ( GEOMETRIC_REPRESENTATION_CONTEXT(2) 
PARAMETRIC_REPRESENTATION_CONTEXT() REPRESENTATION_CONTEXT('2D SPACE',''
  ) );
#8561 = PCURVE('',#8201,#8562);
#8562 = DEFINITIONAL_REPRESENTATION('',(#8563),#8571);
#8563 = ( BOUNDED_CURVE() B_SPLINE_CURVE(2,(#8564,#8565,#8566,#8567,
#8568,#8569,#8570),.UNSPECIFIED.,.T.,.F.) B_SPLINE_CURVE_WITH_KNOTS((1,2
    ,2,2,2,1),(-2.094395102393,0.,2.094395102393,4.188790204786,
6.28318530718,8.377580409573),.UNSPECIFIED.) CURVE() 
GEOMETRIC_REPRESENTATION_ITEM() RATIONAL_B_SPLINE_CURVE((1.,0.5,1.,0.5,
1.,0.5,1.)) REPRESENTATION_ITEM('') );
#8564 = CARTESIAN_POINT('',(-23.16815329164,-23.16815329164));
#8565 = CARTESIAN_POINT('',(-32.50070921164,-13.83559737163));
#8566 = CARTESIAN_POINT('',(-19.75220074268,-10.41964482267));
#8567 = CARTESIAN_POINT('',(-7.003692273717,-7.003692273717));
#8568 = CARTESIAN_POINT('',(-10.41964482267,-19.75220074268));
#8569 = CARTESIAN_POINT('',(-13.83559737163,-32.50070921164));
#8570 = CARTESIAN_POINT('',(-23.16815329164,-23.16815329164));
#8571 = ( GEOMETRIC_REPRESENTATION_CONTEXT(2) 
PARAMETRIC_REPRESENTATION_CONTEXT() REPRESENTATION_CONTEXT('2D SPACE',''
  ) );
#8572 = ORIENTED_EDGE('',*,*,#8447,.F.);
#8573 = ADVANCED_FACE('',(#8574,#8584),#7782,.F.);
#8574 = FACE_BOUND('',#8575,.F.);
#8575 = EDGE_LOOP('',(#8576,#8577,#8578,#8579,#8580,#8581,#8582,#8583));
#8576 = ORIENTED_EDGE('',*,*,#7947,.F.);
#8577 = ORIENTED_EDGE('',*,*,#7977,.T.);
#8578 = ORIENTED_EDGE('',*,*,#8050,.F.);
#8579 = ORIENTED_EDGE('',*,*,#8080,.T.);
#8580 = ORIENTED_EDGE('',*,*,#8131,.F.);
#8581 = ORIENTED_EDGE('',*,*,#7766,.T.);
#8582 = ORIENTED_EDGE('',*,*,#7844,.F.);
#8583 = ORIENTED_EDGE('',*,*,#7898,.T.);
#8584 = FACE_BOUND('',#8585,.F.);
#8585 = EDGE_LOOP('',(#8586,#8614,#8640,#8666));
#8586 = ORIENTED_EDGE('',*,*,#8587,.F.);
#8587 = EDGE_CURVE('',#8588,#8590,#8592,.T.);
#8588 = VERTEX_POINT('',#8589);
#8589 = CARTESIAN_POINT('',(-10.26528778619,-5.08,6.35));
#8590 = VERTEX_POINT('',#8591);
#8591 = CARTESIAN_POINT('',(4.399409051225,-5.08,6.35));
#8592 = SURFACE_CURVE('',#8593,(#8597,#8603),.PCURVE_S1.);
#8593 = LINE('',#8594,#8595);
#8594 = CARTESIAN_POINT('',(-19.75036934298,-5.08,6.35));
#8595 = VECTOR('',#8596,1.);
#8596 = DIRECTION('',(1.,0.,0.));
#8597 = PCURVE('',#7782,#8598);
#8598 = DEFINITIONAL_REPRESENTATION('',(#8599),#8602);
#8599 = B_SPLINE_CURVE_WITH_KNOTS('',1,(#8600,#8601),.UNSPECIFIED.,.F.,
  .F.,(2,2),(9.485081556793,24.149778394209),.PIECEWISE_BEZIER_KNOTS.);
#8600 = CARTESIAN_POINT('',(6.35,-10.26528778619));
#8601 = CARTESIAN_POINT('',(6.35,4.399409051225));
#8602 = ( GEOMETRIC_REPRESENTATION_CONTEXT(2) 
PARAMETRIC_REPRESENTATION_CONTEXT() REPRESENTATION_CONTEXT('2D SPACE',''
  ) );
#8603 = PCURVE('',#8604,#8609);
#8604 = PLANE('',#8605);
#8605 = AXIS2_PLACEMENT_3D('',#8606,#8607,#8608);
#8606 = CARTESIAN_POINT('',(-39.50073868596,-81.11728634059,6.35));
#8607 = DIRECTION('',(0.,0.,1.));
#8608 = DIRECTION('',(0.5,0.866025403784,0.));
#8609 = DEFINITIONAL_REPRESENTATION('',(#8610),#8613);
#8610 = B_SPLINE_CURVE_WITH_KNOTS('',1,(#8611,#8612),.UNSPECIFIED.,.F.,
  .F.,(2,2),(9.485081556793,24.149778394209),.PIECEWISE_BEZIER_KNOTS.);
#8611 = CARTESIAN_POINT('',(80.467947055679,12.7));
#8612 = CARTESIAN_POINT('',(87.800295474388,0.));
#8613 = ( GEOMETRIC_REPRESENTATION_CONTEXT(2) 
PARAMETRIC_REPRESENTATION_CONTEXT() REPRESENTATION_CONTEXT('2D SPACE',''
  ) );
#8614 = ORIENTED_EDGE('',*,*,#8615,.F.);
#8615 = EDGE_CURVE('',#8616,#8588,#8618,.T.);
#8616 = VERTEX_POINT('',#8617);
#8617 = CARTESIAN_POINT('',(-10.26528778619,-5.08,-6.35));
#8618 = SURFACE_CURVE('',#8619,(#8623,#8629),.PCURVE_S1.);
#8619 = LINE('',#8620,#8621);
#8620 = CARTESIAN_POINT('',(-10.26528778619,-5.08,-3.175));
#8621 = VECTOR('',#8622,1.);
#8622 = DIRECTION('',(-2.523573079244E-16,-4.370956789863E-16,1.));
#8623 = PCURVE('',#7782,#8624);
#8624 = DEFINITIONAL_REPRESENTATION('',(#8625),#8628);
#8625 = B_SPLINE_CURVE_WITH_KNOTS('',1,(#8626,#8627),.UNSPECIFIED.,.F.,
  .F.,(2,2),(-3.175,9.525),.PIECEWISE_BEZIER_KNOTS.);
#8626 = CARTESIAN_POINT('',(-6.35,-10.26528778619));
#8627 = CARTESIAN_POINT('',(6.35,-10.26528778619));
#8628 = ( GEOMETRIC_REPRESENTATION_CONTEXT(2) 
PARAMETRIC_REPRESENTATION_CONTEXT() REPRESENTATION_CONTEXT('2D SPACE',''
  ) );
#8629 = PCURVE('',#8630,#8635);
#8630 = PLANE('',#8631);
#8631 = AXIS2_PLACEMENT_3D('',#8632,#8633,#8634);
#8632 = CARTESIAN_POINT('',(-50.49926131403,-74.76728634059,-6.35));
#8633 = DIRECTION('',(-0.866025403784,0.5,0.));
#8634 = DIRECTION('',(0.,0.,1.));
#8635 = DEFINITIONAL_REPRESENTATION('',(#8636),#8639);
#8636 = B_SPLINE_CURVE_WITH_KNOTS('',1,(#8637,#8638),.UNSPECIFIED.,.F.,
  .F.,(2,2),(-3.175,9.525),.PIECEWISE_BEZIER_KNOTS.);
#8637 = CARTESIAN_POINT('',(0.,80.467947055679));
#8638 = CARTESIAN_POINT('',(12.7,80.467947055679));
#8639 = ( GEOMETRIC_REPRESENTATION_CONTEXT(2) 
PARAMETRIC_REPRESENTATION_CONTEXT() REPRESENTATION_CONTEXT('2D SPACE',''
  ) );
#8640 = ORIENTED_EDGE('',*,*,#8641,.T.);
#8641 = EDGE_CURVE('',#8616,#8642,#8644,.T.);
#8642 = VERTEX_POINT('',#8643);
#8643 = CARTESIAN_POINT('',(4.399409051225,-5.08,-6.35));
#8644 = SURFACE_CURVE('',#8645,(#8649,#8655),.PCURVE_S1.);
#8645 = LINE('',#8646,#8647);
#8646 = CARTESIAN_POINT('',(-19.75036934298,-5.08,-6.35));
#8647 = VECTOR('',#8648,1.);
#8648 = DIRECTION('',(1.,0.,0.));
#8649 = PCURVE('',#7782,#8650);
#8650 = DEFINITIONAL_REPRESENTATION('',(#8651),#8654);
#8651 = B_SPLINE_CURVE_WITH_KNOTS('',1,(#8652,#8653),.UNSPECIFIED.,.F.,
  .F.,(2,2),(9.485081556793,24.149778394209),.PIECEWISE_BEZIER_KNOTS.);
#8652 = CARTESIAN_POINT('',(-6.35,-10.26528778619));
#8653 = CARTESIAN_POINT('',(-6.35,4.399409051225));
#8654 = ( GEOMETRIC_REPRESENTATION_CONTEXT(2) 
PARAMETRIC_REPRESENTATION_CONTEXT() REPRESENTATION_CONTEXT('2D SPACE',''
  ) );
#8655 = PCURVE('',#8656,#8661);
#8656 = PLANE('',#8657);
#8657 = AXIS2_PLACEMENT_3D('',#8658,#8659,#8660);
#8658 = CARTESIAN_POINT('',(-39.50073868596,-81.11728634059,-6.35));
#8659 = DIRECTION('',(0.,0.,1.));
#8660 = DIRECTION('',(0.5,0.866025403784,0.));
#8661 = DEFINITIONAL_REPRESENTATION('',(#8662),#8665);
#8662 = B_SPLINE_CURVE_WITH_KNOTS('',1,(#8663,#8664),.UNSPECIFIED.,.F.,
  .F.,(2,2),(9.485081556793,24.149778394209),.PIECEWISE_BEZIER_KNOTS.);
#8663 = CARTESIAN_POINT('',(80.467947055679,12.7));
#8664 = CARTESIAN_POINT('',(87.800295474388,0.));
#8665 = ( GEOMETRIC_REPRESENTATION_CONTEXT(2) 
PARAMETRIC_REPRESENTATION_CONTEXT() REPRESENTATION_CONTEXT('2D SPACE',''
  ) );
#8666 = ORIENTED_EDGE('',*,*,#8667,.T.);
#8667 = EDGE_CURVE('',#8642,#8590,#8668,.T.);
#8668 = SURFACE_CURVE('',#8669,(#8673,#8679),.PCURVE_S1.);
#8669 = LINE('',#8670,#8671);
#8670 = CARTESIAN_POINT('',(4.399409051225,-5.08,-3.175));
#8671 = VECTOR('',#8672,1.);
#8672 = DIRECTION('',(-2.523573079244E-16,-4.370956789863E-16,1.));
#8673 = PCURVE('',#7782,#8674);
#8674 = DEFINITIONAL_REPRESENTATION('',(#8675),#8678);
#8675 = B_SPLINE_CURVE_WITH_KNOTS('',1,(#8676,#8677),.UNSPECIFIED.,.F.,
  .F.,(2,2),(-3.175,9.525),.PIECEWISE_BEZIER_KNOTS.);
#8676 = CARTESIAN_POINT('',(-6.35,4.399409051225));
#8677 = CARTESIAN_POINT('',(6.35,4.399409051225));
#8678 = ( GEOMETRIC_REPRESENTATION_CONTEXT(2) 
PARAMETRIC_REPRESENTATION_CONTEXT() REPRESENTATION_CONTEXT('2D SPACE',''
  ) );
#8679 = PCURVE('',#8680,#8685);
#8680 = PLANE('',#8681);
#8681 = AXIS2_PLACEMENT_3D('',#8682,#8683,#8684);
#8682 = CARTESIAN_POINT('',(-39.50073868596,-81.11728634059,-6.35));
#8683 = DIRECTION('',(-0.866025403784,0.5,0.));
#8684 = DIRECTION('',(0.,0.,1.));
#8685 = DEFINITIONAL_REPRESENTATION('',(#8686),#8689);
#8686 = B_SPLINE_CURVE_WITH_KNOTS('',1,(#8687,#8688),.UNSPECIFIED.,.F.,
  .F.,(2,2),(-3.175,9.525),.PIECEWISE_BEZIER_KNOTS.);
#8687 = CARTESIAN_POINT('',(0.,87.800295474388));
#8688 = CARTESIAN_POINT('',(12.7,87.800295474388));
#8689 = ( GEOMETRIC_REPRESENTATION_CONTEXT(2) 
PARAMETRIC_REPRESENTATION_CONTEXT() REPRESENTATION_CONTEXT('2D SPACE',''
  ) );
#8690 = ADVANCED_FACE('',(#8691,#8701),#8201,.F.);
#8691 = FACE_BOUND('',#8692,.F.);
#8692 = EDGE_LOOP('',(#8693,#8694,#8695,#8696,#8697,#8698,#8699,#8700));
#8693 = ORIENTED_EDGE('',*,*,#8184,.F.);
#8694 = ORIENTED_EDGE('',*,*,#8291,.T.);
#8695 = ORIENTED_EDGE('',*,*,#8395,.F.);
#8696 = ORIENTED_EDGE('',*,*,#8497,.T.);
#8697 = ORIENTED_EDGE('',*,*,#8547,.F.);
#8698 = ORIENTED_EDGE('',*,*,#8470,.T.);
#8699 = ORIENTED_EDGE('',*,*,#8363,.F.);
#8700 = ORIENTED_EDGE('',*,*,#8266,.T.);
#8701 = FACE_BOUND('',#8702,.F.);
#8702 = EDGE_LOOP('',(#8703,#8734,#8762,#8788,#8814,#8840,#8863,#8892,
    #8920,#8949,#8977,#9006));
#8703 = ORIENTED_EDGE('',*,*,#8704,.F.);
#8704 = EDGE_CURVE('',#8705,#8707,#8709,.T.);
#8705 = VERTEX_POINT('',#8706);
#8706 = CARTESIAN_POINT('',(22.860000729561,27.94,15.240000729561));
#8707 = VERTEX_POINT('',#8708);
#8708 = CARTESIAN_POINT('',(15.240000729561,27.94,22.860000729561));
#8709 = SURFACE_CURVE('',#8710,(#8715,#8722),.PCURVE_S1.);
#8710 = CIRCLE('',#8711,7.62);
#8711 = AXIS2_PLACEMENT_3D('',#8712,#8713,#8714);
#8712 = CARTESIAN_POINT('',(15.240000729561,27.94,15.240000729561));
#8713 = DIRECTION('',(0.,-1.,2.22044604925E-16));
#8714 = DIRECTION('',(0.707106781187,1.570092458684E-16,0.707106781187)
  );
#8715 = PCURVE('',#8201,#8716);
#8716 = DEFINITIONAL_REPRESENTATION('',(#8717),#8721);
#8717 = CIRCLE('',#8718,7.62);
#8718 = AXIS2_PLACEMENT_2D('',#8719,#8720);
#8719 = CARTESIAN_POINT('',(-15.24000073003,15.240000729091));
#8720 = DIRECTION('',(-0.707106781187,0.707106781187));
#8721 = ( GEOMETRIC_REPRESENTATION_CONTEXT(2) 
PARAMETRIC_REPRESENTATION_CONTEXT() REPRESENTATION_CONTEXT('2D SPACE',''
  ) );
#8722 = PCURVE('',#8723,#8728);
#8723 = CYLINDRICAL_SURFACE('',#8724,7.62);
#8724 = AXIS2_PLACEMENT_3D('',#8725,#8726,#8727);
#8725 = CARTESIAN_POINT('',(15.240000729561,27.94,15.240000729561));
#8726 = DIRECTION('',(0.,1.,-4.370956789863E-16));
#8727 = DIRECTION('',(0.707106781187,3.090733186385E-16,0.707106781187)
  );
#8728 = DEFINITIONAL_REPRESENTATION('',(#8729),#8733);
#8729 = LINE('',#8730,#8731);
#8730 = CARTESIAN_POINT('',(12.566370614359,1.24344978758E-14));
#8731 = VECTOR('',#8732,1.);
#8732 = DIRECTION('',(-1.,-2.261727773485E-15));
#8733 = ( GEOMETRIC_REPRESENTATION_CONTEXT(2) 
PARAMETRIC_REPRESENTATION_CONTEXT() REPRESENTATION_CONTEXT('2D SPACE',''
  ) );
#8734 = ORIENTED_EDGE('',*,*,#8735,.T.);
#8735 = EDGE_CURVE('',#8705,#8736,#8738,.T.);
#8736 = VERTEX_POINT('',#8737);
#8737 = CARTESIAN_POINT('',(22.860000729561,27.94,6.35));
#8738 = SURFACE_CURVE('',#8739,(#8743,#8750),.PCURVE_S1.);
#8739 = LINE('',#8740,#8741);
#8740 = CARTESIAN_POINT('',(22.860000729561,27.94,11.430000364546));
#8741 = VECTOR('',#8742,1.);
#8742 = DIRECTION('',(0.,-2.22044604925E-16,-1.));
#8743 = PCURVE('',#8201,#8744);
#8744 = DEFINITIONAL_REPRESENTATION('',(#8745),#8749);
#8745 = LINE('',#8746,#8747);
#8746 = CARTESIAN_POINT('',(-11.43000036501,22.860000729091));
#8747 = VECTOR('',#8748,1.);
#8748 = DIRECTION('',(1.,0.));
#8749 = ( GEOMETRIC_REPRESENTATION_CONTEXT(2) 
PARAMETRIC_REPRESENTATION_CONTEXT() REPRESENTATION_CONTEXT('2D SPACE',''
  ) );
#8750 = PCURVE('',#8751,#8756);
#8751 = PLANE('',#8752);
#8752 = AXIS2_PLACEMENT_3D('',#8753,#8754,#8755);
#8753 = CARTESIAN_POINT('',(22.860000729561,27.94,22.860000729561));
#8754 = DIRECTION('',(-1.,0.,0.));
#8755 = DIRECTION('',(-0.,-2.22044604925E-16,-1.));
#8756 = DEFINITIONAL_REPRESENTATION('',(#8757),#8761);
#8757 = LINE('',#8758,#8759);
#8758 = CARTESIAN_POINT('',(11.430000365015,-2.537969915343E-15));
#8759 = VECTOR('',#8760,1.);
#8760 = DIRECTION('',(1.,-2.465190328816E-32));
#8761 = ( GEOMETRIC_REPRESENTATION_CONTEXT(2) 
PARAMETRIC_REPRESENTATION_CONTEXT() REPRESENTATION_CONTEXT('2D SPACE',''
  ) );
#8762 = ORIENTED_EDGE('',*,*,#8763,.F.);
#8763 = EDGE_CURVE('',#8764,#8736,#8766,.T.);
#8764 = VERTEX_POINT('',#8765);
#8765 = CARTESIAN_POINT('',(23.463514939866,27.94,6.35));
#8766 = SURFACE_CURVE('',#8767,(#8771,#8777),.PCURVE_S1.);
#8767 = LINE('',#8768,#8769);
#8768 = CARTESIAN_POINT('',(-19.75036934275,27.94,6.35));
#8769 = VECTOR('',#8770,1.);
#8770 = DIRECTION('',(-1.,0.,0.));
#8771 = PCURVE('',#8201,#8772);
#8772 = DEFINITIONAL_REPRESENTATION('',(#8773),#8776);
#8773 = B_SPLINE_CURVE_WITH_KNOTS('',1,(#8774,#8775),.UNSPECIFIED.,.F.,
  .F.,(2,2),(-43.21388428261,-28.54918744519),.PIECEWISE_BEZIER_KNOTS.);
#8774 = CARTESIAN_POINT('',(-6.35000000047,23.463514939397));
#8775 = CARTESIAN_POINT('',(-6.35000000047,8.79881810198));
#8776 = ( GEOMETRIC_REPRESENTATION_CONTEXT(2) 
PARAMETRIC_REPRESENTATION_CONTEXT() REPRESENTATION_CONTEXT('2D SPACE',''
  ) );
#8777 = PCURVE('',#8778,#8783);
#8778 = PLANE('',#8779);
#8779 = AXIS2_PLACEMENT_3D('',#8780,#8781,#8782);
#8780 = CARTESIAN_POINT('',(-39.50073868596,-81.11728634059,6.35));
#8781 = DIRECTION('',(0.,0.,1.));
#8782 = DIRECTION('',(0.5,0.866025403784,0.));
#8783 = DEFINITIONAL_REPRESENTATION('',(#8784),#8787);
#8784 = B_SPLINE_CURVE_WITH_KNOTS('',1,(#8785,#8786),.UNSPECIFIED.,.F.,
  .F.,(2,2),(-43.21388428261,-28.54918744519),.PIECEWISE_BEZIER_KNOTS.);
#8785 = CARTESIAN_POINT('',(125.92850725167,7.105427357601E-15));
#8786 = CARTESIAN_POINT('',(118.59615883296,12.7));
#8787 = ( GEOMETRIC_REPRESENTATION_CONTEXT(2) 
PARAMETRIC_REPRESENTATION_CONTEXT() REPRESENTATION_CONTEXT('2D SPACE',''
  ) );
#8788 = ORIENTED_EDGE('',*,*,#8789,.T.);
#8789 = EDGE_CURVE('',#8764,#8790,#8792,.T.);
#8790 = VERTEX_POINT('',#8791);
#8791 = CARTESIAN_POINT('',(23.463514939866,27.94,-6.35));
#8792 = SURFACE_CURVE('',#8793,(#8797,#8803),.PCURVE_S1.);
#8793 = LINE('',#8794,#8795);
#8794 = CARTESIAN_POINT('',(23.463514939866,27.94,-3.175000000235));
#8795 = VECTOR('',#8796,1.);
#8796 = DIRECTION('',(-1.281975124256E-16,-2.22044604925E-16,-1.));
#8797 = PCURVE('',#8201,#8798);
#8798 = DEFINITIONAL_REPRESENTATION('',(#8799),#8802);
#8799 = B_SPLINE_CURVE_WITH_KNOTS('',1,(#8800,#8801),.UNSPECIFIED.,.F.,
  .F.,(2,2),(-9.525000000235,3.174999999765),.PIECEWISE_BEZIER_KNOTS.);
#8800 = CARTESIAN_POINT('',(-6.35000000047,23.463514939397));
#8801 = CARTESIAN_POINT('',(6.34999999953,23.463514939397));
#8802 = ( GEOMETRIC_REPRESENTATION_CONTEXT(2) 
PARAMETRIC_REPRESENTATION_CONTEXT() REPRESENTATION_CONTEXT('2D SPACE',''
  ) );
#8803 = PCURVE('',#8804,#8809);
#8804 = PLANE('',#8805);
#8805 = AXIS2_PLACEMENT_3D('',#8806,#8807,#8808);
#8806 = CARTESIAN_POINT('',(-39.50073868596,-81.11728634059,-6.35));
#8807 = DIRECTION('',(-0.866025403784,0.5,0.));
#8808 = DIRECTION('',(0.,0.,1.));
#8809 = DEFINITIONAL_REPRESENTATION('',(#8810),#8813);
#8810 = B_SPLINE_CURVE_WITH_KNOTS('',1,(#8811,#8812),.UNSPECIFIED.,.F.,
  .F.,(2,2),(-9.525000000235,3.174999999765),.PIECEWISE_BEZIER_KNOTS.);
#8811 = CARTESIAN_POINT('',(12.7,125.92850725167));
#8812 = CARTESIAN_POINT('',(0.,125.92850725167));
#8813 = ( GEOMETRIC_REPRESENTATION_CONTEXT(2) 
PARAMETRIC_REPRESENTATION_CONTEXT() REPRESENTATION_CONTEXT('2D SPACE',''
  ) );
#8814 = ORIENTED_EDGE('',*,*,#8815,.T.);
#8815 = EDGE_CURVE('',#8790,#8816,#8818,.T.);
#8816 = VERTEX_POINT('',#8817);
#8817 = CARTESIAN_POINT('',(22.860000729561,27.94,-6.35));
#8818 = SURFACE_CURVE('',#8819,(#8823,#8829),.PCURVE_S1.);
#8819 = LINE('',#8820,#8821);
#8820 = CARTESIAN_POINT('',(-19.75036934275,27.94,-6.35));
#8821 = VECTOR('',#8822,1.);
#8822 = DIRECTION('',(-1.,0.,0.));
#8823 = PCURVE('',#8201,#8824);
#8824 = DEFINITIONAL_REPRESENTATION('',(#8825),#8828);
#8825 = B_SPLINE_CURVE_WITH_KNOTS('',1,(#8826,#8827),.UNSPECIFIED.,.F.,
  .F.,(2,2),(-43.21388428261,-28.54918744519),.PIECEWISE_BEZIER_KNOTS.);
#8826 = CARTESIAN_POINT('',(6.34999999953,23.463514939397));
#8827 = CARTESIAN_POINT('',(6.34999999953,8.79881810198));
#8828 = ( GEOMETRIC_REPRESENTATION_CONTEXT(2) 
PARAMETRIC_REPRESENTATION_CONTEXT() REPRESENTATION_CONTEXT('2D SPACE',''
  ) );
#8829 = PCURVE('',#8830,#8835);
#8830 = PLANE('',#8831);
#8831 = AXIS2_PLACEMENT_3D('',#8832,#8833,#8834);
#8832 = CARTESIAN_POINT('',(-39.50073868596,-81.11728634059,-6.35));
#8833 = DIRECTION('',(0.,0.,1.));
#8834 = DIRECTION('',(0.5,0.866025403784,0.));
#8835 = DEFINITIONAL_REPRESENTATION('',(#8836),#8839);
#8836 = B_SPLINE_CURVE_WITH_KNOTS('',1,(#8837,#8838),.UNSPECIFIED.,.F.,
  .F.,(2,2),(-43.21388428261,-28.54918744519),.PIECEWISE_BEZIER_KNOTS.);
#8837 = CARTESIAN_POINT('',(125.92850725167,7.105427357601E-15));
#8838 = CARTESIAN_POINT('',(118.59615883296,12.7));
#8839 = ( GEOMETRIC_REPRESENTATION_CONTEXT(2) 
PARAMETRIC_REPRESENTATION_CONTEXT() REPRESENTATION_CONTEXT('2D SPACE',''
  ) );
#8840 = ORIENTED_EDGE('',*,*,#8841,.T.);
#8841 = EDGE_CURVE('',#8816,#8842,#8844,.T.);
#8842 = VERTEX_POINT('',#8843);
#8843 = CARTESIAN_POINT('',(22.860000729561,27.94,-15.24000072956));
#8844 = SURFACE_CURVE('',#8845,(#8849,#8856),.PCURVE_S1.);
#8845 = LINE('',#8846,#8847);
#8846 = CARTESIAN_POINT('',(22.860000729561,27.94,11.430000364546));
#8847 = VECTOR('',#8848,1.);
#8848 = DIRECTION('',(0.,-2.22044604925E-16,-1.));
#8849 = PCURVE('',#8201,#8850);
#8850 = DEFINITIONAL_REPRESENTATION('',(#8851),#8855);
#8851 = LINE('',#8852,#8853);
#8852 = CARTESIAN_POINT('',(-11.43000036501,22.860000729091));
#8853 = VECTOR('',#8854,1.);
#8854 = DIRECTION('',(1.,0.));
#8855 = ( GEOMETRIC_REPRESENTATION_CONTEXT(2) 
PARAMETRIC_REPRESENTATION_CONTEXT() REPRESENTATION_CONTEXT('2D SPACE',''
  ) );
#8856 = PCURVE('',#8751,#8857);
#8857 = DEFINITIONAL_REPRESENTATION('',(#8858),#8862);
#8858 = LINE('',#8859,#8860);
#8859 = CARTESIAN_POINT('',(11.430000365015,-2.537969915343E-15));
#8860 = VECTOR('',#8861,1.);
#8861 = DIRECTION('',(1.,-2.465190328816E-32));
#8862 = ( GEOMETRIC_REPRESENTATION_CONTEXT(2) 
PARAMETRIC_REPRESENTATION_CONTEXT() REPRESENTATION_CONTEXT('2D SPACE',''
  ) );
#8863 = ORIENTED_EDGE('',*,*,#8864,.F.);
#8864 = EDGE_CURVE('',#8865,#8842,#8867,.T.);
#8865 = VERTEX_POINT('',#8866);
#8866 = CARTESIAN_POINT('',(15.240000729561,27.94,-22.86000072956));
#8867 = SURFACE_CURVE('',#8868,(#8873,#8880),.PCURVE_S1.);
#8868 = CIRCLE('',#8869,7.62);
#8869 = AXIS2_PLACEMENT_3D('',#8870,#8871,#8872);
#8870 = CARTESIAN_POINT('',(15.240000729561,27.94,-15.24000072956));
#8871 = DIRECTION('',(0.,-1.,2.22044604925E-16));
#8872 = DIRECTION('',(0.707106781187,-1.570092458684E-16,-0.707106781187
    ));
#8873 = PCURVE('',#8201,#8874);
#8874 = DEFINITIONAL_REPRESENTATION('',(#8875),#8879);
#8875 = CIRCLE('',#8876,7.62);
#8876 = AXIS2_PLACEMENT_2D('',#8877,#8878);
#8877 = CARTESIAN_POINT('',(15.240000729091,15.240000729091));
#8878 = DIRECTION('',(0.707106781187,0.707106781187));
#8879 = ( GEOMETRIC_REPRESENTATION_CONTEXT(2) 
PARAMETRIC_REPRESENTATION_CONTEXT() REPRESENTATION_CONTEXT('2D SPACE',''
  ) );
#8880 = PCURVE('',#8881,#8886);
#8881 = CYLINDRICAL_SURFACE('',#8882,7.62);
#8882 = AXIS2_PLACEMENT_3D('',#8883,#8884,#8885);
#8883 = CARTESIAN_POINT('',(15.240000729561,27.94,-15.24000072956));
#8884 = DIRECTION('',(0.,1.,-4.370956789863E-16));
#8885 = DIRECTION('',(0.707106781187,-3.090733186385E-16,-0.707106781187
    ));
#8886 = DEFINITIONAL_REPRESENTATION('',(#8887),#8891);
#8887 = LINE('',#8888,#8889);
#8888 = CARTESIAN_POINT('',(6.28318530718,1.59872115546E-14));
#8889 = VECTOR('',#8890,1.);
#8890 = DIRECTION('',(-1.,-2.261727773485E-15));
#8891 = ( GEOMETRIC_REPRESENTATION_CONTEXT(2) 
PARAMETRIC_REPRESENTATION_CONTEXT() REPRESENTATION_CONTEXT('2D SPACE',''
  ) );
#8892 = ORIENTED_EDGE('',*,*,#8893,.T.);
#8893 = EDGE_CURVE('',#8865,#8894,#8896,.T.);
#8894 = VERTEX_POINT('',#8895);
#8895 = CARTESIAN_POINT('',(-15.24000072956,27.94,-22.86000072956));
#8896 = SURFACE_CURVE('',#8897,(#8901,#8908),.PCURVE_S1.);
#8897 = LINE('',#8898,#8899);
#8898 = CARTESIAN_POINT('',(11.430000365015,27.94,-22.86000072956));
#8899 = VECTOR('',#8900,1.);
#8900 = DIRECTION('',(-1.,0.,0.));
#8901 = PCURVE('',#8201,#8902);
#8902 = DEFINITIONAL_REPRESENTATION('',(#8903),#8907);
#8903 = LINE('',#8904,#8905);
#8904 = CARTESIAN_POINT('',(22.860000729091,11.430000364546));
#8905 = VECTOR('',#8906,1.);
#8906 = DIRECTION('',(-0.,-1.));
#8907 = ( GEOMETRIC_REPRESENTATION_CONTEXT(2) 
PARAMETRIC_REPRESENTATION_CONTEXT() REPRESENTATION_CONTEXT('2D SPACE',''
  ) );
#8908 = PCURVE('',#8909,#8914);
#8909 = PLANE('',#8910);
#8910 = AXIS2_PLACEMENT_3D('',#8911,#8912,#8913);
#8911 = CARTESIAN_POINT('',(22.860000729561,27.94,-22.86000072956));
#8912 = DIRECTION('',(0.,4.370956789863E-16,1.));
#8913 = DIRECTION('',(-1.,0.,0.));
#8914 = DEFINITIONAL_REPRESENTATION('',(#8915),#8919);
#8915 = LINE('',#8916,#8917);
#8916 = CARTESIAN_POINT('',(11.430000364546,0.));
#8917 = VECTOR('',#8918,1.);
#8918 = DIRECTION('',(1.,0.));
#8919 = ( GEOMETRIC_REPRESENTATION_CONTEXT(2) 
PARAMETRIC_REPRESENTATION_CONTEXT() REPRESENTATION_CONTEXT('2D SPACE',''
  ) );
#8920 = ORIENTED_EDGE('',*,*,#8921,.F.);
#8921 = EDGE_CURVE('',#8922,#8894,#8924,.T.);
#8922 = VERTEX_POINT('',#8923);
#8923 = CARTESIAN_POINT('',(-22.86000072956,27.94,-15.24000072956));
#8924 = SURFACE_CURVE('',#8925,(#8930,#8937),.PCURVE_S1.);
#8925 = CIRCLE('',#8926,7.62);
#8926 = AXIS2_PLACEMENT_3D('',#8927,#8928,#8929);
#8927 = CARTESIAN_POINT('',(-15.24000072956,27.94,-15.24000072956));
#8928 = DIRECTION('',(0.,-1.,2.22044604925E-16));
#8929 = DIRECTION('',(-0.707106781187,-1.570092458684E-16,
    -0.707106781187));
#8930 = PCURVE('',#8201,#8931);
#8931 = DEFINITIONAL_REPRESENTATION('',(#8932),#8936);
#8932 = CIRCLE('',#8933,7.62);
#8933 = AXIS2_PLACEMENT_2D('',#8934,#8935);
#8934 = CARTESIAN_POINT('',(15.240000729091,-15.24000073003));
#8935 = DIRECTION('',(0.707106781187,-0.707106781187));
#8936 = ( GEOMETRIC_REPRESENTATION_CONTEXT(2) 
PARAMETRIC_REPRESENTATION_CONTEXT() REPRESENTATION_CONTEXT('2D SPACE',''
  ) );
#8937 = PCURVE('',#8938,#8943);
#8938 = CYLINDRICAL_SURFACE('',#8939,7.62);
#8939 = AXIS2_PLACEMENT_3D('',#8940,#8941,#8942);
#8940 = CARTESIAN_POINT('',(-15.24000072956,27.94,-15.24000072956));
#8941 = DIRECTION('',(0.,1.,-4.370956789863E-16));
#8942 = DIRECTION('',(-0.707106781187,-3.090733186385E-16,
    -0.707106781187));
#8943 = DEFINITIONAL_REPRESENTATION('',(#8944),#8948);
#8944 = LINE('',#8945,#8946);
#8945 = CARTESIAN_POINT('',(6.28318530718,-1.24344978758E-14));
#8946 = VECTOR('',#8947,1.);
#8947 = DIRECTION('',(-1.,2.261727773485E-15));
#8948 = ( GEOMETRIC_REPRESENTATION_CONTEXT(2) 
PARAMETRIC_REPRESENTATION_CONTEXT() REPRESENTATION_CONTEXT('2D SPACE',''
  ) );
#8949 = ORIENTED_EDGE('',*,*,#8950,.T.);
#8950 = EDGE_CURVE('',#8922,#8951,#8953,.T.);
#8951 = VERTEX_POINT('',#8952);
#8952 = CARTESIAN_POINT('',(-22.86000072956,27.94,15.240000729561));
#8953 = SURFACE_CURVE('',#8954,(#8958,#8965),.PCURVE_S1.);
#8954 = LINE('',#8955,#8956);
#8955 = CARTESIAN_POINT('',(-22.86000072956,27.94,-11.43000036501));
#8956 = VECTOR('',#8957,1.);
#8957 = DIRECTION('',(0.,2.22044604925E-16,1.));
#8958 = PCURVE('',#8201,#8959);
#8959 = DEFINITIONAL_REPRESENTATION('',(#8960),#8964);
#8960 = LINE('',#8961,#8962);
#8961 = CARTESIAN_POINT('',(11.430000364546,-22.86000073003));
#8962 = VECTOR('',#8963,1.);
#8963 = DIRECTION('',(-1.,0.));
#8964 = ( GEOMETRIC_REPRESENTATION_CONTEXT(2) 
PARAMETRIC_REPRESENTATION_CONTEXT() REPRESENTATION_CONTEXT('2D SPACE',''
  ) );
#8965 = PCURVE('',#8966,#8971);
#8966 = PLANE('',#8967);
#8967 = AXIS2_PLACEMENT_3D('',#8968,#8969,#8970);
#8968 = CARTESIAN_POINT('',(-22.86000072956,27.94,-22.86000072956));
#8969 = DIRECTION('',(1.,0.,0.));
#8970 = DIRECTION('',(0.,2.22044604925E-16,1.));
#8971 = DEFINITIONAL_REPRESENTATION('',(#8972),#8976);
#8972 = LINE('',#8973,#8974);
#8973 = CARTESIAN_POINT('',(11.430000364546,2.537969915238E-15));
#8974 = VECTOR('',#8975,1.);
#8975 = DIRECTION('',(1.,2.465190328816E-32));
#8976 = ( GEOMETRIC_REPRESENTATION_CONTEXT(2) 
PARAMETRIC_REPRESENTATION_CONTEXT() REPRESENTATION_CONTEXT('2D SPACE',''
  ) );
#8977 = ORIENTED_EDGE('',*,*,#8978,.F.);
#8978 = EDGE_CURVE('',#8979,#8951,#8981,.T.);
#8979 = VERTEX_POINT('',#8980);
#8980 = CARTESIAN_POINT('',(-15.24000072956,27.94,22.860000729561));
#8981 = SURFACE_CURVE('',#8982,(#8987,#8994),.PCURVE_S1.);
#8982 = CIRCLE('',#8983,7.62);
#8983 = AXIS2_PLACEMENT_3D('',#8984,#8985,#8986);
#8984 = CARTESIAN_POINT('',(-15.24000072956,27.94,15.240000729561));
#8985 = DIRECTION('',(0.,-1.,2.22044604925E-16));
#8986 = DIRECTION('',(-0.707106781187,1.570092458684E-16,0.707106781187)
  );
#8987 = PCURVE('',#8201,#8988);
#8988 = DEFINITIONAL_REPRESENTATION('',(#8989),#8993);
#8989 = CIRCLE('',#8990,7.62);
#8990 = AXIS2_PLACEMENT_2D('',#8991,#8992);
#8991 = CARTESIAN_POINT('',(-15.24000073003,-15.24000073003));
#8992 = DIRECTION('',(-0.707106781187,-0.707106781187));
#8993 = ( GEOMETRIC_REPRESENTATION_CONTEXT(2) 
PARAMETRIC_REPRESENTATION_CONTEXT() REPRESENTATION_CONTEXT('2D SPACE',''
  ) );
#8994 = PCURVE('',#8995,#9000);
#8995 = CYLINDRICAL_SURFACE('',#8996,7.62);
#8996 = AXIS2_PLACEMENT_3D('',#8997,#8998,#8999);
#8997 = CARTESIAN_POINT('',(-15.24000072956,27.94,15.240000729561));
#8998 = DIRECTION('',(0.,1.,-4.370956789863E-16));
#8999 = DIRECTION('',(-0.707106781187,3.090733186385E-16,0.707106781187)
  );
#9000 = DEFINITIONAL_REPRESENTATION('',(#9001),#9005);
#9001 = LINE('',#9002,#9003);
#9002 = CARTESIAN_POINT('',(12.566370614359,-1.59872115546E-14));
#9003 = VECTOR('',#9004,1.);
#9004 = DIRECTION('',(-1.,2.261727773485E-15));
#9005 = ( GEOMETRIC_REPRESENTATION_CONTEXT(2) 
PARAMETRIC_REPRESENTATION_CONTEXT() REPRESENTATION_CONTEXT('2D SPACE',''
  ) );
#9006 = ORIENTED_EDGE('',*,*,#9007,.T.);
#9007 = EDGE_CURVE('',#8979,#8707,#9008,.T.);
#9008 = SURFACE_CURVE('',#9009,(#9013,#9020),.PCURVE_S1.);
#9009 = LINE('',#9010,#9011);
#9010 = CARTESIAN_POINT('',(-11.43000036454,27.94,22.860000729561));
#9011 = VECTOR('',#9012,1.);
#9012 = DIRECTION('',(1.,0.,0.));
#9013 = PCURVE('',#8201,#9014);
#9014 = DEFINITIONAL_REPRESENTATION('',(#9015),#9019);
#9015 = LINE('',#9016,#9017);
#9016 = CARTESIAN_POINT('',(-22.86000073003,-11.43000036501));
#9017 = VECTOR('',#9018,1.);
#9018 = DIRECTION('',(0.,1.));
#9019 = ( GEOMETRIC_REPRESENTATION_CONTEXT(2) 
PARAMETRIC_REPRESENTATION_CONTEXT() REPRESENTATION_CONTEXT('2D SPACE',''
  ) );
#9020 = PCURVE('',#9021,#9026);
#9021 = PLANE('',#9022);
#9022 = AXIS2_PLACEMENT_3D('',#9023,#9024,#9025);
#9023 = CARTESIAN_POINT('',(-22.86000072956,27.94,22.860000729561));
#9024 = DIRECTION('',(0.,-4.370956789863E-16,-1.));
#9025 = DIRECTION('',(1.,0.,0.));
#9026 = DEFINITIONAL_REPRESENTATION('',(#9027),#9031);
#9027 = LINE('',#9028,#9029);
#9028 = CARTESIAN_POINT('',(11.430000365015,0.));
#9029 = VECTOR('',#9030,1.);
#9030 = DIRECTION('',(1.,0.));
#9031 = ( GEOMETRIC_REPRESENTATION_CONTEXT(2) 
PARAMETRIC_REPRESENTATION_CONTEXT() REPRESENTATION_CONTEXT('2D SPACE',''
  ) );
#9032 = ADVANCED_FACE('',(#9033),#8604,.T.);
#9033 = FACE_BOUND('',#9034,.T.);
#9034 = EDGE_LOOP('',(#9035,#9065,#9094,#9115,#9116,#9139));
#9035 = ORIENTED_EDGE('',*,*,#9036,.F.);
#9036 = EDGE_CURVE('',#9037,#9039,#9041,.T.);
#9037 = VERTEX_POINT('',#9038);
#9038 = CARTESIAN_POINT('',(-39.86446935555,-80.90728634059,6.35));
#9039 = VERTEX_POINT('',#9040);
#9040 = CARTESIAN_POINT('',(-50.13553064444,-74.97728634059,6.35));
#9041 = SURFACE_CURVE('',#9042,(#9046,#9053),.PCURVE_S1.);
#9042 = LINE('',#9043,#9044);
#9043 = CARTESIAN_POINT('',(-39.50073868596,-81.11728634059,6.35));
#9044 = VECTOR('',#9045,1.);
#9045 = DIRECTION('',(-0.866025403784,0.5,0.));
#9046 = PCURVE('',#8604,#9047);
#9047 = DEFINITIONAL_REPRESENTATION('',(#9048),#9052);
#9048 = LINE('',#9049,#9050);
#9049 = CARTESIAN_POINT('',(0.,0.));
#9050 = VECTOR('',#9051,1.);
#9051 = DIRECTION('',(0.,1.));
#9052 = ( GEOMETRIC_REPRESENTATION_CONTEXT(2) 
PARAMETRIC_REPRESENTATION_CONTEXT() REPRESENTATION_CONTEXT('2D SPACE',''
  ) );
#9053 = PCURVE('',#9054,#9059);
#9054 = PLANE('',#9055);
#9055 = AXIS2_PLACEMENT_3D('',#9056,#9057,#9058);
#9056 = CARTESIAN_POINT('',(-39.50073868596,-81.11728634059,-6.35));
#9057 = DIRECTION('',(0.5,0.866025403784,0.));
#9058 = DIRECTION('',(0.,0.,1.));
#9059 = DEFINITIONAL_REPRESENTATION('',(#9060),#9064);
#9060 = LINE('',#9061,#9062);
#9061 = CARTESIAN_POINT('',(12.7,0.));
#9062 = VECTOR('',#9063,1.);
#9063 = DIRECTION('',(0.,-1.));
#9064 = ( GEOMETRIC_REPRESENTATION_CONTEXT(2) 
PARAMETRIC_REPRESENTATION_CONTEXT() REPRESENTATION_CONTEXT('2D SPACE',''
  ) );
#9065 = ORIENTED_EDGE('',*,*,#9066,.T.);
#9066 = EDGE_CURVE('',#9037,#9067,#9069,.T.);
#9067 = VERTEX_POINT('',#9068);
#9068 = CARTESIAN_POINT('',(-39.29073868596,-80.75355567101,6.35));
#9069 = SURFACE_CURVE('',#9070,(#9075,#9082),.PCURVE_S1.);
#9070 = CIRCLE('',#9071,0.42);
#9071 = AXIS2_PLACEMENT_3D('',#9072,#9073,#9074);
#9072 = CARTESIAN_POINT('',(-39.65446935555,-80.54355567101,6.35));
#9073 = DIRECTION('',(0.,0.,1.));
#9074 = DIRECTION('',(0.,-1.,0.));
#9075 = PCURVE('',#8604,#9076);
#9076 = DEFINITIONAL_REPRESENTATION('',(#9077),#9081);
#9077 = CIRCLE('',#9078,0.42);
#9078 = AXIS2_PLACEMENT_2D('',#9079,#9080);
#9079 = CARTESIAN_POINT('',(0.42,0.42));
#9080 = DIRECTION('',(-0.866025403784,-0.5));
#9081 = ( GEOMETRIC_REPRESENTATION_CONTEXT(2) 
PARAMETRIC_REPRESENTATION_CONTEXT() REPRESENTATION_CONTEXT('2D SPACE',''
  ) );
#9082 = PCURVE('',#9083,#9088);
#9083 = CYLINDRICAL_SURFACE('',#9084,0.42);
#9084 = AXIS2_PLACEMENT_3D('',#9085,#9086,#9087);
#9085 = CARTESIAN_POINT('',(-39.65446935555,-80.54355567101,-6.35));
#9086 = DIRECTION('',(0.,0.,1.));
#9087 = DIRECTION('',(-0.5,-0.866025403784,0.));
#9088 = DEFINITIONAL_REPRESENTATION('',(#9089),#9093);
#9089 = LINE('',#9090,#9091);
#9090 = CARTESIAN_POINT('',(-5.759586531581,12.7));
#9091 = VECTOR('',#9092,1.);
#9092 = DIRECTION('',(1.,0.));
#9093 = ( GEOMETRIC_REPRESENTATION_CONTEXT(2) 
PARAMETRIC_REPRESENTATION_CONTEXT() REPRESENTATION_CONTEXT('2D SPACE',''
  ) );
#9094 = ORIENTED_EDGE('',*,*,#9095,.T.);
#9095 = EDGE_CURVE('',#9067,#8590,#9096,.T.);
#9096 = SURFACE_CURVE('',#9097,(#9101,#9108),.PCURVE_S1.);
#9097 = LINE('',#9098,#9099);
#9098 = CARTESIAN_POINT('',(-39.50073868596,-81.11728634059,6.35));
#9099 = VECTOR('',#9100,1.);
#9100 = DIRECTION('',(0.5,0.866025403784,0.));
#9101 = PCURVE('',#8604,#9102);
#9102 = DEFINITIONAL_REPRESENTATION('',(#9103),#9107);
#9103 = LINE('',#9104,#9105);
#9104 = CARTESIAN_POINT('',(0.,0.));
#9105 = VECTOR('',#9106,1.);
#9106 = DIRECTION('',(1.,0.));
#9107 = ( GEOMETRIC_REPRESENTATION_CONTEXT(2) 
PARAMETRIC_REPRESENTATION_CONTEXT() REPRESENTATION_CONTEXT('2D SPACE',''
  ) );
#9108 = PCURVE('',#8680,#9109);
#9109 = DEFINITIONAL_REPRESENTATION('',(#9110),#9114);
#9110 = LINE('',#9111,#9112);
#9111 = CARTESIAN_POINT('',(12.7,0.));
#9112 = VECTOR('',#9113,1.);
#9113 = DIRECTION('',(0.,1.));
#9114 = ( GEOMETRIC_REPRESENTATION_CONTEXT(2) 
PARAMETRIC_REPRESENTATION_CONTEXT() REPRESENTATION_CONTEXT('2D SPACE',''
  ) );
#9115 = ORIENTED_EDGE('',*,*,#8587,.F.);
#9116 = ORIENTED_EDGE('',*,*,#9117,.F.);
#9117 = EDGE_CURVE('',#9118,#8588,#9120,.T.);
#9118 = VERTEX_POINT('',#9119);
#9119 = CARTESIAN_POINT('',(-50.28926131403,-74.40355567101,6.35));
#9120 = SURFACE_CURVE('',#9121,(#9125,#9132),.PCURVE_S1.);
#9121 = LINE('',#9122,#9123);
#9122 = CARTESIAN_POINT('',(-50.49926131403,-74.76728634059,6.35));
#9123 = VECTOR('',#9124,1.);
#9124 = DIRECTION('',(0.5,0.866025403784,0.));
#9125 = PCURVE('',#8604,#9126);
#9126 = DEFINITIONAL_REPRESENTATION('',(#9127),#9131);
#9127 = LINE('',#9128,#9129);
#9128 = CARTESIAN_POINT('',(-7.993605777301E-15,12.7));
#9129 = VECTOR('',#9130,1.);
#9130 = DIRECTION('',(1.,0.));
#9131 = ( GEOMETRIC_REPRESENTATION_CONTEXT(2) 
PARAMETRIC_REPRESENTATION_CONTEXT() REPRESENTATION_CONTEXT('2D SPACE',''
  ) );
#9132 = PCURVE('',#8630,#9133);
#9133 = DEFINITIONAL_REPRESENTATION('',(#9134),#9138);
#9134 = LINE('',#9135,#9136);
#9135 = CARTESIAN_POINT('',(12.7,0.));
#9136 = VECTOR('',#9137,1.);
#9137 = DIRECTION('',(0.,1.));
#9138 = ( GEOMETRIC_REPRESENTATION_CONTEXT(2) 
PARAMETRIC_REPRESENTATION_CONTEXT() REPRESENTATION_CONTEXT('2D SPACE',''
  ) );
#9139 = ORIENTED_EDGE('',*,*,#9140,.F.);
#9140 = EDGE_CURVE('',#9039,#9118,#9141,.T.);
#9141 = SURFACE_CURVE('',#9142,(#9147,#9158),.PCURVE_S1.);
#9142 = CIRCLE('',#9143,0.42);
#9143 = AXIS2_PLACEMENT_3D('',#9144,#9145,#9146);
#9144 = CARTESIAN_POINT('',(-49.92553064444,-74.61355567101,6.35));
#9145 = DIRECTION('',(-0.,-0.,-1.));
#9146 = DIRECTION('',(0.,-1.,0.));
#9147 = PCURVE('',#8604,#9148);
#9148 = DEFINITIONAL_REPRESENTATION('',(#9149),#9157);
#9149 = ( BOUNDED_CURVE() B_SPLINE_CURVE(2,(#9150,#9151,#9152,#9153,
#9154,#9155,#9156),.UNSPECIFIED.,.T.,.F.) B_SPLINE_CURVE_WITH_KNOTS((1,2
    ,2,2,2,1),(-2.094395102393,0.,2.094395102393,4.188790204786,
6.28318530718,8.377580409573),.UNSPECIFIED.) CURVE() 
GEOMETRIC_REPRESENTATION_ITEM() RATIONAL_B_SPLINE_CURVE((1.,0.5,1.,0.5,
1.,0.5,1.)) REPRESENTATION_ITEM('') );
#9150 = CARTESIAN_POINT('',(5.626933041054E-02,12.07));
#9151 = CARTESIAN_POINT('',(-0.307461339179,12.7));
#9152 = CARTESIAN_POINT('',(0.42,12.7));
#9153 = CARTESIAN_POINT('',(1.147461339179,12.7));
#9154 = CARTESIAN_POINT('',(0.783730669589,12.07));
#9155 = CARTESIAN_POINT('',(0.42,11.44));
#9156 = CARTESIAN_POINT('',(5.626933041054E-02,12.07));
#9157 = ( GEOMETRIC_REPRESENTATION_CONTEXT(2) 
PARAMETRIC_REPRESENTATION_CONTEXT() REPRESENTATION_CONTEXT('2D SPACE',''
  ) );
#9158 = PCURVE('',#9159,#9164);
#9159 = CYLINDRICAL_SURFACE('',#9160,0.42);
#9160 = AXIS2_PLACEMENT_3D('',#9161,#9162,#9163);
#9161 = CARTESIAN_POINT('',(-49.92553064444,-74.61355567101,-6.35));
#9162 = DIRECTION('',(0.,0.,1.));
#9163 = DIRECTION('',(-0.5,-0.866025403784,0.));
#9164 = DEFINITIONAL_REPRESENTATION('',(#9165),#9169);
#9165 = LINE('',#9166,#9167);
#9166 = CARTESIAN_POINT('',(0.523598775598,12.7));
#9167 = VECTOR('',#9168,1.);
#9168 = DIRECTION('',(-1.,0.));
#9169 = ( GEOMETRIC_REPRESENTATION_CONTEXT(2) 
PARAMETRIC_REPRESENTATION_CONTEXT() REPRESENTATION_CONTEXT('2D SPACE',''
  ) );
#9170 = ADVANCED_FACE('',(#9171),#8680,.F.);
#9171 = FACE_BOUND('',#9172,.F.);
#9172 = EDGE_LOOP('',(#9173,#9196,#9217,#9218));
#9173 = ORIENTED_EDGE('',*,*,#9174,.F.);
#9174 = EDGE_CURVE('',#9175,#8642,#9177,.T.);
#9175 = VERTEX_POINT('',#9176);
#9176 = CARTESIAN_POINT('',(-39.29073868596,-80.75355567101,-6.35));
#9177 = SURFACE_CURVE('',#9178,(#9182,#9189),.PCURVE_S1.);
#9178 = LINE('',#9179,#9180);
#9179 = CARTESIAN_POINT('',(-39.50073868596,-81.11728634059,-6.35));
#9180 = VECTOR('',#9181,1.);
#9181 = DIRECTION('',(0.5,0.866025403784,0.));
#9182 = PCURVE('',#8680,#9183);
#9183 = DEFINITIONAL_REPRESENTATION('',(#9184),#9188);
#9184 = LINE('',#9185,#9186);
#9185 = CARTESIAN_POINT('',(0.,0.));
#9186 = VECTOR('',#9187,1.);
#9187 = DIRECTION('',(0.,1.));
#9188 = ( GEOMETRIC_REPRESENTATION_CONTEXT(2) 
PARAMETRIC_REPRESENTATION_CONTEXT() REPRESENTATION_CONTEXT('2D SPACE',''
  ) );
#9189 = PCURVE('',#8656,#9190);
#9190 = DEFINITIONAL_REPRESENTATION('',(#9191),#9195);
#9191 = LINE('',#9192,#9193);
#9192 = CARTESIAN_POINT('',(0.,0.));
#9193 = VECTOR('',#9194,1.);
#9194 = DIRECTION('',(1.,0.));
#9195 = ( GEOMETRIC_REPRESENTATION_CONTEXT(2) 
PARAMETRIC_REPRESENTATION_CONTEXT() REPRESENTATION_CONTEXT('2D SPACE',''
  ) );
#9196 = ORIENTED_EDGE('',*,*,#9197,.T.);
#9197 = EDGE_CURVE('',#9175,#9067,#9198,.T.);
#9198 = SURFACE_CURVE('',#9199,(#9203,#9210),.PCURVE_S1.);
#9199 = LINE('',#9200,#9201);
#9200 = CARTESIAN_POINT('',(-39.29073868596,-80.75355567101,-6.35));
#9201 = VECTOR('',#9202,1.);
#9202 = DIRECTION('',(0.,0.,1.));
#9203 = PCURVE('',#8680,#9204);
#9204 = DEFINITIONAL_REPRESENTATION('',(#9205),#9209);
#9205 = LINE('',#9206,#9207);
#9206 = CARTESIAN_POINT('',(0.,0.42));
#9207 = VECTOR('',#9208,1.);
#9208 = DIRECTION('',(1.,0.));
#9209 = ( GEOMETRIC_REPRESENTATION_CONTEXT(2) 
PARAMETRIC_REPRESENTATION_CONTEXT() REPRESENTATION_CONTEXT('2D SPACE',''
  ) );
#9210 = PCURVE('',#9083,#9211);
#9211 = DEFINITIONAL_REPRESENTATION('',(#9212),#9216);
#9212 = LINE('',#9213,#9214);
#9213 = CARTESIAN_POINT('',(1.570796326795,0.));
#9214 = VECTOR('',#9215,1.);
#9215 = DIRECTION('',(0.,1.));
#9216 = ( GEOMETRIC_REPRESENTATION_CONTEXT(2) 
PARAMETRIC_REPRESENTATION_CONTEXT() REPRESENTATION_CONTEXT('2D SPACE',''
  ) );
#9217 = ORIENTED_EDGE('',*,*,#9095,.T.);
#9218 = ORIENTED_EDGE('',*,*,#8667,.F.);
#9219 = ADVANCED_FACE('',(#9220),#8656,.F.);
#9220 = FACE_BOUND('',#9221,.F.);
#9221 = EDGE_LOOP('',(#9222,#9247,#9269,#9270,#9271,#9294));
#9222 = ORIENTED_EDGE('',*,*,#9223,.F.);
#9223 = EDGE_CURVE('',#9224,#9226,#9228,.T.);
#9224 = VERTEX_POINT('',#9225);
#9225 = CARTESIAN_POINT('',(-39.86446935555,-80.90728634059,-6.35));
#9226 = VERTEX_POINT('',#9227);
#9227 = CARTESIAN_POINT('',(-50.13553064444,-74.97728634059,-6.35));
#9228 = SURFACE_CURVE('',#9229,(#9233,#9240),.PCURVE_S1.);
#9229 = LINE('',#9230,#9231);
#9230 = CARTESIAN_POINT('',(-39.50073868596,-81.11728634059,-6.35));
#9231 = VECTOR('',#9232,1.);
#9232 = DIRECTION('',(-0.866025403784,0.5,0.));
#9233 = PCURVE('',#8656,#9234);
#9234 = DEFINITIONAL_REPRESENTATION('',(#9235),#9239);
#9235 = LINE('',#9236,#9237);
#9236 = CARTESIAN_POINT('',(0.,0.));
#9237 = VECTOR('',#9238,1.);
#9238 = DIRECTION('',(0.,1.));
#9239 = ( GEOMETRIC_REPRESENTATION_CONTEXT(2) 
PARAMETRIC_REPRESENTATION_CONTEXT() REPRESENTATION_CONTEXT('2D SPACE',''
  ) );
#9240 = PCURVE('',#9054,#9241);
#9241 = DEFINITIONAL_REPRESENTATION('',(#9242),#9246);
#9242 = LINE('',#9243,#9244);
#9243 = CARTESIAN_POINT('',(0.,0.));
#9244 = VECTOR('',#9245,1.);
#9245 = DIRECTION('',(0.,-1.));
#9246 = ( GEOMETRIC_REPRESENTATION_CONTEXT(2) 
PARAMETRIC_REPRESENTATION_CONTEXT() REPRESENTATION_CONTEXT('2D SPACE',''
  ) );
#9247 = ORIENTED_EDGE('',*,*,#9248,.T.);
#9248 = EDGE_CURVE('',#9224,#9175,#9249,.T.);
#9249 = SURFACE_CURVE('',#9250,(#9255,#9262),.PCURVE_S1.);
#9250 = CIRCLE('',#9251,0.42);
#9251 = AXIS2_PLACEMENT_3D('',#9252,#9253,#9254);
#9252 = CARTESIAN_POINT('',(-39.65446935555,-80.54355567101,-6.35));
#9253 = DIRECTION('',(0.,0.,1.));
#9254 = DIRECTION('',(0.,-1.,0.));
#9255 = PCURVE('',#8656,#9256);
#9256 = DEFINITIONAL_REPRESENTATION('',(#9257),#9261);
#9257 = CIRCLE('',#9258,0.42);
#9258 = AXIS2_PLACEMENT_2D('',#9259,#9260);
#9259 = CARTESIAN_POINT('',(0.42,0.42));
#9260 = DIRECTION('',(-0.866025403784,-0.5));
#9261 = ( GEOMETRIC_REPRESENTATION_CONTEXT(2) 
PARAMETRIC_REPRESENTATION_CONTEXT() REPRESENTATION_CONTEXT('2D SPACE',''
  ) );
#9262 = PCURVE('',#9083,#9263);
#9263 = DEFINITIONAL_REPRESENTATION('',(#9264),#9268);
#9264 = LINE('',#9265,#9266);
#9265 = CARTESIAN_POINT('',(-5.759586531581,0.));
#9266 = VECTOR('',#9267,1.);
#9267 = DIRECTION('',(1.,0.));
#9268 = ( GEOMETRIC_REPRESENTATION_CONTEXT(2) 
PARAMETRIC_REPRESENTATION_CONTEXT() REPRESENTATION_CONTEXT('2D SPACE',''
  ) );
#9269 = ORIENTED_EDGE('',*,*,#9174,.T.);
#9270 = ORIENTED_EDGE('',*,*,#8641,.F.);
#9271 = ORIENTED_EDGE('',*,*,#9272,.F.);
#9272 = EDGE_CURVE('',#9273,#8616,#9275,.T.);
#9273 = VERTEX_POINT('',#9274);
#9274 = CARTESIAN_POINT('',(-50.28926131403,-74.40355567101,-6.35));
#9275 = SURFACE_CURVE('',#9276,(#9280,#9287),.PCURVE_S1.);
#9276 = LINE('',#9277,#9278);
#9277 = CARTESIAN_POINT('',(-50.49926131403,-74.76728634059,-6.35));
#9278 = VECTOR('',#9279,1.);
#9279 = DIRECTION('',(0.5,0.866025403784,0.));
#9280 = PCURVE('',#8656,#9281);
#9281 = DEFINITIONAL_REPRESENTATION('',(#9282),#9286);
#9282 = LINE('',#9283,#9284);
#9283 = CARTESIAN_POINT('',(-7.993605777301E-15,12.7));
#9284 = VECTOR('',#9285,1.);
#9285 = DIRECTION('',(1.,0.));
#9286 = ( GEOMETRIC_REPRESENTATION_CONTEXT(2) 
PARAMETRIC_REPRESENTATION_CONTEXT() REPRESENTATION_CONTEXT('2D SPACE',''
  ) );
#9287 = PCURVE('',#8630,#9288);
#9288 = DEFINITIONAL_REPRESENTATION('',(#9289),#9293);
#9289 = LINE('',#9290,#9291);
#9290 = CARTESIAN_POINT('',(0.,0.));
#9291 = VECTOR('',#9292,1.);
#9292 = DIRECTION('',(0.,1.));
#9293 = ( GEOMETRIC_REPRESENTATION_CONTEXT(2) 
PARAMETRIC_REPRESENTATION_CONTEXT() REPRESENTATION_CONTEXT('2D SPACE',''
  ) );
#9294 = ORIENTED_EDGE('',*,*,#9295,.F.);
#9295 = EDGE_CURVE('',#9226,#9273,#9296,.T.);
#9296 = SURFACE_CURVE('',#9297,(#9302,#9313),.PCURVE_S1.);
#9297 = CIRCLE('',#9298,0.42);
#9298 = AXIS2_PLACEMENT_3D('',#9299,#9300,#9301);
#9299 = CARTESIAN_POINT('',(-49.92553064444,-74.61355567101,-6.35));
#9300 = DIRECTION('',(-0.,-0.,-1.));
#9301 = DIRECTION('',(0.,-1.,0.));
#9302 = PCURVE('',#8656,#9303);
#9303 = DEFINITIONAL_REPRESENTATION('',(#9304),#9312);
#9304 = ( BOUNDED_CURVE() B_SPLINE_CURVE(2,(#9305,#9306,#9307,#9308,
#9309,#9310,#9311),.UNSPECIFIED.,.T.,.F.) B_SPLINE_CURVE_WITH_KNOTS((1,2
    ,2,2,2,1),(-2.094395102393,0.,2.094395102393,4.188790204786,
6.28318530718,8.377580409573),.UNSPECIFIED.) CURVE() 
GEOMETRIC_REPRESENTATION_ITEM() RATIONAL_B_SPLINE_CURVE((1.,0.5,1.,0.5,
1.,0.5,1.)) REPRESENTATION_ITEM('') );
#9305 = CARTESIAN_POINT('',(5.626933041054E-02,12.07));
#9306 = CARTESIAN_POINT('',(-0.307461339179,12.7));
#9307 = CARTESIAN_POINT('',(0.42,12.7));
#9308 = CARTESIAN_POINT('',(1.147461339179,12.7));
#9309 = CARTESIAN_POINT('',(0.783730669589,12.07));
#9310 = CARTESIAN_POINT('',(0.42,11.44));
#9311 = CARTESIAN_POINT('',(5.626933041054E-02,12.07));
#9312 = ( GEOMETRIC_REPRESENTATION_CONTEXT(2) 
PARAMETRIC_REPRESENTATION_CONTEXT() REPRESENTATION_CONTEXT('2D SPACE',''
  ) );
#9313 = PCURVE('',#9159,#9314);
#9314 = DEFINITIONAL_REPRESENTATION('',(#9315),#9319);
#9315 = LINE('',#9316,#9317);
#9316 = CARTESIAN_POINT('',(0.523598775598,-0.));
#9317 = VECTOR('',#9318,1.);
#9318 = DIRECTION('',(-1.,0.));
#9319 = ( GEOMETRIC_REPRESENTATION_CONTEXT(2) 
PARAMETRIC_REPRESENTATION_CONTEXT() REPRESENTATION_CONTEXT('2D SPACE',''
  ) );
#9320 = ADVANCED_FACE('',(#9321),#8630,.T.);
#9321 = FACE_BOUND('',#9322,.T.);
#9322 = EDGE_LOOP('',(#9323,#9324,#9345,#9346));
#9323 = ORIENTED_EDGE('',*,*,#9272,.F.);
#9324 = ORIENTED_EDGE('',*,*,#9325,.T.);
#9325 = EDGE_CURVE('',#9273,#9118,#9326,.T.);
#9326 = SURFACE_CURVE('',#9327,(#9331,#9338),.PCURVE_S1.);
#9327 = LINE('',#9328,#9329);
#9328 = CARTESIAN_POINT('',(-50.28926131403,-74.40355567101,-6.35));
#9329 = VECTOR('',#9330,1.);
#9330 = DIRECTION('',(0.,0.,1.));
#9331 = PCURVE('',#8630,#9332);
#9332 = DEFINITIONAL_REPRESENTATION('',(#9333),#9337);
#9333 = LINE('',#9334,#9335);
#9334 = CARTESIAN_POINT('',(0.,0.42));
#9335 = VECTOR('',#9336,1.);
#9336 = DIRECTION('',(1.,0.));
#9337 = ( GEOMETRIC_REPRESENTATION_CONTEXT(2) 
PARAMETRIC_REPRESENTATION_CONTEXT() REPRESENTATION_CONTEXT('2D SPACE',''
  ) );
#9338 = PCURVE('',#9159,#9339);
#9339 = DEFINITIONAL_REPRESENTATION('',(#9340),#9344);
#9340 = LINE('',#9341,#9342);
#9341 = CARTESIAN_POINT('',(-1.570796326795,0.));
#9342 = VECTOR('',#9343,1.);
#9343 = DIRECTION('',(-0.,1.));
#9344 = ( GEOMETRIC_REPRESENTATION_CONTEXT(2) 
PARAMETRIC_REPRESENTATION_CONTEXT() REPRESENTATION_CONTEXT('2D SPACE',''
  ) );
#9345 = ORIENTED_EDGE('',*,*,#9117,.T.);
#9346 = ORIENTED_EDGE('',*,*,#8615,.F.);
#9347 = ADVANCED_FACE('',(#9348),#8723,.F.);
#9348 = FACE_BOUND('',#9349,.F.);
#9349 = EDGE_LOOP('',(#9350,#9373,#9374,#9397));
#9350 = ORIENTED_EDGE('',*,*,#9351,.T.);
#9351 = EDGE_CURVE('',#9352,#8705,#9354,.T.);
#9352 = VERTEX_POINT('',#9353);
#9353 = CARTESIAN_POINT('',(22.860000729561,17.78,15.240000729561));
#9354 = SURFACE_CURVE('',#9355,(#9359,#9366),.PCURVE_S1.);
#9355 = LINE('',#9356,#9357);
#9356 = CARTESIAN_POINT('',(22.860000729561,27.94,15.240000729561));
#9357 = VECTOR('',#9358,1.);
#9358 = DIRECTION('',(0.,1.,-4.370956789863E-16));
#9359 = PCURVE('',#8723,#9360);
#9360 = DEFINITIONAL_REPRESENTATION('',(#9361),#9365);
#9361 = LINE('',#9362,#9363);
#9362 = CARTESIAN_POINT('',(7.068583470577,0.));
#9363 = VECTOR('',#9364,1.);
#9364 = DIRECTION('',(9.834652777191E-17,1.));
#9365 = ( GEOMETRIC_REPRESENTATION_CONTEXT(2) 
PARAMETRIC_REPRESENTATION_CONTEXT() REPRESENTATION_CONTEXT('2D SPACE',''
  ) );
#9366 = PCURVE('',#8751,#9367);
#9367 = DEFINITIONAL_REPRESENTATION('',(#9368),#9372);
#9368 = LINE('',#9369,#9370);
#9369 = CARTESIAN_POINT('',(7.62,-1.691979889529E-15));
#9370 = VECTOR('',#9371,1.);
#9371 = DIRECTION('',(2.150510740613E-16,-1.));
#9372 = ( GEOMETRIC_REPRESENTATION_CONTEXT(2) 
PARAMETRIC_REPRESENTATION_CONTEXT() REPRESENTATION_CONTEXT('2D SPACE',''
  ) );
#9373 = ORIENTED_EDGE('',*,*,#8704,.T.);
#9374 = ORIENTED_EDGE('',*,*,#9375,.T.);
#9375 = EDGE_CURVE('',#8707,#9376,#9378,.T.);
#9376 = VERTEX_POINT('',#9377);
#9377 = CARTESIAN_POINT('',(15.240000729561,17.78,22.860000729561));
#9378 = SURFACE_CURVE('',#9379,(#9383,#9390),.PCURVE_S1.);
#9379 = LINE('',#9380,#9381);
#9380 = CARTESIAN_POINT('',(15.240000729561,27.94,22.860000729561));
#9381 = VECTOR('',#9382,1.);
#9382 = DIRECTION('',(0.,-1.,4.370956789863E-16));
#9383 = PCURVE('',#8723,#9384);
#9384 = DEFINITIONAL_REPRESENTATION('',(#9385),#9389);
#9385 = LINE('',#9386,#9387);
#9386 = CARTESIAN_POINT('',(5.497787143782,-3.552713678801E-15));
#9387 = VECTOR('',#9388,1.);
#9388 = DIRECTION('',(0.,-1.));
#9389 = ( GEOMETRIC_REPRESENTATION_CONTEXT(2) 
PARAMETRIC_REPRESENTATION_CONTEXT() REPRESENTATION_CONTEXT('2D SPACE',''
  ) );
#9390 = PCURVE('',#9021,#9391);
#9391 = DEFINITIONAL_REPRESENTATION('',(#9392),#9396);
#9392 = LINE('',#9393,#9394);
#9393 = CARTESIAN_POINT('',(38.100001459122,0.));
#9394 = VECTOR('',#9395,1.);
#9395 = DIRECTION('',(0.,1.));
#9396 = ( GEOMETRIC_REPRESENTATION_CONTEXT(2) 
PARAMETRIC_REPRESENTATION_CONTEXT() REPRESENTATION_CONTEXT('2D SPACE',''
  ) );
#9397 = ORIENTED_EDGE('',*,*,#9398,.F.);
#9398 = EDGE_CURVE('',#9352,#9376,#9399,.T.);
#9399 = SURFACE_CURVE('',#9400,(#9405,#9412),.PCURVE_S1.);
#9400 = CIRCLE('',#9401,7.62);
#9401 = AXIS2_PLACEMENT_3D('',#9402,#9403,#9404);
#9402 = CARTESIAN_POINT('',(15.240000729561,17.78,15.240000729561));
#9403 = DIRECTION('',(0.,-1.,4.370956789863E-16));
#9404 = DIRECTION('',(0.707106781187,3.090733186385E-16,0.707106781187)
  );
#9405 = PCURVE('',#8723,#9406);
#9406 = DEFINITIONAL_REPRESENTATION('',(#9407),#9411);
#9407 = LINE('',#9408,#9409);
#9408 = CARTESIAN_POINT('',(12.566370614359,-10.16));
#9409 = VECTOR('',#9410,1.);
#9410 = DIRECTION('',(-1.,0.));
#9411 = ( GEOMETRIC_REPRESENTATION_CONTEXT(2) 
PARAMETRIC_REPRESENTATION_CONTEXT() REPRESENTATION_CONTEXT('2D SPACE',''
  ) );
#9412 = PCURVE('',#9413,#9418);
#9413 = PLANE('',#9414);
#9414 = AXIS2_PLACEMENT_3D('',#9415,#9416,#9417);
#9415 = CARTESIAN_POINT('',(0.,17.78,-2.958228394579E-30));
#9416 = DIRECTION('',(0.,1.,-4.370956789863E-16));
#9417 = DIRECTION('',(0.,4.370956789863E-16,1.));
#9418 = DEFINITIONAL_REPRESENTATION('',(#9419),#9427);
#9419 = ( BOUNDED_CURVE() B_SPLINE_CURVE(2,(#9420,#9421,#9422,#9423,
#9424,#9425,#9426),.UNSPECIFIED.,.T.,.F.) B_SPLINE_CURVE_WITH_KNOTS((1,2
    ,2,2,2,1),(-2.094395102393,0.,2.094395102393,4.188790204786,
6.28318530718,8.377580409573),.UNSPECIFIED.) CURVE() 
GEOMETRIC_REPRESENTATION_ITEM() RATIONAL_B_SPLINE_CURVE((1.,0.5,1.,0.5,
1.,0.5,1.)) REPRESENTATION_ITEM('') );
#9420 = CARTESIAN_POINT('',(20.628154402202,20.628154402202));
#9421 = CARTESIAN_POINT('',(29.960710322206,11.295598482198));
#9422 = CARTESIAN_POINT('',(17.212201853242,7.879645933238));
#9423 = CARTESIAN_POINT('',(4.463693384278,4.463693384278));
#9424 = CARTESIAN_POINT('',(7.879645933238,17.212201853242));
#9425 = CARTESIAN_POINT('',(11.295598482198,29.960710322206));
#9426 = CARTESIAN_POINT('',(20.628154402202,20.628154402202));
#9427 = ( GEOMETRIC_REPRESENTATION_CONTEXT(2) 
PARAMETRIC_REPRESENTATION_CONTEXT() REPRESENTATION_CONTEXT('2D SPACE',''
  ) );
#9428 = ADVANCED_FACE('',(#9429),#9021,.T.);
#9429 = FACE_BOUND('',#9430,.T.);
#9430 = EDGE_LOOP('',(#9431,#9454,#9455,#9456));
#9431 = ORIENTED_EDGE('',*,*,#9432,.T.);
#9432 = EDGE_CURVE('',#9433,#8979,#9435,.T.);
#9433 = VERTEX_POINT('',#9434);
#9434 = CARTESIAN_POINT('',(-15.24000072956,17.78,22.860000729561));
#9435 = SURFACE_CURVE('',#9436,(#9440,#9447),.PCURVE_S1.);
#9436 = LINE('',#9437,#9438);
#9437 = CARTESIAN_POINT('',(-15.24000072956,27.94,22.860000729561));
#9438 = VECTOR('',#9439,1.);
#9439 = DIRECTION('',(0.,1.,-4.370956789863E-16));
#9440 = PCURVE('',#9021,#9441);
#9441 = DEFINITIONAL_REPRESENTATION('',(#9442),#9446);
#9442 = LINE('',#9443,#9444);
#9443 = CARTESIAN_POINT('',(7.62,0.));
#9444 = VECTOR('',#9445,1.);
#9445 = DIRECTION('',(0.,-1.));
#9446 = ( GEOMETRIC_REPRESENTATION_CONTEXT(2) 
PARAMETRIC_REPRESENTATION_CONTEXT() REPRESENTATION_CONTEXT('2D SPACE',''
  ) );
#9447 = PCURVE('',#8995,#9448);
#9448 = DEFINITIONAL_REPRESENTATION('',(#9449),#9453);
#9449 = LINE('',#9450,#9451);
#9450 = CARTESIAN_POINT('',(7.068583470577,-3.552713678801E-15));
#9451 = VECTOR('',#9452,1.);
#9452 = DIRECTION('',(0.,1.));
#9453 = ( GEOMETRIC_REPRESENTATION_CONTEXT(2) 
PARAMETRIC_REPRESENTATION_CONTEXT() REPRESENTATION_CONTEXT('2D SPACE',''
  ) );
#9454 = ORIENTED_EDGE('',*,*,#9007,.T.);
#9455 = ORIENTED_EDGE('',*,*,#9375,.T.);
#9456 = ORIENTED_EDGE('',*,*,#9457,.F.);
#9457 = EDGE_CURVE('',#9433,#9376,#9458,.T.);
#9458 = SURFACE_CURVE('',#9459,(#9463,#9470),.PCURVE_S1.);
#9459 = LINE('',#9460,#9461);
#9460 = CARTESIAN_POINT('',(-22.86000072956,17.78,22.860000729561));
#9461 = VECTOR('',#9462,1.);
#9462 = DIRECTION('',(1.,0.,0.));
#9463 = PCURVE('',#9021,#9464);
#9464 = DEFINITIONAL_REPRESENTATION('',(#9465),#9469);
#9465 = LINE('',#9466,#9467);
#9466 = CARTESIAN_POINT('',(0.,10.16));
#9467 = VECTOR('',#9468,1.);
#9468 = DIRECTION('',(1.,0.));
#9469 = ( GEOMETRIC_REPRESENTATION_CONTEXT(2) 
PARAMETRIC_REPRESENTATION_CONTEXT() REPRESENTATION_CONTEXT('2D SPACE',''
  ) );
#9470 = PCURVE('',#9413,#9471);
#9471 = DEFINITIONAL_REPRESENTATION('',(#9472),#9476);
#9472 = LINE('',#9473,#9474);
#9473 = CARTESIAN_POINT('',(22.860000729561,-22.86000072956));
#9474 = VECTOR('',#9475,1.);
#9475 = DIRECTION('',(0.,1.));
#9476 = ( GEOMETRIC_REPRESENTATION_CONTEXT(2) 
PARAMETRIC_REPRESENTATION_CONTEXT() REPRESENTATION_CONTEXT('2D SPACE',''
  ) );
#9477 = ADVANCED_FACE('',(#9478),#8995,.F.);
#9478 = FACE_BOUND('',#9479,.F.);
#9479 = EDGE_LOOP('',(#9480,#9481,#9482,#9505));
#9480 = ORIENTED_EDGE('',*,*,#9432,.T.);
#9481 = ORIENTED_EDGE('',*,*,#8978,.T.);
#9482 = ORIENTED_EDGE('',*,*,#9483,.T.);
#9483 = EDGE_CURVE('',#8951,#9484,#9486,.T.);
#9484 = VERTEX_POINT('',#9485);
#9485 = CARTESIAN_POINT('',(-22.86000072956,17.78,15.240000729561));
#9486 = SURFACE_CURVE('',#9487,(#9491,#9498),.PCURVE_S1.);
#9487 = LINE('',#9488,#9489);
#9488 = CARTESIAN_POINT('',(-22.86000072956,27.94,15.240000729561));
#9489 = VECTOR('',#9490,1.);
#9490 = DIRECTION('',(0.,-1.,4.370956789863E-16));
#9491 = PCURVE('',#8995,#9492);
#9492 = DEFINITIONAL_REPRESENTATION('',(#9493),#9497);
#9493 = LINE('',#9494,#9495);
#9494 = CARTESIAN_POINT('',(5.497787143782,0.));
#9495 = VECTOR('',#9496,1.);
#9496 = DIRECTION('',(8.741913579726E-17,-1.));
#9497 = ( GEOMETRIC_REPRESENTATION_CONTEXT(2) 
PARAMETRIC_REPRESENTATION_CONTEXT() REPRESENTATION_CONTEXT('2D SPACE',''
  ) );
#9498 = PCURVE('',#8966,#9499);
#9499 = DEFINITIONAL_REPRESENTATION('',(#9500),#9504);
#9500 = LINE('',#9501,#9502);
#9501 = CARTESIAN_POINT('',(38.100001459122,8.459899771634E-15));
#9502 = VECTOR('',#9503,1.);
#9503 = DIRECTION('',(2.150510740613E-16,1.));
#9504 = ( GEOMETRIC_REPRESENTATION_CONTEXT(2) 
PARAMETRIC_REPRESENTATION_CONTEXT() REPRESENTATION_CONTEXT('2D SPACE',''
  ) );
#9505 = ORIENTED_EDGE('',*,*,#9506,.F.);
#9506 = EDGE_CURVE('',#9433,#9484,#9507,.T.);
#9507 = SURFACE_CURVE('',#9508,(#9513,#9520),.PCURVE_S1.);
#9508 = CIRCLE('',#9509,7.62);
#9509 = AXIS2_PLACEMENT_3D('',#9510,#9511,#9512);
#9510 = CARTESIAN_POINT('',(-15.24000072956,17.78,15.240000729561));
#9511 = DIRECTION('',(0.,-1.,4.370956789863E-16));
#9512 = DIRECTION('',(-0.707106781187,3.090733186385E-16,0.707106781187)
  );
#9513 = PCURVE('',#8995,#9514);
#9514 = DEFINITIONAL_REPRESENTATION('',(#9515),#9519);
#9515 = LINE('',#9516,#9517);
#9516 = CARTESIAN_POINT('',(12.566370614359,-10.16));
#9517 = VECTOR('',#9518,1.);
#9518 = DIRECTION('',(-1.,0.));
#9519 = ( GEOMETRIC_REPRESENTATION_CONTEXT(2) 
PARAMETRIC_REPRESENTATION_CONTEXT() REPRESENTATION_CONTEXT('2D SPACE',''
  ) );
#9520 = PCURVE('',#9413,#9521);
#9521 = DEFINITIONAL_REPRESENTATION('',(#9522),#9530);
#9522 = ( BOUNDED_CURVE() B_SPLINE_CURVE(2,(#9523,#9524,#9525,#9526,
#9527,#9528,#9529),.UNSPECIFIED.,.T.,.F.) B_SPLINE_CURVE_WITH_KNOTS((1,2
    ,2,2,2,1),(-2.094395102393,0.,2.094395102393,4.188790204786,
6.28318530718,8.377580409573),.UNSPECIFIED.) CURVE() 
GEOMETRIC_REPRESENTATION_ITEM() RATIONAL_B_SPLINE_CURVE((1.,0.5,1.,0.5,
1.,0.5,1.)) REPRESENTATION_ITEM('') );
#9523 = CARTESIAN_POINT('',(20.628154402202,-20.6281544022));
#9524 = CARTESIAN_POINT('',(11.295598482198,-29.9607103222));
#9525 = CARTESIAN_POINT('',(7.879645933238,-17.21220185324));
#9526 = CARTESIAN_POINT('',(4.463693384278,-4.463693384278));
#9527 = CARTESIAN_POINT('',(17.212201853242,-7.879645933238));
#9528 = CARTESIAN_POINT('',(29.960710322206,-11.29559848219));
#9529 = CARTESIAN_POINT('',(20.628154402202,-20.6281544022));
#9530 = ( GEOMETRIC_REPRESENTATION_CONTEXT(2) 
PARAMETRIC_REPRESENTATION_CONTEXT() REPRESENTATION_CONTEXT('2D SPACE',''
  ) );
#9531 = ADVANCED_FACE('',(#9532),#8966,.T.);
#9532 = FACE_BOUND('',#9533,.T.);
#9533 = EDGE_LOOP('',(#9534,#9557,#9558,#9559));
#9534 = ORIENTED_EDGE('',*,*,#9535,.T.);
#9535 = EDGE_CURVE('',#9536,#8922,#9538,.T.);
#9536 = VERTEX_POINT('',#9537);
#9537 = CARTESIAN_POINT('',(-22.86000072956,17.78,-15.24000072956));
#9538 = SURFACE_CURVE('',#9539,(#9543,#9550),.PCURVE_S1.);
#9539 = LINE('',#9540,#9541);
#9540 = CARTESIAN_POINT('',(-22.86000072956,27.94,-15.24000072956));
#9541 = VECTOR('',#9542,1.);
#9542 = DIRECTION('',(0.,1.,-4.370956789863E-16));
#9543 = PCURVE('',#8966,#9544);
#9544 = DEFINITIONAL_REPRESENTATION('',(#9545),#9549);
#9545 = LINE('',#9546,#9547);
#9546 = CARTESIAN_POINT('',(7.62,1.691979889529E-15));
#9547 = VECTOR('',#9548,1.);
#9548 = DIRECTION('',(-2.150510740613E-16,-1.));
#9549 = ( GEOMETRIC_REPRESENTATION_CONTEXT(2) 
PARAMETRIC_REPRESENTATION_CONTEXT() REPRESENTATION_CONTEXT('2D SPACE',''
  ) );
#9550 = PCURVE('',#8938,#9551);
#9551 = DEFINITIONAL_REPRESENTATION('',(#9552),#9556);
#9552 = LINE('',#9553,#9554);
#9553 = CARTESIAN_POINT('',(0.785398163397,0.));
#9554 = VECTOR('',#9555,1.);
#9555 = DIRECTION('',(-2.185478394931E-17,1.));
#9556 = ( GEOMETRIC_REPRESENTATION_CONTEXT(2) 
PARAMETRIC_REPRESENTATION_CONTEXT() REPRESENTATION_CONTEXT('2D SPACE',''
  ) );
#9557 = ORIENTED_EDGE('',*,*,#8950,.T.);
#9558 = ORIENTED_EDGE('',*,*,#9483,.T.);
#9559 = ORIENTED_EDGE('',*,*,#9560,.F.);
#9560 = EDGE_CURVE('',#9536,#9484,#9561,.T.);
#9561 = SURFACE_CURVE('',#9562,(#9566,#9573),.PCURVE_S1.);
#9562 = LINE('',#9563,#9564);
#9563 = CARTESIAN_POINT('',(-22.86000072956,17.78,-22.86000072956));
#9564 = VECTOR('',#9565,1.);
#9565 = DIRECTION('',(0.,2.22044604925E-16,1.));
#9566 = PCURVE('',#8966,#9567);
#9567 = DEFINITIONAL_REPRESENTATION('',(#9568),#9572);
#9568 = LINE('',#9569,#9570);
#9569 = CARTESIAN_POINT('',(1.007727234992E-13,10.16));
#9570 = VECTOR('',#9571,1.);
#9571 = DIRECTION('',(1.,2.465190328816E-32));
#9572 = ( GEOMETRIC_REPRESENTATION_CONTEXT(2) 
PARAMETRIC_REPRESENTATION_CONTEXT() REPRESENTATION_CONTEXT('2D SPACE',''
  ) );
#9573 = PCURVE('',#9413,#9574);
#9574 = DEFINITIONAL_REPRESENTATION('',(#9575),#9579);
#9575 = LINE('',#9576,#9577);
#9576 = CARTESIAN_POINT('',(-22.86000072956,-22.86000072956));
#9577 = VECTOR('',#9578,1.);
#9578 = DIRECTION('',(1.,0.));
#9579 = ( GEOMETRIC_REPRESENTATION_CONTEXT(2) 
PARAMETRIC_REPRESENTATION_CONTEXT() REPRESENTATION_CONTEXT('2D SPACE',''
  ) );
#9580 = ADVANCED_FACE('',(#9581),#8938,.F.);
#9581 = FACE_BOUND('',#9582,.F.);
#9582 = EDGE_LOOP('',(#9583,#9584,#9585,#9608));
#9583 = ORIENTED_EDGE('',*,*,#9535,.T.);
#9584 = ORIENTED_EDGE('',*,*,#8921,.T.);
#9585 = ORIENTED_EDGE('',*,*,#9586,.T.);
#9586 = EDGE_CURVE('',#8894,#9587,#9589,.T.);
#9587 = VERTEX_POINT('',#9588);
#9588 = CARTESIAN_POINT('',(-15.24000072956,17.78,-22.86000072956));
#9589 = SURFACE_CURVE('',#9590,(#9594,#9601),.PCURVE_S1.);
#9590 = LINE('',#9591,#9592);
#9591 = CARTESIAN_POINT('',(-15.24000072956,27.94,-22.86000072956));
#9592 = VECTOR('',#9593,1.);
#9593 = DIRECTION('',(0.,-1.,4.370956789863E-16));
#9594 = PCURVE('',#8938,#9595);
#9595 = DEFINITIONAL_REPRESENTATION('',(#9596),#9600);
#9596 = LINE('',#9597,#9598);
#9597 = CARTESIAN_POINT('',(-0.785398163397,3.552713678801E-15));
#9598 = VECTOR('',#9599,1.);
#9599 = DIRECTION('',(0.,-1.));
#9600 = ( GEOMETRIC_REPRESENTATION_CONTEXT(2) 
PARAMETRIC_REPRESENTATION_CONTEXT() REPRESENTATION_CONTEXT('2D SPACE',''
  ) );
#9601 = PCURVE('',#8909,#9602);
#9602 = DEFINITIONAL_REPRESENTATION('',(#9603),#9607);
#9603 = LINE('',#9604,#9605);
#9604 = CARTESIAN_POINT('',(38.100001459122,0.));
#9605 = VECTOR('',#9606,1.);
#9606 = DIRECTION('',(0.,1.));
#9607 = ( GEOMETRIC_REPRESENTATION_CONTEXT(2) 
PARAMETRIC_REPRESENTATION_CONTEXT() REPRESENTATION_CONTEXT('2D SPACE',''
  ) );
#9608 = ORIENTED_EDGE('',*,*,#9609,.F.);
#9609 = EDGE_CURVE('',#9536,#9587,#9610,.T.);
#9610 = SURFACE_CURVE('',#9611,(#9616,#9623),.PCURVE_S1.);
#9611 = CIRCLE('',#9612,7.62);
#9612 = AXIS2_PLACEMENT_3D('',#9613,#9614,#9615);
#9613 = CARTESIAN_POINT('',(-15.24000072956,17.78,-15.24000072956));
#9614 = DIRECTION('',(0.,-1.,4.370956789863E-16));
#9615 = DIRECTION('',(-0.707106781187,-3.090733186385E-16,
    -0.707106781187));
#9616 = PCURVE('',#8938,#9617);
#9617 = DEFINITIONAL_REPRESENTATION('',(#9618),#9622);
#9618 = LINE('',#9619,#9620);
#9619 = CARTESIAN_POINT('',(6.28318530718,-10.16));
#9620 = VECTOR('',#9621,1.);
#9621 = DIRECTION('',(-1.,0.));
#9622 = ( GEOMETRIC_REPRESENTATION_CONTEXT(2) 
PARAMETRIC_REPRESENTATION_CONTEXT() REPRESENTATION_CONTEXT('2D SPACE',''
  ) );
#9623 = PCURVE('',#9413,#9624);
#9624 = DEFINITIONAL_REPRESENTATION('',(#9625),#9633);
#9625 = ( BOUNDED_CURVE() B_SPLINE_CURVE(2,(#9626,#9627,#9628,#9629,
#9630,#9631,#9632),.UNSPECIFIED.,.T.,.F.) B_SPLINE_CURVE_WITH_KNOTS((1,2
    ,2,2,2,1),(-2.094395102393,0.,2.094395102393,4.188790204786,
6.28318530718,8.377580409573),.UNSPECIFIED.) CURVE() 
GEOMETRIC_REPRESENTATION_ITEM() RATIONAL_B_SPLINE_CURVE((1.,0.5,1.,0.5,
1.,0.5,1.)) REPRESENTATION_ITEM('') );
#9626 = CARTESIAN_POINT('',(-20.6281544022,-20.6281544022));
#9627 = CARTESIAN_POINT('',(-29.9607103222,-11.29559848219));
#9628 = CARTESIAN_POINT('',(-17.21220185324,-7.879645933238));
#9629 = CARTESIAN_POINT('',(-4.463693384278,-4.463693384278));
#9630 = CARTESIAN_POINT('',(-7.879645933238,-17.21220185324));
#9631 = CARTESIAN_POINT('',(-11.29559848219,-29.9607103222));
#9632 = CARTESIAN_POINT('',(-20.6281544022,-20.6281544022));
#9633 = ( GEOMETRIC_REPRESENTATION_CONTEXT(2) 
PARAMETRIC_REPRESENTATION_CONTEXT() REPRESENTATION_CONTEXT('2D SPACE',''
  ) );
#9634 = ADVANCED_FACE('',(#9635),#8909,.T.);
#9635 = FACE_BOUND('',#9636,.T.);
#9636 = EDGE_LOOP('',(#9637,#9638,#9661,#9682));
#9637 = ORIENTED_EDGE('',*,*,#9586,.T.);
#9638 = ORIENTED_EDGE('',*,*,#9639,.F.);
#9639 = EDGE_CURVE('',#9640,#9587,#9642,.T.);
#9640 = VERTEX_POINT('',#9641);
#9641 = CARTESIAN_POINT('',(15.240000729561,17.78,-22.86000072956));
#9642 = SURFACE_CURVE('',#9643,(#9647,#9654),.PCURVE_S1.);
#9643 = LINE('',#9644,#9645);
#9644 = CARTESIAN_POINT('',(22.860000729561,17.78,-22.86000072956));
#9645 = VECTOR('',#9646,1.);
#9646 = DIRECTION('',(-1.,0.,0.));
#9647 = PCURVE('',#8909,#9648);
#9648 = DEFINITIONAL_REPRESENTATION('',(#9649),#9653);
#9649 = LINE('',#9650,#9651);
#9650 = CARTESIAN_POINT('',(0.,10.16));
#9651 = VECTOR('',#9652,1.);
#9652 = DIRECTION('',(1.,0.));
#9653 = ( GEOMETRIC_REPRESENTATION_CONTEXT(2) 
PARAMETRIC_REPRESENTATION_CONTEXT() REPRESENTATION_CONTEXT('2D SPACE',''
  ) );
#9654 = PCURVE('',#9413,#9655);
#9655 = DEFINITIONAL_REPRESENTATION('',(#9656),#9660);
#9656 = LINE('',#9657,#9658);
#9657 = CARTESIAN_POINT('',(-22.86000072956,22.860000729561));
#9658 = VECTOR('',#9659,1.);
#9659 = DIRECTION('',(0.,-1.));
#9660 = ( GEOMETRIC_REPRESENTATION_CONTEXT(2) 
PARAMETRIC_REPRESENTATION_CONTEXT() REPRESENTATION_CONTEXT('2D SPACE',''
  ) );
#9661 = ORIENTED_EDGE('',*,*,#9662,.T.);
#9662 = EDGE_CURVE('',#9640,#8865,#9663,.T.);
#9663 = SURFACE_CURVE('',#9664,(#9668,#9675),.PCURVE_S1.);
#9664 = LINE('',#9665,#9666);
#9665 = CARTESIAN_POINT('',(15.240000729561,27.94,-22.86000072956));
#9666 = VECTOR('',#9667,1.);
#9667 = DIRECTION('',(0.,1.,-4.370956789863E-16));
#9668 = PCURVE('',#8909,#9669);
#9669 = DEFINITIONAL_REPRESENTATION('',(#9670),#9674);
#9670 = LINE('',#9671,#9672);
#9671 = CARTESIAN_POINT('',(7.62,0.));
#9672 = VECTOR('',#9673,1.);
#9673 = DIRECTION('',(0.,-1.));
#9674 = ( GEOMETRIC_REPRESENTATION_CONTEXT(2) 
PARAMETRIC_REPRESENTATION_CONTEXT() REPRESENTATION_CONTEXT('2D SPACE',''
  ) );
#9675 = PCURVE('',#8881,#9676);
#9676 = DEFINITIONAL_REPRESENTATION('',(#9677),#9681);
#9677 = LINE('',#9678,#9679);
#9678 = CARTESIAN_POINT('',(0.785398163397,3.552713678801E-15));
#9679 = VECTOR('',#9680,1.);
#9680 = DIRECTION('',(0.,1.));
#9681 = ( GEOMETRIC_REPRESENTATION_CONTEXT(2) 
PARAMETRIC_REPRESENTATION_CONTEXT() REPRESENTATION_CONTEXT('2D SPACE',''
  ) );
#9682 = ORIENTED_EDGE('',*,*,#8893,.T.);
#9683 = ADVANCED_FACE('',(#9684),#8881,.F.);
#9684 = FACE_BOUND('',#9685,.F.);
#9685 = EDGE_LOOP('',(#9686,#9687,#9688,#9711));
#9686 = ORIENTED_EDGE('',*,*,#9662,.T.);
#9687 = ORIENTED_EDGE('',*,*,#8864,.T.);
#9688 = ORIENTED_EDGE('',*,*,#9689,.T.);
#9689 = EDGE_CURVE('',#8842,#9690,#9692,.T.);
#9690 = VERTEX_POINT('',#9691);
#9691 = CARTESIAN_POINT('',(22.860000729561,17.78,-15.24000072956));
#9692 = SURFACE_CURVE('',#9693,(#9697,#9704),.PCURVE_S1.);
#9693 = LINE('',#9694,#9695);
#9694 = CARTESIAN_POINT('',(22.860000729561,27.94,-15.24000072956));
#9695 = VECTOR('',#9696,1.);
#9696 = DIRECTION('',(0.,-1.,4.370956789863E-16));
#9697 = PCURVE('',#8881,#9698);
#9698 = DEFINITIONAL_REPRESENTATION('',(#9699),#9703);
#9699 = LINE('',#9700,#9701);
#9700 = CARTESIAN_POINT('',(-0.785398163397,0.));
#9701 = VECTOR('',#9702,1.);
#9702 = DIRECTION('',(0.,-1.));
#9703 = ( GEOMETRIC_REPRESENTATION_CONTEXT(2) 
PARAMETRIC_REPRESENTATION_CONTEXT() REPRESENTATION_CONTEXT('2D SPACE',''
  ) );
#9704 = PCURVE('',#8751,#9705);
#9705 = DEFINITIONAL_REPRESENTATION('',(#9706),#9710);
#9706 = LINE('',#9707,#9708);
#9707 = CARTESIAN_POINT('',(38.100001459122,-8.459899771634E-15));
#9708 = VECTOR('',#9709,1.);
#9709 = DIRECTION('',(-2.150510740613E-16,1.));
#9710 = ( GEOMETRIC_REPRESENTATION_CONTEXT(2) 
PARAMETRIC_REPRESENTATION_CONTEXT() REPRESENTATION_CONTEXT('2D SPACE',''
  ) );
#9711 = ORIENTED_EDGE('',*,*,#9712,.F.);
#9712 = EDGE_CURVE('',#9640,#9690,#9713,.T.);
#9713 = SURFACE_CURVE('',#9714,(#9719,#9726),.PCURVE_S1.);
#9714 = CIRCLE('',#9715,7.62);
#9715 = AXIS2_PLACEMENT_3D('',#9716,#9717,#9718);
#9716 = CARTESIAN_POINT('',(15.240000729561,17.78,-15.24000072956));
#9717 = DIRECTION('',(0.,-1.,4.370956789863E-16));
#9718 = DIRECTION('',(0.707106781187,-3.090733186385E-16,-0.707106781187
    ));
#9719 = PCURVE('',#8881,#9720);
#9720 = DEFINITIONAL_REPRESENTATION('',(#9721),#9725);
#9721 = LINE('',#9722,#9723);
#9722 = CARTESIAN_POINT('',(6.28318530718,-10.16));
#9723 = VECTOR('',#9724,1.);
#9724 = DIRECTION('',(-1.,0.));
#9725 = ( GEOMETRIC_REPRESENTATION_CONTEXT(2) 
PARAMETRIC_REPRESENTATION_CONTEXT() REPRESENTATION_CONTEXT('2D SPACE',''
  ) );
#9726 = PCURVE('',#9413,#9727);
#9727 = DEFINITIONAL_REPRESENTATION('',(#9728),#9736);
#9728 = ( BOUNDED_CURVE() B_SPLINE_CURVE(2,(#9729,#9730,#9731,#9732,
#9733,#9734,#9735),.UNSPECIFIED.,.T.,.F.) B_SPLINE_CURVE_WITH_KNOTS((1,2
    ,2,2,2,1),(-2.094395102393,0.,2.094395102393,4.188790204786,
6.28318530718,8.377580409573),.UNSPECIFIED.) CURVE() 
GEOMETRIC_REPRESENTATION_ITEM() RATIONAL_B_SPLINE_CURVE((1.,0.5,1.,0.5,
1.,0.5,1.)) REPRESENTATION_ITEM('') );
#9729 = CARTESIAN_POINT('',(-20.6281544022,20.628154402202));
#9730 = CARTESIAN_POINT('',(-11.29559848219,29.960710322206));
#9731 = CARTESIAN_POINT('',(-7.879645933238,17.212201853242));
#9732 = CARTESIAN_POINT('',(-4.463693384278,4.463693384278));
#9733 = CARTESIAN_POINT('',(-17.21220185324,7.879645933238));
#9734 = CARTESIAN_POINT('',(-29.9607103222,11.295598482198));
#9735 = CARTESIAN_POINT('',(-20.6281544022,20.628154402202));
#9736 = ( GEOMETRIC_REPRESENTATION_CONTEXT(2) 
PARAMETRIC_REPRESENTATION_CONTEXT() REPRESENTATION_CONTEXT('2D SPACE',''
  ) );
#9737 = ADVANCED_FACE('',(#9738),#8751,.T.);
#9738 = FACE_BOUND('',#9739,.T.);
#9739 = EDGE_LOOP('',(#9740,#9761,#9762,#9763,#9784,#9810,#9829,#9830));
#9740 = ORIENTED_EDGE('',*,*,#9741,.F.);
#9741 = EDGE_CURVE('',#9352,#9690,#9742,.T.);
#9742 = SURFACE_CURVE('',#9743,(#9747,#9754),.PCURVE_S1.);
#9743 = LINE('',#9744,#9745);
#9744 = CARTESIAN_POINT('',(22.860000729561,17.78,22.860000729561));
#9745 = VECTOR('',#9746,1.);
#9746 = DIRECTION('',(0.,-2.22044604925E-16,-1.));
#9747 = PCURVE('',#8751,#9748);
#9748 = DEFINITIONAL_REPRESENTATION('',(#9749),#9753);
#9749 = LINE('',#9750,#9751);
#9750 = CARTESIAN_POINT('',(-1.007727234992E-13,10.16));
#9751 = VECTOR('',#9752,1.);
#9752 = DIRECTION('',(1.,-2.465190328816E-32));
#9753 = ( GEOMETRIC_REPRESENTATION_CONTEXT(2) 
PARAMETRIC_REPRESENTATION_CONTEXT() REPRESENTATION_CONTEXT('2D SPACE',''
  ) );
#9754 = PCURVE('',#9413,#9755);
#9755 = DEFINITIONAL_REPRESENTATION('',(#9756),#9760);
#9756 = LINE('',#9757,#9758);
#9757 = CARTESIAN_POINT('',(22.860000729561,22.860000729561));
#9758 = VECTOR('',#9759,1.);
#9759 = DIRECTION('',(-1.,0.));
#9760 = ( GEOMETRIC_REPRESENTATION_CONTEXT(2) 
PARAMETRIC_REPRESENTATION_CONTEXT() REPRESENTATION_CONTEXT('2D SPACE',''
  ) );
#9761 = ORIENTED_EDGE('',*,*,#9351,.T.);
#9762 = ORIENTED_EDGE('',*,*,#8735,.T.);
#9763 = ORIENTED_EDGE('',*,*,#9764,.F.);
#9764 = EDGE_CURVE('',#9765,#8736,#9767,.T.);
#9765 = VERTEX_POINT('',#9766);
#9766 = CARTESIAN_POINT('',(22.860000729561,26.894682724661,6.35));
#9767 = SURFACE_CURVE('',#9768,(#9772,#9778),.PCURVE_S1.);
#9768 = LINE('',#9769,#9770);
#9769 = CARTESIAN_POINT('',(22.860000729561,-26.5886431703,6.35));
#9770 = VECTOR('',#9771,1.);
#9771 = DIRECTION('',(0.,1.,-0.));
#9772 = PCURVE('',#8751,#9773);
#9773 = DEFINITIONAL_REPRESENTATION('',(#9774),#9777);
#9774 = B_SPLINE_CURVE_WITH_KNOTS('',1,(#9775,#9776),.UNSPECIFIED.,.F.,
  .F.,(2,2),(53.483325894961,54.5286431703),.PIECEWISE_BEZIER_KNOTS.);
#9775 = CARTESIAN_POINT('',(16.510000729561,1.045317275339));
#9776 = CARTESIAN_POINT('',(16.510000729561,-7.105427357601E-15));
#9777 = ( GEOMETRIC_REPRESENTATION_CONTEXT(2) 
PARAMETRIC_REPRESENTATION_CONTEXT() REPRESENTATION_CONTEXT('2D SPACE',''
  ) );
#9778 = PCURVE('',#8778,#9779);
#9779 = DEFINITIONAL_REPRESENTATION('',(#9780),#9783);
#9780 = B_SPLINE_CURVE_WITH_KNOTS('',1,(#9781,#9782),.UNSPECIFIED.,.F.,
  .F.,(2,2),(53.483325894961,54.5286431703),.PIECEWISE_BEZIER_KNOTS.);
#9781 = CARTESIAN_POINT('',(124.72147883105,0.));
#9782 = CARTESIAN_POINT('',(125.62675014651,0.522658637669));
#9783 = ( GEOMETRIC_REPRESENTATION_CONTEXT(2) 
PARAMETRIC_REPRESENTATION_CONTEXT() REPRESENTATION_CONTEXT('2D SPACE',''
  ) );
#9784 = ORIENTED_EDGE('',*,*,#9785,.T.);
#9785 = EDGE_CURVE('',#9765,#9786,#9788,.T.);
#9786 = VERTEX_POINT('',#9787);
#9787 = CARTESIAN_POINT('',(22.860000729561,26.894682724661,-6.35));
#9788 = SURFACE_CURVE('',#9789,(#9793,#9799),.PCURVE_S1.);
#9789 = LINE('',#9790,#9791);
#9790 = CARTESIAN_POINT('',(22.860000729561,26.894682724661,
    8.25500036478));
#9791 = VECTOR('',#9792,1.);
#9792 = DIRECTION('',(0.,0.,-1.));
#9793 = PCURVE('',#8751,#9794);
#9794 = DEFINITIONAL_REPRESENTATION('',(#9795),#9798);
#9795 = B_SPLINE_CURVE_WITH_KNOTS('',1,(#9796,#9797),.UNSPECIFIED.,.F.,
  .F.,(2,2),(1.90500036478,14.60500036478),.PIECEWISE_BEZIER_KNOTS.);
#9796 = CARTESIAN_POINT('',(16.510000729561,1.045317275339));
#9797 = CARTESIAN_POINT('',(29.210000729561,1.045317275339));
#9798 = ( GEOMETRIC_REPRESENTATION_CONTEXT(2) 
PARAMETRIC_REPRESENTATION_CONTEXT() REPRESENTATION_CONTEXT('2D SPACE',''
  ) );
#9799 = PCURVE('',#9800,#9805);
#9800 = PLANE('',#9801);
#9801 = AXIS2_PLACEMENT_3D('',#9802,#9803,#9804);
#9802 = CARTESIAN_POINT('',(-39.50073868596,-81.11728634059,-6.35));
#9803 = DIRECTION('',(-0.866025403784,0.5,0.));
#9804 = DIRECTION('',(0.,0.,1.));
#9805 = DEFINITIONAL_REPRESENTATION('',(#9806),#9809);
#9806 = B_SPLINE_CURVE_WITH_KNOTS('',1,(#9807,#9808),.UNSPECIFIED.,.F.,
  .F.,(2,2),(1.90500036478,14.60500036478),.PIECEWISE_BEZIER_KNOTS.);
#9807 = CARTESIAN_POINT('',(12.7,124.72147883105));
#9808 = CARTESIAN_POINT('',(0.,124.72147883105));
#9809 = ( GEOMETRIC_REPRESENTATION_CONTEXT(2) 
PARAMETRIC_REPRESENTATION_CONTEXT() REPRESENTATION_CONTEXT('2D SPACE',''
  ) );
#9810 = ORIENTED_EDGE('',*,*,#9811,.T.);
#9811 = EDGE_CURVE('',#9786,#8816,#9812,.T.);
#9812 = SURFACE_CURVE('',#9813,(#9817,#9823),.PCURVE_S1.);
#9813 = LINE('',#9814,#9815);
#9814 = CARTESIAN_POINT('',(22.860000729561,-26.5886431703,-6.35));
#9815 = VECTOR('',#9816,1.);
#9816 = DIRECTION('',(0.,1.,-0.));
#9817 = PCURVE('',#8751,#9818);
#9818 = DEFINITIONAL_REPRESENTATION('',(#9819),#9822);
#9819 = B_SPLINE_CURVE_WITH_KNOTS('',1,(#9820,#9821),.UNSPECIFIED.,.F.,
  .F.,(2,2),(53.483325894961,54.5286431703),.PIECEWISE_BEZIER_KNOTS.);
#9820 = CARTESIAN_POINT('',(29.210000729561,1.045317275339));
#9821 = CARTESIAN_POINT('',(29.210000729561,-7.105427357601E-15));
#9822 = ( GEOMETRIC_REPRESENTATION_CONTEXT(2) 
PARAMETRIC_REPRESENTATION_CONTEXT() REPRESENTATION_CONTEXT('2D SPACE',''
  ) );
#9823 = PCURVE('',#8830,#9824);
#9824 = DEFINITIONAL_REPRESENTATION('',(#9825),#9828);
#9825 = B_SPLINE_CURVE_WITH_KNOTS('',1,(#9826,#9827),.UNSPECIFIED.,.F.,
  .F.,(2,2),(53.483325894961,54.5286431703),.PIECEWISE_BEZIER_KNOTS.);
#9826 = CARTESIAN_POINT('',(124.72147883105,0.));
#9827 = CARTESIAN_POINT('',(125.62675014651,0.522658637669));
#9828 = ( GEOMETRIC_REPRESENTATION_CONTEXT(2) 
PARAMETRIC_REPRESENTATION_CONTEXT() REPRESENTATION_CONTEXT('2D SPACE',''
  ) );
#9829 = ORIENTED_EDGE('',*,*,#8841,.T.);
#9830 = ORIENTED_EDGE('',*,*,#9689,.T.);
#9831 = ADVANCED_FACE('',(#9832),#8830,.F.);
#9832 = FACE_BOUND('',#9833,.F.);
#9833 = EDGE_LOOP('',(#9834,#9857,#9878,#9879,#9880,#9903,#9936,#9964,
    #9993));
#9834 = ORIENTED_EDGE('',*,*,#9835,.T.);
#9835 = EDGE_CURVE('',#9836,#9838,#9840,.T.);
#9836 = VERTEX_POINT('',#9837);
#9837 = CARTESIAN_POINT('',(2.932939367483,17.78,-6.35));
#9838 = VERTEX_POINT('',#9839);
#9839 = CARTESIAN_POINT('',(17.5976362049,17.78,-6.35));
#9840 = SURFACE_CURVE('',#9841,(#9845,#9851),.PCURVE_S1.);
#9841 = LINE('',#9842,#9843);
#9842 = CARTESIAN_POINT('',(-19.75036934298,17.78,-6.35));
#9843 = VECTOR('',#9844,1.);
#9844 = DIRECTION('',(1.,-0.,0.));
#9845 = PCURVE('',#8830,#9846);
#9846 = DEFINITIONAL_REPRESENTATION('',(#9847),#9850);
#9847 = B_SPLINE_CURVE_WITH_KNOTS('',1,(#9848,#9849),.UNSPECIFIED.,.F.,
  .F.,(2,2),(22.683308710468,37.348005547884),.PIECEWISE_BEZIER_KNOTS.);
#9848 = CARTESIAN_POINT('',(106.86440136302,12.7));
#9849 = CARTESIAN_POINT('',(114.19674978173,0.));
#9850 = ( GEOMETRIC_REPRESENTATION_CONTEXT(2) 
PARAMETRIC_REPRESENTATION_CONTEXT() REPRESENTATION_CONTEXT('2D SPACE',''
  ) );
#9851 = PCURVE('',#9413,#9852);
#9852 = DEFINITIONAL_REPRESENTATION('',(#9853),#9856);
#9853 = B_SPLINE_CURVE_WITH_KNOTS('',1,(#9854,#9855),.UNSPECIFIED.,.F.,
  .F.,(2,2),(22.683308710468,37.348005547884),.PIECEWISE_BEZIER_KNOTS.);
#9854 = CARTESIAN_POINT('',(-6.35,2.932939367483));
#9855 = CARTESIAN_POINT('',(-6.35,17.5976362049));
#9856 = ( GEOMETRIC_REPRESENTATION_CONTEXT(2) 
PARAMETRIC_REPRESENTATION_CONTEXT() REPRESENTATION_CONTEXT('2D SPACE',''
  ) );
#9857 = ORIENTED_EDGE('',*,*,#9858,.T.);
#9858 = EDGE_CURVE('',#9838,#9786,#9859,.T.);
#9859 = SURFACE_CURVE('',#9860,(#9864,#9871),.PCURVE_S1.);
#9860 = LINE('',#9861,#9862);
#9861 = CARTESIAN_POINT('',(-39.50073868596,-81.11728634059,-6.35));
#9862 = VECTOR('',#9863,1.);
#9863 = DIRECTION('',(0.5,0.866025403784,0.));
#9864 = PCURVE('',#8830,#9865);
#9865 = DEFINITIONAL_REPRESENTATION('',(#9866),#9870);
#9866 = LINE('',#9867,#9868);
#9867 = CARTESIAN_POINT('',(0.,0.));
#9868 = VECTOR('',#9869,1.);
#9869 = DIRECTION('',(1.,0.));
#9870 = ( GEOMETRIC_REPRESENTATION_CONTEXT(2) 
PARAMETRIC_REPRESENTATION_CONTEXT() REPRESENTATION_CONTEXT('2D SPACE',''
  ) );
#9871 = PCURVE('',#9800,#9872);
#9872 = DEFINITIONAL_REPRESENTATION('',(#9873),#9877);
#9873 = LINE('',#9874,#9875);
#9874 = CARTESIAN_POINT('',(0.,0.));
#9875 = VECTOR('',#9876,1.);
#9876 = DIRECTION('',(0.,1.));
#9877 = ( GEOMETRIC_REPRESENTATION_CONTEXT(2) 
PARAMETRIC_REPRESENTATION_CONTEXT() REPRESENTATION_CONTEXT('2D SPACE',''
  ) );
#9878 = ORIENTED_EDGE('',*,*,#9811,.T.);
#9879 = ORIENTED_EDGE('',*,*,#8815,.F.);
#9880 = ORIENTED_EDGE('',*,*,#9881,.T.);
#9881 = EDGE_CURVE('',#8790,#9882,#9884,.T.);
#9882 = VERTEX_POINT('',#9883);
#9883 = CARTESIAN_POINT('',(50.289261314031,74.40355567101,-6.35));
#9884 = SURFACE_CURVE('',#9885,(#9889,#9896),.PCURVE_S1.);
#9885 = LINE('',#9886,#9887);
#9886 = CARTESIAN_POINT('',(-39.50073868596,-81.11728634059,-6.35));
#9887 = VECTOR('',#9888,1.);
#9888 = DIRECTION('',(0.5,0.866025403784,0.));
#9889 = PCURVE('',#8830,#9890);
#9890 = DEFINITIONAL_REPRESENTATION('',(#9891),#9895);
#9891 = LINE('',#9892,#9893);
#9892 = CARTESIAN_POINT('',(0.,0.));
#9893 = VECTOR('',#9894,1.);
#9894 = DIRECTION('',(1.,0.));
#9895 = ( GEOMETRIC_REPRESENTATION_CONTEXT(2) 
PARAMETRIC_REPRESENTATION_CONTEXT() REPRESENTATION_CONTEXT('2D SPACE',''
  ) );
#9896 = PCURVE('',#8804,#9897);
#9897 = DEFINITIONAL_REPRESENTATION('',(#9898),#9902);
#9898 = LINE('',#9899,#9900);
#9899 = CARTESIAN_POINT('',(0.,0.));
#9900 = VECTOR('',#9901,1.);
#9901 = DIRECTION('',(0.,1.));
#9902 = ( GEOMETRIC_REPRESENTATION_CONTEXT(2) 
PARAMETRIC_REPRESENTATION_CONTEXT() REPRESENTATION_CONTEXT('2D SPACE',''
  ) );
#9903 = ORIENTED_EDGE('',*,*,#9904,.F.);
#9904 = EDGE_CURVE('',#9905,#9882,#9907,.T.);
#9905 = VERTEX_POINT('',#9906);
#9906 = CARTESIAN_POINT('',(50.135530644442,74.977286340599,-6.35));
#9907 = SURFACE_CURVE('',#9908,(#9913,#9924),.PCURVE_S1.);
#9908 = CIRCLE('',#9909,0.42);
#9909 = AXIS2_PLACEMENT_3D('',#9910,#9911,#9912);
#9910 = CARTESIAN_POINT('',(49.925530644442,74.61355567101,-6.35));
#9911 = DIRECTION('',(-0.,-0.,-1.));
#9912 = DIRECTION('',(0.,-1.,0.));
#9913 = PCURVE('',#8830,#9914);
#9914 = DEFINITIONAL_REPRESENTATION('',(#9915),#9923);
#9915 = ( BOUNDED_CURVE() B_SPLINE_CURVE(2,(#9916,#9917,#9918,#9919,
#9920,#9921,#9922),.UNSPECIFIED.,.T.,.F.) B_SPLINE_CURVE_WITH_KNOTS((1,2
    ,2,2,2,1),(-2.094395102393,0.,2.094395102393,4.188790204786,
6.28318530718,8.377580409573),.UNSPECIFIED.) CURVE() 
GEOMETRIC_REPRESENTATION_ITEM() RATIONAL_B_SPLINE_CURVE((1.,0.5,1.,0.5,
1.,0.5,1.)) REPRESENTATION_ITEM('') );
#9916 = CARTESIAN_POINT('',(179.21626933041,0.21));
#9917 = CARTESIAN_POINT('',(178.85253866082,0.84));
#9918 = CARTESIAN_POINT('',(179.58,0.84));
#9919 = CARTESIAN_POINT('',(180.30746133917,0.84));
#9920 = CARTESIAN_POINT('',(179.94373066958,0.21));
#9921 = CARTESIAN_POINT('',(179.58,-0.42));
#9922 = CARTESIAN_POINT('',(179.21626933041,0.21));
#9923 = ( GEOMETRIC_REPRESENTATION_CONTEXT(2) 
PARAMETRIC_REPRESENTATION_CONTEXT() REPRESENTATION_CONTEXT('2D SPACE',''
  ) );
#9924 = PCURVE('',#9925,#9930);
#9925 = CYLINDRICAL_SURFACE('',#9926,0.42);
#9926 = AXIS2_PLACEMENT_3D('',#9927,#9928,#9929);
#9927 = CARTESIAN_POINT('',(49.925530644442,74.61355567101,-6.35));
#9928 = DIRECTION('',(0.,0.,1.));
#9929 = DIRECTION('',(0.5,0.866025403784,-0.));
#9930 = DEFINITIONAL_REPRESENTATION('',(#9931),#9935);
#9931 = LINE('',#9932,#9933);
#9932 = CARTESIAN_POINT('',(3.665191429188,-0.));
#9933 = VECTOR('',#9934,1.);
#9934 = DIRECTION('',(-1.,0.));
#9935 = ( GEOMETRIC_REPRESENTATION_CONTEXT(2) 
PARAMETRIC_REPRESENTATION_CONTEXT() REPRESENTATION_CONTEXT('2D SPACE',''
  ) );
#9936 = ORIENTED_EDGE('',*,*,#9937,.T.);
#9937 = EDGE_CURVE('',#9905,#9938,#9940,.T.);
#9938 = VERTEX_POINT('',#9939);
#9939 = CARTESIAN_POINT('',(39.864469355558,80.907286340599,-6.35));
#9940 = SURFACE_CURVE('',#9941,(#9945,#9952),.PCURVE_S1.);
#9941 = LINE('',#9942,#9943);
#9942 = CARTESIAN_POINT('',(50.499261314031,74.767286340599,-6.35));
#9943 = VECTOR('',#9944,1.);
#9944 = DIRECTION('',(-0.866025403784,0.5,0.));
#9945 = PCURVE('',#8830,#9946);
#9946 = DEFINITIONAL_REPRESENTATION('',(#9947),#9951);
#9947 = LINE('',#9948,#9949);
#9948 = CARTESIAN_POINT('',(180.,1.42108547152E-14));
#9949 = VECTOR('',#9950,1.);
#9950 = DIRECTION('',(0.,1.));
#9951 = ( GEOMETRIC_REPRESENTATION_CONTEXT(2) 
PARAMETRIC_REPRESENTATION_CONTEXT() REPRESENTATION_CONTEXT('2D SPACE',''
  ) );
#9952 = PCURVE('',#9953,#9958);
#9953 = PLANE('',#9954);
#9954 = AXIS2_PLACEMENT_3D('',#9955,#9956,#9957);
#9955 = CARTESIAN_POINT('',(50.499261314031,74.767286340599,-6.35));
#9956 = DIRECTION('',(0.5,0.866025403784,0.));
#9957 = DIRECTION('',(0.,0.,1.));
#9958 = DEFINITIONAL_REPRESENTATION('',(#9959),#9963);
#9959 = LINE('',#9960,#9961);
#9960 = CARTESIAN_POINT('',(0.,0.));
#9961 = VECTOR('',#9962,1.);
#9962 = DIRECTION('',(0.,-1.));
#9963 = ( GEOMETRIC_REPRESENTATION_CONTEXT(2) 
PARAMETRIC_REPRESENTATION_CONTEXT() REPRESENTATION_CONTEXT('2D SPACE',''
  ) );
#9964 = ORIENTED_EDGE('',*,*,#9965,.T.);
#9965 = EDGE_CURVE('',#9938,#9966,#9968,.T.);
#9966 = VERTEX_POINT('',#9967);
#9967 = CARTESIAN_POINT('',(39.290738685969,80.75355567101,-6.35));
#9968 = SURFACE_CURVE('',#9969,(#9974,#9981),.PCURVE_S1.);
#9969 = CIRCLE('',#9970,0.42);
#9970 = AXIS2_PLACEMENT_3D('',#9971,#9972,#9973);
#9971 = CARTESIAN_POINT('',(39.654469355558,80.54355567101,-6.35));
#9972 = DIRECTION('',(0.,0.,1.));
#9973 = DIRECTION('',(0.,-1.,0.));
#9974 = PCURVE('',#8830,#9975);
#9975 = DEFINITIONAL_REPRESENTATION('',(#9976),#9980);
#9976 = CIRCLE('',#9977,0.42);
#9977 = AXIS2_PLACEMENT_2D('',#9978,#9979);
#9978 = CARTESIAN_POINT('',(179.58,12.28));
#9979 = DIRECTION('',(-0.866025403784,-0.5));
#9980 = ( GEOMETRIC_REPRESENTATION_CONTEXT(2) 
PARAMETRIC_REPRESENTATION_CONTEXT() REPRESENTATION_CONTEXT('2D SPACE',''
  ) );
#9981 = PCURVE('',#9982,#9987);
#9982 = CYLINDRICAL_SURFACE('',#9983,0.42);
#9983 = AXIS2_PLACEMENT_3D('',#9984,#9985,#9986);
#9984 = CARTESIAN_POINT('',(39.654469355558,80.54355567101,-6.35));
#9985 = DIRECTION('',(0.,0.,1.));
#9986 = DIRECTION('',(0.5,0.866025403784,-0.));
#9987 = DEFINITIONAL_REPRESENTATION('',(#9988),#9992);
#9988 = LINE('',#9989,#9990);
#9989 = CARTESIAN_POINT('',(-2.617993877991,0.));
#9990 = VECTOR('',#9991,1.);
#9991 = DIRECTION('',(1.,0.));
#9992 = ( GEOMETRIC_REPRESENTATION_CONTEXT(2) 
PARAMETRIC_REPRESENTATION_CONTEXT() REPRESENTATION_CONTEXT('2D SPACE',''
  ) );
#9993 = ORIENTED_EDGE('',*,*,#9994,.F.);
#9994 = EDGE_CURVE('',#9836,#9966,#9995,.T.);
#9995 = SURFACE_CURVE('',#9996,(#10000,#10007),.PCURVE_S1.);
#9996 = LINE('',#9997,#9998);
#9997 = CARTESIAN_POINT('',(-50.49926131403,-74.76728634059,-6.35));
#9998 = VECTOR('',#9999,1.);
#9999 = DIRECTION('',(0.5,0.866025403784,0.));
#10000 = PCURVE('',#8830,#10001);
#10001 = DEFINITIONAL_REPRESENTATION('',(#10002),#10006);
#10002 = LINE('',#10003,#10004);
#10003 = CARTESIAN_POINT('',(-7.993605777301E-15,12.7));
#10004 = VECTOR('',#10005,1.);
#10005 = DIRECTION('',(1.,0.));
#10006 = ( GEOMETRIC_REPRESENTATION_CONTEXT(2) 
PARAMETRIC_REPRESENTATION_CONTEXT() REPRESENTATION_CONTEXT('2D SPACE',''
  ) );
#10007 = PCURVE('',#10008,#10013);
#10008 = PLANE('',#10009);
#10009 = AXIS2_PLACEMENT_3D('',#10010,#10011,#10012);
#10010 = CARTESIAN_POINT('',(-50.49926131403,-74.76728634059,-6.35));
#10011 = DIRECTION('',(-0.866025403784,0.5,0.));
#10012 = DIRECTION('',(0.,0.,1.));
#10013 = DEFINITIONAL_REPRESENTATION('',(#10014),#10018);
#10014 = LINE('',#10015,#10016);
#10015 = CARTESIAN_POINT('',(0.,0.));
#10016 = VECTOR('',#10017,1.);
#10017 = DIRECTION('',(0.,1.));
#10018 = ( GEOMETRIC_REPRESENTATION_CONTEXT(2) 
PARAMETRIC_REPRESENTATION_CONTEXT() REPRESENTATION_CONTEXT('2D SPACE',''
  ) );
#10019 = ADVANCED_FACE('',(#10020),#8804,.F.);
#10020 = FACE_BOUND('',#10021,.F.);
#10021 = EDGE_LOOP('',(#10022,#10023,#10024,#10047));
#10022 = ORIENTED_EDGE('',*,*,#9881,.F.);
#10023 = ORIENTED_EDGE('',*,*,#8789,.F.);
#10024 = ORIENTED_EDGE('',*,*,#10025,.T.);
#10025 = EDGE_CURVE('',#8764,#10026,#10028,.T.);
#10026 = VERTEX_POINT('',#10027);
#10027 = CARTESIAN_POINT('',(50.289261314031,74.40355567101,6.35));
#10028 = SURFACE_CURVE('',#10029,(#10033,#10040),.PCURVE_S1.);
#10029 = LINE('',#10030,#10031);
#10030 = CARTESIAN_POINT('',(-39.50073868596,-81.11728634059,6.35));
#10031 = VECTOR('',#10032,1.);
#10032 = DIRECTION('',(0.5,0.866025403784,0.));
#10033 = PCURVE('',#8804,#10034);
#10034 = DEFINITIONAL_REPRESENTATION('',(#10035),#10039);
#10035 = LINE('',#10036,#10037);
#10036 = CARTESIAN_POINT('',(12.7,0.));
#10037 = VECTOR('',#10038,1.);
#10038 = DIRECTION('',(0.,1.));
#10039 = ( GEOMETRIC_REPRESENTATION_CONTEXT(2) 
PARAMETRIC_REPRESENTATION_CONTEXT() REPRESENTATION_CONTEXT('2D SPACE',''
  ) );
#10040 = PCURVE('',#8778,#10041);
#10041 = DEFINITIONAL_REPRESENTATION('',(#10042),#10046);
#10042 = LINE('',#10043,#10044);
#10043 = CARTESIAN_POINT('',(0.,0.));
#10044 = VECTOR('',#10045,1.);
#10045 = DIRECTION('',(1.,0.));
#10046 = ( GEOMETRIC_REPRESENTATION_CONTEXT(2) 
PARAMETRIC_REPRESENTATION_CONTEXT() REPRESENTATION_CONTEXT('2D SPACE',''
  ) );
#10047 = ORIENTED_EDGE('',*,*,#10048,.F.);
#10048 = EDGE_CURVE('',#9882,#10026,#10049,.T.);
#10049 = SURFACE_CURVE('',#10050,(#10054,#10061),.PCURVE_S1.);
#10050 = LINE('',#10051,#10052);
#10051 = CARTESIAN_POINT('',(50.289261314031,74.40355567101,-6.35));
#10052 = VECTOR('',#10053,1.);
#10053 = DIRECTION('',(0.,0.,1.));
#10054 = PCURVE('',#8804,#10055);
#10055 = DEFINITIONAL_REPRESENTATION('',(#10056),#10060);
#10056 = LINE('',#10057,#10058);
#10057 = CARTESIAN_POINT('',(0.,179.58));
#10058 = VECTOR('',#10059,1.);
#10059 = DIRECTION('',(1.,0.));
#10060 = ( GEOMETRIC_REPRESENTATION_CONTEXT(2) 
PARAMETRIC_REPRESENTATION_CONTEXT() REPRESENTATION_CONTEXT('2D SPACE',''
  ) );
#10061 = PCURVE('',#9925,#10062);
#10062 = DEFINITIONAL_REPRESENTATION('',(#10063),#10067);
#10063 = LINE('',#10064,#10065);
#10064 = CARTESIAN_POINT('',(-1.570796326795,0.));
#10065 = VECTOR('',#10066,1.);
#10066 = DIRECTION('',(-0.,1.));
#10067 = ( GEOMETRIC_REPRESENTATION_CONTEXT(2) 
PARAMETRIC_REPRESENTATION_CONTEXT() REPRESENTATION_CONTEXT('2D SPACE',''
  ) );
#10068 = ADVANCED_FACE('',(#10069),#8778,.T.);
#10069 = FACE_BOUND('',#10070,.T.);
#10070 = EDGE_LOOP('',(#10071,#10094,#10115,#10116,#10117,#10118,#10146,
    #10169,#10193));
#10071 = ORIENTED_EDGE('',*,*,#10072,.T.);
#10072 = EDGE_CURVE('',#10073,#10075,#10077,.T.);
#10073 = VERTEX_POINT('',#10074);
#10074 = CARTESIAN_POINT('',(2.932939367483,17.78,6.35));
#10075 = VERTEX_POINT('',#10076);
#10076 = CARTESIAN_POINT('',(17.5976362049,17.78,6.35));
#10077 = SURFACE_CURVE('',#10078,(#10082,#10088),.PCURVE_S1.);
#10078 = LINE('',#10079,#10080);
#10079 = CARTESIAN_POINT('',(-19.75036934298,17.78,6.35));
#10080 = VECTOR('',#10081,1.);
#10081 = DIRECTION('',(1.,-0.,0.));
#10082 = PCURVE('',#8778,#10083);
#10083 = DEFINITIONAL_REPRESENTATION('',(#10084),#10087);
#10084 = B_SPLINE_CURVE_WITH_KNOTS('',1,(#10085,#10086),.UNSPECIFIED.,
  .F.,.F.,(2,2),(22.683308710468,37.348005547884),
  .PIECEWISE_BEZIER_KNOTS.);
#10085 = CARTESIAN_POINT('',(106.86440136302,12.7));
#10086 = CARTESIAN_POINT('',(114.19674978173,0.));
#10087 = ( GEOMETRIC_REPRESENTATION_CONTEXT(2) 
PARAMETRIC_REPRESENTATION_CONTEXT() REPRESENTATION_CONTEXT('2D SPACE',''
  ) );
#10088 = PCURVE('',#9413,#10089);
#10089 = DEFINITIONAL_REPRESENTATION('',(#10090),#10093);
#10090 = B_SPLINE_CURVE_WITH_KNOTS('',1,(#10091,#10092),.UNSPECIFIED.,
  .F.,.F.,(2,2),(22.683308710468,37.348005547884),
  .PIECEWISE_BEZIER_KNOTS.);
#10091 = CARTESIAN_POINT('',(6.35,2.932939367483));
#10092 = CARTESIAN_POINT('',(6.35,17.5976362049));
#10093 = ( GEOMETRIC_REPRESENTATION_CONTEXT(2) 
PARAMETRIC_REPRESENTATION_CONTEXT() REPRESENTATION_CONTEXT('2D SPACE',''
  ) );
#10094 = ORIENTED_EDGE('',*,*,#10095,.T.);
#10095 = EDGE_CURVE('',#10075,#9765,#10096,.T.);
#10096 = SURFACE_CURVE('',#10097,(#10101,#10108),.PCURVE_S1.);
#10097 = LINE('',#10098,#10099);
#10098 = CARTESIAN_POINT('',(-39.50073868596,-81.11728634059,6.35));
#10099 = VECTOR('',#10100,1.);
#10100 = DIRECTION('',(0.5,0.866025403784,0.));
#10101 = PCURVE('',#8778,#10102);
#10102 = DEFINITIONAL_REPRESENTATION('',(#10103),#10107);
#10103 = LINE('',#10104,#10105);
#10104 = CARTESIAN_POINT('',(0.,0.));
#10105 = VECTOR('',#10106,1.);
#10106 = DIRECTION('',(1.,0.));
#10107 = ( GEOMETRIC_REPRESENTATION_CONTEXT(2) 
PARAMETRIC_REPRESENTATION_CONTEXT() REPRESENTATION_CONTEXT('2D SPACE',''
  ) );
#10108 = PCURVE('',#9800,#10109);
#10109 = DEFINITIONAL_REPRESENTATION('',(#10110),#10114);
#10110 = LINE('',#10111,#10112);
#10111 = CARTESIAN_POINT('',(12.7,0.));
#10112 = VECTOR('',#10113,1.);
#10113 = DIRECTION('',(0.,1.));
#10114 = ( GEOMETRIC_REPRESENTATION_CONTEXT(2) 
PARAMETRIC_REPRESENTATION_CONTEXT() REPRESENTATION_CONTEXT('2D SPACE',''
  ) );
#10115 = ORIENTED_EDGE('',*,*,#9764,.T.);
#10116 = ORIENTED_EDGE('',*,*,#8763,.F.);
#10117 = ORIENTED_EDGE('',*,*,#10025,.T.);
#10118 = ORIENTED_EDGE('',*,*,#10119,.F.);
#10119 = EDGE_CURVE('',#10120,#10026,#10122,.T.);
#10120 = VERTEX_POINT('',#10121);
#10121 = CARTESIAN_POINT('',(50.135530644442,74.977286340599,6.35));
#10122 = SURFACE_CURVE('',#10123,(#10128,#10139),.PCURVE_S1.);
#10123 = CIRCLE('',#10124,0.42);
#10124 = AXIS2_PLACEMENT_3D('',#10125,#10126,#10127);
#10125 = CARTESIAN_POINT('',(49.925530644442,74.61355567101,6.35));
#10126 = DIRECTION('',(-0.,-0.,-1.));
#10127 = DIRECTION('',(0.,-1.,0.));
#10128 = PCURVE('',#8778,#10129);
#10129 = DEFINITIONAL_REPRESENTATION('',(#10130),#10138);
#10130 = ( BOUNDED_CURVE() B_SPLINE_CURVE(2,(#10131,#10132,#10133,#10134
    ,#10135,#10136,#10137),.UNSPECIFIED.,.T.,.F.) 
B_SPLINE_CURVE_WITH_KNOTS((1,2,2,2,2,1),(-2.094395102393,0.,
    2.094395102393,4.188790204786,6.28318530718,8.377580409573),
.UNSPECIFIED.) CURVE() GEOMETRIC_REPRESENTATION_ITEM() 
RATIONAL_B_SPLINE_CURVE((1.,0.5,1.,0.5,1.,0.5,1.)) REPRESENTATION_ITEM(
  '') );
#10131 = CARTESIAN_POINT('',(179.21626933041,0.21));
#10132 = CARTESIAN_POINT('',(178.85253866082,0.84));
#10133 = CARTESIAN_POINT('',(179.58,0.84));
#10134 = CARTESIAN_POINT('',(180.30746133917,0.84));
#10135 = CARTESIAN_POINT('',(179.94373066958,0.21));
#10136 = CARTESIAN_POINT('',(179.58,-0.42));
#10137 = CARTESIAN_POINT('',(179.21626933041,0.21));
#10138 = ( GEOMETRIC_REPRESENTATION_CONTEXT(2) 
PARAMETRIC_REPRESENTATION_CONTEXT() REPRESENTATION_CONTEXT('2D SPACE',''
  ) );
#10139 = PCURVE('',#9925,#10140);
#10140 = DEFINITIONAL_REPRESENTATION('',(#10141),#10145);
#10141 = LINE('',#10142,#10143);
#10142 = CARTESIAN_POINT('',(3.665191429188,12.7));
#10143 = VECTOR('',#10144,1.);
#10144 = DIRECTION('',(-1.,0.));
#10145 = ( GEOMETRIC_REPRESENTATION_CONTEXT(2) 
PARAMETRIC_REPRESENTATION_CONTEXT() REPRESENTATION_CONTEXT('2D SPACE',''
  ) );
#10146 = ORIENTED_EDGE('',*,*,#10147,.T.);
#10147 = EDGE_CURVE('',#10120,#10148,#10150,.T.);
#10148 = VERTEX_POINT('',#10149);
#10149 = CARTESIAN_POINT('',(39.864469355558,80.907286340599,6.35));
#10150 = SURFACE_CURVE('',#10151,(#10155,#10162),.PCURVE_S1.);
#10151 = LINE('',#10152,#10153);
#10152 = CARTESIAN_POINT('',(50.499261314031,74.767286340599,6.35));
#10153 = VECTOR('',#10154,1.);
#10154 = DIRECTION('',(-0.866025403784,0.5,0.));
#10155 = PCURVE('',#8778,#10156);
#10156 = DEFINITIONAL_REPRESENTATION('',(#10157),#10161);
#10157 = LINE('',#10158,#10159);
#10158 = CARTESIAN_POINT('',(180.,1.42108547152E-14));
#10159 = VECTOR('',#10160,1.);
#10160 = DIRECTION('',(0.,1.));
#10161 = ( GEOMETRIC_REPRESENTATION_CONTEXT(2) 
PARAMETRIC_REPRESENTATION_CONTEXT() REPRESENTATION_CONTEXT('2D SPACE',''
  ) );
#10162 = PCURVE('',#9953,#10163);
#10163 = DEFINITIONAL_REPRESENTATION('',(#10164),#10168);
#10164 = LINE('',#10165,#10166);
#10165 = CARTESIAN_POINT('',(12.7,0.));
#10166 = VECTOR('',#10167,1.);
#10167 = DIRECTION('',(0.,-1.));
#10168 = ( GEOMETRIC_REPRESENTATION_CONTEXT(2) 
PARAMETRIC_REPRESENTATION_CONTEXT() REPRESENTATION_CONTEXT('2D SPACE',''
  ) );
#10169 = ORIENTED_EDGE('',*,*,#10170,.T.);
#10170 = EDGE_CURVE('',#10148,#10171,#10173,.T.);
#10171 = VERTEX_POINT('',#10172);
#10172 = CARTESIAN_POINT('',(39.290738685969,80.75355567101,6.35));
#10173 = SURFACE_CURVE('',#10174,(#10179,#10186),.PCURVE_S1.);
#10174 = CIRCLE('',#10175,0.42);
#10175 = AXIS2_PLACEMENT_3D('',#10176,#10177,#10178);
#10176 = CARTESIAN_POINT('',(39.654469355558,80.54355567101,6.35));
#10177 = DIRECTION('',(0.,0.,1.));
#10178 = DIRECTION('',(0.,-1.,0.));
#10179 = PCURVE('',#8778,#10180);
#10180 = DEFINITIONAL_REPRESENTATION('',(#10181),#10185);
#10181 = CIRCLE('',#10182,0.42);
#10182 = AXIS2_PLACEMENT_2D('',#10183,#10184);
#10183 = CARTESIAN_POINT('',(179.58,12.28));
#10184 = DIRECTION('',(-0.866025403784,-0.5));
#10185 = ( GEOMETRIC_REPRESENTATION_CONTEXT(2) 
PARAMETRIC_REPRESENTATION_CONTEXT() REPRESENTATION_CONTEXT('2D SPACE',''
  ) );
#10186 = PCURVE('',#9982,#10187);
#10187 = DEFINITIONAL_REPRESENTATION('',(#10188),#10192);
#10188 = LINE('',#10189,#10190);
#10189 = CARTESIAN_POINT('',(-2.617993877991,12.7));
#10190 = VECTOR('',#10191,1.);
#10191 = DIRECTION('',(1.,0.));
#10192 = ( GEOMETRIC_REPRESENTATION_CONTEXT(2) 
PARAMETRIC_REPRESENTATION_CONTEXT() REPRESENTATION_CONTEXT('2D SPACE',''
  ) );
#10193 = ORIENTED_EDGE('',*,*,#10194,.F.);
#10194 = EDGE_CURVE('',#10073,#10171,#10195,.T.);
#10195 = SURFACE_CURVE('',#10196,(#10200,#10207),.PCURVE_S1.);
#10196 = LINE('',#10197,#10198);
#10197 = CARTESIAN_POINT('',(-50.49926131403,-74.76728634059,6.35));
#10198 = VECTOR('',#10199,1.);
#10199 = DIRECTION('',(0.5,0.866025403784,0.));
#10200 = PCURVE('',#8778,#10201);
#10201 = DEFINITIONAL_REPRESENTATION('',(#10202),#10206);
#10202 = LINE('',#10203,#10204);
#10203 = CARTESIAN_POINT('',(-7.993605777301E-15,12.7));
#10204 = VECTOR('',#10205,1.);
#10205 = DIRECTION('',(1.,0.));
#10206 = ( GEOMETRIC_REPRESENTATION_CONTEXT(2) 
PARAMETRIC_REPRESENTATION_CONTEXT() REPRESENTATION_CONTEXT('2D SPACE',''
  ) );
#10207 = PCURVE('',#10008,#10208);
#10208 = DEFINITIONAL_REPRESENTATION('',(#10209),#10213);
#10209 = LINE('',#10210,#10211);
#10210 = CARTESIAN_POINT('',(12.7,0.));
#10211 = VECTOR('',#10212,1.);
#10212 = DIRECTION('',(0.,1.));
#10213 = ( GEOMETRIC_REPRESENTATION_CONTEXT(2) 
PARAMETRIC_REPRESENTATION_CONTEXT() REPRESENTATION_CONTEXT('2D SPACE',''
  ) );
#10214 = ADVANCED_FACE('',(#10215),#9054,.F.);
#10215 = FACE_BOUND('',#10216,.F.);
#10216 = EDGE_LOOP('',(#10217,#10218,#10239,#10240));
#10217 = ORIENTED_EDGE('',*,*,#9036,.F.);
#10218 = ORIENTED_EDGE('',*,*,#10219,.F.);
#10219 = EDGE_CURVE('',#9224,#9037,#10220,.T.);
#10220 = SURFACE_CURVE('',#10221,(#10225,#10232),.PCURVE_S1.);
#10221 = LINE('',#10222,#10223);
#10222 = CARTESIAN_POINT('',(-39.86446935555,-80.90728634059,-6.35));
#10223 = VECTOR('',#10224,1.);
#10224 = DIRECTION('',(0.,0.,1.));
#10225 = PCURVE('',#9054,#10226);
#10226 = DEFINITIONAL_REPRESENTATION('',(#10227),#10231);
#10227 = LINE('',#10228,#10229);
#10228 = CARTESIAN_POINT('',(0.,-0.42));
#10229 = VECTOR('',#10230,1.);
#10230 = DIRECTION('',(1.,0.));
#10231 = ( GEOMETRIC_REPRESENTATION_CONTEXT(2) 
PARAMETRIC_REPRESENTATION_CONTEXT() REPRESENTATION_CONTEXT('2D SPACE',''
  ) );
#10232 = PCURVE('',#9083,#10233);
#10233 = DEFINITIONAL_REPRESENTATION('',(#10234),#10238);
#10234 = LINE('',#10235,#10236);
#10235 = CARTESIAN_POINT('',(0.,0.));
#10236 = VECTOR('',#10237,1.);
#10237 = DIRECTION('',(0.,1.));
#10238 = ( GEOMETRIC_REPRESENTATION_CONTEXT(2) 
PARAMETRIC_REPRESENTATION_CONTEXT() REPRESENTATION_CONTEXT('2D SPACE',''
  ) );
#10239 = ORIENTED_EDGE('',*,*,#9223,.T.);
#10240 = ORIENTED_EDGE('',*,*,#10241,.T.);
#10241 = EDGE_CURVE('',#9226,#9039,#10242,.T.);
#10242 = SURFACE_CURVE('',#10243,(#10247,#10254),.PCURVE_S1.);
#10243 = LINE('',#10244,#10245);
#10244 = CARTESIAN_POINT('',(-50.13553064444,-74.97728634059,-6.35));
#10245 = VECTOR('',#10246,1.);
#10246 = DIRECTION('',(0.,0.,1.));
#10247 = PCURVE('',#9054,#10248);
#10248 = DEFINITIONAL_REPRESENTATION('',(#10249),#10253);
#10249 = LINE('',#10250,#10251);
#10250 = CARTESIAN_POINT('',(0.,-12.28));
#10251 = VECTOR('',#10252,1.);
#10252 = DIRECTION('',(1.,0.));
#10253 = ( GEOMETRIC_REPRESENTATION_CONTEXT(2) 
PARAMETRIC_REPRESENTATION_CONTEXT() REPRESENTATION_CONTEXT('2D SPACE',''
  ) );
#10254 = PCURVE('',#9159,#10255);
#10255 = DEFINITIONAL_REPRESENTATION('',(#10256),#10260);
#10256 = LINE('',#10257,#10258);
#10257 = CARTESIAN_POINT('',(-0.,0.));
#10258 = VECTOR('',#10259,1.);
#10259 = DIRECTION('',(-0.,1.));
#10260 = ( GEOMETRIC_REPRESENTATION_CONTEXT(2) 
PARAMETRIC_REPRESENTATION_CONTEXT() REPRESENTATION_CONTEXT('2D SPACE',''
  ) );
#10261 = ADVANCED_FACE('',(#10262),#9159,.T.);
#10262 = FACE_BOUND('',#10263,.F.);
#10263 = EDGE_LOOP('',(#10264,#10265,#10266,#10267));
#10264 = ORIENTED_EDGE('',*,*,#9295,.T.);
#10265 = ORIENTED_EDGE('',*,*,#9325,.T.);
#10266 = ORIENTED_EDGE('',*,*,#9140,.F.);
#10267 = ORIENTED_EDGE('',*,*,#10241,.F.);
#10268 = ADVANCED_FACE('',(#10269),#9083,.T.);
#10269 = FACE_BOUND('',#10270,.T.);
#10270 = EDGE_LOOP('',(#10271,#10272,#10273,#10274));
#10271 = ORIENTED_EDGE('',*,*,#9248,.T.);
#10272 = ORIENTED_EDGE('',*,*,#9197,.T.);
#10273 = ORIENTED_EDGE('',*,*,#9066,.F.);
#10274 = ORIENTED_EDGE('',*,*,#10219,.F.);
#10275 = ADVANCED_FACE('',(#10276,#10286),#9413,.T.);
#10276 = FACE_BOUND('',#10277,.T.);
#10277 = EDGE_LOOP('',(#10278,#10279,#10280,#10281,#10282,#10283,#10284,
    #10285));
#10278 = ORIENTED_EDGE('',*,*,#9609,.F.);
#10279 = ORIENTED_EDGE('',*,*,#9560,.T.);
#10280 = ORIENTED_EDGE('',*,*,#9506,.F.);
#10281 = ORIENTED_EDGE('',*,*,#9457,.T.);
#10282 = ORIENTED_EDGE('',*,*,#9398,.F.);
#10283 = ORIENTED_EDGE('',*,*,#9741,.T.);
#10284 = ORIENTED_EDGE('',*,*,#9712,.F.);
#10285 = ORIENTED_EDGE('',*,*,#9639,.T.);
#10286 = FACE_BOUND('',#10287,.T.);
#10287 = EDGE_LOOP('',(#10288,#10289,#10308,#10309));
#10288 = ORIENTED_EDGE('',*,*,#10072,.F.);
#10289 = ORIENTED_EDGE('',*,*,#10290,.F.);
#10290 = EDGE_CURVE('',#9836,#10073,#10291,.T.);
#10291 = SURFACE_CURVE('',#10292,(#10296,#10302),.PCURVE_S1.);
#10292 = LINE('',#10293,#10294);
#10293 = CARTESIAN_POINT('',(2.932939367483,17.78,-3.175));
#10294 = VECTOR('',#10295,1.);
#10295 = DIRECTION('',(2.523573079244E-16,4.370956789863E-16,1.));
#10296 = PCURVE('',#9413,#10297);
#10297 = DEFINITIONAL_REPRESENTATION('',(#10298),#10301);
#10298 = B_SPLINE_CURVE_WITH_KNOTS('',1,(#10299,#10300),.UNSPECIFIED.,
  .F.,.F.,(2,2),(-3.175,9.525),.PIECEWISE_BEZIER_KNOTS.);
#10299 = CARTESIAN_POINT('',(-6.35,2.932939367483));
#10300 = CARTESIAN_POINT('',(6.35,2.932939367483));
#10301 = ( GEOMETRIC_REPRESENTATION_CONTEXT(2) 
PARAMETRIC_REPRESENTATION_CONTEXT() REPRESENTATION_CONTEXT('2D SPACE',''
  ) );
#10302 = PCURVE('',#10008,#10303);
#10303 = DEFINITIONAL_REPRESENTATION('',(#10304),#10307);
#10304 = B_SPLINE_CURVE_WITH_KNOTS('',1,(#10305,#10306),.UNSPECIFIED.,
  .F.,.F.,(2,2),(-3.175,9.525),.PIECEWISE_BEZIER_KNOTS.);
#10305 = CARTESIAN_POINT('',(0.,106.86440136302));
#10306 = CARTESIAN_POINT('',(12.7,106.86440136302));
#10307 = ( GEOMETRIC_REPRESENTATION_CONTEXT(2) 
PARAMETRIC_REPRESENTATION_CONTEXT() REPRESENTATION_CONTEXT('2D SPACE',''
  ) );
#10308 = ORIENTED_EDGE('',*,*,#9835,.T.);
#10309 = ORIENTED_EDGE('',*,*,#10310,.T.);
#10310 = EDGE_CURVE('',#9838,#10075,#10311,.T.);
#10311 = SURFACE_CURVE('',#10312,(#10316,#10322),.PCURVE_S1.);
#10312 = LINE('',#10313,#10314);
#10313 = CARTESIAN_POINT('',(17.5976362049,17.78,-3.175));
#10314 = VECTOR('',#10315,1.);
#10315 = DIRECTION('',(2.523573079244E-16,4.370956789863E-16,1.));
#10316 = PCURVE('',#9413,#10317);
#10317 = DEFINITIONAL_REPRESENTATION('',(#10318),#10321);
#10318 = B_SPLINE_CURVE_WITH_KNOTS('',1,(#10319,#10320),.UNSPECIFIED.,
  .F.,.F.,(2,2),(-3.175,9.525),.PIECEWISE_BEZIER_KNOTS.);
#10319 = CARTESIAN_POINT('',(-6.35,17.5976362049));
#10320 = CARTESIAN_POINT('',(6.35,17.5976362049));
#10321 = ( GEOMETRIC_REPRESENTATION_CONTEXT(2) 
PARAMETRIC_REPRESENTATION_CONTEXT() REPRESENTATION_CONTEXT('2D SPACE',''
  ) );
#10322 = PCURVE('',#9800,#10323);
#10323 = DEFINITIONAL_REPRESENTATION('',(#10324),#10327);
#10324 = B_SPLINE_CURVE_WITH_KNOTS('',1,(#10325,#10326),.UNSPECIFIED.,
  .F.,.F.,(2,2),(-3.175,9.525),.PIECEWISE_BEZIER_KNOTS.);
#10325 = CARTESIAN_POINT('',(0.,114.19674978173));
#10326 = CARTESIAN_POINT('',(12.7,114.19674978173));
#10327 = ( GEOMETRIC_REPRESENTATION_CONTEXT(2) 
PARAMETRIC_REPRESENTATION_CONTEXT() REPRESENTATION_CONTEXT('2D SPACE',''
  ) );
#10328 = ADVANCED_FACE('',(#10329),#9800,.F.);
#10329 = FACE_BOUND('',#10330,.F.);
#10330 = EDGE_LOOP('',(#10331,#10332,#10333,#10334));
#10331 = ORIENTED_EDGE('',*,*,#9858,.F.);
#10332 = ORIENTED_EDGE('',*,*,#10310,.T.);
#10333 = ORIENTED_EDGE('',*,*,#10095,.T.);
#10334 = ORIENTED_EDGE('',*,*,#9785,.T.);
#10335 = ADVANCED_FACE('',(#10336),#10008,.T.);
#10336 = FACE_BOUND('',#10337,.T.);
#10337 = EDGE_LOOP('',(#10338,#10339,#10340,#10341));
#10338 = ORIENTED_EDGE('',*,*,#9994,.F.);
#10339 = ORIENTED_EDGE('',*,*,#10290,.T.);
#10340 = ORIENTED_EDGE('',*,*,#10194,.T.);
#10341 = ORIENTED_EDGE('',*,*,#10342,.F.);
#10342 = EDGE_CURVE('',#9966,#10171,#10343,.T.);
#10343 = SURFACE_CURVE('',#10344,(#10348,#10355),.PCURVE_S1.);
#10344 = LINE('',#10345,#10346);
#10345 = CARTESIAN_POINT('',(39.290738685969,80.75355567101,-6.35));
#10346 = VECTOR('',#10347,1.);
#10347 = DIRECTION('',(0.,0.,1.));
#10348 = PCURVE('',#10008,#10349);
#10349 = DEFINITIONAL_REPRESENTATION('',(#10350),#10354);
#10350 = LINE('',#10351,#10352);
#10351 = CARTESIAN_POINT('',(0.,179.58));
#10352 = VECTOR('',#10353,1.);
#10353 = DIRECTION('',(1.,0.));
#10354 = ( GEOMETRIC_REPRESENTATION_CONTEXT(2) 
PARAMETRIC_REPRESENTATION_CONTEXT() REPRESENTATION_CONTEXT('2D SPACE',''
  ) );
#10355 = PCURVE('',#9982,#10356);
#10356 = DEFINITIONAL_REPRESENTATION('',(#10357),#10361);
#10357 = LINE('',#10358,#10359);
#10358 = CARTESIAN_POINT('',(1.570796326795,0.));
#10359 = VECTOR('',#10360,1.);
#10360 = DIRECTION('',(0.,1.));
#10361 = ( GEOMETRIC_REPRESENTATION_CONTEXT(2) 
PARAMETRIC_REPRESENTATION_CONTEXT() REPRESENTATION_CONTEXT('2D SPACE',''
  ) );
#10362 = ADVANCED_FACE('',(#10363),#9982,.T.);
#10363 = FACE_BOUND('',#10364,.T.);
#10364 = EDGE_LOOP('',(#10365,#10366,#10367,#10368));
#10365 = ORIENTED_EDGE('',*,*,#9965,.T.);
#10366 = ORIENTED_EDGE('',*,*,#10342,.T.);
#10367 = ORIENTED_EDGE('',*,*,#10170,.F.);
#10368 = ORIENTED_EDGE('',*,*,#10369,.F.);
#10369 = EDGE_CURVE('',#9938,#10148,#10370,.T.);
#10370 = SURFACE_CURVE('',#10371,(#10375,#10382),.PCURVE_S1.);
#10371 = LINE('',#10372,#10373);
#10372 = CARTESIAN_POINT('',(39.864469355558,80.907286340599,-6.35));
#10373 = VECTOR('',#10374,1.);
#10374 = DIRECTION('',(0.,0.,1.));
#10375 = PCURVE('',#9982,#10376);
#10376 = DEFINITIONAL_REPRESENTATION('',(#10377),#10381);
#10377 = LINE('',#10378,#10379);
#10378 = CARTESIAN_POINT('',(0.,0.));
#10379 = VECTOR('',#10380,1.);
#10380 = DIRECTION('',(0.,1.));
#10381 = ( GEOMETRIC_REPRESENTATION_CONTEXT(2) 
PARAMETRIC_REPRESENTATION_CONTEXT() REPRESENTATION_CONTEXT('2D SPACE',''
  ) );
#10382 = PCURVE('',#9953,#10383);
#10383 = DEFINITIONAL_REPRESENTATION('',(#10384),#10388);
#10384 = LINE('',#10385,#10386);
#10385 = CARTESIAN_POINT('',(0.,-12.28));
#10386 = VECTOR('',#10387,1.);
#10387 = DIRECTION('',(1.,0.));
#10388 = ( GEOMETRIC_REPRESENTATION_CONTEXT(2) 
PARAMETRIC_REPRESENTATION_CONTEXT() REPRESENTATION_CONTEXT('2D SPACE',''
  ) );
#10389 = ADVANCED_FACE('',(#10390),#9953,.T.);
#10390 = FACE_BOUND('',#10391,.T.);
#10391 = EDGE_LOOP('',(#10392,#10393,#10414,#10415));
#10392 = ORIENTED_EDGE('',*,*,#10147,.F.);
#10393 = ORIENTED_EDGE('',*,*,#10394,.F.);
#10394 = EDGE_CURVE('',#9905,#10120,#10395,.T.);
#10395 = SURFACE_CURVE('',#10396,(#10400,#10407),.PCURVE_S1.);
#10396 = LINE('',#10397,#10398);
#10397 = CARTESIAN_POINT('',(50.135530644442,74.977286340599,-6.35));
#10398 = VECTOR('',#10399,1.);
#10399 = DIRECTION('',(0.,0.,1.));
#10400 = PCURVE('',#9953,#10401);
#10401 = DEFINITIONAL_REPRESENTATION('',(#10402),#10406);
#10402 = LINE('',#10403,#10404);
#10403 = CARTESIAN_POINT('',(0.,-0.42));
#10404 = VECTOR('',#10405,1.);
#10405 = DIRECTION('',(1.,0.));
#10406 = ( GEOMETRIC_REPRESENTATION_CONTEXT(2) 
PARAMETRIC_REPRESENTATION_CONTEXT() REPRESENTATION_CONTEXT('2D SPACE',''
  ) );
#10407 = PCURVE('',#9925,#10408);
#10408 = DEFINITIONAL_REPRESENTATION('',(#10409),#10413);
#10409 = LINE('',#10410,#10411);
#10410 = CARTESIAN_POINT('',(-0.,0.));
#10411 = VECTOR('',#10412,1.);
#10412 = DIRECTION('',(-0.,1.));
#10413 = ( GEOMETRIC_REPRESENTATION_CONTEXT(2) 
PARAMETRIC_REPRESENTATION_CONTEXT() REPRESENTATION_CONTEXT('2D SPACE',''
  ) );
#10414 = ORIENTED_EDGE('',*,*,#9937,.T.);
#10415 = ORIENTED_EDGE('',*,*,#10369,.T.);
#10416 = ADVANCED_FACE('',(#10417),#9925,.T.);
#10417 = FACE_BOUND('',#10418,.F.);
#10418 = EDGE_LOOP('',(#10419,#10420,#10421,#10422));
#10419 = ORIENTED_EDGE('',*,*,#9904,.T.);
#10420 = ORIENTED_EDGE('',*,*,#10048,.T.);
#10421 = ORIENTED_EDGE('',*,*,#10119,.F.);
#10422 = ORIENTED_EDGE('',*,*,#10394,.F.);
#10423 = ORIENTED_CLOSED_SHELL('',*,#10424,.F.);
#10424 = CLOSED_SHELL('',(#10425,#10655,#10864,#10977,#11048,#11096,
    #11142,#11282,#11309,#11315,#11386,#11434,#11460,#11486,#11492,
    #11498));
#10425 = ADVANCED_FACE('',(#10426),#10440,.T.);
#10426 = FACE_BOUND('',#10427,.T.);
#10427 = EDGE_LOOP('',(#10428,#10463,#10491,#10524,#10550,#10578,#10604,
    #10633));
#10428 = ORIENTED_EDGE('',*,*,#10429,.F.);
#10429 = EDGE_CURVE('',#10430,#10432,#10434,.T.);
#10430 = VERTEX_POINT('',#10431);
#10431 = CARTESIAN_POINT('',(-6.477,6.35,2.203186973082E-15));
#10432 = VERTEX_POINT('',#10433);
#10433 = CARTESIAN_POINT('',(-6.477,12.698729872975,1.806444094751E-15)
  );
#10434 = SURFACE_CURVE('',#10435,(#10439,#10451),.PCURVE_S1.);
#10435 = LINE('',#10436,#10437);
#10436 = CARTESIAN_POINT('',(-6.477,6.35,2.203186973082E-15));
#10437 = VECTOR('',#10438,1.);
#10438 = DIRECTION('',(0.,1.,2.22044604925E-16));
#10439 = PCURVE('',#10440,#10445);
#10440 = CYLINDRICAL_SURFACE('',#10441,6.477);
#10441 = AXIS2_PLACEMENT_3D('',#10442,#10443,#10444);
#10442 = CARTESIAN_POINT('',(0.,6.35,1.409983241274E-15));
#10443 = DIRECTION('',(0.,1.,2.22044604925E-16));
#10444 = DIRECTION('',(1.,0.,0.));
#10445 = DEFINITIONAL_REPRESENTATION('',(#10446),#10450);
#10446 = LINE('',#10447,#10448);
#10447 = CARTESIAN_POINT('',(3.14159265359,0.));
#10448 = VECTOR('',#10449,1.);
#10449 = DIRECTION('',(0.,1.));
#10450 = ( GEOMETRIC_REPRESENTATION_CONTEXT(2) 
PARAMETRIC_REPRESENTATION_CONTEXT() REPRESENTATION_CONTEXT('2D SPACE',''
  ) );
#10451 = PCURVE('',#10452,#10457);
#10452 = CYLINDRICAL_SURFACE('',#10453,6.477);
#10453 = AXIS2_PLACEMENT_3D('',#10454,#10455,#10456);
#10454 = CARTESIAN_POINT('',(0.,6.35,1.409983241274E-15));
#10455 = DIRECTION('',(0.,1.,2.22044604925E-16));
#10456 = DIRECTION('',(1.,0.,0.));
#10457 = DEFINITIONAL_REPRESENTATION('',(#10458),#10462);
#10458 = LINE('',#10459,#10460);
#10459 = CARTESIAN_POINT('',(9.424777960769,0.));
#10460 = VECTOR('',#10461,1.);
#10461 = DIRECTION('',(0.,1.));
#10462 = ( GEOMETRIC_REPRESENTATION_CONTEXT(2) 
PARAMETRIC_REPRESENTATION_CONTEXT() REPRESENTATION_CONTEXT('2D SPACE',''
  ) );
#10463 = ORIENTED_EDGE('',*,*,#10464,.F.);
#10464 = EDGE_CURVE('',#10465,#10430,#10467,.T.);
#10465 = VERTEX_POINT('',#10466);
#10466 = CARTESIAN_POINT('',(-3.666174209354,6.35,5.339540773013));
#10467 = SURFACE_CURVE('',#10468,(#10473,#10479),.PCURVE_S1.);
#10468 = CIRCLE('',#10469,6.477);
#10469 = AXIS2_PLACEMENT_3D('',#10470,#10471,#10472);
#10470 = CARTESIAN_POINT('',(1.285247786279E-30,6.35,1.409983241274E-15)
  );
#10471 = DIRECTION('',(-1.225315935864E-16,-1.,-3.686951170381E-17));
#10472 = DIRECTION('',(0.833954480829,-1.225315935864E-16,0.551833239217
    ));
#10473 = PCURVE('',#10440,#10474);
#10474 = DEFINITIONAL_REPRESENTATION('',(#10475),#10478);
#10475 = B_SPLINE_CURVE_WITH_KNOTS('',1,(#10476,#10477),.UNSPECIFIED.,
  .F.,.F.,(2,2),(7.871102484076,8.84021706906),
  .PIECEWISE_BEZIER_KNOTS.);
#10476 = CARTESIAN_POINT('',(4.110707238574,1.95399252334E-14));
#10477 = CARTESIAN_POINT('',(3.14159265359,1.95399252334E-14));
#10478 = ( GEOMETRIC_REPRESENTATION_CONTEXT(2) 
PARAMETRIC_REPRESENTATION_CONTEXT() REPRESENTATION_CONTEXT('2D SPACE',''
  ) );
#10479 = PCURVE('',#10480,#10485);
#10480 = CYLINDRICAL_SURFACE('',#10481,6.477);
#10481 = AXIS2_PLACEMENT_3D('',#10482,#10483,#10484);
#10482 = CARTESIAN_POINT('',(1.285247786279E-30,6.35,1.409983241274E-15)
  );
#10483 = DIRECTION('',(5.176899690513E-31,1.,2.22044604925E-16));
#10484 = DIRECTION('',(0.833954480829,-1.225315935864E-16,0.551833239217
    ));
#10485 = DEFINITIONAL_REPRESENTATION('',(#10486),#10490);
#10486 = LINE('',#10487,#10488);
#10487 = CARTESIAN_POINT('',(12.566370614359,0.));
#10488 = VECTOR('',#10489,1.);
#10489 = DIRECTION('',(-1.,0.));
#10490 = ( GEOMETRIC_REPRESENTATION_CONTEXT(2) 
PARAMETRIC_REPRESENTATION_CONTEXT() REPRESENTATION_CONTEXT('2D SPACE',''
  ) );
#10491 = ORIENTED_EDGE('',*,*,#10492,.T.);
#10492 = EDGE_CURVE('',#10465,#10493,#10495,.T.);
#10493 = VERTEX_POINT('',#10494);
#10494 = CARTESIAN_POINT('',(-1.276334203882,10.489324311438,6.35));
#10495 = SURFACE_CURVE('',#10496,(#10501,#10512),.PCURVE_S1.);
#10496 = ELLIPSE('',#10497,12.954,6.477);
#10497 = AXIS2_PLACEMENT_3D('',#10498,#10499,#10500);
#10498 = CARTESIAN_POINT('',(0.,12.7,2.819966482548E-15));
#10499 = DIRECTION('',(-0.866025403784,0.5,1.232595164408E-32));
#10500 = DIRECTION('',(0.5,0.866025403784,2.563950248511E-16));
#10501 = PCURVE('',#10440,#10502);
#10502 = DEFINITIONAL_REPRESENTATION('',(#10503),#10511);
#10503 = B_SPLINE_CURVE_WITH_KNOTS('',6,(#10504,#10505,#10506,#10507,
    #10508,#10509,#10510),.UNSPECIFIED.,.F.,.F.,(7,7),(4.110707173697,
    4.712389033868),.PIECEWISE_BEZIER_KNOTS.);
#10504 = CARTESIAN_POINT('',(4.110707173697,-5.999999874717E-07));
#10505 = CARTESIAN_POINT('',(4.210987483726,0.92742735639));
#10506 = CARTESIAN_POINT('',(4.311267793754,1.931482763887));
#10507 = CARTESIAN_POINT('',(4.411548103782,2.995380729925));
#10508 = CARTESIAN_POINT('',(4.511828413811,4.100013017703));
#10509 = CARTESIAN_POINT('',(4.612108723839,5.225006635823));
#10510 = CARTESIAN_POINT('',(4.712389033868,6.3500006));
#10511 = ( GEOMETRIC_REPRESENTATION_CONTEXT(2) 
PARAMETRIC_REPRESENTATION_CONTEXT() REPRESENTATION_CONTEXT('2D SPACE',''
  ) );
#10512 = PCURVE('',#10513,#10518);
#10513 = PLANE('',#10514);
#10514 = AXIS2_PLACEMENT_3D('',#10515,#10516,#10517);
#10515 = CARTESIAN_POINT('',(-50.49926131403,-74.76728634059,-6.35));
#10516 = DIRECTION('',(-0.866025403784,0.5,0.));
#10517 = DIRECTION('',(0.,0.,1.));
#10518 = DEFINITIONAL_REPRESENTATION('',(#10519),#10523);
#10519 = ELLIPSE('',#10520,12.954,6.477);
#10520 = AXIS2_PLACEMENT_2D('',#10521,#10522);
#10521 = CARTESIAN_POINT('',(6.35,100.99852262806));
#10522 = DIRECTION('',(2.563950248511E-16,1.));
#10523 = ( GEOMETRIC_REPRESENTATION_CONTEXT(2) 
PARAMETRIC_REPRESENTATION_CONTEXT() REPRESENTATION_CONTEXT('2D SPACE',''
  ) );
#10524 = ORIENTED_EDGE('',*,*,#10525,.F.);
#10525 = EDGE_CURVE('',#10526,#10493,#10528,.T.);
#10526 = VERTEX_POINT('',#10527);
#10527 = CARTESIAN_POINT('',(-1.276334203882,6.35,6.35));
#10528 = SURFACE_CURVE('',#10529,(#10533,#10539),.PCURVE_S1.);
#10529 = LINE('',#10530,#10531);
#10530 = CARTESIAN_POINT('',(-1.276334203882,6.35,6.35));
#10531 = VECTOR('',#10532,1.);
#10532 = DIRECTION('',(0.,1.,2.22044604925E-16));
#10533 = PCURVE('',#10440,#10534);
#10534 = DEFINITIONAL_REPRESENTATION('',(#10535),#10538);
#10535 = B_SPLINE_CURVE_WITH_KNOTS('',1,(#10536,#10537),.UNSPECIFIED.,
  .F.,.F.,(2,2),(-5.999999821427E-07,6.3500006),
  .PIECEWISE_BEZIER_KNOTS.);
#10536 = CARTESIAN_POINT('',(4.514034458226,-5.999999807327E-07));
#10537 = CARTESIAN_POINT('',(4.514034458226,6.3500006));
#10538 = ( GEOMETRIC_REPRESENTATION_CONTEXT(2) 
PARAMETRIC_REPRESENTATION_CONTEXT() REPRESENTATION_CONTEXT('2D SPACE',''
  ) );
#10539 = PCURVE('',#10540,#10545);
#10540 = PLANE('',#10541);
#10541 = AXIS2_PLACEMENT_3D('',#10542,#10543,#10544);
#10542 = CARTESIAN_POINT('',(-39.50073868596,-81.11728634059,6.35));
#10543 = DIRECTION('',(0.,0.,1.));
#10544 = DIRECTION('',(0.5,0.866025403784,0.));
#10545 = DEFINITIONAL_REPRESENTATION('',(#10546),#10549);
#10546 = B_SPLINE_CURVE_WITH_KNOTS('',1,(#10547,#10548),.UNSPECIFIED.,
  .F.,.F.,(2,2),(-5.999999821427E-07,6.3500006),
  .PIECEWISE_BEZIER_KNOTS.);
#10547 = CARTESIAN_POINT('',(94.861093692475,10.630337544281));
#10548 = CARTESIAN_POINT('',(100.36035604573,13.805338144281));
#10549 = ( GEOMETRIC_REPRESENTATION_CONTEXT(2) 
PARAMETRIC_REPRESENTATION_CONTEXT() REPRESENTATION_CONTEXT('2D SPACE',''
  ) );
#10550 = ORIENTED_EDGE('',*,*,#10551,.F.);
#10551 = EDGE_CURVE('',#10552,#10526,#10554,.T.);
#10552 = VERTEX_POINT('',#10553);
#10553 = CARTESIAN_POINT('',(1.276334203882,6.35,6.35));
#10554 = SURFACE_CURVE('',#10555,(#10560,#10566),.PCURVE_S1.);
#10555 = CIRCLE('',#10556,6.477);
#10556 = AXIS2_PLACEMENT_3D('',#10557,#10558,#10559);
#10557 = CARTESIAN_POINT('',(1.285247786279E-30,6.35,1.409983241274E-15)
  );
#10558 = DIRECTION('',(-1.225315935864E-16,-1.,-3.686951170381E-17));
#10559 = DIRECTION('',(0.833954480829,-1.225315935864E-16,0.551833239217
    ));
#10560 = PCURVE('',#10440,#10561);
#10561 = DEFINITIONAL_REPRESENTATION('',(#10562),#10565);
#10562 = B_SPLINE_CURVE_WITH_KNOTS('',1,(#10563,#10564),.UNSPECIFIED.,
  .F.,.F.,(2,2),(7.071066220106,7.467775264424),
  .PIECEWISE_BEZIER_KNOTS.);
#10563 = CARTESIAN_POINT('',(4.910743502543,1.95399252334E-14));
#10564 = CARTESIAN_POINT('',(4.514034458226,1.95399252334E-14));
#10565 = ( GEOMETRIC_REPRESENTATION_CONTEXT(2) 
PARAMETRIC_REPRESENTATION_CONTEXT() REPRESENTATION_CONTEXT('2D SPACE',''
  ) );
#10566 = PCURVE('',#10567,#10572);
#10567 = CYLINDRICAL_SURFACE('',#10568,6.477);
#10568 = AXIS2_PLACEMENT_3D('',#10569,#10570,#10571);
#10569 = CARTESIAN_POINT('',(1.285247786279E-30,6.35,1.409983241274E-15)
  );
#10570 = DIRECTION('',(5.176899690513E-31,1.,2.22044604925E-16));
#10571 = DIRECTION('',(0.833954480829,-1.225315935864E-16,0.551833239217
    ));
#10572 = DEFINITIONAL_REPRESENTATION('',(#10573),#10577);
#10573 = LINE('',#10574,#10575);
#10574 = CARTESIAN_POINT('',(12.566370614359,0.));
#10575 = VECTOR('',#10576,1.);
#10576 = DIRECTION('',(-1.,0.));
#10577 = ( GEOMETRIC_REPRESENTATION_CONTEXT(2) 
PARAMETRIC_REPRESENTATION_CONTEXT() REPRESENTATION_CONTEXT('2D SPACE',''
  ) );
#10578 = ORIENTED_EDGE('',*,*,#10579,.T.);
#10579 = EDGE_CURVE('',#10552,#10580,#10582,.T.);
#10580 = VERTEX_POINT('',#10581);
#10581 = CARTESIAN_POINT('',(1.276334203882,12.7,6.35));
#10582 = SURFACE_CURVE('',#10583,(#10587,#10593),.PCURVE_S1.);
#10583 = LINE('',#10584,#10585);
#10584 = CARTESIAN_POINT('',(1.276334203882,6.35,6.35));
#10585 = VECTOR('',#10586,1.);
#10586 = DIRECTION('',(0.,1.,2.22044604925E-16));
#10587 = PCURVE('',#10440,#10588);
#10588 = DEFINITIONAL_REPRESENTATION('',(#10589),#10592);
#10589 = B_SPLINE_CURVE_WITH_KNOTS('',1,(#10590,#10591),.UNSPECIFIED.,
  .F.,.F.,(2,2),(-5.999999821427E-07,6.3500006),
  .PIECEWISE_BEZIER_KNOTS.);
#10590 = CARTESIAN_POINT('',(4.910743502543,-5.999999807327E-07));
#10591 = CARTESIAN_POINT('',(4.910743502543,6.3500006));
#10592 = ( GEOMETRIC_REPRESENTATION_CONTEXT(2) 
PARAMETRIC_REPRESENTATION_CONTEXT() REPRESENTATION_CONTEXT('2D SPACE',''
  ) );
#10593 = PCURVE('',#10594,#10599);
#10594 = PLANE('',#10595);
#10595 = AXIS2_PLACEMENT_3D('',#10596,#10597,#10598);
#10596 = CARTESIAN_POINT('',(-39.50073868596,-81.11728634059,6.35));
#10597 = DIRECTION('',(0.,0.,1.));
#10598 = DIRECTION('',(0.5,0.866025403784,0.));
#10599 = DEFINITIONAL_REPRESENTATION('',(#10600),#10603);
#10600 = B_SPLINE_CURVE_WITH_KNOTS('',1,(#10601,#10602),.UNSPECIFIED.,
  .F.,.F.,(2,2),(-5.999999821427E-07,6.3500006),
  .PIECEWISE_BEZIER_KNOTS.);
#10601 = CARTESIAN_POINT('',(96.137427896357,8.419661855719));
#10602 = CARTESIAN_POINT('',(101.63669024961,11.594662455719));
#10603 = ( GEOMETRIC_REPRESENTATION_CONTEXT(2) 
PARAMETRIC_REPRESENTATION_CONTEXT() REPRESENTATION_CONTEXT('2D SPACE',''
  ) );
#10604 = ORIENTED_EDGE('',*,*,#10605,.T.);
#10605 = EDGE_CURVE('',#10580,#10606,#10608,.T.);
#10606 = VERTEX_POINT('',#10607);
#10607 = CARTESIAN_POINT('',(-6.35,12.7,1.276334203882));
#10608 = SURFACE_CURVE('',#10609,(#10614,#10621),.PCURVE_S1.);
#10609 = CIRCLE('',#10610,6.477);
#10610 = AXIS2_PLACEMENT_3D('',#10611,#10612,#10613);
#10611 = CARTESIAN_POINT('',(0.,12.7,2.819966482548E-15));
#10612 = DIRECTION('',(1.224646799147E-16,-1.,2.540718180781E-33));
#10613 = DIRECTION('',(1.,1.224646799147E-16,-3.111482387629E-49));
#10614 = PCURVE('',#10440,#10615);
#10615 = DEFINITIONAL_REPRESENTATION('',(#10616),#10620);
#10616 = LINE('',#10617,#10618);
#10617 = CARTESIAN_POINT('',(6.28318530718,6.35));
#10618 = VECTOR('',#10619,1.);
#10619 = DIRECTION('',(-1.,0.));
#10620 = ( GEOMETRIC_REPRESENTATION_CONTEXT(2) 
PARAMETRIC_REPRESENTATION_CONTEXT() REPRESENTATION_CONTEXT('2D SPACE',''
  ) );
#10621 = PCURVE('',#10622,#10627);
#10622 = PLANE('',#10623);
#10623 = AXIS2_PLACEMENT_3D('',#10624,#10625,#10626);
#10624 = CARTESIAN_POINT('',(0.,12.7,2.819966482548E-15));
#10625 = DIRECTION('',(0.,-1.,-2.22044604925E-16));
#10626 = DIRECTION('',(-1.,0.,0.));
#10627 = DEFINITIONAL_REPRESENTATION('',(#10628),#10632);
#10628 = CIRCLE('',#10629,6.477);
#10629 = AXIS2_PLACEMENT_2D('',#10630,#10631);
#10630 = CARTESIAN_POINT('',(0.,0.));
#10631 = DIRECTION('',(-1.,2.719262146894E-32));
#10632 = ( GEOMETRIC_REPRESENTATION_CONTEXT(2) 
PARAMETRIC_REPRESENTATION_CONTEXT() REPRESENTATION_CONTEXT('2D SPACE',''
  ) );
#10633 = ORIENTED_EDGE('',*,*,#10634,.T.);
#10634 = EDGE_CURVE('',#10606,#10432,#10635,.T.);
#10635 = SURFACE_CURVE('',#10636,(#10641,#10647),.PCURVE_S1.);
#10636 = B_SPLINE_CURVE_WITH_KNOTS('',3,(#10637,#10638,#10639,#10640),
  .UNSPECIFIED.,.F.,.F.,(4,4),(-0.126226441671,0.),
  .PIECEWISE_BEZIER_KNOTS.);
#10637 = CARTESIAN_POINT('',(-6.349999999999,12.7,1.276334203887));
#10638 = CARTESIAN_POINT('',(-6.435498499614,12.7,0.850963269766));
#10639 = CARTESIAN_POINT('',(-6.477,12.698729872975,0.42075480557));
#10640 = CARTESIAN_POINT('',(-6.477,12.698729872975,1.387778780781E-16)
  );
#10641 = PCURVE('',#10440,#10642);
#10642 = DEFINITIONAL_REPRESENTATION('',(#10643),#10646);
#10643 = B_SPLINE_CURVE_WITH_KNOTS('',1,(#10644,#10645),.UNSPECIFIED.,
  .F.,.F.,(2,2),(-0.126226441671,0.),.PIECEWISE_BEZIER_KNOTS.);
#10644 = CARTESIAN_POINT('',(3.339947175749,6.35));
#10645 = CARTESIAN_POINT('',(3.14159265359,6.348729872975));
#10646 = ( GEOMETRIC_REPRESENTATION_CONTEXT(2) 
PARAMETRIC_REPRESENTATION_CONTEXT() REPRESENTATION_CONTEXT('2D SPACE',''
  ) );
#10647 = PCURVE('',#10622,#10648);
#10648 = DEFINITIONAL_REPRESENTATION('',(#10649),#10654);
#10649 = B_SPLINE_CURVE_WITH_KNOTS('',3,(#10650,#10651,#10652,#10653),
  .UNSPECIFIED.,.F.,.F.,(4,4),(-0.126226441671,0.),
  .PIECEWISE_BEZIER_KNOTS.);
#10650 = CARTESIAN_POINT('',(6.349999999999,-1.276334203887));
#10651 = CARTESIAN_POINT('',(6.435498499614,-0.850963269766));
#10652 = CARTESIAN_POINT('',(6.477,-0.42075480557));
#10653 = CARTESIAN_POINT('',(6.477,2.680906579616E-15));
#10654 = ( GEOMETRIC_REPRESENTATION_CONTEXT(2) 
PARAMETRIC_REPRESENTATION_CONTEXT() REPRESENTATION_CONTEXT('2D SPACE',''
  ) );
#10655 = ADVANCED_FACE('',(#10656),#10452,.T.);
#10656 = FACE_BOUND('',#10657,.T.);
#10657 = EDGE_LOOP('',(#10658,#10681,#10682,#10706,#10730,#10756,#10784,
    #10810,#10838));
#10658 = ORIENTED_EDGE('',*,*,#10659,.F.);
#10659 = EDGE_CURVE('',#10430,#10660,#10662,.T.);
#10660 = VERTEX_POINT('',#10661);
#10661 = CARTESIAN_POINT('',(-5.401523172332,6.35,-3.574223890408));
#10662 = SURFACE_CURVE('',#10663,(#10668,#10674),.PCURVE_S1.);
#10663 = CIRCLE('',#10664,6.477);
#10664 = AXIS2_PLACEMENT_3D('',#10665,#10666,#10667);
#10665 = CARTESIAN_POINT('',(1.285247786279E-30,6.35,1.409983241274E-15)
  );
#10666 = DIRECTION('',(-1.225315935864E-16,-1.,-3.686951170381E-17));
#10667 = DIRECTION('',(0.833954480829,-1.225315935864E-16,0.551833239217
    ));
#10668 = PCURVE('',#10452,#10669);
#10669 = DEFINITIONAL_REPRESENTATION('',(#10670),#10673);
#10670 = B_SPLINE_CURVE_WITH_KNOTS('',1,(#10671,#10672),.UNSPECIFIED.,
  .F.,.F.,(2,2),(8.84021706906,9.424777960769),
  .PIECEWISE_BEZIER_KNOTS.);
#10671 = CARTESIAN_POINT('',(9.424777960769,1.95399252334E-14));
#10672 = CARTESIAN_POINT('',(8.84021706906,1.95399252334E-14));
#10673 = ( GEOMETRIC_REPRESENTATION_CONTEXT(2) 
PARAMETRIC_REPRESENTATION_CONTEXT() REPRESENTATION_CONTEXT('2D SPACE',''
  ) );
#10674 = PCURVE('',#10480,#10675);
#10675 = DEFINITIONAL_REPRESENTATION('',(#10676),#10680);
#10676 = LINE('',#10677,#10678);
#10677 = CARTESIAN_POINT('',(12.566370614359,0.));
#10678 = VECTOR('',#10679,1.);
#10679 = DIRECTION('',(-1.,0.));
#10680 = ( GEOMETRIC_REPRESENTATION_CONTEXT(2) 
PARAMETRIC_REPRESENTATION_CONTEXT() REPRESENTATION_CONTEXT('2D SPACE',''
  ) );
#10681 = ORIENTED_EDGE('',*,*,#10429,.T.);
#10682 = ORIENTED_EDGE('',*,*,#10683,.T.);
#10683 = EDGE_CURVE('',#10432,#10684,#10686,.T.);
#10684 = VERTEX_POINT('',#10685);
#10685 = CARTESIAN_POINT('',(-6.35,12.7,-1.276334203882));
#10686 = SURFACE_CURVE('',#10687,(#10692,#10698),.PCURVE_S1.);
#10687 = B_SPLINE_CURVE_WITH_KNOTS('',3,(#10688,#10689,#10690,#10691),
  .UNSPECIFIED.,.F.,.F.,(4,4),(0.,0.126226441672),
  .PIECEWISE_BEZIER_KNOTS.);
#10688 = CARTESIAN_POINT('',(-6.477,12.698729872975,8.326672684689E-16)
  );
#10689 = CARTESIAN_POINT('',(-6.477,12.698729872975,-0.420754805572));
#10690 = CARTESIAN_POINT('',(-6.435498499614,12.7,-0.850963269772));
#10691 = CARTESIAN_POINT('',(-6.349999999997,12.7,-1.276334203895));
#10692 = PCURVE('',#10452,#10693);
#10693 = DEFINITIONAL_REPRESENTATION('',(#10694),#10697);
#10694 = B_SPLINE_CURVE_WITH_KNOTS('',1,(#10695,#10696),.UNSPECIFIED.,
  .F.,.F.,(2,2),(0.,0.126226441672),.PIECEWISE_BEZIER_KNOTS.);
#10695 = CARTESIAN_POINT('',(9.424777960769,6.348729872975));
#10696 = CARTESIAN_POINT('',(9.226423438609,6.35));
#10697 = ( GEOMETRIC_REPRESENTATION_CONTEXT(2) 
PARAMETRIC_REPRESENTATION_CONTEXT() REPRESENTATION_CONTEXT('2D SPACE',''
  ) );
#10698 = PCURVE('',#10622,#10699);
#10699 = DEFINITIONAL_REPRESENTATION('',(#10700),#10705);
#10700 = B_SPLINE_CURVE_WITH_KNOTS('',3,(#10701,#10702,#10703,#10704),
  .UNSPECIFIED.,.F.,.F.,(4,4),(0.,0.126226441672),
  .PIECEWISE_BEZIER_KNOTS.);
#10701 = CARTESIAN_POINT('',(6.477,1.987017189225E-15));
#10702 = CARTESIAN_POINT('',(6.477,0.420754805572));
#10703 = CARTESIAN_POINT('',(6.435498499614,0.850963269772));
#10704 = CARTESIAN_POINT('',(6.349999999997,1.276334203895));
#10705 = ( GEOMETRIC_REPRESENTATION_CONTEXT(2) 
PARAMETRIC_REPRESENTATION_CONTEXT() REPRESENTATION_CONTEXT('2D SPACE',''
  ) );
#10706 = ORIENTED_EDGE('',*,*,#10707,.T.);
#10707 = EDGE_CURVE('',#10684,#10708,#10710,.T.);
#10708 = VERTEX_POINT('',#10709);
#10709 = CARTESIAN_POINT('',(1.276334203882,12.7,-6.35));
#10710 = SURFACE_CURVE('',#10711,(#10716,#10723),.PCURVE_S1.);
#10711 = CIRCLE('',#10712,6.477);
#10712 = AXIS2_PLACEMENT_3D('',#10713,#10714,#10715);
#10713 = CARTESIAN_POINT('',(0.,12.7,2.819966482548E-15));
#10714 = DIRECTION('',(1.224646799147E-16,-1.,2.540718180781E-33));
#10715 = DIRECTION('',(1.,1.224646799147E-16,-3.111482387629E-49));
#10716 = PCURVE('',#10452,#10717);
#10717 = DEFINITIONAL_REPRESENTATION('',(#10718),#10722);
#10718 = LINE('',#10719,#10720);
#10719 = CARTESIAN_POINT('',(12.566370614359,6.35));
#10720 = VECTOR('',#10721,1.);
#10721 = DIRECTION('',(-1.,0.));
#10722 = ( GEOMETRIC_REPRESENTATION_CONTEXT(2) 
PARAMETRIC_REPRESENTATION_CONTEXT() REPRESENTATION_CONTEXT('2D SPACE',''
  ) );
#10723 = PCURVE('',#10622,#10724);
#10724 = DEFINITIONAL_REPRESENTATION('',(#10725),#10729);
#10725 = CIRCLE('',#10726,6.477);
#10726 = AXIS2_PLACEMENT_2D('',#10727,#10728);
#10727 = CARTESIAN_POINT('',(0.,0.));
#10728 = DIRECTION('',(-1.,2.719262146894E-32));
#10729 = ( GEOMETRIC_REPRESENTATION_CONTEXT(2) 
PARAMETRIC_REPRESENTATION_CONTEXT() REPRESENTATION_CONTEXT('2D SPACE',''
  ) );
#10730 = ORIENTED_EDGE('',*,*,#10731,.F.);
#10731 = EDGE_CURVE('',#10732,#10708,#10734,.T.);
#10732 = VERTEX_POINT('',#10733);
#10733 = CARTESIAN_POINT('',(1.276334203882,6.35,-6.35));
#10734 = SURFACE_CURVE('',#10735,(#10739,#10745),.PCURVE_S1.);
#10735 = LINE('',#10736,#10737);
#10736 = CARTESIAN_POINT('',(1.276334203882,6.35,-6.35));
#10737 = VECTOR('',#10738,1.);
#10738 = DIRECTION('',(0.,1.,2.22044604925E-16));
#10739 = PCURVE('',#10452,#10740);
#10740 = DEFINITIONAL_REPRESENTATION('',(#10741),#10744);
#10741 = B_SPLINE_CURVE_WITH_KNOTS('',1,(#10742,#10743),.UNSPECIFIED.,
  .F.,.F.,(2,2),(-5.999999794781E-07,6.3500006),
  .PIECEWISE_BEZIER_KNOTS.);
#10742 = CARTESIAN_POINT('',(7.655627111816,-5.999999808881E-07));
#10743 = CARTESIAN_POINT('',(7.655627111816,6.3500006));
#10744 = ( GEOMETRIC_REPRESENTATION_CONTEXT(2) 
PARAMETRIC_REPRESENTATION_CONTEXT() REPRESENTATION_CONTEXT('2D SPACE',''
  ) );
#10745 = PCURVE('',#10746,#10751);
#10746 = PLANE('',#10747);
#10747 = AXIS2_PLACEMENT_3D('',#10748,#10749,#10750);
#10748 = CARTESIAN_POINT('',(-39.50073868596,-81.11728634059,-6.35));
#10749 = DIRECTION('',(0.,0.,1.));
#10750 = DIRECTION('',(0.5,0.866025403784,0.));
#10751 = DEFINITIONAL_REPRESENTATION('',(#10752),#10755);
#10752 = B_SPLINE_CURVE_WITH_KNOTS('',1,(#10753,#10754),.UNSPECIFIED.,
  .F.,.F.,(2,2),(-5.999999794781E-07,6.3500006),
  .PIECEWISE_BEZIER_KNOTS.);
#10753 = CARTESIAN_POINT('',(96.137427896357,8.419661855719));
#10754 = CARTESIAN_POINT('',(101.63669024961,11.594662455719));
#10755 = ( GEOMETRIC_REPRESENTATION_CONTEXT(2) 
PARAMETRIC_REPRESENTATION_CONTEXT() REPRESENTATION_CONTEXT('2D SPACE',''
  ) );
#10756 = ORIENTED_EDGE('',*,*,#10757,.F.);
#10757 = EDGE_CURVE('',#10758,#10732,#10760,.T.);
#10758 = VERTEX_POINT('',#10759);
#10759 = CARTESIAN_POINT('',(-1.276334203882,6.35,-6.35));
#10760 = SURFACE_CURVE('',#10761,(#10766,#10772),.PCURVE_S1.);
#10761 = CIRCLE('',#10762,6.477);
#10762 = AXIS2_PLACEMENT_3D('',#10763,#10764,#10765);
#10763 = CARTESIAN_POINT('',(1.285247786279E-30,6.35,1.409983241274E-15)
  );
#10764 = DIRECTION('',(-1.225315935864E-16,-1.,-3.686951170381E-17));
#10765 = DIRECTION('',(0.833954480829,-1.225315935864E-16,0.551833239217
    ));
#10766 = PCURVE('',#10452,#10767);
#10767 = DEFINITIONAL_REPRESENTATION('',(#10768),#10771);
#10768 = B_SPLINE_CURVE_WITH_KNOTS('',1,(#10769,#10770),.UNSPECIFIED.,
  .F.,.F.,(2,2),(3.929473566516,4.326182610834),
  .PIECEWISE_BEZIER_KNOTS.);
#10769 = CARTESIAN_POINT('',(8.052336156133,1.95399252334E-14));
#10770 = CARTESIAN_POINT('',(7.655627111816,1.95399252334E-14));
#10771 = ( GEOMETRIC_REPRESENTATION_CONTEXT(2) 
PARAMETRIC_REPRESENTATION_CONTEXT() REPRESENTATION_CONTEXT('2D SPACE',''
  ) );
#10772 = PCURVE('',#10773,#10778);
#10773 = CYLINDRICAL_SURFACE('',#10774,6.477);
#10774 = AXIS2_PLACEMENT_3D('',#10775,#10776,#10777);
#10775 = CARTESIAN_POINT('',(1.285247786279E-30,6.35,1.409983241274E-15)
  );
#10776 = DIRECTION('',(5.176899690513E-31,1.,2.22044604925E-16));
#10777 = DIRECTION('',(0.833954480829,-1.225315935864E-16,0.551833239217
    ));
#10778 = DEFINITIONAL_REPRESENTATION('',(#10779),#10783);
#10779 = LINE('',#10780,#10781);
#10780 = CARTESIAN_POINT('',(12.566370614359,0.));
#10781 = VECTOR('',#10782,1.);
#10782 = DIRECTION('',(-1.,0.));
#10783 = ( GEOMETRIC_REPRESENTATION_CONTEXT(2) 
PARAMETRIC_REPRESENTATION_CONTEXT() REPRESENTATION_CONTEXT('2D SPACE',''
  ) );
#10784 = ORIENTED_EDGE('',*,*,#10785,.T.);
#10785 = EDGE_CURVE('',#10758,#10786,#10788,.T.);
#10786 = VERTEX_POINT('',#10787);
#10787 = CARTESIAN_POINT('',(-1.276334203882,10.489324311438,-6.35));
#10788 = SURFACE_CURVE('',#10789,(#10793,#10799),.PCURVE_S1.);
#10789 = LINE('',#10790,#10791);
#10790 = CARTESIAN_POINT('',(-1.276334203882,6.35,-6.35));
#10791 = VECTOR('',#10792,1.);
#10792 = DIRECTION('',(0.,1.,2.22044604925E-16));
#10793 = PCURVE('',#10452,#10794);
#10794 = DEFINITIONAL_REPRESENTATION('',(#10795),#10798);
#10795 = B_SPLINE_CURVE_WITH_KNOTS('',1,(#10796,#10797),.UNSPECIFIED.,
  .F.,.F.,(2,2),(-5.999999794781E-07,6.3500006),
  .PIECEWISE_BEZIER_KNOTS.);
#10796 = CARTESIAN_POINT('',(8.052336156133,-5.999999808881E-07));
#10797 = CARTESIAN_POINT('',(8.052336156133,6.3500006));
#10798 = ( GEOMETRIC_REPRESENTATION_CONTEXT(2) 
PARAMETRIC_REPRESENTATION_CONTEXT() REPRESENTATION_CONTEXT('2D SPACE',''
  ) );
#10799 = PCURVE('',#10800,#10805);
#10800 = PLANE('',#10801);
#10801 = AXIS2_PLACEMENT_3D('',#10802,#10803,#10804);
#10802 = CARTESIAN_POINT('',(-39.50073868596,-81.11728634059,-6.35));
#10803 = DIRECTION('',(0.,0.,1.));
#10804 = DIRECTION('',(0.5,0.866025403784,0.));
#10805 = DEFINITIONAL_REPRESENTATION('',(#10806),#10809);
#10806 = B_SPLINE_CURVE_WITH_KNOTS('',1,(#10807,#10808),.UNSPECIFIED.,
  .F.,.F.,(2,2),(-5.999999794781E-07,6.3500006),
  .PIECEWISE_BEZIER_KNOTS.);
#10807 = CARTESIAN_POINT('',(94.861093692475,10.630337544281));
#10808 = CARTESIAN_POINT('',(100.36035604573,13.805338144281));
#10809 = ( GEOMETRIC_REPRESENTATION_CONTEXT(2) 
PARAMETRIC_REPRESENTATION_CONTEXT() REPRESENTATION_CONTEXT('2D SPACE',''
  ) );
#10810 = ORIENTED_EDGE('',*,*,#10811,.T.);
#10811 = EDGE_CURVE('',#10786,#10812,#10814,.T.);
#10812 = VERTEX_POINT('',#10813);
#10813 = CARTESIAN_POINT('',(-3.666174209354,6.35,-5.339540773013));
#10814 = SURFACE_CURVE('',#10815,(#10820,#10831),.PCURVE_S1.);
#10815 = ELLIPSE('',#10816,12.954,6.477);
#10816 = AXIS2_PLACEMENT_3D('',#10817,#10818,#10819);
#10817 = CARTESIAN_POINT('',(0.,12.7,2.819966482548E-15));
#10818 = DIRECTION('',(-0.866025403784,0.5,1.232595164408E-32));
#10819 = DIRECTION('',(0.5,0.866025403784,2.563950248511E-16));
#10820 = PCURVE('',#10452,#10821);
#10821 = DEFINITIONAL_REPRESENTATION('',(#10822),#10830);
#10822 = B_SPLINE_CURVE_WITH_KNOTS('',6,(#10823,#10824,#10825,#10826,
    #10827,#10828,#10829),.UNSPECIFIED.,.F.,.F.,(7,7),(1.570796273312,
    2.172478133482),.PIECEWISE_BEZIER_KNOTS.);
#10823 = CARTESIAN_POINT('',(7.853981580491,6.3500006));
#10824 = CARTESIAN_POINT('',(7.95426189052,5.225006635823));
#10825 = CARTESIAN_POINT('',(8.054542200548,4.100013017703));
#10826 = CARTESIAN_POINT('',(8.154822510577,2.995380729925));
#10827 = CARTESIAN_POINT('',(8.255102820605,1.931482763887));
#10828 = CARTESIAN_POINT('',(8.355383130634,0.92742735639));
#10829 = CARTESIAN_POINT('',(8.455663440662,-5.999999856954E-07));
#10830 = ( GEOMETRIC_REPRESENTATION_CONTEXT(2) 
PARAMETRIC_REPRESENTATION_CONTEXT() REPRESENTATION_CONTEXT('2D SPACE',''
  ) );
#10831 = PCURVE('',#10513,#10832);
#10832 = DEFINITIONAL_REPRESENTATION('',(#10833),#10837);
#10833 = ELLIPSE('',#10834,12.954,6.477);
#10834 = AXIS2_PLACEMENT_2D('',#10835,#10836);
#10835 = CARTESIAN_POINT('',(6.35,100.99852262806));
#10836 = DIRECTION('',(2.563950248511E-16,1.));
#10837 = ( GEOMETRIC_REPRESENTATION_CONTEXT(2) 
PARAMETRIC_REPRESENTATION_CONTEXT() REPRESENTATION_CONTEXT('2D SPACE',''
  ) );
#10838 = ORIENTED_EDGE('',*,*,#10839,.F.);
#10839 = EDGE_CURVE('',#10660,#10812,#10840,.T.);
#10840 = SURFACE_CURVE('',#10841,(#10846,#10852),.PCURVE_S1.);
#10841 = CIRCLE('',#10842,6.477);
#10842 = AXIS2_PLACEMENT_3D('',#10843,#10844,#10845);
#10843 = CARTESIAN_POINT('',(1.285247786279E-30,6.35,1.409983241274E-15)
  );
#10844 = DIRECTION('',(-1.225315935864E-16,-1.,-3.686951170381E-17));
#10845 = DIRECTION('',(0.833954480829,-1.225315935864E-16,0.551833239217
    ));
#10846 = PCURVE('',#10452,#10847);
#10847 = DEFINITIONAL_REPRESENTATION('',(#10848),#10851);
#10848 = B_SPLINE_CURVE_WITH_KNOTS('',1,(#10849,#10850),.UNSPECIFIED.,
  .F.,.F.,(2,2),(3.14159265359,3.526146346864),
  .PIECEWISE_BEZIER_KNOTS.);
#10849 = CARTESIAN_POINT('',(8.84021706906,1.95399252334E-14));
#10850 = CARTESIAN_POINT('',(8.455663375786,1.95399252334E-14));
#10851 = ( GEOMETRIC_REPRESENTATION_CONTEXT(2) 
PARAMETRIC_REPRESENTATION_CONTEXT() REPRESENTATION_CONTEXT('2D SPACE',''
  ) );
#10852 = PCURVE('',#10853,#10858);
#10853 = CYLINDRICAL_SURFACE('',#10854,6.477);
#10854 = AXIS2_PLACEMENT_3D('',#10855,#10856,#10857);
#10855 = CARTESIAN_POINT('',(1.285247786279E-30,6.35,1.409983241274E-15)
  );
#10856 = DIRECTION('',(5.176899690513E-31,1.,2.22044604925E-16));
#10857 = DIRECTION('',(0.833954480829,-1.225315935864E-16,0.551833239217
    ));
#10858 = DEFINITIONAL_REPRESENTATION('',(#10859),#10863);
#10859 = LINE('',#10860,#10861);
#10860 = CARTESIAN_POINT('',(12.566370614359,0.));
#10861 = VECTOR('',#10862,1.);
#10862 = DIRECTION('',(-1.,0.));
#10863 = ( GEOMETRIC_REPRESENTATION_CONTEXT(2) 
PARAMETRIC_REPRESENTATION_CONTEXT() REPRESENTATION_CONTEXT('2D SPACE',''
  ) );
#10864 = ADVANCED_FACE('',(#10865),#10622,.F.);
#10865 = FACE_BOUND('',#10866,.F.);
#10866 = EDGE_LOOP('',(#10867,#10868,#10869,#10890,#10923,#10956,#10975,
    #10976));
#10867 = ORIENTED_EDGE('',*,*,#10683,.T.);
#10868 = ORIENTED_EDGE('',*,*,#10707,.T.);
#10869 = ORIENTED_EDGE('',*,*,#10870,.T.);
#10870 = EDGE_CURVE('',#10708,#10871,#10873,.T.);
#10871 = VERTEX_POINT('',#10872);
#10872 = CARTESIAN_POINT('',(-2.214056084356E-13,12.7,-6.35));
#10873 = SURFACE_CURVE('',#10874,(#10878,#10884),.PCURVE_S1.);
#10874 = LINE('',#10875,#10876);
#10875 = CARTESIAN_POINT('',(-19.75036934298,12.7,-6.35));
#10876 = VECTOR('',#10877,1.);
#10877 = DIRECTION('',(-1.,-0.,0.));
#10878 = PCURVE('',#10622,#10879);
#10879 = DEFINITIONAL_REPRESENTATION('',(#10880),#10883);
#10880 = B_SPLINE_CURVE_WITH_KNOTS('',1,(#10881,#10882),.UNSPECIFIED.,
  .F.,.F.,(2,2),(-29.27536934298,-19.75036934298),
  .PIECEWISE_BEZIER_KNOTS.);
#10881 = CARTESIAN_POINT('',(-9.525,6.35));
#10882 = CARTESIAN_POINT('',(-3.552713678801E-15,6.35));
#10883 = ( GEOMETRIC_REPRESENTATION_CONTEXT(2) 
PARAMETRIC_REPRESENTATION_CONTEXT() REPRESENTATION_CONTEXT('2D SPACE',''
  ) );
#10884 = PCURVE('',#10746,#10885);
#10885 = DEFINITIONAL_REPRESENTATION('',(#10886),#10889);
#10886 = B_SPLINE_CURVE_WITH_KNOTS('',1,(#10887,#10888),.UNSPECIFIED.,
  .F.,.F.,(2,2),(-29.27536934298,-19.75036934298),
  .PIECEWISE_BEZIER_KNOTS.);
#10887 = CARTESIAN_POINT('',(105.76102262806,4.451108028953));
#10888 = CARTESIAN_POINT('',(100.99852262806,12.7));
#10889 = ( GEOMETRIC_REPRESENTATION_CONTEXT(2) 
PARAMETRIC_REPRESENTATION_CONTEXT() REPRESENTATION_CONTEXT('2D SPACE',''
  ) );
#10890 = ORIENTED_EDGE('',*,*,#10891,.T.);
#10891 = EDGE_CURVE('',#10871,#10892,#10894,.T.);
#10892 = VERTEX_POINT('',#10893);
#10893 = CARTESIAN_POINT('',(-6.35,12.7,3.597617200006E-15));
#10894 = SURFACE_CURVE('',#10895,(#10900,#10911),.PCURVE_S1.);
#10895 = CIRCLE('',#10896,6.35);
#10896 = AXIS2_PLACEMENT_3D('',#10897,#10898,#10899);
#10897 = CARTESIAN_POINT('',(0.,12.7,2.819966482548E-15));
#10898 = DIRECTION('',(-0.,1.,2.22044604925E-16));
#10899 = DIRECTION('',(1.,0.,0.));
#10900 = PCURVE('',#10622,#10901);
#10901 = DEFINITIONAL_REPRESENTATION('',(#10902),#10910);
#10902 = ( BOUNDED_CURVE() B_SPLINE_CURVE(2,(#10903,#10904,#10905,#10906
    ,#10907,#10908,#10909),.UNSPECIFIED.,.T.,.F.) 
B_SPLINE_CURVE_WITH_KNOTS((1,2,2,2,2,1),(-2.094395102393,0.,
    2.094395102393,4.188790204786,6.28318530718,8.377580409573),
.UNSPECIFIED.) CURVE() GEOMETRIC_REPRESENTATION_ITEM() 
RATIONAL_B_SPLINE_CURVE((1.,0.5,1.,0.5,1.,0.5,1.)) REPRESENTATION_ITEM(
  '') );
#10903 = CARTESIAN_POINT('',(-6.35,0.));
#10904 = CARTESIAN_POINT('',(-6.35,10.998522628062));
#10905 = CARTESIAN_POINT('',(3.175,5.499261314031));
#10906 = CARTESIAN_POINT('',(12.7,1.555301434917E-15));
#10907 = CARTESIAN_POINT('',(3.175,-5.499261314031));
#10908 = CARTESIAN_POINT('',(-6.35,-10.99852262806));
#10909 = CARTESIAN_POINT('',(-6.35,0.));
#10910 = ( GEOMETRIC_REPRESENTATION_CONTEXT(2) 
PARAMETRIC_REPRESENTATION_CONTEXT() REPRESENTATION_CONTEXT('2D SPACE',''
  ) );
#10911 = PCURVE('',#10912,#10917);
#10912 = CYLINDRICAL_SURFACE('',#10913,6.35);
#10913 = AXIS2_PLACEMENT_3D('',#10914,#10915,#10916);
#10914 = CARTESIAN_POINT('',(0.,6.35,1.409983241274E-15));
#10915 = DIRECTION('',(0.,1.,2.22044604925E-16));
#10916 = DIRECTION('',(1.,0.,0.));
#10917 = DEFINITIONAL_REPRESENTATION('',(#10918),#10922);
#10918 = LINE('',#10919,#10920);
#10919 = CARTESIAN_POINT('',(-6.28318530718,6.35));
#10920 = VECTOR('',#10921,1.);
#10921 = DIRECTION('',(1.,0.));
#10922 = ( GEOMETRIC_REPRESENTATION_CONTEXT(2) 
PARAMETRIC_REPRESENTATION_CONTEXT() REPRESENTATION_CONTEXT('2D SPACE',''
  ) );
#10923 = ORIENTED_EDGE('',*,*,#10924,.T.);
#10924 = EDGE_CURVE('',#10892,#10925,#10927,.T.);
#10925 = VERTEX_POINT('',#10926);
#10926 = CARTESIAN_POINT('',(-2.20140943388E-13,12.7,6.35));
#10927 = SURFACE_CURVE('',#10928,(#10933,#10944),.PCURVE_S1.);
#10928 = CIRCLE('',#10929,6.35);
#10929 = AXIS2_PLACEMENT_3D('',#10930,#10931,#10932);
#10930 = CARTESIAN_POINT('',(0.,12.7,2.819966482548E-15));
#10931 = DIRECTION('',(-0.,1.,2.22044604925E-16));
#10932 = DIRECTION('',(1.,0.,0.));
#10933 = PCURVE('',#10622,#10934);
#10934 = DEFINITIONAL_REPRESENTATION('',(#10935),#10943);
#10935 = ( BOUNDED_CURVE() B_SPLINE_CURVE(2,(#10936,#10937,#10938,#10939
    ,#10940,#10941,#10942),.UNSPECIFIED.,.T.,.F.) 
B_SPLINE_CURVE_WITH_KNOTS((1,2,2,2,2,1),(-2.094395102393,0.,
    2.094395102393,4.188790204786,6.28318530718,8.377580409573),
.UNSPECIFIED.) CURVE() GEOMETRIC_REPRESENTATION_ITEM() 
RATIONAL_B_SPLINE_CURVE((1.,0.5,1.,0.5,1.,0.5,1.)) REPRESENTATION_ITEM(
  '') );
#10936 = CARTESIAN_POINT('',(-6.35,0.));
#10937 = CARTESIAN_POINT('',(-6.35,10.998522628062));
#10938 = CARTESIAN_POINT('',(3.175,5.499261314031));
#10939 = CARTESIAN_POINT('',(12.7,1.555301434917E-15));
#10940 = CARTESIAN_POINT('',(3.175,-5.499261314031));
#10941 = CARTESIAN_POINT('',(-6.35,-10.99852262806));
#10942 = CARTESIAN_POINT('',(-6.35,0.));
#10943 = ( GEOMETRIC_REPRESENTATION_CONTEXT(2) 
PARAMETRIC_REPRESENTATION_CONTEXT() REPRESENTATION_CONTEXT('2D SPACE',''
  ) );
#10944 = PCURVE('',#10945,#10950);
#10945 = CYLINDRICAL_SURFACE('',#10946,6.35);
#10946 = AXIS2_PLACEMENT_3D('',#10947,#10948,#10949);
#10947 = CARTESIAN_POINT('',(0.,6.35,1.409983241274E-15));
#10948 = DIRECTION('',(0.,1.,2.22044604925E-16));
#10949 = DIRECTION('',(1.,0.,0.));
#10950 = DEFINITIONAL_REPRESENTATION('',(#10951),#10955);
#10951 = LINE('',#10952,#10953);
#10952 = CARTESIAN_POINT('',(-6.28318530718,6.35));
#10953 = VECTOR('',#10954,1.);
#10954 = DIRECTION('',(1.,0.));
#10955 = ( GEOMETRIC_REPRESENTATION_CONTEXT(2) 
PARAMETRIC_REPRESENTATION_CONTEXT() REPRESENTATION_CONTEXT('2D SPACE',''
  ) );
#10956 = ORIENTED_EDGE('',*,*,#10957,.F.);
#10957 = EDGE_CURVE('',#10580,#10925,#10958,.T.);
#10958 = SURFACE_CURVE('',#10959,(#10963,#10969),.PCURVE_S1.);
#10959 = LINE('',#10960,#10961);
#10960 = CARTESIAN_POINT('',(-19.75036934298,12.7,6.35));
#10961 = VECTOR('',#10962,1.);
#10962 = DIRECTION('',(-1.,-0.,0.));
#10963 = PCURVE('',#10622,#10964);
#10964 = DEFINITIONAL_REPRESENTATION('',(#10965),#10968);
#10965 = B_SPLINE_CURVE_WITH_KNOTS('',1,(#10966,#10967),.UNSPECIFIED.,
  .F.,.F.,(2,2),(-29.27536934298,-19.75036934298),
  .PIECEWISE_BEZIER_KNOTS.);
#10966 = CARTESIAN_POINT('',(-9.525,-6.35));
#10967 = CARTESIAN_POINT('',(-3.552713678801E-15,-6.35));
#10968 = ( GEOMETRIC_REPRESENTATION_CONTEXT(2) 
PARAMETRIC_REPRESENTATION_CONTEXT() REPRESENTATION_CONTEXT('2D SPACE',''
  ) );
#10969 = PCURVE('',#10594,#10970);
#10970 = DEFINITIONAL_REPRESENTATION('',(#10971),#10974);
#10971 = B_SPLINE_CURVE_WITH_KNOTS('',1,(#10972,#10973),.UNSPECIFIED.,
  .F.,.F.,(2,2),(-29.27536934298,-19.75036934298),
  .PIECEWISE_BEZIER_KNOTS.);
#10972 = CARTESIAN_POINT('',(105.76102262806,4.451108028953));
#10973 = CARTESIAN_POINT('',(100.99852262806,12.7));
#10974 = ( GEOMETRIC_REPRESENTATION_CONTEXT(2) 
PARAMETRIC_REPRESENTATION_CONTEXT() REPRESENTATION_CONTEXT('2D SPACE',''
  ) );
#10975 = ORIENTED_EDGE('',*,*,#10605,.T.);
#10976 = ORIENTED_EDGE('',*,*,#10634,.T.);
#10977 = ADVANCED_FACE('',(#10978),#10594,.F.);
#10978 = FACE_BOUND('',#10979,.F.);
#10979 = EDGE_LOOP('',(#10980,#11008,#11027,#11028,#11029));
#10980 = ORIENTED_EDGE('',*,*,#10981,.T.);
#10981 = EDGE_CURVE('',#10982,#10984,#10986,.T.);
#10982 = VERTEX_POINT('',#10983);
#10983 = CARTESIAN_POINT('',(1.944126793646E-15,-1.409983241274E-15,6.35
    ));
#10984 = VERTEX_POINT('',#10985);
#10985 = CARTESIAN_POINT('',(1.276334203882,-3.721181737145E-15,6.35));
#10986 = SURFACE_CURVE('',#10987,(#10991,#10997),.PCURVE_S1.);
#10987 = LINE('',#10988,#10989);
#10988 = CARTESIAN_POINT('',(-19.75036934298,-7.04991620637E-16,6.35));
#10989 = VECTOR('',#10990,1.);
#10990 = DIRECTION('',(1.,0.,0.));
#10991 = PCURVE('',#10594,#10992);
#10992 = DEFINITIONAL_REPRESENTATION('',(#10993),#10996);
#10993 = B_SPLINE_CURVE_WITH_KNOTS('',1,(#10994,#10995),.UNSPECIFIED.,
  .F.,.F.,(2,2),(12.418020924276,27.082717761693),
  .PIECEWISE_BEZIER_KNOTS.);
#10994 = CARTESIAN_POINT('',(86.333825790646,12.7));
#10995 = CARTESIAN_POINT('',(93.666174209354,-3.552713678801E-15));
#10996 = ( GEOMETRIC_REPRESENTATION_CONTEXT(2) 
PARAMETRIC_REPRESENTATION_CONTEXT() REPRESENTATION_CONTEXT('2D SPACE',''
  ) );
#10997 = PCURVE('',#10998,#11003);
#10998 = PLANE('',#10999);
#10999 = AXIS2_PLACEMENT_3D('',#11000,#11001,#11002);
#11000 = CARTESIAN_POINT('',(0.,0.,0.));
#11001 = DIRECTION('',(0.,1.,2.22044604925E-16));
#11002 = DIRECTION('',(-1.,0.,0.));
#11003 = DEFINITIONAL_REPRESENTATION('',(#11004),#11007);
#11004 = B_SPLINE_CURVE_WITH_KNOTS('',1,(#11005,#11006),.UNSPECIFIED.,
  .F.,.F.,(2,2),(12.418020924276,27.082717761693),
  .PIECEWISE_BEZIER_KNOTS.);
#11005 = CARTESIAN_POINT('',(7.332348418708,6.35));
#11006 = CARTESIAN_POINT('',(-7.332348418708,6.35));
#11007 = ( GEOMETRIC_REPRESENTATION_CONTEXT(2) 
PARAMETRIC_REPRESENTATION_CONTEXT() REPRESENTATION_CONTEXT('2D SPACE',''
  ) );
#11008 = ORIENTED_EDGE('',*,*,#11009,.T.);
#11009 = EDGE_CURVE('',#10984,#10552,#11010,.T.);
#11010 = SURFACE_CURVE('',#11011,(#11015,#11021),.PCURVE_S1.);
#11011 = LINE('',#11012,#11013);
#11012 = CARTESIAN_POINT('',(1.276334203882,6.35,6.35));
#11013 = VECTOR('',#11014,1.);
#11014 = DIRECTION('',(5.176899690513E-31,1.,2.22044604925E-16));
#11015 = PCURVE('',#10594,#11016);
#11016 = DEFINITIONAL_REPRESENTATION('',(#11017),#11020);
#11017 = B_SPLINE_CURVE_WITH_KNOTS('',1,(#11018,#11019),.UNSPECIFIED.,
  .F.,.F.,(2,2),(-6.3500006,5.999999990181E-07),
  .PIECEWISE_BEZIER_KNOTS.);
#11018 = CARTESIAN_POINT('',(90.638166582326,5.244661855719));
#11019 = CARTESIAN_POINT('',(96.137428935588,8.419662455719));
#11020 = ( GEOMETRIC_REPRESENTATION_CONTEXT(2) 
PARAMETRIC_REPRESENTATION_CONTEXT() REPRESENTATION_CONTEXT('2D SPACE',''
  ) );
#11021 = PCURVE('',#10567,#11022);
#11022 = DEFINITIONAL_REPRESENTATION('',(#11023),#11026);
#11023 = B_SPLINE_CURVE_WITH_KNOTS('',1,(#11024,#11025),.UNSPECIFIED.,
  .F.,.F.,(2,2),(-6.3500006,5.999999990181E-07),
  .PIECEWISE_BEZIER_KNOTS.);
#11024 = CARTESIAN_POINT('',(5.495304394253,-6.3500006));
#11025 = CARTESIAN_POINT('',(5.495304394253,6.00000000428E-07));
#11026 = ( GEOMETRIC_REPRESENTATION_CONTEXT(2) 
PARAMETRIC_REPRESENTATION_CONTEXT() REPRESENTATION_CONTEXT('2D SPACE',''
  ) );
#11027 = ORIENTED_EDGE('',*,*,#10579,.T.);
#11028 = ORIENTED_EDGE('',*,*,#10957,.T.);
#11029 = ORIENTED_EDGE('',*,*,#11030,.F.);
#11030 = EDGE_CURVE('',#10982,#10925,#11031,.T.);
#11031 = SURFACE_CURVE('',#11032,(#11036,#11042),.PCURVE_S1.);
#11032 = LINE('',#11033,#11034);
#11033 = CARTESIAN_POINT('',(0.,6.35,6.35));
#11034 = VECTOR('',#11035,1.);
#11035 = DIRECTION('',(0.,1.,2.22044604925E-16));
#11036 = PCURVE('',#10594,#11037);
#11037 = DEFINITIONAL_REPRESENTATION('',(#11038),#11041);
#11038 = B_SPLINE_CURVE_WITH_KNOTS('',1,(#11039,#11040),.UNSPECIFIED.,
  .F.,.F.,(2,2),(-6.3500006,6.3500006),.PIECEWISE_BEZIER_KNOTS.);
#11039 = CARTESIAN_POINT('',(89.999999480385,6.3499997));
#11040 = CARTESIAN_POINT('',(100.99852314767,12.7000003));
#11041 = ( GEOMETRIC_REPRESENTATION_CONTEXT(2) 
PARAMETRIC_REPRESENTATION_CONTEXT() REPRESENTATION_CONTEXT('2D SPACE',''
  ) );
#11042 = PCURVE('',#10540,#11043);
#11043 = DEFINITIONAL_REPRESENTATION('',(#11044),#11047);
#11044 = B_SPLINE_CURVE_WITH_KNOTS('',1,(#11045,#11046),.UNSPECIFIED.,
  .F.,.F.,(2,2),(-6.3500006,6.3500006),.PIECEWISE_BEZIER_KNOTS.);
#11045 = CARTESIAN_POINT('',(89.999999480385,6.3499997));
#11046 = CARTESIAN_POINT('',(100.99852314767,12.7000003));
#11047 = ( GEOMETRIC_REPRESENTATION_CONTEXT(2) 
PARAMETRIC_REPRESENTATION_CONTEXT() REPRESENTATION_CONTEXT('2D SPACE',''
  ) );
#11048 = ADVANCED_FACE('',(#11049),#10567,.T.);
#11049 = FACE_BOUND('',#11050,.T.);
#11050 = EDGE_LOOP('',(#11051,#11072,#11094,#11095));
#11051 = ORIENTED_EDGE('',*,*,#11052,.F.);
#11052 = EDGE_CURVE('',#11053,#10526,#11055,.T.);
#11053 = VERTEX_POINT('',#11054);
#11054 = CARTESIAN_POINT('',(-1.276334203882,-3.408399209244E-15,6.35));
#11055 = SURFACE_CURVE('',#11056,(#11060,#11066),.PCURVE_S1.);
#11056 = LINE('',#11057,#11058);
#11057 = CARTESIAN_POINT('',(-1.276334203882,6.35,6.35));
#11058 = VECTOR('',#11059,1.);
#11059 = DIRECTION('',(5.176899690513E-31,1.,2.22044604925E-16));
#11060 = PCURVE('',#10567,#11061);
#11061 = DEFINITIONAL_REPRESENTATION('',(#11062),#11065);
#11062 = B_SPLINE_CURVE_WITH_KNOTS('',1,(#11063,#11064),.UNSPECIFIED.,
  .F.,.F.,(2,2),(-6.3500006,5.999999990181E-07),
  .PIECEWISE_BEZIER_KNOTS.);
#11063 = CARTESIAN_POINT('',(5.098595349936,-6.3500006));
#11064 = CARTESIAN_POINT('',(5.098595349936,6.00000000428E-07));
#11065 = ( GEOMETRIC_REPRESENTATION_CONTEXT(2) 
PARAMETRIC_REPRESENTATION_CONTEXT() REPRESENTATION_CONTEXT('2D SPACE',''
  ) );
#11066 = PCURVE('',#10540,#11067);
#11067 = DEFINITIONAL_REPRESENTATION('',(#11068),#11071);
#11068 = B_SPLINE_CURVE_WITH_KNOTS('',1,(#11069,#11070),.UNSPECIFIED.,
  .F.,.F.,(2,2),(-6.3500006,5.999999990181E-07),
  .PIECEWISE_BEZIER_KNOTS.);
#11069 = CARTESIAN_POINT('',(89.361832378444,7.455337544281));
#11070 = CARTESIAN_POINT('',(94.861094731705,10.630338144281));
#11071 = ( GEOMETRIC_REPRESENTATION_CONTEXT(2) 
PARAMETRIC_REPRESENTATION_CONTEXT() REPRESENTATION_CONTEXT('2D SPACE',''
  ) );
#11072 = ORIENTED_EDGE('',*,*,#11073,.T.);
#11073 = EDGE_CURVE('',#11053,#10984,#11074,.T.);
#11074 = SURFACE_CURVE('',#11075,(#11080,#11087),.PCURVE_S1.);
#11075 = CIRCLE('',#11076,6.477);
#11076 = AXIS2_PLACEMENT_3D('',#11077,#11078,#11079);
#11077 = CARTESIAN_POINT('',(-1.938664110101E-31,-3.330669073875E-15,
    3.04401695898E-30));
#11078 = DIRECTION('',(1.225315935864E-16,1.,3.686951170381E-17));
#11079 = DIRECTION('',(0.833954480829,-1.225315935864E-16,0.551833239217
    ));
#11080 = PCURVE('',#10567,#11081);
#11081 = DEFINITIONAL_REPRESENTATION('',(#11082),#11086);
#11082 = LINE('',#11083,#11084);
#11083 = CARTESIAN_POINT('',(0.,-6.35));
#11084 = VECTOR('',#11085,1.);
#11085 = DIRECTION('',(1.,-3.93518670679E-16));
#11086 = ( GEOMETRIC_REPRESENTATION_CONTEXT(2) 
PARAMETRIC_REPRESENTATION_CONTEXT() REPRESENTATION_CONTEXT('2D SPACE',''
  ) );
#11087 = PCURVE('',#10998,#11088);
#11088 = DEFINITIONAL_REPRESENTATION('',(#11089),#11093);
#11089 = CIRCLE('',#11090,6.477);
#11090 = AXIS2_PLACEMENT_2D('',#11091,#11092);
#11091 = CARTESIAN_POINT('',(1.938664110101E-31,3.783574057625E-30));
#11092 = DIRECTION('',(-0.833954480829,0.551833239217));
#11093 = ( GEOMETRIC_REPRESENTATION_CONTEXT(2) 
PARAMETRIC_REPRESENTATION_CONTEXT() REPRESENTATION_CONTEXT('2D SPACE',''
  ) );
#11094 = ORIENTED_EDGE('',*,*,#11009,.T.);
#11095 = ORIENTED_EDGE('',*,*,#10551,.T.);
#11096 = ADVANCED_FACE('',(#11097),#10540,.F.);
#11097 = FACE_BOUND('',#11098,.F.);
#11098 = EDGE_LOOP('',(#11099,#11118,#11119,#11140,#11141));
#11099 = ORIENTED_EDGE('',*,*,#11100,.T.);
#11100 = EDGE_CURVE('',#11053,#10982,#11101,.T.);
#11101 = SURFACE_CURVE('',#11102,(#11106,#11112),.PCURVE_S1.);
#11102 = LINE('',#11103,#11104);
#11103 = CARTESIAN_POINT('',(-19.75036934298,-7.04991620637E-16,6.35));
#11104 = VECTOR('',#11105,1.);
#11105 = DIRECTION('',(1.,0.,0.));
#11106 = PCURVE('',#10540,#11107);
#11107 = DEFINITIONAL_REPRESENTATION('',(#11108),#11111);
#11108 = B_SPLINE_CURVE_WITH_KNOTS('',1,(#11109,#11110),.UNSPECIFIED.,
  .F.,.F.,(2,2),(12.418020924276,27.082717761693),
  .PIECEWISE_BEZIER_KNOTS.);
#11109 = CARTESIAN_POINT('',(86.333825790646,12.7));
#11110 = CARTESIAN_POINT('',(93.666174209354,-3.552713678801E-15));
#11111 = ( GEOMETRIC_REPRESENTATION_CONTEXT(2) 
PARAMETRIC_REPRESENTATION_CONTEXT() REPRESENTATION_CONTEXT('2D SPACE',''
  ) );
#11112 = PCURVE('',#10998,#11113);
#11113 = DEFINITIONAL_REPRESENTATION('',(#11114),#11117);
#11114 = B_SPLINE_CURVE_WITH_KNOTS('',1,(#11115,#11116),.UNSPECIFIED.,
  .F.,.F.,(2,2),(12.418020924276,27.082717761693),
  .PIECEWISE_BEZIER_KNOTS.);
#11115 = CARTESIAN_POINT('',(7.332348418708,6.35));
#11116 = CARTESIAN_POINT('',(-7.332348418708,6.35));
#11117 = ( GEOMETRIC_REPRESENTATION_CONTEXT(2) 
PARAMETRIC_REPRESENTATION_CONTEXT() REPRESENTATION_CONTEXT('2D SPACE',''
  ) );
#11118 = ORIENTED_EDGE('',*,*,#11030,.T.);
#11119 = ORIENTED_EDGE('',*,*,#11120,.F.);
#11120 = EDGE_CURVE('',#10493,#10925,#11121,.T.);
#11121 = SURFACE_CURVE('',#11122,(#11126,#11133),.PCURVE_S1.);
#11122 = LINE('',#11123,#11124);
#11123 = CARTESIAN_POINT('',(-50.49926131403,-74.76728634059,6.35));
#11124 = VECTOR('',#11125,1.);
#11125 = DIRECTION('',(0.5,0.866025403784,0.));
#11126 = PCURVE('',#10540,#11127);
#11127 = DEFINITIONAL_REPRESENTATION('',(#11128),#11132);
#11128 = LINE('',#11129,#11130);
#11129 = CARTESIAN_POINT('',(-7.993605777301E-15,12.7));
#11130 = VECTOR('',#11131,1.);
#11131 = DIRECTION('',(1.,0.));
#11132 = ( GEOMETRIC_REPRESENTATION_CONTEXT(2) 
PARAMETRIC_REPRESENTATION_CONTEXT() REPRESENTATION_CONTEXT('2D SPACE',''
  ) );
#11133 = PCURVE('',#10513,#11134);
#11134 = DEFINITIONAL_REPRESENTATION('',(#11135),#11139);
#11135 = LINE('',#11136,#11137);
#11136 = CARTESIAN_POINT('',(12.7,0.));
#11137 = VECTOR('',#11138,1.);
#11138 = DIRECTION('',(0.,1.));
#11139 = ( GEOMETRIC_REPRESENTATION_CONTEXT(2) 
PARAMETRIC_REPRESENTATION_CONTEXT() REPRESENTATION_CONTEXT('2D SPACE',''
  ) );
#11140 = ORIENTED_EDGE('',*,*,#10525,.F.);
#11141 = ORIENTED_EDGE('',*,*,#11052,.F.);
#11142 = ADVANCED_FACE('',(#11143),#10513,.F.);
#11143 = FACE_BOUND('',#11144,.F.);
#11144 = EDGE_LOOP('',(#11145,#11166,#11167,#11194,#11222,#11223,#11224,
    #11254));
#11145 = ORIENTED_EDGE('',*,*,#11146,.F.);
#11146 = EDGE_CURVE('',#10786,#10871,#11147,.T.);
#11147 = SURFACE_CURVE('',#11148,(#11152,#11159),.PCURVE_S1.);
#11148 = LINE('',#11149,#11150);
#11149 = CARTESIAN_POINT('',(-50.49926131403,-74.76728634059,-6.35));
#11150 = VECTOR('',#11151,1.);
#11151 = DIRECTION('',(0.5,0.866025403784,0.));
#11152 = PCURVE('',#10513,#11153);
#11153 = DEFINITIONAL_REPRESENTATION('',(#11154),#11158);
#11154 = LINE('',#11155,#11156);
#11155 = CARTESIAN_POINT('',(0.,0.));
#11156 = VECTOR('',#11157,1.);
#11157 = DIRECTION('',(0.,1.));
#11158 = ( GEOMETRIC_REPRESENTATION_CONTEXT(2) 
PARAMETRIC_REPRESENTATION_CONTEXT() REPRESENTATION_CONTEXT('2D SPACE',''
  ) );
#11159 = PCURVE('',#10800,#11160);
#11160 = DEFINITIONAL_REPRESENTATION('',(#11161),#11165);
#11161 = LINE('',#11162,#11163);
#11162 = CARTESIAN_POINT('',(-7.993605777301E-15,12.7));
#11163 = VECTOR('',#11164,1.);
#11164 = DIRECTION('',(1.,0.));
#11165 = ( GEOMETRIC_REPRESENTATION_CONTEXT(2) 
PARAMETRIC_REPRESENTATION_CONTEXT() REPRESENTATION_CONTEXT('2D SPACE',''
  ) );
#11166 = ORIENTED_EDGE('',*,*,#10811,.T.);
#11167 = ORIENTED_EDGE('',*,*,#11168,.T.);
#11168 = EDGE_CURVE('',#10812,#11169,#11171,.T.);
#11169 = VERTEX_POINT('',#11170);
#11170 = CARTESIAN_POINT('',(-5.401523172332,3.34428742726,
    -3.574223890408));
#11171 = SURFACE_CURVE('',#11172,(#11177,#11184),.PCURVE_S1.);
#11172 = ELLIPSE('',#11173,12.954,6.477);
#11173 = AXIS2_PLACEMENT_3D('',#11174,#11175,#11176);
#11174 = CARTESIAN_POINT('',(4.572579089755E-30,12.7,2.819966482548E-15)
  );
#11175 = DIRECTION('',(-0.866025403784,0.5,0.));
#11176 = DIRECTION('',(0.5,0.866025403784,2.563950248511E-16));
#11177 = PCURVE('',#10513,#11178);
#11178 = DEFINITIONAL_REPRESENTATION('',(#11179),#11183);
#11179 = ELLIPSE('',#11180,12.954,6.477);
#11180 = AXIS2_PLACEMENT_2D('',#11181,#11182);
#11181 = CARTESIAN_POINT('',(6.35,100.99852262806));
#11182 = DIRECTION('',(2.563950248511E-16,1.));
#11183 = ( GEOMETRIC_REPRESENTATION_CONTEXT(2) 
PARAMETRIC_REPRESENTATION_CONTEXT() REPRESENTATION_CONTEXT('2D SPACE',''
  ) );
#11184 = PCURVE('',#10853,#11185);
#11185 = DEFINITIONAL_REPRESENTATION('',(#11186),#11193);
#11186 = B_SPLINE_CURVE_WITH_KNOTS('',5,(#11187,#11188,#11189,#11190,
    #11191,#11192),.UNSPECIFIED.,.F.,.F.,(6,6),(2.17247800373,
    2.55703176188),.PIECEWISE_BEZIER_KNOTS.);
#11187 = CARTESIAN_POINT('',(9.040224202619,6.000000078998E-07));
#11188 = CARTESIAN_POINT('',(9.117134954249,-0.711297435907));
#11189 = CARTESIAN_POINT('',(9.194045705879,-1.375643838855));
#11190 = CARTESIAN_POINT('',(9.270956457509,-1.984267961131));
#11191 = CARTESIAN_POINT('',(9.347867209139,-2.529578308021));
#11192 = CARTESIAN_POINT('',(9.424777960769,-3.00571257274));
#11193 = ( GEOMETRIC_REPRESENTATION_CONTEXT(2) 
PARAMETRIC_REPRESENTATION_CONTEXT() REPRESENTATION_CONTEXT('2D SPACE',''
  ) );
#11194 = ORIENTED_EDGE('',*,*,#11195,.T.);
#11195 = EDGE_CURVE('',#11169,#10465,#11196,.T.);
#11196 = SURFACE_CURVE('',#11197,(#11202,#11209),.PCURVE_S1.);
#11197 = ELLIPSE('',#11198,12.954,6.477);
#11198 = AXIS2_PLACEMENT_3D('',#11199,#11200,#11201);
#11199 = CARTESIAN_POINT('',(4.572579089755E-30,12.7,2.819966482548E-15)
  );
#11200 = DIRECTION('',(-0.866025403784,0.5,0.));
#11201 = DIRECTION('',(0.5,0.866025403784,2.563950248511E-16));
#11202 = PCURVE('',#10513,#11203);
#11203 = DEFINITIONAL_REPRESENTATION('',(#11204),#11208);
#11204 = ELLIPSE('',#11205,12.954,6.477);
#11205 = AXIS2_PLACEMENT_2D('',#11206,#11207);
#11206 = CARTESIAN_POINT('',(6.35,100.99852262806));
#11207 = DIRECTION('',(2.563950248511E-16,1.));
#11208 = ( GEOMETRIC_REPRESENTATION_CONTEXT(2) 
PARAMETRIC_REPRESENTATION_CONTEXT() REPRESENTATION_CONTEXT('2D SPACE',''
  ) );
#11209 = PCURVE('',#10480,#11210);
#11210 = DEFINITIONAL_REPRESENTATION('',(#11211),#11221);
#11211 = B_SPLINE_CURVE_WITH_KNOTS('',8,(#11212,#11213,#11214,#11215,
    #11216,#11217,#11218,#11219,#11220),.UNSPECIFIED.,.F.,.F.,(9,9),(
    2.55703176188,4.11070730345),.PIECEWISE_BEZIER_KNOTS.);
#11212 = CARTESIAN_POINT('',(3.14159265359,-3.00571257274));
#11213 = CARTESIAN_POINT('',(3.335802096286,-4.208012228375));
#11214 = CARTESIAN_POINT('',(3.530011538979,-5.007029177777));
#11215 = CARTESIAN_POINT('',(3.724220981681,-5.333663186941));
#11216 = CARTESIAN_POINT('',(3.918430424354,-5.151260337039));
#11217 = CARTESIAN_POINT('',(4.112639867075,-4.463963092503));
#11218 = CARTESIAN_POINT('',(4.306849309763,-3.318515943396));
#11219 = CARTESIAN_POINT('',(4.501058752463,-1.796117526746));
#11220 = CARTESIAN_POINT('',(4.69526819516,6.000000043471E-07));
#11221 = ( GEOMETRIC_REPRESENTATION_CONTEXT(2) 
PARAMETRIC_REPRESENTATION_CONTEXT() REPRESENTATION_CONTEXT('2D SPACE',''
  ) );
#11222 = ORIENTED_EDGE('',*,*,#10492,.T.);
#11223 = ORIENTED_EDGE('',*,*,#11120,.T.);
#11224 = ORIENTED_EDGE('',*,*,#11225,.F.);
#11225 = EDGE_CURVE('',#11226,#10925,#11228,.T.);
#11226 = VERTEX_POINT('',#11227);
#11227 = CARTESIAN_POINT('',(-6.35,1.701477371938,1.155454588299E-15));
#11228 = SURFACE_CURVE('',#11229,(#11234,#11241),.PCURVE_S1.);
#11229 = ELLIPSE('',#11230,12.7,6.35);
#11230 = AXIS2_PLACEMENT_3D('',#11231,#11232,#11233);
#11231 = CARTESIAN_POINT('',(0.,12.7,2.819966482548E-15));
#11232 = DIRECTION('',(-0.866025403784,0.5,1.232595164408E-32));
#11233 = DIRECTION('',(0.5,0.866025403784,2.563950248511E-16));
#11234 = PCURVE('',#10513,#11235);
#11235 = DEFINITIONAL_REPRESENTATION('',(#11236),#11240);
#11236 = ELLIPSE('',#11237,12.7,6.35);
#11237 = AXIS2_PLACEMENT_2D('',#11238,#11239);
#11238 = CARTESIAN_POINT('',(6.35,100.99852262806));
#11239 = DIRECTION('',(2.563950248511E-16,1.));
#11240 = ( GEOMETRIC_REPRESENTATION_CONTEXT(2) 
PARAMETRIC_REPRESENTATION_CONTEXT() REPRESENTATION_CONTEXT('2D SPACE',''
  ) );
#11241 = PCURVE('',#10945,#11242);
#11242 = DEFINITIONAL_REPRESENTATION('',(#11243),#11253);
#11243 = B_SPLINE_CURVE_WITH_KNOTS('',8,(#11244,#11245,#11246,#11247,
    #11248,#11249,#11250,#11251,#11252),.UNSPECIFIED.,.F.,.F.,(9,9),(
    3.14159265359,4.712389034937),.PIECEWISE_BEZIER_KNOTS.);
#11244 = CARTESIAN_POINT('',(-3.14159265359,-4.648522628062));
#11245 = CARTESIAN_POINT('',(-2.945243105921,-4.648522628062));
#11246 = CARTESIAN_POINT('',(-2.748893558251,-4.163919152704));
#11247 = CARTESIAN_POINT('',(-2.552544010602,-3.194716318737));
#11248 = CARTESIAN_POINT('',(-2.356194462892,-1.780753899778));
#11249 = CARTESIAN_POINT('',(-2.159844915276,-1.792362538708E-03));
#11250 = CARTESIAN_POINT('',(-1.963495367578,2.030890174739));
#11251 = CARTESIAN_POINT('',(-1.767145819911,4.190445656959));
#11252 = CARTESIAN_POINT('',(-1.570796272242,6.3500006));
#11253 = ( GEOMETRIC_REPRESENTATION_CONTEXT(2) 
PARAMETRIC_REPRESENTATION_CONTEXT() REPRESENTATION_CONTEXT('2D SPACE',''
  ) );
#11254 = ORIENTED_EDGE('',*,*,#11255,.F.);
#11255 = EDGE_CURVE('',#10871,#11226,#11256,.T.);
#11256 = SURFACE_CURVE('',#11257,(#11262,#11269),.PCURVE_S1.);
#11257 = ELLIPSE('',#11258,12.7,6.35);
#11258 = AXIS2_PLACEMENT_3D('',#11259,#11260,#11261);
#11259 = CARTESIAN_POINT('',(0.,12.7,2.819966482548E-15));
#11260 = DIRECTION('',(-0.866025403784,0.5,1.232595164408E-32));
#11261 = DIRECTION('',(0.5,0.866025403784,2.563950248511E-16));
#11262 = PCURVE('',#10513,#11263);
#11263 = DEFINITIONAL_REPRESENTATION('',(#11264),#11268);
#11264 = ELLIPSE('',#11265,12.7,6.35);
#11265 = AXIS2_PLACEMENT_2D('',#11266,#11267);
#11266 = CARTESIAN_POINT('',(6.35,100.99852262806));
#11267 = DIRECTION('',(2.563950248511E-16,1.));
#11268 = ( GEOMETRIC_REPRESENTATION_CONTEXT(2) 
PARAMETRIC_REPRESENTATION_CONTEXT() REPRESENTATION_CONTEXT('2D SPACE',''
  ) );
#11269 = PCURVE('',#10912,#11270);
#11270 = DEFINITIONAL_REPRESENTATION('',(#11271),#11281);
#11271 = B_SPLINE_CURVE_WITH_KNOTS('',8,(#11272,#11273,#11274,#11275,
    #11276,#11277,#11278,#11279,#11280),.UNSPECIFIED.,.F.,.F.,(9,9),(
    1.570796272242,3.14159265359),.PIECEWISE_BEZIER_KNOTS.);
#11272 = CARTESIAN_POINT('',(1.570796272242,6.3500006));
#11273 = CARTESIAN_POINT('',(1.767145819911,4.190445656959));
#11274 = CARTESIAN_POINT('',(1.963495367579,2.030890174736));
#11275 = CARTESIAN_POINT('',(2.159844915245,-1.792362529159E-03));
#11276 = CARTESIAN_POINT('',(2.356194462918,-1.780753899788));
#11277 = CARTESIAN_POINT('',(2.552544010581,-3.19471631873));
#11278 = CARTESIAN_POINT('',(2.748893558252,-4.163919152705));
#11279 = CARTESIAN_POINT('',(2.945243105921,-4.648522628062));
#11280 = CARTESIAN_POINT('',(3.14159265359,-4.648522628062));
#11281 = ( GEOMETRIC_REPRESENTATION_CONTEXT(2) 
PARAMETRIC_REPRESENTATION_CONTEXT() REPRESENTATION_CONTEXT('2D SPACE',''
  ) );
#11282 = ADVANCED_FACE('',(#11283),#10480,.T.);
#11283 = FACE_BOUND('',#11284,.T.);
#11284 = EDGE_LOOP('',(#11285,#11306,#11307,#11308));
#11285 = ORIENTED_EDGE('',*,*,#11286,.F.);
#11286 = EDGE_CURVE('',#11169,#10660,#11287,.T.);
#11287 = SURFACE_CURVE('',#11288,(#11292,#11299),.PCURVE_S1.);
#11288 = LINE('',#11289,#11290);
#11289 = CARTESIAN_POINT('',(-5.401523172332,6.35,-3.574223890408));
#11290 = VECTOR('',#11291,1.);
#11291 = DIRECTION('',(5.176899690513E-31,1.,2.22044604925E-16));
#11292 = PCURVE('',#10480,#11293);
#11293 = DEFINITIONAL_REPRESENTATION('',(#11294),#11298);
#11294 = LINE('',#11295,#11296);
#11295 = CARTESIAN_POINT('',(3.14159265359,0.));
#11296 = VECTOR('',#11297,1.);
#11297 = DIRECTION('',(0.,1.));
#11298 = ( GEOMETRIC_REPRESENTATION_CONTEXT(2) 
PARAMETRIC_REPRESENTATION_CONTEXT() REPRESENTATION_CONTEXT('2D SPACE',''
  ) );
#11299 = PCURVE('',#10853,#11300);
#11300 = DEFINITIONAL_REPRESENTATION('',(#11301),#11305);
#11301 = LINE('',#11302,#11303);
#11302 = CARTESIAN_POINT('',(9.424777960769,0.));
#11303 = VECTOR('',#11304,1.);
#11304 = DIRECTION('',(0.,1.));
#11305 = ( GEOMETRIC_REPRESENTATION_CONTEXT(2) 
PARAMETRIC_REPRESENTATION_CONTEXT() REPRESENTATION_CONTEXT('2D SPACE',''
  ) );
#11306 = ORIENTED_EDGE('',*,*,#11195,.T.);
#11307 = ORIENTED_EDGE('',*,*,#10464,.T.);
#11308 = ORIENTED_EDGE('',*,*,#10659,.T.);
#11309 = ADVANCED_FACE('',(#11310),#10853,.T.);
#11310 = FACE_BOUND('',#11311,.T.);
#11311 = EDGE_LOOP('',(#11312,#11313,#11314));
#11312 = ORIENTED_EDGE('',*,*,#11168,.T.);
#11313 = ORIENTED_EDGE('',*,*,#11286,.T.);
#11314 = ORIENTED_EDGE('',*,*,#10839,.T.);
#11315 = ADVANCED_FACE('',(#11316),#10800,.T.);
#11316 = FACE_BOUND('',#11317,.T.);
#11317 = EDGE_LOOP('',(#11318,#11319,#11320,#11341,#11367));
#11318 = ORIENTED_EDGE('',*,*,#11146,.F.);
#11319 = ORIENTED_EDGE('',*,*,#10785,.F.);
#11320 = ORIENTED_EDGE('',*,*,#11321,.F.);
#11321 = EDGE_CURVE('',#11322,#10758,#11324,.T.);
#11322 = VERTEX_POINT('',#11323);
#11323 = CARTESIAN_POINT('',(-1.276334203882,-2.940156410606E-15,-6.35)
  );
#11324 = SURFACE_CURVE('',#11325,(#11329,#11335),.PCURVE_S1.);
#11325 = LINE('',#11326,#11327);
#11326 = CARTESIAN_POINT('',(-1.276334203882,6.35,-6.35));
#11327 = VECTOR('',#11328,1.);
#11328 = DIRECTION('',(5.176899690513E-31,1.,2.22044604925E-16));
#11329 = PCURVE('',#10800,#11330);
#11330 = DEFINITIONAL_REPRESENTATION('',(#11331),#11334);
#11331 = B_SPLINE_CURVE_WITH_KNOTS('',1,(#11332,#11333),.UNSPECIFIED.,
  .F.,.F.,(2,2),(-6.3500006,6.000000016826E-07),
  .PIECEWISE_BEZIER_KNOTS.);
#11332 = CARTESIAN_POINT('',(89.361832378444,7.455337544281));
#11333 = CARTESIAN_POINT('',(94.861094731705,10.630338144281));
#11334 = ( GEOMETRIC_REPRESENTATION_CONTEXT(2) 
PARAMETRIC_REPRESENTATION_CONTEXT() REPRESENTATION_CONTEXT('2D SPACE',''
  ) );
#11335 = PCURVE('',#10773,#11336);
#11336 = DEFINITIONAL_REPRESENTATION('',(#11337),#11340);
#11337 = B_SPLINE_CURVE_WITH_KNOTS('',1,(#11338,#11339),.UNSPECIFIED.,
  .F.,.F.,(2,2),(-6.3500006,6.000000016826E-07),
  .PIECEWISE_BEZIER_KNOTS.);
#11338 = CARTESIAN_POINT('',(8.636897047843,-6.3500006));
#11339 = CARTESIAN_POINT('',(8.636897047843,6.000000002726E-07));
#11340 = ( GEOMETRIC_REPRESENTATION_CONTEXT(2) 
PARAMETRIC_REPRESENTATION_CONTEXT() REPRESENTATION_CONTEXT('2D SPACE',''
  ) );
#11341 = ORIENTED_EDGE('',*,*,#11342,.T.);
#11342 = EDGE_CURVE('',#11322,#11343,#11345,.T.);
#11343 = VERTEX_POINT('',#11344);
#11344 = CARTESIAN_POINT('',(-1.166476076188E-15,1.409983241274E-15,
    -6.35));
#11345 = SURFACE_CURVE('',#11346,(#11350,#11356),.PCURVE_S1.);
#11346 = LINE('',#11347,#11348);
#11347 = CARTESIAN_POINT('',(-19.75036934298,7.04991620637E-16,-6.35));
#11348 = VECTOR('',#11349,1.);
#11349 = DIRECTION('',(1.,0.,0.));
#11350 = PCURVE('',#10800,#11351);
#11351 = DEFINITIONAL_REPRESENTATION('',(#11352),#11355);
#11352 = B_SPLINE_CURVE_WITH_KNOTS('',1,(#11353,#11354),.UNSPECIFIED.,
  .F.,.F.,(2,2),(12.418020924276,27.082717761693),
  .PIECEWISE_BEZIER_KNOTS.);
#11353 = CARTESIAN_POINT('',(86.333825790646,12.7));
#11354 = CARTESIAN_POINT('',(93.666174209354,-3.552713678801E-15));
#11355 = ( GEOMETRIC_REPRESENTATION_CONTEXT(2) 
PARAMETRIC_REPRESENTATION_CONTEXT() REPRESENTATION_CONTEXT('2D SPACE',''
  ) );
#11356 = PCURVE('',#11357,#11362);
#11357 = PLANE('',#11358);
#11358 = AXIS2_PLACEMENT_3D('',#11359,#11360,#11361);
#11359 = CARTESIAN_POINT('',(0.,0.,0.));
#11360 = DIRECTION('',(0.,1.,2.22044604925E-16));
#11361 = DIRECTION('',(-1.,0.,0.));
#11362 = DEFINITIONAL_REPRESENTATION('',(#11363),#11366);
#11363 = B_SPLINE_CURVE_WITH_KNOTS('',1,(#11364,#11365),.UNSPECIFIED.,
  .F.,.F.,(2,2),(12.418020924276,27.082717761693),
  .PIECEWISE_BEZIER_KNOTS.);
#11364 = CARTESIAN_POINT('',(7.332348418708,-6.35));
#11365 = CARTESIAN_POINT('',(-7.332348418708,-6.35));
#11366 = ( GEOMETRIC_REPRESENTATION_CONTEXT(2) 
PARAMETRIC_REPRESENTATION_CONTEXT() REPRESENTATION_CONTEXT('2D SPACE',''
  ) );
#11367 = ORIENTED_EDGE('',*,*,#11368,.T.);
#11368 = EDGE_CURVE('',#11343,#10871,#11369,.T.);
#11369 = SURFACE_CURVE('',#11370,(#11374,#11380),.PCURVE_S1.);
#11370 = LINE('',#11371,#11372);
#11371 = CARTESIAN_POINT('',(0.,6.35,-6.35));
#11372 = VECTOR('',#11373,1.);
#11373 = DIRECTION('',(0.,1.,2.22044604925E-16));
#11374 = PCURVE('',#10800,#11375);
#11375 = DEFINITIONAL_REPRESENTATION('',(#11376),#11379);
#11376 = B_SPLINE_CURVE_WITH_KNOTS('',1,(#11377,#11378),.UNSPECIFIED.,
  .F.,.F.,(2,2),(-6.3500006,6.3500006),.PIECEWISE_BEZIER_KNOTS.);
#11377 = CARTESIAN_POINT('',(89.999999480385,6.3499997));
#11378 = CARTESIAN_POINT('',(100.99852314767,12.7000003));
#11379 = ( GEOMETRIC_REPRESENTATION_CONTEXT(2) 
PARAMETRIC_REPRESENTATION_CONTEXT() REPRESENTATION_CONTEXT('2D SPACE',''
  ) );
#11380 = PCURVE('',#10746,#11381);
#11381 = DEFINITIONAL_REPRESENTATION('',(#11382),#11385);
#11382 = B_SPLINE_CURVE_WITH_KNOTS('',1,(#11383,#11384),.UNSPECIFIED.,
  .F.,.F.,(2,2),(-6.3500006,6.3500006),.PIECEWISE_BEZIER_KNOTS.);
#11383 = CARTESIAN_POINT('',(89.999999480385,6.3499997));
#11384 = CARTESIAN_POINT('',(100.99852314767,12.7000003));
#11385 = ( GEOMETRIC_REPRESENTATION_CONTEXT(2) 
PARAMETRIC_REPRESENTATION_CONTEXT() REPRESENTATION_CONTEXT('2D SPACE',''
  ) );
#11386 = ADVANCED_FACE('',(#11387),#10773,.T.);
#11387 = FACE_BOUND('',#11388,.T.);
#11388 = EDGE_LOOP('',(#11389,#11413,#11414,#11415));
#11389 = ORIENTED_EDGE('',*,*,#11390,.T.);
#11390 = EDGE_CURVE('',#11391,#11322,#11393,.T.);
#11391 = VERTEX_POINT('',#11392);
#11392 = CARTESIAN_POINT('',(1.276334203882,-3.252938938507E-15,-6.35));
#11393 = SURFACE_CURVE('',#11394,(#11399,#11406),.PCURVE_S1.);
#11394 = CIRCLE('',#11395,6.477);
#11395 = AXIS2_PLACEMENT_3D('',#11396,#11397,#11398);
#11396 = CARTESIAN_POINT('',(-1.938664110101E-31,-3.330669073875E-15,
    3.04401695898E-30));
#11397 = DIRECTION('',(1.225315935864E-16,1.,3.686951170381E-17));
#11398 = DIRECTION('',(0.833954480829,-1.225315935864E-16,0.551833239217
    ));
#11399 = PCURVE('',#10773,#11400);
#11400 = DEFINITIONAL_REPRESENTATION('',(#11401),#11405);
#11401 = LINE('',#11402,#11403);
#11402 = CARTESIAN_POINT('',(6.28318530718,-6.35));
#11403 = VECTOR('',#11404,1.);
#11404 = DIRECTION('',(1.,1.294303943089E-15));
#11405 = ( GEOMETRIC_REPRESENTATION_CONTEXT(2) 
PARAMETRIC_REPRESENTATION_CONTEXT() REPRESENTATION_CONTEXT('2D SPACE',''
  ) );
#11406 = PCURVE('',#11357,#11407);
#11407 = DEFINITIONAL_REPRESENTATION('',(#11408),#11412);
#11408 = CIRCLE('',#11409,6.477);
#11409 = AXIS2_PLACEMENT_2D('',#11410,#11411);
#11410 = CARTESIAN_POINT('',(1.938664110101E-31,3.783574057625E-30));
#11411 = DIRECTION('',(-0.833954480829,0.551833239217));
#11412 = ( GEOMETRIC_REPRESENTATION_CONTEXT(2) 
PARAMETRIC_REPRESENTATION_CONTEXT() REPRESENTATION_CONTEXT('2D SPACE',''
  ) );
#11413 = ORIENTED_EDGE('',*,*,#11321,.T.);
#11414 = ORIENTED_EDGE('',*,*,#10757,.T.);
#11415 = ORIENTED_EDGE('',*,*,#11416,.F.);
#11416 = EDGE_CURVE('',#11391,#10732,#11417,.T.);
#11417 = SURFACE_CURVE('',#11418,(#11422,#11428),.PCURVE_S1.);
#11418 = LINE('',#11419,#11420);
#11419 = CARTESIAN_POINT('',(1.276334203882,6.35,-6.35));
#11420 = VECTOR('',#11421,1.);
#11421 = DIRECTION('',(5.176899690513E-31,1.,2.22044604925E-16));
#11422 = PCURVE('',#10773,#11423);
#11423 = DEFINITIONAL_REPRESENTATION('',(#11424),#11427);
#11424 = B_SPLINE_CURVE_WITH_KNOTS('',1,(#11425,#11426),.UNSPECIFIED.,
  .F.,.F.,(2,2),(-6.3500006,6.000000016826E-07),
  .PIECEWISE_BEZIER_KNOTS.);
#11425 = CARTESIAN_POINT('',(8.240188003525,-6.3500006));
#11426 = CARTESIAN_POINT('',(8.240188003525,6.000000002726E-07));
#11427 = ( GEOMETRIC_REPRESENTATION_CONTEXT(2) 
PARAMETRIC_REPRESENTATION_CONTEXT() REPRESENTATION_CONTEXT('2D SPACE',''
  ) );
#11428 = PCURVE('',#10746,#11429);
#11429 = DEFINITIONAL_REPRESENTATION('',(#11430),#11433);
#11430 = B_SPLINE_CURVE_WITH_KNOTS('',1,(#11431,#11432),.UNSPECIFIED.,
  .F.,.F.,(2,2),(-6.3500006,6.000000016826E-07),
  .PIECEWISE_BEZIER_KNOTS.);
#11431 = CARTESIAN_POINT('',(90.638166582326,5.244661855719));
#11432 = CARTESIAN_POINT('',(96.137428935588,8.419662455719));
#11433 = ( GEOMETRIC_REPRESENTATION_CONTEXT(2) 
PARAMETRIC_REPRESENTATION_CONTEXT() REPRESENTATION_CONTEXT('2D SPACE',''
  ) );
#11434 = ADVANCED_FACE('',(#11435),#10746,.T.);
#11435 = FACE_BOUND('',#11436,.T.);
#11436 = EDGE_LOOP('',(#11437,#11438,#11439,#11440,#11441));
#11437 = ORIENTED_EDGE('',*,*,#11416,.T.);
#11438 = ORIENTED_EDGE('',*,*,#10731,.T.);
#11439 = ORIENTED_EDGE('',*,*,#10870,.T.);
#11440 = ORIENTED_EDGE('',*,*,#11368,.F.);
#11441 = ORIENTED_EDGE('',*,*,#11442,.T.);
#11442 = EDGE_CURVE('',#11343,#11391,#11443,.T.);
#11443 = SURFACE_CURVE('',#11444,(#11448,#11454),.PCURVE_S1.);
#11444 = LINE('',#11445,#11446);
#11445 = CARTESIAN_POINT('',(-19.75036934298,7.04991620637E-16,-6.35));
#11446 = VECTOR('',#11447,1.);
#11447 = DIRECTION('',(1.,0.,0.));
#11448 = PCURVE('',#10746,#11449);
#11449 = DEFINITIONAL_REPRESENTATION('',(#11450),#11453);
#11450 = B_SPLINE_CURVE_WITH_KNOTS('',1,(#11451,#11452),.UNSPECIFIED.,
  .F.,.F.,(2,2),(12.418020924276,27.082717761693),
  .PIECEWISE_BEZIER_KNOTS.);
#11451 = CARTESIAN_POINT('',(86.333825790646,12.7));
#11452 = CARTESIAN_POINT('',(93.666174209354,-3.552713678801E-15));
#11453 = ( GEOMETRIC_REPRESENTATION_CONTEXT(2) 
PARAMETRIC_REPRESENTATION_CONTEXT() REPRESENTATION_CONTEXT('2D SPACE',''
  ) );
#11454 = PCURVE('',#11357,#11455);
#11455 = DEFINITIONAL_REPRESENTATION('',(#11456),#11459);
#11456 = B_SPLINE_CURVE_WITH_KNOTS('',1,(#11457,#11458),.UNSPECIFIED.,
  .F.,.F.,(2,2),(12.418020924276,27.082717761693),
  .PIECEWISE_BEZIER_KNOTS.);
#11457 = CARTESIAN_POINT('',(7.332348418708,-6.35));
#11458 = CARTESIAN_POINT('',(-7.332348418708,-6.35));
#11459 = ( GEOMETRIC_REPRESENTATION_CONTEXT(2) 
PARAMETRIC_REPRESENTATION_CONTEXT() REPRESENTATION_CONTEXT('2D SPACE',''
  ) );
#11460 = ADVANCED_FACE('',(#11461),#10945,.F.);
#11461 = FACE_BOUND('',#11462,.F.);
#11462 = EDGE_LOOP('',(#11463,#11464,#11485));
#11463 = ORIENTED_EDGE('',*,*,#10924,.F.);
#11464 = ORIENTED_EDGE('',*,*,#11465,.T.);
#11465 = EDGE_CURVE('',#10892,#11226,#11466,.T.);
#11466 = SURFACE_CURVE('',#11467,(#11471,#11478),.PCURVE_S1.);
#11467 = LINE('',#11468,#11469);
#11468 = CARTESIAN_POINT('',(-6.35,6.35,2.187633958733E-15));
#11469 = VECTOR('',#11470,1.);
#11470 = DIRECTION('',(0.,-1.,-2.22044604925E-16));
#11471 = PCURVE('',#10945,#11472);
#11472 = DEFINITIONAL_REPRESENTATION('',(#11473),#11477);
#11473 = LINE('',#11474,#11475);
#11474 = CARTESIAN_POINT('',(-3.14159265359,0.));
#11475 = VECTOR('',#11476,1.);
#11476 = DIRECTION('',(0.,-1.));
#11477 = ( GEOMETRIC_REPRESENTATION_CONTEXT(2) 
PARAMETRIC_REPRESENTATION_CONTEXT() REPRESENTATION_CONTEXT('2D SPACE',''
  ) );
#11478 = PCURVE('',#10912,#11479);
#11479 = DEFINITIONAL_REPRESENTATION('',(#11480),#11484);
#11480 = LINE('',#11481,#11482);
#11481 = CARTESIAN_POINT('',(3.14159265359,0.));
#11482 = VECTOR('',#11483,1.);
#11483 = DIRECTION('',(0.,-1.));
#11484 = ( GEOMETRIC_REPRESENTATION_CONTEXT(2) 
PARAMETRIC_REPRESENTATION_CONTEXT() REPRESENTATION_CONTEXT('2D SPACE',''
  ) );
#11485 = ORIENTED_EDGE('',*,*,#11225,.T.);
#11486 = ADVANCED_FACE('',(#11487),#10912,.F.);
#11487 = FACE_BOUND('',#11488,.F.);
#11488 = EDGE_LOOP('',(#11489,#11490,#11491));
#11489 = ORIENTED_EDGE('',*,*,#11465,.F.);
#11490 = ORIENTED_EDGE('',*,*,#10891,.F.);
#11491 = ORIENTED_EDGE('',*,*,#11255,.T.);
#11492 = ADVANCED_FACE('',(#11493),#10998,.F.);
#11493 = FACE_BOUND('',#11494,.F.);
#11494 = EDGE_LOOP('',(#11495,#11496,#11497));
#11495 = ORIENTED_EDGE('',*,*,#11100,.F.);
#11496 = ORIENTED_EDGE('',*,*,#11073,.T.);
#11497 = ORIENTED_EDGE('',*,*,#10981,.F.);
#11498 = ADVANCED_FACE('',(#11499),#11357,.F.);
#11499 = FACE_BOUND('',#11500,.F.);
#11500 = EDGE_LOOP('',(#11501,#11502,#11503));
#11501 = ORIENTED_EDGE('',*,*,#11390,.T.);
#11502 = ORIENTED_EDGE('',*,*,#11342,.T.);
#11503 = ORIENTED_EDGE('',*,*,#11442,.T.);
#11504 = ( GEOMETRIC_REPRESENTATION_CONTEXT(3) 
GLOBAL_UNCERTAINTY_ASSIGNED_CONTEXT((#11508)) 
GLOBAL_UNIT_ASSIGNED_CONTEXT((#11505,#11506,#11507)) 
REPRESENTATION_CONTEXT('Context #1',
  '3D Context with UNIT and UNCERTAINTY') );
#11505 = ( LENGTH_UNIT() NAMED_UNIT(*) SI_UNIT(.MILLI.,.METRE.) );
#11506 = ( NAMED_UNIT(*) PLANE_ANGLE_UNIT() SI_UNIT($,.RADIAN.) );
#11507 = ( NAMED_UNIT(*) SI_UNIT($,.STERADIAN.) SOLID_ANGLE_UNIT() );
#11508 = UNCERTAINTY_MEASURE_WITH_UNIT(LENGTH_MEASURE(1.E-04),#11505,
  'distance_accuracy_value','confusion accuracy');
#11509 = PRODUCT_RELATED_PRODUCT_CATEGORY('part',$,(#7));
ENDSEC;
END-ISO-10303-21;
