ISO-10303-21;
HEADER;
FILE_DESCRIPTION(('Open CASCADE Model'),'2;1');
FILE_NAME('Open CASCADE Shape Model','2026-08-19T15:45:05',('Author'),(
    'Open CASCADE'),'Open CASCADE STEP processor 7.9','Open CASCADE 7.9'
  ,'Unknown');
FILE_SCHEMA(('AUTOMOTIVE_DESIGN { 1 0 10303 214 1 1 1 1 }'));
ENDSEC;
DATA;
#1 = APPLICATION_PROTOCOL_DEFINITION('international standard',
  'automotive_design',2000,#2);
#2 = APPLICATION_CONTEXT(
  'core data for automotive mechanical design processes');
#3 = SHAPE_DEFINITION_REPRESENTATION(#4,#10);
#4 = PRODUCT_DEFINITION_SHAPE('','',#5);
#5 = PRODUCT_DEFINITION('design','',#6,#9);
#6 = PRODUCT_DEFINITION_FORMATION('','',#7);
#7 = PRODUCT('Open CASCADE STEP translator 7.9 1',
  'Open CASCADE STEP translator 7.9 1','',(#8));
#8 = PRODUCT_CONTEXT('',#2,'mechanical');
#9 = PRODUCT_DEFINITION_CONTEXT('part definition',#2,'design');
#10 = ADVANCED_BREP_SHAPE_REPRESENTATION('',(#11,#15),#6856);
#11 = AXIS2_PLACEMENT_3D('',#12,#13,#14);
#12 = CARTESIAN_POINT('',(0.,0.,0.));
#13 = DIRECTION('',(0.,0.,1.));
#14 = DIRECTION('',(1.,0.,-0.));
#15 = MANIFOLD_SOLID_BREP('',#16);
#16 = CLOSED_SHELL('',(#17,#109,#488,#835,#882,#909,#936,#963,#990,#1017
    ,#1044,#1758,#1785,#1907,#1956,#2066,#2093,#2143,#2193,#2794,#2977,
    #3051,#3134,#3212,#3444,#3522,#3549,#3576,#3583,#3610,#3659,#3686,
    #3713,#3764,#3791,#3935,#3984,#4060,#4122,#4198,#4252,#4306,#4333,
    #4360,#4367,#4613,#4659,#4803,#4830,#4906,#4960,#5014,#5041,#5068,
    #5095,#5122,#5129,#5462,#5489,#5677,#5725,#5732,#5782,#5832,#5906,
    #5956,#6006,#6059,#6086,#6093,#6276,#6346,#6353,#6360,#6399,#6409,
    #6461,#6535,#6585,#6657,#6689,#6765,#6794,#6825));
#17 = ADVANCED_FACE('',(#18),#32,.F.);
#18 = FACE_BOUND('',#19,.F.);
#19 = EDGE_LOOP('',(#20,#50,#77,#78));
#20 = ORIENTED_EDGE('',*,*,#21,.T.);
#21 = EDGE_CURVE('',#22,#24,#26,.T.);
#22 = VERTEX_POINT('',#23);
#23 = CARTESIAN_POINT('',(160.5,15.,-30.));
#24 = VERTEX_POINT('',#25);
#25 = CARTESIAN_POINT('',(160.5,0.,-30.));
#26 = SEAM_CURVE('',#27,(#31,#43),.PCURVE_S1.);
#27 = LINE('',#28,#29);
#28 = CARTESIAN_POINT('',(160.5,15.,-30.));
#29 = VECTOR('',#30,1.);
#30 = DIRECTION('',(0.,-1.,0.));
#31 = PCURVE('',#32,#37);
#32 = CYLINDRICAL_SURFACE('',#33,7.5);
#33 = AXIS2_PLACEMENT_3D('',#34,#35,#36);
#34 = CARTESIAN_POINT('',(153.,15.,-30.));
#35 = DIRECTION('',(0.,-1.,0.));
#36 = DIRECTION('',(-1.,0.,0.));
#37 = DEFINITIONAL_REPRESENTATION('',(#38),#42);
#38 = LINE('',#39,#40);
#39 = CARTESIAN_POINT('',(9.424777960769,0.));
#40 = VECTOR('',#41,1.);
#41 = DIRECTION('',(0.,1.));
#42 = ( GEOMETRIC_REPRESENTATION_CONTEXT(2) 
PARAMETRIC_REPRESENTATION_CONTEXT() REPRESENTATION_CONTEXT('2D SPACE',''
  ) );
#43 = PCURVE('',#32,#44);
#44 = DEFINITIONAL_REPRESENTATION('',(#45),#49);
#45 = LINE('',#46,#47);
#46 = CARTESIAN_POINT('',(3.14159265359,0.));
#47 = VECTOR('',#48,1.);
#48 = DIRECTION('',(0.,1.));
#49 = ( GEOMETRIC_REPRESENTATION_CONTEXT(2) 
PARAMETRIC_REPRESENTATION_CONTEXT() REPRESENTATION_CONTEXT('2D SPACE',''
  ) );
#50 = ORIENTED_EDGE('',*,*,#51,.T.);
#51 = EDGE_CURVE('',#24,#24,#52,.T.);
#52 = SURFACE_CURVE('',#53,(#58,#65),.PCURVE_S1.);
#53 = CIRCLE('',#54,7.5);
#54 = AXIS2_PLACEMENT_3D('',#55,#56,#57);
#55 = CARTESIAN_POINT('',(153.,0.,-30.));
#56 = DIRECTION('',(0.,1.,0.));
#57 = DIRECTION('',(-1.,0.,0.));
#58 = PCURVE('',#32,#59);
#59 = DEFINITIONAL_REPRESENTATION('',(#60),#64);
#60 = LINE('',#61,#62);
#61 = CARTESIAN_POINT('',(12.566370614359,15.));
#62 = VECTOR('',#63,1.);
#63 = DIRECTION('',(-1.,0.));
#64 = ( GEOMETRIC_REPRESENTATION_CONTEXT(2) 
PARAMETRIC_REPRESENTATION_CONTEXT() REPRESENTATION_CONTEXT('2D SPACE',''
  ) );
#65 = PCURVE('',#66,#71);
#66 = PLANE('',#67);
#67 = AXIS2_PLACEMENT_3D('',#68,#69,#70);
#68 = CARTESIAN_POINT('',(84.,0.,-30.));
#69 = DIRECTION('',(0.,1.,0.));
#70 = DIRECTION('',(1.,0.,0.));
#71 = DEFINITIONAL_REPRESENTATION('',(#72),#76);
#72 = CIRCLE('',#73,7.5);
#73 = AXIS2_PLACEMENT_2D('',#74,#75);
#74 = CARTESIAN_POINT('',(69.,0.));
#75 = DIRECTION('',(-1.,0.));
#76 = ( GEOMETRIC_REPRESENTATION_CONTEXT(2) 
PARAMETRIC_REPRESENTATION_CONTEXT() REPRESENTATION_CONTEXT('2D SPACE',''
  ) );
#77 = ORIENTED_EDGE('',*,*,#21,.F.);
#78 = ORIENTED_EDGE('',*,*,#79,.T.);
#79 = EDGE_CURVE('',#22,#22,#80,.T.);
#80 = SURFACE_CURVE('',#81,(#86,#93),.PCURVE_S1.);
#81 = CIRCLE('',#82,7.5);
#82 = AXIS2_PLACEMENT_3D('',#83,#84,#85);
#83 = CARTESIAN_POINT('',(153.,15.,-30.));
#84 = DIRECTION('',(0.,-1.,0.));
#85 = DIRECTION('',(-1.,0.,0.));
#86 = PCURVE('',#32,#87);
#87 = DEFINITIONAL_REPRESENTATION('',(#88),#92);
#88 = LINE('',#89,#90);
#89 = CARTESIAN_POINT('',(0.,0.));
#90 = VECTOR('',#91,1.);
#91 = DIRECTION('',(1.,0.));
#92 = ( GEOMETRIC_REPRESENTATION_CONTEXT(2) 
PARAMETRIC_REPRESENTATION_CONTEXT() REPRESENTATION_CONTEXT('2D SPACE',''
  ) );
#93 = PCURVE('',#94,#99);
#94 = PLANE('',#95);
#95 = AXIS2_PLACEMENT_3D('',#96,#97,#98);
#96 = CARTESIAN_POINT('',(84.,15.,-30.));
#97 = DIRECTION('',(0.,1.,0.));
#98 = DIRECTION('',(0.,-0.,1.));
#99 = DEFINITIONAL_REPRESENTATION('',(#100),#108);
#100 = ( BOUNDED_CURVE() B_SPLINE_CURVE(2,(#101,#102,#103,#104,#105,#106
,#107),.UNSPECIFIED.,.T.,.F.) B_SPLINE_CURVE_WITH_KNOTS((1,2,2,2,2,1),(
    -2.094395102393,0.,2.094395102393,4.188790204786,6.28318530718,
8.377580409573),.UNSPECIFIED.) CURVE() GEOMETRIC_REPRESENTATION_ITEM() 
RATIONAL_B_SPLINE_CURVE((1.,0.5,1.,0.5,1.,0.5,1.)) REPRESENTATION_ITEM(
  '') );
#101 = CARTESIAN_POINT('',(0.,61.5));
#102 = CARTESIAN_POINT('',(-12.99038105676,61.5));
#103 = CARTESIAN_POINT('',(-6.495190528383,72.75));
#104 = CARTESIAN_POINT('',(-1.836970198721E-15,84.));
#105 = CARTESIAN_POINT('',(6.495190528383,72.75));
#106 = CARTESIAN_POINT('',(12.990381056767,61.5));
#107 = CARTESIAN_POINT('',(0.,61.5));
#108 = ( GEOMETRIC_REPRESENTATION_CONTEXT(2) 
PARAMETRIC_REPRESENTATION_CONTEXT() REPRESENTATION_CONTEXT('2D SPACE',''
  ) );
#109 = ADVANCED_FACE('',(#110,#340,#343,#374),#66,.F.);
#110 = FACE_BOUND('',#111,.T.);
#111 = EDGE_LOOP('',(#112,#143,#171,#200,#228,#257,#285,#314));
#112 = ORIENTED_EDGE('',*,*,#113,.F.);
#113 = EDGE_CURVE('',#114,#116,#118,.T.);
#114 = VERTEX_POINT('',#115);
#115 = CARTESIAN_POINT('',(0.,0.,-9.));
#116 = VERTEX_POINT('',#117);
#117 = CARTESIAN_POINT('',(9.,0.,0.));
#118 = SURFACE_CURVE('',#119,(#124,#131),.PCURVE_S1.);
#119 = CIRCLE('',#120,9.);
#120 = AXIS2_PLACEMENT_3D('',#121,#122,#123);
#121 = CARTESIAN_POINT('',(9.,0.,-9.));
#122 = DIRECTION('',(0.,1.,0.));
#123 = DIRECTION('',(-0.707106781187,0.,0.707106781187));
#124 = PCURVE('',#66,#125);
#125 = DEFINITIONAL_REPRESENTATION('',(#126),#130);
#126 = CIRCLE('',#127,9.);
#127 = AXIS2_PLACEMENT_2D('',#128,#129);
#128 = CARTESIAN_POINT('',(-75.,-21.));
#129 = DIRECTION('',(-0.707106781187,-0.707106781187));
#130 = ( GEOMETRIC_REPRESENTATION_CONTEXT(2) 
PARAMETRIC_REPRESENTATION_CONTEXT() REPRESENTATION_CONTEXT('2D SPACE',''
  ) );
#131 = PCURVE('',#132,#137);
#132 = CYLINDRICAL_SURFACE('',#133,9.);
#133 = AXIS2_PLACEMENT_3D('',#134,#135,#136);
#134 = CARTESIAN_POINT('',(9.,0.,-9.));
#135 = DIRECTION('',(0.,1.,0.));
#136 = DIRECTION('',(-0.707106781187,0.,0.707106781187));
#137 = DEFINITIONAL_REPRESENTATION('',(#138),#142);
#138 = LINE('',#139,#140);
#139 = CARTESIAN_POINT('',(-6.28318530718,0.));
#140 = VECTOR('',#141,1.);
#141 = DIRECTION('',(1.,0.));
#142 = ( GEOMETRIC_REPRESENTATION_CONTEXT(2) 
PARAMETRIC_REPRESENTATION_CONTEXT() REPRESENTATION_CONTEXT('2D SPACE',''
  ) );
#143 = ORIENTED_EDGE('',*,*,#144,.F.);
#144 = EDGE_CURVE('',#145,#114,#147,.T.);
#145 = VERTEX_POINT('',#146);
#146 = CARTESIAN_POINT('',(0.,0.,-51.));
#147 = SURFACE_CURVE('',#148,(#152,#159),.PCURVE_S1.);
#148 = LINE('',#149,#150);
#149 = CARTESIAN_POINT('',(0.,0.,-60.));
#150 = VECTOR('',#151,1.);
#151 = DIRECTION('',(0.,0.,1.));
#152 = PCURVE('',#66,#153);
#153 = DEFINITIONAL_REPRESENTATION('',(#154),#158);
#154 = LINE('',#155,#156);
#155 = CARTESIAN_POINT('',(-84.,30.));
#156 = VECTOR('',#157,1.);
#157 = DIRECTION('',(0.,-1.));
#158 = ( GEOMETRIC_REPRESENTATION_CONTEXT(2) 
PARAMETRIC_REPRESENTATION_CONTEXT() REPRESENTATION_CONTEXT('2D SPACE',''
  ) );
#159 = PCURVE('',#160,#165);
#160 = PLANE('',#161);
#161 = AXIS2_PLACEMENT_3D('',#162,#163,#164);
#162 = CARTESIAN_POINT('',(0.,0.,-60.));
#163 = DIRECTION('',(-1.,0.,0.));
#164 = DIRECTION('',(0.,0.,1.));
#165 = DEFINITIONAL_REPRESENTATION('',(#166),#170);
#166 = LINE('',#167,#168);
#167 = CARTESIAN_POINT('',(0.,0.));
#168 = VECTOR('',#169,1.);
#169 = DIRECTION('',(1.,0.));
#170 = ( GEOMETRIC_REPRESENTATION_CONTEXT(2) 
PARAMETRIC_REPRESENTATION_CONTEXT() REPRESENTATION_CONTEXT('2D SPACE',''
  ) );
#171 = ORIENTED_EDGE('',*,*,#172,.F.);
#172 = EDGE_CURVE('',#173,#145,#175,.T.);
#173 = VERTEX_POINT('',#174);
#174 = CARTESIAN_POINT('',(9.,0.,-60.));
#175 = SURFACE_CURVE('',#176,(#181,#188),.PCURVE_S1.);
#176 = CIRCLE('',#177,9.);
#177 = AXIS2_PLACEMENT_3D('',#178,#179,#180);
#178 = CARTESIAN_POINT('',(9.,0.,-51.));
#179 = DIRECTION('',(0.,1.,0.));
#180 = DIRECTION('',(-0.707106781187,0.,-0.707106781187));
#181 = PCURVE('',#66,#182);
#182 = DEFINITIONAL_REPRESENTATION('',(#183),#187);
#183 = CIRCLE('',#184,9.);
#184 = AXIS2_PLACEMENT_2D('',#185,#186);
#185 = CARTESIAN_POINT('',(-75.,21.));
#186 = DIRECTION('',(-0.707106781187,0.707106781187));
#187 = ( GEOMETRIC_REPRESENTATION_CONTEXT(2) 
PARAMETRIC_REPRESENTATION_CONTEXT() REPRESENTATION_CONTEXT('2D SPACE',''
  ) );
#188 = PCURVE('',#189,#194);
#189 = CYLINDRICAL_SURFACE('',#190,9.);
#190 = AXIS2_PLACEMENT_3D('',#191,#192,#193);
#191 = CARTESIAN_POINT('',(9.,0.,-51.));
#192 = DIRECTION('',(0.,1.,0.));
#193 = DIRECTION('',(-0.707106781187,0.,-0.707106781187));
#194 = DEFINITIONAL_REPRESENTATION('',(#195),#199);
#195 = LINE('',#196,#197);
#196 = CARTESIAN_POINT('',(-6.28318530718,0.));
#197 = VECTOR('',#198,1.);
#198 = DIRECTION('',(1.,0.));
#199 = ( GEOMETRIC_REPRESENTATION_CONTEXT(2) 
PARAMETRIC_REPRESENTATION_CONTEXT() REPRESENTATION_CONTEXT('2D SPACE',''
  ) );
#200 = ORIENTED_EDGE('',*,*,#201,.F.);
#201 = EDGE_CURVE('',#202,#173,#204,.T.);
#202 = VERTEX_POINT('',#203);
#203 = CARTESIAN_POINT('',(159.,0.,-60.));
#204 = SURFACE_CURVE('',#205,(#209,#216),.PCURVE_S1.);
#205 = LINE('',#206,#207);
#206 = CARTESIAN_POINT('',(168.,0.,-60.));
#207 = VECTOR('',#208,1.);
#208 = DIRECTION('',(-1.,0.,0.));
#209 = PCURVE('',#66,#210);
#210 = DEFINITIONAL_REPRESENTATION('',(#211),#215);
#211 = LINE('',#212,#213);
#212 = CARTESIAN_POINT('',(84.,30.));
#213 = VECTOR('',#214,1.);
#214 = DIRECTION('',(-1.,0.));
#215 = ( GEOMETRIC_REPRESENTATION_CONTEXT(2) 
PARAMETRIC_REPRESENTATION_CONTEXT() REPRESENTATION_CONTEXT('2D SPACE',''
  ) );
#216 = PCURVE('',#217,#222);
#217 = PLANE('',#218);
#218 = AXIS2_PLACEMENT_3D('',#219,#220,#221);
#219 = CARTESIAN_POINT('',(168.,0.,-60.));
#220 = DIRECTION('',(0.,0.,-1.));
#221 = DIRECTION('',(-1.,0.,0.));
#222 = DEFINITIONAL_REPRESENTATION('',(#223),#227);
#223 = LINE('',#224,#225);
#224 = CARTESIAN_POINT('',(0.,0.));
#225 = VECTOR('',#226,1.);
#226 = DIRECTION('',(1.,0.));
#227 = ( GEOMETRIC_REPRESENTATION_CONTEXT(2) 
PARAMETRIC_REPRESENTATION_CONTEXT() REPRESENTATION_CONTEXT('2D SPACE',''
  ) );
#228 = ORIENTED_EDGE('',*,*,#229,.F.);
#229 = EDGE_CURVE('',#230,#202,#232,.T.);
#230 = VERTEX_POINT('',#231);
#231 = CARTESIAN_POINT('',(168.,0.,-51.));
#232 = SURFACE_CURVE('',#233,(#238,#245),.PCURVE_S1.);
#233 = CIRCLE('',#234,9.);
#234 = AXIS2_PLACEMENT_3D('',#235,#236,#237);
#235 = CARTESIAN_POINT('',(159.,0.,-51.));
#236 = DIRECTION('',(0.,1.,0.));
#237 = DIRECTION('',(0.707106781187,0.,-0.707106781187));
#238 = PCURVE('',#66,#239);
#239 = DEFINITIONAL_REPRESENTATION('',(#240),#244);
#240 = CIRCLE('',#241,9.);
#241 = AXIS2_PLACEMENT_2D('',#242,#243);
#242 = CARTESIAN_POINT('',(75.,21.));
#243 = DIRECTION('',(0.707106781187,0.707106781187));
#244 = ( GEOMETRIC_REPRESENTATION_CONTEXT(2) 
PARAMETRIC_REPRESENTATION_CONTEXT() REPRESENTATION_CONTEXT('2D SPACE',''
  ) );
#245 = PCURVE('',#246,#251);
#246 = CYLINDRICAL_SURFACE('',#247,9.);
#247 = AXIS2_PLACEMENT_3D('',#248,#249,#250);
#248 = CARTESIAN_POINT('',(159.,0.,-51.));
#249 = DIRECTION('',(0.,1.,0.));
#250 = DIRECTION('',(0.707106781187,0.,-0.707106781187));
#251 = DEFINITIONAL_REPRESENTATION('',(#252),#256);
#252 = LINE('',#253,#254);
#253 = CARTESIAN_POINT('',(-6.28318530718,0.));
#254 = VECTOR('',#255,1.);
#255 = DIRECTION('',(1.,0.));
#256 = ( GEOMETRIC_REPRESENTATION_CONTEXT(2) 
PARAMETRIC_REPRESENTATION_CONTEXT() REPRESENTATION_CONTEXT('2D SPACE',''
  ) );
#257 = ORIENTED_EDGE('',*,*,#258,.F.);
#258 = EDGE_CURVE('',#259,#230,#261,.T.);
#259 = VERTEX_POINT('',#260);
#260 = CARTESIAN_POINT('',(168.,0.,-9.));
#261 = SURFACE_CURVE('',#262,(#266,#273),.PCURVE_S1.);
#262 = LINE('',#263,#264);
#263 = CARTESIAN_POINT('',(168.,0.,0.));
#264 = VECTOR('',#265,1.);
#265 = DIRECTION('',(0.,0.,-1.));
#266 = PCURVE('',#66,#267);
#267 = DEFINITIONAL_REPRESENTATION('',(#268),#272);
#268 = LINE('',#269,#270);
#269 = CARTESIAN_POINT('',(84.,-30.));
#270 = VECTOR('',#271,1.);
#271 = DIRECTION('',(0.,1.));
#272 = ( GEOMETRIC_REPRESENTATION_CONTEXT(2) 
PARAMETRIC_REPRESENTATION_CONTEXT() REPRESENTATION_CONTEXT('2D SPACE',''
  ) );
#273 = PCURVE('',#274,#279);
#274 = PLANE('',#275);
#275 = AXIS2_PLACEMENT_3D('',#276,#277,#278);
#276 = CARTESIAN_POINT('',(168.,0.,0.));
#277 = DIRECTION('',(1.,0.,0.));
#278 = DIRECTION('',(0.,0.,-1.));
#279 = DEFINITIONAL_REPRESENTATION('',(#280),#284);
#280 = LINE('',#281,#282);
#281 = CARTESIAN_POINT('',(0.,0.));
#282 = VECTOR('',#283,1.);
#283 = DIRECTION('',(1.,0.));
#284 = ( GEOMETRIC_REPRESENTATION_CONTEXT(2) 
PARAMETRIC_REPRESENTATION_CONTEXT() REPRESENTATION_CONTEXT('2D SPACE',''
  ) );
#285 = ORIENTED_EDGE('',*,*,#286,.F.);
#286 = EDGE_CURVE('',#287,#259,#289,.T.);
#287 = VERTEX_POINT('',#288);
#288 = CARTESIAN_POINT('',(159.,0.,0.));
#289 = SURFACE_CURVE('',#290,(#295,#302),.PCURVE_S1.);
#290 = CIRCLE('',#291,9.);
#291 = AXIS2_PLACEMENT_3D('',#292,#293,#294);
#292 = CARTESIAN_POINT('',(159.,0.,-9.));
#293 = DIRECTION('',(0.,1.,0.));
#294 = DIRECTION('',(0.707106781187,-0.,0.707106781187));
#295 = PCURVE('',#66,#296);
#296 = DEFINITIONAL_REPRESENTATION('',(#297),#301);
#297 = CIRCLE('',#298,9.);
#298 = AXIS2_PLACEMENT_2D('',#299,#300);
#299 = CARTESIAN_POINT('',(75.,-21.));
#300 = DIRECTION('',(0.707106781187,-0.707106781187));
#301 = ( GEOMETRIC_REPRESENTATION_CONTEXT(2) 
PARAMETRIC_REPRESENTATION_CONTEXT() REPRESENTATION_CONTEXT('2D SPACE',''
  ) );
#302 = PCURVE('',#303,#308);
#303 = CYLINDRICAL_SURFACE('',#304,9.);
#304 = AXIS2_PLACEMENT_3D('',#305,#306,#307);
#305 = CARTESIAN_POINT('',(159.,0.,-9.));
#306 = DIRECTION('',(0.,1.,0.));
#307 = DIRECTION('',(0.707106781187,-0.,0.707106781187));
#308 = DEFINITIONAL_REPRESENTATION('',(#309),#313);
#309 = LINE('',#310,#311);
#310 = CARTESIAN_POINT('',(0.,0.));
#311 = VECTOR('',#312,1.);
#312 = DIRECTION('',(1.,0.));
#313 = ( GEOMETRIC_REPRESENTATION_CONTEXT(2) 
PARAMETRIC_REPRESENTATION_CONTEXT() REPRESENTATION_CONTEXT('2D SPACE',''
  ) );
#314 = ORIENTED_EDGE('',*,*,#315,.F.);
#315 = EDGE_CURVE('',#116,#287,#316,.T.);
#316 = SURFACE_CURVE('',#317,(#321,#328),.PCURVE_S1.);
#317 = LINE('',#318,#319);
#318 = CARTESIAN_POINT('',(0.,0.,0.));
#319 = VECTOR('',#320,1.);
#320 = DIRECTION('',(1.,0.,0.));
#321 = PCURVE('',#66,#322);
#322 = DEFINITIONAL_REPRESENTATION('',(#323),#327);
#323 = LINE('',#324,#325);
#324 = CARTESIAN_POINT('',(-84.,-30.));
#325 = VECTOR('',#326,1.);
#326 = DIRECTION('',(1.,0.));
#327 = ( GEOMETRIC_REPRESENTATION_CONTEXT(2) 
PARAMETRIC_REPRESENTATION_CONTEXT() REPRESENTATION_CONTEXT('2D SPACE',''
  ) );
#328 = PCURVE('',#329,#334);
#329 = PLANE('',#330);
#330 = AXIS2_PLACEMENT_3D('',#331,#332,#333);
#331 = CARTESIAN_POINT('',(0.,0.,0.));
#332 = DIRECTION('',(0.,0.,1.));
#333 = DIRECTION('',(1.,0.,-0.));
#334 = DEFINITIONAL_REPRESENTATION('',(#335),#339);
#335 = LINE('',#336,#337);
#336 = CARTESIAN_POINT('',(0.,0.));
#337 = VECTOR('',#338,1.);
#338 = DIRECTION('',(1.,0.));
#339 = ( GEOMETRIC_REPRESENTATION_CONTEXT(2) 
PARAMETRIC_REPRESENTATION_CONTEXT() REPRESENTATION_CONTEXT('2D SPACE',''
  ) );
#340 = FACE_BOUND('',#341,.T.);
#341 = EDGE_LOOP('',(#342));
#342 = ORIENTED_EDGE('',*,*,#51,.T.);
#343 = FACE_BOUND('',#344,.T.);
#344 = EDGE_LOOP('',(#345));
#345 = ORIENTED_EDGE('',*,*,#346,.T.);
#346 = EDGE_CURVE('',#347,#347,#349,.T.);
#347 = VERTEX_POINT('',#348);
#348 = CARTESIAN_POINT('',(22.5,0.,-30.));
#349 = SURFACE_CURVE('',#350,(#355,#362),.PCURVE_S1.);
#350 = CIRCLE('',#351,7.5);
#351 = AXIS2_PLACEMENT_3D('',#352,#353,#354);
#352 = CARTESIAN_POINT('',(15.,0.,-30.));
#353 = DIRECTION('',(0.,1.,0.));
#354 = DIRECTION('',(-1.,0.,0.));
#355 = PCURVE('',#66,#356);
#356 = DEFINITIONAL_REPRESENTATION('',(#357),#361);
#357 = CIRCLE('',#358,7.5);
#358 = AXIS2_PLACEMENT_2D('',#359,#360);
#359 = CARTESIAN_POINT('',(-69.,0.));
#360 = DIRECTION('',(-1.,0.));
#361 = ( GEOMETRIC_REPRESENTATION_CONTEXT(2) 
PARAMETRIC_REPRESENTATION_CONTEXT() REPRESENTATION_CONTEXT('2D SPACE',''
  ) );
#362 = PCURVE('',#363,#368);
#363 = CYLINDRICAL_SURFACE('',#364,7.5);
#364 = AXIS2_PLACEMENT_3D('',#365,#366,#367);
#365 = CARTESIAN_POINT('',(15.,15.,-30.));
#366 = DIRECTION('',(0.,-1.,0.));
#367 = DIRECTION('',(-1.,0.,0.));
#368 = DEFINITIONAL_REPRESENTATION('',(#369),#373);
#369 = LINE('',#370,#371);
#370 = CARTESIAN_POINT('',(12.566370614359,15.));
#371 = VECTOR('',#372,1.);
#372 = DIRECTION('',(-1.,0.));
#373 = ( GEOMETRIC_REPRESENTATION_CONTEXT(2) 
PARAMETRIC_REPRESENTATION_CONTEXT() REPRESENTATION_CONTEXT('2D SPACE',''
  ) );
#374 = FACE_BOUND('',#375,.T.);
#375 = EDGE_LOOP('',(#376,#406,#434,#462));
#376 = ORIENTED_EDGE('',*,*,#377,.T.);
#377 = EDGE_CURVE('',#378,#380,#382,.T.);
#378 = VERTEX_POINT('',#379);
#379 = CARTESIAN_POINT('',(46.5,0.,-12.00000017881));
#380 = VERTEX_POINT('',#381);
#381 = CARTESIAN_POINT('',(88.5,0.,-12.00000017881));
#382 = SURFACE_CURVE('',#383,(#387,#394),.PCURVE_S1.);
#383 = LINE('',#384,#385);
#384 = CARTESIAN_POINT('',(86.25,0.,-12.00000017881));
#385 = VECTOR('',#386,1.);
#386 = DIRECTION('',(1.,0.,0.));
#387 = PCURVE('',#66,#388);
#388 = DEFINITIONAL_REPRESENTATION('',(#389),#393);
#389 = LINE('',#390,#391);
#390 = CARTESIAN_POINT('',(2.25,-17.99999982119));
#391 = VECTOR('',#392,1.);
#392 = DIRECTION('',(1.,0.));
#393 = ( GEOMETRIC_REPRESENTATION_CONTEXT(2) 
PARAMETRIC_REPRESENTATION_CONTEXT() REPRESENTATION_CONTEXT('2D SPACE',''
  ) );
#394 = PCURVE('',#395,#400);
#395 = PLANE('',#396);
#396 = AXIS2_PLACEMENT_3D('',#397,#398,#399);
#397 = CARTESIAN_POINT('',(88.5,153.,-12.00000017881));
#398 = DIRECTION('',(0.,0.,1.));
#399 = DIRECTION('',(-1.,0.,0.));
#400 = DEFINITIONAL_REPRESENTATION('',(#401),#405);
#401 = LINE('',#402,#403);
#402 = CARTESIAN_POINT('',(2.25,153.));
#403 = VECTOR('',#404,1.);
#404 = DIRECTION('',(-1.,0.));
#405 = ( GEOMETRIC_REPRESENTATION_CONTEXT(2) 
PARAMETRIC_REPRESENTATION_CONTEXT() REPRESENTATION_CONTEXT('2D SPACE',''
  ) );
#406 = ORIENTED_EDGE('',*,*,#407,.T.);
#407 = EDGE_CURVE('',#380,#408,#410,.T.);
#408 = VERTEX_POINT('',#409);
#409 = CARTESIAN_POINT('',(88.5,0.,-30.));
#410 = SURFACE_CURVE('',#411,(#415,#422),.PCURVE_S1.);
#411 = LINE('',#412,#413);
#412 = CARTESIAN_POINT('',(88.5,0.,-30.));
#413 = VECTOR('',#414,1.);
#414 = DIRECTION('',(0.,0.,-1.));
#415 = PCURVE('',#66,#416);
#416 = DEFINITIONAL_REPRESENTATION('',(#417),#421);
#417 = LINE('',#418,#419);
#418 = CARTESIAN_POINT('',(4.5,0.));
#419 = VECTOR('',#420,1.);
#420 = DIRECTION('',(0.,1.));
#421 = ( GEOMETRIC_REPRESENTATION_CONTEXT(2) 
PARAMETRIC_REPRESENTATION_CONTEXT() REPRESENTATION_CONTEXT('2D SPACE',''
  ) );
#422 = PCURVE('',#423,#428);
#423 = PLANE('',#424);
#424 = AXIS2_PLACEMENT_3D('',#425,#426,#427);
#425 = CARTESIAN_POINT('',(88.5,153.,-30.));
#426 = DIRECTION('',(1.,0.,0.));
#427 = DIRECTION('',(0.,0.,1.));
#428 = DEFINITIONAL_REPRESENTATION('',(#429),#433);
#429 = LINE('',#430,#431);
#430 = CARTESIAN_POINT('',(0.,153.));
#431 = VECTOR('',#432,1.);
#432 = DIRECTION('',(-1.,0.));
#433 = ( GEOMETRIC_REPRESENTATION_CONTEXT(2) 
PARAMETRIC_REPRESENTATION_CONTEXT() REPRESENTATION_CONTEXT('2D SPACE',''
  ) );
#434 = ORIENTED_EDGE('',*,*,#435,.T.);
#435 = EDGE_CURVE('',#408,#436,#438,.T.);
#436 = VERTEX_POINT('',#437);
#437 = CARTESIAN_POINT('',(46.5,0.,-30.));
#438 = SURFACE_CURVE('',#439,(#443,#450),.PCURVE_S1.);
#439 = LINE('',#440,#441);
#440 = CARTESIAN_POINT('',(65.25,0.,-30.));
#441 = VECTOR('',#442,1.);
#442 = DIRECTION('',(-1.,0.,0.));
#443 = PCURVE('',#66,#444);
#444 = DEFINITIONAL_REPRESENTATION('',(#445),#449);
#445 = LINE('',#446,#447);
#446 = CARTESIAN_POINT('',(-18.75,0.));
#447 = VECTOR('',#448,1.);
#448 = DIRECTION('',(-1.,0.));
#449 = ( GEOMETRIC_REPRESENTATION_CONTEXT(2) 
PARAMETRIC_REPRESENTATION_CONTEXT() REPRESENTATION_CONTEXT('2D SPACE',''
  ) );
#450 = PCURVE('',#451,#456);
#451 = PLANE('',#452);
#452 = AXIS2_PLACEMENT_3D('',#453,#454,#455);
#453 = CARTESIAN_POINT('',(46.5,153.,-30.));
#454 = DIRECTION('',(0.,0.,-1.));
#455 = DIRECTION('',(1.,0.,0.));
#456 = DEFINITIONAL_REPRESENTATION('',(#457),#461);
#457 = LINE('',#458,#459);
#458 = CARTESIAN_POINT('',(18.75,153.));
#459 = VECTOR('',#460,1.);
#460 = DIRECTION('',(-1.,0.));
#461 = ( GEOMETRIC_REPRESENTATION_CONTEXT(2) 
PARAMETRIC_REPRESENTATION_CONTEXT() REPRESENTATION_CONTEXT('2D SPACE',''
  ) );
#462 = ORIENTED_EDGE('',*,*,#463,.T.);
#463 = EDGE_CURVE('',#436,#378,#464,.T.);
#464 = SURFACE_CURVE('',#465,(#469,#476),.PCURVE_S1.);
#465 = LINE('',#466,#467);
#466 = CARTESIAN_POINT('',(46.5,0.,-21.0000000894));
#467 = VECTOR('',#468,1.);
#468 = DIRECTION('',(0.,0.,1.));
#469 = PCURVE('',#66,#470);
#470 = DEFINITIONAL_REPRESENTATION('',(#471),#475);
#471 = LINE('',#472,#473);
#472 = CARTESIAN_POINT('',(-37.5,-8.9999999106));
#473 = VECTOR('',#474,1.);
#474 = DIRECTION('',(0.,-1.));
#475 = ( GEOMETRIC_REPRESENTATION_CONTEXT(2) 
PARAMETRIC_REPRESENTATION_CONTEXT() REPRESENTATION_CONTEXT('2D SPACE',''
  ) );
#476 = PCURVE('',#477,#482);
#477 = PLANE('',#478);
#478 = AXIS2_PLACEMENT_3D('',#479,#480,#481);
#479 = CARTESIAN_POINT('',(46.5,153.,-12.00000017881));
#480 = DIRECTION('',(-1.,0.,0.));
#481 = DIRECTION('',(0.,0.,-1.));
#482 = DEFINITIONAL_REPRESENTATION('',(#483),#487);
#483 = LINE('',#484,#485);
#484 = CARTESIAN_POINT('',(8.99999991059,153.));
#485 = VECTOR('',#486,1.);
#486 = DIRECTION('',(-1.,-0.));
#487 = ( GEOMETRIC_REPRESENTATION_CONTEXT(2) 
PARAMETRIC_REPRESENTATION_CONTEXT() REPRESENTATION_CONTEXT('2D SPACE',''
  ) );
#488 = ADVANCED_FACE('',(#489,#802,#805),#94,.T.);
#489 = FACE_BOUND('',#490,.T.);
#490 = EDGE_LOOP('',(#491,#521,#544,#572,#595,#623,#646,#674,#697,#725,
    #748,#776));
#491 = ORIENTED_EDGE('',*,*,#492,.F.);
#492 = EDGE_CURVE('',#493,#495,#497,.T.);
#493 = VERTEX_POINT('',#494);
#494 = CARTESIAN_POINT('',(134.5,15.,0.));
#495 = VERTEX_POINT('',#496);
#496 = CARTESIAN_POINT('',(134.5,15.,-42.));
#497 = SURFACE_CURVE('',#498,(#502,#509),.PCURVE_S1.);
#498 = LINE('',#499,#500);
#499 = CARTESIAN_POINT('',(134.5,15.,-15.));
#500 = VECTOR('',#501,1.);
#501 = DIRECTION('',(0.,0.,-1.));
#502 = PCURVE('',#94,#503);
#503 = DEFINITIONAL_REPRESENTATION('',(#504),#508);
#504 = LINE('',#505,#506);
#505 = CARTESIAN_POINT('',(15.,50.5));
#506 = VECTOR('',#507,1.);
#507 = DIRECTION('',(-1.,0.));
#508 = ( GEOMETRIC_REPRESENTATION_CONTEXT(2) 
PARAMETRIC_REPRESENTATION_CONTEXT() REPRESENTATION_CONTEXT('2D SPACE',''
  ) );
#509 = PCURVE('',#510,#515);
#510 = CYLINDRICAL_SURFACE('',#511,4.);
#511 = AXIS2_PLACEMENT_3D('',#512,#513,#514);
#512 = CARTESIAN_POINT('',(134.5,19.,-15.));
#513 = DIRECTION('',(0.,0.,1.));
#514 = DIRECTION('',(-0.707106781187,-0.707106781187,0.));
#515 = DEFINITIONAL_REPRESENTATION('',(#516),#520);
#516 = LINE('',#517,#518);
#517 = CARTESIAN_POINT('',(7.068583470577,0.));
#518 = VECTOR('',#519,1.);
#519 = DIRECTION('',(0.,-1.));
#520 = ( GEOMETRIC_REPRESENTATION_CONTEXT(2) 
PARAMETRIC_REPRESENTATION_CONTEXT() REPRESENTATION_CONTEXT('2D SPACE',''
  ) );
#521 = ORIENTED_EDGE('',*,*,#522,.T.);
#522 = EDGE_CURVE('',#493,#523,#525,.T.);
#523 = VERTEX_POINT('',#524);
#524 = CARTESIAN_POINT('',(159.,15.,0.));
#525 = SURFACE_CURVE('',#526,(#530,#537),.PCURVE_S1.);
#526 = LINE('',#527,#528);
#527 = CARTESIAN_POINT('',(0.,15.,0.));
#528 = VECTOR('',#529,1.);
#529 = DIRECTION('',(1.,0.,0.));
#530 = PCURVE('',#94,#531);
#531 = DEFINITIONAL_REPRESENTATION('',(#532),#536);
#532 = LINE('',#533,#534);
#533 = CARTESIAN_POINT('',(30.,-84.));
#534 = VECTOR('',#535,1.);
#535 = DIRECTION('',(0.,1.));
#536 = ( GEOMETRIC_REPRESENTATION_CONTEXT(2) 
PARAMETRIC_REPRESENTATION_CONTEXT() REPRESENTATION_CONTEXT('2D SPACE',''
  ) );
#537 = PCURVE('',#329,#538);
#538 = DEFINITIONAL_REPRESENTATION('',(#539),#543);
#539 = LINE('',#540,#541);
#540 = CARTESIAN_POINT('',(0.,15.));
#541 = VECTOR('',#542,1.);
#542 = DIRECTION('',(1.,0.));
#543 = ( GEOMETRIC_REPRESENTATION_CONTEXT(2) 
PARAMETRIC_REPRESENTATION_CONTEXT() REPRESENTATION_CONTEXT('2D SPACE',''
  ) );
#544 = ORIENTED_EDGE('',*,*,#545,.F.);
#545 = EDGE_CURVE('',#546,#523,#548,.T.);
#546 = VERTEX_POINT('',#547);
#547 = CARTESIAN_POINT('',(168.,15.,-9.));
#548 = SURFACE_CURVE('',#549,(#554,#565),.PCURVE_S1.);
#549 = CIRCLE('',#550,9.);
#550 = AXIS2_PLACEMENT_3D('',#551,#552,#553);
#551 = CARTESIAN_POINT('',(159.,15.,-9.));
#552 = DIRECTION('',(0.,-1.,0.));
#553 = DIRECTION('',(0.707106781187,0.,0.707106781187));
#554 = PCURVE('',#94,#555);
#555 = DEFINITIONAL_REPRESENTATION('',(#556),#564);
#556 = ( BOUNDED_CURVE() B_SPLINE_CURVE(2,(#557,#558,#559,#560,#561,#562
,#563),.UNSPECIFIED.,.T.,.F.) B_SPLINE_CURVE_WITH_KNOTS((1,2,2,2,2,1),(
    -2.094395102393,0.,2.094395102393,4.188790204786,6.28318530718,
8.377580409573),.UNSPECIFIED.) CURVE() GEOMETRIC_REPRESENTATION_ITEM() 
RATIONAL_B_SPLINE_CURVE((1.,0.5,1.,0.5,1.,0.5,1.)) REPRESENTATION_ITEM(
  '') );
#557 = CARTESIAN_POINT('',(27.363961030679,81.363961030679));
#558 = CARTESIAN_POINT('',(38.386664873203,70.341257188155));
#559 = CARTESIAN_POINT('',(23.329371405923,66.306667563398));
#560 = CARTESIAN_POINT('',(8.272077938642,62.272077938642));
#561 = CARTESIAN_POINT('',(12.306667563398,77.329371405923));
#562 = CARTESIAN_POINT('',(16.341257188155,92.386664873203));
#563 = CARTESIAN_POINT('',(27.363961030679,81.363961030679));
#564 = ( GEOMETRIC_REPRESENTATION_CONTEXT(2) 
PARAMETRIC_REPRESENTATION_CONTEXT() REPRESENTATION_CONTEXT('2D SPACE',''
  ) );
#565 = PCURVE('',#303,#566);
#566 = DEFINITIONAL_REPRESENTATION('',(#567),#571);
#567 = LINE('',#568,#569);
#568 = CARTESIAN_POINT('',(12.566370614359,15.));
#569 = VECTOR('',#570,1.);
#570 = DIRECTION('',(-1.,0.));
#571 = ( GEOMETRIC_REPRESENTATION_CONTEXT(2) 
PARAMETRIC_REPRESENTATION_CONTEXT() REPRESENTATION_CONTEXT('2D SPACE',''
  ) );
#572 = ORIENTED_EDGE('',*,*,#573,.T.);
#573 = EDGE_CURVE('',#546,#574,#576,.T.);
#574 = VERTEX_POINT('',#575);
#575 = CARTESIAN_POINT('',(168.,15.,-51.));
#576 = SURFACE_CURVE('',#577,(#581,#588),.PCURVE_S1.);
#577 = LINE('',#578,#579);
#578 = CARTESIAN_POINT('',(168.,15.,0.));
#579 = VECTOR('',#580,1.);
#580 = DIRECTION('',(0.,0.,-1.));
#581 = PCURVE('',#94,#582);
#582 = DEFINITIONAL_REPRESENTATION('',(#583),#587);
#583 = LINE('',#584,#585);
#584 = CARTESIAN_POINT('',(30.,84.));
#585 = VECTOR('',#586,1.);
#586 = DIRECTION('',(-1.,0.));
#587 = ( GEOMETRIC_REPRESENTATION_CONTEXT(2) 
PARAMETRIC_REPRESENTATION_CONTEXT() REPRESENTATION_CONTEXT('2D SPACE',''
  ) );
#588 = PCURVE('',#274,#589);
#589 = DEFINITIONAL_REPRESENTATION('',(#590),#594);
#590 = LINE('',#591,#592);
#591 = CARTESIAN_POINT('',(0.,15.));
#592 = VECTOR('',#593,1.);
#593 = DIRECTION('',(1.,0.));
#594 = ( GEOMETRIC_REPRESENTATION_CONTEXT(2) 
PARAMETRIC_REPRESENTATION_CONTEXT() REPRESENTATION_CONTEXT('2D SPACE',''
  ) );
#595 = ORIENTED_EDGE('',*,*,#596,.F.);
#596 = EDGE_CURVE('',#597,#574,#599,.T.);
#597 = VERTEX_POINT('',#598);
#598 = CARTESIAN_POINT('',(159.,15.,-60.));
#599 = SURFACE_CURVE('',#600,(#605,#616),.PCURVE_S1.);
#600 = CIRCLE('',#601,9.);
#601 = AXIS2_PLACEMENT_3D('',#602,#603,#604);
#602 = CARTESIAN_POINT('',(159.,15.,-51.));
#603 = DIRECTION('',(0.,-1.,0.));
#604 = DIRECTION('',(0.707106781187,0.,-0.707106781187));
#605 = PCURVE('',#94,#606);
#606 = DEFINITIONAL_REPRESENTATION('',(#607),#615);
#607 = ( BOUNDED_CURVE() B_SPLINE_CURVE(2,(#608,#609,#610,#611,#612,#613
,#614),.UNSPECIFIED.,.T.,.F.) B_SPLINE_CURVE_WITH_KNOTS((1,2,2,2,2,1),(
    -2.094395102393,0.,2.094395102393,4.188790204786,6.28318530718,
8.377580409573),.UNSPECIFIED.) CURVE() GEOMETRIC_REPRESENTATION_ITEM() 
RATIONAL_B_SPLINE_CURVE((1.,0.5,1.,0.5,1.,0.5,1.)) REPRESENTATION_ITEM(
  '') );
#608 = CARTESIAN_POINT('',(-27.36396103067,81.363961030679));
#609 = CARTESIAN_POINT('',(-16.34125718815,92.386664873203));
#610 = CARTESIAN_POINT('',(-12.30666756339,77.329371405923));
#611 = CARTESIAN_POINT('',(-8.272077938642,62.272077938642));
#612 = CARTESIAN_POINT('',(-23.32937140592,66.306667563398));
#613 = CARTESIAN_POINT('',(-38.3866648732,70.341257188155));
#614 = CARTESIAN_POINT('',(-27.36396103067,81.363961030679));
#615 = ( GEOMETRIC_REPRESENTATION_CONTEXT(2) 
PARAMETRIC_REPRESENTATION_CONTEXT() REPRESENTATION_CONTEXT('2D SPACE',''
  ) );
#616 = PCURVE('',#246,#617);
#617 = DEFINITIONAL_REPRESENTATION('',(#618),#622);
#618 = LINE('',#619,#620);
#619 = CARTESIAN_POINT('',(6.28318530718,15.));
#620 = VECTOR('',#621,1.);
#621 = DIRECTION('',(-1.,0.));
#622 = ( GEOMETRIC_REPRESENTATION_CONTEXT(2) 
PARAMETRIC_REPRESENTATION_CONTEXT() REPRESENTATION_CONTEXT('2D SPACE',''
  ) );
#623 = ORIENTED_EDGE('',*,*,#624,.T.);
#624 = EDGE_CURVE('',#597,#625,#627,.T.);
#625 = VERTEX_POINT('',#626);
#626 = CARTESIAN_POINT('',(9.,15.,-60.));
#627 = SURFACE_CURVE('',#628,(#632,#639),.PCURVE_S1.);
#628 = LINE('',#629,#630);
#629 = CARTESIAN_POINT('',(168.,15.,-60.));
#630 = VECTOR('',#631,1.);
#631 = DIRECTION('',(-1.,0.,0.));
#632 = PCURVE('',#94,#633);
#633 = DEFINITIONAL_REPRESENTATION('',(#634),#638);
#634 = LINE('',#635,#636);
#635 = CARTESIAN_POINT('',(-30.,84.));
#636 = VECTOR('',#637,1.);
#637 = DIRECTION('',(0.,-1.));
#638 = ( GEOMETRIC_REPRESENTATION_CONTEXT(2) 
PARAMETRIC_REPRESENTATION_CONTEXT() REPRESENTATION_CONTEXT('2D SPACE',''
  ) );
#639 = PCURVE('',#217,#640);
#640 = DEFINITIONAL_REPRESENTATION('',(#641),#645);
#641 = LINE('',#642,#643);
#642 = CARTESIAN_POINT('',(0.,15.));
#643 = VECTOR('',#644,1.);
#644 = DIRECTION('',(1.,0.));
#645 = ( GEOMETRIC_REPRESENTATION_CONTEXT(2) 
PARAMETRIC_REPRESENTATION_CONTEXT() REPRESENTATION_CONTEXT('2D SPACE',''
  ) );
#646 = ORIENTED_EDGE('',*,*,#647,.F.);
#647 = EDGE_CURVE('',#648,#625,#650,.T.);
#648 = VERTEX_POINT('',#649);
#649 = CARTESIAN_POINT('',(0.,15.,-51.));
#650 = SURFACE_CURVE('',#651,(#656,#667),.PCURVE_S1.);
#651 = CIRCLE('',#652,9.);
#652 = AXIS2_PLACEMENT_3D('',#653,#654,#655);
#653 = CARTESIAN_POINT('',(9.,15.,-51.));
#654 = DIRECTION('',(0.,-1.,0.));
#655 = DIRECTION('',(-0.707106781187,-0.,-0.707106781187));
#656 = PCURVE('',#94,#657);
#657 = DEFINITIONAL_REPRESENTATION('',(#658),#666);
#658 = ( BOUNDED_CURVE() B_SPLINE_CURVE(2,(#659,#660,#661,#662,#663,#664
,#665),.UNSPECIFIED.,.T.,.F.) B_SPLINE_CURVE_WITH_KNOTS((1,2,2,2,2,1),(
    -2.094395102393,0.,2.094395102393,4.188790204786,6.28318530718,
8.377580409573),.UNSPECIFIED.) CURVE() GEOMETRIC_REPRESENTATION_ITEM() 
RATIONAL_B_SPLINE_CURVE((1.,0.5,1.,0.5,1.,0.5,1.)) REPRESENTATION_ITEM(
  '') );
#659 = CARTESIAN_POINT('',(-27.36396103067,-81.36396103067));
#660 = CARTESIAN_POINT('',(-38.3866648732,-70.34125718815));
#661 = CARTESIAN_POINT('',(-23.32937140592,-66.30666756339));
#662 = CARTESIAN_POINT('',(-8.272077938642,-62.27207793864));
#663 = CARTESIAN_POINT('',(-12.30666756339,-77.32937140592));
#664 = CARTESIAN_POINT('',(-16.34125718815,-92.3866648732));
#665 = CARTESIAN_POINT('',(-27.36396103067,-81.36396103067));
#666 = ( GEOMETRIC_REPRESENTATION_CONTEXT(2) 
PARAMETRIC_REPRESENTATION_CONTEXT() REPRESENTATION_CONTEXT('2D SPACE',''
  ) );
#667 = PCURVE('',#189,#668);
#668 = DEFINITIONAL_REPRESENTATION('',(#669),#673);
#669 = LINE('',#670,#671);
#670 = CARTESIAN_POINT('',(6.28318530718,15.));
#671 = VECTOR('',#672,1.);
#672 = DIRECTION('',(-1.,0.));
#673 = ( GEOMETRIC_REPRESENTATION_CONTEXT(2) 
PARAMETRIC_REPRESENTATION_CONTEXT() REPRESENTATION_CONTEXT('2D SPACE',''
  ) );
#674 = ORIENTED_EDGE('',*,*,#675,.T.);
#675 = EDGE_CURVE('',#648,#676,#678,.T.);
#676 = VERTEX_POINT('',#677);
#677 = CARTESIAN_POINT('',(0.,15.,-9.));
#678 = SURFACE_CURVE('',#679,(#683,#690),.PCURVE_S1.);
#679 = LINE('',#680,#681);
#680 = CARTESIAN_POINT('',(0.,15.,-60.));
#681 = VECTOR('',#682,1.);
#682 = DIRECTION('',(0.,0.,1.));
#683 = PCURVE('',#94,#684);
#684 = DEFINITIONAL_REPRESENTATION('',(#685),#689);
#685 = LINE('',#686,#687);
#686 = CARTESIAN_POINT('',(-30.,-84.));
#687 = VECTOR('',#688,1.);
#688 = DIRECTION('',(1.,0.));
#689 = ( GEOMETRIC_REPRESENTATION_CONTEXT(2) 
PARAMETRIC_REPRESENTATION_CONTEXT() REPRESENTATION_CONTEXT('2D SPACE',''
  ) );
#690 = PCURVE('',#160,#691);
#691 = DEFINITIONAL_REPRESENTATION('',(#692),#696);
#692 = LINE('',#693,#694);
#693 = CARTESIAN_POINT('',(0.,15.));
#694 = VECTOR('',#695,1.);
#695 = DIRECTION('',(1.,0.));
#696 = ( GEOMETRIC_REPRESENTATION_CONTEXT(2) 
PARAMETRIC_REPRESENTATION_CONTEXT() REPRESENTATION_CONTEXT('2D SPACE',''
  ) );
#697 = ORIENTED_EDGE('',*,*,#698,.F.);
#698 = EDGE_CURVE('',#699,#676,#701,.T.);
#699 = VERTEX_POINT('',#700);
#700 = CARTESIAN_POINT('',(9.,15.,0.));
#701 = SURFACE_CURVE('',#702,(#707,#718),.PCURVE_S1.);
#702 = CIRCLE('',#703,9.);
#703 = AXIS2_PLACEMENT_3D('',#704,#705,#706);
#704 = CARTESIAN_POINT('',(9.,15.,-9.));
#705 = DIRECTION('',(0.,-1.,0.));
#706 = DIRECTION('',(-0.707106781187,0.,0.707106781187));
#707 = PCURVE('',#94,#708);
#708 = DEFINITIONAL_REPRESENTATION('',(#709),#717);
#709 = ( BOUNDED_CURVE() B_SPLINE_CURVE(2,(#710,#711,#712,#713,#714,#715
,#716),.UNSPECIFIED.,.T.,.F.) B_SPLINE_CURVE_WITH_KNOTS((1,2,2,2,2,1),(
    -2.094395102393,0.,2.094395102393,4.188790204786,6.28318530718,
8.377580409573),.UNSPECIFIED.) CURVE() GEOMETRIC_REPRESENTATION_ITEM() 
RATIONAL_B_SPLINE_CURVE((1.,0.5,1.,0.5,1.,0.5,1.)) REPRESENTATION_ITEM(
  '') );
#710 = CARTESIAN_POINT('',(27.363961030679,-81.36396103067));
#711 = CARTESIAN_POINT('',(16.341257188155,-92.3866648732));
#712 = CARTESIAN_POINT('',(12.306667563398,-77.32937140592));
#713 = CARTESIAN_POINT('',(8.272077938642,-62.27207793864));
#714 = CARTESIAN_POINT('',(23.329371405923,-66.30666756339));
#715 = CARTESIAN_POINT('',(38.386664873203,-70.34125718815));
#716 = CARTESIAN_POINT('',(27.363961030679,-81.36396103067));
#717 = ( GEOMETRIC_REPRESENTATION_CONTEXT(2) 
PARAMETRIC_REPRESENTATION_CONTEXT() REPRESENTATION_CONTEXT('2D SPACE',''
  ) );
#718 = PCURVE('',#132,#719);
#719 = DEFINITIONAL_REPRESENTATION('',(#720),#724);
#720 = LINE('',#721,#722);
#721 = CARTESIAN_POINT('',(6.28318530718,15.));
#722 = VECTOR('',#723,1.);
#723 = DIRECTION('',(-1.,0.));
#724 = ( GEOMETRIC_REPRESENTATION_CONTEXT(2) 
PARAMETRIC_REPRESENTATION_CONTEXT() REPRESENTATION_CONTEXT('2D SPACE',''
  ) );
#725 = ORIENTED_EDGE('',*,*,#726,.T.);
#726 = EDGE_CURVE('',#699,#727,#729,.T.);
#727 = VERTEX_POINT('',#728);
#728 = CARTESIAN_POINT('',(28.5,15.,0.));
#729 = SURFACE_CURVE('',#730,(#734,#741),.PCURVE_S1.);
#730 = LINE('',#731,#732);
#731 = CARTESIAN_POINT('',(0.,15.,0.));
#732 = VECTOR('',#733,1.);
#733 = DIRECTION('',(1.,0.,0.));
#734 = PCURVE('',#94,#735);
#735 = DEFINITIONAL_REPRESENTATION('',(#736),#740);
#736 = LINE('',#737,#738);
#737 = CARTESIAN_POINT('',(30.,-84.));
#738 = VECTOR('',#739,1.);
#739 = DIRECTION('',(0.,1.));
#740 = ( GEOMETRIC_REPRESENTATION_CONTEXT(2) 
PARAMETRIC_REPRESENTATION_CONTEXT() REPRESENTATION_CONTEXT('2D SPACE',''
  ) );
#741 = PCURVE('',#329,#742);
#742 = DEFINITIONAL_REPRESENTATION('',(#743),#747);
#743 = LINE('',#744,#745);
#744 = CARTESIAN_POINT('',(0.,15.));
#745 = VECTOR('',#746,1.);
#746 = DIRECTION('',(1.,0.));
#747 = ( GEOMETRIC_REPRESENTATION_CONTEXT(2) 
PARAMETRIC_REPRESENTATION_CONTEXT() REPRESENTATION_CONTEXT('2D SPACE',''
  ) );
#748 = ORIENTED_EDGE('',*,*,#749,.F.);
#749 = EDGE_CURVE('',#750,#727,#752,.T.);
#750 = VERTEX_POINT('',#751);
#751 = CARTESIAN_POINT('',(28.5,15.,-42.));
#752 = SURFACE_CURVE('',#753,(#757,#764),.PCURVE_S1.);
#753 = LINE('',#754,#755);
#754 = CARTESIAN_POINT('',(28.5,15.,-36.));
#755 = VECTOR('',#756,1.);
#756 = DIRECTION('',(-1.057355261548E-16,0.,1.));
#757 = PCURVE('',#94,#758);
#758 = DEFINITIONAL_REPRESENTATION('',(#759),#763);
#759 = LINE('',#760,#761);
#760 = CARTESIAN_POINT('',(-6.,-55.5));
#761 = VECTOR('',#762,1.);
#762 = DIRECTION('',(1.,-1.057355261548E-16));
#763 = ( GEOMETRIC_REPRESENTATION_CONTEXT(2) 
PARAMETRIC_REPRESENTATION_CONTEXT() REPRESENTATION_CONTEXT('2D SPACE',''
  ) );
#764 = PCURVE('',#765,#770);
#765 = CYLINDRICAL_SURFACE('',#766,9.);
#766 = AXIS2_PLACEMENT_3D('',#767,#768,#769);
#767 = CARTESIAN_POINT('',(28.5,24.,-36.));
#768 = DIRECTION('',(1.057355261548E-16,0.,-1.));
#769 = DIRECTION('',(0.707106781187,-0.707106781187,7.476630755639E-17)
  );
#770 = DEFINITIONAL_REPRESENTATION('',(#771),#775);
#771 = LINE('',#772,#773);
#772 = CARTESIAN_POINT('',(7.068583470577,0.));
#773 = VECTOR('',#774,1.);
#774 = DIRECTION('',(0.,-1.));
#775 = ( GEOMETRIC_REPRESENTATION_CONTEXT(2) 
PARAMETRIC_REPRESENTATION_CONTEXT() REPRESENTATION_CONTEXT('2D SPACE',''
  ) );
#776 = ORIENTED_EDGE('',*,*,#777,.T.);
#777 = EDGE_CURVE('',#750,#495,#778,.T.);
#778 = SURFACE_CURVE('',#779,(#783,#790),.PCURVE_S1.);
#779 = LINE('',#780,#781);
#780 = CARTESIAN_POINT('',(107.25,15.,-42.));
#781 = VECTOR('',#782,1.);
#782 = DIRECTION('',(1.,0.,0.));
#783 = PCURVE('',#94,#784);
#784 = DEFINITIONAL_REPRESENTATION('',(#785),#789);
#785 = LINE('',#786,#787);
#786 = CARTESIAN_POINT('',(-12.,23.25));
#787 = VECTOR('',#788,1.);
#788 = DIRECTION('',(0.,1.));
#789 = ( GEOMETRIC_REPRESENTATION_CONTEXT(2) 
PARAMETRIC_REPRESENTATION_CONTEXT() REPRESENTATION_CONTEXT('2D SPACE',''
  ) );
#790 = PCURVE('',#791,#796);
#791 = PLANE('',#792);
#792 = AXIS2_PLACEMENT_3D('',#793,#794,#795);
#793 = CARTESIAN_POINT('',(130.5,15.,-42.));
#794 = DIRECTION('',(0.,0.,-1.));
#795 = DIRECTION('',(-1.,0.,0.));
#796 = DEFINITIONAL_REPRESENTATION('',(#797),#801);
#797 = LINE('',#798,#799);
#798 = CARTESIAN_POINT('',(23.25,0.));
#799 = VECTOR('',#800,1.);
#800 = DIRECTION('',(-1.,0.));
#801 = ( GEOMETRIC_REPRESENTATION_CONTEXT(2) 
PARAMETRIC_REPRESENTATION_CONTEXT() REPRESENTATION_CONTEXT('2D SPACE',''
  ) );
#802 = FACE_BOUND('',#803,.T.);
#803 = EDGE_LOOP('',(#804));
#804 = ORIENTED_EDGE('',*,*,#79,.T.);
#805 = FACE_BOUND('',#806,.T.);
#806 = EDGE_LOOP('',(#807));
#807 = ORIENTED_EDGE('',*,*,#808,.T.);
#808 = EDGE_CURVE('',#809,#809,#811,.T.);
#809 = VERTEX_POINT('',#810);
#810 = CARTESIAN_POINT('',(22.5,15.,-30.));
#811 = SURFACE_CURVE('',#812,(#817,#828),.PCURVE_S1.);
#812 = CIRCLE('',#813,7.5);
#813 = AXIS2_PLACEMENT_3D('',#814,#815,#816);
#814 = CARTESIAN_POINT('',(15.,15.,-30.));
#815 = DIRECTION('',(0.,-1.,0.));
#816 = DIRECTION('',(-1.,0.,0.));
#817 = PCURVE('',#94,#818);
#818 = DEFINITIONAL_REPRESENTATION('',(#819),#827);
#819 = ( BOUNDED_CURVE() B_SPLINE_CURVE(2,(#820,#821,#822,#823,#824,#825
,#826),.UNSPECIFIED.,.T.,.F.) B_SPLINE_CURVE_WITH_KNOTS((1,2,2,2,2,1),(
    -2.094395102393,0.,2.094395102393,4.188790204786,6.28318530718,
8.377580409573),.UNSPECIFIED.) CURVE() GEOMETRIC_REPRESENTATION_ITEM() 
RATIONAL_B_SPLINE_CURVE((1.,0.5,1.,0.5,1.,0.5,1.)) REPRESENTATION_ITEM(
  '') );
#820 = CARTESIAN_POINT('',(0.,-76.5));
#821 = CARTESIAN_POINT('',(-12.99038105676,-76.5));
#822 = CARTESIAN_POINT('',(-6.495190528383,-65.25));
#823 = CARTESIAN_POINT('',(-1.836970198721E-15,-54.));
#824 = CARTESIAN_POINT('',(6.495190528383,-65.25));
#825 = CARTESIAN_POINT('',(12.990381056767,-76.5));
#826 = CARTESIAN_POINT('',(0.,-76.5));
#827 = ( GEOMETRIC_REPRESENTATION_CONTEXT(2) 
PARAMETRIC_REPRESENTATION_CONTEXT() REPRESENTATION_CONTEXT('2D SPACE',''
  ) );
#828 = PCURVE('',#363,#829);
#829 = DEFINITIONAL_REPRESENTATION('',(#830),#834);
#830 = LINE('',#831,#832);
#831 = CARTESIAN_POINT('',(0.,0.));
#832 = VECTOR('',#833,1.);
#833 = DIRECTION('',(1.,0.));
#834 = ( GEOMETRIC_REPRESENTATION_CONTEXT(2) 
PARAMETRIC_REPRESENTATION_CONTEXT() REPRESENTATION_CONTEXT('2D SPACE',''
  ) );
#835 = ADVANCED_FACE('',(#836),#132,.T.);
#836 = FACE_BOUND('',#837,.T.);
#837 = EDGE_LOOP('',(#838,#839,#860,#861));
#838 = ORIENTED_EDGE('',*,*,#698,.T.);
#839 = ORIENTED_EDGE('',*,*,#840,.T.);
#840 = EDGE_CURVE('',#676,#114,#841,.T.);
#841 = SURFACE_CURVE('',#842,(#846,#853),.PCURVE_S1.);
#842 = LINE('',#843,#844);
#843 = CARTESIAN_POINT('',(0.,0.,-9.));
#844 = VECTOR('',#845,1.);
#845 = DIRECTION('',(0.,-1.,0.));
#846 = PCURVE('',#132,#847);
#847 = DEFINITIONAL_REPRESENTATION('',(#848),#852);
#848 = LINE('',#849,#850);
#849 = CARTESIAN_POINT('',(-0.785398163397,0.));
#850 = VECTOR('',#851,1.);
#851 = DIRECTION('',(0.,-1.));
#852 = ( GEOMETRIC_REPRESENTATION_CONTEXT(2) 
PARAMETRIC_REPRESENTATION_CONTEXT() REPRESENTATION_CONTEXT('2D SPACE',''
  ) );
#853 = PCURVE('',#160,#854);
#854 = DEFINITIONAL_REPRESENTATION('',(#855),#859);
#855 = LINE('',#856,#857);
#856 = CARTESIAN_POINT('',(51.,0.));
#857 = VECTOR('',#858,1.);
#858 = DIRECTION('',(0.,-1.));
#859 = ( GEOMETRIC_REPRESENTATION_CONTEXT(2) 
PARAMETRIC_REPRESENTATION_CONTEXT() REPRESENTATION_CONTEXT('2D SPACE',''
  ) );
#860 = ORIENTED_EDGE('',*,*,#113,.T.);
#861 = ORIENTED_EDGE('',*,*,#862,.T.);
#862 = EDGE_CURVE('',#116,#699,#863,.T.);
#863 = SURFACE_CURVE('',#864,(#868,#875),.PCURVE_S1.);
#864 = LINE('',#865,#866);
#865 = CARTESIAN_POINT('',(9.,0.,0.));
#866 = VECTOR('',#867,1.);
#867 = DIRECTION('',(0.,1.,0.));
#868 = PCURVE('',#132,#869);
#869 = DEFINITIONAL_REPRESENTATION('',(#870),#874);
#870 = LINE('',#871,#872);
#871 = CARTESIAN_POINT('',(0.785398163397,0.));
#872 = VECTOR('',#873,1.);
#873 = DIRECTION('',(0.,1.));
#874 = ( GEOMETRIC_REPRESENTATION_CONTEXT(2) 
PARAMETRIC_REPRESENTATION_CONTEXT() REPRESENTATION_CONTEXT('2D SPACE',''
  ) );
#875 = PCURVE('',#329,#876);
#876 = DEFINITIONAL_REPRESENTATION('',(#877),#881);
#877 = LINE('',#878,#879);
#878 = CARTESIAN_POINT('',(9.,0.));
#879 = VECTOR('',#880,1.);
#880 = DIRECTION('',(0.,1.));
#881 = ( GEOMETRIC_REPRESENTATION_CONTEXT(2) 
PARAMETRIC_REPRESENTATION_CONTEXT() REPRESENTATION_CONTEXT('2D SPACE',''
  ) );
#882 = ADVANCED_FACE('',(#883),#160,.T.);
#883 = FACE_BOUND('',#884,.T.);
#884 = EDGE_LOOP('',(#885,#886,#887,#908));
#885 = ORIENTED_EDGE('',*,*,#840,.F.);
#886 = ORIENTED_EDGE('',*,*,#675,.F.);
#887 = ORIENTED_EDGE('',*,*,#888,.F.);
#888 = EDGE_CURVE('',#145,#648,#889,.T.);
#889 = SURFACE_CURVE('',#890,(#894,#901),.PCURVE_S1.);
#890 = LINE('',#891,#892);
#891 = CARTESIAN_POINT('',(0.,0.,-51.));
#892 = VECTOR('',#893,1.);
#893 = DIRECTION('',(0.,1.,0.));
#894 = PCURVE('',#160,#895);
#895 = DEFINITIONAL_REPRESENTATION('',(#896),#900);
#896 = LINE('',#897,#898);
#897 = CARTESIAN_POINT('',(9.,0.));
#898 = VECTOR('',#899,1.);
#899 = DIRECTION('',(0.,1.));
#900 = ( GEOMETRIC_REPRESENTATION_CONTEXT(2) 
PARAMETRIC_REPRESENTATION_CONTEXT() REPRESENTATION_CONTEXT('2D SPACE',''
  ) );
#901 = PCURVE('',#189,#902);
#902 = DEFINITIONAL_REPRESENTATION('',(#903),#907);
#903 = LINE('',#904,#905);
#904 = CARTESIAN_POINT('',(0.785398163397,0.));
#905 = VECTOR('',#906,1.);
#906 = DIRECTION('',(0.,1.));
#907 = ( GEOMETRIC_REPRESENTATION_CONTEXT(2) 
PARAMETRIC_REPRESENTATION_CONTEXT() REPRESENTATION_CONTEXT('2D SPACE',''
  ) );
#908 = ORIENTED_EDGE('',*,*,#144,.T.);
#909 = ADVANCED_FACE('',(#910),#189,.T.);
#910 = FACE_BOUND('',#911,.T.);
#911 = EDGE_LOOP('',(#912,#913,#934,#935));
#912 = ORIENTED_EDGE('',*,*,#647,.T.);
#913 = ORIENTED_EDGE('',*,*,#914,.T.);
#914 = EDGE_CURVE('',#625,#173,#915,.T.);
#915 = SURFACE_CURVE('',#916,(#920,#927),.PCURVE_S1.);
#916 = LINE('',#917,#918);
#917 = CARTESIAN_POINT('',(9.,0.,-60.));
#918 = VECTOR('',#919,1.);
#919 = DIRECTION('',(0.,-1.,0.));
#920 = PCURVE('',#189,#921);
#921 = DEFINITIONAL_REPRESENTATION('',(#922),#926);
#922 = LINE('',#923,#924);
#923 = CARTESIAN_POINT('',(-0.785398163397,0.));
#924 = VECTOR('',#925,1.);
#925 = DIRECTION('',(0.,-1.));
#926 = ( GEOMETRIC_REPRESENTATION_CONTEXT(2) 
PARAMETRIC_REPRESENTATION_CONTEXT() REPRESENTATION_CONTEXT('2D SPACE',''
  ) );
#927 = PCURVE('',#217,#928);
#928 = DEFINITIONAL_REPRESENTATION('',(#929),#933);
#929 = LINE('',#930,#931);
#930 = CARTESIAN_POINT('',(159.,0.));
#931 = VECTOR('',#932,1.);
#932 = DIRECTION('',(0.,-1.));
#933 = ( GEOMETRIC_REPRESENTATION_CONTEXT(2) 
PARAMETRIC_REPRESENTATION_CONTEXT() REPRESENTATION_CONTEXT('2D SPACE',''
  ) );
#934 = ORIENTED_EDGE('',*,*,#172,.T.);
#935 = ORIENTED_EDGE('',*,*,#888,.T.);
#936 = ADVANCED_FACE('',(#937),#217,.T.);
#937 = FACE_BOUND('',#938,.T.);
#938 = EDGE_LOOP('',(#939,#940,#941,#962));
#939 = ORIENTED_EDGE('',*,*,#914,.F.);
#940 = ORIENTED_EDGE('',*,*,#624,.F.);
#941 = ORIENTED_EDGE('',*,*,#942,.F.);
#942 = EDGE_CURVE('',#202,#597,#943,.T.);
#943 = SURFACE_CURVE('',#944,(#948,#955),.PCURVE_S1.);
#944 = LINE('',#945,#946);
#945 = CARTESIAN_POINT('',(159.,0.,-60.));
#946 = VECTOR('',#947,1.);
#947 = DIRECTION('',(0.,1.,0.));
#948 = PCURVE('',#217,#949);
#949 = DEFINITIONAL_REPRESENTATION('',(#950),#954);
#950 = LINE('',#951,#952);
#951 = CARTESIAN_POINT('',(9.,0.));
#952 = VECTOR('',#953,1.);
#953 = DIRECTION('',(0.,1.));
#954 = ( GEOMETRIC_REPRESENTATION_CONTEXT(2) 
PARAMETRIC_REPRESENTATION_CONTEXT() REPRESENTATION_CONTEXT('2D SPACE',''
  ) );
#955 = PCURVE('',#246,#956);
#956 = DEFINITIONAL_REPRESENTATION('',(#957),#961);
#957 = LINE('',#958,#959);
#958 = CARTESIAN_POINT('',(0.785398163397,0.));
#959 = VECTOR('',#960,1.);
#960 = DIRECTION('',(0.,1.));
#961 = ( GEOMETRIC_REPRESENTATION_CONTEXT(2) 
PARAMETRIC_REPRESENTATION_CONTEXT() REPRESENTATION_CONTEXT('2D SPACE',''
  ) );
#962 = ORIENTED_EDGE('',*,*,#201,.T.);
#963 = ADVANCED_FACE('',(#964),#246,.T.);
#964 = FACE_BOUND('',#965,.T.);
#965 = EDGE_LOOP('',(#966,#967,#988,#989));
#966 = ORIENTED_EDGE('',*,*,#596,.T.);
#967 = ORIENTED_EDGE('',*,*,#968,.T.);
#968 = EDGE_CURVE('',#574,#230,#969,.T.);
#969 = SURFACE_CURVE('',#970,(#974,#981),.PCURVE_S1.);
#970 = LINE('',#971,#972);
#971 = CARTESIAN_POINT('',(168.,0.,-51.));
#972 = VECTOR('',#973,1.);
#973 = DIRECTION('',(0.,-1.,0.));
#974 = PCURVE('',#246,#975);
#975 = DEFINITIONAL_REPRESENTATION('',(#976),#980);
#976 = LINE('',#977,#978);
#977 = CARTESIAN_POINT('',(-0.785398163397,0.));
#978 = VECTOR('',#979,1.);
#979 = DIRECTION('',(0.,-1.));
#980 = ( GEOMETRIC_REPRESENTATION_CONTEXT(2) 
PARAMETRIC_REPRESENTATION_CONTEXT() REPRESENTATION_CONTEXT('2D SPACE',''
  ) );
#981 = PCURVE('',#274,#982);
#982 = DEFINITIONAL_REPRESENTATION('',(#983),#987);
#983 = LINE('',#984,#985);
#984 = CARTESIAN_POINT('',(51.,0.));
#985 = VECTOR('',#986,1.);
#986 = DIRECTION('',(0.,-1.));
#987 = ( GEOMETRIC_REPRESENTATION_CONTEXT(2) 
PARAMETRIC_REPRESENTATION_CONTEXT() REPRESENTATION_CONTEXT('2D SPACE',''
  ) );
#988 = ORIENTED_EDGE('',*,*,#229,.T.);
#989 = ORIENTED_EDGE('',*,*,#942,.T.);
#990 = ADVANCED_FACE('',(#991),#274,.T.);
#991 = FACE_BOUND('',#992,.T.);
#992 = EDGE_LOOP('',(#993,#994,#995,#1016));
#993 = ORIENTED_EDGE('',*,*,#968,.F.);
#994 = ORIENTED_EDGE('',*,*,#573,.F.);
#995 = ORIENTED_EDGE('',*,*,#996,.F.);
#996 = EDGE_CURVE('',#259,#546,#997,.T.);
#997 = SURFACE_CURVE('',#998,(#1002,#1009),.PCURVE_S1.);
#998 = LINE('',#999,#1000);
#999 = CARTESIAN_POINT('',(168.,0.,-9.));
#1000 = VECTOR('',#1001,1.);
#1001 = DIRECTION('',(0.,1.,0.));
#1002 = PCURVE('',#274,#1003);
#1003 = DEFINITIONAL_REPRESENTATION('',(#1004),#1008);
#1004 = LINE('',#1005,#1006);
#1005 = CARTESIAN_POINT('',(9.,0.));
#1006 = VECTOR('',#1007,1.);
#1007 = DIRECTION('',(0.,1.));
#1008 = ( GEOMETRIC_REPRESENTATION_CONTEXT(2) 
PARAMETRIC_REPRESENTATION_CONTEXT() REPRESENTATION_CONTEXT('2D SPACE',''
  ) );
#1009 = PCURVE('',#303,#1010);
#1010 = DEFINITIONAL_REPRESENTATION('',(#1011),#1015);
#1011 = LINE('',#1012,#1013);
#1012 = CARTESIAN_POINT('',(7.068583470577,0.));
#1013 = VECTOR('',#1014,1.);
#1014 = DIRECTION('',(0.,1.));
#1015 = ( GEOMETRIC_REPRESENTATION_CONTEXT(2) 
PARAMETRIC_REPRESENTATION_CONTEXT() REPRESENTATION_CONTEXT('2D SPACE',''
  ) );
#1016 = ORIENTED_EDGE('',*,*,#258,.T.);
#1017 = ADVANCED_FACE('',(#1018),#303,.T.);
#1018 = FACE_BOUND('',#1019,.T.);
#1019 = EDGE_LOOP('',(#1020,#1021,#1042,#1043));
#1020 = ORIENTED_EDGE('',*,*,#545,.T.);
#1021 = ORIENTED_EDGE('',*,*,#1022,.T.);
#1022 = EDGE_CURVE('',#523,#287,#1023,.T.);
#1023 = SURFACE_CURVE('',#1024,(#1028,#1035),.PCURVE_S1.);
#1024 = LINE('',#1025,#1026);
#1025 = CARTESIAN_POINT('',(159.,0.,0.));
#1026 = VECTOR('',#1027,1.);
#1027 = DIRECTION('',(0.,-1.,0.));
#1028 = PCURVE('',#303,#1029);
#1029 = DEFINITIONAL_REPRESENTATION('',(#1030),#1034);
#1030 = LINE('',#1031,#1032);
#1031 = CARTESIAN_POINT('',(5.497787143782,0.));
#1032 = VECTOR('',#1033,1.);
#1033 = DIRECTION('',(0.,-1.));
#1034 = ( GEOMETRIC_REPRESENTATION_CONTEXT(2) 
PARAMETRIC_REPRESENTATION_CONTEXT() REPRESENTATION_CONTEXT('2D SPACE',''
  ) );
#1035 = PCURVE('',#329,#1036);
#1036 = DEFINITIONAL_REPRESENTATION('',(#1037),#1041);
#1037 = LINE('',#1038,#1039);
#1038 = CARTESIAN_POINT('',(159.,0.));
#1039 = VECTOR('',#1040,1.);
#1040 = DIRECTION('',(0.,-1.));
#1041 = ( GEOMETRIC_REPRESENTATION_CONTEXT(2) 
PARAMETRIC_REPRESENTATION_CONTEXT() REPRESENTATION_CONTEXT('2D SPACE',''
  ) );
#1042 = ORIENTED_EDGE('',*,*,#286,.T.);
#1043 = ORIENTED_EDGE('',*,*,#996,.T.);
#1044 = ADVANCED_FACE('',(#1045,#1634),#329,.T.);
#1045 = FACE_BOUND('',#1046,.T.);
#1046 = EDGE_LOOP('',(#1047,#1077,#1105,#1134,#1162,#1191,#1220,#1248,
    #1277,#1305,#1333,#1361,#1383,#1384,#1385,#1386,#1387,#1388,#1412,
    #1440,#1469,#1502,#1530,#1558,#1584,#1610));
#1047 = ORIENTED_EDGE('',*,*,#1048,.F.);
#1048 = EDGE_CURVE('',#1049,#1051,#1053,.T.);
#1049 = VERTEX_POINT('',#1050);
#1050 = CARTESIAN_POINT('',(37.5,156.,0.));
#1051 = VERTEX_POINT('',#1052);
#1052 = CARTESIAN_POINT('',(55.41,156.,0.));
#1053 = SURFACE_CURVE('',#1054,(#1058,#1065),.PCURVE_S1.);
#1054 = LINE('',#1055,#1056);
#1055 = CARTESIAN_POINT('',(33.75,156.,0.));
#1056 = VECTOR('',#1057,1.);
#1057 = DIRECTION('',(1.,0.,0.));
#1058 = PCURVE('',#329,#1059);
#1059 = DEFINITIONAL_REPRESENTATION('',(#1060),#1064);
#1060 = LINE('',#1061,#1062);
#1061 = CARTESIAN_POINT('',(33.75,156.));
#1062 = VECTOR('',#1063,1.);
#1063 = DIRECTION('',(1.,0.));
#1064 = ( GEOMETRIC_REPRESENTATION_CONTEXT(2) 
PARAMETRIC_REPRESENTATION_CONTEXT() REPRESENTATION_CONTEXT('2D SPACE',''
  ) );
#1065 = PCURVE('',#1066,#1071);
#1066 = CYLINDRICAL_SURFACE('',#1067,6.);
#1067 = AXIS2_PLACEMENT_3D('',#1068,#1069,#1070);
#1068 = CARTESIAN_POINT('',(33.75,156.,-6.));
#1069 = DIRECTION('',(1.,0.,0.));
#1070 = DIRECTION('',(-0.,0.707106781187,0.707106781187));
#1071 = DEFINITIONAL_REPRESENTATION('',(#1072),#1076);
#1072 = LINE('',#1073,#1074);
#1073 = CARTESIAN_POINT('',(7.068583470577,0.));
#1074 = VECTOR('',#1075,1.);
#1075 = DIRECTION('',(0.,1.));
#1076 = ( GEOMETRIC_REPRESENTATION_CONTEXT(2) 
PARAMETRIC_REPRESENTATION_CONTEXT() REPRESENTATION_CONTEXT('2D SPACE',''
  ) );
#1077 = ORIENTED_EDGE('',*,*,#1078,.F.);
#1078 = EDGE_CURVE('',#1079,#1049,#1081,.T.);
#1079 = VERTEX_POINT('',#1080);
#1080 = CARTESIAN_POINT('',(37.49999833703,92.996133808522,0.));
#1081 = SURFACE_CURVE('',#1082,(#1086,#1093),.PCURVE_S1.);
#1082 = LINE('',#1083,#1084);
#1083 = CARTESIAN_POINT('',(37.5,15.,0.));
#1084 = VECTOR('',#1085,1.);
#1085 = DIRECTION('',(0.,1.,0.));
#1086 = PCURVE('',#329,#1087);
#1087 = DEFINITIONAL_REPRESENTATION('',(#1088),#1092);
#1088 = LINE('',#1089,#1090);
#1089 = CARTESIAN_POINT('',(37.5,15.));
#1090 = VECTOR('',#1091,1.);
#1091 = DIRECTION('',(0.,1.));
#1092 = ( GEOMETRIC_REPRESENTATION_CONTEXT(2) 
PARAMETRIC_REPRESENTATION_CONTEXT() REPRESENTATION_CONTEXT('2D SPACE',''
  ) );
#1093 = PCURVE('',#1094,#1099);
#1094 = PLANE('',#1095);
#1095 = AXIS2_PLACEMENT_3D('',#1096,#1097,#1098);
#1096 = CARTESIAN_POINT('',(37.5,15.,-42.));
#1097 = DIRECTION('',(-1.,0.,-1.057355261548E-16));
#1098 = DIRECTION('',(-1.057355261548E-16,0.,1.));
#1099 = DEFINITIONAL_REPRESENTATION('',(#1100),#1104);
#1100 = LINE('',#1101,#1102);
#1101 = CARTESIAN_POINT('',(42.,0.));
#1102 = VECTOR('',#1103,1.);
#1103 = DIRECTION('',(0.,1.));
#1104 = ( GEOMETRIC_REPRESENTATION_CONTEXT(2) 
PARAMETRIC_REPRESENTATION_CONTEXT() REPRESENTATION_CONTEXT('2D SPACE',''
  ) );
#1105 = ORIENTED_EDGE('',*,*,#1106,.T.);
#1106 = EDGE_CURVE('',#1079,#1107,#1109,.T.);
#1107 = VERTEX_POINT('',#1108);
#1108 = CARTESIAN_POINT('',(46.5,84.,0.));
#1109 = SURFACE_CURVE('',#1110,(#1115,#1122),.PCURVE_S1.);
#1110 = CIRCLE('',#1111,9.000002494454);
#1111 = AXIS2_PLACEMENT_3D('',#1112,#1113,#1114);
#1112 = CARTESIAN_POINT('',(46.5,93.000002494454,0.));
#1113 = DIRECTION('',(0.,0.,1.));
#1114 = DIRECTION('',(-0.999999722838,7.445287257619E-04,0.));
#1115 = PCURVE('',#329,#1116);
#1116 = DEFINITIONAL_REPRESENTATION('',(#1117),#1121);
#1117 = CIRCLE('',#1118,9.000002494454);
#1118 = AXIS2_PLACEMENT_2D('',#1119,#1120);
#1119 = CARTESIAN_POINT('',(46.5,93.000002494454));
#1120 = DIRECTION('',(-0.999999722838,7.445287257619E-04));
#1121 = ( GEOMETRIC_REPRESENTATION_CONTEXT(2) 
PARAMETRIC_REPRESENTATION_CONTEXT() REPRESENTATION_CONTEXT('2D SPACE',''
  ) );
#1122 = PCURVE('',#1123,#1128);
#1123 = CYLINDRICAL_SURFACE('',#1124,9.000002494454);
#1124 = AXIS2_PLACEMENT_3D('',#1125,#1126,#1127);
#1125 = CARTESIAN_POINT('',(46.5,93.000002494454,0.));
#1126 = DIRECTION('',(0.,0.,-1.));
#1127 = DIRECTION('',(-0.999999722838,7.445287257619E-04,0.));
#1128 = DEFINITIONAL_REPRESENTATION('',(#1129),#1133);
#1129 = LINE('',#1130,#1131);
#1130 = CARTESIAN_POINT('',(6.28318530718,0.));
#1131 = VECTOR('',#1132,1.);
#1132 = DIRECTION('',(-1.,0.));
#1133 = ( GEOMETRIC_REPRESENTATION_CONTEXT(2) 
PARAMETRIC_REPRESENTATION_CONTEXT() REPRESENTATION_CONTEXT('2D SPACE',''
  ) );
#1134 = ORIENTED_EDGE('',*,*,#1135,.F.);
#1135 = EDGE_CURVE('',#1136,#1107,#1138,.T.);
#1136 = VERTEX_POINT('',#1137);
#1137 = CARTESIAN_POINT('',(69.,84.,0.));
#1138 = SURFACE_CURVE('',#1139,(#1143,#1150),.PCURVE_S1.);
#1139 = LINE('',#1140,#1141);
#1140 = CARTESIAN_POINT('',(69.,84.,0.));
#1141 = VECTOR('',#1142,1.);
#1142 = DIRECTION('',(-1.,0.,0.));
#1143 = PCURVE('',#329,#1144);
#1144 = DEFINITIONAL_REPRESENTATION('',(#1145),#1149);
#1145 = LINE('',#1146,#1147);
#1146 = CARTESIAN_POINT('',(69.,84.));
#1147 = VECTOR('',#1148,1.);
#1148 = DIRECTION('',(-1.,0.));
#1149 = ( GEOMETRIC_REPRESENTATION_CONTEXT(2) 
PARAMETRIC_REPRESENTATION_CONTEXT() REPRESENTATION_CONTEXT('2D SPACE',''
  ) );
#1150 = PCURVE('',#1151,#1156);
#1151 = PLANE('',#1152);
#1152 = AXIS2_PLACEMENT_3D('',#1153,#1154,#1155);
#1153 = CARTESIAN_POINT('',(46.5,84.,0.));
#1154 = DIRECTION('',(0.,1.,0.));
#1155 = DIRECTION('',(1.,0.,0.));
#1156 = DEFINITIONAL_REPRESENTATION('',(#1157),#1161);
#1157 = LINE('',#1158,#1159);
#1158 = CARTESIAN_POINT('',(22.5,0.));
#1159 = VECTOR('',#1160,1.);
#1160 = DIRECTION('',(-1.,0.));
#1161 = ( GEOMETRIC_REPRESENTATION_CONTEXT(2) 
PARAMETRIC_REPRESENTATION_CONTEXT() REPRESENTATION_CONTEXT('2D SPACE',''
  ) );
#1162 = ORIENTED_EDGE('',*,*,#1163,.F.);
#1163 = EDGE_CURVE('',#1164,#1136,#1166,.T.);
#1164 = VERTEX_POINT('',#1165);
#1165 = CARTESIAN_POINT('',(96.,57.,0.));
#1166 = SURFACE_CURVE('',#1167,(#1172,#1179),.PCURVE_S1.);
#1167 = CIRCLE('',#1168,27.);
#1168 = AXIS2_PLACEMENT_3D('',#1169,#1170,#1171);
#1169 = CARTESIAN_POINT('',(69.,57.,0.));
#1170 = DIRECTION('',(0.,0.,1.));
#1171 = DIRECTION('',(1.,6.579099405186E-16,-0.));
#1172 = PCURVE('',#329,#1173);
#1173 = DEFINITIONAL_REPRESENTATION('',(#1174),#1178);
#1174 = CIRCLE('',#1175,27.);
#1175 = AXIS2_PLACEMENT_2D('',#1176,#1177);
#1176 = CARTESIAN_POINT('',(69.,57.));
#1177 = DIRECTION('',(1.,6.579099405186E-16));
#1178 = ( GEOMETRIC_REPRESENTATION_CONTEXT(2) 
PARAMETRIC_REPRESENTATION_CONTEXT() REPRESENTATION_CONTEXT('2D SPACE',''
  ) );
#1179 = PCURVE('',#1180,#1185);
#1180 = CYLINDRICAL_SURFACE('',#1181,27.);
#1181 = AXIS2_PLACEMENT_3D('',#1182,#1183,#1184);
#1182 = CARTESIAN_POINT('',(69.,57.,0.));
#1183 = DIRECTION('',(0.,0.,-1.));
#1184 = DIRECTION('',(1.,6.579099405186E-16,0.));
#1185 = DEFINITIONAL_REPRESENTATION('',(#1186),#1190);
#1186 = LINE('',#1187,#1188);
#1187 = CARTESIAN_POINT('',(6.28318530718,0.));
#1188 = VECTOR('',#1189,1.);
#1189 = DIRECTION('',(-1.,0.));
#1190 = ( GEOMETRIC_REPRESENTATION_CONTEXT(2) 
PARAMETRIC_REPRESENTATION_CONTEXT() REPRESENTATION_CONTEXT('2D SPACE',''
  ) );
#1191 = ORIENTED_EDGE('',*,*,#1192,.F.);
#1192 = EDGE_CURVE('',#1193,#1164,#1195,.T.);
#1193 = VERTEX_POINT('',#1194);
#1194 = CARTESIAN_POINT('',(90.239625250156,45.183514683431,0.));
#1195 = SURFACE_CURVE('',#1196,(#1201,#1208),.PCURVE_S1.);
#1196 = CIRCLE('',#1197,15.);
#1197 = AXIS2_PLACEMENT_3D('',#1198,#1199,#1200);
#1198 = CARTESIAN_POINT('',(81.,57.,0.));
#1199 = DIRECTION('',(0.,0.,1.));
#1200 = DIRECTION('',(0.615975016677,-0.787765687771,0.));
#1201 = PCURVE('',#329,#1202);
#1202 = DEFINITIONAL_REPRESENTATION('',(#1203),#1207);
#1203 = CIRCLE('',#1204,15.);
#1204 = AXIS2_PLACEMENT_2D('',#1205,#1206);
#1205 = CARTESIAN_POINT('',(81.,57.));
#1206 = DIRECTION('',(0.615975016677,-0.787765687771));
#1207 = ( GEOMETRIC_REPRESENTATION_CONTEXT(2) 
PARAMETRIC_REPRESENTATION_CONTEXT() REPRESENTATION_CONTEXT('2D SPACE',''
  ) );
#1208 = PCURVE('',#1209,#1214);
#1209 = CYLINDRICAL_SURFACE('',#1210,15.);
#1210 = AXIS2_PLACEMENT_3D('',#1211,#1212,#1213);
#1211 = CARTESIAN_POINT('',(81.,57.,0.));
#1212 = DIRECTION('',(0.,0.,-1.));
#1213 = DIRECTION('',(0.615975016677,-0.787765687771,0.));
#1214 = DEFINITIONAL_REPRESENTATION('',(#1215),#1219);
#1215 = LINE('',#1216,#1217);
#1216 = CARTESIAN_POINT('',(6.28318530718,0.));
#1217 = VECTOR('',#1218,1.);
#1218 = DIRECTION('',(-1.,0.));
#1219 = ( GEOMETRIC_REPRESENTATION_CONTEXT(2) 
PARAMETRIC_REPRESENTATION_CONTEXT() REPRESENTATION_CONTEXT('2D SPACE',''
  ) );
#1220 = ORIENTED_EDGE('',*,*,#1221,.T.);
#1221 = EDGE_CURVE('',#1193,#1222,#1224,.T.);
#1222 = VERTEX_POINT('',#1223);
#1223 = CARTESIAN_POINT('',(74.546394116851,32.912157429756,0.));
#1224 = SURFACE_CURVE('',#1225,(#1229,#1236),.PCURVE_S1.);
#1225 = LINE('',#1226,#1227);
#1226 = CARTESIAN_POINT('',(90.239999973188,45.183807698946,0.));
#1227 = VECTOR('',#1228,1.);
#1228 = DIRECTION('',(-0.787755920666,-0.615987507549,0.));
#1229 = PCURVE('',#329,#1230);
#1230 = DEFINITIONAL_REPRESENTATION('',(#1231),#1235);
#1231 = LINE('',#1232,#1233);
#1232 = CARTESIAN_POINT('',(90.239999973188,45.183807698946));
#1233 = VECTOR('',#1234,1.);
#1234 = DIRECTION('',(-0.787755920666,-0.615987507549));
#1235 = ( GEOMETRIC_REPRESENTATION_CONTEXT(2) 
PARAMETRIC_REPRESENTATION_CONTEXT() REPRESENTATION_CONTEXT('2D SPACE',''
  ) );
#1236 = PCURVE('',#1237,#1242);
#1237 = PLANE('',#1238);
#1238 = AXIS2_PLACEMENT_3D('',#1239,#1240,#1241);
#1239 = CARTESIAN_POINT('',(90.239625250156,45.183514683431,0.));
#1240 = DIRECTION('',(0.615987507549,-0.787755920666,0.));
#1241 = DIRECTION('',(-0.787755920666,-0.615987507549,0.));
#1242 = DEFINITIONAL_REPRESENTATION('',(#1243),#1247);
#1243 = LINE('',#1244,#1245);
#1244 = CARTESIAN_POINT('',(-4.756841838313E-04,0.));
#1245 = VECTOR('',#1246,1.);
#1246 = DIRECTION('',(1.,0.));
#1247 = ( GEOMETRIC_REPRESENTATION_CONTEXT(2) 
PARAMETRIC_REPRESENTATION_CONTEXT() REPRESENTATION_CONTEXT('2D SPACE',''
  ) );
#1248 = ORIENTED_EDGE('',*,*,#1249,.F.);
#1249 = EDGE_CURVE('',#1250,#1222,#1252,.T.);
#1250 = VERTEX_POINT('',#1251);
#1251 = CARTESIAN_POINT('',(63.772029585268,32.674133133705,0.));
#1252 = SURFACE_CURVE('',#1253,(#1258,#1265),.PCURVE_S1.);
#1253 = CIRCLE('',#1254,9.);
#1254 = AXIS2_PLACEMENT_3D('',#1255,#1256,#1257);
#1255 = CARTESIAN_POINT('',(69.,40.,0.));
#1256 = DIRECTION('',(0.,0.,1.));
#1257 = DIRECTION('',(-0.580885601637,-0.813985207366,0.));
#1258 = PCURVE('',#329,#1259);
#1259 = DEFINITIONAL_REPRESENTATION('',(#1260),#1264);
#1260 = CIRCLE('',#1261,9.);
#1261 = AXIS2_PLACEMENT_2D('',#1262,#1263);
#1262 = CARTESIAN_POINT('',(69.,40.));
#1263 = DIRECTION('',(-0.580885601637,-0.813985207366));
#1264 = ( GEOMETRIC_REPRESENTATION_CONTEXT(2) 
PARAMETRIC_REPRESENTATION_CONTEXT() REPRESENTATION_CONTEXT('2D SPACE',''
  ) );
#1265 = PCURVE('',#1266,#1271);
#1266 = CYLINDRICAL_SURFACE('',#1267,9.);
#1267 = AXIS2_PLACEMENT_3D('',#1268,#1269,#1270);
#1268 = CARTESIAN_POINT('',(69.,40.,0.));
#1269 = DIRECTION('',(0.,0.,-1.));
#1270 = DIRECTION('',(-0.580885601637,-0.813985207366,-0.));
#1271 = DEFINITIONAL_REPRESENTATION('',(#1272),#1276);
#1272 = LINE('',#1273,#1274);
#1273 = CARTESIAN_POINT('',(6.28318530718,0.));
#1274 = VECTOR('',#1275,1.);
#1275 = DIRECTION('',(-1.,0.));
#1276 = ( GEOMETRIC_REPRESENTATION_CONTEXT(2) 
PARAMETRIC_REPRESENTATION_CONTEXT() REPRESENTATION_CONTEXT('2D SPACE',''
  ) );
#1277 = ORIENTED_EDGE('',*,*,#1278,.F.);
#1278 = EDGE_CURVE('',#1279,#1250,#1281,.T.);
#1279 = VERTEX_POINT('',#1280);
#1280 = CARTESIAN_POINT('',(46.5,45.,0.));
#1281 = SURFACE_CURVE('',#1282,(#1286,#1293),.PCURVE_S1.);
#1282 = LINE('',#1283,#1284);
#1283 = CARTESIAN_POINT('',(46.5,45.,0.));
#1284 = VECTOR('',#1285,1.);
#1285 = DIRECTION('',(0.813985207366,-0.580885601637,0.));
#1286 = PCURVE('',#329,#1287);
#1287 = DEFINITIONAL_REPRESENTATION('',(#1288),#1292);
#1288 = LINE('',#1289,#1290);
#1289 = CARTESIAN_POINT('',(46.5,45.));
#1290 = VECTOR('',#1291,1.);
#1291 = DIRECTION('',(0.813985207366,-0.580885601637));
#1292 = ( GEOMETRIC_REPRESENTATION_CONTEXT(2) 
PARAMETRIC_REPRESENTATION_CONTEXT() REPRESENTATION_CONTEXT('2D SPACE',''
  ) );
#1293 = PCURVE('',#1294,#1299);
#1294 = PLANE('',#1295);
#1295 = AXIS2_PLACEMENT_3D('',#1296,#1297,#1298);
#1296 = CARTESIAN_POINT('',(63.772029585268,32.674133133705,0.));
#1297 = DIRECTION('',(-0.580885601637,-0.813985207366,0.));
#1298 = DIRECTION('',(-0.813985207366,0.580885601637,0.));
#1299 = DEFINITIONAL_REPRESENTATION('',(#1300),#1304);
#1300 = LINE('',#1301,#1302);
#1301 = CARTESIAN_POINT('',(21.219095173923,0.));
#1302 = VECTOR('',#1303,1.);
#1303 = DIRECTION('',(-1.,-0.));
#1304 = ( GEOMETRIC_REPRESENTATION_CONTEXT(2) 
PARAMETRIC_REPRESENTATION_CONTEXT() REPRESENTATION_CONTEXT('2D SPACE',''
  ) );
#1305 = ORIENTED_EDGE('',*,*,#1306,.F.);
#1306 = EDGE_CURVE('',#1307,#1279,#1309,.T.);
#1307 = VERTEX_POINT('',#1308);
#1308 = CARTESIAN_POINT('',(37.5,45.,0.));
#1309 = SURFACE_CURVE('',#1310,(#1314,#1321),.PCURVE_S1.);
#1310 = LINE('',#1311,#1312);
#1311 = CARTESIAN_POINT('',(37.5,45.,0.));
#1312 = VECTOR('',#1313,1.);
#1313 = DIRECTION('',(1.,0.,0.));
#1314 = PCURVE('',#329,#1315);
#1315 = DEFINITIONAL_REPRESENTATION('',(#1316),#1320);
#1316 = LINE('',#1317,#1318);
#1317 = CARTESIAN_POINT('',(37.5,45.));
#1318 = VECTOR('',#1319,1.);
#1319 = DIRECTION('',(1.,0.));
#1320 = ( GEOMETRIC_REPRESENTATION_CONTEXT(2) 
PARAMETRIC_REPRESENTATION_CONTEXT() REPRESENTATION_CONTEXT('2D SPACE',''
  ) );
#1321 = PCURVE('',#1322,#1327);
#1322 = PLANE('',#1323);
#1323 = AXIS2_PLACEMENT_3D('',#1324,#1325,#1326);
#1324 = CARTESIAN_POINT('',(46.5,45.,0.));
#1325 = DIRECTION('',(0.,-1.,0.));
#1326 = DIRECTION('',(-1.,0.,0.));
#1327 = DEFINITIONAL_REPRESENTATION('',(#1328),#1332);
#1328 = LINE('',#1329,#1330);
#1329 = CARTESIAN_POINT('',(9.,0.));
#1330 = VECTOR('',#1331,1.);
#1331 = DIRECTION('',(-1.,-0.));
#1332 = ( GEOMETRIC_REPRESENTATION_CONTEXT(2) 
PARAMETRIC_REPRESENTATION_CONTEXT() REPRESENTATION_CONTEXT('2D SPACE',''
  ) );
#1333 = ORIENTED_EDGE('',*,*,#1334,.F.);
#1334 = EDGE_CURVE('',#1335,#1307,#1337,.T.);
#1335 = VERTEX_POINT('',#1336);
#1336 = CARTESIAN_POINT('',(37.5,24.,0.));
#1337 = SURFACE_CURVE('',#1338,(#1342,#1349),.PCURVE_S1.);
#1338 = LINE('',#1339,#1340);
#1339 = CARTESIAN_POINT('',(37.5,15.,0.));
#1340 = VECTOR('',#1341,1.);
#1341 = DIRECTION('',(0.,1.,0.));
#1342 = PCURVE('',#329,#1343);
#1343 = DEFINITIONAL_REPRESENTATION('',(#1344),#1348);
#1344 = LINE('',#1345,#1346);
#1345 = CARTESIAN_POINT('',(37.5,15.));
#1346 = VECTOR('',#1347,1.);
#1347 = DIRECTION('',(0.,1.));
#1348 = ( GEOMETRIC_REPRESENTATION_CONTEXT(2) 
PARAMETRIC_REPRESENTATION_CONTEXT() REPRESENTATION_CONTEXT('2D SPACE',''
  ) );
#1349 = PCURVE('',#1350,#1355);
#1350 = PLANE('',#1351);
#1351 = AXIS2_PLACEMENT_3D('',#1352,#1353,#1354);
#1352 = CARTESIAN_POINT('',(37.5,15.,-42.));
#1353 = DIRECTION('',(-1.,0.,-1.057355261548E-16));
#1354 = DIRECTION('',(-1.057355261548E-16,0.,1.));
#1355 = DEFINITIONAL_REPRESENTATION('',(#1356),#1360);
#1356 = LINE('',#1357,#1358);
#1357 = CARTESIAN_POINT('',(42.,0.));
#1358 = VECTOR('',#1359,1.);
#1359 = DIRECTION('',(0.,1.));
#1360 = ( GEOMETRIC_REPRESENTATION_CONTEXT(2) 
PARAMETRIC_REPRESENTATION_CONTEXT() REPRESENTATION_CONTEXT('2D SPACE',''
  ) );
#1361 = ORIENTED_EDGE('',*,*,#1362,.F.);
#1362 = EDGE_CURVE('',#727,#1335,#1363,.T.);
#1363 = SURFACE_CURVE('',#1364,(#1369,#1376),.PCURVE_S1.);
#1364 = CIRCLE('',#1365,9.);
#1365 = AXIS2_PLACEMENT_3D('',#1366,#1367,#1368);
#1366 = CARTESIAN_POINT('',(28.5,24.,4.440892098501E-15));
#1367 = DIRECTION('',(0.,0.,1.));
#1368 = DIRECTION('',(0.707106781187,-0.707106781187,0.));
#1369 = PCURVE('',#329,#1370);
#1370 = DEFINITIONAL_REPRESENTATION('',(#1371),#1375);
#1371 = CIRCLE('',#1372,9.);
#1372 = AXIS2_PLACEMENT_2D('',#1373,#1374);
#1373 = CARTESIAN_POINT('',(28.5,24.));
#1374 = DIRECTION('',(0.707106781187,-0.707106781187));
#1375 = ( GEOMETRIC_REPRESENTATION_CONTEXT(2) 
PARAMETRIC_REPRESENTATION_CONTEXT() REPRESENTATION_CONTEXT('2D SPACE',''
  ) );
#1376 = PCURVE('',#765,#1377);
#1377 = DEFINITIONAL_REPRESENTATION('',(#1378),#1382);
#1378 = LINE('',#1379,#1380);
#1379 = CARTESIAN_POINT('',(12.566370614359,-36.));
#1380 = VECTOR('',#1381,1.);
#1381 = DIRECTION('',(-1.,0.));
#1382 = ( GEOMETRIC_REPRESENTATION_CONTEXT(2) 
PARAMETRIC_REPRESENTATION_CONTEXT() REPRESENTATION_CONTEXT('2D SPACE',''
  ) );
#1383 = ORIENTED_EDGE('',*,*,#726,.F.);
#1384 = ORIENTED_EDGE('',*,*,#862,.F.);
#1385 = ORIENTED_EDGE('',*,*,#315,.T.);
#1386 = ORIENTED_EDGE('',*,*,#1022,.F.);
#1387 = ORIENTED_EDGE('',*,*,#522,.F.);
#1388 = ORIENTED_EDGE('',*,*,#1389,.F.);
#1389 = EDGE_CURVE('',#1390,#493,#1392,.T.);
#1390 = VERTEX_POINT('',#1391);
#1391 = CARTESIAN_POINT('',(130.5,19.,0.));
#1392 = SURFACE_CURVE('',#1393,(#1398,#1405),.PCURVE_S1.);
#1393 = CIRCLE('',#1394,4.);
#1394 = AXIS2_PLACEMENT_3D('',#1395,#1396,#1397);
#1395 = CARTESIAN_POINT('',(134.5,19.,0.));
#1396 = DIRECTION('',(0.,0.,1.));
#1397 = DIRECTION('',(-0.707106781187,-0.707106781187,0.));
#1398 = PCURVE('',#329,#1399);
#1399 = DEFINITIONAL_REPRESENTATION('',(#1400),#1404);
#1400 = CIRCLE('',#1401,4.);
#1401 = AXIS2_PLACEMENT_2D('',#1402,#1403);
#1402 = CARTESIAN_POINT('',(134.5,19.));
#1403 = DIRECTION('',(-0.707106781187,-0.707106781187));
#1404 = ( GEOMETRIC_REPRESENTATION_CONTEXT(2) 
PARAMETRIC_REPRESENTATION_CONTEXT() REPRESENTATION_CONTEXT('2D SPACE',''
  ) );
#1405 = PCURVE('',#510,#1406);
#1406 = DEFINITIONAL_REPRESENTATION('',(#1407),#1411);
#1407 = LINE('',#1408,#1409);
#1408 = CARTESIAN_POINT('',(0.,15.));
#1409 = VECTOR('',#1410,1.);
#1410 = DIRECTION('',(1.,0.));
#1411 = ( GEOMETRIC_REPRESENTATION_CONTEXT(2) 
PARAMETRIC_REPRESENTATION_CONTEXT() REPRESENTATION_CONTEXT('2D SPACE',''
  ) );
#1412 = ORIENTED_EDGE('',*,*,#1413,.T.);
#1413 = EDGE_CURVE('',#1390,#1414,#1416,.T.);
#1414 = VERTEX_POINT('',#1415);
#1415 = CARTESIAN_POINT('',(130.5,69.278029157809,0.));
#1416 = SURFACE_CURVE('',#1417,(#1421,#1428),.PCURVE_S1.);
#1417 = LINE('',#1418,#1419);
#1418 = CARTESIAN_POINT('',(130.5,15.,0.));
#1419 = VECTOR('',#1420,1.);
#1420 = DIRECTION('',(0.,1.,0.));
#1421 = PCURVE('',#329,#1422);
#1422 = DEFINITIONAL_REPRESENTATION('',(#1423),#1427);
#1423 = LINE('',#1424,#1425);
#1424 = CARTESIAN_POINT('',(130.5,15.));
#1425 = VECTOR('',#1426,1.);
#1426 = DIRECTION('',(0.,1.));
#1427 = ( GEOMETRIC_REPRESENTATION_CONTEXT(2) 
PARAMETRIC_REPRESENTATION_CONTEXT() REPRESENTATION_CONTEXT('2D SPACE',''
  ) );
#1428 = PCURVE('',#1429,#1434);
#1429 = PLANE('',#1430);
#1430 = AXIS2_PLACEMENT_3D('',#1431,#1432,#1433);
#1431 = CARTESIAN_POINT('',(130.5,15.,0.));
#1432 = DIRECTION('',(1.,0.,0.));
#1433 = DIRECTION('',(0.,0.,-1.));
#1434 = DEFINITIONAL_REPRESENTATION('',(#1435),#1439);
#1435 = LINE('',#1436,#1437);
#1436 = CARTESIAN_POINT('',(0.,0.));
#1437 = VECTOR('',#1438,1.);
#1438 = DIRECTION('',(0.,1.));
#1439 = ( GEOMETRIC_REPRESENTATION_CONTEXT(2) 
PARAMETRIC_REPRESENTATION_CONTEXT() REPRESENTATION_CONTEXT('2D SPACE',''
  ) );
#1440 = ORIENTED_EDGE('',*,*,#1441,.T.);
#1441 = EDGE_CURVE('',#1414,#1442,#1444,.T.);
#1442 = VERTEX_POINT('',#1443);
#1443 = CARTESIAN_POINT('',(102.675,103.16486082509,0.));
#1444 = SURFACE_CURVE('',#1445,(#1450,#1457),.PCURVE_S1.);
#1445 = CIRCLE('',#1446,51.);
#1446 = AXIS2_PLACEMENT_3D('',#1447,#1448,#1449);
#1447 = CARTESIAN_POINT('',(81.,57.,0.));
#1448 = DIRECTION('',(0.,0.,1.));
#1449 = DIRECTION('',(0.970588235294,0.240745669761,-0.));
#1450 = PCURVE('',#329,#1451);
#1451 = DEFINITIONAL_REPRESENTATION('',(#1452),#1456);
#1452 = CIRCLE('',#1453,51.);
#1453 = AXIS2_PLACEMENT_2D('',#1454,#1455);
#1454 = CARTESIAN_POINT('',(81.,57.));
#1455 = DIRECTION('',(0.970588235294,0.240745669761));
#1456 = ( GEOMETRIC_REPRESENTATION_CONTEXT(2) 
PARAMETRIC_REPRESENTATION_CONTEXT() REPRESENTATION_CONTEXT('2D SPACE',''
  ) );
#1457 = PCURVE('',#1458,#1463);
#1458 = CYLINDRICAL_SURFACE('',#1459,51.);
#1459 = AXIS2_PLACEMENT_3D('',#1460,#1461,#1462);
#1460 = CARTESIAN_POINT('',(81.,57.,0.));
#1461 = DIRECTION('',(0.,0.,-1.));
#1462 = DIRECTION('',(0.970588235294,0.240745669761,0.));
#1463 = DEFINITIONAL_REPRESENTATION('',(#1464),#1468);
#1464 = LINE('',#1465,#1466);
#1465 = CARTESIAN_POINT('',(6.28318530718,0.));
#1466 = VECTOR('',#1467,1.);
#1467 = DIRECTION('',(-1.,0.));
#1468 = ( GEOMETRIC_REPRESENTATION_CONTEXT(2) 
PARAMETRIC_REPRESENTATION_CONTEXT() REPRESENTATION_CONTEXT('2D SPACE',''
  ) );
#1469 = ORIENTED_EDGE('',*,*,#1470,.T.);
#1470 = EDGE_CURVE('',#1442,#1471,#1473,.T.);
#1471 = VERTEX_POINT('',#1472);
#1472 = CARTESIAN_POINT('',(97.5,111.31160097069,0.));
#1473 = SURFACE_CURVE('',#1474,(#1479,#1490),.PCURVE_S1.);
#1474 = CIRCLE('',#1475,9.);
#1475 = AXIS2_PLACEMENT_3D('',#1476,#1477,#1478);
#1476 = CARTESIAN_POINT('',(106.5,111.31160097069,0.));
#1477 = DIRECTION('',(0.,0.,-1.));
#1478 = DIRECTION('',(-1.,1.973729821556E-15,0.));
#1479 = PCURVE('',#329,#1480);
#1480 = DEFINITIONAL_REPRESENTATION('',(#1481),#1489);
#1481 = ( BOUNDED_CURVE() B_SPLINE_CURVE(2,(#1482,#1483,#1484,#1485,
#1486,#1487,#1488),.UNSPECIFIED.,.T.,.F.) B_SPLINE_CURVE_WITH_KNOTS((1,2
    ,2,2,2,1),(-2.094395102393,0.,2.094395102393,4.188790204786,
6.28318530718,8.377580409573),.UNSPECIFIED.) CURVE() 
GEOMETRIC_REPRESENTATION_ITEM() RATIONAL_B_SPLINE_CURVE((1.,0.5,1.,0.5,
1.,0.5,1.)) REPRESENTATION_ITEM('') );
#1482 = CARTESIAN_POINT('',(97.5,111.31160097069));
#1483 = CARTESIAN_POINT('',(97.5,126.90005823881));
#1484 = CARTESIAN_POINT('',(111.,119.10582960475));
#1485 = CARTESIAN_POINT('',(124.5,111.31160097069));
#1486 = CARTESIAN_POINT('',(111.,103.51737233663));
#1487 = CARTESIAN_POINT('',(97.5,95.72314370257));
#1488 = CARTESIAN_POINT('',(97.5,111.31160097069));
#1489 = ( GEOMETRIC_REPRESENTATION_CONTEXT(2) 
PARAMETRIC_REPRESENTATION_CONTEXT() REPRESENTATION_CONTEXT('2D SPACE',''
  ) );
#1490 = PCURVE('',#1491,#1496);
#1491 = CYLINDRICAL_SURFACE('',#1492,9.);
#1492 = AXIS2_PLACEMENT_3D('',#1493,#1494,#1495);
#1493 = CARTESIAN_POINT('',(106.5,111.31160097069,0.));
#1494 = DIRECTION('',(0.,0.,-1.));
#1495 = DIRECTION('',(-1.,1.973729821556E-15,0.));
#1496 = DEFINITIONAL_REPRESENTATION('',(#1497),#1501);
#1497 = LINE('',#1498,#1499);
#1498 = CARTESIAN_POINT('',(0.,0.));
#1499 = VECTOR('',#1500,1.);
#1500 = DIRECTION('',(1.,0.));
#1501 = ( GEOMETRIC_REPRESENTATION_CONTEXT(2) 
PARAMETRIC_REPRESENTATION_CONTEXT() REPRESENTATION_CONTEXT('2D SPACE',''
  ) );
#1502 = ORIENTED_EDGE('',*,*,#1503,.T.);
#1503 = EDGE_CURVE('',#1471,#1504,#1506,.T.);
#1504 = VERTEX_POINT('',#1505);
#1505 = CARTESIAN_POINT('',(97.5,156.,0.));
#1506 = SURFACE_CURVE('',#1507,(#1511,#1518),.PCURVE_S1.);
#1507 = LINE('',#1508,#1509);
#1508 = CARTESIAN_POINT('',(97.5,55.655800485347,0.));
#1509 = VECTOR('',#1510,1.);
#1510 = DIRECTION('',(0.,1.,0.));
#1511 = PCURVE('',#329,#1512);
#1512 = DEFINITIONAL_REPRESENTATION('',(#1513),#1517);
#1513 = LINE('',#1514,#1515);
#1514 = CARTESIAN_POINT('',(97.5,55.655800485347));
#1515 = VECTOR('',#1516,1.);
#1516 = DIRECTION('',(0.,1.));
#1517 = ( GEOMETRIC_REPRESENTATION_CONTEXT(2) 
PARAMETRIC_REPRESENTATION_CONTEXT() REPRESENTATION_CONTEXT('2D SPACE',''
  ) );
#1518 = PCURVE('',#1519,#1524);
#1519 = PLANE('',#1520);
#1520 = AXIS2_PLACEMENT_3D('',#1521,#1522,#1523);
#1521 = CARTESIAN_POINT('',(97.5,111.31160097069,0.));
#1522 = DIRECTION('',(-1.,0.,0.));
#1523 = DIRECTION('',(0.,1.,0.));
#1524 = DEFINITIONAL_REPRESENTATION('',(#1525),#1529);
#1525 = LINE('',#1526,#1527);
#1526 = CARTESIAN_POINT('',(-55.65580048534,0.));
#1527 = VECTOR('',#1528,1.);
#1528 = DIRECTION('',(1.,0.));
#1529 = ( GEOMETRIC_REPRESENTATION_CONTEXT(2) 
PARAMETRIC_REPRESENTATION_CONTEXT() REPRESENTATION_CONTEXT('2D SPACE',''
  ) );
#1530 = ORIENTED_EDGE('',*,*,#1531,.F.);
#1531 = EDGE_CURVE('',#1532,#1504,#1534,.T.);
#1532 = VERTEX_POINT('',#1533);
#1533 = CARTESIAN_POINT('',(63.41,156.,0.));
#1534 = SURFACE_CURVE('',#1535,(#1539,#1546),.PCURVE_S1.);
#1535 = LINE('',#1536,#1537);
#1536 = CARTESIAN_POINT('',(33.75,156.,0.));
#1537 = VECTOR('',#1538,1.);
#1538 = DIRECTION('',(1.,0.,0.));
#1539 = PCURVE('',#329,#1540);
#1540 = DEFINITIONAL_REPRESENTATION('',(#1541),#1545);
#1541 = LINE('',#1542,#1543);
#1542 = CARTESIAN_POINT('',(33.75,156.));
#1543 = VECTOR('',#1544,1.);
#1544 = DIRECTION('',(1.,0.));
#1545 = ( GEOMETRIC_REPRESENTATION_CONTEXT(2) 
PARAMETRIC_REPRESENTATION_CONTEXT() REPRESENTATION_CONTEXT('2D SPACE',''
  ) );
#1546 = PCURVE('',#1547,#1552);
#1547 = CYLINDRICAL_SURFACE('',#1548,6.);
#1548 = AXIS2_PLACEMENT_3D('',#1549,#1550,#1551);
#1549 = CARTESIAN_POINT('',(33.75,156.,-6.));
#1550 = DIRECTION('',(1.,0.,0.));
#1551 = DIRECTION('',(-0.,0.707106781187,0.707106781187));
#1552 = DEFINITIONAL_REPRESENTATION('',(#1553),#1557);
#1553 = LINE('',#1554,#1555);
#1554 = CARTESIAN_POINT('',(7.068583470577,0.));
#1555 = VECTOR('',#1556,1.);
#1556 = DIRECTION('',(0.,1.));
#1557 = ( GEOMETRIC_REPRESENTATION_CONTEXT(2) 
PARAMETRIC_REPRESENTATION_CONTEXT() REPRESENTATION_CONTEXT('2D SPACE',''
  ) );
#1558 = ORIENTED_EDGE('',*,*,#1559,.T.);
#1559 = EDGE_CURVE('',#1532,#1560,#1562,.T.);
#1560 = VERTEX_POINT('',#1561);
#1561 = CARTESIAN_POINT('',(63.41,154.,0.));
#1562 = SURFACE_CURVE('',#1563,(#1567,#1573),.PCURVE_S1.);
#1563 = LINE('',#1564,#1565);
#1564 = CARTESIAN_POINT('',(63.41,77.,0.));
#1565 = VECTOR('',#1566,1.);
#1566 = DIRECTION('',(0.,-1.,0.));
#1567 = PCURVE('',#329,#1568);
#1568 = DEFINITIONAL_REPRESENTATION('',(#1569),#1572);
#1569 = B_SPLINE_CURVE_WITH_KNOTS('',1,(#1570,#1571),.UNSPECIFIED.,.F.,
  .F.,(2,2),(-79.,-77.),.PIECEWISE_BEZIER_KNOTS.);
#1570 = CARTESIAN_POINT('',(63.41,156.));
#1571 = CARTESIAN_POINT('',(63.41,154.));
#1572 = ( GEOMETRIC_REPRESENTATION_CONTEXT(2) 
PARAMETRIC_REPRESENTATION_CONTEXT() REPRESENTATION_CONTEXT('2D SPACE',''
  ) );
#1573 = PCURVE('',#1574,#1579);
#1574 = PLANE('',#1575);
#1575 = AXIS2_PLACEMENT_3D('',#1576,#1577,#1578);
#1576 = CARTESIAN_POINT('',(63.41,154.,-70.));
#1577 = DIRECTION('',(-1.,0.,0.));
#1578 = DIRECTION('',(0.,1.,0.));
#1579 = DEFINITIONAL_REPRESENTATION('',(#1580),#1583);
#1580 = B_SPLINE_CURVE_WITH_KNOTS('',1,(#1581,#1582),.UNSPECIFIED.,.F.,
  .F.,(2,2),(-79.,-77.),.PIECEWISE_BEZIER_KNOTS.);
#1581 = CARTESIAN_POINT('',(2.,-70.));
#1582 = CARTESIAN_POINT('',(0.,-70.));
#1583 = ( GEOMETRIC_REPRESENTATION_CONTEXT(2) 
PARAMETRIC_REPRESENTATION_CONTEXT() REPRESENTATION_CONTEXT('2D SPACE',''
  ) );
#1584 = ORIENTED_EDGE('',*,*,#1585,.T.);
#1585 = EDGE_CURVE('',#1560,#1586,#1588,.T.);
#1586 = VERTEX_POINT('',#1587);
#1587 = CARTESIAN_POINT('',(55.41,154.,0.));
#1588 = SURFACE_CURVE('',#1589,(#1593,#1599),.PCURVE_S1.);
#1589 = LINE('',#1590,#1591);
#1590 = CARTESIAN_POINT('',(27.705,154.,0.));
#1591 = VECTOR('',#1592,1.);
#1592 = DIRECTION('',(-1.,0.,0.));
#1593 = PCURVE('',#329,#1594);
#1594 = DEFINITIONAL_REPRESENTATION('',(#1595),#1598);
#1595 = B_SPLINE_CURVE_WITH_KNOTS('',1,(#1596,#1597),.UNSPECIFIED.,.F.,
  .F.,(2,2),(-35.705,-27.705),.PIECEWISE_BEZIER_KNOTS.);
#1596 = CARTESIAN_POINT('',(63.41,154.));
#1597 = CARTESIAN_POINT('',(55.41,154.));
#1598 = ( GEOMETRIC_REPRESENTATION_CONTEXT(2) 
PARAMETRIC_REPRESENTATION_CONTEXT() REPRESENTATION_CONTEXT('2D SPACE',''
  ) );
#1599 = PCURVE('',#1600,#1605);
#1600 = PLANE('',#1601);
#1601 = AXIS2_PLACEMENT_3D('',#1602,#1603,#1604);
#1602 = CARTESIAN_POINT('',(55.41,154.,-70.));
#1603 = DIRECTION('',(0.,1.,0.));
#1604 = DIRECTION('',(1.,0.,0.));
#1605 = DEFINITIONAL_REPRESENTATION('',(#1606),#1609);
#1606 = B_SPLINE_CURVE_WITH_KNOTS('',1,(#1607,#1608),.UNSPECIFIED.,.F.,
  .F.,(2,2),(-35.705,-27.705),.PIECEWISE_BEZIER_KNOTS.);
#1607 = CARTESIAN_POINT('',(8.,-70.));
#1608 = CARTESIAN_POINT('',(0.,-70.));
#1609 = ( GEOMETRIC_REPRESENTATION_CONTEXT(2) 
PARAMETRIC_REPRESENTATION_CONTEXT() REPRESENTATION_CONTEXT('2D SPACE',''
  ) );
#1610 = ORIENTED_EDGE('',*,*,#1611,.T.);
#1611 = EDGE_CURVE('',#1586,#1051,#1612,.T.);
#1612 = SURFACE_CURVE('',#1613,(#1617,#1623),.PCURVE_S1.);
#1613 = LINE('',#1614,#1615);
#1614 = CARTESIAN_POINT('',(55.41,89.,0.));
#1615 = VECTOR('',#1616,1.);
#1616 = DIRECTION('',(-0.,1.,0.));
#1617 = PCURVE('',#329,#1618);
#1618 = DEFINITIONAL_REPRESENTATION('',(#1619),#1622);
#1619 = B_SPLINE_CURVE_WITH_KNOTS('',1,(#1620,#1621),.UNSPECIFIED.,.F.,
  .F.,(2,2),(65.,67.),.PIECEWISE_BEZIER_KNOTS.);
#1620 = CARTESIAN_POINT('',(55.41,154.));
#1621 = CARTESIAN_POINT('',(55.41,156.));
#1622 = ( GEOMETRIC_REPRESENTATION_CONTEXT(2) 
PARAMETRIC_REPRESENTATION_CONTEXT() REPRESENTATION_CONTEXT('2D SPACE',''
  ) );
#1623 = PCURVE('',#1624,#1629);
#1624 = PLANE('',#1625);
#1625 = AXIS2_PLACEMENT_3D('',#1626,#1627,#1628);
#1626 = CARTESIAN_POINT('',(55.41,178.,-70.));
#1627 = DIRECTION('',(1.,0.,-0.));
#1628 = DIRECTION('',(0.,-1.,0.));
#1629 = DEFINITIONAL_REPRESENTATION('',(#1630),#1633);
#1630 = B_SPLINE_CURVE_WITH_KNOTS('',1,(#1631,#1632),.UNSPECIFIED.,.F.,
  .F.,(2,2),(65.,67.),.PIECEWISE_BEZIER_KNOTS.);
#1631 = CARTESIAN_POINT('',(24.,-70.));
#1632 = CARTESIAN_POINT('',(22.,-70.));
#1633 = ( GEOMETRIC_REPRESENTATION_CONTEXT(2) 
PARAMETRIC_REPRESENTATION_CONTEXT() REPRESENTATION_CONTEXT('2D SPACE',''
  ) );
#1634 = FACE_BOUND('',#1635,.T.);
#1635 = EDGE_LOOP('',(#1636,#1666,#1699,#1727));
#1636 = ORIENTED_EDGE('',*,*,#1637,.T.);
#1637 = EDGE_CURVE('',#1638,#1640,#1642,.T.);
#1638 = VERTEX_POINT('',#1639);
#1639 = CARTESIAN_POINT('',(122.,70.,0.));
#1640 = VERTEX_POINT('',#1641);
#1641 = CARTESIAN_POINT('',(121.99999989546,40.001371714289,0.));
#1642 = SURFACE_CURVE('',#1643,(#1647,#1654),.PCURVE_S1.);
#1643 = LINE('',#1644,#1645);
#1644 = CARTESIAN_POINT('',(121.99999987803,34.999999787439,0.));
#1645 = VECTOR('',#1646,1.);
#1646 = DIRECTION('',(-3.484604062122E-09,-1.,0.));
#1647 = PCURVE('',#329,#1648);
#1648 = DEFINITIONAL_REPRESENTATION('',(#1649),#1653);
#1649 = LINE('',#1650,#1651);
#1650 = CARTESIAN_POINT('',(121.99999987803,34.999999787439));
#1651 = VECTOR('',#1652,1.);
#1652 = DIRECTION('',(-3.484604062122E-09,-1.));
#1653 = ( GEOMETRIC_REPRESENTATION_CONTEXT(2) 
PARAMETRIC_REPRESENTATION_CONTEXT() REPRESENTATION_CONTEXT('2D SPACE',''
  ) );
#1654 = PCURVE('',#1655,#1660);
#1655 = PLANE('',#1656);
#1656 = AXIS2_PLACEMENT_3D('',#1657,#1658,#1659);
#1657 = CARTESIAN_POINT('',(122.,70.,0.));
#1658 = DIRECTION('',(1.,-3.484604062122E-09,0.));
#1659 = DIRECTION('',(-3.484604062122E-09,-1.,0.));
#1660 = DEFINITIONAL_REPRESENTATION('',(#1661),#1665);
#1661 = LINE('',#1662,#1663);
#1662 = CARTESIAN_POINT('',(35.000000212561,0.));
#1663 = VECTOR('',#1664,1.);
#1664 = DIRECTION('',(1.,0.));
#1665 = ( GEOMETRIC_REPRESENTATION_CONTEXT(2) 
PARAMETRIC_REPRESENTATION_CONTEXT() REPRESENTATION_CONTEXT('2D SPACE',''
  ) );
#1666 = ORIENTED_EDGE('',*,*,#1667,.T.);
#1667 = EDGE_CURVE('',#1640,#1668,#1670,.T.);
#1668 = VERTEX_POINT('',#1669);
#1669 = CARTESIAN_POINT('',(104.,40.,0.));
#1670 = SURFACE_CURVE('',#1671,(#1676,#1687),.PCURVE_S1.);
#1671 = CIRCLE('',#1672,9.);
#1672 = AXIS2_PLACEMENT_3D('',#1673,#1674,#1675);
#1673 = CARTESIAN_POINT('',(113.,40.,0.));
#1674 = DIRECTION('',(0.,0.,-1.));
#1675 = DIRECTION('',(-1.,6.414621920056E-15,0.));
#1676 = PCURVE('',#329,#1677);
#1677 = DEFINITIONAL_REPRESENTATION('',(#1678),#1686);
#1678 = ( BOUNDED_CURVE() B_SPLINE_CURVE(2,(#1679,#1680,#1681,#1682,
#1683,#1684,#1685),.UNSPECIFIED.,.T.,.F.) B_SPLINE_CURVE_WITH_KNOTS((1,2
    ,2,2,2,1),(-2.094395102393,0.,2.094395102393,4.188790204786,
6.28318530718,8.377580409573),.UNSPECIFIED.) CURVE() 
GEOMETRIC_REPRESENTATION_ITEM() RATIONAL_B_SPLINE_CURVE((1.,0.5,1.,0.5,
1.,0.5,1.)) REPRESENTATION_ITEM('') );
#1679 = CARTESIAN_POINT('',(104.,40.));
#1680 = CARTESIAN_POINT('',(104.,55.58845726812));
#1681 = CARTESIAN_POINT('',(117.5,47.79422863406));
#1682 = CARTESIAN_POINT('',(131.,40.));
#1683 = CARTESIAN_POINT('',(117.5,32.20577136594));
#1684 = CARTESIAN_POINT('',(104.,24.41154273188));
#1685 = CARTESIAN_POINT('',(104.,40.));
#1686 = ( GEOMETRIC_REPRESENTATION_CONTEXT(2) 
PARAMETRIC_REPRESENTATION_CONTEXT() REPRESENTATION_CONTEXT('2D SPACE',''
  ) );
#1687 = PCURVE('',#1688,#1693);
#1688 = CYLINDRICAL_SURFACE('',#1689,9.);
#1689 = AXIS2_PLACEMENT_3D('',#1690,#1691,#1692);
#1690 = CARTESIAN_POINT('',(113.,40.,0.));
#1691 = DIRECTION('',(0.,0.,-1.));
#1692 = DIRECTION('',(7.620634960757E-05,-0.999999997096,0.));
#1693 = DEFINITIONAL_REPRESENTATION('',(#1694),#1698);
#1694 = LINE('',#1695,#1696);
#1695 = CARTESIAN_POINT('',(-4.712312774035,0.));
#1696 = VECTOR('',#1697,1.);
#1697 = DIRECTION('',(1.,0.));
#1698 = ( GEOMETRIC_REPRESENTATION_CONTEXT(2) 
PARAMETRIC_REPRESENTATION_CONTEXT() REPRESENTATION_CONTEXT('2D SPACE',''
  ) );
#1699 = ORIENTED_EDGE('',*,*,#1700,.T.);
#1700 = EDGE_CURVE('',#1668,#1701,#1703,.T.);
#1701 = VERTEX_POINT('',#1702);
#1702 = CARTESIAN_POINT('',(104.,70.,0.));
#1703 = SURFACE_CURVE('',#1704,(#1708,#1715),.PCURVE_S1.);
#1704 = LINE('',#1705,#1706);
#1705 = CARTESIAN_POINT('',(104.,20.,0.));
#1706 = VECTOR('',#1707,1.);
#1707 = DIRECTION('',(0.,1.,0.));
#1708 = PCURVE('',#329,#1709);
#1709 = DEFINITIONAL_REPRESENTATION('',(#1710),#1714);
#1710 = LINE('',#1711,#1712);
#1711 = CARTESIAN_POINT('',(104.,20.));
#1712 = VECTOR('',#1713,1.);
#1713 = DIRECTION('',(0.,1.));
#1714 = ( GEOMETRIC_REPRESENTATION_CONTEXT(2) 
PARAMETRIC_REPRESENTATION_CONTEXT() REPRESENTATION_CONTEXT('2D SPACE',''
  ) );
#1715 = PCURVE('',#1716,#1721);
#1716 = PLANE('',#1717);
#1717 = AXIS2_PLACEMENT_3D('',#1718,#1719,#1720);
#1718 = CARTESIAN_POINT('',(104.,40.,0.));
#1719 = DIRECTION('',(-1.,0.,0.));
#1720 = DIRECTION('',(0.,1.,0.));
#1721 = DEFINITIONAL_REPRESENTATION('',(#1722),#1726);
#1722 = LINE('',#1723,#1724);
#1723 = CARTESIAN_POINT('',(-20.,0.));
#1724 = VECTOR('',#1725,1.);
#1725 = DIRECTION('',(1.,0.));
#1726 = ( GEOMETRIC_REPRESENTATION_CONTEXT(2) 
PARAMETRIC_REPRESENTATION_CONTEXT() REPRESENTATION_CONTEXT('2D SPACE',''
  ) );
#1727 = ORIENTED_EDGE('',*,*,#1728,.T.);
#1728 = EDGE_CURVE('',#1701,#1638,#1729,.T.);
#1729 = SURFACE_CURVE('',#1730,(#1735,#1746),.PCURVE_S1.);
#1730 = CIRCLE('',#1731,9.);
#1731 = AXIS2_PLACEMENT_3D('',#1732,#1733,#1734);
#1732 = CARTESIAN_POINT('',(113.,70.,0.));
#1733 = DIRECTION('',(0.,0.,-1.));
#1734 = DIRECTION('',(1.,0.,0.));
#1735 = PCURVE('',#329,#1736);
#1736 = DEFINITIONAL_REPRESENTATION('',(#1737),#1745);
#1737 = ( BOUNDED_CURVE() B_SPLINE_CURVE(2,(#1738,#1739,#1740,#1741,
#1742,#1743,#1744),.UNSPECIFIED.,.T.,.F.) B_SPLINE_CURVE_WITH_KNOTS((1,2
    ,2,2,2,1),(-2.094395102393,0.,2.094395102393,4.188790204786,
6.28318530718,8.377580409573),.UNSPECIFIED.) CURVE() 
GEOMETRIC_REPRESENTATION_ITEM() RATIONAL_B_SPLINE_CURVE((1.,0.5,1.,0.5,
1.,0.5,1.)) REPRESENTATION_ITEM('') );
#1738 = CARTESIAN_POINT('',(122.,70.));
#1739 = CARTESIAN_POINT('',(122.,54.41154273188));
#1740 = CARTESIAN_POINT('',(108.5,62.20577136594));
#1741 = CARTESIAN_POINT('',(95.,70.));
#1742 = CARTESIAN_POINT('',(108.5,77.79422863406));
#1743 = CARTESIAN_POINT('',(122.,85.58845726812));
#1744 = CARTESIAN_POINT('',(122.,70.));
#1745 = ( GEOMETRIC_REPRESENTATION_CONTEXT(2) 
PARAMETRIC_REPRESENTATION_CONTEXT() REPRESENTATION_CONTEXT('2D SPACE',''
  ) );
#1746 = PCURVE('',#1747,#1752);
#1747 = CYLINDRICAL_SURFACE('',#1748,9.);
#1748 = AXIS2_PLACEMENT_3D('',#1749,#1750,#1751);
#1749 = CARTESIAN_POINT('',(113.,70.,0.));
#1750 = DIRECTION('',(0.,0.,-1.));
#1751 = DIRECTION('',(1.,0.,0.));
#1752 = DEFINITIONAL_REPRESENTATION('',(#1753),#1757);
#1753 = LINE('',#1754,#1755);
#1754 = CARTESIAN_POINT('',(0.,0.));
#1755 = VECTOR('',#1756,1.);
#1756 = DIRECTION('',(1.,0.));
#1757 = ( GEOMETRIC_REPRESENTATION_CONTEXT(2) 
PARAMETRIC_REPRESENTATION_CONTEXT() REPRESENTATION_CONTEXT('2D SPACE',''
  ) );
#1758 = ADVANCED_FACE('',(#1759),#363,.F.);
#1759 = FACE_BOUND('',#1760,.F.);
#1760 = EDGE_LOOP('',(#1761,#1782,#1783,#1784));
#1761 = ORIENTED_EDGE('',*,*,#1762,.T.);
#1762 = EDGE_CURVE('',#809,#347,#1763,.T.);
#1763 = SEAM_CURVE('',#1764,(#1768,#1775),.PCURVE_S1.);
#1764 = LINE('',#1765,#1766);
#1765 = CARTESIAN_POINT('',(22.5,15.,-30.));
#1766 = VECTOR('',#1767,1.);
#1767 = DIRECTION('',(0.,-1.,0.));
#1768 = PCURVE('',#363,#1769);
#1769 = DEFINITIONAL_REPRESENTATION('',(#1770),#1774);
#1770 = LINE('',#1771,#1772);
#1771 = CARTESIAN_POINT('',(9.424777960769,0.));
#1772 = VECTOR('',#1773,1.);
#1773 = DIRECTION('',(0.,1.));
#1774 = ( GEOMETRIC_REPRESENTATION_CONTEXT(2) 
PARAMETRIC_REPRESENTATION_CONTEXT() REPRESENTATION_CONTEXT('2D SPACE',''
  ) );
#1775 = PCURVE('',#363,#1776);
#1776 = DEFINITIONAL_REPRESENTATION('',(#1777),#1781);
#1777 = LINE('',#1778,#1779);
#1778 = CARTESIAN_POINT('',(3.14159265359,0.));
#1779 = VECTOR('',#1780,1.);
#1780 = DIRECTION('',(0.,1.));
#1781 = ( GEOMETRIC_REPRESENTATION_CONTEXT(2) 
PARAMETRIC_REPRESENTATION_CONTEXT() REPRESENTATION_CONTEXT('2D SPACE',''
  ) );
#1782 = ORIENTED_EDGE('',*,*,#346,.T.);
#1783 = ORIENTED_EDGE('',*,*,#1762,.F.);
#1784 = ORIENTED_EDGE('',*,*,#808,.T.);
#1785 = ADVANCED_FACE('',(#1786),#395,.F.);
#1786 = FACE_BOUND('',#1787,.T.);
#1787 = EDGE_LOOP('',(#1788,#1789,#1812,#1835,#1863,#1886));
#1788 = ORIENTED_EDGE('',*,*,#377,.F.);
#1789 = ORIENTED_EDGE('',*,*,#1790,.F.);
#1790 = EDGE_CURVE('',#1791,#378,#1793,.T.);
#1791 = VERTEX_POINT('',#1792);
#1792 = CARTESIAN_POINT('',(46.5,45.,-12.00000017881));
#1793 = SURFACE_CURVE('',#1794,(#1798,#1805),.PCURVE_S1.);
#1794 = LINE('',#1795,#1796);
#1795 = CARTESIAN_POINT('',(46.5,153.,-12.00000017881));
#1796 = VECTOR('',#1797,1.);
#1797 = DIRECTION('',(0.,-1.,0.));
#1798 = PCURVE('',#395,#1799);
#1799 = DEFINITIONAL_REPRESENTATION('',(#1800),#1804);
#1800 = LINE('',#1801,#1802);
#1801 = CARTESIAN_POINT('',(42.,0.));
#1802 = VECTOR('',#1803,1.);
#1803 = DIRECTION('',(0.,1.));
#1804 = ( GEOMETRIC_REPRESENTATION_CONTEXT(2) 
PARAMETRIC_REPRESENTATION_CONTEXT() REPRESENTATION_CONTEXT('2D SPACE',''
  ) );
#1805 = PCURVE('',#477,#1806);
#1806 = DEFINITIONAL_REPRESENTATION('',(#1807),#1811);
#1807 = LINE('',#1808,#1809);
#1808 = CARTESIAN_POINT('',(0.,-0.));
#1809 = VECTOR('',#1810,1.);
#1810 = DIRECTION('',(0.,1.));
#1811 = ( GEOMETRIC_REPRESENTATION_CONTEXT(2) 
PARAMETRIC_REPRESENTATION_CONTEXT() REPRESENTATION_CONTEXT('2D SPACE',''
  ) );
#1812 = ORIENTED_EDGE('',*,*,#1813,.F.);
#1813 = EDGE_CURVE('',#1814,#1791,#1816,.T.);
#1814 = VERTEX_POINT('',#1815);
#1815 = CARTESIAN_POINT('',(63.772029585268,32.674133133705,
    -12.00000017881));
#1816 = SURFACE_CURVE('',#1817,(#1821,#1828),.PCURVE_S1.);
#1817 = LINE('',#1818,#1819);
#1818 = CARTESIAN_POINT('',(43.517081573823,47.12870498007,
    -12.00000017881));
#1819 = VECTOR('',#1820,1.);
#1820 = DIRECTION('',(-0.813985207366,0.580885601637,0.));
#1821 = PCURVE('',#395,#1822);
#1822 = DEFINITIONAL_REPRESENTATION('',(#1823),#1827);
#1823 = LINE('',#1824,#1825);
#1824 = CARTESIAN_POINT('',(44.982918426177,105.87129501993));
#1825 = VECTOR('',#1826,1.);
#1826 = DIRECTION('',(0.813985207366,-0.580885601637));
#1827 = ( GEOMETRIC_REPRESENTATION_CONTEXT(2) 
PARAMETRIC_REPRESENTATION_CONTEXT() REPRESENTATION_CONTEXT('2D SPACE',''
  ) );
#1828 = PCURVE('',#1294,#1829);
#1829 = DEFINITIONAL_REPRESENTATION('',(#1830),#1834);
#1830 = LINE('',#1831,#1832);
#1831 = CARTESIAN_POINT('',(24.883680720666,12.00000017881));
#1832 = VECTOR('',#1833,1.);
#1833 = DIRECTION('',(1.,0.));
#1834 = ( GEOMETRIC_REPRESENTATION_CONTEXT(2) 
PARAMETRIC_REPRESENTATION_CONTEXT() REPRESENTATION_CONTEXT('2D SPACE',''
  ) );
#1835 = ORIENTED_EDGE('',*,*,#1836,.F.);
#1836 = EDGE_CURVE('',#1837,#1814,#1839,.T.);
#1837 = VERTEX_POINT('',#1838);
#1838 = CARTESIAN_POINT('',(74.546394116851,32.912157429756,
    -12.00000017881));
#1839 = SURFACE_CURVE('',#1840,(#1845,#1856),.PCURVE_S1.);
#1840 = CIRCLE('',#1841,9.);
#1841 = AXIS2_PLACEMENT_3D('',#1842,#1843,#1844);
#1842 = CARTESIAN_POINT('',(69.,40.,-12.00000017881));
#1843 = DIRECTION('',(0.,0.,-1.));
#1844 = DIRECTION('',(-0.580885601637,-0.813985207366,-0.));
#1845 = PCURVE('',#395,#1846);
#1846 = DEFINITIONAL_REPRESENTATION('',(#1847),#1855);
#1847 = ( BOUNDED_CURVE() B_SPLINE_CURVE(2,(#1848,#1849,#1850,#1851,
#1852,#1853,#1854),.UNSPECIFIED.,.T.,.F.) B_SPLINE_CURVE_WITH_KNOTS((1,2
    ,2,2,2,1),(-2.094395102393,0.,2.094395102393,4.188790204786,
6.28318530718,8.377580409573),.UNSPECIFIED.) CURVE() 
GEOMETRIC_REPRESENTATION_ITEM() RATIONAL_B_SPLINE_CURVE((1.,0.5,1.,0.5,
1.,0.5,1.)) REPRESENTATION_ITEM('') );
#1848 = CARTESIAN_POINT('',(24.727970414733,120.32586686629));
#1849 = CARTESIAN_POINT('',(37.416744036641,111.2707564875));
#1850 = CARTESIAN_POINT('',(23.230401603587,104.80951137746));
#1851 = CARTESIAN_POINT('',(9.044059170533,98.348266267411));
#1852 = CARTESIAN_POINT('',(10.54162798168,113.86462175624));
#1853 = CARTESIAN_POINT('',(12.039196792826,129.38097724508));
#1854 = CARTESIAN_POINT('',(24.727970414733,120.32586686629));
#1855 = ( GEOMETRIC_REPRESENTATION_CONTEXT(2) 
PARAMETRIC_REPRESENTATION_CONTEXT() REPRESENTATION_CONTEXT('2D SPACE',''
  ) );
#1856 = PCURVE('',#1266,#1857);
#1857 = DEFINITIONAL_REPRESENTATION('',(#1858),#1862);
#1858 = LINE('',#1859,#1860);
#1859 = CARTESIAN_POINT('',(8.881784197001E-16,12.000000178814));
#1860 = VECTOR('',#1861,1.);
#1861 = DIRECTION('',(1.,0.));
#1862 = ( GEOMETRIC_REPRESENTATION_CONTEXT(2) 
PARAMETRIC_REPRESENTATION_CONTEXT() REPRESENTATION_CONTEXT('2D SPACE',''
  ) );
#1863 = ORIENTED_EDGE('',*,*,#1864,.F.);
#1864 = EDGE_CURVE('',#1865,#1837,#1867,.T.);
#1865 = VERTEX_POINT('',#1866);
#1866 = CARTESIAN_POINT('',(88.5,43.823210820521,-12.00000017881));
#1867 = SURFACE_CURVE('',#1868,(#1872,#1879),.PCURVE_S1.);
#1868 = LINE('',#1869,#1870);
#1869 = CARTESIAN_POINT('',(115.85871133977,65.216416464327,
    -12.00000017881));
#1870 = VECTOR('',#1871,1.);
#1871 = DIRECTION('',(-0.787755920666,-0.615987507549,0.));
#1872 = PCURVE('',#395,#1873);
#1873 = DEFINITIONAL_REPRESENTATION('',(#1874),#1878);
#1874 = LINE('',#1875,#1876);
#1875 = CARTESIAN_POINT('',(-27.35871133977,87.783583535673));
#1876 = VECTOR('',#1877,1.);
#1877 = DIRECTION('',(0.787755920666,0.615987507549));
#1878 = ( GEOMETRIC_REPRESENTATION_CONTEXT(2) 
PARAMETRIC_REPRESENTATION_CONTEXT() REPRESENTATION_CONTEXT('2D SPACE',''
  ) );
#1879 = PCURVE('',#1237,#1880);
#1880 = DEFINITIONAL_REPRESENTATION('',(#1881),#1885);
#1881 = LINE('',#1882,#1883);
#1882 = CARTESIAN_POINT('',(-32.52160398612,12.00000017881));
#1883 = VECTOR('',#1884,1.);
#1884 = DIRECTION('',(1.,0.));
#1885 = ( GEOMETRIC_REPRESENTATION_CONTEXT(2) 
PARAMETRIC_REPRESENTATION_CONTEXT() REPRESENTATION_CONTEXT('2D SPACE',''
  ) );
#1886 = ORIENTED_EDGE('',*,*,#1887,.T.);
#1887 = EDGE_CURVE('',#1865,#380,#1888,.T.);
#1888 = SURFACE_CURVE('',#1889,(#1893,#1900),.PCURVE_S1.);
#1889 = LINE('',#1890,#1891);
#1890 = CARTESIAN_POINT('',(88.5,153.,-12.00000017881));
#1891 = VECTOR('',#1892,1.);
#1892 = DIRECTION('',(0.,-1.,0.));
#1893 = PCURVE('',#395,#1894);
#1894 = DEFINITIONAL_REPRESENTATION('',(#1895),#1899);
#1895 = LINE('',#1896,#1897);
#1896 = CARTESIAN_POINT('',(0.,0.));
#1897 = VECTOR('',#1898,1.);
#1898 = DIRECTION('',(0.,1.));
#1899 = ( GEOMETRIC_REPRESENTATION_CONTEXT(2) 
PARAMETRIC_REPRESENTATION_CONTEXT() REPRESENTATION_CONTEXT('2D SPACE',''
  ) );
#1900 = PCURVE('',#423,#1901);
#1901 = DEFINITIONAL_REPRESENTATION('',(#1902),#1906);
#1902 = LINE('',#1903,#1904);
#1903 = CARTESIAN_POINT('',(17.99999982119,0.));
#1904 = VECTOR('',#1905,1.);
#1905 = DIRECTION('',(0.,1.));
#1906 = ( GEOMETRIC_REPRESENTATION_CONTEXT(2) 
PARAMETRIC_REPRESENTATION_CONTEXT() REPRESENTATION_CONTEXT('2D SPACE',''
  ) );
#1907 = ADVANCED_FACE('',(#1908),#423,.F.);
#1908 = FACE_BOUND('',#1909,.T.);
#1909 = EDGE_LOOP('',(#1910,#1911,#1912,#1935));
#1910 = ORIENTED_EDGE('',*,*,#407,.F.);
#1911 = ORIENTED_EDGE('',*,*,#1887,.F.);
#1912 = ORIENTED_EDGE('',*,*,#1913,.F.);
#1913 = EDGE_CURVE('',#1914,#1865,#1916,.T.);
#1914 = VERTEX_POINT('',#1915);
#1915 = CARTESIAN_POINT('',(88.5,43.823210820521,-30.));
#1916 = SURFACE_CURVE('',#1917,(#1921,#1928),.PCURVE_S1.);
#1917 = LINE('',#1918,#1919);
#1918 = CARTESIAN_POINT('',(88.5,43.823210820521,-15.));
#1919 = VECTOR('',#1920,1.);
#1920 = DIRECTION('',(0.,0.,1.));
#1921 = PCURVE('',#423,#1922);
#1922 = DEFINITIONAL_REPRESENTATION('',(#1923),#1927);
#1923 = LINE('',#1924,#1925);
#1924 = CARTESIAN_POINT('',(15.,109.17678917947));
#1925 = VECTOR('',#1926,1.);
#1926 = DIRECTION('',(1.,0.));
#1927 = ( GEOMETRIC_REPRESENTATION_CONTEXT(2) 
PARAMETRIC_REPRESENTATION_CONTEXT() REPRESENTATION_CONTEXT('2D SPACE',''
  ) );
#1928 = PCURVE('',#1237,#1929);
#1929 = DEFINITIONAL_REPRESENTATION('',(#1930),#1934);
#1930 = LINE('',#1931,#1932);
#1931 = CARTESIAN_POINT('',(2.208330276573,15.));
#1932 = VECTOR('',#1933,1.);
#1933 = DIRECTION('',(0.,-1.));
#1934 = ( GEOMETRIC_REPRESENTATION_CONTEXT(2) 
PARAMETRIC_REPRESENTATION_CONTEXT() REPRESENTATION_CONTEXT('2D SPACE',''
  ) );
#1935 = ORIENTED_EDGE('',*,*,#1936,.T.);
#1936 = EDGE_CURVE('',#1914,#408,#1937,.T.);
#1937 = SURFACE_CURVE('',#1938,(#1942,#1949),.PCURVE_S1.);
#1938 = LINE('',#1939,#1940);
#1939 = CARTESIAN_POINT('',(88.5,153.,-30.));
#1940 = VECTOR('',#1941,1.);
#1941 = DIRECTION('',(0.,-1.,0.));
#1942 = PCURVE('',#423,#1943);
#1943 = DEFINITIONAL_REPRESENTATION('',(#1944),#1948);
#1944 = LINE('',#1945,#1946);
#1945 = CARTESIAN_POINT('',(0.,0.));
#1946 = VECTOR('',#1947,1.);
#1947 = DIRECTION('',(0.,1.));
#1948 = ( GEOMETRIC_REPRESENTATION_CONTEXT(2) 
PARAMETRIC_REPRESENTATION_CONTEXT() REPRESENTATION_CONTEXT('2D SPACE',''
  ) );
#1949 = PCURVE('',#451,#1950);
#1950 = DEFINITIONAL_REPRESENTATION('',(#1951),#1955);
#1951 = LINE('',#1952,#1953);
#1952 = CARTESIAN_POINT('',(42.,0.));
#1953 = VECTOR('',#1954,1.);
#1954 = DIRECTION('',(0.,1.));
#1955 = ( GEOMETRIC_REPRESENTATION_CONTEXT(2) 
PARAMETRIC_REPRESENTATION_CONTEXT() REPRESENTATION_CONTEXT('2D SPACE',''
  ) );
#1956 = ADVANCED_FACE('',(#1957),#451,.F.);
#1957 = FACE_BOUND('',#1958,.T.);
#1958 = EDGE_LOOP('',(#1959,#1960,#1961,#1984,#2017,#2045));
#1959 = ORIENTED_EDGE('',*,*,#435,.F.);
#1960 = ORIENTED_EDGE('',*,*,#1936,.F.);
#1961 = ORIENTED_EDGE('',*,*,#1962,.F.);
#1962 = EDGE_CURVE('',#1963,#1914,#1965,.T.);
#1963 = VERTEX_POINT('',#1964);
#1964 = CARTESIAN_POINT('',(74.546394116851,32.912157429756,-30.));
#1965 = SURFACE_CURVE('',#1966,(#1970,#1977),.PCURVE_S1.);
#1966 = LINE('',#1967,#1968);
#1967 = CARTESIAN_POINT('',(102.82696413835,55.026212535648,-30.));
#1968 = VECTOR('',#1969,1.);
#1969 = DIRECTION('',(0.787755920666,0.615987507549,0.));
#1970 = PCURVE('',#451,#1971);
#1971 = DEFINITIONAL_REPRESENTATION('',(#1972),#1976);
#1972 = LINE('',#1973,#1974);
#1973 = CARTESIAN_POINT('',(56.32696413835,97.973787464352));
#1974 = VECTOR('',#1975,1.);
#1975 = DIRECTION('',(0.787755920666,-0.615987507549));
#1976 = ( GEOMETRIC_REPRESENTATION_CONTEXT(2) 
PARAMETRIC_REPRESENTATION_CONTEXT() REPRESENTATION_CONTEXT('2D SPACE',''
  ) );
#1977 = PCURVE('',#1237,#1978);
#1978 = DEFINITIONAL_REPRESENTATION('',(#1979),#1983);
#1979 = LINE('',#1980,#1981);
#1980 = CARTESIAN_POINT('',(-15.97872965214,30.));
#1981 = VECTOR('',#1982,1.);
#1982 = DIRECTION('',(-1.,0.));
#1983 = ( GEOMETRIC_REPRESENTATION_CONTEXT(2) 
PARAMETRIC_REPRESENTATION_CONTEXT() REPRESENTATION_CONTEXT('2D SPACE',''
  ) );
#1984 = ORIENTED_EDGE('',*,*,#1985,.F.);
#1985 = EDGE_CURVE('',#1986,#1963,#1988,.T.);
#1986 = VERTEX_POINT('',#1987);
#1987 = CARTESIAN_POINT('',(63.772029585268,32.674133133705,-30.));
#1988 = SURFACE_CURVE('',#1989,(#1994,#2005),.PCURVE_S1.);
#1989 = CIRCLE('',#1990,9.);
#1990 = AXIS2_PLACEMENT_3D('',#1991,#1992,#1993);
#1991 = CARTESIAN_POINT('',(69.,40.,-30.));
#1992 = DIRECTION('',(0.,0.,1.));
#1993 = DIRECTION('',(-0.580885601637,-0.813985207366,0.));
#1994 = PCURVE('',#451,#1995);
#1995 = DEFINITIONAL_REPRESENTATION('',(#1996),#2004);
#1996 = ( BOUNDED_CURVE() B_SPLINE_CURVE(2,(#1997,#1998,#1999,#2000,
#2001,#2002,#2003),.UNSPECIFIED.,.T.,.F.) B_SPLINE_CURVE_WITH_KNOTS((1,2
    ,2,2,2,1),(-2.094395102393,0.,2.094395102393,4.188790204786,
6.28318530718,8.377580409573),.UNSPECIFIED.) CURVE() 
GEOMETRIC_REPRESENTATION_ITEM() RATIONAL_B_SPLINE_CURVE((1.,0.5,1.,0.5,
1.,0.5,1.)) REPRESENTATION_ITEM('') );
#1997 = CARTESIAN_POINT('',(17.272029585267,120.32586686629));
#1998 = CARTESIAN_POINT('',(29.960803207174,129.38097724508));
#1999 = CARTESIAN_POINT('',(31.45837201832,113.86462175624));
#2000 = CARTESIAN_POINT('',(32.955940829467,98.348266267411));
#2001 = CARTESIAN_POINT('',(18.769598396413,104.80951137746));
#2002 = CARTESIAN_POINT('',(4.583255963359,111.2707564875));
#2003 = CARTESIAN_POINT('',(17.272029585267,120.32586686629));
#2004 = ( GEOMETRIC_REPRESENTATION_CONTEXT(2) 
PARAMETRIC_REPRESENTATION_CONTEXT() REPRESENTATION_CONTEXT('2D SPACE',''
  ) );
#2005 = PCURVE('',#2006,#2011);
#2006 = CYLINDRICAL_SURFACE('',#2007,9.);
#2007 = AXIS2_PLACEMENT_3D('',#2008,#2009,#2010);
#2008 = CARTESIAN_POINT('',(69.,40.,0.));
#2009 = DIRECTION('',(0.,0.,-1.));
#2010 = DIRECTION('',(-0.580885601637,-0.813985207366,-0.));
#2011 = DEFINITIONAL_REPRESENTATION('',(#2012),#2016);
#2012 = LINE('',#2013,#2014);
#2013 = CARTESIAN_POINT('',(6.28318530718,30.));
#2014 = VECTOR('',#2015,1.);
#2015 = DIRECTION('',(-1.,0.));
#2016 = ( GEOMETRIC_REPRESENTATION_CONTEXT(2) 
PARAMETRIC_REPRESENTATION_CONTEXT() REPRESENTATION_CONTEXT('2D SPACE',''
  ) );
#2017 = ORIENTED_EDGE('',*,*,#2018,.F.);
#2018 = EDGE_CURVE('',#2019,#1986,#2021,.T.);
#2019 = VERTEX_POINT('',#2020);
#2020 = CARTESIAN_POINT('',(46.5,45.,-30.));
#2021 = SURFACE_CURVE('',#2022,(#2026,#2033),.PCURVE_S1.);
#2022 = LINE('',#2023,#2024);
#2023 = CARTESIAN_POINT('',(29.603071299794,57.058183005063,-30.));
#2024 = VECTOR('',#2025,1.);
#2025 = DIRECTION('',(0.813985207366,-0.580885601637,0.));
#2026 = PCURVE('',#451,#2027);
#2027 = DEFINITIONAL_REPRESENTATION('',(#2028),#2032);
#2028 = LINE('',#2029,#2030);
#2029 = CARTESIAN_POINT('',(-16.8969287002,95.941816994937));
#2030 = VECTOR('',#2031,1.);
#2031 = DIRECTION('',(0.813985207366,0.580885601637));
#2032 = ( GEOMETRIC_REPRESENTATION_CONTEXT(2) 
PARAMETRIC_REPRESENTATION_CONTEXT() REPRESENTATION_CONTEXT('2D SPACE',''
  ) );
#2033 = PCURVE('',#2034,#2039);
#2034 = PLANE('',#2035);
#2035 = AXIS2_PLACEMENT_3D('',#2036,#2037,#2038);
#2036 = CARTESIAN_POINT('',(63.772029585268,32.674133133705,0.));
#2037 = DIRECTION('',(-0.580885601637,-0.813985207366,0.));
#2038 = DIRECTION('',(-0.813985207366,0.580885601637,0.));
#2039 = DEFINITIONAL_REPRESENTATION('',(#2040),#2044);
#2040 = LINE('',#2041,#2042);
#2041 = CARTESIAN_POINT('',(41.977370075355,30.));
#2042 = VECTOR('',#2043,1.);
#2043 = DIRECTION('',(-1.,-0.));
#2044 = ( GEOMETRIC_REPRESENTATION_CONTEXT(2) 
PARAMETRIC_REPRESENTATION_CONTEXT() REPRESENTATION_CONTEXT('2D SPACE',''
  ) );
#2045 = ORIENTED_EDGE('',*,*,#2046,.T.);
#2046 = EDGE_CURVE('',#2019,#436,#2047,.T.);
#2047 = SURFACE_CURVE('',#2048,(#2052,#2059),.PCURVE_S1.);
#2048 = LINE('',#2049,#2050);
#2049 = CARTESIAN_POINT('',(46.5,153.,-30.));
#2050 = VECTOR('',#2051,1.);
#2051 = DIRECTION('',(0.,-1.,0.));
#2052 = PCURVE('',#451,#2053);
#2053 = DEFINITIONAL_REPRESENTATION('',(#2054),#2058);
#2054 = LINE('',#2055,#2056);
#2055 = CARTESIAN_POINT('',(0.,0.));
#2056 = VECTOR('',#2057,1.);
#2057 = DIRECTION('',(0.,1.));
#2058 = ( GEOMETRIC_REPRESENTATION_CONTEXT(2) 
PARAMETRIC_REPRESENTATION_CONTEXT() REPRESENTATION_CONTEXT('2D SPACE',''
  ) );
#2059 = PCURVE('',#477,#2060);
#2060 = DEFINITIONAL_REPRESENTATION('',(#2061),#2065);
#2061 = LINE('',#2062,#2063);
#2062 = CARTESIAN_POINT('',(17.99999982119,0.));
#2063 = VECTOR('',#2064,1.);
#2064 = DIRECTION('',(0.,1.));
#2065 = ( GEOMETRIC_REPRESENTATION_CONTEXT(2) 
PARAMETRIC_REPRESENTATION_CONTEXT() REPRESENTATION_CONTEXT('2D SPACE',''
  ) );
#2066 = ADVANCED_FACE('',(#2067),#477,.F.);
#2067 = FACE_BOUND('',#2068,.T.);
#2068 = EDGE_LOOP('',(#2069,#2070,#2071,#2092));
#2069 = ORIENTED_EDGE('',*,*,#463,.F.);
#2070 = ORIENTED_EDGE('',*,*,#2046,.F.);
#2071 = ORIENTED_EDGE('',*,*,#2072,.F.);
#2072 = EDGE_CURVE('',#1791,#2019,#2073,.T.);
#2073 = SURFACE_CURVE('',#2074,(#2078,#2085),.PCURVE_S1.);
#2074 = LINE('',#2075,#2076);
#2075 = CARTESIAN_POINT('',(46.5,45.,0.));
#2076 = VECTOR('',#2077,1.);
#2077 = DIRECTION('',(0.,0.,-1.));
#2078 = PCURVE('',#477,#2079);
#2079 = DEFINITIONAL_REPRESENTATION('',(#2080),#2084);
#2080 = LINE('',#2081,#2082);
#2081 = CARTESIAN_POINT('',(-12.00000017881,108.));
#2082 = VECTOR('',#2083,1.);
#2083 = DIRECTION('',(1.,0.));
#2084 = ( GEOMETRIC_REPRESENTATION_CONTEXT(2) 
PARAMETRIC_REPRESENTATION_CONTEXT() REPRESENTATION_CONTEXT('2D SPACE',''
  ) );
#2085 = PCURVE('',#1322,#2086);
#2086 = DEFINITIONAL_REPRESENTATION('',(#2087),#2091);
#2087 = LINE('',#2088,#2089);
#2088 = CARTESIAN_POINT('',(0.,-0.));
#2089 = VECTOR('',#2090,1.);
#2090 = DIRECTION('',(0.,1.));
#2091 = ( GEOMETRIC_REPRESENTATION_CONTEXT(2) 
PARAMETRIC_REPRESENTATION_CONTEXT() REPRESENTATION_CONTEXT('2D SPACE',''
  ) );
#2092 = ORIENTED_EDGE('',*,*,#1790,.T.);
#2093 = ADVANCED_FACE('',(#2094),#510,.F.);
#2094 = FACE_BOUND('',#2095,.F.);
#2095 = EDGE_LOOP('',(#2096,#2097,#2098,#2121));
#2096 = ORIENTED_EDGE('',*,*,#492,.F.);
#2097 = ORIENTED_EDGE('',*,*,#1389,.F.);
#2098 = ORIENTED_EDGE('',*,*,#2099,.F.);
#2099 = EDGE_CURVE('',#2100,#1390,#2102,.T.);
#2100 = VERTEX_POINT('',#2101);
#2101 = CARTESIAN_POINT('',(130.5,19.,-42.));
#2102 = SURFACE_CURVE('',#2103,(#2107,#2114),.PCURVE_S1.);
#2103 = LINE('',#2104,#2105);
#2104 = CARTESIAN_POINT('',(130.5,19.,-15.));
#2105 = VECTOR('',#2106,1.);
#2106 = DIRECTION('',(0.,0.,1.));
#2107 = PCURVE('',#510,#2108);
#2108 = DEFINITIONAL_REPRESENTATION('',(#2109),#2113);
#2109 = LINE('',#2110,#2111);
#2110 = CARTESIAN_POINT('',(5.497787143783,0.));
#2111 = VECTOR('',#2112,1.);
#2112 = DIRECTION('',(0.,1.));
#2113 = ( GEOMETRIC_REPRESENTATION_CONTEXT(2) 
PARAMETRIC_REPRESENTATION_CONTEXT() REPRESENTATION_CONTEXT('2D SPACE',''
  ) );
#2114 = PCURVE('',#1429,#2115);
#2115 = DEFINITIONAL_REPRESENTATION('',(#2116),#2120);
#2116 = LINE('',#2117,#2118);
#2117 = CARTESIAN_POINT('',(15.,4.));
#2118 = VECTOR('',#2119,1.);
#2119 = DIRECTION('',(-1.,0.));
#2120 = ( GEOMETRIC_REPRESENTATION_CONTEXT(2) 
PARAMETRIC_REPRESENTATION_CONTEXT() REPRESENTATION_CONTEXT('2D SPACE',''
  ) );
#2121 = ORIENTED_EDGE('',*,*,#2122,.F.);
#2122 = EDGE_CURVE('',#495,#2100,#2123,.T.);
#2123 = SURFACE_CURVE('',#2124,(#2129,#2136),.PCURVE_S1.);
#2124 = CIRCLE('',#2125,4.);
#2125 = AXIS2_PLACEMENT_3D('',#2126,#2127,#2128);
#2126 = CARTESIAN_POINT('',(134.5,19.,-42.));
#2127 = DIRECTION('',(0.,0.,-1.));
#2128 = DIRECTION('',(-0.707106781187,-0.707106781187,-0.));
#2129 = PCURVE('',#510,#2130);
#2130 = DEFINITIONAL_REPRESENTATION('',(#2131),#2135);
#2131 = LINE('',#2132,#2133);
#2132 = CARTESIAN_POINT('',(12.566370614359,-27.));
#2133 = VECTOR('',#2134,1.);
#2134 = DIRECTION('',(-1.,0.));
#2135 = ( GEOMETRIC_REPRESENTATION_CONTEXT(2) 
PARAMETRIC_REPRESENTATION_CONTEXT() REPRESENTATION_CONTEXT('2D SPACE',''
  ) );
#2136 = PCURVE('',#791,#2137);
#2137 = DEFINITIONAL_REPRESENTATION('',(#2138),#2142);
#2138 = CIRCLE('',#2139,4.);
#2139 = AXIS2_PLACEMENT_2D('',#2140,#2141);
#2140 = CARTESIAN_POINT('',(-4.,4.));
#2141 = DIRECTION('',(0.707106781187,-0.707106781187));
#2142 = ( GEOMETRIC_REPRESENTATION_CONTEXT(2) 
PARAMETRIC_REPRESENTATION_CONTEXT() REPRESENTATION_CONTEXT('2D SPACE',''
  ) );
#2143 = ADVANCED_FACE('',(#2144),#765,.F.);
#2144 = FACE_BOUND('',#2145,.F.);
#2145 = EDGE_LOOP('',(#2146,#2169,#2170,#2171));
#2146 = ORIENTED_EDGE('',*,*,#2147,.F.);
#2147 = EDGE_CURVE('',#1335,#2148,#2150,.T.);
#2148 = VERTEX_POINT('',#2149);
#2149 = CARTESIAN_POINT('',(37.5,24.,-42.));
#2150 = SURFACE_CURVE('',#2151,(#2155,#2162),.PCURVE_S1.);
#2151 = LINE('',#2152,#2153);
#2152 = CARTESIAN_POINT('',(37.5,24.,-36.));
#2153 = VECTOR('',#2154,1.);
#2154 = DIRECTION('',(1.057355261548E-16,0.,-1.));
#2155 = PCURVE('',#765,#2156);
#2156 = DEFINITIONAL_REPRESENTATION('',(#2157),#2161);
#2157 = LINE('',#2158,#2159);
#2158 = CARTESIAN_POINT('',(5.497787143782,7.105427357601E-15));
#2159 = VECTOR('',#2160,1.);
#2160 = DIRECTION('',(0.,1.));
#2161 = ( GEOMETRIC_REPRESENTATION_CONTEXT(2) 
PARAMETRIC_REPRESENTATION_CONTEXT() REPRESENTATION_CONTEXT('2D SPACE',''
  ) );
#2162 = PCURVE('',#1350,#2163);
#2163 = DEFINITIONAL_REPRESENTATION('',(#2164),#2168);
#2164 = LINE('',#2165,#2166);
#2165 = CARTESIAN_POINT('',(6.,9.));
#2166 = VECTOR('',#2167,1.);
#2167 = DIRECTION('',(-1.,0.));
#2168 = ( GEOMETRIC_REPRESENTATION_CONTEXT(2) 
PARAMETRIC_REPRESENTATION_CONTEXT() REPRESENTATION_CONTEXT('2D SPACE',''
  ) );
#2169 = ORIENTED_EDGE('',*,*,#1362,.F.);
#2170 = ORIENTED_EDGE('',*,*,#749,.F.);
#2171 = ORIENTED_EDGE('',*,*,#2172,.F.);
#2172 = EDGE_CURVE('',#2148,#750,#2173,.T.);
#2173 = SURFACE_CURVE('',#2174,(#2179,#2186),.PCURVE_S1.);
#2174 = CIRCLE('',#2175,9.);
#2175 = AXIS2_PLACEMENT_3D('',#2176,#2177,#2178);
#2176 = CARTESIAN_POINT('',(28.5,24.,-42.));
#2177 = DIRECTION('',(0.,0.,-1.));
#2178 = DIRECTION('',(0.707106781187,-0.707106781187,0.));
#2179 = PCURVE('',#765,#2180);
#2180 = DEFINITIONAL_REPRESENTATION('',(#2181),#2185);
#2181 = LINE('',#2182,#2183);
#2182 = CARTESIAN_POINT('',(0.,6.));
#2183 = VECTOR('',#2184,1.);
#2184 = DIRECTION('',(1.,-4.52345554697E-15));
#2185 = ( GEOMETRIC_REPRESENTATION_CONTEXT(2) 
PARAMETRIC_REPRESENTATION_CONTEXT() REPRESENTATION_CONTEXT('2D SPACE',''
  ) );
#2186 = PCURVE('',#791,#2187);
#2187 = DEFINITIONAL_REPRESENTATION('',(#2188),#2192);
#2188 = CIRCLE('',#2189,9.);
#2189 = AXIS2_PLACEMENT_2D('',#2190,#2191);
#2190 = CARTESIAN_POINT('',(102.,9.));
#2191 = DIRECTION('',(-0.707106781187,-0.707106781187));
#2192 = ( GEOMETRIC_REPRESENTATION_CONTEXT(2) 
PARAMETRIC_REPRESENTATION_CONTEXT() REPRESENTATION_CONTEXT('2D SPACE',''
  ) );
#2193 = ADVANCED_FACE('',(#2194,#2670),#791,.T.);
#2194 = FACE_BOUND('',#2195,.T.);
#2195 = EDGE_LOOP('',(#2196,#2226,#2249,#2277,#2301,#2322,#2323,#2324,
    #2325,#2348,#2371,#2394,#2422,#2445,#2473,#2501,#2529,#2553,#2576,
    #2604,#2625,#2646));
#2196 = ORIENTED_EDGE('',*,*,#2197,.F.);
#2197 = EDGE_CURVE('',#2198,#2200,#2202,.T.);
#2198 = VERTEX_POINT('',#2199);
#2199 = CARTESIAN_POINT('',(97.5,156.,-42.));
#2200 = VERTEX_POINT('',#2201);
#2201 = CARTESIAN_POINT('',(63.41,156.,-42.));
#2202 = SURFACE_CURVE('',#2203,(#2207,#2214),.PCURVE_S1.);
#2203 = LINE('',#2204,#2205);
#2204 = CARTESIAN_POINT('',(99.,156.,-42.));
#2205 = VECTOR('',#2206,1.);
#2206 = DIRECTION('',(-1.,0.,0.));
#2207 = PCURVE('',#791,#2208);
#2208 = DEFINITIONAL_REPRESENTATION('',(#2209),#2213);
#2209 = LINE('',#2210,#2211);
#2210 = CARTESIAN_POINT('',(31.5,141.));
#2211 = VECTOR('',#2212,1.);
#2212 = DIRECTION('',(1.,0.));
#2213 = ( GEOMETRIC_REPRESENTATION_CONTEXT(2) 
PARAMETRIC_REPRESENTATION_CONTEXT() REPRESENTATION_CONTEXT('2D SPACE',''
  ) );
#2214 = PCURVE('',#2215,#2220);
#2215 = CYLINDRICAL_SURFACE('',#2216,6.);
#2216 = AXIS2_PLACEMENT_3D('',#2217,#2218,#2219);
#2217 = CARTESIAN_POINT('',(99.,156.,-36.));
#2218 = DIRECTION('',(-1.,0.,0.));
#2219 = DIRECTION('',(0.,0.707106781187,-0.707106781187));
#2220 = DEFINITIONAL_REPRESENTATION('',(#2221),#2225);
#2221 = LINE('',#2222,#2223);
#2222 = CARTESIAN_POINT('',(7.068583470577,0.));
#2223 = VECTOR('',#2224,1.);
#2224 = DIRECTION('',(0.,1.));
#2225 = ( GEOMETRIC_REPRESENTATION_CONTEXT(2) 
PARAMETRIC_REPRESENTATION_CONTEXT() REPRESENTATION_CONTEXT('2D SPACE',''
  ) );
#2226 = ORIENTED_EDGE('',*,*,#2227,.T.);
#2227 = EDGE_CURVE('',#2198,#2228,#2230,.T.);
#2228 = VERTEX_POINT('',#2229);
#2229 = CARTESIAN_POINT('',(97.5,111.31160097069,-42.));
#2230 = SURFACE_CURVE('',#2231,(#2235,#2242),.PCURVE_S1.);
#2231 = LINE('',#2232,#2233);
#2232 = CARTESIAN_POINT('',(97.5,63.155800485347,-42.));
#2233 = VECTOR('',#2234,1.);
#2234 = DIRECTION('',(0.,-1.,0.));
#2235 = PCURVE('',#791,#2236);
#2236 = DEFINITIONAL_REPRESENTATION('',(#2237),#2241);
#2237 = LINE('',#2238,#2239);
#2238 = CARTESIAN_POINT('',(33.,48.155800485347));
#2239 = VECTOR('',#2240,1.);
#2240 = DIRECTION('',(0.,-1.));
#2241 = ( GEOMETRIC_REPRESENTATION_CONTEXT(2) 
PARAMETRIC_REPRESENTATION_CONTEXT() REPRESENTATION_CONTEXT('2D SPACE',''
  ) );
#2242 = PCURVE('',#1519,#2243);
#2243 = DEFINITIONAL_REPRESENTATION('',(#2244),#2248);
#2244 = LINE('',#2245,#2246);
#2245 = CARTESIAN_POINT('',(-48.15580048534,42.));
#2246 = VECTOR('',#2247,1.);
#2247 = DIRECTION('',(-1.,0.));
#2248 = ( GEOMETRIC_REPRESENTATION_CONTEXT(2) 
PARAMETRIC_REPRESENTATION_CONTEXT() REPRESENTATION_CONTEXT('2D SPACE',''
  ) );
#2249 = ORIENTED_EDGE('',*,*,#2250,.T.);
#2250 = EDGE_CURVE('',#2228,#2251,#2253,.T.);
#2251 = VERTEX_POINT('',#2252);
#2252 = CARTESIAN_POINT('',(102.675,103.16486082509,-42.));
#2253 = SURFACE_CURVE('',#2254,(#2259,#2270),.PCURVE_S1.);
#2254 = CIRCLE('',#2255,9.);
#2255 = AXIS2_PLACEMENT_3D('',#2256,#2257,#2258);
#2256 = CARTESIAN_POINT('',(106.5,111.31160097069,-42.));
#2257 = DIRECTION('',(0.,0.,1.));
#2258 = DIRECTION('',(-1.,1.973729821556E-15,0.));
#2259 = PCURVE('',#791,#2260);
#2260 = DEFINITIONAL_REPRESENTATION('',(#2261),#2269);
#2261 = ( BOUNDED_CURVE() B_SPLINE_CURVE(2,(#2262,#2263,#2264,#2265,
#2266,#2267,#2268),.UNSPECIFIED.,.T.,.F.) B_SPLINE_CURVE_WITH_KNOTS((1,2
    ,2,2,2,1),(-2.094395102393,0.,2.094395102393,4.188790204786,
6.28318530718,8.377580409573),.UNSPECIFIED.) CURVE() 
GEOMETRIC_REPRESENTATION_ITEM() RATIONAL_B_SPLINE_CURVE((1.,0.5,1.,0.5,
1.,0.5,1.)) REPRESENTATION_ITEM('') );
#2262 = CARTESIAN_POINT('',(33.,96.31160097069));
#2263 = CARTESIAN_POINT('',(33.,80.72314370257));
#2264 = CARTESIAN_POINT('',(19.5,88.51737233663));
#2265 = CARTESIAN_POINT('',(6.,96.31160097069));
#2266 = CARTESIAN_POINT('',(19.5,104.10582960475));
#2267 = CARTESIAN_POINT('',(33.,111.90005823881));
#2268 = CARTESIAN_POINT('',(33.,96.31160097069));
#2269 = ( GEOMETRIC_REPRESENTATION_CONTEXT(2) 
PARAMETRIC_REPRESENTATION_CONTEXT() REPRESENTATION_CONTEXT('2D SPACE',''
  ) );
#2270 = PCURVE('',#1491,#2271);
#2271 = DEFINITIONAL_REPRESENTATION('',(#2272),#2276);
#2272 = LINE('',#2273,#2274);
#2273 = CARTESIAN_POINT('',(6.28318530718,42.));
#2274 = VECTOR('',#2275,1.);
#2275 = DIRECTION('',(-1.,0.));
#2276 = ( GEOMETRIC_REPRESENTATION_CONTEXT(2) 
PARAMETRIC_REPRESENTATION_CONTEXT() REPRESENTATION_CONTEXT('2D SPACE',''
  ) );
#2277 = ORIENTED_EDGE('',*,*,#2278,.T.);
#2278 = EDGE_CURVE('',#2251,#2279,#2281,.T.);
#2279 = VERTEX_POINT('',#2280);
#2280 = CARTESIAN_POINT('',(130.5,69.278029157809,-42.));
#2281 = SURFACE_CURVE('',#2282,(#2287,#2294),.PCURVE_S1.);
#2282 = CIRCLE('',#2283,51.);
#2283 = AXIS2_PLACEMENT_3D('',#2284,#2285,#2286);
#2284 = CARTESIAN_POINT('',(81.,57.,-42.));
#2285 = DIRECTION('',(0.,0.,-1.));
#2286 = DIRECTION('',(0.970588235294,0.240745669761,0.));
#2287 = PCURVE('',#791,#2288);
#2288 = DEFINITIONAL_REPRESENTATION('',(#2289),#2293);
#2289 = CIRCLE('',#2290,51.);
#2290 = AXIS2_PLACEMENT_2D('',#2291,#2292);
#2291 = CARTESIAN_POINT('',(49.5,42.));
#2292 = DIRECTION('',(-0.970588235294,0.240745669761));
#2293 = ( GEOMETRIC_REPRESENTATION_CONTEXT(2) 
PARAMETRIC_REPRESENTATION_CONTEXT() REPRESENTATION_CONTEXT('2D SPACE',''
  ) );
#2294 = PCURVE('',#1458,#2295);
#2295 = DEFINITIONAL_REPRESENTATION('',(#2296),#2300);
#2296 = LINE('',#2297,#2298);
#2297 = CARTESIAN_POINT('',(-8.881784197001E-16,42.));
#2298 = VECTOR('',#2299,1.);
#2299 = DIRECTION('',(1.,0.));
#2300 = ( GEOMETRIC_REPRESENTATION_CONTEXT(2) 
PARAMETRIC_REPRESENTATION_CONTEXT() REPRESENTATION_CONTEXT('2D SPACE',''
  ) );
#2301 = ORIENTED_EDGE('',*,*,#2302,.F.);
#2302 = EDGE_CURVE('',#2100,#2279,#2303,.T.);
#2303 = SURFACE_CURVE('',#2304,(#2308,#2315),.PCURVE_S1.);
#2304 = LINE('',#2305,#2306);
#2305 = CARTESIAN_POINT('',(130.5,15.,-42.));
#2306 = VECTOR('',#2307,1.);
#2307 = DIRECTION('',(0.,1.,0.));
#2308 = PCURVE('',#791,#2309);
#2309 = DEFINITIONAL_REPRESENTATION('',(#2310),#2314);
#2310 = LINE('',#2311,#2312);
#2311 = CARTESIAN_POINT('',(0.,0.));
#2312 = VECTOR('',#2313,1.);
#2313 = DIRECTION('',(0.,1.));
#2314 = ( GEOMETRIC_REPRESENTATION_CONTEXT(2) 
PARAMETRIC_REPRESENTATION_CONTEXT() REPRESENTATION_CONTEXT('2D SPACE',''
  ) );
#2315 = PCURVE('',#1429,#2316);
#2316 = DEFINITIONAL_REPRESENTATION('',(#2317),#2321);
#2317 = LINE('',#2318,#2319);
#2318 = CARTESIAN_POINT('',(42.,0.));
#2319 = VECTOR('',#2320,1.);
#2320 = DIRECTION('',(0.,1.));
#2321 = ( GEOMETRIC_REPRESENTATION_CONTEXT(2) 
PARAMETRIC_REPRESENTATION_CONTEXT() REPRESENTATION_CONTEXT('2D SPACE',''
  ) );
#2322 = ORIENTED_EDGE('',*,*,#2122,.F.);
#2323 = ORIENTED_EDGE('',*,*,#777,.F.);
#2324 = ORIENTED_EDGE('',*,*,#2172,.F.);
#2325 = ORIENTED_EDGE('',*,*,#2326,.T.);
#2326 = EDGE_CURVE('',#2148,#2327,#2329,.T.);
#2327 = VERTEX_POINT('',#2328);
#2328 = CARTESIAN_POINT('',(37.5,45.,-42.));
#2329 = SURFACE_CURVE('',#2330,(#2334,#2341),.PCURVE_S1.);
#2330 = LINE('',#2331,#2332);
#2331 = CARTESIAN_POINT('',(37.5,15.,-42.));
#2332 = VECTOR('',#2333,1.);
#2333 = DIRECTION('',(0.,1.,0.));
#2334 = PCURVE('',#791,#2335);
#2335 = DEFINITIONAL_REPRESENTATION('',(#2336),#2340);
#2336 = LINE('',#2337,#2338);
#2337 = CARTESIAN_POINT('',(93.,0.));
#2338 = VECTOR('',#2339,1.);
#2339 = DIRECTION('',(0.,1.));
#2340 = ( GEOMETRIC_REPRESENTATION_CONTEXT(2) 
PARAMETRIC_REPRESENTATION_CONTEXT() REPRESENTATION_CONTEXT('2D SPACE',''
  ) );
#2341 = PCURVE('',#1350,#2342);
#2342 = DEFINITIONAL_REPRESENTATION('',(#2343),#2347);
#2343 = LINE('',#2344,#2345);
#2344 = CARTESIAN_POINT('',(0.,0.));
#2345 = VECTOR('',#2346,1.);
#2346 = DIRECTION('',(0.,1.));
#2347 = ( GEOMETRIC_REPRESENTATION_CONTEXT(2) 
PARAMETRIC_REPRESENTATION_CONTEXT() REPRESENTATION_CONTEXT('2D SPACE',''
  ) );
#2348 = ORIENTED_EDGE('',*,*,#2349,.T.);
#2349 = EDGE_CURVE('',#2327,#2350,#2352,.T.);
#2350 = VERTEX_POINT('',#2351);
#2351 = CARTESIAN_POINT('',(46.5,45.,-42.));
#2352 = SURFACE_CURVE('',#2353,(#2357,#2364),.PCURVE_S1.);
#2353 = LINE('',#2354,#2355);
#2354 = CARTESIAN_POINT('',(88.5,45.,-42.));
#2355 = VECTOR('',#2356,1.);
#2356 = DIRECTION('',(1.,0.,0.));
#2357 = PCURVE('',#791,#2358);
#2358 = DEFINITIONAL_REPRESENTATION('',(#2359),#2363);
#2359 = LINE('',#2360,#2361);
#2360 = CARTESIAN_POINT('',(42.,30.));
#2361 = VECTOR('',#2362,1.);
#2362 = DIRECTION('',(-1.,0.));
#2363 = ( GEOMETRIC_REPRESENTATION_CONTEXT(2) 
PARAMETRIC_REPRESENTATION_CONTEXT() REPRESENTATION_CONTEXT('2D SPACE',''
  ) );
#2364 = PCURVE('',#1322,#2365);
#2365 = DEFINITIONAL_REPRESENTATION('',(#2366),#2370);
#2366 = LINE('',#2367,#2368);
#2367 = CARTESIAN_POINT('',(-42.,42.));
#2368 = VECTOR('',#2369,1.);
#2369 = DIRECTION('',(-1.,-0.));
#2370 = ( GEOMETRIC_REPRESENTATION_CONTEXT(2) 
PARAMETRIC_REPRESENTATION_CONTEXT() REPRESENTATION_CONTEXT('2D SPACE',''
  ) );
#2371 = ORIENTED_EDGE('',*,*,#2372,.T.);
#2372 = EDGE_CURVE('',#2350,#2373,#2375,.T.);
#2373 = VERTEX_POINT('',#2374);
#2374 = CARTESIAN_POINT('',(63.772029585268,32.674133133705,-42.));
#2375 = SURFACE_CURVE('',#2376,(#2380,#2387),.PCURVE_S1.);
#2376 = LINE('',#2377,#2378);
#2377 = CARTESIAN_POINT('',(90.056519644259,13.91668928403,-42.));
#2378 = VECTOR('',#2379,1.);
#2379 = DIRECTION('',(0.813985207366,-0.580885601637,0.));
#2380 = PCURVE('',#791,#2381);
#2381 = DEFINITIONAL_REPRESENTATION('',(#2382),#2386);
#2382 = LINE('',#2383,#2384);
#2383 = CARTESIAN_POINT('',(40.443480355741,-1.08331071597));
#2384 = VECTOR('',#2385,1.);
#2385 = DIRECTION('',(-0.813985207366,-0.580885601637));
#2386 = ( GEOMETRIC_REPRESENTATION_CONTEXT(2) 
PARAMETRIC_REPRESENTATION_CONTEXT() REPRESENTATION_CONTEXT('2D SPACE',''
  ) );
#2387 = PCURVE('',#2034,#2388);
#2388 = DEFINITIONAL_REPRESENTATION('',(#2389),#2393);
#2389 = LINE('',#2390,#2391);
#2390 = CARTESIAN_POINT('',(-32.29111514697,42.));
#2391 = VECTOR('',#2392,1.);
#2392 = DIRECTION('',(-1.,-0.));
#2393 = ( GEOMETRIC_REPRESENTATION_CONTEXT(2) 
PARAMETRIC_REPRESENTATION_CONTEXT() REPRESENTATION_CONTEXT('2D SPACE',''
  ) );
#2394 = ORIENTED_EDGE('',*,*,#2395,.T.);
#2395 = EDGE_CURVE('',#2373,#2396,#2398,.T.);
#2396 = VERTEX_POINT('',#2397);
#2397 = CARTESIAN_POINT('',(74.546394116851,32.912157429756,-42.));
#2398 = SURFACE_CURVE('',#2399,(#2404,#2415),.PCURVE_S1.);
#2399 = CIRCLE('',#2400,9.);
#2400 = AXIS2_PLACEMENT_3D('',#2401,#2402,#2403);
#2401 = CARTESIAN_POINT('',(69.,40.,-42.));
#2402 = DIRECTION('',(0.,0.,1.));
#2403 = DIRECTION('',(-0.580885601637,-0.813985207366,0.));
#2404 = PCURVE('',#791,#2405);
#2405 = DEFINITIONAL_REPRESENTATION('',(#2406),#2414);
#2406 = ( BOUNDED_CURVE() B_SPLINE_CURVE(2,(#2407,#2408,#2409,#2410,
#2411,#2412,#2413),.UNSPECIFIED.,.T.,.F.) B_SPLINE_CURVE_WITH_KNOTS((1,2
    ,2,2,2,1),(-2.094395102393,0.,2.094395102393,4.188790204786,
6.28318530718,8.377580409573),.UNSPECIFIED.) CURVE() 
GEOMETRIC_REPRESENTATION_ITEM() RATIONAL_B_SPLINE_CURVE((1.,0.5,1.,0.5,
1.,0.5,1.)) REPRESENTATION_ITEM('') );
#2407 = CARTESIAN_POINT('',(66.727970414733,17.674133133705));
#2408 = CARTESIAN_POINT('',(54.039196792826,8.61902275492));
#2409 = CARTESIAN_POINT('',(52.54162798168,24.135378243755));
#2410 = CARTESIAN_POINT('',(51.044059170533,39.651733732589));
#2411 = CARTESIAN_POINT('',(65.230401603587,33.19048862254));
#2412 = CARTESIAN_POINT('',(79.416744036641,26.729243512491));
#2413 = CARTESIAN_POINT('',(66.727970414733,17.674133133705));
#2414 = ( GEOMETRIC_REPRESENTATION_CONTEXT(2) 
PARAMETRIC_REPRESENTATION_CONTEXT() REPRESENTATION_CONTEXT('2D SPACE',''
  ) );
#2415 = PCURVE('',#2006,#2416);
#2416 = DEFINITIONAL_REPRESENTATION('',(#2417),#2421);
#2417 = LINE('',#2418,#2419);
#2418 = CARTESIAN_POINT('',(6.28318530718,42.));
#2419 = VECTOR('',#2420,1.);
#2420 = DIRECTION('',(-1.,0.));
#2421 = ( GEOMETRIC_REPRESENTATION_CONTEXT(2) 
PARAMETRIC_REPRESENTATION_CONTEXT() REPRESENTATION_CONTEXT('2D SPACE',''
  ) );
#2422 = ORIENTED_EDGE('',*,*,#2423,.T.);
#2423 = EDGE_CURVE('',#2396,#2424,#2426,.T.);
#2424 = VERTEX_POINT('',#2425);
#2425 = CARTESIAN_POINT('',(90.239625250156,45.183514683431,-42.));
#2426 = SURFACE_CURVE('',#2427,(#2431,#2438),.PCURVE_S1.);
#2427 = LINE('',#2428,#2429);
#2428 = CARTESIAN_POINT('',(95.408359918398,49.225218340548,-42.));
#2429 = VECTOR('',#2430,1.);
#2430 = DIRECTION('',(0.787755920666,0.615987507549,0.));
#2431 = PCURVE('',#791,#2432);
#2432 = DEFINITIONAL_REPRESENTATION('',(#2433),#2437);
#2433 = LINE('',#2434,#2435);
#2434 = CARTESIAN_POINT('',(35.091640081602,34.225218340548));
#2435 = VECTOR('',#2436,1.);
#2436 = DIRECTION('',(-0.787755920666,0.615987507549));
#2437 = ( GEOMETRIC_REPRESENTATION_CONTEXT(2) 
PARAMETRIC_REPRESENTATION_CONTEXT() REPRESENTATION_CONTEXT('2D SPACE',''
  ) );
#2438 = PCURVE('',#1237,#2439);
#2439 = DEFINITIONAL_REPRESENTATION('',(#2440),#2444);
#2440 = LINE('',#2441,#2442);
#2441 = CARTESIAN_POINT('',(-6.561340299256,42.));
#2442 = VECTOR('',#2443,1.);
#2443 = DIRECTION('',(-1.,0.));
#2444 = ( GEOMETRIC_REPRESENTATION_CONTEXT(2) 
PARAMETRIC_REPRESENTATION_CONTEXT() REPRESENTATION_CONTEXT('2D SPACE',''
  ) );
#2445 = ORIENTED_EDGE('',*,*,#2446,.T.);
#2446 = EDGE_CURVE('',#2424,#2447,#2449,.T.);
#2447 = VERTEX_POINT('',#2448);
#2448 = CARTESIAN_POINT('',(96.,57.,-42.));
#2449 = SURFACE_CURVE('',#2450,(#2455,#2466),.PCURVE_S1.);
#2450 = CIRCLE('',#2451,15.);
#2451 = AXIS2_PLACEMENT_3D('',#2452,#2453,#2454);
#2452 = CARTESIAN_POINT('',(81.,57.,-42.));
#2453 = DIRECTION('',(0.,0.,1.));
#2454 = DIRECTION('',(0.615975016677,-0.787765687771,0.));
#2455 = PCURVE('',#791,#2456);
#2456 = DEFINITIONAL_REPRESENTATION('',(#2457),#2465);
#2457 = ( BOUNDED_CURVE() B_SPLINE_CURVE(2,(#2458,#2459,#2460,#2461,
#2462,#2463,#2464),.UNSPECIFIED.,.T.,.F.) B_SPLINE_CURVE_WITH_KNOTS((1,2
    ,2,2,2,1),(-2.094395102393,0.,2.094395102393,4.188790204786,
6.28318530718,8.377580409573),.UNSPECIFIED.) CURVE() 
GEOMETRIC_REPRESENTATION_ITEM() RATIONAL_B_SPLINE_CURVE((1.,0.5,1.,0.5,
1.,0.5,1.)) REPRESENTATION_ITEM('') );
#2458 = CARTESIAN_POINT('',(40.260374749843,30.183514683432));
#2459 = CARTESIAN_POINT('',(19.793621814656,46.187015059601));
#2460 = CARTESIAN_POINT('',(43.886436157485,55.909992846368));
#2461 = CARTESIAN_POINT('',(67.979250500314,65.632970633135));
#2462 = CARTESIAN_POINT('',(64.353189092672,39.9064924702));
#2463 = CARTESIAN_POINT('',(60.72712768503,14.180014307264));
#2464 = CARTESIAN_POINT('',(40.260374749843,30.183514683432));
#2465 = ( GEOMETRIC_REPRESENTATION_CONTEXT(2) 
PARAMETRIC_REPRESENTATION_CONTEXT() REPRESENTATION_CONTEXT('2D SPACE',''
  ) );
#2466 = PCURVE('',#1209,#2467);
#2467 = DEFINITIONAL_REPRESENTATION('',(#2468),#2472);
#2468 = LINE('',#2469,#2470);
#2469 = CARTESIAN_POINT('',(6.28318530718,42.));
#2470 = VECTOR('',#2471,1.);
#2471 = DIRECTION('',(-1.,0.));
#2472 = ( GEOMETRIC_REPRESENTATION_CONTEXT(2) 
PARAMETRIC_REPRESENTATION_CONTEXT() REPRESENTATION_CONTEXT('2D SPACE',''
  ) );
#2473 = ORIENTED_EDGE('',*,*,#2474,.T.);
#2474 = EDGE_CURVE('',#2447,#2475,#2477,.T.);
#2475 = VERTEX_POINT('',#2476);
#2476 = CARTESIAN_POINT('',(69.,84.,-42.));
#2477 = SURFACE_CURVE('',#2478,(#2483,#2494),.PCURVE_S1.);
#2478 = CIRCLE('',#2479,27.);
#2479 = AXIS2_PLACEMENT_3D('',#2480,#2481,#2482);
#2480 = CARTESIAN_POINT('',(69.,57.,-42.));
#2481 = DIRECTION('',(0.,0.,1.));
#2482 = DIRECTION('',(1.,6.579099405186E-16,-0.));
#2483 = PCURVE('',#791,#2484);
#2484 = DEFINITIONAL_REPRESENTATION('',(#2485),#2493);
#2485 = ( BOUNDED_CURVE() B_SPLINE_CURVE(2,(#2486,#2487,#2488,#2489,
#2490,#2491,#2492),.UNSPECIFIED.,.T.,.F.) B_SPLINE_CURVE_WITH_KNOTS((1,2
    ,2,2,2,1),(-2.094395102393,0.,2.094395102393,4.188790204786,
6.28318530718,8.377580409573),.UNSPECIFIED.) CURVE() 
GEOMETRIC_REPRESENTATION_ITEM() RATIONAL_B_SPLINE_CURVE((1.,0.5,1.,0.5,
1.,0.5,1.)) REPRESENTATION_ITEM('') );
#2486 = CARTESIAN_POINT('',(34.5,42.));
#2487 = CARTESIAN_POINT('',(34.5,88.76537180436));
#2488 = CARTESIAN_POINT('',(75.,65.38268590218));
#2489 = CARTESIAN_POINT('',(115.5,42.));
#2490 = CARTESIAN_POINT('',(75.,18.61731409782));
#2491 = CARTESIAN_POINT('',(34.5,-4.76537180436));
#2492 = CARTESIAN_POINT('',(34.5,42.));
#2493 = ( GEOMETRIC_REPRESENTATION_CONTEXT(2) 
PARAMETRIC_REPRESENTATION_CONTEXT() REPRESENTATION_CONTEXT('2D SPACE',''
  ) );
#2494 = PCURVE('',#1180,#2495);
#2495 = DEFINITIONAL_REPRESENTATION('',(#2496),#2500);
#2496 = LINE('',#2497,#2498);
#2497 = CARTESIAN_POINT('',(6.28318530718,42.));
#2498 = VECTOR('',#2499,1.);
#2499 = DIRECTION('',(-1.,0.));
#2500 = ( GEOMETRIC_REPRESENTATION_CONTEXT(2) 
PARAMETRIC_REPRESENTATION_CONTEXT() REPRESENTATION_CONTEXT('2D SPACE',''
  ) );
#2501 = ORIENTED_EDGE('',*,*,#2502,.T.);
#2502 = EDGE_CURVE('',#2475,#2503,#2505,.T.);
#2503 = VERTEX_POINT('',#2504);
#2504 = CARTESIAN_POINT('',(46.5,84.,-42.));
#2505 = SURFACE_CURVE('',#2506,(#2510,#2517),.PCURVE_S1.);
#2506 = LINE('',#2507,#2508);
#2507 = CARTESIAN_POINT('',(88.5,84.,-42.));
#2508 = VECTOR('',#2509,1.);
#2509 = DIRECTION('',(-1.,0.,0.));
#2510 = PCURVE('',#791,#2511);
#2511 = DEFINITIONAL_REPRESENTATION('',(#2512),#2516);
#2512 = LINE('',#2513,#2514);
#2513 = CARTESIAN_POINT('',(42.,69.));
#2514 = VECTOR('',#2515,1.);
#2515 = DIRECTION('',(1.,0.));
#2516 = ( GEOMETRIC_REPRESENTATION_CONTEXT(2) 
PARAMETRIC_REPRESENTATION_CONTEXT() REPRESENTATION_CONTEXT('2D SPACE',''
  ) );
#2517 = PCURVE('',#2518,#2523);
#2518 = PLANE('',#2519);
#2519 = AXIS2_PLACEMENT_3D('',#2520,#2521,#2522);
#2520 = CARTESIAN_POINT('',(46.5,84.,0.));
#2521 = DIRECTION('',(0.,1.,0.));
#2522 = DIRECTION('',(1.,0.,0.));
#2523 = DEFINITIONAL_REPRESENTATION('',(#2524),#2528);
#2524 = LINE('',#2525,#2526);
#2525 = CARTESIAN_POINT('',(42.,42.));
#2526 = VECTOR('',#2527,1.);
#2527 = DIRECTION('',(-1.,0.));
#2528 = ( GEOMETRIC_REPRESENTATION_CONTEXT(2) 
PARAMETRIC_REPRESENTATION_CONTEXT() REPRESENTATION_CONTEXT('2D SPACE',''
  ) );
#2529 = ORIENTED_EDGE('',*,*,#2530,.T.);
#2530 = EDGE_CURVE('',#2503,#2531,#2533,.T.);
#2531 = VERTEX_POINT('',#2532);
#2532 = CARTESIAN_POINT('',(37.5,92.996133808522,-42.));
#2533 = SURFACE_CURVE('',#2534,(#2539,#2546),.PCURVE_S1.);
#2534 = CIRCLE('',#2535,9.000002494454);
#2535 = AXIS2_PLACEMENT_3D('',#2536,#2537,#2538);
#2536 = CARTESIAN_POINT('',(46.5,93.000002494454,-42.));
#2537 = DIRECTION('',(0.,0.,-1.));
#2538 = DIRECTION('',(-0.999999722838,7.445287257619E-04,0.));
#2539 = PCURVE('',#791,#2540);
#2540 = DEFINITIONAL_REPRESENTATION('',(#2541),#2545);
#2541 = CIRCLE('',#2542,9.000002494454);
#2542 = AXIS2_PLACEMENT_2D('',#2543,#2544);
#2543 = CARTESIAN_POINT('',(84.,78.000002494454));
#2544 = DIRECTION('',(0.999999722838,7.445287257619E-04));
#2545 = ( GEOMETRIC_REPRESENTATION_CONTEXT(2) 
PARAMETRIC_REPRESENTATION_CONTEXT() REPRESENTATION_CONTEXT('2D SPACE',''
  ) );
#2546 = PCURVE('',#1123,#2547);
#2547 = DEFINITIONAL_REPRESENTATION('',(#2548),#2552);
#2548 = LINE('',#2549,#2550);
#2549 = CARTESIAN_POINT('',(-8.881784197001E-16,42.));
#2550 = VECTOR('',#2551,1.);
#2551 = DIRECTION('',(1.,0.));
#2552 = ( GEOMETRIC_REPRESENTATION_CONTEXT(2) 
PARAMETRIC_REPRESENTATION_CONTEXT() REPRESENTATION_CONTEXT('2D SPACE',''
  ) );
#2553 = ORIENTED_EDGE('',*,*,#2554,.T.);
#2554 = EDGE_CURVE('',#2531,#2555,#2557,.T.);
#2555 = VERTEX_POINT('',#2556);
#2556 = CARTESIAN_POINT('',(37.5,156.,-42.));
#2557 = SURFACE_CURVE('',#2558,(#2562,#2569),.PCURVE_S1.);
#2558 = LINE('',#2559,#2560);
#2559 = CARTESIAN_POINT('',(37.5,15.,-42.));
#2560 = VECTOR('',#2561,1.);
#2561 = DIRECTION('',(0.,1.,0.));
#2562 = PCURVE('',#791,#2563);
#2563 = DEFINITIONAL_REPRESENTATION('',(#2564),#2568);
#2564 = LINE('',#2565,#2566);
#2565 = CARTESIAN_POINT('',(93.,0.));
#2566 = VECTOR('',#2567,1.);
#2567 = DIRECTION('',(0.,1.));
#2568 = ( GEOMETRIC_REPRESENTATION_CONTEXT(2) 
PARAMETRIC_REPRESENTATION_CONTEXT() REPRESENTATION_CONTEXT('2D SPACE',''
  ) );
#2569 = PCURVE('',#1094,#2570);
#2570 = DEFINITIONAL_REPRESENTATION('',(#2571),#2575);
#2571 = LINE('',#2572,#2573);
#2572 = CARTESIAN_POINT('',(0.,0.));
#2573 = VECTOR('',#2574,1.);
#2574 = DIRECTION('',(0.,1.));
#2575 = ( GEOMETRIC_REPRESENTATION_CONTEXT(2) 
PARAMETRIC_REPRESENTATION_CONTEXT() REPRESENTATION_CONTEXT('2D SPACE',''
  ) );
#2576 = ORIENTED_EDGE('',*,*,#2577,.F.);
#2577 = EDGE_CURVE('',#2578,#2555,#2580,.T.);
#2578 = VERTEX_POINT('',#2579);
#2579 = CARTESIAN_POINT('',(55.41,156.,-42.));
#2580 = SURFACE_CURVE('',#2581,(#2585,#2592),.PCURVE_S1.);
#2581 = LINE('',#2582,#2583);
#2582 = CARTESIAN_POINT('',(99.,156.,-42.));
#2583 = VECTOR('',#2584,1.);
#2584 = DIRECTION('',(-1.,0.,0.));
#2585 = PCURVE('',#791,#2586);
#2586 = DEFINITIONAL_REPRESENTATION('',(#2587),#2591);
#2587 = LINE('',#2588,#2589);
#2588 = CARTESIAN_POINT('',(31.5,141.));
#2589 = VECTOR('',#2590,1.);
#2590 = DIRECTION('',(1.,0.));
#2591 = ( GEOMETRIC_REPRESENTATION_CONTEXT(2) 
PARAMETRIC_REPRESENTATION_CONTEXT() REPRESENTATION_CONTEXT('2D SPACE',''
  ) );
#2592 = PCURVE('',#2593,#2598);
#2593 = CYLINDRICAL_SURFACE('',#2594,6.);
#2594 = AXIS2_PLACEMENT_3D('',#2595,#2596,#2597);
#2595 = CARTESIAN_POINT('',(99.,156.,-36.));
#2596 = DIRECTION('',(-1.,0.,0.));
#2597 = DIRECTION('',(0.,0.707106781187,-0.707106781187));
#2598 = DEFINITIONAL_REPRESENTATION('',(#2599),#2603);
#2599 = LINE('',#2600,#2601);
#2600 = CARTESIAN_POINT('',(7.068583470577,0.));
#2601 = VECTOR('',#2602,1.);
#2602 = DIRECTION('',(0.,1.));
#2603 = ( GEOMETRIC_REPRESENTATION_CONTEXT(2) 
PARAMETRIC_REPRESENTATION_CONTEXT() REPRESENTATION_CONTEXT('2D SPACE',''
  ) );
#2604 = ORIENTED_EDGE('',*,*,#2605,.T.);
#2605 = EDGE_CURVE('',#2578,#2606,#2608,.T.);
#2606 = VERTEX_POINT('',#2607);
#2607 = CARTESIAN_POINT('',(55.41,154.,-42.));
#2608 = SURFACE_CURVE('',#2609,(#2613,#2619),.PCURVE_S1.);
#2609 = LINE('',#2610,#2611);
#2610 = CARTESIAN_POINT('',(55.41,96.5,-42.));
#2611 = VECTOR('',#2612,1.);
#2612 = DIRECTION('',(0.,-1.,0.));
#2613 = PCURVE('',#791,#2614);
#2614 = DEFINITIONAL_REPRESENTATION('',(#2615),#2618);
#2615 = B_SPLINE_CURVE_WITH_KNOTS('',1,(#2616,#2617),.UNSPECIFIED.,.F.,
  .F.,(2,2),(-59.5,-57.5),.PIECEWISE_BEZIER_KNOTS.);
#2616 = CARTESIAN_POINT('',(75.09,141.));
#2617 = CARTESIAN_POINT('',(75.09,139.));
#2618 = ( GEOMETRIC_REPRESENTATION_CONTEXT(2) 
PARAMETRIC_REPRESENTATION_CONTEXT() REPRESENTATION_CONTEXT('2D SPACE',''
  ) );
#2619 = PCURVE('',#1624,#2620);
#2620 = DEFINITIONAL_REPRESENTATION('',(#2621),#2624);
#2621 = B_SPLINE_CURVE_WITH_KNOTS('',1,(#2622,#2623),.UNSPECIFIED.,.F.,
  .F.,(2,2),(-59.5,-57.5),.PIECEWISE_BEZIER_KNOTS.);
#2622 = CARTESIAN_POINT('',(22.,-28.));
#2623 = CARTESIAN_POINT('',(24.,-28.));
#2624 = ( GEOMETRIC_REPRESENTATION_CONTEXT(2) 
PARAMETRIC_REPRESENTATION_CONTEXT() REPRESENTATION_CONTEXT('2D SPACE',''
  ) );
#2625 = ORIENTED_EDGE('',*,*,#2626,.T.);
#2626 = EDGE_CURVE('',#2606,#2627,#2629,.T.);
#2627 = VERTEX_POINT('',#2628);
#2628 = CARTESIAN_POINT('',(63.41,154.,-42.));
#2629 = SURFACE_CURVE('',#2630,(#2634,#2640),.PCURVE_S1.);
#2630 = LINE('',#2631,#2632);
#2631 = CARTESIAN_POINT('',(92.955,154.,-42.));
#2632 = VECTOR('',#2633,1.);
#2633 = DIRECTION('',(1.,-0.,0.));
#2634 = PCURVE('',#791,#2635);
#2635 = DEFINITIONAL_REPRESENTATION('',(#2636),#2639);
#2636 = B_SPLINE_CURVE_WITH_KNOTS('',1,(#2637,#2638),.UNSPECIFIED.,.F.,
  .F.,(2,2),(-37.545,-29.545),.PIECEWISE_BEZIER_KNOTS.);
#2637 = CARTESIAN_POINT('',(75.09,139.));
#2638 = CARTESIAN_POINT('',(67.09,139.));
#2639 = ( GEOMETRIC_REPRESENTATION_CONTEXT(2) 
PARAMETRIC_REPRESENTATION_CONTEXT() REPRESENTATION_CONTEXT('2D SPACE',''
  ) );
#2640 = PCURVE('',#1600,#2641);
#2641 = DEFINITIONAL_REPRESENTATION('',(#2642),#2645);
#2642 = B_SPLINE_CURVE_WITH_KNOTS('',1,(#2643,#2644),.UNSPECIFIED.,.F.,
  .F.,(2,2),(-37.545,-29.545),.PIECEWISE_BEZIER_KNOTS.);
#2643 = CARTESIAN_POINT('',(0.,-28.));
#2644 = CARTESIAN_POINT('',(8.,-28.));
#2645 = ( GEOMETRIC_REPRESENTATION_CONTEXT(2) 
PARAMETRIC_REPRESENTATION_CONTEXT() REPRESENTATION_CONTEXT('2D SPACE',''
  ) );
#2646 = ORIENTED_EDGE('',*,*,#2647,.T.);
#2647 = EDGE_CURVE('',#2627,#2200,#2648,.T.);
#2648 = SURFACE_CURVE('',#2649,(#2653,#2659),.PCURVE_S1.);
#2649 = LINE('',#2650,#2651);
#2650 = CARTESIAN_POINT('',(63.41,84.5,-42.));
#2651 = VECTOR('',#2652,1.);
#2652 = DIRECTION('',(0.,1.,0.));
#2653 = PCURVE('',#791,#2654);
#2654 = DEFINITIONAL_REPRESENTATION('',(#2655),#2658);
#2655 = B_SPLINE_CURVE_WITH_KNOTS('',1,(#2656,#2657),.UNSPECIFIED.,.F.,
  .F.,(2,2),(69.5,71.5),.PIECEWISE_BEZIER_KNOTS.);
#2656 = CARTESIAN_POINT('',(67.09,139.));
#2657 = CARTESIAN_POINT('',(67.09,141.));
#2658 = ( GEOMETRIC_REPRESENTATION_CONTEXT(2) 
PARAMETRIC_REPRESENTATION_CONTEXT() REPRESENTATION_CONTEXT('2D SPACE',''
  ) );
#2659 = PCURVE('',#2660,#2665);
#2660 = PLANE('',#2661);
#2661 = AXIS2_PLACEMENT_3D('',#2662,#2663,#2664);
#2662 = CARTESIAN_POINT('',(63.41,154.,-70.));
#2663 = DIRECTION('',(-1.,0.,0.));
#2664 = DIRECTION('',(0.,1.,0.));
#2665 = DEFINITIONAL_REPRESENTATION('',(#2666),#2669);
#2666 = B_SPLINE_CURVE_WITH_KNOTS('',1,(#2667,#2668),.UNSPECIFIED.,.F.,
  .F.,(2,2),(69.5,71.5),.PIECEWISE_BEZIER_KNOTS.);
#2667 = CARTESIAN_POINT('',(0.,-28.));
#2668 = CARTESIAN_POINT('',(2.,-28.));
#2669 = ( GEOMETRIC_REPRESENTATION_CONTEXT(2) 
PARAMETRIC_REPRESENTATION_CONTEXT() REPRESENTATION_CONTEXT('2D SPACE',''
  ) );
#2670 = FACE_BOUND('',#2671,.T.);
#2671 = EDGE_LOOP('',(#2672,#2702,#2735,#2763));
#2672 = ORIENTED_EDGE('',*,*,#2673,.T.);
#2673 = EDGE_CURVE('',#2674,#2676,#2678,.T.);
#2674 = VERTEX_POINT('',#2675);
#2675 = CARTESIAN_POINT('',(121.99999989546,40.001371714289,-42.));
#2676 = VERTEX_POINT('',#2677);
#2677 = CARTESIAN_POINT('',(122.,70.,-42.));
#2678 = SURFACE_CURVE('',#2679,(#2683,#2690),.PCURVE_S1.);
#2679 = LINE('',#2680,#2681);
#2680 = CARTESIAN_POINT('',(121.9999998519,27.500685871954,-42.));
#2681 = VECTOR('',#2682,1.);
#2682 = DIRECTION('',(3.484604062121E-09,1.,0.));
#2683 = PCURVE('',#791,#2684);
#2684 = DEFINITIONAL_REPRESENTATION('',(#2685),#2689);
#2685 = LINE('',#2686,#2687);
#2686 = CARTESIAN_POINT('',(8.5000001481,12.500685871954));
#2687 = VECTOR('',#2688,1.);
#2688 = DIRECTION('',(-3.484604062121E-09,1.));
#2689 = ( GEOMETRIC_REPRESENTATION_CONTEXT(2) 
PARAMETRIC_REPRESENTATION_CONTEXT() REPRESENTATION_CONTEXT('2D SPACE',''
  ) );
#2690 = PCURVE('',#2691,#2696);
#2691 = PLANE('',#2692);
#2692 = AXIS2_PLACEMENT_3D('',#2693,#2694,#2695);
#2693 = CARTESIAN_POINT('',(121.99999989546,40.001371714289,-42.));
#2694 = DIRECTION('',(1.,-3.484604062121E-09,0.));
#2695 = DIRECTION('',(3.484604062121E-09,1.,0.));
#2696 = DEFINITIONAL_REPRESENTATION('',(#2697),#2701);
#2697 = LINE('',#2698,#2699);
#2698 = CARTESIAN_POINT('',(-12.50068584233,0.));
#2699 = VECTOR('',#2700,1.);
#2700 = DIRECTION('',(1.,0.));
#2701 = ( GEOMETRIC_REPRESENTATION_CONTEXT(2) 
PARAMETRIC_REPRESENTATION_CONTEXT() REPRESENTATION_CONTEXT('2D SPACE',''
  ) );
#2702 = ORIENTED_EDGE('',*,*,#2703,.T.);
#2703 = EDGE_CURVE('',#2676,#2704,#2706,.T.);
#2704 = VERTEX_POINT('',#2705);
#2705 = CARTESIAN_POINT('',(104.,70.,-42.));
#2706 = SURFACE_CURVE('',#2707,(#2712,#2723),.PCURVE_S1.);
#2707 = CIRCLE('',#2708,9.);
#2708 = AXIS2_PLACEMENT_3D('',#2709,#2710,#2711);
#2709 = CARTESIAN_POINT('',(113.,70.,-42.));
#2710 = DIRECTION('',(0.,0.,1.));
#2711 = DIRECTION('',(-1.,0.,0.));
#2712 = PCURVE('',#791,#2713);
#2713 = DEFINITIONAL_REPRESENTATION('',(#2714),#2722);
#2714 = ( BOUNDED_CURVE() B_SPLINE_CURVE(2,(#2715,#2716,#2717,#2718,
#2719,#2720,#2721),.UNSPECIFIED.,.T.,.F.) B_SPLINE_CURVE_WITH_KNOTS((1,2
    ,2,2,2,1),(-2.094395102393,0.,2.094395102393,4.188790204786,
6.28318530718,8.377580409573),.UNSPECIFIED.) CURVE() 
GEOMETRIC_REPRESENTATION_ITEM() RATIONAL_B_SPLINE_CURVE((1.,0.5,1.,0.5,
1.,0.5,1.)) REPRESENTATION_ITEM('') );
#2715 = CARTESIAN_POINT('',(26.5,55.));
#2716 = CARTESIAN_POINT('',(26.5,39.41154273188));
#2717 = CARTESIAN_POINT('',(13.,47.20577136594));
#2718 = CARTESIAN_POINT('',(-0.5,55.));
#2719 = CARTESIAN_POINT('',(13.,62.79422863406));
#2720 = CARTESIAN_POINT('',(26.5,70.58845726812));
#2721 = CARTESIAN_POINT('',(26.5,55.));
#2722 = ( GEOMETRIC_REPRESENTATION_CONTEXT(2) 
PARAMETRIC_REPRESENTATION_CONTEXT() REPRESENTATION_CONTEXT('2D SPACE',''
  ) );
#2723 = PCURVE('',#2724,#2729);
#2724 = CYLINDRICAL_SURFACE('',#2725,9.);
#2725 = AXIS2_PLACEMENT_3D('',#2726,#2727,#2728);
#2726 = CARTESIAN_POINT('',(113.,70.,-42.));
#2727 = DIRECTION('',(0.,0.,1.));
#2728 = DIRECTION('',(-1.,0.,0.));
#2729 = DEFINITIONAL_REPRESENTATION('',(#2730),#2734);
#2730 = LINE('',#2731,#2732);
#2731 = CARTESIAN_POINT('',(0.,0.));
#2732 = VECTOR('',#2733,1.);
#2733 = DIRECTION('',(1.,0.));
#2734 = ( GEOMETRIC_REPRESENTATION_CONTEXT(2) 
PARAMETRIC_REPRESENTATION_CONTEXT() REPRESENTATION_CONTEXT('2D SPACE',''
  ) );
#2735 = ORIENTED_EDGE('',*,*,#2736,.T.);
#2736 = EDGE_CURVE('',#2704,#2737,#2739,.T.);
#2737 = VERTEX_POINT('',#2738);
#2738 = CARTESIAN_POINT('',(104.,40.,-42.));
#2739 = SURFACE_CURVE('',#2740,(#2744,#2751),.PCURVE_S1.);
#2740 = LINE('',#2741,#2742);
#2741 = CARTESIAN_POINT('',(104.,42.5,-42.));
#2742 = VECTOR('',#2743,1.);
#2743 = DIRECTION('',(0.,-1.,0.));
#2744 = PCURVE('',#791,#2745);
#2745 = DEFINITIONAL_REPRESENTATION('',(#2746),#2750);
#2746 = LINE('',#2747,#2748);
#2747 = CARTESIAN_POINT('',(26.5,27.5));
#2748 = VECTOR('',#2749,1.);
#2749 = DIRECTION('',(0.,-1.));
#2750 = ( GEOMETRIC_REPRESENTATION_CONTEXT(2) 
PARAMETRIC_REPRESENTATION_CONTEXT() REPRESENTATION_CONTEXT('2D SPACE',''
  ) );
#2751 = PCURVE('',#2752,#2757);
#2752 = PLANE('',#2753);
#2753 = AXIS2_PLACEMENT_3D('',#2754,#2755,#2756);
#2754 = CARTESIAN_POINT('',(104.,70.,-42.));
#2755 = DIRECTION('',(-1.,0.,0.));
#2756 = DIRECTION('',(0.,-1.,0.));
#2757 = DEFINITIONAL_REPRESENTATION('',(#2758),#2762);
#2758 = LINE('',#2759,#2760);
#2759 = CARTESIAN_POINT('',(27.5,0.));
#2760 = VECTOR('',#2761,1.);
#2761 = DIRECTION('',(1.,0.));
#2762 = ( GEOMETRIC_REPRESENTATION_CONTEXT(2) 
PARAMETRIC_REPRESENTATION_CONTEXT() REPRESENTATION_CONTEXT('2D SPACE',''
  ) );
#2763 = ORIENTED_EDGE('',*,*,#2764,.T.);
#2764 = EDGE_CURVE('',#2737,#2674,#2765,.T.);
#2765 = SURFACE_CURVE('',#2766,(#2771,#2782),.PCURVE_S1.);
#2766 = CIRCLE('',#2767,9.);
#2767 = AXIS2_PLACEMENT_3D('',#2768,#2769,#2770);
#2768 = CARTESIAN_POINT('',(113.,40.,-42.));
#2769 = DIRECTION('',(0.,0.,1.));
#2770 = DIRECTION('',(0.999999988385,1.524126987783E-04,-0.));
#2771 = PCURVE('',#791,#2772);
#2772 = DEFINITIONAL_REPRESENTATION('',(#2773),#2781);
#2773 = ( BOUNDED_CURVE() B_SPLINE_CURVE(2,(#2774,#2775,#2776,#2777,
#2778,#2779,#2780),.UNSPECIFIED.,.T.,.F.) B_SPLINE_CURVE_WITH_KNOTS((1,2
    ,2,2,2,1),(-2.094395102393,0.,2.094395102393,4.188790204786,
6.28318530718,8.377580409573),.UNSPECIFIED.) CURVE() 
GEOMETRIC_REPRESENTATION_ITEM() RATIONAL_B_SPLINE_CURVE((1.,0.5,1.,0.5,
1.,0.5,1.)) REPRESENTATION_ITEM('') );
#2774 = CARTESIAN_POINT('',(8.500000104533,25.001371714289));
#2775 = CARTESIAN_POINT('',(8.502375983375,40.589828801352));
#2776 = CARTESIAN_POINT('',(22.001187887154,32.793542686387));
#2777 = CARTESIAN_POINT('',(35.499999790933,24.997256571422));
#2778 = CARTESIAN_POINT('',(21.998812008312,17.205085599324));
#2779 = CARTESIAN_POINT('',(8.497624225691,9.412914627226));
#2780 = CARTESIAN_POINT('',(8.500000104533,25.001371714289));
#2781 = ( GEOMETRIC_REPRESENTATION_CONTEXT(2) 
PARAMETRIC_REPRESENTATION_CONTEXT() REPRESENTATION_CONTEXT('2D SPACE',''
  ) );
#2782 = PCURVE('',#2783,#2788);
#2783 = CYLINDRICAL_SURFACE('',#2784,9.);
#2784 = AXIS2_PLACEMENT_3D('',#2785,#2786,#2787);
#2785 = CARTESIAN_POINT('',(113.,40.,-42.));
#2786 = DIRECTION('',(0.,0.,1.));
#2787 = DIRECTION('',(7.620634960694E-05,-0.999999997096,0.));
#2788 = DEFINITIONAL_REPRESENTATION('',(#2789),#2793);
#2789 = LINE('',#2790,#2791);
#2790 = CARTESIAN_POINT('',(1.570872533145,0.));
#2791 = VECTOR('',#2792,1.);
#2792 = DIRECTION('',(1.,0.));
#2793 = ( GEOMETRIC_REPRESENTATION_CONTEXT(2) 
PARAMETRIC_REPRESENTATION_CONTEXT() REPRESENTATION_CONTEXT('2D SPACE',''
  ) );
#2794 = ADVANCED_FACE('',(#2795),#1066,.T.);
#2795 = FACE_BOUND('',#2796,.T.);
#2796 = EDGE_LOOP('',(#2797,#2821,#2848,#2877,#2905,#2976));
#2797 = ORIENTED_EDGE('',*,*,#2798,.F.);
#2798 = EDGE_CURVE('',#2799,#1051,#2801,.T.);
#2799 = VERTEX_POINT('',#2800);
#2800 = CARTESIAN_POINT('',(55.41,161.,-2.683375209645));
#2801 = SURFACE_CURVE('',#2802,(#2807,#2814),.PCURVE_S1.);
#2802 = CIRCLE('',#2803,6.);
#2803 = AXIS2_PLACEMENT_3D('',#2804,#2805,#2806);
#2804 = CARTESIAN_POINT('',(55.41,156.,-6.));
#2805 = DIRECTION('',(1.,0.,0.));
#2806 = DIRECTION('',(-0.,0.707106781187,0.707106781187));
#2807 = PCURVE('',#1066,#2808);
#2808 = DEFINITIONAL_REPRESENTATION('',(#2809),#2813);
#2809 = LINE('',#2810,#2811);
#2810 = CARTESIAN_POINT('',(0.,21.66));
#2811 = VECTOR('',#2812,1.);
#2812 = DIRECTION('',(1.,0.));
#2813 = ( GEOMETRIC_REPRESENTATION_CONTEXT(2) 
PARAMETRIC_REPRESENTATION_CONTEXT() REPRESENTATION_CONTEXT('2D SPACE',''
  ) );
#2814 = PCURVE('',#1624,#2815);
#2815 = DEFINITIONAL_REPRESENTATION('',(#2816),#2820);
#2816 = CIRCLE('',#2817,6.);
#2817 = AXIS2_PLACEMENT_2D('',#2818,#2819);
#2818 = CARTESIAN_POINT('',(22.,-64.));
#2819 = DIRECTION('',(-0.707106781187,-0.707106781187));
#2820 = ( GEOMETRIC_REPRESENTATION_CONTEXT(2) 
PARAMETRIC_REPRESENTATION_CONTEXT() REPRESENTATION_CONTEXT('2D SPACE',''
  ) );
#2821 = ORIENTED_EDGE('',*,*,#2822,.F.);
#2822 = EDGE_CURVE('',#2823,#2799,#2825,.T.);
#2823 = VERTEX_POINT('',#2824);
#2824 = CARTESIAN_POINT('',(47.41,161.,-2.683375209644));
#2825 = SURFACE_CURVE('',#2826,(#2830,#2836),.PCURVE_S1.);
#2826 = LINE('',#2827,#2828);
#2827 = CARTESIAN_POINT('',(33.75,161.,-2.683375209645));
#2828 = VECTOR('',#2829,1.);
#2829 = DIRECTION('',(1.,0.,0.));
#2830 = PCURVE('',#1066,#2831);
#2831 = DEFINITIONAL_REPRESENTATION('',(#2832),#2835);
#2832 = B_SPLINE_CURVE_WITH_KNOTS('',1,(#2833,#2834),.UNSPECIFIED.,.F.,
  .F.,(2,2),(11.26,40.06),.PIECEWISE_BEZIER_KNOTS.);
#2833 = CARTESIAN_POINT('',(6.083472687239,11.26));
#2834 = CARTESIAN_POINT('',(6.083472687239,40.06));
#2835 = ( GEOMETRIC_REPRESENTATION_CONTEXT(2) 
PARAMETRIC_REPRESENTATION_CONTEXT() REPRESENTATION_CONTEXT('2D SPACE',''
  ) );
#2836 = PCURVE('',#2837,#2842);
#2837 = PLANE('',#2838);
#2838 = AXIS2_PLACEMENT_3D('',#2839,#2840,#2841);
#2839 = CARTESIAN_POINT('',(47.41,161.,-65.));
#2840 = DIRECTION('',(0.,1.,0.));
#2841 = DIRECTION('',(1.,0.,0.));
#2842 = DEFINITIONAL_REPRESENTATION('',(#2843),#2847);
#2843 = LINE('',#2844,#2845);
#2844 = CARTESIAN_POINT('',(-13.66,-62.31662479035));
#2845 = VECTOR('',#2846,1.);
#2846 = DIRECTION('',(1.,0.));
#2847 = ( GEOMETRIC_REPRESENTATION_CONTEXT(2) 
PARAMETRIC_REPRESENTATION_CONTEXT() REPRESENTATION_CONTEXT('2D SPACE',''
  ) );
#2848 = ORIENTED_EDGE('',*,*,#2849,.F.);
#2849 = EDGE_CURVE('',#2850,#2823,#2852,.T.);
#2850 = VERTEX_POINT('',#2851);
#2851 = CARTESIAN_POINT('',(47.41,162.,-6.));
#2852 = SURFACE_CURVE('',#2853,(#2858,#2865),.PCURVE_S1.);
#2853 = CIRCLE('',#2854,6.);
#2854 = AXIS2_PLACEMENT_3D('',#2855,#2856,#2857);
#2855 = CARTESIAN_POINT('',(47.41,156.,-6.));
#2856 = DIRECTION('',(1.,0.,0.));
#2857 = DIRECTION('',(-0.,0.707106781187,0.707106781187));
#2858 = PCURVE('',#1066,#2859);
#2859 = DEFINITIONAL_REPRESENTATION('',(#2860),#2864);
#2860 = LINE('',#2861,#2862);
#2861 = CARTESIAN_POINT('',(0.,13.66));
#2862 = VECTOR('',#2863,1.);
#2863 = DIRECTION('',(1.,0.));
#2864 = ( GEOMETRIC_REPRESENTATION_CONTEXT(2) 
PARAMETRIC_REPRESENTATION_CONTEXT() REPRESENTATION_CONTEXT('2D SPACE',''
  ) );
#2865 = PCURVE('',#2866,#2871);
#2866 = PLANE('',#2867);
#2867 = AXIS2_PLACEMENT_3D('',#2868,#2869,#2870);
#2868 = CARTESIAN_POINT('',(47.41,171.,-65.));
#2869 = DIRECTION('',(1.,0.,-0.));
#2870 = DIRECTION('',(0.,-1.,0.));
#2871 = DEFINITIONAL_REPRESENTATION('',(#2872),#2876);
#2872 = CIRCLE('',#2873,6.);
#2873 = AXIS2_PLACEMENT_2D('',#2874,#2875);
#2874 = CARTESIAN_POINT('',(15.,-59.));
#2875 = DIRECTION('',(-0.707106781187,-0.707106781187));
#2876 = ( GEOMETRIC_REPRESENTATION_CONTEXT(2) 
PARAMETRIC_REPRESENTATION_CONTEXT() REPRESENTATION_CONTEXT('2D SPACE',''
  ) );
#2877 = ORIENTED_EDGE('',*,*,#2878,.T.);
#2878 = EDGE_CURVE('',#2850,#2879,#2881,.T.);
#2879 = VERTEX_POINT('',#2880);
#2880 = CARTESIAN_POINT('',(43.5,162.,-6.));
#2881 = SURFACE_CURVE('',#2882,(#2886,#2893),.PCURVE_S1.);
#2882 = LINE('',#2883,#2884);
#2883 = CARTESIAN_POINT('',(33.75,162.,-6.));
#2884 = VECTOR('',#2885,1.);
#2885 = DIRECTION('',(-1.,0.,0.));
#2886 = PCURVE('',#1066,#2887);
#2887 = DEFINITIONAL_REPRESENTATION('',(#2888),#2892);
#2888 = LINE('',#2889,#2890);
#2889 = CARTESIAN_POINT('',(5.497787143782,0.));
#2890 = VECTOR('',#2891,1.);
#2891 = DIRECTION('',(0.,-1.));
#2892 = ( GEOMETRIC_REPRESENTATION_CONTEXT(2) 
PARAMETRIC_REPRESENTATION_CONTEXT() REPRESENTATION_CONTEXT('2D SPACE',''
  ) );
#2893 = PCURVE('',#2894,#2899);
#2894 = PLANE('',#2895);
#2895 = AXIS2_PLACEMENT_3D('',#2896,#2897,#2898);
#2896 = CARTESIAN_POINT('',(67.5,162.,-21.));
#2897 = DIRECTION('',(0.,1.,0.));
#2898 = DIRECTION('',(0.,-0.,1.));
#2899 = DEFINITIONAL_REPRESENTATION('',(#2900),#2904);
#2900 = LINE('',#2901,#2902);
#2901 = CARTESIAN_POINT('',(15.,-33.75));
#2902 = VECTOR('',#2903,1.);
#2903 = DIRECTION('',(0.,-1.));
#2904 = ( GEOMETRIC_REPRESENTATION_CONTEXT(2) 
PARAMETRIC_REPRESENTATION_CONTEXT() REPRESENTATION_CONTEXT('2D SPACE',''
  ) );
#2905 = ORIENTED_EDGE('',*,*,#2906,.T.);
#2906 = EDGE_CURVE('',#2879,#1049,#2907,.T.);
#2907 = SURFACE_CURVE('',#2908,(#2913,#2942),.PCURVE_S1.);
#2908 = ELLIPSE('',#2909,8.485281374239,6.);
#2909 = AXIS2_PLACEMENT_3D('',#2910,#2911,#2912);
#2910 = CARTESIAN_POINT('',(43.5,156.,-6.));
#2911 = DIRECTION('',(0.707106781187,0.,0.707106781187));
#2912 = DIRECTION('',(-0.707106781187,0.,0.707106781187));
#2913 = PCURVE('',#1066,#2914);
#2914 = DEFINITIONAL_REPRESENTATION('',(#2915),#2941);
#2915 = B_SPLINE_CURVE_WITH_KNOTS('',3,(#2916,#2917,#2918,#2919,#2920,
    #2921,#2922,#2923,#2924,#2925,#2926,#2927,#2928,#2929,#2930,#2931,
    #2932,#2933,#2934,#2935,#2936,#2937,#2938,#2939,#2940),
  .UNSPECIFIED.,.F.,.F.,(4,1,1,1,1,1,1,1,1,1,1,1,1,1,1,1,1,1,1,1,1,1,4),
  (4.712388980385,4.783788813421,4.855188646457,4.926588479493,
    4.997988312529,5.069388145565,5.140787978601,5.212187811638,
    5.283587644674,5.35498747771,5.426387310746,5.497787143782,
    5.569186976818,5.640586809854,5.711986642891,5.783386475927,
    5.854786308963,5.926186141999,5.997585975035,6.068985808071,
    6.140385641107,6.211785474143,6.28318530718),.UNSPECIFIED.);
#2916 = CARTESIAN_POINT('',(5.497787143782,9.75));
#2917 = CARTESIAN_POINT('',(5.521587088128,9.607199222589));
#2918 = CARTESIAN_POINT('',(5.569186976818,9.321601589023));
#2919 = CARTESIAN_POINT('',(5.640586809854,8.895385009364));
#2920 = CARTESIAN_POINT('',(5.711986642891,8.473524195684));
#2921 = CARTESIAN_POINT('',(5.783386475927,8.058167783992));
#2922 = CARTESIAN_POINT('',(5.854786308963,7.651432622057));
#2923 = CARTESIAN_POINT('',(5.926186141999,7.255391262212));
#2924 = CARTESIAN_POINT('',(5.997585975035,6.872061861028));
#2925 = CARTESIAN_POINT('',(6.068985808071,6.503397771753));
#2926 = CARTESIAN_POINT('',(6.140385641107,6.151277623558));
#2927 = CARTESIAN_POINT('',(6.211785474143,5.817495739605));
#2928 = CARTESIAN_POINT('',(6.28318530718,5.503752995992));
#2929 = CARTESIAN_POINT('',(6.354585140216,5.211648153711));
#2930 = CARTESIAN_POINT('',(6.425984973252,4.942669712412));
#2931 = CARTESIAN_POINT('',(6.497384806288,4.698188323364));
#2932 = CARTESIAN_POINT('',(6.568784639324,4.479449812211));
#2933 = CARTESIAN_POINT('',(6.64018447236,4.287568803373));
#2934 = CARTESIAN_POINT('',(6.711584305396,4.123523141536));
#2935 = CARTESIAN_POINT('',(6.782984138433,3.988148530492));
#2936 = CARTESIAN_POINT('',(6.854383971469,3.882135686374));
#2937 = CARTESIAN_POINT('',(6.925783804505,3.806021549051));
#2938 = CARTESIAN_POINT('',(6.997183637541,3.760206209708));
#2939 = CARTESIAN_POINT('',(7.044783526232,3.749987060667));
#2940 = CARTESIAN_POINT('',(7.068583470577,3.75));
#2941 = ( GEOMETRIC_REPRESENTATION_CONTEXT(2) 
PARAMETRIC_REPRESENTATION_CONTEXT() REPRESENTATION_CONTEXT('2D SPACE',''
  ) );
#2942 = PCURVE('',#2943,#2948);
#2943 = CYLINDRICAL_SURFACE('',#2944,6.);
#2944 = AXIS2_PLACEMENT_3D('',#2945,#2946,#2947);
#2945 = CARTESIAN_POINT('',(43.5,156.,-31.5));
#2946 = DIRECTION('',(-1.057355261548E-16,0.,1.));
#2947 = DIRECTION('',(-0.707106781187,0.707106781187,-7.476630755639E-17
    ));
#2948 = DEFINITIONAL_REPRESENTATION('',(#2949),#2975);
#2949 = B_SPLINE_CURVE_WITH_KNOTS('',3,(#2950,#2951,#2952,#2953,#2954,
    #2955,#2956,#2957,#2958,#2959,#2960,#2961,#2962,#2963,#2964,#2965,
    #2966,#2967,#2968,#2969,#2970,#2971,#2972,#2973,#2974),
  .UNSPECIFIED.,.F.,.F.,(4,1,1,1,1,1,1,1,1,1,1,1,1,1,1,1,1,1,1,1,1,1,4),
  (4.712388980385,4.783788813421,4.855188646457,4.926588479493,
    4.997988312529,5.069388145565,5.140787978601,5.212187811638,
    5.283587644674,5.35498747771,5.426387310746,5.497787143782,
    5.569186976818,5.640586809854,5.711986642891,5.783386475927,
    5.854786308963,5.926186141999,5.997585975035,6.068985808071,
    6.140385641107,6.211785474143,6.28318530718),.UNSPECIFIED.);
#2950 = CARTESIAN_POINT('',(5.497787143782,25.5));
#2951 = CARTESIAN_POINT('',(5.521587088128,25.642800777411));
#2952 = CARTESIAN_POINT('',(5.569186976818,25.928398410977));
#2953 = CARTESIAN_POINT('',(5.640586809854,26.354614990636));
#2954 = CARTESIAN_POINT('',(5.711986642891,26.776475804316));
#2955 = CARTESIAN_POINT('',(5.783386475927,27.191832216008));
#2956 = CARTESIAN_POINT('',(5.854786308963,27.598567377943));
#2957 = CARTESIAN_POINT('',(5.926186141999,27.994608737788));
#2958 = CARTESIAN_POINT('',(5.997585975035,28.377938138972));
#2959 = CARTESIAN_POINT('',(6.068985808071,28.746602228247));
#2960 = CARTESIAN_POINT('',(6.140385641107,29.098722376442));
#2961 = CARTESIAN_POINT('',(6.211785474143,29.432504260395));
#2962 = CARTESIAN_POINT('',(6.28318530718,29.746247004008));
#2963 = CARTESIAN_POINT('',(6.354585140216,30.038351846289));
#2964 = CARTESIAN_POINT('',(6.425984973252,30.307330287588));
#2965 = CARTESIAN_POINT('',(6.497384806288,30.551811676636));
#2966 = CARTESIAN_POINT('',(6.568784639324,30.770550187789));
#2967 = CARTESIAN_POINT('',(6.64018447236,30.962431196627));
#2968 = CARTESIAN_POINT('',(6.711584305396,31.126476858464));
#2969 = CARTESIAN_POINT('',(6.782984138433,31.261851469508));
#2970 = CARTESIAN_POINT('',(6.854383971469,31.367864313626));
#2971 = CARTESIAN_POINT('',(6.925783804505,31.443978450949));
#2972 = CARTESIAN_POINT('',(6.997183637541,31.489793790292));
#2973 = CARTESIAN_POINT('',(7.044783526232,31.500012939333));
#2974 = CARTESIAN_POINT('',(7.068583470577,31.5));
#2975 = ( GEOMETRIC_REPRESENTATION_CONTEXT(2) 
PARAMETRIC_REPRESENTATION_CONTEXT() REPRESENTATION_CONTEXT('2D SPACE',''
  ) );
#2976 = ORIENTED_EDGE('',*,*,#1048,.T.);
#2977 = ADVANCED_FACE('',(#2978),#1624,.T.);
#2978 = FACE_BOUND('',#2979,.T.);
#2979 = EDGE_LOOP('',(#2980,#3001,#3002,#3030,#3049,#3050));
#2980 = ORIENTED_EDGE('',*,*,#2981,.F.);
#2981 = EDGE_CURVE('',#2606,#1586,#2982,.T.);
#2982 = SURFACE_CURVE('',#2983,(#2987,#2994),.PCURVE_S1.);
#2983 = LINE('',#2984,#2985);
#2984 = CARTESIAN_POINT('',(55.41,154.,-70.));
#2985 = VECTOR('',#2986,1.);
#2986 = DIRECTION('',(0.,0.,1.));
#2987 = PCURVE('',#1624,#2988);
#2988 = DEFINITIONAL_REPRESENTATION('',(#2989),#2993);
#2989 = LINE('',#2990,#2991);
#2990 = CARTESIAN_POINT('',(24.,0.));
#2991 = VECTOR('',#2992,1.);
#2992 = DIRECTION('',(0.,-1.));
#2993 = ( GEOMETRIC_REPRESENTATION_CONTEXT(2) 
PARAMETRIC_REPRESENTATION_CONTEXT() REPRESENTATION_CONTEXT('2D SPACE',''
  ) );
#2994 = PCURVE('',#1600,#2995);
#2995 = DEFINITIONAL_REPRESENTATION('',(#2996),#3000);
#2996 = LINE('',#2997,#2998);
#2997 = CARTESIAN_POINT('',(0.,0.));
#2998 = VECTOR('',#2999,1.);
#2999 = DIRECTION('',(0.,-1.));
#3000 = ( GEOMETRIC_REPRESENTATION_CONTEXT(2) 
PARAMETRIC_REPRESENTATION_CONTEXT() REPRESENTATION_CONTEXT('2D SPACE',''
  ) );
#3001 = ORIENTED_EDGE('',*,*,#2605,.F.);
#3002 = ORIENTED_EDGE('',*,*,#3003,.F.);
#3003 = EDGE_CURVE('',#3004,#2578,#3006,.T.);
#3004 = VERTEX_POINT('',#3005);
#3005 = CARTESIAN_POINT('',(55.41,161.,-39.31662479035));
#3006 = SURFACE_CURVE('',#3007,(#3012,#3023),.PCURVE_S1.);
#3007 = CIRCLE('',#3008,6.);
#3008 = AXIS2_PLACEMENT_3D('',#3009,#3010,#3011);
#3009 = CARTESIAN_POINT('',(55.41,156.,-36.));
#3010 = DIRECTION('',(-1.,0.,0.));
#3011 = DIRECTION('',(0.,0.707106781187,-0.707106781187));
#3012 = PCURVE('',#1624,#3013);
#3013 = DEFINITIONAL_REPRESENTATION('',(#3014),#3022);
#3014 = ( BOUNDED_CURVE() B_SPLINE_CURVE(2,(#3015,#3016,#3017,#3018,
#3019,#3020,#3021),.UNSPECIFIED.,.T.,.F.) B_SPLINE_CURVE_WITH_KNOTS((1,2
    ,2,2,2,1),(-2.094395102393,0.,2.094395102393,4.188790204786,
6.28318530718,8.377580409573),.UNSPECIFIED.) CURVE() 
GEOMETRIC_REPRESENTATION_ITEM() RATIONAL_B_SPLINE_CURVE((1.,0.5,1.,0.5,
1.,0.5,1.)) REPRESENTATION_ITEM('') );
#3015 = CARTESIAN_POINT('',(17.757359312881,-29.75735931288));
#3016 = CARTESIAN_POINT('',(25.10582854123,-22.40889008453));
#3017 = CARTESIAN_POINT('',(27.795554957734,-32.44708572938));
#3018 = CARTESIAN_POINT('',(30.485281374239,-42.48528137423));
#3019 = CARTESIAN_POINT('',(20.447085729385,-39.79555495773));
#3020 = CARTESIAN_POINT('',(10.408890084531,-37.10582854123));
#3021 = CARTESIAN_POINT('',(17.757359312881,-29.75735931288));
#3022 = ( GEOMETRIC_REPRESENTATION_CONTEXT(2) 
PARAMETRIC_REPRESENTATION_CONTEXT() REPRESENTATION_CONTEXT('2D SPACE',''
  ) );
#3023 = PCURVE('',#2593,#3024);
#3024 = DEFINITIONAL_REPRESENTATION('',(#3025),#3029);
#3025 = LINE('',#3026,#3027);
#3026 = CARTESIAN_POINT('',(0.,43.59));
#3027 = VECTOR('',#3028,1.);
#3028 = DIRECTION('',(1.,0.));
#3029 = ( GEOMETRIC_REPRESENTATION_CONTEXT(2) 
PARAMETRIC_REPRESENTATION_CONTEXT() REPRESENTATION_CONTEXT('2D SPACE',''
  ) );
#3030 = ORIENTED_EDGE('',*,*,#3031,.F.);
#3031 = EDGE_CURVE('',#2799,#3004,#3032,.T.);
#3032 = SURFACE_CURVE('',#3033,(#3037,#3043),.PCURVE_S1.);
#3033 = LINE('',#3034,#3035);
#3034 = CARTESIAN_POINT('',(55.41,161.,-67.5));
#3035 = VECTOR('',#3036,1.);
#3036 = DIRECTION('',(-0.,0.,-1.));
#3037 = PCURVE('',#1624,#3038);
#3038 = DEFINITIONAL_REPRESENTATION('',(#3039),#3042);
#3039 = B_SPLINE_CURVE_WITH_KNOTS('',1,(#3040,#3041),.UNSPECIFIED.,.F.,
  .F.,(2,2),(-64.81662479035,-28.18337520965),.PIECEWISE_BEZIER_KNOTS.);
#3040 = CARTESIAN_POINT('',(17.,-67.31662479035));
#3041 = CARTESIAN_POINT('',(17.,-30.68337520965));
#3042 = ( GEOMETRIC_REPRESENTATION_CONTEXT(2) 
PARAMETRIC_REPRESENTATION_CONTEXT() REPRESENTATION_CONTEXT('2D SPACE',''
  ) );
#3043 = PCURVE('',#2837,#3044);
#3044 = DEFINITIONAL_REPRESENTATION('',(#3045),#3048);
#3045 = B_SPLINE_CURVE_WITH_KNOTS('',1,(#3046,#3047),.UNSPECIFIED.,.F.,
  .F.,(2,2),(-64.81662479035,-28.18337520965),.PIECEWISE_BEZIER_KNOTS.);
#3046 = CARTESIAN_POINT('',(8.,-62.31662479035));
#3047 = CARTESIAN_POINT('',(8.,-25.68337520965));
#3048 = ( GEOMETRIC_REPRESENTATION_CONTEXT(2) 
PARAMETRIC_REPRESENTATION_CONTEXT() REPRESENTATION_CONTEXT('2D SPACE',''
  ) );
#3049 = ORIENTED_EDGE('',*,*,#2798,.T.);
#3050 = ORIENTED_EDGE('',*,*,#1611,.F.);
#3051 = ADVANCED_FACE('',(#3052),#1600,.T.);
#3052 = FACE_BOUND('',#3053,.T.);
#3053 = EDGE_LOOP('',(#3054,#3055,#3056,#3057,#3080,#3113));
#3054 = ORIENTED_EDGE('',*,*,#2626,.F.);
#3055 = ORIENTED_EDGE('',*,*,#2981,.T.);
#3056 = ORIENTED_EDGE('',*,*,#1585,.F.);
#3057 = ORIENTED_EDGE('',*,*,#3058,.F.);
#3058 = EDGE_CURVE('',#3059,#1560,#3061,.T.);
#3059 = VERTEX_POINT('',#3060);
#3060 = CARTESIAN_POINT('',(63.41,154.,-15.29761398623));
#3061 = SURFACE_CURVE('',#3062,(#3066,#3073),.PCURVE_S1.);
#3062 = LINE('',#3063,#3064);
#3063 = CARTESIAN_POINT('',(63.41,154.,-70.));
#3064 = VECTOR('',#3065,1.);
#3065 = DIRECTION('',(0.,0.,1.));
#3066 = PCURVE('',#1600,#3067);
#3067 = DEFINITIONAL_REPRESENTATION('',(#3068),#3072);
#3068 = LINE('',#3069,#3070);
#3069 = CARTESIAN_POINT('',(8.,0.));
#3070 = VECTOR('',#3071,1.);
#3071 = DIRECTION('',(0.,-1.));
#3072 = ( GEOMETRIC_REPRESENTATION_CONTEXT(2) 
PARAMETRIC_REPRESENTATION_CONTEXT() REPRESENTATION_CONTEXT('2D SPACE',''
  ) );
#3073 = PCURVE('',#1574,#3074);
#3074 = DEFINITIONAL_REPRESENTATION('',(#3075),#3079);
#3075 = LINE('',#3076,#3077);
#3076 = CARTESIAN_POINT('',(0.,0.));
#3077 = VECTOR('',#3078,1.);
#3078 = DIRECTION('',(0.,-1.));
#3079 = ( GEOMETRIC_REPRESENTATION_CONTEXT(2) 
PARAMETRIC_REPRESENTATION_CONTEXT() REPRESENTATION_CONTEXT('2D SPACE',''
  ) );
#3080 = ORIENTED_EDGE('',*,*,#3081,.T.);
#3081 = EDGE_CURVE('',#3059,#3082,#3084,.T.);
#3082 = VERTEX_POINT('',#3083);
#3083 = CARTESIAN_POINT('',(63.41,154.,-26.70238601376));
#3084 = SURFACE_CURVE('',#3085,(#3090,#3101),.PCURVE_S1.);
#3085 = CIRCLE('',#3086,7.0175);
#3086 = AXIS2_PLACEMENT_3D('',#3087,#3088,#3089);
#3087 = CARTESIAN_POINT('',(67.5,154.,-21.));
#3088 = DIRECTION('',(0.,-1.,0.));
#3089 = DIRECTION('',(-1.,0.,0.));
#3090 = PCURVE('',#1600,#3091);
#3091 = DEFINITIONAL_REPRESENTATION('',(#3092),#3100);
#3092 = ( BOUNDED_CURVE() B_SPLINE_CURVE(2,(#3093,#3094,#3095,#3096,
#3097,#3098,#3099),.UNSPECIFIED.,.T.,.F.) B_SPLINE_CURVE_WITH_KNOTS((1,2
    ,2,2,2,1),(-2.094395102393,0.,2.094395102393,4.188790204786,
6.28318530718,8.377580409573),.UNSPECIFIED.) CURVE() 
GEOMETRIC_REPRESENTATION_ITEM() RATIONAL_B_SPLINE_CURVE((1.,0.5,1.,0.5,
1.,0.5,1.)) REPRESENTATION_ITEM('') );
#3093 = CARTESIAN_POINT('',(5.0725,-49.));
#3094 = CARTESIAN_POINT('',(5.0725,-36.84533345788));
#3095 = CARTESIAN_POINT('',(15.59875,-42.92266672894));
#3096 = CARTESIAN_POINT('',(26.125,-49.));
#3097 = CARTESIAN_POINT('',(15.59875,-55.07733327105));
#3098 = CARTESIAN_POINT('',(5.0725,-61.15466654211));
#3099 = CARTESIAN_POINT('',(5.0725,-49.));
#3100 = ( GEOMETRIC_REPRESENTATION_CONTEXT(2) 
PARAMETRIC_REPRESENTATION_CONTEXT() REPRESENTATION_CONTEXT('2D SPACE',''
  ) );
#3101 = PCURVE('',#3102,#3107);
#3102 = CYLINDRICAL_SURFACE('',#3103,7.0175);
#3103 = AXIS2_PLACEMENT_3D('',#3104,#3105,#3106);
#3104 = CARTESIAN_POINT('',(67.5,162.,-21.));
#3105 = DIRECTION('',(0.,-1.,0.));
#3106 = DIRECTION('',(-1.,0.,0.));
#3107 = DEFINITIONAL_REPRESENTATION('',(#3108),#3112);
#3108 = LINE('',#3109,#3110);
#3109 = CARTESIAN_POINT('',(0.,8.));
#3110 = VECTOR('',#3111,1.);
#3111 = DIRECTION('',(1.,0.));
#3112 = ( GEOMETRIC_REPRESENTATION_CONTEXT(2) 
PARAMETRIC_REPRESENTATION_CONTEXT() REPRESENTATION_CONTEXT('2D SPACE',''
  ) );
#3113 = ORIENTED_EDGE('',*,*,#3114,.F.);
#3114 = EDGE_CURVE('',#2627,#3082,#3115,.T.);
#3115 = SURFACE_CURVE('',#3116,(#3120,#3127),.PCURVE_S1.);
#3116 = LINE('',#3117,#3118);
#3117 = CARTESIAN_POINT('',(63.41,154.,-70.));
#3118 = VECTOR('',#3119,1.);
#3119 = DIRECTION('',(0.,0.,1.));
#3120 = PCURVE('',#1600,#3121);
#3121 = DEFINITIONAL_REPRESENTATION('',(#3122),#3126);
#3122 = LINE('',#3123,#3124);
#3123 = CARTESIAN_POINT('',(8.,0.));
#3124 = VECTOR('',#3125,1.);
#3125 = DIRECTION('',(0.,-1.));
#3126 = ( GEOMETRIC_REPRESENTATION_CONTEXT(2) 
PARAMETRIC_REPRESENTATION_CONTEXT() REPRESENTATION_CONTEXT('2D SPACE',''
  ) );
#3127 = PCURVE('',#2660,#3128);
#3128 = DEFINITIONAL_REPRESENTATION('',(#3129),#3133);
#3129 = LINE('',#3130,#3131);
#3130 = CARTESIAN_POINT('',(0.,0.));
#3131 = VECTOR('',#3132,1.);
#3132 = DIRECTION('',(0.,-1.));
#3133 = ( GEOMETRIC_REPRESENTATION_CONTEXT(2) 
PARAMETRIC_REPRESENTATION_CONTEXT() REPRESENTATION_CONTEXT('2D SPACE',''
  ) );
#3134 = ADVANCED_FACE('',(#3135),#1574,.T.);
#3135 = FACE_BOUND('',#3136,.T.);
#3136 = EDGE_LOOP('',(#3137,#3158,#3159,#3160,#3188));
#3137 = ORIENTED_EDGE('',*,*,#3138,.T.);
#3138 = EDGE_CURVE('',#3139,#3059,#3141,.T.);
#3139 = VERTEX_POINT('',#3140);
#3140 = CARTESIAN_POINT('',(63.41,161.,-15.29761398623));
#3141 = SURFACE_CURVE('',#3142,(#3146,#3152),.PCURVE_S1.);
#3142 = LINE('',#3143,#3144);
#3143 = CARTESIAN_POINT('',(63.41,162.,-15.29761398623));
#3144 = VECTOR('',#3145,1.);
#3145 = DIRECTION('',(0.,-1.,0.));
#3146 = PCURVE('',#1574,#3147);
#3147 = DEFINITIONAL_REPRESENTATION('',(#3148),#3151);
#3148 = B_SPLINE_CURVE_WITH_KNOTS('',1,(#3149,#3150),.UNSPECIFIED.,.F.,
  .F.,(2,2),(-18.0000006,9.0000006),.PIECEWISE_BEZIER_KNOTS.);
#3149 = CARTESIAN_POINT('',(26.0000006,-54.70238601376));
#3150 = CARTESIAN_POINT('',(-1.0000006,-54.70238601376));
#3151 = ( GEOMETRIC_REPRESENTATION_CONTEXT(2) 
PARAMETRIC_REPRESENTATION_CONTEXT() REPRESENTATION_CONTEXT('2D SPACE',''
  ) );
#3152 = PCURVE('',#3102,#3153);
#3153 = DEFINITIONAL_REPRESENTATION('',(#3154),#3157);
#3154 = B_SPLINE_CURVE_WITH_KNOTS('',1,(#3155,#3156),.UNSPECIFIED.,.F.,
  .F.,(2,2),(-18.0000006,9.0000006),.PIECEWISE_BEZIER_KNOTS.);
#3155 = CARTESIAN_POINT('',(5.334594342314,-18.0000006));
#3156 = CARTESIAN_POINT('',(5.334594342314,9.0000006));
#3157 = ( GEOMETRIC_REPRESENTATION_CONTEXT(2) 
PARAMETRIC_REPRESENTATION_CONTEXT() REPRESENTATION_CONTEXT('2D SPACE',''
  ) );
#3158 = ORIENTED_EDGE('',*,*,#3058,.T.);
#3159 = ORIENTED_EDGE('',*,*,#1559,.F.);
#3160 = ORIENTED_EDGE('',*,*,#3161,.F.);
#3161 = EDGE_CURVE('',#3162,#1532,#3164,.T.);
#3162 = VERTEX_POINT('',#3163);
#3163 = CARTESIAN_POINT('',(63.41,161.,-2.683375209645));
#3164 = SURFACE_CURVE('',#3165,(#3170,#3181),.PCURVE_S1.);
#3165 = CIRCLE('',#3166,6.);
#3166 = AXIS2_PLACEMENT_3D('',#3167,#3168,#3169);
#3167 = CARTESIAN_POINT('',(63.41,156.,-6.));
#3168 = DIRECTION('',(1.,0.,0.));
#3169 = DIRECTION('',(-0.,0.707106781187,0.707106781187));
#3170 = PCURVE('',#1574,#3171);
#3171 = DEFINITIONAL_REPRESENTATION('',(#3172),#3180);
#3172 = ( BOUNDED_CURVE() B_SPLINE_CURVE(2,(#3173,#3174,#3175,#3176,
#3177,#3178,#3179),.UNSPECIFIED.,.T.,.F.) B_SPLINE_CURVE_WITH_KNOTS((1,2
    ,2,2,2,1),(-2.094395102393,0.,2.094395102393,4.188790204786,
6.28318530718,8.377580409573),.UNSPECIFIED.) CURVE() 
GEOMETRIC_REPRESENTATION_ITEM() RATIONAL_B_SPLINE_CURVE((1.,0.5,1.,0.5,
1.,0.5,1.)) REPRESENTATION_ITEM('') );
#3173 = CARTESIAN_POINT('',(6.242640687119,-68.24264068711));
#3174 = CARTESIAN_POINT('',(-1.10582854123,-75.59110991546));
#3175 = CARTESIAN_POINT('',(-3.795554957734,-65.55291427061));
#3176 = CARTESIAN_POINT('',(-6.485281374239,-55.51471862576));
#3177 = CARTESIAN_POINT('',(3.552914270615,-58.20444504226));
#3178 = CARTESIAN_POINT('',(13.591109915469,-60.89417145877));
#3179 = CARTESIAN_POINT('',(6.242640687119,-68.24264068711));
#3180 = ( GEOMETRIC_REPRESENTATION_CONTEXT(2) 
PARAMETRIC_REPRESENTATION_CONTEXT() REPRESENTATION_CONTEXT('2D SPACE',''
  ) );
#3181 = PCURVE('',#1547,#3182);
#3182 = DEFINITIONAL_REPRESENTATION('',(#3183),#3187);
#3183 = LINE('',#3184,#3185);
#3184 = CARTESIAN_POINT('',(0.,29.66));
#3185 = VECTOR('',#3186,1.);
#3186 = DIRECTION('',(1.,0.));
#3187 = ( GEOMETRIC_REPRESENTATION_CONTEXT(2) 
PARAMETRIC_REPRESENTATION_CONTEXT() REPRESENTATION_CONTEXT('2D SPACE',''
  ) );
#3188 = ORIENTED_EDGE('',*,*,#3189,.F.);
#3189 = EDGE_CURVE('',#3139,#3162,#3190,.T.);
#3190 = SURFACE_CURVE('',#3191,(#3195,#3201),.PCURVE_S1.);
#3191 = LINE('',#3192,#3193);
#3192 = CARTESIAN_POINT('',(63.41,161.,-67.5));
#3193 = VECTOR('',#3194,1.);
#3194 = DIRECTION('',(0.,-0.,1.));
#3195 = PCURVE('',#1574,#3196);
#3196 = DEFINITIONAL_REPRESENTATION('',(#3197),#3200);
#3197 = B_SPLINE_CURVE_WITH_KNOTS('',1,(#3198,#3199),.UNSPECIFIED.,.F.,
  .F.,(2,2),(28.18337520965,64.816624790356),.PIECEWISE_BEZIER_KNOTS.);
#3198 = CARTESIAN_POINT('',(7.,-30.68337520965));
#3199 = CARTESIAN_POINT('',(7.,-67.31662479035));
#3200 = ( GEOMETRIC_REPRESENTATION_CONTEXT(2) 
PARAMETRIC_REPRESENTATION_CONTEXT() REPRESENTATION_CONTEXT('2D SPACE',''
  ) );
#3201 = PCURVE('',#3202,#3207);
#3202 = PLANE('',#3203);
#3203 = AXIS2_PLACEMENT_3D('',#3204,#3205,#3206);
#3204 = CARTESIAN_POINT('',(47.41,161.,-65.));
#3205 = DIRECTION('',(0.,1.,0.));
#3206 = DIRECTION('',(1.,0.,0.));
#3207 = DEFINITIONAL_REPRESENTATION('',(#3208),#3211);
#3208 = B_SPLINE_CURVE_WITH_KNOTS('',1,(#3209,#3210),.UNSPECIFIED.,.F.,
  .F.,(2,2),(28.18337520965,64.816624790356),.PIECEWISE_BEZIER_KNOTS.);
#3209 = CARTESIAN_POINT('',(16.,-25.68337520965));
#3210 = CARTESIAN_POINT('',(16.,-62.31662479035));
#3211 = ( GEOMETRIC_REPRESENTATION_CONTEXT(2) 
PARAMETRIC_REPRESENTATION_CONTEXT() REPRESENTATION_CONTEXT('2D SPACE',''
  ) );
#3212 = ADVANCED_FACE('',(#3213),#1547,.T.);
#3213 = FACE_BOUND('',#3214,.T.);
#3214 = EDGE_LOOP('',(#3215,#3290,#3323,#3343,#3344,#3345,#3418));
#3215 = ORIENTED_EDGE('',*,*,#3216,.F.);
#3216 = EDGE_CURVE('',#3217,#3219,#3221,.T.);
#3217 = VERTEX_POINT('',#3218);
#3218 = CARTESIAN_POINT('',(71.41,161.99229993478,-5.691153904091));
#3219 = VERTEX_POINT('',#3220);
#3220 = CARTESIAN_POINT('',(73.06776436283,162.,-6.));
#3221 = SURFACE_CURVE('',#3222,(#3228,#3257),.PCURVE_S1.);
#3222 = B_SPLINE_CURVE_WITH_KNOTS('',3,(#3223,#3224,#3225,#3226,#3227),
  .UNSPECIFIED.,.F.,.F.,(4,1,4),(-3.14159265359,0.448798950513,
    3.14159265359),.QUASI_UNIFORM_KNOTS.);
#3223 = CARTESIAN_POINT('',(61.93223563717,162.,-6.));
#3224 = CARTESIAN_POINT('',(63.96326511145,162.,-5.54766825893));
#3225 = CARTESIAN_POINT('',(67.787742109174,161.93946553246,
    -5.19570727942));
#3226 = CARTESIAN_POINT('',(71.54449225712,162.,-5.660751194197));
#3227 = CARTESIAN_POINT('',(73.06776436283,162.,-6.));
#3228 = PCURVE('',#1547,#3229);
#3229 = DEFINITIONAL_REPRESENTATION('',(#3230),#3256);
#3230 = B_SPLINE_CURVE_WITH_KNOTS('',3,(#3231,#3232,#3233,#3234,#3235,
    #3236,#3237,#3238,#3239,#3240,#3241,#3242,#3243,#3244,#3245,#3246,
    #3247,#3248,#3249,#3250,#3251,#3252,#3253,#3254,#3255),
  .UNSPECIFIED.,.F.,.F.,(4,1,1,1,1,1,1,1,1,1,1,1,1,1,1,1,1,1,1,1,1,1,4),
  (2.182231842434,2.225839152032,2.26944646163,2.313053771228,
    2.356661080826,2.400268390424,2.443875700022,2.48748300962,
    2.531090319218,2.574697628816,2.618304938414,2.661912248012,
    2.70551955761,2.749126867208,2.792734176806,2.836341486404,
    2.879948796002,2.9235561056,2.967163415198,3.010770724796,
    3.054378034394,3.097985343992,3.14159265359),.QUASI_UNIFORM_KNOTS.);
#3231 = CARTESIAN_POINT('',(5.549282072121,37.66));
#3232 = CARTESIAN_POINT('',(5.548638196677,37.68551637342));
#3233 = CARTESIAN_POINT('',(5.547337955175,37.736517501387));
#3234 = CARTESIAN_POINT('',(5.545350163133,37.812922442851));
#3235 = CARTESIAN_POINT('',(5.543324983689,37.889228739962));
#3236 = CARTESIAN_POINT('',(5.541262458088,37.965434498855));
#3237 = CARTESIAN_POINT('',(5.539162626846,38.041537825664));
#3238 = CARTESIAN_POINT('',(5.537025529642,38.117536826522));
#3239 = CARTESIAN_POINT('',(5.534851205366,38.193429607564));
#3240 = CARTESIAN_POINT('',(5.532639692116,38.269214274925));
#3241 = CARTESIAN_POINT('',(5.530391027217,38.344888934737));
#3242 = CARTESIAN_POINT('',(5.528105247234,38.420451693135));
#3243 = CARTESIAN_POINT('',(5.525782387984,38.495900656254));
#3244 = CARTESIAN_POINT('',(5.52342248456,38.571233930227));
#3245 = CARTESIAN_POINT('',(5.521025571342,38.646449621188));
#3246 = CARTESIAN_POINT('',(5.51859168202,38.721545835272));
#3247 = CARTESIAN_POINT('',(5.516120849617,38.796520678612));
#3248 = CARTESIAN_POINT('',(5.513613106505,38.871372257343));
#3249 = CARTESIAN_POINT('',(5.511068484433,38.946098677599));
#3250 = CARTESIAN_POINT('',(5.508487014553,39.020698045513));
#3251 = CARTESIAN_POINT('',(5.505868727441,39.095168467221));
#3252 = CARTESIAN_POINT('',(5.503213653122,39.169508048855));
#3253 = CARTESIAN_POINT('',(5.500521821143,39.243714896551));
#3254 = CARTESIAN_POINT('',(5.498702780646,39.293096376478));
#3255 = CARTESIAN_POINT('',(5.497787143782,39.31776436283));
#3256 = ( GEOMETRIC_REPRESENTATION_CONTEXT(2) 
PARAMETRIC_REPRESENTATION_CONTEXT() REPRESENTATION_CONTEXT('2D SPACE',''
  ) );
#3257 = PCURVE('',#3258,#3284);
#3258 = B_SPLINE_SURFACE_WITH_KNOTS('',3,3,(
    (#3259,#3260,#3261,#3262,#3263)
    ,(#3264,#3265,#3266,#3267,#3268)
    ,(#3269,#3270,#3271,#3272,#3273)
    ,(#3274,#3275,#3276,#3277,#3278)
    ,(#3279,#3280,#3281,#3282,#3283
  )),.UNSPECIFIED.,.F.,.F.,.F.,(4,1,4),(4,1,4),(0.,0.571428571429,1.),(
    -3.14159265359,-0.448798950513,3.14159265359),.UNSPECIFIED.);
#3259 = CARTESIAN_POINT('',(73.06776436283,162.,-6.));
#3260 = CARTESIAN_POINT('',(71.54449225712,162.,-5.660751194197));
#3261 = CARTESIAN_POINT('',(67.787742109174,161.93946553246,
    -5.19570727942));
#3262 = CARTESIAN_POINT('',(63.96326511145,162.,-5.54766825893));
#3263 = CARTESIAN_POINT('',(61.93223563717,162.,-6.));
#3264 = CARTESIAN_POINT('',(72.651296562373,162.,-7.121997376282));
#3265 = CARTESIAN_POINT('',(71.256758380281,162.06521556805,
    -6.787252696537));
#3266 = CARTESIAN_POINT('',(67.771183292453,162.08924262801,
    -6.297854342581));
#3267 = CARTESIAN_POINT('',(64.208087680417,162.08695409073,
    -6.675671136622));
#3268 = CARTESIAN_POINT('',(62.348703437627,162.,-7.121997376282));
#3269 = CARTESIAN_POINT('',(71.93033871894,163.00466518478,
    -9.064315144558));
#3270 = CARTESIAN_POINT('',(70.755408541926,163.10580252885,
    -8.683251782333));
#3271 = CARTESIAN_POINT('',(67.741504474073,163.16878920358,
    -8.104429057427));
#3272 = CARTESIAN_POINT('',(64.636234850412,163.13951497687,
    -8.556230661591));
#3273 = CARTESIAN_POINT('',(63.06966128106,163.00466518478,
    -9.064315144558));
#3274 = CARTESIAN_POINT('',(71.675823272122,165.10240209897,-9.75));
#3275 = CARTESIAN_POINT('',(70.55032002545,165.13225218967,
    -9.331667689757));
#3276 = CARTESIAN_POINT('',(67.721556867263,165.08079873432,
    -8.737411180896));
#3277 = CARTESIAN_POINT('',(64.824847723441,165.1422022199,
    -9.192223586342));
#3278 = CARTESIAN_POINT('',(63.324176727878,165.10240209897,-9.75));
#3279 = CARTESIAN_POINT('',(71.675823272122,166.,-9.75));
#3280 = CARTESIAN_POINT('',(70.53336919284,166.,-9.325938992747));
#3281 = CARTESIAN_POINT('',(67.71580658188,165.89910922078,
    -8.744634099275));
#3282 = CARTESIAN_POINT('',(64.847448833588,166.,-9.184585323662));
#3283 = CARTESIAN_POINT('',(63.324176727878,166.,-9.75));
#3284 = DEFINITIONAL_REPRESENTATION('',(#3285),#3289);
#3285 = LINE('',#3286,#3287);
#3286 = CARTESIAN_POINT('',(-3.250732653638E-17,4.884981308351E-15));
#3287 = VECTOR('',#3288,1.);
#3288 = DIRECTION('',(9.571646415345E-17,-1.));
#3289 = ( GEOMETRIC_REPRESENTATION_CONTEXT(2) 
PARAMETRIC_REPRESENTATION_CONTEXT() REPRESENTATION_CONTEXT('2D SPACE',''
  ) );
#3290 = ORIENTED_EDGE('',*,*,#3291,.T.);
#3291 = EDGE_CURVE('',#3217,#3292,#3294,.T.);
#3292 = VERTEX_POINT('',#3293);
#3293 = CARTESIAN_POINT('',(71.41,161.,-2.683375209644));
#3294 = SURFACE_CURVE('',#3295,(#3300,#3307),.PCURVE_S1.);
#3295 = CIRCLE('',#3296,6.);
#3296 = AXIS2_PLACEMENT_3D('',#3297,#3298,#3299);
#3297 = CARTESIAN_POINT('',(71.41,156.,-6.));
#3298 = DIRECTION('',(1.,0.,0.));
#3299 = DIRECTION('',(-0.,0.707106781187,0.707106781187));
#3300 = PCURVE('',#1547,#3301);
#3301 = DEFINITIONAL_REPRESENTATION('',(#3302),#3306);
#3302 = LINE('',#3303,#3304);
#3303 = CARTESIAN_POINT('',(0.,37.66));
#3304 = VECTOR('',#3305,1.);
#3305 = DIRECTION('',(1.,0.));
#3306 = ( GEOMETRIC_REPRESENTATION_CONTEXT(2) 
PARAMETRIC_REPRESENTATION_CONTEXT() REPRESENTATION_CONTEXT('2D SPACE',''
  ) );
#3307 = PCURVE('',#3308,#3313);
#3308 = PLANE('',#3309);
#3309 = AXIS2_PLACEMENT_3D('',#3310,#3311,#3312);
#3310 = CARTESIAN_POINT('',(71.41,161.,-65.));
#3311 = DIRECTION('',(-1.,0.,0.));
#3312 = DIRECTION('',(0.,1.,0.));
#3313 = DEFINITIONAL_REPRESENTATION('',(#3314),#3322);
#3314 = ( BOUNDED_CURVE() B_SPLINE_CURVE(2,(#3315,#3316,#3317,#3318,
#3319,#3320,#3321),.UNSPECIFIED.,.T.,.F.) B_SPLINE_CURVE_WITH_KNOTS((1,2
    ,2,2,2,1),(-2.094395102393,0.,2.094395102393,4.188790204786,
6.28318530718,8.377580409573),.UNSPECIFIED.) CURVE() 
GEOMETRIC_REPRESENTATION_ITEM() RATIONAL_B_SPLINE_CURVE((1.,0.5,1.,0.5,
1.,0.5,1.)) REPRESENTATION_ITEM('') );
#3315 = CARTESIAN_POINT('',(-0.757359312881,-63.24264068711));
#3316 = CARTESIAN_POINT('',(-8.10582854123,-70.59110991546));
#3317 = CARTESIAN_POINT('',(-10.79555495773,-60.55291427061));
#3318 = CARTESIAN_POINT('',(-13.48528137423,-50.51471862576));
#3319 = CARTESIAN_POINT('',(-3.447085729385,-53.20444504226));
#3320 = CARTESIAN_POINT('',(6.591109915469,-55.89417145877));
#3321 = CARTESIAN_POINT('',(-0.757359312881,-63.24264068711));
#3322 = ( GEOMETRIC_REPRESENTATION_CONTEXT(2) 
PARAMETRIC_REPRESENTATION_CONTEXT() REPRESENTATION_CONTEXT('2D SPACE',''
  ) );
#3323 = ORIENTED_EDGE('',*,*,#3324,.F.);
#3324 = EDGE_CURVE('',#3162,#3292,#3325,.T.);
#3325 = SURFACE_CURVE('',#3326,(#3330,#3336),.PCURVE_S1.);
#3326 = LINE('',#3327,#3328);
#3327 = CARTESIAN_POINT('',(33.75,161.,-2.683375209645));
#3328 = VECTOR('',#3329,1.);
#3329 = DIRECTION('',(1.,0.,0.));
#3330 = PCURVE('',#1547,#3331);
#3331 = DEFINITIONAL_REPRESENTATION('',(#3332),#3335);
#3332 = B_SPLINE_CURVE_WITH_KNOTS('',1,(#3333,#3334),.UNSPECIFIED.,.F.,
  .F.,(2,2),(11.26,40.06),.PIECEWISE_BEZIER_KNOTS.);
#3333 = CARTESIAN_POINT('',(6.083472687239,11.26));
#3334 = CARTESIAN_POINT('',(6.083472687239,40.06));
#3335 = ( GEOMETRIC_REPRESENTATION_CONTEXT(2) 
PARAMETRIC_REPRESENTATION_CONTEXT() REPRESENTATION_CONTEXT('2D SPACE',''
  ) );
#3336 = PCURVE('',#3202,#3337);
#3337 = DEFINITIONAL_REPRESENTATION('',(#3338),#3342);
#3338 = LINE('',#3339,#3340);
#3339 = CARTESIAN_POINT('',(-13.66,-62.31662479035));
#3340 = VECTOR('',#3341,1.);
#3341 = DIRECTION('',(1.,0.));
#3342 = ( GEOMETRIC_REPRESENTATION_CONTEXT(2) 
PARAMETRIC_REPRESENTATION_CONTEXT() REPRESENTATION_CONTEXT('2D SPACE',''
  ) );
#3343 = ORIENTED_EDGE('',*,*,#3161,.T.);
#3344 = ORIENTED_EDGE('',*,*,#1531,.T.);
#3345 = ORIENTED_EDGE('',*,*,#3346,.F.);
#3346 = EDGE_CURVE('',#3347,#1504,#3349,.T.);
#3347 = VERTEX_POINT('',#3348);
#3348 = CARTESIAN_POINT('',(91.5,162.,-6.));
#3349 = SURFACE_CURVE('',#3350,(#3355,#3384),.PCURVE_S1.);
#3350 = ELLIPSE('',#3351,8.485281374239,6.);
#3351 = AXIS2_PLACEMENT_3D('',#3352,#3353,#3354);
#3352 = CARTESIAN_POINT('',(91.5,156.,-6.));
#3353 = DIRECTION('',(0.707106781187,0.,-0.707106781187));
#3354 = DIRECTION('',(0.707106781187,0.,0.707106781187));
#3355 = PCURVE('',#1547,#3356);
#3356 = DEFINITIONAL_REPRESENTATION('',(#3357),#3383);
#3357 = B_SPLINE_CURVE_WITH_KNOTS('',3,(#3358,#3359,#3360,#3361,#3362,
    #3363,#3364,#3365,#3366,#3367,#3368,#3369,#3370,#3371,#3372,#3373,
    #3374,#3375,#3376,#3377,#3378,#3379,#3380,#3381,#3382),
  .UNSPECIFIED.,.F.,.F.,(4,1,1,1,1,1,1,1,1,1,1,1,1,1,1,1,1,1,1,1,1,1,4),
  (4.712388980385,4.783788813421,4.855188646457,4.926588479493,
    4.997988312529,5.069388145565,5.140787978601,5.212187811638,
    5.283587644674,5.35498747771,5.426387310746,5.497787143782,
    5.569186976818,5.640586809854,5.711986642891,5.783386475927,
    5.854786308963,5.926186141999,5.997585975035,6.068985808071,
    6.140385641107,6.211785474143,6.28318530718),.UNSPECIFIED.);
#3358 = CARTESIAN_POINT('',(5.497787143782,57.75));
#3359 = CARTESIAN_POINT('',(5.521587088128,57.892800777411));
#3360 = CARTESIAN_POINT('',(5.569186976818,58.178398410977));
#3361 = CARTESIAN_POINT('',(5.640586809854,58.604614990636));
#3362 = CARTESIAN_POINT('',(5.711986642891,59.026475804316));
#3363 = CARTESIAN_POINT('',(5.783386475927,59.441832216008));
#3364 = CARTESIAN_POINT('',(5.854786308963,59.848567377943));
#3365 = CARTESIAN_POINT('',(5.926186141999,60.244608737788));
#3366 = CARTESIAN_POINT('',(5.997585975035,60.627938138972));
#3367 = CARTESIAN_POINT('',(6.068985808071,60.996602228247));
#3368 = CARTESIAN_POINT('',(6.140385641107,61.348722376442));
#3369 = CARTESIAN_POINT('',(6.211785474143,61.682504260395));
#3370 = CARTESIAN_POINT('',(6.28318530718,61.996247004008));
#3371 = CARTESIAN_POINT('',(6.354585140216,62.288351846289));
#3372 = CARTESIAN_POINT('',(6.425984973252,62.557330287588));
#3373 = CARTESIAN_POINT('',(6.497384806288,62.801811676636));
#3374 = CARTESIAN_POINT('',(6.568784639324,63.020550187789));
#3375 = CARTESIAN_POINT('',(6.64018447236,63.212431196627));
#3376 = CARTESIAN_POINT('',(6.711584305396,63.376476858464));
#3377 = CARTESIAN_POINT('',(6.782984138433,63.511851469508));
#3378 = CARTESIAN_POINT('',(6.854383971469,63.617864313626));
#3379 = CARTESIAN_POINT('',(6.925783804505,63.693978450949));
#3380 = CARTESIAN_POINT('',(6.997183637541,63.739793790292));
#3381 = CARTESIAN_POINT('',(7.044783526232,63.750012939333));
#3382 = CARTESIAN_POINT('',(7.068583470577,63.75));
#3383 = ( GEOMETRIC_REPRESENTATION_CONTEXT(2) 
PARAMETRIC_REPRESENTATION_CONTEXT() REPRESENTATION_CONTEXT('2D SPACE',''
  ) );
#3384 = PCURVE('',#3385,#3390);
#3385 = CYLINDRICAL_SURFACE('',#3386,6.);
#3386 = AXIS2_PLACEMENT_3D('',#3387,#3388,#3389);
#3387 = CARTESIAN_POINT('',(91.5,156.,-10.5));
#3388 = DIRECTION('',(0.,0.,-1.));
#3389 = DIRECTION('',(0.707106781187,0.707106781187,0.));
#3390 = DEFINITIONAL_REPRESENTATION('',(#3391),#3417);
#3391 = B_SPLINE_CURVE_WITH_KNOTS('',3,(#3392,#3393,#3394,#3395,#3396,
    #3397,#3398,#3399,#3400,#3401,#3402,#3403,#3404,#3405,#3406,#3407,
    #3408,#3409,#3410,#3411,#3412,#3413,#3414,#3415,#3416),
  .UNSPECIFIED.,.F.,.F.,(4,1,1,1,1,1,1,1,1,1,1,1,1,1,1,1,1,1,1,1,1,1,4),
  (4.712388980385,4.783788813421,4.855188646457,4.926588479493,
    4.997988312529,5.069388145565,5.140787978601,5.212187811638,
    5.283587644674,5.35498747771,5.426387310746,5.497787143782,
    5.569186976818,5.640586809854,5.711986642891,5.783386475927,
    5.854786308963,5.926186141999,5.997585975035,6.068985808071,
    6.140385641107,6.211785474143,6.28318530718),.UNSPECIFIED.);
#3392 = CARTESIAN_POINT('',(5.497787143782,-4.5));
#3393 = CARTESIAN_POINT('',(5.521587088128,-4.642800777411));
#3394 = CARTESIAN_POINT('',(5.569186976818,-4.928398410977));
#3395 = CARTESIAN_POINT('',(5.640586809854,-5.354614990636));
#3396 = CARTESIAN_POINT('',(5.711986642891,-5.776475804316));
#3397 = CARTESIAN_POINT('',(5.783386475927,-6.191832216008));
#3398 = CARTESIAN_POINT('',(5.854786308963,-6.598567377943));
#3399 = CARTESIAN_POINT('',(5.926186141999,-6.994608737788));
#3400 = CARTESIAN_POINT('',(5.997585975035,-7.377938138972));
#3401 = CARTESIAN_POINT('',(6.068985808071,-7.746602228247));
#3402 = CARTESIAN_POINT('',(6.140385641107,-8.098722376442));
#3403 = CARTESIAN_POINT('',(6.211785474143,-8.432504260395));
#3404 = CARTESIAN_POINT('',(6.28318530718,-8.746247004008));
#3405 = CARTESIAN_POINT('',(6.354585140216,-9.038351846289));
#3406 = CARTESIAN_POINT('',(6.425984973252,-9.307330287588));
#3407 = CARTESIAN_POINT('',(6.497384806288,-9.551811676636));
#3408 = CARTESIAN_POINT('',(6.568784639324,-9.770550187789));
#3409 = CARTESIAN_POINT('',(6.64018447236,-9.962431196627));
#3410 = CARTESIAN_POINT('',(6.711584305396,-10.12647685846));
#3411 = CARTESIAN_POINT('',(6.782984138433,-10.2618514695));
#3412 = CARTESIAN_POINT('',(6.854383971469,-10.36786431362));
#3413 = CARTESIAN_POINT('',(6.925783804505,-10.44397845094));
#3414 = CARTESIAN_POINT('',(6.997183637541,-10.48979379029));
#3415 = CARTESIAN_POINT('',(7.044783526232,-10.50001293933));
#3416 = CARTESIAN_POINT('',(7.068583470577,-10.5));
#3417 = ( GEOMETRIC_REPRESENTATION_CONTEXT(2) 
PARAMETRIC_REPRESENTATION_CONTEXT() REPRESENTATION_CONTEXT('2D SPACE',''
  ) );
#3418 = ORIENTED_EDGE('',*,*,#3419,.T.);
#3419 = EDGE_CURVE('',#3347,#3219,#3420,.T.);
#3420 = SURFACE_CURVE('',#3421,(#3425,#3432),.PCURVE_S1.);
#3421 = LINE('',#3422,#3423);
#3422 = CARTESIAN_POINT('',(33.75,162.,-6.));
#3423 = VECTOR('',#3424,1.);
#3424 = DIRECTION('',(-1.,0.,0.));
#3425 = PCURVE('',#1547,#3426);
#3426 = DEFINITIONAL_REPRESENTATION('',(#3427),#3431);
#3427 = LINE('',#3428,#3429);
#3428 = CARTESIAN_POINT('',(5.497787143782,0.));
#3429 = VECTOR('',#3430,1.);
#3430 = DIRECTION('',(0.,-1.));
#3431 = ( GEOMETRIC_REPRESENTATION_CONTEXT(2) 
PARAMETRIC_REPRESENTATION_CONTEXT() REPRESENTATION_CONTEXT('2D SPACE',''
  ) );
#3432 = PCURVE('',#3433,#3438);
#3433 = PLANE('',#3434);
#3434 = AXIS2_PLACEMENT_3D('',#3435,#3436,#3437);
#3435 = CARTESIAN_POINT('',(67.5,162.,-21.));
#3436 = DIRECTION('',(0.,1.,0.));
#3437 = DIRECTION('',(0.,-0.,1.));
#3438 = DEFINITIONAL_REPRESENTATION('',(#3439),#3443);
#3439 = LINE('',#3440,#3441);
#3440 = CARTESIAN_POINT('',(15.,-33.75));
#3441 = VECTOR('',#3442,1.);
#3442 = DIRECTION('',(0.,-1.));
#3443 = ( GEOMETRIC_REPRESENTATION_CONTEXT(2) 
PARAMETRIC_REPRESENTATION_CONTEXT() REPRESENTATION_CONTEXT('2D SPACE',''
  ) );
#3444 = ADVANCED_FACE('',(#3445,#3491),#1519,.F.);
#3445 = FACE_BOUND('',#3446,.T.);
#3446 = EDGE_LOOP('',(#3447,#3468,#3469,#3490));
#3447 = ORIENTED_EDGE('',*,*,#3448,.F.);
#3448 = EDGE_CURVE('',#1504,#2198,#3449,.T.);
#3449 = SURFACE_CURVE('',#3450,(#3454,#3461),.PCURVE_S1.);
#3450 = LINE('',#3451,#3452);
#3451 = CARTESIAN_POINT('',(97.5,156.,-10.5));
#3452 = VECTOR('',#3453,1.);
#3453 = DIRECTION('',(0.,0.,-1.));
#3454 = PCURVE('',#1519,#3455);
#3455 = DEFINITIONAL_REPRESENTATION('',(#3456),#3460);
#3456 = LINE('',#3457,#3458);
#3457 = CARTESIAN_POINT('',(44.68839902931,10.5));
#3458 = VECTOR('',#3459,1.);
#3459 = DIRECTION('',(0.,1.));
#3460 = ( GEOMETRIC_REPRESENTATION_CONTEXT(2) 
PARAMETRIC_REPRESENTATION_CONTEXT() REPRESENTATION_CONTEXT('2D SPACE',''
  ) );
#3461 = PCURVE('',#3385,#3462);
#3462 = DEFINITIONAL_REPRESENTATION('',(#3463),#3467);
#3463 = LINE('',#3464,#3465);
#3464 = CARTESIAN_POINT('',(7.068583470577,0.));
#3465 = VECTOR('',#3466,1.);
#3466 = DIRECTION('',(0.,1.));
#3467 = ( GEOMETRIC_REPRESENTATION_CONTEXT(2) 
PARAMETRIC_REPRESENTATION_CONTEXT() REPRESENTATION_CONTEXT('2D SPACE',''
  ) );
#3468 = ORIENTED_EDGE('',*,*,#1503,.F.);
#3469 = ORIENTED_EDGE('',*,*,#3470,.T.);
#3470 = EDGE_CURVE('',#1471,#2228,#3471,.T.);
#3471 = SURFACE_CURVE('',#3472,(#3476,#3483),.PCURVE_S1.);
#3472 = LINE('',#3473,#3474);
#3473 = CARTESIAN_POINT('',(97.5,111.31160097069,0.));
#3474 = VECTOR('',#3475,1.);
#3475 = DIRECTION('',(0.,0.,-1.));
#3476 = PCURVE('',#1519,#3477);
#3477 = DEFINITIONAL_REPRESENTATION('',(#3478),#3482);
#3478 = LINE('',#3479,#3480);
#3479 = CARTESIAN_POINT('',(0.,0.));
#3480 = VECTOR('',#3481,1.);
#3481 = DIRECTION('',(0.,1.));
#3482 = ( GEOMETRIC_REPRESENTATION_CONTEXT(2) 
PARAMETRIC_REPRESENTATION_CONTEXT() REPRESENTATION_CONTEXT('2D SPACE',''
  ) );
#3483 = PCURVE('',#1491,#3484);
#3484 = DEFINITIONAL_REPRESENTATION('',(#3485),#3489);
#3485 = LINE('',#3486,#3487);
#3486 = CARTESIAN_POINT('',(6.28318530718,0.));
#3487 = VECTOR('',#3488,1.);
#3488 = DIRECTION('',(0.,1.));
#3489 = ( GEOMETRIC_REPRESENTATION_CONTEXT(2) 
PARAMETRIC_REPRESENTATION_CONTEXT() REPRESENTATION_CONTEXT('2D SPACE',''
  ) );
#3490 = ORIENTED_EDGE('',*,*,#2227,.F.);
#3491 = FACE_BOUND('',#3492,.T.);
#3492 = EDGE_LOOP('',(#3493));
#3493 = ORIENTED_EDGE('',*,*,#3494,.T.);
#3494 = EDGE_CURVE('',#3495,#3495,#3497,.T.);
#3495 = VERTEX_POINT('',#3496);
#3496 = CARTESIAN_POINT('',(97.5,137.,-24.));
#3497 = SURFACE_CURVE('',#3498,(#3503,#3510),.PCURVE_S1.);
#3498 = CIRCLE('',#3499,3.);
#3499 = AXIS2_PLACEMENT_3D('',#3500,#3501,#3502);
#3500 = CARTESIAN_POINT('',(97.5,137.,-21.));
#3501 = DIRECTION('',(-1.,0.,0.));
#3502 = DIRECTION('',(0.,0.,1.));
#3503 = PCURVE('',#1519,#3504);
#3504 = DEFINITIONAL_REPRESENTATION('',(#3505),#3509);
#3505 = CIRCLE('',#3506,3.);
#3506 = AXIS2_PLACEMENT_2D('',#3507,#3508);
#3507 = CARTESIAN_POINT('',(25.68839902931,21.));
#3508 = DIRECTION('',(0.,-1.));
#3509 = ( GEOMETRIC_REPRESENTATION_CONTEXT(2) 
PARAMETRIC_REPRESENTATION_CONTEXT() REPRESENTATION_CONTEXT('2D SPACE',''
  ) );
#3510 = PCURVE('',#3511,#3516);
#3511 = CYLINDRICAL_SURFACE('',#3512,3.);
#3512 = AXIS2_PLACEMENT_3D('',#3513,#3514,#3515);
#3513 = CARTESIAN_POINT('',(37.5,137.,-21.));
#3514 = DIRECTION('',(1.,0.,1.184237892934E-16));
#3515 = DIRECTION('',(-1.184237892934E-16,0.,1.));
#3516 = DEFINITIONAL_REPRESENTATION('',(#3517),#3521);
#3517 = LINE('',#3518,#3519);
#3518 = CARTESIAN_POINT('',(12.566370614359,60.));
#3519 = VECTOR('',#3520,1.);
#3520 = DIRECTION('',(-1.,0.));
#3521 = ( GEOMETRIC_REPRESENTATION_CONTEXT(2) 
PARAMETRIC_REPRESENTATION_CONTEXT() REPRESENTATION_CONTEXT('2D SPACE',''
  ) );
#3522 = ADVANCED_FACE('',(#3523),#1491,.F.);
#3523 = FACE_BOUND('',#3524,.F.);
#3524 = EDGE_LOOP('',(#3525,#3546,#3547,#3548));
#3525 = ORIENTED_EDGE('',*,*,#3526,.F.);
#3526 = EDGE_CURVE('',#1442,#2251,#3527,.T.);
#3527 = SURFACE_CURVE('',#3528,(#3532,#3539),.PCURVE_S1.);
#3528 = LINE('',#3529,#3530);
#3529 = CARTESIAN_POINT('',(102.675,103.16486082509,0.));
#3530 = VECTOR('',#3531,1.);
#3531 = DIRECTION('',(0.,0.,-1.));
#3532 = PCURVE('',#1491,#3533);
#3533 = DEFINITIONAL_REPRESENTATION('',(#3534),#3538);
#3534 = LINE('',#3535,#3536);
#3535 = CARTESIAN_POINT('',(5.151350865994,0.));
#3536 = VECTOR('',#3537,1.);
#3537 = DIRECTION('',(0.,1.));
#3538 = ( GEOMETRIC_REPRESENTATION_CONTEXT(2) 
PARAMETRIC_REPRESENTATION_CONTEXT() REPRESENTATION_CONTEXT('2D SPACE',''
  ) );
#3539 = PCURVE('',#1458,#3540);
#3540 = DEFINITIONAL_REPRESENTATION('',(#3541),#3545);
#3541 = LINE('',#3542,#3543);
#3542 = CARTESIAN_POINT('',(5.394484909736,0.));
#3543 = VECTOR('',#3544,1.);
#3544 = DIRECTION('',(0.,1.));
#3545 = ( GEOMETRIC_REPRESENTATION_CONTEXT(2) 
PARAMETRIC_REPRESENTATION_CONTEXT() REPRESENTATION_CONTEXT('2D SPACE',''
  ) );
#3546 = ORIENTED_EDGE('',*,*,#1470,.T.);
#3547 = ORIENTED_EDGE('',*,*,#3470,.T.);
#3548 = ORIENTED_EDGE('',*,*,#2250,.T.);
#3549 = ADVANCED_FACE('',(#3550),#1458,.T.);
#3550 = FACE_BOUND('',#3551,.T.);
#3551 = EDGE_LOOP('',(#3552,#3553,#3554,#3555));
#3552 = ORIENTED_EDGE('',*,*,#2278,.F.);
#3553 = ORIENTED_EDGE('',*,*,#3526,.F.);
#3554 = ORIENTED_EDGE('',*,*,#1441,.F.);
#3555 = ORIENTED_EDGE('',*,*,#3556,.F.);
#3556 = EDGE_CURVE('',#2279,#1414,#3557,.T.);
#3557 = SURFACE_CURVE('',#3558,(#3562,#3569),.PCURVE_S1.);
#3558 = LINE('',#3559,#3560);
#3559 = CARTESIAN_POINT('',(130.5,69.278029157809,0.));
#3560 = VECTOR('',#3561,1.);
#3561 = DIRECTION('',(0.,0.,1.));
#3562 = PCURVE('',#1458,#3563);
#3563 = DEFINITIONAL_REPRESENTATION('',(#3564),#3568);
#3564 = LINE('',#3565,#3566);
#3565 = CARTESIAN_POINT('',(6.28318530718,0.));
#3566 = VECTOR('',#3567,1.);
#3567 = DIRECTION('',(0.,-1.));
#3568 = ( GEOMETRIC_REPRESENTATION_CONTEXT(2) 
PARAMETRIC_REPRESENTATION_CONTEXT() REPRESENTATION_CONTEXT('2D SPACE',''
  ) );
#3569 = PCURVE('',#1429,#3570);
#3570 = DEFINITIONAL_REPRESENTATION('',(#3571),#3575);
#3571 = LINE('',#3572,#3573);
#3572 = CARTESIAN_POINT('',(0.,54.278029157809));
#3573 = VECTOR('',#3574,1.);
#3574 = DIRECTION('',(-1.,0.));
#3575 = ( GEOMETRIC_REPRESENTATION_CONTEXT(2) 
PARAMETRIC_REPRESENTATION_CONTEXT() REPRESENTATION_CONTEXT('2D SPACE',''
  ) );
#3576 = ADVANCED_FACE('',(#3577),#1429,.T.);
#3577 = FACE_BOUND('',#3578,.T.);
#3578 = EDGE_LOOP('',(#3579,#3580,#3581,#3582));
#3579 = ORIENTED_EDGE('',*,*,#3556,.T.);
#3580 = ORIENTED_EDGE('',*,*,#1413,.F.);
#3581 = ORIENTED_EDGE('',*,*,#2099,.F.);
#3582 = ORIENTED_EDGE('',*,*,#2302,.T.);
#3583 = ADVANCED_FACE('',(#3584),#1350,.T.);
#3584 = FACE_BOUND('',#3585,.T.);
#3585 = EDGE_LOOP('',(#3586,#3607,#3608,#3609));
#3586 = ORIENTED_EDGE('',*,*,#3587,.T.);
#3587 = EDGE_CURVE('',#1307,#2327,#3588,.T.);
#3588 = SURFACE_CURVE('',#3589,(#3593,#3600),.PCURVE_S1.);
#3589 = LINE('',#3590,#3591);
#3590 = CARTESIAN_POINT('',(37.5,45.,0.));
#3591 = VECTOR('',#3592,1.);
#3592 = DIRECTION('',(0.,0.,-1.));
#3593 = PCURVE('',#1350,#3594);
#3594 = DEFINITIONAL_REPRESENTATION('',(#3595),#3599);
#3595 = LINE('',#3596,#3597);
#3596 = CARTESIAN_POINT('',(42.,30.));
#3597 = VECTOR('',#3598,1.);
#3598 = DIRECTION('',(-1.,0.));
#3599 = ( GEOMETRIC_REPRESENTATION_CONTEXT(2) 
PARAMETRIC_REPRESENTATION_CONTEXT() REPRESENTATION_CONTEXT('2D SPACE',''
  ) );
#3600 = PCURVE('',#1322,#3601);
#3601 = DEFINITIONAL_REPRESENTATION('',(#3602),#3606);
#3602 = LINE('',#3603,#3604);
#3603 = CARTESIAN_POINT('',(9.,0.));
#3604 = VECTOR('',#3605,1.);
#3605 = DIRECTION('',(0.,1.));
#3606 = ( GEOMETRIC_REPRESENTATION_CONTEXT(2) 
PARAMETRIC_REPRESENTATION_CONTEXT() REPRESENTATION_CONTEXT('2D SPACE',''
  ) );
#3607 = ORIENTED_EDGE('',*,*,#2326,.F.);
#3608 = ORIENTED_EDGE('',*,*,#2147,.F.);
#3609 = ORIENTED_EDGE('',*,*,#1334,.T.);
#3610 = ADVANCED_FACE('',(#3611),#1322,.F.);
#3611 = FACE_BOUND('',#3612,.T.);
#3612 = EDGE_LOOP('',(#3613,#3614,#3615,#3616,#3637,#3638));
#3613 = ORIENTED_EDGE('',*,*,#2349,.F.);
#3614 = ORIENTED_EDGE('',*,*,#3587,.F.);
#3615 = ORIENTED_EDGE('',*,*,#1306,.T.);
#3616 = ORIENTED_EDGE('',*,*,#3617,.T.);
#3617 = EDGE_CURVE('',#1279,#1791,#3618,.T.);
#3618 = SURFACE_CURVE('',#3619,(#3623,#3630),.PCURVE_S1.);
#3619 = LINE('',#3620,#3621);
#3620 = CARTESIAN_POINT('',(46.5,45.,0.));
#3621 = VECTOR('',#3622,1.);
#3622 = DIRECTION('',(0.,0.,-1.));
#3623 = PCURVE('',#1322,#3624);
#3624 = DEFINITIONAL_REPRESENTATION('',(#3625),#3629);
#3625 = LINE('',#3626,#3627);
#3626 = CARTESIAN_POINT('',(0.,-0.));
#3627 = VECTOR('',#3628,1.);
#3628 = DIRECTION('',(0.,1.));
#3629 = ( GEOMETRIC_REPRESENTATION_CONTEXT(2) 
PARAMETRIC_REPRESENTATION_CONTEXT() REPRESENTATION_CONTEXT('2D SPACE',''
  ) );
#3630 = PCURVE('',#1294,#3631);
#3631 = DEFINITIONAL_REPRESENTATION('',(#3632),#3636);
#3632 = LINE('',#3633,#3634);
#3633 = CARTESIAN_POINT('',(21.219095173923,0.));
#3634 = VECTOR('',#3635,1.);
#3635 = DIRECTION('',(0.,1.));
#3636 = ( GEOMETRIC_REPRESENTATION_CONTEXT(2) 
PARAMETRIC_REPRESENTATION_CONTEXT() REPRESENTATION_CONTEXT('2D SPACE',''
  ) );
#3637 = ORIENTED_EDGE('',*,*,#2072,.T.);
#3638 = ORIENTED_EDGE('',*,*,#3639,.T.);
#3639 = EDGE_CURVE('',#2019,#2350,#3640,.T.);
#3640 = SURFACE_CURVE('',#3641,(#3645,#3652),.PCURVE_S1.);
#3641 = LINE('',#3642,#3643);
#3642 = CARTESIAN_POINT('',(46.5,45.,0.));
#3643 = VECTOR('',#3644,1.);
#3644 = DIRECTION('',(0.,0.,-1.));
#3645 = PCURVE('',#1322,#3646);
#3646 = DEFINITIONAL_REPRESENTATION('',(#3647),#3651);
#3647 = LINE('',#3648,#3649);
#3648 = CARTESIAN_POINT('',(0.,-0.));
#3649 = VECTOR('',#3650,1.);
#3650 = DIRECTION('',(0.,1.));
#3651 = ( GEOMETRIC_REPRESENTATION_CONTEXT(2) 
PARAMETRIC_REPRESENTATION_CONTEXT() REPRESENTATION_CONTEXT('2D SPACE',''
  ) );
#3652 = PCURVE('',#2034,#3653);
#3653 = DEFINITIONAL_REPRESENTATION('',(#3654),#3658);
#3654 = LINE('',#3655,#3656);
#3655 = CARTESIAN_POINT('',(21.219095173923,0.));
#3656 = VECTOR('',#3657,1.);
#3657 = DIRECTION('',(0.,1.));
#3658 = ( GEOMETRIC_REPRESENTATION_CONTEXT(2) 
PARAMETRIC_REPRESENTATION_CONTEXT() REPRESENTATION_CONTEXT('2D SPACE',''
  ) );
#3659 = ADVANCED_FACE('',(#3660),#1294,.F.);
#3660 = FACE_BOUND('',#3661,.T.);
#3661 = EDGE_LOOP('',(#3662,#3663,#3664,#3665));
#3662 = ORIENTED_EDGE('',*,*,#1813,.T.);
#3663 = ORIENTED_EDGE('',*,*,#3617,.F.);
#3664 = ORIENTED_EDGE('',*,*,#1278,.T.);
#3665 = ORIENTED_EDGE('',*,*,#3666,.T.);
#3666 = EDGE_CURVE('',#1250,#1814,#3667,.T.);
#3667 = SURFACE_CURVE('',#3668,(#3672,#3679),.PCURVE_S1.);
#3668 = LINE('',#3669,#3670);
#3669 = CARTESIAN_POINT('',(63.772029585268,32.674133133705,0.));
#3670 = VECTOR('',#3671,1.);
#3671 = DIRECTION('',(0.,0.,-1.));
#3672 = PCURVE('',#1294,#3673);
#3673 = DEFINITIONAL_REPRESENTATION('',(#3674),#3678);
#3674 = LINE('',#3675,#3676);
#3675 = CARTESIAN_POINT('',(0.,0.));
#3676 = VECTOR('',#3677,1.);
#3677 = DIRECTION('',(0.,1.));
#3678 = ( GEOMETRIC_REPRESENTATION_CONTEXT(2) 
PARAMETRIC_REPRESENTATION_CONTEXT() REPRESENTATION_CONTEXT('2D SPACE',''
  ) );
#3679 = PCURVE('',#1266,#3680);
#3680 = DEFINITIONAL_REPRESENTATION('',(#3681),#3685);
#3681 = LINE('',#3682,#3683);
#3682 = CARTESIAN_POINT('',(6.28318530718,0.));
#3683 = VECTOR('',#3684,1.);
#3684 = DIRECTION('',(0.,1.));
#3685 = ( GEOMETRIC_REPRESENTATION_CONTEXT(2) 
PARAMETRIC_REPRESENTATION_CONTEXT() REPRESENTATION_CONTEXT('2D SPACE',''
  ) );
#3686 = ADVANCED_FACE('',(#3687),#1266,.F.);
#3687 = FACE_BOUND('',#3688,.F.);
#3688 = EDGE_LOOP('',(#3689,#3710,#3711,#3712));
#3689 = ORIENTED_EDGE('',*,*,#3690,.F.);
#3690 = EDGE_CURVE('',#1222,#1837,#3691,.T.);
#3691 = SURFACE_CURVE('',#3692,(#3696,#3703),.PCURVE_S1.);
#3692 = LINE('',#3693,#3694);
#3693 = CARTESIAN_POINT('',(74.546394116851,32.912157429756,0.));
#3694 = VECTOR('',#3695,1.);
#3695 = DIRECTION('',(0.,0.,-1.));
#3696 = PCURVE('',#1266,#3697);
#3697 = DEFINITIONAL_REPRESENTATION('',(#3698),#3702);
#3698 = LINE('',#3699,#3700);
#3699 = CARTESIAN_POINT('',(4.999376540677,0.));
#3700 = VECTOR('',#3701,1.);
#3701 = DIRECTION('',(0.,1.));
#3702 = ( GEOMETRIC_REPRESENTATION_CONTEXT(2) 
PARAMETRIC_REPRESENTATION_CONTEXT() REPRESENTATION_CONTEXT('2D SPACE',''
  ) );
#3703 = PCURVE('',#1237,#3704);
#3704 = DEFINITIONAL_REPRESENTATION('',(#3705),#3709);
#3705 = LINE('',#3706,#3707);
#3706 = CARTESIAN_POINT('',(19.921438508568,0.));
#3707 = VECTOR('',#3708,1.);
#3708 = DIRECTION('',(-0.,1.));
#3709 = ( GEOMETRIC_REPRESENTATION_CONTEXT(2) 
PARAMETRIC_REPRESENTATION_CONTEXT() REPRESENTATION_CONTEXT('2D SPACE',''
  ) );
#3710 = ORIENTED_EDGE('',*,*,#1249,.F.);
#3711 = ORIENTED_EDGE('',*,*,#3666,.T.);
#3712 = ORIENTED_EDGE('',*,*,#1836,.F.);
#3713 = ADVANCED_FACE('',(#3714),#1237,.F.);
#3714 = FACE_BOUND('',#3715,.T.);
#3715 = EDGE_LOOP('',(#3716,#3717,#3718,#3719,#3740,#3741,#3762,#3763));
#3716 = ORIENTED_EDGE('',*,*,#1864,.T.);
#3717 = ORIENTED_EDGE('',*,*,#3690,.F.);
#3718 = ORIENTED_EDGE('',*,*,#1221,.F.);
#3719 = ORIENTED_EDGE('',*,*,#3720,.T.);
#3720 = EDGE_CURVE('',#1193,#2424,#3721,.T.);
#3721 = SURFACE_CURVE('',#3722,(#3726,#3733),.PCURVE_S1.);
#3722 = LINE('',#3723,#3724);
#3723 = CARTESIAN_POINT('',(90.239625250156,45.183514683431,0.));
#3724 = VECTOR('',#3725,1.);
#3725 = DIRECTION('',(0.,0.,-1.));
#3726 = PCURVE('',#1237,#3727);
#3727 = DEFINITIONAL_REPRESENTATION('',(#3728),#3732);
#3728 = LINE('',#3729,#3730);
#3729 = CARTESIAN_POINT('',(0.,0.));
#3730 = VECTOR('',#3731,1.);
#3731 = DIRECTION('',(-0.,1.));
#3732 = ( GEOMETRIC_REPRESENTATION_CONTEXT(2) 
PARAMETRIC_REPRESENTATION_CONTEXT() REPRESENTATION_CONTEXT('2D SPACE',''
  ) );
#3733 = PCURVE('',#1209,#3734);
#3734 = DEFINITIONAL_REPRESENTATION('',(#3735),#3739);
#3735 = LINE('',#3736,#3737);
#3736 = CARTESIAN_POINT('',(6.28318530718,0.));
#3737 = VECTOR('',#3738,1.);
#3738 = DIRECTION('',(0.,1.));
#3739 = ( GEOMETRIC_REPRESENTATION_CONTEXT(2) 
PARAMETRIC_REPRESENTATION_CONTEXT() REPRESENTATION_CONTEXT('2D SPACE',''
  ) );
#3740 = ORIENTED_EDGE('',*,*,#2423,.F.);
#3741 = ORIENTED_EDGE('',*,*,#3742,.F.);
#3742 = EDGE_CURVE('',#1963,#2396,#3743,.T.);
#3743 = SURFACE_CURVE('',#3744,(#3748,#3755),.PCURVE_S1.);
#3744 = LINE('',#3745,#3746);
#3745 = CARTESIAN_POINT('',(74.546394116851,32.912157429756,0.));
#3746 = VECTOR('',#3747,1.);
#3747 = DIRECTION('',(0.,0.,-1.));
#3748 = PCURVE('',#1237,#3749);
#3749 = DEFINITIONAL_REPRESENTATION('',(#3750),#3754);
#3750 = LINE('',#3751,#3752);
#3751 = CARTESIAN_POINT('',(19.921438508568,0.));
#3752 = VECTOR('',#3753,1.);
#3753 = DIRECTION('',(-0.,1.));
#3754 = ( GEOMETRIC_REPRESENTATION_CONTEXT(2) 
PARAMETRIC_REPRESENTATION_CONTEXT() REPRESENTATION_CONTEXT('2D SPACE',''
  ) );
#3755 = PCURVE('',#2006,#3756);
#3756 = DEFINITIONAL_REPRESENTATION('',(#3757),#3761);
#3757 = LINE('',#3758,#3759);
#3758 = CARTESIAN_POINT('',(4.999376540677,0.));
#3759 = VECTOR('',#3760,1.);
#3760 = DIRECTION('',(0.,1.));
#3761 = ( GEOMETRIC_REPRESENTATION_CONTEXT(2) 
PARAMETRIC_REPRESENTATION_CONTEXT() REPRESENTATION_CONTEXT('2D SPACE',''
  ) );
#3762 = ORIENTED_EDGE('',*,*,#1962,.T.);
#3763 = ORIENTED_EDGE('',*,*,#1913,.T.);
#3764 = ADVANCED_FACE('',(#3765),#1209,.F.);
#3765 = FACE_BOUND('',#3766,.F.);
#3766 = EDGE_LOOP('',(#3767,#3788,#3789,#3790));
#3767 = ORIENTED_EDGE('',*,*,#3768,.F.);
#3768 = EDGE_CURVE('',#1164,#2447,#3769,.T.);
#3769 = SURFACE_CURVE('',#3770,(#3774,#3781),.PCURVE_S1.);
#3770 = LINE('',#3771,#3772);
#3771 = CARTESIAN_POINT('',(96.,57.,0.));
#3772 = VECTOR('',#3773,1.);
#3773 = DIRECTION('',(0.,0.,-1.));
#3774 = PCURVE('',#1209,#3775);
#3775 = DEFINITIONAL_REPRESENTATION('',(#3776),#3780);
#3776 = LINE('',#3777,#3778);
#3777 = CARTESIAN_POINT('',(5.376012047703,0.));
#3778 = VECTOR('',#3779,1.);
#3779 = DIRECTION('',(0.,1.));
#3780 = ( GEOMETRIC_REPRESENTATION_CONTEXT(2) 
PARAMETRIC_REPRESENTATION_CONTEXT() REPRESENTATION_CONTEXT('2D SPACE',''
  ) );
#3781 = PCURVE('',#1180,#3782);
#3782 = DEFINITIONAL_REPRESENTATION('',(#3783),#3787);
#3783 = LINE('',#3784,#3785);
#3784 = CARTESIAN_POINT('',(6.28318530718,0.));
#3785 = VECTOR('',#3786,1.);
#3786 = DIRECTION('',(0.,1.));
#3787 = ( GEOMETRIC_REPRESENTATION_CONTEXT(2) 
PARAMETRIC_REPRESENTATION_CONTEXT() REPRESENTATION_CONTEXT('2D SPACE',''
  ) );
#3788 = ORIENTED_EDGE('',*,*,#1192,.F.);
#3789 = ORIENTED_EDGE('',*,*,#3720,.T.);
#3790 = ORIENTED_EDGE('',*,*,#2446,.T.);
#3791 = ADVANCED_FACE('',(#3792),#1180,.F.);
#3792 = FACE_BOUND('',#3793,.F.);
#3793 = EDGE_LOOP('',(#3794,#3824,#3857,#3878,#3879,#3880,#3881,#3904));
#3794 = ORIENTED_EDGE('',*,*,#3795,.F.);
#3795 = EDGE_CURVE('',#3796,#3798,#3800,.T.);
#3796 = VERTEX_POINT('',#3797);
#3797 = CARTESIAN_POINT('',(88.5,75.674849396983,-12.00000017881));
#3798 = VERTEX_POINT('',#3799);
#3799 = CARTESIAN_POINT('',(88.5,75.674849396983,-30.));
#3800 = SURFACE_CURVE('',#3801,(#3805,#3812),.PCURVE_S1.);
#3801 = LINE('',#3802,#3803);
#3802 = CARTESIAN_POINT('',(88.5,75.674849396983,0.));
#3803 = VECTOR('',#3804,1.);
#3804 = DIRECTION('',(0.,0.,-1.));
#3805 = PCURVE('',#1180,#3806);
#3806 = DEFINITIONAL_REPRESENTATION('',(#3807),#3811);
#3807 = LINE('',#3808,#3809);
#3808 = CARTESIAN_POINT('',(5.519398810782,0.));
#3809 = VECTOR('',#3810,1.);
#3810 = DIRECTION('',(0.,1.));
#3811 = ( GEOMETRIC_REPRESENTATION_CONTEXT(2) 
PARAMETRIC_REPRESENTATION_CONTEXT() REPRESENTATION_CONTEXT('2D SPACE',''
  ) );
#3812 = PCURVE('',#3813,#3818);
#3813 = PLANE('',#3814);
#3814 = AXIS2_PLACEMENT_3D('',#3815,#3816,#3817);
#3815 = CARTESIAN_POINT('',(88.5,153.,-30.));
#3816 = DIRECTION('',(1.,0.,0.));
#3817 = DIRECTION('',(0.,0.,1.));
#3818 = DEFINITIONAL_REPRESENTATION('',(#3819),#3823);
#3819 = LINE('',#3820,#3821);
#3820 = CARTESIAN_POINT('',(30.,77.325150603017));
#3821 = VECTOR('',#3822,1.);
#3822 = DIRECTION('',(-1.,0.));
#3823 = ( GEOMETRIC_REPRESENTATION_CONTEXT(2) 
PARAMETRIC_REPRESENTATION_CONTEXT() REPRESENTATION_CONTEXT('2D SPACE',''
  ) );
#3824 = ORIENTED_EDGE('',*,*,#3825,.F.);
#3825 = EDGE_CURVE('',#3826,#3796,#3828,.T.);
#3826 = VERTEX_POINT('',#3827);
#3827 = CARTESIAN_POINT('',(69.,84.,-12.00000017881));
#3828 = SURFACE_CURVE('',#3829,(#3834,#3841),.PCURVE_S1.);
#3829 = CIRCLE('',#3830,27.);
#3830 = AXIS2_PLACEMENT_3D('',#3831,#3832,#3833);
#3831 = CARTESIAN_POINT('',(69.,57.,-12.00000017881));
#3832 = DIRECTION('',(0.,0.,-1.));
#3833 = DIRECTION('',(1.,6.579099405186E-16,0.));
#3834 = PCURVE('',#1180,#3835);
#3835 = DEFINITIONAL_REPRESENTATION('',(#3836),#3840);
#3836 = LINE('',#3837,#3838);
#3837 = CARTESIAN_POINT('',(-8.881784197001E-16,12.000000178814));
#3838 = VECTOR('',#3839,1.);
#3839 = DIRECTION('',(1.,0.));
#3840 = ( GEOMETRIC_REPRESENTATION_CONTEXT(2) 
PARAMETRIC_REPRESENTATION_CONTEXT() REPRESENTATION_CONTEXT('2D SPACE',''
  ) );
#3841 = PCURVE('',#3842,#3847);
#3842 = PLANE('',#3843);
#3843 = AXIS2_PLACEMENT_3D('',#3844,#3845,#3846);
#3844 = CARTESIAN_POINT('',(88.5,153.,-12.00000017881));
#3845 = DIRECTION('',(0.,0.,1.));
#3846 = DIRECTION('',(-1.,0.,0.));
#3847 = DEFINITIONAL_REPRESENTATION('',(#3848),#3856);
#3848 = ( BOUNDED_CURVE() B_SPLINE_CURVE(2,(#3849,#3850,#3851,#3852,
#3853,#3854,#3855),.UNSPECIFIED.,.T.,.F.) B_SPLINE_CURVE_WITH_KNOTS((1,2
    ,2,2,2,1),(-2.094395102393,0.,2.094395102393,4.188790204786,
6.28318530718,8.377580409573),.UNSPECIFIED.) CURVE() 
GEOMETRIC_REPRESENTATION_ITEM() RATIONAL_B_SPLINE_CURVE((1.,0.5,1.,0.5,
1.,0.5,1.)) REPRESENTATION_ITEM('') );
#3849 = CARTESIAN_POINT('',(-7.5,96.));
#3850 = CARTESIAN_POINT('',(-7.5,142.76537180436));
#3851 = CARTESIAN_POINT('',(33.,119.38268590218));
#3852 = CARTESIAN_POINT('',(73.5,96.));
#3853 = CARTESIAN_POINT('',(33.,72.61731409782));
#3854 = CARTESIAN_POINT('',(-7.5,49.23462819564));
#3855 = CARTESIAN_POINT('',(-7.5,96.));
#3856 = ( GEOMETRIC_REPRESENTATION_CONTEXT(2) 
PARAMETRIC_REPRESENTATION_CONTEXT() REPRESENTATION_CONTEXT('2D SPACE',''
  ) );
#3857 = ORIENTED_EDGE('',*,*,#3858,.F.);
#3858 = EDGE_CURVE('',#1136,#3826,#3859,.T.);
#3859 = SURFACE_CURVE('',#3860,(#3864,#3871),.PCURVE_S1.);
#3860 = LINE('',#3861,#3862);
#3861 = CARTESIAN_POINT('',(69.,84.,0.));
#3862 = VECTOR('',#3863,1.);
#3863 = DIRECTION('',(0.,0.,-1.));
#3864 = PCURVE('',#1180,#3865);
#3865 = DEFINITIONAL_REPRESENTATION('',(#3866),#3870);
#3866 = LINE('',#3867,#3868);
#3867 = CARTESIAN_POINT('',(4.712388980385,0.));
#3868 = VECTOR('',#3869,1.);
#3869 = DIRECTION('',(0.,1.));
#3870 = ( GEOMETRIC_REPRESENTATION_CONTEXT(2) 
PARAMETRIC_REPRESENTATION_CONTEXT() REPRESENTATION_CONTEXT('2D SPACE',''
  ) );
#3871 = PCURVE('',#1151,#3872);
#3872 = DEFINITIONAL_REPRESENTATION('',(#3873),#3877);
#3873 = LINE('',#3874,#3875);
#3874 = CARTESIAN_POINT('',(22.5,0.));
#3875 = VECTOR('',#3876,1.);
#3876 = DIRECTION('',(0.,1.));
#3877 = ( GEOMETRIC_REPRESENTATION_CONTEXT(2) 
PARAMETRIC_REPRESENTATION_CONTEXT() REPRESENTATION_CONTEXT('2D SPACE',''
  ) );
#3878 = ORIENTED_EDGE('',*,*,#1163,.F.);
#3879 = ORIENTED_EDGE('',*,*,#3768,.T.);
#3880 = ORIENTED_EDGE('',*,*,#2474,.T.);
#3881 = ORIENTED_EDGE('',*,*,#3882,.F.);
#3882 = EDGE_CURVE('',#3883,#2475,#3885,.T.);
#3883 = VERTEX_POINT('',#3884);
#3884 = CARTESIAN_POINT('',(69.,84.,-30.));
#3885 = SURFACE_CURVE('',#3886,(#3890,#3897),.PCURVE_S1.);
#3886 = LINE('',#3887,#3888);
#3887 = CARTESIAN_POINT('',(69.,84.,0.));
#3888 = VECTOR('',#3889,1.);
#3889 = DIRECTION('',(0.,0.,-1.));
#3890 = PCURVE('',#1180,#3891);
#3891 = DEFINITIONAL_REPRESENTATION('',(#3892),#3896);
#3892 = LINE('',#3893,#3894);
#3893 = CARTESIAN_POINT('',(4.712388980385,0.));
#3894 = VECTOR('',#3895,1.);
#3895 = DIRECTION('',(0.,1.));
#3896 = ( GEOMETRIC_REPRESENTATION_CONTEXT(2) 
PARAMETRIC_REPRESENTATION_CONTEXT() REPRESENTATION_CONTEXT('2D SPACE',''
  ) );
#3897 = PCURVE('',#2518,#3898);
#3898 = DEFINITIONAL_REPRESENTATION('',(#3899),#3903);
#3899 = LINE('',#3900,#3901);
#3900 = CARTESIAN_POINT('',(22.5,0.));
#3901 = VECTOR('',#3902,1.);
#3902 = DIRECTION('',(0.,1.));
#3903 = ( GEOMETRIC_REPRESENTATION_CONTEXT(2) 
PARAMETRIC_REPRESENTATION_CONTEXT() REPRESENTATION_CONTEXT('2D SPACE',''
  ) );
#3904 = ORIENTED_EDGE('',*,*,#3905,.F.);
#3905 = EDGE_CURVE('',#3798,#3883,#3906,.T.);
#3906 = SURFACE_CURVE('',#3907,(#3912,#3919),.PCURVE_S1.);
#3907 = CIRCLE('',#3908,27.);
#3908 = AXIS2_PLACEMENT_3D('',#3909,#3910,#3911);
#3909 = CARTESIAN_POINT('',(69.,57.,-30.));
#3910 = DIRECTION('',(0.,0.,1.));
#3911 = DIRECTION('',(1.,6.579099405186E-16,-0.));
#3912 = PCURVE('',#1180,#3913);
#3913 = DEFINITIONAL_REPRESENTATION('',(#3914),#3918);
#3914 = LINE('',#3915,#3916);
#3915 = CARTESIAN_POINT('',(6.28318530718,30.));
#3916 = VECTOR('',#3917,1.);
#3917 = DIRECTION('',(-1.,0.));
#3918 = ( GEOMETRIC_REPRESENTATION_CONTEXT(2) 
PARAMETRIC_REPRESENTATION_CONTEXT() REPRESENTATION_CONTEXT('2D SPACE',''
  ) );
#3919 = PCURVE('',#3920,#3925);
#3920 = PLANE('',#3921);
#3921 = AXIS2_PLACEMENT_3D('',#3922,#3923,#3924);
#3922 = CARTESIAN_POINT('',(46.5,153.,-30.));
#3923 = DIRECTION('',(0.,0.,-1.));
#3924 = DIRECTION('',(1.,0.,0.));
#3925 = DEFINITIONAL_REPRESENTATION('',(#3926),#3934);
#3926 = ( BOUNDED_CURVE() B_SPLINE_CURVE(2,(#3927,#3928,#3929,#3930,
#3931,#3932,#3933),.UNSPECIFIED.,.T.,.F.) B_SPLINE_CURVE_WITH_KNOTS((1,2
    ,2,2,2,1),(-2.094395102393,0.,2.094395102393,4.188790204786,
6.28318530718,8.377580409573),.UNSPECIFIED.) CURVE() 
GEOMETRIC_REPRESENTATION_ITEM() RATIONAL_B_SPLINE_CURVE((1.,0.5,1.,0.5,
1.,0.5,1.)) REPRESENTATION_ITEM('') );
#3927 = CARTESIAN_POINT('',(49.5,96.));
#3928 = CARTESIAN_POINT('',(49.5,49.23462819564));
#3929 = CARTESIAN_POINT('',(9.,72.61731409782));
#3930 = CARTESIAN_POINT('',(-31.5,96.));
#3931 = CARTESIAN_POINT('',(9.,119.38268590218));
#3932 = CARTESIAN_POINT('',(49.5,142.76537180436));
#3933 = CARTESIAN_POINT('',(49.5,96.));
#3934 = ( GEOMETRIC_REPRESENTATION_CONTEXT(2) 
PARAMETRIC_REPRESENTATION_CONTEXT() REPRESENTATION_CONTEXT('2D SPACE',''
  ) );
#3935 = ADVANCED_FACE('',(#3936),#1151,.F.);
#3936 = FACE_BOUND('',#3937,.T.);
#3937 = EDGE_LOOP('',(#3938,#3961,#3962,#3963));
#3938 = ORIENTED_EDGE('',*,*,#3939,.T.);
#3939 = EDGE_CURVE('',#3940,#3826,#3942,.T.);
#3940 = VERTEX_POINT('',#3941);
#3941 = CARTESIAN_POINT('',(46.5,84.,-12.00000017881));
#3942 = SURFACE_CURVE('',#3943,(#3947,#3954),.PCURVE_S1.);
#3943 = LINE('',#3944,#3945);
#3944 = CARTESIAN_POINT('',(67.5,84.,-12.00000017881));
#3945 = VECTOR('',#3946,1.);
#3946 = DIRECTION('',(1.,0.,0.));
#3947 = PCURVE('',#1151,#3948);
#3948 = DEFINITIONAL_REPRESENTATION('',(#3949),#3953);
#3949 = LINE('',#3950,#3951);
#3950 = CARTESIAN_POINT('',(21.,12.00000017881));
#3951 = VECTOR('',#3952,1.);
#3952 = DIRECTION('',(1.,0.));
#3953 = ( GEOMETRIC_REPRESENTATION_CONTEXT(2) 
PARAMETRIC_REPRESENTATION_CONTEXT() REPRESENTATION_CONTEXT('2D SPACE',''
  ) );
#3954 = PCURVE('',#3842,#3955);
#3955 = DEFINITIONAL_REPRESENTATION('',(#3956),#3960);
#3956 = LINE('',#3957,#3958);
#3957 = CARTESIAN_POINT('',(21.,69.));
#3958 = VECTOR('',#3959,1.);
#3959 = DIRECTION('',(-1.,0.));
#3960 = ( GEOMETRIC_REPRESENTATION_CONTEXT(2) 
PARAMETRIC_REPRESENTATION_CONTEXT() REPRESENTATION_CONTEXT('2D SPACE',''
  ) );
#3961 = ORIENTED_EDGE('',*,*,#3858,.F.);
#3962 = ORIENTED_EDGE('',*,*,#1135,.T.);
#3963 = ORIENTED_EDGE('',*,*,#3964,.T.);
#3964 = EDGE_CURVE('',#1107,#3940,#3965,.T.);
#3965 = SURFACE_CURVE('',#3966,(#3970,#3977),.PCURVE_S1.);
#3966 = LINE('',#3967,#3968);
#3967 = CARTESIAN_POINT('',(46.5,84.,0.));
#3968 = VECTOR('',#3969,1.);
#3969 = DIRECTION('',(0.,0.,-1.));
#3970 = PCURVE('',#1151,#3971);
#3971 = DEFINITIONAL_REPRESENTATION('',(#3972),#3976);
#3972 = LINE('',#3973,#3974);
#3973 = CARTESIAN_POINT('',(0.,0.));
#3974 = VECTOR('',#3975,1.);
#3975 = DIRECTION('',(0.,1.));
#3976 = ( GEOMETRIC_REPRESENTATION_CONTEXT(2) 
PARAMETRIC_REPRESENTATION_CONTEXT() REPRESENTATION_CONTEXT('2D SPACE',''
  ) );
#3977 = PCURVE('',#1123,#3978);
#3978 = DEFINITIONAL_REPRESENTATION('',(#3979),#3983);
#3979 = LINE('',#3980,#3981);
#3980 = CARTESIAN_POINT('',(4.71164445159,0.));
#3981 = VECTOR('',#3982,1.);
#3982 = DIRECTION('',(0.,1.));
#3983 = ( GEOMETRIC_REPRESENTATION_CONTEXT(2) 
PARAMETRIC_REPRESENTATION_CONTEXT() REPRESENTATION_CONTEXT('2D SPACE',''
  ) );
#3984 = ADVANCED_FACE('',(#3985),#1123,.T.);
#3985 = FACE_BOUND('',#3986,.T.);
#3986 = EDGE_LOOP('',(#3987,#3988,#4011,#4037,#4038,#4039));
#3987 = ORIENTED_EDGE('',*,*,#2530,.F.);
#3988 = ORIENTED_EDGE('',*,*,#3989,.F.);
#3989 = EDGE_CURVE('',#3990,#2503,#3992,.T.);
#3990 = VERTEX_POINT('',#3991);
#3991 = CARTESIAN_POINT('',(46.5,84.,-30.));
#3992 = SURFACE_CURVE('',#3993,(#3997,#4004),.PCURVE_S1.);
#3993 = LINE('',#3994,#3995);
#3994 = CARTESIAN_POINT('',(46.5,84.,0.));
#3995 = VECTOR('',#3996,1.);
#3996 = DIRECTION('',(0.,0.,-1.));
#3997 = PCURVE('',#1123,#3998);
#3998 = DEFINITIONAL_REPRESENTATION('',(#3999),#4003);
#3999 = LINE('',#4000,#4001);
#4000 = CARTESIAN_POINT('',(4.71164445159,0.));
#4001 = VECTOR('',#4002,1.);
#4002 = DIRECTION('',(0.,1.));
#4003 = ( GEOMETRIC_REPRESENTATION_CONTEXT(2) 
PARAMETRIC_REPRESENTATION_CONTEXT() REPRESENTATION_CONTEXT('2D SPACE',''
  ) );
#4004 = PCURVE('',#2518,#4005);
#4005 = DEFINITIONAL_REPRESENTATION('',(#4006),#4010);
#4006 = LINE('',#4007,#4008);
#4007 = CARTESIAN_POINT('',(0.,0.));
#4008 = VECTOR('',#4009,1.);
#4009 = DIRECTION('',(0.,1.));
#4010 = ( GEOMETRIC_REPRESENTATION_CONTEXT(2) 
PARAMETRIC_REPRESENTATION_CONTEXT() REPRESENTATION_CONTEXT('2D SPACE',''
  ) );
#4011 = ORIENTED_EDGE('',*,*,#4012,.F.);
#4012 = EDGE_CURVE('',#3940,#3990,#4013,.T.);
#4013 = SURFACE_CURVE('',#4014,(#4018,#4025),.PCURVE_S1.);
#4014 = LINE('',#4015,#4016);
#4015 = CARTESIAN_POINT('',(46.5,84.,0.));
#4016 = VECTOR('',#4017,1.);
#4017 = DIRECTION('',(0.,0.,-1.));
#4018 = PCURVE('',#1123,#4019);
#4019 = DEFINITIONAL_REPRESENTATION('',(#4020),#4024);
#4020 = LINE('',#4021,#4022);
#4021 = CARTESIAN_POINT('',(4.71164445159,0.));
#4022 = VECTOR('',#4023,1.);
#4023 = DIRECTION('',(0.,1.));
#4024 = ( GEOMETRIC_REPRESENTATION_CONTEXT(2) 
PARAMETRIC_REPRESENTATION_CONTEXT() REPRESENTATION_CONTEXT('2D SPACE',''
  ) );
#4025 = PCURVE('',#4026,#4031);
#4026 = PLANE('',#4027);
#4027 = AXIS2_PLACEMENT_3D('',#4028,#4029,#4030);
#4028 = CARTESIAN_POINT('',(46.5,153.,-12.00000017881));
#4029 = DIRECTION('',(-1.,0.,0.));
#4030 = DIRECTION('',(0.,0.,-1.));
#4031 = DEFINITIONAL_REPRESENTATION('',(#4032),#4036);
#4032 = LINE('',#4033,#4034);
#4033 = CARTESIAN_POINT('',(-12.00000017881,69.));
#4034 = VECTOR('',#4035,1.);
#4035 = DIRECTION('',(1.,0.));
#4036 = ( GEOMETRIC_REPRESENTATION_CONTEXT(2) 
PARAMETRIC_REPRESENTATION_CONTEXT() REPRESENTATION_CONTEXT('2D SPACE',''
  ) );
#4037 = ORIENTED_EDGE('',*,*,#3964,.F.);
#4038 = ORIENTED_EDGE('',*,*,#1106,.F.);
#4039 = ORIENTED_EDGE('',*,*,#4040,.T.);
#4040 = EDGE_CURVE('',#1079,#2531,#4041,.T.);
#4041 = SURFACE_CURVE('',#4042,(#4046,#4053),.PCURVE_S1.);
#4042 = LINE('',#4043,#4044);
#4043 = CARTESIAN_POINT('',(37.49999833703,92.996133808522,0.));
#4044 = VECTOR('',#4045,1.);
#4045 = DIRECTION('',(0.,0.,-1.));
#4046 = PCURVE('',#1123,#4047);
#4047 = DEFINITIONAL_REPRESENTATION('',(#4048),#4052);
#4048 = LINE('',#4049,#4050);
#4049 = CARTESIAN_POINT('',(6.282010924498,0.));
#4050 = VECTOR('',#4051,1.);
#4051 = DIRECTION('',(0.,1.));
#4052 = ( GEOMETRIC_REPRESENTATION_CONTEXT(2) 
PARAMETRIC_REPRESENTATION_CONTEXT() REPRESENTATION_CONTEXT('2D SPACE',''
  ) );
#4053 = PCURVE('',#1094,#4054);
#4054 = DEFINITIONAL_REPRESENTATION('',(#4055),#4059);
#4055 = LINE('',#4056,#4057);
#4056 = CARTESIAN_POINT('',(42.,77.996133808522));
#4057 = VECTOR('',#4058,1.);
#4058 = DIRECTION('',(-1.,0.));
#4059 = ( GEOMETRIC_REPRESENTATION_CONTEXT(2) 
PARAMETRIC_REPRESENTATION_CONTEXT() REPRESENTATION_CONTEXT('2D SPACE',''
  ) );
#4060 = ADVANCED_FACE('',(#4061,#4087),#1094,.T.);
#4061 = FACE_BOUND('',#4062,.T.);
#4062 = EDGE_LOOP('',(#4063,#4084,#4085,#4086));
#4063 = ORIENTED_EDGE('',*,*,#4064,.F.);
#4064 = EDGE_CURVE('',#2555,#1049,#4065,.T.);
#4065 = SURFACE_CURVE('',#4066,(#4070,#4077),.PCURVE_S1.);
#4066 = LINE('',#4067,#4068);
#4067 = CARTESIAN_POINT('',(37.5,156.,-31.5));
#4068 = VECTOR('',#4069,1.);
#4069 = DIRECTION('',(-1.057355261548E-16,0.,1.));
#4070 = PCURVE('',#1094,#4071);
#4071 = DEFINITIONAL_REPRESENTATION('',(#4072),#4076);
#4072 = LINE('',#4073,#4074);
#4073 = CARTESIAN_POINT('',(10.5,141.));
#4074 = VECTOR('',#4075,1.);
#4075 = DIRECTION('',(1.,0.));
#4076 = ( GEOMETRIC_REPRESENTATION_CONTEXT(2) 
PARAMETRIC_REPRESENTATION_CONTEXT() REPRESENTATION_CONTEXT('2D SPACE',''
  ) );
#4077 = PCURVE('',#2943,#4078);
#4078 = DEFINITIONAL_REPRESENTATION('',(#4079),#4083);
#4079 = LINE('',#4080,#4081);
#4080 = CARTESIAN_POINT('',(7.068583470577,-3.552713678801E-15));
#4081 = VECTOR('',#4082,1.);
#4082 = DIRECTION('',(0.,1.));
#4083 = ( GEOMETRIC_REPRESENTATION_CONTEXT(2) 
PARAMETRIC_REPRESENTATION_CONTEXT() REPRESENTATION_CONTEXT('2D SPACE',''
  ) );
#4084 = ORIENTED_EDGE('',*,*,#2554,.F.);
#4085 = ORIENTED_EDGE('',*,*,#4040,.F.);
#4086 = ORIENTED_EDGE('',*,*,#1078,.T.);
#4087 = FACE_BOUND('',#4088,.T.);
#4088 = EDGE_LOOP('',(#4089));
#4089 = ORIENTED_EDGE('',*,*,#4090,.T.);
#4090 = EDGE_CURVE('',#4091,#4091,#4093,.T.);
#4091 = VERTEX_POINT('',#4092);
#4092 = CARTESIAN_POINT('',(37.5,137.,-24.));
#4093 = SURFACE_CURVE('',#4094,(#4099,#4110),.PCURVE_S1.);
#4094 = CIRCLE('',#4095,3.);
#4095 = AXIS2_PLACEMENT_3D('',#4096,#4097,#4098);
#4096 = CARTESIAN_POINT('',(37.5,137.,-21.));
#4097 = DIRECTION('',(1.,0.,1.057355261548E-16));
#4098 = DIRECTION('',(-1.057355261548E-16,0.,1.));
#4099 = PCURVE('',#1094,#4100);
#4100 = DEFINITIONAL_REPRESENTATION('',(#4101),#4109);
#4101 = ( BOUNDED_CURVE() B_SPLINE_CURVE(2,(#4102,#4103,#4104,#4105,
#4106,#4107,#4108),.UNSPECIFIED.,.T.,.F.) B_SPLINE_CURVE_WITH_KNOTS((1,2
    ,2,2,2,1),(-2.094395102393,0.,2.094395102393,4.188790204786,
6.28318530718,8.377580409573),.UNSPECIFIED.) CURVE() 
GEOMETRIC_REPRESENTATION_ITEM() RATIONAL_B_SPLINE_CURVE((1.,0.5,1.,0.5,
1.,0.5,1.)) REPRESENTATION_ITEM('') );
#4102 = CARTESIAN_POINT('',(24.,122.));
#4103 = CARTESIAN_POINT('',(24.,116.80384757729));
#4104 = CARTESIAN_POINT('',(19.5,119.40192378864));
#4105 = CARTESIAN_POINT('',(15.,122.));
#4106 = CARTESIAN_POINT('',(19.5,124.59807621135));
#4107 = CARTESIAN_POINT('',(24.,127.1961524227));
#4108 = CARTESIAN_POINT('',(24.,122.));
#4109 = ( GEOMETRIC_REPRESENTATION_CONTEXT(2) 
PARAMETRIC_REPRESENTATION_CONTEXT() REPRESENTATION_CONTEXT('2D SPACE',''
  ) );
#4110 = PCURVE('',#4111,#4116);
#4111 = CYLINDRICAL_SURFACE('',#4112,3.);
#4112 = AXIS2_PLACEMENT_3D('',#4113,#4114,#4115);
#4113 = CARTESIAN_POINT('',(37.5,137.,-21.));
#4114 = DIRECTION('',(1.,0.,1.184237892934E-16));
#4115 = DIRECTION('',(-1.184237892934E-16,0.,1.));
#4116 = DEFINITIONAL_REPRESENTATION('',(#4117),#4121);
#4117 = LINE('',#4118,#4119);
#4118 = CARTESIAN_POINT('',(0.,0.));
#4119 = VECTOR('',#4120,1.);
#4120 = DIRECTION('',(1.,0.));
#4121 = ( GEOMETRIC_REPRESENTATION_CONTEXT(2) 
PARAMETRIC_REPRESENTATION_CONTEXT() REPRESENTATION_CONTEXT('2D SPACE',''
  ) );
#4122 = ADVANCED_FACE('',(#4123),#1655,.F.);
#4123 = FACE_BOUND('',#4124,.T.);
#4124 = EDGE_LOOP('',(#4125,#4126,#4149,#4177));
#4125 = ORIENTED_EDGE('',*,*,#1637,.F.);
#4126 = ORIENTED_EDGE('',*,*,#4127,.T.);
#4127 = EDGE_CURVE('',#1638,#4128,#4130,.T.);
#4128 = VERTEX_POINT('',#4129);
#4129 = CARTESIAN_POINT('',(122.,70.,-10.));
#4130 = SURFACE_CURVE('',#4131,(#4135,#4142),.PCURVE_S1.);
#4131 = LINE('',#4132,#4133);
#4132 = CARTESIAN_POINT('',(122.,70.,0.));
#4133 = VECTOR('',#4134,1.);
#4134 = DIRECTION('',(0.,0.,-1.));
#4135 = PCURVE('',#1655,#4136);
#4136 = DEFINITIONAL_REPRESENTATION('',(#4137),#4141);
#4137 = LINE('',#4138,#4139);
#4138 = CARTESIAN_POINT('',(0.,0.));
#4139 = VECTOR('',#4140,1.);
#4140 = DIRECTION('',(-0.,1.));
#4141 = ( GEOMETRIC_REPRESENTATION_CONTEXT(2) 
PARAMETRIC_REPRESENTATION_CONTEXT() REPRESENTATION_CONTEXT('2D SPACE',''
  ) );
#4142 = PCURVE('',#1747,#4143);
#4143 = DEFINITIONAL_REPRESENTATION('',(#4144),#4148);
#4144 = LINE('',#4145,#4146);
#4145 = CARTESIAN_POINT('',(6.28318530718,0.));
#4146 = VECTOR('',#4147,1.);
#4147 = DIRECTION('',(0.,1.));
#4148 = ( GEOMETRIC_REPRESENTATION_CONTEXT(2) 
PARAMETRIC_REPRESENTATION_CONTEXT() REPRESENTATION_CONTEXT('2D SPACE',''
  ) );
#4149 = ORIENTED_EDGE('',*,*,#4150,.T.);
#4150 = EDGE_CURVE('',#4128,#4151,#4153,.T.);
#4151 = VERTEX_POINT('',#4152);
#4152 = CARTESIAN_POINT('',(121.99999989546,40.001371714289,-10.));
#4153 = SURFACE_CURVE('',#4154,(#4158,#4165),.PCURVE_S1.);
#4154 = LINE('',#4155,#4156);
#4155 = CARTESIAN_POINT('',(121.99999989546,40.001371714291,-10.));
#4156 = VECTOR('',#4157,1.);
#4157 = DIRECTION('',(-3.484604062122E-09,-1.,0.));
#4158 = PCURVE('',#1655,#4159);
#4159 = DEFINITIONAL_REPRESENTATION('',(#4160),#4164);
#4160 = LINE('',#4161,#4162);
#4161 = CARTESIAN_POINT('',(29.998628285709,10.));
#4162 = VECTOR('',#4163,1.);
#4163 = DIRECTION('',(1.,0.));
#4164 = ( GEOMETRIC_REPRESENTATION_CONTEXT(2) 
PARAMETRIC_REPRESENTATION_CONTEXT() REPRESENTATION_CONTEXT('2D SPACE',''
  ) );
#4165 = PCURVE('',#4166,#4171);
#4166 = PLANE('',#4167);
#4167 = AXIS2_PLACEMENT_3D('',#4168,#4169,#4170);
#4168 = CARTESIAN_POINT('',(113.,55.,-10.));
#4169 = DIRECTION('',(0.,0.,1.));
#4170 = DIRECTION('',(1.,0.,-0.));
#4171 = DEFINITIONAL_REPRESENTATION('',(#4172),#4176);
#4172 = LINE('',#4173,#4174);
#4173 = CARTESIAN_POINT('',(8.99999989546,-14.9986282857));
#4174 = VECTOR('',#4175,1.);
#4175 = DIRECTION('',(-3.484604062122E-09,-1.));
#4176 = ( GEOMETRIC_REPRESENTATION_CONTEXT(2) 
PARAMETRIC_REPRESENTATION_CONTEXT() REPRESENTATION_CONTEXT('2D SPACE',''
  ) );
#4177 = ORIENTED_EDGE('',*,*,#4178,.F.);
#4178 = EDGE_CURVE('',#1640,#4151,#4179,.T.);
#4179 = SURFACE_CURVE('',#4180,(#4184,#4191),.PCURVE_S1.);
#4180 = LINE('',#4181,#4182);
#4181 = CARTESIAN_POINT('',(121.99999989546,40.001371714289,0.));
#4182 = VECTOR('',#4183,1.);
#4183 = DIRECTION('',(0.,0.,-1.));
#4184 = PCURVE('',#1655,#4185);
#4185 = DEFINITIONAL_REPRESENTATION('',(#4186),#4190);
#4186 = LINE('',#4187,#4188);
#4187 = CARTESIAN_POINT('',(29.998628285711,0.));
#4188 = VECTOR('',#4189,1.);
#4189 = DIRECTION('',(-0.,1.));
#4190 = ( GEOMETRIC_REPRESENTATION_CONTEXT(2) 
PARAMETRIC_REPRESENTATION_CONTEXT() REPRESENTATION_CONTEXT('2D SPACE',''
  ) );
#4191 = PCURVE('',#1688,#4192);
#4192 = DEFINITIONAL_REPRESENTATION('',(#4193),#4197);
#4193 = LINE('',#4194,#4195);
#4194 = CARTESIAN_POINT('',(-1.570872533145,0.));
#4195 = VECTOR('',#4196,1.);
#4196 = DIRECTION('',(0.,1.));
#4197 = ( GEOMETRIC_REPRESENTATION_CONTEXT(2) 
PARAMETRIC_REPRESENTATION_CONTEXT() REPRESENTATION_CONTEXT('2D SPACE',''
  ) );
#4198 = ADVANCED_FACE('',(#4199),#1747,.F.);
#4199 = FACE_BOUND('',#4200,.F.);
#4200 = EDGE_LOOP('',(#4201,#4202,#4230,#4251));
#4201 = ORIENTED_EDGE('',*,*,#4127,.T.);
#4202 = ORIENTED_EDGE('',*,*,#4203,.F.);
#4203 = EDGE_CURVE('',#4204,#4128,#4206,.T.);
#4204 = VERTEX_POINT('',#4205);
#4205 = CARTESIAN_POINT('',(104.,70.,-10.));
#4206 = SURFACE_CURVE('',#4207,(#4212,#4219),.PCURVE_S1.);
#4207 = CIRCLE('',#4208,9.);
#4208 = AXIS2_PLACEMENT_3D('',#4209,#4210,#4211);
#4209 = CARTESIAN_POINT('',(113.,70.,-10.));
#4210 = DIRECTION('',(0.,0.,-1.));
#4211 = DIRECTION('',(1.,0.,0.));
#4212 = PCURVE('',#1747,#4213);
#4213 = DEFINITIONAL_REPRESENTATION('',(#4214),#4218);
#4214 = LINE('',#4215,#4216);
#4215 = CARTESIAN_POINT('',(0.,10.));
#4216 = VECTOR('',#4217,1.);
#4217 = DIRECTION('',(1.,0.));
#4218 = ( GEOMETRIC_REPRESENTATION_CONTEXT(2) 
PARAMETRIC_REPRESENTATION_CONTEXT() REPRESENTATION_CONTEXT('2D SPACE',''
  ) );
#4219 = PCURVE('',#4166,#4220);
#4220 = DEFINITIONAL_REPRESENTATION('',(#4221),#4229);
#4221 = ( BOUNDED_CURVE() B_SPLINE_CURVE(2,(#4222,#4223,#4224,#4225,
#4226,#4227,#4228),.UNSPECIFIED.,.T.,.F.) B_SPLINE_CURVE_WITH_KNOTS((1,2
    ,2,2,2,1),(-2.094395102393,0.,2.094395102393,4.188790204786,
6.28318530718,8.377580409573),.UNSPECIFIED.) CURVE() 
GEOMETRIC_REPRESENTATION_ITEM() RATIONAL_B_SPLINE_CURVE((1.,0.5,1.,0.5,
1.,0.5,1.)) REPRESENTATION_ITEM('') );
#4222 = CARTESIAN_POINT('',(9.,15.));
#4223 = CARTESIAN_POINT('',(9.,-0.58845726812));
#4224 = CARTESIAN_POINT('',(-4.5,7.20577136594));
#4225 = CARTESIAN_POINT('',(-18.,15.));
#4226 = CARTESIAN_POINT('',(-4.5,22.79422863406));
#4227 = CARTESIAN_POINT('',(9.,30.58845726812));
#4228 = CARTESIAN_POINT('',(9.,15.));
#4229 = ( GEOMETRIC_REPRESENTATION_CONTEXT(2) 
PARAMETRIC_REPRESENTATION_CONTEXT() REPRESENTATION_CONTEXT('2D SPACE',''
  ) );
#4230 = ORIENTED_EDGE('',*,*,#4231,.F.);
#4231 = EDGE_CURVE('',#1701,#4204,#4232,.T.);
#4232 = SURFACE_CURVE('',#4233,(#4237,#4244),.PCURVE_S1.);
#4233 = LINE('',#4234,#4235);
#4234 = CARTESIAN_POINT('',(104.,70.,0.));
#4235 = VECTOR('',#4236,1.);
#4236 = DIRECTION('',(0.,0.,-1.));
#4237 = PCURVE('',#1747,#4238);
#4238 = DEFINITIONAL_REPRESENTATION('',(#4239),#4243);
#4239 = LINE('',#4240,#4241);
#4240 = CARTESIAN_POINT('',(3.14159265359,0.));
#4241 = VECTOR('',#4242,1.);
#4242 = DIRECTION('',(0.,1.));
#4243 = ( GEOMETRIC_REPRESENTATION_CONTEXT(2) 
PARAMETRIC_REPRESENTATION_CONTEXT() REPRESENTATION_CONTEXT('2D SPACE',''
  ) );
#4244 = PCURVE('',#1716,#4245);
#4245 = DEFINITIONAL_REPRESENTATION('',(#4246),#4250);
#4246 = LINE('',#4247,#4248);
#4247 = CARTESIAN_POINT('',(30.,0.));
#4248 = VECTOR('',#4249,1.);
#4249 = DIRECTION('',(0.,1.));
#4250 = ( GEOMETRIC_REPRESENTATION_CONTEXT(2) 
PARAMETRIC_REPRESENTATION_CONTEXT() REPRESENTATION_CONTEXT('2D SPACE',''
  ) );
#4251 = ORIENTED_EDGE('',*,*,#1728,.T.);
#4252 = ADVANCED_FACE('',(#4253),#1688,.F.);
#4253 = FACE_BOUND('',#4254,.F.);
#4254 = EDGE_LOOP('',(#4255,#4278,#4304,#4305));
#4255 = ORIENTED_EDGE('',*,*,#4256,.T.);
#4256 = EDGE_CURVE('',#1668,#4257,#4259,.T.);
#4257 = VERTEX_POINT('',#4258);
#4258 = CARTESIAN_POINT('',(104.,40.,-10.));
#4259 = SURFACE_CURVE('',#4260,(#4264,#4271),.PCURVE_S1.);
#4260 = LINE('',#4261,#4262);
#4261 = CARTESIAN_POINT('',(104.,40.,0.));
#4262 = VECTOR('',#4263,1.);
#4263 = DIRECTION('',(0.,0.,-1.));
#4264 = PCURVE('',#1688,#4265);
#4265 = DEFINITIONAL_REPRESENTATION('',(#4266),#4270);
#4266 = LINE('',#4267,#4268);
#4267 = CARTESIAN_POINT('',(1.570872533145,0.));
#4268 = VECTOR('',#4269,1.);
#4269 = DIRECTION('',(0.,1.));
#4270 = ( GEOMETRIC_REPRESENTATION_CONTEXT(2) 
PARAMETRIC_REPRESENTATION_CONTEXT() REPRESENTATION_CONTEXT('2D SPACE',''
  ) );
#4271 = PCURVE('',#1716,#4272);
#4272 = DEFINITIONAL_REPRESENTATION('',(#4273),#4277);
#4273 = LINE('',#4274,#4275);
#4274 = CARTESIAN_POINT('',(0.,0.));
#4275 = VECTOR('',#4276,1.);
#4276 = DIRECTION('',(0.,1.));
#4277 = ( GEOMETRIC_REPRESENTATION_CONTEXT(2) 
PARAMETRIC_REPRESENTATION_CONTEXT() REPRESENTATION_CONTEXT('2D SPACE',''
  ) );
#4278 = ORIENTED_EDGE('',*,*,#4279,.F.);
#4279 = EDGE_CURVE('',#4151,#4257,#4280,.T.);
#4280 = SURFACE_CURVE('',#4281,(#4286,#4293),.PCURVE_S1.);
#4281 = CIRCLE('',#4282,9.);
#4282 = AXIS2_PLACEMENT_3D('',#4283,#4284,#4285);
#4283 = CARTESIAN_POINT('',(113.,40.,-10.));
#4284 = DIRECTION('',(0.,0.,-1.));
#4285 = DIRECTION('',(-1.,6.414621920056E-15,0.));
#4286 = PCURVE('',#1688,#4287);
#4287 = DEFINITIONAL_REPRESENTATION('',(#4288),#4292);
#4288 = LINE('',#4289,#4290);
#4289 = CARTESIAN_POINT('',(-4.712312774035,10.));
#4290 = VECTOR('',#4291,1.);
#4291 = DIRECTION('',(1.,0.));
#4292 = ( GEOMETRIC_REPRESENTATION_CONTEXT(2) 
PARAMETRIC_REPRESENTATION_CONTEXT() REPRESENTATION_CONTEXT('2D SPACE',''
  ) );
#4293 = PCURVE('',#4166,#4294);
#4294 = DEFINITIONAL_REPRESENTATION('',(#4295),#4303);
#4295 = ( BOUNDED_CURVE() B_SPLINE_CURVE(2,(#4296,#4297,#4298,#4299,
#4300,#4301,#4302),.UNSPECIFIED.,.T.,.F.) B_SPLINE_CURVE_WITH_KNOTS((1,2
    ,2,2,2,1),(-2.094395102393,0.,2.094395102393,4.188790204786,
6.28318530718,8.377580409573),.UNSPECIFIED.) CURVE() 
GEOMETRIC_REPRESENTATION_ITEM() RATIONAL_B_SPLINE_CURVE((1.,0.5,1.,0.5,
1.,0.5,1.)) REPRESENTATION_ITEM('') );
#4296 = CARTESIAN_POINT('',(-9.,-15.));
#4297 = CARTESIAN_POINT('',(-9.,0.58845726812));
#4298 = CARTESIAN_POINT('',(4.5,-7.20577136594));
#4299 = CARTESIAN_POINT('',(18.,-15.));
#4300 = CARTESIAN_POINT('',(4.5,-22.79422863406));
#4301 = CARTESIAN_POINT('',(-9.,-30.58845726812));
#4302 = CARTESIAN_POINT('',(-9.,-15.));
#4303 = ( GEOMETRIC_REPRESENTATION_CONTEXT(2) 
PARAMETRIC_REPRESENTATION_CONTEXT() REPRESENTATION_CONTEXT('2D SPACE',''
  ) );
#4304 = ORIENTED_EDGE('',*,*,#4178,.F.);
#4305 = ORIENTED_EDGE('',*,*,#1667,.T.);
#4306 = ADVANCED_FACE('',(#4307),#1716,.F.);
#4307 = FACE_BOUND('',#4308,.T.);
#4308 = EDGE_LOOP('',(#4309,#4310,#4311,#4332));
#4309 = ORIENTED_EDGE('',*,*,#1700,.F.);
#4310 = ORIENTED_EDGE('',*,*,#4256,.T.);
#4311 = ORIENTED_EDGE('',*,*,#4312,.T.);
#4312 = EDGE_CURVE('',#4257,#4204,#4313,.T.);
#4313 = SURFACE_CURVE('',#4314,(#4318,#4325),.PCURVE_S1.);
#4314 = LINE('',#4315,#4316);
#4315 = CARTESIAN_POINT('',(104.,70.,-10.));
#4316 = VECTOR('',#4317,1.);
#4317 = DIRECTION('',(0.,1.,0.));
#4318 = PCURVE('',#1716,#4319);
#4319 = DEFINITIONAL_REPRESENTATION('',(#4320),#4324);
#4320 = LINE('',#4321,#4322);
#4321 = CARTESIAN_POINT('',(30.,10.));
#4322 = VECTOR('',#4323,1.);
#4323 = DIRECTION('',(1.,0.));
#4324 = ( GEOMETRIC_REPRESENTATION_CONTEXT(2) 
PARAMETRIC_REPRESENTATION_CONTEXT() REPRESENTATION_CONTEXT('2D SPACE',''
  ) );
#4325 = PCURVE('',#4166,#4326);
#4326 = DEFINITIONAL_REPRESENTATION('',(#4327),#4331);
#4327 = LINE('',#4328,#4329);
#4328 = CARTESIAN_POINT('',(-9.,15.));
#4329 = VECTOR('',#4330,1.);
#4330 = DIRECTION('',(0.,1.));
#4331 = ( GEOMETRIC_REPRESENTATION_CONTEXT(2) 
PARAMETRIC_REPRESENTATION_CONTEXT() REPRESENTATION_CONTEXT('2D SPACE',''
  ) );
#4332 = ORIENTED_EDGE('',*,*,#4231,.F.);
#4333 = ADVANCED_FACE('',(#4334),#2006,.F.);
#4334 = FACE_BOUND('',#4335,.F.);
#4335 = EDGE_LOOP('',(#4336,#4357,#4358,#4359));
#4336 = ORIENTED_EDGE('',*,*,#4337,.T.);
#4337 = EDGE_CURVE('',#1986,#2373,#4338,.T.);
#4338 = SURFACE_CURVE('',#4339,(#4343,#4350),.PCURVE_S1.);
#4339 = LINE('',#4340,#4341);
#4340 = CARTESIAN_POINT('',(63.772029585268,32.674133133705,0.));
#4341 = VECTOR('',#4342,1.);
#4342 = DIRECTION('',(0.,0.,-1.));
#4343 = PCURVE('',#2006,#4344);
#4344 = DEFINITIONAL_REPRESENTATION('',(#4345),#4349);
#4345 = LINE('',#4346,#4347);
#4346 = CARTESIAN_POINT('',(6.28318530718,0.));
#4347 = VECTOR('',#4348,1.);
#4348 = DIRECTION('',(0.,1.));
#4349 = ( GEOMETRIC_REPRESENTATION_CONTEXT(2) 
PARAMETRIC_REPRESENTATION_CONTEXT() REPRESENTATION_CONTEXT('2D SPACE',''
  ) );
#4350 = PCURVE('',#2034,#4351);
#4351 = DEFINITIONAL_REPRESENTATION('',(#4352),#4356);
#4352 = LINE('',#4353,#4354);
#4353 = CARTESIAN_POINT('',(0.,0.));
#4354 = VECTOR('',#4355,1.);
#4355 = DIRECTION('',(0.,1.));
#4356 = ( GEOMETRIC_REPRESENTATION_CONTEXT(2) 
PARAMETRIC_REPRESENTATION_CONTEXT() REPRESENTATION_CONTEXT('2D SPACE',''
  ) );
#4357 = ORIENTED_EDGE('',*,*,#2395,.T.);
#4358 = ORIENTED_EDGE('',*,*,#3742,.F.);
#4359 = ORIENTED_EDGE('',*,*,#1985,.F.);
#4360 = ADVANCED_FACE('',(#4361),#2034,.F.);
#4361 = FACE_BOUND('',#4362,.T.);
#4362 = EDGE_LOOP('',(#4363,#4364,#4365,#4366));
#4363 = ORIENTED_EDGE('',*,*,#2018,.T.);
#4364 = ORIENTED_EDGE('',*,*,#4337,.T.);
#4365 = ORIENTED_EDGE('',*,*,#2372,.F.);
#4366 = ORIENTED_EDGE('',*,*,#3639,.F.);
#4367 = ADVANCED_FACE('',(#4368),#2215,.T.);
#4368 = FACE_BOUND('',#4369,.T.);
#4369 = EDGE_LOOP('',(#4370,#4445,#4468,#4534,#4535,#4559,#4586));
#4370 = ORIENTED_EDGE('',*,*,#4371,.F.);
#4371 = EDGE_CURVE('',#4372,#4374,#4376,.T.);
#4372 = VERTEX_POINT('',#4373);
#4373 = CARTESIAN_POINT('',(73.06776436283,162.,-36.));
#4374 = VERTEX_POINT('',#4375);
#4375 = CARTESIAN_POINT('',(71.41,161.9923077393,-36.30884413946));
#4376 = SURFACE_CURVE('',#4377,(#4383,#4412),.PCURVE_S1.);
#4377 = B_SPLINE_CURVE_WITH_KNOTS('',3,(#4378,#4379,#4380,#4381,#4382),
  .UNSPECIFIED.,.F.,.F.,(4,1,4),(-3.14159265359,-0.448798950513,
    3.14159265359),.QUASI_UNIFORM_KNOTS.);
#4378 = CARTESIAN_POINT('',(73.06776436283,162.,-36.));
#4379 = CARTESIAN_POINT('',(71.54449225712,162.,-36.3392488058));
#4380 = CARTESIAN_POINT('',(67.787728985903,161.93952678515,
    -36.80427932422));
#4381 = CARTESIAN_POINT('',(63.96326511145,162.,-36.45233174107));
#4382 = CARTESIAN_POINT('',(61.93223563717,162.,-36.));
#4383 = PCURVE('',#2215,#4384);
#4384 = DEFINITIONAL_REPRESENTATION('',(#4385),#4411);
#4385 = B_SPLINE_CURVE_WITH_KNOTS('',3,(#4386,#4387,#4388,#4389,#4390,
    #4391,#4392,#4393,#4394,#4395,#4396,#4397,#4398,#4399,#4400,#4401,
    #4402,#4403,#4404,#4405,#4406,#4407,#4408,#4409,#4410),
  .UNSPECIFIED.,.F.,.F.,(4,1,1,1,1,1,1,1,1,1,1,1,1,1,1,1,1,1,1,1,1,1,4),
  (-3.14159265359,-3.097985387216,-3.054378120843,-3.010770854469,
    -2.967163588096,-2.923556321722,-2.879949055349,-2.836341788975,
    -2.792734522602,-2.749127256228,-2.705519989855,-2.661912723481,
    -2.618305457108,-2.574698190734,-2.531090924361,-2.487483657987,
    -2.443876391613,-2.40026912524,-2.356661858866,-2.313054592493,
    -2.269447326119,-2.225840059746,-2.182232793372),
  .QUASI_UNIFORM_KNOTS.);
#4386 = CARTESIAN_POINT('',(5.497787143782,25.93223563717));
#4387 = CARTESIAN_POINT('',(5.498702779738,25.95690359907));
#4388 = CARTESIAN_POINT('',(5.500521817943,26.006285032954));
#4389 = CARTESIAN_POINT('',(5.503213645039,26.080491819904));
#4390 = CARTESIAN_POINT('',(5.505868713028,26.15483134885));
#4391 = CARTESIAN_POINT('',(5.508486992359,26.229301725667));
#4392 = CARTESIAN_POINT('',(5.511068453011,26.303901056228));
#4393 = CARTESIAN_POINT('',(5.513613064409,26.378627446406));
#4394 = CARTESIAN_POINT('',(5.516120795414,26.453479002076));
#4395 = CARTESIAN_POINT('',(5.518591614288,26.52845382911));
#4396 = CARTESIAN_POINT('',(5.521025488672,26.603550033383));
#4397 = CARTESIAN_POINT('',(5.523422385564,26.678765720767));
#4398 = CARTESIAN_POINT('',(5.525782271296,26.754098997137));
#4399 = CARTESIAN_POINT('',(5.52810511151,26.829547968366));
#4400 = CARTESIAN_POINT('',(5.530390871144,26.905110740328));
#4401 = CARTESIAN_POINT('',(5.532639514409,26.980785418896));
#4402 = CARTESIAN_POINT('',(5.534851004775,27.056570109943));
#4403 = CARTESIAN_POINT('',(5.537025304953,27.132462919344));
#4404 = CARTESIAN_POINT('',(5.539162376883,27.208461952971));
#4405 = CARTESIAN_POINT('',(5.541262181718,27.2845653167));
#4406 = CARTESIAN_POINT('',(5.54332467982,27.360771116402));
#4407 = CARTESIAN_POINT('',(5.545349830723,27.437077457951));
#4408 = CARTESIAN_POINT('',(5.547337593227,27.513482447222));
#4409 = CARTESIAN_POINT('',(5.54863781441,27.564483609132));
#4410 = CARTESIAN_POINT('',(5.549281679544,27.589999999999));
#4411 = ( GEOMETRIC_REPRESENTATION_CONTEXT(2) 
PARAMETRIC_REPRESENTATION_CONTEXT() REPRESENTATION_CONTEXT('2D SPACE',''
  ) );
#4412 = PCURVE('',#4413,#4439);
#4413 = B_SPLINE_SURFACE_WITH_KNOTS('',3,3,(
    (#4414,#4415,#4416,#4417,#4418)
    ,(#4419,#4420,#4421,#4422,#4423)
    ,(#4424,#4425,#4426,#4427,#4428)
    ,(#4429,#4430,#4431,#4432,#4433)
    ,(#4434,#4435,#4436,#4437,#4438
  )),.UNSPECIFIED.,.F.,.F.,.F.,(4,1,4),(4,1,4),(0.,0.571428571429,1.),(
    -3.14159265359,0.448798950513,3.14159265359),.UNSPECIFIED.);
#4414 = CARTESIAN_POINT('',(61.93223563717,162.,-36.));
#4415 = CARTESIAN_POINT('',(63.96326511145,162.,-36.45233174107));
#4416 = CARTESIAN_POINT('',(67.787728985903,161.93952678515,
    -36.80427932422));
#4417 = CARTESIAN_POINT('',(71.54449225712,162.,-36.3392488058));
#4418 = CARTESIAN_POINT('',(73.06776436283,162.,-36.));
#4419 = CARTESIAN_POINT('',(62.348703437627,162.,-34.87800262371));
#4420 = CARTESIAN_POINT('',(64.208087680417,162.08695409073,
    -35.32432886337));
#4421 = CARTESIAN_POINT('',(67.77117978046,162.08943984388,
    -35.70210550055));
#4422 = CARTESIAN_POINT('',(71.256758380281,162.06521556805,
    -35.21274730346));
#4423 = CARTESIAN_POINT('',(72.651296562373,162.,-34.87800262371));
#4424 = CARTESIAN_POINT('',(63.069653768266,163.0046938555,
    -32.9357050955));
#4425 = CARTESIAN_POINT('',(64.636227337617,163.13954364758,
    -33.44378957847));
#4426 = CARTESIAN_POINT('',(67.741490684177,163.16885366372,
    -33.89550432787));
#4427 = CARTESIAN_POINT('',(70.755416054721,163.10583119956,
    -33.31676845773));
#4428 = CARTESIAN_POINT('',(71.930346231734,163.0046938555,
    -32.9357050955));
#4429 = CARTESIAN_POINT('',(63.324176727878,165.10240209897,-32.25));
#4430 = CARTESIAN_POINT('',(64.824847723441,165.1422022199,
    -32.80777641365));
#4431 = CARTESIAN_POINT('',(67.721550925767,165.08085344604,
    -33.26258090563));
#4432 = CARTESIAN_POINT('',(70.55032002545,165.13225218967,
    -32.66833231024));
#4433 = CARTESIAN_POINT('',(71.675823272123,165.10240209897,-32.25));
#4434 = CARTESIAN_POINT('',(63.324176727878,166.,-32.25));
#4435 = CARTESIAN_POINT('',(64.847448833588,166.,-32.81541467633));
#4436 = CARTESIAN_POINT('',(67.715796739427,165.89921130858,
    -33.25534915528));
#4437 = CARTESIAN_POINT('',(70.53336919284,166.,-32.67406100725));
#4438 = CARTESIAN_POINT('',(71.675823272123,166.,-32.25));
#4439 = DEFINITIONAL_REPRESENTATION('',(#4440),#4444);
#4440 = LINE('',#4441,#4442);
#4441 = CARTESIAN_POINT('',(9.523134670531E-16,8.881784197001E-16));
#4442 = VECTOR('',#4443,1.);
#4443 = DIRECTION('',(-2.085852587182E-16,-1.));
#4444 = ( GEOMETRIC_REPRESENTATION_CONTEXT(2) 
PARAMETRIC_REPRESENTATION_CONTEXT() REPRESENTATION_CONTEXT('2D SPACE',''
  ) );
#4445 = ORIENTED_EDGE('',*,*,#4446,.T.);
#4446 = EDGE_CURVE('',#4372,#4447,#4449,.T.);
#4447 = VERTEX_POINT('',#4448);
#4448 = CARTESIAN_POINT('',(91.5,162.,-36.));
#4449 = SURFACE_CURVE('',#4450,(#4454,#4461),.PCURVE_S1.);
#4450 = LINE('',#4451,#4452);
#4451 = CARTESIAN_POINT('',(99.,162.,-36.));
#4452 = VECTOR('',#4453,1.);
#4453 = DIRECTION('',(1.,0.,0.));
#4454 = PCURVE('',#2215,#4455);
#4455 = DEFINITIONAL_REPRESENTATION('',(#4456),#4460);
#4456 = LINE('',#4457,#4458);
#4457 = CARTESIAN_POINT('',(5.497787143782,0.));
#4458 = VECTOR('',#4459,1.);
#4459 = DIRECTION('',(0.,-1.));
#4460 = ( GEOMETRIC_REPRESENTATION_CONTEXT(2) 
PARAMETRIC_REPRESENTATION_CONTEXT() REPRESENTATION_CONTEXT('2D SPACE',''
  ) );
#4461 = PCURVE('',#3433,#4462);
#4462 = DEFINITIONAL_REPRESENTATION('',(#4463),#4467);
#4463 = LINE('',#4464,#4465);
#4464 = CARTESIAN_POINT('',(-15.,31.5));
#4465 = VECTOR('',#4466,1.);
#4466 = DIRECTION('',(0.,1.));
#4467 = ( GEOMETRIC_REPRESENTATION_CONTEXT(2) 
PARAMETRIC_REPRESENTATION_CONTEXT() REPRESENTATION_CONTEXT('2D SPACE',''
  ) );
#4468 = ORIENTED_EDGE('',*,*,#4469,.T.);
#4469 = EDGE_CURVE('',#4447,#2198,#4470,.T.);
#4470 = SURFACE_CURVE('',#4471,(#4476,#4505),.PCURVE_S1.);
#4471 = ELLIPSE('',#4472,8.485281374239,6.);
#4472 = AXIS2_PLACEMENT_3D('',#4473,#4474,#4475);
#4473 = CARTESIAN_POINT('',(91.5,156.,-36.));
#4474 = DIRECTION('',(-0.707106781187,5.23364152894E-16,-0.707106781187)
  );
#4475 = DIRECTION('',(0.707106781187,5.23364152894E-16,-0.707106781187)
  );
#4476 = PCURVE('',#2215,#4477);
#4477 = DEFINITIONAL_REPRESENTATION('',(#4478),#4504);
#4478 = B_SPLINE_CURVE_WITH_KNOTS('',3,(#4479,#4480,#4481,#4482,#4483,
    #4484,#4485,#4486,#4487,#4488,#4489,#4490,#4491,#4492,#4493,#4494,
    #4495,#4496,#4497,#4498,#4499,#4500,#4501,#4502,#4503),
  .UNSPECIFIED.,.F.,.F.,(4,1,1,1,1,1,1,1,1,1,1,1,1,1,1,1,1,1,1,1,1,1,4),
  (4.712388980385,4.783788813421,4.855188646457,4.926588479493,
    4.997988312529,5.069388145565,5.140787978601,5.212187811638,
    5.283587644674,5.35498747771,5.426387310746,5.497787143782,
    5.569186976818,5.640586809854,5.711986642891,5.783386475927,
    5.854786308963,5.926186141999,5.997585975035,6.068985808071,
    6.140385641107,6.211785474143,6.28318530718),.UNSPECIFIED.);
#4479 = CARTESIAN_POINT('',(5.497787143782,7.5));
#4480 = CARTESIAN_POINT('',(5.521587088128,7.357199222589));
#4481 = CARTESIAN_POINT('',(5.569186976818,7.071601589023));
#4482 = CARTESIAN_POINT('',(5.640586809854,6.645385009364));
#4483 = CARTESIAN_POINT('',(5.711986642891,6.223524195684));
#4484 = CARTESIAN_POINT('',(5.783386475927,5.808167783992));
#4485 = CARTESIAN_POINT('',(5.854786308963,5.401432622057));
#4486 = CARTESIAN_POINT('',(5.926186141999,5.005391262212));
#4487 = CARTESIAN_POINT('',(5.997585975035,4.622061861028));
#4488 = CARTESIAN_POINT('',(6.068985808071,4.253397771753));
#4489 = CARTESIAN_POINT('',(6.140385641107,3.901277623558));
#4490 = CARTESIAN_POINT('',(6.211785474143,3.567495739605));
#4491 = CARTESIAN_POINT('',(6.28318530718,3.253752995992));
#4492 = CARTESIAN_POINT('',(6.354585140216,2.961648153711));
#4493 = CARTESIAN_POINT('',(6.425984973252,2.692669712412));
#4494 = CARTESIAN_POINT('',(6.497384806288,2.448188323364));
#4495 = CARTESIAN_POINT('',(6.568784639324,2.229449812211));
#4496 = CARTESIAN_POINT('',(6.64018447236,2.037568803373));
#4497 = CARTESIAN_POINT('',(6.711584305396,1.873523141536));
#4498 = CARTESIAN_POINT('',(6.782984138433,1.738148530492));
#4499 = CARTESIAN_POINT('',(6.854383971469,1.632135686374));
#4500 = CARTESIAN_POINT('',(6.925783804505,1.556021549051));
#4501 = CARTESIAN_POINT('',(6.997183637541,1.510206209708));
#4502 = CARTESIAN_POINT('',(7.044783526232,1.499987060667));
#4503 = CARTESIAN_POINT('',(7.068583470577,1.5));
#4504 = ( GEOMETRIC_REPRESENTATION_CONTEXT(2) 
PARAMETRIC_REPRESENTATION_CONTEXT() REPRESENTATION_CONTEXT('2D SPACE',''
  ) );
#4505 = PCURVE('',#3385,#4506);
#4506 = DEFINITIONAL_REPRESENTATION('',(#4507),#4533);
#4507 = B_SPLINE_CURVE_WITH_KNOTS('',3,(#4508,#4509,#4510,#4511,#4512,
    #4513,#4514,#4515,#4516,#4517,#4518,#4519,#4520,#4521,#4522,#4523,
    #4524,#4525,#4526,#4527,#4528,#4529,#4530,#4531,#4532),
  .UNSPECIFIED.,.F.,.F.,(4,1,1,1,1,1,1,1,1,1,1,1,1,1,1,1,1,1,1,1,1,1,4),
  (4.712388980385,4.783788813421,4.855188646457,4.926588479493,
    4.997988312529,5.069388145565,5.140787978601,5.212187811638,
    5.283587644674,5.35498747771,5.426387310746,5.497787143782,
    5.569186976818,5.640586809854,5.711986642891,5.783386475927,
    5.854786308963,5.926186141999,5.997585975035,6.068985808071,
    6.140385641107,6.211785474143,6.28318530718),.UNSPECIFIED.);
#4508 = CARTESIAN_POINT('',(5.497787143782,25.5));
#4509 = CARTESIAN_POINT('',(5.521587088128,25.642800777411));
#4510 = CARTESIAN_POINT('',(5.569186976818,25.928398410977));
#4511 = CARTESIAN_POINT('',(5.640586809854,26.354614990636));
#4512 = CARTESIAN_POINT('',(5.711986642891,26.776475804316));
#4513 = CARTESIAN_POINT('',(5.783386475927,27.191832216008));
#4514 = CARTESIAN_POINT('',(5.854786308963,27.598567377943));
#4515 = CARTESIAN_POINT('',(5.926186141999,27.994608737788));
#4516 = CARTESIAN_POINT('',(5.997585975035,28.377938138972));
#4517 = CARTESIAN_POINT('',(6.068985808071,28.746602228247));
#4518 = CARTESIAN_POINT('',(6.140385641107,29.098722376442));
#4519 = CARTESIAN_POINT('',(6.211785474143,29.432504260395));
#4520 = CARTESIAN_POINT('',(6.28318530718,29.746247004008));
#4521 = CARTESIAN_POINT('',(6.354585140216,30.038351846289));
#4522 = CARTESIAN_POINT('',(6.425984973252,30.307330287588));
#4523 = CARTESIAN_POINT('',(6.497384806288,30.551811676636));
#4524 = CARTESIAN_POINT('',(6.568784639324,30.770550187789));
#4525 = CARTESIAN_POINT('',(6.64018447236,30.962431196627));
#4526 = CARTESIAN_POINT('',(6.711584305396,31.126476858464));
#4527 = CARTESIAN_POINT('',(6.782984138433,31.261851469508));
#4528 = CARTESIAN_POINT('',(6.854383971469,31.367864313626));
#4529 = CARTESIAN_POINT('',(6.925783804505,31.443978450949));
#4530 = CARTESIAN_POINT('',(6.997183637541,31.489793790292));
#4531 = CARTESIAN_POINT('',(7.044783526232,31.500012939333));
#4532 = CARTESIAN_POINT('',(7.068583470577,31.5));
#4533 = ( GEOMETRIC_REPRESENTATION_CONTEXT(2) 
PARAMETRIC_REPRESENTATION_CONTEXT() REPRESENTATION_CONTEXT('2D SPACE',''
  ) );
#4534 = ORIENTED_EDGE('',*,*,#2197,.T.);
#4535 = ORIENTED_EDGE('',*,*,#4536,.F.);
#4536 = EDGE_CURVE('',#4537,#2200,#4539,.T.);
#4537 = VERTEX_POINT('',#4538);
#4538 = CARTESIAN_POINT('',(63.41,161.,-39.31662479035));
#4539 = SURFACE_CURVE('',#4540,(#4545,#4552),.PCURVE_S1.);
#4540 = CIRCLE('',#4541,6.);
#4541 = AXIS2_PLACEMENT_3D('',#4542,#4543,#4544);
#4542 = CARTESIAN_POINT('',(63.41,156.,-36.));
#4543 = DIRECTION('',(-1.,0.,0.));
#4544 = DIRECTION('',(0.,0.707106781187,-0.707106781187));
#4545 = PCURVE('',#2215,#4546);
#4546 = DEFINITIONAL_REPRESENTATION('',(#4547),#4551);
#4547 = LINE('',#4548,#4549);
#4548 = CARTESIAN_POINT('',(0.,35.59));
#4549 = VECTOR('',#4550,1.);
#4550 = DIRECTION('',(1.,0.));
#4551 = ( GEOMETRIC_REPRESENTATION_CONTEXT(2) 
PARAMETRIC_REPRESENTATION_CONTEXT() REPRESENTATION_CONTEXT('2D SPACE',''
  ) );
#4552 = PCURVE('',#2660,#4553);
#4553 = DEFINITIONAL_REPRESENTATION('',(#4554),#4558);
#4554 = CIRCLE('',#4555,6.);
#4555 = AXIS2_PLACEMENT_2D('',#4556,#4557);
#4556 = CARTESIAN_POINT('',(2.,-34.));
#4557 = DIRECTION('',(0.707106781187,0.707106781187));
#4558 = ( GEOMETRIC_REPRESENTATION_CONTEXT(2) 
PARAMETRIC_REPRESENTATION_CONTEXT() REPRESENTATION_CONTEXT('2D SPACE',''
  ) );
#4559 = ORIENTED_EDGE('',*,*,#4560,.F.);
#4560 = EDGE_CURVE('',#4561,#4537,#4563,.T.);
#4561 = VERTEX_POINT('',#4562);
#4562 = CARTESIAN_POINT('',(71.41,161.,-39.31662479035));
#4563 = SURFACE_CURVE('',#4564,(#4568,#4574),.PCURVE_S1.);
#4564 = LINE('',#4565,#4566);
#4565 = CARTESIAN_POINT('',(99.,161.,-39.31662479035));
#4566 = VECTOR('',#4567,1.);
#4567 = DIRECTION('',(-1.,0.,0.));
#4568 = PCURVE('',#2215,#4569);
#4569 = DEFINITIONAL_REPRESENTATION('',(#4570),#4573);
#4570 = B_SPLINE_CURVE_WITH_KNOTS('',1,(#4571,#4572),.UNSPECIFIED.,.F.,
  .F.,(2,2),(25.19,53.99),.PIECEWISE_BEZIER_KNOTS.);
#4571 = CARTESIAN_POINT('',(6.083472687239,25.19));
#4572 = CARTESIAN_POINT('',(6.083472687239,53.99));
#4573 = ( GEOMETRIC_REPRESENTATION_CONTEXT(2) 
PARAMETRIC_REPRESENTATION_CONTEXT() REPRESENTATION_CONTEXT('2D SPACE',''
  ) );
#4574 = PCURVE('',#4575,#4580);
#4575 = PLANE('',#4576);
#4576 = AXIS2_PLACEMENT_3D('',#4577,#4578,#4579);
#4577 = CARTESIAN_POINT('',(47.41,161.,-65.));
#4578 = DIRECTION('',(0.,1.,0.));
#4579 = DIRECTION('',(1.,0.,0.));
#4580 = DEFINITIONAL_REPRESENTATION('',(#4581),#4585);
#4581 = LINE('',#4582,#4583);
#4582 = CARTESIAN_POINT('',(51.59,-25.68337520965));
#4583 = VECTOR('',#4584,1.);
#4584 = DIRECTION('',(-1.,0.));
#4585 = ( GEOMETRIC_REPRESENTATION_CONTEXT(2) 
PARAMETRIC_REPRESENTATION_CONTEXT() REPRESENTATION_CONTEXT('2D SPACE',''
  ) );
#4586 = ORIENTED_EDGE('',*,*,#4587,.F.);
#4587 = EDGE_CURVE('',#4374,#4561,#4588,.T.);
#4588 = SURFACE_CURVE('',#4589,(#4594,#4601),.PCURVE_S1.);
#4589 = CIRCLE('',#4590,6.);
#4590 = AXIS2_PLACEMENT_3D('',#4591,#4592,#4593);
#4591 = CARTESIAN_POINT('',(71.41,156.,-36.));
#4592 = DIRECTION('',(-1.,0.,0.));
#4593 = DIRECTION('',(0.,0.707106781187,-0.707106781187));
#4594 = PCURVE('',#2215,#4595);
#4595 = DEFINITIONAL_REPRESENTATION('',(#4596),#4600);
#4596 = LINE('',#4597,#4598);
#4597 = CARTESIAN_POINT('',(0.,27.59));
#4598 = VECTOR('',#4599,1.);
#4599 = DIRECTION('',(1.,0.));
#4600 = ( GEOMETRIC_REPRESENTATION_CONTEXT(2) 
PARAMETRIC_REPRESENTATION_CONTEXT() REPRESENTATION_CONTEXT('2D SPACE',''
  ) );
#4601 = PCURVE('',#4602,#4607);
#4602 = PLANE('',#4603);
#4603 = AXIS2_PLACEMENT_3D('',#4604,#4605,#4606);
#4604 = CARTESIAN_POINT('',(71.41,161.,-65.));
#4605 = DIRECTION('',(-1.,0.,0.));
#4606 = DIRECTION('',(0.,1.,0.));
#4607 = DEFINITIONAL_REPRESENTATION('',(#4608),#4612);
#4608 = CIRCLE('',#4609,6.);
#4609 = AXIS2_PLACEMENT_2D('',#4610,#4611);
#4610 = CARTESIAN_POINT('',(-5.,-29.));
#4611 = DIRECTION('',(0.707106781187,0.707106781187));
#4612 = ( GEOMETRIC_REPRESENTATION_CONTEXT(2) 
PARAMETRIC_REPRESENTATION_CONTEXT() REPRESENTATION_CONTEXT('2D SPACE',''
  ) );
#4613 = ADVANCED_FACE('',(#4614),#2660,.T.);
#4614 = FACE_BOUND('',#4615,.T.);
#4615 = EDGE_LOOP('',(#4616,#4617,#4618,#4639,#4658));
#4616 = ORIENTED_EDGE('',*,*,#2647,.F.);
#4617 = ORIENTED_EDGE('',*,*,#3114,.T.);
#4618 = ORIENTED_EDGE('',*,*,#4619,.F.);
#4619 = EDGE_CURVE('',#4620,#3082,#4622,.T.);
#4620 = VERTEX_POINT('',#4621);
#4621 = CARTESIAN_POINT('',(63.41,161.,-26.70238601376));
#4622 = SURFACE_CURVE('',#4623,(#4627,#4633),.PCURVE_S1.);
#4623 = LINE('',#4624,#4625);
#4624 = CARTESIAN_POINT('',(63.41,162.,-26.70238601376));
#4625 = VECTOR('',#4626,1.);
#4626 = DIRECTION('',(0.,-1.,0.));
#4627 = PCURVE('',#2660,#4628);
#4628 = DEFINITIONAL_REPRESENTATION('',(#4629),#4632);
#4629 = B_SPLINE_CURVE_WITH_KNOTS('',1,(#4630,#4631),.UNSPECIFIED.,.F.,
  .F.,(2,2),(-18.0000006,9.0000006),.PIECEWISE_BEZIER_KNOTS.);
#4630 = CARTESIAN_POINT('',(26.0000006,-43.29761398623));
#4631 = CARTESIAN_POINT('',(-1.0000006,-43.29761398623));
#4632 = ( GEOMETRIC_REPRESENTATION_CONTEXT(2) 
PARAMETRIC_REPRESENTATION_CONTEXT() REPRESENTATION_CONTEXT('2D SPACE',''
  ) );
#4633 = PCURVE('',#3102,#4634);
#4634 = DEFINITIONAL_REPRESENTATION('',(#4635),#4638);
#4635 = B_SPLINE_CURVE_WITH_KNOTS('',1,(#4636,#4637),.UNSPECIFIED.,.F.,
  .F.,(2,2),(-18.0000006,9.0000006),.PIECEWISE_BEZIER_KNOTS.);
#4636 = CARTESIAN_POINT('',(7.231776272045,-18.0000006));
#4637 = CARTESIAN_POINT('',(7.231776272045,9.0000006));
#4638 = ( GEOMETRIC_REPRESENTATION_CONTEXT(2) 
PARAMETRIC_REPRESENTATION_CONTEXT() REPRESENTATION_CONTEXT('2D SPACE',''
  ) );
#4639 = ORIENTED_EDGE('',*,*,#4640,.F.);
#4640 = EDGE_CURVE('',#4537,#4620,#4641,.T.);
#4641 = SURFACE_CURVE('',#4642,(#4646,#4652),.PCURVE_S1.);
#4642 = LINE('',#4643,#4644);
#4643 = CARTESIAN_POINT('',(63.41,161.,-67.5));
#4644 = VECTOR('',#4645,1.);
#4645 = DIRECTION('',(0.,-0.,1.));
#4646 = PCURVE('',#2660,#4647);
#4647 = DEFINITIONAL_REPRESENTATION('',(#4648),#4651);
#4648 = B_SPLINE_CURVE_WITH_KNOTS('',1,(#4649,#4650),.UNSPECIFIED.,.F.,
  .F.,(2,2),(28.18337520965,64.816624790356),.PIECEWISE_BEZIER_KNOTS.);
#4649 = CARTESIAN_POINT('',(7.,-30.68337520965));
#4650 = CARTESIAN_POINT('',(7.,-67.31662479035));
#4651 = ( GEOMETRIC_REPRESENTATION_CONTEXT(2) 
PARAMETRIC_REPRESENTATION_CONTEXT() REPRESENTATION_CONTEXT('2D SPACE',''
  ) );
#4652 = PCURVE('',#4575,#4653);
#4653 = DEFINITIONAL_REPRESENTATION('',(#4654),#4657);
#4654 = B_SPLINE_CURVE_WITH_KNOTS('',1,(#4655,#4656),.UNSPECIFIED.,.F.,
  .F.,(2,2),(28.18337520965,64.816624790356),.PIECEWISE_BEZIER_KNOTS.);
#4655 = CARTESIAN_POINT('',(16.,-25.68337520965));
#4656 = CARTESIAN_POINT('',(16.,-62.31662479035));
#4657 = ( GEOMETRIC_REPRESENTATION_CONTEXT(2) 
PARAMETRIC_REPRESENTATION_CONTEXT() REPRESENTATION_CONTEXT('2D SPACE',''
  ) );
#4658 = ORIENTED_EDGE('',*,*,#4536,.T.);
#4659 = ADVANCED_FACE('',(#4660),#2593,.T.);
#4660 = FACE_BOUND('',#4661,.T.);
#4661 = EDGE_LOOP('',(#4662,#4684,#4685,#4686,#4754,#4777));
#4662 = ORIENTED_EDGE('',*,*,#4663,.F.);
#4663 = EDGE_CURVE('',#3004,#4664,#4666,.T.);
#4664 = VERTEX_POINT('',#4665);
#4665 = CARTESIAN_POINT('',(47.41,161.,-39.31662479035));
#4666 = SURFACE_CURVE('',#4667,(#4671,#4677),.PCURVE_S1.);
#4667 = LINE('',#4668,#4669);
#4668 = CARTESIAN_POINT('',(99.,161.,-39.31662479035));
#4669 = VECTOR('',#4670,1.);
#4670 = DIRECTION('',(-1.,0.,0.));
#4671 = PCURVE('',#2593,#4672);
#4672 = DEFINITIONAL_REPRESENTATION('',(#4673),#4676);
#4673 = B_SPLINE_CURVE_WITH_KNOTS('',1,(#4674,#4675),.UNSPECIFIED.,.F.,
  .F.,(2,2),(25.19,53.99),.PIECEWISE_BEZIER_KNOTS.);
#4674 = CARTESIAN_POINT('',(6.083472687239,25.19));
#4675 = CARTESIAN_POINT('',(6.083472687239,53.99));
#4676 = ( GEOMETRIC_REPRESENTATION_CONTEXT(2) 
PARAMETRIC_REPRESENTATION_CONTEXT() REPRESENTATION_CONTEXT('2D SPACE',''
  ) );
#4677 = PCURVE('',#2837,#4678);
#4678 = DEFINITIONAL_REPRESENTATION('',(#4679),#4683);
#4679 = LINE('',#4680,#4681);
#4680 = CARTESIAN_POINT('',(51.59,-25.68337520965));
#4681 = VECTOR('',#4682,1.);
#4682 = DIRECTION('',(-1.,0.));
#4683 = ( GEOMETRIC_REPRESENTATION_CONTEXT(2) 
PARAMETRIC_REPRESENTATION_CONTEXT() REPRESENTATION_CONTEXT('2D SPACE',''
  ) );
#4684 = ORIENTED_EDGE('',*,*,#3003,.T.);
#4685 = ORIENTED_EDGE('',*,*,#2577,.T.);
#4686 = ORIENTED_EDGE('',*,*,#4687,.F.);
#4687 = EDGE_CURVE('',#4688,#2555,#4690,.T.);
#4688 = VERTEX_POINT('',#4689);
#4689 = CARTESIAN_POINT('',(43.5,162.,-36.));
#4690 = SURFACE_CURVE('',#4691,(#4696,#4725),.PCURVE_S1.);
#4691 = ELLIPSE('',#4692,8.485281374239,6.);
#4692 = AXIS2_PLACEMENT_3D('',#4693,#4694,#4695);
#4693 = CARTESIAN_POINT('',(43.5,156.,-36.));
#4694 = DIRECTION('',(-0.707106781187,0.,0.707106781187));
#4695 = DIRECTION('',(-0.707106781187,0.,-0.707106781187));
#4696 = PCURVE('',#2593,#4697);
#4697 = DEFINITIONAL_REPRESENTATION('',(#4698),#4724);
#4698 = B_SPLINE_CURVE_WITH_KNOTS('',3,(#4699,#4700,#4701,#4702,#4703,
    #4704,#4705,#4706,#4707,#4708,#4709,#4710,#4711,#4712,#4713,#4714,
    #4715,#4716,#4717,#4718,#4719,#4720,#4721,#4722,#4723),
  .UNSPECIFIED.,.F.,.F.,(4,1,1,1,1,1,1,1,1,1,1,1,1,1,1,1,1,1,1,1,1,1,4),
  (4.712388980385,4.783788813421,4.855188646457,4.926588479493,
    4.997988312529,5.069388145565,5.140787978601,5.212187811638,
    5.283587644674,5.35498747771,5.426387310746,5.497787143782,
    5.569186976818,5.640586809854,5.711986642891,5.783386475927,
    5.854786308963,5.926186141999,5.997585975035,6.068985808071,
    6.140385641107,6.211785474143,6.28318530718),.UNSPECIFIED.);
#4699 = CARTESIAN_POINT('',(5.497787143782,55.5));
#4700 = CARTESIAN_POINT('',(5.521587088128,55.642800777411));
#4701 = CARTESIAN_POINT('',(5.569186976818,55.928398410977));
#4702 = CARTESIAN_POINT('',(5.640586809854,56.354614990636));
#4703 = CARTESIAN_POINT('',(5.711986642891,56.776475804316));
#4704 = CARTESIAN_POINT('',(5.783386475927,57.191832216008));
#4705 = CARTESIAN_POINT('',(5.854786308963,57.598567377943));
#4706 = CARTESIAN_POINT('',(5.926186141999,57.994608737788));
#4707 = CARTESIAN_POINT('',(5.997585975035,58.377938138972));
#4708 = CARTESIAN_POINT('',(6.068985808071,58.746602228247));
#4709 = CARTESIAN_POINT('',(6.140385641107,59.098722376442));
#4710 = CARTESIAN_POINT('',(6.211785474143,59.432504260395));
#4711 = CARTESIAN_POINT('',(6.28318530718,59.746247004008));
#4712 = CARTESIAN_POINT('',(6.354585140216,60.038351846289));
#4713 = CARTESIAN_POINT('',(6.425984973252,60.307330287588));
#4714 = CARTESIAN_POINT('',(6.497384806288,60.551811676636));
#4715 = CARTESIAN_POINT('',(6.568784639324,60.770550187789));
#4716 = CARTESIAN_POINT('',(6.64018447236,60.962431196627));
#4717 = CARTESIAN_POINT('',(6.711584305396,61.126476858464));
#4718 = CARTESIAN_POINT('',(6.782984138433,61.261851469508));
#4719 = CARTESIAN_POINT('',(6.854383971469,61.367864313626));
#4720 = CARTESIAN_POINT('',(6.925783804505,61.443978450949));
#4721 = CARTESIAN_POINT('',(6.997183637541,61.489793790292));
#4722 = CARTESIAN_POINT('',(7.044783526232,61.500012939333));
#4723 = CARTESIAN_POINT('',(7.068583470577,61.5));
#4724 = ( GEOMETRIC_REPRESENTATION_CONTEXT(2) 
PARAMETRIC_REPRESENTATION_CONTEXT() REPRESENTATION_CONTEXT('2D SPACE',''
  ) );
#4725 = PCURVE('',#2943,#4726);
#4726 = DEFINITIONAL_REPRESENTATION('',(#4727),#4753);
#4727 = B_SPLINE_CURVE_WITH_KNOTS('',3,(#4728,#4729,#4730,#4731,#4732,
    #4733,#4734,#4735,#4736,#4737,#4738,#4739,#4740,#4741,#4742,#4743,
    #4744,#4745,#4746,#4747,#4748,#4749,#4750,#4751,#4752),
  .UNSPECIFIED.,.F.,.F.,(4,1,1,1,1,1,1,1,1,1,1,1,1,1,1,1,1,1,1,1,1,1,4),
  (4.712388980385,4.783788813421,4.855188646457,4.926588479493,
    4.997988312529,5.069388145565,5.140787978601,5.212187811638,
    5.283587644674,5.35498747771,5.426387310746,5.497787143782,
    5.569186976818,5.640586809854,5.711986642891,5.783386475927,
    5.854786308963,5.926186141999,5.997585975035,6.068985808071,
    6.140385641107,6.211785474143,6.28318530718),.UNSPECIFIED.);
#4728 = CARTESIAN_POINT('',(5.497787143782,-4.5));
#4729 = CARTESIAN_POINT('',(5.521587088128,-4.642800777411));
#4730 = CARTESIAN_POINT('',(5.569186976818,-4.928398410977));
#4731 = CARTESIAN_POINT('',(5.640586809854,-5.354614990636));
#4732 = CARTESIAN_POINT('',(5.711986642891,-5.776475804316));
#4733 = CARTESIAN_POINT('',(5.783386475927,-6.191832216008));
#4734 = CARTESIAN_POINT('',(5.854786308963,-6.598567377943));
#4735 = CARTESIAN_POINT('',(5.926186141999,-6.994608737788));
#4736 = CARTESIAN_POINT('',(5.997585975035,-7.377938138972));
#4737 = CARTESIAN_POINT('',(6.068985808071,-7.746602228247));
#4738 = CARTESIAN_POINT('',(6.140385641107,-8.098722376442));
#4739 = CARTESIAN_POINT('',(6.211785474143,-8.432504260395));
#4740 = CARTESIAN_POINT('',(6.28318530718,-8.746247004008));
#4741 = CARTESIAN_POINT('',(6.354585140216,-9.038351846289));
#4742 = CARTESIAN_POINT('',(6.425984973252,-9.307330287588));
#4743 = CARTESIAN_POINT('',(6.497384806288,-9.551811676636));
#4744 = CARTESIAN_POINT('',(6.568784639324,-9.770550187789));
#4745 = CARTESIAN_POINT('',(6.64018447236,-9.962431196627));
#4746 = CARTESIAN_POINT('',(6.711584305396,-10.12647685846));
#4747 = CARTESIAN_POINT('',(6.782984138433,-10.2618514695));
#4748 = CARTESIAN_POINT('',(6.854383971469,-10.36786431362));
#4749 = CARTESIAN_POINT('',(6.925783804505,-10.44397845094));
#4750 = CARTESIAN_POINT('',(6.997183637541,-10.48979379029));
#4751 = CARTESIAN_POINT('',(7.044783526232,-10.50001293933));
#4752 = CARTESIAN_POINT('',(7.068583470577,-10.5));
#4753 = ( GEOMETRIC_REPRESENTATION_CONTEXT(2) 
PARAMETRIC_REPRESENTATION_CONTEXT() REPRESENTATION_CONTEXT('2D SPACE',''
  ) );
#4754 = ORIENTED_EDGE('',*,*,#4755,.T.);
#4755 = EDGE_CURVE('',#4688,#4756,#4758,.T.);
#4756 = VERTEX_POINT('',#4757);
#4757 = CARTESIAN_POINT('',(47.41,162.,-36.));
#4758 = SURFACE_CURVE('',#4759,(#4763,#4770),.PCURVE_S1.);
#4759 = LINE('',#4760,#4761);
#4760 = CARTESIAN_POINT('',(99.,162.,-36.));
#4761 = VECTOR('',#4762,1.);
#4762 = DIRECTION('',(1.,0.,0.));
#4763 = PCURVE('',#2593,#4764);
#4764 = DEFINITIONAL_REPRESENTATION('',(#4765),#4769);
#4765 = LINE('',#4766,#4767);
#4766 = CARTESIAN_POINT('',(5.497787143782,0.));
#4767 = VECTOR('',#4768,1.);
#4768 = DIRECTION('',(0.,-1.));
#4769 = ( GEOMETRIC_REPRESENTATION_CONTEXT(2) 
PARAMETRIC_REPRESENTATION_CONTEXT() REPRESENTATION_CONTEXT('2D SPACE',''
  ) );
#4770 = PCURVE('',#2894,#4771);
#4771 = DEFINITIONAL_REPRESENTATION('',(#4772),#4776);
#4772 = LINE('',#4773,#4774);
#4773 = CARTESIAN_POINT('',(-15.,31.5));
#4774 = VECTOR('',#4775,1.);
#4775 = DIRECTION('',(0.,1.));
#4776 = ( GEOMETRIC_REPRESENTATION_CONTEXT(2) 
PARAMETRIC_REPRESENTATION_CONTEXT() REPRESENTATION_CONTEXT('2D SPACE',''
  ) );
#4777 = ORIENTED_EDGE('',*,*,#4778,.T.);
#4778 = EDGE_CURVE('',#4756,#4664,#4779,.T.);
#4779 = SURFACE_CURVE('',#4780,(#4785,#4792),.PCURVE_S1.);
#4780 = CIRCLE('',#4781,6.);
#4781 = AXIS2_PLACEMENT_3D('',#4782,#4783,#4784);
#4782 = CARTESIAN_POINT('',(47.41,156.,-36.));
#4783 = DIRECTION('',(-1.,0.,0.));
#4784 = DIRECTION('',(0.,0.707106781187,-0.707106781187));
#4785 = PCURVE('',#2593,#4786);
#4786 = DEFINITIONAL_REPRESENTATION('',(#4787),#4791);
#4787 = LINE('',#4788,#4789);
#4788 = CARTESIAN_POINT('',(0.,51.59));
#4789 = VECTOR('',#4790,1.);
#4790 = DIRECTION('',(1.,0.));
#4791 = ( GEOMETRIC_REPRESENTATION_CONTEXT(2) 
PARAMETRIC_REPRESENTATION_CONTEXT() REPRESENTATION_CONTEXT('2D SPACE',''
  ) );
#4792 = PCURVE('',#2866,#4793);
#4793 = DEFINITIONAL_REPRESENTATION('',(#4794),#4802);
#4794 = ( BOUNDED_CURVE() B_SPLINE_CURVE(2,(#4795,#4796,#4797,#4798,
#4799,#4800,#4801),.UNSPECIFIED.,.T.,.F.) B_SPLINE_CURVE_WITH_KNOTS((1,2
    ,2,2,2,1),(-2.094395102393,0.,2.094395102393,4.188790204786,
6.28318530718,8.377580409573),.UNSPECIFIED.) CURVE() 
GEOMETRIC_REPRESENTATION_ITEM() RATIONAL_B_SPLINE_CURVE((1.,0.5,1.,0.5,
1.,0.5,1.)) REPRESENTATION_ITEM('') );
#4795 = CARTESIAN_POINT('',(10.757359312881,-24.75735931288));
#4796 = CARTESIAN_POINT('',(18.10582854123,-17.40889008453));
#4797 = CARTESIAN_POINT('',(20.795554957734,-27.44708572938));
#4798 = CARTESIAN_POINT('',(23.485281374239,-37.48528137423));
#4799 = CARTESIAN_POINT('',(13.447085729385,-34.79555495773));
#4800 = CARTESIAN_POINT('',(3.408890084531,-32.10582854123));
#4801 = CARTESIAN_POINT('',(10.757359312881,-24.75735931288));
#4802 = ( GEOMETRIC_REPRESENTATION_CONTEXT(2) 
PARAMETRIC_REPRESENTATION_CONTEXT() REPRESENTATION_CONTEXT('2D SPACE',''
  ) );
#4803 = ADVANCED_FACE('',(#4804),#2518,.F.);
#4804 = FACE_BOUND('',#4805,.T.);
#4805 = EDGE_LOOP('',(#4806,#4827,#4828,#4829));
#4806 = ORIENTED_EDGE('',*,*,#4807,.T.);
#4807 = EDGE_CURVE('',#3883,#3990,#4808,.T.);
#4808 = SURFACE_CURVE('',#4809,(#4813,#4820),.PCURVE_S1.);
#4809 = LINE('',#4810,#4811);
#4810 = CARTESIAN_POINT('',(46.5,84.,-30.));
#4811 = VECTOR('',#4812,1.);
#4812 = DIRECTION('',(-1.,0.,0.));
#4813 = PCURVE('',#2518,#4814);
#4814 = DEFINITIONAL_REPRESENTATION('',(#4815),#4819);
#4815 = LINE('',#4816,#4817);
#4816 = CARTESIAN_POINT('',(0.,30.));
#4817 = VECTOR('',#4818,1.);
#4818 = DIRECTION('',(-1.,0.));
#4819 = ( GEOMETRIC_REPRESENTATION_CONTEXT(2) 
PARAMETRIC_REPRESENTATION_CONTEXT() REPRESENTATION_CONTEXT('2D SPACE',''
  ) );
#4820 = PCURVE('',#3920,#4821);
#4821 = DEFINITIONAL_REPRESENTATION('',(#4822),#4826);
#4822 = LINE('',#4823,#4824);
#4823 = CARTESIAN_POINT('',(0.,69.));
#4824 = VECTOR('',#4825,1.);
#4825 = DIRECTION('',(-1.,0.));
#4826 = ( GEOMETRIC_REPRESENTATION_CONTEXT(2) 
PARAMETRIC_REPRESENTATION_CONTEXT() REPRESENTATION_CONTEXT('2D SPACE',''
  ) );
#4827 = ORIENTED_EDGE('',*,*,#3989,.T.);
#4828 = ORIENTED_EDGE('',*,*,#2502,.F.);
#4829 = ORIENTED_EDGE('',*,*,#3882,.F.);
#4830 = ADVANCED_FACE('',(#4831),#2691,.F.);
#4831 = FACE_BOUND('',#4832,.T.);
#4832 = EDGE_LOOP('',(#4833,#4834,#4857,#4885));
#4833 = ORIENTED_EDGE('',*,*,#2673,.F.);
#4834 = ORIENTED_EDGE('',*,*,#4835,.T.);
#4835 = EDGE_CURVE('',#2674,#4836,#4838,.T.);
#4836 = VERTEX_POINT('',#4837);
#4837 = CARTESIAN_POINT('',(121.99999989546,40.001371714289,-32.));
#4838 = SURFACE_CURVE('',#4839,(#4843,#4850),.PCURVE_S1.);
#4839 = LINE('',#4840,#4841);
#4840 = CARTESIAN_POINT('',(121.99999989546,40.001371714289,-42.));
#4841 = VECTOR('',#4842,1.);
#4842 = DIRECTION('',(0.,0.,1.));
#4843 = PCURVE('',#2691,#4844);
#4844 = DEFINITIONAL_REPRESENTATION('',(#4845),#4849);
#4845 = LINE('',#4846,#4847);
#4846 = CARTESIAN_POINT('',(0.,0.));
#4847 = VECTOR('',#4848,1.);
#4848 = DIRECTION('',(0.,1.));
#4849 = ( GEOMETRIC_REPRESENTATION_CONTEXT(2) 
PARAMETRIC_REPRESENTATION_CONTEXT() REPRESENTATION_CONTEXT('2D SPACE',''
  ) );
#4850 = PCURVE('',#2783,#4851);
#4851 = DEFINITIONAL_REPRESENTATION('',(#4852),#4856);
#4852 = LINE('',#4853,#4854);
#4853 = CARTESIAN_POINT('',(7.854057840324,0.));
#4854 = VECTOR('',#4855,1.);
#4855 = DIRECTION('',(0.,1.));
#4856 = ( GEOMETRIC_REPRESENTATION_CONTEXT(2) 
PARAMETRIC_REPRESENTATION_CONTEXT() REPRESENTATION_CONTEXT('2D SPACE',''
  ) );
#4857 = ORIENTED_EDGE('',*,*,#4858,.T.);
#4858 = EDGE_CURVE('',#4836,#4859,#4861,.T.);
#4859 = VERTEX_POINT('',#4860);
#4860 = CARTESIAN_POINT('',(122.,70.,-32.));
#4861 = SURFACE_CURVE('',#4862,(#4866,#4873),.PCURVE_S1.);
#4862 = LINE('',#4863,#4864);
#4863 = CARTESIAN_POINT('',(122.,70.,-32.));
#4864 = VECTOR('',#4865,1.);
#4865 = DIRECTION('',(3.484604062121E-09,1.,0.));
#4866 = PCURVE('',#2691,#4867);
#4867 = DEFINITIONAL_REPRESENTATION('',(#4868),#4872);
#4868 = LINE('',#4869,#4870);
#4869 = CARTESIAN_POINT('',(29.998628285711,10.));
#4870 = VECTOR('',#4871,1.);
#4871 = DIRECTION('',(1.,0.));
#4872 = ( GEOMETRIC_REPRESENTATION_CONTEXT(2) 
PARAMETRIC_REPRESENTATION_CONTEXT() REPRESENTATION_CONTEXT('2D SPACE',''
  ) );
#4873 = PCURVE('',#4874,#4879);
#4874 = PLANE('',#4875);
#4875 = AXIS2_PLACEMENT_3D('',#4876,#4877,#4878);
#4876 = CARTESIAN_POINT('',(113.,55.,-32.));
#4877 = DIRECTION('',(0.,0.,-1.));
#4878 = DIRECTION('',(-1.,0.,0.));
#4879 = DEFINITIONAL_REPRESENTATION('',(#4880),#4884);
#4880 = LINE('',#4881,#4882);
#4881 = CARTESIAN_POINT('',(-9.,15.));
#4882 = VECTOR('',#4883,1.);
#4883 = DIRECTION('',(-3.484604062121E-09,1.));
#4884 = ( GEOMETRIC_REPRESENTATION_CONTEXT(2) 
PARAMETRIC_REPRESENTATION_CONTEXT() REPRESENTATION_CONTEXT('2D SPACE',''
  ) );
#4885 = ORIENTED_EDGE('',*,*,#4886,.F.);
#4886 = EDGE_CURVE('',#2676,#4859,#4887,.T.);
#4887 = SURFACE_CURVE('',#4888,(#4892,#4899),.PCURVE_S1.);
#4888 = LINE('',#4889,#4890);
#4889 = CARTESIAN_POINT('',(122.,70.,-42.));
#4890 = VECTOR('',#4891,1.);
#4891 = DIRECTION('',(0.,0.,1.));
#4892 = PCURVE('',#2691,#4893);
#4893 = DEFINITIONAL_REPRESENTATION('',(#4894),#4898);
#4894 = LINE('',#4895,#4896);
#4895 = CARTESIAN_POINT('',(29.998628285711,0.));
#4896 = VECTOR('',#4897,1.);
#4897 = DIRECTION('',(0.,1.));
#4898 = ( GEOMETRIC_REPRESENTATION_CONTEXT(2) 
PARAMETRIC_REPRESENTATION_CONTEXT() REPRESENTATION_CONTEXT('2D SPACE',''
  ) );
#4899 = PCURVE('',#2724,#4900);
#4900 = DEFINITIONAL_REPRESENTATION('',(#4901),#4905);
#4901 = LINE('',#4902,#4903);
#4902 = CARTESIAN_POINT('',(3.14159265359,0.));
#4903 = VECTOR('',#4904,1.);
#4904 = DIRECTION('',(0.,1.));
#4905 = ( GEOMETRIC_REPRESENTATION_CONTEXT(2) 
PARAMETRIC_REPRESENTATION_CONTEXT() REPRESENTATION_CONTEXT('2D SPACE',''
  ) );
#4906 = ADVANCED_FACE('',(#4907),#2783,.F.);
#4907 = FACE_BOUND('',#4908,.F.);
#4908 = EDGE_LOOP('',(#4909,#4910,#4938,#4959));
#4909 = ORIENTED_EDGE('',*,*,#4835,.T.);
#4910 = ORIENTED_EDGE('',*,*,#4911,.F.);
#4911 = EDGE_CURVE('',#4912,#4836,#4914,.T.);
#4912 = VERTEX_POINT('',#4913);
#4913 = CARTESIAN_POINT('',(104.,40.,-32.));
#4914 = SURFACE_CURVE('',#4915,(#4920,#4927),.PCURVE_S1.);
#4915 = CIRCLE('',#4916,9.);
#4916 = AXIS2_PLACEMENT_3D('',#4917,#4918,#4919);
#4917 = CARTESIAN_POINT('',(113.,40.,-32.));
#4918 = DIRECTION('',(0.,0.,1.));
#4919 = DIRECTION('',(0.999999988385,1.524126987783E-04,-0.));
#4920 = PCURVE('',#2783,#4921);
#4921 = DEFINITIONAL_REPRESENTATION('',(#4922),#4926);
#4922 = LINE('',#4923,#4924);
#4923 = CARTESIAN_POINT('',(1.570872533145,10.));
#4924 = VECTOR('',#4925,1.);
#4925 = DIRECTION('',(1.,0.));
#4926 = ( GEOMETRIC_REPRESENTATION_CONTEXT(2) 
PARAMETRIC_REPRESENTATION_CONTEXT() REPRESENTATION_CONTEXT('2D SPACE',''
  ) );
#4927 = PCURVE('',#4874,#4928);
#4928 = DEFINITIONAL_REPRESENTATION('',(#4929),#4937);
#4929 = ( BOUNDED_CURVE() B_SPLINE_CURVE(2,(#4930,#4931,#4932,#4933,
#4934,#4935,#4936),.UNSPECIFIED.,.T.,.F.) B_SPLINE_CURVE_WITH_KNOTS((1,2
    ,2,2,2,1),(-2.094395102393,0.,2.094395102393,4.188790204786,
6.28318530718,8.377580409573),.UNSPECIFIED.) CURVE() 
GEOMETRIC_REPRESENTATION_ITEM() RATIONAL_B_SPLINE_CURVE((1.,0.5,1.,0.5,
1.,0.5,1.)) REPRESENTATION_ITEM('') );
#4930 = CARTESIAN_POINT('',(-8.999999895467,-14.99862828571));
#4931 = CARTESIAN_POINT('',(-8.997624016625,0.589828801352));
#4932 = CARTESIAN_POINT('',(4.501187887154,-7.206457313613));
#4933 = CARTESIAN_POINT('',(17.999999790933,-15.00274342857));
#4934 = CARTESIAN_POINT('',(4.498812008312,-22.79491440067));
#4935 = CARTESIAN_POINT('',(-9.002375774309,-30.58708537277));
#4936 = CARTESIAN_POINT('',(-8.999999895467,-14.99862828571));
#4937 = ( GEOMETRIC_REPRESENTATION_CONTEXT(2) 
PARAMETRIC_REPRESENTATION_CONTEXT() REPRESENTATION_CONTEXT('2D SPACE',''
  ) );
#4938 = ORIENTED_EDGE('',*,*,#4939,.F.);
#4939 = EDGE_CURVE('',#2737,#4912,#4940,.T.);
#4940 = SURFACE_CURVE('',#4941,(#4945,#4952),.PCURVE_S1.);
#4941 = LINE('',#4942,#4943);
#4942 = CARTESIAN_POINT('',(104.,40.,-42.));
#4943 = VECTOR('',#4944,1.);
#4944 = DIRECTION('',(0.,0.,1.));
#4945 = PCURVE('',#2783,#4946);
#4946 = DEFINITIONAL_REPRESENTATION('',(#4947),#4951);
#4947 = LINE('',#4948,#4949);
#4948 = CARTESIAN_POINT('',(4.712312774035,0.));
#4949 = VECTOR('',#4950,1.);
#4950 = DIRECTION('',(0.,1.));
#4951 = ( GEOMETRIC_REPRESENTATION_CONTEXT(2) 
PARAMETRIC_REPRESENTATION_CONTEXT() REPRESENTATION_CONTEXT('2D SPACE',''
  ) );
#4952 = PCURVE('',#2752,#4953);
#4953 = DEFINITIONAL_REPRESENTATION('',(#4954),#4958);
#4954 = LINE('',#4955,#4956);
#4955 = CARTESIAN_POINT('',(30.,0.));
#4956 = VECTOR('',#4957,1.);
#4957 = DIRECTION('',(0.,1.));
#4958 = ( GEOMETRIC_REPRESENTATION_CONTEXT(2) 
PARAMETRIC_REPRESENTATION_CONTEXT() REPRESENTATION_CONTEXT('2D SPACE',''
  ) );
#4959 = ORIENTED_EDGE('',*,*,#2764,.T.);
#4960 = ADVANCED_FACE('',(#4961),#2724,.F.);
#4961 = FACE_BOUND('',#4962,.F.);
#4962 = EDGE_LOOP('',(#4963,#4986,#5012,#5013));
#4963 = ORIENTED_EDGE('',*,*,#4964,.T.);
#4964 = EDGE_CURVE('',#2704,#4965,#4967,.T.);
#4965 = VERTEX_POINT('',#4966);
#4966 = CARTESIAN_POINT('',(104.,70.,-32.));
#4967 = SURFACE_CURVE('',#4968,(#4972,#4979),.PCURVE_S1.);
#4968 = LINE('',#4969,#4970);
#4969 = CARTESIAN_POINT('',(104.,70.,-42.));
#4970 = VECTOR('',#4971,1.);
#4971 = DIRECTION('',(0.,0.,1.));
#4972 = PCURVE('',#2724,#4973);
#4973 = DEFINITIONAL_REPRESENTATION('',(#4974),#4978);
#4974 = LINE('',#4975,#4976);
#4975 = CARTESIAN_POINT('',(6.28318530718,0.));
#4976 = VECTOR('',#4977,1.);
#4977 = DIRECTION('',(0.,1.));
#4978 = ( GEOMETRIC_REPRESENTATION_CONTEXT(2) 
PARAMETRIC_REPRESENTATION_CONTEXT() REPRESENTATION_CONTEXT('2D SPACE',''
  ) );
#4979 = PCURVE('',#2752,#4980);
#4980 = DEFINITIONAL_REPRESENTATION('',(#4981),#4985);
#4981 = LINE('',#4982,#4983);
#4982 = CARTESIAN_POINT('',(0.,0.));
#4983 = VECTOR('',#4984,1.);
#4984 = DIRECTION('',(0.,1.));
#4985 = ( GEOMETRIC_REPRESENTATION_CONTEXT(2) 
PARAMETRIC_REPRESENTATION_CONTEXT() REPRESENTATION_CONTEXT('2D SPACE',''
  ) );
#4986 = ORIENTED_EDGE('',*,*,#4987,.F.);
#4987 = EDGE_CURVE('',#4859,#4965,#4988,.T.);
#4988 = SURFACE_CURVE('',#4989,(#4994,#5001),.PCURVE_S1.);
#4989 = CIRCLE('',#4990,9.);
#4990 = AXIS2_PLACEMENT_3D('',#4991,#4992,#4993);
#4991 = CARTESIAN_POINT('',(113.,70.,-32.));
#4992 = DIRECTION('',(0.,0.,1.));
#4993 = DIRECTION('',(-1.,0.,0.));
#4994 = PCURVE('',#2724,#4995);
#4995 = DEFINITIONAL_REPRESENTATION('',(#4996),#5000);
#4996 = LINE('',#4997,#4998);
#4997 = CARTESIAN_POINT('',(0.,10.));
#4998 = VECTOR('',#4999,1.);
#4999 = DIRECTION('',(1.,0.));
#5000 = ( GEOMETRIC_REPRESENTATION_CONTEXT(2) 
PARAMETRIC_REPRESENTATION_CONTEXT() REPRESENTATION_CONTEXT('2D SPACE',''
  ) );
#5001 = PCURVE('',#4874,#5002);
#5002 = DEFINITIONAL_REPRESENTATION('',(#5003),#5011);
#5003 = ( BOUNDED_CURVE() B_SPLINE_CURVE(2,(#5004,#5005,#5006,#5007,
#5008,#5009,#5010),.UNSPECIFIED.,.T.,.F.) B_SPLINE_CURVE_WITH_KNOTS((1,2
    ,2,2,2,1),(-2.094395102393,0.,2.094395102393,4.188790204786,
6.28318530718,8.377580409573),.UNSPECIFIED.) CURVE() 
GEOMETRIC_REPRESENTATION_ITEM() RATIONAL_B_SPLINE_CURVE((1.,0.5,1.,0.5,
1.,0.5,1.)) REPRESENTATION_ITEM('') );
#5004 = CARTESIAN_POINT('',(9.,15.));
#5005 = CARTESIAN_POINT('',(9.,-0.58845726812));
#5006 = CARTESIAN_POINT('',(-4.5,7.20577136594));
#5007 = CARTESIAN_POINT('',(-18.,15.));
#5008 = CARTESIAN_POINT('',(-4.5,22.79422863406));
#5009 = CARTESIAN_POINT('',(9.,30.58845726812));
#5010 = CARTESIAN_POINT('',(9.,15.));
#5011 = ( GEOMETRIC_REPRESENTATION_CONTEXT(2) 
PARAMETRIC_REPRESENTATION_CONTEXT() REPRESENTATION_CONTEXT('2D SPACE',''
  ) );
#5012 = ORIENTED_EDGE('',*,*,#4886,.F.);
#5013 = ORIENTED_EDGE('',*,*,#2703,.T.);
#5014 = ADVANCED_FACE('',(#5015),#2752,.F.);
#5015 = FACE_BOUND('',#5016,.T.);
#5016 = EDGE_LOOP('',(#5017,#5018,#5019,#5040));
#5017 = ORIENTED_EDGE('',*,*,#2736,.F.);
#5018 = ORIENTED_EDGE('',*,*,#4964,.T.);
#5019 = ORIENTED_EDGE('',*,*,#5020,.T.);
#5020 = EDGE_CURVE('',#4965,#4912,#5021,.T.);
#5021 = SURFACE_CURVE('',#5022,(#5026,#5033),.PCURVE_S1.);
#5022 = LINE('',#5023,#5024);
#5023 = CARTESIAN_POINT('',(104.,70.,-32.));
#5024 = VECTOR('',#5025,1.);
#5025 = DIRECTION('',(0.,-1.,0.));
#5026 = PCURVE('',#2752,#5027);
#5027 = DEFINITIONAL_REPRESENTATION('',(#5028),#5032);
#5028 = LINE('',#5029,#5030);
#5029 = CARTESIAN_POINT('',(0.,10.));
#5030 = VECTOR('',#5031,1.);
#5031 = DIRECTION('',(1.,0.));
#5032 = ( GEOMETRIC_REPRESENTATION_CONTEXT(2) 
PARAMETRIC_REPRESENTATION_CONTEXT() REPRESENTATION_CONTEXT('2D SPACE',''
  ) );
#5033 = PCURVE('',#4874,#5034);
#5034 = DEFINITIONAL_REPRESENTATION('',(#5035),#5039);
#5035 = LINE('',#5036,#5037);
#5036 = CARTESIAN_POINT('',(9.,15.));
#5037 = VECTOR('',#5038,1.);
#5038 = DIRECTION('',(0.,-1.));
#5039 = ( GEOMETRIC_REPRESENTATION_CONTEXT(2) 
PARAMETRIC_REPRESENTATION_CONTEXT() REPRESENTATION_CONTEXT('2D SPACE',''
  ) );
#5040 = ORIENTED_EDGE('',*,*,#4939,.F.);
#5041 = ADVANCED_FACE('',(#5042),#2943,.T.);
#5042 = FACE_BOUND('',#5043,.T.);
#5043 = EDGE_LOOP('',(#5044,#5065,#5066,#5067));
#5044 = ORIENTED_EDGE('',*,*,#5045,.T.);
#5045 = EDGE_CURVE('',#2879,#4688,#5046,.T.);
#5046 = SURFACE_CURVE('',#5047,(#5051,#5058),.PCURVE_S1.);
#5047 = LINE('',#5048,#5049);
#5048 = CARTESIAN_POINT('',(43.5,162.,-31.5));
#5049 = VECTOR('',#5050,1.);
#5050 = DIRECTION('',(1.057355261548E-16,0.,-1.));
#5051 = PCURVE('',#2943,#5052);
#5052 = DEFINITIONAL_REPRESENTATION('',(#5053),#5057);
#5053 = LINE('',#5054,#5055);
#5054 = CARTESIAN_POINT('',(5.497787143782,0.));
#5055 = VECTOR('',#5056,1.);
#5056 = DIRECTION('',(0.,-1.));
#5057 = ( GEOMETRIC_REPRESENTATION_CONTEXT(2) 
PARAMETRIC_REPRESENTATION_CONTEXT() REPRESENTATION_CONTEXT('2D SPACE',''
  ) );
#5058 = PCURVE('',#2894,#5059);
#5059 = DEFINITIONAL_REPRESENTATION('',(#5060),#5064);
#5060 = LINE('',#5061,#5062);
#5061 = CARTESIAN_POINT('',(-10.5,-24.));
#5062 = VECTOR('',#5063,1.);
#5063 = DIRECTION('',(-1.,1.057355261548E-16));
#5064 = ( GEOMETRIC_REPRESENTATION_CONTEXT(2) 
PARAMETRIC_REPRESENTATION_CONTEXT() REPRESENTATION_CONTEXT('2D SPACE',''
  ) );
#5065 = ORIENTED_EDGE('',*,*,#4687,.T.);
#5066 = ORIENTED_EDGE('',*,*,#4064,.T.);
#5067 = ORIENTED_EDGE('',*,*,#2906,.F.);
#5068 = ADVANCED_FACE('',(#5069),#2894,.T.);
#5069 = FACE_BOUND('',#5070,.T.);
#5070 = EDGE_LOOP('',(#5071,#5092,#5093,#5094));
#5071 = ORIENTED_EDGE('',*,*,#5072,.T.);
#5072 = EDGE_CURVE('',#2850,#4756,#5073,.T.);
#5073 = SURFACE_CURVE('',#5074,(#5078,#5085),.PCURVE_S1.);
#5074 = LINE('',#5075,#5076);
#5075 = CARTESIAN_POINT('',(47.41,162.,-43.));
#5076 = VECTOR('',#5077,1.);
#5077 = DIRECTION('',(-0.,0.,-1.));
#5078 = PCURVE('',#2894,#5079);
#5079 = DEFINITIONAL_REPRESENTATION('',(#5080),#5084);
#5080 = LINE('',#5081,#5082);
#5081 = CARTESIAN_POINT('',(-22.,-20.09));
#5082 = VECTOR('',#5083,1.);
#5083 = DIRECTION('',(-1.,0.));
#5084 = ( GEOMETRIC_REPRESENTATION_CONTEXT(2) 
PARAMETRIC_REPRESENTATION_CONTEXT() REPRESENTATION_CONTEXT('2D SPACE',''
  ) );
#5085 = PCURVE('',#2866,#5086);
#5086 = DEFINITIONAL_REPRESENTATION('',(#5087),#5091);
#5087 = LINE('',#5088,#5089);
#5088 = CARTESIAN_POINT('',(9.,-22.));
#5089 = VECTOR('',#5090,1.);
#5090 = DIRECTION('',(-0.,1.));
#5091 = ( GEOMETRIC_REPRESENTATION_CONTEXT(2) 
PARAMETRIC_REPRESENTATION_CONTEXT() REPRESENTATION_CONTEXT('2D SPACE',''
  ) );
#5092 = ORIENTED_EDGE('',*,*,#4755,.F.);
#5093 = ORIENTED_EDGE('',*,*,#5045,.F.);
#5094 = ORIENTED_EDGE('',*,*,#2878,.F.);
#5095 = ADVANCED_FACE('',(#5096),#2866,.T.);
#5096 = FACE_BOUND('',#5097,.T.);
#5097 = EDGE_LOOP('',(#5098,#5119,#5120,#5121));
#5098 = ORIENTED_EDGE('',*,*,#5099,.F.);
#5099 = EDGE_CURVE('',#4664,#2823,#5100,.T.);
#5100 = SURFACE_CURVE('',#5101,(#5105,#5112),.PCURVE_S1.);
#5101 = LINE('',#5102,#5103);
#5102 = CARTESIAN_POINT('',(47.41,161.,-65.));
#5103 = VECTOR('',#5104,1.);
#5104 = DIRECTION('',(0.,0.,1.));
#5105 = PCURVE('',#2866,#5106);
#5106 = DEFINITIONAL_REPRESENTATION('',(#5107),#5111);
#5107 = LINE('',#5108,#5109);
#5108 = CARTESIAN_POINT('',(10.,0.));
#5109 = VECTOR('',#5110,1.);
#5110 = DIRECTION('',(0.,-1.));
#5111 = ( GEOMETRIC_REPRESENTATION_CONTEXT(2) 
PARAMETRIC_REPRESENTATION_CONTEXT() REPRESENTATION_CONTEXT('2D SPACE',''
  ) );
#5112 = PCURVE('',#2837,#5113);
#5113 = DEFINITIONAL_REPRESENTATION('',(#5114),#5118);
#5114 = LINE('',#5115,#5116);
#5115 = CARTESIAN_POINT('',(0.,0.));
#5116 = VECTOR('',#5117,1.);
#5117 = DIRECTION('',(0.,-1.));
#5118 = ( GEOMETRIC_REPRESENTATION_CONTEXT(2) 
PARAMETRIC_REPRESENTATION_CONTEXT() REPRESENTATION_CONTEXT('2D SPACE',''
  ) );
#5119 = ORIENTED_EDGE('',*,*,#4778,.F.);
#5120 = ORIENTED_EDGE('',*,*,#5072,.F.);
#5121 = ORIENTED_EDGE('',*,*,#2849,.T.);
#5122 = ADVANCED_FACE('',(#5123),#2837,.T.);
#5123 = FACE_BOUND('',#5124,.T.);
#5124 = EDGE_LOOP('',(#5125,#5126,#5127,#5128));
#5125 = ORIENTED_EDGE('',*,*,#3031,.T.);
#5126 = ORIENTED_EDGE('',*,*,#4663,.T.);
#5127 = ORIENTED_EDGE('',*,*,#5099,.T.);
#5128 = ORIENTED_EDGE('',*,*,#2822,.T.);
#5129 = ADVANCED_FACE('',(#5130,#5220),#3102,.F.);
#5130 = FACE_BOUND('',#5131,.F.);
#5131 = EDGE_LOOP('',(#5132,#5165,#5188,#5219));
#5132 = ORIENTED_EDGE('',*,*,#5133,.T.);
#5133 = EDGE_CURVE('',#5134,#5134,#5136,.T.);
#5134 = VERTEX_POINT('',#5135);
#5135 = CARTESIAN_POINT('',(74.5175,180.,-21.));
#5136 = SURFACE_CURVE('',#5137,(#5142,#5149),.PCURVE_S1.);
#5137 = CIRCLE('',#5138,7.0175);
#5138 = AXIS2_PLACEMENT_3D('',#5139,#5140,#5141);
#5139 = CARTESIAN_POINT('',(67.5,180.,-21.));
#5140 = DIRECTION('',(0.,-1.,0.));
#5141 = DIRECTION('',(-1.,0.,0.));
#5142 = PCURVE('',#3102,#5143);
#5143 = DEFINITIONAL_REPRESENTATION('',(#5144),#5148);
#5144 = LINE('',#5145,#5146);
#5145 = CARTESIAN_POINT('',(0.,-18.));
#5146 = VECTOR('',#5147,1.);
#5147 = DIRECTION('',(1.,0.));
#5148 = ( GEOMETRIC_REPRESENTATION_CONTEXT(2) 
PARAMETRIC_REPRESENTATION_CONTEXT() REPRESENTATION_CONTEXT('2D SPACE',''
  ) );
#5149 = PCURVE('',#5150,#5155);
#5150 = PLANE('',#5151);
#5151 = AXIS2_PLACEMENT_3D('',#5152,#5153,#5154);
#5152 = CARTESIAN_POINT('',(67.5,180.,-21.));
#5153 = DIRECTION('',(0.,1.,0.));
#5154 = DIRECTION('',(-1.,0.,0.));
#5155 = DEFINITIONAL_REPRESENTATION('',(#5156),#5164);
#5156 = ( BOUNDED_CURVE() B_SPLINE_CURVE(2,(#5157,#5158,#5159,#5160,
#5161,#5162,#5163),.UNSPECIFIED.,.T.,.F.) B_SPLINE_CURVE_WITH_KNOTS((1,2
    ,2,2,2,1),(-2.094395102393,0.,2.094395102393,4.188790204786,
6.28318530718,8.377580409573),.UNSPECIFIED.) CURVE() 
GEOMETRIC_REPRESENTATION_ITEM() RATIONAL_B_SPLINE_CURVE((1.,0.5,1.,0.5,
1.,0.5,1.)) REPRESENTATION_ITEM('') );
#5157 = CARTESIAN_POINT('',(7.0175,0.));
#5158 = CARTESIAN_POINT('',(7.0175,-12.15466654211));
#5159 = CARTESIAN_POINT('',(-3.50875,-6.077333271057));
#5160 = CARTESIAN_POINT('',(-14.035,-1.718791782603E-15));
#5161 = CARTESIAN_POINT('',(-3.50875,6.077333271057));
#5162 = CARTESIAN_POINT('',(7.0175,12.154666542115));
#5163 = CARTESIAN_POINT('',(7.0175,0.));
#5164 = ( GEOMETRIC_REPRESENTATION_CONTEXT(2) 
PARAMETRIC_REPRESENTATION_CONTEXT() REPRESENTATION_CONTEXT('2D SPACE',''
  ) );
#5165 = ORIENTED_EDGE('',*,*,#5166,.T.);
#5166 = EDGE_CURVE('',#5134,#5167,#5169,.T.);
#5167 = VERTEX_POINT('',#5168);
#5168 = CARTESIAN_POINT('',(74.5175,153.,-21.));
#5169 = SEAM_CURVE('',#5170,(#5174,#5181),.PCURVE_S1.);
#5170 = LINE('',#5171,#5172);
#5171 = CARTESIAN_POINT('',(74.5175,162.,-21.));
#5172 = VECTOR('',#5173,1.);
#5173 = DIRECTION('',(0.,-1.,0.));
#5174 = PCURVE('',#3102,#5175);
#5175 = DEFINITIONAL_REPRESENTATION('',(#5176),#5180);
#5176 = LINE('',#5177,#5178);
#5177 = CARTESIAN_POINT('',(3.141592653589,0.));
#5178 = VECTOR('',#5179,1.);
#5179 = DIRECTION('',(0.,1.));
#5180 = ( GEOMETRIC_REPRESENTATION_CONTEXT(2) 
PARAMETRIC_REPRESENTATION_CONTEXT() REPRESENTATION_CONTEXT('2D SPACE',''
  ) );
#5181 = PCURVE('',#3102,#5182);
#5182 = DEFINITIONAL_REPRESENTATION('',(#5183),#5187);
#5183 = LINE('',#5184,#5185);
#5184 = CARTESIAN_POINT('',(9.42477796077,0.));
#5185 = VECTOR('',#5186,1.);
#5186 = DIRECTION('',(0.,1.));
#5187 = ( GEOMETRIC_REPRESENTATION_CONTEXT(2) 
PARAMETRIC_REPRESENTATION_CONTEXT() REPRESENTATION_CONTEXT('2D SPACE',''
  ) );
#5188 = ORIENTED_EDGE('',*,*,#5189,.F.);
#5189 = EDGE_CURVE('',#5167,#5167,#5190,.T.);
#5190 = SURFACE_CURVE('',#5191,(#5196,#5203),.PCURVE_S1.);
#5191 = CIRCLE('',#5192,7.0175);
#5192 = AXIS2_PLACEMENT_3D('',#5193,#5194,#5195);
#5193 = CARTESIAN_POINT('',(67.5,153.,-21.));
#5194 = DIRECTION('',(0.,-1.,0.));
#5195 = DIRECTION('',(-1.,0.,0.));
#5196 = PCURVE('',#3102,#5197);
#5197 = DEFINITIONAL_REPRESENTATION('',(#5198),#5202);
#5198 = LINE('',#5199,#5200);
#5199 = CARTESIAN_POINT('',(0.,9.));
#5200 = VECTOR('',#5201,1.);
#5201 = DIRECTION('',(1.,0.));
#5202 = ( GEOMETRIC_REPRESENTATION_CONTEXT(2) 
PARAMETRIC_REPRESENTATION_CONTEXT() REPRESENTATION_CONTEXT('2D SPACE',''
  ) );
#5203 = PCURVE('',#5204,#5209);
#5204 = PLANE('',#5205);
#5205 = AXIS2_PLACEMENT_3D('',#5206,#5207,#5208);
#5206 = CARTESIAN_POINT('',(67.5,153.,-21.));
#5207 = DIRECTION('',(0.,1.,0.));
#5208 = DIRECTION('',(-1.,0.,0.));
#5209 = DEFINITIONAL_REPRESENTATION('',(#5210),#5218);
#5210 = ( BOUNDED_CURVE() B_SPLINE_CURVE(2,(#5211,#5212,#5213,#5214,
#5215,#5216,#5217),.UNSPECIFIED.,.T.,.F.) B_SPLINE_CURVE_WITH_KNOTS((1,2
    ,2,2,2,1),(-2.094395102393,0.,2.094395102393,4.188790204786,
6.28318530718,8.377580409573),.UNSPECIFIED.) CURVE() 
GEOMETRIC_REPRESENTATION_ITEM() RATIONAL_B_SPLINE_CURVE((1.,0.5,1.,0.5,
1.,0.5,1.)) REPRESENTATION_ITEM('') );
#5211 = CARTESIAN_POINT('',(7.0175,0.));
#5212 = CARTESIAN_POINT('',(7.0175,-12.15466654211));
#5213 = CARTESIAN_POINT('',(-3.50875,-6.077333271057));
#5214 = CARTESIAN_POINT('',(-14.035,-1.718791782603E-15));
#5215 = CARTESIAN_POINT('',(-3.50875,6.077333271057));
#5216 = CARTESIAN_POINT('',(7.0175,12.154666542115));
#5217 = CARTESIAN_POINT('',(7.0175,0.));
#5218 = ( GEOMETRIC_REPRESENTATION_CONTEXT(2) 
PARAMETRIC_REPRESENTATION_CONTEXT() REPRESENTATION_CONTEXT('2D SPACE',''
  ) );
#5219 = ORIENTED_EDGE('',*,*,#5166,.F.);
#5220 = FACE_BOUND('',#5221,.F.);
#5221 = EDGE_LOOP('',(#5222,#5253,#5275,#5301,#5302,#5303,#5304,#5332,
    #5354,#5383,#5409,#5438));
#5222 = ORIENTED_EDGE('',*,*,#5223,.F.);
#5223 = EDGE_CURVE('',#5224,#5226,#5228,.T.);
#5224 = VERTEX_POINT('',#5225);
#5225 = CARTESIAN_POINT('',(71.41,171.,-15.17271879432));
#5226 = VERTEX_POINT('',#5227);
#5227 = CARTESIAN_POINT('',(63.41,171.,-15.29761398623));
#5228 = SURFACE_CURVE('',#5229,(#5234,#5241),.PCURVE_S1.);
#5229 = CIRCLE('',#5230,7.0175);
#5230 = AXIS2_PLACEMENT_3D('',#5231,#5232,#5233);
#5231 = CARTESIAN_POINT('',(67.5,171.,-21.));
#5232 = DIRECTION('',(0.,-1.,0.));
#5233 = DIRECTION('',(-1.,0.,0.));
#5234 = PCURVE('',#3102,#5235);
#5235 = DEFINITIONAL_REPRESENTATION('',(#5236),#5240);
#5236 = LINE('',#5237,#5238);
#5237 = CARTESIAN_POINT('',(-8.881784197001E-16,-9.));
#5238 = VECTOR('',#5239,1.);
#5239 = DIRECTION('',(1.,0.));
#5240 = ( GEOMETRIC_REPRESENTATION_CONTEXT(2) 
PARAMETRIC_REPRESENTATION_CONTEXT() REPRESENTATION_CONTEXT('2D SPACE',''
  ) );
#5241 = PCURVE('',#5242,#5247);
#5242 = PLANE('',#5243);
#5243 = AXIS2_PLACEMENT_3D('',#5244,#5245,#5246);
#5244 = CARTESIAN_POINT('',(71.41,171.,-65.));
#5245 = DIRECTION('',(0.,-1.,0.));
#5246 = DIRECTION('',(-1.,0.,0.));
#5247 = DEFINITIONAL_REPRESENTATION('',(#5248),#5252);
#5248 = CIRCLE('',#5249,7.0175);
#5249 = AXIS2_PLACEMENT_2D('',#5250,#5251);
#5250 = CARTESIAN_POINT('',(3.91,-44.));
#5251 = DIRECTION('',(1.,0.));
#5252 = ( GEOMETRIC_REPRESENTATION_CONTEXT(2) 
PARAMETRIC_REPRESENTATION_CONTEXT() REPRESENTATION_CONTEXT('2D SPACE',''
  ) );
#5253 = ORIENTED_EDGE('',*,*,#5254,.T.);
#5254 = EDGE_CURVE('',#5224,#5255,#5257,.T.);
#5255 = VERTEX_POINT('',#5256);
#5256 = CARTESIAN_POINT('',(71.41,161.,-15.17271879432));
#5257 = SURFACE_CURVE('',#5258,(#5262,#5268),.PCURVE_S1.);
#5258 = LINE('',#5259,#5260);
#5259 = CARTESIAN_POINT('',(71.41,162.,-15.17271879432));
#5260 = VECTOR('',#5261,1.);
#5261 = DIRECTION('',(0.,-1.,0.));
#5262 = PCURVE('',#3102,#5263);
#5263 = DEFINITIONAL_REPRESENTATION('',(#5264),#5267);
#5264 = B_SPLINE_CURVE_WITH_KNOTS('',1,(#5265,#5266),.UNSPECIFIED.,.F.,
  .F.,(2,2),(-10.,2.),.PIECEWISE_BEZIER_KNOTS.);
#5265 = CARTESIAN_POINT('',(4.121404880063,-10.));
#5266 = CARTESIAN_POINT('',(4.121404880063,2.));
#5267 = ( GEOMETRIC_REPRESENTATION_CONTEXT(2) 
PARAMETRIC_REPRESENTATION_CONTEXT() REPRESENTATION_CONTEXT('2D SPACE',''
  ) );
#5268 = PCURVE('',#3308,#5269);
#5269 = DEFINITIONAL_REPRESENTATION('',(#5270),#5274);
#5270 = LINE('',#5271,#5272);
#5271 = CARTESIAN_POINT('',(1.,-49.82728120568));
#5272 = VECTOR('',#5273,1.);
#5273 = DIRECTION('',(-1.,0.));
#5274 = ( GEOMETRIC_REPRESENTATION_CONTEXT(2) 
PARAMETRIC_REPRESENTATION_CONTEXT() REPRESENTATION_CONTEXT('2D SPACE',''
  ) );
#5275 = ORIENTED_EDGE('',*,*,#5276,.T.);
#5276 = EDGE_CURVE('',#5255,#3139,#5277,.T.);
#5277 = SURFACE_CURVE('',#5278,(#5283,#5290),.PCURVE_S1.);
#5278 = CIRCLE('',#5279,7.0175);
#5279 = AXIS2_PLACEMENT_3D('',#5280,#5281,#5282);
#5280 = CARTESIAN_POINT('',(67.5,161.,-21.));
#5281 = DIRECTION('',(0.,-1.,0.));
#5282 = DIRECTION('',(-1.,0.,0.));
#5283 = PCURVE('',#3102,#5284);
#5284 = DEFINITIONAL_REPRESENTATION('',(#5285),#5289);
#5285 = LINE('',#5286,#5287);
#5286 = CARTESIAN_POINT('',(-8.881784197001E-16,1.));
#5287 = VECTOR('',#5288,1.);
#5288 = DIRECTION('',(1.,0.));
#5289 = ( GEOMETRIC_REPRESENTATION_CONTEXT(2) 
PARAMETRIC_REPRESENTATION_CONTEXT() REPRESENTATION_CONTEXT('2D SPACE',''
  ) );
#5290 = PCURVE('',#3202,#5291);
#5291 = DEFINITIONAL_REPRESENTATION('',(#5292),#5300);
#5292 = ( BOUNDED_CURVE() B_SPLINE_CURVE(2,(#5293,#5294,#5295,#5296,
#5297,#5298,#5299),.UNSPECIFIED.,.T.,.F.) B_SPLINE_CURVE_WITH_KNOTS((1,2
    ,2,2,2,1),(-2.094395102393,0.,2.094395102393,4.188790204786,
6.28318530718,8.377580409573),.UNSPECIFIED.) CURVE() 
GEOMETRIC_REPRESENTATION_ITEM() RATIONAL_B_SPLINE_CURVE((1.,0.5,1.,0.5,
1.,0.5,1.)) REPRESENTATION_ITEM('') );
#5293 = CARTESIAN_POINT('',(13.0725,-44.));
#5294 = CARTESIAN_POINT('',(13.0725,-31.84533345788));
#5295 = CARTESIAN_POINT('',(23.59875,-37.92266672894));
#5296 = CARTESIAN_POINT('',(34.125,-44.));
#5297 = CARTESIAN_POINT('',(23.59875,-50.07733327105));
#5298 = CARTESIAN_POINT('',(13.0725,-56.15466654211));
#5299 = CARTESIAN_POINT('',(13.0725,-44.));
#5300 = ( GEOMETRIC_REPRESENTATION_CONTEXT(2) 
PARAMETRIC_REPRESENTATION_CONTEXT() REPRESENTATION_CONTEXT('2D SPACE',''
  ) );
#5301 = ORIENTED_EDGE('',*,*,#3138,.T.);
#5302 = ORIENTED_EDGE('',*,*,#3081,.T.);
#5303 = ORIENTED_EDGE('',*,*,#4619,.F.);
#5304 = ORIENTED_EDGE('',*,*,#5305,.T.);
#5305 = EDGE_CURVE('',#4620,#5306,#5308,.T.);
#5306 = VERTEX_POINT('',#5307);
#5307 = CARTESIAN_POINT('',(71.41,161.,-26.82728120567));
#5308 = SURFACE_CURVE('',#5309,(#5314,#5321),.PCURVE_S1.);
#5309 = CIRCLE('',#5310,7.0175);
#5310 = AXIS2_PLACEMENT_3D('',#5311,#5312,#5313);
#5311 = CARTESIAN_POINT('',(67.5,161.,-21.));
#5312 = DIRECTION('',(0.,-1.,0.));
#5313 = DIRECTION('',(-1.,0.,0.));
#5314 = PCURVE('',#3102,#5315);
#5315 = DEFINITIONAL_REPRESENTATION('',(#5316),#5320);
#5316 = LINE('',#5317,#5318);
#5317 = CARTESIAN_POINT('',(-8.881784197001E-16,1.));
#5318 = VECTOR('',#5319,1.);
#5319 = DIRECTION('',(1.,0.));
#5320 = ( GEOMETRIC_REPRESENTATION_CONTEXT(2) 
PARAMETRIC_REPRESENTATION_CONTEXT() REPRESENTATION_CONTEXT('2D SPACE',''
  ) );
#5321 = PCURVE('',#4575,#5322);
#5322 = DEFINITIONAL_REPRESENTATION('',(#5323),#5331);
#5323 = ( BOUNDED_CURVE() B_SPLINE_CURVE(2,(#5324,#5325,#5326,#5327,
#5328,#5329,#5330),.UNSPECIFIED.,.T.,.F.) B_SPLINE_CURVE_WITH_KNOTS((1,2
    ,2,2,2,1),(-2.094395102393,0.,2.094395102393,4.188790204786,
6.28318530718,8.377580409573),.UNSPECIFIED.) CURVE() 
GEOMETRIC_REPRESENTATION_ITEM() RATIONAL_B_SPLINE_CURVE((1.,0.5,1.,0.5,
1.,0.5,1.)) REPRESENTATION_ITEM('') );
#5324 = CARTESIAN_POINT('',(13.0725,-44.));
#5325 = CARTESIAN_POINT('',(13.0725,-31.84533345788));
#5326 = CARTESIAN_POINT('',(23.59875,-37.92266672894));
#5327 = CARTESIAN_POINT('',(34.125,-44.));
#5328 = CARTESIAN_POINT('',(23.59875,-50.07733327105));
#5329 = CARTESIAN_POINT('',(13.0725,-56.15466654211));
#5330 = CARTESIAN_POINT('',(13.0725,-44.));
#5331 = ( GEOMETRIC_REPRESENTATION_CONTEXT(2) 
PARAMETRIC_REPRESENTATION_CONTEXT() REPRESENTATION_CONTEXT('2D SPACE',''
  ) );
#5332 = ORIENTED_EDGE('',*,*,#5333,.F.);
#5333 = EDGE_CURVE('',#5334,#5306,#5336,.T.);
#5334 = VERTEX_POINT('',#5335);
#5335 = CARTESIAN_POINT('',(71.41,171.,-26.82728120567));
#5336 = SURFACE_CURVE('',#5337,(#5341,#5347),.PCURVE_S1.);
#5337 = LINE('',#5338,#5339);
#5338 = CARTESIAN_POINT('',(71.41,162.,-26.82728120567));
#5339 = VECTOR('',#5340,1.);
#5340 = DIRECTION('',(0.,-1.,0.));
#5341 = PCURVE('',#3102,#5342);
#5342 = DEFINITIONAL_REPRESENTATION('',(#5343),#5346);
#5343 = B_SPLINE_CURVE_WITH_KNOTS('',1,(#5344,#5345),.UNSPECIFIED.,.F.,
  .F.,(2,2),(-10.,2.),.PIECEWISE_BEZIER_KNOTS.);
#5344 = CARTESIAN_POINT('',(8.444965734296,-10.));
#5345 = CARTESIAN_POINT('',(8.444965734296,2.));
#5346 = ( GEOMETRIC_REPRESENTATION_CONTEXT(2) 
PARAMETRIC_REPRESENTATION_CONTEXT() REPRESENTATION_CONTEXT('2D SPACE',''
  ) );
#5347 = PCURVE('',#4602,#5348);
#5348 = DEFINITIONAL_REPRESENTATION('',(#5349),#5353);
#5349 = LINE('',#5350,#5351);
#5350 = CARTESIAN_POINT('',(1.,-38.17271879433));
#5351 = VECTOR('',#5352,1.);
#5352 = DIRECTION('',(-1.,0.));
#5353 = ( GEOMETRIC_REPRESENTATION_CONTEXT(2) 
PARAMETRIC_REPRESENTATION_CONTEXT() REPRESENTATION_CONTEXT('2D SPACE',''
  ) );
#5354 = ORIENTED_EDGE('',*,*,#5355,.F.);
#5355 = EDGE_CURVE('',#5356,#5334,#5358,.T.);
#5356 = VERTEX_POINT('',#5357);
#5357 = CARTESIAN_POINT('',(63.41,171.,-26.70238601376));
#5358 = SURFACE_CURVE('',#5359,(#5364,#5371),.PCURVE_S1.);
#5359 = CIRCLE('',#5360,7.0175);
#5360 = AXIS2_PLACEMENT_3D('',#5361,#5362,#5363);
#5361 = CARTESIAN_POINT('',(67.5,171.,-21.));
#5362 = DIRECTION('',(0.,-1.,0.));
#5363 = DIRECTION('',(-1.,0.,0.));
#5364 = PCURVE('',#3102,#5365);
#5365 = DEFINITIONAL_REPRESENTATION('',(#5366),#5370);
#5366 = LINE('',#5367,#5368);
#5367 = CARTESIAN_POINT('',(-8.881784197001E-16,-9.));
#5368 = VECTOR('',#5369,1.);
#5369 = DIRECTION('',(1.,0.));
#5370 = ( GEOMETRIC_REPRESENTATION_CONTEXT(2) 
PARAMETRIC_REPRESENTATION_CONTEXT() REPRESENTATION_CONTEXT('2D SPACE',''
  ) );
#5371 = PCURVE('',#5372,#5377);
#5372 = PLANE('',#5373);
#5373 = AXIS2_PLACEMENT_3D('',#5374,#5375,#5376);
#5374 = CARTESIAN_POINT('',(71.41,171.,-65.));
#5375 = DIRECTION('',(0.,-1.,0.));
#5376 = DIRECTION('',(-1.,0.,0.));
#5377 = DEFINITIONAL_REPRESENTATION('',(#5378),#5382);
#5378 = CIRCLE('',#5379,7.0175);
#5379 = AXIS2_PLACEMENT_2D('',#5380,#5381);
#5380 = CARTESIAN_POINT('',(3.91,-44.));
#5381 = DIRECTION('',(1.,0.));
#5382 = ( GEOMETRIC_REPRESENTATION_CONTEXT(2) 
PARAMETRIC_REPRESENTATION_CONTEXT() REPRESENTATION_CONTEXT('2D SPACE',''
  ) );
#5383 = ORIENTED_EDGE('',*,*,#5384,.F.);
#5384 = EDGE_CURVE('',#5385,#5356,#5387,.T.);
#5385 = VERTEX_POINT('',#5386);
#5386 = CARTESIAN_POINT('',(63.41,178.,-26.70238601376));
#5387 = SURFACE_CURVE('',#5388,(#5392,#5398),.PCURVE_S1.);
#5388 = LINE('',#5389,#5390);
#5389 = CARTESIAN_POINT('',(63.41,162.,-26.70238601376));
#5390 = VECTOR('',#5391,1.);
#5391 = DIRECTION('',(0.,-1.,0.));
#5392 = PCURVE('',#3102,#5393);
#5393 = DEFINITIONAL_REPRESENTATION('',(#5394),#5397);
#5394 = B_SPLINE_CURVE_WITH_KNOTS('',1,(#5395,#5396),.UNSPECIFIED.,.F.,
  .F.,(2,2),(-18.0000006,9.0000006),.PIECEWISE_BEZIER_KNOTS.);
#5395 = CARTESIAN_POINT('',(7.231776272045,-18.0000006));
#5396 = CARTESIAN_POINT('',(7.231776272045,9.0000006));
#5397 = ( GEOMETRIC_REPRESENTATION_CONTEXT(2) 
PARAMETRIC_REPRESENTATION_CONTEXT() REPRESENTATION_CONTEXT('2D SPACE',''
  ) );
#5398 = PCURVE('',#5399,#5404);
#5399 = PLANE('',#5400);
#5400 = AXIS2_PLACEMENT_3D('',#5401,#5402,#5403);
#5401 = CARTESIAN_POINT('',(63.41,154.,-70.));
#5402 = DIRECTION('',(-1.,0.,0.));
#5403 = DIRECTION('',(0.,1.,0.));
#5404 = DEFINITIONAL_REPRESENTATION('',(#5405),#5408);
#5405 = B_SPLINE_CURVE_WITH_KNOTS('',1,(#5406,#5407),.UNSPECIFIED.,.F.,
  .F.,(2,2),(-18.0000006,9.0000006),.PIECEWISE_BEZIER_KNOTS.);
#5406 = CARTESIAN_POINT('',(26.0000006,-43.29761398623));
#5407 = CARTESIAN_POINT('',(-1.0000006,-43.29761398623));
#5408 = ( GEOMETRIC_REPRESENTATION_CONTEXT(2) 
PARAMETRIC_REPRESENTATION_CONTEXT() REPRESENTATION_CONTEXT('2D SPACE',''
  ) );
#5409 = ORIENTED_EDGE('',*,*,#5410,.F.);
#5410 = EDGE_CURVE('',#5411,#5385,#5413,.T.);
#5411 = VERTEX_POINT('',#5412);
#5412 = CARTESIAN_POINT('',(63.41,178.,-15.29761398623));
#5413 = SURFACE_CURVE('',#5414,(#5419,#5426),.PCURVE_S1.);
#5414 = CIRCLE('',#5415,7.0175);
#5415 = AXIS2_PLACEMENT_3D('',#5416,#5417,#5418);
#5416 = CARTESIAN_POINT('',(67.5,178.,-21.));
#5417 = DIRECTION('',(0.,-1.,0.));
#5418 = DIRECTION('',(-1.,0.,0.));
#5419 = PCURVE('',#3102,#5420);
#5420 = DEFINITIONAL_REPRESENTATION('',(#5421),#5425);
#5421 = LINE('',#5422,#5423);
#5422 = CARTESIAN_POINT('',(0.,-16.));
#5423 = VECTOR('',#5424,1.);
#5424 = DIRECTION('',(1.,0.));
#5425 = ( GEOMETRIC_REPRESENTATION_CONTEXT(2) 
PARAMETRIC_REPRESENTATION_CONTEXT() REPRESENTATION_CONTEXT('2D SPACE',''
  ) );
#5426 = PCURVE('',#5427,#5432);
#5427 = PLANE('',#5428);
#5428 = AXIS2_PLACEMENT_3D('',#5429,#5430,#5431);
#5429 = CARTESIAN_POINT('',(63.41,178.,-70.));
#5430 = DIRECTION('',(0.,-1.,0.));
#5431 = DIRECTION('',(-1.,0.,0.));
#5432 = DEFINITIONAL_REPRESENTATION('',(#5433),#5437);
#5433 = CIRCLE('',#5434,7.0175);
#5434 = AXIS2_PLACEMENT_2D('',#5435,#5436);
#5435 = CARTESIAN_POINT('',(-4.09,-49.));
#5436 = DIRECTION('',(1.,0.));
#5437 = ( GEOMETRIC_REPRESENTATION_CONTEXT(2) 
PARAMETRIC_REPRESENTATION_CONTEXT() REPRESENTATION_CONTEXT('2D SPACE',''
  ) );
#5438 = ORIENTED_EDGE('',*,*,#5439,.T.);
#5439 = EDGE_CURVE('',#5411,#5226,#5440,.T.);
#5440 = SURFACE_CURVE('',#5441,(#5445,#5451),.PCURVE_S1.);
#5441 = LINE('',#5442,#5443);
#5442 = CARTESIAN_POINT('',(63.41,162.,-15.29761398623));
#5443 = VECTOR('',#5444,1.);
#5444 = DIRECTION('',(0.,-1.,0.));
#5445 = PCURVE('',#3102,#5446);
#5446 = DEFINITIONAL_REPRESENTATION('',(#5447),#5450);
#5447 = B_SPLINE_CURVE_WITH_KNOTS('',1,(#5448,#5449),.UNSPECIFIED.,.F.,
  .F.,(2,2),(-18.0000006,9.0000006),.PIECEWISE_BEZIER_KNOTS.);
#5448 = CARTESIAN_POINT('',(5.334594342314,-18.0000006));
#5449 = CARTESIAN_POINT('',(5.334594342314,9.0000006));
#5450 = ( GEOMETRIC_REPRESENTATION_CONTEXT(2) 
PARAMETRIC_REPRESENTATION_CONTEXT() REPRESENTATION_CONTEXT('2D SPACE',''
  ) );
#5451 = PCURVE('',#5452,#5457);
#5452 = PLANE('',#5453);
#5453 = AXIS2_PLACEMENT_3D('',#5454,#5455,#5456);
#5454 = CARTESIAN_POINT('',(63.41,154.,-70.));
#5455 = DIRECTION('',(-1.,0.,0.));
#5456 = DIRECTION('',(0.,1.,0.));
#5457 = DEFINITIONAL_REPRESENTATION('',(#5458),#5461);
#5458 = B_SPLINE_CURVE_WITH_KNOTS('',1,(#5459,#5460),.UNSPECIFIED.,.F.,
  .F.,(2,2),(-18.0000006,9.0000006),.PIECEWISE_BEZIER_KNOTS.);
#5459 = CARTESIAN_POINT('',(26.0000006,-54.70238601376));
#5460 = CARTESIAN_POINT('',(-1.0000006,-54.70238601376));
#5461 = ( GEOMETRIC_REPRESENTATION_CONTEXT(2) 
PARAMETRIC_REPRESENTATION_CONTEXT() REPRESENTATION_CONTEXT('2D SPACE',''
  ) );
#5462 = ADVANCED_FACE('',(#5463),#3202,.T.);
#5463 = FACE_BOUND('',#5464,.T.);
#5464 = EDGE_LOOP('',(#5465,#5466,#5467,#5468));
#5465 = ORIENTED_EDGE('',*,*,#5276,.T.);
#5466 = ORIENTED_EDGE('',*,*,#3189,.T.);
#5467 = ORIENTED_EDGE('',*,*,#3324,.T.);
#5468 = ORIENTED_EDGE('',*,*,#5469,.F.);
#5469 = EDGE_CURVE('',#5255,#3292,#5470,.T.);
#5470 = SURFACE_CURVE('',#5471,(#5475,#5482),.PCURVE_S1.);
#5471 = LINE('',#5472,#5473);
#5472 = CARTESIAN_POINT('',(71.41,161.,-65.));
#5473 = VECTOR('',#5474,1.);
#5474 = DIRECTION('',(0.,0.,1.));
#5475 = PCURVE('',#3202,#5476);
#5476 = DEFINITIONAL_REPRESENTATION('',(#5477),#5481);
#5477 = LINE('',#5478,#5479);
#5478 = CARTESIAN_POINT('',(24.,0.));
#5479 = VECTOR('',#5480,1.);
#5480 = DIRECTION('',(0.,-1.));
#5481 = ( GEOMETRIC_REPRESENTATION_CONTEXT(2) 
PARAMETRIC_REPRESENTATION_CONTEXT() REPRESENTATION_CONTEXT('2D SPACE',''
  ) );
#5482 = PCURVE('',#3308,#5483);
#5483 = DEFINITIONAL_REPRESENTATION('',(#5484),#5488);
#5484 = LINE('',#5485,#5486);
#5485 = CARTESIAN_POINT('',(0.,0.));
#5486 = VECTOR('',#5487,1.);
#5487 = DIRECTION('',(0.,-1.));
#5488 = ( GEOMETRIC_REPRESENTATION_CONTEXT(2) 
PARAMETRIC_REPRESENTATION_CONTEXT() REPRESENTATION_CONTEXT('2D SPACE',''
  ) );
#5489 = ADVANCED_FACE('',(#5490),#3258,.T.);
#5490 = FACE_BOUND('',#5491,.T.);
#5491 = EDGE_LOOP('',(#5492,#5525,#5627,#5628));
#5492 = ORIENTED_EDGE('',*,*,#5493,.T.);
#5493 = EDGE_CURVE('',#5494,#5496,#5498,.T.);
#5494 = VERTEX_POINT('',#5495);
#5495 = CARTESIAN_POINT('',(71.675823272122,166.,-9.75));
#5496 = VERTEX_POINT('',#5497);
#5497 = CARTESIAN_POINT('',(71.41,165.99926335472,-9.65488888847));
#5498 = SURFACE_CURVE('',#5499,(#5505,#5512),.PCURVE_S1.);
#5499 = B_SPLINE_CURVE_WITH_KNOTS('',3,(#5500,#5501,#5502,#5503,#5504),
  .UNSPECIFIED.,.F.,.F.,(4,1,4),(-3.14159265359,-0.448798950513,
    3.14159265359),.QUASI_UNIFORM_KNOTS.);
#5500 = CARTESIAN_POINT('',(71.675823272122,166.,-9.75));
#5501 = CARTESIAN_POINT('',(70.53336919284,166.,-9.325938992747));
#5502 = CARTESIAN_POINT('',(67.71580658188,165.89910922078,
    -8.744634099275));
#5503 = CARTESIAN_POINT('',(64.847448833588,166.,-9.184585323662));
#5504 = CARTESIAN_POINT('',(63.324176727878,166.,-9.75));
#5505 = PCURVE('',#3258,#5506);
#5506 = DEFINITIONAL_REPRESENTATION('',(#5507),#5511);
#5507 = LINE('',#5508,#5509);
#5508 = CARTESIAN_POINT('',(1.,5.329070518201E-15));
#5509 = VECTOR('',#5510,1.);
#5510 = DIRECTION('',(6.537806845231E-16,1.));
#5511 = ( GEOMETRIC_REPRESENTATION_CONTEXT(2) 
PARAMETRIC_REPRESENTATION_CONTEXT() REPRESENTATION_CONTEXT('2D SPACE',''
  ) );
#5512 = PCURVE('',#5513,#5518);
#5513 = CYLINDRICAL_SURFACE('',#5514,12.);
#5514 = AXIS2_PLACEMENT_3D('',#5515,#5516,#5517);
#5515 = CARTESIAN_POINT('',(67.5,162.,-21.));
#5516 = DIRECTION('',(0.,1.,0.));
#5517 = DIRECTION('',(-1.,0.,0.));
#5518 = DEFINITIONAL_REPRESENTATION('',(#5519),#5524);
#5519 = B_SPLINE_CURVE_WITH_KNOTS('',3,(#5520,#5521,#5522,#5523),
  .UNSPECIFIED.,.F.,.F.,(4,4),(-3.14159265359,-2.933636461819),
  .PIECEWISE_BEZIER_KNOTS.);
#5520 = CARTESIAN_POINT('',(8.209402835665,4.));
#5521 = CARTESIAN_POINT('',(8.201560349455,4.));
#5522 = CARTESIAN_POINT('',(8.193717761445,3.999742122932));
#5523 = CARTESIAN_POINT('',(8.185875087528,3.999263354114));
#5524 = ( GEOMETRIC_REPRESENTATION_CONTEXT(2) 
PARAMETRIC_REPRESENTATION_CONTEXT() REPRESENTATION_CONTEXT('2D SPACE',''
  ) );
#5525 = ORIENTED_EDGE('',*,*,#5526,.T.);
#5526 = EDGE_CURVE('',#5496,#3217,#5527,.T.);
#5527 = SURFACE_CURVE('',#5528,(#5559,#5593),.PCURVE_S1.);
#5528 = B_SPLINE_CURVE_WITH_KNOTS('',5,(#5529,#5530,#5531,#5532,#5533,
    #5534,#5535,#5536,#5537,#5538,#5539,#5540,#5541,#5542,#5543,#5544,
    #5545,#5546,#5547,#5548,#5549,#5550,#5551,#5552,#5553,#5554,#5555,
    #5556,#5557,#5558),.UNSPECIFIED.,.F.,.F.,(6,4,4,4,4,4,4,6),(0.,
    0.106717649816,0.323937159108,0.428192975676,0.515459802987,
    0.721221015539,0.909756394483,1.),.UNSPECIFIED.);
#5529 = CARTESIAN_POINT('',(71.41,165.99926335472,-9.65488888847));
#5530 = CARTESIAN_POINT('',(71.41,165.8656986514,-9.654875550222));
#5531 = CARTESIAN_POINT('',(71.41,165.73213860243,-9.648753255371));
#5532 = CARTESIAN_POINT('',(71.41,165.59897554793,-9.636636368826));
#5533 = CARTESIAN_POINT('',(71.41,165.46656922359,-9.618672793144));
#5534 = CARTESIAN_POINT('',(71.41,165.06795171587,-9.546864925841));
#5535 = CARTESIAN_POINT('',(71.41,164.80519224135,-9.475134111004));
#5536 = CARTESIAN_POINT('',(71.41,164.54964588868,-9.381124230127));
#5537 = CARTESIAN_POINT('',(71.41,164.30370390917,-9.266203346252));
#5538 = CARTESIAN_POINT('',(71.41,163.95720971498,-9.066925764052));
#5539 = CARTESIAN_POINT('',(71.41,163.84756836644,-8.997757745552));
#5540 = CARTESIAN_POINT('',(71.41,163.74090598292,-8.924184024624));
#5541 = CARTESIAN_POINT('',(71.41,163.63747812441,-8.846341799056));
#5542 = CARTESIAN_POINT('',(71.41,163.45388758314,-8.695769627045));
#5543 = CARTESIAN_POINT('',(71.41,163.37268305429,-8.624272188654));
#5544 = CARTESIAN_POINT('',(71.41,163.29399311236,-8.550067575236));
#5545 = CARTESIAN_POINT('',(71.41,163.21786943594,-8.473329112978));
#5546 = CARTESIAN_POINT('',(71.41,162.97102441491,-8.207669699745));
#5547 = CARTESIAN_POINT('',(71.41,162.81223460717,-8.007940002992));
#5548 = CARTESIAN_POINT('',(71.41,162.66849446392,-7.797008602478));
#5549 = CARTESIAN_POINT('',(71.41,162.54036180943,-7.576599123861));
#5550 = CARTESIAN_POINT('',(71.41,162.3260640111,-7.138781849027));
#5551 = CARTESIAN_POINT('',(71.41,162.23730361369,-6.922707898913));
#5552 = CARTESIAN_POINT('',(71.41,162.16279288805,-6.701020671059));
#5553 = CARTESIAN_POINT('',(71.41,162.10329403974,-6.474889644097));
#5554 = CARTESIAN_POINT('',(71.41,162.03872277519,-6.135841291755));
#5555 = CARTESIAN_POINT('',(71.41,162.02144821272,-6.025367839424));
#5556 = CARTESIAN_POINT('',(71.41,162.00789162708,-5.914320029644));
#5557 = CARTESIAN_POINT('',(71.41,161.99814661214,-5.802857280578));
#5558 = CARTESIAN_POINT('',(71.41,161.99229993478,-5.691153904091));
#5559 = PCURVE('',#3258,#5560);
#5560 = DEFINITIONAL_REPRESENTATION('',(#5561),#5592);
#5561 = B_SPLINE_CURVE_WITH_KNOTS('',5,(#5562,#5563,#5564,#5565,#5566,
    #5567,#5568,#5569,#5570,#5571,#5572,#5573,#5574,#5575,#5576,#5577,
    #5578,#5579,#5580,#5581,#5582,#5583,#5584,#5585,#5586,#5587,#5588,
    #5589,#5590,#5591),.UNSPECIFIED.,.F.,.F.,(6,4,4,4,4,4,4,6),(0.,
    0.106717649816,0.323937159108,0.428192975676,0.515459802987,
    0.721221015539,0.909756394483,1.),.UNSPECIFIED.);
#5562 = CARTESIAN_POINT('',(1.,-2.933636461819));
#5563 = CARTESIAN_POINT('',(0.978581734697,-2.933222217644));
#5564 = CARTESIAN_POINT('',(0.95716891876,-2.931341105945));
#5565 = CARTESIAN_POINT('',(0.935769368674,-2.928009538139));
#5566 = CARTESIAN_POINT('',(0.914386219609,-2.923266908736));
#5567 = CARTESIAN_POINT('',(0.849528857341,-2.90475186198));
#5568 = CARTESIAN_POINT('',(0.806113115462,-2.886716243568));
#5569 = CARTESIAN_POINT('',(0.762756313598,-2.863514415286));
#5570 = CARTESIAN_POINT('',(0.7194305037,-2.835847450787));
#5571 = CARTESIAN_POINT('',(0.655311935964,-2.789356142608));
#5572 = CARTESIAN_POINT('',(0.634519345326,-2.773416457574));
#5573 = CARTESIAN_POINT('',(0.613725929438,-2.756694915503));
#5574 = CARTESIAN_POINT('',(0.592931995731,-2.739275384507));
#5575 = CARTESIAN_POINT('',(0.55473709359,-2.706147114096));
#5576 = CARTESIAN_POINT('',(0.537335571515,-2.690621844761));
#5577 = CARTESIAN_POINT('',(0.519938591302,-2.674735954441));
#5578 = CARTESIAN_POINT('',(0.502546995784,-2.65855405014));
#5579 = CARTESIAN_POINT('',(0.444163258383,-2.603414381256));
#5580 = CARTESIAN_POINT('',(0.403197720014,-2.56337195896));
#5581 = CARTESIAN_POINT('',(0.362232918623,-2.522739142959));
#5582 = CARTESIAN_POINT('',(0.321241392455,-2.482058303335));
#5583 = CARTESIAN_POINT('',(0.242535640947,-2.404718199791));
#5584 = CARTESIAN_POINT('',(0.204841497305,-2.368014792333));
#5585 = CARTESIAN_POINT('',(0.167050240508,-2.331878486129));
#5586 = CARTESIAN_POINT('',(0.129151473887,-2.296529425078));
#5587 = CARTESIAN_POINT('',(7.296024504614E-02,-2.245679220567));
#5588 = CARTESIAN_POINT('',(5.474784624904E-02,-2.229439075964));
#5589 = CARTESIAN_POINT('',(3.651418930796E-02,-2.213439177986));
#5590 = CARTESIAN_POINT('',(1.82629140602E-02,-2.197697767397));
#5591 = CARTESIAN_POINT('',(0.,-2.182231842434));
#5592 = ( GEOMETRIC_REPRESENTATION_CONTEXT(2) 
PARAMETRIC_REPRESENTATION_CONTEXT() REPRESENTATION_CONTEXT('2D SPACE',''
  ) );
#5593 = PCURVE('',#3308,#5594);
#5594 = DEFINITIONAL_REPRESENTATION('',(#5595),#5626);
#5595 = B_SPLINE_CURVE_WITH_KNOTS('',5,(#5596,#5597,#5598,#5599,#5600,
    #5601,#5602,#5603,#5604,#5605,#5606,#5607,#5608,#5609,#5610,#5611,
    #5612,#5613,#5614,#5615,#5616,#5617,#5618,#5619,#5620,#5621,#5622,
    #5623,#5624,#5625),.UNSPECIFIED.,.F.,.F.,(6,4,4,4,4,4,4,6),(0.,
    0.106717649816,0.323937159108,0.428192975676,0.515459802987,
    0.721221015539,0.909756394483,1.),.UNSPECIFIED.);
#5596 = CARTESIAN_POINT('',(4.99926335472,-55.34511111153));
#5597 = CARTESIAN_POINT('',(4.8656986514,-55.34512444977));
#5598 = CARTESIAN_POINT('',(4.73213860243,-55.35124674462));
#5599 = CARTESIAN_POINT('',(4.59897554793,-55.36336363117));
#5600 = CARTESIAN_POINT('',(4.46656922359,-55.38132720685));
#5601 = CARTESIAN_POINT('',(4.06795171587,-55.45313507415));
#5602 = CARTESIAN_POINT('',(3.80519224135,-55.52486588899));
#5603 = CARTESIAN_POINT('',(3.54964588868,-55.61887576987));
#5604 = CARTESIAN_POINT('',(3.30370390917,-55.73379665374));
#5605 = CARTESIAN_POINT('',(2.95720971498,-55.93307423594));
#5606 = CARTESIAN_POINT('',(2.84756836644,-56.00224225444));
#5607 = CARTESIAN_POINT('',(2.74090598292,-56.07581597537));
#5608 = CARTESIAN_POINT('',(2.63747812441,-56.15365820094));
#5609 = CARTESIAN_POINT('',(2.45388758314,-56.30423037295));
#5610 = CARTESIAN_POINT('',(2.37268305429,-56.37572781134));
#5611 = CARTESIAN_POINT('',(2.29399311236,-56.44993242476));
#5612 = CARTESIAN_POINT('',(2.21786943594,-56.52667088702));
#5613 = CARTESIAN_POINT('',(1.97102441491,-56.79233030025));
#5614 = CARTESIAN_POINT('',(1.81223460717,-56.992059997));
#5615 = CARTESIAN_POINT('',(1.66849446392,-57.20299139752));
#5616 = CARTESIAN_POINT('',(1.54036180943,-57.42340087613));
#5617 = CARTESIAN_POINT('',(1.3260640111,-57.86121815097));
#5618 = CARTESIAN_POINT('',(1.23730361369,-58.07729210108));
#5619 = CARTESIAN_POINT('',(1.16279288805,-58.29897932894));
#5620 = CARTESIAN_POINT('',(1.10329403974,-58.5251103559));
#5621 = CARTESIAN_POINT('',(1.03872277519,-58.86415870824));
#5622 = CARTESIAN_POINT('',(1.02144821272,-58.97463216057));
#5623 = CARTESIAN_POINT('',(1.00789162708,-59.08567997035));
#5624 = CARTESIAN_POINT('',(0.99814661214,-59.19714271942));
#5625 = CARTESIAN_POINT('',(0.99229993478,-59.3088460959));
#5626 = ( GEOMETRIC_REPRESENTATION_CONTEXT(2) 
PARAMETRIC_REPRESENTATION_CONTEXT() REPRESENTATION_CONTEXT('2D SPACE',''
  ) );
#5627 = ORIENTED_EDGE('',*,*,#3216,.T.);
#5628 = ORIENTED_EDGE('',*,*,#5629,.F.);
#5629 = EDGE_CURVE('',#5494,#3219,#5630,.T.);
#5630 = SURFACE_CURVE('',#5631,(#5636,#5665),.PCURVE_S1.);
#5631 = CIRCLE('',#5632,4.);
#5632 = AXIS2_PLACEMENT_3D('',#5633,#5634,#5635);
#5633 = CARTESIAN_POINT('',(73.06776436283,166.,-6.));
#5634 = DIRECTION('',(-0.9375,1.931706309782E-16,0.347985272677));
#5635 = DIRECTION('',(-0.347985272677,0.,-0.9375));
#5636 = PCURVE('',#3258,#5637);
#5637 = DEFINITIONAL_REPRESENTATION('',(#5638),#5664);
#5638 = B_SPLINE_CURVE_WITH_KNOTS('',3,(#5639,#5640,#5641,#5642,#5643,
    #5644,#5645,#5646,#5647,#5648,#5649,#5650,#5651,#5652,#5653,#5654,
    #5655,#5656,#5657,#5658,#5659,#5660,#5661,#5662,#5663),
  .UNSPECIFIED.,.F.,.F.,(4,1,1,1,1,1,1,1,1,1,1,1,1,1,1,1,1,1,1,1,1,1,4),
  (0.,7.139983303613E-02,0.142799666072,0.214199499108,0.285599332145,
    0.356999165181,0.428398998217,0.499798831253,0.571198664289,
    0.642598497325,0.713998330361,0.785398163397,0.856797996434,
    0.92819782947,0.999597662506,1.070997495542,1.142397328578,
    1.213797161614,1.28519699465,1.356596827687,1.427996660723,
    1.499396493759,1.570796326795),.UNSPECIFIED.);
#5639 = CARTESIAN_POINT('',(1.,-3.14159265359));
#5640 = CARTESIAN_POINT('',(0.984847047025,-3.141592647212));
#5641 = CARTESIAN_POINT('',(0.954551893165,-3.141592668581));
#5642 = CARTESIAN_POINT('',(0.909139227105,-3.141592726812));
#5643 = CARTESIAN_POINT('',(0.863759842391,-3.141592711475));
#5644 = CARTESIAN_POINT('',(0.818398027104,-3.141592605235));
#5645 = CARTESIAN_POINT('',(0.773032623138,-3.141592508711));
#5646 = CARTESIAN_POINT('',(0.727639850835,-3.141592521017));
#5647 = CARTESIAN_POINT('',(0.682198818764,-3.14159262401));
#5648 = CARTESIAN_POINT('',(0.63669643568,-3.141592684053));
#5649 = CARTESIAN_POINT('',(0.591133462669,-3.141592562172));
#5650 = CARTESIAN_POINT('',(0.545529604903,-3.141592633476));
#5651 = CARTESIAN_POINT('',(0.499936478565,-3.141593396595));
#5652 = CARTESIAN_POINT('',(0.454389573182,-3.141594184957));
#5653 = CARTESIAN_POINT('',(0.408900377637,-3.141594373153));
#5654 = CARTESIAN_POINT('',(0.363465102436,-3.14159372201));
#5655 = CARTESIAN_POINT('',(0.318069084181,-3.141592478319));
#5656 = CARTESIAN_POINT('',(0.272691709921,-3.141591186785));
#5657 = CARTESIAN_POINT('',(0.227310629068,-3.141590398379));
#5658 = CARTESIAN_POINT('',(0.181905965721,-3.141590404184));
#5659 = CARTESIAN_POINT('',(0.136464348166,-3.141591092859));
#5660 = CARTESIAN_POINT('',(9.098442651467E-02,-3.141592024817));
#5661 = CARTESIAN_POINT('',(4.547871009832E-02,-3.141592601367));
#5662 = CARTESIAN_POINT('',(1.515366795495E-02,-3.141592706704));
#5663 = CARTESIAN_POINT('',(0.,-3.14159265359));
#5664 = ( GEOMETRIC_REPRESENTATION_CONTEXT(2) 
PARAMETRIC_REPRESENTATION_CONTEXT() REPRESENTATION_CONTEXT('2D SPACE',''
  ) );
#5665 = PCURVE('',#5666,#5671);
#5666 = TOROIDAL_SURFACE('',#5667,16.,4.);
#5667 = AXIS2_PLACEMENT_3D('',#5668,#5669,#5670);
#5668 = CARTESIAN_POINT('',(67.5,166.,-21.));
#5669 = DIRECTION('',(0.,-1.,0.));
#5670 = DIRECTION('',(0.,0.,-1.));
#5671 = DEFINITIONAL_REPRESENTATION('',(#5672),#5676);
#5672 = LINE('',#5673,#5674);
#5673 = CARTESIAN_POINT('',(2.7861714519,3.14159265359));
#5674 = VECTOR('',#5675,1.);
#5675 = DIRECTION('',(-2.827159716856E-16,-1.));
#5676 = ( GEOMETRIC_REPRESENTATION_CONTEXT(2) 
PARAMETRIC_REPRESENTATION_CONTEXT() REPRESENTATION_CONTEXT('2D SPACE',''
  ) );
#5677 = ADVANCED_FACE('',(#5678),#3433,.T.);
#5678 = FACE_BOUND('',#5679,.T.);
#5679 = EDGE_LOOP('',(#5680,#5702,#5703,#5724));
#5680 = ORIENTED_EDGE('',*,*,#5681,.F.);
#5681 = EDGE_CURVE('',#3219,#4372,#5682,.T.);
#5682 = SURFACE_CURVE('',#5683,(#5688,#5695),.PCURVE_S1.);
#5683 = CIRCLE('',#5684,16.);
#5684 = AXIS2_PLACEMENT_3D('',#5685,#5686,#5687);
#5685 = CARTESIAN_POINT('',(67.5,162.,-21.));
#5686 = DIRECTION('',(0.,1.,0.));
#5687 = DIRECTION('',(-1.,0.,0.));
#5688 = PCURVE('',#3433,#5689);
#5689 = DEFINITIONAL_REPRESENTATION('',(#5690),#5694);
#5690 = CIRCLE('',#5691,16.);
#5691 = AXIS2_PLACEMENT_2D('',#5692,#5693);
#5692 = CARTESIAN_POINT('',(0.,0.));
#5693 = DIRECTION('',(0.,-1.));
#5694 = ( GEOMETRIC_REPRESENTATION_CONTEXT(2) 
PARAMETRIC_REPRESENTATION_CONTEXT() REPRESENTATION_CONTEXT('2D SPACE',''
  ) );
#5695 = PCURVE('',#5666,#5696);
#5696 = DEFINITIONAL_REPRESENTATION('',(#5697),#5701);
#5697 = LINE('',#5698,#5699);
#5698 = CARTESIAN_POINT('',(4.712388980385,1.570796326795));
#5699 = VECTOR('',#5700,1.);
#5700 = DIRECTION('',(-1.,-9.134817733986E-17));
#5701 = ( GEOMETRIC_REPRESENTATION_CONTEXT(2) 
PARAMETRIC_REPRESENTATION_CONTEXT() REPRESENTATION_CONTEXT('2D SPACE',''
  ) );
#5702 = ORIENTED_EDGE('',*,*,#3419,.F.);
#5703 = ORIENTED_EDGE('',*,*,#5704,.F.);
#5704 = EDGE_CURVE('',#4447,#3347,#5705,.T.);
#5705 = SURFACE_CURVE('',#5706,(#5710,#5717),.PCURVE_S1.);
#5706 = LINE('',#5707,#5708);
#5707 = CARTESIAN_POINT('',(91.5,162.,-10.5));
#5708 = VECTOR('',#5709,1.);
#5709 = DIRECTION('',(0.,0.,1.));
#5710 = PCURVE('',#3433,#5711);
#5711 = DEFINITIONAL_REPRESENTATION('',(#5712),#5716);
#5712 = LINE('',#5713,#5714);
#5713 = CARTESIAN_POINT('',(10.5,24.));
#5714 = VECTOR('',#5715,1.);
#5715 = DIRECTION('',(1.,0.));
#5716 = ( GEOMETRIC_REPRESENTATION_CONTEXT(2) 
PARAMETRIC_REPRESENTATION_CONTEXT() REPRESENTATION_CONTEXT('2D SPACE',''
  ) );
#5717 = PCURVE('',#3385,#5718);
#5718 = DEFINITIONAL_REPRESENTATION('',(#5719),#5723);
#5719 = LINE('',#5720,#5721);
#5720 = CARTESIAN_POINT('',(5.497787143782,0.));
#5721 = VECTOR('',#5722,1.);
#5722 = DIRECTION('',(0.,-1.));
#5723 = ( GEOMETRIC_REPRESENTATION_CONTEXT(2) 
PARAMETRIC_REPRESENTATION_CONTEXT() REPRESENTATION_CONTEXT('2D SPACE',''
  ) );
#5724 = ORIENTED_EDGE('',*,*,#4446,.F.);
#5725 = ADVANCED_FACE('',(#5726),#3385,.T.);
#5726 = FACE_BOUND('',#5727,.T.);
#5727 = EDGE_LOOP('',(#5728,#5729,#5730,#5731));
#5728 = ORIENTED_EDGE('',*,*,#3448,.T.);
#5729 = ORIENTED_EDGE('',*,*,#4469,.F.);
#5730 = ORIENTED_EDGE('',*,*,#5704,.T.);
#5731 = ORIENTED_EDGE('',*,*,#3346,.T.);
#5732 = ADVANCED_FACE('',(#5733),#3308,.T.);
#5733 = FACE_BOUND('',#5734,.T.);
#5734 = EDGE_LOOP('',(#5735,#5736,#5737,#5738,#5739,#5761));
#5735 = ORIENTED_EDGE('',*,*,#5254,.T.);
#5736 = ORIENTED_EDGE('',*,*,#5469,.T.);
#5737 = ORIENTED_EDGE('',*,*,#3291,.F.);
#5738 = ORIENTED_EDGE('',*,*,#5526,.F.);
#5739 = ORIENTED_EDGE('',*,*,#5740,.T.);
#5740 = EDGE_CURVE('',#5496,#5741,#5743,.T.);
#5741 = VERTEX_POINT('',#5742);
#5742 = CARTESIAN_POINT('',(71.41,171.,-9.654873292907));
#5743 = SURFACE_CURVE('',#5744,(#5748,#5755),.PCURVE_S1.);
#5744 = LINE('',#5745,#5746);
#5745 = CARTESIAN_POINT('',(71.41,162.,-9.654873292907));
#5746 = VECTOR('',#5747,1.);
#5747 = DIRECTION('',(0.,1.,0.));
#5748 = PCURVE('',#3308,#5749);
#5749 = DEFINITIONAL_REPRESENTATION('',(#5750),#5754);
#5750 = LINE('',#5751,#5752);
#5751 = CARTESIAN_POINT('',(1.,-55.34512670709));
#5752 = VECTOR('',#5753,1.);
#5753 = DIRECTION('',(1.,0.));
#5754 = ( GEOMETRIC_REPRESENTATION_CONTEXT(2) 
PARAMETRIC_REPRESENTATION_CONTEXT() REPRESENTATION_CONTEXT('2D SPACE',''
  ) );
#5755 = PCURVE('',#5513,#5756);
#5756 = DEFINITIONAL_REPRESENTATION('',(#5757),#5760);
#5757 = B_SPLINE_CURVE_WITH_KNOTS('',1,(#5758,#5759),.UNSPECIFIED.,.F.,
  .F.,(2,2),(3.98317813173,10.),.PIECEWISE_BEZIER_KNOTS.);
#5758 = CARTESIAN_POINT('',(8.185874664064,3.98317813173));
#5759 = CARTESIAN_POINT('',(8.185874664064,10.));
#5760 = ( GEOMETRIC_REPRESENTATION_CONTEXT(2) 
PARAMETRIC_REPRESENTATION_CONTEXT() REPRESENTATION_CONTEXT('2D SPACE',''
  ) );
#5761 = ORIENTED_EDGE('',*,*,#5762,.F.);
#5762 = EDGE_CURVE('',#5224,#5741,#5763,.T.);
#5763 = SURFACE_CURVE('',#5764,(#5768,#5775),.PCURVE_S1.);
#5764 = LINE('',#5765,#5766);
#5765 = CARTESIAN_POINT('',(71.41,171.,-65.));
#5766 = VECTOR('',#5767,1.);
#5767 = DIRECTION('',(0.,0.,1.));
#5768 = PCURVE('',#3308,#5769);
#5769 = DEFINITIONAL_REPRESENTATION('',(#5770),#5774);
#5770 = LINE('',#5771,#5772);
#5771 = CARTESIAN_POINT('',(10.,0.));
#5772 = VECTOR('',#5773,1.);
#5773 = DIRECTION('',(0.,-1.));
#5774 = ( GEOMETRIC_REPRESENTATION_CONTEXT(2) 
PARAMETRIC_REPRESENTATION_CONTEXT() REPRESENTATION_CONTEXT('2D SPACE',''
  ) );
#5775 = PCURVE('',#5242,#5776);
#5776 = DEFINITIONAL_REPRESENTATION('',(#5777),#5781);
#5777 = LINE('',#5778,#5779);
#5778 = CARTESIAN_POINT('',(0.,-0.));
#5779 = VECTOR('',#5780,1.);
#5780 = DIRECTION('',(0.,-1.));
#5781 = ( GEOMETRIC_REPRESENTATION_CONTEXT(2) 
PARAMETRIC_REPRESENTATION_CONTEXT() REPRESENTATION_CONTEXT('2D SPACE',''
  ) );
#5782 = ADVANCED_FACE('',(#5783),#3511,.F.);
#5783 = FACE_BOUND('',#5784,.F.);
#5784 = EDGE_LOOP('',(#5785,#5808,#5809,#5810));
#5785 = ORIENTED_EDGE('',*,*,#5786,.T.);
#5786 = EDGE_CURVE('',#5787,#3495,#5789,.T.);
#5787 = VERTEX_POINT('',#5788);
#5788 = CARTESIAN_POINT('',(88.5,137.,-24.));
#5789 = SEAM_CURVE('',#5790,(#5794,#5801),.PCURVE_S1.);
#5790 = LINE('',#5791,#5792);
#5791 = CARTESIAN_POINT('',(37.5,137.,-24.));
#5792 = VECTOR('',#5793,1.);
#5793 = DIRECTION('',(1.,0.,1.184237892934E-16));
#5794 = PCURVE('',#3511,#5795);
#5795 = DEFINITIONAL_REPRESENTATION('',(#5796),#5800);
#5796 = LINE('',#5797,#5798);
#5797 = CARTESIAN_POINT('',(9.424777960769,0.));
#5798 = VECTOR('',#5799,1.);
#5799 = DIRECTION('',(0.,1.));
#5800 = ( GEOMETRIC_REPRESENTATION_CONTEXT(2) 
PARAMETRIC_REPRESENTATION_CONTEXT() REPRESENTATION_CONTEXT('2D SPACE',''
  ) );
#5801 = PCURVE('',#3511,#5802);
#5802 = DEFINITIONAL_REPRESENTATION('',(#5803),#5807);
#5803 = LINE('',#5804,#5805);
#5804 = CARTESIAN_POINT('',(3.14159265359,0.));
#5805 = VECTOR('',#5806,1.);
#5806 = DIRECTION('',(0.,1.));
#5807 = ( GEOMETRIC_REPRESENTATION_CONTEXT(2) 
PARAMETRIC_REPRESENTATION_CONTEXT() REPRESENTATION_CONTEXT('2D SPACE',''
  ) );
#5808 = ORIENTED_EDGE('',*,*,#3494,.T.);
#5809 = ORIENTED_EDGE('',*,*,#5786,.F.);
#5810 = ORIENTED_EDGE('',*,*,#5811,.T.);
#5811 = EDGE_CURVE('',#5787,#5787,#5812,.T.);
#5812 = SURFACE_CURVE('',#5813,(#5818,#5825),.PCURVE_S1.);
#5813 = CIRCLE('',#5814,3.);
#5814 = AXIS2_PLACEMENT_3D('',#5815,#5816,#5817);
#5815 = CARTESIAN_POINT('',(88.5,137.,-21.));
#5816 = DIRECTION('',(1.,0.,0.));
#5817 = DIRECTION('',(-0.,0.,1.));
#5818 = PCURVE('',#3511,#5819);
#5819 = DEFINITIONAL_REPRESENTATION('',(#5820),#5824);
#5820 = LINE('',#5821,#5822);
#5821 = CARTESIAN_POINT('',(0.,51.));
#5822 = VECTOR('',#5823,1.);
#5823 = DIRECTION('',(1.,0.));
#5824 = ( GEOMETRIC_REPRESENTATION_CONTEXT(2) 
PARAMETRIC_REPRESENTATION_CONTEXT() REPRESENTATION_CONTEXT('2D SPACE',''
  ) );
#5825 = PCURVE('',#3813,#5826);
#5826 = DEFINITIONAL_REPRESENTATION('',(#5827),#5831);
#5827 = CIRCLE('',#5828,3.);
#5828 = AXIS2_PLACEMENT_2D('',#5829,#5830);
#5829 = CARTESIAN_POINT('',(9.,16.));
#5830 = DIRECTION('',(1.,0.));
#5831 = ( GEOMETRIC_REPRESENTATION_CONTEXT(2) 
PARAMETRIC_REPRESENTATION_CONTEXT() REPRESENTATION_CONTEXT('2D SPACE',''
  ) );
#5832 = ADVANCED_FACE('',(#5833,#5903),#3813,.F.);
#5833 = FACE_BOUND('',#5834,.T.);
#5834 = EDGE_LOOP('',(#5835,#5836,#5859,#5882));
#5835 = ORIENTED_EDGE('',*,*,#3795,.F.);
#5836 = ORIENTED_EDGE('',*,*,#5837,.F.);
#5837 = EDGE_CURVE('',#5838,#3796,#5840,.T.);
#5838 = VERTEX_POINT('',#5839);
#5839 = CARTESIAN_POINT('',(88.5,153.,-12.00000017881));
#5840 = SURFACE_CURVE('',#5841,(#5845,#5852),.PCURVE_S1.);
#5841 = LINE('',#5842,#5843);
#5842 = CARTESIAN_POINT('',(88.5,153.,-12.00000017881));
#5843 = VECTOR('',#5844,1.);
#5844 = DIRECTION('',(0.,-1.,0.));
#5845 = PCURVE('',#3813,#5846);
#5846 = DEFINITIONAL_REPRESENTATION('',(#5847),#5851);
#5847 = LINE('',#5848,#5849);
#5848 = CARTESIAN_POINT('',(17.99999982119,0.));
#5849 = VECTOR('',#5850,1.);
#5850 = DIRECTION('',(0.,1.));
#5851 = ( GEOMETRIC_REPRESENTATION_CONTEXT(2) 
PARAMETRIC_REPRESENTATION_CONTEXT() REPRESENTATION_CONTEXT('2D SPACE',''
  ) );
#5852 = PCURVE('',#3842,#5853);
#5853 = DEFINITIONAL_REPRESENTATION('',(#5854),#5858);
#5854 = LINE('',#5855,#5856);
#5855 = CARTESIAN_POINT('',(0.,0.));
#5856 = VECTOR('',#5857,1.);
#5857 = DIRECTION('',(0.,1.));
#5858 = ( GEOMETRIC_REPRESENTATION_CONTEXT(2) 
PARAMETRIC_REPRESENTATION_CONTEXT() REPRESENTATION_CONTEXT('2D SPACE',''
  ) );
#5859 = ORIENTED_EDGE('',*,*,#5860,.F.);
#5860 = EDGE_CURVE('',#5861,#5838,#5863,.T.);
#5861 = VERTEX_POINT('',#5862);
#5862 = CARTESIAN_POINT('',(88.5,153.,-30.));
#5863 = SURFACE_CURVE('',#5864,(#5868,#5875),.PCURVE_S1.);
#5864 = LINE('',#5865,#5866);
#5865 = CARTESIAN_POINT('',(88.5,153.,-25.5));
#5866 = VECTOR('',#5867,1.);
#5867 = DIRECTION('',(0.,0.,1.));
#5868 = PCURVE('',#3813,#5869);
#5869 = DEFINITIONAL_REPRESENTATION('',(#5870),#5874);
#5870 = LINE('',#5871,#5872);
#5871 = CARTESIAN_POINT('',(4.5,0.));
#5872 = VECTOR('',#5873,1.);
#5873 = DIRECTION('',(1.,0.));
#5874 = ( GEOMETRIC_REPRESENTATION_CONTEXT(2) 
PARAMETRIC_REPRESENTATION_CONTEXT() REPRESENTATION_CONTEXT('2D SPACE',''
  ) );
#5875 = PCURVE('',#5204,#5876);
#5876 = DEFINITIONAL_REPRESENTATION('',(#5877),#5881);
#5877 = LINE('',#5878,#5879);
#5878 = CARTESIAN_POINT('',(-21.,-4.5));
#5879 = VECTOR('',#5880,1.);
#5880 = DIRECTION('',(0.,1.));
#5881 = ( GEOMETRIC_REPRESENTATION_CONTEXT(2) 
PARAMETRIC_REPRESENTATION_CONTEXT() REPRESENTATION_CONTEXT('2D SPACE',''
  ) );
#5882 = ORIENTED_EDGE('',*,*,#5883,.T.);
#5883 = EDGE_CURVE('',#5861,#3798,#5884,.T.);
#5884 = SURFACE_CURVE('',#5885,(#5889,#5896),.PCURVE_S1.);
#5885 = LINE('',#5886,#5887);
#5886 = CARTESIAN_POINT('',(88.5,153.,-30.));
#5887 = VECTOR('',#5888,1.);
#5888 = DIRECTION('',(0.,-1.,0.));
#5889 = PCURVE('',#3813,#5890);
#5890 = DEFINITIONAL_REPRESENTATION('',(#5891),#5895);
#5891 = LINE('',#5892,#5893);
#5892 = CARTESIAN_POINT('',(0.,0.));
#5893 = VECTOR('',#5894,1.);
#5894 = DIRECTION('',(0.,1.));
#5895 = ( GEOMETRIC_REPRESENTATION_CONTEXT(2) 
PARAMETRIC_REPRESENTATION_CONTEXT() REPRESENTATION_CONTEXT('2D SPACE',''
  ) );
#5896 = PCURVE('',#3920,#5897);
#5897 = DEFINITIONAL_REPRESENTATION('',(#5898),#5902);
#5898 = LINE('',#5899,#5900);
#5899 = CARTESIAN_POINT('',(42.,0.));
#5900 = VECTOR('',#5901,1.);
#5901 = DIRECTION('',(0.,1.));
#5902 = ( GEOMETRIC_REPRESENTATION_CONTEXT(2) 
PARAMETRIC_REPRESENTATION_CONTEXT() REPRESENTATION_CONTEXT('2D SPACE',''
  ) );
#5903 = FACE_BOUND('',#5904,.T.);
#5904 = EDGE_LOOP('',(#5905));
#5905 = ORIENTED_EDGE('',*,*,#5811,.T.);
#5906 = ADVANCED_FACE('',(#5907),#3842,.F.);
#5907 = FACE_BOUND('',#5908,.T.);
#5908 = EDGE_LOOP('',(#5909,#5910,#5933,#5954,#5955));
#5909 = ORIENTED_EDGE('',*,*,#3939,.F.);
#5910 = ORIENTED_EDGE('',*,*,#5911,.F.);
#5911 = EDGE_CURVE('',#5912,#3940,#5914,.T.);
#5912 = VERTEX_POINT('',#5913);
#5913 = CARTESIAN_POINT('',(46.5,153.,-12.00000017881));
#5914 = SURFACE_CURVE('',#5915,(#5919,#5926),.PCURVE_S1.);
#5915 = LINE('',#5916,#5917);
#5916 = CARTESIAN_POINT('',(46.5,153.,-12.00000017881));
#5917 = VECTOR('',#5918,1.);
#5918 = DIRECTION('',(0.,-1.,0.));
#5919 = PCURVE('',#3842,#5920);
#5920 = DEFINITIONAL_REPRESENTATION('',(#5921),#5925);
#5921 = LINE('',#5922,#5923);
#5922 = CARTESIAN_POINT('',(42.,0.));
#5923 = VECTOR('',#5924,1.);
#5924 = DIRECTION('',(0.,1.));
#5925 = ( GEOMETRIC_REPRESENTATION_CONTEXT(2) 
PARAMETRIC_REPRESENTATION_CONTEXT() REPRESENTATION_CONTEXT('2D SPACE',''
  ) );
#5926 = PCURVE('',#4026,#5927);
#5927 = DEFINITIONAL_REPRESENTATION('',(#5928),#5932);
#5928 = LINE('',#5929,#5930);
#5929 = CARTESIAN_POINT('',(0.,-0.));
#5930 = VECTOR('',#5931,1.);
#5931 = DIRECTION('',(0.,1.));
#5932 = ( GEOMETRIC_REPRESENTATION_CONTEXT(2) 
PARAMETRIC_REPRESENTATION_CONTEXT() REPRESENTATION_CONTEXT('2D SPACE',''
  ) );
#5933 = ORIENTED_EDGE('',*,*,#5934,.F.);
#5934 = EDGE_CURVE('',#5838,#5912,#5935,.T.);
#5935 = SURFACE_CURVE('',#5936,(#5940,#5947),.PCURVE_S1.);
#5936 = LINE('',#5937,#5938);
#5937 = CARTESIAN_POINT('',(86.25,153.,-12.00000017881));
#5938 = VECTOR('',#5939,1.);
#5939 = DIRECTION('',(-1.,0.,0.));
#5940 = PCURVE('',#3842,#5941);
#5941 = DEFINITIONAL_REPRESENTATION('',(#5942),#5946);
#5942 = LINE('',#5943,#5944);
#5943 = CARTESIAN_POINT('',(2.25,0.));
#5944 = VECTOR('',#5945,1.);
#5945 = DIRECTION('',(1.,0.));
#5946 = ( GEOMETRIC_REPRESENTATION_CONTEXT(2) 
PARAMETRIC_REPRESENTATION_CONTEXT() REPRESENTATION_CONTEXT('2D SPACE',''
  ) );
#5947 = PCURVE('',#5204,#5948);
#5948 = DEFINITIONAL_REPRESENTATION('',(#5949),#5953);
#5949 = LINE('',#5950,#5951);
#5950 = CARTESIAN_POINT('',(-18.75,8.99999982119));
#5951 = VECTOR('',#5952,1.);
#5952 = DIRECTION('',(1.,0.));
#5953 = ( GEOMETRIC_REPRESENTATION_CONTEXT(2) 
PARAMETRIC_REPRESENTATION_CONTEXT() REPRESENTATION_CONTEXT('2D SPACE',''
  ) );
#5954 = ORIENTED_EDGE('',*,*,#5837,.T.);
#5955 = ORIENTED_EDGE('',*,*,#3825,.F.);
#5956 = ADVANCED_FACE('',(#5957),#3920,.F.);
#5957 = FACE_BOUND('',#5958,.T.);
#5958 = EDGE_LOOP('',(#5959,#5960,#5961,#5962,#5985));
#5959 = ORIENTED_EDGE('',*,*,#4807,.F.);
#5960 = ORIENTED_EDGE('',*,*,#3905,.F.);
#5961 = ORIENTED_EDGE('',*,*,#5883,.F.);
#5962 = ORIENTED_EDGE('',*,*,#5963,.F.);
#5963 = EDGE_CURVE('',#5964,#5861,#5966,.T.);
#5964 = VERTEX_POINT('',#5965);
#5965 = CARTESIAN_POINT('',(46.5,153.,-30.));
#5966 = SURFACE_CURVE('',#5967,(#5971,#5978),.PCURVE_S1.);
#5967 = LINE('',#5968,#5969);
#5968 = CARTESIAN_POINT('',(65.25,153.,-30.));
#5969 = VECTOR('',#5970,1.);
#5970 = DIRECTION('',(1.,0.,0.));
#5971 = PCURVE('',#3920,#5972);
#5972 = DEFINITIONAL_REPRESENTATION('',(#5973),#5977);
#5973 = LINE('',#5974,#5975);
#5974 = CARTESIAN_POINT('',(18.75,0.));
#5975 = VECTOR('',#5976,1.);
#5976 = DIRECTION('',(1.,0.));
#5977 = ( GEOMETRIC_REPRESENTATION_CONTEXT(2) 
PARAMETRIC_REPRESENTATION_CONTEXT() REPRESENTATION_CONTEXT('2D SPACE',''
  ) );
#5978 = PCURVE('',#5204,#5979);
#5979 = DEFINITIONAL_REPRESENTATION('',(#5980),#5984);
#5980 = LINE('',#5981,#5982);
#5981 = CARTESIAN_POINT('',(2.25,-9.));
#5982 = VECTOR('',#5983,1.);
#5983 = DIRECTION('',(-1.,0.));
#5984 = ( GEOMETRIC_REPRESENTATION_CONTEXT(2) 
PARAMETRIC_REPRESENTATION_CONTEXT() REPRESENTATION_CONTEXT('2D SPACE',''
  ) );
#5985 = ORIENTED_EDGE('',*,*,#5986,.T.);
#5986 = EDGE_CURVE('',#5964,#3990,#5987,.T.);
#5987 = SURFACE_CURVE('',#5988,(#5992,#5999),.PCURVE_S1.);
#5988 = LINE('',#5989,#5990);
#5989 = CARTESIAN_POINT('',(46.5,153.,-30.));
#5990 = VECTOR('',#5991,1.);
#5991 = DIRECTION('',(0.,-1.,0.));
#5992 = PCURVE('',#3920,#5993);
#5993 = DEFINITIONAL_REPRESENTATION('',(#5994),#5998);
#5994 = LINE('',#5995,#5996);
#5995 = CARTESIAN_POINT('',(0.,0.));
#5996 = VECTOR('',#5997,1.);
#5997 = DIRECTION('',(0.,1.));
#5998 = ( GEOMETRIC_REPRESENTATION_CONTEXT(2) 
PARAMETRIC_REPRESENTATION_CONTEXT() REPRESENTATION_CONTEXT('2D SPACE',''
  ) );
#5999 = PCURVE('',#4026,#6000);
#6000 = DEFINITIONAL_REPRESENTATION('',(#6001),#6005);
#6001 = LINE('',#6002,#6003);
#6002 = CARTESIAN_POINT('',(17.99999982119,0.));
#6003 = VECTOR('',#6004,1.);
#6004 = DIRECTION('',(0.,1.));
#6005 = ( GEOMETRIC_REPRESENTATION_CONTEXT(2) 
PARAMETRIC_REPRESENTATION_CONTEXT() REPRESENTATION_CONTEXT('2D SPACE',''
  ) );
#6006 = ADVANCED_FACE('',(#6007,#6033),#4026,.F.);
#6007 = FACE_BOUND('',#6008,.T.);
#6008 = EDGE_LOOP('',(#6009,#6010,#6011,#6032));
#6009 = ORIENTED_EDGE('',*,*,#4012,.T.);
#6010 = ORIENTED_EDGE('',*,*,#5986,.F.);
#6011 = ORIENTED_EDGE('',*,*,#6012,.F.);
#6012 = EDGE_CURVE('',#5912,#5964,#6013,.T.);
#6013 = SURFACE_CURVE('',#6014,(#6018,#6025),.PCURVE_S1.);
#6014 = LINE('',#6015,#6016);
#6015 = CARTESIAN_POINT('',(46.5,153.,-16.5000000894));
#6016 = VECTOR('',#6017,1.);
#6017 = DIRECTION('',(0.,0.,-1.));
#6018 = PCURVE('',#4026,#6019);
#6019 = DEFINITIONAL_REPRESENTATION('',(#6020),#6024);
#6020 = LINE('',#6021,#6022);
#6021 = CARTESIAN_POINT('',(4.49999991059,0.));
#6022 = VECTOR('',#6023,1.);
#6023 = DIRECTION('',(1.,0.));
#6024 = ( GEOMETRIC_REPRESENTATION_CONTEXT(2) 
PARAMETRIC_REPRESENTATION_CONTEXT() REPRESENTATION_CONTEXT('2D SPACE',''
  ) );
#6025 = PCURVE('',#5204,#6026);
#6026 = DEFINITIONAL_REPRESENTATION('',(#6027),#6031);
#6027 = LINE('',#6028,#6029);
#6028 = CARTESIAN_POINT('',(21.,4.4999999106));
#6029 = VECTOR('',#6030,1.);
#6030 = DIRECTION('',(0.,-1.));
#6031 = ( GEOMETRIC_REPRESENTATION_CONTEXT(2) 
PARAMETRIC_REPRESENTATION_CONTEXT() REPRESENTATION_CONTEXT('2D SPACE',''
  ) );
#6032 = ORIENTED_EDGE('',*,*,#5911,.T.);
#6033 = FACE_BOUND('',#6034,.T.);
#6034 = EDGE_LOOP('',(#6035));
#6035 = ORIENTED_EDGE('',*,*,#6036,.T.);
#6036 = EDGE_CURVE('',#6037,#6037,#6039,.T.);
#6037 = VERTEX_POINT('',#6038);
#6038 = CARTESIAN_POINT('',(46.5,137.,-24.));
#6039 = SURFACE_CURVE('',#6040,(#6045,#6052),.PCURVE_S1.);
#6040 = CIRCLE('',#6041,3.);
#6041 = AXIS2_PLACEMENT_3D('',#6042,#6043,#6044);
#6042 = CARTESIAN_POINT('',(46.5,137.,-21.));
#6043 = DIRECTION('',(-1.,0.,0.));
#6044 = DIRECTION('',(0.,0.,1.));
#6045 = PCURVE('',#4026,#6046);
#6046 = DEFINITIONAL_REPRESENTATION('',(#6047),#6051);
#6047 = CIRCLE('',#6048,3.);
#6048 = AXIS2_PLACEMENT_2D('',#6049,#6050);
#6049 = CARTESIAN_POINT('',(8.99999982119,16.));
#6050 = DIRECTION('',(-1.,-0.));
#6051 = ( GEOMETRIC_REPRESENTATION_CONTEXT(2) 
PARAMETRIC_REPRESENTATION_CONTEXT() REPRESENTATION_CONTEXT('2D SPACE',''
  ) );
#6052 = PCURVE('',#4111,#6053);
#6053 = DEFINITIONAL_REPRESENTATION('',(#6054),#6058);
#6054 = LINE('',#6055,#6056);
#6055 = CARTESIAN_POINT('',(12.566370614359,9.));
#6056 = VECTOR('',#6057,1.);
#6057 = DIRECTION('',(-1.,0.));
#6058 = ( GEOMETRIC_REPRESENTATION_CONTEXT(2) 
PARAMETRIC_REPRESENTATION_CONTEXT() REPRESENTATION_CONTEXT('2D SPACE',''
  ) );
#6059 = ADVANCED_FACE('',(#6060),#4111,.F.);
#6060 = FACE_BOUND('',#6061,.F.);
#6061 = EDGE_LOOP('',(#6062,#6083,#6084,#6085));
#6062 = ORIENTED_EDGE('',*,*,#6063,.T.);
#6063 = EDGE_CURVE('',#4091,#6037,#6064,.T.);
#6064 = SEAM_CURVE('',#6065,(#6069,#6076),.PCURVE_S1.);
#6065 = LINE('',#6066,#6067);
#6066 = CARTESIAN_POINT('',(37.5,137.,-24.));
#6067 = VECTOR('',#6068,1.);
#6068 = DIRECTION('',(1.,0.,1.184237892934E-16));
#6069 = PCURVE('',#4111,#6070);
#6070 = DEFINITIONAL_REPRESENTATION('',(#6071),#6075);
#6071 = LINE('',#6072,#6073);
#6072 = CARTESIAN_POINT('',(9.424777960769,0.));
#6073 = VECTOR('',#6074,1.);
#6074 = DIRECTION('',(0.,1.));
#6075 = ( GEOMETRIC_REPRESENTATION_CONTEXT(2) 
PARAMETRIC_REPRESENTATION_CONTEXT() REPRESENTATION_CONTEXT('2D SPACE',''
  ) );
#6076 = PCURVE('',#4111,#6077);
#6077 = DEFINITIONAL_REPRESENTATION('',(#6078),#6082);
#6078 = LINE('',#6079,#6080);
#6079 = CARTESIAN_POINT('',(3.14159265359,0.));
#6080 = VECTOR('',#6081,1.);
#6081 = DIRECTION('',(0.,1.));
#6082 = ( GEOMETRIC_REPRESENTATION_CONTEXT(2) 
PARAMETRIC_REPRESENTATION_CONTEXT() REPRESENTATION_CONTEXT('2D SPACE',''
  ) );
#6083 = ORIENTED_EDGE('',*,*,#6036,.T.);
#6084 = ORIENTED_EDGE('',*,*,#6063,.F.);
#6085 = ORIENTED_EDGE('',*,*,#4090,.T.);
#6086 = ADVANCED_FACE('',(#6087),#4166,.T.);
#6087 = FACE_BOUND('',#6088,.T.);
#6088 = EDGE_LOOP('',(#6089,#6090,#6091,#6092));
#6089 = ORIENTED_EDGE('',*,*,#4279,.F.);
#6090 = ORIENTED_EDGE('',*,*,#4150,.F.);
#6091 = ORIENTED_EDGE('',*,*,#4203,.F.);
#6092 = ORIENTED_EDGE('',*,*,#4312,.F.);
#6093 = ADVANCED_FACE('',(#6094),#4413,.T.);
#6094 = FACE_BOUND('',#6095,.T.);
#6095 = EDGE_LOOP('',(#6096,#6142,#6143,#6247));
#6096 = ORIENTED_EDGE('',*,*,#6097,.F.);
#6097 = EDGE_CURVE('',#4372,#6098,#6100,.T.);
#6098 = VERTEX_POINT('',#6099);
#6099 = CARTESIAN_POINT('',(71.675823272123,166.,-32.25));
#6100 = SURFACE_CURVE('',#6101,(#6106,#6135),.PCURVE_S1.);
#6101 = CIRCLE('',#6102,4.);
#6102 = AXIS2_PLACEMENT_3D('',#6103,#6104,#6105);
#6103 = CARTESIAN_POINT('',(73.06776436283,166.,-36.));
#6104 = DIRECTION('',(-0.9375,0.,-0.347985272677));
#6105 = DIRECTION('',(0.,-1.,-0.));
#6106 = PCURVE('',#4413,#6107);
#6107 = DEFINITIONAL_REPRESENTATION('',(#6108),#6134);
#6108 = B_SPLINE_CURVE_WITH_KNOTS('',3,(#6109,#6110,#6111,#6112,#6113,
    #6114,#6115,#6116,#6117,#6118,#6119,#6120,#6121,#6122,#6123,#6124,
    #6125,#6126,#6127,#6128,#6129,#6130,#6131,#6132,#6133),
  .UNSPECIFIED.,.F.,.F.,(4,1,1,1,1,1,1,1,1,1,1,1,1,1,1,1,1,1,1,1,1,1,4),
  (0.,7.139983303613E-02,0.142799666072,0.214199499108,0.285599332145,
    0.356999165181,0.428398998217,0.499798831253,0.571198664289,
    0.642598497325,0.713998330361,0.785398163397,0.856797996434,
    0.92819782947,0.999597662506,1.070997495542,1.142397328578,
    1.213797161614,1.28519699465,1.356596827687,1.427996660723,
    1.499396493759,1.570796326795),.UNSPECIFIED.);
#6109 = CARTESIAN_POINT('',(0.,3.14159265359));
#6110 = CARTESIAN_POINT('',(1.515366839522E-02,3.141592706765));
#6111 = CARTESIAN_POINT('',(4.547873464057E-02,3.141592601317));
#6112 = CARTESIAN_POINT('',(9.098452832607E-02,3.141592023919));
#6113 = CARTESIAN_POINT('',(0.136464537529,3.141591090195));
#6114 = CARTESIAN_POINT('',(0.181906230084,3.141590399479));
#6115 = CARTESIAN_POINT('',(0.227310938405,3.141590392201));
#6116 = CARTESIAN_POINT('',(0.272692022273,3.14159118048));
#6117 = CARTESIAN_POINT('',(0.318069350543,3.141592473616));
#6118 = CARTESIAN_POINT('',(0.363465271498,3.141593720446));
#6119 = CARTESIAN_POINT('',(0.40890040072,3.141594375475));
#6120 = CARTESIAN_POINT('',(0.454389409829,3.141594190692));
#6121 = CARTESIAN_POINT('',(0.499936103177,3.141593403908));
#6122 = CARTESIAN_POINT('',(0.545529014594,3.141592639732));
#6123 = CARTESIAN_POINT('',(0.591132686058,3.141592564167));
#6124 = CARTESIAN_POINT('',(0.636695546316,3.141592683719));
#6125 = CARTESIAN_POINT('',(0.682197898431,3.141592622991));
#6126 = CARTESIAN_POINT('',(0.727638980096,3.141592520305));
#6127 = CARTESIAN_POINT('',(0.77303187141,3.141592508562));
#6128 = CARTESIAN_POINT('',(0.8183974454,3.14159260545));
#6129 = CARTESIAN_POINT('',(0.863759456916,3.141592711738));
#6130 = CARTESIAN_POINT('',(0.909139033106,3.141592726937));
#6131 = CARTESIAN_POINT('',(0.954551849458,3.141592668592));
#6132 = CARTESIAN_POINT('',(0.984847046604,3.141592647197));
#6133 = CARTESIAN_POINT('',(1.,3.14159265359));
#6134 = ( GEOMETRIC_REPRESENTATION_CONTEXT(2) 
PARAMETRIC_REPRESENTATION_CONTEXT() REPRESENTATION_CONTEXT('2D SPACE',''
  ) );
#6135 = PCURVE('',#5666,#6136);
#6136 = DEFINITIONAL_REPRESENTATION('',(#6137),#6141);
#6137 = LINE('',#6138,#6139);
#6138 = CARTESIAN_POINT('',(0.35542120169,1.570796326795));
#6139 = VECTOR('',#6140,1.);
#6140 = DIRECTION('',(-4.240739575285E-16,1.));
#6141 = ( GEOMETRIC_REPRESENTATION_CONTEXT(2) 
PARAMETRIC_REPRESENTATION_CONTEXT() REPRESENTATION_CONTEXT('2D SPACE',''
  ) );
#6142 = ORIENTED_EDGE('',*,*,#4371,.T.);
#6143 = ORIENTED_EDGE('',*,*,#6144,.F.);
#6144 = EDGE_CURVE('',#6145,#4374,#6147,.T.);
#6145 = VERTEX_POINT('',#6146);
#6146 = CARTESIAN_POINT('',(71.41,165.99926410049,-32.3451109645));
#6147 = SURFACE_CURVE('',#6148,(#6179,#6213),.PCURVE_S1.);
#6148 = B_SPLINE_CURVE_WITH_KNOTS('',5,(#6149,#6150,#6151,#6152,#6153,
    #6154,#6155,#6156,#6157,#6158,#6159,#6160,#6161,#6162,#6163,#6164,
    #6165,#6166,#6167,#6168,#6169,#6170,#6171,#6172,#6173,#6174,#6175,
    #6176,#6177,#6178),.UNSPECIFIED.,.F.,.F.,(6,4,4,4,4,4,4,6),(0.,
    0.106717725717,0.323936853975,0.428192636439,0.515459477174,
    0.721220519389,0.909755995453,1.),.UNSPECIFIED.);
#6149 = CARTESIAN_POINT('',(71.41,165.99926410049,-32.3451109645));
#6150 = CARTESIAN_POINT('',(71.41,165.86569971385,-32.34512431328));
#6151 = CARTESIAN_POINT('',(71.41,165.73213998737,-32.3512467603));
#6152 = CARTESIAN_POINT('',(71.41,165.5989772821,-32.36336395804));
#6153 = CARTESIAN_POINT('',(71.41,165.4665713509,-32.38132799461));
#6154 = CARTESIAN_POINT('',(71.41,165.06795587126,-32.45313752008));
#6155 = CARTESIAN_POINT('',(71.41,164.8051981859,-32.52486980892));
#6156 = CARTESIAN_POINT('',(71.41,164.5496539258,-32.61888135671));
#6157 = CARTESIAN_POINT('',(71.41,164.30371419336,-32.73380368086));
#6158 = CARTESIAN_POINT('',(71.41,163.95722299905,-32.93308272699));
#6159 = CARTESIAN_POINT('',(71.41,163.84758249447,-33.00225117854));
#6160 = CARTESIAN_POINT('',(71.41,163.74092090307,-33.07582519789));
#6161 = CARTESIAN_POINT('',(71.41,163.63749374791,-33.15366756371));
#6162 = CARTESIAN_POINT('',(71.41,163.45390422581,-33.30423971804));
#6163 = CARTESIAN_POINT('',(71.41,163.37270005254,-33.37573705087));
#6164 = CARTESIAN_POINT('',(71.41,163.29401038078,-33.44994146436));
#6165 = CARTESIAN_POINT('',(71.41,163.21788689714,-33.52667965416));
#6166 = CARTESIAN_POINT('',(71.41,162.97104246788,-33.79233778622));
#6167 = CARTESIAN_POINT('',(71.41,162.81225271287,-33.99206621173));
#6168 = CARTESIAN_POINT('',(71.41,162.66851237415,-34.20299624072));
#6169 = CARTESIAN_POINT('',(71.41,162.54037942971,-34.42340439302));
#6170 = CARTESIAN_POINT('',(71.41,162.32608072638,-34.86121943096));
#6171 = CARTESIAN_POINT('',(71.41,162.23731975981,-35.07729250478));
#6172 = CARTESIAN_POINT('',(71.41,162.16280839714,-35.29897887161));
#6173 = CARTESIAN_POINT('',(71.41,162.10330865479,-35.52510903192));
#6174 = CARTESIAN_POINT('',(71.41,162.03873513401,-35.86415653476));
#6175 = CARTESIAN_POINT('',(71.41,162.02145968162,-35.97463001136));
#6176 = CARTESIAN_POINT('',(71.41,162.00790206768,-36.08567785737));
#6177 = CARTESIAN_POINT('',(71.41,161.99815584498,-36.19714066465));
#6178 = CARTESIAN_POINT('',(71.41,161.9923077393,-36.30884413946));
#6179 = PCURVE('',#4413,#6180);
#6180 = DEFINITIONAL_REPRESENTATION('',(#6181),#6212);
#6181 = B_SPLINE_CURVE_WITH_KNOTS('',5,(#6182,#6183,#6184,#6185,#6186,
    #6187,#6188,#6189,#6190,#6191,#6192,#6193,#6194,#6195,#6196,#6197,
    #6198,#6199,#6200,#6201,#6202,#6203,#6204,#6205,#6206,#6207,#6208,
    #6209,#6210,#6211),.UNSPECIFIED.,.F.,.F.,(6,4,4,4,4,4,4,6),(0.,
    0.106717725717,0.323936853975,0.428192636439,0.515459477174,
    0.721220519389,0.909755995453,1.),.UNSPECIFIED.);
#6182 = CARTESIAN_POINT('',(1.,2.933636517803));
#6183 = CARTESIAN_POINT('',(0.978581793378,2.933222271753));
#6184 = CARTESIAN_POINT('',(0.957168997735,2.9313411203));
#6185 = CARTESIAN_POINT('',(0.935769439527,2.928009470995));
#6186 = CARTESIAN_POINT('',(0.914386261959,2.92326672113));
#6187 = CARTESIAN_POINT('',(0.849528881014,2.904751242511));
#6188 = CARTESIAN_POINT('',(0.806113107148,2.886715239665));
#6189 = CARTESIAN_POINT('',(0.762756278584,2.863512979601));
#6190 = CARTESIAN_POINT('',(0.719430470379,2.835845646525));
#6191 = CARTESIAN_POINT('',(0.655311924466,2.789353958492));
#6192 = CARTESIAN_POINT('',(0.634519327971,2.773414162128));
#6193 = CARTESIAN_POINT('',(0.613725913162,2.756692542205));
#6194 = CARTESIAN_POINT('',(0.592931986124,2.73927297162));
#6195 = CARTESIAN_POINT('',(0.554737093456,2.706144694275));
#6196 = CARTESIAN_POINT('',(0.537335573307,2.690619445439));
#6197 = CARTESIAN_POINT('',(0.519938594575,2.674733597658));
#6198 = CARTESIAN_POINT('',(0.502546998372,2.658551752589));
#6199 = CARTESIAN_POINT('',(0.444163288917,2.603412363016));
#6200 = CARTESIAN_POINT('',(0.403197762846,2.563370218561));
#6201 = CARTESIAN_POINT('',(0.36223295075,2.52273770003));
#6202 = CARTESIAN_POINT('',(0.321241399843,2.482057156924));
#6203 = CARTESIAN_POINT('',(0.242535579954,2.404717592548));
#6204 = CARTESIAN_POINT('',(0.204841386901,2.368014423451));
#6205 = CARTESIAN_POINT('',(0.167050113679,2.331878372636));
#6206 = CARTESIAN_POINT('',(0.129151379333,2.296529590763));
#6207 = CARTESIAN_POINT('',(7.296021710662E-02,2.245679774158));
#6208 = CARTESIAN_POINT('',(5.474780504594E-02,2.229439718985));
#6209 = CARTESIAN_POINT('',(3.651414882263E-02,2.21343991784));
#6210 = CARTESIAN_POINT('',(1.826288786923E-02,2.197698610487));
#6211 = CARTESIAN_POINT('',(0.,2.182232793372));
#6212 = ( GEOMETRIC_REPRESENTATION_CONTEXT(2) 
PARAMETRIC_REPRESENTATION_CONTEXT() REPRESENTATION_CONTEXT('2D SPACE',''
  ) );
#6213 = PCURVE('',#4602,#6214);
#6214 = DEFINITIONAL_REPRESENTATION('',(#6215),#6246);
#6215 = B_SPLINE_CURVE_WITH_KNOTS('',5,(#6216,#6217,#6218,#6219,#6220,
    #6221,#6222,#6223,#6224,#6225,#6226,#6227,#6228,#6229,#6230,#6231,
    #6232,#6233,#6234,#6235,#6236,#6237,#6238,#6239,#6240,#6241,#6242,
    #6243,#6244,#6245),.UNSPECIFIED.,.F.,.F.,(6,4,4,4,4,4,4,6),(0.,
    0.106717725717,0.323936853975,0.428192636439,0.515459477174,
    0.721220519389,0.909755995453,1.),.UNSPECIFIED.);
#6216 = CARTESIAN_POINT('',(4.99926410049,-32.6548890355));
#6217 = CARTESIAN_POINT('',(4.86569971385,-32.65487568672));
#6218 = CARTESIAN_POINT('',(4.73213998737,-32.6487532397));
#6219 = CARTESIAN_POINT('',(4.5989772821,-32.63663604196));
#6220 = CARTESIAN_POINT('',(4.4665713509,-32.61867200539));
#6221 = CARTESIAN_POINT('',(4.06795587126,-32.54686247992));
#6222 = CARTESIAN_POINT('',(3.8051981859,-32.47513019108));
#6223 = CARTESIAN_POINT('',(3.5496539258,-32.38111864329));
#6224 = CARTESIAN_POINT('',(3.30371419336,-32.26619631914));
#6225 = CARTESIAN_POINT('',(2.95722299905,-32.06691727301));
#6226 = CARTESIAN_POINT('',(2.84758249447,-31.99774882146));
#6227 = CARTESIAN_POINT('',(2.74092090307,-31.92417480211));
#6228 = CARTESIAN_POINT('',(2.63749374791,-31.84633243629));
#6229 = CARTESIAN_POINT('',(2.45390422581,-31.69576028196));
#6230 = CARTESIAN_POINT('',(2.37270005254,-31.62426294913));
#6231 = CARTESIAN_POINT('',(2.29401038078,-31.55005853564));
#6232 = CARTESIAN_POINT('',(2.21788689714,-31.47332034584));
#6233 = CARTESIAN_POINT('',(1.97104246788,-31.20766221378));
#6234 = CARTESIAN_POINT('',(1.81225271287,-31.00793378827));
#6235 = CARTESIAN_POINT('',(1.66851237415,-30.79700375928));
#6236 = CARTESIAN_POINT('',(1.54037942971,-30.57659560698));
#6237 = CARTESIAN_POINT('',(1.32608072638,-30.13878056904));
#6238 = CARTESIAN_POINT('',(1.23731975981,-29.92270749522));
#6239 = CARTESIAN_POINT('',(1.16280839714,-29.70102112839));
#6240 = CARTESIAN_POINT('',(1.10330865479,-29.47489096808));
#6241 = CARTESIAN_POINT('',(1.03873513401,-29.13584346524));
#6242 = CARTESIAN_POINT('',(1.02145968162,-29.02536998864));
#6243 = CARTESIAN_POINT('',(1.00790206768,-28.91432214263));
#6244 = CARTESIAN_POINT('',(0.99815584498,-28.80285933535));
#6245 = CARTESIAN_POINT('',(0.9923077393,-28.69115586054));
#6246 = ( GEOMETRIC_REPRESENTATION_CONTEXT(2) 
PARAMETRIC_REPRESENTATION_CONTEXT() REPRESENTATION_CONTEXT('2D SPACE',''
  ) );
#6247 = ORIENTED_EDGE('',*,*,#6248,.T.);
#6248 = EDGE_CURVE('',#6145,#6098,#6249,.T.);
#6249 = SURFACE_CURVE('',#6250,(#6256,#6263),.PCURVE_S1.);
#6250 = B_SPLINE_CURVE_WITH_KNOTS('',3,(#6251,#6252,#6253,#6254,#6255),
  .UNSPECIFIED.,.F.,.F.,(4,1,4),(-3.14159265359,0.448798950513,
    3.14159265359),.QUASI_UNIFORM_KNOTS.);
#6251 = CARTESIAN_POINT('',(63.324176727878,166.,-32.25));
#6252 = CARTESIAN_POINT('',(64.847448833588,166.,-32.81541467633));
#6253 = CARTESIAN_POINT('',(67.715796739427,165.89921130858,
    -33.25534915528));
#6254 = CARTESIAN_POINT('',(70.53336919284,166.,-32.67406100725));
#6255 = CARTESIAN_POINT('',(71.675823272123,166.,-32.25));
#6256 = PCURVE('',#4413,#6257);
#6257 = DEFINITIONAL_REPRESENTATION('',(#6258),#6262);
#6258 = LINE('',#6259,#6260);
#6259 = CARTESIAN_POINT('',(1.,-7.549516567451E-15));
#6260 = VECTOR('',#6261,1.);
#6261 = DIRECTION('',(6.00771439832E-16,1.));
#6262 = ( GEOMETRIC_REPRESENTATION_CONTEXT(2) 
PARAMETRIC_REPRESENTATION_CONTEXT() REPRESENTATION_CONTEXT('2D SPACE',''
  ) );
#6263 = PCURVE('',#6264,#6269);
#6264 = CYLINDRICAL_SURFACE('',#6265,12.);
#6265 = AXIS2_PLACEMENT_3D('',#6266,#6267,#6268);
#6266 = CARTESIAN_POINT('',(67.5,162.,-21.));
#6267 = DIRECTION('',(0.,1.,0.));
#6268 = DIRECTION('',(-1.,0.,0.));
#6269 = DEFINITIONAL_REPRESENTATION('',(#6270),#6275);
#6270 = B_SPLINE_CURVE_WITH_KNOTS('',3,(#6271,#6272,#6273,#6274),
  .UNSPECIFIED.,.F.,.F.,(4,4),(2.933636517805,3.14159265359),
  .PIECEWISE_BEZIER_KNOTS.);
#6271 = CARTESIAN_POINT('',(4.380495522839,3.999264099885));
#6272 = CARTESIAN_POINT('',(4.372652849387,3.999742384007));
#6273 = CARTESIAN_POINT('',(4.364810262727,4.));
#6274 = CARTESIAN_POINT('',(4.356967778695,4.));
#6275 = ( GEOMETRIC_REPRESENTATION_CONTEXT(2) 
PARAMETRIC_REPRESENTATION_CONTEXT() REPRESENTATION_CONTEXT('2D SPACE',''
  ) );
#6276 = ADVANCED_FACE('',(#6277),#4602,.T.);
#6277 = FACE_BOUND('',#6278,.T.);
#6278 = EDGE_LOOP('',(#6279,#6280,#6301,#6302,#6325,#6345));
#6279 = ORIENTED_EDGE('',*,*,#4587,.T.);
#6280 = ORIENTED_EDGE('',*,*,#6281,.T.);
#6281 = EDGE_CURVE('',#4561,#5306,#6282,.T.);
#6282 = SURFACE_CURVE('',#6283,(#6287,#6294),.PCURVE_S1.);
#6283 = LINE('',#6284,#6285);
#6284 = CARTESIAN_POINT('',(71.41,161.,-65.));
#6285 = VECTOR('',#6286,1.);
#6286 = DIRECTION('',(0.,0.,1.));
#6287 = PCURVE('',#4602,#6288);
#6288 = DEFINITIONAL_REPRESENTATION('',(#6289),#6293);
#6289 = LINE('',#6290,#6291);
#6290 = CARTESIAN_POINT('',(0.,0.));
#6291 = VECTOR('',#6292,1.);
#6292 = DIRECTION('',(0.,-1.));
#6293 = ( GEOMETRIC_REPRESENTATION_CONTEXT(2) 
PARAMETRIC_REPRESENTATION_CONTEXT() REPRESENTATION_CONTEXT('2D SPACE',''
  ) );
#6294 = PCURVE('',#4575,#6295);
#6295 = DEFINITIONAL_REPRESENTATION('',(#6296),#6300);
#6296 = LINE('',#6297,#6298);
#6297 = CARTESIAN_POINT('',(24.,0.));
#6298 = VECTOR('',#6299,1.);
#6299 = DIRECTION('',(0.,-1.));
#6300 = ( GEOMETRIC_REPRESENTATION_CONTEXT(2) 
PARAMETRIC_REPRESENTATION_CONTEXT() REPRESENTATION_CONTEXT('2D SPACE',''
  ) );
#6301 = ORIENTED_EDGE('',*,*,#5333,.F.);
#6302 = ORIENTED_EDGE('',*,*,#6303,.F.);
#6303 = EDGE_CURVE('',#6304,#5334,#6306,.T.);
#6304 = VERTEX_POINT('',#6305);
#6305 = CARTESIAN_POINT('',(71.41,171.,-32.34512670709));
#6306 = SURFACE_CURVE('',#6307,(#6311,#6318),.PCURVE_S1.);
#6307 = LINE('',#6308,#6309);
#6308 = CARTESIAN_POINT('',(71.41,171.,-65.));
#6309 = VECTOR('',#6310,1.);
#6310 = DIRECTION('',(0.,0.,1.));
#6311 = PCURVE('',#4602,#6312);
#6312 = DEFINITIONAL_REPRESENTATION('',(#6313),#6317);
#6313 = LINE('',#6314,#6315);
#6314 = CARTESIAN_POINT('',(10.,0.));
#6315 = VECTOR('',#6316,1.);
#6316 = DIRECTION('',(0.,-1.));
#6317 = ( GEOMETRIC_REPRESENTATION_CONTEXT(2) 
PARAMETRIC_REPRESENTATION_CONTEXT() REPRESENTATION_CONTEXT('2D SPACE',''
  ) );
#6318 = PCURVE('',#5372,#6319);
#6319 = DEFINITIONAL_REPRESENTATION('',(#6320),#6324);
#6320 = LINE('',#6321,#6322);
#6321 = CARTESIAN_POINT('',(0.,-0.));
#6322 = VECTOR('',#6323,1.);
#6323 = DIRECTION('',(0.,-1.));
#6324 = ( GEOMETRIC_REPRESENTATION_CONTEXT(2) 
PARAMETRIC_REPRESENTATION_CONTEXT() REPRESENTATION_CONTEXT('2D SPACE',''
  ) );
#6325 = ORIENTED_EDGE('',*,*,#6326,.F.);
#6326 = EDGE_CURVE('',#6145,#6304,#6327,.T.);
#6327 = SURFACE_CURVE('',#6328,(#6332,#6339),.PCURVE_S1.);
#6328 = LINE('',#6329,#6330);
#6329 = CARTESIAN_POINT('',(71.41,162.,-32.34512670709));
#6330 = VECTOR('',#6331,1.);
#6331 = DIRECTION('',(0.,1.,0.));
#6332 = PCURVE('',#4602,#6333);
#6333 = DEFINITIONAL_REPRESENTATION('',(#6334),#6338);
#6334 = LINE('',#6335,#6336);
#6335 = CARTESIAN_POINT('',(1.,-32.65487329291));
#6336 = VECTOR('',#6337,1.);
#6337 = DIRECTION('',(1.,0.));
#6338 = ( GEOMETRIC_REPRESENTATION_CONTEXT(2) 
PARAMETRIC_REPRESENTATION_CONTEXT() REPRESENTATION_CONTEXT('2D SPACE',''
  ) );
#6339 = PCURVE('',#6264,#6340);
#6340 = DEFINITIONAL_REPRESENTATION('',(#6341),#6344);
#6341 = B_SPLINE_CURVE_WITH_KNOTS('',1,(#6342,#6343),.UNSPECIFIED.,.F.,
  .F.,(2,2),(3.98317813173,10.),.PIECEWISE_BEZIER_KNOTS.);
#6342 = CARTESIAN_POINT('',(4.380495950296,3.98317813173));
#6343 = CARTESIAN_POINT('',(4.380495950296,10.));
#6344 = ( GEOMETRIC_REPRESENTATION_CONTEXT(2) 
PARAMETRIC_REPRESENTATION_CONTEXT() REPRESENTATION_CONTEXT('2D SPACE',''
  ) );
#6345 = ORIENTED_EDGE('',*,*,#6144,.T.);
#6346 = ADVANCED_FACE('',(#6347),#4575,.T.);
#6347 = FACE_BOUND('',#6348,.T.);
#6348 = EDGE_LOOP('',(#6349,#6350,#6351,#6352));
#6349 = ORIENTED_EDGE('',*,*,#6281,.F.);
#6350 = ORIENTED_EDGE('',*,*,#4560,.T.);
#6351 = ORIENTED_EDGE('',*,*,#4640,.T.);
#6352 = ORIENTED_EDGE('',*,*,#5305,.T.);
#6353 = ADVANCED_FACE('',(#6354),#4874,.T.);
#6354 = FACE_BOUND('',#6355,.T.);
#6355 = EDGE_LOOP('',(#6356,#6357,#6358,#6359));
#6356 = ORIENTED_EDGE('',*,*,#4987,.F.);
#6357 = ORIENTED_EDGE('',*,*,#4858,.F.);
#6358 = ORIENTED_EDGE('',*,*,#4911,.F.);
#6359 = ORIENTED_EDGE('',*,*,#5020,.F.);
#6360 = ADVANCED_FACE('',(#6361,#6396),#5150,.T.);
#6361 = FACE_BOUND('',#6362,.T.);
#6362 = EDGE_LOOP('',(#6363));
#6363 = ORIENTED_EDGE('',*,*,#6364,.F.);
#6364 = EDGE_CURVE('',#6365,#6365,#6367,.T.);
#6365 = VERTEX_POINT('',#6366);
#6366 = CARTESIAN_POINT('',(76.5,180.,-21.));
#6367 = SURFACE_CURVE('',#6368,(#6373,#6384),.PCURVE_S1.);
#6368 = CIRCLE('',#6369,9.);
#6369 = AXIS2_PLACEMENT_3D('',#6370,#6371,#6372);
#6370 = CARTESIAN_POINT('',(67.5,180.,-21.));
#6371 = DIRECTION('',(0.,-1.,0.));
#6372 = DIRECTION('',(-1.,0.,0.));
#6373 = PCURVE('',#5150,#6374);
#6374 = DEFINITIONAL_REPRESENTATION('',(#6375),#6383);
#6375 = ( BOUNDED_CURVE() B_SPLINE_CURVE(2,(#6376,#6377,#6378,#6379,
#6380,#6381,#6382),.UNSPECIFIED.,.T.,.F.) B_SPLINE_CURVE_WITH_KNOTS((1,2
    ,2,2,2,1),(-2.094395102393,0.,2.094395102393,4.188790204786,
6.28318530718,8.377580409573),.UNSPECIFIED.) CURVE() 
GEOMETRIC_REPRESENTATION_ITEM() RATIONAL_B_SPLINE_CURVE((1.,0.5,1.,0.5,
1.,0.5,1.)) REPRESENTATION_ITEM('') );
#6376 = CARTESIAN_POINT('',(9.,0.));
#6377 = CARTESIAN_POINT('',(9.,-15.58845726812));
#6378 = CARTESIAN_POINT('',(-4.5,-7.79422863406));
#6379 = CARTESIAN_POINT('',(-18.,-2.204364238465E-15));
#6380 = CARTESIAN_POINT('',(-4.5,7.79422863406));
#6381 = CARTESIAN_POINT('',(9.,15.58845726812));
#6382 = CARTESIAN_POINT('',(9.,0.));
#6383 = ( GEOMETRIC_REPRESENTATION_CONTEXT(2) 
PARAMETRIC_REPRESENTATION_CONTEXT() REPRESENTATION_CONTEXT('2D SPACE',''
  ) );
#6384 = PCURVE('',#6385,#6390);
#6385 = CONICAL_SURFACE('',#6386,10.5,0.785398163397);
#6386 = AXIS2_PLACEMENT_3D('',#6387,#6388,#6389);
#6387 = CARTESIAN_POINT('',(67.5,178.5,-21.));
#6388 = DIRECTION('',(0.,-1.,0.));
#6389 = DIRECTION('',(-1.,0.,0.));
#6390 = DEFINITIONAL_REPRESENTATION('',(#6391),#6395);
#6391 = LINE('',#6392,#6393);
#6392 = CARTESIAN_POINT('',(-6.28318530718,-1.5));
#6393 = VECTOR('',#6394,1.);
#6394 = DIRECTION('',(1.,0.));
#6395 = ( GEOMETRIC_REPRESENTATION_CONTEXT(2) 
PARAMETRIC_REPRESENTATION_CONTEXT() REPRESENTATION_CONTEXT('2D SPACE',''
  ) );
#6396 = FACE_BOUND('',#6397,.T.);
#6397 = EDGE_LOOP('',(#6398));
#6398 = ORIENTED_EDGE('',*,*,#5133,.T.);
#6399 = ADVANCED_FACE('',(#6400,#6406),#5204,.F.);
#6400 = FACE_BOUND('',#6401,.T.);
#6401 = EDGE_LOOP('',(#6402,#6403,#6404,#6405));
#6402 = ORIENTED_EDGE('',*,*,#5934,.T.);
#6403 = ORIENTED_EDGE('',*,*,#6012,.T.);
#6404 = ORIENTED_EDGE('',*,*,#5963,.T.);
#6405 = ORIENTED_EDGE('',*,*,#5860,.T.);
#6406 = FACE_BOUND('',#6407,.T.);
#6407 = EDGE_LOOP('',(#6408));
#6408 = ORIENTED_EDGE('',*,*,#5189,.F.);
#6409 = ADVANCED_FACE('',(#6410),#5242,.T.);
#6410 = FACE_BOUND('',#6411,.T.);
#6411 = EDGE_LOOP('',(#6412,#6440,#6459,#6460));
#6412 = ORIENTED_EDGE('',*,*,#6413,.F.);
#6413 = EDGE_CURVE('',#6414,#5741,#6416,.T.);
#6414 = VERTEX_POINT('',#6415);
#6415 = CARTESIAN_POINT('',(63.41,171.,-9.718515168649));
#6416 = SURFACE_CURVE('',#6417,(#6422,#6433),.PCURVE_S1.);
#6417 = CIRCLE('',#6418,12.);
#6418 = AXIS2_PLACEMENT_3D('',#6419,#6420,#6421);
#6419 = CARTESIAN_POINT('',(67.5,171.,-21.));
#6420 = DIRECTION('',(0.,1.,0.));
#6421 = DIRECTION('',(-1.,0.,0.));
#6422 = PCURVE('',#5242,#6423);
#6423 = DEFINITIONAL_REPRESENTATION('',(#6424),#6432);
#6424 = ( BOUNDED_CURVE() B_SPLINE_CURVE(2,(#6425,#6426,#6427,#6428,
#6429,#6430,#6431),.UNSPECIFIED.,.T.,.F.) B_SPLINE_CURVE_WITH_KNOTS((1,2
    ,2,2,2,1),(-2.094395102393,0.,2.094395102393,4.188790204786,
6.28318530718,8.377580409573),.UNSPECIFIED.) CURVE() 
GEOMETRIC_REPRESENTATION_ITEM() RATIONAL_B_SPLINE_CURVE((1.,0.5,1.,0.5,
1.,0.5,1.)) REPRESENTATION_ITEM('') );
#6425 = CARTESIAN_POINT('',(15.91,-44.));
#6426 = CARTESIAN_POINT('',(15.91,-64.78460969082));
#6427 = CARTESIAN_POINT('',(-2.09,-54.39230484541));
#6428 = CARTESIAN_POINT('',(-20.09,-44.));
#6429 = CARTESIAN_POINT('',(-2.09,-33.60769515458));
#6430 = CARTESIAN_POINT('',(15.91,-23.21539030917));
#6431 = CARTESIAN_POINT('',(15.91,-44.));
#6432 = ( GEOMETRIC_REPRESENTATION_CONTEXT(2) 
PARAMETRIC_REPRESENTATION_CONTEXT() REPRESENTATION_CONTEXT('2D SPACE',''
  ) );
#6433 = PCURVE('',#5513,#6434);
#6434 = DEFINITIONAL_REPRESENTATION('',(#6435),#6439);
#6435 = LINE('',#6436,#6437);
#6436 = CARTESIAN_POINT('',(0.,9.));
#6437 = VECTOR('',#6438,1.);
#6438 = DIRECTION('',(1.,0.));
#6439 = ( GEOMETRIC_REPRESENTATION_CONTEXT(2) 
PARAMETRIC_REPRESENTATION_CONTEXT() REPRESENTATION_CONTEXT('2D SPACE',''
  ) );
#6440 = ORIENTED_EDGE('',*,*,#6441,.T.);
#6441 = EDGE_CURVE('',#6414,#5226,#6442,.T.);
#6442 = SURFACE_CURVE('',#6443,(#6447,#6453),.PCURVE_S1.);
#6443 = LINE('',#6444,#6445);
#6444 = CARTESIAN_POINT('',(63.41,171.,-67.5));
#6445 = VECTOR('',#6446,1.);
#6446 = DIRECTION('',(-0.,-0.,-1.));
#6447 = PCURVE('',#5242,#6448);
#6448 = DEFINITIONAL_REPRESENTATION('',(#6449),#6452);
#6449 = B_SPLINE_CURVE_WITH_KNOTS('',1,(#6450,#6451),.UNSPECIFIED.,.F.,
  .F.,(2,2),(-58.5,-34.5),.PIECEWISE_BEZIER_KNOTS.);
#6450 = CARTESIAN_POINT('',(8.,-56.));
#6451 = CARTESIAN_POINT('',(8.,-32.));
#6452 = ( GEOMETRIC_REPRESENTATION_CONTEXT(2) 
PARAMETRIC_REPRESENTATION_CONTEXT() REPRESENTATION_CONTEXT('2D SPACE',''
  ) );
#6453 = PCURVE('',#5452,#6454);
#6454 = DEFINITIONAL_REPRESENTATION('',(#6455),#6458);
#6455 = B_SPLINE_CURVE_WITH_KNOTS('',1,(#6456,#6457),.UNSPECIFIED.,.F.,
  .F.,(2,2),(-58.5,-34.5),.PIECEWISE_BEZIER_KNOTS.);
#6456 = CARTESIAN_POINT('',(17.,-61.));
#6457 = CARTESIAN_POINT('',(17.,-37.));
#6458 = ( GEOMETRIC_REPRESENTATION_CONTEXT(2) 
PARAMETRIC_REPRESENTATION_CONTEXT() REPRESENTATION_CONTEXT('2D SPACE',''
  ) );
#6459 = ORIENTED_EDGE('',*,*,#5223,.F.);
#6460 = ORIENTED_EDGE('',*,*,#5762,.T.);
#6461 = ADVANCED_FACE('',(#6462),#5452,.T.);
#6462 = FACE_BOUND('',#6463,.T.);
#6463 = EDGE_LOOP('',(#6464,#6487,#6488,#6489,#6510));
#6464 = ORIENTED_EDGE('',*,*,#6465,.F.);
#6465 = EDGE_CURVE('',#5411,#6466,#6468,.T.);
#6466 = VERTEX_POINT('',#6467);
#6467 = CARTESIAN_POINT('',(63.41,178.,-10.78863868037));
#6468 = SURFACE_CURVE('',#6469,(#6473,#6480),.PCURVE_S1.);
#6469 = LINE('',#6470,#6471);
#6470 = CARTESIAN_POINT('',(63.41,178.,-70.));
#6471 = VECTOR('',#6472,1.);
#6472 = DIRECTION('',(0.,0.,1.));
#6473 = PCURVE('',#5452,#6474);
#6474 = DEFINITIONAL_REPRESENTATION('',(#6475),#6479);
#6475 = LINE('',#6476,#6477);
#6476 = CARTESIAN_POINT('',(24.,0.));
#6477 = VECTOR('',#6478,1.);
#6478 = DIRECTION('',(0.,-1.));
#6479 = ( GEOMETRIC_REPRESENTATION_CONTEXT(2) 
PARAMETRIC_REPRESENTATION_CONTEXT() REPRESENTATION_CONTEXT('2D SPACE',''
  ) );
#6480 = PCURVE('',#5427,#6481);
#6481 = DEFINITIONAL_REPRESENTATION('',(#6482),#6486);
#6482 = LINE('',#6483,#6484);
#6483 = CARTESIAN_POINT('',(0.,-0.));
#6484 = VECTOR('',#6485,1.);
#6485 = DIRECTION('',(0.,-1.));
#6486 = ( GEOMETRIC_REPRESENTATION_CONTEXT(2) 
PARAMETRIC_REPRESENTATION_CONTEXT() REPRESENTATION_CONTEXT('2D SPACE',''
  ) );
#6487 = ORIENTED_EDGE('',*,*,#5439,.T.);
#6488 = ORIENTED_EDGE('',*,*,#6441,.F.);
#6489 = ORIENTED_EDGE('',*,*,#6490,.T.);
#6490 = EDGE_CURVE('',#6414,#6491,#6493,.T.);
#6491 = VERTEX_POINT('',#6492);
#6492 = CARTESIAN_POINT('',(63.41,177.,-9.718515168649));
#6493 = SURFACE_CURVE('',#6494,(#6498,#6504),.PCURVE_S1.);
#6494 = LINE('',#6495,#6496);
#6495 = CARTESIAN_POINT('',(63.41,162.,-9.718515168649));
#6496 = VECTOR('',#6497,1.);
#6497 = DIRECTION('',(0.,1.,0.));
#6498 = PCURVE('',#5452,#6499);
#6499 = DEFINITIONAL_REPRESENTATION('',(#6500),#6503);
#6500 = B_SPLINE_CURVE_WITH_KNOTS('',1,(#6501,#6502),.UNSPECIFIED.,.F.,
  .F.,(2,2),(3.999262754114,15.0000006),.PIECEWISE_BEZIER_KNOTS.);
#6501 = CARTESIAN_POINT('',(11.999262754114,-60.28148483135));
#6502 = CARTESIAN_POINT('',(23.0000006,-60.28148483135));
#6503 = ( GEOMETRIC_REPRESENTATION_CONTEXT(2) 
PARAMETRIC_REPRESENTATION_CONTEXT() REPRESENTATION_CONTEXT('2D SPACE',''
  ) );
#6504 = PCURVE('',#5513,#6505);
#6505 = DEFINITIONAL_REPRESENTATION('',(#6506),#6509);
#6506 = B_SPLINE_CURVE_WITH_KNOTS('',1,(#6507,#6508),.UNSPECIFIED.,.F.,
  .F.,(2,2),(3.999262754114,15.0000006),.PIECEWISE_BEZIER_KNOTS.);
#6507 = CARTESIAN_POINT('',(7.506178470572,3.999262754114));
#6508 = CARTESIAN_POINT('',(7.506178470572,15.0000006));
#6509 = ( GEOMETRIC_REPRESENTATION_CONTEXT(2) 
PARAMETRIC_REPRESENTATION_CONTEXT() REPRESENTATION_CONTEXT('2D SPACE',''
  ) );
#6510 = ORIENTED_EDGE('',*,*,#6511,.F.);
#6511 = EDGE_CURVE('',#6466,#6491,#6512,.T.);
#6512 = SURFACE_CURVE('',#6513,(#6518,#6525),.PCURVE_S1.);
#6513 = HYPERBOLA('',#6514,4.090000000004,4.09);
#6514 = AXIS2_PLACEMENT_3D('',#6515,#6516,#6517);
#6515 = CARTESIAN_POINT('',(63.41,189.,-21.));
#6516 = DIRECTION('',(-1.,0.,0.));
#6517 = DIRECTION('',(0.,-1.,0.));
#6518 = PCURVE('',#5452,#6519);
#6519 = DEFINITIONAL_REPRESENTATION('',(#6520),#6524);
#6520 = ( BOUNDED_CURVE() B_SPLINE_CURVE(2,(#6521,#6522,#6523),
.UNSPECIFIED.,.F.,.F.) B_SPLINE_CURVE_WITH_KNOTS((3,3),(1.425666448643,
1.73911343219),.PIECEWISE_BEZIER_KNOTS.) CURVE() 
GEOMETRIC_REPRESENTATION_ITEM() RATIONAL_B_SPLINE_CURVE((1.,
1.012306284705,1.)) REPRESENTATION_ITEM('') );
#6521 = CARTESIAN_POINT('',(26.000000000001,-57.01697573901));
#6522 = CARTESIAN_POINT('',(24.753738562236,-58.4160510643));
#6523 = CARTESIAN_POINT('',(22.999999999999,-60.28148483135));
#6524 = ( GEOMETRIC_REPRESENTATION_CONTEXT(2) 
PARAMETRIC_REPRESENTATION_CONTEXT() REPRESENTATION_CONTEXT('2D SPACE',''
  ) );
#6525 = PCURVE('',#6385,#6526);
#6526 = DEFINITIONAL_REPRESENTATION('',(#6527),#6534);
#6527 = B_SPLINE_CURVE_WITH_KNOTS('',5,(#6528,#6529,#6530,#6531,#6532,
    #6533),.UNSPECIFIED.,.F.,.F.,(6,6),(1.425666448643,1.73911343219),
  .PIECEWISE_BEZIER_KNOTS.);
#6528 = CARTESIAN_POINT('',(-1.099047888537,-1.500000000001));
#6529 = CARTESIAN_POINT('',(-1.127536736597,-0.997420627487));
#6530 = CARTESIAN_POINT('',(-1.15403692776,-0.450629494444));
#6531 = CARTESIAN_POINT('',(-1.178685762027,0.144490146428));
#6532 = CARTESIAN_POINT('',(-1.201626527347,0.792770521936));
#6533 = CARTESIAN_POINT('',(-1.222993163392,1.500000000001));
#6534 = ( GEOMETRIC_REPRESENTATION_CONTEXT(2) 
PARAMETRIC_REPRESENTATION_CONTEXT() REPRESENTATION_CONTEXT('2D SPACE',''
  ) );
#6535 = ADVANCED_FACE('',(#6536),#5427,.T.);
#6536 = FACE_BOUND('',#6537,.T.);
#6537 = EDGE_LOOP('',(#6538,#6562,#6583,#6584));
#6538 = ORIENTED_EDGE('',*,*,#6539,.T.);
#6539 = EDGE_CURVE('',#6466,#6540,#6542,.T.);
#6540 = VERTEX_POINT('',#6541);
#6541 = CARTESIAN_POINT('',(63.41,178.,-31.21136131962));
#6542 = SURFACE_CURVE('',#6543,(#6548,#6555),.PCURVE_S1.);
#6543 = CIRCLE('',#6544,11.);
#6544 = AXIS2_PLACEMENT_3D('',#6545,#6546,#6547);
#6545 = CARTESIAN_POINT('',(67.5,178.,-21.));
#6546 = DIRECTION('',(0.,-1.,0.));
#6547 = DIRECTION('',(-1.,0.,0.));
#6548 = PCURVE('',#5427,#6549);
#6549 = DEFINITIONAL_REPRESENTATION('',(#6550),#6554);
#6550 = CIRCLE('',#6551,11.);
#6551 = AXIS2_PLACEMENT_2D('',#6552,#6553);
#6552 = CARTESIAN_POINT('',(-4.09,-49.));
#6553 = DIRECTION('',(1.,0.));
#6554 = ( GEOMETRIC_REPRESENTATION_CONTEXT(2) 
PARAMETRIC_REPRESENTATION_CONTEXT() REPRESENTATION_CONTEXT('2D SPACE',''
  ) );
#6555 = PCURVE('',#6385,#6556);
#6556 = DEFINITIONAL_REPRESENTATION('',(#6557),#6561);
#6557 = LINE('',#6558,#6559);
#6558 = CARTESIAN_POINT('',(-6.28318530718,0.5));
#6559 = VECTOR('',#6560,1.);
#6560 = DIRECTION('',(1.,0.));
#6561 = ( GEOMETRIC_REPRESENTATION_CONTEXT(2) 
PARAMETRIC_REPRESENTATION_CONTEXT() REPRESENTATION_CONTEXT('2D SPACE',''
  ) );
#6562 = ORIENTED_EDGE('',*,*,#6563,.T.);
#6563 = EDGE_CURVE('',#6540,#5385,#6564,.T.);
#6564 = SURFACE_CURVE('',#6565,(#6569,#6576),.PCURVE_S1.);
#6565 = LINE('',#6566,#6567);
#6566 = CARTESIAN_POINT('',(63.41,178.,-70.));
#6567 = VECTOR('',#6568,1.);
#6568 = DIRECTION('',(0.,0.,1.));
#6569 = PCURVE('',#5427,#6570);
#6570 = DEFINITIONAL_REPRESENTATION('',(#6571),#6575);
#6571 = LINE('',#6572,#6573);
#6572 = CARTESIAN_POINT('',(0.,-0.));
#6573 = VECTOR('',#6574,1.);
#6574 = DIRECTION('',(0.,-1.));
#6575 = ( GEOMETRIC_REPRESENTATION_CONTEXT(2) 
PARAMETRIC_REPRESENTATION_CONTEXT() REPRESENTATION_CONTEXT('2D SPACE',''
  ) );
#6576 = PCURVE('',#5399,#6577);
#6577 = DEFINITIONAL_REPRESENTATION('',(#6578),#6582);
#6578 = LINE('',#6579,#6580);
#6579 = CARTESIAN_POINT('',(24.,0.));
#6580 = VECTOR('',#6581,1.);
#6581 = DIRECTION('',(0.,-1.));
#6582 = ( GEOMETRIC_REPRESENTATION_CONTEXT(2) 
PARAMETRIC_REPRESENTATION_CONTEXT() REPRESENTATION_CONTEXT('2D SPACE',''
  ) );
#6583 = ORIENTED_EDGE('',*,*,#5410,.F.);
#6584 = ORIENTED_EDGE('',*,*,#6465,.T.);
#6585 = ADVANCED_FACE('',(#6586),#5399,.T.);
#6586 = FACE_BOUND('',#6587,.T.);
#6587 = EDGE_LOOP('',(#6588,#6589,#6616,#6637,#6656));
#6588 = ORIENTED_EDGE('',*,*,#6563,.F.);
#6589 = ORIENTED_EDGE('',*,*,#6590,.F.);
#6590 = EDGE_CURVE('',#6591,#6540,#6593,.T.);
#6591 = VERTEX_POINT('',#6592);
#6592 = CARTESIAN_POINT('',(63.41,177.,-32.28148483135));
#6593 = SURFACE_CURVE('',#6594,(#6599,#6606),.PCURVE_S1.);
#6594 = HYPERBOLA('',#6595,4.090000000004,4.09);
#6595 = AXIS2_PLACEMENT_3D('',#6596,#6597,#6598);
#6596 = CARTESIAN_POINT('',(63.41,189.,-21.));
#6597 = DIRECTION('',(-1.,0.,0.));
#6598 = DIRECTION('',(0.,-1.,0.));
#6599 = PCURVE('',#5399,#6600);
#6600 = DEFINITIONAL_REPRESENTATION('',(#6601),#6605);
#6601 = ( BOUNDED_CURVE() B_SPLINE_CURVE(2,(#6602,#6603,#6604),
.UNSPECIFIED.,.F.,.F.) B_SPLINE_CURVE_WITH_KNOTS((3,3),(-1.73911343219,
-1.425666448643),.PIECEWISE_BEZIER_KNOTS.) CURVE() 
GEOMETRIC_REPRESENTATION_ITEM() RATIONAL_B_SPLINE_CURVE((1.,
1.012306284705,1.)) REPRESENTATION_ITEM('') );
#6602 = CARTESIAN_POINT('',(22.999999999999,-37.71851516865));
#6603 = CARTESIAN_POINT('',(24.753738562236,-39.58394893569));
#6604 = CARTESIAN_POINT('',(26.000000000001,-40.98302426098));
#6605 = ( GEOMETRIC_REPRESENTATION_CONTEXT(2) 
PARAMETRIC_REPRESENTATION_CONTEXT() REPRESENTATION_CONTEXT('2D SPACE',''
  ) );
#6606 = PCURVE('',#6385,#6607);
#6607 = DEFINITIONAL_REPRESENTATION('',(#6608),#6615);
#6608 = B_SPLINE_CURVE_WITH_KNOTS('',5,(#6609,#6610,#6611,#6612,#6613,
    #6614),.UNSPECIFIED.,.F.,.F.,(6,6),(-1.73911343219,-1.425666448643),
  .PIECEWISE_BEZIER_KNOTS.);
#6609 = CARTESIAN_POINT('',(1.222993163392,1.500000000001));
#6610 = CARTESIAN_POINT('',(1.201626527347,0.792770521936));
#6611 = CARTESIAN_POINT('',(1.178685762027,0.144490146428));
#6612 = CARTESIAN_POINT('',(1.15403692776,-0.450629494444));
#6613 = CARTESIAN_POINT('',(1.127536736597,-0.997420627487));
#6614 = CARTESIAN_POINT('',(1.099047888537,-1.500000000001));
#6615 = ( GEOMETRIC_REPRESENTATION_CONTEXT(2) 
PARAMETRIC_REPRESENTATION_CONTEXT() REPRESENTATION_CONTEXT('2D SPACE',''
  ) );
#6616 = ORIENTED_EDGE('',*,*,#6617,.F.);
#6617 = EDGE_CURVE('',#6618,#6591,#6620,.T.);
#6618 = VERTEX_POINT('',#6619);
#6619 = CARTESIAN_POINT('',(63.41,171.,-32.28148483135));
#6620 = SURFACE_CURVE('',#6621,(#6625,#6631),.PCURVE_S1.);
#6621 = LINE('',#6622,#6623);
#6622 = CARTESIAN_POINT('',(63.41,162.,-32.28148483135));
#6623 = VECTOR('',#6624,1.);
#6624 = DIRECTION('',(0.,1.,0.));
#6625 = PCURVE('',#5399,#6626);
#6626 = DEFINITIONAL_REPRESENTATION('',(#6627),#6630);
#6627 = B_SPLINE_CURVE_WITH_KNOTS('',1,(#6628,#6629),.UNSPECIFIED.,.F.,
  .F.,(2,2),(3.999262754114,15.0000006),.PIECEWISE_BEZIER_KNOTS.);
#6628 = CARTESIAN_POINT('',(11.999262754114,-37.71851516864));
#6629 = CARTESIAN_POINT('',(23.0000006,-37.71851516864));
#6630 = ( GEOMETRIC_REPRESENTATION_CONTEXT(2) 
PARAMETRIC_REPRESENTATION_CONTEXT() REPRESENTATION_CONTEXT('2D SPACE',''
  ) );
#6631 = PCURVE('',#6264,#6632);
#6632 = DEFINITIONAL_REPRESENTATION('',(#6633),#6636);
#6633 = B_SPLINE_CURVE_WITH_KNOTS('',1,(#6634,#6635),.UNSPECIFIED.,.F.,
  .F.,(2,2),(3.999262754114,15.0000006),.PIECEWISE_BEZIER_KNOTS.);
#6634 = CARTESIAN_POINT('',(5.060192143787,3.999262754114));
#6635 = CARTESIAN_POINT('',(5.060192143787,15.0000006));
#6636 = ( GEOMETRIC_REPRESENTATION_CONTEXT(2) 
PARAMETRIC_REPRESENTATION_CONTEXT() REPRESENTATION_CONTEXT('2D SPACE',''
  ) );
#6637 = ORIENTED_EDGE('',*,*,#6638,.F.);
#6638 = EDGE_CURVE('',#5356,#6618,#6639,.T.);
#6639 = SURFACE_CURVE('',#6640,(#6644,#6650),.PCURVE_S1.);
#6640 = LINE('',#6641,#6642);
#6641 = CARTESIAN_POINT('',(63.41,171.,-67.5));
#6642 = VECTOR('',#6643,1.);
#6643 = DIRECTION('',(-0.,-0.,-1.));
#6644 = PCURVE('',#5399,#6645);
#6645 = DEFINITIONAL_REPRESENTATION('',(#6646),#6649);
#6646 = B_SPLINE_CURVE_WITH_KNOTS('',1,(#6647,#6648),.UNSPECIFIED.,.F.,
  .F.,(2,2),(-58.5,-34.5),.PIECEWISE_BEZIER_KNOTS.);
#6647 = CARTESIAN_POINT('',(17.,-61.));
#6648 = CARTESIAN_POINT('',(17.,-37.));
#6649 = ( GEOMETRIC_REPRESENTATION_CONTEXT(2) 
PARAMETRIC_REPRESENTATION_CONTEXT() REPRESENTATION_CONTEXT('2D SPACE',''
  ) );
#6650 = PCURVE('',#5372,#6651);
#6651 = DEFINITIONAL_REPRESENTATION('',(#6652),#6655);
#6652 = B_SPLINE_CURVE_WITH_KNOTS('',1,(#6653,#6654),.UNSPECIFIED.,.F.,
  .F.,(2,2),(-58.5,-34.5),.PIECEWISE_BEZIER_KNOTS.);
#6653 = CARTESIAN_POINT('',(8.,-56.));
#6654 = CARTESIAN_POINT('',(8.,-32.));
#6655 = ( GEOMETRIC_REPRESENTATION_CONTEXT(2) 
PARAMETRIC_REPRESENTATION_CONTEXT() REPRESENTATION_CONTEXT('2D SPACE',''
  ) );
#6656 = ORIENTED_EDGE('',*,*,#5384,.F.);
#6657 = ADVANCED_FACE('',(#6658),#5372,.T.);
#6658 = FACE_BOUND('',#6659,.T.);
#6659 = EDGE_LOOP('',(#6660,#6686,#6687,#6688));
#6660 = ORIENTED_EDGE('',*,*,#6661,.F.);
#6661 = EDGE_CURVE('',#6304,#6618,#6662,.T.);
#6662 = SURFACE_CURVE('',#6663,(#6668,#6679),.PCURVE_S1.);
#6663 = CIRCLE('',#6664,12.);
#6664 = AXIS2_PLACEMENT_3D('',#6665,#6666,#6667);
#6665 = CARTESIAN_POINT('',(67.5,171.,-21.));
#6666 = DIRECTION('',(0.,1.,0.));
#6667 = DIRECTION('',(-1.,0.,0.));
#6668 = PCURVE('',#5372,#6669);
#6669 = DEFINITIONAL_REPRESENTATION('',(#6670),#6678);
#6670 = ( BOUNDED_CURVE() B_SPLINE_CURVE(2,(#6671,#6672,#6673,#6674,
#6675,#6676,#6677),.UNSPECIFIED.,.T.,.F.) B_SPLINE_CURVE_WITH_KNOTS((1,2
    ,2,2,2,1),(-2.094395102393,0.,2.094395102393,4.188790204786,
6.28318530718,8.377580409573),.UNSPECIFIED.) CURVE() 
GEOMETRIC_REPRESENTATION_ITEM() RATIONAL_B_SPLINE_CURVE((1.,0.5,1.,0.5,
1.,0.5,1.)) REPRESENTATION_ITEM('') );
#6671 = CARTESIAN_POINT('',(15.91,-44.));
#6672 = CARTESIAN_POINT('',(15.91,-64.78460969082));
#6673 = CARTESIAN_POINT('',(-2.09,-54.39230484541));
#6674 = CARTESIAN_POINT('',(-20.09,-44.));
#6675 = CARTESIAN_POINT('',(-2.09,-33.60769515458));
#6676 = CARTESIAN_POINT('',(15.91,-23.21539030917));
#6677 = CARTESIAN_POINT('',(15.91,-44.));
#6678 = ( GEOMETRIC_REPRESENTATION_CONTEXT(2) 
PARAMETRIC_REPRESENTATION_CONTEXT() REPRESENTATION_CONTEXT('2D SPACE',''
  ) );
#6679 = PCURVE('',#6264,#6680);
#6680 = DEFINITIONAL_REPRESENTATION('',(#6681),#6685);
#6681 = LINE('',#6682,#6683);
#6682 = CARTESIAN_POINT('',(0.,9.));
#6683 = VECTOR('',#6684,1.);
#6684 = DIRECTION('',(1.,0.));
#6685 = ( GEOMETRIC_REPRESENTATION_CONTEXT(2) 
PARAMETRIC_REPRESENTATION_CONTEXT() REPRESENTATION_CONTEXT('2D SPACE',''
  ) );
#6686 = ORIENTED_EDGE('',*,*,#6303,.T.);
#6687 = ORIENTED_EDGE('',*,*,#5355,.F.);
#6688 = ORIENTED_EDGE('',*,*,#6638,.T.);
#6689 = ADVANCED_FACE('',(#6690),#5513,.T.);
#6690 = FACE_BOUND('',#6691,.T.);
#6691 = EDGE_LOOP('',(#6692,#6717,#6739,#6740,#6741,#6742,#6743));
#6692 = ORIENTED_EDGE('',*,*,#6693,.F.);
#6693 = EDGE_CURVE('',#6694,#6696,#6698,.T.);
#6694 = VERTEX_POINT('',#6695);
#6695 = CARTESIAN_POINT('',(79.5,177.,-21.));
#6696 = VERTEX_POINT('',#6697);
#6697 = CARTESIAN_POINT('',(79.5,166.,-21.));
#6698 = SURFACE_CURVE('',#6699,(#6703,#6710),.PCURVE_S1.);
#6699 = LINE('',#6700,#6701);
#6700 = CARTESIAN_POINT('',(79.5,162.,-21.));
#6701 = VECTOR('',#6702,1.);
#6702 = DIRECTION('',(0.,-1.,0.));
#6703 = PCURVE('',#5513,#6704);
#6704 = DEFINITIONAL_REPRESENTATION('',(#6705),#6709);
#6705 = LINE('',#6706,#6707);
#6706 = CARTESIAN_POINT('',(9.424777960769,0.));
#6707 = VECTOR('',#6708,1.);
#6708 = DIRECTION('',(0.,-1.));
#6709 = ( GEOMETRIC_REPRESENTATION_CONTEXT(2) 
PARAMETRIC_REPRESENTATION_CONTEXT() REPRESENTATION_CONTEXT('2D SPACE',''
  ) );
#6710 = PCURVE('',#6264,#6711);
#6711 = DEFINITIONAL_REPRESENTATION('',(#6712),#6716);
#6712 = LINE('',#6713,#6714);
#6713 = CARTESIAN_POINT('',(3.14159265359,0.));
#6714 = VECTOR('',#6715,1.);
#6715 = DIRECTION('',(0.,-1.));
#6716 = ( GEOMETRIC_REPRESENTATION_CONTEXT(2) 
PARAMETRIC_REPRESENTATION_CONTEXT() REPRESENTATION_CONTEXT('2D SPACE',''
  ) );
#6717 = ORIENTED_EDGE('',*,*,#6718,.F.);
#6718 = EDGE_CURVE('',#6491,#6694,#6719,.T.);
#6719 = SURFACE_CURVE('',#6720,(#6725,#6732),.PCURVE_S1.);
#6720 = CIRCLE('',#6721,12.);
#6721 = AXIS2_PLACEMENT_3D('',#6722,#6723,#6724);
#6722 = CARTESIAN_POINT('',(67.5,177.,-21.));
#6723 = DIRECTION('',(0.,1.,0.));
#6724 = DIRECTION('',(-1.,0.,0.));
#6725 = PCURVE('',#5513,#6726);
#6726 = DEFINITIONAL_REPRESENTATION('',(#6727),#6731);
#6727 = LINE('',#6728,#6729);
#6728 = CARTESIAN_POINT('',(-4.138911435803E-13,15.));
#6729 = VECTOR('',#6730,1.);
#6730 = DIRECTION('',(1.,0.));
#6731 = ( GEOMETRIC_REPRESENTATION_CONTEXT(2) 
PARAMETRIC_REPRESENTATION_CONTEXT() REPRESENTATION_CONTEXT('2D SPACE',''
  ) );
#6732 = PCURVE('',#6385,#6733);
#6733 = DEFINITIONAL_REPRESENTATION('',(#6734),#6738);
#6734 = LINE('',#6735,#6736);
#6735 = CARTESIAN_POINT('',(6.28318530718,1.5));
#6736 = VECTOR('',#6737,1.);
#6737 = DIRECTION('',(-1.,0.));
#6738 = ( GEOMETRIC_REPRESENTATION_CONTEXT(2) 
PARAMETRIC_REPRESENTATION_CONTEXT() REPRESENTATION_CONTEXT('2D SPACE',''
  ) );
#6739 = ORIENTED_EDGE('',*,*,#6490,.F.);
#6740 = ORIENTED_EDGE('',*,*,#6413,.T.);
#6741 = ORIENTED_EDGE('',*,*,#5740,.F.);
#6742 = ORIENTED_EDGE('',*,*,#5493,.F.);
#6743 = ORIENTED_EDGE('',*,*,#6744,.F.);
#6744 = EDGE_CURVE('',#6696,#5494,#6745,.T.);
#6745 = SURFACE_CURVE('',#6746,(#6751,#6758),.PCURVE_S1.);
#6746 = CIRCLE('',#6747,12.);
#6747 = AXIS2_PLACEMENT_3D('',#6748,#6749,#6750);
#6748 = CARTESIAN_POINT('',(67.5,166.,-21.));
#6749 = DIRECTION('',(0.,-1.,0.));
#6750 = DIRECTION('',(-1.,0.,0.));
#6751 = PCURVE('',#5513,#6752);
#6752 = DEFINITIONAL_REPRESENTATION('',(#6753),#6757);
#6753 = LINE('',#6754,#6755);
#6754 = CARTESIAN_POINT('',(12.56637061436,4.));
#6755 = VECTOR('',#6756,1.);
#6756 = DIRECTION('',(-1.,0.));
#6757 = ( GEOMETRIC_REPRESENTATION_CONTEXT(2) 
PARAMETRIC_REPRESENTATION_CONTEXT() REPRESENTATION_CONTEXT('2D SPACE',''
  ) );
#6758 = PCURVE('',#5666,#6759);
#6759 = DEFINITIONAL_REPRESENTATION('',(#6760),#6764);
#6760 = LINE('',#6761,#6762);
#6761 = CARTESIAN_POINT('',(-1.570796326795,3.14159265359));
#6762 = VECTOR('',#6763,1.);
#6763 = DIRECTION('',(1.,0.));
#6764 = ( GEOMETRIC_REPRESENTATION_CONTEXT(2) 
PARAMETRIC_REPRESENTATION_CONTEXT() REPRESENTATION_CONTEXT('2D SPACE',''
  ) );
#6765 = ADVANCED_FACE('',(#6766),#5666,.F.);
#6766 = FACE_BOUND('',#6767,.F.);
#6767 = EDGE_LOOP('',(#6768,#6769,#6770,#6771,#6793));
#6768 = ORIENTED_EDGE('',*,*,#5681,.F.);
#6769 = ORIENTED_EDGE('',*,*,#5629,.F.);
#6770 = ORIENTED_EDGE('',*,*,#6744,.F.);
#6771 = ORIENTED_EDGE('',*,*,#6772,.F.);
#6772 = EDGE_CURVE('',#6098,#6696,#6773,.T.);
#6773 = SURFACE_CURVE('',#6774,(#6779,#6786),.PCURVE_S1.);
#6774 = CIRCLE('',#6775,12.);
#6775 = AXIS2_PLACEMENT_3D('',#6776,#6777,#6778);
#6776 = CARTESIAN_POINT('',(67.5,166.,-21.));
#6777 = DIRECTION('',(0.,-1.,0.));
#6778 = DIRECTION('',(-1.,0.,0.));
#6779 = PCURVE('',#5666,#6780);
#6780 = DEFINITIONAL_REPRESENTATION('',(#6781),#6785);
#6781 = LINE('',#6782,#6783);
#6782 = CARTESIAN_POINT('',(-1.570796326795,3.14159265359));
#6783 = VECTOR('',#6784,1.);
#6784 = DIRECTION('',(1.,0.));
#6785 = ( GEOMETRIC_REPRESENTATION_CONTEXT(2) 
PARAMETRIC_REPRESENTATION_CONTEXT() REPRESENTATION_CONTEXT('2D SPACE',''
  ) );
#6786 = PCURVE('',#6264,#6787);
#6787 = DEFINITIONAL_REPRESENTATION('',(#6788),#6792);
#6788 = LINE('',#6789,#6790);
#6789 = CARTESIAN_POINT('',(6.28318530718,4.));
#6790 = VECTOR('',#6791,1.);
#6791 = DIRECTION('',(-1.,0.));
#6792 = ( GEOMETRIC_REPRESENTATION_CONTEXT(2) 
PARAMETRIC_REPRESENTATION_CONTEXT() REPRESENTATION_CONTEXT('2D SPACE',''
  ) );
#6793 = ORIENTED_EDGE('',*,*,#6097,.F.);
#6794 = ADVANCED_FACE('',(#6795),#6264,.T.);
#6795 = FACE_BOUND('',#6796,.T.);
#6796 = EDGE_LOOP('',(#6797,#6819,#6820,#6821,#6822,#6823,#6824));
#6797 = ORIENTED_EDGE('',*,*,#6798,.F.);
#6798 = EDGE_CURVE('',#6694,#6591,#6799,.T.);
#6799 = SURFACE_CURVE('',#6800,(#6805,#6812),.PCURVE_S1.);
#6800 = CIRCLE('',#6801,12.);
#6801 = AXIS2_PLACEMENT_3D('',#6802,#6803,#6804);
#6802 = CARTESIAN_POINT('',(67.5,177.,-21.));
#6803 = DIRECTION('',(0.,1.,0.));
#6804 = DIRECTION('',(-1.,0.,0.));
#6805 = PCURVE('',#6264,#6806);
#6806 = DEFINITIONAL_REPRESENTATION('',(#6807),#6811);
#6807 = LINE('',#6808,#6809);
#6808 = CARTESIAN_POINT('',(-4.138911435803E-13,15.));
#6809 = VECTOR('',#6810,1.);
#6810 = DIRECTION('',(1.,0.));
#6811 = ( GEOMETRIC_REPRESENTATION_CONTEXT(2) 
PARAMETRIC_REPRESENTATION_CONTEXT() REPRESENTATION_CONTEXT('2D SPACE',''
  ) );
#6812 = PCURVE('',#6385,#6813);
#6813 = DEFINITIONAL_REPRESENTATION('',(#6814),#6818);
#6814 = LINE('',#6815,#6816);
#6815 = CARTESIAN_POINT('',(6.28318530718,1.5));
#6816 = VECTOR('',#6817,1.);
#6817 = DIRECTION('',(-1.,0.));
#6818 = ( GEOMETRIC_REPRESENTATION_CONTEXT(2) 
PARAMETRIC_REPRESENTATION_CONTEXT() REPRESENTATION_CONTEXT('2D SPACE',''
  ) );
#6819 = ORIENTED_EDGE('',*,*,#6693,.T.);
#6820 = ORIENTED_EDGE('',*,*,#6772,.F.);
#6821 = ORIENTED_EDGE('',*,*,#6248,.F.);
#6822 = ORIENTED_EDGE('',*,*,#6326,.T.);
#6823 = ORIENTED_EDGE('',*,*,#6661,.T.);
#6824 = ORIENTED_EDGE('',*,*,#6617,.T.);
#6825 = ADVANCED_FACE('',(#6826),#6385,.T.);
#6826 = FACE_BOUND('',#6827,.T.);
#6827 = EDGE_LOOP('',(#6828,#6849,#6850,#6851,#6852,#6853,#6854,#6855));
#6828 = ORIENTED_EDGE('',*,*,#6829,.F.);
#6829 = EDGE_CURVE('',#6365,#6694,#6830,.T.);
#6830 = SEAM_CURVE('',#6831,(#6835,#6842),.PCURVE_S1.);
#6831 = LINE('',#6832,#6833);
#6832 = CARTESIAN_POINT('',(78.,178.5,-21.));
#6833 = VECTOR('',#6834,1.);
#6834 = DIRECTION('',(0.707106781187,-0.707106781187,-8.659560562343E-17
    ));
#6835 = PCURVE('',#6385,#6836);
#6836 = DEFINITIONAL_REPRESENTATION('',(#6837),#6841);
#6837 = LINE('',#6838,#6839);
#6838 = CARTESIAN_POINT('',(-3.14159265359,0.));
#6839 = VECTOR('',#6840,1.);
#6840 = DIRECTION('',(0.,1.));
#6841 = ( GEOMETRIC_REPRESENTATION_CONTEXT(2) 
PARAMETRIC_REPRESENTATION_CONTEXT() REPRESENTATION_CONTEXT('2D SPACE',''
  ) );
#6842 = PCURVE('',#6385,#6843);
#6843 = DEFINITIONAL_REPRESENTATION('',(#6844),#6848);
#6844 = LINE('',#6845,#6846);
#6845 = CARTESIAN_POINT('',(3.14159265359,0.));
#6846 = VECTOR('',#6847,1.);
#6847 = DIRECTION('',(0.,1.));
#6848 = ( GEOMETRIC_REPRESENTATION_CONTEXT(2) 
PARAMETRIC_REPRESENTATION_CONTEXT() REPRESENTATION_CONTEXT('2D SPACE',''
  ) );
#6849 = ORIENTED_EDGE('',*,*,#6364,.T.);
#6850 = ORIENTED_EDGE('',*,*,#6829,.T.);
#6851 = ORIENTED_EDGE('',*,*,#6798,.T.);
#6852 = ORIENTED_EDGE('',*,*,#6590,.T.);
#6853 = ORIENTED_EDGE('',*,*,#6539,.F.);
#6854 = ORIENTED_EDGE('',*,*,#6511,.T.);
#6855 = ORIENTED_EDGE('',*,*,#6718,.T.);
#6856 = ( GEOMETRIC_REPRESENTATION_CONTEXT(3) 
GLOBAL_UNCERTAINTY_ASSIGNED_CONTEXT((#6860)) 
GLOBAL_UNIT_ASSIGNED_CONTEXT((#6857,#6858,#6859)) REPRESENTATION_CONTEXT
('Context #1','3D Context with UNIT and UNCERTAINTY') );
#6857 = ( LENGTH_UNIT() NAMED_UNIT(*) SI_UNIT(.MILLI.,.METRE.) );
#6858 = ( NAMED_UNIT(*) PLANE_ANGLE_UNIT() SI_UNIT($,.RADIAN.) );
#6859 = ( NAMED_UNIT(*) SI_UNIT($,.STERADIAN.) SOLID_ANGLE_UNIT() );
#6860 = UNCERTAINTY_MEASURE_WITH_UNIT(LENGTH_MEASURE(2.E-04),#6857,
  'distance_accuracy_value','confusion accuracy');
#6861 = PRODUCT_RELATED_PRODUCT_CATEGORY('part',$,(#7));
ENDSEC;
END-ISO-10303-21;
