ISO-10303-21;
HEADER;
FILE_DESCRIPTION(('Open CASCADE Model'),'2;1');
FILE_NAME('Open CASCADE Shape Model','2026-08-19T18:53:08',('Author'),(
    'Open CASCADE'),'Open CASCADE STEP processor 7.9','Open CASCADE 7.9'
  ,'Unknown');
FILE_SCHEMA(('AUTOMOTIVE_DESIGN { 1 0 10303 214 1 1 1 1 }'));
ENDSEC;
DATA;
#1 = APPLICATION_PROTOCOL_DEFINITION('international standard',
  'automotive_design',2000,#2);
#2 = APPLICATION_CONTEXT(
  'core data for automotive mechanical design processes');
#3 = SHAPE_DEFINITION_REPRESENTATION(#4,#10);
#4 = PRODUCT_DEFINITION_SHAPE('','',#5);
#5 = PRODUCT_DEFINITION('design','',#6,#9);
#6 = PRODUCT_DEFINITION_FORMATION('','',#7);
#7 = PRODUCT('Open CASCADE STEP translator 7.9 1',
  'Open CASCADE STEP translator 7.9 1','',(#8));
#8 = PRODUCT_CONTEXT('',#2,'mechanical');
#9 = PRODUCT_DEFINITION_CONTEXT('part definition',#2,'design');
#10 = ADVANCED_BREP_SHAPE_REPRESENTATION('',(#11,#15),#4125);
#11 = AXIS2_PLACEMENT_3D('',#12,#13,#14);
#12 = CARTESIAN_POINT('',(0.,0.,0.));
#13 = DIRECTION('',(0.,0.,1.));
#14 = DIRECTION('',(1.,0.,-0.));
#15 = MANIFOLD_SOLID_BREP('',#16);
#16 = CLOSED_SHELL('',(#17,#139,#227,#308,#391,#765,#820,#875,#958,#1013
    ,#1063,#1141,#1197,#1252,#1308,#1363,#1874,#1929,#2412,#2468,#2523,
    #2556,#2610,#2661,#3071,#3099,#3148,#3219,#3269,#3318,#3368,#3417,
    #3472,#3498,#3545,#3573,#3623,#3628,#3678,#3727,#3755,#3783,#3832,
    #3860,#3888,#3916,#3944,#3972,#4000,#4027,#4076,#4104,#4111,#4118));
#17 = ADVANCED_FACE('',(#18),#33,.T.);
#18 = FACE_BOUND('',#19,.T.);
#19 = EDGE_LOOP('',(#20,#56,#84,#113));
#20 = ORIENTED_EDGE('',*,*,#21,.T.);
#21 = EDGE_CURVE('',#22,#24,#26,.T.);
#22 = VERTEX_POINT('',#23);
#23 = CARTESIAN_POINT('',(-174.6199967142,-371.7854440421,
    534.90862636522));
#24 = VERTEX_POINT('',#25);
#25 = CARTESIAN_POINT('',(-176.6199967142,-369.8535923895,
    534.39098827502));
#26 = SURFACE_CURVE('',#27,(#32,#44),.PCURVE_S1.);
#27 = CIRCLE('',#28,2.);
#28 = AXIS2_PLACEMENT_3D('',#29,#30,#31);
#29 = CARTESIAN_POINT('',(-174.6199967142,-369.8535923895,
    534.39098827502));
#30 = DIRECTION('',(-2.940346835074E-17,-0.258819045103,-0.965925826289)
  );
#31 = DIRECTION('',(-1.008768357388E-16,-0.965925826289,0.258819045103)
  );
#32 = PCURVE('',#33,#38);
#33 = CYLINDRICAL_SURFACE('',#34,2.);
#34 = AXIS2_PLACEMENT_3D('',#35,#36,#37);
#35 = CARTESIAN_POINT('',(-174.6199967142,-399.6177825763,
    423.30951825178));
#36 = DIRECTION('',(6.713766422536E-17,-0.258819045103,-0.965925826289)
  );
#37 = DIRECTION('',(-0.707106781187,-0.683012701892,0.183012701892));
#38 = DEFINITIONAL_REPRESENTATION('',(#39),#43);
#39 = LINE('',#40,#41);
#40 = CARTESIAN_POINT('',(5.497787143782,-115.));
#41 = VECTOR('',#42,1.);
#42 = DIRECTION('',(1.,0.));
#43 = ( GEOMETRIC_REPRESENTATION_CONTEXT(2) 
PARAMETRIC_REPRESENTATION_CONTEXT() REPRESENTATION_CONTEXT('2D SPACE',''
  ) );
#44 = PCURVE('',#45,#50);
#45 = TOROIDAL_SURFACE('',#46,52.,2.);
#46 = AXIS2_PLACEMENT_3D('',#47,#48,#49);
#47 = CARTESIAN_POINT('',(-226.6199967142,-369.8535923895,
    534.39098827502));
#48 = DIRECTION('',(1.008768357388E-16,0.965925826289,-0.258819045103));
#49 = DIRECTION('',(-1.,9.743954091444E-17,-2.610884629888E-17));
#50 = DEFINITIONAL_REPRESENTATION('',(#51),#55);
#51 = LINE('',#52,#53);
#52 = CARTESIAN_POINT('',(3.14159265359,4.712388980385));
#53 = VECTOR('',#54,1.);
#54 = DIRECTION('',(0.,-1.));
#55 = ( GEOMETRIC_REPRESENTATION_CONTEXT(2) 
PARAMETRIC_REPRESENTATION_CONTEXT() REPRESENTATION_CONTEXT('2D SPACE',''
  ) );
#56 = ORIENTED_EDGE('',*,*,#57,.T.);
#57 = EDGE_CURVE('',#24,#58,#60,.T.);
#58 = VERTEX_POINT('',#59);
#59 = CARTESIAN_POINT('',(-176.6199967142,-488.9103531366,
    90.065108182052));
#60 = SURFACE_CURVE('',#61,(#65,#72),.PCURVE_S1.);
#61 = LINE('',#62,#63);
#62 = CARTESIAN_POINT('',(-176.6199967142,-399.6177825763,
    423.30951825178));
#63 = VECTOR('',#64,1.);
#64 = DIRECTION('',(6.713766422536E-17,-0.258819045103,-0.965925826289)
  );
#65 = PCURVE('',#33,#66);
#66 = DEFINITIONAL_REPRESENTATION('',(#67),#71);
#67 = LINE('',#68,#69);
#68 = CARTESIAN_POINT('',(7.068583470577,2.84217094304E-14));
#69 = VECTOR('',#70,1.);
#70 = DIRECTION('',(4.247809833348E-17,1.));
#71 = ( GEOMETRIC_REPRESENTATION_CONTEXT(2) 
PARAMETRIC_REPRESENTATION_CONTEXT() REPRESENTATION_CONTEXT('2D SPACE',''
  ) );
#72 = PCURVE('',#73,#78);
#73 = PLANE('',#74);
#74 = AXIS2_PLACEMENT_3D('',#75,#76,#77);
#75 = CARTESIAN_POINT('',(-176.6199967142,-352.4669275163,
    529.73224546317));
#76 = DIRECTION('',(-1.,8.006303476922E-17,-9.095885009088E-17));
#77 = DIRECTION('',(6.713766422536E-17,-0.258819045103,-0.965925826289)
  );
#78 = DEFINITIONAL_REPRESENTATION('',(#79),#83);
#79 = LINE('',#80,#81);
#80 = CARTESIAN_POINT('',(115.,18.));
#81 = VECTOR('',#82,1.);
#82 = DIRECTION('',(1.,5.551115123126E-17));
#83 = ( GEOMETRIC_REPRESENTATION_CONTEXT(2) 
PARAMETRIC_REPRESENTATION_CONTEXT() REPRESENTATION_CONTEXT('2D SPACE',''
  ) );
#84 = ORIENTED_EDGE('',*,*,#85,.T.);
#85 = EDGE_CURVE('',#58,#86,#88,.T.);
#86 = VERTEX_POINT('',#87);
#87 = CARTESIAN_POINT('',(-174.6199967142,-490.8422047892,
    90.582746272257));
#88 = SURFACE_CURVE('',#89,(#94,#101),.PCURVE_S1.);
#89 = CIRCLE('',#90,2.);
#90 = AXIS2_PLACEMENT_3D('',#91,#92,#93);
#91 = CARTESIAN_POINT('',(-174.6199967142,-488.9103531366,
    90.065108182052));
#92 = DIRECTION('',(2.940346835074E-17,0.258819045103,0.965925826289));
#93 = DIRECTION('',(-1.,1.050497185157E-16,2.292723163573E-18));
#94 = PCURVE('',#33,#95);
#95 = DEFINITIONAL_REPRESENTATION('',(#96),#100);
#96 = LINE('',#97,#98);
#97 = CARTESIAN_POINT('',(7.068583470577,345.));
#98 = VECTOR('',#99,1.);
#99 = DIRECTION('',(-1.,0.));
#100 = ( GEOMETRIC_REPRESENTATION_CONTEXT(2) 
PARAMETRIC_REPRESENTATION_CONTEXT() REPRESENTATION_CONTEXT('2D SPACE',''
  ) );
#101 = PCURVE('',#102,#107);
#102 = TOROIDAL_SURFACE('',#103,52.,2.);
#103 = AXIS2_PLACEMENT_3D('',#104,#105,#106);
#104 = CARTESIAN_POINT('',(-226.6199967142,-488.9103531366,
    90.065108182052));
#105 = DIRECTION('',(1.008768357388E-16,0.965925826289,-0.258819045103)
  );
#106 = DIRECTION('',(-1.,9.743954091444E-17,-2.610884629888E-17));
#107 = DEFINITIONAL_REPRESENTATION('',(#108),#112);
#108 = LINE('',#109,#110);
#109 = CARTESIAN_POINT('',(3.14159265359,3.14159265359));
#110 = VECTOR('',#111,1.);
#111 = DIRECTION('',(2.827159716856E-16,1.));
#112 = ( GEOMETRIC_REPRESENTATION_CONTEXT(2) 
PARAMETRIC_REPRESENTATION_CONTEXT() REPRESENTATION_CONTEXT('2D SPACE',''
  ) );
#113 = ORIENTED_EDGE('',*,*,#114,.T.);
#114 = EDGE_CURVE('',#86,#22,#115,.T.);
#115 = SURFACE_CURVE('',#116,(#120,#127),.PCURVE_S1.);
#116 = LINE('',#117,#118);
#117 = CARTESIAN_POINT('',(-174.6199967142,-401.5496342289,
    423.82715634198));
#118 = VECTOR('',#119,1.);
#119 = DIRECTION('',(-6.713766422536E-17,0.258819045103,0.965925826289)
  );
#120 = PCURVE('',#33,#121);
#121 = DEFINITIONAL_REPRESENTATION('',(#122),#126);
#122 = LINE('',#123,#124);
#123 = CARTESIAN_POINT('',(5.497787143782,2.84217094304E-13));
#124 = VECTOR('',#125,1.);
#125 = DIRECTION('',(-2.123904916674E-17,-1.));
#126 = ( GEOMETRIC_REPRESENTATION_CONTEXT(2) 
PARAMETRIC_REPRESENTATION_CONTEXT() REPRESENTATION_CONTEXT('2D SPACE',''
  ) );
#127 = PCURVE('',#128,#133);
#128 = PLANE('',#129);
#129 = AXIS2_PLACEMENT_3D('',#130,#131,#132);
#130 = CARTESIAN_POINT('',(-556.6199967142,-431.3138244156,
    312.74568631874));
#131 = DIRECTION('',(1.008768357388E-16,0.965925826289,-0.258819045103)
  );
#132 = DIRECTION('',(-1.,1.050497185157E-16,2.292723163573E-18));
#133 = DEFINITIONAL_REPRESENTATION('',(#134),#138);
#134 = LINE('',#135,#136);
#135 = CARTESIAN_POINT('',(-382.,115.));
#136 = VECTOR('',#137,1.);
#137 = DIRECTION('',(9.65411325761E-17,1.));
#138 = ( GEOMETRIC_REPRESENTATION_CONTEXT(2) 
PARAMETRIC_REPRESENTATION_CONTEXT() REPRESENTATION_CONTEXT('2D SPACE',''
  ) );
#139 = ADVANCED_FACE('',(#140),#45,.T.);
#140 = FACE_BOUND('',#141,.T.);
#141 = EDGE_LOOP('',(#142,#143,#171,#200));
#142 = ORIENTED_EDGE('',*,*,#21,.F.);
#143 = ORIENTED_EDGE('',*,*,#144,.T.);
#144 = EDGE_CURVE('',#22,#145,#147,.T.);
#145 = VERTEX_POINT('',#146);
#146 = CARTESIAN_POINT('',(-226.6199967142,-358.3268536967,
    585.13676933226));
#147 = SURFACE_CURVE('',#148,(#153,#160),.PCURVE_S1.);
#148 = CIRCLE('',#149,52.);
#149 = AXIS2_PLACEMENT_3D('',#150,#151,#152);
#150 = CARTESIAN_POINT('',(-226.6199967142,-371.7854440421,
    534.90862636522));
#151 = DIRECTION('',(-8.326672684689E-17,-0.965925826289,0.258819045103)
  );
#152 = DIRECTION('',(0.707106781187,0.183012701892,0.683012701892));
#153 = PCURVE('',#45,#154);
#154 = DEFINITIONAL_REPRESENTATION('',(#155),#159);
#155 = LINE('',#156,#157);
#156 = CARTESIAN_POINT('',(8.639379797372,4.712388980385));
#157 = VECTOR('',#158,1.);
#158 = DIRECTION('',(-1.,-9.046911093941E-15));
#159 = ( GEOMETRIC_REPRESENTATION_CONTEXT(2) 
PARAMETRIC_REPRESENTATION_CONTEXT() REPRESENTATION_CONTEXT('2D SPACE',''
  ) );
#160 = PCURVE('',#128,#161);
#161 = DEFINITIONAL_REPRESENTATION('',(#162),#170);
#162 = ( BOUNDED_CURVE() B_SPLINE_CURVE(2,(#163,#164,#165,#166,#167,#168
,#169),.UNSPECIFIED.,.T.,.F.) B_SPLINE_CURVE_WITH_KNOTS((1,2,2,2,2,1),(
    -2.094395102393,0.,2.094395102393,4.188790204786,6.28318530718,
8.377580409573),.UNSPECIFIED.) CURVE() GEOMETRIC_REPRESENTATION_ITEM() 
RATIONAL_B_SPLINE_CURVE((1.,0.5,1.,0.5,1.,0.5,1.)) REPRESENTATION_ITEM(
  '') );
#163 = CARTESIAN_POINT('',(-366.7695526217,266.7695526217));
#164 = CARTESIAN_POINT('',(-303.0828193093,330.45628593406));
#165 = CARTESIAN_POINT('',(-279.7718570329,243.45859034533));
#166 = CARTESIAN_POINT('',(-256.4608947565,156.46089475659));
#167 = CARTESIAN_POINT('',(-343.4585903453,179.77185703296));
#168 = CARTESIAN_POINT('',(-430.456285934,203.08281930933));
#169 = CARTESIAN_POINT('',(-366.7695526217,266.7695526217));
#170 = ( GEOMETRIC_REPRESENTATION_CONTEXT(2) 
PARAMETRIC_REPRESENTATION_CONTEXT() REPRESENTATION_CONTEXT('2D SPACE',''
  ) );
#171 = ORIENTED_EDGE('',*,*,#172,.F.);
#172 = EDGE_CURVE('',#173,#145,#175,.T.);
#173 = VERTEX_POINT('',#174);
#174 = CARTESIAN_POINT('',(-226.6199967142,-356.9126401344,
    582.68727958947));
#175 = SURFACE_CURVE('',#176,(#181,#188),.PCURVE_S1.);
#176 = CIRCLE('',#177,2.);
#177 = AXIS2_PLACEMENT_3D('',#178,#179,#180);
#178 = CARTESIAN_POINT('',(-226.6199967142,-356.3950020442,
    584.61913124205));
#179 = DIRECTION('',(-1.,-5.641887543171E-15,-2.144556912536E-14));
#180 = DIRECTION('',(2.217505702415E-14,-0.258819045103,-0.965925826289)
  );
#181 = PCURVE('',#45,#182);
#182 = DEFINITIONAL_REPRESENTATION('',(#183),#187);
#183 = LINE('',#184,#185);
#184 = CARTESIAN_POINT('',(1.570796326795,3.141592653589));
#185 = VECTOR('',#186,1.);
#186 = DIRECTION('',(-7.06789929214E-16,1.));
#187 = ( GEOMETRIC_REPRESENTATION_CONTEXT(2) 
PARAMETRIC_REPRESENTATION_CONTEXT() REPRESENTATION_CONTEXT('2D SPACE',''
  ) );
#188 = PCURVE('',#189,#194);
#189 = CYLINDRICAL_SURFACE('',#190,2.);
#190 = AXIS2_PLACEMENT_3D('',#191,#192,#193);
#191 = CARTESIAN_POINT('',(-721.6199967142,-356.3950020442,
    584.61913124205));
#192 = DIRECTION('',(1.,-1.224646799147E-16,-6.728624391668E-17));
#193 = DIRECTION('',(-1.397006458308E-16,-0.866025403784,-0.5));
#194 = DEFINITIONAL_REPRESENTATION('',(#195),#199);
#195 = LINE('',#196,#197);
#196 = CARTESIAN_POINT('',(0.785398163398,495.));
#197 = VECTOR('',#198,1.);
#198 = DIRECTION('',(-1.,-3.618764437576E-14));
#199 = ( GEOMETRIC_REPRESENTATION_CONTEXT(2) 
PARAMETRIC_REPRESENTATION_CONTEXT() REPRESENTATION_CONTEXT('2D SPACE',''
  ) );
#200 = ORIENTED_EDGE('',*,*,#201,.T.);
#201 = EDGE_CURVE('',#173,#24,#202,.T.);
#202 = SURFACE_CURVE('',#203,(#208,#215),.PCURVE_S1.);
#203 = CIRCLE('',#204,50.);
#204 = AXIS2_PLACEMENT_3D('',#205,#206,#207);
#205 = CARTESIAN_POINT('',(-226.6199967142,-369.8535923895,
    534.39098827502));
#206 = DIRECTION('',(8.326672684689E-17,0.965925826289,-0.258819045103)
  );
#207 = DIRECTION('',(0.707106781187,0.183012701892,0.683012701892));
#208 = PCURVE('',#45,#209);
#209 = DEFINITIONAL_REPRESENTATION('',(#210),#214);
#210 = LINE('',#211,#212);
#211 = CARTESIAN_POINT('',(-3.926990816987,3.14159265359));
#212 = VECTOR('',#213,1.);
#213 = DIRECTION('',(1.,-1.130863886743E-15));
#214 = ( GEOMETRIC_REPRESENTATION_CONTEXT(2) 
PARAMETRIC_REPRESENTATION_CONTEXT() REPRESENTATION_CONTEXT('2D SPACE',''
  ) );
#215 = PCURVE('',#216,#221);
#216 = CYLINDRICAL_SURFACE('',#217,50.);
#217 = AXIS2_PLACEMENT_3D('',#218,#219,#220);
#218 = CARTESIAN_POINT('',(-226.6199967142,-352.4669275163,
    529.73224546317));
#219 = DIRECTION('',(-1.008768357388E-16,-0.965925826289,0.258819045103)
  );
#220 = DIRECTION('',(1.805760307751E-15,0.258819045103,0.965925826289));
#221 = DEFINITIONAL_REPRESENTATION('',(#222),#226);
#222 = LINE('',#223,#224);
#223 = CARTESIAN_POINT('',(11.780972450962,18.000000000001));
#224 = VECTOR('',#225,1.);
#225 = DIRECTION('',(-1.,0.));
#226 = ( GEOMETRIC_REPRESENTATION_CONTEXT(2) 
PARAMETRIC_REPRESENTATION_CONTEXT() REPRESENTATION_CONTEXT('2D SPACE',''
  ) );
#227 = ADVANCED_FACE('',(#228),#73,.T.);
#228 = FACE_BOUND('',#229,.T.);
#229 = EDGE_LOOP('',(#230,#231,#254,#282));
#230 = ORIENTED_EDGE('',*,*,#57,.F.);
#231 = ORIENTED_EDGE('',*,*,#232,.F.);
#232 = EDGE_CURVE('',#233,#24,#235,.T.);
#233 = VERTEX_POINT('',#234);
#234 = CARTESIAN_POINT('',(-176.6199967142,-354.3987791689,
    530.24988355338));
#235 = SURFACE_CURVE('',#236,(#240,#247),.PCURVE_S1.);
#236 = LINE('',#237,#238);
#237 = CARTESIAN_POINT('',(-176.6199967142,-352.4669275163,
    529.73224546317));
#238 = VECTOR('',#239,1.);
#239 = DIRECTION('',(-1.008768357388E-16,-0.965925826289,0.258819045103)
  );
#240 = PCURVE('',#73,#241);
#241 = DEFINITIONAL_REPRESENTATION('',(#242),#246);
#242 = LINE('',#243,#244);
#243 = CARTESIAN_POINT('',(0.,0.));
#244 = VECTOR('',#245,1.);
#245 = DIRECTION('',(-5.551115123126E-17,1.));
#246 = ( GEOMETRIC_REPRESENTATION_CONTEXT(2) 
PARAMETRIC_REPRESENTATION_CONTEXT() REPRESENTATION_CONTEXT('2D SPACE',''
  ) );
#247 = PCURVE('',#216,#248);
#248 = DEFINITIONAL_REPRESENTATION('',(#249),#253);
#249 = LINE('',#250,#251);
#250 = CARTESIAN_POINT('',(4.712388980385,1.931788062848E-14));
#251 = VECTOR('',#252,1.);
#252 = DIRECTION('',(5.551115123125E-17,1.));
#253 = ( GEOMETRIC_REPRESENTATION_CONTEXT(2) 
PARAMETRIC_REPRESENTATION_CONTEXT() REPRESENTATION_CONTEXT('2D SPACE',''
  ) );
#254 = ORIENTED_EDGE('',*,*,#255,.F.);
#255 = EDGE_CURVE('',#256,#233,#258,.T.);
#256 = VERTEX_POINT('',#257);
#257 = CARTESIAN_POINT('',(-176.6199967142,-473.455539916,
    85.924003460412));
#258 = SURFACE_CURVE('',#259,(#263,#270),.PCURVE_S1.);
#259 = LINE('',#260,#261);
#260 = CARTESIAN_POINT('',(-176.6199967142,-384.1629693556,
    419.16841353014));
#261 = VECTOR('',#262,1.);
#262 = DIRECTION('',(-6.713766422536E-17,0.258819045103,0.965925826289)
  );
#263 = PCURVE('',#73,#264);
#264 = DEFINITIONAL_REPRESENTATION('',(#265),#269);
#265 = LINE('',#266,#267);
#266 = CARTESIAN_POINT('',(115.,2.));
#267 = VECTOR('',#268,1.);
#268 = DIRECTION('',(-1.,-5.551115123126E-17));
#269 = ( GEOMETRIC_REPRESENTATION_CONTEXT(2) 
PARAMETRIC_REPRESENTATION_CONTEXT() REPRESENTATION_CONTEXT('2D SPACE',''
  ) );
#270 = PCURVE('',#271,#276);
#271 = CYLINDRICAL_SURFACE('',#272,2.);
#272 = AXIS2_PLACEMENT_3D('',#273,#274,#275);
#273 = CARTESIAN_POINT('',(-174.6199967142,-384.1629693556,
    419.16841353014));
#274 = DIRECTION('',(-6.713766422536E-17,0.258819045103,0.965925826289)
  );
#275 = DIRECTION('',(-0.707106781187,0.683012701892,-0.183012701892));
#276 = DEFINITIONAL_REPRESENTATION('',(#277),#281);
#277 = LINE('',#278,#279);
#278 = CARTESIAN_POINT('',(0.785398163397,5.684341886081E-14));
#279 = VECTOR('',#280,1.);
#280 = DIRECTION('',(-8.736972498137E-17,1.));
#281 = ( GEOMETRIC_REPRESENTATION_CONTEXT(2) 
PARAMETRIC_REPRESENTATION_CONTEXT() REPRESENTATION_CONTEXT('2D SPACE',''
  ) );
#282 = ORIENTED_EDGE('',*,*,#283,.T.);
#283 = EDGE_CURVE('',#256,#58,#284,.T.);
#284 = SURFACE_CURVE('',#285,(#289,#296),.PCURVE_S1.);
#285 = LINE('',#286,#287);
#286 = CARTESIAN_POINT('',(-176.6199967142,-471.5236882634,
    85.406365370207));
#287 = VECTOR('',#288,1.);
#288 = DIRECTION('',(-1.008768357388E-16,-0.965925826289,0.258819045103)
  );
#289 = PCURVE('',#73,#290);
#290 = DEFINITIONAL_REPRESENTATION('',(#291),#295);
#291 = LINE('',#292,#293);
#292 = CARTESIAN_POINT('',(460.,3.694822225953E-13));
#293 = VECTOR('',#294,1.);
#294 = DIRECTION('',(-5.551115123126E-17,1.));
#295 = ( GEOMETRIC_REPRESENTATION_CONTEXT(2) 
PARAMETRIC_REPRESENTATION_CONTEXT() REPRESENTATION_CONTEXT('2D SPACE',''
  ) );
#296 = PCURVE('',#297,#302);
#297 = CYLINDRICAL_SURFACE('',#298,50.);
#298 = AXIS2_PLACEMENT_3D('',#299,#300,#301);
#299 = CARTESIAN_POINT('',(-226.6199967142,-471.5236882634,
    85.406365370207));
#300 = DIRECTION('',(-1.008768357388E-16,-0.965925826289,0.258819045103)
  );
#301 = DIRECTION('',(1.,1.274215224289E-15,5.145194120482E-15));
#302 = DEFINITIONAL_REPRESENTATION('',(#303),#307);
#303 = LINE('',#304,#305);
#304 = CARTESIAN_POINT('',(6.28318530718,9.636735853746E-14));
#305 = VECTOR('',#306,1.);
#306 = DIRECTION('',(0.,1.));
#307 = ( GEOMETRIC_REPRESENTATION_CONTEXT(2) 
PARAMETRIC_REPRESENTATION_CONTEXT() REPRESENTATION_CONTEXT('2D SPACE',''
  ) );
#308 = ADVANCED_FACE('',(#309),#102,.T.);
#309 = FACE_BOUND('',#310,.T.);
#310 = EDGE_LOOP('',(#311,#342,#368,#369));
#311 = ORIENTED_EDGE('',*,*,#312,.T.);
#312 = EDGE_CURVE('',#313,#315,#317,.T.);
#313 = VERTEX_POINT('',#314);
#314 = CARTESIAN_POINT('',(-226.6199967142,-501.8513053918,
    41.768816867599));
#315 = VERTEX_POINT('',#316);
#316 = CARTESIAN_POINT('',(-226.6199967142,-504.3007951346,
    40.354603305226));
#317 = SURFACE_CURVE('',#318,(#323,#330),.PCURVE_S1.);
#318 = CIRCLE('',#319,2.);
#319 = AXIS2_PLACEMENT_3D('',#320,#321,#322);
#320 = CARTESIAN_POINT('',(-226.6199967142,-502.368943482,39.83696521502
    ));
#321 = DIRECTION('',(1.,-1.050497185157E-16,-2.292723163573E-18));
#322 = DIRECTION('',(2.940346835074E-17,0.258819045103,0.965925826289));
#323 = PCURVE('',#102,#324);
#324 = DEFINITIONAL_REPRESENTATION('',(#325),#329);
#325 = LINE('',#326,#327);
#326 = CARTESIAN_POINT('',(4.712388980385,3.14159265359));
#327 = VECTOR('',#328,1.);
#328 = DIRECTION('',(0.,1.));
#329 = ( GEOMETRIC_REPRESENTATION_CONTEXT(2) 
PARAMETRIC_REPRESENTATION_CONTEXT() REPRESENTATION_CONTEXT('2D SPACE',''
  ) );
#330 = PCURVE('',#331,#336);
#331 = CYLINDRICAL_SURFACE('',#332,2.);
#332 = AXIS2_PLACEMENT_3D('',#333,#334,#335);
#333 = CARTESIAN_POINT('',(-391.6199967142,-502.368943482,39.83696521502
    ));
#334 = DIRECTION('',(-1.,1.224646799147E-16,6.728624391668E-17));
#335 = DIRECTION('',(-2.960743400293E-18,-0.5,0.866025403784));
#336 = DEFINITIONAL_REPRESENTATION('',(#337),#341);
#337 = LINE('',#338,#339);
#338 = CARTESIAN_POINT('',(0.785398163397,-165.));
#339 = VECTOR('',#340,1.);
#340 = DIRECTION('',(-1.,0.));
#341 = ( GEOMETRIC_REPRESENTATION_CONTEXT(2) 
PARAMETRIC_REPRESENTATION_CONTEXT() REPRESENTATION_CONTEXT('2D SPACE',''
  ) );
#342 = ORIENTED_EDGE('',*,*,#343,.T.);
#343 = EDGE_CURVE('',#315,#86,#344,.T.);
#344 = SURFACE_CURVE('',#345,(#350,#357),.PCURVE_S1.);
#345 = CIRCLE('',#346,52.);
#346 = AXIS2_PLACEMENT_3D('',#347,#348,#349);
#347 = CARTESIAN_POINT('',(-226.6199967142,-490.8422047892,
    90.582746272257));
#348 = DIRECTION('',(-5.551115123126E-17,-0.965925826289,0.258819045103)
  );
#349 = DIRECTION('',(0.707106781187,-0.183012701892,-0.683012701892));
#350 = PCURVE('',#102,#351);
#351 = DEFINITIONAL_REPRESENTATION('',(#352),#356);
#352 = LINE('',#353,#354);
#353 = CARTESIAN_POINT('',(10.210176124167,4.712388980385));
#354 = VECTOR('',#355,1.);
#355 = DIRECTION('',(-1.,9.046911093941E-15));
#356 = ( GEOMETRIC_REPRESENTATION_CONTEXT(2) 
PARAMETRIC_REPRESENTATION_CONTEXT() REPRESENTATION_CONTEXT('2D SPACE',''
  ) );
#357 = PCURVE('',#128,#358);
#358 = DEFINITIONAL_REPRESENTATION('',(#359),#367);
#359 = ( BOUNDED_CURVE() B_SPLINE_CURVE(2,(#360,#361,#362,#363,#364,#365
,#366),.UNSPECIFIED.,.T.,.F.) B_SPLINE_CURVE_WITH_KNOTS((1,2,2,2,2,1),(
    -2.094395102393,0.,2.094395102393,4.188790204786,6.28318530718,
8.377580409573),.UNSPECIFIED.) CURVE() GEOMETRIC_REPRESENTATION_ITEM() 
RATIONAL_B_SPLINE_CURVE((1.,0.5,1.,0.5,1.,0.5,1.)) REPRESENTATION_ITEM(
  '') );
#360 = CARTESIAN_POINT('',(-366.7695526217,-266.7695526217));
#361 = CARTESIAN_POINT('',(-430.456285934,-203.0828193093));
#362 = CARTESIAN_POINT('',(-343.4585903453,-179.7718570329));
#363 = CARTESIAN_POINT('',(-256.4608947565,-156.4608947566));
#364 = CARTESIAN_POINT('',(-279.7718570329,-243.4585903453));
#365 = CARTESIAN_POINT('',(-303.0828193093,-330.456285934));
#366 = CARTESIAN_POINT('',(-366.7695526217,-266.7695526217));
#367 = ( GEOMETRIC_REPRESENTATION_CONTEXT(2) 
PARAMETRIC_REPRESENTATION_CONTEXT() REPRESENTATION_CONTEXT('2D SPACE',''
  ) );
#368 = ORIENTED_EDGE('',*,*,#85,.F.);
#369 = ORIENTED_EDGE('',*,*,#370,.T.);
#370 = EDGE_CURVE('',#58,#313,#371,.T.);
#371 = SURFACE_CURVE('',#372,(#377,#384),.PCURVE_S1.);
#372 = CIRCLE('',#373,50.);
#373 = AXIS2_PLACEMENT_3D('',#374,#375,#376);
#374 = CARTESIAN_POINT('',(-226.6199967142,-488.9103531366,
    90.065108182052));
#375 = DIRECTION('',(5.551115123126E-17,0.965925826289,-0.258819045103)
  );
#376 = DIRECTION('',(0.707106781187,-0.183012701892,-0.683012701892));
#377 = PCURVE('',#102,#378);
#378 = DEFINITIONAL_REPRESENTATION('',(#379),#383);
#379 = LINE('',#380,#381);
#380 = CARTESIAN_POINT('',(-2.356194490192,3.14159265359));
#381 = VECTOR('',#382,1.);
#382 = DIRECTION('',(1.,-5.654319433713E-15));
#383 = ( GEOMETRIC_REPRESENTATION_CONTEXT(2) 
PARAMETRIC_REPRESENTATION_CONTEXT() REPRESENTATION_CONTEXT('2D SPACE',''
  ) );
#384 = PCURVE('',#297,#385);
#385 = DEFINITIONAL_REPRESENTATION('',(#386),#390);
#386 = LINE('',#387,#388);
#387 = CARTESIAN_POINT('',(11.780972450962,18.));
#388 = VECTOR('',#389,1.);
#389 = DIRECTION('',(-1.,0.));
#390 = ( GEOMETRIC_REPRESENTATION_CONTEXT(2) 
PARAMETRIC_REPRESENTATION_CONTEXT() REPRESENTATION_CONTEXT('2D SPACE',''
  ) );
#391 = ADVANCED_FACE('',(#392,#622),#128,.F.);
#392 = FACE_BOUND('',#393,.T.);
#393 = EDGE_LOOP('',(#394,#424,#453,#481,#510,#538,#567,#595));
#394 = ORIENTED_EDGE('',*,*,#395,.F.);
#395 = EDGE_CURVE('',#396,#398,#400,.T.);
#396 = VERTEX_POINT('',#397);
#397 = CARTESIAN_POINT('',(-947.6199967142,-490.8422047892,
    90.582746272257));
#398 = VERTEX_POINT('',#399);
#399 = CARTESIAN_POINT('',(-947.6199967142,-371.7854440421,
    534.90862636522));
#400 = SURFACE_CURVE('',#401,(#405,#412),.PCURVE_S1.);
#401 = LINE('',#402,#403);
#402 = CARTESIAN_POINT('',(-947.6199967142,-401.5496342289,
    423.82715634198));
#403 = VECTOR('',#404,1.);
#404 = DIRECTION('',(-6.713766422536E-17,0.258819045103,0.965925826289)
  );
#405 = PCURVE('',#128,#406);
#406 = DEFINITIONAL_REPRESENTATION('',(#407),#411);
#407 = LINE('',#408,#409);
#408 = CARTESIAN_POINT('',(391.,115.));
#409 = VECTOR('',#410,1.);
#410 = DIRECTION('',(9.65411325761E-17,1.));
#411 = ( GEOMETRIC_REPRESENTATION_CONTEXT(2) 
PARAMETRIC_REPRESENTATION_CONTEXT() REPRESENTATION_CONTEXT('2D SPACE',''
  ) );
#412 = PCURVE('',#413,#418);
#413 = CYLINDRICAL_SURFACE('',#414,2.);
#414 = AXIS2_PLACEMENT_3D('',#415,#416,#417);
#415 = CARTESIAN_POINT('',(-947.6199967142,-399.6177825763,
    423.30951825178));
#416 = DIRECTION('',(6.713766422536E-17,-0.258819045103,-0.965925826289)
  );
#417 = DIRECTION('',(-0.707106781187,-0.683012701892,0.183012701892));
#418 = DEFINITIONAL_REPRESENTATION('',(#419),#423);
#419 = LINE('',#420,#421);
#420 = CARTESIAN_POINT('',(-0.785398163397,2.273736754432E-13));
#421 = VECTOR('',#422,1.);
#422 = DIRECTION('',(4.247809833348E-17,-1.));
#423 = ( GEOMETRIC_REPRESENTATION_CONTEXT(2) 
PARAMETRIC_REPRESENTATION_CONTEXT() REPRESENTATION_CONTEXT('2D SPACE',''
  ) );
#424 = ORIENTED_EDGE('',*,*,#425,.F.);
#425 = EDGE_CURVE('',#426,#396,#428,.T.);
#426 = VERTEX_POINT('',#427);
#427 = CARTESIAN_POINT('',(-886.6199967142,-506.6301665405,
    31.661270868624));
#428 = SURFACE_CURVE('',#429,(#434,#441),.PCURVE_S1.);
#429 = CIRCLE('',#430,61.);
#430 = AXIS2_PLACEMENT_3D('',#431,#432,#433);
#431 = CARTESIAN_POINT('',(-886.6199967142,-490.8422047892,
    90.582746272257));
#432 = DIRECTION('',(8.326672684689E-17,0.965925826289,-0.258819045103)
  );
#433 = DIRECTION('',(-0.707106781187,-0.183012701892,-0.683012701892));
#434 = PCURVE('',#128,#435);
#435 = DEFINITIONAL_REPRESENTATION('',(#436),#440);
#436 = CIRCLE('',#437,61.);
#437 = AXIS2_PLACEMENT_2D('',#438,#439);
#438 = CARTESIAN_POINT('',(330.,-230.));
#439 = DIRECTION('',(0.707106781187,-0.707106781187));
#440 = ( GEOMETRIC_REPRESENTATION_CONTEXT(2) 
PARAMETRIC_REPRESENTATION_CONTEXT() REPRESENTATION_CONTEXT('2D SPACE',''
  ) );
#441 = PCURVE('',#442,#447);
#442 = TOROIDAL_SURFACE('',#443,61.,2.);
#443 = AXIS2_PLACEMENT_3D('',#444,#445,#446);
#444 = CARTESIAN_POINT('',(-886.6199967142,-488.9103531366,
    90.065108182052));
#445 = DIRECTION('',(-1.008768357388E-16,-0.965925826289,0.258819045103)
  );
#446 = DIRECTION('',(1.,-9.743954091444E-17,2.610884629888E-17));
#447 = DEFINITIONAL_REPRESENTATION('',(#448),#452);
#448 = LINE('',#449,#450);
#449 = CARTESIAN_POINT('',(10.210176124167,1.570796326795));
#450 = VECTOR('',#451,1.);
#451 = DIRECTION('',(-1.,9.046911093941E-15));
#452 = ( GEOMETRIC_REPRESENTATION_CONTEXT(2) 
PARAMETRIC_REPRESENTATION_CONTEXT() REPRESENTATION_CONTEXT('2D SPACE',''
  ) );
#453 = ORIENTED_EDGE('',*,*,#454,.F.);
#454 = EDGE_CURVE('',#455,#426,#457,.T.);
#455 = VERTEX_POINT('',#456);
#456 = CARTESIAN_POINT('',(-226.6199967142,-506.6301665405,
    31.661270868624));
#457 = SURFACE_CURVE('',#458,(#462,#469),.PCURVE_S1.);
#458 = LINE('',#459,#460);
#459 = CARTESIAN_POINT('',(-721.6199967142,-506.6301665405,
    31.661270868624));
#460 = VECTOR('',#461,1.);
#461 = DIRECTION('',(-1.,1.224646799147E-16,6.728624391668E-17));
#462 = PCURVE('',#128,#463);
#463 = DEFINITIONAL_REPRESENTATION('',(#464),#468);
#464 = LINE('',#465,#466);
#465 = CARTESIAN_POINT('',(165.,-291.));
#466 = VECTOR('',#467,1.);
#467 = DIRECTION('',(1.,6.728624391668E-17));
#468 = ( GEOMETRIC_REPRESENTATION_CONTEXT(2) 
PARAMETRIC_REPRESENTATION_CONTEXT() REPRESENTATION_CONTEXT('2D SPACE',''
  ) );
#469 = PCURVE('',#470,#475);
#470 = CYLINDRICAL_SURFACE('',#471,2.);
#471 = AXIS2_PLACEMENT_3D('',#472,#473,#474);
#472 = CARTESIAN_POINT('',(-721.6199967142,-504.6983148879,
    31.143632778419));
#473 = DIRECTION('',(1.,-1.224646799147E-16,-6.728624391668E-17));
#474 = DIRECTION('',(-1.397006458308E-16,-0.866025403784,-0.5));
#475 = DEFINITIONAL_REPRESENTATION('',(#476),#480);
#476 = LINE('',#477,#478);
#477 = CARTESIAN_POINT('',(-0.785398163397,-5.684341886081E-14));
#478 = VECTOR('',#479,1.);
#479 = DIRECTION('',(-2.960594732334E-17,-1.));
#480 = ( GEOMETRIC_REPRESENTATION_CONTEXT(2) 
PARAMETRIC_REPRESENTATION_CONTEXT() REPRESENTATION_CONTEXT('2D SPACE',''
  ) );
#481 = ORIENTED_EDGE('',*,*,#482,.F.);
#482 = EDGE_CURVE('',#483,#455,#485,.T.);
#483 = VERTEX_POINT('',#484);
#484 = CARTESIAN_POINT('',(-165.6199967142,-490.8422047892,
    90.582746272257));
#485 = SURFACE_CURVE('',#486,(#491,#498),.PCURVE_S1.);
#486 = CIRCLE('',#487,61.);
#487 = AXIS2_PLACEMENT_3D('',#488,#489,#490);
#488 = CARTESIAN_POINT('',(-226.6199967142,-490.8422047892,
    90.582746272257));
#489 = DIRECTION('',(8.326672684689E-17,0.965925826289,-0.258819045103)
  );
#490 = DIRECTION('',(0.707106781187,-0.183012701892,-0.683012701892));
#491 = PCURVE('',#128,#492);
#492 = DEFINITIONAL_REPRESENTATION('',(#493),#497);
#493 = CIRCLE('',#494,61.);
#494 = AXIS2_PLACEMENT_2D('',#495,#496);
#495 = CARTESIAN_POINT('',(-330.,-230.));
#496 = DIRECTION('',(-0.707106781187,-0.707106781187));
#497 = ( GEOMETRIC_REPRESENTATION_CONTEXT(2) 
PARAMETRIC_REPRESENTATION_CONTEXT() REPRESENTATION_CONTEXT('2D SPACE',''
  ) );
#498 = PCURVE('',#499,#504);
#499 = TOROIDAL_SURFACE('',#500,61.,2.);
#500 = AXIS2_PLACEMENT_3D('',#501,#502,#503);
#501 = CARTESIAN_POINT('',(-226.6199967142,-488.9103531366,
    90.065108182052));
#502 = DIRECTION('',(-1.008768357388E-16,-0.965925826289,0.258819045103)
  );
#503 = DIRECTION('',(1.,-9.743954091444E-17,2.610884629888E-17));
#504 = DEFINITIONAL_REPRESENTATION('',(#505),#509);
#505 = LINE('',#506,#507);
#506 = CARTESIAN_POINT('',(11.780972450962,1.570796326795));
#507 = VECTOR('',#508,1.);
#508 = DIRECTION('',(-1.,0.));
#509 = ( GEOMETRIC_REPRESENTATION_CONTEXT(2) 
PARAMETRIC_REPRESENTATION_CONTEXT() REPRESENTATION_CONTEXT('2D SPACE',''
  ) );
#510 = ORIENTED_EDGE('',*,*,#511,.F.);
#511 = EDGE_CURVE('',#512,#483,#514,.T.);
#512 = VERTEX_POINT('',#513);
#513 = CARTESIAN_POINT('',(-165.6199967142,-371.7854440421,
    534.90862636522));
#514 = SURFACE_CURVE('',#515,(#519,#526),.PCURVE_S1.);
#515 = LINE('',#516,#517);
#516 = CARTESIAN_POINT('',(-165.6199967142,-461.0780146024,
    201.6642162955));
#517 = VECTOR('',#518,1.);
#518 = DIRECTION('',(-2.940346835074E-17,-0.258819045103,-0.965925826289
    ));
#519 = PCURVE('',#128,#520);
#520 = DEFINITIONAL_REPRESENTATION('',(#521),#525);
#521 = LINE('',#522,#523);
#522 = CARTESIAN_POINT('',(-391.,-115.));
#523 = VECTOR('',#524,1.);
#524 = DIRECTION('',(5.46964104206E-32,-1.));
#525 = ( GEOMETRIC_REPRESENTATION_CONTEXT(2) 
PARAMETRIC_REPRESENTATION_CONTEXT() REPRESENTATION_CONTEXT('2D SPACE',''
  ) );
#526 = PCURVE('',#527,#532);
#527 = CYLINDRICAL_SURFACE('',#528,2.);
#528 = AXIS2_PLACEMENT_3D('',#529,#530,#531);
#529 = CARTESIAN_POINT('',(-165.6199967142,-459.1461629499,
    201.14657820529));
#530 = DIRECTION('',(2.940346835074E-17,0.258819045103,0.965925826289));
#531 = DIRECTION('',(0.707106781187,-0.683012701892,0.183012701892));
#532 = DEFINITIONAL_REPRESENTATION('',(#533),#537);
#533 = LINE('',#534,#535);
#534 = CARTESIAN_POINT('',(-0.785398163397,1.136868377216E-13));
#535 = VECTOR('',#536,1.);
#536 = DIRECTION('',(2.316987181826E-17,-1.));
#537 = ( GEOMETRIC_REPRESENTATION_CONTEXT(2) 
PARAMETRIC_REPRESENTATION_CONTEXT() REPRESENTATION_CONTEXT('2D SPACE',''
  ) );
#538 = ORIENTED_EDGE('',*,*,#539,.F.);
#539 = EDGE_CURVE('',#540,#512,#542,.T.);
#540 = VERTEX_POINT('',#541);
#541 = CARTESIAN_POINT('',(-226.6199967142,-355.9974822908,
    593.83010176886));
#542 = SURFACE_CURVE('',#543,(#548,#555),.PCURVE_S1.);
#543 = CIRCLE('',#544,61.);
#544 = AXIS2_PLACEMENT_3D('',#545,#546,#547);
#545 = CARTESIAN_POINT('',(-226.6199967142,-371.7854440421,
    534.90862636522));
#546 = DIRECTION('',(8.326672684689E-17,0.965925826289,-0.258819045103)
  );
#547 = DIRECTION('',(0.707106781187,0.183012701892,0.683012701892));
#548 = PCURVE('',#128,#549);
#549 = DEFINITIONAL_REPRESENTATION('',(#550),#554);
#550 = CIRCLE('',#551,61.);
#551 = AXIS2_PLACEMENT_2D('',#552,#553);
#552 = CARTESIAN_POINT('',(-330.,230.));
#553 = DIRECTION('',(-0.707106781187,0.707106781187));
#554 = ( GEOMETRIC_REPRESENTATION_CONTEXT(2) 
PARAMETRIC_REPRESENTATION_CONTEXT() REPRESENTATION_CONTEXT('2D SPACE',''
  ) );
#555 = PCURVE('',#556,#561);
#556 = TOROIDAL_SURFACE('',#557,61.,2.);
#557 = AXIS2_PLACEMENT_3D('',#558,#559,#560);
#558 = CARTESIAN_POINT('',(-226.6199967142,-369.8535923895,
    534.39098827502));
#559 = DIRECTION('',(-1.008768357388E-16,-0.965925826289,0.258819045103)
  );
#560 = DIRECTION('',(1.,-9.743954091444E-17,2.610884629888E-17));
#561 = DEFINITIONAL_REPRESENTATION('',(#562),#566);
#562 = LINE('',#563,#564);
#563 = CARTESIAN_POINT('',(7.068583470577,1.570796326795));
#564 = VECTOR('',#565,1.);
#565 = DIRECTION('',(-1.,-9.046911093941E-15));
#566 = ( GEOMETRIC_REPRESENTATION_CONTEXT(2) 
PARAMETRIC_REPRESENTATION_CONTEXT() REPRESENTATION_CONTEXT('2D SPACE',''
  ) );
#567 = ORIENTED_EDGE('',*,*,#568,.F.);
#568 = EDGE_CURVE('',#569,#540,#571,.T.);
#569 = VERTEX_POINT('',#570);
#570 = CARTESIAN_POINT('',(-886.6199967142,-355.9974822908,
    593.83010176886));
#571 = SURFACE_CURVE('',#572,(#576,#583),.PCURVE_S1.);
#572 = LINE('',#573,#574);
#573 = CARTESIAN_POINT('',(-391.6199967142,-355.9974822908,
    593.83010176886));
#574 = VECTOR('',#575,1.);
#575 = DIRECTION('',(1.,-1.224646799147E-16,-6.728624391668E-17));
#576 = PCURVE('',#128,#577);
#577 = DEFINITIONAL_REPRESENTATION('',(#578),#582);
#578 = LINE('',#579,#580);
#579 = CARTESIAN_POINT('',(-165.,291.));
#580 = VECTOR('',#581,1.);
#581 = DIRECTION('',(-1.,-6.728624391668E-17));
#582 = ( GEOMETRIC_REPRESENTATION_CONTEXT(2) 
PARAMETRIC_REPRESENTATION_CONTEXT() REPRESENTATION_CONTEXT('2D SPACE',''
  ) );
#583 = PCURVE('',#584,#589);
#584 = CYLINDRICAL_SURFACE('',#585,2.);
#585 = AXIS2_PLACEMENT_3D('',#586,#587,#588);
#586 = CARTESIAN_POINT('',(-391.6199967142,-354.0656306382,
    593.31246367865));
#587 = DIRECTION('',(-1.,1.224646799147E-16,6.728624391668E-17));
#588 = DIRECTION('',(-2.960743400293E-18,-0.5,0.866025403784));
#589 = DEFINITIONAL_REPRESENTATION('',(#590),#594);
#590 = LINE('',#591,#592);
#591 = CARTESIAN_POINT('',(-0.785398163397,0.));
#592 = VECTOR('',#593,1.);
#593 = DIRECTION('',(0.,-1.));
#594 = ( GEOMETRIC_REPRESENTATION_CONTEXT(2) 
PARAMETRIC_REPRESENTATION_CONTEXT() REPRESENTATION_CONTEXT('2D SPACE',''
  ) );
#595 = ORIENTED_EDGE('',*,*,#596,.F.);
#596 = EDGE_CURVE('',#398,#569,#597,.T.);
#597 = SURFACE_CURVE('',#598,(#603,#610),.PCURVE_S1.);
#598 = CIRCLE('',#599,61.);
#599 = AXIS2_PLACEMENT_3D('',#600,#601,#602);
#600 = CARTESIAN_POINT('',(-886.6199967142,-371.7854440421,
    534.90862636522));
#601 = DIRECTION('',(8.326672684689E-17,0.965925826289,-0.258819045103)
  );
#602 = DIRECTION('',(-0.707106781187,0.183012701892,0.683012701892));
#603 = PCURVE('',#128,#604);
#604 = DEFINITIONAL_REPRESENTATION('',(#605),#609);
#605 = CIRCLE('',#606,61.);
#606 = AXIS2_PLACEMENT_2D('',#607,#608);
#607 = CARTESIAN_POINT('',(330.,230.));
#608 = DIRECTION('',(0.707106781187,0.707106781187));
#609 = ( GEOMETRIC_REPRESENTATION_CONTEXT(2) 
PARAMETRIC_REPRESENTATION_CONTEXT() REPRESENTATION_CONTEXT('2D SPACE',''
  ) );
#610 = PCURVE('',#611,#616);
#611 = TOROIDAL_SURFACE('',#612,61.,2.);
#612 = AXIS2_PLACEMENT_3D('',#613,#614,#615);
#613 = CARTESIAN_POINT('',(-886.6199967142,-369.8535923895,
    534.39098827502));
#614 = DIRECTION('',(-1.008768357388E-16,-0.965925826289,0.258819045103)
  );
#615 = DIRECTION('',(1.,-9.743954091444E-17,2.610884629888E-17));
#616 = DEFINITIONAL_REPRESENTATION('',(#617),#621);
#617 = LINE('',#618,#619);
#618 = CARTESIAN_POINT('',(8.639379797372,1.570796326794));
#619 = VECTOR('',#620,1.);
#620 = DIRECTION('',(-1.,9.046911093941E-14));
#621 = ( GEOMETRIC_REPRESENTATION_CONTEXT(2) 
PARAMETRIC_REPRESENTATION_CONTEXT() REPRESENTATION_CONTEXT('2D SPACE',''
  ) );
#622 = FACE_BOUND('',#623,.T.);
#623 = EDGE_LOOP('',(#624,#625,#626,#649,#682,#710,#743,#764));
#624 = ORIENTED_EDGE('',*,*,#114,.F.);
#625 = ORIENTED_EDGE('',*,*,#343,.F.);
#626 = ORIENTED_EDGE('',*,*,#627,.F.);
#627 = EDGE_CURVE('',#628,#315,#630,.T.);
#628 = VERTEX_POINT('',#629);
#629 = CARTESIAN_POINT('',(-886.6199967142,-504.3007951346,
    40.354603305226));
#630 = SURFACE_CURVE('',#631,(#635,#642),.PCURVE_S1.);
#631 = LINE('',#632,#633);
#632 = CARTESIAN_POINT('',(-391.6199967142,-504.3007951346,
    40.354603305226));
#633 = VECTOR('',#634,1.);
#634 = DIRECTION('',(1.,-1.224646799147E-16,-6.728624391668E-17));
#635 = PCURVE('',#128,#636);
#636 = DEFINITIONAL_REPRESENTATION('',(#637),#641);
#637 = LINE('',#638,#639);
#638 = CARTESIAN_POINT('',(-165.,-282.));
#639 = VECTOR('',#640,1.);
#640 = DIRECTION('',(-1.,-6.728624391668E-17));
#641 = ( GEOMETRIC_REPRESENTATION_CONTEXT(2) 
PARAMETRIC_REPRESENTATION_CONTEXT() REPRESENTATION_CONTEXT('2D SPACE',''
  ) );
#642 = PCURVE('',#331,#643);
#643 = DEFINITIONAL_REPRESENTATION('',(#644),#648);
#644 = LINE('',#645,#646);
#645 = CARTESIAN_POINT('',(-0.785398163397,-5.684341886081E-14));
#646 = VECTOR('',#647,1.);
#647 = DIRECTION('',(0.,-1.));
#648 = ( GEOMETRIC_REPRESENTATION_CONTEXT(2) 
PARAMETRIC_REPRESENTATION_CONTEXT() REPRESENTATION_CONTEXT('2D SPACE',''
  ) );
#649 = ORIENTED_EDGE('',*,*,#650,.F.);
#650 = EDGE_CURVE('',#651,#628,#653,.T.);
#651 = VERTEX_POINT('',#652);
#652 = CARTESIAN_POINT('',(-938.6199967142,-490.8422047892,
    90.582746272257));
#653 = SURFACE_CURVE('',#654,(#659,#670),.PCURVE_S1.);
#654 = CIRCLE('',#655,52.);
#655 = AXIS2_PLACEMENT_3D('',#656,#657,#658);
#656 = CARTESIAN_POINT('',(-886.6199967142,-490.8422047892,
    90.582746272257));
#657 = DIRECTION('',(-8.326672684689E-17,-0.965925826289,0.258819045103)
  );
#658 = DIRECTION('',(-0.707106781187,-0.183012701892,-0.683012701892));
#659 = PCURVE('',#128,#660);
#660 = DEFINITIONAL_REPRESENTATION('',(#661),#669);
#661 = ( BOUNDED_CURVE() B_SPLINE_CURVE(2,(#662,#663,#664,#665,#666,#667
,#668),.UNSPECIFIED.,.T.,.F.) B_SPLINE_CURVE_WITH_KNOTS((1,2,2,2,2,1),(
    -2.094395102393,0.,2.094395102393,4.188790204786,6.28318530718,
8.377580409573),.UNSPECIFIED.) CURVE() GEOMETRIC_REPRESENTATION_ITEM() 
RATIONAL_B_SPLINE_CURVE((1.,0.5,1.,0.5,1.,0.5,1.)) REPRESENTATION_ITEM(
  '') );
#662 = CARTESIAN_POINT('',(366.7695526217,-266.7695526217));
#663 = CARTESIAN_POINT('',(303.08281930933,-330.456285934));
#664 = CARTESIAN_POINT('',(279.77185703296,-243.4585903453));
#665 = CARTESIAN_POINT('',(256.46089475659,-156.4608947565));
#666 = CARTESIAN_POINT('',(343.45859034533,-179.7718570329));
#667 = CARTESIAN_POINT('',(430.45628593406,-203.0828193093));
#668 = CARTESIAN_POINT('',(366.7695526217,-266.7695526217));
#669 = ( GEOMETRIC_REPRESENTATION_CONTEXT(2) 
PARAMETRIC_REPRESENTATION_CONTEXT() REPRESENTATION_CONTEXT('2D SPACE',''
  ) );
#670 = PCURVE('',#671,#676);
#671 = TOROIDAL_SURFACE('',#672,52.,2.);
#672 = AXIS2_PLACEMENT_3D('',#673,#674,#675);
#673 = CARTESIAN_POINT('',(-886.6199967142,-488.9103531366,
    90.065108182052));
#674 = DIRECTION('',(1.008768357388E-16,0.965925826289,-0.258819045103)
  );
#675 = DIRECTION('',(-1.,9.743954091444E-17,-2.610884629888E-17));
#676 = DEFINITIONAL_REPRESENTATION('',(#677),#681);
#677 = LINE('',#678,#679);
#678 = CARTESIAN_POINT('',(11.780972450962,4.712388980385));
#679 = VECTOR('',#680,1.);
#680 = DIRECTION('',(-1.,0.));
#681 = ( GEOMETRIC_REPRESENTATION_CONTEXT(2) 
PARAMETRIC_REPRESENTATION_CONTEXT() REPRESENTATION_CONTEXT('2D SPACE',''
  ) );
#682 = ORIENTED_EDGE('',*,*,#683,.F.);
#683 = EDGE_CURVE('',#684,#651,#686,.T.);
#684 = VERTEX_POINT('',#685);
#685 = CARTESIAN_POINT('',(-938.6199967142,-371.7854440421,
    534.90862636522));
#686 = SURFACE_CURVE('',#687,(#691,#698),.PCURVE_S1.);
#687 = LINE('',#688,#689);
#688 = CARTESIAN_POINT('',(-938.6199967142,-461.0780146024,
    201.6642162955));
#689 = VECTOR('',#690,1.);
#690 = DIRECTION('',(6.713766422536E-17,-0.258819045103,-0.965925826289)
  );
#691 = PCURVE('',#128,#692);
#692 = DEFINITIONAL_REPRESENTATION('',(#693),#697);
#693 = LINE('',#694,#695);
#694 = CARTESIAN_POINT('',(382.,-115.));
#695 = VECTOR('',#696,1.);
#696 = DIRECTION('',(-9.65411325761E-17,-1.));
#697 = ( GEOMETRIC_REPRESENTATION_CONTEXT(2) 
PARAMETRIC_REPRESENTATION_CONTEXT() REPRESENTATION_CONTEXT('2D SPACE',''
  ) );
#698 = PCURVE('',#699,#704);
#699 = CYLINDRICAL_SURFACE('',#700,2.);
#700 = AXIS2_PLACEMENT_3D('',#701,#702,#703);
#701 = CARTESIAN_POINT('',(-938.6199967142,-459.1461629499,
    201.14657820529));
#702 = DIRECTION('',(-6.713766422536E-17,0.258819045103,0.965925826289)
  );
#703 = DIRECTION('',(0.707106781187,-0.683012701892,0.183012701892));
#704 = DEFINITIONAL_REPRESENTATION('',(#705),#709);
#705 = LINE('',#706,#707);
#706 = CARTESIAN_POINT('',(-0.785398163397,1.136868377216E-13));
#707 = VECTOR('',#708,1.);
#708 = DIRECTION('',(-4.440892098501E-17,-1.));
#709 = ( GEOMETRIC_REPRESENTATION_CONTEXT(2) 
PARAMETRIC_REPRESENTATION_CONTEXT() REPRESENTATION_CONTEXT('2D SPACE',''
  ) );
#710 = ORIENTED_EDGE('',*,*,#711,.F.);
#711 = EDGE_CURVE('',#712,#684,#714,.T.);
#712 = VERTEX_POINT('',#713);
#713 = CARTESIAN_POINT('',(-886.6199967142,-358.3268536967,
    585.13676933226));
#714 = SURFACE_CURVE('',#715,(#720,#731),.PCURVE_S1.);
#715 = CIRCLE('',#716,52.);
#716 = AXIS2_PLACEMENT_3D('',#717,#718,#719);
#717 = CARTESIAN_POINT('',(-886.6199967142,-371.7854440421,
    534.90862636522));
#718 = DIRECTION('',(-8.326672684689E-17,-0.965925826289,0.258819045103)
  );
#719 = DIRECTION('',(-0.707106781187,0.183012701892,0.683012701892));
#720 = PCURVE('',#128,#721);
#721 = DEFINITIONAL_REPRESENTATION('',(#722),#730);
#722 = ( BOUNDED_CURVE() B_SPLINE_CURVE(2,(#723,#724,#725,#726,#727,#728
,#729),.UNSPECIFIED.,.T.,.F.) B_SPLINE_CURVE_WITH_KNOTS((1,2,2,2,2,1),(
    -2.094395102393,0.,2.094395102393,4.188790204786,6.28318530718,
8.377580409573),.UNSPECIFIED.) CURVE() GEOMETRIC_REPRESENTATION_ITEM() 
RATIONAL_B_SPLINE_CURVE((1.,0.5,1.,0.5,1.,0.5,1.)) REPRESENTATION_ITEM(
  '') );
#723 = CARTESIAN_POINT('',(366.7695526217,266.7695526217));
#724 = CARTESIAN_POINT('',(430.45628593406,203.08281930933));
#725 = CARTESIAN_POINT('',(343.45859034533,179.77185703296));
#726 = CARTESIAN_POINT('',(256.46089475659,156.46089475659));
#727 = CARTESIAN_POINT('',(279.77185703296,243.45859034533));
#728 = CARTESIAN_POINT('',(303.08281930933,330.45628593406));
#729 = CARTESIAN_POINT('',(366.7695526217,266.7695526217));
#730 = ( GEOMETRIC_REPRESENTATION_CONTEXT(2) 
PARAMETRIC_REPRESENTATION_CONTEXT() REPRESENTATION_CONTEXT('2D SPACE',''
  ) );
#731 = PCURVE('',#732,#737);
#732 = TOROIDAL_SURFACE('',#733,52.,2.);
#733 = AXIS2_PLACEMENT_3D('',#734,#735,#736);
#734 = CARTESIAN_POINT('',(-886.6199967142,-369.8535923895,
    534.39098827502));
#735 = DIRECTION('',(1.008768357388E-16,0.965925826289,-0.258819045103)
  );
#736 = DIRECTION('',(-1.,9.743954091444E-17,-2.610884629888E-17));
#737 = DEFINITIONAL_REPRESENTATION('',(#738),#742);
#738 = LINE('',#739,#740);
#739 = CARTESIAN_POINT('',(7.068583470577,4.712388980384));
#740 = VECTOR('',#741,1.);
#741 = DIRECTION('',(-1.,9.046911093941E-14));
#742 = ( GEOMETRIC_REPRESENTATION_CONTEXT(2) 
PARAMETRIC_REPRESENTATION_CONTEXT() REPRESENTATION_CONTEXT('2D SPACE',''
  ) );
#743 = ORIENTED_EDGE('',*,*,#744,.F.);
#744 = EDGE_CURVE('',#145,#712,#745,.T.);
#745 = SURFACE_CURVE('',#746,(#750,#757),.PCURVE_S1.);
#746 = LINE('',#747,#748);
#747 = CARTESIAN_POINT('',(-721.6199967142,-358.3268536967,
    585.13676933226));
#748 = VECTOR('',#749,1.);
#749 = DIRECTION('',(-1.,1.224646799147E-16,6.728624391668E-17));
#750 = PCURVE('',#128,#751);
#751 = DEFINITIONAL_REPRESENTATION('',(#752),#756);
#752 = LINE('',#753,#754);
#753 = CARTESIAN_POINT('',(165.,282.));
#754 = VECTOR('',#755,1.);
#755 = DIRECTION('',(1.,6.728624391668E-17));
#756 = ( GEOMETRIC_REPRESENTATION_CONTEXT(2) 
PARAMETRIC_REPRESENTATION_CONTEXT() REPRESENTATION_CONTEXT('2D SPACE',''
  ) );
#757 = PCURVE('',#189,#758);
#758 = DEFINITIONAL_REPRESENTATION('',(#759),#763);
#759 = LINE('',#760,#761);
#760 = CARTESIAN_POINT('',(-0.785398163397,0.));
#761 = VECTOR('',#762,1.);
#762 = DIRECTION('',(2.960594732334E-17,-1.));
#763 = ( GEOMETRIC_REPRESENTATION_CONTEXT(2) 
PARAMETRIC_REPRESENTATION_CONTEXT() REPRESENTATION_CONTEXT('2D SPACE',''
  ) );
#764 = ORIENTED_EDGE('',*,*,#144,.F.);
#765 = ADVANCED_FACE('',(#766),#189,.T.);
#766 = FACE_BOUND('',#767,.T.);
#767 = EDGE_LOOP('',(#768,#769,#770,#794));
#768 = ORIENTED_EDGE('',*,*,#172,.T.);
#769 = ORIENTED_EDGE('',*,*,#744,.T.);
#770 = ORIENTED_EDGE('',*,*,#771,.F.);
#771 = EDGE_CURVE('',#772,#712,#774,.T.);
#772 = VERTEX_POINT('',#773);
#773 = CARTESIAN_POINT('',(-886.6199967142,-356.9126401344,
    582.68727958947));
#774 = SURFACE_CURVE('',#775,(#780,#787),.PCURVE_S1.);
#775 = CIRCLE('',#776,2.);
#776 = AXIS2_PLACEMENT_3D('',#777,#778,#779);
#777 = CARTESIAN_POINT('',(-886.6199967142,-356.3950020442,
    584.61913124205));
#778 = DIRECTION('',(-1.,5.851986980202E-15,2.145015457169E-14));
#779 = DIRECTION('',(-2.223386396085E-14,-0.258819045103,-0.965925826289
    ));
#780 = PCURVE('',#189,#781);
#781 = DEFINITIONAL_REPRESENTATION('',(#782),#786);
#782 = LINE('',#783,#784);
#783 = CARTESIAN_POINT('',(0.785398163397,-165.));
#784 = VECTOR('',#785,1.);
#785 = DIRECTION('',(-1.,0.));
#786 = ( GEOMETRIC_REPRESENTATION_CONTEXT(2) 
PARAMETRIC_REPRESENTATION_CONTEXT() REPRESENTATION_CONTEXT('2D SPACE',''
  ) );
#787 = PCURVE('',#732,#788);
#788 = DEFINITIONAL_REPRESENTATION('',(#789),#793);
#789 = LINE('',#790,#791);
#790 = CARTESIAN_POINT('',(1.570796326795,3.14159265359));
#791 = VECTOR('',#792,1.);
#792 = DIRECTION('',(0.,1.));
#793 = ( GEOMETRIC_REPRESENTATION_CONTEXT(2) 
PARAMETRIC_REPRESENTATION_CONTEXT() REPRESENTATION_CONTEXT('2D SPACE',''
  ) );
#794 = ORIENTED_EDGE('',*,*,#795,.T.);
#795 = EDGE_CURVE('',#772,#173,#796,.T.);
#796 = SURFACE_CURVE('',#797,(#801,#808),.PCURVE_S1.);
#797 = LINE('',#798,#799);
#798 = CARTESIAN_POINT('',(-721.6199967142,-356.9126401344,
    582.68727958947));
#799 = VECTOR('',#800,1.);
#800 = DIRECTION('',(1.,-1.224646799147E-16,-6.728624391668E-17));
#801 = PCURVE('',#189,#802);
#802 = DEFINITIONAL_REPRESENTATION('',(#803),#807);
#803 = LINE('',#804,#805);
#804 = CARTESIAN_POINT('',(0.785398163397,0.));
#805 = VECTOR('',#806,1.);
#806 = DIRECTION('',(-6.089405074459E-17,1.));
#807 = ( GEOMETRIC_REPRESENTATION_CONTEXT(2) 
PARAMETRIC_REPRESENTATION_CONTEXT() REPRESENTATION_CONTEXT('2D SPACE',''
  ) );
#808 = PCURVE('',#809,#814);
#809 = PLANE('',#810);
#810 = AXIS2_PLACEMENT_3D('',#811,#812,#813);
#811 = CARTESIAN_POINT('',(-886.6199967142,-339.5259752612,
    578.02853677763));
#812 = DIRECTION('',(-9.668971226742E-17,-0.258819045103,-0.965925826289
    ));
#813 = DIRECTION('',(1.,-1.224646799147E-16,-6.728624391668E-17));
#814 = DEFINITIONAL_REPRESENTATION('',(#815),#819);
#815 = LINE('',#816,#817);
#816 = CARTESIAN_POINT('',(165.,18.));
#817 = VECTOR('',#818,1.);
#818 = DIRECTION('',(1.,2.157041537714E-32));
#819 = ( GEOMETRIC_REPRESENTATION_CONTEXT(2) 
PARAMETRIC_REPRESENTATION_CONTEXT() REPRESENTATION_CONTEXT('2D SPACE',''
  ) );
#820 = ADVANCED_FACE('',(#821),#216,.F.);
#821 = FACE_BOUND('',#822,.F.);
#822 = EDGE_LOOP('',(#823,#824,#853,#874));
#823 = ORIENTED_EDGE('',*,*,#232,.F.);
#824 = ORIENTED_EDGE('',*,*,#825,.T.);
#825 = EDGE_CURVE('',#233,#826,#828,.T.);
#826 = VERTEX_POINT('',#827);
#827 = CARTESIAN_POINT('',(-226.6199967142,-341.4578269137,
    578.54617486783));
#828 = SURFACE_CURVE('',#829,(#834,#841),.PCURVE_S1.);
#829 = CIRCLE('',#830,50.);
#830 = AXIS2_PLACEMENT_3D('',#831,#832,#833);
#831 = CARTESIAN_POINT('',(-226.6199967142,-354.3987791689,
    530.24988355338));
#832 = DIRECTION('',(-8.326672684689E-17,-0.965925826289,0.258819045103)
  );
#833 = DIRECTION('',(0.707106781187,0.183012701892,0.683012701892));
#834 = PCURVE('',#216,#835);
#835 = DEFINITIONAL_REPRESENTATION('',(#836),#840);
#836 = LINE('',#837,#838);
#837 = CARTESIAN_POINT('',(-0.785398163397,2.));
#838 = VECTOR('',#839,1.);
#839 = DIRECTION('',(1.,0.));
#840 = ( GEOMETRIC_REPRESENTATION_CONTEXT(2) 
PARAMETRIC_REPRESENTATION_CONTEXT() REPRESENTATION_CONTEXT('2D SPACE',''
  ) );
#841 = PCURVE('',#842,#847);
#842 = TOROIDAL_SURFACE('',#843,52.,2.);
#843 = AXIS2_PLACEMENT_3D('',#844,#845,#846);
#844 = CARTESIAN_POINT('',(-226.6199967142,-354.3987791689,
    530.24988355338));
#845 = DIRECTION('',(-1.008768357388E-16,-0.965925826289,0.258819045103)
  );
#846 = DIRECTION('',(1.,-9.743954091444E-17,2.610884629888E-17));
#847 = DEFINITIONAL_REPRESENTATION('',(#848),#852);
#848 = LINE('',#849,#850);
#849 = CARTESIAN_POINT('',(-5.497787143782,3.14159265359));
#850 = VECTOR('',#851,1.);
#851 = DIRECTION('',(1.,-1.130863886743E-15));
#852 = ( GEOMETRIC_REPRESENTATION_CONTEXT(2) 
PARAMETRIC_REPRESENTATION_CONTEXT() REPRESENTATION_CONTEXT('2D SPACE',''
  ) );
#853 = ORIENTED_EDGE('',*,*,#854,.T.);
#854 = EDGE_CURVE('',#826,#173,#855,.T.);
#855 = SURFACE_CURVE('',#856,(#860,#867),.PCURVE_S1.);
#856 = LINE('',#857,#858);
#857 = CARTESIAN_POINT('',(-226.6199967142,-339.5259752612,
    578.02853677763));
#858 = VECTOR('',#859,1.);
#859 = DIRECTION('',(-1.008768357388E-16,-0.965925826289,0.258819045103)
  );
#860 = PCURVE('',#216,#861);
#861 = DEFINITIONAL_REPRESENTATION('',(#862),#866);
#862 = LINE('',#863,#864);
#863 = CARTESIAN_POINT('',(6.28318530718,2.173816682216E-13));
#864 = VECTOR('',#865,1.);
#865 = DIRECTION('',(0.,1.));
#866 = ( GEOMETRIC_REPRESENTATION_CONTEXT(2) 
PARAMETRIC_REPRESENTATION_CONTEXT() REPRESENTATION_CONTEXT('2D SPACE',''
  ) );
#867 = PCURVE('',#809,#868);
#868 = DEFINITIONAL_REPRESENTATION('',(#869),#873);
#869 = LINE('',#870,#871);
#870 = CARTESIAN_POINT('',(660.,-9.600303036745E-14));
#871 = VECTOR('',#872,1.);
#872 = DIRECTION('',(-8.289202480643E-31,1.));
#873 = ( GEOMETRIC_REPRESENTATION_CONTEXT(2) 
PARAMETRIC_REPRESENTATION_CONTEXT() REPRESENTATION_CONTEXT('2D SPACE',''
  ) );
#874 = ORIENTED_EDGE('',*,*,#201,.T.);
#875 = ADVANCED_FACE('',(#876),#271,.T.);
#876 = FACE_BOUND('',#877,.T.);
#877 = EDGE_LOOP('',(#878,#902,#930,#957));
#878 = ORIENTED_EDGE('',*,*,#879,.T.);
#879 = EDGE_CURVE('',#233,#880,#882,.T.);
#880 = VERTEX_POINT('',#881);
#881 = CARTESIAN_POINT('',(-174.6199967142,-352.4669275163,
    529.73224546317));
#882 = SURFACE_CURVE('',#883,(#888,#895),.PCURVE_S1.);
#883 = CIRCLE('',#884,2.);
#884 = AXIS2_PLACEMENT_3D('',#885,#886,#887);
#885 = CARTESIAN_POINT('',(-174.6199967142,-354.3987791689,
    530.24988355338));
#886 = DIRECTION('',(-2.940346835074E-17,-0.258819045103,-0.965925826289
    ));
#887 = DIRECTION('',(-1.,1.050497185157E-16,2.292723163573E-18));
#888 = PCURVE('',#271,#889);
#889 = DEFINITIONAL_REPRESENTATION('',(#890),#894);
#890 = LINE('',#891,#892);
#891 = CARTESIAN_POINT('',(0.785398163397,115.));
#892 = VECTOR('',#893,1.);
#893 = DIRECTION('',(-1.,0.));
#894 = ( GEOMETRIC_REPRESENTATION_CONTEXT(2) 
PARAMETRIC_REPRESENTATION_CONTEXT() REPRESENTATION_CONTEXT('2D SPACE',''
  ) );
#895 = PCURVE('',#842,#896);
#896 = DEFINITIONAL_REPRESENTATION('',(#897),#901);
#897 = LINE('',#898,#899);
#898 = CARTESIAN_POINT('',(0.,3.14159265359));
#899 = VECTOR('',#900,1.);
#900 = DIRECTION('',(0.,1.));
#901 = ( GEOMETRIC_REPRESENTATION_CONTEXT(2) 
PARAMETRIC_REPRESENTATION_CONTEXT() REPRESENTATION_CONTEXT('2D SPACE',''
  ) );
#902 = ORIENTED_EDGE('',*,*,#903,.T.);
#903 = EDGE_CURVE('',#880,#904,#906,.T.);
#904 = VERTEX_POINT('',#905);
#905 = CARTESIAN_POINT('',(-174.6199967142,-471.5236882634,
    85.406365370207));
#906 = SURFACE_CURVE('',#907,(#911,#918),.PCURVE_S1.);
#907 = LINE('',#908,#909);
#908 = CARTESIAN_POINT('',(-174.6199967142,-382.2311177031,
    418.65077543993));
#909 = VECTOR('',#910,1.);
#910 = DIRECTION('',(6.713766422536E-17,-0.258819045103,-0.965925826289)
  );
#911 = PCURVE('',#271,#912);
#912 = DEFINITIONAL_REPRESENTATION('',(#913),#917);
#913 = LINE('',#914,#915);
#914 = CARTESIAN_POINT('',(-0.785398163397,-4.263256414561E-14));
#915 = VECTOR('',#916,1.);
#916 = DIRECTION('',(-4.247809833348E-17,-1.));
#917 = ( GEOMETRIC_REPRESENTATION_CONTEXT(2) 
PARAMETRIC_REPRESENTATION_CONTEXT() REPRESENTATION_CONTEXT('2D SPACE',''
  ) );
#918 = PCURVE('',#919,#924);
#919 = PLANE('',#920);
#920 = AXIS2_PLACEMENT_3D('',#921,#922,#923);
#921 = CARTESIAN_POINT('',(-556.6199967142,-411.9953078899,
    307.56930541669));
#922 = DIRECTION('',(1.008768357388E-16,0.965925826289,-0.258819045103)
  );
#923 = DIRECTION('',(-1.,1.050497185157E-16,2.292723163573E-18));
#924 = DEFINITIONAL_REPRESENTATION('',(#925),#929);
#925 = LINE('',#926,#927);
#926 = CARTESIAN_POINT('',(-382.,115.));
#927 = VECTOR('',#928,1.);
#928 = DIRECTION('',(-9.65411325761E-17,-1.));
#929 = ( GEOMETRIC_REPRESENTATION_CONTEXT(2) 
PARAMETRIC_REPRESENTATION_CONTEXT() REPRESENTATION_CONTEXT('2D SPACE',''
  ) );
#930 = ORIENTED_EDGE('',*,*,#931,.F.);
#931 = EDGE_CURVE('',#256,#904,#932,.T.);
#932 = SURFACE_CURVE('',#933,(#938,#945),.PCURVE_S1.);
#933 = CIRCLE('',#934,2.);
#934 = AXIS2_PLACEMENT_3D('',#935,#936,#937);
#935 = CARTESIAN_POINT('',(-174.6199967142,-473.455539916,
    85.924003460412));
#936 = DIRECTION('',(-2.940346835074E-17,-0.258819045103,-0.965925826289
    ));
#937 = DIRECTION('',(-1.,1.050497185157E-16,2.292723163573E-18));
#938 = PCURVE('',#271,#939);
#939 = DEFINITIONAL_REPRESENTATION('',(#940),#944);
#940 = LINE('',#941,#942);
#941 = CARTESIAN_POINT('',(0.785398163398,-345.));
#942 = VECTOR('',#943,1.);
#943 = DIRECTION('',(-1.,0.));
#944 = ( GEOMETRIC_REPRESENTATION_CONTEXT(2) 
PARAMETRIC_REPRESENTATION_CONTEXT() REPRESENTATION_CONTEXT('2D SPACE',''
  ) );
#945 = PCURVE('',#946,#951);
#946 = TOROIDAL_SURFACE('',#947,52.,2.);
#947 = AXIS2_PLACEMENT_3D('',#948,#949,#950);
#948 = CARTESIAN_POINT('',(-226.6199967142,-473.455539916,
    85.924003460412));
#949 = DIRECTION('',(-1.008768357388E-16,-0.965925826289,0.258819045103)
  );
#950 = DIRECTION('',(1.,-9.743954091444E-17,2.610884629888E-17));
#951 = DEFINITIONAL_REPRESENTATION('',(#952),#956);
#952 = LINE('',#953,#954);
#953 = CARTESIAN_POINT('',(6.28318530718,3.14159265359));
#954 = VECTOR('',#955,1.);
#955 = DIRECTION('',(0.,1.));
#956 = ( GEOMETRIC_REPRESENTATION_CONTEXT(2) 
PARAMETRIC_REPRESENTATION_CONTEXT() REPRESENTATION_CONTEXT('2D SPACE',''
  ) );
#957 = ORIENTED_EDGE('',*,*,#255,.T.);
#958 = ADVANCED_FACE('',(#959),#297,.F.);
#959 = FACE_BOUND('',#960,.F.);
#960 = EDGE_LOOP('',(#961,#989,#1011,#1012));
#961 = ORIENTED_EDGE('',*,*,#962,.F.);
#962 = EDGE_CURVE('',#963,#313,#965,.T.);
#963 = VERTEX_POINT('',#964);
#964 = CARTESIAN_POINT('',(-226.6199967142,-486.3964921711,
    37.627712145958));
#965 = SURFACE_CURVE('',#966,(#970,#977),.PCURVE_S1.);
#966 = LINE('',#967,#968);
#967 = CARTESIAN_POINT('',(-226.6199967142,-484.4646405186,
    37.110074055753));
#968 = VECTOR('',#969,1.);
#969 = DIRECTION('',(-1.008768357388E-16,-0.965925826289,0.258819045103)
  );
#970 = PCURVE('',#297,#971);
#971 = DEFINITIONAL_REPRESENTATION('',(#972),#976);
#972 = LINE('',#973,#974);
#973 = CARTESIAN_POINT('',(4.712388980385,1.199040866595E-14));
#974 = VECTOR('',#975,1.);
#975 = DIRECTION('',(5.551115123126E-17,1.));
#976 = ( GEOMETRIC_REPRESENTATION_CONTEXT(2) 
PARAMETRIC_REPRESENTATION_CONTEXT() REPRESENTATION_CONTEXT('2D SPACE',''
  ) );
#977 = PCURVE('',#978,#983);
#978 = PLANE('',#979);
#979 = AXIS2_PLACEMENT_3D('',#980,#981,#982);
#980 = CARTESIAN_POINT('',(-226.6199967142,-484.4646405186,
    37.110074055753));
#981 = DIRECTION('',(9.668971226742E-17,0.258819045103,0.965925826289));
#982 = DIRECTION('',(-1.,1.224646799147E-16,6.728624391668E-17));
#983 = DEFINITIONAL_REPRESENTATION('',(#984),#988);
#984 = LINE('',#985,#986);
#985 = CARTESIAN_POINT('',(0.,0.));
#986 = VECTOR('',#987,1.);
#987 = DIRECTION('',(8.289202480643E-31,1.));
#988 = ( GEOMETRIC_REPRESENTATION_CONTEXT(2) 
PARAMETRIC_REPRESENTATION_CONTEXT() REPRESENTATION_CONTEXT('2D SPACE',''
  ) );
#989 = ORIENTED_EDGE('',*,*,#990,.T.);
#990 = EDGE_CURVE('',#963,#256,#991,.T.);
#991 = SURFACE_CURVE('',#992,(#997,#1004),.PCURVE_S1.);
#992 = CIRCLE('',#993,50.);
#993 = AXIS2_PLACEMENT_3D('',#994,#995,#996);
#994 = CARTESIAN_POINT('',(-226.6199967142,-473.455539916,
    85.924003460412));
#995 = DIRECTION('',(-5.551115123126E-17,-0.965925826289,0.258819045103)
  );
#996 = DIRECTION('',(0.707106781187,-0.183012701892,-0.683012701892));
#997 = PCURVE('',#297,#998);
#998 = DEFINITIONAL_REPRESENTATION('',(#999),#1003);
#999 = LINE('',#1000,#1001);
#1000 = CARTESIAN_POINT('',(-0.785398163397,2.));
#1001 = VECTOR('',#1002,1.);
#1002 = DIRECTION('',(1.,0.));
#1003 = ( GEOMETRIC_REPRESENTATION_CONTEXT(2) 
PARAMETRIC_REPRESENTATION_CONTEXT() REPRESENTATION_CONTEXT('2D SPACE',''
  ) );
#1004 = PCURVE('',#946,#1005);
#1005 = DEFINITIONAL_REPRESENTATION('',(#1006),#1010);
#1006 = LINE('',#1007,#1008);
#1007 = CARTESIAN_POINT('',(-0.785398163397,3.14159265359));
#1008 = VECTOR('',#1009,1.);
#1009 = DIRECTION('',(1.,2.827159716856E-15));
#1010 = ( GEOMETRIC_REPRESENTATION_CONTEXT(2) 
PARAMETRIC_REPRESENTATION_CONTEXT() REPRESENTATION_CONTEXT('2D SPACE',''
  ) );
#1011 = ORIENTED_EDGE('',*,*,#283,.T.);
#1012 = ORIENTED_EDGE('',*,*,#370,.T.);
#1013 = ADVANCED_FACE('',(#1014),#331,.T.);
#1014 = FACE_BOUND('',#1015,.T.);
#1015 = EDGE_LOOP('',(#1016,#1040,#1041,#1042));
#1016 = ORIENTED_EDGE('',*,*,#1017,.T.);
#1017 = EDGE_CURVE('',#1018,#628,#1020,.T.);
#1018 = VERTEX_POINT('',#1019);
#1019 = CARTESIAN_POINT('',(-886.6199967142,-501.8513053918,
    41.768816867599));
#1020 = SURFACE_CURVE('',#1021,(#1026,#1033),.PCURVE_S1.);
#1021 = CIRCLE('',#1022,2.);
#1022 = AXIS2_PLACEMENT_3D('',#1023,#1024,#1025);
#1023 = CARTESIAN_POINT('',(-886.6199967142,-502.368943482,
    39.83696521502));
#1024 = DIRECTION('',(1.,5.641887543171E-15,2.144556912536E-14));
#1025 = DIRECTION('',(-2.217505702415E-14,0.258819045103,0.965925826289)
  );
#1026 = PCURVE('',#331,#1027);
#1027 = DEFINITIONAL_REPRESENTATION('',(#1028),#1032);
#1028 = LINE('',#1029,#1030);
#1029 = CARTESIAN_POINT('',(0.785398163397,495.));
#1030 = VECTOR('',#1031,1.);
#1031 = DIRECTION('',(-1.,0.));
#1032 = ( GEOMETRIC_REPRESENTATION_CONTEXT(2) 
PARAMETRIC_REPRESENTATION_CONTEXT() REPRESENTATION_CONTEXT('2D SPACE',''
  ) );
#1033 = PCURVE('',#671,#1034);
#1034 = DEFINITIONAL_REPRESENTATION('',(#1035),#1039);
#1035 = LINE('',#1036,#1037);
#1036 = CARTESIAN_POINT('',(4.712388980385,3.14159265359));
#1037 = VECTOR('',#1038,1.);
#1038 = DIRECTION('',(0.,1.));
#1039 = ( GEOMETRIC_REPRESENTATION_CONTEXT(2) 
PARAMETRIC_REPRESENTATION_CONTEXT() REPRESENTATION_CONTEXT('2D SPACE',''
  ) );
#1040 = ORIENTED_EDGE('',*,*,#627,.T.);
#1041 = ORIENTED_EDGE('',*,*,#312,.F.);
#1042 = ORIENTED_EDGE('',*,*,#1043,.T.);
#1043 = EDGE_CURVE('',#313,#1018,#1044,.T.);
#1044 = SURFACE_CURVE('',#1045,(#1049,#1056),.PCURVE_S1.);
#1045 = LINE('',#1046,#1047);
#1046 = CARTESIAN_POINT('',(-391.6199967142,-501.8513053918,
    41.768816867599));
#1047 = VECTOR('',#1048,1.);
#1048 = DIRECTION('',(-1.,1.224646799147E-16,6.728624391668E-17));
#1049 = PCURVE('',#331,#1050);
#1050 = DEFINITIONAL_REPRESENTATION('',(#1051),#1055);
#1051 = LINE('',#1052,#1053);
#1052 = CARTESIAN_POINT('',(0.785398163397,0.));
#1053 = VECTOR('',#1054,1.);
#1054 = DIRECTION('',(0.,1.));
#1055 = ( GEOMETRIC_REPRESENTATION_CONTEXT(2) 
PARAMETRIC_REPRESENTATION_CONTEXT() REPRESENTATION_CONTEXT('2D SPACE',''
  ) );
#1056 = PCURVE('',#978,#1057);
#1057 = DEFINITIONAL_REPRESENTATION('',(#1058),#1062);
#1058 = LINE('',#1059,#1060);
#1059 = CARTESIAN_POINT('',(165.,18.));
#1060 = VECTOR('',#1061,1.);
#1061 = DIRECTION('',(1.,-2.157041537714E-32));
#1062 = ( GEOMETRIC_REPRESENTATION_CONTEXT(2) 
PARAMETRIC_REPRESENTATION_CONTEXT() REPRESENTATION_CONTEXT('2D SPACE',''
  ) );
#1063 = ADVANCED_FACE('',(#1064),#413,.T.);
#1064 = FACE_BOUND('',#1065,.T.);
#1065 = EDGE_LOOP('',(#1066,#1090,#1118,#1140));
#1066 = ORIENTED_EDGE('',*,*,#1067,.T.);
#1067 = EDGE_CURVE('',#398,#1068,#1070,.T.);
#1068 = VERTEX_POINT('',#1069);
#1069 = CARTESIAN_POINT('',(-949.6199967142,-369.8535923895,
    534.39098827502));
#1070 = SURFACE_CURVE('',#1071,(#1076,#1083),.PCURVE_S1.);
#1071 = CIRCLE('',#1072,2.);
#1072 = AXIS2_PLACEMENT_3D('',#1073,#1074,#1075);
#1073 = CARTESIAN_POINT('',(-947.6199967142,-369.8535923895,
    534.39098827502));
#1074 = DIRECTION('',(-2.940346835074E-17,-0.258819045103,
    -0.965925826289));
#1075 = DIRECTION('',(-1.008768357388E-16,-0.965925826289,0.258819045103
    ));
#1076 = PCURVE('',#413,#1077);
#1077 = DEFINITIONAL_REPRESENTATION('',(#1078),#1082);
#1078 = LINE('',#1079,#1080);
#1079 = CARTESIAN_POINT('',(-0.785398163397,-115.));
#1080 = VECTOR('',#1081,1.);
#1081 = DIRECTION('',(1.,0.));
#1082 = ( GEOMETRIC_REPRESENTATION_CONTEXT(2) 
PARAMETRIC_REPRESENTATION_CONTEXT() REPRESENTATION_CONTEXT('2D SPACE',''
  ) );
#1083 = PCURVE('',#611,#1084);
#1084 = DEFINITIONAL_REPRESENTATION('',(#1085),#1089);
#1085 = LINE('',#1086,#1087);
#1086 = CARTESIAN_POINT('',(3.14159265359,1.570796326795));
#1087 = VECTOR('',#1088,1.);
#1088 = DIRECTION('',(0.,-1.));
#1089 = ( GEOMETRIC_REPRESENTATION_CONTEXT(2) 
PARAMETRIC_REPRESENTATION_CONTEXT() REPRESENTATION_CONTEXT('2D SPACE',''
  ) );
#1090 = ORIENTED_EDGE('',*,*,#1091,.T.);
#1091 = EDGE_CURVE('',#1068,#1092,#1094,.T.);
#1092 = VERTEX_POINT('',#1093);
#1093 = CARTESIAN_POINT('',(-949.6199967142,-488.9103531366,
    90.065108182052));
#1094 = SURFACE_CURVE('',#1095,(#1099,#1106),.PCURVE_S1.);
#1095 = LINE('',#1096,#1097);
#1096 = CARTESIAN_POINT('',(-949.6199967142,-399.6177825763,
    423.30951825178));
#1097 = VECTOR('',#1098,1.);
#1098 = DIRECTION('',(6.713766422536E-17,-0.258819045103,-0.965925826289
    ));
#1099 = PCURVE('',#413,#1100);
#1100 = DEFINITIONAL_REPRESENTATION('',(#1101),#1105);
#1101 = LINE('',#1102,#1103);
#1102 = CARTESIAN_POINT('',(0.785398163398,0.));
#1103 = VECTOR('',#1104,1.);
#1104 = DIRECTION('',(4.440892098501E-17,1.));
#1105 = ( GEOMETRIC_REPRESENTATION_CONTEXT(2) 
PARAMETRIC_REPRESENTATION_CONTEXT() REPRESENTATION_CONTEXT('2D SPACE',''
  ) );
#1106 = PCURVE('',#1107,#1112);
#1107 = PLANE('',#1108);
#1108 = AXIS2_PLACEMENT_3D('',#1109,#1110,#1111);
#1109 = CARTESIAN_POINT('',(-949.6199967142,-352.4669275163,
    529.73224546317));
#1110 = DIRECTION('',(-1.,8.006303476922E-17,-9.095885009088E-17));
#1111 = DIRECTION('',(6.713766422536E-17,-0.258819045103,-0.965925826289
    ));
#1112 = DEFINITIONAL_REPRESENTATION('',(#1113),#1117);
#1113 = LINE('',#1114,#1115);
#1114 = CARTESIAN_POINT('',(115.,18.));
#1115 = VECTOR('',#1116,1.);
#1116 = DIRECTION('',(1.,5.551115123126E-17));
#1117 = ( GEOMETRIC_REPRESENTATION_CONTEXT(2) 
PARAMETRIC_REPRESENTATION_CONTEXT() REPRESENTATION_CONTEXT('2D SPACE',''
  ) );
#1118 = ORIENTED_EDGE('',*,*,#1119,.T.);
#1119 = EDGE_CURVE('',#1092,#396,#1120,.T.);
#1120 = SURFACE_CURVE('',#1121,(#1126,#1133),.PCURVE_S1.);
#1121 = CIRCLE('',#1122,2.);
#1122 = AXIS2_PLACEMENT_3D('',#1123,#1124,#1125);
#1123 = CARTESIAN_POINT('',(-947.6199967142,-488.9103531366,
    90.065108182052));
#1124 = DIRECTION('',(2.940346835074E-17,0.258819045103,0.965925826289)
  );
#1125 = DIRECTION('',(-1.,1.050497185157E-16,2.292723163573E-18));
#1126 = PCURVE('',#413,#1127);
#1127 = DEFINITIONAL_REPRESENTATION('',(#1128),#1132);
#1128 = LINE('',#1129,#1130);
#1129 = CARTESIAN_POINT('',(0.785398163397,345.));
#1130 = VECTOR('',#1131,1.);
#1131 = DIRECTION('',(-1.,0.));
#1132 = ( GEOMETRIC_REPRESENTATION_CONTEXT(2) 
PARAMETRIC_REPRESENTATION_CONTEXT() REPRESENTATION_CONTEXT('2D SPACE',''
  ) );
#1133 = PCURVE('',#442,#1134);
#1134 = DEFINITIONAL_REPRESENTATION('',(#1135),#1139);
#1135 = LINE('',#1136,#1137);
#1136 = CARTESIAN_POINT('',(3.14159265359,0.));
#1137 = VECTOR('',#1138,1.);
#1138 = DIRECTION('',(0.,1.));
#1139 = ( GEOMETRIC_REPRESENTATION_CONTEXT(2) 
PARAMETRIC_REPRESENTATION_CONTEXT() REPRESENTATION_CONTEXT('2D SPACE',''
  ) );
#1140 = ORIENTED_EDGE('',*,*,#395,.T.);
#1141 = ADVANCED_FACE('',(#1142),#442,.T.);
#1142 = FACE_BOUND('',#1143,.T.);
#1143 = EDGE_LOOP('',(#1144,#1168,#1169,#1170));
#1144 = ORIENTED_EDGE('',*,*,#1145,.T.);
#1145 = EDGE_CURVE('',#1146,#426,#1148,.T.);
#1146 = VERTEX_POINT('',#1147);
#1147 = CARTESIAN_POINT('',(-886.6199967142,-505.2159529781,
    29.211781125841));
#1148 = SURFACE_CURVE('',#1149,(#1154,#1161),.PCURVE_S1.);
#1149 = CIRCLE('',#1150,2.);
#1150 = AXIS2_PLACEMENT_3D('',#1151,#1152,#1153);
#1151 = CARTESIAN_POINT('',(-886.6199967142,-504.6983148879,
    31.143632778419));
#1152 = DIRECTION('',(-1.,1.050497185157E-16,2.292723163573E-18));
#1153 = DIRECTION('',(-2.940346835074E-17,-0.258819045103,
    -0.965925826289));
#1154 = PCURVE('',#442,#1155);
#1155 = DEFINITIONAL_REPRESENTATION('',(#1156),#1160);
#1156 = LINE('',#1157,#1158);
#1157 = CARTESIAN_POINT('',(4.712388980385,0.));
#1158 = VECTOR('',#1159,1.);
#1159 = DIRECTION('',(0.,1.));
#1160 = ( GEOMETRIC_REPRESENTATION_CONTEXT(2) 
PARAMETRIC_REPRESENTATION_CONTEXT() REPRESENTATION_CONTEXT('2D SPACE',''
  ) );
#1161 = PCURVE('',#470,#1162);
#1162 = DEFINITIONAL_REPRESENTATION('',(#1163),#1167);
#1163 = LINE('',#1164,#1165);
#1164 = CARTESIAN_POINT('',(0.785398163397,-165.));
#1165 = VECTOR('',#1166,1.);
#1166 = DIRECTION('',(-1.,0.));
#1167 = ( GEOMETRIC_REPRESENTATION_CONTEXT(2) 
PARAMETRIC_REPRESENTATION_CONTEXT() REPRESENTATION_CONTEXT('2D SPACE',''
  ) );
#1168 = ORIENTED_EDGE('',*,*,#425,.T.);
#1169 = ORIENTED_EDGE('',*,*,#1119,.F.);
#1170 = ORIENTED_EDGE('',*,*,#1171,.T.);
#1171 = EDGE_CURVE('',#1092,#1146,#1172,.T.);
#1172 = SURFACE_CURVE('',#1173,(#1178,#1185),.PCURVE_S1.);
#1173 = CIRCLE('',#1174,63.);
#1174 = AXIS2_PLACEMENT_3D('',#1175,#1176,#1177);
#1175 = CARTESIAN_POINT('',(-886.6199967142,-488.9103531366,
    90.065108182052));
#1176 = DIRECTION('',(-8.326672684689E-17,-0.965925826289,0.258819045103
    ));
#1177 = DIRECTION('',(-0.707106781187,-0.183012701892,-0.683012701892));
#1178 = PCURVE('',#442,#1179);
#1179 = DEFINITIONAL_REPRESENTATION('',(#1180),#1184);
#1180 = LINE('',#1181,#1182);
#1181 = CARTESIAN_POINT('',(-2.356194490192,0.));
#1182 = VECTOR('',#1183,1.);
#1183 = DIRECTION('',(1.,0.));
#1184 = ( GEOMETRIC_REPRESENTATION_CONTEXT(2) 
PARAMETRIC_REPRESENTATION_CONTEXT() REPRESENTATION_CONTEXT('2D SPACE',''
  ) );
#1185 = PCURVE('',#1186,#1191);
#1186 = CYLINDRICAL_SURFACE('',#1187,63.);
#1187 = AXIS2_PLACEMENT_3D('',#1188,#1189,#1190);
#1188 = CARTESIAN_POINT('',(-886.6199967142,-471.5236882634,
    85.406365370207));
#1189 = DIRECTION('',(-1.008768357388E-16,-0.965925826289,0.258819045103
    ));
#1190 = DIRECTION('',(2.085307054745E-15,-0.258819045103,-0.965925826289
    ));
#1191 = DEFINITIONAL_REPRESENTATION('',(#1192),#1196);
#1192 = LINE('',#1193,#1194);
#1193 = CARTESIAN_POINT('',(-0.785398163397,18.));
#1194 = VECTOR('',#1195,1.);
#1195 = DIRECTION('',(1.,-3.618764437576E-14));
#1196 = ( GEOMETRIC_REPRESENTATION_CONTEXT(2) 
PARAMETRIC_REPRESENTATION_CONTEXT() REPRESENTATION_CONTEXT('2D SPACE',''
  ) );
#1197 = ADVANCED_FACE('',(#1198),#470,.T.);
#1198 = FACE_BOUND('',#1199,.T.);
#1199 = EDGE_LOOP('',(#1200,#1224,#1225,#1226));
#1200 = ORIENTED_EDGE('',*,*,#1201,.T.);
#1201 = EDGE_CURVE('',#1202,#455,#1204,.T.);
#1202 = VERTEX_POINT('',#1203);
#1203 = CARTESIAN_POINT('',(-226.6199967142,-505.2159529781,
    29.211781125841));
#1204 = SURFACE_CURVE('',#1205,(#1210,#1217),.PCURVE_S1.);
#1205 = CIRCLE('',#1206,2.);
#1206 = AXIS2_PLACEMENT_3D('',#1207,#1208,#1209);
#1207 = CARTESIAN_POINT('',(-226.6199967142,-504.6983148879,
    31.143632778419));
#1208 = DIRECTION('',(-1.,5.851986980202E-15,2.145015457169E-14));
#1209 = DIRECTION('',(-2.223386396085E-14,-0.258819045103,
    -0.965925826289));
#1210 = PCURVE('',#470,#1211);
#1211 = DEFINITIONAL_REPRESENTATION('',(#1212),#1216);
#1212 = LINE('',#1213,#1214);
#1213 = CARTESIAN_POINT('',(0.785398163398,495.));
#1214 = VECTOR('',#1215,1.);
#1215 = DIRECTION('',(-1.,0.));
#1216 = ( GEOMETRIC_REPRESENTATION_CONTEXT(2) 
PARAMETRIC_REPRESENTATION_CONTEXT() REPRESENTATION_CONTEXT('2D SPACE',''
  ) );
#1217 = PCURVE('',#499,#1218);
#1218 = DEFINITIONAL_REPRESENTATION('',(#1219),#1223);
#1219 = LINE('',#1220,#1221);
#1220 = CARTESIAN_POINT('',(4.712388980385,0.));
#1221 = VECTOR('',#1222,1.);
#1222 = DIRECTION('',(5.654319433713E-16,1.));
#1223 = ( GEOMETRIC_REPRESENTATION_CONTEXT(2) 
PARAMETRIC_REPRESENTATION_CONTEXT() REPRESENTATION_CONTEXT('2D SPACE',''
  ) );
#1224 = ORIENTED_EDGE('',*,*,#454,.T.);
#1225 = ORIENTED_EDGE('',*,*,#1145,.F.);
#1226 = ORIENTED_EDGE('',*,*,#1227,.T.);
#1227 = EDGE_CURVE('',#1146,#1202,#1228,.T.);
#1228 = SURFACE_CURVE('',#1229,(#1233,#1240),.PCURVE_S1.);
#1229 = LINE('',#1230,#1231);
#1230 = CARTESIAN_POINT('',(-721.6199967142,-505.2159529781,
    29.211781125841));
#1231 = VECTOR('',#1232,1.);
#1232 = DIRECTION('',(1.,-1.224646799147E-16,-6.728624391668E-17));
#1233 = PCURVE('',#470,#1234);
#1234 = DEFINITIONAL_REPRESENTATION('',(#1235),#1239);
#1235 = LINE('',#1236,#1237);
#1236 = CARTESIAN_POINT('',(0.785398163398,0.));
#1237 = VECTOR('',#1238,1.);
#1238 = DIRECTION('',(0.,1.));
#1239 = ( GEOMETRIC_REPRESENTATION_CONTEXT(2) 
PARAMETRIC_REPRESENTATION_CONTEXT() REPRESENTATION_CONTEXT('2D SPACE',''
  ) );
#1240 = PCURVE('',#1241,#1246);
#1241 = PLANE('',#1242);
#1242 = AXIS2_PLACEMENT_3D('',#1243,#1244,#1245);
#1243 = CARTESIAN_POINT('',(-886.6199967142,-487.8292881049,
    24.553038313996));
#1244 = DIRECTION('',(-9.668971226742E-17,-0.258819045103,
    -0.965925826289));
#1245 = DIRECTION('',(1.,-1.224646799147E-16,-6.728624391668E-17));
#1246 = DEFINITIONAL_REPRESENTATION('',(#1247),#1251);
#1247 = LINE('',#1248,#1249);
#1248 = CARTESIAN_POINT('',(165.,18.));
#1249 = VECTOR('',#1250,1.);
#1250 = DIRECTION('',(1.,2.157041537714E-32));
#1251 = ( GEOMETRIC_REPRESENTATION_CONTEXT(2) 
PARAMETRIC_REPRESENTATION_CONTEXT() REPRESENTATION_CONTEXT('2D SPACE',''
  ) );
#1252 = ADVANCED_FACE('',(#1253),#499,.T.);
#1253 = FACE_BOUND('',#1254,.T.);
#1254 = EDGE_LOOP('',(#1255,#1279,#1280,#1281));
#1255 = ORIENTED_EDGE('',*,*,#1256,.T.);
#1256 = EDGE_CURVE('',#1257,#483,#1259,.T.);
#1257 = VERTEX_POINT('',#1258);
#1258 = CARTESIAN_POINT('',(-163.6199967142,-488.9103531366,
    90.065108182052));
#1259 = SURFACE_CURVE('',#1260,(#1265,#1272),.PCURVE_S1.);
#1260 = CIRCLE('',#1261,2.);
#1261 = AXIS2_PLACEMENT_3D('',#1262,#1263,#1264);
#1262 = CARTESIAN_POINT('',(-165.6199967142,-488.9103531366,
    90.065108182052));
#1263 = DIRECTION('',(2.217505702415E-14,-0.258819045103,-0.965925826289
    ));
#1264 = DIRECTION('',(1.,5.641887543171E-15,2.144556912536E-14));
#1265 = PCURVE('',#499,#1266);
#1266 = DEFINITIONAL_REPRESENTATION('',(#1267),#1271);
#1267 = LINE('',#1268,#1269);
#1268 = CARTESIAN_POINT('',(6.28318530718,0.));
#1269 = VECTOR('',#1270,1.);
#1270 = DIRECTION('',(0.,1.));
#1271 = ( GEOMETRIC_REPRESENTATION_CONTEXT(2) 
PARAMETRIC_REPRESENTATION_CONTEXT() REPRESENTATION_CONTEXT('2D SPACE',''
  ) );
#1272 = PCURVE('',#527,#1273);
#1273 = DEFINITIONAL_REPRESENTATION('',(#1274),#1278);
#1274 = LINE('',#1275,#1276);
#1275 = CARTESIAN_POINT('',(0.785398163397,-115.));
#1276 = VECTOR('',#1277,1.);
#1277 = DIRECTION('',(-1.,-2.714073328182E-14));
#1278 = ( GEOMETRIC_REPRESENTATION_CONTEXT(2) 
PARAMETRIC_REPRESENTATION_CONTEXT() REPRESENTATION_CONTEXT('2D SPACE',''
  ) );
#1279 = ORIENTED_EDGE('',*,*,#482,.T.);
#1280 = ORIENTED_EDGE('',*,*,#1201,.F.);
#1281 = ORIENTED_EDGE('',*,*,#1282,.T.);
#1282 = EDGE_CURVE('',#1202,#1257,#1283,.T.);
#1283 = SURFACE_CURVE('',#1284,(#1289,#1296),.PCURVE_S1.);
#1284 = CIRCLE('',#1285,63.);
#1285 = AXIS2_PLACEMENT_3D('',#1286,#1287,#1288);
#1286 = CARTESIAN_POINT('',(-226.6199967142,-488.9103531366,
    90.065108182052));
#1287 = DIRECTION('',(-5.551115123126E-17,-0.965925826289,0.258819045103
    ));
#1288 = DIRECTION('',(0.707106781187,-0.183012701892,-0.683012701892));
#1289 = PCURVE('',#499,#1290);
#1290 = DEFINITIONAL_REPRESENTATION('',(#1291),#1295);
#1291 = LINE('',#1292,#1293);
#1292 = CARTESIAN_POINT('',(-0.785398163397,0.));
#1293 = VECTOR('',#1294,1.);
#1294 = DIRECTION('',(1.,0.));
#1295 = ( GEOMETRIC_REPRESENTATION_CONTEXT(2) 
PARAMETRIC_REPRESENTATION_CONTEXT() REPRESENTATION_CONTEXT('2D SPACE',''
  ) );
#1296 = PCURVE('',#1297,#1302);
#1297 = CYLINDRICAL_SURFACE('',#1298,63.);
#1298 = AXIS2_PLACEMENT_3D('',#1299,#1300,#1301);
#1299 = CARTESIAN_POINT('',(-226.6199967142,-471.5236882634,
    85.406365370207));
#1300 = DIRECTION('',(-1.008768357388E-16,-0.965925826289,0.258819045103
    ));
#1301 = DIRECTION('',(1.,9.89604997996E-16,4.083014295603E-15));
#1302 = DEFINITIONAL_REPRESENTATION('',(#1303),#1307);
#1303 = LINE('',#1304,#1305);
#1304 = CARTESIAN_POINT('',(-0.785398163397,18.));
#1305 = VECTOR('',#1306,1.);
#1306 = DIRECTION('',(1.,3.618764437576E-14));
#1307 = ( GEOMETRIC_REPRESENTATION_CONTEXT(2) 
PARAMETRIC_REPRESENTATION_CONTEXT() REPRESENTATION_CONTEXT('2D SPACE',''
  ) );
#1308 = ADVANCED_FACE('',(#1309),#527,.T.);
#1309 = FACE_BOUND('',#1310,.T.);
#1310 = EDGE_LOOP('',(#1311,#1335,#1336,#1337));
#1311 = ORIENTED_EDGE('',*,*,#1312,.T.);
#1312 = EDGE_CURVE('',#1313,#512,#1315,.T.);
#1313 = VERTEX_POINT('',#1314);
#1314 = CARTESIAN_POINT('',(-163.6199967142,-369.8535923895,
    534.39098827502));
#1315 = SURFACE_CURVE('',#1316,(#1321,#1328),.PCURVE_S1.);
#1316 = CIRCLE('',#1317,2.);
#1317 = AXIS2_PLACEMENT_3D('',#1318,#1319,#1320);
#1318 = CARTESIAN_POINT('',(-165.6199967142,-369.8535923895,
    534.39098827502));
#1319 = DIRECTION('',(-2.940346835074E-17,-0.258819045103,
    -0.965925826289));
#1320 = DIRECTION('',(1.,-1.050497185157E-16,-2.292723163573E-18));
#1321 = PCURVE('',#527,#1322);
#1322 = DEFINITIONAL_REPRESENTATION('',(#1323),#1327);
#1323 = LINE('',#1324,#1325);
#1324 = CARTESIAN_POINT('',(0.785398163397,345.));
#1325 = VECTOR('',#1326,1.);
#1326 = DIRECTION('',(-1.,0.));
#1327 = ( GEOMETRIC_REPRESENTATION_CONTEXT(2) 
PARAMETRIC_REPRESENTATION_CONTEXT() REPRESENTATION_CONTEXT('2D SPACE',''
  ) );
#1328 = PCURVE('',#556,#1329);
#1329 = DEFINITIONAL_REPRESENTATION('',(#1330),#1334);
#1330 = LINE('',#1331,#1332);
#1331 = CARTESIAN_POINT('',(0.,0.));
#1332 = VECTOR('',#1333,1.);
#1333 = DIRECTION('',(0.,1.));
#1334 = ( GEOMETRIC_REPRESENTATION_CONTEXT(2) 
PARAMETRIC_REPRESENTATION_CONTEXT() REPRESENTATION_CONTEXT('2D SPACE',''
  ) );
#1335 = ORIENTED_EDGE('',*,*,#511,.T.);
#1336 = ORIENTED_EDGE('',*,*,#1256,.F.);
#1337 = ORIENTED_EDGE('',*,*,#1338,.T.);
#1338 = EDGE_CURVE('',#1257,#1313,#1339,.T.);
#1339 = SURFACE_CURVE('',#1340,(#1344,#1351),.PCURVE_S1.);
#1340 = LINE('',#1341,#1342);
#1341 = CARTESIAN_POINT('',(-163.6199967142,-459.1461629499,
    201.14657820529));
#1342 = VECTOR('',#1343,1.);
#1343 = DIRECTION('',(2.940346835074E-17,0.258819045103,0.965925826289)
  );
#1344 = PCURVE('',#527,#1345);
#1345 = DEFINITIONAL_REPRESENTATION('',(#1346),#1350);
#1346 = LINE('',#1347,#1348);
#1347 = CARTESIAN_POINT('',(0.785398163397,0.));
#1348 = VECTOR('',#1349,1.);
#1349 = DIRECTION('',(0.,1.));
#1350 = ( GEOMETRIC_REPRESENTATION_CONTEXT(2) 
PARAMETRIC_REPRESENTATION_CONTEXT() REPRESENTATION_CONTEXT('2D SPACE',''
  ) );
#1351 = PCURVE('',#1352,#1357);
#1352 = PLANE('',#1353);
#1353 = AXIS2_PLACEMENT_3D('',#1354,#1355,#1356);
#1354 = CARTESIAN_POINT('',(-163.6199967142,-471.5236882634,
    85.406365370207));
#1355 = DIRECTION('',(1.,-1.050497185157E-16,-2.292723163573E-18));
#1356 = DIRECTION('',(2.940346835074E-17,0.258819045103,0.965925826289)
  );
#1357 = DEFINITIONAL_REPRESENTATION('',(#1358),#1362);
#1358 = LINE('',#1359,#1360);
#1359 = CARTESIAN_POINT('',(115.,18.));
#1360 = VECTOR('',#1361,1.);
#1361 = DIRECTION('',(1.,-5.551115123126E-17));
#1362 = ( GEOMETRIC_REPRESENTATION_CONTEXT(2) 
PARAMETRIC_REPRESENTATION_CONTEXT() REPRESENTATION_CONTEXT('2D SPACE',''
  ) );
#1363 = ADVANCED_FACE('',(#1364),#556,.T.);
#1364 = FACE_BOUND('',#1365,.T.);
#1365 = EDGE_LOOP('',(#1366,#1395,#1424,#1850,#1872,#1873));
#1366 = ORIENTED_EDGE('',*,*,#1367,.T.);
#1367 = EDGE_CURVE('',#1313,#1368,#1370,.T.);
#1368 = VERTEX_POINT('',#1369);
#1369 = CARTESIAN_POINT('',(-226.6199967142,-353.547992548,
    595.24431533123));
#1370 = SURFACE_CURVE('',#1371,(#1376,#1383),.PCURVE_S1.);
#1371 = CIRCLE('',#1372,63.);
#1372 = AXIS2_PLACEMENT_3D('',#1373,#1374,#1375);
#1373 = CARTESIAN_POINT('',(-226.6199967142,-369.8535923895,
    534.39098827502));
#1374 = DIRECTION('',(-8.326672684689E-17,-0.965925826289,0.258819045103
    ));
#1375 = DIRECTION('',(0.707106781187,0.183012701892,0.683012701892));
#1376 = PCURVE('',#556,#1377);
#1377 = DEFINITIONAL_REPRESENTATION('',(#1378),#1382);
#1378 = LINE('',#1379,#1380);
#1379 = CARTESIAN_POINT('',(-5.497787143782,0.));
#1380 = VECTOR('',#1381,1.);
#1381 = DIRECTION('',(1.,0.));
#1382 = ( GEOMETRIC_REPRESENTATION_CONTEXT(2) 
PARAMETRIC_REPRESENTATION_CONTEXT() REPRESENTATION_CONTEXT('2D SPACE',''
  ) );
#1383 = PCURVE('',#1384,#1389);
#1384 = CYLINDRICAL_SURFACE('',#1385,63.);
#1385 = AXIS2_PLACEMENT_3D('',#1386,#1387,#1388);
#1386 = CARTESIAN_POINT('',(-226.6199967142,-352.4669275163,
    529.73224546317));
#1387 = DIRECTION('',(-1.008768357388E-16,-0.965925826289,0.258819045103
    ));
#1388 = DIRECTION('',(7.343069760493E-16,0.258819045103,0.965925826289)
  );
#1389 = DEFINITIONAL_REPRESENTATION('',(#1390),#1394);
#1390 = LINE('',#1391,#1392);
#1391 = CARTESIAN_POINT('',(-0.785398163397,18.000000000001));
#1392 = VECTOR('',#1393,1.);
#1393 = DIRECTION('',(1.,7.237528875153E-14));
#1394 = ( GEOMETRIC_REPRESENTATION_CONTEXT(2) 
PARAMETRIC_REPRESENTATION_CONTEXT() REPRESENTATION_CONTEXT('2D SPACE',''
  ) );
#1395 = ORIENTED_EDGE('',*,*,#1396,.T.);
#1396 = EDGE_CURVE('',#1368,#1397,#1399,.T.);
#1397 = VERTEX_POINT('',#1398);
#1398 = CARTESIAN_POINT('',(-226.6199967142,-353.6212213561,
    595.26246377865));
#1399 = SURFACE_CURVE('',#1400,(#1405,#1412),.PCURVE_S1.);
#1400 = CIRCLE('',#1401,2.);
#1401 = AXIS2_PLACEMENT_3D('',#1402,#1403,#1404);
#1402 = CARTESIAN_POINT('',(-226.6199967142,-354.0656306382,
    593.31246367865));
#1403 = DIRECTION('',(1.,-1.050497185157E-16,-2.292723163573E-18));
#1404 = DIRECTION('',(2.940346835074E-17,0.258819045103,0.965925826289)
  );
#1405 = PCURVE('',#556,#1406);
#1406 = DEFINITIONAL_REPRESENTATION('',(#1407),#1411);
#1407 = LINE('',#1408,#1409);
#1408 = CARTESIAN_POINT('',(1.570796326795,0.));
#1409 = VECTOR('',#1410,1.);
#1410 = DIRECTION('',(0.,1.));
#1411 = ( GEOMETRIC_REPRESENTATION_CONTEXT(2) 
PARAMETRIC_REPRESENTATION_CONTEXT() REPRESENTATION_CONTEXT('2D SPACE',''
  ) );
#1412 = PCURVE('',#1413,#1418);
#1413 = CYLINDRICAL_SURFACE('',#1414,2.);
#1414 = AXIS2_PLACEMENT_3D('',#1415,#1416,#1417);
#1415 = CARTESIAN_POINT('',(-391.6199967142,-354.0656306382,
    593.31246367865));
#1416 = DIRECTION('',(-1.,1.224646799147E-16,6.728624391668E-17));
#1417 = DIRECTION('',(-2.960743400293E-18,-0.5,0.866025403784));
#1418 = DEFINITIONAL_REPRESENTATION('',(#1419),#1423);
#1419 = LINE('',#1420,#1421);
#1420 = CARTESIAN_POINT('',(0.785398163397,-165.));
#1421 = VECTOR('',#1422,1.);
#1422 = DIRECTION('',(-1.,0.));
#1423 = ( GEOMETRIC_REPRESENTATION_CONTEXT(2) 
PARAMETRIC_REPRESENTATION_CONTEXT() REPRESENTATION_CONTEXT('2D SPACE',''
  ) );
#1424 = ORIENTED_EDGE('',*,*,#1425,.T.);
#1425 = EDGE_CURVE('',#1397,#1426,#1428,.T.);
#1426 = VERTEX_POINT('',#1427);
#1427 = CARTESIAN_POINT('',(-226.6199967142,-354.5100399203,
    595.26246377865));
#1428 = SURFACE_CURVE('',#1429,(#1509,#1677),.PCURVE_S1.);
#1429 = B_SPLINE_CURVE_WITH_KNOTS('',8,(#1430,#1431,#1432,#1433,#1434,
    #1435,#1436,#1437,#1438,#1439,#1440,#1441,#1442,#1443,#1444,#1445,
    #1446,#1447,#1448,#1449,#1450,#1451,#1452,#1453,#1454,#1455,#1456,
    #1457,#1458,#1459,#1460,#1461,#1462,#1463,#1464,#1465,#1466,#1467,
    #1468,#1469,#1470,#1471,#1472,#1473,#1474,#1475,#1476,#1477,#1478,
    #1479,#1480,#1481,#1482,#1483,#1484,#1485,#1486,#1487,#1488,#1489,
    #1490,#1491,#1492,#1493,#1494,#1495,#1496,#1497,#1498,#1499,#1500,
    #1501,#1502,#1503,#1504,#1505,#1506,#1507,#1508),.UNSPECIFIED.,.F.,
  .F.,(9,7,7,7,7,7,7,7,7,7,7,9),(0.,0.25578657554,0.356149510224,
    0.433875261288,0.469530258307,0.492792350462,0.50947794307,
    0.527876150234,0.555047036501,0.594286828553,0.710157884632,1.),
  .UNSPECIFIED.);
#1430 = CARTESIAN_POINT('',(-226.6199967142,-353.6212213561,
    595.26246377865));
#1431 = CARTESIAN_POINT('',(-226.4487568719,-353.6212213561,
    595.26246377865));
#1432 = CARTESIAN_POINT('',(-226.277551087,-353.6236127497,
    595.26246377865));
#1433 = CARTESIAN_POINT('',(-226.1063909706,-353.6283988705,
    595.26246377865));
#1434 = CARTESIAN_POINT('',(-225.9353097617,-353.6356326121,
    595.26246377865));
#1435 = CARTESIAN_POINT('',(-225.7643698163,-353.645457169,
    595.26246377865));
#1436 = CARTESIAN_POINT('',(-225.5936594733,-353.6580800436,
    595.26246377865));
#1437 = CARTESIAN_POINT('',(-225.4232961551,-353.6738201115,
    595.26246377865));
#1438 = CARTESIAN_POINT('',(-225.1868110517,-353.7010373562,
    595.26246377865));
#1439 = CARTESIAN_POINT('',(-225.1202584457,-353.7092928119,
    595.26246377865));
#1440 = CARTESIAN_POINT('',(-225.0538016335,-353.7181747448,
    595.26246377865));
#1441 = CARTESIAN_POINT('',(-224.9874557484,-353.7277364306,
    595.26246377865));
#1442 = CARTESIAN_POINT('',(-224.9212433865,-353.7380407503,
    595.26246377865));
#1443 = CARTESIAN_POINT('',(-224.855195744,-353.7491661345,
    595.26246377865));
#1444 = CARTESIAN_POINT('',(-224.7893556634,-353.7612212794,
    595.26246377865));
#1445 = CARTESIAN_POINT('',(-224.6729997372,-353.7845505643,
    595.26246377865));
#1446 = CARTESIAN_POINT('',(-224.6224162736,-353.7953801994,
    595.26246377865));
#1447 = CARTESIAN_POINT('',(-224.572024103,-353.8069375534,
    595.26246377865));
#1448 = CARTESIAN_POINT('',(-224.5218521732,-353.8193284582,
    595.26246377865));
#1449 = CARTESIAN_POINT('',(-224.4719575291,-353.8326662401,
    595.26246377865));
#1450 = CARTESIAN_POINT('',(-224.4224551553,-353.8471448083,
    595.26246377865));
#1451 = CARTESIAN_POINT('',(-224.3734922411,-353.8629744916,
    595.26246377865));
#1452 = CARTESIAN_POINT('',(-224.3032787107,-353.8888068361,
    595.26246377865));
#1453 = CARTESIAN_POINT('',(-224.2814076905,-353.8973127469,
    595.26246377865));
#1454 = CARTESIAN_POINT('',(-224.2597487601,-353.9062613633,
    595.26246377865));
#1455 = CARTESIAN_POINT('',(-224.2383314378,-353.9157144713,
    595.26246377865));
#1456 = CARTESIAN_POINT('',(-224.2172275865,-353.9257558173,
    595.26246377865));
#1457 = CARTESIAN_POINT('',(-224.196544606,-353.936481808,
    595.26246377865));
#1458 = CARTESIAN_POINT('',(-224.1764359501,-353.948019538,
    595.26246377865));
#1459 = CARTESIAN_POINT('',(-224.1445986496,-353.9688561313,
    595.26246377865));
#1460 = CARTESIAN_POINT('',(-224.1324690335,-353.9774857511,
    595.26246377865));
#1461 = CARTESIAN_POINT('',(-224.1207672637,-353.9866327093,
    595.26246377865));
#1462 = CARTESIAN_POINT('',(-224.1095931996,-353.9963969843,
    595.26246377865));
#1463 = CARTESIAN_POINT('',(-224.0991585599,-354.0068634164,
    595.26246377865));
#1464 = CARTESIAN_POINT('',(-224.089786139,-354.0181011736,
    595.26246377865));
#1465 = CARTESIAN_POINT('',(-224.0819090249,-354.0301632158,
    595.26246377865));
#1466 = CARTESIAN_POINT('',(-224.0718814287,-354.0523549299,
    595.26246377865));
#1467 = CARTESIAN_POINT('',(-224.0687185859,-354.0621169188,
    595.26246377865));
#1468 = CARTESIAN_POINT('',(-224.0669010289,-354.072174561,
    595.26246377865));
#1469 = CARTESIAN_POINT('',(-224.066610637,-354.0823434693,
    595.26246377865));
#1470 = CARTESIAN_POINT('',(-224.0678843287,-354.0924502278,
    595.26246377865));
#1471 = CARTESIAN_POINT('',(-224.0706191584,-354.1023306148,
    595.26246377865));
#1472 = CARTESIAN_POINT('',(-224.0745896098,-354.1118278539,
    595.26246377865));
#1473 = CARTESIAN_POINT('',(-224.0848662131,-354.130673904,
    595.26246377865));
#1474 = CARTESIAN_POINT('',(-224.09142116,-354.1400007686,
    595.26246377865));
#1475 = CARTESIAN_POINT('',(-224.0988836552,-354.1487916369,
    595.26246377865));
#1476 = CARTESIAN_POINT('',(-224.1070380223,-354.1570774342,
    595.26246377865));
#1477 = CARTESIAN_POINT('',(-224.1157150275,-354.1648973585,
    595.26246377865));
#1478 = CARTESIAN_POINT('',(-224.1247941437,-354.1722973342,
    595.26246377865));
#1479 = CARTESIAN_POINT('',(-224.1342042267,-354.1793294229,
    595.26246377865));
#1480 = CARTESIAN_POINT('',(-224.1582749288,-354.1959805282,
    595.26246377865));
#1481 = CARTESIAN_POINT('',(-224.1732320974,-354.2051875245,
    595.26246377865));
#1482 = CARTESIAN_POINT('',(-224.1886298293,-354.2138146902,
    595.26246377865));
#1483 = CARTESIAN_POINT('',(-224.2043624234,-354.2219438142,
    595.26246377865));
#1484 = CARTESIAN_POINT('',(-224.2203538,-354.2296381753,595.26246377865
    ));
#1485 = CARTESIAN_POINT('',(-224.2365512302,-354.2369521748,
    595.26246377865));
#1486 = CARTESIAN_POINT('',(-224.2529266574,-354.2439298128,
    595.26246377865));
#1487 = CARTESIAN_POINT('',(-224.2933629049,-354.2602633535,
    595.26246377865));
#1488 = CARTESIAN_POINT('',(-224.3175694631,-354.269284045,
    595.26246377865));
#1489 = CARTESIAN_POINT('',(-224.3420180246,-354.2777814113,
    595.26246377865));
#1490 = CARTESIAN_POINT('',(-224.3666580015,-354.2858267371,
    595.26246377865));
#1491 = CARTESIAN_POINT('',(-224.3914532734,-354.2934718319,
    595.26246377865));
#1492 = CARTESIAN_POINT('',(-224.4163778313,-354.3007590897,
    595.26246377865));
#1493 = CARTESIAN_POINT('',(-224.4414141724,-354.3077254577,
    595.26246377865));
#1494 = CARTESIAN_POINT('',(-224.5407910795,-354.3341104682,
    595.26246377865));
#1495 = CARTESIAN_POINT('',(-224.6158519678,-354.3512597915,
    595.26246377865));
#1496 = CARTESIAN_POINT('',(-224.6914299242,-354.3666105899,
    595.26246377865));
#1497 = CARTESIAN_POINT('',(-224.7673730528,-354.3804437596,
    595.26246377865));
#1498 = CARTESIAN_POINT('',(-224.8435619245,-354.3930293501,
    595.26246377865));
#1499 = CARTESIAN_POINT('',(-224.9199423864,-354.4045121602,
    595.26246377865));
#1500 = CARTESIAN_POINT('',(-224.9964903417,-354.4150307208,
    595.26246377865));
#1501 = CARTESIAN_POINT('',(-225.2651660251,-354.4488294784,
    595.26246377865));
#1502 = CARTESIAN_POINT('',(-225.4579376423,-354.4675208623,
    595.26246377865));
#1503 = CARTESIAN_POINT('',(-225.6511942633,-354.4822888529,
    595.26246377865));
#1504 = CARTESIAN_POINT('',(-225.8447465322,-354.4935834623,
    595.26246377865));
#1505 = CARTESIAN_POINT('',(-226.0384472657,-354.5018743118,
    595.26246377865));
#1506 = CARTESIAN_POINT('',(-226.2322300116,-354.5073137953,
    595.26246377865));
#1507 = CARTESIAN_POINT('',(-226.4260686305,-354.5100399203,
    595.26246377865));
#1508 = CARTESIAN_POINT('',(-226.6199967142,-354.5100399203,
    595.26246377865));
#1509 = PCURVE('',#556,#1510);
#1510 = DEFINITIONAL_REPRESENTATION('',(#1511),#1676);
#1511 = B_SPLINE_CURVE_WITH_KNOTS('',10,(#1512,#1513,#1514,#1515,#1516,
    #1517,#1518,#1519,#1520,#1521,#1522,#1523,#1524,#1525,#1526,#1527,
    #1528,#1529,#1530,#1531,#1532,#1533,#1534,#1535,#1536,#1537,#1538,
    #1539,#1540,#1541,#1542,#1543,#1544,#1545,#1546,#1547,#1548,#1549,
    #1550,#1551,#1552,#1553,#1554,#1555,#1556,#1557,#1558,#1559,#1560,
    #1561,#1562,#1563,#1564,#1565,#1566,#1567,#1568,#1569,#1570,#1571,
    #1572,#1573,#1574,#1575,#1576,#1577,#1578,#1579,#1580,#1581,#1582,
    #1583,#1584,#1585,#1586,#1587,#1588,#1589,#1590,#1591,#1592,#1593,
    #1594,#1595,#1596,#1597,#1598,#1599,#1600,#1601,#1602,#1603,#1604,
    #1605,#1606,#1607,#1608,#1609,#1610,#1611,#1612,#1613,#1614,#1615,
    #1616,#1617,#1618,#1619,#1620,#1621,#1622,#1623,#1624,#1625,#1626,
    #1627,#1628,#1629,#1630,#1631,#1632,#1633,#1634,#1635,#1636,#1637,
    #1638,#1639,#1640,#1641,#1642,#1643,#1644,#1645,#1646,#1647,#1648,
    #1649,#1650,#1651,#1652,#1653,#1654,#1655,#1656,#1657,#1658,#1659,
    #1660,#1661,#1662,#1663,#1664,#1665,#1666,#1667,#1668,#1669,#1670,
    #1671,#1672,#1673,#1674,#1675),.UNSPECIFIED.,.F.,.F.,(11,9,9,9,9,9,9
    ,9,9,9,9,9,9,9,9,9,9,9,11),(0.,0.25,0.34375,0.42578125,
    0.443725585937,0.461109161377,0.46952933073,0.486106539145,
    0.490121331808,0.494104758903,0.502009372045,0.509790475607,
    0.525109523244,0.532529686944,0.547138134227,0.561290067532,
    0.616128809091,0.712096606818,1.),.UNSPECIFIED.);
#1512 = CARTESIAN_POINT('',(1.570796326795,3.772432751504E-02));
#1513 = CARTESIAN_POINT('',(1.568670997016,3.772432751504E-02));
#1514 = CARTESIAN_POINT('',(1.566545988626,3.841130160363E-02));
#1515 = CARTESIAN_POINT('',(1.564421361756,3.97859782073E-02));
#1516 = CARTESIAN_POINT('',(1.562297281717,4.185639044614E-02));
#1517 = CARTESIAN_POINT('',(1.56017403979,4.464189600329E-02));
#1518 = CARTESIAN_POINT('',(1.558052056051,4.817333675144E-02));
#1519 = CARTESIAN_POINT('',(1.555931877854,5.249329165092E-02));
#1520 = CARTESIAN_POINT('',(1.553814187612,5.766037643394E-02));
#1521 = CARTESIAN_POINT('',(1.551699833522,6.376154358977E-02));
#1522 = CARTESIAN_POINT('',(1.5487986706,7.362688338104E-02));
#1523 = CARTESIAN_POINT('',(1.548008069007,7.64684799487E-02));
#1524 = CARTESIAN_POINT('',(1.547218226553,7.946800642092E-02));
#1525 = CARTESIAN_POINT('',(1.546429208947,8.263408973042E-02));
#1526 = CARTESIAN_POINT('',(1.545641075248,8.597671782294E-02));
#1527 = CARTESIAN_POINT('',(1.54485391995,8.950725711618E-02));
#1528 = CARTESIAN_POINT('',(1.544067895043,9.323887278447E-02));
#1529 = CARTESIAN_POINT('',(1.543283212022,9.718735186929E-02));
#1530 = CARTESIAN_POINT('',(1.54250012388,0.101372329216));
#1531 = CARTESIAN_POINT('',(1.541035304824,0.109709679875));
#1532 = CARTESIAN_POINT('',(1.540353278249,0.113799926411));
#1533 = CARTESIAN_POINT('',(1.539671679042,0.11811460655));
#1534 = CARTESIAN_POINT('',(1.538995892304,0.122642429771));
#1535 = CARTESIAN_POINT('',(1.538317747705,0.127456942322));
#1536 = CARTESIAN_POINT('',(1.537645292265,0.132545417175));
#1537 = CARTESIAN_POINT('',(1.536974306102,0.137970395329));
#1538 = CARTESIAN_POINT('',(1.536307772163,0.143771055461));
#1539 = CARTESIAN_POINT('',(1.535646374124,0.15001284306));
#1540 = CARTESIAN_POINT('',(1.534849015909,0.158288515755));
#1541 = CARTESIAN_POINT('',(1.534706238894,0.159800179239));
#1542 = CARTESIAN_POINT('',(1.53456382655,0.161339201182));
#1543 = CARTESIAN_POINT('',(1.534421875443,0.162905905062));
#1544 = CARTESIAN_POINT('',(1.534280076674,0.164505519505));
#1545 = CARTESIAN_POINT('',(1.534138885474,0.16613457842));
#1546 = CARTESIAN_POINT('',(1.53399851001,0.167792561574));
#1547 = CARTESIAN_POINT('',(1.533858357628,0.16948839628));
#1548 = CARTESIAN_POINT('',(1.533718891559,0.171219162225));
#1549 = CARTESIAN_POINT('',(1.533445481033,0.174702856248));
#1550 = CARTESIAN_POINT('',(1.533311516962,0.17645317971));
#1551 = CARTESIAN_POINT('',(1.533178165796,0.178241677557));
#1552 = CARTESIAN_POINT('',(1.53304547894,0.180070481411));
#1553 = CARTESIAN_POINT('',(1.53291351887,0.181941871242));
#1554 = CARTESIAN_POINT('',(1.53278236045,0.183858341661));
#1555 = CARTESIAN_POINT('',(1.53265209224,0.185822668215));
#1556 = CARTESIAN_POINT('',(1.532522817806,0.187837973684));
#1557 = CARTESIAN_POINT('',(1.532394657033,0.189907794371));
#1558 = CARTESIAN_POINT('',(1.532206275597,0.193067066919));
#1559 = CARTESIAN_POINT('',(1.532145097434,0.194111726254));
#1560 = CARTESIAN_POINT('',(1.532084228791,0.195170591668));
#1561 = CARTESIAN_POINT('',(1.532023686553,0.196244160188));
#1562 = CARTESIAN_POINT('',(1.531963488765,0.197332964793));
#1563 = CARTESIAN_POINT('',(1.531903654762,0.198437580604));
#1564 = CARTESIAN_POINT('',(1.53184420529,0.199558631069));
#1565 = CARTESIAN_POINT('',(1.531785162639,0.200696794153));
#1566 = CARTESIAN_POINT('',(1.53172655076,0.201852808523));
#1567 = CARTESIAN_POINT('',(1.531553902035,0.205340113683));
#1568 = CARTESIAN_POINT('',(1.531441593886,0.207716727976));
#1569 = CARTESIAN_POINT('',(1.531331433738,0.210166989641));
#1570 = CARTESIAN_POINT('',(1.531223538007,0.212699983987));
#1571 = CARTESIAN_POINT('',(1.531118176332,0.215324205434));
#1572 = CARTESIAN_POINT('',(1.531015771167,0.218047548337));
#1573 = CARTESIAN_POINT('',(1.530916897365,0.220877297812));
#1574 = CARTESIAN_POINT('',(1.530822281773,0.223820120564));
#1575 = CARTESIAN_POINT('',(1.530732802818,0.226882055711));
#1576 = CARTESIAN_POINT('',(1.530629312801,0.230840223947));
#1577 = CARTESIAN_POINT('',(1.530609497177,0.23161924578));
#1578 = CARTESIAN_POINT('',(1.530590057852,0.232405647905));
#1579 = CARTESIAN_POINT('',(1.530571009968,0.233199504933));
#1580 = CARTESIAN_POINT('',(1.530552369191,0.234000889293));
#1581 = CARTESIAN_POINT('',(1.5305341517,0.234809871218));
#1582 = CARTESIAN_POINT('',(1.530516374197,0.23562651874));
#1583 = CARTESIAN_POINT('',(1.530499053901,0.236450897688));
#1584 = CARTESIAN_POINT('',(1.530482208549,0.237283071671));
#1585 = CARTESIAN_POINT('',(1.530449631993,0.238956569752));
#1586 = CARTESIAN_POINT('',(1.530433890791,0.239797937643));
#1587 = CARTESIAN_POINT('',(1.530418664955,0.240646249796));
#1588 = CARTESIAN_POINT('',(1.530403939902,0.241503865093));
#1589 = CARTESIAN_POINT('',(1.530389760598,0.242369068397));
#1590 = CARTESIAN_POINT('',(1.530376163592,0.243240666115));
#1591 = CARTESIAN_POINT('',(1.530363138049,0.244120752483));
#1592 = CARTESIAN_POINT('',(1.530350679153,0.245011216469));
#1593 = CARTESIAN_POINT('',(1.530338857303,0.245908942807));
#1594 = CARTESIAN_POINT('',(1.530305519906,0.248610105155));
#1595 = CARTESIAN_POINT('',(1.530285922402,0.25043495449));
#1596 = CARTESIAN_POINT('',(1.530269105418,0.252283898773));
#1597 = CARTESIAN_POINT('',(1.530255242063,0.25415233587));
#1598 = CARTESIAN_POINT('',(1.530244467655,0.256035750055));
#1599 = CARTESIAN_POINT('',(1.530236880088,0.257929706994));
#1600 = CARTESIAN_POINT('',(1.530232540204,0.259829848725));
#1601 = CARTESIAN_POINT('',(1.530231472156,0.261731888645));
#1602 = CARTESIAN_POINT('',(1.530233663787,0.263631606493));
#1603 = CARTESIAN_POINT('',(1.530244385769,0.267388498345));
#1604 = CARTESIAN_POINT('',(1.530252809806,0.269245494105));
#1605 = CARTESIAN_POINT('',(1.530264349602,0.271094877705));
#1606 = CARTESIAN_POINT('',(1.530278739546,0.272922564329));
#1607 = CARTESIAN_POINT('',(1.530296201636,0.274742769152));
#1608 = CARTESIAN_POINT('',(1.53031632332,0.276536784186));
#1609 = CARTESIAN_POINT('',(1.530338849026,0.278296253521));
#1610 = CARTESIAN_POINT('',(1.530364068932,0.280044097839));
#1611 = CARTESIAN_POINT('',(1.530391160788,0.281743547752));
#1612 = CARTESIAN_POINT('',(1.530477671306,0.286703787807));
#1613 = CARTESIAN_POINT('',(1.53054289323,0.289876465482));
#1614 = CARTESIAN_POINT('',(1.530614874548,0.29293493222));
#1615 = CARTESIAN_POINT('',(1.530692634998,0.295882531942));
#1616 = CARTESIAN_POINT('',(1.530775309036,0.298723365642));
#1617 = CARTESIAN_POINT('',(1.530862148432,0.301462238289));
#1618 = CARTESIAN_POINT('',(1.530952524846,0.304104605723));
#1619 = CARTESIAN_POINT('',(1.531045932423,0.306656521559));
#1620 = CARTESIAN_POINT('',(1.531141990379,0.309124584078));
#1621 = CARTESIAN_POINT('',(1.531288134828,0.312674168609));
#1622 = CARTESIAN_POINT('',(1.531336394112,0.31381461519));
#1623 = CARTESIAN_POINT('',(1.531385136045,0.314936781882));
#1624 = CARTESIAN_POINT('',(1.53143449192,0.316044865309));
#1625 = CARTESIAN_POINT('',(1.531484331471,0.317137144775));
#1626 = CARTESIAN_POINT('',(1.531534512485,0.318211626942));
#1627 = CARTESIAN_POINT('',(1.531585073838,0.31927032697));
#1628 = CARTESIAN_POINT('',(1.531636092713,0.320316000382));
#1629 = CARTESIAN_POINT('',(1.531687433953,0.321346517258));
#1630 = CARTESIAN_POINT('',(1.531840896824,0.324365529732));
#1631 = CARTESIAN_POINT('',(1.531944000329,0.326314314259));
#1632 = CARTESIAN_POINT('',(1.532048297361,0.328213344982));
#1633 = CARTESIAN_POINT('',(1.532153665067,0.33006574675));
#1634 = CARTESIAN_POINT('',(1.532259996296,0.331874284452));
#1635 = CARTESIAN_POINT('',(1.532367198292,0.333641421834));
#1636 = CARTESIAN_POINT('',(1.532475191384,0.335369380319));
#1637 = CARTESIAN_POINT('',(1.532583907681,0.337060197827));
#1638 = CARTESIAN_POINT('',(1.532693289764,0.338715787587));
#1639 = CARTESIAN_POINT('',(1.532909851498,0.341909512293));
#1640 = CARTESIAN_POINT('',(1.533016991779,0.34344965926));
#1641 = CARTESIAN_POINT('',(1.533124686442,0.344960318979));
#1642 = CARTESIAN_POINT('',(1.533232833363,0.346442142103));
#1643 = CARTESIAN_POINT('',(1.533341495937,0.347897715753));
#1644 = CARTESIAN_POINT('',(1.533450687603,0.349328801373));
#1645 = CARTESIAN_POINT('',(1.533560272862,0.350735092687));
#1646 = CARTESIAN_POINT('',(1.533670145654,0.352116563217));
#1647 = CARTESIAN_POINT('',(1.533780431006,0.353476093179));
#1648 = CARTESIAN_POINT('',(1.534319654072,0.35999685753));
#1649 = CARTESIAN_POINT('',(1.534753336275,0.36485306006));
#1650 = CARTESIAN_POINT('',(1.53519062361,0.369431595173));
#1651 = CARTESIAN_POINT('',(1.535632044397,0.373779864429));
#1652 = CARTESIAN_POINT('',(1.536073568917,0.377891952507));
#1653 = CARTESIAN_POINT('',(1.53652035445,0.381845177661));
#1654 = CARTESIAN_POINT('',(1.536966929416,0.385604680632));
#1655 = CARTESIAN_POINT('',(1.53741583541,0.389214856205));
#1656 = CARTESIAN_POINT('',(1.537866061472,0.392679110711));
#1657 = CARTESIAN_POINT('',(1.539107744093,0.401838685187));
#1658 = CARTESIAN_POINT('',(1.53990181333,0.407258458767));
#1659 = CARTESIAN_POINT('',(1.540699036394,0.41232613802));
#1660 = CARTESIAN_POINT('',(1.541498739676,0.417082963866));
#1661 = CARTESIAN_POINT('',(1.542300402361,0.421559809071));
#1662 = CARTESIAN_POINT('',(1.543103686821,0.425781155016));
#1663 = CARTESIAN_POINT('',(1.543908426718,0.429767702067));
#1664 = CARTESIAN_POINT('',(1.544714572846,0.433537613566));
#1665 = CARTESIAN_POINT('',(1.545522096678,0.437106393434));
#1666 = CARTESIAN_POINT('',(1.548757116559,0.450622409258));
#1667 = CARTESIAN_POINT('',(1.551192426752,0.459045181916));
#1668 = CARTESIAN_POINT('',(1.553634087438,0.46608978413));
#1669 = CARTESIAN_POINT('',(1.556080255183,0.471923319959));
#1670 = CARTESIAN_POINT('',(1.558529518995,0.47665844697));
#1671 = CARTESIAN_POINT('',(1.560980816268,0.480378070487));
#1672 = CARTESIAN_POINT('',(1.563433429851,0.483135260131));
#1673 = CARTESIAN_POINT('',(1.565886947465,0.484960388797));
#1674 = CARTESIAN_POINT('',(1.568341199576,0.485874448083));
#1675 = CARTESIAN_POINT('',(1.570796326795,0.485874448083));
#1676 = ( GEOMETRIC_REPRESENTATION_CONTEXT(2) 
PARAMETRIC_REPRESENTATION_CONTEXT() REPRESENTATION_CONTEXT('2D SPACE',''
  ) );
#1677 = PCURVE('',#1678,#1683);
#1678 = TOROIDAL_SURFACE('',#1679,61.,2.);
#1679 = AXIS2_PLACEMENT_3D('',#1680,#1681,#1682);
#1680 = CARTESIAN_POINT('',(-226.6199967142,-369.8535923895,
    534.39098827502));
#1681 = DIRECTION('',(-1.008768357388E-16,-0.965925826289,0.258819045103
    ));
#1682 = DIRECTION('',(1.,-9.743954091444E-17,2.610884629888E-17));
#1683 = DEFINITIONAL_REPRESENTATION('',(#1684),#1849);
#1684 = B_SPLINE_CURVE_WITH_KNOTS('',10,(#1685,#1686,#1687,#1688,#1689,
    #1690,#1691,#1692,#1693,#1694,#1695,#1696,#1697,#1698,#1699,#1700,
    #1701,#1702,#1703,#1704,#1705,#1706,#1707,#1708,#1709,#1710,#1711,
    #1712,#1713,#1714,#1715,#1716,#1717,#1718,#1719,#1720,#1721,#1722,
    #1723,#1724,#1725,#1726,#1727,#1728,#1729,#1730,#1731,#1732,#1733,
    #1734,#1735,#1736,#1737,#1738,#1739,#1740,#1741,#1742,#1743,#1744,
    #1745,#1746,#1747,#1748,#1749,#1750,#1751,#1752,#1753,#1754,#1755,
    #1756,#1757,#1758,#1759,#1760,#1761,#1762,#1763,#1764,#1765,#1766,
    #1767,#1768,#1769,#1770,#1771,#1772,#1773,#1774,#1775,#1776,#1777,
    #1778,#1779,#1780,#1781,#1782,#1783,#1784,#1785,#1786,#1787,#1788,
    #1789,#1790,#1791,#1792,#1793,#1794,#1795,#1796,#1797,#1798,#1799,
    #1800,#1801,#1802,#1803,#1804,#1805,#1806,#1807,#1808,#1809,#1810,
    #1811,#1812,#1813,#1814,#1815,#1816,#1817,#1818,#1819,#1820,#1821,
    #1822,#1823,#1824,#1825,#1826,#1827,#1828,#1829,#1830,#1831,#1832,
    #1833,#1834,#1835,#1836,#1837,#1838,#1839,#1840,#1841,#1842,#1843,
    #1844,#1845,#1846,#1847,#1848),.UNSPECIFIED.,.F.,.F.,(11,9,9,9,9,9,9
    ,9,9,9,9,9,9,9,9,9,9,9,11),(0.,0.25,0.34375,0.42578125,
    0.443725585937,0.461109161377,0.46952933073,0.486106539145,
    0.490121331808,0.494104758903,0.502009372045,0.509790475607,
    0.525109523244,0.532529686944,0.547138134227,0.561290067532,
    0.616128809091,0.712096606818,1.),.UNSPECIFIED.);
#1685 = CARTESIAN_POINT('',(1.570796326795,3.772432751504E-02));
#1686 = CARTESIAN_POINT('',(1.568670997016,3.772432751504E-02));
#1687 = CARTESIAN_POINT('',(1.566545988626,3.841130160363E-02));
#1688 = CARTESIAN_POINT('',(1.564421361756,3.97859782073E-02));
#1689 = CARTESIAN_POINT('',(1.562297281717,4.185639044614E-02));
#1690 = CARTESIAN_POINT('',(1.56017403979,4.464189600329E-02));
#1691 = CARTESIAN_POINT('',(1.558052056051,4.817333675144E-02));
#1692 = CARTESIAN_POINT('',(1.555931877854,5.249329165092E-02));
#1693 = CARTESIAN_POINT('',(1.553814187612,5.766037643394E-02));
#1694 = CARTESIAN_POINT('',(1.551699833522,6.376154358977E-02));
#1695 = CARTESIAN_POINT('',(1.5487986706,7.362688338104E-02));
#1696 = CARTESIAN_POINT('',(1.548008069007,7.64684799487E-02));
#1697 = CARTESIAN_POINT('',(1.547218226553,7.946800642092E-02));
#1698 = CARTESIAN_POINT('',(1.546429208947,8.263408973042E-02));
#1699 = CARTESIAN_POINT('',(1.545641075248,8.597671782294E-02));
#1700 = CARTESIAN_POINT('',(1.54485391995,8.950725711618E-02));
#1701 = CARTESIAN_POINT('',(1.544067895043,9.323887278447E-02));
#1702 = CARTESIAN_POINT('',(1.543283212022,9.718735186929E-02));
#1703 = CARTESIAN_POINT('',(1.54250012388,0.101372329216));
#1704 = CARTESIAN_POINT('',(1.541035304824,0.109709679875));
#1705 = CARTESIAN_POINT('',(1.540353278249,0.113799926411));
#1706 = CARTESIAN_POINT('',(1.539671679042,0.11811460655));
#1707 = CARTESIAN_POINT('',(1.538995892304,0.122642429771));
#1708 = CARTESIAN_POINT('',(1.538317747705,0.127456942322));
#1709 = CARTESIAN_POINT('',(1.537645292265,0.132545417175));
#1710 = CARTESIAN_POINT('',(1.536974306102,0.137970395329));
#1711 = CARTESIAN_POINT('',(1.536307772163,0.143771055461));
#1712 = CARTESIAN_POINT('',(1.535646374124,0.15001284306));
#1713 = CARTESIAN_POINT('',(1.534849015909,0.158288515755));
#1714 = CARTESIAN_POINT('',(1.534706238894,0.159800179239));
#1715 = CARTESIAN_POINT('',(1.53456382655,0.161339201182));
#1716 = CARTESIAN_POINT('',(1.534421875443,0.162905905062));
#1717 = CARTESIAN_POINT('',(1.534280076674,0.164505519505));
#1718 = CARTESIAN_POINT('',(1.534138885474,0.16613457842));
#1719 = CARTESIAN_POINT('',(1.53399851001,0.167792561574));
#1720 = CARTESIAN_POINT('',(1.533858357628,0.16948839628));
#1721 = CARTESIAN_POINT('',(1.533718891559,0.171219162225));
#1722 = CARTESIAN_POINT('',(1.533445481033,0.174702856248));
#1723 = CARTESIAN_POINT('',(1.533311516962,0.17645317971));
#1724 = CARTESIAN_POINT('',(1.533178165796,0.178241677557));
#1725 = CARTESIAN_POINT('',(1.53304547894,0.180070481411));
#1726 = CARTESIAN_POINT('',(1.53291351887,0.181941871242));
#1727 = CARTESIAN_POINT('',(1.53278236045,0.183858341661));
#1728 = CARTESIAN_POINT('',(1.53265209224,0.185822668215));
#1729 = CARTESIAN_POINT('',(1.532522817806,0.187837973684));
#1730 = CARTESIAN_POINT('',(1.532394657033,0.189907794371));
#1731 = CARTESIAN_POINT('',(1.532206275597,0.193067066919));
#1732 = CARTESIAN_POINT('',(1.532145097434,0.194111726254));
#1733 = CARTESIAN_POINT('',(1.532084228791,0.195170591668));
#1734 = CARTESIAN_POINT('',(1.532023686553,0.196244160188));
#1735 = CARTESIAN_POINT('',(1.531963488765,0.197332964793));
#1736 = CARTESIAN_POINT('',(1.531903654762,0.198437580604));
#1737 = CARTESIAN_POINT('',(1.53184420529,0.199558631069));
#1738 = CARTESIAN_POINT('',(1.531785162639,0.200696794153));
#1739 = CARTESIAN_POINT('',(1.53172655076,0.201852808523));
#1740 = CARTESIAN_POINT('',(1.531553902035,0.205340113683));
#1741 = CARTESIAN_POINT('',(1.531441593886,0.207716727976));
#1742 = CARTESIAN_POINT('',(1.531331433738,0.210166989641));
#1743 = CARTESIAN_POINT('',(1.531223538007,0.212699983987));
#1744 = CARTESIAN_POINT('',(1.531118176332,0.215324205434));
#1745 = CARTESIAN_POINT('',(1.531015771167,0.218047548337));
#1746 = CARTESIAN_POINT('',(1.530916897365,0.220877297812));
#1747 = CARTESIAN_POINT('',(1.530822281773,0.223820120564));
#1748 = CARTESIAN_POINT('',(1.530732802818,0.226882055711));
#1749 = CARTESIAN_POINT('',(1.530629312801,0.230840223947));
#1750 = CARTESIAN_POINT('',(1.530609497177,0.23161924578));
#1751 = CARTESIAN_POINT('',(1.530590057852,0.232405647905));
#1752 = CARTESIAN_POINT('',(1.530571009968,0.233199504933));
#1753 = CARTESIAN_POINT('',(1.530552369191,0.234000889293));
#1754 = CARTESIAN_POINT('',(1.5305341517,0.234809871218));
#1755 = CARTESIAN_POINT('',(1.530516374197,0.23562651874));
#1756 = CARTESIAN_POINT('',(1.530499053901,0.236450897688));
#1757 = CARTESIAN_POINT('',(1.530482208549,0.237283071671));
#1758 = CARTESIAN_POINT('',(1.530449631993,0.238956569752));
#1759 = CARTESIAN_POINT('',(1.530433890791,0.239797937643));
#1760 = CARTESIAN_POINT('',(1.530418664955,0.240646249796));
#1761 = CARTESIAN_POINT('',(1.530403939902,0.241503865093));
#1762 = CARTESIAN_POINT('',(1.530389760598,0.242369068397));
#1763 = CARTESIAN_POINT('',(1.530376163592,0.243240666115));
#1764 = CARTESIAN_POINT('',(1.530363138049,0.244120752483));
#1765 = CARTESIAN_POINT('',(1.530350679153,0.245011216469));
#1766 = CARTESIAN_POINT('',(1.530338857303,0.245908942807));
#1767 = CARTESIAN_POINT('',(1.530305519906,0.248610105155));
#1768 = CARTESIAN_POINT('',(1.530285922402,0.25043495449));
#1769 = CARTESIAN_POINT('',(1.530269105418,0.252283898773));
#1770 = CARTESIAN_POINT('',(1.530255242063,0.25415233587));
#1771 = CARTESIAN_POINT('',(1.530244467655,0.256035750055));
#1772 = CARTESIAN_POINT('',(1.530236880088,0.257929706994));
#1773 = CARTESIAN_POINT('',(1.530232540204,0.259829848725));
#1774 = CARTESIAN_POINT('',(1.530231472156,0.261731888645));
#1775 = CARTESIAN_POINT('',(1.530233663787,0.263631606493));
#1776 = CARTESIAN_POINT('',(1.530244385769,0.267388498345));
#1777 = CARTESIAN_POINT('',(1.530252809806,0.269245494105));
#1778 = CARTESIAN_POINT('',(1.530264349602,0.271094877705));
#1779 = CARTESIAN_POINT('',(1.530278739546,0.272922564329));
#1780 = CARTESIAN_POINT('',(1.530296201636,0.274742769152));
#1781 = CARTESIAN_POINT('',(1.53031632332,0.276536784186));
#1782 = CARTESIAN_POINT('',(1.530338849026,0.278296253521));
#1783 = CARTESIAN_POINT('',(1.530364068932,0.280044097839));
#1784 = CARTESIAN_POINT('',(1.530391160788,0.281743547752));
#1785 = CARTESIAN_POINT('',(1.530477671306,0.286703787807));
#1786 = CARTESIAN_POINT('',(1.53054289323,0.289876465482));
#1787 = CARTESIAN_POINT('',(1.530614874548,0.29293493222));
#1788 = CARTESIAN_POINT('',(1.530692634998,0.295882531942));
#1789 = CARTESIAN_POINT('',(1.530775309036,0.298723365642));
#1790 = CARTESIAN_POINT('',(1.530862148432,0.301462238289));
#1791 = CARTESIAN_POINT('',(1.530952524846,0.304104605723));
#1792 = CARTESIAN_POINT('',(1.531045932423,0.306656521559));
#1793 = CARTESIAN_POINT('',(1.531141990379,0.309124584078));
#1794 = CARTESIAN_POINT('',(1.531288134828,0.312674168609));
#1795 = CARTESIAN_POINT('',(1.531336394112,0.31381461519));
#1796 = CARTESIAN_POINT('',(1.531385136045,0.314936781882));
#1797 = CARTESIAN_POINT('',(1.53143449192,0.316044865309));
#1798 = CARTESIAN_POINT('',(1.531484331471,0.317137144775));
#1799 = CARTESIAN_POINT('',(1.531534512485,0.318211626942));
#1800 = CARTESIAN_POINT('',(1.531585073838,0.31927032697));
#1801 = CARTESIAN_POINT('',(1.531636092713,0.320316000382));
#1802 = CARTESIAN_POINT('',(1.531687433953,0.321346517258));
#1803 = CARTESIAN_POINT('',(1.531840896824,0.324365529732));
#1804 = CARTESIAN_POINT('',(1.531944000329,0.326314314259));
#1805 = CARTESIAN_POINT('',(1.532048297361,0.328213344982));
#1806 = CARTESIAN_POINT('',(1.532153665067,0.33006574675));
#1807 = CARTESIAN_POINT('',(1.532259996296,0.331874284452));
#1808 = CARTESIAN_POINT('',(1.532367198292,0.333641421834));
#1809 = CARTESIAN_POINT('',(1.532475191384,0.335369380319));
#1810 = CARTESIAN_POINT('',(1.532583907681,0.337060197827));
#1811 = CARTESIAN_POINT('',(1.532693289764,0.338715787587));
#1812 = CARTESIAN_POINT('',(1.532909851498,0.341909512293));
#1813 = CARTESIAN_POINT('',(1.533016991779,0.34344965926));
#1814 = CARTESIAN_POINT('',(1.533124686442,0.344960318979));
#1815 = CARTESIAN_POINT('',(1.533232833363,0.346442142103));
#1816 = CARTESIAN_POINT('',(1.533341495937,0.347897715753));
#1817 = CARTESIAN_POINT('',(1.533450687603,0.349328801373));
#1818 = CARTESIAN_POINT('',(1.533560272862,0.350735092687));
#1819 = CARTESIAN_POINT('',(1.533670145654,0.352116563217));
#1820 = CARTESIAN_POINT('',(1.533780431006,0.353476093179));
#1821 = CARTESIAN_POINT('',(1.534319654072,0.35999685753));
#1822 = CARTESIAN_POINT('',(1.534753336275,0.36485306006));
#1823 = CARTESIAN_POINT('',(1.53519062361,0.369431595173));
#1824 = CARTESIAN_POINT('',(1.535632044397,0.373779864429));
#1825 = CARTESIAN_POINT('',(1.536073568917,0.377891952507));
#1826 = CARTESIAN_POINT('',(1.53652035445,0.381845177661));
#1827 = CARTESIAN_POINT('',(1.536966929416,0.385604680632));
#1828 = CARTESIAN_POINT('',(1.53741583541,0.389214856205));
#1829 = CARTESIAN_POINT('',(1.537866061472,0.392679110711));
#1830 = CARTESIAN_POINT('',(1.539107744093,0.401838685187));
#1831 = CARTESIAN_POINT('',(1.53990181333,0.407258458767));
#1832 = CARTESIAN_POINT('',(1.540699036394,0.41232613802));
#1833 = CARTESIAN_POINT('',(1.541498739676,0.417082963866));
#1834 = CARTESIAN_POINT('',(1.542300402361,0.421559809071));
#1835 = CARTESIAN_POINT('',(1.543103686821,0.425781155016));
#1836 = CARTESIAN_POINT('',(1.543908426718,0.429767702067));
#1837 = CARTESIAN_POINT('',(1.544714572846,0.433537613566));
#1838 = CARTESIAN_POINT('',(1.545522096678,0.437106393434));
#1839 = CARTESIAN_POINT('',(1.548757116559,0.450622409258));
#1840 = CARTESIAN_POINT('',(1.551192426752,0.459045181916));
#1841 = CARTESIAN_POINT('',(1.553634087438,0.46608978413));
#1842 = CARTESIAN_POINT('',(1.556080255183,0.471923319959));
#1843 = CARTESIAN_POINT('',(1.558529518995,0.47665844697));
#1844 = CARTESIAN_POINT('',(1.560980816268,0.480378070487));
#1845 = CARTESIAN_POINT('',(1.563433429851,0.483135260131));
#1846 = CARTESIAN_POINT('',(1.565886947465,0.484960388797));
#1847 = CARTESIAN_POINT('',(1.568341199576,0.485874448083));
#1848 = CARTESIAN_POINT('',(1.570796326795,0.485874448083));
#1849 = ( GEOMETRIC_REPRESENTATION_CONTEXT(2) 
PARAMETRIC_REPRESENTATION_CONTEXT() REPRESENTATION_CONTEXT('2D SPACE',''
  ) );
#1850 = ORIENTED_EDGE('',*,*,#1851,.T.);
#1851 = EDGE_CURVE('',#1426,#540,#1852,.T.);
#1852 = SURFACE_CURVE('',#1853,(#1858,#1865),.PCURVE_S1.);
#1853 = CIRCLE('',#1854,2.);
#1854 = AXIS2_PLACEMENT_3D('',#1855,#1856,#1857);
#1855 = CARTESIAN_POINT('',(-226.6199967142,-354.0656306382,
    593.31246367865));
#1856 = DIRECTION('',(1.,-1.050497185157E-16,-2.292723163573E-18));
#1857 = DIRECTION('',(2.940346835074E-17,0.258819045103,0.965925826289)
  );
#1858 = PCURVE('',#556,#1859);
#1859 = DEFINITIONAL_REPRESENTATION('',(#1860),#1864);
#1860 = LINE('',#1861,#1862);
#1861 = CARTESIAN_POINT('',(1.570796326795,0.));
#1862 = VECTOR('',#1863,1.);
#1863 = DIRECTION('',(0.,1.));
#1864 = ( GEOMETRIC_REPRESENTATION_CONTEXT(2) 
PARAMETRIC_REPRESENTATION_CONTEXT() REPRESENTATION_CONTEXT('2D SPACE',''
  ) );
#1865 = PCURVE('',#584,#1866);
#1866 = DEFINITIONAL_REPRESENTATION('',(#1867),#1871);
#1867 = LINE('',#1868,#1869);
#1868 = CARTESIAN_POINT('',(0.785398163397,-165.));
#1869 = VECTOR('',#1870,1.);
#1870 = DIRECTION('',(-1.,0.));
#1871 = ( GEOMETRIC_REPRESENTATION_CONTEXT(2) 
PARAMETRIC_REPRESENTATION_CONTEXT() REPRESENTATION_CONTEXT('2D SPACE',''
  ) );
#1872 = ORIENTED_EDGE('',*,*,#539,.T.);
#1873 = ORIENTED_EDGE('',*,*,#1312,.F.);
#1874 = ADVANCED_FACE('',(#1875),#584,.T.);
#1875 = FACE_BOUND('',#1876,.T.);
#1876 = EDGE_LOOP('',(#1877,#1905,#1927,#1928));
#1877 = ORIENTED_EDGE('',*,*,#1878,.T.);
#1878 = EDGE_CURVE('',#1426,#1879,#1881,.T.);
#1879 = VERTEX_POINT('',#1880);
#1880 = CARTESIAN_POINT('',(-886.6199967142,-354.5100399203,
    595.26246377865));
#1881 = SURFACE_CURVE('',#1882,(#1886,#1893),.PCURVE_S1.);
#1882 = LINE('',#1883,#1884);
#1883 = CARTESIAN_POINT('',(-391.6199967142,-354.5100399203,
    595.26246377865));
#1884 = VECTOR('',#1885,1.);
#1885 = DIRECTION('',(-1.,1.224646799147E-16,6.728624391668E-17));
#1886 = PCURVE('',#584,#1887);
#1887 = DEFINITIONAL_REPRESENTATION('',(#1888),#1892);
#1888 = LINE('',#1889,#1890);
#1889 = CARTESIAN_POINT('',(0.299523715314,7.6783741885E-17));
#1890 = VECTOR('',#1891,1.);
#1891 = DIRECTION('',(0.,1.));
#1892 = ( GEOMETRIC_REPRESENTATION_CONTEXT(2) 
PARAMETRIC_REPRESENTATION_CONTEXT() REPRESENTATION_CONTEXT('2D SPACE',''
  ) );
#1893 = PCURVE('',#1894,#1899);
#1894 = CYLINDRICAL_SURFACE('',#1895,2.);
#1895 = AXIS2_PLACEMENT_3D('',#1896,#1897,#1898);
#1896 = CARTESIAN_POINT('',(-391.6199967142,-354.0656306382,
    593.31246367865));
#1897 = DIRECTION('',(-1.,1.224646799147E-16,6.728624391668E-17));
#1898 = DIRECTION('',(-2.960743400293E-18,-0.5,0.866025403784));
#1899 = DEFINITIONAL_REPRESENTATION('',(#1900),#1904);
#1900 = LINE('',#1901,#1902);
#1901 = CARTESIAN_POINT('',(0.299523715314,7.6783741885E-17));
#1902 = VECTOR('',#1903,1.);
#1903 = DIRECTION('',(0.,1.));
#1904 = ( GEOMETRIC_REPRESENTATION_CONTEXT(2) 
PARAMETRIC_REPRESENTATION_CONTEXT() REPRESENTATION_CONTEXT('2D SPACE',''
  ) );
#1905 = ORIENTED_EDGE('',*,*,#1906,.T.);
#1906 = EDGE_CURVE('',#1879,#569,#1907,.T.);
#1907 = SURFACE_CURVE('',#1908,(#1913,#1920),.PCURVE_S1.);
#1908 = CIRCLE('',#1909,2.);
#1909 = AXIS2_PLACEMENT_3D('',#1910,#1911,#1912);
#1910 = CARTESIAN_POINT('',(-886.6199967142,-354.0656306382,
    593.31246367865));
#1911 = DIRECTION('',(1.,-1.050497185157E-16,-2.292723163573E-18));
#1912 = DIRECTION('',(2.940346835074E-17,0.258819045103,0.965925826289)
  );
#1913 = PCURVE('',#584,#1914);
#1914 = DEFINITIONAL_REPRESENTATION('',(#1915),#1919);
#1915 = LINE('',#1916,#1917);
#1916 = CARTESIAN_POINT('',(0.785398163397,495.));
#1917 = VECTOR('',#1918,1.);
#1918 = DIRECTION('',(-1.,0.));
#1919 = ( GEOMETRIC_REPRESENTATION_CONTEXT(2) 
PARAMETRIC_REPRESENTATION_CONTEXT() REPRESENTATION_CONTEXT('2D SPACE',''
  ) );
#1920 = PCURVE('',#611,#1921);
#1921 = DEFINITIONAL_REPRESENTATION('',(#1922),#1926);
#1922 = LINE('',#1923,#1924);
#1923 = CARTESIAN_POINT('',(1.570796326795,0.));
#1924 = VECTOR('',#1925,1.);
#1925 = DIRECTION('',(0.,1.));
#1926 = ( GEOMETRIC_REPRESENTATION_CONTEXT(2) 
PARAMETRIC_REPRESENTATION_CONTEXT() REPRESENTATION_CONTEXT('2D SPACE',''
  ) );
#1927 = ORIENTED_EDGE('',*,*,#568,.T.);
#1928 = ORIENTED_EDGE('',*,*,#1851,.F.);
#1929 = ADVANCED_FACE('',(#1930),#611,.T.);
#1930 = FACE_BOUND('',#1931,.T.);
#1931 = EDGE_LOOP('',(#1932,#1933,#1934,#1935,#2361,#2385));
#1932 = ORIENTED_EDGE('',*,*,#1067,.F.);
#1933 = ORIENTED_EDGE('',*,*,#596,.T.);
#1934 = ORIENTED_EDGE('',*,*,#1906,.F.);
#1935 = ORIENTED_EDGE('',*,*,#1936,.T.);
#1936 = EDGE_CURVE('',#1879,#1937,#1939,.T.);
#1937 = VERTEX_POINT('',#1938);
#1938 = CARTESIAN_POINT('',(-886.6199967142,-353.6212213561,
    595.26246377865));
#1939 = SURFACE_CURVE('',#1940,(#2020,#2188),.PCURVE_S1.);
#1940 = B_SPLINE_CURVE_WITH_KNOTS('',8,(#1941,#1942,#1943,#1944,#1945,
    #1946,#1947,#1948,#1949,#1950,#1951,#1952,#1953,#1954,#1955,#1956,
    #1957,#1958,#1959,#1960,#1961,#1962,#1963,#1964,#1965,#1966,#1967,
    #1968,#1969,#1970,#1971,#1972,#1973,#1974,#1975,#1976,#1977,#1978,
    #1979,#1980,#1981,#1982,#1983,#1984,#1985,#1986,#1987,#1988,#1989,
    #1990,#1991,#1992,#1993,#1994,#1995,#1996,#1997,#1998,#1999,#2000,
    #2001,#2002,#2003,#2004,#2005,#2006,#2007,#2008,#2009,#2010,#2011,
    #2012,#2013,#2014,#2015,#2016,#2017,#2018,#2019),.UNSPECIFIED.,.F.,
  .F.,(9,7,7,7,7,7,7,7,7,7,7,9),(0.,0.249915603463,0.349193461387,
    0.429408585424,0.46621356908,0.491689890389,0.508222746285,
    0.526633825859,0.567157571515,0.648939193374,0.747550148941,1.),
  .UNSPECIFIED.);
#1941 = CARTESIAN_POINT('',(-886.6199967142,-354.5100399203,
    595.26246377865));
#1942 = CARTESIAN_POINT('',(-886.7872720907,-354.5100399203,
    595.26246377865));
#1943 = CARTESIAN_POINT('',(-886.9545202363,-354.5080131829,
    595.26246377865));
#1944 = CARTESIAN_POINT('',(-887.1217334269,-354.503956903,
    595.26246377865));
#1945 = CARTESIAN_POINT('',(-887.2888860409,-354.497820846,
    595.26246377865));
#1946 = CARTESIAN_POINT('',(-887.4559291914,-354.4894745728,
    595.26246377865));
#1947 = CARTESIAN_POINT('',(-887.6227928155,-354.478726457,
    595.26246377865));
#1948 = CARTESIAN_POINT('',(-887.7893831103,-354.4652812177,
    595.26246377865));
#1949 = CARTESIAN_POINT('',(-888.0215775049,-354.441865433,
    595.26246377865));
#1950 = CARTESIAN_POINT('',(-888.087519837,-354.4346856672,
    595.26246377865));
#1951 = CARTESIAN_POINT('',(-888.1533843056,-354.4269454395,
    595.26246377865));
#1952 = CARTESIAN_POINT('',(-888.2191583771,-354.4185959062,
    595.26246377865));
#1953 = CARTESIAN_POINT('',(-888.2848233707,-354.4095792441,
    595.26246377865));
#1954 = CARTESIAN_POINT('',(-888.350353571,-354.3998234934,
    595.26246377865));
#1955 = CARTESIAN_POINT('',(-888.4157139634,-354.3892303286,
    595.26246377865));
#1956 = CARTESIAN_POINT('',(-888.5334909243,-354.3683036642,
    595.26246377865));
#1957 = CARTESIAN_POINT('',(-888.5859470396,-354.358317909,
    595.26246377865));
#1958 = CARTESIAN_POINT('',(-888.6382301432,-354.3476129284,
    595.26246377865));
#1959 = CARTESIAN_POINT('',(-888.690321267,-354.3360997697,
    595.26246377865));
#1960 = CARTESIAN_POINT('',(-888.7421577749,-354.3236375394,
    595.26246377865));
#1961 = CARTESIAN_POINT('',(-888.793642622,-354.3100580659,
    595.26246377865));
#1962 = CARTESIAN_POINT('',(-888.8446341842,-354.2951311432,
    595.26246377865));
#1963 = CARTESIAN_POINT('',(-888.9179173982,-354.2706324194,
    595.26246377865));
#1964 = CARTESIAN_POINT('',(-888.9407748148,-354.2625449993,
    595.26246377865));
#1965 = CARTESIAN_POINT('',(-888.9634380464,-354.2540168095,
    595.26246377865));
#1966 = CARTESIAN_POINT('',(-888.9858798075,-354.2449866546,
    595.26246377865));
#1967 = CARTESIAN_POINT('',(-889.0080342427,-354.2353708899,
    595.26246377865));
#1968 = CARTESIAN_POINT('',(-889.0298026354,-354.22507189,
    595.26246377865));
#1969 = CARTESIAN_POINT('',(-889.0510437192,-354.2139600106,
    595.26246377865));
#1970 = CARTESIAN_POINT('',(-889.0856826781,-354.1933391527,
    595.26246377865));
#1971 = CARTESIAN_POINT('',(-889.0993635976,-354.1844596506,
    595.26246377865));
#1972 = CARTESIAN_POINT('',(-889.1126062815,-354.1749922589,
    595.26246377865));
#1973 = CARTESIAN_POINT('',(-889.125309599,-354.1648072423,
    595.26246377865));
#1974 = CARTESIAN_POINT('',(-889.1372262446,-354.1537910862,
    595.26246377865));
#1975 = CARTESIAN_POINT('',(-889.1479620092,-354.1418457736,
    595.26246377865));
#1976 = CARTESIAN_POINT('',(-889.1569693722,-354.128884785,
    595.26246377865));
#1977 = CARTESIAN_POINT('',(-889.1677964449,-354.1057022557,
    595.26246377865));
#1978 = CARTESIAN_POINT('',(-889.1710453931,-354.0960819265,
    595.26246377865));
#1979 = CARTESIAN_POINT('',(-889.1729712988,-354.0861519839,
    595.26246377865));
#1980 = CARTESIAN_POINT('',(-889.1733990441,-354.0760892402,
    595.26246377865));
#1981 = CARTESIAN_POINT('',(-889.1722945705,-354.0660620612,
    595.26246377865));
#1982 = CARTESIAN_POINT('',(-889.1697584792,-354.0562319003,
    595.26246377865));
#1983 = CARTESIAN_POINT('',(-889.1660080136,-354.0467544759,
    595.26246377865));
#1984 = CARTESIAN_POINT('',(-889.156157365,-354.0277872219,
    595.26246377865));
#1985 = CARTESIAN_POINT('',(-889.1497907697,-354.0183260441,
    595.26246377865));
#1986 = CARTESIAN_POINT('',(-889.1425061975,-354.0093821801,
    595.26246377865));
#1987 = CARTESIAN_POINT('',(-889.1345196892,-354.0009292442,
    595.26246377865));
#1988 = CARTESIAN_POINT('',(-889.1260010206,-353.992931665,
    595.26246377865));
#1989 = CARTESIAN_POINT('',(-889.1170714898,-353.9853461334,
    595.26246377865));
#1990 = CARTESIAN_POINT('',(-889.1078032389,-353.9781221761,
    595.26246377865));
#1991 = CARTESIAN_POINT('',(-889.0771271382,-353.9559698697,
    595.26246377865));
#1992 = CARTESIAN_POINT('',(-889.0546780911,-353.9423309563,
    595.26246377865));
#1993 = CARTESIAN_POINT('',(-889.0313935352,-353.9297978506,
    595.26246377865));
#1994 = CARTESIAN_POINT('',(-889.0075147202,-353.9182103538,
    595.26246377865));
#1995 = CARTESIAN_POINT('',(-888.9832435476,-353.9073887518,
    595.26246377865));
#1996 = CARTESIAN_POINT('',(-888.9586668397,-353.8972337747,
    595.26246377865));
#1997 = CARTESIAN_POINT('',(-888.9338268021,-353.8876375323,
    595.26246377865));
#1998 = CARTESIAN_POINT('',(-888.8579742815,-353.860096361,
    595.26246377865));
#1999 = CARTESIAN_POINT('',(-888.8063719886,-353.8437086144,
    595.26246377865));
#2000 = CARTESIAN_POINT('',(-888.7542047124,-353.8287600699,
    595.26246377865));
#2001 = CARTESIAN_POINT('',(-888.7016289865,-353.8150270731,
    595.26246377865));
#2002 = CARTESIAN_POINT('',(-888.6487686844,-353.8022970136,
    595.26246377865));
#2003 = CARTESIAN_POINT('',(-888.5956827157,-353.7904503803,
    595.26246377865));
#2004 = CARTESIAN_POINT('',(-888.5424003883,-353.7793731022,
    595.26246377865));
#2005 = CARTESIAN_POINT('',(-888.4244123136,-353.7564488027,
    595.26246377865));
#2006 = CARTESIAN_POINT('',(-888.3596757863,-353.7449240757,
    595.26246377865));
#2007 = CARTESIAN_POINT('',(-888.2947513111,-353.7342653018,
    595.26246377865));
#2008 = CARTESIAN_POINT('',(-888.229676131,-353.724376224,
    595.26246377865));
#2009 = CARTESIAN_POINT('',(-888.1644777656,-353.7151862895,
    595.26246377865));
#2010 = CARTESIAN_POINT('',(-888.0991764093,-353.7066387136,
    595.26246377865));
#2011 = CARTESIAN_POINT('',(-888.0337858733,-353.698685451,
    595.26246377865));
#2012 = CARTESIAN_POINT('',(-887.8006988404,-353.6723539202,
    595.26246377865));
#2013 = CARTESIAN_POINT('',(-887.6325940415,-353.6570714756,
    595.26246377865));
#2014 = CARTESIAN_POINT('',(-887.4641593026,-353.6448031324,
    595.26246377865));
#2015 = CARTESIAN_POINT('',(-887.2955055069,-353.6352472689,
    595.26246377865));
#2016 = CARTESIAN_POINT('',(-887.1267160401,-353.6282074456,
    595.26246377865));
#2017 = CARTESIAN_POINT('',(-886.9578499178,-353.6235490718,
    595.26246377865));
#2018 = CARTESIAN_POINT('',(-886.7889395276,-353.6212213561,
    595.26246377865));
#2019 = CARTESIAN_POINT('',(-886.6199967142,-353.6212213561,
    595.26246377865));
#2020 = PCURVE('',#611,#2021);
#2021 = DEFINITIONAL_REPRESENTATION('',(#2022),#2187);
#2022 = B_SPLINE_CURVE_WITH_KNOTS('',10,(#2023,#2024,#2025,#2026,#2027,
    #2028,#2029,#2030,#2031,#2032,#2033,#2034,#2035,#2036,#2037,#2038,
    #2039,#2040,#2041,#2042,#2043,#2044,#2045,#2046,#2047,#2048,#2049,
    #2050,#2051,#2052,#2053,#2054,#2055,#2056,#2057,#2058,#2059,#2060,
    #2061,#2062,#2063,#2064,#2065,#2066,#2067,#2068,#2069,#2070,#2071,
    #2072,#2073,#2074,#2075,#2076,#2077,#2078,#2079,#2080,#2081,#2082,
    #2083,#2084,#2085,#2086,#2087,#2088,#2089,#2090,#2091,#2092,#2093,
    #2094,#2095,#2096,#2097,#2098,#2099,#2100,#2101,#2102,#2103,#2104,
    #2105,#2106,#2107,#2108,#2109,#2110,#2111,#2112,#2113,#2114,#2115,
    #2116,#2117,#2118,#2119,#2120,#2121,#2122,#2123,#2124,#2125,#2126,
    #2127,#2128,#2129,#2130,#2131,#2132,#2133,#2134,#2135,#2136,#2137,
    #2138,#2139,#2140,#2141,#2142,#2143,#2144,#2145,#2146,#2147,#2148,
    #2149,#2150,#2151,#2152,#2153,#2154,#2155,#2156,#2157,#2158,#2159,
    #2160,#2161,#2162,#2163,#2164,#2165,#2166,#2167,#2168,#2169,#2170,
    #2171,#2172,#2173,#2174,#2175,#2176,#2177,#2178,#2179,#2180,#2181,
    #2182,#2183,#2184,#2185,#2186),.UNSPECIFIED.,.F.,.F.,(11,9,9,9,9,9,9
    ,9,9,9,9,9,9,9,9,9,9,9,11),(0.,0.25,0.34375,0.42578125,
    0.461669921875,0.46587562561,0.47422131896,0.490651902743,
    0.498610466762,0.506444678219,0.510300579171,0.525603686071,
    0.533016128477,0.562202620447,0.575883788558,0.628898314988,
    0.675286025615,0.837643012807,1.),.UNSPECIFIED.);
#2023 = CARTESIAN_POINT('',(1.570796326795,0.485874448084));
#2024 = CARTESIAN_POINT('',(1.572929011503,0.485874448084));
#2025 = CARTESIAN_POINT('',(1.575061427066,0.485185190609));
#2026 = CARTESIAN_POINT('',(1.577193443269,0.483806060209));
#2027 = CARTESIAN_POINT('',(1.579324844217,0.48172876367));
#2028 = CARTESIAN_POINT('',(1.581455293635,0.478933750929));
#2029 = CARTESIAN_POINT('',(1.583584330604,0.475390057336));
#2030 = CARTESIAN_POINT('',(1.585711374227,0.471054814452));
#2031 = CARTESIAN_POINT('',(1.587835715716,0.465868676548));
#2032 = CARTESIAN_POINT('',(1.589956476405,0.459743410024));
#2033 = CARTESIAN_POINT('',(1.592866022807,0.449835823951));
#2034 = CARTESIAN_POINT('',(1.59365880767,0.446981953746));
#2035 = CARTESIAN_POINT('',(1.594450821604,0.443968966593));
#2036 = CARTESIAN_POINT('',(1.595241992904,0.440788124412));
#2037 = CARTESIAN_POINT('',(1.596032222637,0.43742942544));
#2038 = CARTESIAN_POINT('',(1.596821383793,0.43388143045));
#2039 = CARTESIAN_POINT('',(1.597609318242,0.430130756476));
#2040 = CARTESIAN_POINT('',(1.598395831518,0.426161238026));
#2041 = CARTESIAN_POINT('',(1.599180685404,0.421952755811));
#2042 = CARTESIAN_POINT('',(1.600648628403,0.41356583796));
#2043 = CARTESIAN_POINT('',(1.60133230976,0.409448680061));
#2044 = CARTESIAN_POINT('',(1.602013428169,0.405116829716));
#2045 = CARTESIAN_POINT('',(1.602692830642,0.400543836557));
#2046 = CARTESIAN_POINT('',(1.603370279261,0.395704907983));
#2047 = CARTESIAN_POINT('',(1.604044942113,0.390571129252));
#2048 = CARTESIAN_POINT('',(1.604716222608,0.385103242035));
#2049 = CARTESIAN_POINT('',(1.605383497817,0.379251165282));
#2050 = CARTESIAN_POINT('',(1.606045195809,0.372949609222));
#2051 = CARTESIAN_POINT('',(1.606985759988,0.363080727526));
#2052 = CARTESIAN_POINT('',(1.607270590286,0.359969380719));
#2053 = CARTESIAN_POINT('',(1.607554259492,0.356736213391));
#2054 = CARTESIAN_POINT('',(1.607833378483,0.353404522975));
#2055 = CARTESIAN_POINT('',(1.608114891802,0.349884409829));
#2056 = CARTESIAN_POINT('',(1.60838951543,0.346256275428));
#2057 = CARTESIAN_POINT('',(1.608664208208,0.342420541223));
#2058 = CARTESIAN_POINT('',(1.608934013488,0.338401844874));
#2059 = CARTESIAN_POINT('',(1.609199585532,0.334154803443));
#2060 = CARTESIAN_POINT('',(1.609489687576,0.32911309056));
#2061 = CARTESIAN_POINT('',(1.609520037324,0.3285805837));
#2062 = CARTESIAN_POINT('',(1.609550304424,0.328044354408));
#2063 = CARTESIAN_POINT('',(1.609580486692,0.327504333631));
#2064 = CARTESIAN_POINT('',(1.609610581872,0.326960449655));
#2065 = CARTESIAN_POINT('',(1.609640587632,0.326412627928));
#2066 = CARTESIAN_POINT('',(1.609670501558,0.325860790874));
#2067 = CARTESIAN_POINT('',(1.609700321152,0.325304857715));
#2068 = CARTESIAN_POINT('',(1.609730043828,0.32474474429));
#2069 = CARTESIAN_POINT('',(1.609818450213,0.323060418498));
#2070 = CARTESIAN_POINT('',(1.609876861164,0.321923272353));
#2071 = CARTESIAN_POINT('',(1.609934538586,0.32077480395));
#2072 = CARTESIAN_POINT('',(1.609991827062,0.319607508217));
#2073 = CARTESIAN_POINT('',(1.610048671183,0.31842123223));
#2074 = CARTESIAN_POINT('',(1.610104898285,0.317217885142));
#2075 = CARTESIAN_POINT('',(1.610160549279,0.315995238694));
#2076 = CARTESIAN_POINT('',(1.610215725787,0.314749787631));
#2077 = CARTESIAN_POINT('',(1.610270230265,0.313483491336));
#2078 = CARTESIAN_POINT('',(1.61043010964,0.309655521457));
#2079 = CARTESIAN_POINT('',(1.61053356967,0.307028204256));
#2080 = CARTESIAN_POINT('',(1.610634093141,0.304304677317));
#2081 = CARTESIAN_POINT('',(1.610731175882,0.301478029553));
#2082 = CARTESIAN_POINT('',(1.610824178576,0.298541831904));
#2083 = CARTESIAN_POINT('',(1.61091232449,0.295490089464));
#2084 = CARTESIAN_POINT('',(1.610994697177,0.292317193606));
#2085 = CARTESIAN_POINT('',(1.611070238206,0.289017874111));
#2086 = CARTESIAN_POINT('',(1.611137744865,0.285587151294));
#2087 = CARTESIAN_POINT('',(1.61122402123,0.280292588782));
#2088 = CARTESIAN_POINT('',(1.611249977663,0.278532483142));
#2089 = CARTESIAN_POINT('',(1.611273502058,0.276746175492));
#2090 = CARTESIAN_POINT('',(1.611294928385,0.274895591654));
#2091 = CARTESIAN_POINT('',(1.611312774185,0.273071035765));
#2092 = CARTESIAN_POINT('',(1.611328397907,0.271177376711));
#2093 = CARTESIAN_POINT('',(1.611340431977,0.269298006933));
#2094 = CARTESIAN_POINT('',(1.611349457249,0.267394886316));
#2095 = CARTESIAN_POINT('',(1.611355170827,0.26548772699));
#2096 = CARTESIAN_POINT('',(1.61136000332,0.261697404272));
#2097 = CARTESIAN_POINT('',(1.611359219092,0.25981464138));
#2098 = CARTESIAN_POINT('',(1.611355233783,0.257933536487));
#2099 = CARTESIAN_POINT('',(1.611348063951,0.256058196564));
#2100 = CARTESIAN_POINT('',(1.611337760856,0.254192657499));
#2101 = CARTESIAN_POINT('',(1.611324408969,0.252340888108));
#2102 = CARTESIAN_POINT('',(1.611308124483,0.250506794148));
#2103 = CARTESIAN_POINT('',(1.611289053821,0.248694222331));
#2104 = CARTESIAN_POINT('',(1.611267372149,0.24690696433));
#2105 = CARTESIAN_POINT('',(1.611231424955,0.244283394989));
#2106 = CARTESIAN_POINT('',(1.611218982677,0.243424982087));
#2107 = CARTESIAN_POINT('',(1.61120599834,0.242574946195));
#2108 = CARTESIAN_POINT('',(1.611192415004,0.241729319702));
#2109 = CARTESIAN_POINT('',(1.611178430438,0.240898064992));
#2110 = CARTESIAN_POINT('',(1.611163947865,0.240074152562));
#2111 = CARTESIAN_POINT('',(1.611148879796,0.239251654887));
#2112 = CARTESIAN_POINT('',(1.611133426665,0.23844141817));
#2113 = CARTESIAN_POINT('',(1.611117493889,0.237636692697));
#2114 = CARTESIAN_POINT('',(1.611036187161,0.233675327776));
#2115 = CARTESIAN_POINT('',(1.610964393366,0.230624980341));
#2116 = CARTESIAN_POINT('',(1.610886746837,0.227685167765));
#2117 = CARTESIAN_POINT('',(1.610804130299,0.224851935771));
#2118 = CARTESIAN_POINT('',(1.610717309457,0.222120642147));
#2119 = CARTESIAN_POINT('',(1.610626931212,0.219485996295));
#2120 = CARTESIAN_POINT('',(1.610533521866,0.216942098784));
#2121 = CARTESIAN_POINT('',(1.610437485335,0.214482480889));
#2122 = CARTESIAN_POINT('',(1.61033910136,0.21210014415));
#2123 = CARTESIAN_POINT('',(1.610189806418,0.208667461299));
#2124 = CARTESIAN_POINT('',(1.610140571924,0.207563619002));
#2125 = CARTESIAN_POINT('',(1.610090811067,0.206474693253));
#2126 = CARTESIAN_POINT('',(1.610040716718,0.205403719324));
#2127 = CARTESIAN_POINT('',(1.609990248599,0.204348658));
#2128 = CARTESIAN_POINT('',(1.609939337965,0.203306956606));
#2129 = CARTESIAN_POINT('',(1.609888054613,0.202279218568));
#2130 = CARTESIAN_POINT('',(1.609836492716,0.201266638622));
#2131 = CARTESIAN_POINT('',(1.609784566133,0.2002664598));
#2132 = CARTESIAN_POINT('',(1.609526689244,0.195392395066));
#2133 = CARTESIAN_POINT('',(1.609316241566,0.191704501709));
#2134 = CARTESIAN_POINT('',(1.609101940224,0.188189725795));
#2135 = CARTESIAN_POINT('',(1.608884518549,0.184828498556));
#2136 = CARTESIAN_POINT('',(1.608664541503,0.181605501669));
#2137 = CARTESIAN_POINT('',(1.608442439234,0.178508073145));
#2138 = CARTESIAN_POINT('',(1.608218530531,0.175525101468));
#2139 = CARTESIAN_POINT('',(1.607993036192,0.172646407991));
#2140 = CARTESIAN_POINT('',(1.607766082294,0.169862617576));
#2141 = CARTESIAN_POINT('',(1.607430636051,0.165901251839));
#2142 = CARTESIAN_POINT('',(1.607323253394,0.164655908429));
#2143 = CARTESIAN_POINT('',(1.607215633867,0.16342950233));
#2144 = CARTESIAN_POINT('',(1.607107529852,0.162218553573));
#2145 = CARTESIAN_POINT('',(1.606999145212,0.161024582193));
#2146 = CARTESIAN_POINT('',(1.606890689251,0.159849149157));
#2147 = CARTESIAN_POINT('',(1.606782052381,0.158690321792));
#2148 = CARTESIAN_POINT('',(1.606673072251,0.157545665579));
#2149 = CARTESIAN_POINT('',(1.606563972439,0.156417087405));
#2150 = CARTESIAN_POINT('',(1.606031119204,0.150986294361));
#2151 = CARTESIAN_POINT('',(1.605604735568,0.146890676404));
#2152 = CARTESIAN_POINT('',(1.605175996434,0.14298921843));
#2153 = CARTESIAN_POINT('',(1.604745282558,0.139261291507));
#2154 = CARTESIAN_POINT('',(1.604312898038,0.13569073815));
#2155 = CARTESIAN_POINT('',(1.603879086374,0.132264398932));
#2156 = CARTESIAN_POINT('',(1.60344404185,0.128971071594));
#2157 = CARTESIAN_POINT('',(1.603007916265,0.125800902665));
#2158 = CARTESIAN_POINT('',(1.602570820993,0.122745211569));
#2159 = CARTESIAN_POINT('',(1.601749577341,0.117216840968));
#2160 = CARTESIAN_POINT('',(1.601365605906,0.114718767942));
#2161 = CARTESIAN_POINT('',(1.600981162004,0.112298722328));
#2162 = CARTESIAN_POINT('',(1.600595866444,0.109949756026));
#2163 = CARTESIAN_POINT('',(1.6002098767,0.107668901243));
#2164 = CARTESIAN_POINT('',(1.59982351231,0.105454569877));
#2165 = CARTESIAN_POINT('',(1.5994368093,0.103303668589));
#2166 = CARTESIAN_POINT('',(1.599049625087,0.101212337705));
#2167 = CARTESIAN_POINT('',(1.598662065408,9.917869149712E-02));
#2168 = CARTESIAN_POINT('',(1.596916467774,9.027640987332E-02));
#2169 = CARTESIAN_POINT('',(1.595554460174,8.402993036591E-02));
#2170 = CARTESIAN_POINT('',(1.594189209604,7.836679304228E-02));
#2171 = CARTESIAN_POINT('',(1.592821423873,7.322034293271E-02));
#2172 = CARTESIAN_POINT('',(1.591451574824,6.854254841954E-02));
#2173 = CARTESIAN_POINT('',(1.590079998964,6.429721550557E-02));
#2174 = CARTESIAN_POINT('',(1.588706964914,6.045531315631E-02));
#2175 = CARTESIAN_POINT('',(1.587332707672,5.699240971636E-02));
#2176 = CARTESIAN_POINT('',(1.585957429705,5.388822039952E-02));
#2177 = CARTESIAN_POINT('',(1.583205107987,4.836831130656E-02));
#2178 = CARTESIAN_POINT('',(1.581828079653,4.595213649264E-02));
#2179 = CARTESIAN_POINT('',(1.580450356067,4.386452120232E-02));
#2180 = CARTESIAN_POINT('',(1.579072084799,4.20932027334E-02));
#2181 = CARTESIAN_POINT('',(1.577693389611,4.062860155642E-02));
#2182 = CARTESIAN_POINT('',(1.576314371306,3.946354698052E-02));
#2183 = CARTESIAN_POINT('',(1.574935108575,3.859300281942E-02));
#2184 = CARTESIAN_POINT('',(1.573555658839,3.801379305729E-02));
#2185 = CARTESIAN_POINT('',(1.572176059102,3.772432751476E-02));
#2186 = CARTESIAN_POINT('',(1.570796326795,3.772432751476E-02));
#2187 = ( GEOMETRIC_REPRESENTATION_CONTEXT(2) 
PARAMETRIC_REPRESENTATION_CONTEXT() REPRESENTATION_CONTEXT('2D SPACE',''
  ) );
#2188 = PCURVE('',#2189,#2194);
#2189 = TOROIDAL_SURFACE('',#2190,61.,2.);
#2190 = AXIS2_PLACEMENT_3D('',#2191,#2192,#2193);
#2191 = CARTESIAN_POINT('',(-886.6199967142,-369.8535923895,
    534.39098827502));
#2192 = DIRECTION('',(-1.008768357388E-16,-0.965925826289,0.258819045103
    ));
#2193 = DIRECTION('',(1.,-9.743954091444E-17,2.610884629888E-17));
#2194 = DEFINITIONAL_REPRESENTATION('',(#2195),#2360);
#2195 = B_SPLINE_CURVE_WITH_KNOTS('',10,(#2196,#2197,#2198,#2199,#2200,
    #2201,#2202,#2203,#2204,#2205,#2206,#2207,#2208,#2209,#2210,#2211,
    #2212,#2213,#2214,#2215,#2216,#2217,#2218,#2219,#2220,#2221,#2222,
    #2223,#2224,#2225,#2226,#2227,#2228,#2229,#2230,#2231,#2232,#2233,
    #2234,#2235,#2236,#2237,#2238,#2239,#2240,#2241,#2242,#2243,#2244,
    #2245,#2246,#2247,#2248,#2249,#2250,#2251,#2252,#2253,#2254,#2255,
    #2256,#2257,#2258,#2259,#2260,#2261,#2262,#2263,#2264,#2265,#2266,
    #2267,#2268,#2269,#2270,#2271,#2272,#2273,#2274,#2275,#2276,#2277,
    #2278,#2279,#2280,#2281,#2282,#2283,#2284,#2285,#2286,#2287,#2288,
    #2289,#2290,#2291,#2292,#2293,#2294,#2295,#2296,#2297,#2298,#2299,
    #2300,#2301,#2302,#2303,#2304,#2305,#2306,#2307,#2308,#2309,#2310,
    #2311,#2312,#2313,#2314,#2315,#2316,#2317,#2318,#2319,#2320,#2321,
    #2322,#2323,#2324,#2325,#2326,#2327,#2328,#2329,#2330,#2331,#2332,
    #2333,#2334,#2335,#2336,#2337,#2338,#2339,#2340,#2341,#2342,#2343,
    #2344,#2345,#2346,#2347,#2348,#2349,#2350,#2351,#2352,#2353,#2354,
    #2355,#2356,#2357,#2358,#2359),.UNSPECIFIED.,.F.,.F.,(11,9,9,9,9,9,9
    ,9,9,9,9,9,9,9,9,9,9,9,11),(0.,0.25,0.34375,0.42578125,
    0.461669921875,0.46587562561,0.47422131896,0.490651902743,
    0.498610466762,0.506444678219,0.510300579171,0.525603686071,
    0.533016128477,0.562202620447,0.575883788558,0.628898314988,
    0.675286025615,0.837643012807,1.),.UNSPECIFIED.);
#2196 = CARTESIAN_POINT('',(1.570796326795,0.485874448084));
#2197 = CARTESIAN_POINT('',(1.572929011503,0.485874448084));
#2198 = CARTESIAN_POINT('',(1.575061427066,0.485185190609));
#2199 = CARTESIAN_POINT('',(1.577193443269,0.483806060209));
#2200 = CARTESIAN_POINT('',(1.579324844217,0.48172876367));
#2201 = CARTESIAN_POINT('',(1.581455293635,0.478933750929));
#2202 = CARTESIAN_POINT('',(1.583584330604,0.475390057336));
#2203 = CARTESIAN_POINT('',(1.585711374227,0.471054814452));
#2204 = CARTESIAN_POINT('',(1.587835715716,0.465868676548));
#2205 = CARTESIAN_POINT('',(1.589956476405,0.459743410024));
#2206 = CARTESIAN_POINT('',(1.592866022807,0.449835823951));
#2207 = CARTESIAN_POINT('',(1.59365880767,0.446981953746));
#2208 = CARTESIAN_POINT('',(1.594450821604,0.443968966593));
#2209 = CARTESIAN_POINT('',(1.595241992904,0.440788124412));
#2210 = CARTESIAN_POINT('',(1.596032222637,0.43742942544));
#2211 = CARTESIAN_POINT('',(1.596821383793,0.43388143045));
#2212 = CARTESIAN_POINT('',(1.597609318242,0.430130756476));
#2213 = CARTESIAN_POINT('',(1.598395831518,0.426161238026));
#2214 = CARTESIAN_POINT('',(1.599180685404,0.421952755811));
#2215 = CARTESIAN_POINT('',(1.600648628403,0.41356583796));
#2216 = CARTESIAN_POINT('',(1.60133230976,0.409448680061));
#2217 = CARTESIAN_POINT('',(1.602013428169,0.405116829716));
#2218 = CARTESIAN_POINT('',(1.602692830642,0.400543836557));
#2219 = CARTESIAN_POINT('',(1.603370279261,0.395704907983));
#2220 = CARTESIAN_POINT('',(1.604044942113,0.390571129252));
#2221 = CARTESIAN_POINT('',(1.604716222608,0.385103242035));
#2222 = CARTESIAN_POINT('',(1.605383497817,0.379251165282));
#2223 = CARTESIAN_POINT('',(1.606045195809,0.372949609222));
#2224 = CARTESIAN_POINT('',(1.606985759988,0.363080727526));
#2225 = CARTESIAN_POINT('',(1.607270590286,0.359969380719));
#2226 = CARTESIAN_POINT('',(1.607554259492,0.356736213391));
#2227 = CARTESIAN_POINT('',(1.607833378483,0.353404522975));
#2228 = CARTESIAN_POINT('',(1.608114891802,0.349884409829));
#2229 = CARTESIAN_POINT('',(1.60838951543,0.346256275428));
#2230 = CARTESIAN_POINT('',(1.608664208208,0.342420541223));
#2231 = CARTESIAN_POINT('',(1.608934013488,0.338401844874));
#2232 = CARTESIAN_POINT('',(1.609199585532,0.334154803443));
#2233 = CARTESIAN_POINT('',(1.609489687576,0.32911309056));
#2234 = CARTESIAN_POINT('',(1.609520037324,0.3285805837));
#2235 = CARTESIAN_POINT('',(1.609550304424,0.328044354408));
#2236 = CARTESIAN_POINT('',(1.609580486692,0.327504333631));
#2237 = CARTESIAN_POINT('',(1.609610581872,0.326960449655));
#2238 = CARTESIAN_POINT('',(1.609640587632,0.326412627928));
#2239 = CARTESIAN_POINT('',(1.609670501558,0.325860790874));
#2240 = CARTESIAN_POINT('',(1.609700321152,0.325304857715));
#2241 = CARTESIAN_POINT('',(1.609730043828,0.32474474429));
#2242 = CARTESIAN_POINT('',(1.609818450213,0.323060418498));
#2243 = CARTESIAN_POINT('',(1.609876861164,0.321923272353));
#2244 = CARTESIAN_POINT('',(1.609934538586,0.32077480395));
#2245 = CARTESIAN_POINT('',(1.609991827062,0.319607508217));
#2246 = CARTESIAN_POINT('',(1.610048671183,0.31842123223));
#2247 = CARTESIAN_POINT('',(1.610104898285,0.317217885142));
#2248 = CARTESIAN_POINT('',(1.610160549279,0.315995238694));
#2249 = CARTESIAN_POINT('',(1.610215725787,0.314749787631));
#2250 = CARTESIAN_POINT('',(1.610270230265,0.313483491336));
#2251 = CARTESIAN_POINT('',(1.61043010964,0.309655521457));
#2252 = CARTESIAN_POINT('',(1.61053356967,0.307028204256));
#2253 = CARTESIAN_POINT('',(1.610634093141,0.304304677317));
#2254 = CARTESIAN_POINT('',(1.610731175882,0.301478029553));
#2255 = CARTESIAN_POINT('',(1.610824178576,0.298541831904));
#2256 = CARTESIAN_POINT('',(1.61091232449,0.295490089464));
#2257 = CARTESIAN_POINT('',(1.610994697177,0.292317193606));
#2258 = CARTESIAN_POINT('',(1.611070238206,0.289017874111));
#2259 = CARTESIAN_POINT('',(1.611137744865,0.285587151294));
#2260 = CARTESIAN_POINT('',(1.61122402123,0.280292588782));
#2261 = CARTESIAN_POINT('',(1.611249977663,0.278532483142));
#2262 = CARTESIAN_POINT('',(1.611273502058,0.276746175492));
#2263 = CARTESIAN_POINT('',(1.611294928385,0.274895591654));
#2264 = CARTESIAN_POINT('',(1.611312774185,0.273071035765));
#2265 = CARTESIAN_POINT('',(1.611328397907,0.271177376711));
#2266 = CARTESIAN_POINT('',(1.611340431977,0.269298006933));
#2267 = CARTESIAN_POINT('',(1.611349457249,0.267394886316));
#2268 = CARTESIAN_POINT('',(1.611355170827,0.26548772699));
#2269 = CARTESIAN_POINT('',(1.61136000332,0.261697404272));
#2270 = CARTESIAN_POINT('',(1.611359219092,0.25981464138));
#2271 = CARTESIAN_POINT('',(1.611355233783,0.257933536487));
#2272 = CARTESIAN_POINT('',(1.611348063951,0.256058196564));
#2273 = CARTESIAN_POINT('',(1.611337760856,0.254192657499));
#2274 = CARTESIAN_POINT('',(1.611324408969,0.252340888108));
#2275 = CARTESIAN_POINT('',(1.611308124483,0.250506794148));
#2276 = CARTESIAN_POINT('',(1.611289053821,0.248694222331));
#2277 = CARTESIAN_POINT('',(1.611267372149,0.24690696433));
#2278 = CARTESIAN_POINT('',(1.611231424955,0.244283394989));
#2279 = CARTESIAN_POINT('',(1.611218982677,0.243424982087));
#2280 = CARTESIAN_POINT('',(1.61120599834,0.242574946195));
#2281 = CARTESIAN_POINT('',(1.611192415004,0.241729319702));
#2282 = CARTESIAN_POINT('',(1.611178430438,0.240898064992));
#2283 = CARTESIAN_POINT('',(1.611163947865,0.240074152562));
#2284 = CARTESIAN_POINT('',(1.611148879796,0.239251654887));
#2285 = CARTESIAN_POINT('',(1.611133426665,0.23844141817));
#2286 = CARTESIAN_POINT('',(1.611117493889,0.237636692697));
#2287 = CARTESIAN_POINT('',(1.611036187161,0.233675327776));
#2288 = CARTESIAN_POINT('',(1.610964393366,0.230624980341));
#2289 = CARTESIAN_POINT('',(1.610886746837,0.227685167765));
#2290 = CARTESIAN_POINT('',(1.610804130299,0.224851935771));
#2291 = CARTESIAN_POINT('',(1.610717309457,0.222120642147));
#2292 = CARTESIAN_POINT('',(1.610626931212,0.219485996295));
#2293 = CARTESIAN_POINT('',(1.610533521866,0.216942098784));
#2294 = CARTESIAN_POINT('',(1.610437485335,0.214482480889));
#2295 = CARTESIAN_POINT('',(1.61033910136,0.21210014415));
#2296 = CARTESIAN_POINT('',(1.610189806418,0.208667461299));
#2297 = CARTESIAN_POINT('',(1.610140571924,0.207563619002));
#2298 = CARTESIAN_POINT('',(1.610090811067,0.206474693253));
#2299 = CARTESIAN_POINT('',(1.610040716718,0.205403719324));
#2300 = CARTESIAN_POINT('',(1.609990248599,0.204348658));
#2301 = CARTESIAN_POINT('',(1.609939337965,0.203306956606));
#2302 = CARTESIAN_POINT('',(1.609888054613,0.202279218568));
#2303 = CARTESIAN_POINT('',(1.609836492716,0.201266638622));
#2304 = CARTESIAN_POINT('',(1.609784566133,0.2002664598));
#2305 = CARTESIAN_POINT('',(1.609526689244,0.195392395066));
#2306 = CARTESIAN_POINT('',(1.609316241566,0.191704501709));
#2307 = CARTESIAN_POINT('',(1.609101940224,0.188189725795));
#2308 = CARTESIAN_POINT('',(1.608884518549,0.184828498556));
#2309 = CARTESIAN_POINT('',(1.608664541503,0.181605501669));
#2310 = CARTESIAN_POINT('',(1.608442439234,0.178508073145));
#2311 = CARTESIAN_POINT('',(1.608218530531,0.175525101468));
#2312 = CARTESIAN_POINT('',(1.607993036192,0.172646407991));
#2313 = CARTESIAN_POINT('',(1.607766082294,0.169862617576));
#2314 = CARTESIAN_POINT('',(1.607430636051,0.165901251839));
#2315 = CARTESIAN_POINT('',(1.607323253394,0.164655908429));
#2316 = CARTESIAN_POINT('',(1.607215633867,0.16342950233));
#2317 = CARTESIAN_POINT('',(1.607107529852,0.162218553573));
#2318 = CARTESIAN_POINT('',(1.606999145212,0.161024582193));
#2319 = CARTESIAN_POINT('',(1.606890689251,0.159849149157));
#2320 = CARTESIAN_POINT('',(1.606782052381,0.158690321792));
#2321 = CARTESIAN_POINT('',(1.606673072251,0.157545665579));
#2322 = CARTESIAN_POINT('',(1.606563972439,0.156417087405));
#2323 = CARTESIAN_POINT('',(1.606031119204,0.150986294361));
#2324 = CARTESIAN_POINT('',(1.605604735568,0.146890676404));
#2325 = CARTESIAN_POINT('',(1.605175996434,0.14298921843));
#2326 = CARTESIAN_POINT('',(1.604745282558,0.139261291507));
#2327 = CARTESIAN_POINT('',(1.604312898038,0.13569073815));
#2328 = CARTESIAN_POINT('',(1.603879086374,0.132264398932));
#2329 = CARTESIAN_POINT('',(1.60344404185,0.128971071594));
#2330 = CARTESIAN_POINT('',(1.603007916265,0.125800902665));
#2331 = CARTESIAN_POINT('',(1.602570820993,0.122745211569));
#2332 = CARTESIAN_POINT('',(1.601749577341,0.117216840968));
#2333 = CARTESIAN_POINT('',(1.601365605906,0.114718767942));
#2334 = CARTESIAN_POINT('',(1.600981162004,0.112298722328));
#2335 = CARTESIAN_POINT('',(1.600595866444,0.109949756026));
#2336 = CARTESIAN_POINT('',(1.6002098767,0.107668901243));
#2337 = CARTESIAN_POINT('',(1.59982351231,0.105454569877));
#2338 = CARTESIAN_POINT('',(1.5994368093,0.103303668589));
#2339 = CARTESIAN_POINT('',(1.599049625087,0.101212337705));
#2340 = CARTESIAN_POINT('',(1.598662065408,9.917869149712E-02));
#2341 = CARTESIAN_POINT('',(1.596916467774,9.027640987332E-02));
#2342 = CARTESIAN_POINT('',(1.595554460174,8.402993036591E-02));
#2343 = CARTESIAN_POINT('',(1.594189209604,7.836679304228E-02));
#2344 = CARTESIAN_POINT('',(1.592821423873,7.322034293271E-02));
#2345 = CARTESIAN_POINT('',(1.591451574824,6.854254841954E-02));
#2346 = CARTESIAN_POINT('',(1.590079998964,6.429721550557E-02));
#2347 = CARTESIAN_POINT('',(1.588706964914,6.045531315631E-02));
#2348 = CARTESIAN_POINT('',(1.587332707672,5.699240971636E-02));
#2349 = CARTESIAN_POINT('',(1.585957429705,5.388822039952E-02));
#2350 = CARTESIAN_POINT('',(1.583205107987,4.836831130656E-02));
#2351 = CARTESIAN_POINT('',(1.581828079653,4.595213649264E-02));
#2352 = CARTESIAN_POINT('',(1.580450356067,4.386452120232E-02));
#2353 = CARTESIAN_POINT('',(1.579072084799,4.20932027334E-02));
#2354 = CARTESIAN_POINT('',(1.577693389611,4.062860155642E-02));
#2355 = CARTESIAN_POINT('',(1.576314371306,3.946354698052E-02));
#2356 = CARTESIAN_POINT('',(1.574935108575,3.859300281942E-02));
#2357 = CARTESIAN_POINT('',(1.573555658839,3.801379305729E-02));
#2358 = CARTESIAN_POINT('',(1.572176059102,3.772432751476E-02));
#2359 = CARTESIAN_POINT('',(1.570796326795,3.772432751476E-02));
#2360 = ( GEOMETRIC_REPRESENTATION_CONTEXT(2) 
PARAMETRIC_REPRESENTATION_CONTEXT() REPRESENTATION_CONTEXT('2D SPACE',''
  ) );
#2361 = ORIENTED_EDGE('',*,*,#2362,.F.);
#2362 = EDGE_CURVE('',#2363,#1937,#2365,.T.);
#2363 = VERTEX_POINT('',#2364);
#2364 = CARTESIAN_POINT('',(-886.6199967142,-353.547992548,
    595.24431533123));
#2365 = SURFACE_CURVE('',#2366,(#2371,#2378),.PCURVE_S1.);
#2366 = CIRCLE('',#2367,2.);
#2367 = AXIS2_PLACEMENT_3D('',#2368,#2369,#2370);
#2368 = CARTESIAN_POINT('',(-886.6199967142,-354.0656306382,
    593.31246367865));
#2369 = DIRECTION('',(1.,-1.050497185157E-16,-2.292723163573E-18));
#2370 = DIRECTION('',(2.940346835074E-17,0.258819045103,0.965925826289)
  );
#2371 = PCURVE('',#611,#2372);
#2372 = DEFINITIONAL_REPRESENTATION('',(#2373),#2377);
#2373 = LINE('',#2374,#2375);
#2374 = CARTESIAN_POINT('',(1.570796326795,0.));
#2375 = VECTOR('',#2376,1.);
#2376 = DIRECTION('',(0.,1.));
#2377 = ( GEOMETRIC_REPRESENTATION_CONTEXT(2) 
PARAMETRIC_REPRESENTATION_CONTEXT() REPRESENTATION_CONTEXT('2D SPACE',''
  ) );
#2378 = PCURVE('',#1413,#2379);
#2379 = DEFINITIONAL_REPRESENTATION('',(#2380),#2384);
#2380 = LINE('',#2381,#2382);
#2381 = CARTESIAN_POINT('',(0.785398163397,495.));
#2382 = VECTOR('',#2383,1.);
#2383 = DIRECTION('',(-1.,0.));
#2384 = ( GEOMETRIC_REPRESENTATION_CONTEXT(2) 
PARAMETRIC_REPRESENTATION_CONTEXT() REPRESENTATION_CONTEXT('2D SPACE',''
  ) );
#2385 = ORIENTED_EDGE('',*,*,#2386,.T.);
#2386 = EDGE_CURVE('',#2363,#1068,#2387,.T.);
#2387 = SURFACE_CURVE('',#2388,(#2393,#2400),.PCURVE_S1.);
#2388 = CIRCLE('',#2389,63.);
#2389 = AXIS2_PLACEMENT_3D('',#2390,#2391,#2392);
#2390 = CARTESIAN_POINT('',(-886.6199967142,-369.8535923895,
    534.39098827502));
#2391 = DIRECTION('',(-8.326672684689E-17,-0.965925826289,0.258819045103
    ));
#2392 = DIRECTION('',(-0.707106781187,0.183012701892,0.683012701892));
#2393 = PCURVE('',#611,#2394);
#2394 = DEFINITIONAL_REPRESENTATION('',(#2395),#2399);
#2395 = LINE('',#2396,#2397);
#2396 = CARTESIAN_POINT('',(-3.926990816987,0.));
#2397 = VECTOR('',#2398,1.);
#2398 = DIRECTION('',(1.,0.));
#2399 = ( GEOMETRIC_REPRESENTATION_CONTEXT(2) 
PARAMETRIC_REPRESENTATION_CONTEXT() REPRESENTATION_CONTEXT('2D SPACE',''
  ) );
#2400 = PCURVE('',#2401,#2406);
#2401 = CYLINDRICAL_SURFACE('',#2402,63.);
#2402 = AXIS2_PLACEMENT_3D('',#2403,#2404,#2405);
#2403 = CARTESIAN_POINT('',(-886.6199967142,-352.4669275163,
    529.73224546317));
#2404 = DIRECTION('',(-1.008768357388E-16,-0.965925826289,0.258819045103
    ));
#2405 = DIRECTION('',(-1.,-7.739273423626E-17,-6.785917799642E-16));
#2406 = DEFINITIONAL_REPRESENTATION('',(#2407),#2411);
#2407 = LINE('',#2408,#2409);
#2408 = CARTESIAN_POINT('',(-0.785398163397,18.));
#2409 = VECTOR('',#2410,1.);
#2410 = DIRECTION('',(1.,0.));
#2411 = ( GEOMETRIC_REPRESENTATION_CONTEXT(2) 
PARAMETRIC_REPRESENTATION_CONTEXT() REPRESENTATION_CONTEXT('2D SPACE',''
  ) );
#2412 = ADVANCED_FACE('',(#2413),#671,.T.);
#2413 = FACE_BOUND('',#2414,.T.);
#2414 = EDGE_LOOP('',(#2415,#2439,#2440,#2441));
#2415 = ORIENTED_EDGE('',*,*,#2416,.T.);
#2416 = EDGE_CURVE('',#2417,#651,#2419,.T.);
#2417 = VERTEX_POINT('',#2418);
#2418 = CARTESIAN_POINT('',(-936.6199967142,-488.9103531366,
    90.065108182052));
#2419 = SURFACE_CURVE('',#2420,(#2425,#2432),.PCURVE_S1.);
#2420 = CIRCLE('',#2421,2.);
#2421 = AXIS2_PLACEMENT_3D('',#2422,#2423,#2424);
#2422 = CARTESIAN_POINT('',(-938.6199967142,-488.9103531366,
    90.065108182052));
#2423 = DIRECTION('',(-2.940346835074E-17,-0.258819045103,
    -0.965925826289));
#2424 = DIRECTION('',(1.,-1.050497185157E-16,-2.292723163573E-18));
#2425 = PCURVE('',#671,#2426);
#2426 = DEFINITIONAL_REPRESENTATION('',(#2427),#2431);
#2427 = LINE('',#2428,#2429);
#2428 = CARTESIAN_POINT('',(6.28318530718,3.14159265359));
#2429 = VECTOR('',#2430,1.);
#2430 = DIRECTION('',(0.,1.));
#2431 = ( GEOMETRIC_REPRESENTATION_CONTEXT(2) 
PARAMETRIC_REPRESENTATION_CONTEXT() REPRESENTATION_CONTEXT('2D SPACE',''
  ) );
#2432 = PCURVE('',#699,#2433);
#2433 = DEFINITIONAL_REPRESENTATION('',(#2434),#2438);
#2434 = LINE('',#2435,#2436);
#2435 = CARTESIAN_POINT('',(0.785398163397,-115.));
#2436 = VECTOR('',#2437,1.);
#2437 = DIRECTION('',(-1.,0.));
#2438 = ( GEOMETRIC_REPRESENTATION_CONTEXT(2) 
PARAMETRIC_REPRESENTATION_CONTEXT() REPRESENTATION_CONTEXT('2D SPACE',''
  ) );
#2439 = ORIENTED_EDGE('',*,*,#650,.T.);
#2440 = ORIENTED_EDGE('',*,*,#1017,.F.);
#2441 = ORIENTED_EDGE('',*,*,#2442,.T.);
#2442 = EDGE_CURVE('',#1018,#2417,#2443,.T.);
#2443 = SURFACE_CURVE('',#2444,(#2449,#2456),.PCURVE_S1.);
#2444 = CIRCLE('',#2445,50.);
#2445 = AXIS2_PLACEMENT_3D('',#2446,#2447,#2448);
#2446 = CARTESIAN_POINT('',(-886.6199967142,-488.9103531366,
    90.065108182052));
#2447 = DIRECTION('',(8.326672684689E-17,0.965925826289,-0.258819045103)
  );
#2448 = DIRECTION('',(-0.707106781187,-0.183012701892,-0.683012701892));
#2449 = PCURVE('',#671,#2450);
#2450 = DEFINITIONAL_REPRESENTATION('',(#2451),#2455);
#2451 = LINE('',#2452,#2453);
#2452 = CARTESIAN_POINT('',(-0.785398163397,3.14159265359));
#2453 = VECTOR('',#2454,1.);
#2454 = DIRECTION('',(1.,2.827159716856E-15));
#2455 = ( GEOMETRIC_REPRESENTATION_CONTEXT(2) 
PARAMETRIC_REPRESENTATION_CONTEXT() REPRESENTATION_CONTEXT('2D SPACE',''
  ) );
#2456 = PCURVE('',#2457,#2462);
#2457 = CYLINDRICAL_SURFACE('',#2458,50.);
#2458 = AXIS2_PLACEMENT_3D('',#2459,#2460,#2461);
#2459 = CARTESIAN_POINT('',(-886.6199967142,-471.5236882634,
    85.406365370207));
#2460 = DIRECTION('',(-1.008768357388E-16,-0.965925826289,0.258819045103
    ));
#2461 = DIRECTION('',(2.63513179075E-15,-0.258819045103,-0.965925826289)
  );
#2462 = DEFINITIONAL_REPRESENTATION('',(#2463),#2467);
#2463 = LINE('',#2464,#2465);
#2464 = CARTESIAN_POINT('',(11.780972450962,18.));
#2465 = VECTOR('',#2466,1.);
#2466 = DIRECTION('',(-1.,0.));
#2467 = ( GEOMETRIC_REPRESENTATION_CONTEXT(2) 
PARAMETRIC_REPRESENTATION_CONTEXT() REPRESENTATION_CONTEXT('2D SPACE',''
  ) );
#2468 = ADVANCED_FACE('',(#2469),#699,.T.);
#2469 = FACE_BOUND('',#2470,.T.);
#2470 = EDGE_LOOP('',(#2471,#2495,#2496,#2497));
#2471 = ORIENTED_EDGE('',*,*,#2472,.T.);
#2472 = EDGE_CURVE('',#2473,#684,#2475,.T.);
#2473 = VERTEX_POINT('',#2474);
#2474 = CARTESIAN_POINT('',(-936.6199967142,-369.8535923895,
    534.39098827502));
#2475 = SURFACE_CURVE('',#2476,(#2481,#2488),.PCURVE_S1.);
#2476 = CIRCLE('',#2477,2.);
#2477 = AXIS2_PLACEMENT_3D('',#2478,#2479,#2480);
#2478 = CARTESIAN_POINT('',(-938.6199967142,-369.8535923895,
    534.39098827502));
#2479 = DIRECTION('',(-2.940346835074E-17,-0.258819045103,
    -0.965925826289));
#2480 = DIRECTION('',(1.,-1.050497185157E-16,-2.292723163573E-18));
#2481 = PCURVE('',#699,#2482);
#2482 = DEFINITIONAL_REPRESENTATION('',(#2483),#2487);
#2483 = LINE('',#2484,#2485);
#2484 = CARTESIAN_POINT('',(0.785398163398,345.));
#2485 = VECTOR('',#2486,1.);
#2486 = DIRECTION('',(-1.,0.));
#2487 = ( GEOMETRIC_REPRESENTATION_CONTEXT(2) 
PARAMETRIC_REPRESENTATION_CONTEXT() REPRESENTATION_CONTEXT('2D SPACE',''
  ) );
#2488 = PCURVE('',#732,#2489);
#2489 = DEFINITIONAL_REPRESENTATION('',(#2490),#2494);
#2490 = LINE('',#2491,#2492);
#2491 = CARTESIAN_POINT('',(0.,3.14159265359));
#2492 = VECTOR('',#2493,1.);
#2493 = DIRECTION('',(0.,1.));
#2494 = ( GEOMETRIC_REPRESENTATION_CONTEXT(2) 
PARAMETRIC_REPRESENTATION_CONTEXT() REPRESENTATION_CONTEXT('2D SPACE',''
  ) );
#2495 = ORIENTED_EDGE('',*,*,#683,.T.);
#2496 = ORIENTED_EDGE('',*,*,#2416,.F.);
#2497 = ORIENTED_EDGE('',*,*,#2498,.T.);
#2498 = EDGE_CURVE('',#2417,#2473,#2499,.T.);
#2499 = SURFACE_CURVE('',#2500,(#2504,#2511),.PCURVE_S1.);
#2500 = LINE('',#2501,#2502);
#2501 = CARTESIAN_POINT('',(-936.6199967142,-459.1461629499,
    201.14657820529));
#2502 = VECTOR('',#2503,1.);
#2503 = DIRECTION('',(-6.713766422536E-17,0.258819045103,0.965925826289)
  );
#2504 = PCURVE('',#699,#2505);
#2505 = DEFINITIONAL_REPRESENTATION('',(#2506),#2510);
#2506 = LINE('',#2507,#2508);
#2507 = CARTESIAN_POINT('',(0.785398163397,-1.42108547152E-14));
#2508 = VECTOR('',#2509,1.);
#2509 = DIRECTION('',(0.,1.));
#2510 = ( GEOMETRIC_REPRESENTATION_CONTEXT(2) 
PARAMETRIC_REPRESENTATION_CONTEXT() REPRESENTATION_CONTEXT('2D SPACE',''
  ) );
#2511 = PCURVE('',#2512,#2517);
#2512 = PLANE('',#2513);
#2513 = AXIS2_PLACEMENT_3D('',#2514,#2515,#2516);
#2514 = CARTESIAN_POINT('',(-936.6199967142,-471.5236882634,
    85.406365370207));
#2515 = DIRECTION('',(1.,-8.006303476922E-17,9.095885009088E-17));
#2516 = DIRECTION('',(-6.713766422536E-17,0.258819045103,0.965925826289)
  );
#2517 = DEFINITIONAL_REPRESENTATION('',(#2518),#2522);
#2518 = LINE('',#2519,#2520);
#2519 = CARTESIAN_POINT('',(115.,18.));
#2520 = VECTOR('',#2521,1.);
#2521 = DIRECTION('',(1.,-5.551115123126E-17));
#2522 = ( GEOMETRIC_REPRESENTATION_CONTEXT(2) 
PARAMETRIC_REPRESENTATION_CONTEXT() REPRESENTATION_CONTEXT('2D SPACE',''
  ) );
#2523 = ADVANCED_FACE('',(#2524),#732,.T.);
#2524 = FACE_BOUND('',#2525,.T.);
#2525 = EDGE_LOOP('',(#2526,#2527,#2528,#2529));
#2526 = ORIENTED_EDGE('',*,*,#771,.T.);
#2527 = ORIENTED_EDGE('',*,*,#711,.T.);
#2528 = ORIENTED_EDGE('',*,*,#2472,.F.);
#2529 = ORIENTED_EDGE('',*,*,#2530,.T.);
#2530 = EDGE_CURVE('',#2473,#772,#2531,.T.);
#2531 = SURFACE_CURVE('',#2532,(#2537,#2544),.PCURVE_S1.);
#2532 = CIRCLE('',#2533,50.);
#2533 = AXIS2_PLACEMENT_3D('',#2534,#2535,#2536);
#2534 = CARTESIAN_POINT('',(-886.6199967142,-369.8535923895,
    534.39098827502));
#2535 = DIRECTION('',(8.326672684689E-17,0.965925826289,-0.258819045103)
  );
#2536 = DIRECTION('',(-0.707106781187,0.183012701892,0.683012701892));
#2537 = PCURVE('',#732,#2538);
#2538 = DEFINITIONAL_REPRESENTATION('',(#2539),#2543);
#2539 = LINE('',#2540,#2541);
#2540 = CARTESIAN_POINT('',(-5.497787143782,3.14159265359));
#2541 = VECTOR('',#2542,1.);
#2542 = DIRECTION('',(1.,-1.809382218788E-14));
#2543 = ( GEOMETRIC_REPRESENTATION_CONTEXT(2) 
PARAMETRIC_REPRESENTATION_CONTEXT() REPRESENTATION_CONTEXT('2D SPACE',''
  ) );
#2544 = PCURVE('',#2545,#2550);
#2545 = CYLINDRICAL_SURFACE('',#2546,50.);
#2546 = AXIS2_PLACEMENT_3D('',#2547,#2548,#2549);
#2547 = CARTESIAN_POINT('',(-886.6199967142,-352.4669275163,
    529.73224546317));
#2548 = DIRECTION('',(-1.008768357388E-16,-0.965925826289,0.258819045103
    ));
#2549 = DIRECTION('',(-1.,-1.248277719518E-16,-8.556217507774E-16));
#2550 = DEFINITIONAL_REPRESENTATION('',(#2551),#2555);
#2551 = LINE('',#2552,#2553);
#2552 = CARTESIAN_POINT('',(11.780972450962,18.));
#2553 = VECTOR('',#2554,1.);
#2554 = DIRECTION('',(-1.,-3.618764437576E-14));
#2555 = ( GEOMETRIC_REPRESENTATION_CONTEXT(2) 
PARAMETRIC_REPRESENTATION_CONTEXT() REPRESENTATION_CONTEXT('2D SPACE',''
  ) );
#2556 = ADVANCED_FACE('',(#2557),#809,.T.);
#2557 = FACE_BOUND('',#2558,.T.);
#2558 = EDGE_LOOP('',(#2559,#2560,#2583,#2609));
#2559 = ORIENTED_EDGE('',*,*,#795,.F.);
#2560 = ORIENTED_EDGE('',*,*,#2561,.F.);
#2561 = EDGE_CURVE('',#2562,#772,#2564,.T.);
#2562 = VERTEX_POINT('',#2563);
#2563 = CARTESIAN_POINT('',(-886.6199967142,-341.4578269137,
    578.54617486783));
#2564 = SURFACE_CURVE('',#2565,(#2569,#2576),.PCURVE_S1.);
#2565 = LINE('',#2566,#2567);
#2566 = CARTESIAN_POINT('',(-886.6199967142,-339.5259752612,
    578.02853677763));
#2567 = VECTOR('',#2568,1.);
#2568 = DIRECTION('',(-1.008768357388E-16,-0.965925826289,0.258819045103
    ));
#2569 = PCURVE('',#809,#2570);
#2570 = DEFINITIONAL_REPRESENTATION('',(#2571),#2575);
#2571 = LINE('',#2572,#2573);
#2572 = CARTESIAN_POINT('',(0.,0.));
#2573 = VECTOR('',#2574,1.);
#2574 = DIRECTION('',(-8.289202480643E-31,1.));
#2575 = ( GEOMETRIC_REPRESENTATION_CONTEXT(2) 
PARAMETRIC_REPRESENTATION_CONTEXT() REPRESENTATION_CONTEXT('2D SPACE',''
  ) );
#2576 = PCURVE('',#2545,#2577);
#2577 = DEFINITIONAL_REPRESENTATION('',(#2578),#2582);
#2578 = LINE('',#2579,#2580);
#2579 = CARTESIAN_POINT('',(4.712388980385,2.173816682216E-13));
#2580 = VECTOR('',#2581,1.);
#2581 = DIRECTION('',(0.,1.));
#2582 = ( GEOMETRIC_REPRESENTATION_CONTEXT(2) 
PARAMETRIC_REPRESENTATION_CONTEXT() REPRESENTATION_CONTEXT('2D SPACE',''
  ) );
#2583 = ORIENTED_EDGE('',*,*,#2584,.F.);
#2584 = EDGE_CURVE('',#826,#2562,#2585,.T.);
#2585 = SURFACE_CURVE('',#2586,(#2590,#2597),.PCURVE_S1.);
#2586 = LINE('',#2587,#2588);
#2587 = CARTESIAN_POINT('',(-721.6199967142,-341.4578269137,
    578.54617486783));
#2588 = VECTOR('',#2589,1.);
#2589 = DIRECTION('',(-1.,1.224646799147E-16,6.728624391668E-17));
#2590 = PCURVE('',#809,#2591);
#2591 = DEFINITIONAL_REPRESENTATION('',(#2592),#2596);
#2592 = LINE('',#2593,#2594);
#2593 = CARTESIAN_POINT('',(165.,2.));
#2594 = VECTOR('',#2595,1.);
#2595 = DIRECTION('',(-1.,-2.157041537714E-32));
#2596 = ( GEOMETRIC_REPRESENTATION_CONTEXT(2) 
PARAMETRIC_REPRESENTATION_CONTEXT() REPRESENTATION_CONTEXT('2D SPACE',''
  ) );
#2597 = PCURVE('',#2598,#2603);
#2598 = CYLINDRICAL_SURFACE('',#2599,2.);
#2599 = AXIS2_PLACEMENT_3D('',#2600,#2601,#2602);
#2600 = CARTESIAN_POINT('',(-721.6199967142,-340.9401888235,
    580.47802652041));
#2601 = DIRECTION('',(-1.,1.224646799147E-16,6.728624391668E-17));
#2602 = DIRECTION('',(2.960743400288E-18,0.5,-0.866025403784));
#2603 = DEFINITIONAL_REPRESENTATION('',(#2604),#2608);
#2604 = LINE('',#2605,#2606);
#2605 = CARTESIAN_POINT('',(7.068583470577,0.));
#2606 = VECTOR('',#2607,1.);
#2607 = DIRECTION('',(0.,1.));
#2608 = ( GEOMETRIC_REPRESENTATION_CONTEXT(2) 
PARAMETRIC_REPRESENTATION_CONTEXT() REPRESENTATION_CONTEXT('2D SPACE',''
  ) );
#2609 = ORIENTED_EDGE('',*,*,#854,.T.);
#2610 = ADVANCED_FACE('',(#2611),#842,.T.);
#2611 = FACE_BOUND('',#2612,.T.);
#2612 = EDGE_LOOP('',(#2613,#2637,#2659,#2660));
#2613 = ORIENTED_EDGE('',*,*,#2614,.T.);
#2614 = EDGE_CURVE('',#826,#2615,#2617,.T.);
#2615 = VERTEX_POINT('',#2616);
#2616 = CARTESIAN_POINT('',(-226.6199967142,-339.0083371709,
    579.96038843021));
#2617 = SURFACE_CURVE('',#2618,(#2623,#2630),.PCURVE_S1.);
#2618 = CIRCLE('',#2619,2.);
#2619 = AXIS2_PLACEMENT_3D('',#2620,#2621,#2622);
#2620 = CARTESIAN_POINT('',(-226.6199967142,-340.9401888235,
    580.47802652041));
#2621 = DIRECTION('',(1.,-5.851986980202E-15,-2.145015457169E-14));
#2622 = DIRECTION('',(-2.223386396085E-14,-0.258819045103,
    -0.965925826289));
#2623 = PCURVE('',#842,#2624);
#2624 = DEFINITIONAL_REPRESENTATION('',(#2625),#2629);
#2625 = LINE('',#2626,#2627);
#2626 = CARTESIAN_POINT('',(1.570796326795,3.14159265359));
#2627 = VECTOR('',#2628,1.);
#2628 = DIRECTION('',(-7.06789929214E-16,1.));
#2629 = ( GEOMETRIC_REPRESENTATION_CONTEXT(2) 
PARAMETRIC_REPRESENTATION_CONTEXT() REPRESENTATION_CONTEXT('2D SPACE',''
  ) );
#2630 = PCURVE('',#2598,#2631);
#2631 = DEFINITIONAL_REPRESENTATION('',(#2632),#2636);
#2632 = LINE('',#2633,#2634);
#2633 = CARTESIAN_POINT('',(7.068583470577,-495.));
#2634 = VECTOR('',#2635,1.);
#2635 = DIRECTION('',(-1.,-7.237528875153E-14));
#2636 = ( GEOMETRIC_REPRESENTATION_CONTEXT(2) 
PARAMETRIC_REPRESENTATION_CONTEXT() REPRESENTATION_CONTEXT('2D SPACE',''
  ) );
#2637 = ORIENTED_EDGE('',*,*,#2638,.T.);
#2638 = EDGE_CURVE('',#2615,#880,#2639,.T.);
#2639 = SURFACE_CURVE('',#2640,(#2645,#2652),.PCURVE_S1.);
#2640 = CIRCLE('',#2641,52.);
#2641 = AXIS2_PLACEMENT_3D('',#2642,#2643,#2644);
#2642 = CARTESIAN_POINT('',(-226.6199967142,-352.4669275163,
    529.73224546317));
#2643 = DIRECTION('',(8.326672684689E-17,0.965925826289,-0.258819045103)
  );
#2644 = DIRECTION('',(0.707106781187,0.183012701892,0.683012701892));
#2645 = PCURVE('',#842,#2646);
#2646 = DEFINITIONAL_REPRESENTATION('',(#2647),#2651);
#2647 = LINE('',#2648,#2649);
#2648 = CARTESIAN_POINT('',(7.068583470577,4.712388980385));
#2649 = VECTOR('',#2650,1.);
#2650 = DIRECTION('',(-1.,-9.046911093941E-15));
#2651 = ( GEOMETRIC_REPRESENTATION_CONTEXT(2) 
PARAMETRIC_REPRESENTATION_CONTEXT() REPRESENTATION_CONTEXT('2D SPACE',''
  ) );
#2652 = PCURVE('',#919,#2653);
#2653 = DEFINITIONAL_REPRESENTATION('',(#2654),#2658);
#2654 = CIRCLE('',#2655,52.);
#2655 = AXIS2_PLACEMENT_2D('',#2656,#2657);
#2656 = CARTESIAN_POINT('',(-330.,230.));
#2657 = DIRECTION('',(-0.707106781187,0.707106781187));
#2658 = ( GEOMETRIC_REPRESENTATION_CONTEXT(2) 
PARAMETRIC_REPRESENTATION_CONTEXT() REPRESENTATION_CONTEXT('2D SPACE',''
  ) );
#2659 = ORIENTED_EDGE('',*,*,#879,.F.);
#2660 = ORIENTED_EDGE('',*,*,#825,.T.);
#2661 = ADVANCED_FACE('',(#2662,#2908),#919,.T.);
#2662 = FACE_BOUND('',#2663,.T.);
#2663 = EDGE_LOOP('',(#2664,#2699,#2727,#2760,#2788,#2821,#2849,#2882));
#2664 = ORIENTED_EDGE('',*,*,#2665,.F.);
#2665 = EDGE_CURVE('',#2666,#2668,#2670,.T.);
#2666 = VERTEX_POINT('',#2667);
#2667 = CARTESIAN_POINT('',(-173.6199967142,-352.4669275163,
    529.73224546317));
#2668 = VERTEX_POINT('',#2669);
#2669 = CARTESIAN_POINT('',(-226.6199967142,-338.7495181258,
    580.92631425649));
#2670 = SURFACE_CURVE('',#2671,(#2676,#2687),.PCURVE_S1.);
#2671 = CIRCLE('',#2672,53.);
#2672 = AXIS2_PLACEMENT_3D('',#2673,#2674,#2675);
#2673 = CARTESIAN_POINT('',(-226.6199967142,-352.4669275163,
    529.73224546317));
#2674 = DIRECTION('',(-8.326672684689E-17,-0.965925826289,0.258819045103
    ));
#2675 = DIRECTION('',(0.707106781187,0.183012701892,0.683012701892));
#2676 = PCURVE('',#919,#2677);
#2677 = DEFINITIONAL_REPRESENTATION('',(#2678),#2686);
#2678 = ( BOUNDED_CURVE() B_SPLINE_CURVE(2,(#2679,#2680,#2681,#2682,
#2683,#2684,#2685),.UNSPECIFIED.,.T.,.F.) B_SPLINE_CURVE_WITH_KNOTS((1,2
    ,2,2,2,1),(-2.094395102393,0.,2.094395102393,4.188790204786,
6.28318530718,8.377580409573),.UNSPECIFIED.) CURVE() 
GEOMETRIC_REPRESENTATION_ITEM() RATIONAL_B_SPLINE_CURVE((1.,0.5,1.,0.5,
1.,0.5,1.)) REPRESENTATION_ITEM('') );
#2679 = CARTESIAN_POINT('',(-367.4766594028,267.47665940288));
#2680 = CARTESIAN_POINT('',(-302.5651812191,332.38813758664));
#2681 = CARTESIAN_POINT('',(-278.8059312066,243.71740939043));
#2682 = CARTESIAN_POINT('',(-255.0466811942,155.04668119422));
#2683 = CARTESIAN_POINT('',(-343.7174093904,178.80593120668));
#2684 = CARTESIAN_POINT('',(-432.3881375866,202.56518121913));
#2685 = CARTESIAN_POINT('',(-367.4766594028,267.47665940288));
#2686 = ( GEOMETRIC_REPRESENTATION_CONTEXT(2) 
PARAMETRIC_REPRESENTATION_CONTEXT() REPRESENTATION_CONTEXT('2D SPACE',''
  ) );
#2687 = PCURVE('',#2688,#2693);
#2688 = TOROIDAL_SURFACE('',#2689,53.,10.);
#2689 = AXIS2_PLACEMENT_3D('',#2690,#2691,#2692);
#2690 = CARTESIAN_POINT('',(-226.6199967142,-362.1261857792,
    532.3204359142));
#2691 = DIRECTION('',(1.008768357388E-16,0.965925826289,-0.258819045103)
  );
#2692 = DIRECTION('',(-1.,9.743954091444E-17,-2.610884629888E-17));
#2693 = DEFINITIONAL_REPRESENTATION('',(#2694),#2698);
#2694 = LINE('',#2695,#2696);
#2695 = CARTESIAN_POINT('',(8.639379797372,1.570796326795));
#2696 = VECTOR('',#2697,1.);
#2697 = DIRECTION('',(-1.,-1.993147600384E-14));
#2698 = ( GEOMETRIC_REPRESENTATION_CONTEXT(2) 
PARAMETRIC_REPRESENTATION_CONTEXT() REPRESENTATION_CONTEXT('2D SPACE',''
  ) );
#2699 = ORIENTED_EDGE('',*,*,#2700,.F.);
#2700 = EDGE_CURVE('',#2701,#2666,#2703,.T.);
#2701 = VERTEX_POINT('',#2702);
#2702 = CARTESIAN_POINT('',(-173.6199967142,-471.5236882634,
    85.406365370207));
#2703 = SURFACE_CURVE('',#2704,(#2708,#2715),.PCURVE_S1.);
#2704 = LINE('',#2705,#2706);
#2705 = CARTESIAN_POINT('',(-173.6199967142,-441.7594980767,
    196.48783539345));
#2706 = VECTOR('',#2707,1.);
#2707 = DIRECTION('',(2.940346835074E-17,0.258819045103,0.965925826289)
  );
#2708 = PCURVE('',#919,#2709);
#2709 = DEFINITIONAL_REPRESENTATION('',(#2710),#2714);
#2710 = LINE('',#2711,#2712);
#2711 = CARTESIAN_POINT('',(-383.,-114.9999999999));
#2712 = VECTOR('',#2713,1.);
#2713 = DIRECTION('',(-5.46964104206E-32,1.));
#2714 = ( GEOMETRIC_REPRESENTATION_CONTEXT(2) 
PARAMETRIC_REPRESENTATION_CONTEXT() REPRESENTATION_CONTEXT('2D SPACE',''
  ) );
#2715 = PCURVE('',#2716,#2721);
#2716 = CYLINDRICAL_SURFACE('',#2717,10.);
#2717 = AXIS2_PLACEMENT_3D('',#2718,#2719,#2720);
#2718 = CARTESIAN_POINT('',(-173.6199967142,-451.4187563395,
    199.07602584447));
#2719 = DIRECTION('',(-2.940346835074E-17,-0.258819045103,
    -0.965925826289));
#2720 = DIRECTION('',(0.707106781187,0.683012701892,-0.183012701892));
#2721 = DEFINITIONAL_REPRESENTATION('',(#2722),#2726);
#2722 = LINE('',#2723,#2724);
#2723 = CARTESIAN_POINT('',(-0.785398163397,-3.126388037344E-13));
#2724 = VECTOR('',#2725,1.);
#2725 = DIRECTION('',(0.,-1.));
#2726 = ( GEOMETRIC_REPRESENTATION_CONTEXT(2) 
PARAMETRIC_REPRESENTATION_CONTEXT() REPRESENTATION_CONTEXT('2D SPACE',''
  ) );
#2727 = ORIENTED_EDGE('',*,*,#2728,.F.);
#2728 = EDGE_CURVE('',#2729,#2701,#2731,.T.);
#2729 = VERTEX_POINT('',#2730);
#2730 = CARTESIAN_POINT('',(-226.6199967142,-485.2410976539,
    34.212296576886));
#2731 = SURFACE_CURVE('',#2732,(#2737,#2748),.PCURVE_S1.);
#2732 = CIRCLE('',#2733,53.);
#2733 = AXIS2_PLACEMENT_3D('',#2734,#2735,#2736);
#2734 = CARTESIAN_POINT('',(-226.6199967142,-471.5236882634,
    85.406365370207));
#2735 = DIRECTION('',(-5.551115123126E-17,-0.965925826289,0.258819045103
    ));
#2736 = DIRECTION('',(0.707106781187,-0.183012701892,-0.683012701892));
#2737 = PCURVE('',#919,#2738);
#2738 = DEFINITIONAL_REPRESENTATION('',(#2739),#2747);
#2739 = ( BOUNDED_CURVE() B_SPLINE_CURVE(2,(#2740,#2741,#2742,#2743,
#2744,#2745,#2746),.UNSPECIFIED.,.T.,.F.) B_SPLINE_CURVE_WITH_KNOTS((1,2
    ,2,2,2,1),(-2.094395102393,0.,2.094395102393,4.188790204786,
6.28318530718,8.377580409573),.UNSPECIFIED.) CURVE() 
GEOMETRIC_REPRESENTATION_ITEM() RATIONAL_B_SPLINE_CURVE((1.,0.5,1.,0.5,
1.,0.5,1.)) REPRESENTATION_ITEM('') );
#2740 = CARTESIAN_POINT('',(-367.4766594028,-267.4766594028));
#2741 = CARTESIAN_POINT('',(-432.3881375866,-202.5651812191));
#2742 = CARTESIAN_POINT('',(-343.7174093904,-178.8059312066));
#2743 = CARTESIAN_POINT('',(-255.0466811942,-155.0466811942));
#2744 = CARTESIAN_POINT('',(-278.8059312066,-243.7174093904));
#2745 = CARTESIAN_POINT('',(-302.5651812191,-332.3881375866));
#2746 = CARTESIAN_POINT('',(-367.4766594028,-267.4766594028));
#2747 = ( GEOMETRIC_REPRESENTATION_CONTEXT(2) 
PARAMETRIC_REPRESENTATION_CONTEXT() REPRESENTATION_CONTEXT('2D SPACE',''
  ) );
#2748 = PCURVE('',#2749,#2754);
#2749 = TOROIDAL_SURFACE('',#2750,53.,10.);
#2750 = AXIS2_PLACEMENT_3D('',#2751,#2752,#2753);
#2751 = CARTESIAN_POINT('',(-226.6199967142,-481.1829465263,
    87.994555821232));
#2752 = DIRECTION('',(1.008768357388E-16,0.965925826289,-0.258819045103)
  );
#2753 = DIRECTION('',(-1.,9.743954091444E-17,-2.610884629888E-17));
#2754 = DEFINITIONAL_REPRESENTATION('',(#2755),#2759);
#2755 = LINE('',#2756,#2757);
#2756 = CARTESIAN_POINT('',(10.210176124167,1.570796326795));
#2757 = VECTOR('',#2758,1.);
#2758 = DIRECTION('',(-1.,-6.361109362927E-15));
#2759 = ( GEOMETRIC_REPRESENTATION_CONTEXT(2) 
PARAMETRIC_REPRESENTATION_CONTEXT() REPRESENTATION_CONTEXT('2D SPACE',''
  ) );
#2760 = ORIENTED_EDGE('',*,*,#2761,.F.);
#2761 = EDGE_CURVE('',#2762,#2729,#2764,.T.);
#2762 = VERTEX_POINT('',#2763);
#2763 = CARTESIAN_POINT('',(-886.6199967142,-485.2410976539,
    34.212296576886));
#2764 = SURFACE_CURVE('',#2765,(#2769,#2776),.PCURVE_S1.);
#2765 = LINE('',#2766,#2767);
#2766 = CARTESIAN_POINT('',(-721.6199967142,-485.2410976539,
    34.212296576886));
#2767 = VECTOR('',#2768,1.);
#2768 = DIRECTION('',(1.,-1.224646799147E-16,-6.728624391668E-17));
#2769 = PCURVE('',#919,#2770);
#2770 = DEFINITIONAL_REPRESENTATION('',(#2771),#2775);
#2771 = LINE('',#2772,#2773);
#2772 = CARTESIAN_POINT('',(165.,-283.));
#2773 = VECTOR('',#2774,1.);
#2774 = DIRECTION('',(-1.,-6.728624391668E-17));
#2775 = ( GEOMETRIC_REPRESENTATION_CONTEXT(2) 
PARAMETRIC_REPRESENTATION_CONTEXT() REPRESENTATION_CONTEXT('2D SPACE',''
  ) );
#2776 = PCURVE('',#2777,#2782);
#2777 = CYLINDRICAL_SURFACE('',#2778,10.);
#2778 = AXIS2_PLACEMENT_3D('',#2779,#2780,#2781);
#2779 = CARTESIAN_POINT('',(-721.6199967142,-494.9003559168,
    36.800487027911));
#2780 = DIRECTION('',(-1.,1.224646799147E-16,6.728624391668E-17));
#2781 = DIRECTION('',(2.96074340029E-18,0.5,-0.866025403784));
#2782 = DEFINITIONAL_REPRESENTATION('',(#2783),#2787);
#2783 = LINE('',#2784,#2785);
#2784 = CARTESIAN_POINT('',(-0.785398163397,0.));
#2785 = VECTOR('',#2786,1.);
#2786 = DIRECTION('',(0.,-1.));
#2787 = ( GEOMETRIC_REPRESENTATION_CONTEXT(2) 
PARAMETRIC_REPRESENTATION_CONTEXT() REPRESENTATION_CONTEXT('2D SPACE',''
  ) );
#2788 = ORIENTED_EDGE('',*,*,#2789,.F.);
#2789 = EDGE_CURVE('',#2790,#2762,#2792,.T.);
#2790 = VERTEX_POINT('',#2791);
#2791 = CARTESIAN_POINT('',(-939.6199967142,-471.5236882634,
    85.406365370207));
#2792 = SURFACE_CURVE('',#2793,(#2798,#2809),.PCURVE_S1.);
#2793 = CIRCLE('',#2794,53.);
#2794 = AXIS2_PLACEMENT_3D('',#2795,#2796,#2797);
#2795 = CARTESIAN_POINT('',(-886.6199967142,-471.5236882634,
    85.406365370207));
#2796 = DIRECTION('',(-8.326672684689E-17,-0.965925826289,0.258819045103
    ));
#2797 = DIRECTION('',(-0.707106781187,-0.183012701892,-0.683012701892));
#2798 = PCURVE('',#919,#2799);
#2799 = DEFINITIONAL_REPRESENTATION('',(#2800),#2808);
#2800 = ( BOUNDED_CURVE() B_SPLINE_CURVE(2,(#2801,#2802,#2803,#2804,
#2805,#2806,#2807),.UNSPECIFIED.,.T.,.F.) B_SPLINE_CURVE_WITH_KNOTS((1,2
    ,2,2,2,1),(-2.094395102393,0.,2.094395102393,4.188790204786,
6.28318530718,8.377580409573),.UNSPECIFIED.) CURVE() 
GEOMETRIC_REPRESENTATION_ITEM() RATIONAL_B_SPLINE_CURVE((1.,0.5,1.,0.5,
1.,0.5,1.)) REPRESENTATION_ITEM('') );
#2801 = CARTESIAN_POINT('',(367.47665940288,-267.4766594028));
#2802 = CARTESIAN_POINT('',(302.56518121913,-332.3881375866));
#2803 = CARTESIAN_POINT('',(278.80593120667,-243.7174093904));
#2804 = CARTESIAN_POINT('',(255.04668119422,-155.0466811942));
#2805 = CARTESIAN_POINT('',(343.71740939043,-178.8059312066));
#2806 = CARTESIAN_POINT('',(432.38813758664,-202.5651812191));
#2807 = CARTESIAN_POINT('',(367.47665940288,-267.4766594028));
#2808 = ( GEOMETRIC_REPRESENTATION_CONTEXT(2) 
PARAMETRIC_REPRESENTATION_CONTEXT() REPRESENTATION_CONTEXT('2D SPACE',''
  ) );
#2809 = PCURVE('',#2810,#2815);
#2810 = TOROIDAL_SURFACE('',#2811,53.,10.);
#2811 = AXIS2_PLACEMENT_3D('',#2812,#2813,#2814);
#2812 = CARTESIAN_POINT('',(-886.6199967142,-481.1829465263,
    87.994555821232));
#2813 = DIRECTION('',(1.008768357388E-16,0.965925826289,-0.258819045103)
  );
#2814 = DIRECTION('',(-1.,9.743954091444E-17,-2.610884629888E-17));
#2815 = DEFINITIONAL_REPRESENTATION('',(#2816),#2820);
#2816 = LINE('',#2817,#2818);
#2817 = CARTESIAN_POINT('',(11.780972450962,1.570796326795));
#2818 = VECTOR('',#2819,1.);
#2819 = DIRECTION('',(-1.,5.088887490342E-15));
#2820 = ( GEOMETRIC_REPRESENTATION_CONTEXT(2) 
PARAMETRIC_REPRESENTATION_CONTEXT() REPRESENTATION_CONTEXT('2D SPACE',''
  ) );
#2821 = ORIENTED_EDGE('',*,*,#2822,.F.);
#2822 = EDGE_CURVE('',#2823,#2790,#2825,.T.);
#2823 = VERTEX_POINT('',#2824);
#2824 = CARTESIAN_POINT('',(-939.6199967142,-352.4669275163,
    529.73224546317));
#2825 = SURFACE_CURVE('',#2826,(#2830,#2837),.PCURVE_S1.);
#2826 = LINE('',#2827,#2828);
#2827 = CARTESIAN_POINT('',(-939.6199967142,-382.2311177031,
    418.65077543993));
#2828 = VECTOR('',#2829,1.);
#2829 = DIRECTION('',(6.713766422536E-17,-0.258819045103,-0.965925826289
    ));
#2830 = PCURVE('',#919,#2831);
#2831 = DEFINITIONAL_REPRESENTATION('',(#2832),#2836);
#2832 = LINE('',#2833,#2834);
#2833 = CARTESIAN_POINT('',(383.,115.));
#2834 = VECTOR('',#2835,1.);
#2835 = DIRECTION('',(-9.65411325761E-17,-1.));
#2836 = ( GEOMETRIC_REPRESENTATION_CONTEXT(2) 
PARAMETRIC_REPRESENTATION_CONTEXT() REPRESENTATION_CONTEXT('2D SPACE',''
  ) );
#2837 = PCURVE('',#2838,#2843);
#2838 = CYLINDRICAL_SURFACE('',#2839,10.);
#2839 = AXIS2_PLACEMENT_3D('',#2840,#2841,#2842);
#2840 = CARTESIAN_POINT('',(-939.6199967142,-391.890375966,
    421.23896589096));
#2841 = DIRECTION('',(-6.713766422536E-17,0.258819045103,0.965925826289)
  );
#2842 = DIRECTION('',(-0.707106781187,0.683012701892,-0.183012701892));
#2843 = DEFINITIONAL_REPRESENTATION('',(#2844),#2848);
#2844 = LINE('',#2845,#2846);
#2845 = CARTESIAN_POINT('',(-0.785398163397,2.415845301584E-13));
#2846 = VECTOR('',#2847,1.);
#2847 = DIRECTION('',(-9.65411325761E-18,-1.));
#2848 = ( GEOMETRIC_REPRESENTATION_CONTEXT(2) 
PARAMETRIC_REPRESENTATION_CONTEXT() REPRESENTATION_CONTEXT('2D SPACE',''
  ) );
#2849 = ORIENTED_EDGE('',*,*,#2850,.F.);
#2850 = EDGE_CURVE('',#2851,#2823,#2853,.T.);
#2851 = VERTEX_POINT('',#2852);
#2852 = CARTESIAN_POINT('',(-886.6199967142,-338.7495181258,
    580.92631425649));
#2853 = SURFACE_CURVE('',#2854,(#2859,#2870),.PCURVE_S1.);
#2854 = CIRCLE('',#2855,53.);
#2855 = AXIS2_PLACEMENT_3D('',#2856,#2857,#2858);
#2856 = CARTESIAN_POINT('',(-886.6199967142,-352.4669275163,
    529.73224546317));
#2857 = DIRECTION('',(-8.326672684689E-17,-0.965925826289,0.258819045103
    ));
#2858 = DIRECTION('',(-0.707106781187,0.183012701892,0.683012701892));
#2859 = PCURVE('',#919,#2860);
#2860 = DEFINITIONAL_REPRESENTATION('',(#2861),#2869);
#2861 = ( BOUNDED_CURVE() B_SPLINE_CURVE(2,(#2862,#2863,#2864,#2865,
#2866,#2867,#2868),.UNSPECIFIED.,.T.,.F.) B_SPLINE_CURVE_WITH_KNOTS((1,2
    ,2,2,2,1),(-2.094395102393,0.,2.094395102393,4.188790204786,
6.28318530718,8.377580409573),.UNSPECIFIED.) CURVE() 
GEOMETRIC_REPRESENTATION_ITEM() RATIONAL_B_SPLINE_CURVE((1.,0.5,1.,0.5,
1.,0.5,1.)) REPRESENTATION_ITEM('') );
#2862 = CARTESIAN_POINT('',(367.47665940288,267.47665940288));
#2863 = CARTESIAN_POINT('',(432.38813758664,202.56518121913));
#2864 = CARTESIAN_POINT('',(343.71740939043,178.80593120668));
#2865 = CARTESIAN_POINT('',(255.04668119422,155.04668119422));
#2866 = CARTESIAN_POINT('',(278.80593120667,243.71740939043));
#2867 = CARTESIAN_POINT('',(302.56518121913,332.38813758664));
#2868 = CARTESIAN_POINT('',(367.47665940288,267.47665940288));
#2869 = ( GEOMETRIC_REPRESENTATION_CONTEXT(2) 
PARAMETRIC_REPRESENTATION_CONTEXT() REPRESENTATION_CONTEXT('2D SPACE',''
  ) );
#2870 = PCURVE('',#2871,#2876);
#2871 = TOROIDAL_SURFACE('',#2872,53.,10.);
#2872 = AXIS2_PLACEMENT_3D('',#2873,#2874,#2875);
#2873 = CARTESIAN_POINT('',(-886.6199967142,-362.1261857792,
    532.3204359142));
#2874 = DIRECTION('',(1.008768357388E-16,0.965925826289,-0.258819045103)
  );
#2875 = DIRECTION('',(-1.,9.743954091444E-17,-2.610884629888E-17));
#2876 = DEFINITIONAL_REPRESENTATION('',(#2877),#2881);
#2877 = LINE('',#2878,#2879);
#2878 = CARTESIAN_POINT('',(7.068583470577,1.570796326795));
#2879 = VECTOR('',#2880,1.);
#2880 = DIRECTION('',(-1.,-4.353825963959E-14));
#2881 = ( GEOMETRIC_REPRESENTATION_CONTEXT(2) 
PARAMETRIC_REPRESENTATION_CONTEXT() REPRESENTATION_CONTEXT('2D SPACE',''
  ) );
#2882 = ORIENTED_EDGE('',*,*,#2883,.F.);
#2883 = EDGE_CURVE('',#2668,#2851,#2884,.T.);
#2884 = SURFACE_CURVE('',#2885,(#2889,#2896),.PCURVE_S1.);
#2885 = LINE('',#2886,#2887);
#2886 = CARTESIAN_POINT('',(-391.6199967142,-338.7495181258,
    580.92631425649));
#2887 = VECTOR('',#2888,1.);
#2888 = DIRECTION('',(-1.,1.224646799147E-16,6.728624391668E-17));
#2889 = PCURVE('',#919,#2890);
#2890 = DEFINITIONAL_REPRESENTATION('',(#2891),#2895);
#2891 = LINE('',#2892,#2893);
#2892 = CARTESIAN_POINT('',(-165.,283.));
#2893 = VECTOR('',#2894,1.);
#2894 = DIRECTION('',(1.,6.728624391668E-17));
#2895 = ( GEOMETRIC_REPRESENTATION_CONTEXT(2) 
PARAMETRIC_REPRESENTATION_CONTEXT() REPRESENTATION_CONTEXT('2D SPACE',''
  ) );
#2896 = PCURVE('',#2897,#2902);
#2897 = CYLINDRICAL_SURFACE('',#2898,10.);
#2898 = AXIS2_PLACEMENT_3D('',#2899,#2900,#2901);
#2899 = CARTESIAN_POINT('',(-391.6199967142,-348.4087763887,
    583.51450470752));
#2900 = DIRECTION('',(1.,-1.224646799147E-16,-6.728624391668E-17));
#2901 = DIRECTION('',(1.397006458308E-16,0.866025403784,0.5));
#2902 = DEFINITIONAL_REPRESENTATION('',(#2903),#2907);
#2903 = LINE('',#2904,#2905);
#2904 = CARTESIAN_POINT('',(-0.785398163397,0.));
#2905 = VECTOR('',#2906,1.);
#2906 = DIRECTION('',(0.,-1.));
#2907 = ( GEOMETRIC_REPRESENTATION_CONTEXT(2) 
PARAMETRIC_REPRESENTATION_CONTEXT() REPRESENTATION_CONTEXT('2D SPACE',''
  ) );
#2908 = FACE_BOUND('',#2909,.T.);
#2909 = EDGE_LOOP('',(#2910,#2940,#2969,#2997,#3019,#3020,#3021,#3044));
#2910 = ORIENTED_EDGE('',*,*,#2911,.F.);
#2911 = EDGE_CURVE('',#2912,#2914,#2916,.T.);
#2912 = VERTEX_POINT('',#2913);
#2913 = CARTESIAN_POINT('',(-938.6199967142,-471.5236882634,
    85.406365370207));
#2914 = VERTEX_POINT('',#2915);
#2915 = CARTESIAN_POINT('',(-938.6199967142,-352.4669275163,
    529.73224546317));
#2916 = SURFACE_CURVE('',#2917,(#2921,#2928),.PCURVE_S1.);
#2917 = LINE('',#2918,#2919);
#2918 = CARTESIAN_POINT('',(-938.6199967142,-441.7594980767,
    196.48783539345));
#2919 = VECTOR('',#2920,1.);
#2920 = DIRECTION('',(-6.713766422536E-17,0.258819045103,0.965925826289)
  );
#2921 = PCURVE('',#919,#2922);
#2922 = DEFINITIONAL_REPRESENTATION('',(#2923),#2927);
#2923 = LINE('',#2924,#2925);
#2924 = CARTESIAN_POINT('',(382.,-114.9999999999));
#2925 = VECTOR('',#2926,1.);
#2926 = DIRECTION('',(9.65411325761E-17,1.));
#2927 = ( GEOMETRIC_REPRESENTATION_CONTEXT(2) 
PARAMETRIC_REPRESENTATION_CONTEXT() REPRESENTATION_CONTEXT('2D SPACE',''
  ) );
#2928 = PCURVE('',#2929,#2934);
#2929 = CYLINDRICAL_SURFACE('',#2930,2.);
#2930 = AXIS2_PLACEMENT_3D('',#2931,#2932,#2933);
#2931 = CARTESIAN_POINT('',(-938.6199967142,-443.6913497292,
    197.00547348365));
#2932 = DIRECTION('',(6.713766422536E-17,-0.258819045103,-0.965925826289
    ));
#2933 = DIRECTION('',(0.707106781187,0.683012701892,-0.183012701892));
#2934 = DEFINITIONAL_REPRESENTATION('',(#2935),#2939);
#2935 = LINE('',#2936,#2937);
#2936 = CARTESIAN_POINT('',(5.497787143782,-2.84217094304E-14));
#2937 = VECTOR('',#2938,1.);
#2938 = DIRECTION('',(4.440892098501E-17,-1.));
#2939 = ( GEOMETRIC_REPRESENTATION_CONTEXT(2) 
PARAMETRIC_REPRESENTATION_CONTEXT() REPRESENTATION_CONTEXT('2D SPACE',''
  ) );
#2940 = ORIENTED_EDGE('',*,*,#2941,.F.);
#2941 = EDGE_CURVE('',#2942,#2912,#2944,.T.);
#2942 = VERTEX_POINT('',#2943);
#2943 = CARTESIAN_POINT('',(-886.6199967142,-484.9822786088,
    35.178222403175));
#2944 = SURFACE_CURVE('',#2945,(#2950,#2957),.PCURVE_S1.);
#2945 = CIRCLE('',#2946,52.);
#2946 = AXIS2_PLACEMENT_3D('',#2947,#2948,#2949);
#2947 = CARTESIAN_POINT('',(-886.6199967142,-471.5236882634,
    85.406365370207));
#2948 = DIRECTION('',(8.326672684689E-17,0.965925826289,-0.258819045103)
  );
#2949 = DIRECTION('',(-0.707106781187,-0.183012701892,-0.683012701892));
#2950 = PCURVE('',#919,#2951);
#2951 = DEFINITIONAL_REPRESENTATION('',(#2952),#2956);
#2952 = CIRCLE('',#2953,52.);
#2953 = AXIS2_PLACEMENT_2D('',#2954,#2955);
#2954 = CARTESIAN_POINT('',(330.,-230.));
#2955 = DIRECTION('',(0.707106781187,-0.707106781187));
#2956 = ( GEOMETRIC_REPRESENTATION_CONTEXT(2) 
PARAMETRIC_REPRESENTATION_CONTEXT() REPRESENTATION_CONTEXT('2D SPACE',''
  ) );
#2957 = PCURVE('',#2958,#2963);
#2958 = TOROIDAL_SURFACE('',#2959,52.,2.);
#2959 = AXIS2_PLACEMENT_3D('',#2960,#2961,#2962);
#2960 = CARTESIAN_POINT('',(-886.6199967142,-473.455539916,
    85.924003460412));
#2961 = DIRECTION('',(-1.008768357388E-16,-0.965925826289,0.258819045103
    ));
#2962 = DIRECTION('',(1.,-9.743954091444E-17,2.610884629888E-17));
#2963 = DEFINITIONAL_REPRESENTATION('',(#2964),#2968);
#2964 = LINE('',#2965,#2966);
#2965 = CARTESIAN_POINT('',(10.210176124167,4.712388980385));
#2966 = VECTOR('',#2967,1.);
#2967 = DIRECTION('',(-1.,-3.166418882879E-14));
#2968 = ( GEOMETRIC_REPRESENTATION_CONTEXT(2) 
PARAMETRIC_REPRESENTATION_CONTEXT() REPRESENTATION_CONTEXT('2D SPACE',''
  ) );
#2969 = ORIENTED_EDGE('',*,*,#2970,.F.);
#2970 = EDGE_CURVE('',#2971,#2942,#2973,.T.);
#2971 = VERTEX_POINT('',#2972);
#2972 = CARTESIAN_POINT('',(-226.6199967142,-484.9822786088,
    35.178222403175));
#2973 = SURFACE_CURVE('',#2974,(#2978,#2985),.PCURVE_S1.);
#2974 = LINE('',#2975,#2976);
#2975 = CARTESIAN_POINT('',(-391.6199967142,-484.9822786088,
    35.178222403175));
#2976 = VECTOR('',#2977,1.);
#2977 = DIRECTION('',(-1.,1.224646799147E-16,6.728624391668E-17));
#2978 = PCURVE('',#919,#2979);
#2979 = DEFINITIONAL_REPRESENTATION('',(#2980),#2984);
#2980 = LINE('',#2981,#2982);
#2981 = CARTESIAN_POINT('',(-165.,-282.));
#2982 = VECTOR('',#2983,1.);
#2983 = DIRECTION('',(1.,6.728624391668E-17));
#2984 = ( GEOMETRIC_REPRESENTATION_CONTEXT(2) 
PARAMETRIC_REPRESENTATION_CONTEXT() REPRESENTATION_CONTEXT('2D SPACE',''
  ) );
#2985 = PCURVE('',#2986,#2991);
#2986 = CYLINDRICAL_SURFACE('',#2987,2.);
#2987 = AXIS2_PLACEMENT_3D('',#2988,#2989,#2990);
#2988 = CARTESIAN_POINT('',(-391.6199967142,-486.9141302613,
    35.69586049338));
#2989 = DIRECTION('',(1.,-1.224646799147E-16,-6.728624391668E-17));
#2990 = DIRECTION('',(1.397006458308E-16,0.866025403784,0.5));
#2991 = DEFINITIONAL_REPRESENTATION('',(#2992),#2996);
#2992 = LINE('',#2993,#2994);
#2993 = CARTESIAN_POINT('',(-0.785398163397,0.));
#2994 = VECTOR('',#2995,1.);
#2995 = DIRECTION('',(2.960594732334E-17,-1.));
#2996 = ( GEOMETRIC_REPRESENTATION_CONTEXT(2) 
PARAMETRIC_REPRESENTATION_CONTEXT() REPRESENTATION_CONTEXT('2D SPACE',''
  ) );
#2997 = ORIENTED_EDGE('',*,*,#2998,.F.);
#2998 = EDGE_CURVE('',#904,#2971,#2999,.T.);
#2999 = SURFACE_CURVE('',#3000,(#3005,#3012),.PCURVE_S1.);
#3000 = CIRCLE('',#3001,52.);
#3001 = AXIS2_PLACEMENT_3D('',#3002,#3003,#3004);
#3002 = CARTESIAN_POINT('',(-226.6199967142,-471.5236882634,
    85.406365370207));
#3003 = DIRECTION('',(5.551115123126E-17,0.965925826289,-0.258819045103)
  );
#3004 = DIRECTION('',(0.707106781187,-0.183012701892,-0.683012701892));
#3005 = PCURVE('',#919,#3006);
#3006 = DEFINITIONAL_REPRESENTATION('',(#3007),#3011);
#3007 = CIRCLE('',#3008,52.);
#3008 = AXIS2_PLACEMENT_2D('',#3009,#3010);
#3009 = CARTESIAN_POINT('',(-330.,-230.));
#3010 = DIRECTION('',(-0.707106781187,-0.707106781187));
#3011 = ( GEOMETRIC_REPRESENTATION_CONTEXT(2) 
PARAMETRIC_REPRESENTATION_CONTEXT() REPRESENTATION_CONTEXT('2D SPACE',''
  ) );
#3012 = PCURVE('',#946,#3013);
#3013 = DEFINITIONAL_REPRESENTATION('',(#3014),#3018);
#3014 = LINE('',#3015,#3016);
#3015 = CARTESIAN_POINT('',(11.780972450962,4.712388980385));
#3016 = VECTOR('',#3017,1.);
#3017 = DIRECTION('',(-1.,2.261727773485E-14));
#3018 = ( GEOMETRIC_REPRESENTATION_CONTEXT(2) 
PARAMETRIC_REPRESENTATION_CONTEXT() REPRESENTATION_CONTEXT('2D SPACE',''
  ) );
#3019 = ORIENTED_EDGE('',*,*,#903,.F.);
#3020 = ORIENTED_EDGE('',*,*,#2638,.F.);
#3021 = ORIENTED_EDGE('',*,*,#3022,.F.);
#3022 = EDGE_CURVE('',#3023,#2615,#3025,.T.);
#3023 = VERTEX_POINT('',#3024);
#3024 = CARTESIAN_POINT('',(-886.6199967142,-339.0083371709,
    579.96038843021));
#3025 = SURFACE_CURVE('',#3026,(#3030,#3037),.PCURVE_S1.);
#3026 = LINE('',#3027,#3028);
#3027 = CARTESIAN_POINT('',(-721.6199967142,-339.0083371709,
    579.96038843021));
#3028 = VECTOR('',#3029,1.);
#3029 = DIRECTION('',(1.,-1.224646799147E-16,-6.728624391668E-17));
#3030 = PCURVE('',#919,#3031);
#3031 = DEFINITIONAL_REPRESENTATION('',(#3032),#3036);
#3032 = LINE('',#3033,#3034);
#3033 = CARTESIAN_POINT('',(165.,282.));
#3034 = VECTOR('',#3035,1.);
#3035 = DIRECTION('',(-1.,-6.728624391668E-17));
#3036 = ( GEOMETRIC_REPRESENTATION_CONTEXT(2) 
PARAMETRIC_REPRESENTATION_CONTEXT() REPRESENTATION_CONTEXT('2D SPACE',''
  ) );
#3037 = PCURVE('',#2598,#3038);
#3038 = DEFINITIONAL_REPRESENTATION('',(#3039),#3043);
#3039 = LINE('',#3040,#3041);
#3040 = CARTESIAN_POINT('',(5.497787143782,0.));
#3041 = VECTOR('',#3042,1.);
#3042 = DIRECTION('',(0.,-1.));
#3043 = ( GEOMETRIC_REPRESENTATION_CONTEXT(2) 
PARAMETRIC_REPRESENTATION_CONTEXT() REPRESENTATION_CONTEXT('2D SPACE',''
  ) );
#3044 = ORIENTED_EDGE('',*,*,#3045,.F.);
#3045 = EDGE_CURVE('',#2914,#3023,#3046,.T.);
#3046 = SURFACE_CURVE('',#3047,(#3052,#3059),.PCURVE_S1.);
#3047 = CIRCLE('',#3048,52.);
#3048 = AXIS2_PLACEMENT_3D('',#3049,#3050,#3051);
#3049 = CARTESIAN_POINT('',(-886.6199967142,-352.4669275163,
    529.73224546317));
#3050 = DIRECTION('',(8.326672684689E-17,0.965925826289,-0.258819045103)
  );
#3051 = DIRECTION('',(-0.707106781187,0.183012701892,0.683012701892));
#3052 = PCURVE('',#919,#3053);
#3053 = DEFINITIONAL_REPRESENTATION('',(#3054),#3058);
#3054 = CIRCLE('',#3055,52.);
#3055 = AXIS2_PLACEMENT_2D('',#3056,#3057);
#3056 = CARTESIAN_POINT('',(330.,230.));
#3057 = DIRECTION('',(0.707106781187,0.707106781187));
#3058 = ( GEOMETRIC_REPRESENTATION_CONTEXT(2) 
PARAMETRIC_REPRESENTATION_CONTEXT() REPRESENTATION_CONTEXT('2D SPACE',''
  ) );
#3059 = PCURVE('',#3060,#3065);
#3060 = TOROIDAL_SURFACE('',#3061,52.,2.);
#3061 = AXIS2_PLACEMENT_3D('',#3062,#3063,#3064);
#3062 = CARTESIAN_POINT('',(-886.6199967142,-354.3987791689,
    530.24988355338));
#3063 = DIRECTION('',(-1.008768357388E-16,-0.965925826289,0.258819045103
    ));
#3064 = DIRECTION('',(1.,-9.743954091444E-17,2.610884629888E-17));
#3065 = DEFINITIONAL_REPRESENTATION('',(#3066),#3070);
#3066 = LINE('',#3067,#3068);
#3067 = CARTESIAN_POINT('',(8.639379797372,4.712388980384));
#3068 = VECTOR('',#3069,1.);
#3069 = DIRECTION('',(-1.,3.618764437576E-14));
#3070 = ( GEOMETRIC_REPRESENTATION_CONTEXT(2) 
PARAMETRIC_REPRESENTATION_CONTEXT() REPRESENTATION_CONTEXT('2D SPACE',''
  ) );
#3071 = ADVANCED_FACE('',(#3072),#946,.T.);
#3072 = FACE_BOUND('',#3073,.T.);
#3073 = EDGE_LOOP('',(#3074,#3075,#3076,#3098));
#3074 = ORIENTED_EDGE('',*,*,#931,.T.);
#3075 = ORIENTED_EDGE('',*,*,#2998,.T.);
#3076 = ORIENTED_EDGE('',*,*,#3077,.F.);
#3077 = EDGE_CURVE('',#963,#2971,#3078,.T.);
#3078 = SURFACE_CURVE('',#3079,(#3084,#3091),.PCURVE_S1.);
#3079 = CIRCLE('',#3080,2.);
#3080 = AXIS2_PLACEMENT_3D('',#3081,#3082,#3083);
#3081 = CARTESIAN_POINT('',(-226.6199967142,-486.9141302613,
    35.69586049338));
#3082 = DIRECTION('',(-1.,1.050497185157E-16,2.292723163573E-18));
#3083 = DIRECTION('',(2.940346835074E-17,0.258819045103,0.965925826289)
  );
#3084 = PCURVE('',#946,#3085);
#3085 = DEFINITIONAL_REPRESENTATION('',(#3086),#3090);
#3086 = LINE('',#3087,#3088);
#3087 = CARTESIAN_POINT('',(4.712388980385,3.14159265359));
#3088 = VECTOR('',#3089,1.);
#3089 = DIRECTION('',(0.,1.));
#3090 = ( GEOMETRIC_REPRESENTATION_CONTEXT(2) 
PARAMETRIC_REPRESENTATION_CONTEXT() REPRESENTATION_CONTEXT('2D SPACE',''
  ) );
#3091 = PCURVE('',#2986,#3092);
#3092 = DEFINITIONAL_REPRESENTATION('',(#3093),#3097);
#3093 = LINE('',#3094,#3095);
#3094 = CARTESIAN_POINT('',(0.785398163397,165.));
#3095 = VECTOR('',#3096,1.);
#3096 = DIRECTION('',(-1.,0.));
#3097 = ( GEOMETRIC_REPRESENTATION_CONTEXT(2) 
PARAMETRIC_REPRESENTATION_CONTEXT() REPRESENTATION_CONTEXT('2D SPACE',''
  ) );
#3098 = ORIENTED_EDGE('',*,*,#990,.T.);
#3099 = ADVANCED_FACE('',(#3100),#978,.T.);
#3100 = FACE_BOUND('',#3101,.T.);
#3101 = EDGE_LOOP('',(#3102,#3103,#3104,#3127));
#3102 = ORIENTED_EDGE('',*,*,#1043,.F.);
#3103 = ORIENTED_EDGE('',*,*,#962,.F.);
#3104 = ORIENTED_EDGE('',*,*,#3105,.F.);
#3105 = EDGE_CURVE('',#3106,#963,#3108,.T.);
#3106 = VERTEX_POINT('',#3107);
#3107 = CARTESIAN_POINT('',(-886.6199967142,-486.3964921711,
    37.627712145958));
#3108 = SURFACE_CURVE('',#3109,(#3113,#3120),.PCURVE_S1.);
#3109 = LINE('',#3110,#3111);
#3110 = CARTESIAN_POINT('',(-391.6199967142,-486.3964921711,
    37.627712145958));
#3111 = VECTOR('',#3112,1.);
#3112 = DIRECTION('',(1.,-1.224646799147E-16,-6.728624391668E-17));
#3113 = PCURVE('',#978,#3114);
#3114 = DEFINITIONAL_REPRESENTATION('',(#3115),#3119);
#3115 = LINE('',#3116,#3117);
#3116 = CARTESIAN_POINT('',(165.,2.));
#3117 = VECTOR('',#3118,1.);
#3118 = DIRECTION('',(-1.,2.157041537714E-32));
#3119 = ( GEOMETRIC_REPRESENTATION_CONTEXT(2) 
PARAMETRIC_REPRESENTATION_CONTEXT() REPRESENTATION_CONTEXT('2D SPACE',''
  ) );
#3120 = PCURVE('',#2986,#3121);
#3121 = DEFINITIONAL_REPRESENTATION('',(#3122),#3126);
#3122 = LINE('',#3123,#3124);
#3123 = CARTESIAN_POINT('',(0.785398163397,5.684341886081E-14));
#3124 = VECTOR('',#3125,1.);
#3125 = DIRECTION('',(0.,1.));
#3126 = ( GEOMETRIC_REPRESENTATION_CONTEXT(2) 
PARAMETRIC_REPRESENTATION_CONTEXT() REPRESENTATION_CONTEXT('2D SPACE',''
  ) );
#3127 = ORIENTED_EDGE('',*,*,#3128,.T.);
#3128 = EDGE_CURVE('',#3106,#1018,#3129,.T.);
#3129 = SURFACE_CURVE('',#3130,(#3134,#3141),.PCURVE_S1.);
#3130 = LINE('',#3131,#3132);
#3131 = CARTESIAN_POINT('',(-886.6199967142,-484.4646405186,
    37.110074055753));
#3132 = VECTOR('',#3133,1.);
#3133 = DIRECTION('',(-1.008768357388E-16,-0.965925826289,0.258819045103
    ));
#3134 = PCURVE('',#978,#3135);
#3135 = DEFINITIONAL_REPRESENTATION('',(#3136),#3140);
#3136 = LINE('',#3137,#3138);
#3137 = CARTESIAN_POINT('',(660.,8.496891082502E-14));
#3138 = VECTOR('',#3139,1.);
#3139 = DIRECTION('',(8.289202480643E-31,1.));
#3140 = ( GEOMETRIC_REPRESENTATION_CONTEXT(2) 
PARAMETRIC_REPRESENTATION_CONTEXT() REPRESENTATION_CONTEXT('2D SPACE',''
  ) );
#3141 = PCURVE('',#2457,#3142);
#3142 = DEFINITIONAL_REPRESENTATION('',(#3143),#3147);
#3143 = LINE('',#3144,#3145);
#3144 = CARTESIAN_POINT('',(6.28318530718,1.199040866595E-14));
#3145 = VECTOR('',#3146,1.);
#3146 = DIRECTION('',(0.,1.));
#3147 = ( GEOMETRIC_REPRESENTATION_CONTEXT(2) 
PARAMETRIC_REPRESENTATION_CONTEXT() REPRESENTATION_CONTEXT('2D SPACE',''
  ) );
#3148 = ADVANCED_FACE('',(#3149),#1107,.T.);
#3149 = FACE_BOUND('',#3150,.T.);
#3150 = EDGE_LOOP('',(#3151,#3152,#3175,#3198));
#3151 = ORIENTED_EDGE('',*,*,#1091,.F.);
#3152 = ORIENTED_EDGE('',*,*,#3153,.F.);
#3153 = EDGE_CURVE('',#3154,#1068,#3156,.T.);
#3154 = VERTEX_POINT('',#3155);
#3155 = CARTESIAN_POINT('',(-949.6199967142,-362.1261857792,
    532.3204359142));
#3156 = SURFACE_CURVE('',#3157,(#3161,#3168),.PCURVE_S1.);
#3157 = LINE('',#3158,#3159);
#3158 = CARTESIAN_POINT('',(-949.6199967142,-352.4669275163,
    529.73224546317));
#3159 = VECTOR('',#3160,1.);
#3160 = DIRECTION('',(-1.008768357388E-16,-0.965925826289,0.258819045103
    ));
#3161 = PCURVE('',#1107,#3162);
#3162 = DEFINITIONAL_REPRESENTATION('',(#3163),#3167);
#3163 = LINE('',#3164,#3165);
#3164 = CARTESIAN_POINT('',(0.,0.));
#3165 = VECTOR('',#3166,1.);
#3166 = DIRECTION('',(-5.551115123126E-17,1.));
#3167 = ( GEOMETRIC_REPRESENTATION_CONTEXT(2) 
PARAMETRIC_REPRESENTATION_CONTEXT() REPRESENTATION_CONTEXT('2D SPACE',''
  ) );
#3168 = PCURVE('',#2401,#3169);
#3169 = DEFINITIONAL_REPRESENTATION('',(#3170),#3174);
#3170 = LINE('',#3171,#3172);
#3171 = CARTESIAN_POINT('',(6.28318530718,4.263256414561E-14));
#3172 = VECTOR('',#3173,1.);
#3173 = DIRECTION('',(0.,1.));
#3174 = ( GEOMETRIC_REPRESENTATION_CONTEXT(2) 
PARAMETRIC_REPRESENTATION_CONTEXT() REPRESENTATION_CONTEXT('2D SPACE',''
  ) );
#3175 = ORIENTED_EDGE('',*,*,#3176,.F.);
#3176 = EDGE_CURVE('',#3177,#3154,#3179,.T.);
#3177 = VERTEX_POINT('',#3178);
#3178 = CARTESIAN_POINT('',(-949.6199967142,-481.1829465263,
    87.994555821232));
#3179 = SURFACE_CURVE('',#3180,(#3184,#3191),.PCURVE_S1.);
#3180 = LINE('',#3181,#3182);
#3181 = CARTESIAN_POINT('',(-949.6199967142,-391.890375966,
    421.23896589096));
#3182 = VECTOR('',#3183,1.);
#3183 = DIRECTION('',(-6.713766422536E-17,0.258819045103,0.965925826289)
  );
#3184 = PCURVE('',#1107,#3185);
#3185 = DEFINITIONAL_REPRESENTATION('',(#3186),#3190);
#3186 = LINE('',#3187,#3188);
#3187 = CARTESIAN_POINT('',(115.,10.));
#3188 = VECTOR('',#3189,1.);
#3189 = DIRECTION('',(-1.,-5.551115123126E-17));
#3190 = ( GEOMETRIC_REPRESENTATION_CONTEXT(2) 
PARAMETRIC_REPRESENTATION_CONTEXT() REPRESENTATION_CONTEXT('2D SPACE',''
  ) );
#3191 = PCURVE('',#2838,#3192);
#3192 = DEFINITIONAL_REPRESENTATION('',(#3193),#3197);
#3193 = LINE('',#3194,#3195);
#3194 = CARTESIAN_POINT('',(0.785398163397,0.));
#3195 = VECTOR('',#3196,1.);
#3196 = DIRECTION('',(-1.761875669514E-17,1.));
#3197 = ( GEOMETRIC_REPRESENTATION_CONTEXT(2) 
PARAMETRIC_REPRESENTATION_CONTEXT() REPRESENTATION_CONTEXT('2D SPACE',''
  ) );
#3198 = ORIENTED_EDGE('',*,*,#3199,.T.);
#3199 = EDGE_CURVE('',#3177,#1092,#3200,.T.);
#3200 = SURFACE_CURVE('',#3201,(#3205,#3212),.PCURVE_S1.);
#3201 = LINE('',#3202,#3203);
#3202 = CARTESIAN_POINT('',(-949.6199967142,-471.5236882634,
    85.406365370207));
#3203 = VECTOR('',#3204,1.);
#3204 = DIRECTION('',(-1.008768357388E-16,-0.965925826289,0.258819045103
    ));
#3205 = PCURVE('',#1107,#3206);
#3206 = DEFINITIONAL_REPRESENTATION('',(#3207),#3211);
#3207 = LINE('',#3208,#3209);
#3208 = CARTESIAN_POINT('',(460.,3.126388037344E-13));
#3209 = VECTOR('',#3210,1.);
#3210 = DIRECTION('',(-5.551115123126E-17,1.));
#3211 = ( GEOMETRIC_REPRESENTATION_CONTEXT(2) 
PARAMETRIC_REPRESENTATION_CONTEXT() REPRESENTATION_CONTEXT('2D SPACE',''
  ) );
#3212 = PCURVE('',#1186,#3213);
#3213 = DEFINITIONAL_REPRESENTATION('',(#3214),#3218);
#3214 = LINE('',#3215,#3216);
#3215 = CARTESIAN_POINT('',(4.712388980385,3.907985046681E-14));
#3216 = VECTOR('',#3217,1.);
#3217 = DIRECTION('',(0.,1.));
#3218 = ( GEOMETRIC_REPRESENTATION_CONTEXT(2) 
PARAMETRIC_REPRESENTATION_CONTEXT() REPRESENTATION_CONTEXT('2D SPACE',''
  ) );
#3219 = ADVANCED_FACE('',(#3220),#1186,.T.);
#3220 = FACE_BOUND('',#3221,.T.);
#3221 = EDGE_LOOP('',(#3222,#3223,#3224,#3248));
#3222 = ORIENTED_EDGE('',*,*,#1171,.F.);
#3223 = ORIENTED_EDGE('',*,*,#3199,.F.);
#3224 = ORIENTED_EDGE('',*,*,#3225,.F.);
#3225 = EDGE_CURVE('',#3226,#3177,#3228,.T.);
#3226 = VERTEX_POINT('',#3227);
#3227 = CARTESIAN_POINT('',(-886.6199967142,-497.4885463678,
    27.141228765021));
#3228 = SURFACE_CURVE('',#3229,(#3234,#3241),.PCURVE_S1.);
#3229 = CIRCLE('',#3230,63.);
#3230 = AXIS2_PLACEMENT_3D('',#3231,#3232,#3233);
#3231 = CARTESIAN_POINT('',(-886.6199967142,-481.1829465263,
    87.994555821232));
#3232 = DIRECTION('',(8.326672684689E-17,0.965925826289,-0.258819045103)
  );
#3233 = DIRECTION('',(-0.707106781187,-0.183012701892,-0.683012701892));
#3234 = PCURVE('',#1186,#3235);
#3235 = DEFINITIONAL_REPRESENTATION('',(#3236),#3240);
#3236 = LINE('',#3237,#3238);
#3237 = CARTESIAN_POINT('',(11.780972450962,10.));
#3238 = VECTOR('',#3239,1.);
#3239 = DIRECTION('',(-1.,0.));
#3240 = ( GEOMETRIC_REPRESENTATION_CONTEXT(2) 
PARAMETRIC_REPRESENTATION_CONTEXT() REPRESENTATION_CONTEXT('2D SPACE',''
  ) );
#3241 = PCURVE('',#2810,#3242);
#3242 = DEFINITIONAL_REPRESENTATION('',(#3243),#3247);
#3243 = LINE('',#3244,#3245);
#3244 = CARTESIAN_POINT('',(-0.785398163397,0.));
#3245 = VECTOR('',#3246,1.);
#3246 = DIRECTION('',(1.,0.));
#3247 = ( GEOMETRIC_REPRESENTATION_CONTEXT(2) 
PARAMETRIC_REPRESENTATION_CONTEXT() REPRESENTATION_CONTEXT('2D SPACE',''
  ) );
#3248 = ORIENTED_EDGE('',*,*,#3249,.T.);
#3249 = EDGE_CURVE('',#3226,#1146,#3250,.T.);
#3250 = SURFACE_CURVE('',#3251,(#3255,#3262),.PCURVE_S1.);
#3251 = LINE('',#3252,#3253);
#3252 = CARTESIAN_POINT('',(-886.6199967142,-487.8292881049,
    24.553038313996));
#3253 = VECTOR('',#3254,1.);
#3254 = DIRECTION('',(-1.008768357388E-16,-0.965925826289,0.258819045103
    ));
#3255 = PCURVE('',#1186,#3256);
#3256 = DEFINITIONAL_REPRESENTATION('',(#3257),#3261);
#3257 = LINE('',#3258,#3259);
#3258 = CARTESIAN_POINT('',(6.28318530718,2.30926389122E-13));
#3259 = VECTOR('',#3260,1.);
#3260 = DIRECTION('',(0.,1.));
#3261 = ( GEOMETRIC_REPRESENTATION_CONTEXT(2) 
PARAMETRIC_REPRESENTATION_CONTEXT() REPRESENTATION_CONTEXT('2D SPACE',''
  ) );
#3262 = PCURVE('',#1241,#3263);
#3263 = DEFINITIONAL_REPRESENTATION('',(#3264),#3268);
#3264 = LINE('',#3265,#3266);
#3265 = CARTESIAN_POINT('',(0.,0.));
#3266 = VECTOR('',#3267,1.);
#3267 = DIRECTION('',(-8.289202480643E-31,1.));
#3268 = ( GEOMETRIC_REPRESENTATION_CONTEXT(2) 
PARAMETRIC_REPRESENTATION_CONTEXT() REPRESENTATION_CONTEXT('2D SPACE',''
  ) );
#3269 = ADVANCED_FACE('',(#3270),#1241,.T.);
#3270 = FACE_BOUND('',#3271,.T.);
#3271 = EDGE_LOOP('',(#3272,#3273,#3274,#3297));
#3272 = ORIENTED_EDGE('',*,*,#1227,.F.);
#3273 = ORIENTED_EDGE('',*,*,#3249,.F.);
#3274 = ORIENTED_EDGE('',*,*,#3275,.F.);
#3275 = EDGE_CURVE('',#3276,#3226,#3278,.T.);
#3276 = VERTEX_POINT('',#3277);
#3277 = CARTESIAN_POINT('',(-226.6199967142,-497.4885463678,
    27.141228765021));
#3278 = SURFACE_CURVE('',#3279,(#3283,#3290),.PCURVE_S1.);
#3279 = LINE('',#3280,#3281);
#3280 = CARTESIAN_POINT('',(-721.6199967142,-497.4885463678,
    27.141228765021));
#3281 = VECTOR('',#3282,1.);
#3282 = DIRECTION('',(-1.,1.224646799147E-16,6.728624391668E-17));
#3283 = PCURVE('',#1241,#3284);
#3284 = DEFINITIONAL_REPRESENTATION('',(#3285),#3289);
#3285 = LINE('',#3286,#3287);
#3286 = CARTESIAN_POINT('',(165.,9.999999999999));
#3287 = VECTOR('',#3288,1.);
#3288 = DIRECTION('',(-1.,-2.157041537714E-32));
#3289 = ( GEOMETRIC_REPRESENTATION_CONTEXT(2) 
PARAMETRIC_REPRESENTATION_CONTEXT() REPRESENTATION_CONTEXT('2D SPACE',''
  ) );
#3290 = PCURVE('',#2777,#3291);
#3291 = DEFINITIONAL_REPRESENTATION('',(#3292),#3296);
#3292 = LINE('',#3293,#3294);
#3293 = CARTESIAN_POINT('',(0.785398163397,5.684341886081E-14));
#3294 = VECTOR('',#3295,1.);
#3295 = DIRECTION('',(-6.055761952501E-18,1.));
#3296 = ( GEOMETRIC_REPRESENTATION_CONTEXT(2) 
PARAMETRIC_REPRESENTATION_CONTEXT() REPRESENTATION_CONTEXT('2D SPACE',''
  ) );
#3297 = ORIENTED_EDGE('',*,*,#3298,.T.);
#3298 = EDGE_CURVE('',#3276,#1202,#3299,.T.);
#3299 = SURFACE_CURVE('',#3300,(#3304,#3311),.PCURVE_S1.);
#3300 = LINE('',#3301,#3302);
#3301 = CARTESIAN_POINT('',(-226.6199967142,-487.8292881049,
    24.553038313995));
#3302 = VECTOR('',#3303,1.);
#3303 = DIRECTION('',(-1.008768357388E-16,-0.965925826289,0.258819045103
    ));
#3304 = PCURVE('',#1241,#3305);
#3305 = DEFINITIONAL_REPRESENTATION('',(#3306),#3310);
#3306 = LINE('',#3307,#3308);
#3307 = CARTESIAN_POINT('',(660.,-8.404940086315E-14));
#3308 = VECTOR('',#3309,1.);
#3309 = DIRECTION('',(-8.289202480643E-31,1.));
#3310 = ( GEOMETRIC_REPRESENTATION_CONTEXT(2) 
PARAMETRIC_REPRESENTATION_CONTEXT() REPRESENTATION_CONTEXT('2D SPACE',''
  ) );
#3311 = PCURVE('',#1297,#3312);
#3312 = DEFINITIONAL_REPRESENTATION('',(#3313),#3317);
#3313 = LINE('',#3314,#3315);
#3314 = CARTESIAN_POINT('',(4.712388980385,2.646771690706E-13));
#3315 = VECTOR('',#3316,1.);
#3316 = DIRECTION('',(0.,1.));
#3317 = ( GEOMETRIC_REPRESENTATION_CONTEXT(2) 
PARAMETRIC_REPRESENTATION_CONTEXT() REPRESENTATION_CONTEXT('2D SPACE',''
  ) );
#3318 = ADVANCED_FACE('',(#3319),#1297,.T.);
#3319 = FACE_BOUND('',#3320,.T.);
#3320 = EDGE_LOOP('',(#3321,#3322,#3323,#3347));
#3321 = ORIENTED_EDGE('',*,*,#1282,.F.);
#3322 = ORIENTED_EDGE('',*,*,#3298,.F.);
#3323 = ORIENTED_EDGE('',*,*,#3324,.F.);
#3324 = EDGE_CURVE('',#3325,#3276,#3327,.T.);
#3325 = VERTEX_POINT('',#3326);
#3326 = CARTESIAN_POINT('',(-163.6199967142,-481.1829465263,
    87.994555821232));
#3327 = SURFACE_CURVE('',#3328,(#3333,#3340),.PCURVE_S1.);
#3328 = CIRCLE('',#3329,63.);
#3329 = AXIS2_PLACEMENT_3D('',#3330,#3331,#3332);
#3330 = CARTESIAN_POINT('',(-226.6199967142,-481.1829465263,
    87.994555821232));
#3331 = DIRECTION('',(5.551115123126E-17,0.965925826289,-0.258819045103)
  );
#3332 = DIRECTION('',(0.707106781187,-0.183012701892,-0.683012701892));
#3333 = PCURVE('',#1297,#3334);
#3334 = DEFINITIONAL_REPRESENTATION('',(#3335),#3339);
#3335 = LINE('',#3336,#3337);
#3336 = CARTESIAN_POINT('',(11.780972450962,10.000000000001));
#3337 = VECTOR('',#3338,1.);
#3338 = DIRECTION('',(-1.,-3.618764437576E-14));
#3339 = ( GEOMETRIC_REPRESENTATION_CONTEXT(2) 
PARAMETRIC_REPRESENTATION_CONTEXT() REPRESENTATION_CONTEXT('2D SPACE',''
  ) );
#3340 = PCURVE('',#2749,#3341);
#3341 = DEFINITIONAL_REPRESENTATION('',(#3342),#3346);
#3342 = LINE('',#3343,#3344);
#3343 = CARTESIAN_POINT('',(-2.356194490192,0.));
#3344 = VECTOR('',#3345,1.);
#3345 = DIRECTION('',(1.,0.));
#3346 = ( GEOMETRIC_REPRESENTATION_CONTEXT(2) 
PARAMETRIC_REPRESENTATION_CONTEXT() REPRESENTATION_CONTEXT('2D SPACE',''
  ) );
#3347 = ORIENTED_EDGE('',*,*,#3348,.T.);
#3348 = EDGE_CURVE('',#3325,#1257,#3349,.T.);
#3349 = SURFACE_CURVE('',#3350,(#3354,#3361),.PCURVE_S1.);
#3350 = LINE('',#3351,#3352);
#3351 = CARTESIAN_POINT('',(-163.6199967142,-471.5236882634,
    85.406365370207));
#3352 = VECTOR('',#3353,1.);
#3353 = DIRECTION('',(-1.008768357388E-16,-0.965925826289,0.258819045103
    ));
#3354 = PCURVE('',#1297,#3355);
#3355 = DEFINITIONAL_REPRESENTATION('',(#3356),#3360);
#3356 = LINE('',#3357,#3358);
#3357 = CARTESIAN_POINT('',(6.28318530718,9.237055564881E-14));
#3358 = VECTOR('',#3359,1.);
#3359 = DIRECTION('',(0.,1.));
#3360 = ( GEOMETRIC_REPRESENTATION_CONTEXT(2) 
PARAMETRIC_REPRESENTATION_CONTEXT() REPRESENTATION_CONTEXT('2D SPACE',''
  ) );
#3361 = PCURVE('',#1352,#3362);
#3362 = DEFINITIONAL_REPRESENTATION('',(#3363),#3367);
#3363 = LINE('',#3364,#3365);
#3364 = CARTESIAN_POINT('',(0.,0.));
#3365 = VECTOR('',#3366,1.);
#3366 = DIRECTION('',(5.551115123126E-17,1.));
#3367 = ( GEOMETRIC_REPRESENTATION_CONTEXT(2) 
PARAMETRIC_REPRESENTATION_CONTEXT() REPRESENTATION_CONTEXT('2D SPACE',''
  ) );
#3368 = ADVANCED_FACE('',(#3369),#1352,.T.);
#3369 = FACE_BOUND('',#3370,.T.);
#3370 = EDGE_LOOP('',(#3371,#3372,#3373,#3396));
#3371 = ORIENTED_EDGE('',*,*,#1338,.F.);
#3372 = ORIENTED_EDGE('',*,*,#3348,.F.);
#3373 = ORIENTED_EDGE('',*,*,#3374,.F.);
#3374 = EDGE_CURVE('',#3375,#3325,#3377,.T.);
#3375 = VERTEX_POINT('',#3376);
#3376 = CARTESIAN_POINT('',(-163.6199967142,-362.1261857792,
    532.3204359142));
#3377 = SURFACE_CURVE('',#3378,(#3382,#3389),.PCURVE_S1.);
#3378 = LINE('',#3379,#3380);
#3379 = CARTESIAN_POINT('',(-163.6199967142,-451.4187563395,
    199.07602584447));
#3380 = VECTOR('',#3381,1.);
#3381 = DIRECTION('',(-2.940346835074E-17,-0.258819045103,
    -0.965925826289));
#3382 = PCURVE('',#1352,#3383);
#3383 = DEFINITIONAL_REPRESENTATION('',(#3384),#3388);
#3384 = LINE('',#3385,#3386);
#3385 = CARTESIAN_POINT('',(115.,10.));
#3386 = VECTOR('',#3387,1.);
#3387 = DIRECTION('',(-1.,5.551115123126E-17));
#3388 = ( GEOMETRIC_REPRESENTATION_CONTEXT(2) 
PARAMETRIC_REPRESENTATION_CONTEXT() REPRESENTATION_CONTEXT('2D SPACE',''
  ) );
#3389 = PCURVE('',#2716,#3390);
#3390 = DEFINITIONAL_REPRESENTATION('',(#3391),#3395);
#3391 = LINE('',#3392,#3393);
#3392 = CARTESIAN_POINT('',(0.785398163397,5.684341886081E-14));
#3393 = VECTOR('',#3394,1.);
#3394 = DIRECTION('',(8.688701931849E-18,1.));
#3395 = ( GEOMETRIC_REPRESENTATION_CONTEXT(2) 
PARAMETRIC_REPRESENTATION_CONTEXT() REPRESENTATION_CONTEXT('2D SPACE',''
  ) );
#3396 = ORIENTED_EDGE('',*,*,#3397,.T.);
#3397 = EDGE_CURVE('',#3375,#1313,#3398,.T.);
#3398 = SURFACE_CURVE('',#3399,(#3403,#3410),.PCURVE_S1.);
#3399 = LINE('',#3400,#3401);
#3400 = CARTESIAN_POINT('',(-163.6199967142,-352.4669275163,
    529.73224546317));
#3401 = VECTOR('',#3402,1.);
#3402 = DIRECTION('',(-1.008768357388E-16,-0.965925826289,0.258819045103
    ));
#3403 = PCURVE('',#1352,#3404);
#3404 = DEFINITIONAL_REPRESENTATION('',(#3405),#3409);
#3405 = LINE('',#3406,#3407);
#3406 = CARTESIAN_POINT('',(460.,-3.694822225953E-13));
#3407 = VECTOR('',#3408,1.);
#3408 = DIRECTION('',(5.551115123126E-17,1.));
#3409 = ( GEOMETRIC_REPRESENTATION_CONTEXT(2) 
PARAMETRIC_REPRESENTATION_CONTEXT() REPRESENTATION_CONTEXT('2D SPACE',''
  ) );
#3410 = PCURVE('',#1384,#3411);
#3411 = DEFINITIONAL_REPRESENTATION('',(#3412),#3416);
#3412 = LINE('',#3413,#3414);
#3413 = CARTESIAN_POINT('',(4.712388980385,4.263256414561E-14));
#3414 = VECTOR('',#3415,1.);
#3415 = DIRECTION('',(-1.110223024625E-16,1.));
#3416 = ( GEOMETRIC_REPRESENTATION_CONTEXT(2) 
PARAMETRIC_REPRESENTATION_CONTEXT() REPRESENTATION_CONTEXT('2D SPACE',''
  ) );
#3417 = ADVANCED_FACE('',(#3418),#1384,.T.);
#3418 = FACE_BOUND('',#3419,.T.);
#3419 = EDGE_LOOP('',(#3420,#3421,#3422,#3446));
#3420 = ORIENTED_EDGE('',*,*,#1367,.F.);
#3421 = ORIENTED_EDGE('',*,*,#3397,.F.);
#3422 = ORIENTED_EDGE('',*,*,#3423,.F.);
#3423 = EDGE_CURVE('',#3424,#3375,#3426,.T.);
#3424 = VERTEX_POINT('',#3425);
#3425 = CARTESIAN_POINT('',(-226.6199967142,-345.8205859377,
    593.17376297041));
#3426 = SURFACE_CURVE('',#3427,(#3432,#3439),.PCURVE_S1.);
#3427 = CIRCLE('',#3428,63.);
#3428 = AXIS2_PLACEMENT_3D('',#3429,#3430,#3431);
#3429 = CARTESIAN_POINT('',(-226.6199967142,-362.1261857792,
    532.3204359142));
#3430 = DIRECTION('',(8.326672684689E-17,0.965925826289,-0.258819045103)
  );
#3431 = DIRECTION('',(0.707106781187,0.183012701892,0.683012701892));
#3432 = PCURVE('',#1384,#3433);
#3433 = DEFINITIONAL_REPRESENTATION('',(#3434),#3438);
#3434 = LINE('',#3435,#3436);
#3435 = CARTESIAN_POINT('',(11.780972450962,10.));
#3436 = VECTOR('',#3437,1.);
#3437 = DIRECTION('',(-1.,0.));
#3438 = ( GEOMETRIC_REPRESENTATION_CONTEXT(2) 
PARAMETRIC_REPRESENTATION_CONTEXT() REPRESENTATION_CONTEXT('2D SPACE',''
  ) );
#3439 = PCURVE('',#2688,#3440);
#3440 = DEFINITIONAL_REPRESENTATION('',(#3441),#3445);
#3441 = LINE('',#3442,#3443);
#3442 = CARTESIAN_POINT('',(-3.926990816987,0.));
#3443 = VECTOR('',#3444,1.);
#3444 = DIRECTION('',(1.,0.));
#3445 = ( GEOMETRIC_REPRESENTATION_CONTEXT(2) 
PARAMETRIC_REPRESENTATION_CONTEXT() REPRESENTATION_CONTEXT('2D SPACE',''
  ) );
#3446 = ORIENTED_EDGE('',*,*,#3447,.T.);
#3447 = EDGE_CURVE('',#3424,#1368,#3448,.T.);
#3448 = SURFACE_CURVE('',#3449,(#3453,#3460),.PCURVE_S1.);
#3449 = LINE('',#3450,#3451);
#3450 = CARTESIAN_POINT('',(-226.6199967142,-336.1613276748,
    590.58557251938));
#3451 = VECTOR('',#3452,1.);
#3452 = DIRECTION('',(-1.008768357388E-16,-0.965925826289,0.258819045103
    ));
#3453 = PCURVE('',#1384,#3454);
#3454 = DEFINITIONAL_REPRESENTATION('',(#3455),#3459);
#3455 = LINE('',#3456,#3457);
#3456 = CARTESIAN_POINT('',(6.28318530718,-2.238209617644E-13));
#3457 = VECTOR('',#3458,1.);
#3458 = DIRECTION('',(0.,1.));
#3459 = ( GEOMETRIC_REPRESENTATION_CONTEXT(2) 
PARAMETRIC_REPRESENTATION_CONTEXT() REPRESENTATION_CONTEXT('2D SPACE',''
  ) );
#3460 = PCURVE('',#3461,#3466);
#3461 = PLANE('',#3462);
#3462 = AXIS2_PLACEMENT_3D('',#3463,#3464,#3465);
#3463 = CARTESIAN_POINT('',(-226.6199967142,-336.1613276748,
    590.58557251938));
#3464 = DIRECTION('',(9.668971226742E-17,0.258819045103,0.965925826289)
  );
#3465 = DIRECTION('',(-1.,1.224646799147E-16,6.728624391668E-17));
#3466 = DEFINITIONAL_REPRESENTATION('',(#3467),#3471);
#3467 = LINE('',#3468,#3469);
#3468 = CARTESIAN_POINT('',(0.,0.));
#3469 = VECTOR('',#3470,1.);
#3470 = DIRECTION('',(8.289202480643E-31,1.));
#3471 = ( GEOMETRIC_REPRESENTATION_CONTEXT(2) 
PARAMETRIC_REPRESENTATION_CONTEXT() REPRESENTATION_CONTEXT('2D SPACE',''
  ) );
#3472 = ADVANCED_FACE('',(#3473),#1678,.T.);
#3473 = FACE_BOUND('',#3474,.T.);
#3474 = EDGE_LOOP('',(#3475,#3476));
#3475 = ORIENTED_EDGE('',*,*,#1425,.F.);
#3476 = ORIENTED_EDGE('',*,*,#3477,.T.);
#3477 = EDGE_CURVE('',#1397,#1426,#3478,.T.);
#3478 = SURFACE_CURVE('',#3479,(#3484,#3491),.PCURVE_S1.);
#3479 = CIRCLE('',#3480,2.);
#3480 = AXIS2_PLACEMENT_3D('',#3481,#3482,#3483);
#3481 = CARTESIAN_POINT('',(-226.6199967142,-354.0656306382,
    593.31246367865));
#3482 = DIRECTION('',(1.,-1.050497185157E-16,-2.292723163573E-18));
#3483 = DIRECTION('',(2.940346835074E-17,0.258819045103,0.965925826289)
  );
#3484 = PCURVE('',#1678,#3485);
#3485 = DEFINITIONAL_REPRESENTATION('',(#3486),#3490);
#3486 = LINE('',#3487,#3488);
#3487 = CARTESIAN_POINT('',(1.570796326795,0.));
#3488 = VECTOR('',#3489,1.);
#3489 = DIRECTION('',(0.,1.));
#3490 = ( GEOMETRIC_REPRESENTATION_CONTEXT(2) 
PARAMETRIC_REPRESENTATION_CONTEXT() REPRESENTATION_CONTEXT('2D SPACE',''
  ) );
#3491 = PCURVE('',#1894,#3492);
#3492 = DEFINITIONAL_REPRESENTATION('',(#3493),#3497);
#3493 = LINE('',#3494,#3495);
#3494 = CARTESIAN_POINT('',(0.785398163397,-165.));
#3495 = VECTOR('',#3496,1.);
#3496 = DIRECTION('',(-1.,0.));
#3497 = ( GEOMETRIC_REPRESENTATION_CONTEXT(2) 
PARAMETRIC_REPRESENTATION_CONTEXT() REPRESENTATION_CONTEXT('2D SPACE',''
  ) );
#3498 = ADVANCED_FACE('',(#3499),#1413,.T.);
#3499 = FACE_BOUND('',#3500,.T.);
#3500 = EDGE_LOOP('',(#3501,#3522,#3523,#3544));
#3501 = ORIENTED_EDGE('',*,*,#3502,.T.);
#3502 = EDGE_CURVE('',#1368,#2363,#3503,.T.);
#3503 = SURFACE_CURVE('',#3504,(#3508,#3515),.PCURVE_S1.);
#3504 = LINE('',#3505,#3506);
#3505 = CARTESIAN_POINT('',(-391.6199967142,-353.547992548,
    595.24431533123));
#3506 = VECTOR('',#3507,1.);
#3507 = DIRECTION('',(-1.,1.224646799147E-16,6.728624391668E-17));
#3508 = PCURVE('',#1413,#3509);
#3509 = DEFINITIONAL_REPRESENTATION('',(#3510),#3514);
#3510 = LINE('',#3511,#3512);
#3511 = CARTESIAN_POINT('',(0.785398163397,-2.84217094304E-14));
#3512 = VECTOR('',#3513,1.);
#3513 = DIRECTION('',(-3.04470253723E-17,1.));
#3514 = ( GEOMETRIC_REPRESENTATION_CONTEXT(2) 
PARAMETRIC_REPRESENTATION_CONTEXT() REPRESENTATION_CONTEXT('2D SPACE',''
  ) );
#3515 = PCURVE('',#3461,#3516);
#3516 = DEFINITIONAL_REPRESENTATION('',(#3517),#3521);
#3517 = LINE('',#3518,#3519);
#3518 = CARTESIAN_POINT('',(165.,18.000000000001));
#3519 = VECTOR('',#3520,1.);
#3520 = DIRECTION('',(1.,-2.157041537714E-32));
#3521 = ( GEOMETRIC_REPRESENTATION_CONTEXT(2) 
PARAMETRIC_REPRESENTATION_CONTEXT() REPRESENTATION_CONTEXT('2D SPACE',''
  ) );
#3522 = ORIENTED_EDGE('',*,*,#2362,.T.);
#3523 = ORIENTED_EDGE('',*,*,#3524,.F.);
#3524 = EDGE_CURVE('',#1397,#1937,#3525,.T.);
#3525 = SURFACE_CURVE('',#3526,(#3530,#3537),.PCURVE_S1.);
#3526 = LINE('',#3527,#3528);
#3527 = CARTESIAN_POINT('',(-391.6199967142,-353.6212213561,
    595.26246377865));
#3528 = VECTOR('',#3529,1.);
#3529 = DIRECTION('',(-1.,1.224646799147E-16,6.728624391668E-17));
#3530 = PCURVE('',#1413,#3531);
#3531 = DEFINITIONAL_REPRESENTATION('',(#3532),#3536);
#3532 = LINE('',#3533,#3534);
#3533 = CARTESIAN_POINT('',(0.747673835882,1.856326228473E-16));
#3534 = VECTOR('',#3535,1.);
#3535 = DIRECTION('',(0.,1.));
#3536 = ( GEOMETRIC_REPRESENTATION_CONTEXT(2) 
PARAMETRIC_REPRESENTATION_CONTEXT() REPRESENTATION_CONTEXT('2D SPACE',''
  ) );
#3537 = PCURVE('',#1894,#3538);
#3538 = DEFINITIONAL_REPRESENTATION('',(#3539),#3543);
#3539 = LINE('',#3540,#3541);
#3540 = CARTESIAN_POINT('',(0.747673835882,1.856326228473E-16));
#3541 = VECTOR('',#3542,1.);
#3542 = DIRECTION('',(0.,1.));
#3543 = ( GEOMETRIC_REPRESENTATION_CONTEXT(2) 
PARAMETRIC_REPRESENTATION_CONTEXT() REPRESENTATION_CONTEXT('2D SPACE',''
  ) );
#3544 = ORIENTED_EDGE('',*,*,#1396,.F.);
#3545 = ADVANCED_FACE('',(#3546),#1894,.T.);
#3546 = FACE_BOUND('',#3547,.T.);
#3547 = EDGE_LOOP('',(#3548,#3549,#3571,#3572));
#3548 = ORIENTED_EDGE('',*,*,#3524,.T.);
#3549 = ORIENTED_EDGE('',*,*,#3550,.T.);
#3550 = EDGE_CURVE('',#1937,#1879,#3551,.T.);
#3551 = SURFACE_CURVE('',#3552,(#3557,#3564),.PCURVE_S1.);
#3552 = CIRCLE('',#3553,2.);
#3553 = AXIS2_PLACEMENT_3D('',#3554,#3555,#3556);
#3554 = CARTESIAN_POINT('',(-886.6199967142,-354.0656306382,
    593.31246367865));
#3555 = DIRECTION('',(1.,-1.050497185157E-16,-2.292723163573E-18));
#3556 = DIRECTION('',(2.940346835074E-17,0.258819045103,0.965925826289)
  );
#3557 = PCURVE('',#1894,#3558);
#3558 = DEFINITIONAL_REPRESENTATION('',(#3559),#3563);
#3559 = LINE('',#3560,#3561);
#3560 = CARTESIAN_POINT('',(0.785398163397,495.));
#3561 = VECTOR('',#3562,1.);
#3562 = DIRECTION('',(-1.,0.));
#3563 = ( GEOMETRIC_REPRESENTATION_CONTEXT(2) 
PARAMETRIC_REPRESENTATION_CONTEXT() REPRESENTATION_CONTEXT('2D SPACE',''
  ) );
#3564 = PCURVE('',#2189,#3565);
#3565 = DEFINITIONAL_REPRESENTATION('',(#3566),#3570);
#3566 = LINE('',#3567,#3568);
#3567 = CARTESIAN_POINT('',(1.570796326795,0.));
#3568 = VECTOR('',#3569,1.);
#3569 = DIRECTION('',(0.,1.));
#3570 = ( GEOMETRIC_REPRESENTATION_CONTEXT(2) 
PARAMETRIC_REPRESENTATION_CONTEXT() REPRESENTATION_CONTEXT('2D SPACE',''
  ) );
#3571 = ORIENTED_EDGE('',*,*,#1878,.F.);
#3572 = ORIENTED_EDGE('',*,*,#3477,.F.);
#3573 = ADVANCED_FACE('',(#3574),#2401,.T.);
#3574 = FACE_BOUND('',#3575,.T.);
#3575 = EDGE_LOOP('',(#3576,#3577,#3600,#3622));
#3576 = ORIENTED_EDGE('',*,*,#2386,.F.);
#3577 = ORIENTED_EDGE('',*,*,#3578,.F.);
#3578 = EDGE_CURVE('',#3579,#2363,#3581,.T.);
#3579 = VERTEX_POINT('',#3580);
#3580 = CARTESIAN_POINT('',(-886.6199967142,-345.8205859377,
    593.17376297041));
#3581 = SURFACE_CURVE('',#3582,(#3586,#3593),.PCURVE_S1.);
#3582 = LINE('',#3583,#3584);
#3583 = CARTESIAN_POINT('',(-886.6199967142,-336.1613276748,
    590.58557251938));
#3584 = VECTOR('',#3585,1.);
#3585 = DIRECTION('',(-1.008768357388E-16,-0.965925826289,0.258819045103
    ));
#3586 = PCURVE('',#2401,#3587);
#3587 = DEFINITIONAL_REPRESENTATION('',(#3588),#3592);
#3588 = LINE('',#3589,#3590);
#3589 = CARTESIAN_POINT('',(4.712388980385,-2.238209617644E-13));
#3590 = VECTOR('',#3591,1.);
#3591 = DIRECTION('',(0.,1.));
#3592 = ( GEOMETRIC_REPRESENTATION_CONTEXT(2) 
PARAMETRIC_REPRESENTATION_CONTEXT() REPRESENTATION_CONTEXT('2D SPACE',''
  ) );
#3593 = PCURVE('',#3461,#3594);
#3594 = DEFINITIONAL_REPRESENTATION('',(#3595),#3599);
#3595 = LINE('',#3596,#3597);
#3596 = CARTESIAN_POINT('',(660.,9.600303036745E-14));
#3597 = VECTOR('',#3598,1.);
#3598 = DIRECTION('',(8.289202480643E-31,1.));
#3599 = ( GEOMETRIC_REPRESENTATION_CONTEXT(2) 
PARAMETRIC_REPRESENTATION_CONTEXT() REPRESENTATION_CONTEXT('2D SPACE',''
  ) );
#3600 = ORIENTED_EDGE('',*,*,#3601,.F.);
#3601 = EDGE_CURVE('',#3154,#3579,#3602,.T.);
#3602 = SURFACE_CURVE('',#3603,(#3608,#3615),.PCURVE_S1.);
#3603 = CIRCLE('',#3604,63.);
#3604 = AXIS2_PLACEMENT_3D('',#3605,#3606,#3607);
#3605 = CARTESIAN_POINT('',(-886.6199967142,-362.1261857792,
    532.3204359142));
#3606 = DIRECTION('',(8.326672684689E-17,0.965925826289,-0.258819045103)
  );
#3607 = DIRECTION('',(-0.707106781187,0.183012701892,0.683012701892));
#3608 = PCURVE('',#2401,#3609);
#3609 = DEFINITIONAL_REPRESENTATION('',(#3610),#3614);
#3610 = LINE('',#3611,#3612);
#3611 = CARTESIAN_POINT('',(11.780972450962,10.));
#3612 = VECTOR('',#3613,1.);
#3613 = DIRECTION('',(-1.,3.618764437576E-14));
#3614 = ( GEOMETRIC_REPRESENTATION_CONTEXT(2) 
PARAMETRIC_REPRESENTATION_CONTEXT() REPRESENTATION_CONTEXT('2D SPACE',''
  ) );
#3615 = PCURVE('',#2871,#3616);
#3616 = DEFINITIONAL_REPRESENTATION('',(#3617),#3621);
#3617 = LINE('',#3618,#3619);
#3618 = CARTESIAN_POINT('',(-5.497787143782,0.));
#3619 = VECTOR('',#3620,1.);
#3620 = DIRECTION('',(1.,0.));
#3621 = ( GEOMETRIC_REPRESENTATION_CONTEXT(2) 
PARAMETRIC_REPRESENTATION_CONTEXT() REPRESENTATION_CONTEXT('2D SPACE',''
  ) );
#3622 = ORIENTED_EDGE('',*,*,#3153,.T.);
#3623 = ADVANCED_FACE('',(#3624),#2189,.T.);
#3624 = FACE_BOUND('',#3625,.T.);
#3625 = EDGE_LOOP('',(#3626,#3627));
#3626 = ORIENTED_EDGE('',*,*,#1936,.F.);
#3627 = ORIENTED_EDGE('',*,*,#3550,.F.);
#3628 = ADVANCED_FACE('',(#3629),#2457,.F.);
#3629 = FACE_BOUND('',#3630,.F.);
#3630 = EDGE_LOOP('',(#3631,#3654,#3676,#3677));
#3631 = ORIENTED_EDGE('',*,*,#3632,.F.);
#3632 = EDGE_CURVE('',#3633,#2417,#3635,.T.);
#3633 = VERTEX_POINT('',#3634);
#3634 = CARTESIAN_POINT('',(-936.6199967142,-473.455539916,
    85.924003460412));
#3635 = SURFACE_CURVE('',#3636,(#3640,#3647),.PCURVE_S1.);
#3636 = LINE('',#3637,#3638);
#3637 = CARTESIAN_POINT('',(-936.6199967142,-471.5236882634,
    85.406365370207));
#3638 = VECTOR('',#3639,1.);
#3639 = DIRECTION('',(-1.008768357388E-16,-0.965925826289,0.258819045103
    ));
#3640 = PCURVE('',#2457,#3641);
#3641 = DEFINITIONAL_REPRESENTATION('',(#3642),#3646);
#3642 = LINE('',#3643,#3644);
#3643 = CARTESIAN_POINT('',(4.712388980385,6.883382752676E-14));
#3644 = VECTOR('',#3645,1.);
#3645 = DIRECTION('',(0.,1.));
#3646 = ( GEOMETRIC_REPRESENTATION_CONTEXT(2) 
PARAMETRIC_REPRESENTATION_CONTEXT() REPRESENTATION_CONTEXT('2D SPACE',''
  ) );
#3647 = PCURVE('',#2512,#3648);
#3648 = DEFINITIONAL_REPRESENTATION('',(#3649),#3653);
#3649 = LINE('',#3650,#3651);
#3650 = CARTESIAN_POINT('',(0.,0.));
#3651 = VECTOR('',#3652,1.);
#3652 = DIRECTION('',(5.551115123126E-17,1.));
#3653 = ( GEOMETRIC_REPRESENTATION_CONTEXT(2) 
PARAMETRIC_REPRESENTATION_CONTEXT() REPRESENTATION_CONTEXT('2D SPACE',''
  ) );
#3654 = ORIENTED_EDGE('',*,*,#3655,.T.);
#3655 = EDGE_CURVE('',#3633,#3106,#3656,.T.);
#3656 = SURFACE_CURVE('',#3657,(#3662,#3669),.PCURVE_S1.);
#3657 = CIRCLE('',#3658,50.);
#3658 = AXIS2_PLACEMENT_3D('',#3659,#3660,#3661);
#3659 = CARTESIAN_POINT('',(-886.6199967142,-473.455539916,
    85.924003460412));
#3660 = DIRECTION('',(-8.326672684689E-17,-0.965925826289,0.258819045103
    ));
#3661 = DIRECTION('',(-0.707106781187,-0.183012701892,-0.683012701892));
#3662 = PCURVE('',#2457,#3663);
#3663 = DEFINITIONAL_REPRESENTATION('',(#3664),#3668);
#3664 = LINE('',#3665,#3666);
#3665 = CARTESIAN_POINT('',(-0.785398163397,2.));
#3666 = VECTOR('',#3667,1.);
#3667 = DIRECTION('',(1.,0.));
#3668 = ( GEOMETRIC_REPRESENTATION_CONTEXT(2) 
PARAMETRIC_REPRESENTATION_CONTEXT() REPRESENTATION_CONTEXT('2D SPACE',''
  ) );
#3669 = PCURVE('',#2958,#3670);
#3670 = DEFINITIONAL_REPRESENTATION('',(#3671),#3675);
#3671 = LINE('',#3672,#3673);
#3672 = CARTESIAN_POINT('',(-2.356194490192,3.14159265359));
#3673 = VECTOR('',#3674,1.);
#3674 = DIRECTION('',(1.,-8.481479150569E-16));
#3675 = ( GEOMETRIC_REPRESENTATION_CONTEXT(2) 
PARAMETRIC_REPRESENTATION_CONTEXT() REPRESENTATION_CONTEXT('2D SPACE',''
  ) );
#3676 = ORIENTED_EDGE('',*,*,#3128,.T.);
#3677 = ORIENTED_EDGE('',*,*,#2442,.T.);
#3678 = ADVANCED_FACE('',(#3679),#2512,.T.);
#3679 = FACE_BOUND('',#3680,.T.);
#3680 = EDGE_LOOP('',(#3681,#3682,#3683,#3706));
#3681 = ORIENTED_EDGE('',*,*,#2498,.F.);
#3682 = ORIENTED_EDGE('',*,*,#3632,.F.);
#3683 = ORIENTED_EDGE('',*,*,#3684,.F.);
#3684 = EDGE_CURVE('',#3685,#3633,#3687,.T.);
#3685 = VERTEX_POINT('',#3686);
#3686 = CARTESIAN_POINT('',(-936.6199967142,-354.3987791689,
    530.24988355338));
#3687 = SURFACE_CURVE('',#3688,(#3692,#3699),.PCURVE_S1.);
#3688 = LINE('',#3689,#3690);
#3689 = CARTESIAN_POINT('',(-936.6199967142,-443.6913497292,
    197.00547348365));
#3690 = VECTOR('',#3691,1.);
#3691 = DIRECTION('',(6.713766422536E-17,-0.258819045103,-0.965925826289
    ));
#3692 = PCURVE('',#2512,#3693);
#3693 = DEFINITIONAL_REPRESENTATION('',(#3694),#3698);
#3694 = LINE('',#3695,#3696);
#3695 = CARTESIAN_POINT('',(115.,2.));
#3696 = VECTOR('',#3697,1.);
#3697 = DIRECTION('',(-1.,5.551115123126E-17));
#3698 = ( GEOMETRIC_REPRESENTATION_CONTEXT(2) 
PARAMETRIC_REPRESENTATION_CONTEXT() REPRESENTATION_CONTEXT('2D SPACE',''
  ) );
#3699 = PCURVE('',#2929,#3700);
#3700 = DEFINITIONAL_REPRESENTATION('',(#3701),#3705);
#3701 = LINE('',#3702,#3703);
#3702 = CARTESIAN_POINT('',(7.068583470577,5.684341886081E-14));
#3703 = VECTOR('',#3704,1.);
#3704 = DIRECTION('',(-8.688701931849E-17,1.));
#3705 = ( GEOMETRIC_REPRESENTATION_CONTEXT(2) 
PARAMETRIC_REPRESENTATION_CONTEXT() REPRESENTATION_CONTEXT('2D SPACE',''
  ) );
#3706 = ORIENTED_EDGE('',*,*,#3707,.T.);
#3707 = EDGE_CURVE('',#3685,#2473,#3708,.T.);
#3708 = SURFACE_CURVE('',#3709,(#3713,#3720),.PCURVE_S1.);
#3709 = LINE('',#3710,#3711);
#3710 = CARTESIAN_POINT('',(-936.6199967142,-352.4669275163,
    529.73224546317));
#3711 = VECTOR('',#3712,1.);
#3712 = DIRECTION('',(-1.008768357388E-16,-0.965925826289,0.258819045103
    ));
#3713 = PCURVE('',#2512,#3714);
#3714 = DEFINITIONAL_REPRESENTATION('',(#3715),#3719);
#3715 = LINE('',#3716,#3717);
#3716 = CARTESIAN_POINT('',(460.,-3.126388037344E-13));
#3717 = VECTOR('',#3718,1.);
#3718 = DIRECTION('',(5.551115123126E-17,1.));
#3719 = ( GEOMETRIC_REPRESENTATION_CONTEXT(2) 
PARAMETRIC_REPRESENTATION_CONTEXT() REPRESENTATION_CONTEXT('2D SPACE',''
  ) );
#3720 = PCURVE('',#2545,#3721);
#3721 = DEFINITIONAL_REPRESENTATION('',(#3722),#3726);
#3722 = LINE('',#3723,#3724);
#3723 = CARTESIAN_POINT('',(6.28318530718,1.931788062848E-14));
#3724 = VECTOR('',#3725,1.);
#3725 = DIRECTION('',(0.,1.));
#3726 = ( GEOMETRIC_REPRESENTATION_CONTEXT(2) 
PARAMETRIC_REPRESENTATION_CONTEXT() REPRESENTATION_CONTEXT('2D SPACE',''
  ) );
#3727 = ADVANCED_FACE('',(#3728),#2545,.F.);
#3728 = FACE_BOUND('',#3729,.F.);
#3729 = EDGE_LOOP('',(#3730,#3731,#3753,#3754));
#3730 = ORIENTED_EDGE('',*,*,#2561,.F.);
#3731 = ORIENTED_EDGE('',*,*,#3732,.T.);
#3732 = EDGE_CURVE('',#2562,#3685,#3733,.T.);
#3733 = SURFACE_CURVE('',#3734,(#3739,#3746),.PCURVE_S1.);
#3734 = CIRCLE('',#3735,50.);
#3735 = AXIS2_PLACEMENT_3D('',#3736,#3737,#3738);
#3736 = CARTESIAN_POINT('',(-886.6199967142,-354.3987791689,
    530.24988355338));
#3737 = DIRECTION('',(-8.326672684689E-17,-0.965925826289,0.258819045103
    ));
#3738 = DIRECTION('',(-0.707106781187,0.183012701892,0.683012701892));
#3739 = PCURVE('',#2545,#3740);
#3740 = DEFINITIONAL_REPRESENTATION('',(#3741),#3745);
#3741 = LINE('',#3742,#3743);
#3742 = CARTESIAN_POINT('',(-0.785398163397,2.));
#3743 = VECTOR('',#3744,1.);
#3744 = DIRECTION('',(1.,0.));
#3745 = ( GEOMETRIC_REPRESENTATION_CONTEXT(2) 
PARAMETRIC_REPRESENTATION_CONTEXT() REPRESENTATION_CONTEXT('2D SPACE',''
  ) );
#3746 = PCURVE('',#3060,#3747);
#3747 = DEFINITIONAL_REPRESENTATION('',(#3748),#3752);
#3748 = LINE('',#3749,#3750);
#3749 = CARTESIAN_POINT('',(-3.926990816987,3.14159265359));
#3750 = VECTOR('',#3751,1.);
#3751 = DIRECTION('',(1.,-1.130863886743E-15));
#3752 = ( GEOMETRIC_REPRESENTATION_CONTEXT(2) 
PARAMETRIC_REPRESENTATION_CONTEXT() REPRESENTATION_CONTEXT('2D SPACE',''
  ) );
#3753 = ORIENTED_EDGE('',*,*,#3707,.T.);
#3754 = ORIENTED_EDGE('',*,*,#2530,.T.);
#3755 = ADVANCED_FACE('',(#3756),#2598,.T.);
#3756 = FACE_BOUND('',#3757,.T.);
#3757 = EDGE_LOOP('',(#3758,#3780,#3781,#3782));
#3758 = ORIENTED_EDGE('',*,*,#3759,.T.);
#3759 = EDGE_CURVE('',#2562,#3023,#3760,.T.);
#3760 = SURFACE_CURVE('',#3761,(#3766,#3773),.PCURVE_S1.);
#3761 = CIRCLE('',#3762,2.);
#3762 = AXIS2_PLACEMENT_3D('',#3763,#3764,#3765);
#3763 = CARTESIAN_POINT('',(-886.6199967142,-340.9401888235,
    580.47802652041));
#3764 = DIRECTION('',(1.,-1.050497185157E-16,-2.292723163573E-18));
#3765 = DIRECTION('',(-2.940346835074E-17,-0.258819045103,
    -0.965925826289));
#3766 = PCURVE('',#2598,#3767);
#3767 = DEFINITIONAL_REPRESENTATION('',(#3768),#3772);
#3768 = LINE('',#3769,#3770);
#3769 = CARTESIAN_POINT('',(7.068583470577,165.));
#3770 = VECTOR('',#3771,1.);
#3771 = DIRECTION('',(-1.,0.));
#3772 = ( GEOMETRIC_REPRESENTATION_CONTEXT(2) 
PARAMETRIC_REPRESENTATION_CONTEXT() REPRESENTATION_CONTEXT('2D SPACE',''
  ) );
#3773 = PCURVE('',#3060,#3774);
#3774 = DEFINITIONAL_REPRESENTATION('',(#3775),#3779);
#3775 = LINE('',#3776,#3777);
#3776 = CARTESIAN_POINT('',(1.570796326795,3.14159265359));
#3777 = VECTOR('',#3778,1.);
#3778 = DIRECTION('',(0.,1.));
#3779 = ( GEOMETRIC_REPRESENTATION_CONTEXT(2) 
PARAMETRIC_REPRESENTATION_CONTEXT() REPRESENTATION_CONTEXT('2D SPACE',''
  ) );
#3780 = ORIENTED_EDGE('',*,*,#3022,.T.);
#3781 = ORIENTED_EDGE('',*,*,#2614,.F.);
#3782 = ORIENTED_EDGE('',*,*,#2584,.T.);
#3783 = ADVANCED_FACE('',(#3784),#2688,.T.);
#3784 = FACE_BOUND('',#3785,.T.);
#3785 = EDGE_LOOP('',(#3786,#3808,#3809,#3831));
#3786 = ORIENTED_EDGE('',*,*,#3787,.T.);
#3787 = EDGE_CURVE('',#2668,#3424,#3788,.T.);
#3788 = SURFACE_CURVE('',#3789,(#3794,#3801),.PCURVE_S1.);
#3789 = CIRCLE('',#3790,10.);
#3790 = AXIS2_PLACEMENT_3D('',#3791,#3792,#3793);
#3791 = CARTESIAN_POINT('',(-226.6199967142,-348.4087763887,
    583.51450470752));
#3792 = DIRECTION('',(1.,-1.050497185157E-16,-2.292723163573E-18));
#3793 = DIRECTION('',(1.008768357388E-16,0.965925826289,-0.258819045103)
  );
#3794 = PCURVE('',#2688,#3795);
#3795 = DEFINITIONAL_REPRESENTATION('',(#3796),#3800);
#3796 = LINE('',#3797,#3798);
#3797 = CARTESIAN_POINT('',(1.570796326795,1.570796326795));
#3798 = VECTOR('',#3799,1.);
#3799 = DIRECTION('',(-1.413579858428E-16,-1.));
#3800 = ( GEOMETRIC_REPRESENTATION_CONTEXT(2) 
PARAMETRIC_REPRESENTATION_CONTEXT() REPRESENTATION_CONTEXT('2D SPACE',''
  ) );
#3801 = PCURVE('',#2897,#3802);
#3802 = DEFINITIONAL_REPRESENTATION('',(#3803),#3807);
#3803 = LINE('',#3804,#3805);
#3804 = CARTESIAN_POINT('',(-0.785398163397,165.));
#3805 = VECTOR('',#3806,1.);
#3806 = DIRECTION('',(1.,0.));
#3807 = ( GEOMETRIC_REPRESENTATION_CONTEXT(2) 
PARAMETRIC_REPRESENTATION_CONTEXT() REPRESENTATION_CONTEXT('2D SPACE',''
  ) );
#3808 = ORIENTED_EDGE('',*,*,#3423,.T.);
#3809 = ORIENTED_EDGE('',*,*,#3810,.T.);
#3810 = EDGE_CURVE('',#3375,#2666,#3811,.T.);
#3811 = SURFACE_CURVE('',#3812,(#3817,#3824),.PCURVE_S1.);
#3812 = CIRCLE('',#3813,10.);
#3813 = AXIS2_PLACEMENT_3D('',#3814,#3815,#3816);
#3814 = CARTESIAN_POINT('',(-173.6199967142,-362.1261857792,
    532.3204359142));
#3815 = DIRECTION('',(2.940346835074E-17,0.258819045103,0.965925826289)
  );
#3816 = DIRECTION('',(1.,-1.050497185157E-16,-2.292723163573E-18));
#3817 = PCURVE('',#2688,#3818);
#3818 = DEFINITIONAL_REPRESENTATION('',(#3819),#3823);
#3819 = LINE('',#3820,#3821);
#3820 = CARTESIAN_POINT('',(3.14159265359,0.));
#3821 = VECTOR('',#3822,1.);
#3822 = DIRECTION('',(0.,1.));
#3823 = ( GEOMETRIC_REPRESENTATION_CONTEXT(2) 
PARAMETRIC_REPRESENTATION_CONTEXT() REPRESENTATION_CONTEXT('2D SPACE',''
  ) );
#3824 = PCURVE('',#2716,#3825);
#3825 = DEFINITIONAL_REPRESENTATION('',(#3826),#3830);
#3826 = LINE('',#3827,#3828);
#3827 = CARTESIAN_POINT('',(0.785398163397,-345.));
#3828 = VECTOR('',#3829,1.);
#3829 = DIRECTION('',(-1.,0.));
#3830 = ( GEOMETRIC_REPRESENTATION_CONTEXT(2) 
PARAMETRIC_REPRESENTATION_CONTEXT() REPRESENTATION_CONTEXT('2D SPACE',''
  ) );
#3831 = ORIENTED_EDGE('',*,*,#2665,.T.);
#3832 = ADVANCED_FACE('',(#3833),#2716,.T.);
#3833 = FACE_BOUND('',#3834,.T.);
#3834 = EDGE_LOOP('',(#3835,#3857,#3858,#3859));
#3835 = ORIENTED_EDGE('',*,*,#3836,.T.);
#3836 = EDGE_CURVE('',#3325,#2701,#3837,.T.);
#3837 = SURFACE_CURVE('',#3838,(#3843,#3850),.PCURVE_S1.);
#3838 = CIRCLE('',#3839,10.);
#3839 = AXIS2_PLACEMENT_3D('',#3840,#3841,#3842);
#3840 = CARTESIAN_POINT('',(-173.6199967142,-481.1829465263,
    87.994555821232));
#3841 = DIRECTION('',(2.940346835074E-17,0.258819045103,0.965925826289)
  );
#3842 = DIRECTION('',(1.,-1.050497185157E-16,-2.292723163573E-18));
#3843 = PCURVE('',#2716,#3844);
#3844 = DEFINITIONAL_REPRESENTATION('',(#3845),#3849);
#3845 = LINE('',#3846,#3847);
#3846 = CARTESIAN_POINT('',(0.785398163397,115.));
#3847 = VECTOR('',#3848,1.);
#3848 = DIRECTION('',(-1.,0.));
#3849 = ( GEOMETRIC_REPRESENTATION_CONTEXT(2) 
PARAMETRIC_REPRESENTATION_CONTEXT() REPRESENTATION_CONTEXT('2D SPACE',''
  ) );
#3850 = PCURVE('',#2749,#3851);
#3851 = DEFINITIONAL_REPRESENTATION('',(#3852),#3856);
#3852 = LINE('',#3853,#3854);
#3853 = CARTESIAN_POINT('',(3.14159265359,0.));
#3854 = VECTOR('',#3855,1.);
#3855 = DIRECTION('',(-5.654319433713E-16,1.));
#3856 = ( GEOMETRIC_REPRESENTATION_CONTEXT(2) 
PARAMETRIC_REPRESENTATION_CONTEXT() REPRESENTATION_CONTEXT('2D SPACE',''
  ) );
#3857 = ORIENTED_EDGE('',*,*,#2700,.T.);
#3858 = ORIENTED_EDGE('',*,*,#3810,.F.);
#3859 = ORIENTED_EDGE('',*,*,#3374,.T.);
#3860 = ADVANCED_FACE('',(#3861),#2749,.T.);
#3861 = FACE_BOUND('',#3862,.T.);
#3862 = EDGE_LOOP('',(#3863,#3885,#3886,#3887));
#3863 = ORIENTED_EDGE('',*,*,#3864,.T.);
#3864 = EDGE_CURVE('',#3276,#2729,#3865,.T.);
#3865 = SURFACE_CURVE('',#3866,(#3871,#3878),.PCURVE_S1.);
#3866 = CIRCLE('',#3867,10.);
#3867 = AXIS2_PLACEMENT_3D('',#3868,#3869,#3870);
#3868 = CARTESIAN_POINT('',(-226.6199967142,-494.9003559168,
    36.800487027911));
#3869 = DIRECTION('',(1.,-1.050497185157E-16,-2.292723163573E-18));
#3870 = DIRECTION('',(-2.940346835074E-17,-0.258819045103,
    -0.965925826289));
#3871 = PCURVE('',#2749,#3872);
#3872 = DEFINITIONAL_REPRESENTATION('',(#3873),#3877);
#3873 = LINE('',#3874,#3875);
#3874 = CARTESIAN_POINT('',(4.712388980385,0.));
#3875 = VECTOR('',#3876,1.);
#3876 = DIRECTION('',(0.,1.));
#3877 = ( GEOMETRIC_REPRESENTATION_CONTEXT(2) 
PARAMETRIC_REPRESENTATION_CONTEXT() REPRESENTATION_CONTEXT('2D SPACE',''
  ) );
#3878 = PCURVE('',#2777,#3879);
#3879 = DEFINITIONAL_REPRESENTATION('',(#3880),#3884);
#3880 = LINE('',#3881,#3882);
#3881 = CARTESIAN_POINT('',(0.785398163397,-495.));
#3882 = VECTOR('',#3883,1.);
#3883 = DIRECTION('',(-1.,0.));
#3884 = ( GEOMETRIC_REPRESENTATION_CONTEXT(2) 
PARAMETRIC_REPRESENTATION_CONTEXT() REPRESENTATION_CONTEXT('2D SPACE',''
  ) );
#3885 = ORIENTED_EDGE('',*,*,#2728,.T.);
#3886 = ORIENTED_EDGE('',*,*,#3836,.F.);
#3887 = ORIENTED_EDGE('',*,*,#3324,.T.);
#3888 = ADVANCED_FACE('',(#3889),#2777,.T.);
#3889 = FACE_BOUND('',#3890,.T.);
#3890 = EDGE_LOOP('',(#3891,#3913,#3914,#3915));
#3891 = ORIENTED_EDGE('',*,*,#3892,.T.);
#3892 = EDGE_CURVE('',#3226,#2762,#3893,.T.);
#3893 = SURFACE_CURVE('',#3894,(#3899,#3906),.PCURVE_S1.);
#3894 = CIRCLE('',#3895,10.);
#3895 = AXIS2_PLACEMENT_3D('',#3896,#3897,#3898);
#3896 = CARTESIAN_POINT('',(-886.6199967142,-494.9003559168,
    36.800487027911));
#3897 = DIRECTION('',(1.,-1.050497185157E-16,-2.292723163573E-18));
#3898 = DIRECTION('',(-2.940346835074E-17,-0.258819045103,
    -0.965925826289));
#3899 = PCURVE('',#2777,#3900);
#3900 = DEFINITIONAL_REPRESENTATION('',(#3901),#3905);
#3901 = LINE('',#3902,#3903);
#3902 = CARTESIAN_POINT('',(0.785398163397,165.));
#3903 = VECTOR('',#3904,1.);
#3904 = DIRECTION('',(-1.,0.));
#3905 = ( GEOMETRIC_REPRESENTATION_CONTEXT(2) 
PARAMETRIC_REPRESENTATION_CONTEXT() REPRESENTATION_CONTEXT('2D SPACE',''
  ) );
#3906 = PCURVE('',#2810,#3907);
#3907 = DEFINITIONAL_REPRESENTATION('',(#3908),#3912);
#3908 = LINE('',#3909,#3910);
#3909 = CARTESIAN_POINT('',(4.712388980385,0.));
#3910 = VECTOR('',#3911,1.);
#3911 = DIRECTION('',(0.,1.));
#3912 = ( GEOMETRIC_REPRESENTATION_CONTEXT(2) 
PARAMETRIC_REPRESENTATION_CONTEXT() REPRESENTATION_CONTEXT('2D SPACE',''
  ) );
#3913 = ORIENTED_EDGE('',*,*,#2761,.T.);
#3914 = ORIENTED_EDGE('',*,*,#3864,.F.);
#3915 = ORIENTED_EDGE('',*,*,#3275,.T.);
#3916 = ADVANCED_FACE('',(#3917),#2810,.T.);
#3917 = FACE_BOUND('',#3918,.T.);
#3918 = EDGE_LOOP('',(#3919,#3941,#3942,#3943));
#3919 = ORIENTED_EDGE('',*,*,#3920,.T.);
#3920 = EDGE_CURVE('',#3177,#2790,#3921,.T.);
#3921 = SURFACE_CURVE('',#3922,(#3927,#3934),.PCURVE_S1.);
#3922 = CIRCLE('',#3923,10.);
#3923 = AXIS2_PLACEMENT_3D('',#3924,#3925,#3926);
#3924 = CARTESIAN_POINT('',(-939.6199967142,-481.1829465263,
    87.994555821232));
#3925 = DIRECTION('',(-2.940346835074E-17,-0.258819045103,
    -0.965925826289));
#3926 = DIRECTION('',(-1.,1.050497185157E-16,2.292723163573E-18));
#3927 = PCURVE('',#2810,#3928);
#3928 = DEFINITIONAL_REPRESENTATION('',(#3929),#3933);
#3929 = LINE('',#3930,#3931);
#3930 = CARTESIAN_POINT('',(6.28318530718,0.));
#3931 = VECTOR('',#3932,1.);
#3932 = DIRECTION('',(0.,1.));
#3933 = ( GEOMETRIC_REPRESENTATION_CONTEXT(2) 
PARAMETRIC_REPRESENTATION_CONTEXT() REPRESENTATION_CONTEXT('2D SPACE',''
  ) );
#3934 = PCURVE('',#2838,#3935);
#3935 = DEFINITIONAL_REPRESENTATION('',(#3936),#3940);
#3936 = LINE('',#3937,#3938);
#3937 = CARTESIAN_POINT('',(0.785398163397,-345.));
#3938 = VECTOR('',#3939,1.);
#3939 = DIRECTION('',(-1.,0.));
#3940 = ( GEOMETRIC_REPRESENTATION_CONTEXT(2) 
PARAMETRIC_REPRESENTATION_CONTEXT() REPRESENTATION_CONTEXT('2D SPACE',''
  ) );
#3941 = ORIENTED_EDGE('',*,*,#2789,.T.);
#3942 = ORIENTED_EDGE('',*,*,#3892,.F.);
#3943 = ORIENTED_EDGE('',*,*,#3225,.T.);
#3944 = ADVANCED_FACE('',(#3945),#2838,.T.);
#3945 = FACE_BOUND('',#3946,.T.);
#3946 = EDGE_LOOP('',(#3947,#3969,#3970,#3971));
#3947 = ORIENTED_EDGE('',*,*,#3948,.T.);
#3948 = EDGE_CURVE('',#3154,#2823,#3949,.T.);
#3949 = SURFACE_CURVE('',#3950,(#3955,#3962),.PCURVE_S1.);
#3950 = CIRCLE('',#3951,10.);
#3951 = AXIS2_PLACEMENT_3D('',#3952,#3953,#3954);
#3952 = CARTESIAN_POINT('',(-939.6199967142,-362.1261857792,
    532.3204359142));
#3953 = DIRECTION('',(-2.940346835074E-17,-0.258819045103,
    -0.965925826289));
#3954 = DIRECTION('',(-1.,1.050497185157E-16,2.292723163573E-18));
#3955 = PCURVE('',#2838,#3956);
#3956 = DEFINITIONAL_REPRESENTATION('',(#3957),#3961);
#3957 = LINE('',#3958,#3959);
#3958 = CARTESIAN_POINT('',(0.785398163397,115.));
#3959 = VECTOR('',#3960,1.);
#3960 = DIRECTION('',(-1.,0.));
#3961 = ( GEOMETRIC_REPRESENTATION_CONTEXT(2) 
PARAMETRIC_REPRESENTATION_CONTEXT() REPRESENTATION_CONTEXT('2D SPACE',''
  ) );
#3962 = PCURVE('',#2871,#3963);
#3963 = DEFINITIONAL_REPRESENTATION('',(#3964),#3968);
#3964 = LINE('',#3965,#3966);
#3965 = CARTESIAN_POINT('',(0.,0.));
#3966 = VECTOR('',#3967,1.);
#3967 = DIRECTION('',(0.,1.));
#3968 = ( GEOMETRIC_REPRESENTATION_CONTEXT(2) 
PARAMETRIC_REPRESENTATION_CONTEXT() REPRESENTATION_CONTEXT('2D SPACE',''
  ) );
#3969 = ORIENTED_EDGE('',*,*,#2822,.T.);
#3970 = ORIENTED_EDGE('',*,*,#3920,.F.);
#3971 = ORIENTED_EDGE('',*,*,#3176,.T.);
#3972 = ADVANCED_FACE('',(#3973),#2871,.T.);
#3973 = FACE_BOUND('',#3974,.T.);
#3974 = EDGE_LOOP('',(#3975,#3997,#3998,#3999));
#3975 = ORIENTED_EDGE('',*,*,#3976,.T.);
#3976 = EDGE_CURVE('',#3579,#2851,#3977,.T.);
#3977 = SURFACE_CURVE('',#3978,(#3983,#3990),.PCURVE_S1.);
#3978 = CIRCLE('',#3979,10.);
#3979 = AXIS2_PLACEMENT_3D('',#3980,#3981,#3982);
#3980 = CARTESIAN_POINT('',(-886.6199967142,-348.4087763887,
    583.51450470752));
#3981 = DIRECTION('',(-1.,1.050497185157E-16,2.292723163573E-18));
#3982 = DIRECTION('',(2.940346835074E-17,0.258819045103,0.965925826289)
  );
#3983 = PCURVE('',#2871,#3984);
#3984 = DEFINITIONAL_REPRESENTATION('',(#3985),#3989);
#3985 = LINE('',#3986,#3987);
#3986 = CARTESIAN_POINT('',(1.570796326795,0.));
#3987 = VECTOR('',#3988,1.);
#3988 = DIRECTION('',(0.,1.));
#3989 = ( GEOMETRIC_REPRESENTATION_CONTEXT(2) 
PARAMETRIC_REPRESENTATION_CONTEXT() REPRESENTATION_CONTEXT('2D SPACE',''
  ) );
#3990 = PCURVE('',#2897,#3991);
#3991 = DEFINITIONAL_REPRESENTATION('',(#3992),#3996);
#3992 = LINE('',#3993,#3994);
#3993 = CARTESIAN_POINT('',(0.785398163397,-495.));
#3994 = VECTOR('',#3995,1.);
#3995 = DIRECTION('',(-1.,0.));
#3996 = ( GEOMETRIC_REPRESENTATION_CONTEXT(2) 
PARAMETRIC_REPRESENTATION_CONTEXT() REPRESENTATION_CONTEXT('2D SPACE',''
  ) );
#3997 = ORIENTED_EDGE('',*,*,#2850,.T.);
#3998 = ORIENTED_EDGE('',*,*,#3948,.F.);
#3999 = ORIENTED_EDGE('',*,*,#3601,.T.);
#4000 = ADVANCED_FACE('',(#4001),#2897,.T.);
#4001 = FACE_BOUND('',#4002,.T.);
#4002 = EDGE_LOOP('',(#4003,#4004,#4005,#4006));
#4003 = ORIENTED_EDGE('',*,*,#3787,.F.);
#4004 = ORIENTED_EDGE('',*,*,#2883,.T.);
#4005 = ORIENTED_EDGE('',*,*,#3976,.F.);
#4006 = ORIENTED_EDGE('',*,*,#4007,.T.);
#4007 = EDGE_CURVE('',#3579,#3424,#4008,.T.);
#4008 = SURFACE_CURVE('',#4009,(#4013,#4020),.PCURVE_S1.);
#4009 = LINE('',#4010,#4011);
#4010 = CARTESIAN_POINT('',(-391.6199967142,-345.8205859377,
    593.17376297041));
#4011 = VECTOR('',#4012,1.);
#4012 = DIRECTION('',(1.,-1.224646799147E-16,-6.728624391668E-17));
#4013 = PCURVE('',#2897,#4014);
#4014 = DEFINITIONAL_REPRESENTATION('',(#4015),#4019);
#4015 = LINE('',#4016,#4017);
#4016 = CARTESIAN_POINT('',(0.785398163397,0.));
#4017 = VECTOR('',#4018,1.);
#4018 = DIRECTION('',(0.,1.));
#4019 = ( GEOMETRIC_REPRESENTATION_CONTEXT(2) 
PARAMETRIC_REPRESENTATION_CONTEXT() REPRESENTATION_CONTEXT('2D SPACE',''
  ) );
#4020 = PCURVE('',#3461,#4021);
#4021 = DEFINITIONAL_REPRESENTATION('',(#4022),#4026);
#4022 = LINE('',#4023,#4024);
#4023 = CARTESIAN_POINT('',(165.,10.000000000001));
#4024 = VECTOR('',#4025,1.);
#4025 = DIRECTION('',(-1.,2.157041537714E-32));
#4026 = ( GEOMETRIC_REPRESENTATION_CONTEXT(2) 
PARAMETRIC_REPRESENTATION_CONTEXT() REPRESENTATION_CONTEXT('2D SPACE',''
  ) );
#4027 = ADVANCED_FACE('',(#4028),#2929,.T.);
#4028 = FACE_BOUND('',#4029,.T.);
#4029 = EDGE_LOOP('',(#4030,#4052,#4053,#4075));
#4030 = ORIENTED_EDGE('',*,*,#4031,.T.);
#4031 = EDGE_CURVE('',#2914,#3685,#4032,.T.);
#4032 = SURFACE_CURVE('',#4033,(#4038,#4045),.PCURVE_S1.);
#4033 = CIRCLE('',#4034,2.);
#4034 = AXIS2_PLACEMENT_3D('',#4035,#4036,#4037);
#4035 = CARTESIAN_POINT('',(-938.6199967142,-354.3987791689,
    530.24988355338));
#4036 = DIRECTION('',(-2.940346835074E-17,-0.258819045103,
    -0.965925826289));
#4037 = DIRECTION('',(1.008768357388E-16,0.965925826289,-0.258819045103)
  );
#4038 = PCURVE('',#2929,#4039);
#4039 = DEFINITIONAL_REPRESENTATION('',(#4040),#4044);
#4040 = LINE('',#4041,#4042);
#4041 = CARTESIAN_POINT('',(5.497787143782,-345.));
#4042 = VECTOR('',#4043,1.);
#4043 = DIRECTION('',(1.,0.));
#4044 = ( GEOMETRIC_REPRESENTATION_CONTEXT(2) 
PARAMETRIC_REPRESENTATION_CONTEXT() REPRESENTATION_CONTEXT('2D SPACE',''
  ) );
#4045 = PCURVE('',#3060,#4046);
#4046 = DEFINITIONAL_REPRESENTATION('',(#4047),#4051);
#4047 = LINE('',#4048,#4049);
#4048 = CARTESIAN_POINT('',(3.14159265359,4.712388980385));
#4049 = VECTOR('',#4050,1.);
#4050 = DIRECTION('',(0.,-1.));
#4051 = ( GEOMETRIC_REPRESENTATION_CONTEXT(2) 
PARAMETRIC_REPRESENTATION_CONTEXT() REPRESENTATION_CONTEXT('2D SPACE',''
  ) );
#4052 = ORIENTED_EDGE('',*,*,#3684,.T.);
#4053 = ORIENTED_EDGE('',*,*,#4054,.T.);
#4054 = EDGE_CURVE('',#3633,#2912,#4055,.T.);
#4055 = SURFACE_CURVE('',#4056,(#4061,#4068),.PCURVE_S1.);
#4056 = CIRCLE('',#4057,2.);
#4057 = AXIS2_PLACEMENT_3D('',#4058,#4059,#4060);
#4058 = CARTESIAN_POINT('',(-938.6199967142,-473.455539916,
    85.924003460412));
#4059 = DIRECTION('',(2.940346835074E-17,0.258819045103,0.965925826289)
  );
#4060 = DIRECTION('',(1.,-1.050497185157E-16,-2.292723163573E-18));
#4061 = PCURVE('',#2929,#4062);
#4062 = DEFINITIONAL_REPRESENTATION('',(#4063),#4067);
#4063 = LINE('',#4064,#4065);
#4064 = CARTESIAN_POINT('',(7.068583470577,115.));
#4065 = VECTOR('',#4066,1.);
#4066 = DIRECTION('',(-1.,-9.046911093941E-15));
#4067 = ( GEOMETRIC_REPRESENTATION_CONTEXT(2) 
PARAMETRIC_REPRESENTATION_CONTEXT() REPRESENTATION_CONTEXT('2D SPACE',''
  ) );
#4068 = PCURVE('',#2958,#4069);
#4069 = DEFINITIONAL_REPRESENTATION('',(#4070),#4074);
#4070 = LINE('',#4071,#4072);
#4071 = CARTESIAN_POINT('',(3.14159265359,3.14159265359));
#4072 = VECTOR('',#4073,1.);
#4073 = DIRECTION('',(0.,1.));
#4074 = ( GEOMETRIC_REPRESENTATION_CONTEXT(2) 
PARAMETRIC_REPRESENTATION_CONTEXT() REPRESENTATION_CONTEXT('2D SPACE',''
  ) );
#4075 = ORIENTED_EDGE('',*,*,#2911,.T.);
#4076 = ADVANCED_FACE('',(#4077),#2958,.T.);
#4077 = FACE_BOUND('',#4078,.T.);
#4078 = EDGE_LOOP('',(#4079,#4101,#4102,#4103));
#4079 = ORIENTED_EDGE('',*,*,#4080,.T.);
#4080 = EDGE_CURVE('',#3106,#2942,#4081,.T.);
#4081 = SURFACE_CURVE('',#4082,(#4087,#4094),.PCURVE_S1.);
#4082 = CIRCLE('',#4083,2.);
#4083 = AXIS2_PLACEMENT_3D('',#4084,#4085,#4086);
#4084 = CARTESIAN_POINT('',(-886.6199967142,-486.9141302613,
    35.69586049338));
#4085 = DIRECTION('',(-1.,1.050497185157E-16,2.292723163573E-18));
#4086 = DIRECTION('',(2.940346835074E-17,0.258819045103,0.965925826289)
  );
#4087 = PCURVE('',#2958,#4088);
#4088 = DEFINITIONAL_REPRESENTATION('',(#4089),#4093);
#4089 = LINE('',#4090,#4091);
#4090 = CARTESIAN_POINT('',(4.712388980385,3.14159265359));
#4091 = VECTOR('',#4092,1.);
#4092 = DIRECTION('',(0.,1.));
#4093 = ( GEOMETRIC_REPRESENTATION_CONTEXT(2) 
PARAMETRIC_REPRESENTATION_CONTEXT() REPRESENTATION_CONTEXT('2D SPACE',''
  ) );
#4094 = PCURVE('',#2986,#4095);
#4095 = DEFINITIONAL_REPRESENTATION('',(#4096),#4100);
#4096 = LINE('',#4097,#4098);
#4097 = CARTESIAN_POINT('',(0.785398163397,-495.));
#4098 = VECTOR('',#4099,1.);
#4099 = DIRECTION('',(-1.,0.));
#4100 = ( GEOMETRIC_REPRESENTATION_CONTEXT(2) 
PARAMETRIC_REPRESENTATION_CONTEXT() REPRESENTATION_CONTEXT('2D SPACE',''
  ) );
#4101 = ORIENTED_EDGE('',*,*,#2941,.T.);
#4102 = ORIENTED_EDGE('',*,*,#4054,.F.);
#4103 = ORIENTED_EDGE('',*,*,#3655,.T.);
#4104 = ADVANCED_FACE('',(#4105),#2986,.T.);
#4105 = FACE_BOUND('',#4106,.T.);
#4106 = EDGE_LOOP('',(#4107,#4108,#4109,#4110));
#4107 = ORIENTED_EDGE('',*,*,#3077,.T.);
#4108 = ORIENTED_EDGE('',*,*,#2970,.T.);
#4109 = ORIENTED_EDGE('',*,*,#4080,.F.);
#4110 = ORIENTED_EDGE('',*,*,#3105,.T.);
#4111 = ADVANCED_FACE('',(#4112),#3060,.T.);
#4112 = FACE_BOUND('',#4113,.T.);
#4113 = EDGE_LOOP('',(#4114,#4115,#4116,#4117));
#4114 = ORIENTED_EDGE('',*,*,#4031,.F.);
#4115 = ORIENTED_EDGE('',*,*,#3045,.T.);
#4116 = ORIENTED_EDGE('',*,*,#3759,.F.);
#4117 = ORIENTED_EDGE('',*,*,#3732,.T.);
#4118 = ADVANCED_FACE('',(#4119),#3461,.T.);
#4119 = FACE_BOUND('',#4120,.T.);
#4120 = EDGE_LOOP('',(#4121,#4122,#4123,#4124));
#4121 = ORIENTED_EDGE('',*,*,#3502,.F.);
#4122 = ORIENTED_EDGE('',*,*,#3447,.F.);
#4123 = ORIENTED_EDGE('',*,*,#4007,.F.);
#4124 = ORIENTED_EDGE('',*,*,#3578,.T.);
#4125 = ( GEOMETRIC_REPRESENTATION_CONTEXT(3) 
GLOBAL_UNCERTAINTY_ASSIGNED_CONTEXT((#4129)) 
GLOBAL_UNIT_ASSIGNED_CONTEXT((#4126,#4127,#4128)) REPRESENTATION_CONTEXT
('Context #1','3D Context with UNIT and UNCERTAINTY') );
#4126 = ( LENGTH_UNIT() NAMED_UNIT(*) SI_UNIT(.MILLI.,.METRE.) );
#4127 = ( NAMED_UNIT(*) PLANE_ANGLE_UNIT() SI_UNIT($,.RADIAN.) );
#4128 = ( NAMED_UNIT(*) SI_UNIT($,.STERADIAN.) SOLID_ANGLE_UNIT() );
#4129 = UNCERTAINTY_MEASURE_WITH_UNIT(LENGTH_MEASURE(2.E-07),#4126,
  'distance_accuracy_value','confusion accuracy');
#4130 = PRODUCT_RELATED_PRODUCT_CATEGORY('part',$,(#7));
ENDSEC;
END-ISO-10303-21;
