ISO-10303-21;
HEADER;
FILE_DESCRIPTION(('Open CASCADE Model'),'2;1');
FILE_NAME('Open CASCADE Shape Model','2026-08-19T16:36:03',('Author'),(
    'Open CASCADE'),'Open CASCADE STEP processor 7.9','Open CASCADE 7.9'
  ,'Unknown');
FILE_SCHEMA(('AUTOMOTIVE_DESIGN { 1 0 10303 214 1 1 1 1 }'));
ENDSEC;
DATA;
#1 = APPLICATION_PROTOCOL_DEFINITION('international standard',
  'automotive_design',2000,#2);
#2 = APPLICATION_CONTEXT(
  'core data for automotive mechanical design processes');
#3 = SHAPE_DEFINITION_REPRESENTATION(#4,#10);
#4 = PRODUCT_DEFINITION_SHAPE('','',#5);
#5 = PRODUCT_DEFINITION('design','',#6,#9);
#6 = PRODUCT_DEFINITION_FORMATION('','',#7);
#7 = PRODUCT('Open CASCADE STEP translator 7.9 1',
  'Open CASCADE STEP translator 7.9 1','',(#8));
#8 = PRODUCT_CONTEXT('',#2,'mechanical');
#9 = PRODUCT_DEFINITION_CONTEXT('part definition',#2,'design');
#10 = SHAPE_REPRESENTATION('',(#11,#15,#19,#23,#27),#31);
#11 = AXIS2_PLACEMENT_3D('',#12,#13,#14);
#12 = CARTESIAN_POINT('',(0.,0.,0.));
#13 = DIRECTION('',(0.,0.,1.));
#14 = DIRECTION('',(1.,0.,-0.));
#15 = AXIS2_PLACEMENT_3D('',#16,#17,#18);
#16 = CARTESIAN_POINT('',(0.,0.,0.));
#17 = DIRECTION('',(0.,0.,1.));
#18 = DIRECTION('',(1.,0.,0.));
#19 = AXIS2_PLACEMENT_3D('',#20,#21,#22);
#20 = CARTESIAN_POINT('',(0.,0.,0.));
#21 = DIRECTION('',(0.,0.,1.));
#22 = DIRECTION('',(1.,0.,0.));
#23 = AXIS2_PLACEMENT_3D('',#24,#25,#26);
#24 = CARTESIAN_POINT('',(0.,0.,0.));
#25 = DIRECTION('',(0.,0.,1.));
#26 = DIRECTION('',(1.,0.,0.));
#27 = AXIS2_PLACEMENT_3D('',#28,#29,#30);
#28 = CARTESIAN_POINT('',(0.,0.,0.));
#29 = DIRECTION('',(0.,0.,1.));
#30 = DIRECTION('',(1.,0.,-0.));
#31 = ( GEOMETRIC_REPRESENTATION_CONTEXT(3) 
GLOBAL_UNCERTAINTY_ASSIGNED_CONTEXT((#35)) GLOBAL_UNIT_ASSIGNED_CONTEXT(
(#32,#33,#34)) REPRESENTATION_CONTEXT('Context #1',
  '3D Context with UNIT and UNCERTAINTY') );
#32 = ( LENGTH_UNIT() NAMED_UNIT(*) SI_UNIT(.MILLI.,.METRE.) );
#33 = ( NAMED_UNIT(*) PLANE_ANGLE_UNIT() SI_UNIT($,.RADIAN.) );
#34 = ( NAMED_UNIT(*) SI_UNIT($,.STERADIAN.) SOLID_ANGLE_UNIT() );
#35 = UNCERTAINTY_MEASURE_WITH_UNIT(LENGTH_MEASURE(2.E-05),#32,
  'distance_accuracy_value','confusion accuracy');
#36 = PRODUCT_RELATED_PRODUCT_CATEGORY('part',$,(#7));
#37 = SHAPE_DEFINITION_REPRESENTATION(#38,#44);
#38 = PRODUCT_DEFINITION_SHAPE('','',#39);
#39 = PRODUCT_DEFINITION('design','',#40,#43);
#40 = PRODUCT_DEFINITION_FORMATION('','',#41);
#41 = PRODUCT('Open CASCADE STEP translator 7.9 1.1',
  'Open CASCADE STEP translator 7.9 1.1','',(#42));
#42 = PRODUCT_CONTEXT('',#2,'mechanical');
#43 = PRODUCT_DEFINITION_CONTEXT('part definition',#2,'design');
#44 = ADVANCED_BREP_SHAPE_REPRESENTATION('',(#11,#45),#3096);
#45 = MANIFOLD_SOLID_BREP('',#46);
#46 = CLOSED_SHELL('',(#47,#397,#1893,#1942,#1991,#2018,#2336,#2408,
    #2480,#2519,#2595,#2748,#2797,#2892,#2963,#3012,#3061,#3068,#3075,
    #3082,#3089));
#47 = ADVANCED_FACE('',(#48),#63,.F.);
#48 = FACE_BOUND('',#49,.T.);
#49 = EDGE_LOOP('',(#50,#315,#343,#371));
#50 = ORIENTED_EDGE('',*,*,#51,.F.);
#51 = EDGE_CURVE('',#52,#54,#56,.T.);
#52 = VERTEX_POINT('',#53);
#53 = CARTESIAN_POINT('',(25.299693446657,21.114134199152,
    59.285214100405));
#54 = VERTEX_POINT('',#55);
#55 = CARTESIAN_POINT('',(24.929595930989,27.979323843751,
    43.639586687954));
#56 = SURFACE_CURVE('',#57,(#62,#75),.PCURVE_S1.);
#57 = B_SPLINE_CURVE_WITH_KNOTS('',3,(#58,#59,#60,#61),.UNSPECIFIED.,.F.
  ,.F.,(4,4),(-1.721560626601,-5.350576322048E-02),
  .PIECEWISE_BEZIER_KNOTS.);
#58 = CARTESIAN_POINT('',(25.299693446657,21.114134199152,
    59.285214100405));
#59 = CARTESIAN_POINT('',(25.182290975747,23.532385006844,
    54.322102381462));
#60 = CARTESIAN_POINT('',(25.052686399503,25.950134118621,
    48.843154739243));
#61 = CARTESIAN_POINT('',(24.929595930989,27.979323843751,
    43.639586687954));
#62 = PCURVE('',#63,#68);
#63 = PLANE('',#64);
#64 = AXIS2_PLACEMENT_3D('',#65,#66,#67);
#65 = CARTESIAN_POINT('',(25.299693446657,50.,59.285214100405));
#66 = DIRECTION('',(-0.999720337547,0.,2.36483973148E-02));
#67 = DIRECTION('',(-2.36483973148E-02,0.,-0.999720337547));
#68 = DEFINITIONAL_REPRESENTATION('',(#69),#74);
#69 = B_SPLINE_CURVE_WITH_KNOTS('',3,(#70,#71,#72,#73),.UNSPECIFIED.,.F.
  ,.F.,(4,4),(-1.721560626601,-5.350576322048E-02),
  .PIECEWISE_BEZIER_KNOTS.);
#70 = CARTESIAN_POINT('',(0.,28.885865800848));
#71 = CARTESIAN_POINT('',(4.964500103221,26.467614993156));
#72 = CARTESIAN_POINT('',(10.444980430014,24.049865881379));
#73 = CARTESIAN_POINT('',(15.650004131001,22.020676156249));
#74 = ( GEOMETRIC_REPRESENTATION_CONTEXT(2) 
PARAMETRIC_REPRESENTATION_CONTEXT() REPRESENTATION_CONTEXT('2D SPACE',''
  ) );
#75 = PCURVE('',#76,#287);
#76 = ( BOUNDED_SURFACE() B_SPLINE_SURFACE(3,3,(
    (#77,#78,#79,#80,#81,#82,#83,#84,#85,#86,#87,#88,#89,#90)
    ,(#91,#92,#93,#94,#95,#96,#97,#98,#99,#100,#101,#102,#103,#104)
    ,(#105,#106,#107,#108,#109,#110,#111,#112,#113,#114,#115,#116,#117
      ,#118)
    ,(#119,#120,#121,#122,#123,#124,#125,#126,#127,#128,#129,#130,#131
      ,#132)
    ,(#133,#134,#135,#136,#137,#138,#139,#140,#141,#142,#143,#144,#145
      ,#146)
    ,(#147,#148,#149,#150,#151,#152,#153,#154,#155,#156,#157,#158,#159
      ,#160)
    ,(#161,#162,#163,#164,#165,#166,#167,#168,#169,#170,#171,#172,#173
      ,#174)
    ,(#175,#176,#177,#178,#179,#180,#181,#182,#183,#184,#185,#186,#187
      ,#188)
    ,(#189,#190,#191,#192,#193,#194,#195,#196,#197,#198,#199,#200,#201
      ,#202)
    ,(#203,#204,#205,#206,#207,#208,#209,#210,#211,#212,#213,#214,#215
      ,#216)
    ,(#217,#218,#219,#220,#221,#222,#223,#224,#225,#226,#227,#228,#229
      ,#230)
    ,(#231,#232,#233,#234,#235,#236,#237,#238,#239,#240,#241,#242,#243
      ,#244)
    ,(#245,#246,#247,#248,#249,#250,#251,#252,#253,#254,#255,#256,#257
      ,#258)
    ,(#259,#260,#261,#262,#263,#264,#265,#266,#267,#268,#269,#270,#271
      ,#272)
    ,(#273,#274,#275,#276,#277,#278,#279,#280,#281,#282,#283,#284,#285
,#286
    )),.UNSPECIFIED.,.F.,.F.,.F.) B_SPLINE_SURFACE_WITH_KNOTS((4,2,2,1,1
    ,1,2,2,4),(4,2,2,1,1,2,2,4),(0.,0.125,0.25,0.5,1.,1.5,1.75,1.875,2.)
  ,(0.,0.125,0.25,0.5,1.,1.5,1.75,2.),.UNSPECIFIED.) 
GEOMETRIC_REPRESENTATION_ITEM() RATIONAL_B_SPLINE_SURFACE((
    (1.,0.999673591097,1.003256005911,1.006613067109,1.006387713493,1.
      ,1.,1.,1.,1.01677191461,1.017908478598,1.011273458144
      ,1.003501873701,1.)
    ,(1.000163887618,0.99849765167,1.002584817228,1.006777861191
      ,1.006450255028,1.,1.,1.,1.,1.016638505487,1.017959328921
      ,1.010544287409,1.002105906646,0.999123301832)
    ,(1.004393994018,1.003293708299,1.004047637957,1.006101593095
      ,1.005426796144,1.,1.,1.,1.,1.013227908033,1.015001269838
      ,1.009730511223,1.005456856359,1.003908290919)
    ,(1.008273494138,1.008184953539,1.007054420874,1.008279955675
      ,1.007807722674,1.,1.,1.,1.,1.014785254393,1.015020285717
      ,1.010122167205,1.010219196468,1.008460080563)
    ,(1.007922887859,1.007732235027,1.006247585306,1.008069942284
      ,1.007634246686,1.,1.,1.,1.,1.01334212611,1.01334918143
      ,1.008637968046,1.010997435068,1.008226881121)
    ,(1.,1.,1.,1.,1.,1.,1.,1.,1.,1.,1.,1.,1.,1.)
    ,(1.,1.,1.,1.,1.,1.,1.,1.,1.,1.,1.,1.,1.,1.)
    ,(1.,1.,1.,1.,1.,1.,1.,1.,1.,1.,1.,1.,1.,1.)
    ,(1.,1.,1.,1.,1.,1.,1.,1.,1.,1.,1.,1.,1.,1.)
    ,(1.,1.,1.,1.,1.,1.,1.,1.,1.,1.,1.,1.,1.,1.)
    ,(1.007915155057,1.007870139697,1.0065227411,1.008231995368
      ,1.007656090335,1.,1.,1.,1.,1.013443144769,1.013235973421
      ,1.008230289059,1.010777114051,1.00822854851)
    ,(1.008265268345,1.008287032352,1.007219251642,1.008306785974
      ,1.007703912017,1.,1.,1.,1.,1.015165941988,1.015142322847
      ,1.009900140225,1.010059026342,1.008462124863)
    ,(1.004388951459,1.003306457539,1.00405148261,1.005962505797
      ,1.005182198311,1.,1.,1.,1.,1.013761420906,1.015337766907
      ,1.009759159316,1.005442384864,1.003910731267)
    ,(1.000162521285,0.998497521637,1.002571592214,1.006684855009
      ,1.006325171958,1.,1.,1.,1.,1.016905323734,1.018168219287
      ,1.010586201124,1.002112764069,0.999125761318)
    ,(1.,0.999673591097,1.003256005911,1.006613067109,1.006387713493,1.
      ,1.,1.,1.,1.01677191461,1.017908478598,1.011273458144
,1.003501873701,1.))) REPRESENTATION_ITEM('') SURFACE() );
#77 = CARTESIAN_POINT('',(48.84495649463,23.588966915347,-17.664568253)
  );
#78 = CARTESIAN_POINT('',(49.06817356071,24.036310891515,-16.50104911698
    ));
#79 = CARTESIAN_POINT('',(49.20224079764,24.553111151306,-14.98889893982
    ));
#80 = CARTESIAN_POINT('',(49.402747426631,25.672729006476,
    -11.42745645722));
#81 = CARTESIAN_POINT('',(49.470171045359,26.279495855219,
    -9.366480852095));
#82 = CARTESIAN_POINT('',(49.5759883174,28.262332910894,-2.26803061012)
  );
#83 = CARTESIAN_POINT('',(49.671549140126,32.154861075896,13.67403980491
    ));
#84 = CARTESIAN_POINT('',(51.187035585761,30.222424765911,
    28.324522276337));
#85 = CARTESIAN_POINT('',(54.621837832536,23.509413213852,
    45.647857354816));
#86 = CARTESIAN_POINT('',(56.287950702384,19.082014469743,
    56.125055542988));
#87 = CARTESIAN_POINT('',(56.547735795714,17.745994938415,59.1870261062)
  );
#88 = CARTESIAN_POINT('',(56.497038887815,15.276783699736,
    64.628423377077));
#89 = CARTESIAN_POINT('',(56.18233631707,14.123013721431,67.051640817245
    ));
#90 = CARTESIAN_POINT('',(55.557564928169,13.207841180493,
    68.940693923682));
#91 = CARTESIAN_POINT('',(48.327373701275,23.541366925703,
    -18.18619927172));
#92 = CARTESIAN_POINT('',(48.53625451884,24.047593883665,-17.00119142305
    ));
#93 = CARTESIAN_POINT('',(48.631581106472,24.646573277829,
    -15.37179790705));
#94 = CARTESIAN_POINT('',(48.771079273048,25.941669709588,
    -11.45680994974));
#95 = CARTESIAN_POINT('',(48.810866583415,26.61119747955,-9.258639947915
    ));
#96 = CARTESIAN_POINT('',(48.873927392786,28.659667443264,
    -2.147467772366));
#97 = CARTESIAN_POINT('',(48.952322565985,32.670786100433,
    13.802689094357));
#98 = CARTESIAN_POINT('',(50.436732341546,30.781558202851,
    28.312955812135));
#99 = CARTESIAN_POINT('',(53.733114311585,24.00077856551,45.563356571332
    ));
#100 = CARTESIAN_POINT('',(55.438013601737,19.48731504815,
    56.021011822238));
#101 = CARTESIAN_POINT('',(55.763145217,18.070688899691,59.180193662386)
  );
#102 = CARTESIAN_POINT('',(55.838518729208,15.377322294893,
    64.904440042752));
#103 = CARTESIAN_POINT('',(55.580334969458,14.117830711942,
    67.438582101931));
#104 = CARTESIAN_POINT('',(54.991671592179,13.137889797219,
    69.357893143862));
#105 = CARTESIAN_POINT('',(47.6647131536,23.515235342833,-18.49018974465
    ));
#106 = CARTESIAN_POINT('',(47.819124812393,24.082127881397,
    -17.23051864427));
#107 = CARTESIAN_POINT('',(47.89066483308,24.73004006688,-15.54394144432
    ));
#108 = CARTESIAN_POINT('',(47.978727915977,26.130104714667,
    -11.49263975626));
#109 = CARTESIAN_POINT('',(47.999999115776,26.845608407226,
    -9.265002653486));
#110 = CARTESIAN_POINT('',(48.022976927631,28.959287721404,
    -2.041307503497));
#111 = CARTESIAN_POINT('',(48.087899255972,33.064198666327,
    13.897857980216));
#112 = CARTESIAN_POINT('',(49.526348459616,31.239672158745,
    28.279742667326));
#113 = CARTESIAN_POINT('',(52.650217839145,24.399219594277,
    45.521271729683));
#114 = CARTESIAN_POINT('',(54.407913412264,19.785558017068,56.1318509171
    ));
#115 = CARTESIAN_POINT('',(54.749588154642,18.313809119539,
    59.295604839418));
#116 = CARTESIAN_POINT('',(54.925167644059,15.496569477791,
    65.090471629902));
#117 = CARTESIAN_POINT('',(54.749054806814,14.229284707977,
    67.556775470097));
#118 = CARTESIAN_POINT('',(54.220609017006,13.184121576728,
    69.517232530808));
#119 = CARTESIAN_POINT('',(46.116586126038,23.476815508633,
    -18.88346922614));
#120 = CARTESIAN_POINT('',(46.114369411846,24.131752823791,-17.493762491
    ));
#121 = CARTESIAN_POINT('',(46.126042707998,24.859245009354,-15.699447465
    ));
#122 = CARTESIAN_POINT('',(46.118782884294,26.406206749363,
    -11.4574728977));
#123 = CARTESIAN_POINT('',(46.115045931093,27.183238163709,
    -9.154339057721));
#124 = CARTESIAN_POINT('',(46.12911198244,29.411800300632,
    -1.852112714476));
#125 = CARTESIAN_POINT('',(46.172685714087,33.666629570366,
    14.038102606444));
#126 = CARTESIAN_POINT('',(47.49907849769,32.000622339581,
    28.183219236897));
#127 = CARTESIAN_POINT('',(50.262300267932,25.082520860213,
    45.431302400094));
#128 = CARTESIAN_POINT('',(51.886299759576,20.34517041283,
    56.128886827837));
#129 = CARTESIAN_POINT('',(52.260266542714,18.779241361281,
    59.401641747305));
#130 = CARTESIAN_POINT('',(52.633995880475,15.778518468011,
    65.347186917797));
#131 = CARTESIAN_POINT('',(52.580013121666,14.460469698178,
    67.78513371378));
#132 = CARTESIAN_POINT('',(52.346625206305,13.326004711693,
    69.75341473475));
#133 = CARTESIAN_POINT('',(45.224941445877,23.46429936742,
    -18.97537196109));
#134 = CARTESIAN_POINT('',(45.162867511121,24.148876209502,
    -17.52344381685));
#135 = CARTESIAN_POINT('',(45.163661698494,24.902401631925,
    -15.70244798118));
#136 = CARTESIAN_POINT('',(45.115106523171,26.497045652446,
    -11.41561219475));
#137 = CARTESIAN_POINT('',(45.099829364084,27.296068444253,
    -9.095329560964));
#138 = CARTESIAN_POINT('',(45.086197502404,29.564692601721,
    -1.769078194324));
#139 = CARTESIAN_POINT('',(45.121895482215,33.87564790851,
    14.083178346815));
#140 = CARTESIAN_POINT('',(46.382192417696,32.303458564523,
    28.119908951277));
#141 = CARTESIAN_POINT('',(48.95727916916,25.367381097382,
    45.383417912154));
#142 = CARTESIAN_POINT('',(50.514624465775,20.560815598142,
    56.182777228229));
#143 = CARTESIAN_POINT('',(50.891673790424,18.964992283938,
    59.486434844572));
#144 = CARTESIAN_POINT('',(51.341480650118,15.915239379431,
    65.453593833388));
#145 = CARTESIAN_POINT('',(51.302390430528,14.582802390796,
    67.879918682577));
#146 = CARTESIAN_POINT('',(51.235874926147,13.422139141759,
    69.831805530568));
#147 = CARTESIAN_POINT('',(42.15801679192,23.446391348346,-18.9393739925
    ));
#148 = CARTESIAN_POINT('',(42.089549921402,24.169269372356,
    -17.41777056511));
#149 = CARTESIAN_POINT('',(42.030468951801,24.968700615252,
    -15.51799562735));
#150 = CARTESIAN_POINT('',(41.934857663575,26.610150591114,
    -11.25498120702));
#151 = CARTESIAN_POINT('',(41.898327344952,27.452169324079,
    -8.891741724449));
#152 = CARTESIAN_POINT('',(41.828230639266,29.876328336526,
    -1.546144173366));
#153 = CARTESIAN_POINT('',(41.846014228634,34.31705761562,
    14.168567342228));
#154 = CARTESIAN_POINT('',(42.892269496668,33.049192489636,
    27.904626713813));
#155 = CARTESIAN_POINT('',(44.958360848311,26.159992402768,
    45.095117683956));
#156 = CARTESIAN_POINT('',(46.205054758897,21.082200783285,
    56.286458242738));
#157 = CARTESIAN_POINT('',(46.570140295234,19.404454984401,
    59.733317150862));
#158 = CARTESIAN_POINT('',(47.112413232268,16.327014652457,
    65.66370147975));
#159 = CARTESIAN_POINT('',(47.289600632965,14.927320119396,
    68.147226900515));
#160 = CARTESIAN_POINT('',(47.329368998547,13.790825444547,
    69.951006778726));
#161 = CARTESIAN_POINT('',(35.115644083716,23.446356681076,
    -18.2210121764));
#162 = CARTESIAN_POINT('',(35.043901906435,24.169246700725,
    -16.73019293983));
#163 = CARTESIAN_POINT('',(34.985735993063,24.968693150861,
    -14.8698536748));
#164 = CARTESIAN_POINT('',(34.894328103792,26.614552622642,
    -10.69774715968));
#165 = CARTESIAN_POINT('',(34.861086127893,27.460965644287,
    -8.385979909586));
#166 = CARTESIAN_POINT('',(34.795403220883,29.911435132286,
    -1.204954289438));
#167 = CARTESIAN_POINT('',(34.800209489616,34.457295800546,
    14.139992430263));
#168 = CARTESIAN_POINT('',(35.355364930434,33.889561341003,
    27.372656716462));
#169 = CARTESIAN_POINT('',(36.625104108489,27.497337389056,
    43.939930170047));
#170 = CARTESIAN_POINT('',(37.522344992024,22.447443828113,
    55.260868831615));
#171 = CARTESIAN_POINT('',(37.812248036534,20.721525041635,58.8504289807
    ));
#172 = CARTESIAN_POINT('',(38.312921448965,17.512951944206,
    65.103469688024));
#173 = CARTESIAN_POINT('',(38.523691816884,16.030297633256,
    67.766950246261));
#174 = CARTESIAN_POINT('',(38.664506758214,14.833528730664,
    69.688437285085));
#175 = CARTESIAN_POINT('',(26.852231678018,23.446314530854,
    -17.37413127994));
#176 = CARTESIAN_POINT('',(26.850701152955,24.169218854288,
    -15.92667280675));
#177 = CARTESIAN_POINT('',(26.849008536156,24.968683058837,
    -14.11734971525));
#178 = CARTESIAN_POINT('',(26.845513376432,26.619532259322,
    -10.05769439582));
#179 = CARTESIAN_POINT('',(26.843710833506,27.470917255258,
    -7.807362167896));
#180 = CARTESIAN_POINT('',(26.838459701556,29.95115497388,
    -0.818931929686));
#181 = CARTESIAN_POINT('',(26.828583424965,34.615961334381,
    14.10766276439));
#182 = CARTESIAN_POINT('',(26.828108341239,34.840354967513,
    26.770785666444));
#183 = CARTESIAN_POINT('',(26.841199880431,28.656901645692,
    43.462743952149));
#184 = CARTESIAN_POINT('',(26.851727661787,23.684373691786,
    54.934150376221));
#185 = CARTESIAN_POINT('',(26.855355110066,21.97104138006,
    58.583358802544));
#186 = CARTESIAN_POINT('',(26.862122594718,18.774593289608,
    64.947903262334));
#187 = CARTESIAN_POINT('',(26.865262631092,17.291477510882,
    67.663239295801));
#188 = CARTESIAN_POINT('',(26.867797067733,16.094401258912,
    69.619296651446));
#189 = CARTESIAN_POINT('',(18.588893174821,23.41136642628,-18.2210121764
    ));
#190 = CARTESIAN_POINT('',(18.657573733102,24.134553747396,
    -16.73019293983));
#191 = CARTESIAN_POINT('',(18.712353981775,24.934239325901,
    -14.8698536748));
#192 = CARTESIAN_POINT('',(18.796791891767,26.58047109647,
    -10.69774715968));
#193 = CARTESIAN_POINT('',(18.826449553086,27.427017288533,
    -8.385979909586));
#194 = CARTESIAN_POINT('',(18.881755703803,29.877742933232,
    -1.204954289438));
#195 = CARTESIAN_POINT('',(18.857700672274,34.423542496664,
    14.139992430263));
#196 = CARTESIAN_POINT('',(18.30495419989,33.853462399407,
    27.372656716462));
#197 = CARTESIAN_POINT('',(17.062293375778,27.455919221878,
    43.939930170047));
#198 = CARTESIAN_POINT('',(16.186443598034,22.402271692937,
    55.260868831615));
#199 = CARTESIAN_POINT('',(15.903851312176,20.675140825658,
    58.850428980701));
#200 = CARTESIAN_POINT('',(15.416768638518,17.464476461935,
    65.103469688024));
#201 = CARTESIAN_POINT('',(15.212278250719,15.980942965492,
    67.766950246261));
#202 = CARTESIAN_POINT('',(15.07653212092,14.78358853085,69.688437285085
    ));
#203 = CARTESIAN_POINT('',(11.546583454259,23.381581159214,
    -18.9393739925));
#204 = CARTESIAN_POINT('',(11.611988785933,24.104742615974,
    -17.41777056511));
#205 = CARTESIAN_POINT('',(11.667684147025,24.904416862052,
    -15.51799562735));
#206 = CARTESIAN_POINT('',(11.756344089677,26.546256974932,
    -11.25498120702));
#207 = CARTESIAN_POINT('',(11.789308671236,27.388422841734,
    -8.891741724449));
#208 = CARTESIAN_POINT('',(11.849139989057,29.812856936359,
    -1.546144173366));
#209 = CARTESIAN_POINT('',(11.812552917275,34.253471102488,
    14.168567342228));
#210 = CARTESIAN_POINT('',(10.771675624921,32.981187122461,
    27.904626713813));
#211 = CARTESIAN_POINT('',(8.734774141821,26.083300224405,
    45.095117683956));
#212 = CARTESIAN_POINT('',(7.509592600246,21.000275177469,
    56.286458242738));
#213 = CARTESIAN_POINT('',(7.151614514846,19.320998516258,
    59.733317150861));
#214 = CARTESIAN_POINT('',(6.62237742632,16.241289595103,65.66370147975)
  );
#215 = CARTESIAN_POINT('',(6.451118423194,14.840857335158,
    68.147226900515));
#216 = CARTESIAN_POINT('',(6.41616274055,13.704204455378,69.951006778726
    ));
#217 = CARTESIAN_POINT('',(8.479785044884,23.388590164765,
    -18.97097472296));
#218 = CARTESIAN_POINT('',(8.53924499325,24.073153681617,-17.52164969485
    ));
#219 = CARTESIAN_POINT('',(8.535725780474,24.827423707094,
    -15.70123792621));
#220 = CARTESIAN_POINT('',(8.577723284111,26.419974918245,
    -11.41880279981));
#221 = CARTESIAN_POINT('',(8.589484162775,27.218354368199,
    -9.097219723925));
#222 = CARTESIAN_POINT('',(8.592521910959,29.487428594148,
    -1.769078194324));
#223 = CARTESIAN_POINT('',(8.538570118919,33.798194095429,
    14.083178346815));
#224 = CARTESIAN_POINT('',(7.284941695968,32.220682296392,
    28.119908951277));
#225 = CARTESIAN_POINT('',(4.739247871816,25.27376316908,45.383417912154
    ));
#226 = CARTESIAN_POINT('',(3.197376193955,20.460840363385,
    56.181807422843));
#227 = CARTESIAN_POINT('',(2.823497473504,18.863730697604,
    59.482705054297));
#228 = CARTESIAN_POINT('',(2.386558570897,15.808960287322,
    65.453973120604));
#229 = CARTESIAN_POINT('',(2.435241069453,14.47696314859,67.881875844053
    ));
#230 = CARTESIAN_POINT('',(2.510228864747,13.316175508205,
    69.836533619225));
#231 = CARTESIAN_POINT('',(7.588100288307,23.397487933361,
    -18.87873839384));
#232 = CARTESIAN_POINT('',(7.587826518967,24.052278653914,
    -17.49093944936));
#233 = CARTESIAN_POINT('',(7.573370894921,24.779428829971,
    -15.69832383834));
#234 = CARTESIAN_POINT('',(7.574409952178,26.324244243854,-11.4593725825
    ));
#235 = CARTESIAN_POINT('',(7.575095699524,27.100439002549,
    -9.155624933099));
#236 = CARTESIAN_POINT('',(7.550264181473,29.330121589449,
    -1.852112714476));
#237 = CARTESIAN_POINT('',(7.48867436599,33.584728208081,14.038102606444
    ));
#238 = CARTESIAN_POINT('',(6.169347946073,31.91311948977,28.183219236897
    ));
#239 = CARTESIAN_POINT('',(3.435444672977,24.983379557873,
    45.431302400094));
#240 = CARTESIAN_POINT('',(1.827486703995,20.239025008288,
    56.130644788236));
#241 = CARTESIAN_POINT('',(1.45852787679,18.672002533144,59.40044366469)
  );
#242 = CARTESIAN_POINT('',(1.09693435534,15.667631653765,65.347690551082
    ));
#243 = CARTESIAN_POINT('',(1.158696339486,14.349083984052,
    67.787820619559));
#244 = CARTESIAN_POINT('',(1.399816067514,13.21512947561,69.758503754943
    ));
#245 = CARTESIAN_POINT('',(6.039752649694,23.42859845516,-18.48703810796
    ));
#246 = CARTESIAN_POINT('',(5.882704653012,23.99469676244,-17.22769931757
    ));
#247 = CARTESIAN_POINT('',(5.808101576977,24.641358788969,
    -15.54274832002));
#248 = CARTESIAN_POINT('',(5.713897149816,26.039248789832,
    -11.49324769807));
#249 = CARTESIAN_POINT('',(5.689356668735,26.754018465905,
    -9.265484027519));
#250 = CARTESIAN_POINT('',(5.658332315361,28.869593762955,
    -2.041307503497));
#251 = CARTESIAN_POINT('',(5.576028902577,32.974193003163,
    13.897857980216));
#252 = CARTESIAN_POINT('',(4.145318294719,31.143591942064,
    28.279742667326));
#253 = CARTESIAN_POINT('',(1.05044185214,24.28997311751,45.521271729683)
  );
#254 = CARTESIAN_POINT('',(-0.683904952945,19.669516496525,
    56.135763975767));
#255 = CARTESIAN_POINT('',(-1.020823748097,18.196779947523,
    59.296903910558));
#256 = CARTESIAN_POINT('',(-1.186440183587,15.377773861681,
    65.091264888255));
#257 = CARTESIAN_POINT('',(-1.005746382189,14.109980536849,
    67.55916017632));
#258 = CARTESIAN_POINT('',(-0.473194097453,13.066333055977,
    69.520633645112));
#259 = CARTESIAN_POINT('',(5.376915710073,23.451005168595,
    -18.18497865969));
#260 = CARTESIAN_POINT('',(5.165449161575,23.956064886645,
    -17.00024089679));
#261 = CARTESIAN_POINT('',(5.066722793021,24.554017045439,
    -15.37131939353));
#262 = CARTESIAN_POINT('',(4.921618783109,25.847623428571,
    -11.45715320183));
#263 = CARTESIAN_POINT('',(4.879412185756,26.517006616728,-9.25886383408
    ));
#264 = CARTESIAN_POINT('',(4.808658178736,28.56637294116,-2.147467772366
    ));
#265 = CARTESIAN_POINT('',(4.713279192092,32.577123685594,
    13.802689094357));
#266 = CARTESIAN_POINT('',(3.236882393261,30.681627200979,
    28.312955812135));
#267 = CARTESIAN_POINT('',(-3.075776985691E-02,23.886950288354,
    45.563356571332));
#268 = CARTESIAN_POINT('',(-1.712998362842,19.367086634064,
    56.022891456202));
#269 = CARTESIAN_POINT('',(-2.031329651057,17.94978042393,
    59.180849366738));
#270 = CARTESIAN_POINT('',(-2.096386385992,15.255702935191,
    64.904545864714));
#271 = CARTESIAN_POINT('',(-1.835138978652,13.996247152979,
    67.439331526412));
#272 = CARTESIAN_POINT('',(-1.243615048184,13.018078055525,
    69.359225915804));
#273 = CARTESIAN_POINT('',(4.859099983419,23.495840544942,-17.664568253)
  );
#274 = CARTESIAN_POINT('',(4.633448454411,23.942006169129,
    -16.50112771266));
#275 = CARTESIAN_POINT('',(4.49631456568,24.457848762604,-14.98910850678
    ));
#276 = CARTESIAN_POINT('',(4.29034550679,25.576289356105,-11.42777406856
    ));
#277 = CARTESIAN_POINT('',(4.220503204444,26.182829693184,
    -9.366776458696));
#278 = CARTESIAN_POINT('',(4.108286005094,28.166069192898,-2.26803061012
    ));
#279 = CARTESIAN_POINT('',(3.996243677526,32.058157822799,13.67403980491
    ));
#280 = CARTESIAN_POINT('',(2.488953447151,30.119321723366,
    28.324522276337));
#281 = CARTESIAN_POINT('',(-0.917392706174,23.391826167346,
    45.647857354816));
#282 = CARTESIAN_POINT('',(-2.559098574974,18.959377519506,
    56.124239197729));
#283 = CARTESIAN_POINT('',(-2.812792943104,17.622420127407,
    59.186147407889));
#284 = CARTESIAN_POINT('',(-2.753623271217,15.152755751195,
    64.627831384264));
#285 = CARTESIAN_POINT('',(-2.43648796977,13.999475879533,
    67.051403148282));
#286 = CARTESIAN_POINT('',(-1.809490859158,13.086384282526,
    68.940693923682));
#287 = DEFINITIONAL_REPRESENTATION('',(#288),#314);
#288 = B_SPLINE_CURVE_WITH_KNOTS('',3,(#289,#290,#291,#292,#293,#294,
    #295,#296,#297,#298,#299,#300,#301,#302,#303,#304,#305,#306,#307,
    #308,#309,#310,#311,#312,#313),.UNSPECIFIED.,.F.,.F.,(4,1,1,1,1,1,1,
    1,1,1,1,1,1,1,1,1,1,1,1,1,1,1,4),(-1.721560626601,-1.645739950993,
    -1.569919275385,-1.494098599776,-1.418277924168,-1.34245724856,
    -1.266636572952,-1.190815897344,-1.114995221735,-1.039174546127,
    -0.963353870519,-0.887533194911,-0.811712519303,-0.735891843694,
    -0.660071168086,-0.584250492478,-0.50842981687,-0.432609141262,
    -0.356788465653,-0.280967790045,-0.205147114437,-0.129326438829,
    -5.350576322048E-02),.UNSPECIFIED.);
#289 = CARTESIAN_POINT('',(1.058936483254,1.684619973126));
#290 = CARTESIAN_POINT('',(1.059223605618,1.679061398783));
#291 = CARTESIAN_POINT('',(1.059803425768,1.667976957542));
#292 = CARTESIAN_POINT('',(1.060689577892,1.651443476258));
#293 = CARTESIAN_POINT('',(1.061591854036,1.634997979673));
#294 = CARTESIAN_POINT('',(1.062509933602,1.618636161345));
#295 = CARTESIAN_POINT('',(1.063443479688,1.602354202613));
#296 = CARTESIAN_POINT('',(1.064392135976,1.586148800521));
#297 = CARTESIAN_POINT('',(1.06535552618,1.570017093461));
#298 = CARTESIAN_POINT('',(1.066333252834,1.55395662491));
#299 = CARTESIAN_POINT('',(1.06732489628,1.537965305903));
#300 = CARTESIAN_POINT('',(1.068330013647,1.522041385495));
#301 = CARTESIAN_POINT('',(1.069348137803,1.506183425231));
#302 = CARTESIAN_POINT('',(1.07037877663,1.490390279261));
#303 = CARTESIAN_POINT('',(1.071421410913,1.474661072095));
#304 = CARTESIAN_POINT('',(1.072475493637,1.458995185469));
#305 = CARTESIAN_POINT('',(1.073540449914,1.443392250209));
#306 = CARTESIAN_POINT('',(1.074615676036,1.427852136823));
#307 = CARTESIAN_POINT('',(1.075700538862,1.412374949164));
#308 = CARTESIAN_POINT('',(1.076794375124,1.396961020666));
#309 = CARTESIAN_POINT('',(1.077896491222,1.381610909921));
#310 = CARTESIAN_POINT('',(1.079006161763,1.366325408146));
#311 = CARTESIAN_POINT('',(1.080122633265,1.35110551078));
#312 = CARTESIAN_POINT('',(1.080870950547,1.341003524384));
#313 = CARTESIAN_POINT('',(1.081245979218,1.335963887903));
#314 = ( GEOMETRIC_REPRESENTATION_CONTEXT(2) 
PARAMETRIC_REPRESENTATION_CONTEXT() REPRESENTATION_CONTEXT('2D SPACE',''
  ) );
#315 = ORIENTED_EDGE('',*,*,#316,.T.);
#316 = EDGE_CURVE('',#52,#317,#319,.T.);
#317 = VERTEX_POINT('',#318);
#318 = CARTESIAN_POINT('',(25.299693446657,10.,59.285214100405));
#319 = SURFACE_CURVE('',#320,(#324,#331),.PCURVE_S1.);
#320 = LINE('',#321,#322);
#321 = CARTESIAN_POINT('',(25.299693446657,50.,59.285214100405));
#322 = VECTOR('',#323,1.);
#323 = DIRECTION('',(0.,-1.,0.));
#324 = PCURVE('',#63,#325);
#325 = DEFINITIONAL_REPRESENTATION('',(#326),#330);
#326 = LINE('',#327,#328);
#327 = CARTESIAN_POINT('',(0.,0.));
#328 = VECTOR('',#329,1.);
#329 = DIRECTION('',(-0.,1.));
#330 = ( GEOMETRIC_REPRESENTATION_CONTEXT(2) 
PARAMETRIC_REPRESENTATION_CONTEXT() REPRESENTATION_CONTEXT('2D SPACE',''
  ) );
#331 = PCURVE('',#332,#337);
#332 = PLANE('',#333);
#333 = AXIS2_PLACEMENT_3D('',#334,#335,#336);
#334 = CARTESIAN_POINT('',(30.612366370272,50.,59.159542754746));
#335 = DIRECTION('',(2.36483973148E-02,0.,0.999720337547));
#336 = DIRECTION('',(-0.999720337547,0.,2.36483973148E-02));
#337 = DEFINITIONAL_REPRESENTATION('',(#338),#342);
#338 = LINE('',#339,#340);
#339 = CARTESIAN_POINT('',(5.314159094385,0.));
#340 = VECTOR('',#341,1.);
#341 = DIRECTION('',(0.,1.));
#342 = ( GEOMETRIC_REPRESENTATION_CONTEXT(2) 
PARAMETRIC_REPRESENTATION_CONTEXT() REPRESENTATION_CONTEXT('2D SPACE',''
  ) );
#343 = ORIENTED_EDGE('',*,*,#344,.T.);
#344 = EDGE_CURVE('',#317,#345,#347,.T.);
#345 = VERTEX_POINT('',#346);
#346 = CARTESIAN_POINT('',(24.929595930989,10.,43.639586687954));
#347 = SURFACE_CURVE('',#348,(#352,#359),.PCURVE_S1.);
#348 = LINE('',#349,#350);
#349 = CARTESIAN_POINT('',(25.299693446657,10.,59.285214100405));
#350 = VECTOR('',#351,1.);
#351 = DIRECTION('',(-2.36483973148E-02,0.,-0.999720337547));
#352 = PCURVE('',#63,#353);
#353 = DEFINITIONAL_REPRESENTATION('',(#354),#358);
#354 = LINE('',#355,#356);
#355 = CARTESIAN_POINT('',(-0.,40.));
#356 = VECTOR('',#357,1.);
#357 = DIRECTION('',(1.,0.));
#358 = ( GEOMETRIC_REPRESENTATION_CONTEXT(2) 
PARAMETRIC_REPRESENTATION_CONTEXT() REPRESENTATION_CONTEXT('2D SPACE',''
  ) );
#359 = PCURVE('',#360,#365);
#360 = PLANE('',#361);
#361 = AXIS2_PLACEMENT_3D('',#362,#363,#364);
#362 = CARTESIAN_POINT('',(27.77098115063,10.,51.39956472135));
#363 = DIRECTION('',(0.,-1.,0.));
#364 = DIRECTION('',(0.,0.,-1.));
#365 = DEFINITIONAL_REPRESENTATION('',(#366),#370);
#366 = LINE('',#367,#368);
#367 = CARTESIAN_POINT('',(-7.885649379055,-2.471287703973));
#368 = VECTOR('',#369,1.);
#369 = DIRECTION('',(0.999720337547,-2.36483973148E-02));
#370 = ( GEOMETRIC_REPRESENTATION_CONTEXT(2) 
PARAMETRIC_REPRESENTATION_CONTEXT() REPRESENTATION_CONTEXT('2D SPACE',''
  ) );
#371 = ORIENTED_EDGE('',*,*,#372,.F.);
#372 = EDGE_CURVE('',#54,#345,#373,.T.);
#373 = SURFACE_CURVE('',#374,(#378,#385),.PCURVE_S1.);
#374 = LINE('',#375,#376);
#375 = CARTESIAN_POINT('',(24.929595930989,50.,43.639586687954));
#376 = VECTOR('',#377,1.);
#377 = DIRECTION('',(0.,-1.,0.));
#378 = PCURVE('',#63,#379);
#379 = DEFINITIONAL_REPRESENTATION('',(#380),#384);
#380 = LINE('',#381,#382);
#381 = CARTESIAN_POINT('',(15.650004131001,0.));
#382 = VECTOR('',#383,1.);
#383 = DIRECTION('',(-0.,1.));
#384 = ( GEOMETRIC_REPRESENTATION_CONTEXT(2) 
PARAMETRIC_REPRESENTATION_CONTEXT() REPRESENTATION_CONTEXT('2D SPACE',''
  ) );
#385 = PCURVE('',#386,#391);
#386 = PLANE('',#387);
#387 = AXIS2_PLACEMENT_3D('',#388,#389,#390);
#388 = CARTESIAN_POINT('',(24.929595930989,50.,43.639586687954));
#389 = DIRECTION('',(-2.36483973148E-02,0.,-0.999720337547));
#390 = DIRECTION('',(0.999720337547,0.,-2.36483973148E-02));
#391 = DEFINITIONAL_REPRESENTATION('',(#392),#396);
#392 = LINE('',#393,#394);
#393 = CARTESIAN_POINT('',(0.,0.));
#394 = VECTOR('',#395,1.);
#395 = DIRECTION('',(0.,1.));
#396 = ( GEOMETRIC_REPRESENTATION_CONTEXT(2) 
PARAMETRIC_REPRESENTATION_CONTEXT() REPRESENTATION_CONTEXT('2D SPACE',''
  ) );
#397 = ADVANCED_FACE('',(#398,#1412,#1746),#76,.T.);
#398 = FACE_BOUND('',#399,.T.);
#399 = EDGE_LOOP('',(#400,#663,#908,#1169));
#400 = ORIENTED_EDGE('',*,*,#401,.F.);
#401 = EDGE_CURVE('',#402,#404,#406,.T.);
#402 = VERTEX_POINT('',#403);
#403 = CARTESIAN_POINT('',(4.859099983419,23.495840544942,-17.664568253)
  );
#404 = VERTEX_POINT('',#405);
#405 = CARTESIAN_POINT('',(48.84495649463,23.588966915347,-17.664568253)
  );
#406 = SURFACE_CURVE('',#407,(#423,#430),.PCURVE_S1.);
#407 = ( BOUNDED_CURVE() B_SPLINE_CURVE(3,(#408,#409,#410,#411,#412,#413
    ,#414,#415,#416,#417,#418,#419,#420,#421,#422),.UNSPECIFIED.,.F.,.F.
) B_SPLINE_CURVE_WITH_KNOTS((4,2,2,1,1,1,2,2,4),(-2.,-1.875,-1.75,-1.5,
-1.,-0.5,-0.25,-0.125,0.),.UNSPECIFIED.) CURVE() 
GEOMETRIC_REPRESENTATION_ITEM() RATIONAL_B_SPLINE_CURVE((1.,
    1.000162521285,1.004388951459,1.008265268345,1.007915155057,1.,1.,1.
    ,1.,1.,1.007922887859,1.008273494138,1.004393994018,1.000163887618,
1.)) REPRESENTATION_ITEM('') );
#408 = CARTESIAN_POINT('',(4.859099983419,23.495840544942,-17.664568253)
  );
#409 = CARTESIAN_POINT('',(5.376915710073,23.451005168595,
    -18.18497865969));
#410 = CARTESIAN_POINT('',(6.039752649694,23.42859845516,-18.48703810796
    ));
#411 = CARTESIAN_POINT('',(7.588100288307,23.397487933361,
    -18.87873839384));
#412 = CARTESIAN_POINT('',(8.479785044884,23.388590164765,
    -18.97097472296));
#413 = CARTESIAN_POINT('',(11.546583454259,23.381581159214,
    -18.9393739925));
#414 = CARTESIAN_POINT('',(18.588893174821,23.41136642628,-18.2210121764
    ));
#415 = CARTESIAN_POINT('',(26.852231678018,23.446314530854,
    -17.37413127994));
#416 = CARTESIAN_POINT('',(35.115644083716,23.446356681076,
    -18.2210121764));
#417 = CARTESIAN_POINT('',(42.15801679192,23.446391348346,-18.9393739925
    ));
#418 = CARTESIAN_POINT('',(45.224941445877,23.46429936742,
    -18.97537196109));
#419 = CARTESIAN_POINT('',(46.116586126038,23.476815508633,
    -18.88346922614));
#420 = CARTESIAN_POINT('',(47.6647131536,23.515235342833,-18.49018974465
    ));
#421 = CARTESIAN_POINT('',(48.327373701275,23.541366925703,
    -18.18619927172));
#422 = CARTESIAN_POINT('',(48.84495649463,23.588966915347,-17.664568253)
  );
#423 = PCURVE('',#76,#424);
#424 = DEFINITIONAL_REPRESENTATION('',(#425),#429);
#425 = LINE('',#426,#427);
#426 = CARTESIAN_POINT('',(4.440892098501E-16,-2.52482030975E-16));
#427 = VECTOR('',#428,1.);
#428 = DIRECTION('',(-1.,-9.653095416559E-17));
#429 = ( GEOMETRIC_REPRESENTATION_CONTEXT(2) 
PARAMETRIC_REPRESENTATION_CONTEXT() REPRESENTATION_CONTEXT('2D SPACE',''
  ) );
#430 = PCURVE('',#431,#657);
#431 = ( BOUNDED_SURFACE() B_SPLINE_SURFACE(3,3,(
    (#432,#433,#434,#435,#436,#437,#438,#439,#440,#441,#442,#443,#444
      ,#445,#446)
    ,(#447,#448,#449,#450,#451,#452,#453,#454,#455,#456,#457,#458,#459
      ,#460,#461)
    ,(#462,#463,#464,#465,#466,#467,#468,#469,#470,#471,#472,#473,#474
      ,#475,#476)
    ,(#477,#478,#479,#480,#481,#482,#483,#484,#485,#486,#487,#488,#489
      ,#490,#491)
    ,(#492,#493,#494,#495,#496,#497,#498,#499,#500,#501,#502,#503,#504
      ,#505,#506)
    ,(#507,#508,#509,#510,#511,#512,#513,#514,#515,#516,#517,#518,#519
      ,#520,#521)
    ,(#522,#523,#524,#525,#526,#527,#528,#529,#530,#531,#532,#533,#534
      ,#535,#536)
    ,(#537,#538,#539,#540,#541,#542,#543,#544,#545,#546,#547,#548,#549
      ,#550,#551)
    ,(#552,#553,#554,#555,#556,#557,#558,#559,#560,#561,#562,#563,#564
      ,#565,#566)
    ,(#567,#568,#569,#570,#571,#572,#573,#574,#575,#576,#577,#578,#579
      ,#580,#581)
    ,(#582,#583,#584,#585,#586,#587,#588,#589,#590,#591,#592,#593,#594
      ,#595,#596)
    ,(#597,#598,#599,#600,#601,#602,#603,#604,#605,#606,#607,#608,#609
      ,#610,#611)
    ,(#612,#613,#614,#615,#616,#617,#618,#619,#620,#621,#622,#623,#624
      ,#625,#626)
    ,(#627,#628,#629,#630,#631,#632,#633,#634,#635,#636,#637,#638,#639
      ,#640,#641)
    ,(#642,#643,#644,#645,#646,#647,#648,#649,#650,#651,#652,#653,#654
      ,#655,#656
)),.UNSPECIFIED.,.F.,.F.,.F.) B_SPLINE_SURFACE_WITH_KNOTS((4,2,2,1,1,1,2
    ,2,4),(4,2,2,1,1,1,2,2,4),(0.,0.125,0.25,0.5,1.,1.5,1.75,1.875,2.),(
    0.,0.125,0.25,0.5,1.,1.5,1.75,1.875,2.),.UNSPECIFIED.) 
GEOMETRIC_REPRESENTATION_ITEM() RATIONAL_B_SPLINE_SURFACE((
    (1.,1.000163887618,1.004393994018,1.008273494138,1.007922887859,1.
      ,1.,1.,1.,1.,1.007915155057,1.008265268345,1.004388951459
      ,1.000162521285,1.)
    ,(1.000162521285,0.998991842896,1.003907672739,1.008655475028
      ,1.00811354069,1.,1.,1.,1.,1.,1.007960170418,1.00853665823
      ,1.00388618586,0.998991842896,1.000163887618)
    ,(1.004388951459,1.00388618586,1.005147838995,1.007763531078
      ,1.006865670099,1.,1.,1.,1.,1.,1.006565737365,1.007585961345
      ,1.005147838995,1.003907672739,1.004393994018)
    ,(1.008265268345,1.00853665823,1.007585961345,1.009594724571
      ,1.009235827871,1.,1.,1.,1.,1.,1.00908267678,1.009594724571
      ,1.007763531078,1.008655475028,1.008273494138)
    ,(1.007915155057,1.007960170418,1.006565737365,1.00908267678
      ,1.008785211166,1.,1.,1.,1.,1.,1.008785211166,1.009235827871
      ,1.006865670099,1.00811354069,1.007922887859)
    ,(1.,1.,1.,1.,1.,1.,1.,1.,1.,1.,1.,1.,1.,1.,1.)
    ,(1.,1.,1.,1.,1.,1.,1.,1.,1.,1.,1.,1.,1.,1.,1.)
    ,(1.,1.,1.,1.,1.,1.,1.,1.,1.,1.,1.,1.,1.,1.,1.)
    ,(1.,1.,1.,1.,1.,1.,1.,1.,1.,1.,1.,1.,1.,1.,1.)
    ,(1.,1.,1.,1.,1.,1.,1.,1.,1.,1.,1.,1.,1.,1.,1.)
    ,(1.007922887859,1.00811354069,1.006865670099,1.009235827871
      ,1.008785211166,1.,1.,1.,1.,1.,1.008785211166,1.00908267678
      ,1.006565737365,1.007960170418,1.007915155057)
    ,(1.008273494138,1.008655475028,1.007763531078,1.009594724571
      ,1.00908267678,1.,1.,1.,1.,1.,1.009235827871,1.009594724571
      ,1.007585961345,1.00853665823,1.008265268345)
    ,(1.004393994018,1.003907672739,1.005147838995,1.007585961345
      ,1.006565737365,1.,1.,1.,1.,1.,1.006865670099,1.007763531078
      ,1.005147838995,1.00388618586,1.004388951459)
    ,(1.000163887618,0.998991842896,1.00388618586,1.00853665823
      ,1.007960170418,1.,1.,1.,1.,1.,1.00811354069,1.008655475028
      ,1.003907672739,0.998991842896,1.000162521285)
    ,(1.,1.000162521285,1.004388951459,1.008265268345,1.007915155057,1.
      ,1.,1.,1.,1.,1.007922887859,1.008273494138,1.004393994018
,1.000163887618,1.))) REPRESENTATION_ITEM('') SURFACE() );
#432 = CARTESIAN_POINT('',(50.170947989572,3.295713264278,
    -5.506402785845));
#433 = CARTESIAN_POINT('',(50.394234776375,3.454159779915,
    -6.096839948922));
#434 = CARTESIAN_POINT('',(50.543450955813,3.658571678922,
    -6.647464466597));
#435 = CARTESIAN_POINT('',(50.778397170894,4.149344007418,
    -7.776403710225));
#436 = CARTESIAN_POINT('',(50.865439326368,4.437619432307,
    -8.359742552807));
#437 = CARTESIAN_POINT('',(51.038551784851,5.443866629929,
    -10.19127801206));
#438 = CARTESIAN_POINT('',(51.198892577523,7.860532362748,
    -14.21176264156));
#439 = CARTESIAN_POINT('',(51.466127231976,11.888308584113,
    -20.9125703574));
#440 = CARTESIAN_POINT('',(50.656888713145,17.051405955471,
    -20.38695705705));
#441 = CARTESIAN_POINT('',(50.171345601846,20.149264378286,
    -20.07158907684));
#442 = CARTESIAN_POINT('',(49.840102995871,21.537470563329,
    -19.63466694719));
#443 = CARTESIAN_POINT('',(49.698468439862,21.971778538306,
    -19.39768084203));
#444 = CARTESIAN_POINT('',(49.349060543236,22.795964539004,
    -18.73517191246));
#445 = CARTESIAN_POINT('',(49.139432048808,23.189441678284,
    -18.30588687051));
#446 = CARTESIAN_POINT('',(48.84495649463,23.588966915347,-17.664568253)
  );
#447 = CARTESIAN_POINT('',(49.73211301684,3.223830384212,-5.730468324512
    ));
#448 = CARTESIAN_POINT('',(49.949280306674,3.385941557329,
    -6.488630944819));
#449 = CARTESIAN_POINT('',(50.072827701831,3.606122246263,
    -7.186509069596));
#450 = CARTESIAN_POINT('',(50.266553393211,4.147186912434,
    -8.568575164826));
#451 = CARTESIAN_POINT('',(50.332115348911,4.456604965657,
    -9.232388535629));
#452 = CARTESIAN_POINT('',(50.46809502256,5.471639560732,-11.14696753637
    ));
#453 = CARTESIAN_POINT('',(50.608449982021,7.909138393423,-15.2592193091
    ));
#454 = CARTESIAN_POINT('',(50.842374914457,11.971636447906,
    -22.11297226365));
#455 = CARTESIAN_POINT('',(50.030241049891,16.885624085407,
    -21.70602316565));
#456 = CARTESIAN_POINT('',(49.542960731151,19.834016667908,
    -21.46185370684));
#457 = CARTESIAN_POINT('',(49.243191991052,21.187813929468,
    -20.97315644849));
#458 = CARTESIAN_POINT('',(49.121089976094,21.649795324159,
    -20.6753242379));
#459 = CARTESIAN_POINT('',(48.80631667246,22.592374101687,
    -19.74169697958));
#460 = CARTESIAN_POINT('',(48.620326086185,23.058199879674,
    -19.1088471943));
#461 = CARTESIAN_POINT('',(48.327373701275,23.541366925703,
    -18.18619927172));
#462 = CARTESIAN_POINT('',(49.170629905527,3.178946673675,
    -5.878750814371));
#463 = CARTESIAN_POINT('',(49.350299350781,3.351718998749,
    -6.772998605396));
#464 = CARTESIAN_POINT('',(49.454775129508,3.580397357668,
    -7.585630057991));
#465 = CARTESIAN_POINT('',(49.612947382192,4.139030850113,
    -9.126743790038));
#466 = CARTESIAN_POINT('',(49.666896022675,4.449783101986,
    -9.841062879754));
#467 = CARTESIAN_POINT('',(49.766919785026,5.492466835347,
    -11.85310879289));
#468 = CARTESIAN_POINT('',(49.891214239473,7.94559037621,-16.02621650802
    ));
#469 = CARTESIAN_POINT('',(50.098371663552,12.034129610982,
    -22.98139603322));
#470 = CARTESIAN_POINT('',(49.262504334151,16.761284433668,
    -22.66026030629));
#471 = CARTESIAN_POINT('',(48.760983936511,19.59757732728,
    -22.46757887013));
#472 = CARTESIAN_POINT('',(48.48578206139,20.959374328955,
    -21.92569754118));
#473 = CARTESIAN_POINT('',(48.371867631072,21.432266725006,
    -21.55870681398));
#474 = CARTESIAN_POINT('',(48.087786045823,22.439614314943,
    -20.41974810885));
#475 = CARTESIAN_POINT('',(47.91624793338,22.960906016733,
    -19.61595731385));
#476 = CARTESIAN_POINT('',(47.6647131536,23.515235342833,-18.49018974465
    ));
#477 = CARTESIAN_POINT('',(47.83070356386,3.112074711981,-6.093901968468
    ));
#478 = CARTESIAN_POINT('',(47.886756842394,3.301812874531,
    -7.174030290454));
#479 = CARTESIAN_POINT('',(47.952280038359,3.545136014287,
    -8.134738499243));
#480 = CARTESIAN_POINT('',(48.03982707766,4.134192716195,-9.92673171603)
  );
#481 = CARTESIAN_POINT('',(48.07605488323,4.458840462004,-10.73680104862
    ));
#482 = CARTESIAN_POINT('',(48.168491597097,5.523702900295,
    -12.89106890427));
#483 = CARTESIAN_POINT('',(48.266553033809,8.000263269955,
    -17.13952170292));
#484 = CARTESIAN_POINT('',(48.429988761662,12.127863886055,
    -24.22027636734));
#485 = CARTESIAN_POINT('',(47.528610630004,16.574768617612,
    -24.02308352598));
#486 = CARTESIAN_POINT('',(46.987783751009,19.242911456547,
    -23.90476782116));
#487 = CARTESIAN_POINT('',(46.686470537848,20.60808781008,
    -23.23031562163));
#488 = CARTESIAN_POINT('',(46.582332335334,21.115510868671,
    -22.75060535808));
#489 = CARTESIAN_POINT('',(46.359646687253,22.229515442033,
    -21.28723614226));
#490 = CARTESIAN_POINT('',(46.231157472034,22.82283763833,
    -20.27387623921));
#491 = CARTESIAN_POINT('',(46.116586126038,23.476815508633,
    -18.88346922614));
#492 = CARTESIAN_POINT('',(47.047010660515,3.089694768635,
    -6.162060656363));
#493 = CARTESIAN_POINT('',(47.053089848508,3.287333311412,
    -7.291954048131));
#494 = CARTESIAN_POINT('',(47.119429959566,3.535007997005,-8.30278035227
    ));
#495 = CARTESIAN_POINT('',(47.17486913298,4.132147051019,-10.17741069614
    ));
#496 = CARTESIAN_POINT('',(47.202261025311,4.460667734281,
    -11.02383939655));
#497 = CARTESIAN_POINT('',(47.271238646702,5.534111690628,
    -13.22288775911));
#498 = CARTESIAN_POINT('',(47.359127570693,8.018484180912,-17.4858296989
    ));
#499 = CARTESIAN_POINT('',(47.505609110678,12.159104998053,
    -24.59073293188));
#500 = CARTESIAN_POINT('',(46.562453641596,16.512592453296,
    -24.43166960503));
#501 = CARTESIAN_POINT('',(45.996560360146,19.124684926441,
    -24.33623160891));
#502 = CARTESIAN_POINT('',(45.706024666078,20.495247852414,
    -23.62070742458));
#503 = CARTESIAN_POINT('',(45.606349101181,21.015641380431,
    -23.09249524205));
#504 = CARTESIAN_POINT('',(45.41143709066,22.162408382074,
    -21.51570331837));
#505 = CARTESIAN_POINT('',(45.286991901984,22.779981457508,
    -20.42675093264));
#506 = CARTESIAN_POINT('',(45.224941445877,23.46429936742,
    -18.97537196109));
#507 = CARTESIAN_POINT('',(44.320142704529,3.054923312735,
    -6.250646026713));
#508 = CARTESIAN_POINT('',(44.325414319373,3.263256334786,
    -7.438982906875));
#509 = CARTESIAN_POINT('',(44.332003837927,3.52367261235,-8.50773734041)
  );
#510 = CARTESIAN_POINT('',(44.347159730603,4.122630050746,
    -10.46587253754));
#511 = CARTESIAN_POINT('',(44.355726104723,4.461171211578,
    -11.35525330113));
#512 = CARTESIAN_POINT('',(44.383402082652,5.554919577344,
    -13.84402192198));
#513 = CARTESIAN_POINT('',(44.446661460775,8.054915841954,
    -18.10406448392));
#514 = CARTESIAN_POINT('',(44.552093757646,12.221576282969,
    -25.20413542048));
#515 = CARTESIAN_POINT('',(43.491989015818,16.388227767637,
    -25.11496156127));
#516 = CARTESIAN_POINT('',(42.855926170722,18.888218658438,
    -25.06145724574));
#517 = CARTESIAN_POINT('',(42.566052450922,20.367873760496,
    -23.90019055687));
#518 = CARTESIAN_POINT('',(42.474120828114,20.899368737291,
    -23.3240159054));
#519 = CARTESIAN_POINT('',(42.304336433871,22.077188519211,
    -21.60440933691));
#520 = CARTESIAN_POINT('',(42.226483662437,22.723513324336,
    -20.46097741989));
#521 = CARTESIAN_POINT('',(42.15801679192,23.446391348346,-18.9393739925
    ));
#522 = CARTESIAN_POINT('',(37.785865847542,3.054867950583,
    -6.186890706471));
#523 = CARTESIAN_POINT('',(37.788995202172,3.263200739172,
    -7.359288756572));
#524 = CARTESIAN_POINT('',(37.79290689546,3.523616724908,-8.408119652531
    ));
#525 = CARTESIAN_POINT('',(37.801903790021,4.122573492101,
    -10.32043071323));
#526 = CARTESIAN_POINT('',(37.806988991295,4.461114273557,
    -11.18391087798));
#527 = CARTESIAN_POINT('',(37.823418103103,5.554861413649,
    -13.58900064101));
#528 = CARTESIAN_POINT('',(37.860970358664,8.054854876715,
    -17.65777724222));
#529 = CARTESIAN_POINT('',(37.923557451266,12.221510648491,
    -24.43907157758));
#530 = CARTESIAN_POINT('',(36.663085122054,16.388153625486,
    -24.31168035013));
#531 = CARTESIAN_POINT('',(35.906801724527,18.888139411683,
    -24.23524561366));
#532 = CARTESIAN_POINT('',(35.569388817494,20.367801596244,
    -23.08846816005));
#533 = CARTESIAN_POINT('',(35.463705980437,20.899300539674,
    -22.52144899462));
#534 = CARTESIAN_POINT('',(35.27270470219,22.077133072266,
    -20.83313062108));
#535 = CARTESIAN_POINT('',(35.187386260998,22.723466661428,
    -19.71183141297));
#536 = CARTESIAN_POINT('',(35.115644083716,23.446356681076,
    -18.2210121764));
#537 = CARTESIAN_POINT('',(26.895404419229,3.054775680329,-6.0806318394)
  );
#538 = CARTESIAN_POINT('',(26.89496334017,3.263108079814,-7.226465172734
    ));
#539 = CARTESIAN_POINT('',(26.894411991346,3.523523579171,
    -8.242090172734));
#540 = CARTESIAN_POINT('',(26.893143889052,4.122479227692,
    -10.07802767273));
#541 = CARTESIAN_POINT('',(26.892427135581,4.461019376856,
    -10.89834017273));
#542 = CARTESIAN_POINT('',(26.890111470521,5.554764474156,
    -13.16396517273));
#543 = CARTESIAN_POINT('',(26.884818521812,8.054753267983,
    -16.91396517273));
#544 = CARTESIAN_POINT('',(26.875996940629,12.221401257695,
    -23.16396517273));
#545 = CARTESIAN_POINT('',(26.867175359449,16.388049247408,
    -23.16396517273));
#546 = CARTESIAN_POINT('',(26.861882410741,18.888038041235,
    -23.16396517273));
#547 = CARTESIAN_POINT('',(26.858749661178,20.367712081496,
    -22.07837131783));
#548 = CARTESIAN_POINT('',(26.857624365456,20.89921670214,
    -21.53557439038));
#549 = CARTESIAN_POINT('',(26.855130636407,22.077065765103,
    -19.90718360804));
#550 = CARTESIAN_POINT('',(26.85376220308,22.72341020742,-18.82158975314
    ));
#551 = CARTESIAN_POINT('',(26.852231678018,23.446314530854,
    -17.37413127994));
#552 = CARTESIAN_POINT('',(16.005040232524,3.008753826752,
    -6.186890706471));
#553 = CARTESIAN_POINT('',(16.001028750137,3.21707149684,-7.359288756572
    ));
#554 = CARTESIAN_POINT('',(15.996014397153,3.477468584449,
    -8.408119652531));
#555 = CARTESIAN_POINT('',(15.98448138529,4.07638188595,-10.32043071323)
  );
#556 = CARTESIAN_POINT('',(15.977962726411,4.414898099842,
    -11.18391087798));
#557 = CARTESIAN_POINT('',(15.956902443879,5.508565867801,
    -13.58900064101));
#558 = CARTESIAN_POINT('',(15.908764655234,8.008377908851,
    -17.65777724222));
#559 = CARTESIAN_POINT('',(15.828535007493,12.174731310599,
    -24.43907157758));
#560 = CARTESIAN_POINT('',(17.071352974595,16.346674226208,
    -24.31168035013));
#561 = CARTESIAN_POINT('',(17.817043754857,18.849839975573,
    -24.23524561366));
#562 = CARTESIAN_POINT('',(18.148188216166,20.330917622422,
    -23.08846816005));
#563 = CARTESIAN_POINT('',(18.251619548465,20.862859300066,
    -22.52144899462));
#564 = CARTESIAN_POINT('',(18.437631748652,22.041490041437,
    -20.83313062108));
#565 = CARTESIAN_POINT('',(18.52021261654,22.688179105164,
    -19.71183141297));
#566 = CARTESIAN_POINT('',(18.588893174821,23.41136642628,-18.2210121764
    ));
#567 = CARTESIAN_POINT('',(9.470821720501,2.981140714606,-6.250646026713
    ));
#568 = CARTESIAN_POINT('',(9.464667996117,3.189449547055,-7.438982906875
    ));
#569 = CARTESIAN_POINT('',(9.456975840637,3.449835587615,-8.50773734041)
  );
#570 = CARTESIAN_POINT('',(9.439283883034,4.048723480905,-10.46587253754
    ));
#571 = CARTESIAN_POINT('',(9.42928408091,4.387225333634,-11.35525330113)
  );
#572 = CARTESIAN_POINT('',(9.396977027894,5.480846703989,-13.84402192198
    ));
#573 = CARTESIAN_POINT('',(9.323132335288,7.980552693371,-18.10406448392
    ));
#574 = CARTESIAN_POINT('',(9.20005784761,12.146729342341,-25.20413542048
    ));
#575 = CARTESIAN_POINT('',(10.242509987588,16.317832337256,
    -25.11496156127));
#576 = CARTESIAN_POINT('',(10.867981271574,18.820494134205,
    -25.06145724574));
#577 = CARTESIAN_POINT('',(11.151587001825,20.301363400632,
    -23.90019055687));
#578 = CARTESIAN_POINT('',(11.241267259951,20.833242884099,
    -23.3240159054));
#579 = CARTESIAN_POINT('',(11.406062820331,22.01177103501,
    -21.60440933691));
#580 = CARTESIAN_POINT('',(11.481178122586,22.658419702453,
    -20.46097741989));
#581 = CARTESIAN_POINT('',(11.546583454259,23.381581159214,
    -18.9393739925));
#582 = CARTESIAN_POINT('',(6.7438032762,3.004984709292,-6.165520755575)
  );
#583 = CARTESIAN_POINT('',(6.737139878201,3.202295786579,-7.296309946611
    ));
#584 = CARTESIAN_POINT('',(6.670069882662,3.449666920791,-8.309794785179
    ));
#585 = CARTESIAN_POINT('',(6.612517880084,4.045850305427,-10.18013873964
    ));
#586 = CARTESIAN_POINT('',(6.583730530246,4.374370018855,-11.02343747341
    ));
#587 = CARTESIAN_POINT('',(6.509254461182,5.447810867163,-13.22288775911
    ));
#588 = CARTESIAN_POINT('',(6.410846600179,7.931788931949,-17.4858296989)
  );
#589 = CARTESIAN_POINT('',(6.246833498506,12.071752373257,
    -24.59073293188));
#590 = CARTESIAN_POINT('',(7.171546283614,16.429194458572,
    -24.43166960503));
#591 = CARTESIAN_POINT('',(7.726373954679,19.043659709761,
    -24.33623160891));
#592 = CARTESIAN_POINT('',(8.009944444751,20.414781610409,-23.6209186682
    ));
#593 = CARTESIAN_POINT('',(8.10747356724,20.936999845709,-23.08698320693
    ));
#594 = CARTESIAN_POINT('',(8.298193292735,22.087109825636,
    -21.50460745739));
#595 = CARTESIAN_POINT('',(8.420330407463,22.704087792934,
    -20.42017029776));
#596 = CARTESIAN_POINT('',(8.479785044884,23.388590164765,
    -18.97097472296));
#597 = CARTESIAN_POINT('',(5.960027634793,3.024092274573,-6.097623910038
    ));
#598 = CARTESIAN_POINT('',(5.903420529691,3.213369353263,-7.178511157898
    ));
#599 = CARTESIAN_POINT('',(5.837151732034,3.456189664632,-8.139383438092
    ));
#600 = CARTESIAN_POINT('',(5.747642137849,4.044332567771,-9.92633052742)
  );
#601 = CARTESIAN_POINT('',(5.710375481008,4.368838157051,-10.73313822014
    ));
#602 = CARTESIAN_POINT('',(5.612053629159,5.433602879069,-12.89106890427
    ));
#603 = CARTESIAN_POINT('',(5.503506425953,7.909725819194,-17.13952170292
    ));
#604 = CARTESIAN_POINT('',(5.32259442061,12.03659738607,-24.22027636734)
  );
#605 = CARTESIAN_POINT('',(6.205134680544,16.487279009976,
    -24.02308352598));
#606 = CARTESIAN_POINT('',(6.734658836504,19.15768798432,-23.90476782116
    ));
#607 = CARTESIAN_POINT('',(7.028449905403,20.521707190042,
    -23.23636032284));
#608 = CARTESIAN_POINT('',(7.130913391913,21.031222899415,
    -22.75084745833));
#609 = CARTESIAN_POINT('',(7.349684822605,22.149075659669,
    -21.27998492376));
#610 = CARTESIAN_POINT('',(7.47600948187,22.743114091151,-20.26738114139
    ));
#611 = CARTESIAN_POINT('',(7.588100288307,23.397487933361,
    -18.87873839384));
#612 = CARTESIAN_POINT('',(4.619847199785,3.085065098141,-5.881227172182
    ));
#613 = CARTESIAN_POINT('',(4.439263289158,3.257028030319,-6.775183990659
    ));
#614 = CARTESIAN_POINT('',(4.333623934841,3.48501246007,-7.585894410632)
  );
#615 = CARTESIAN_POINT('',(4.173067650294,4.042627174663,-9.122286953523
    ));
#616 = CARTESIAN_POINT('',(4.117664466777,4.353124130529,-9.834373577508
    ));
#617 = CARTESIAN_POINT('',(4.013772035751,5.395598775419,-11.85310879289
    ));
#618 = CARTESIAN_POINT('',(3.879091289934,7.848174016844,-16.02621650802
    ));
#619 = CARTESIAN_POINT('',(3.654623380239,11.935799419218,
    -22.98139603322));
#620 = CARTESIAN_POINT('',(4.470466745728,16.666451225575,
    -22.66026030629));
#621 = CARTESIAN_POINT('',(4.959972765022,19.50484230939,-22.46757887013
    ));
#622 = CARTESIAN_POINT('',(5.229843882152,20.864131394111,
    -21.93689283893));
#623 = CARTESIAN_POINT('',(5.341655671598,21.338663706494,
    -21.56605190957));
#624 = CARTESIAN_POINT('',(5.621604862675,22.349850316488,
    -20.41969329191));
#625 = CARTESIAN_POINT('',(5.79077559552,22.872995565948,-19.61320615363
    ));
#626 = CARTESIAN_POINT('',(6.039752649694,23.42859845516,-18.48703810796
    ));
#627 = CARTESIAN_POINT('',(4.058186371303,3.127297883653,-5.73142354272)
  );
#628 = CARTESIAN_POINT('',(3.839981512438,3.288444036785,-6.488839150663
    ));
#629 = CARTESIAN_POINT('',(3.714809274097,3.508016951171,-7.185054183997
    ));
#630 = CARTESIAN_POINT('',(3.518755716153,4.048095830589,-8.564698338588
    ));
#631 = CARTESIAN_POINT('',(3.452237419304,4.357243947917,-9.228472790563
    ));
#632 = CARTESIAN_POINT('',(3.312691274368,5.371802659865,-11.14696753637
    ));
#633 = CARTESIAN_POINT('',(3.16201632814,7.808685327248,-15.2592193091)
  );
#634 = CARTESIAN_POINT('',(2.910891417762,11.870156439553,
    -22.11297226365));
#635 = CARTESIAN_POINT('',(3.702210413982,16.787538889771,
    -21.70602316565));
#636 = CARTESIAN_POINT('',(4.177001811714,19.737968359901,
    -21.46185370684));
#637 = CARTESIAN_POINT('',(4.471777855103,21.09094151479,-20.97969504867
    ));
#638 = CARTESIAN_POINT('',(4.59234005304,21.553491801397,-20.68170341012
    ));
#639 = CARTESIAN_POINT('',(4.903154851237,22.498745703273,
    -19.74423814543));
#640 = CARTESIAN_POINT('',(5.086405841814,22.966200611444,
    -19.10878756404));
#641 = CARTESIAN_POINT('',(5.376915710073,23.451005168595,
    -18.18497865969));
#642 = CARTESIAN_POINT('',(3.619049296475,3.19715409766,-5.506402785845)
  );
#643 = CARTESIAN_POINT('',(3.39464766159,3.354639902131,-6.096136932737)
  );
#644 = CARTESIAN_POINT('',(3.243837910161,3.558397131214,-6.64564374123)
  );
#645 = CARTESIAN_POINT('',(3.006214163122,4.048156787906,-7.773675193369
    ));
#646 = CARTESIAN_POINT('',(2.918075092451,4.336066715261,-8.357210182001
    ));
#647 = CARTESIAN_POINT('',(2.742357226744,5.341614459338,-10.19127801206
    ));
#648 = CARTESIAN_POINT('',(2.571784841302,7.757579586425,-14.21176264156
    ));
#649 = CARTESIAN_POINT('',(2.287497532231,11.78418813157,-20.9125703574)
  );
#650 = CARTESIAN_POINT('',(3.074866388637,16.950665822458,
    -20.38695705705));
#651 = CARTESIAN_POINT('',(3.54728770248,20.050552436991,-20.07158907684
    ));
#652 = CARTESIAN_POINT('',(3.874528339687,21.438961941049,
    -19.63875814695));
#653 = CARTESIAN_POINT('',(4.014462079219,21.873770931936,
    -19.40208432305));
#654 = CARTESIAN_POINT('',(4.359693504582,22.699847185414,
    -18.73810982653));
#655 = CARTESIAN_POINT('',(4.566825875135,23.09472895346,-18.3070287602)
  );
#656 = CARTESIAN_POINT('',(4.859099983419,23.495840544942,-17.664568253)
  );
#657 = DEFINITIONAL_REPRESENTATION('',(#658),#662);
#658 = LINE('',#659,#660);
#659 = CARTESIAN_POINT('',(0.,2.));
#660 = VECTOR('',#661,1.);
#661 = DIRECTION('',(-1.,0.));
#662 = ( GEOMETRIC_REPRESENTATION_CONTEXT(2) 
PARAMETRIC_REPRESENTATION_CONTEXT() REPRESENTATION_CONTEXT('2D SPACE',''
  ) );
#663 = ORIENTED_EDGE('',*,*,#664,.F.);
#664 = EDGE_CURVE('',#665,#402,#667,.T.);
#665 = VERTEX_POINT('',#666);
#666 = CARTESIAN_POINT('',(-1.809490859158,13.086384282526,
    68.940693923682));
#667 = SURFACE_CURVE('',#668,(#683,#690),.PCURVE_S1.);
#668 = ( BOUNDED_CURVE() B_SPLINE_CURVE(3,(#669,#670,#671,#672,#673,#674
    ,#675,#676,#677,#678,#679,#680,#681,#682),.UNSPECIFIED.,.F.,.F.) 
B_SPLINE_CURVE_WITH_KNOTS((4,2,2,1,1,2,2,4),(-2.,-1.75,-1.5,-1.,-0.5,
-0.25,-0.125,0.),.UNSPECIFIED.) CURVE() GEOMETRIC_REPRESENTATION_ITEM() 
RATIONAL_B_SPLINE_CURVE((1.,1.003501873701,1.011273458144,1.017908478598
    ,1.01677191461,1.,1.,1.,1.,1.006387713493,1.006613067109,
1.003256005911,0.999673591097,1.)) REPRESENTATION_ITEM('') );
#669 = CARTESIAN_POINT('',(-1.809490859158,13.086384282526,
    68.940693923682));
#670 = CARTESIAN_POINT('',(-2.43648796977,13.999475879533,
    67.051403148282));
#671 = CARTESIAN_POINT('',(-2.753623271217,15.152755751195,
    64.627831384264));
#672 = CARTESIAN_POINT('',(-2.812792943104,17.622420127407,
    59.186147407889));
#673 = CARTESIAN_POINT('',(-2.559098574974,18.959377519506,
    56.124239197729));
#674 = CARTESIAN_POINT('',(-0.917392706174,23.391826167346,
    45.647857354816));
#675 = CARTESIAN_POINT('',(2.488953447151,30.119321723366,
    28.324522276337));
#676 = CARTESIAN_POINT('',(3.996243677526,32.058157822799,13.67403980491
    ));
#677 = CARTESIAN_POINT('',(4.108286005094,28.166069192898,-2.26803061012
    ));
#678 = CARTESIAN_POINT('',(4.220503204444,26.182829693184,
    -9.366776458696));
#679 = CARTESIAN_POINT('',(4.29034550679,25.576289356105,-11.42777406856
    ));
#680 = CARTESIAN_POINT('',(4.49631456568,24.457848762604,-14.98910850678
    ));
#681 = CARTESIAN_POINT('',(4.633448454411,23.942006169129,
    -16.50112771266));
#682 = CARTESIAN_POINT('',(4.859099983419,23.495840544942,-17.664568253)
  );
#683 = PCURVE('',#76,#684);
#684 = DEFINITIONAL_REPRESENTATION('',(#685),#689);
#685 = LINE('',#686,#687);
#686 = CARTESIAN_POINT('',(2.,-2.22044604925E-16));
#687 = VECTOR('',#688,1.);
#688 = DIRECTION('',(0.,-1.));
#689 = ( GEOMETRIC_REPRESENTATION_CONTEXT(2) 
PARAMETRIC_REPRESENTATION_CONTEXT() REPRESENTATION_CONTEXT('2D SPACE',''
  ) );
#690 = PCURVE('',#691,#902);
#691 = ( BOUNDED_SURFACE() B_SPLINE_SURFACE(3,3,(
    (#692,#693,#694,#695,#696,#697,#698,#699,#700,#701,#702,#703,#704
      ,#705,#706)
    ,(#707,#708,#709,#710,#711,#712,#713,#714,#715,#716,#717,#718,#719
      ,#720,#721)
    ,(#722,#723,#724,#725,#726,#727,#728,#729,#730,#731,#732,#733,#734
      ,#735,#736)
    ,(#737,#738,#739,#740,#741,#742,#743,#744,#745,#746,#747,#748,#749
      ,#750,#751)
    ,(#752,#753,#754,#755,#756,#757,#758,#759,#760,#761,#762,#763,#764
      ,#765,#766)
    ,(#767,#768,#769,#770,#771,#772,#773,#774,#775,#776,#777,#778,#779
      ,#780,#781)
    ,(#782,#783,#784,#785,#786,#787,#788,#789,#790,#791,#792,#793,#794
      ,#795,#796)
    ,(#797,#798,#799,#800,#801,#802,#803,#804,#805,#806,#807,#808,#809
      ,#810,#811)
    ,(#812,#813,#814,#815,#816,#817,#818,#819,#820,#821,#822,#823,#824
      ,#825,#826)
    ,(#827,#828,#829,#830,#831,#832,#833,#834,#835,#836,#837,#838,#839
      ,#840,#841)
    ,(#842,#843,#844,#845,#846,#847,#848,#849,#850,#851,#852,#853,#854
      ,#855,#856)
    ,(#857,#858,#859,#860,#861,#862,#863,#864,#865,#866,#867,#868,#869
      ,#870,#871)
    ,(#872,#873,#874,#875,#876,#877,#878,#879,#880,#881,#882,#883,#884
      ,#885,#886)
    ,(#887,#888,#889,#890,#891,#892,#893,#894,#895,#896,#897,#898,#899
      ,#900,#901
)),.UNSPECIFIED.,.F.,.F.,.F.) B_SPLINE_SURFACE_WITH_KNOTS((4,2,2,1,1,2,2
    ,4),(4,2,2,1,1,1,2,2,4),(0.,0.125,0.25,0.5,1.,1.5,1.75,2.),(0.,0.125
    ,0.25,0.5,1.,1.5,1.75,1.875,2.),.UNSPECIFIED.) 
GEOMETRIC_REPRESENTATION_ITEM() RATIONAL_B_SPLINE_SURFACE((
    (1.,1.000162521285,1.004388951459,1.008265268345,1.007915155057,1.
      ,1.,1.,1.,1.,1.007922887859,1.008273494138,1.004393994018
      ,1.000163887618,1.)
    ,(0.999673591097,0.998497521637,1.003306457539,1.008287032352
      ,1.007870139697,1.,1.,1.,1.,1.,1.007732235027,1.008184953539
      ,1.003293708299,0.99849765167,0.999673591097)
    ,(1.003256005911,1.002571592214,1.00405148261,1.007219251642
      ,1.0065227411,1.,1.,1.,1.,1.,1.006247585306,1.007054420874
      ,1.004047637957,1.002584817228,1.003256005911)
    ,(1.006613067109,1.006684855009,1.005962505797,1.008306785974
      ,1.008231995368,1.,1.,1.,1.,1.,1.008069942284,1.008279955675
      ,1.006101593095,1.006777861191,1.006613067109)
    ,(1.006387713493,1.006325171958,1.005182198311,1.007703912017
      ,1.007656090335,1.,1.,1.,1.,1.,1.007634246686,1.007807722674
      ,1.005426796144,1.006450255028,1.006387713493)
    ,(1.,1.,1.,1.,1.,1.,1.,1.,1.,1.,1.,1.,1.,1.,1.)
    ,(1.,1.,1.,1.,1.,1.,1.,1.,1.,1.,1.,1.,1.,1.,1.)
    ,(1.,1.,1.,1.,1.,1.,1.,1.,1.,1.,1.,1.,1.,1.,1.)
    ,(1.,1.,1.,1.,1.,1.,1.,1.,1.,1.,1.,1.,1.,1.,1.)
    ,(1.01677191461,1.016905323734,1.013761420906,1.015165941988
      ,1.013443144769,1.,1.,1.,1.,1.,1.01334212611,1.014785254393
      ,1.013227908033,1.016638505487,1.01677191461)
    ,(1.017908478598,1.018168219287,1.015337766907,1.015142322847
      ,1.013235973421,1.,1.,1.,1.,1.,1.01334918143,1.015020285717
      ,1.015001269838,1.017959328921,1.017908478598)
    ,(1.011273458144,1.010586201124,1.009759159316,1.009900140225
      ,1.008230289059,1.,1.,1.,1.,1.,1.008637968046,1.010122167205
      ,1.009730511223,1.010544287409,1.011273458144)
    ,(1.003501873701,1.002112764069,1.005442384864,1.010059026342
      ,1.010777114051,1.,1.,1.,1.,1.,1.010997435068,1.010219196468
      ,1.005456856359,1.002105906646,1.003501873701)
    ,(1.,0.999125761318,1.003910731267,1.008462124863,1.00822854851,1.
      ,1.,1.,1.,1.,1.008226881121,1.008460080563,1.003908290919
,0.999123301832,1.))) REPRESENTATION_ITEM('') SURFACE() );
#692 = CARTESIAN_POINT('',(3.619049296475,3.19715409766,-5.506402785845)
  );
#693 = CARTESIAN_POINT('',(3.39464766159,3.354639902131,-6.096136932737)
  );
#694 = CARTESIAN_POINT('',(3.243837910161,3.558397131214,-6.64564374123)
  );
#695 = CARTESIAN_POINT('',(3.006214163122,4.048156787906,-7.773675193369
    ));
#696 = CARTESIAN_POINT('',(2.918075092451,4.336066715261,-8.357210182001
    ));
#697 = CARTESIAN_POINT('',(2.742357226744,5.341614459338,-10.19127801206
    ));
#698 = CARTESIAN_POINT('',(2.571784841302,7.757579586425,-14.21176264156
    ));
#699 = CARTESIAN_POINT('',(2.287497532231,11.78418813157,-20.9125703574)
  );
#700 = CARTESIAN_POINT('',(3.074866388637,16.950665822458,
    -20.38695705705));
#701 = CARTESIAN_POINT('',(3.54728770248,20.050552436991,-20.07158907684
    ));
#702 = CARTESIAN_POINT('',(3.874528339687,21.438961941049,
    -19.63875814695));
#703 = CARTESIAN_POINT('',(4.014462079219,21.873770931936,
    -19.40208432305));
#704 = CARTESIAN_POINT('',(4.359693504582,22.699847185414,
    -18.73810982653));
#705 = CARTESIAN_POINT('',(4.566825875135,23.09472895346,-18.3070287602)
  );
#706 = CARTESIAN_POINT('',(4.859099983419,23.495840544942,-17.664568253)
  );
#707 = CARTESIAN_POINT('',(3.404208231408,3.109481743931,-4.691249086185
    ));
#708 = CARTESIAN_POINT('',(3.075197423883,3.266704147578,-5.269116311966
    ));
#709 = CARTESIAN_POINT('',(2.845802371473,3.481638877522,-5.79525719044)
  );
#710 = CARTESIAN_POINT('',(2.499974671855,4.011365052769,-6.915255731164
    ));
#711 = CARTESIAN_POINT('',(2.383865050106,4.314887590891,-7.485869745555
    ));
#712 = CARTESIAN_POINT('',(2.172023179121,5.311426258811,-9.23558848776)
  );
#713 = CARTESIAN_POINT('',(1.981553354463,7.706473845602,-13.16430597403
    ));
#714 = CARTESIAN_POINT('',(1.6641036467,11.698219823587,-19.71216845114)
  );
#715 = CARTESIAN_POINT('',(2.447522363292,17.113792755146,
    -19.06789094845));
#716 = CARTESIAN_POINT('',(2.917573593247,20.363136514082,
    -18.68132444683));
#717 = CARTESIAN_POINT('',(3.277052837034,21.787114051255,
    -18.29731386161));
#718 = CARTESIAN_POINT('',(3.448295307155,22.245078082463,
    -18.10603629229));
#719 = CARTESIAN_POINT('',(3.91960957219,23.126912229138,-17.52465717331
    ));
#720 = CARTESIAN_POINT('',(4.218416200886,23.532765006839,
    -17.14429676997));
#721 = CARTESIAN_POINT('',(4.633448454411,23.942006169129,
    -16.50112771266));
#722 = CARTESIAN_POINT('',(3.264093512547,3.049540122354,-3.729765859983
    ));
#723 = CARTESIAN_POINT('',(2.856832563144,3.213287498337,-4.255432362539
    ));
#724 = CARTESIAN_POINT('',(2.560679272926,3.432289183206,-4.750903677589
    ));
#725 = CARTESIAN_POINT('',(2.128305180636,3.969414839021,-5.809746365519
    ));
#726 = CARTESIAN_POINT('',(1.980470572004,4.268757335382,-6.347626135093
    ));
#727 = CARTESIAN_POINT('',(1.732435845258,5.274845973311,-8.030350695669
    ));
#728 = CARTESIAN_POINT('',(1.518165342579,7.643751053551,-11.83638983787
    ));
#729 = CARTESIAN_POINT('',(1.161047838115,11.591926187285,-18.1797884082
    ));
#730 = CARTESIAN_POINT('',(1.961090644349,17.318958956326,
    -17.38399587189));
#731 = CARTESIAN_POINT('',(2.441116328089,20.755178617751,
    -16.90652035011));
#732 = CARTESIAN_POINT('',(2.83963267619,22.261175254094,-16.56486341363
    ));
#733 = CARTESIAN_POINT('',(3.044323561918,22.733502605991,
    -16.38755727118));
#734 = CARTESIAN_POINT('',(3.613198975026,23.642103243028,
    -15.88031170439));
#735 = CARTESIAN_POINT('',(3.990765673931,24.060227196567,
    -15.53787183343));
#736 = CARTESIAN_POINT('',(4.49631456568,24.457848762604,-14.98910850678
    ));
#737 = CARTESIAN_POINT('',(3.049505780036,2.953979855725,-1.516797064572
    ));
#738 = CARTESIAN_POINT('',(2.536512235043,3.126123690064,-1.85290950317)
  );
#739 = CARTESIAN_POINT('',(2.155412315561,3.350828239126,-2.275860939107
    ));
#740 = CARTESIAN_POINT('',(1.581317979066,3.897513902336,-3.204608414867
    ));
#741 = CARTESIAN_POINT('',(1.380525699301,4.199723110934,-3.697704970975
    ));
#742 = CARTESIAN_POINT('',(1.050121048055,5.192968470795,-5.276082125364
    ));
#743 = CARTESIAN_POINT('',(0.78294918104,7.50240448551,-8.793763589836)
  );
#744 = CARTESIAN_POINT('',(0.337662736015,11.351464510036,
    -14.65656603062));
#745 = CARTESIAN_POINT('',(1.195151041705,17.761124021265,
    -13.53581831599));
#746 = CARTESIAN_POINT('',(1.709644025119,21.606919728003,
    -12.86336968721));
#747 = CARTESIAN_POINT('',(2.193819352719,23.302317628569,
    -12.43621810616));
#748 = CARTESIAN_POINT('',(2.457783918826,23.828746453314,
    -12.27553780831));
#749 = CARTESIAN_POINT('',(3.188637897863,24.808512760909,
    -11.89705757399));
#750 = CARTESIAN_POINT('',(3.663242347453,25.232164069838,
    -11.65905983523));
#751 = CARTESIAN_POINT('',(4.29034550679,25.576289356105,-11.42777406856
    ));
#752 = CARTESIAN_POINT('',(2.974001887729,2.91791851341,-0.257905883188)
  );
#753 = CARTESIAN_POINT('',(2.434021975727,3.094457604649,-0.51719480196)
  );
#754 = CARTESIAN_POINT('',(2.022641914094,3.31906664432,-0.923781475002)
  );
#755 = CARTESIAN_POINT('',(1.396411287767,3.863377993516,-1.78023047154)
  );
#756 = CARTESIAN_POINT('',(1.172318435826,4.163754583531,-2.244820156106
    ));
#757 = CARTESIAN_POINT('',(0.807393584717,5.147671253779,-3.72705134715)
  );
#758 = CARTESIAN_POINT('',(0.511121031386,7.423780709521,-7.079053477962
    ));
#759 = CARTESIAN_POINT('',(1.733344250111E-02,11.217296469089,
    -12.66572369598));
#760 = CARTESIAN_POINT('',(0.915643158005,17.998122885024,
    -11.37153583664));
#761 = CARTESIAN_POINT('',(1.454628987308,22.066618734585,
    -10.59502312103));
#762 = CARTESIAN_POINT('',(1.973497886248,23.851537536385,
    -10.17935190774));
#763 = CARTESIAN_POINT('',(2.26367600226,24.404841969632,-10.02360382808
    ));
#764 = CARTESIAN_POINT('',(3.053993809645,25.420458857232,
    -9.696149952138));
#765 = CARTESIAN_POINT('',(3.561676113279,25.848694301623,
    -9.474675671777));
#766 = CARTESIAN_POINT('',(4.220503204444,26.182829693184,
    -9.366776458696));
#767 = CARTESIAN_POINT('',(2.840532100418,2.843745129992,4.021469906076)
  );
#768 = CARTESIAN_POINT('',(2.264414228353,3.022301359885,3.786578675779)
  );
#769 = CARTESIAN_POINT('',(1.816168952606,3.246645720652,3.492964637907)
  );
#770 = CARTESIAN_POINT('',(1.111487295591,3.764016638494,2.817652350801)
  );
#771 = CARTESIAN_POINT('',(0.855050914322,4.057043195569,2.435954101568)
  );
#772 = CARTESIAN_POINT('',(0.277550664993,5.004805063106,1.202775142505)
  );
#773 = CARTESIAN_POINT('',(-0.110214255754,7.175057583416,
    -1.615919621065));
#774 = CARTESIAN_POINT('',(-0.756489123666,10.792145117266,
    -6.313744227017));
#775 = CARTESIAN_POINT('',(0.275154093431,18.678499658558,
    -4.532013094077));
#776 = CARTESIAN_POINT('',(0.894140023689,23.410312383334,
    -3.462974414313));
#777 = CARTESIAN_POINT('',(1.651538877767,25.484969966321,
    -2.971662781086));
#778 = CARTESIAN_POINT('',(1.978656143951,26.12798103075,-2.815093521119
    ));
#779 = CARTESIAN_POINT('',(2.856843620794,27.268378769907,
    -2.523558854514));
#780 = CARTESIAN_POINT('',(3.407913831453,27.765765444636,
    -2.388593447875));
#781 = CARTESIAN_POINT('',(4.108286005094,28.166069192898,-2.26803061012
    ));
#782 = CARTESIAN_POINT('',(2.773950110849,2.765337495028,13.800367305918
    ));
#783 = CARTESIAN_POINT('',(2.181186741391,2.92429181618,13.666450425581)
  );
#784 = CARTESIAN_POINT('',(1.712134593904,3.12413379102,13.49905432516)
  );
#785 = CARTESIAN_POINT('',(0.959597131886,3.585149221232,13.114043294191
    ));
#786 = CARTESIAN_POINT('',(0.676111817354,3.846322676603,12.896428363643
    ));
#787 = CARTESIAN_POINT('',(1.122270671511E-02,4.691174523249,
    12.193364741874));
#788 = CARTESIAN_POINT('',(-0.57628818274,6.626204138667,10.58636217783)
  );
#789 = CARTESIAN_POINT('',(-1.555472998499,9.851253497696,7.90802457109)
  );
#790 = CARTESIAN_POINT('',(-0.213685689618,19.916773934659,
    10.533733609106));
#791 = CARTESIAN_POINT('',(0.59138669571,25.956086196836,12.109159031916
    ));
#792 = CARTESIAN_POINT('',(1.431065476133,28.610052692249,
    12.796430532555));
#793 = CARTESIAN_POINT('',(1.7838155009,29.433759918107,13.008780830973)
  );
#794 = CARTESIAN_POINT('',(2.707886844314,30.898329551985,
    13.383260822428));
#795 = CARTESIAN_POINT('',(3.27920816296,31.539191960005,13.545390515463
    ));
#796 = CARTESIAN_POINT('',(3.996243677526,32.058157822799,13.67403980491
    ));
#797 = CARTESIAN_POINT('',(2.685174124756,2.660793981742,26.838897172375
    ));
#798 = CARTESIAN_POINT('',(2.070216758776,2.793612424573,26.839612758652
    ));
#799 = CARTESIAN_POINT('',(1.573422115635,2.960784551511,26.840507241498
    ));
#800 = CARTESIAN_POINT('',(0.757076913612,3.346659331549,26.842564552044
    ));
#801 = CARTESIAN_POINT('',(0.43752635473,3.565361984648,26.843727379745)
  );
#802 = CARTESIAN_POINT('',(-0.343881237655,4.273000470107,
    26.847484207699));
#803 = CARTESIAN_POINT('',(-1.197720085388,5.894399545668,
    26.856071243024));
#804 = CARTESIAN_POINT('',(-2.620784831609,8.59673133827,26.870382968564
    ));
#805 = CARTESIAN_POINT('',(-1.561773584449,18.23341557559,
    27.620585550855));
#806 = CARTESIAN_POINT('',(-0.926366836153,24.015426117982,
    28.070707100229));
#807 = CARTESIAN_POINT('',(-0.127142595959,26.60540917959,
    28.230827833093));
#808 = CARTESIAN_POINT('',(0.219518961779,27.418566498527,28.27337807041
    ));
#809 = CARTESIAN_POINT('',(1.15360251028,28.894370031608,28.326008524133
    ));
#810 = CARTESIAN_POINT('',(1.741024501041,29.557016245752,
    28.336088740539));
#811 = CARTESIAN_POINT('',(2.488953447151,30.119321723366,
    28.324522276337));
#812 = CARTESIAN_POINT('',(2.760182283968,2.453843850255,44.492026383693
    ));
#813 = CARTESIAN_POINT('',(2.037689986993,2.534390476257,44.568417435193
    ));
#814 = CARTESIAN_POINT('',(1.417215276245,2.636268187336,44.706641292303
    ));
#815 = CARTESIAN_POINT('',(0.343838801788,2.874886345373,44.992537075332
    ));
#816 = CARTESIAN_POINT('',(-0.10906296192,3.011626792332,45.140209001251
    ));
#817 = CARTESIAN_POINT('',(-1.271102170602,3.462443085614,
    45.426070568603));
#818 = CARTESIAN_POINT('',(-2.808516258197,4.526455481805,
    45.369176861693));
#819 = CARTESIAN_POINT('',(-5.620242802869,6.250676190941,
    46.702373552951));
#820 = CARTESIAN_POINT('',(-4.957819833779,14.006830626788,
    45.980218858159));
#821 = CARTESIAN_POINT('',(-4.749968587424,18.264910986561,
    46.365696907345));
#822 = CARTESIAN_POINT('',(-3.951747428399,20.348421133571,
    46.208067418908));
#823 = CARTESIAN_POINT('',(-3.569957786083,21.035336177095,
    46.097129503925));
#824 = CARTESIAN_POINT('',(-2.496097893129,22.309476633479,
    45.859274863621));
#825 = CARTESIAN_POINT('',(-1.804027642492,22.896702046338,
    45.732358138301));
#826 = CARTESIAN_POINT('',(-0.917392706174,23.391826167346,
    45.647857354816));
#827 = CARTESIAN_POINT('',(3.035435609021,2.35214173632,55.336120115876)
  );
#828 = CARTESIAN_POINT('',(2.347162384774,2.401266778949,55.434390435604
    ));
#829 = CARTESIAN_POINT('',(1.737849749957,2.461289866592,55.752831727183
    ));
#830 = CARTESIAN_POINT('',(0.644217544341,2.61002191809,56.215371894859)
  );
#831 = CARTESIAN_POINT('',(0.168951364987,2.692821158373,56.507529905572
    ));
#832 = CARTESIAN_POINT('',(-0.965585940721,2.973590207407,
    57.315819493564));
#833 = CARTESIAN_POINT('',(-2.885856596757,3.655696204209,
    57.627035169177));
#834 = CARTESIAN_POINT('',(-6.2879036449,4.776979388897,59.680130651494)
  );
#835 = CARTESIAN_POINT('',(-5.89430250388,11.165620817204,
    58.041258644462));
#836 = CARTESIAN_POINT('',(-5.824506654019,14.513780237127,
    57.941038202857));
#837 = CARTESIAN_POINT('',(-5.396100516248,16.330709384798,
    57.23954395523));
#838 = CARTESIAN_POINT('',(-5.057615505907,16.932224755688,
    56.972336234051));
#839 = CARTESIAN_POINT('',(-4.079889210711,18.037097738748,
    56.543437952072));
#840 = CARTESIAN_POINT('',(-3.405420847331,18.551561401101,
    56.225613538117));
#841 = CARTESIAN_POINT('',(-2.559098574974,18.959377519506,
    56.124239197729));
#842 = CARTESIAN_POINT('',(3.201422666679,2.330103422821,58.519996363311
    ));
#843 = CARTESIAN_POINT('',(2.556720636252,2.36875324568,58.714880245566)
  );
#844 = CARTESIAN_POINT('',(1.992014084743,2.41820733892,59.044877847083)
  );
#845 = CARTESIAN_POINT('',(0.950832471513,2.540074132735,59.621327231581
    ));
#846 = CARTESIAN_POINT('',(0.488396615139,2.607350023177,59.948255902878
    ));
#847 = CARTESIAN_POINT('',(-0.696925209162,2.830483441365,
    60.938370660931));
#848 = CARTESIAN_POINT('',(-2.723177244436,3.391309573394,
    61.441826120585));
#849 = CARTESIAN_POINT('',(-6.246801819508,4.333387881291,
    63.690010377717));
#850 = CARTESIAN_POINT('',(-5.938038057765,10.273339031012,
    61.776824374201));
#851 = CARTESIAN_POINT('',(-5.883825468408,13.357029253837,
    61.441835124723));
#852 = CARTESIAN_POINT('',(-5.43243052196,15.094073758506,
    60.551665187647));
#853 = CARTESIAN_POINT('',(-5.128460811458,15.659749743311,
    60.246824439677));
#854 = CARTESIAN_POINT('',(-4.235278432008,16.719991663796,
    59.702931893393));
#855 = CARTESIAN_POINT('',(-3.624204784794,17.214766330439,
    59.381096618023));
#856 = CARTESIAN_POINT('',(-2.812792943104,17.622420127407,
    59.186147407889));
#857 = CARTESIAN_POINT('',(3.689359574504,2.308272769743,64.211145205908
    ));
#858 = CARTESIAN_POINT('',(3.211261935959,2.329712789289,64.673780284225
    ));
#859 = CARTESIAN_POINT('',(2.777313733371,2.360549016206,65.060109636972
    ));
#860 = CARTESIAN_POINT('',(1.933288065877,2.437442270035,65.751687445188
    ));
#861 = CARTESIAN_POINT('',(1.528091634315,2.479601735328,66.089642287701
    ));
#862 = CARTESIAN_POINT('',(0.368435393285,2.622682768043,67.03097168523)
  );
#863 = CARTESIAN_POINT('',(-1.762836978602,2.989041971257,
    67.914338922233));
#864 = CARTESIAN_POINT('',(-5.23943131897,3.673029484042,70.470270418638
    ));
#865 = CARTESIAN_POINT('',(-5.075384661244,8.833133550985,
    68.100478751972));
#866 = CARTESIAN_POINT('',(-5.014036766969,11.471906508136,
    67.308720553787));
#867 = CARTESIAN_POINT('',(-4.656000275018,12.903245934887,
    66.426934689601));
#868 = CARTESIAN_POINT('',(-4.43695939666,13.370651406872,
    66.105959246827));
#869 = CARTESIAN_POINT('',(-3.808762709115,14.275876287024,
    65.444267144732));
#870 = CARTESIAN_POINT('',(-3.370928988038,14.715249962936,
    65.075292830937));
#871 = CARTESIAN_POINT('',(-2.753623271217,15.152755751195,
    64.627831384264));
#872 = CARTESIAN_POINT('',(4.01667207606,2.308433725513,66.764464869611)
  );
#873 = CARTESIAN_POINT('',(3.652786556108,2.324183686825,67.319723620961
    ));
#874 = CARTESIAN_POINT('',(3.306609094238,2.34813479584,67.604071998713)
  );
#875 = CARTESIAN_POINT('',(2.60072574829,2.411775992291,68.226332246623)
  );
#876 = CARTESIAN_POINT('',(2.240482343041,2.448754764701,68.543239472261
    ));
#877 = CARTESIAN_POINT('',(1.165135264174,2.557988860762,69.501021542162
    ));
#878 = CARTESIAN_POINT('',(-0.965176065089,2.851160999935,
    70.572060772474));
#879 = CARTESIAN_POINT('',(-4.273162643823,3.4562625944,73.240650733337)
  );
#880 = CARTESIAN_POINT('',(-4.168995710839,8.285209857149,
    70.688567400004));
#881 = CARTESIAN_POINT('',(-4.084929251142,10.743534745725,
    69.674809060984));
#882 = CARTESIAN_POINT('',(-3.773026998506,12.026753150899,
    68.76016126742));
#883 = CARTESIAN_POINT('',(-3.630592737133,12.449246234343,
    68.455687449222));
#884 = CARTESIAN_POINT('',(-3.201511443929,13.228527933221,
    67.856906673863));
#885 = CARTESIAN_POINT('',(-2.896402255736,13.564140451111,
    67.583459905406));
#886 = CARTESIAN_POINT('',(-2.43648796977,13.999475879533,
    67.051403148282));
#887 = CARTESIAN_POINT('',(4.404946696353,2.322058402832,68.751940592214
    ));
#888 = CARTESIAN_POINT('',(4.172047645667,2.335383729772,69.306579778882
    ));
#889 = CARTESIAN_POINT('',(3.948062220334,2.356640929919,69.603233446633
    ));
#890 = CARTESIAN_POINT('',(3.461176585146,2.409103600088,70.157130205832
    ));
#891 = CARTESIAN_POINT('',(3.196028530191,2.44052529871,70.417308276241)
  );
#892 = CARTESIAN_POINT('',(2.323052286128,2.551863618882,71.159268562944
    ));
#893 = CARTESIAN_POINT('',(0.279006944441,2.813919226388,72.343875339302
    ));
#894 = CARTESIAN_POINT('',(-2.645382558324,3.418679562978,
    75.087570943137));
#895 = CARTESIAN_POINT('',(-2.580907592294,8.026856105332,
    72.413959832025));
#896 = CARTESIAN_POINT('',(-2.466255946241,10.349916271003,
    71.26383933015));
#897 = CARTESIAN_POINT('',(-2.413906984819,11.439295131822,
    70.541277501369));
#898 = CARTESIAN_POINT('',(-2.361487936989,11.774986684895,
    70.289308083018));
#899 = CARTESIAN_POINT('',(-2.185386829692,12.401937923143,
    69.755550736359));
#900 = CARTESIAN_POINT('',(-2.060495627377,12.696144106504,
    69.470946116082));
#901 = CARTESIAN_POINT('',(-1.809490859158,13.086384282526,
    68.940693923682));
#902 = DEFINITIONAL_REPRESENTATION('',(#903),#907);
#903 = LINE('',#904,#905);
#904 = CARTESIAN_POINT('',(8.881784197001E-16,2.));
#905 = VECTOR('',#906,1.);
#906 = DIRECTION('',(-1.,-2.22044604925E-16));
#907 = ( GEOMETRIC_REPRESENTATION_CONTEXT(2) 
PARAMETRIC_REPRESENTATION_CONTEXT() REPRESENTATION_CONTEXT('2D SPACE',''
  ) );
#908 = ORIENTED_EDGE('',*,*,#909,.T.);
#909 = EDGE_CURVE('',#665,#910,#912,.T.);
#910 = VERTEX_POINT('',#911);
#911 = CARTESIAN_POINT('',(55.557564928169,13.207841180493,
    68.940693923682));
#912 = SURFACE_CURVE('',#913,(#929,#936),.PCURVE_S1.);
#913 = ( BOUNDED_CURVE() B_SPLINE_CURVE(3,(#914,#915,#916,#917,#918,#919
    ,#920,#921,#922,#923,#924,#925,#926,#927,#928),.UNSPECIFIED.,.F.,.F.
) B_SPLINE_CURVE_WITH_KNOTS((4,2,2,1,1,1,2,2,4),(-2.,-1.875,-1.75,-1.5,
-1.,-0.5,-0.25,-0.125,0.),.UNSPECIFIED.) CURVE() 
GEOMETRIC_REPRESENTATION_ITEM() RATIONAL_B_SPLINE_CURVE((1.,
    0.999125761318,1.003910731267,1.008462124863,1.00822854851,1.,1.,1.,
    1.,1.,1.008226881121,1.008460080563,1.003908290919,0.999123301832,1.
)) REPRESENTATION_ITEM('') );
#914 = CARTESIAN_POINT('',(-1.809490859158,13.086384282526,
    68.940693923682));
#915 = CARTESIAN_POINT('',(-1.243615048184,13.018078055525,
    69.359225915804));
#916 = CARTESIAN_POINT('',(-0.473194097453,13.066333055977,
    69.520633645112));
#917 = CARTESIAN_POINT('',(1.399816067514,13.21512947561,69.758503754943
    ));
#918 = CARTESIAN_POINT('',(2.510228864747,13.316175508205,
    69.836533619225));
#919 = CARTESIAN_POINT('',(6.41616274055,13.704204455378,69.951006778726
    ));
#920 = CARTESIAN_POINT('',(15.07653212092,14.78358853085,69.688437285085
    ));
#921 = CARTESIAN_POINT('',(26.867797067733,16.094401258912,
    69.619296651446));
#922 = CARTESIAN_POINT('',(38.664506758214,14.833528730664,
    69.688437285085));
#923 = CARTESIAN_POINT('',(47.329368998547,13.790825444547,
    69.951006778726));
#924 = CARTESIAN_POINT('',(51.235874926147,13.422139141759,
    69.831805530568));
#925 = CARTESIAN_POINT('',(52.346625206305,13.326004711693,
    69.75341473475));
#926 = CARTESIAN_POINT('',(54.220609017006,13.184121576728,
    69.517232530808));
#927 = CARTESIAN_POINT('',(54.991671592179,13.137889797219,
    69.357893143862));
#928 = CARTESIAN_POINT('',(55.557564928169,13.207841180493,
    68.940693923682));
#929 = PCURVE('',#76,#930);
#930 = DEFINITIONAL_REPRESENTATION('',(#931),#935);
#931 = LINE('',#932,#933);
#932 = CARTESIAN_POINT('',(0.,2.));
#933 = VECTOR('',#934,1.);
#934 = DIRECTION('',(-1.,0.));
#935 = ( GEOMETRIC_REPRESENTATION_CONTEXT(2) 
PARAMETRIC_REPRESENTATION_CONTEXT() REPRESENTATION_CONTEXT('2D SPACE',''
  ) );
#936 = PCURVE('',#937,#1163);
#937 = ( BOUNDED_SURFACE() B_SPLINE_SURFACE(3,3,(
    (#938,#939,#940,#941,#942,#943,#944,#945,#946,#947,#948,#949,#950
      ,#951,#952)
    ,(#953,#954,#955,#956,#957,#958,#959,#960,#961,#962,#963,#964,#965
      ,#966,#967)
    ,(#968,#969,#970,#971,#972,#973,#974,#975,#976,#977,#978,#979,#980
      ,#981,#982)
    ,(#983,#984,#985,#986,#987,#988,#989,#990,#991,#992,#993,#994,#995
      ,#996,#997)
    ,(#998,#999,#1000,#1001,#1002,#1003,#1004,#1005,#1006,#1007,#1008
      ,#1009,#1010,#1011,#1012)
    ,(#1013,#1014,#1015,#1016,#1017,#1018,#1019,#1020,#1021,#1022,#1023
      ,#1024,#1025,#1026,#1027)
    ,(#1028,#1029,#1030,#1031,#1032,#1033,#1034,#1035,#1036,#1037,#1038
      ,#1039,#1040,#1041,#1042)
    ,(#1043,#1044,#1045,#1046,#1047,#1048,#1049,#1050,#1051,#1052,#1053
      ,#1054,#1055,#1056,#1057)
    ,(#1058,#1059,#1060,#1061,#1062,#1063,#1064,#1065,#1066,#1067,#1068
      ,#1069,#1070,#1071,#1072)
    ,(#1073,#1074,#1075,#1076,#1077,#1078,#1079,#1080,#1081,#1082,#1083
      ,#1084,#1085,#1086,#1087)
    ,(#1088,#1089,#1090,#1091,#1092,#1093,#1094,#1095,#1096,#1097,#1098
      ,#1099,#1100,#1101,#1102)
    ,(#1103,#1104,#1105,#1106,#1107,#1108,#1109,#1110,#1111,#1112,#1113
      ,#1114,#1115,#1116,#1117)
    ,(#1118,#1119,#1120,#1121,#1122,#1123,#1124,#1125,#1126,#1127,#1128
      ,#1129,#1130,#1131,#1132)
    ,(#1133,#1134,#1135,#1136,#1137,#1138,#1139,#1140,#1141,#1142,#1143
      ,#1144,#1145,#1146,#1147)
    ,(#1148,#1149,#1150,#1151,#1152,#1153,#1154,#1155,#1156,#1157,#1158
      ,#1159,#1160,#1161,#1162
)),.UNSPECIFIED.,.F.,.F.,.F.) B_SPLINE_SURFACE_WITH_KNOTS((4,2,2,1,1,1,2
    ,2,4),(4,2,2,1,1,1,2,2,4),(0.,0.125,0.25,0.5,1.,1.5,1.75,1.875,2.),(
    0.,0.125,0.25,0.5,1.,1.5,1.75,1.875,2.),.UNSPECIFIED.) 
GEOMETRIC_REPRESENTATION_ITEM() RATIONAL_B_SPLINE_SURFACE((
    (1.,0.999125761318,1.003910731267,1.008462124863,1.00822854851,1.,1.
      ,1.,1.,1.,1.008226881121,1.008460080563,1.003908290919
      ,0.999123301832,1.)
    ,(0.999123301832,0.994539417608,1.001323012213,1.007968435179
      ,1.00695426574,1.,1.,1.,1.,1.,1.006841604147,1.007885221911
      ,1.001312045683,0.994539417608,0.999125761318)
    ,(1.003908290919,1.001312045683,1.002733937238,1.006882956252
      ,1.006266074724,1.,1.,1.,1.,1.,1.006005187683,1.006736844174
      ,1.002733937238,1.001323012213,1.003910731267)
    ,(1.008460080563,1.007885221911,1.006736844174,1.008898494174
      ,1.008813422332,1.,1.,1.,1.,1.,1.008675606944,1.008898494174
      ,1.006882956252,1.007968435179,1.008462124863)
    ,(1.008226881121,1.006841604147,1.006005187683,1.008675606944
      ,1.008509167915,1.,1.,1.,1.,1.,1.008509167915,1.008813422332
      ,1.006266074724,1.00695426574,1.00822854851)
    ,(1.,1.,1.,1.,1.,1.,1.,1.,1.,1.,1.,1.,1.,1.,1.)
    ,(1.,1.,1.,1.,1.,1.,1.,1.,1.,1.,1.,1.,1.,1.,1.)
    ,(1.,1.,1.,1.,1.,1.,1.,1.,1.,1.,1.,1.,1.,1.,1.)
    ,(1.,1.,1.,1.,1.,1.,1.,1.,1.,1.,1.,1.,1.,1.,1.)
    ,(1.,1.,1.,1.,1.,1.,1.,1.,1.,1.,1.,1.,1.,1.,1.)
    ,(1.00822854851,1.00695426574,1.006266074724,1.008813422332
      ,1.008509167915,1.,1.,1.,1.,1.,1.008509167915,1.008675606944
      ,1.006005187683,1.006841604147,1.008226881121)
    ,(1.008462124863,1.007968435179,1.006882956252,1.008898494174
      ,1.008675606944,1.,1.,1.,1.,1.,1.008813422332,1.008898494174
      ,1.006736844174,1.007885221911,1.008460080563)
    ,(1.003910731267,1.001323012213,1.002733937238,1.006736844174
      ,1.006005187683,1.,1.,1.,1.,1.,1.006266074724,1.006882956252
      ,1.002733937238,1.001312045683,1.003908290919)
    ,(0.999125761318,0.994539417608,1.001312045683,1.007885221911
      ,1.006841604147,1.,1.,1.,1.,1.,1.00695426574,1.007968435179
      ,1.001323012213,0.994539417608,0.999123301832)
    ,(1.,0.999123301832,1.003908290919,1.008460080563,1.008226881121,1.
      ,1.,1.,1.,1.,1.00822854851,1.008462124863,1.003910731267
,0.999125761318,1.))) REPRESENTATION_ITEM('') SURFACE() );
#938 = CARTESIAN_POINT('',(49.388763104518,2.417297642927,
    68.751940592214));
#939 = CARTESIAN_POINT('',(48.960997532276,2.409033286582,
    69.196795039291));
#940 = CARTESIAN_POINT('',(48.461650563912,2.410239533311,
    69.371497956988));
#941 = CARTESIAN_POINT('',(47.256145916829,2.423662736576,
    69.634028310113));
#942 = CARTESIAN_POINT('',(46.544921327486,2.435896803215,
    69.723554690933));
#943 = CARTESIAN_POINT('',(44.051935946879,2.489792336612,
    69.870534122847));
#944 = CARTESIAN_POINT('',(38.292509436863,2.608368102307,
    69.660264249844));
#945 = CARTESIAN_POINT('',(26.895764744078,2.884585464237,
    69.660264249845));
#946 = CARTESIAN_POINT('',(15.500291825868,2.560112670494,
    69.660264249845));
#947 = CARTESIAN_POINT('',(9.741419041111,2.417150488536,69.870534122847
    ));
#948 = CARTESIAN_POINT('',(7.249131985043,2.352561669114,69.718590528502
    ));
#949 = CARTESIAN_POINT('',(6.537994687752,2.337306673502,69.628684834288
    ));
#950 = CARTESIAN_POINT('',(5.332380032753,2.318832435198,69.367925241872
    ));
#951 = CARTESIAN_POINT('',(4.832834420552,2.315575236236,69.195392872164
    ));
#952 = CARTESIAN_POINT('',(4.404946696353,2.322058402832,68.751940592214
    ));
#953 = CARTESIAN_POINT('',(49.622181316453,2.431587048113,69.30529544781
    ));
#954 = CARTESIAN_POINT('',(49.183796769742,2.419603044557,
    70.046066557912));
#955 = CARTESIAN_POINT('',(48.647119414741,2.422388238902,
    70.322095803294));
#956 = CARTESIAN_POINT('',(47.333094174555,2.442534941788,
    70.660369935662));
#957 = CARTESIAN_POINT('',(46.592001729375,2.459132390641,
    70.746029295548));
#958 = CARTESIAN_POINT('',(44.149551656326,2.523318036353,70.80273115018
    ));
#959 = CARTESIAN_POINT('',(38.396467062843,2.656722015567,
    70.638292927667));
#960 = CARTESIAN_POINT('',(26.895589245155,2.967477886968,
    70.638292927667));
#961 = CARTESIAN_POINT('',(15.396130384036,2.608025956359,
    70.638292927667));
#962 = CARTESIAN_POINT('',(9.643662246935,2.450262547767,70.80273115018)
  );
#963 = CARTESIAN_POINT('',(7.200577022779,2.375616219423,70.739950480843
    ));
#964 = CARTESIAN_POINT('',(6.459905675116,2.355854340973,70.653836167271
    ));
#965 = CARTESIAN_POINT('',(5.146994145939,2.330202648328,70.318799677157
    ));
#966 = CARTESIAN_POINT('',(4.610405672379,2.325232672641,70.045975156392
    ));
#967 = CARTESIAN_POINT('',(4.172047645667,2.335383729772,69.306579778882
    ));
#968 = CARTESIAN_POINT('',(49.847184387973,2.453760945018,
    69.600003327817));
#969 = CARTESIAN_POINT('',(49.393927998983,2.442591950343,
    70.445272549212));
#970 = CARTESIAN_POINT('',(48.833727813416,2.445349825948,
    70.885417658638));
#971 = CARTESIAN_POINT('',(47.481815916562,2.469561203555,
    71.341672412251));
#972 = CARTESIAN_POINT('',(46.740820624359,2.48836728912,71.459531578758
    ));
#973 = CARTESIAN_POINT('',(44.269088640668,2.561034490616,
    71.556981652082));
#974 = CARTESIAN_POINT('',(38.516674600403,2.711120167984,
    71.426075190217));
#975 = CARTESIAN_POINT('',(26.895391808866,3.060731862541,
    71.426075190217));
#976 = CARTESIAN_POINT('',(15.275693582823,2.661914619236,
    71.426075190217));
#977 = CARTESIAN_POINT('',(9.523966629228,2.487472501403,71.556981652082
    ));
#978 = CARTESIAN_POINT('',(7.049946343703,2.404141313846,71.448275441461
    ));
#979 = CARTESIAN_POINT('',(6.309972242711,2.382261826588,71.334077554066
    ));
#980 = CARTESIAN_POINT('',(4.960629088851,2.35245252047,70.885282446072)
  );
#981 = CARTESIAN_POINT('',(4.401499708613,2.347391918529,70.448173685409
    ));
#982 = CARTESIAN_POINT('',(3.948062220334,2.356640929919,69.603233446633
    ));
#983 = CARTESIAN_POINT('',(50.33477045779,2.508259352053,70.152317140186
    ));
#984 = CARTESIAN_POINT('',(49.871244290472,2.500841715676,
    71.091090535121));
#985 = CARTESIAN_POINT('',(49.270968515286,2.50602048208,71.645023187012
    ));
#986 = CARTESIAN_POINT('',(47.842185160593,2.537659449357,
    72.337695650215));
#987 = CARTESIAN_POINT('',(47.06807331857,2.560040661614,72.548054045613
    ));
#988 = CARTESIAN_POINT('',(44.551626489007,2.643724915092,
    72.801190148513));
#989 = CARTESIAN_POINT('',(38.765159857021,2.832564147919,
    72.720791821924));
#990 = CARTESIAN_POINT('',(26.894958545899,3.265372531159,
    72.720791821923));
#991 = CARTESIAN_POINT('',(15.026696316456,2.782305334658,
    72.720791821924));
#992 = CARTESIAN_POINT('',(9.241081172884,2.568965817892,72.801190148513
    ));
#993 = CARTESIAN_POINT('',(6.721661906273,2.474591502021,72.540583740376
    ));
#994 = CARTESIAN_POINT('',(5.949012144726,2.448984867891,72.338046303381
    ));
#995 = CARTESIAN_POINT('',(4.523802678395,2.411422965704,71.652657477819
    ));
#996 = CARTESIAN_POINT('',(3.924291001864,2.403683090754,71.097347381113
    ));
#997 = CARTESIAN_POINT('',(3.461176585146,2.409103600088,70.157130205832
    ));
#998 = CARTESIAN_POINT('',(50.59961062949,2.540809287461,70.412839573937
    ));
#999 = CARTESIAN_POINT('',(50.119180540743,2.534613847587,
    71.351936301595));
#1000 = CARTESIAN_POINT('',(49.49640595338,2.540612796204,
    71.930094167663));
#1001 = CARTESIAN_POINT('',(48.042496923548,2.575443210161,
    72.712921834187));
#1002 = CARTESIAN_POINT('',(47.25709564831,2.599249303863,
    72.970096794214));
#1003 = CARTESIAN_POINT('',(44.714627353004,2.688698885304,
    73.291148143041));
#1004 = CARTESIAN_POINT('',(38.893437576077,2.899609975437,
    73.227726191081));
#1005 = CARTESIAN_POINT('',(26.89472271922,3.376759224204,
    73.227726191081));
#1006 = CARTESIAN_POINT('',(14.8981358513,2.848807387204,73.227726191081
    ));
#1007 = CARTESIAN_POINT('',(9.077891334245,2.613249180745,
    73.291148143041));
#1008 = CARTESIAN_POINT('',(6.533963187294,2.513046337052,
    72.970426956838));
#1009 = CARTESIAN_POINT('',(5.749217091483,2.485969993886,
    72.721217823773));
#1010 = CARTESIAN_POINT('',(4.298879333952,2.445137977912,
    71.941432312146));
#1011 = CARTESIAN_POINT('',(3.675615463903,2.43639494435,71.357900079497
    ));
#1012 = CARTESIAN_POINT('',(3.196028530191,2.44052529871,70.417308276241
    ));
#1013 = CARTESIAN_POINT('',(51.469665772912,2.655916287052,
    71.159268562944));
#1014 = CARTESIAN_POINT('',(50.890725420498,2.650402175406,
    71.988392073336));
#1015 = CARTESIAN_POINT('',(50.221419589703,2.659147718074,
    72.614564874689));
#1016 = CARTESIAN_POINT('',(48.731755018012,2.697136187043,
    73.557101773756));
#1017 = CARTESIAN_POINT('',(47.911396277117,2.726379113346,
    73.873465871468));
#1018 = CARTESIAN_POINT('',(45.268257759278,2.832821080217,
    74.501984180792));
#1019 = CARTESIAN_POINT('',(39.25373154299,3.120557765817,
    74.476724864189));
#1020 = CARTESIAN_POINT('',(26.893965880113,3.734232797233,
    74.476724864189));
#1021 = CARTESIAN_POINT('',(14.536909542143,3.068227582811,
    74.476724864189));
#1022 = CARTESIAN_POINT('',(8.523655626125,2.755025813737,
    74.501984180792));
#1023 = CARTESIAN_POINT('',(5.880991517357,2.637392803827,
    73.873465871468));
#1024 = CARTESIAN_POINT('',(5.060763955974,2.604676446295,
    73.557101773756));
#1025 = CARTESIAN_POINT('',(3.571273595848,2.560380543353,72.61456487469
    ));
#1026 = CARTESIAN_POINT('',(2.902010797105,2.548800997942,
    71.988392073336));
#1027 = CARTESIAN_POINT('',(2.323052286128,2.551863618882,
    71.159268562944));
#1028 = CARTESIAN_POINT('',(53.512583152347,2.926624766967,
    72.343875339302));
#1029 = CARTESIAN_POINT('',(52.890576072113,2.905369888387,
    73.229782622715));
#1030 = CARTESIAN_POINT('',(52.156832933013,2.908801899985,
    73.894213085276));
#1031 = CARTESIAN_POINT('',(50.507402599056,2.953482586695,
    74.890858779116));
#1032 = CARTESIAN_POINT('',(49.591715404199,2.994731261807,
    75.223074010396));
#1033 = CARTESIAN_POINT('',(46.634029828958,3.157866607153,
    75.887504472956));
#1034 = CARTESIAN_POINT('',(39.876162715789,3.641694577886,
    75.887504472956));
#1035 = CARTESIAN_POINT('',(26.89225476561,4.542433918864,
    75.887504472957));
#1036 = CARTESIAN_POINT('',(13.912277269067,3.586724125904,
    75.887504472956));
#1037 = CARTESIAN_POINT('',(7.156519441066,3.07428525745,75.887504472956
    ));
#1038 = CARTESIAN_POINT('',(4.199551154905,2.898627472165,
    75.223074010396));
#1039 = CARTESIAN_POINT('',(3.284046830825,2.85350181856,74.890858779116
    ));
#1040 = CARTESIAN_POINT('',(1.634820477975,2.801837252285,
    73.894213085276));
#1041 = CARTESIAN_POINT('',(0.901098449206,2.795298339615,
    73.229782622715));
#1042 = CARTESIAN_POINT('',(0.279006944441,2.813919226388,
    72.343875339302));
#1043 = CARTESIAN_POINT('',(56.434385665787,3.543762596832,
    75.087570943137));
#1044 = CARTESIAN_POINT('',(55.620582489534,3.521524946986,
    76.011031048036));
#1045 = CARTESIAN_POINT('',(54.641213261101,3.543382590908,
    76.703626126711));
#1046 = CARTESIAN_POINT('',(52.450953431829,3.651483527071,
    77.742518744723));
#1047 = CARTESIAN_POINT('',(51.24006283099,3.737726819311,78.08881628406
    ));
#1048 = CARTESIAN_POINT('',(47.409525067793,4.057327759676,
    78.781411362735));
#1049 = CARTESIAN_POINT('',(38.956985698682,4.940013894986,
    78.781411362735));
#1050 = CARTESIAN_POINT('',(26.888744787142,6.200282373491,
    78.781411362733));
#1051 = CARTESIAN_POINT('',(14.825948495767,4.888923929096,
    78.781411362735));
#1052 = CARTESIAN_POINT('',(6.377222513101,3.970454621141,
    78.781411362735));
#1053 = CARTESIAN_POINT('',(2.548072395546,3.634636674052,78.08881628406
    ));
#1054 = CARTESIAN_POINT('',(1.337557835323,3.543266809504,
    77.742518744723));
#1055 = CARTESIAN_POINT('',(-0.852224620237,3.425892496112,
    76.70362612671));
#1056 = CARTESIAN_POINT('',(-1.831492515574,3.399888047267,
    76.011031048036));
#1057 = CARTESIAN_POINT('',(-2.645382558324,3.418679562978,
    75.087570943137));
#1058 = CARTESIAN_POINT('',(56.350398604107,8.151624817018,
    72.413959832025));
#1059 = CARTESIAN_POINT('',(55.556908644653,8.01908683159,
    73.276656048036));
#1060 = CARTESIAN_POINT('',(54.592688885242,7.958219042926,
    73.923678210044));
#1061 = CARTESIAN_POINT('',(52.424986268698,7.942231476658,
    74.894211453056));
#1062 = CARTESIAN_POINT('',(51.221503411566,7.987111699054,
    75.21772253406));
#1063 = CARTESIAN_POINT('',(47.405454946879,8.223985809127,
    75.864744696068));
#1064 = CARTESIAN_POINT('',(38.950958444344,9.106667800817,
    75.864744696068));
#1065 = CARTESIAN_POINT('',(26.87992320596,10.366930363203,
    75.864744696068));
#1066 = CARTESIAN_POINT('',(14.814332587743,9.05556600269,
    75.864744696068));
#1067 = CARTESIAN_POINT('',(6.363649471652,8.137092551114,
    75.864744696068));
#1068 = CARTESIAN_POINT('',(2.548638227616,7.884062045567,75.21772253406
    ));
#1069 = CARTESIAN_POINT('',(1.345356198605,7.834086247092,
    74.894211453056));
#1070 = CARTESIAN_POINT('',(-0.822394681714,7.840894839021,
    73.923678210044));
#1071 = CARTESIAN_POINT('',(-1.786863533021,7.897679229424,
    73.276656048036));
#1072 = CARTESIAN_POINT('',(-2.580907592294,8.026856105332,
    72.413959832025));
#1073 = CARTESIAN_POINT('',(56.225911315256,10.474178680373,
    71.26383933015));
#1074 = CARTESIAN_POINT('',(55.417415279418,10.273944185483,
    72.058354464733));
#1075 = CARTESIAN_POINT('',(54.436174975393,10.156667294984,
    72.658605039808));
#1076 = CARTESIAN_POINT('',(52.244291217309,10.051197159709,
    73.562284377636));
#1077 = CARTESIAN_POINT('',(51.033647763248,10.063003914933,
    73.86571314039));
#1078 = CARTESIAN_POINT('',(47.231740755517,10.236802304599,
    74.468327670206));
#1079 = CARTESIAN_POINT('',(38.948020157855,11.137911579909,
    74.442869696068));
#1080 = CARTESIAN_POINT('',(26.875622685135,12.398171258187,
    74.442869696068));
#1081 = CARTESIAN_POINT('',(14.80866983258,11.086804013567,
    74.442869696068));
#1082 = CARTESIAN_POINT('',(6.528839118101,10.150626570054,
    74.468327670206));
#1083 = CARTESIAN_POINT('',(2.727702119,9.96073109945,73.86571314039));
#1084 = CARTESIAN_POINT('',(1.517119512323,9.943798151107,
    73.562284377636));
#1085 = CARTESIAN_POINT('',(-0.675191194072,10.039986118203,
    72.658605039808));
#1086 = CARTESIAN_POINT('',(-1.656919293791,10.153107033642,
    72.058354464733));
#1087 = CARTESIAN_POINT('',(-2.466255946241,10.349916271003,
    71.26383933015));
#1088 = CARTESIAN_POINT('',(56.166407274146,11.561834666836,
    70.545499525579));
#1089 = CARTESIAN_POINT('',(55.486308610169,11.262946410233,
    71.441190486491));
#1090 = CARTESIAN_POINT('',(54.543674149511,11.143964632065,
    71.996561670799));
#1091 = CARTESIAN_POINT('',(52.299507350563,11.078179092213,
    72.738239209122));
#1092 = CARTESIAN_POINT('',(51.090234526432,11.109640811034,
    72.9747840841));
#1093 = CARTESIAN_POINT('',(47.261550209827,11.394977540945,
    73.276197661998));
#1094 = CARTESIAN_POINT('',(38.894140950177,12.328885145357,
    73.202780806509));
#1095 = CARTESIAN_POINT('',(26.873100927246,13.589259025844,
    73.189816937701));
#1096 = CARTESIAN_POINT('',(14.857505547638,12.277995045917,
    73.202780806509));
#1097 = CARTESIAN_POINT('',(6.494125801334,11.3086651995,73.276197661998
    ));
#1098 = CARTESIAN_POINT('',(2.668988472014,11.007910347147,
    72.974449347594));
#1099 = CARTESIAN_POINT('',(1.460213795613,10.974971491949,
    72.730310270161));
#1100 = CARTESIAN_POINT('',(-0.788803425534,11.031968199482,
    71.985742831399));
#1101 = CARTESIAN_POINT('',(-1.731542031818,11.144353728899,
    71.435511478522));
#1102 = CARTESIAN_POINT('',(-2.413906984819,11.439295131822,
    70.541277501369));
#1103 = CARTESIAN_POINT('',(56.112397907489,11.897181528604,
    70.293855429177));
#1104 = CARTESIAN_POINT('',(55.476184003674,11.595586974585,
    71.18771229958));
#1105 = CARTESIAN_POINT('',(54.56037702002,11.48029546608,
    71.714904675351));
#1106 = CARTESIAN_POINT('',(52.33294564856,11.451625173661,
    72.364268464858));
#1107 = CARTESIAN_POINT('',(51.126261056016,11.50058785748,
    72.555274095249));
#1108 = CARTESIAN_POINT('',(47.290931119595,11.806330451162,
    72.796500743382));
#1109 = CARTESIAN_POINT('',(38.867446203546,12.755101613156,
    72.701225945063));
#1110 = CARTESIAN_POINT('',(26.872198425038,14.01553283509,
    72.681780141852));
#1111 = CARTESIAN_POINT('',(14.88239530143,12.704320727852,
    72.701225945063));
#1112 = CARTESIAN_POINT('',(6.46300333908,11.719890012645,
    72.796500743382));
#1113 = CARTESIAN_POINT('',(2.632121509484,11.395464990207,
    72.562365631317));
#1114 = CARTESIAN_POINT('',(1.424997880079,11.344695772301,
    72.363912484243));
#1115 = CARTESIAN_POINT('',(-0.806292473113,11.366526354499,
    71.707626082464));
#1116 = CARTESIAN_POINT('',(-1.723558259963,11.477006435395,
    71.18176546585));
#1117 = CARTESIAN_POINT('',(-2.361487936989,11.774986684895,
    70.289308083018));
#1118 = CARTESIAN_POINT('',(55.934650968213,12.523891374534,
    69.7586023711));
#1119 = CARTESIAN_POINT('',(55.367939954998,12.277141123804,
    70.558844073761));
#1120 = CARTESIAN_POINT('',(54.514855864589,12.208970066741,
    70.971302483456));
#1121 = CARTESIAN_POINT('',(52.381201187373,12.277857278446,
    71.39078969051));
#1122 = CARTESIAN_POINT('',(51.202809534322,12.36001055116,
    71.495343841768));
#1123 = CARTESIAN_POINT('',(47.334782605351,12.720130734251,
    71.584850271299));
#1124 = CARTESIAN_POINT('',(38.787832842897,13.708231180162,
    71.424425944057));
#1125 = CARTESIAN_POINT('',(26.870180104441,14.968834888632,
    71.385534337635));
#1126 = CARTESIAN_POINT('',(14.957972055622,13.657778861658,
    71.424425944057));
#1127 = CARTESIAN_POINT('',(6.415282888027,12.633496420639,
    71.584850271299));
#1128 = CARTESIAN_POINT('',(2.55141031195,12.252127892265,
    71.506077354824));
#1129 = CARTESIAN_POINT('',(1.372385539025,12.16653429936,
    71.398027449989));
#1130 = CARTESIAN_POINT('',(-0.763515574172,12.091601105744,
    70.971439902645));
#1131 = CARTESIAN_POINT('',(-1.617968819434,12.157406180226,
    70.556100536874));
#1132 = CARTESIAN_POINT('',(-2.185386829692,12.401937923143,
    69.755550736359));
#1133 = CARTESIAN_POINT('',(55.809702945617,12.818201920009,
    69.472159254759));
#1134 = CARTESIAN_POINT('',(55.277207036991,12.620895147351,
    70.171012826798));
#1135 = CARTESIAN_POINT('',(54.440825358387,12.625309577328,
    70.426542540578));
#1136 = CARTESIAN_POINT('',(52.372878675605,12.743939515242,
    70.735477611329));
#1137 = CARTESIAN_POINT('',(51.202479899539,12.839412145317,
    70.811777250417));
#1138 = CARTESIAN_POINT('',(47.349253181338,13.222578107123,
    70.852896717832));
#1139 = CARTESIAN_POINT('',(38.734914228879,14.235144279368,
    70.649180804498));
#1140 = CARTESIAN_POINT('',(26.869064286054,15.495863132927,
    70.597325329268));
#1141 = CARTESIAN_POINT('',(15.008659056021,14.184911313529,
    70.649180804498));
#1142 = CARTESIAN_POINT('',(6.398684899228,13.135878015488,
    70.852896717832));
#1143 = CARTESIAN_POINT('',(2.547865105982,12.733578253746,
    70.81757288395));
#1144 = CARTESIAN_POINT('',(1.377441132549,12.632748995764,
    70.741706347112));
#1145 = CARTESIAN_POINT('',(-0.691045508222,12.506686551475,
    70.429687710475));
#1146 = CARTESIAN_POINT('',(-1.527274818707,12.5004272841,
    70.171105063029));
#1147 = CARTESIAN_POINT('',(-2.060495627377,12.696144106504,
    69.470946116082));
#1148 = CARTESIAN_POINT('',(55.557564928169,13.207841180493,
    68.940693923682));
#1149 = CARTESIAN_POINT('',(54.991671592179,13.137889797219,
    69.357893143862));
#1150 = CARTESIAN_POINT('',(54.220609017006,13.184121576728,
    69.517232530808));
#1151 = CARTESIAN_POINT('',(52.346625206305,13.326004711693,
    69.75341473475));
#1152 = CARTESIAN_POINT('',(51.235874926147,13.422139141759,
    69.831805530568));
#1153 = CARTESIAN_POINT('',(47.329368998547,13.790825444547,
    69.951006778726));
#1154 = CARTESIAN_POINT('',(38.664506758214,14.833528730664,
    69.688437285085));
#1155 = CARTESIAN_POINT('',(26.867797067733,16.094401258912,
    69.619296651446));
#1156 = CARTESIAN_POINT('',(15.07653212092,14.78358853085,
    69.688437285085));
#1157 = CARTESIAN_POINT('',(6.41616274055,13.704204455378,
    69.951006778726));
#1158 = CARTESIAN_POINT('',(2.510228864747,13.316175508206,
    69.836533619225));
#1159 = CARTESIAN_POINT('',(1.399816067514,13.21512947561,
    69.758503754943));
#1160 = CARTESIAN_POINT('',(-0.473194097453,13.066333055977,
    69.520633645112));
#1161 = CARTESIAN_POINT('',(-1.243615048184,13.018078055525,
    69.359225915804));
#1162 = CARTESIAN_POINT('',(-1.809490859158,13.086384282526,
    68.940693923682));
#1163 = DEFINITIONAL_REPRESENTATION('',(#1164),#1168);
#1164 = LINE('',#1165,#1166);
#1165 = CARTESIAN_POINT('',(2.,-4.440892098501E-16));
#1166 = VECTOR('',#1167,1.);
#1167 = DIRECTION('',(1.110223024625E-15,-1.));
#1168 = ( GEOMETRIC_REPRESENTATION_CONTEXT(2) 
PARAMETRIC_REPRESENTATION_CONTEXT() REPRESENTATION_CONTEXT('2D SPACE',''
  ) );
#1169 = ORIENTED_EDGE('',*,*,#1170,.F.);
#1170 = EDGE_CURVE('',#404,#910,#1171,.T.);
#1171 = SURFACE_CURVE('',#1172,(#1187,#1194),.PCURVE_S1.);
#1172 = ( BOUNDED_CURVE() B_SPLINE_CURVE(3,(#1173,#1174,#1175,#1176,
    #1177,#1178,#1179,#1180,#1181,#1182,#1183,#1184,#1185,#1186),
.UNSPECIFIED.,.F.,.F.) B_SPLINE_CURVE_WITH_KNOTS((4,2,2,1,1,2,2,4),(0.,
0.125,0.25,0.5,1.,1.5,1.75,2.),.UNSPECIFIED.) CURVE() 
GEOMETRIC_REPRESENTATION_ITEM() RATIONAL_B_SPLINE_CURVE((1.,
    0.999673591097,1.003256005911,1.006613067109,1.006387713493,1.,1.,1.
    ,1.,1.01677191461,1.017908478598,1.011273458144,1.003501873701,1.)) 
REPRESENTATION_ITEM('') );
#1173 = CARTESIAN_POINT('',(48.84495649463,23.588966915347,-17.664568253
    ));
#1174 = CARTESIAN_POINT('',(49.06817356071,24.036310891515,
    -16.50104911698));
#1175 = CARTESIAN_POINT('',(49.20224079764,24.553111151306,
    -14.98889893982));
#1176 = CARTESIAN_POINT('',(49.402747426631,25.672729006476,
    -11.42745645722));
#1177 = CARTESIAN_POINT('',(49.470171045359,26.279495855219,
    -9.366480852095));
#1178 = CARTESIAN_POINT('',(49.5759883174,28.262332910894,-2.26803061012
    ));
#1179 = CARTESIAN_POINT('',(49.671549140126,32.154861075896,
    13.67403980491));
#1180 = CARTESIAN_POINT('',(51.187035585761,30.222424765911,
    28.324522276337));
#1181 = CARTESIAN_POINT('',(54.621837832536,23.509413213852,
    45.647857354816));
#1182 = CARTESIAN_POINT('',(56.287950702384,19.082014469743,
    56.125055542988));
#1183 = CARTESIAN_POINT('',(56.547735795714,17.745994938415,
    59.1870261062));
#1184 = CARTESIAN_POINT('',(56.497038887815,15.276783699736,
    64.628423377077));
#1185 = CARTESIAN_POINT('',(56.18233631707,14.123013721431,
    67.051640817245));
#1186 = CARTESIAN_POINT('',(55.557564928169,13.207841180493,
    68.940693923682));
#1187 = PCURVE('',#76,#1188);
#1188 = DEFINITIONAL_REPRESENTATION('',(#1189),#1193);
#1189 = LINE('',#1190,#1191);
#1190 = CARTESIAN_POINT('',(-1.229216524404E-15,-4.192706370574E-16));
#1191 = VECTOR('',#1192,1.);
#1192 = DIRECTION('',(8.841821368403E-16,1.));
#1193 = ( GEOMETRIC_REPRESENTATION_CONTEXT(2) 
PARAMETRIC_REPRESENTATION_CONTEXT() REPRESENTATION_CONTEXT('2D SPACE',''
  ) );
#1194 = PCURVE('',#1195,#1406);
#1195 = ( BOUNDED_SURFACE() B_SPLINE_SURFACE(3,3,(
    (#1196,#1197,#1198,#1199,#1200,#1201,#1202,#1203,#1204,#1205,#1206
      ,#1207,#1208,#1209)
    ,(#1210,#1211,#1212,#1213,#1214,#1215,#1216,#1217,#1218,#1219,#1220
      ,#1221,#1222,#1223)
    ,(#1224,#1225,#1226,#1227,#1228,#1229,#1230,#1231,#1232,#1233,#1234
      ,#1235,#1236,#1237)
    ,(#1238,#1239,#1240,#1241,#1242,#1243,#1244,#1245,#1246,#1247,#1248
      ,#1249,#1250,#1251)
    ,(#1252,#1253,#1254,#1255,#1256,#1257,#1258,#1259,#1260,#1261,#1262
      ,#1263,#1264,#1265)
    ,(#1266,#1267,#1268,#1269,#1270,#1271,#1272,#1273,#1274,#1275,#1276
      ,#1277,#1278,#1279)
    ,(#1280,#1281,#1282,#1283,#1284,#1285,#1286,#1287,#1288,#1289,#1290
      ,#1291,#1292,#1293)
    ,(#1294,#1295,#1296,#1297,#1298,#1299,#1300,#1301,#1302,#1303,#1304
      ,#1305,#1306,#1307)
    ,(#1308,#1309,#1310,#1311,#1312,#1313,#1314,#1315,#1316,#1317,#1318
      ,#1319,#1320,#1321)
    ,(#1322,#1323,#1324,#1325,#1326,#1327,#1328,#1329,#1330,#1331,#1332
      ,#1333,#1334,#1335)
    ,(#1336,#1337,#1338,#1339,#1340,#1341,#1342,#1343,#1344,#1345,#1346
      ,#1347,#1348,#1349)
    ,(#1350,#1351,#1352,#1353,#1354,#1355,#1356,#1357,#1358,#1359,#1360
      ,#1361,#1362,#1363)
    ,(#1364,#1365,#1366,#1367,#1368,#1369,#1370,#1371,#1372,#1373,#1374
      ,#1375,#1376,#1377)
    ,(#1378,#1379,#1380,#1381,#1382,#1383,#1384,#1385,#1386,#1387,#1388
      ,#1389,#1390,#1391)
    ,(#1392,#1393,#1394,#1395,#1396,#1397,#1398,#1399,#1400,#1401,#1402
      ,#1403,#1404,#1405
)),.UNSPECIFIED.,.F.,.F.,.F.) B_SPLINE_SURFACE_WITH_KNOTS((4,2,2,1,1,1,2
    ,2,4),(4,2,2,1,1,2,2,4),(0.,0.125,0.25,0.5,1.,1.5,1.75,1.875,2.),(0.
    ,0.125,0.25,0.5,1.,1.5,1.75,2.),.UNSPECIFIED.) 
GEOMETRIC_REPRESENTATION_ITEM() RATIONAL_B_SPLINE_SURFACE((
    (1.,0.999673591097,1.003256005911,1.006613067109,1.006387713493,1.
      ,1.,1.,1.,1.01677191461,1.017908478598,1.011273458144
      ,1.003501873701,1.)
    ,(1.000163887618,0.99849765167,1.002584817228,1.006777861191
      ,1.006450255028,1.,1.,1.,1.,1.016638505487,1.017959328921
      ,1.010544287409,1.002105906646,0.999123301832)
    ,(1.004393994018,1.003293708299,1.004047637957,1.006101593095
      ,1.005426796144,1.,1.,1.,1.,1.013227908033,1.015001269838
      ,1.009730511223,1.005456856359,1.003908290919)
    ,(1.008273494138,1.008184953539,1.007054420874,1.008279955675
      ,1.007807722674,1.,1.,1.,1.,1.014785254393,1.015020285717
      ,1.010122167205,1.010219196468,1.008460080563)
    ,(1.007922887859,1.007732235027,1.006247585306,1.008069942284
      ,1.007634246686,1.,1.,1.,1.,1.01334212611,1.01334918143
      ,1.008637968046,1.010997435068,1.008226881121)
    ,(1.,1.,1.,1.,1.,1.,1.,1.,1.,1.,1.,1.,1.,1.)
    ,(1.,1.,1.,1.,1.,1.,1.,1.,1.,1.,1.,1.,1.,1.)
    ,(1.,1.,1.,1.,1.,1.,1.,1.,1.,1.,1.,1.,1.,1.)
    ,(1.,1.,1.,1.,1.,1.,1.,1.,1.,1.,1.,1.,1.,1.)
    ,(1.,1.,1.,1.,1.,1.,1.,1.,1.,1.,1.,1.,1.,1.)
    ,(1.007915155057,1.007870139697,1.0065227411,1.008231995368
      ,1.007656090335,1.,1.,1.,1.,1.013443144769,1.013235973421
      ,1.008230289059,1.010777114051,1.00822854851)
    ,(1.008265268345,1.008287032352,1.007219251642,1.008306785974
      ,1.007703912017,1.,1.,1.,1.,1.015165941988,1.015142322847
      ,1.009900140225,1.010059026342,1.008462124863)
    ,(1.004388951459,1.003306457539,1.00405148261,1.005962505797
      ,1.005182198311,1.,1.,1.,1.,1.013761420906,1.015337766907
      ,1.009759159316,1.005442384864,1.003910731267)
    ,(1.000162521285,0.998497521637,1.002571592214,1.006684855009
      ,1.006325171958,1.,1.,1.,1.,1.016905323734,1.018168219287
      ,1.010586201124,1.002112764069,0.999125761318)
    ,(1.,0.999673591097,1.003256005911,1.006613067109,1.006387713493,1.
      ,1.,1.,1.,1.01677191461,1.017908478598,1.011273458144
,1.003501873701,1.))) REPRESENTATION_ITEM('') SURFACE() );
#1196 = CARTESIAN_POINT('',(50.170947989572,3.295713264278,
    -5.506402785845));
#1197 = CARTESIAN_POINT('',(50.386601292744,3.209107074753,
    -4.691500912115));
#1198 = CARTESIAN_POINT('',(50.527687458531,3.150009345094,
    -3.730415147166));
#1199 = CARTESIAN_POINT('',(50.743269187659,3.055564005179,
    -1.51777220203));
#1200 = CARTESIAN_POINT('',(50.818802555831,3.019779827006,
    -0.258812207265));
#1201 = CARTESIAN_POINT('',(50.950954666702,2.945603986171,
    4.021469906076));
#1202 = CARTESIAN_POINT('',(51.01786806544,2.867478986171,
    13.800367305918));
#1203 = CARTESIAN_POINT('',(51.107085930424,2.763312319504,
    26.838897172375));
#1204 = CARTESIAN_POINT('',(51.032954744801,2.556046431841,
    44.492026383693));
#1205 = CARTESIAN_POINT('',(50.753574294656,2.453121835831,
    55.335315951481));
#1206 = CARTESIAN_POINT('',(50.587333686457,2.430376429932,
    58.519130778342));
#1207 = CARTESIAN_POINT('',(50.101095003204,2.406500113634,
    64.210562056886));
#1208 = CARTESIAN_POINT('',(49.775763933323,2.405300163852,
    66.76423076395));
#1209 = CARTESIAN_POINT('',(49.388763104518,2.417297642927,
    68.751940592214));
#1210 = CARTESIAN_POINT('',(50.394234776375,3.454159779915,
    -6.096839948922));
#1211 = CARTESIAN_POINT('',(50.714497609129,3.367700778762,
    -5.269901488716));
#1212 = CARTESIAN_POINT('',(50.934098708704,3.315440829839,
    -4.256387696584));
#1213 = CARTESIAN_POINT('',(51.256175747155,3.229615639869,
    -1.85337636585));
#1214 = CARTESIAN_POINT('',(51.35881358557,3.198252760914,
    -0.517490603531));
#1215 = CARTESIAN_POINT('',(51.526311302733,3.126598105196,
    3.786578675779));
#1216 = CARTESIAN_POINT('',(51.609953051155,3.028941855196,
    13.666450425581));
#1217 = CARTESIAN_POINT('',(51.721475382386,2.898733521863,
    26.839612758652));
#1218 = CARTESIAN_POINT('',(51.755099501349,2.639651627483,
    44.568417435193));
#1219 = CARTESIAN_POINT('',(51.441068403529,2.505350857509,
    55.430826624463));
#1220 = CARTESIAN_POINT('',(51.231280690996,2.471902186326,
    58.712433693078));
#1221 = CARTESIAN_POINT('',(50.579142140003,2.429991103309,
    64.672527131249));
#1222 = CARTESIAN_POINT('',(50.140024897358,2.422586960657,
    67.318579824066));
#1223 = CARTESIAN_POINT('',(49.622181316453,2.431587048113,
    69.30529544781));
#1224 = CARTESIAN_POINT('',(50.543450955813,3.658571678922,
    -6.647464466597));
#1225 = CARTESIAN_POINT('',(50.941954438332,3.583568672059,
    -5.797020258821));
#1226 = CARTESIAN_POINT('',(51.228300036802,3.535478503501,
    -4.751847981654));
#1227 = CARTESIAN_POINT('',(51.636610243004,3.45569009576,
    -2.275727098325));
#1228 = CARTESIAN_POINT('',(51.770920288309,3.424514610927,
    -0.923783401582));
#1229 = CARTESIAN_POINT('',(51.973602605433,3.352838486132,
    3.492964637907));
#1230 = CARTESIAN_POINT('',(52.078154790961,3.230768173632,
    13.49905432516));
#1231 = CARTESIAN_POINT('',(52.217557704999,3.068007756965,
    26.840507241498));
#1232 = CARTESIAN_POINT('',(52.375137262781,2.744155737889,
    44.706641292303));
#1233 = CARTESIAN_POINT('',(52.047240773761,2.568153628666,
    55.746385194655));
#1234 = CARTESIAN_POINT('',(51.795488947834,2.523884151128,
    59.041866422946));
#1235 = CARTESIAN_POINT('',(51.014808853809,2.462705178424,
    65.058817954752));
#1236 = CARTESIAN_POINT('',(50.48757464463,2.447993467108,
    67.601623102341));
#1237 = CARTESIAN_POINT('',(49.847184387973,2.453760945018,
    69.600003327817));
#1238 = CARTESIAN_POINT('',(50.778397170894,4.149344007418,
    -7.776403710225));
#1239 = CARTESIAN_POINT('',(51.284145641022,4.114620163034,
    -6.916748402613));
#1240 = CARTESIAN_POINT('',(51.655703151845,4.074147676618,
    -5.810081373573));
#1241 = CARTESIAN_POINT('',(52.205692604941,4.004339073141,
    -3.202839872739));
#1242 = CARTESIAN_POINT('',(52.392838465711,3.970850149763,
    -1.778613038119));
#1243 = CARTESIAN_POINT('',(52.676087210836,3.873188640869,
    2.817652350801));
#1244 = CARTESIAN_POINT('',(52.828733401707,3.694965984619,
    13.114043294191));
#1245 = CARTESIAN_POINT('',(53.032261656203,3.457335776285,
    26.842564552044));
#1246 = CARTESIAN_POINT('',(53.447493719547,2.987316818029,
    44.992537075332));
#1247 = CARTESIAN_POINT('',(53.144254533116,2.721655934536,
    56.212885508932));
#1248 = CARTESIAN_POINT('',(52.840481455338,2.650245413399,
    59.622715909003));
#1249 = CARTESIAN_POINT('',(51.863329181904,2.543200136547,
    65.75240414234));
#1250 = CARTESIAN_POINT('',(51.196044144874,2.51463979272,
    68.224533601738));
#1251 = CARTESIAN_POINT('',(50.33477045779,2.508259352053,
    70.152317140186));
#1252 = CARTESIAN_POINT('',(50.865439326368,4.437619432307,
    -8.359742552807));
#1253 = CARTESIAN_POINT('',(51.39896510292,4.418626715212,-7.48676637825
    ));
#1254 = CARTESIAN_POINT('',(51.800877588752,4.374115683279,
    -6.347986739646));
#1255 = CARTESIAN_POINT('',(52.403120536386,4.307442513211,
    -3.69523628862));
#1256 = CARTESIAN_POINT('',(52.613570558496,4.27234079649,
    -2.243122922862));
#1257 = CARTESIAN_POINT('',(52.931280513539,4.16729841467,2.435954101568
    ));
#1258 = CARTESIAN_POINT('',(53.111110272648,3.95733747717,
    12.896428363643));
#1259 = CARTESIAN_POINT('',(53.350883284793,3.677389560503,
    26.843727379745));
#1260 = CARTESIAN_POINT('',(53.899812414881,3.125973787763,
    45.140209001251));
#1261 = CARTESIAN_POINT('',(53.622177321808,2.806258824569,
    56.508744621689));
#1262 = CARTESIAN_POINT('',(53.305263799163,2.719383191275,
    59.953214299515));
#1263 = CARTESIAN_POINT('',(52.270828851422,2.587036345222,
    66.091255170991));
#1264 = CARTESIAN_POINT('',(51.556521071507,2.553149232953,
    68.542366666829));
#1265 = CARTESIAN_POINT('',(50.59961062949,2.540809287461,
    70.412839573937));
#1266 = CARTESIAN_POINT('',(51.038551784851,5.443866629929,
    -10.19127801206));
#1267 = CARTESIAN_POINT('',(51.609008547143,5.416093699126,
    -9.23558848776));
#1268 = CARTESIAN_POINT('',(52.048746834193,5.381375112135,
    -8.030350695669));
#1269 = CARTESIAN_POINT('',(52.731402213222,5.302387509426,
    -5.276082125364));
#1270 = CARTESIAN_POINT('',(52.974319305201,5.258118493708,
    -3.72705134715));
#1271 = CARTESIAN_POINT('',(53.504762421651,5.117497128939,
    1.202775142505));
#1272 = CARTESIAN_POINT('',(53.772416016604,4.804997128939,
    12.193364741874));
#1273 = CARTESIAN_POINT('',(54.129287476541,4.388330462272,
    26.847484207699));
#1274 = CARTESIAN_POINT('',(55.059932287939,3.581706530648,
    45.426070568603));
#1275 = CARTESIAN_POINT('',(54.756488775561,3.091564369589,
    57.315819493564));
#1276 = CARTESIAN_POINT('',(54.488436417947,2.947321280513,
    60.938370660931));
#1277 = CARTESIAN_POINT('',(53.423965269036,2.73501135089,67.03097168523
    ));
#1278 = CARTESIAN_POINT('',(52.627546477738,2.666944510344,
    69.501021542162));
#1279 = CARTESIAN_POINT('',(51.469665772912,2.655916287052,
    71.159268562944));
#1280 = CARTESIAN_POINT('',(51.198892577523,7.860532362748,
    -14.21176264156));
#1281 = CARTESIAN_POINT('',(51.789335173025,7.811926332074,
    -13.16430597403));
#1282 = CARTESIAN_POINT('',(52.252984621481,7.751166253512,
    -11.83638983787));
#1283 = CARTESIAN_POINT('',(52.98879270396,7.612934121781,
    -8.793763589836));
#1284 = CARTESIAN_POINT('',(53.260951337983,7.535462068611,
    -7.079053477962));
#1285 = CARTESIAN_POINT('',(53.88333423789,7.289372128939,
    -1.615919621065));
#1286 = CARTESIAN_POINT('',(54.351728029057,6.742497128939,
    10.58636217783));
#1287 = CARTESIAN_POINT('',(54.976253083947,6.013330462272,
    26.856071243023));
#1288 = CARTESIAN_POINT('',(56.592827182281,4.652219351161,
    45.369176861693));
#1289 = CARTESIAN_POINT('',(56.673853934845,3.781795366625,
    57.627035169177));
#1290 = CARTESIAN_POINT('',(56.512295548835,3.516722263245,
    61.441826120584));
#1291 = CARTESIAN_POINT('',(55.55366723782,3.110391841996,
    67.914338922233));
#1292 = CARTESIAN_POINT('',(54.756597312816,2.969134524127,
    70.572060772474));
#1293 = CARTESIAN_POINT('',(53.512583152347,2.926624766967,
    72.343875339302));
#1294 = CARTESIAN_POINT('',(51.466127231976,11.888308584113,
    -20.9125703574));
#1295 = CARTESIAN_POINT('',(52.089879549495,11.80498072032,
    -19.71216845114));
#1296 = CARTESIAN_POINT('',(52.593380933628,11.700818155808,
    -18.1797884082));
#1297 = CARTESIAN_POINT('',(53.41777685519,11.463845142373,
    -14.65656603062));
#1298 = CARTESIAN_POINT('',(53.73867139262,11.331034693451,
    -12.66572369598));
#1299 = CARTESIAN_POINT('',(54.514287264954,10.909163795605,
    -6.313744227017));
#1300 = CARTESIAN_POINT('',(55.317248049812,9.971663795605,7.90802457109
    ));
#1301 = CARTESIAN_POINT('',(56.387862429622,8.721663795606,
    26.870382968564));
#1302 = CARTESIAN_POINT('',(59.397227550578,6.388330462272,
    46.702373552951));
#1303 = CARTESIAN_POINT('',(60.071122568339,4.917473987502,
    59.680130651494));
#1304 = CARTESIAN_POINT('',(60.0318994371,4.473712416784,63.690010377717
    ));
#1305 = CARTESIAN_POINT('',(59.027334162077,3.809094371296,
    70.470270418638));
#1306 = CARTESIAN_POINT('',(58.061992018292,3.588237896526,
    73.240650733337));
#1307 = CARTESIAN_POINT('',(56.434385665787,3.543762596832,
    75.087570943137));
#1308 = CARTESIAN_POINT('',(50.656888713145,17.051405955471,
    -20.38695705705));
#1309 = CARTESIAN_POINT('',(51.283536376399,17.217187825535,
    -19.06789094845));
#1310 = CARTESIAN_POINT('',(51.769094987169,17.424411913924,
    -17.38399587189));
#1311 = CARTESIAN_POINT('',(52.533155437603,17.869816278105,
    -13.53581831599));
#1312 = CARTESIAN_POINT('',(52.811657277268,18.107996553898,
    -11.37153583664));
#1313 = CARTESIAN_POINT('',(53.449259640406,18.79107928851,
    -4.532013094077));
#1314 = CARTESIAN_POINT('',(53.932851743252,20.031412386677,
    10.533733609106));
#1315 = CARTESIAN_POINT('',(55.288055496121,18.353777406877,
    27.620585550855));
#1316 = CARTESIAN_POINT('',(58.701968177984,14.141610428036,
    45.980218858159));
#1317 = CARTESIAN_POINT('',(59.65047315481,11.304391493514,
    58.041258644462));
#1318 = CARTESIAN_POINT('',(59.697986557991,10.412302898608,
    61.776824374201));
#1319 = CARTESIAN_POINT('',(58.841439242093,8.968457545788,
    68.100478751972));
#1320 = CARTESIAN_POINT('',(57.937378523015,8.416700787875,
    70.688567400004));
#1321 = CARTESIAN_POINT('',(56.350398604107,8.151624817018,
    72.413959832025));
#1322 = CARTESIAN_POINT('',(50.171345601846,20.149264378286,
    -20.07158907684));
#1323 = CARTESIAN_POINT('',(50.799730472542,20.464512088665,
    -18.68132444683));
#1324 = CARTESIAN_POINT('',(51.274523419293,20.858568168794,
    -16.90652035011));
#1325 = CARTESIAN_POINT('',(52.002382587051,21.713398959544,
    -12.86336968721));
#1326 = CARTESIAN_POINT('',(52.255448808058,22.174173670166,
    -10.59502312103));
#1327 = CARTESIAN_POINT('',(52.810243065678,23.520228584253,
    -3.462974414313));
#1328 = CARTESIAN_POINT('',(53.102213959316,26.06726154132,
    12.109159031916));
#1329 = CARTESIAN_POINT('',(54.628171336019,24.13304557364,
    28.070707100229));
#1330 = CARTESIAN_POINT('',(58.476088554249,18.398772497593,
    46.365696907345));
#1331 = CARTESIAN_POINT('',(59.566500621802,14.652225356712,
    57.941038202856));
#1332 = CARTESIAN_POINT('',(59.6307170033,13.495735920777,
    61.441835124723));
#1333 = CARTESIAN_POINT('',(58.768918385865,11.606947077497,
    67.308720553786));
#1334 = CARTESIAN_POINT('',(57.842903386933,10.874647670153,
    69.674809060984));
#1335 = CARTESIAN_POINT('',(56.225911315256,10.474178680373,
    71.26383933015));
#1336 = CARTESIAN_POINT('',(49.840102995871,21.537470563329,
    -19.63466694719));
#1337 = CARTESIAN_POINT('',(50.437067321378,21.887158431211,
    -18.29605788169));
#1338 = CARTESIAN_POINT('',(50.874481086142,22.362586090966,
    -16.56460108364));
#1339 = CARTESIAN_POINT('',(51.513617733049,23.405180929062,
    -12.4400200044));
#1340 = CARTESIAN_POINT('',(51.729118834183,23.955838287502,
    -10.18144297525));
#1341 = CARTESIAN_POINT('',(52.044066156694,25.591660469434,
    -2.971662781086));
#1342 = CARTESIAN_POINT('',(52.251304859734,28.717648742713,
    12.796430532555));
#1343 = CARTESIAN_POINT('',(53.817987342821,26.719621213882,
    28.230827833093));
#1344 = CARTESIAN_POINT('',(57.669052221354,20.478884011141,
    46.208067418908));
#1345 = CARTESIAN_POINT('',(59.133463880372,16.468475816005,
    57.238354372224));
#1346 = CARTESIAN_POINT('',(59.172525500347,15.234332137855,
    60.546820842367));
#1347 = CARTESIAN_POINT('',(58.398594880732,13.039497259461,
    66.42522434468));
#1348 = CARTESIAN_POINT('',(57.521460215681,12.157350336479,
    68.760892768385));
#1349 = CARTESIAN_POINT('',(56.166407274146,11.561834666836,
    70.545499525579));
#1350 = CARTESIAN_POINT('',(49.698468439862,21.971778538306,
    -19.39768084203));
#1351 = CARTESIAN_POINT('',(50.263863614198,22.344707662211,
    -18.10374073697));
#1352 = CARTESIAN_POINT('',(50.666151151601,22.834162774441,
    -16.38708639125));
#1353 = CARTESIAN_POINT('',(51.244958814891,23.930932175539,
    -12.27767428864));
#1354 = CARTESIAN_POINT('',(51.434168172344,24.50796370743,
    -10.02479345334));
#1355 = CARTESIAN_POINT('',(51.714229083429,26.233280637379,
    -2.815093521119));
#1356 = CARTESIAN_POINT('',(51.895070125271,29.539854913857,
    13.008780830973));
#1357 = CARTESIAN_POINT('',(53.467885692896,27.531303353439,
    28.27337807041));
#1358 = CARTESIAN_POINT('',(57.284357356884,21.164176262119,
    46.097129503925));
#1359 = CARTESIAN_POINT('',(58.797232832275,17.066484972113,
    56.974732243374));
#1360 = CARTESIAN_POINT('',(58.86970024834,15.796461835059,
    60.24544990255));
#1361 = CARTESIAN_POINT('',(58.180781173805,13.504896226158,
    66.105159379474));
#1362 = CARTESIAN_POINT('',(57.377860861589,12.578684561767,
    68.457313260114));
#1363 = CARTESIAN_POINT('',(56.112397907489,11.897181528604,
    70.293855429177));
#1364 = CARTESIAN_POINT('',(49.349060543236,22.795964539004,
    -18.73517191246));
#1365 = CARTESIAN_POINT('',(49.787157413643,23.224881233332,
    -17.52200362072));
#1366 = CARTESIAN_POINT('',(50.090210843592,23.7410540892,
    -15.87906676662));
#1367 = CARTESIAN_POINT('',(50.506701347304,24.908908732328,
    -11.89711648894));
#1368 = CARTESIAN_POINT('',(50.637105907836,25.521615749783,
    -9.695796430856));
#1369 = CARTESIAN_POINT('',(50.831220626089,27.369949591924,
    -2.523558854514));
#1370 = CARTESIAN_POINT('',(50.964805552538,31.00049856818,
    13.383260822428));
#1371 = CARTESIAN_POINT('',(52.527561436474,29.003138410983,
    28.326008524133));
#1372 = CARTESIAN_POINT('',(56.205111922951,22.433758187646,
    45.859274863621));
#1373 = CARTESIAN_POINT('',(57.818981351441,18.163521124603,
    56.549674029375));
#1374 = CARTESIAN_POINT('',(57.976644799209,16.849112010582,
    59.705848343136));
#1375 = CARTESIAN_POINT('',(57.554319316612,14.40487719479,
    65.445487946304));
#1376 = CARTESIAN_POINT('',(56.948818776408,13.354883583756,
    67.859214473783));
#1377 = CARTESIAN_POINT('',(55.934650968213,12.523891374534,
    69.7586023711));
#1378 = CARTESIAN_POINT('',(49.139432048808,23.189441678284,
    -18.30588687051));
#1379 = CARTESIAN_POINT('',(49.485449352749,23.629072788008,
    -17.14328554726));
#1380 = CARTESIAN_POINT('',(49.709648932827,24.157780062847,
    -15.5370234745));
#1381 = CARTESIAN_POINT('',(50.030596651233,25.330955308858,
    -11.65877565036));
#1382 = CARTESIAN_POINT('',(50.129557456784,25.947753001413,
    -9.474335160561));
#1383 = CARTESIAN_POINT('',(50.278049242015,27.864998378524,
    -2.388593447875));
#1384 = CARTESIAN_POINT('',(50.390775714268,31.638936051359,
    13.545390515463));
#1385 = CARTESIAN_POINT('',(51.937338829975,29.66329132897,
    28.336088740539));
#1386 = CARTESIAN_POINT('',(55.510561353488,23.018047862194,
    45.732358138301));
#1387 = CARTESIAN_POINT('',(57.137664794338,18.67682023515,
    56.229071964478));
#1388 = CARTESIAN_POINT('',(57.362389541915,17.341249289227,
    59.38348314961));
#1389 = CARTESIAN_POINT('',(57.116554551635,14.841692776038,
    65.076512369342));
#1390 = CARTESIAN_POINT('',(56.643837406462,13.689355292904,
    67.584551311179));
#1391 = CARTESIAN_POINT('',(55.809702945617,12.818201920009,
    69.472159254759));
#1392 = CARTESIAN_POINT('',(48.84495649463,23.588966915347,-17.664568253
    ));
#1393 = CARTESIAN_POINT('',(49.06817356071,24.036310891515,
    -16.50104911698));
#1394 = CARTESIAN_POINT('',(49.20224079764,24.553111151306,
    -14.98889893982));
#1395 = CARTESIAN_POINT('',(49.402747426631,25.672729006476,
    -11.42745645722));
#1396 = CARTESIAN_POINT('',(49.470171045359,26.279495855219,
    -9.366480852095));
#1397 = CARTESIAN_POINT('',(49.5759883174,28.262332910894,-2.26803061012
    ));
#1398 = CARTESIAN_POINT('',(49.671549140126,32.154861075896,
    13.67403980491));
#1399 = CARTESIAN_POINT('',(51.187035585761,30.222424765911,
    28.324522276337));
#1400 = CARTESIAN_POINT('',(54.621837832536,23.509413213852,
    45.647857354816));
#1401 = CARTESIAN_POINT('',(56.287950702384,19.082014469743,
    56.125055542988));
#1402 = CARTESIAN_POINT('',(56.547735795714,17.745994938415,
    59.1870261062));
#1403 = CARTESIAN_POINT('',(56.497038887815,15.276783699736,
    64.628423377077));
#1404 = CARTESIAN_POINT('',(56.18233631707,14.123013721431,
    67.051640817245));
#1405 = CARTESIAN_POINT('',(55.557564928169,13.207841180493,
    68.940693923682));
#1406 = DEFINITIONAL_REPRESENTATION('',(#1407),#1411);
#1407 = LINE('',#1408,#1409);
#1408 = CARTESIAN_POINT('',(2.,-4.611348554771E-16));
#1409 = VECTOR('',#1410,1.);
#1410 = DIRECTION('',(-4.440892098501E-16,1.));
#1411 = ( GEOMETRIC_REPRESENTATION_CONTEXT(2) 
PARAMETRIC_REPRESENTATION_CONTEXT() REPRESENTATION_CONTEXT('2D SPACE',''
  ) );
#1412 = FACE_BOUND('',#1413,.T.);
#1413 = EDGE_LOOP('',(#1414,#1450,#1503,#1537,#1580,#1614,#1662,#1696));
#1414 = ORIENTED_EDGE('',*,*,#1415,.F.);
#1415 = EDGE_CURVE('',#1416,#1418,#1420,.T.);
#1416 = VERTEX_POINT('',#1417);
#1417 = CARTESIAN_POINT('',(24.882523477818,30.819520214308,
    2.15976251476));
#1418 = VERTEX_POINT('',#1419);
#1419 = CARTESIAN_POINT('',(24.882523477818,31.256114306497,
    3.65976251476));
#1420 = SURFACE_CURVE('',#1421,(#1427,#1436),.PCURVE_S1.);
#1421 = B_SPLINE_CURVE_WITH_KNOTS('',4,(#1422,#1423,#1424,#1425,#1426),
  .UNSPECIFIED.,.F.,.F.,(5,5),(0.,1.),.PIECEWISE_BEZIER_KNOTS.);
#1422 = CARTESIAN_POINT('',(24.882523477818,30.819520214308,
    2.15976251476));
#1423 = CARTESIAN_POINT('',(24.882523477818,30.930606088239,
    2.534196156609));
#1424 = CARTESIAN_POINT('',(24.882523477818,31.040439137138,
    2.90900081223));
#1425 = CARTESIAN_POINT('',(24.882523477818,31.148966633981,
    3.284185288625));
#1426 = CARTESIAN_POINT('',(24.882523477818,31.256114306497,
    3.65976251476));
#1427 = PCURVE('',#76,#1428);
#1428 = DEFINITIONAL_REPRESENTATION('',(#1429),#1435);
#1429 = B_SPLINE_CURVE_WITH_KNOTS('',4,(#1430,#1431,#1432,#1433,#1434),
  .UNSPECIFIED.,.F.,.F.,(5,5),(0.,1.),.PIECEWISE_BEZIER_KNOTS.);
#1430 = CARTESIAN_POINT('',(1.101717605682,0.387209958913));
#1431 = CARTESIAN_POINT('',(1.101699087531,0.393812195892));
#1432 = CARTESIAN_POINT('',(1.101677883338,0.400450882812));
#1433 = CARTESIAN_POINT('',(1.10165396248,0.407132787126));
#1434 = CARTESIAN_POINT('',(1.10162726271,0.413865986989));
#1435 = ( GEOMETRIC_REPRESENTATION_CONTEXT(2) 
PARAMETRIC_REPRESENTATION_CONTEXT() REPRESENTATION_CONTEXT('2D SPACE',''
  ) );
#1436 = PCURVE('',#1437,#1442);
#1437 = PLANE('',#1438);
#1438 = AXIS2_PLACEMENT_3D('',#1439,#1440,#1441);
#1439 = CARTESIAN_POINT('',(24.882523477818,31.984943619291,
    2.15976251476));
#1440 = DIRECTION('',(1.,0.,-0.));
#1441 = DIRECTION('',(0.,-1.,0.));
#1442 = DEFINITIONAL_REPRESENTATION('',(#1443),#1449);
#1443 = B_SPLINE_CURVE_WITH_KNOTS('',4,(#1444,#1445,#1446,#1447,#1448),
  .UNSPECIFIED.,.F.,.F.,(5,5),(0.,1.),.PIECEWISE_BEZIER_KNOTS.);
#1444 = CARTESIAN_POINT('',(1.165423404983,0.));
#1445 = CARTESIAN_POINT('',(1.054337531052,-0.374433641849));
#1446 = CARTESIAN_POINT('',(0.944504482153,-0.74923829747));
#1447 = CARTESIAN_POINT('',(0.83597698531,-1.124422773865));
#1448 = CARTESIAN_POINT('',(0.728829312794,-1.5));
#1449 = ( GEOMETRIC_REPRESENTATION_CONTEXT(2) 
PARAMETRIC_REPRESENTATION_CONTEXT() REPRESENTATION_CONTEXT('2D SPACE',''
  ) );
#1450 = ORIENTED_EDGE('',*,*,#1451,.T.);
#1451 = EDGE_CURVE('',#1416,#1452,#1454,.T.);
#1452 = VERTEX_POINT('',#1453);
#1453 = CARTESIAN_POINT('',(25.132523477818,30.820078732031,
    2.15976251476));
#1454 = SURFACE_CURVE('',#1455,(#1470,#1480),.PCURVE_S1.);
#1455 = B_SPLINE_CURVE_WITH_KNOTS('',5,(#1456,#1457,#1458,#1459,#1460,
    #1461,#1462,#1463,#1464,#1465,#1466,#1467,#1468,#1469),
  .UNSPECIFIED.,.F.,.F.,(6,4,4,6),(0.,0.373732500949,0.791602441007,1.),
  .UNSPECIFIED.);
#1456 = CARTESIAN_POINT('',(24.882523477818,30.819520214308,
    2.15976251476));
#1457 = CARTESIAN_POINT('',(25.18151613088,30.820191238175,2.15976251476
    ));
#1458 = CARTESIAN_POINT('',(25.480504925486,30.820852864339,
    2.15976251476));
#1459 = CARTESIAN_POINT('',(25.779490753937,30.821506702697,
    2.15976251476));
#1460 = CARTESIAN_POINT('',(26.078474588628,30.822153772456,
    2.15976251476));
#1461 = CARTESIAN_POINT('',(26.711749959787,30.823510901346,
    2.15976251476));
#1462 = CARTESIAN_POINT('',(27.046041251515,30.824219370001,
    2.15976251476));
#1463 = CARTESIAN_POINT('',(27.380332812613,30.824920112942,
    2.15976251476));
#1464 = CARTESIAN_POINT('',(27.71462612675,30.825613231921,2.15976251476
    ));
#1465 = CARTESIAN_POINT('',(28.215640865927,30.826638039906,
    2.15976251476));
#1466 = CARTESIAN_POINT('',(28.382359937259,30.826976748279,
    2.15976251476));
#1467 = CARTESIAN_POINT('',(28.549079957329,30.827312962368,
    2.15976251476));
#1468 = CARTESIAN_POINT('',(28.715801087128,30.827646452069,
    2.15976251476));
#1469 = CARTESIAN_POINT('',(28.882523477818,30.827976943444,
    2.15976251476));
#1470 = PCURVE('',#76,#1471);
#1471 = DEFINITIONAL_REPRESENTATION('',(#1472),#1479);
#1472 = B_SPLINE_CURVE_WITH_KNOTS('',5,(#1473,#1474,#1475,#1476,#1477,
    #1478),.UNSPECIFIED.,.F.,.F.,(6,6),(0.,6.249886867694E-02),
  .PIECEWISE_BEZIER_KNOTS.);
#1473 = CARTESIAN_POINT('',(1.101717605682,0.387209958913));
#1474 = CARTESIAN_POINT('',(1.099137249361,0.387197714741));
#1475 = CARTESIAN_POINT('',(1.096554789913,0.387185817677));
#1476 = CARTESIAN_POINT('',(1.093970310521,0.387174272042));
#1477 = CARTESIAN_POINT('',(1.091383895291,0.387163082056));
#1478 = CARTESIAN_POINT('',(1.088795629243,0.387152251842));
#1479 = ( GEOMETRIC_REPRESENTATION_CONTEXT(2) 
PARAMETRIC_REPRESENTATION_CONTEXT() REPRESENTATION_CONTEXT('2D SPACE',''
  ) );
#1480 = PCURVE('',#1481,#1486);
#1481 = PLANE('',#1482);
#1482 = AXIS2_PLACEMENT_3D('',#1483,#1484,#1485);
#1483 = CARTESIAN_POINT('',(26.882523477818,25.984943619291,
    2.15976251476));
#1484 = DIRECTION('',(0.,0.,1.));
#1485 = DIRECTION('',(1.,0.,-0.));
#1486 = DEFINITIONAL_REPRESENTATION('',(#1487),#1502);
#1487 = B_SPLINE_CURVE_WITH_KNOTS('',5,(#1488,#1489,#1490,#1491,#1492,
    #1493,#1494,#1495,#1496,#1497,#1498,#1499,#1500,#1501),
  .UNSPECIFIED.,.F.,.F.,(6,4,4,6),(0.,0.373732500949,0.791602441007,1.),
  .UNSPECIFIED.);
#1488 = CARTESIAN_POINT('',(-2.,4.834576595017));
#1489 = CARTESIAN_POINT('',(-1.701007346938,4.835247618884));
#1490 = CARTESIAN_POINT('',(-1.402018552332,4.835909245048));
#1491 = CARTESIAN_POINT('',(-1.103032723881,4.836563083406));
#1492 = CARTESIAN_POINT('',(-0.80404888919,4.837210153165));
#1493 = CARTESIAN_POINT('',(-0.170773518031,4.838567282055));
#1494 = CARTESIAN_POINT('',(0.163517773697,4.83927575071));
#1495 = CARTESIAN_POINT('',(0.497809334795,4.839976493651));
#1496 = CARTESIAN_POINT('',(0.832102648932,4.84066961263));
#1497 = CARTESIAN_POINT('',(1.333117388109,4.841694420615));
#1498 = CARTESIAN_POINT('',(1.499836459441,4.842033128988));
#1499 = CARTESIAN_POINT('',(1.666556479511,4.842369343077));
#1500 = CARTESIAN_POINT('',(1.83327760931,4.842702832778));
#1501 = CARTESIAN_POINT('',(2.,4.843033324153));
#1502 = ( GEOMETRIC_REPRESENTATION_CONTEXT(2) 
PARAMETRIC_REPRESENTATION_CONTEXT() REPRESENTATION_CONTEXT('2D SPACE',''
  ) );
#1503 = ORIENTED_EDGE('',*,*,#1504,.F.);
#1504 = EDGE_CURVE('',#1505,#1452,#1507,.T.);
#1505 = VERTEX_POINT('',#1506);
#1506 = CARTESIAN_POINT('',(25.132523477818,30.580253143531,
    1.35976251476));
#1507 = SURFACE_CURVE('',#1508,(#1514,#1523),.PCURVE_S1.);
#1508 = B_SPLINE_CURVE_WITH_KNOTS('',4,(#1509,#1510,#1511,#1512,#1513),
  .UNSPECIFIED.,.F.,.F.,(5,5),(0.,1.),.PIECEWISE_BEZIER_KNOTS.);
#1509 = CARTESIAN_POINT('',(25.132523477818,30.580253143531,
    1.35976251476));
#1510 = CARTESIAN_POINT('',(25.132523477818,30.682943616615,
    1.699095771039));
#1511 = CARTESIAN_POINT('',(25.132523477818,30.7846459909,2.038727610704
    ));
#1512 = CARTESIAN_POINT('',(25.132523477818,30.885327638702,
    2.378663177524));
#1513 = CARTESIAN_POINT('',(25.132523477818,30.984943619291,
    2.718910144895));
#1514 = PCURVE('',#76,#1515);
#1515 = DEFINITIONAL_REPRESENTATION('',(#1516),#1522);
#1516 = B_SPLINE_CURVE_WITH_KNOTS('',4,(#1517,#1518,#1519,#1520,#1521),
  .UNSPECIFIED.,.F.,.F.,(5,5),(0.,0.588929993649),
  .PIECEWISE_BEZIER_KNOTS.);
#1517 = CARTESIAN_POINT('',(1.088829548298,0.373089392589));
#1518 = CARTESIAN_POINT('',(1.088822063555,0.376591514379));
#1519 = CARTESIAN_POINT('',(1.08881391713,0.380102042936));
#1520 = CARTESIAN_POINT('',(1.088805107022,0.383621940792));
#1521 = CARTESIAN_POINT('',(1.088795629244,0.387152252317));
#1522 = ( GEOMETRIC_REPRESENTATION_CONTEXT(2) 
PARAMETRIC_REPRESENTATION_CONTEXT() REPRESENTATION_CONTEXT('2D SPACE',''
  ) );
#1523 = PCURVE('',#1524,#1529);
#1524 = PLANE('',#1525);
#1525 = AXIS2_PLACEMENT_3D('',#1526,#1527,#1528);
#1526 = CARTESIAN_POINT('',(25.132523477818,30.984943619291,
    1.35976251476));
#1527 = DIRECTION('',(1.,0.,-0.));
#1528 = DIRECTION('',(0.,-1.,0.));
#1529 = DEFINITIONAL_REPRESENTATION('',(#1530),#1536);
#1530 = B_SPLINE_CURVE_WITH_KNOTS('',4,(#1531,#1532,#1533,#1534,#1535),
  .UNSPECIFIED.,.F.,.F.,(5,5),(0.,1.),.PIECEWISE_BEZIER_KNOTS.);
#1531 = CARTESIAN_POINT('',(0.40469047576,0.));
#1532 = CARTESIAN_POINT('',(0.302000002676,-0.339333256279));
#1533 = CARTESIAN_POINT('',(0.200297628391,-0.678965095944));
#1534 = CARTESIAN_POINT('',(9.9615980589E-02,-1.018900662764));
#1535 = CARTESIAN_POINT('',(0.,-1.359147630135));
#1536 = ( GEOMETRIC_REPRESENTATION_CONTEXT(2) 
PARAMETRIC_REPRESENTATION_CONTEXT() REPRESENTATION_CONTEXT('2D SPACE',''
  ) );
#1537 = ORIENTED_EDGE('',*,*,#1538,.T.);
#1538 = EDGE_CURVE('',#1505,#1539,#1541,.T.);
#1539 = VERTEX_POINT('',#1540);
#1540 = CARTESIAN_POINT('',(28.632523477818,30.587716109365,
    1.35976251476));
#1541 = SURFACE_CURVE('',#1542,(#1551,#1563),.PCURVE_S1.);
#1542 = B_SPLINE_CURVE_WITH_KNOTS('',4,(#1543,#1544,#1545,#1546,#1547,
    #1548,#1549,#1550),.UNSPECIFIED.,.F.,.F.,(5,3,5),(0.,0.454245732723,
    1.),.UNSPECIFIED.);
#1543 = CARTESIAN_POINT('',(25.132523477818,30.580253143531,
    1.35976251476));
#1544 = CARTESIAN_POINT('',(25.529995785247,30.580868591367,
    1.35976251476));
#1545 = CARTESIAN_POINT('',(25.927461537345,30.581543420583,
    1.35976251476));
#1546 = CARTESIAN_POINT('',(26.324923517777,30.582290319054,
    1.35976251476));
#1547 = CARTESIAN_POINT('',(27.199915508263,30.5841056654,1.35976251476)
  );
#1548 = CARTESIAN_POINT('',(27.677445200945,30.585210087664,
    1.35976251476));
#1549 = CARTESIAN_POINT('',(28.154979556347,30.586421340102,
    1.35976251476));
#1550 = CARTESIAN_POINT('',(28.632523477818,30.587716109365,
    1.35976251476));
#1551 = PCURVE('',#76,#1552);
#1552 = DEFINITIONAL_REPRESENTATION('',(#1553),#1562);
#1553 = B_SPLINE_CURVE_WITH_KNOTS('',4,(#1554,#1555,#1556,#1557,#1558,
    #1559,#1560,#1561),.UNSPECIFIED.,.F.,.F.,(5,3,5),(0.,0.454245732723,
    1.),.UNSPECIFIED.);
#1554 = CARTESIAN_POINT('',(1.088829548298,0.373089392589));
#1555 = CARTESIAN_POINT('',(1.068252464712,0.372997259035));
#1556 = CARTESIAN_POINT('',(1.047550480622,0.372931056745));
#1557 = CARTESIAN_POINT('',(1.02677891096,0.372893663716));
#1558 = CARTESIAN_POINT('',(0.98103256347,0.372878964996));
#1559 = CARTESIAN_POINT('',(0.95605336582,0.372915850071));
#1560 = CARTESIAN_POINT('',(0.931167933112,0.372994946183));
#1561 = CARTESIAN_POINT('',(0.906471880614,0.3731109471));
#1562 = ( GEOMETRIC_REPRESENTATION_CONTEXT(2) 
PARAMETRIC_REPRESENTATION_CONTEXT() REPRESENTATION_CONTEXT('2D SPACE',''
  ) );
#1563 = PCURVE('',#1564,#1569);
#1564 = PLANE('',#1565);
#1565 = AXIS2_PLACEMENT_3D('',#1566,#1567,#1568);
#1566 = CARTESIAN_POINT('',(26.882523477818,28.484943619291,
    1.35976251476));
#1567 = DIRECTION('',(0.,0.,1.));
#1568 = DIRECTION('',(1.,0.,-0.));
#1569 = DEFINITIONAL_REPRESENTATION('',(#1570),#1579);
#1570 = B_SPLINE_CURVE_WITH_KNOTS('',4,(#1571,#1572,#1573,#1574,#1575,
    #1576,#1577,#1578),.UNSPECIFIED.,.F.,.F.,(5,3,5),(0.,0.454245732723,
    1.),.UNSPECIFIED.);
#1571 = CARTESIAN_POINT('',(-1.75,2.09530952424));
#1572 = CARTESIAN_POINT('',(-1.352527692571,2.095924972076));
#1573 = CARTESIAN_POINT('',(-0.955061940473,2.096599801292));
#1574 = CARTESIAN_POINT('',(-0.557599960041,2.097346699763));
#1575 = CARTESIAN_POINT('',(0.317392030445,2.099162046109));
#1576 = CARTESIAN_POINT('',(0.794921723127,2.100266468373));
#1577 = CARTESIAN_POINT('',(1.272456078529,2.101477720811));
#1578 = CARTESIAN_POINT('',(1.75,2.102772490074));
#1579 = ( GEOMETRIC_REPRESENTATION_CONTEXT(2) 
PARAMETRIC_REPRESENTATION_CONTEXT() REPRESENTATION_CONTEXT('2D SPACE',''
  ) );
#1580 = ORIENTED_EDGE('',*,*,#1581,.T.);
#1581 = EDGE_CURVE('',#1539,#1582,#1584,.T.);
#1582 = VERTEX_POINT('',#1583);
#1583 = CARTESIAN_POINT('',(28.632523477818,30.82747874531,2.15976251476
    ));
#1584 = SURFACE_CURVE('',#1585,(#1591,#1600),.PCURVE_S1.);
#1585 = B_SPLINE_CURVE_WITH_KNOTS('',4,(#1586,#1587,#1588,#1589,#1590),
  .UNSPECIFIED.,.F.,.F.,(5,5),(0.,1.),.PIECEWISE_BEZIER_KNOTS.);
#1586 = CARTESIAN_POINT('',(28.632523477818,30.587716109365,
    1.35976251476));
#1587 = CARTESIAN_POINT('',(28.632523477818,30.68848574098,
    1.692832890425));
#1588 = CARTESIAN_POINT('',(28.632523477818,30.788302705243,
    2.026191074685));
#1589 = CARTESIAN_POINT('',(28.632523477818,30.88713610005,2.35984192831
    ));
#1590 = CARTESIAN_POINT('',(28.632523477818,30.984943619291,
    2.693792666668));
#1591 = PCURVE('',#76,#1592);
#1592 = DEFINITIONAL_REPRESENTATION('',(#1593),#1599);
#1593 = B_SPLINE_CURVE_WITH_KNOTS('',4,(#1594,#1595,#1596,#1597,#1598),
  .UNSPECIFIED.,.F.,.F.,(5,5),(0.,0.600003691624),
  .PIECEWISE_BEZIER_KNOTS.);
#1594 = CARTESIAN_POINT('',(0.906471880614,0.3731109471));
#1595 = CARTESIAN_POINT('',(0.906466169823,0.376612776569));
#1596 = CARTESIAN_POINT('',(0.906461232179,0.380123010692));
#1597 = CARTESIAN_POINT('',(0.906457071922,0.383642611996));
#1598 = CARTESIAN_POINT('',(0.906453695708,0.387172624511));
#1599 = ( GEOMETRIC_REPRESENTATION_CONTEXT(2) 
PARAMETRIC_REPRESENTATION_CONTEXT() REPRESENTATION_CONTEXT('2D SPACE',''
  ) );
#1600 = PCURVE('',#1601,#1606);
#1601 = PLANE('',#1602);
#1602 = AXIS2_PLACEMENT_3D('',#1603,#1604,#1605);
#1603 = CARTESIAN_POINT('',(28.632523477818,25.984943619291,
    1.35976251476));
#1604 = DIRECTION('',(-1.,0.,0.));
#1605 = DIRECTION('',(0.,1.,0.));
#1606 = DEFINITIONAL_REPRESENTATION('',(#1607),#1613);
#1607 = B_SPLINE_CURVE_WITH_KNOTS('',4,(#1608,#1609,#1610,#1611,#1612),
  .UNSPECIFIED.,.F.,.F.,(5,5),(0.,1.),.PIECEWISE_BEZIER_KNOTS.);
#1608 = CARTESIAN_POINT('',(4.602772490074,0.));
#1609 = CARTESIAN_POINT('',(4.703542121689,-0.333070375665));
#1610 = CARTESIAN_POINT('',(4.803359085952,-0.666428559925));
#1611 = CARTESIAN_POINT('',(4.902192480759,-1.00007941355));
#1612 = CARTESIAN_POINT('',(5.,-1.334030151908));
#1613 = ( GEOMETRIC_REPRESENTATION_CONTEXT(2) 
PARAMETRIC_REPRESENTATION_CONTEXT() REPRESENTATION_CONTEXT('2D SPACE',''
  ) );
#1614 = ORIENTED_EDGE('',*,*,#1615,.T.);
#1615 = EDGE_CURVE('',#1582,#1616,#1618,.T.);
#1616 = VERTEX_POINT('',#1617);
#1617 = CARTESIAN_POINT('',(28.882523477818,30.827976943444,
    2.15976251476));
#1618 = SURFACE_CURVE('',#1619,(#1634,#1644),.PCURVE_S1.);
#1619 = B_SPLINE_CURVE_WITH_KNOTS('',5,(#1620,#1621,#1622,#1623,#1624,
    #1625,#1626,#1627,#1628,#1629,#1630,#1631,#1632,#1633),
  .UNSPECIFIED.,.F.,.F.,(6,4,4,6),(0.,0.373732500949,0.791602441007,1.),
  .UNSPECIFIED.);
#1620 = CARTESIAN_POINT('',(24.882523477818,30.819520214308,
    2.15976251476));
#1621 = CARTESIAN_POINT('',(25.18151613088,30.820191238175,2.15976251476
    ));
#1622 = CARTESIAN_POINT('',(25.480504925486,30.820852864339,
    2.15976251476));
#1623 = CARTESIAN_POINT('',(25.779490753937,30.821506702697,
    2.15976251476));
#1624 = CARTESIAN_POINT('',(26.078474588628,30.822153772456,
    2.15976251476));
#1625 = CARTESIAN_POINT('',(26.711749959787,30.823510901346,
    2.15976251476));
#1626 = CARTESIAN_POINT('',(27.046041251515,30.824219370001,
    2.15976251476));
#1627 = CARTESIAN_POINT('',(27.380332812613,30.824920112942,
    2.15976251476));
#1628 = CARTESIAN_POINT('',(27.71462612675,30.825613231921,2.15976251476
    ));
#1629 = CARTESIAN_POINT('',(28.215640865927,30.826638039906,
    2.15976251476));
#1630 = CARTESIAN_POINT('',(28.382359937259,30.826976748279,
    2.15976251476));
#1631 = CARTESIAN_POINT('',(28.549079957329,30.827312962368,
    2.15976251476));
#1632 = CARTESIAN_POINT('',(28.715801087128,30.827646452069,
    2.15976251476));
#1633 = CARTESIAN_POINT('',(28.882523477818,30.827976943444,
    2.15976251476));
#1634 = PCURVE('',#76,#1635);
#1635 = DEFINITIONAL_REPRESENTATION('',(#1636),#1643);
#1636 = B_SPLINE_CURVE_WITH_KNOTS('',5,(#1637,#1638,#1639,#1640,#1641,
    #1642),.UNSPECIFIED.,.F.,.F.,(6,6),(0.937501355053,1.),
  .PIECEWISE_BEZIER_KNOTS.);
#1637 = CARTESIAN_POINT('',(0.906453695712,0.387172624474));
#1638 = CARTESIAN_POINT('',(0.90386822733,0.38718397972));
#1639 = CARTESIAN_POINT('',(0.901284702851,0.387195690168));
#1640 = CARTESIAN_POINT('',(0.898703205968,0.387207751663));
#1641 = CARTESIAN_POINT('',(0.896123819178,0.387220159972));
#1642 = CARTESIAN_POINT('',(0.893546623779,0.38723291078));
#1643 = ( GEOMETRIC_REPRESENTATION_CONTEXT(2) 
PARAMETRIC_REPRESENTATION_CONTEXT() REPRESENTATION_CONTEXT('2D SPACE',''
  ) );
#1644 = PCURVE('',#1481,#1645);
#1645 = DEFINITIONAL_REPRESENTATION('',(#1646),#1661);
#1646 = B_SPLINE_CURVE_WITH_KNOTS('',5,(#1647,#1648,#1649,#1650,#1651,
    #1652,#1653,#1654,#1655,#1656,#1657,#1658,#1659,#1660),
  .UNSPECIFIED.,.F.,.F.,(6,4,4,6),(0.,0.373732500949,0.791602441007,1.),
  .UNSPECIFIED.);
#1647 = CARTESIAN_POINT('',(-2.,4.834576595017));
#1648 = CARTESIAN_POINT('',(-1.701007346938,4.835247618884));
#1649 = CARTESIAN_POINT('',(-1.402018552332,4.835909245048));
#1650 = CARTESIAN_POINT('',(-1.103032723881,4.836563083406));
#1651 = CARTESIAN_POINT('',(-0.80404888919,4.837210153165));
#1652 = CARTESIAN_POINT('',(-0.170773518031,4.838567282055));
#1653 = CARTESIAN_POINT('',(0.163517773697,4.83927575071));
#1654 = CARTESIAN_POINT('',(0.497809334795,4.839976493651));
#1655 = CARTESIAN_POINT('',(0.832102648932,4.84066961263));
#1656 = CARTESIAN_POINT('',(1.333117388109,4.841694420615));
#1657 = CARTESIAN_POINT('',(1.499836459441,4.842033128988));
#1658 = CARTESIAN_POINT('',(1.666556479511,4.842369343077));
#1659 = CARTESIAN_POINT('',(1.83327760931,4.842702832778));
#1660 = CARTESIAN_POINT('',(2.,4.843033324153));
#1661 = ( GEOMETRIC_REPRESENTATION_CONTEXT(2) 
PARAMETRIC_REPRESENTATION_CONTEXT() REPRESENTATION_CONTEXT('2D SPACE',''
  ) );
#1662 = ORIENTED_EDGE('',*,*,#1663,.T.);
#1663 = EDGE_CURVE('',#1616,#1664,#1666,.T.);
#1664 = VERTEX_POINT('',#1665);
#1665 = CARTESIAN_POINT('',(28.882523477818,31.264427751921,
    3.65976251476));
#1666 = SURFACE_CURVE('',#1667,(#1673,#1682),.PCURVE_S1.);
#1667 = B_SPLINE_CURVE_WITH_KNOTS('',4,(#1668,#1669,#1670,#1671,#1672),
  .UNSPECIFIED.,.F.,.F.,(5,5),(0.,1.),.PIECEWISE_BEZIER_KNOTS.);
#1668 = CARTESIAN_POINT('',(28.882523477818,30.827976943444,
    2.15976251476));
#1669 = CARTESIAN_POINT('',(28.882523477818,30.93902865686,
    2.534195851234));
#1670 = CARTESIAN_POINT('',(28.882523477818,31.04882647785,
    2.909000414918));
#1671 = CARTESIAN_POINT('',(28.882523477818,31.157317626238,
    3.284184980066));
#1672 = CARTESIAN_POINT('',(28.882523477818,31.264427751921,
    3.65976251476));
#1673 = PCURVE('',#76,#1674);
#1674 = DEFINITIONAL_REPRESENTATION('',(#1675),#1681);
#1675 = B_SPLINE_CURVE_WITH_KNOTS('',4,(#1676,#1677,#1678,#1679,#1680),
  .UNSPECIFIED.,.F.,.F.,(5,5),(0.,1.),.PIECEWISE_BEZIER_KNOTS.);
#1676 = CARTESIAN_POINT('',(0.893546623779,0.38723291078));
#1677 = CARTESIAN_POINT('',(0.893541194367,0.393834509144));
#1678 = CARTESIAN_POINT('',(0.893538855853,0.400472548265));
#1679 = CARTESIAN_POINT('',(0.893539656053,0.407153791845));
#1680 = CARTESIAN_POINT('',(0.893543680643,0.413886317993));
#1681 = ( GEOMETRIC_REPRESENTATION_CONTEXT(2) 
PARAMETRIC_REPRESENTATION_CONTEXT() REPRESENTATION_CONTEXT('2D SPACE',''
  ) );
#1682 = PCURVE('',#1683,#1688);
#1683 = PLANE('',#1684);
#1684 = AXIS2_PLACEMENT_3D('',#1685,#1686,#1687);
#1685 = CARTESIAN_POINT('',(28.882523477818,19.984943619291,
    2.15976251476));
#1686 = DIRECTION('',(-1.,0.,0.));
#1687 = DIRECTION('',(0.,1.,0.));
#1688 = DEFINITIONAL_REPRESENTATION('',(#1689),#1695);
#1689 = B_SPLINE_CURVE_WITH_KNOTS('',4,(#1690,#1691,#1692,#1693,#1694),
  .UNSPECIFIED.,.F.,.F.,(5,5),(0.,1.),.PIECEWISE_BEZIER_KNOTS.);
#1690 = CARTESIAN_POINT('',(10.843033324153,0.));
#1691 = CARTESIAN_POINT('',(10.954085037569,-0.374433336474));
#1692 = CARTESIAN_POINT('',(11.063882858559,-0.749237900158));
#1693 = CARTESIAN_POINT('',(11.172374006947,-1.124422465306));
#1694 = CARTESIAN_POINT('',(11.27948413263,-1.5));
#1695 = ( GEOMETRIC_REPRESENTATION_CONTEXT(2) 
PARAMETRIC_REPRESENTATION_CONTEXT() REPRESENTATION_CONTEXT('2D SPACE',''
  ) );
#1696 = ORIENTED_EDGE('',*,*,#1697,.F.);
#1697 = EDGE_CURVE('',#1418,#1664,#1698,.T.);
#1698 = SURFACE_CURVE('',#1699,(#1711,#1726),.PCURVE_S1.);
#1699 = B_SPLINE_CURVE_WITH_KNOTS('',4,(#1700,#1701,#1702,#1703,#1704,
    #1705,#1706,#1707,#1708,#1709,#1710),.UNSPECIFIED.,.F.,.F.,(5,3,3,5)
  ,(0.,0.373453642964,0.599655871761,1.),.UNSPECIFIED.);
#1700 = CARTESIAN_POINT('',(24.882523477818,31.256114306497,
    3.65976251476));
#1701 = CARTESIAN_POINT('',(25.255983894994,31.257510884984,
    3.65976251476));
#1702 = CARTESIAN_POINT('',(25.629438391095,31.258765339987,
    3.65976251476));
#1703 = CARTESIAN_POINT('',(26.002889156627,31.259867918278,
    3.65976251476));
#1704 = CARTESIAN_POINT('',(26.602538506996,31.261379947878,
    3.65976251476));
#1705 = CARTESIAN_POINT('',(26.828737837639,31.261891564146,
    3.65976251476));
#1706 = CARTESIAN_POINT('',(27.054937292146,31.262340574671,
    3.65976251476));
#1707 = CARTESIAN_POINT('',(27.681477821542,31.263421284922,
    3.65976251476));
#1708 = CARTESIAN_POINT('',(28.081820315056,31.263926715667,
    3.65976251476));
#1709 = CARTESIAN_POINT('',(28.482167996911,31.264258176871,
    3.65976251476));
#1710 = CARTESIAN_POINT('',(28.882523477818,31.264427751921,
    3.65976251476));
#1711 = PCURVE('',#76,#1712);
#1712 = DEFINITIONAL_REPRESENTATION('',(#1713),#1725);
#1713 = B_SPLINE_CURVE_WITH_KNOTS('',4,(#1714,#1715,#1716,#1717,#1718,
    #1719,#1720,#1721,#1722,#1723,#1724),.UNSPECIFIED.,.F.,.F.,(5,3,3,5)
  ,(0.,0.373453642964,0.599655871761,1.),.UNSPECIFIED.);
#1714 = CARTESIAN_POINT('',(1.10162726271,0.413865986989));
#1715 = CARTESIAN_POINT('',(1.082361972312,0.413786607813));
#1716 = CARTESIAN_POINT('',(1.062971572499,0.413725168562));
#1717 = CARTESIAN_POINT('',(1.043500434454,0.413683669058));
#1718 = CARTESIAN_POINT('',(1.012186572047,0.413651380347));
#1719 = CARTESIAN_POINT('',(1.000363110607,0.413647007745));
#1720 = CARTESIAN_POINT('',(0.988539477776,0.413651004983));
#1721 = CARTESIAN_POINT('',(0.955819989925,0.413683739925));
#1722 = CARTESIAN_POINT('',(0.934947199503,0.413729270472));
#1723 = CARTESIAN_POINT('',(0.91417040752,0.41379762915));
#1724 = CARTESIAN_POINT('',(0.893543680643,0.413886317993));
#1725 = ( GEOMETRIC_REPRESENTATION_CONTEXT(2) 
PARAMETRIC_REPRESENTATION_CONTEXT() REPRESENTATION_CONTEXT('2D SPACE',''
  ) );
#1726 = PCURVE('',#1727,#1732);
#1727 = PLANE('',#1728);
#1728 = AXIS2_PLACEMENT_3D('',#1729,#1730,#1731);
#1729 = CARTESIAN_POINT('',(26.882523477818,25.984943619291,
    3.65976251476));
#1730 = DIRECTION('',(0.,0.,1.));
#1731 = DIRECTION('',(1.,0.,-0.));
#1732 = DEFINITIONAL_REPRESENTATION('',(#1733),#1745);
#1733 = B_SPLINE_CURVE_WITH_KNOTS('',4,(#1734,#1735,#1736,#1737,#1738,
    #1739,#1740,#1741,#1742,#1743,#1744),.UNSPECIFIED.,.F.,.F.,(5,3,3,5)
  ,(0.,0.373453642964,0.599655871761,1.),.UNSPECIFIED.);
#1734 = CARTESIAN_POINT('',(-2.,5.271170687206));
#1735 = CARTESIAN_POINT('',(-1.626539582824,5.272567265693));
#1736 = CARTESIAN_POINT('',(-1.253085086723,5.273821720696));
#1737 = CARTESIAN_POINT('',(-0.879634321191,5.274924298987));
#1738 = CARTESIAN_POINT('',(-0.279984970822,5.276436328587));
#1739 = CARTESIAN_POINT('',(-5.3785640179E-02,5.276947944855));
#1740 = CARTESIAN_POINT('',(0.172413814328,5.27739695538));
#1741 = CARTESIAN_POINT('',(0.798954343724,5.278477665631));
#1742 = CARTESIAN_POINT('',(1.199296837238,5.278983096376));
#1743 = CARTESIAN_POINT('',(1.599644519093,5.27931455758));
#1744 = CARTESIAN_POINT('',(2.,5.27948413263));
#1745 = ( GEOMETRIC_REPRESENTATION_CONTEXT(2) 
PARAMETRIC_REPRESENTATION_CONTEXT() REPRESENTATION_CONTEXT('2D SPACE',''
  ) );
#1746 = FACE_BOUND('',#1747,.T.);
#1747 = EDGE_LOOP('',(#1748,#1802,#1847,#1848));
#1748 = ORIENTED_EDGE('',*,*,#1749,.T.);
#1749 = EDGE_CURVE('',#1750,#1752,#1754,.T.);
#1750 = VERTEX_POINT('',#1751);
#1751 = CARTESIAN_POINT('',(30.242268854604,27.978520431854,
    43.513915342295));
#1752 = VERTEX_POINT('',#1753);
#1753 = CARTESIAN_POINT('',(30.612366370272,21.103107892359,
    59.159542754746));
#1754 = SURFACE_CURVE('',#1755,(#1760,#1789),.PCURVE_S1.);
#1755 = B_SPLINE_CURVE_WITH_KNOTS('',3,(#1756,#1757,#1758,#1759),
  .UNSPECIFIED.,.F.,.F.,(4,4),(-1.703478021343,-5.549832367691E-02),
  .PIECEWISE_BEZIER_KNOTS.);
#1756 = CARTESIAN_POINT('',(30.242268854604,27.978520431854,
    43.513915342295));
#1757 = CARTESIAN_POINT('',(30.365332196063,25.945433230268,
    48.716336615309));
#1758 = CARTESIAN_POINT('',(30.494914043857,23.524207734874,
    54.194323427369));
#1759 = CARTESIAN_POINT('',(30.612366370272,21.103107892359,
    59.159542754746));
#1760 = PCURVE('',#76,#1761);
#1761 = DEFINITIONAL_REPRESENTATION('',(#1762),#1788);
#1762 = B_SPLINE_CURVE_WITH_KNOTS('',3,(#1763,#1764,#1765,#1766,#1767,
    #1768,#1769,#1770,#1771,#1772,#1773,#1774,#1775,#1776,#1777,#1778,
    #1779,#1780,#1781,#1782,#1783,#1784,#1785,#1786,#1787),
  .UNSPECIFIED.,.F.,.F.,(4,1,1,1,1,1,1,1,1,1,1,1,1,1,1,1,1,1,1,1,1,1,4),
  (-1.703478021343,-1.628569853267,-1.553661685192,-1.478753517116,
    -1.40384534904,-1.328937180964,-1.254029012889,-1.179120844813,
    -1.104212676737,-1.029304508661,-0.954396340586,-0.87948817251,
    -0.804580004434,-0.729671836358,-0.654763668283,-0.579855500207,
    -0.504947332131,-0.430039164056,-0.35513099598,-0.280222827904,
    -0.205314659828,-0.130406491753,-5.549832367691E-02),.UNSPECIFIED.);
#1763 = CARTESIAN_POINT('',(0.856182419703,1.33256024163));
#1764 = CARTESIAN_POINT('',(0.856212980178,1.337598051907));
#1765 = CARTESIAN_POINT('',(0.856274974394,1.347696157662));
#1766 = CARTESIAN_POINT('',(0.856370357922,1.362909571665));
#1767 = CARTESIAN_POINT('',(0.856467907239,1.378187951984));
#1768 = CARTESIAN_POINT('',(0.856567391816,1.393530320441));
#1769 = CARTESIAN_POINT('',(0.856668579565,1.40893589846));
#1770 = CARTESIAN_POINT('',(0.856771237177,1.424404134796));
#1771 = CARTESIAN_POINT('',(0.856875130925,1.439934698191));
#1772 = CARTESIAN_POINT('',(0.856980027247,1.45552748163));
#1773 = CARTESIAN_POINT('',(0.857085693238,1.471182606122));
#1774 = CARTESIAN_POINT('',(0.857191897247,1.486900426343));
#1775 = CARTESIAN_POINT('',(0.857298408664,1.502681541731));
#1776 = CARTESIAN_POINT('',(0.85740500044,1.518526797251));
#1777 = CARTESIAN_POINT('',(0.857511457128,1.534437259004));
#1778 = CARTESIAN_POINT('',(0.857617564365,1.550414279878));
#1779 = CARTESIAN_POINT('',(0.857723110301,1.566459513554));
#1780 = CARTESIAN_POINT('',(0.857827885321,1.582574940186));
#1781 = CARTESIAN_POINT('',(0.857931682151,1.598762894183));
#1782 = CARTESIAN_POINT('',(0.858034295802,1.615026100032));
#1783 = CARTESIAN_POINT('',(0.858135523466,1.631367706727));
#1784 = CARTESIAN_POINT('',(0.858235164413,1.647791358553));
#1785 = CARTESIAN_POINT('',(0.858333019616,1.664301167887));
#1786 = CARTESIAN_POINT('',(0.858396934603,1.675368455162));
#1787 = CARTESIAN_POINT('',(0.858428528714,1.680918072517));
#1788 = ( GEOMETRIC_REPRESENTATION_CONTEXT(2) 
PARAMETRIC_REPRESENTATION_CONTEXT() REPRESENTATION_CONTEXT('2D SPACE',''
  ) );
#1789 = PCURVE('',#1790,#1795);
#1790 = PLANE('',#1791);
#1791 = AXIS2_PLACEMENT_3D('',#1792,#1793,#1794);
#1792 = CARTESIAN_POINT('',(30.242268854604,50.,43.513915342295));
#1793 = DIRECTION('',(0.999720337547,0.,-2.36483973148E-02));
#1794 = DIRECTION('',(2.36483973148E-02,0.,0.999720337547));
#1795 = DEFINITIONAL_REPRESENTATION('',(#1796),#1801);
#1796 = B_SPLINE_CURVE_WITH_KNOTS('',3,(#1797,#1798,#1799,#1800),
  .UNSPECIFIED.,.F.,.F.,(4,4),(-1.703478021343,-5.549832367691E-02),
  .PIECEWISE_BEZIER_KNOTS.);
#1797 = CARTESIAN_POINT('',(0.,22.021479568146));
#1798 = CARTESIAN_POINT('',(5.203876601911,24.054566769732));
#1799 = CARTESIAN_POINT('',(10.683395829762,26.475792265126));
#1800 = CARTESIAN_POINT('',(15.650004131001,28.896892107641));
#1801 = ( GEOMETRIC_REPRESENTATION_CONTEXT(2) 
PARAMETRIC_REPRESENTATION_CONTEXT() REPRESENTATION_CONTEXT('2D SPACE',''
  ) );
#1802 = ORIENTED_EDGE('',*,*,#1803,.T.);
#1803 = EDGE_CURVE('',#1752,#52,#1804,.T.);
#1804 = SURFACE_CURVE('',#1805,(#1810,#1839),.PCURVE_S1.);
#1805 = B_SPLINE_CURVE_WITH_KNOTS('',3,(#1806,#1807,#1808,#1809),
  .UNSPECIFIED.,.F.,.F.,(4,4),(-0.608244510222,-5.036004186472E-02),
  .PIECEWISE_BEZIER_KNOTS.);
#1806 = CARTESIAN_POINT('',(30.612366370272,21.103107892359,
    59.159542754746));
#1807 = CARTESIAN_POINT('',(28.851714479322,21.169953060734,
    59.201190997646));
#1808 = CARTESIAN_POINT('',(27.134439731392,21.182103359093,
    59.241813153676));
#1809 = CARTESIAN_POINT('',(25.299693446657,21.114134199152,
    59.285214100405));
#1810 = PCURVE('',#76,#1811);
#1811 = DEFINITIONAL_REPRESENTATION('',(#1812),#1838);
#1812 = B_SPLINE_CURVE_WITH_KNOTS('',3,(#1813,#1814,#1815,#1816,#1817,
    #1818,#1819,#1820,#1821,#1822,#1823,#1824,#1825,#1826,#1827,#1828,
    #1829,#1830,#1831,#1832,#1833,#1834,#1835,#1836,#1837),
  .UNSPECIFIED.,.F.,.F.,(4,1,1,1,1,1,1,1,1,1,1,1,1,1,1,1,1,1,1,1,1,1,4),
  (-0.608244510222,-0.582886125297,-0.557527740372,-0.532169355446,
    -0.506810970521,-0.481452585596,-0.45609420067,-0.430735815745,
    -0.405377430819,-0.380019045894,-0.354660660969,-0.329302276043,
    -0.303943891118,-0.278585506193,-0.253227121267,-0.227868736342,
    -0.202510351417,-0.177151966491,-0.151793581566,-0.126435196641,
    -0.101076811715,-7.571842679006E-02,-5.036004186472E-02),
  .UNSPECIFIED.);
#1813 = CARTESIAN_POINT('',(0.858428528714,1.680918072517));
#1814 = CARTESIAN_POINT('',(0.861414103359,1.680997626437));
#1815 = CARTESIAN_POINT('',(0.867384567459,1.681154055148));
#1816 = CARTESIAN_POINT('',(0.876340429311,1.681380944464));
#1817 = CARTESIAN_POINT('',(0.885298672329,1.681600369341));
#1818 = CARTESIAN_POINT('',(0.894261532308,1.681812599196));
#1819 = CARTESIAN_POINT('',(0.903231254548,1.682017890411));
#1820 = CARTESIAN_POINT('',(0.912210092814,1.682216484521));
#1821 = CARTESIAN_POINT('',(0.921200305551,1.682408608748));
#1822 = CARTESIAN_POINT('',(0.930204152721,1.682594475925));
#1823 = CARTESIAN_POINT('',(0.939223892349,1.682774284611));
#1824 = CARTESIAN_POINT('',(0.948261777036,1.682948219178));
#1825 = CARTESIAN_POINT('',(0.957320050366,1.683116449913));
#1826 = CARTESIAN_POINT('',(0.966400943236,1.683279133228));
#1827 = CARTESIAN_POINT('',(0.975506670088,1.683436411573));
#1828 = CARTESIAN_POINT('',(0.984639425112,1.68358841455));
#1829 = CARTESIAN_POINT('',(0.993801378195,1.683735255688));
#1830 = CARTESIAN_POINT('',(1.002994671493,1.683877045532));
#1831 = CARTESIAN_POINT('',(1.012221412914,1.684013840052));
#1832 = CARTESIAN_POINT('',(1.02148368801,1.684145589285));
#1833 = CARTESIAN_POINT('',(1.030783558245,1.684272243758));
#1834 = CARTESIAN_POINT('',(1.040123055199,1.684393734661));
#1835 = CARTESIAN_POINT('',(1.049504182052,1.684509980833));
#1836 = CARTESIAN_POINT('',(1.055787321754,1.684583913784));
#1837 = CARTESIAN_POINT('',(1.058936483254,1.684619973126));
#1838 = ( GEOMETRIC_REPRESENTATION_CONTEXT(2) 
PARAMETRIC_REPRESENTATION_CONTEXT() REPRESENTATION_CONTEXT('2D SPACE',''
  ) );
#1839 = PCURVE('',#332,#1840);
#1840 = DEFINITIONAL_REPRESENTATION('',(#1841),#1846);
#1841 = B_SPLINE_CURVE_WITH_KNOTS('',3,(#1842,#1843,#1844,#1845),
  .UNSPECIFIED.,.F.,.F.,(4,4),(-0.608244510222,-5.036004186472E-02),
  .PIECEWISE_BEZIER_KNOTS.);
#1842 = CARTESIAN_POINT('',(0.,28.896892107641));
#1843 = CARTESIAN_POINT('',(1.761144416918,28.830046939266));
#1844 = CARTESIAN_POINT('',(3.478899556465,28.817896640907));
#1845 = CARTESIAN_POINT('',(5.314159094385,28.885865800848));
#1846 = ( GEOMETRIC_REPRESENTATION_CONTEXT(2) 
PARAMETRIC_REPRESENTATION_CONTEXT() REPRESENTATION_CONTEXT('2D SPACE',''
  ) );
#1847 = ORIENTED_EDGE('',*,*,#51,.T.);
#1848 = ORIENTED_EDGE('',*,*,#1849,.T.);
#1849 = EDGE_CURVE('',#54,#1750,#1850,.T.);
#1850 = SURFACE_CURVE('',#1851,(#1856,#1885),.PCURVE_S1.);
#1851 = B_SPLINE_CURVE_WITH_KNOTS('',3,(#1852,#1853,#1854,#1855),
  .UNSPECIFIED.,.F.,.F.,(4,4),(-0.591413318189,-5.031954223233E-02),
  .PIECEWISE_BEZIER_KNOTS.);
#1852 = CARTESIAN_POINT('',(24.929595930989,27.979323843751,
    43.639586687954));
#1853 = CARTESIAN_POINT('',(26.765278616524,28.056408272809,
    43.596163590652));
#1854 = CARTESIAN_POINT('',(28.45947588217,28.049228736951,
    43.55608733276));
#1855 = CARTESIAN_POINT('',(30.242268854604,27.978520431854,
    43.513915342295));
#1856 = PCURVE('',#76,#1857);
#1857 = DEFINITIONAL_REPRESENTATION('',(#1858),#1884);
#1858 = B_SPLINE_CURVE_WITH_KNOTS('',3,(#1859,#1860,#1861,#1862,#1863,
    #1864,#1865,#1866,#1867,#1868,#1869,#1870,#1871,#1872,#1873,#1874,
    #1875,#1876,#1877,#1878,#1879,#1880,#1881,#1882,#1883),
  .UNSPECIFIED.,.F.,.F.,(4,1,1,1,1,1,1,1,1,1,1,1,1,1,1,1,1,1,1,1,1,1,4),
  (-0.591413318189,-0.566818146555,-0.54222297492,-0.517627803286,
    -0.493032631651,-0.468437460017,-0.443842288383,-0.419247116748,
    -0.394651945114,-0.370056773479,-0.345461601845,-0.320866430211,
    -0.296271258576,-0.271676086942,-0.247080915307,-0.222485743673,
    -0.197890572039,-0.173295400404,-0.14870022877,-0.124105057135,
    -9.950988550111E-02,-7.491471386672E-02,-5.031954223233E-02),
  .UNSPECIFIED.);
#1859 = CARTESIAN_POINT('',(1.081245979218,1.335963887903));
#1860 = CARTESIAN_POINT('',(1.077719375219,1.335950634617));
#1861 = CARTESIAN_POINT('',(1.07068435196,1.335920398884));
#1862 = CARTESIAN_POINT('',(1.060183480108,1.335864090638));
#1863 = CARTESIAN_POINT('',(1.049731411303,1.335797069625));
#1864 = CARTESIAN_POINT('',(1.03932517641,1.335719546078));
#1865 = CARTESIAN_POINT('',(1.028961744405,1.335631708938));
#1866 = CARTESIAN_POINT('',(1.018638019484,1.335533723414));
#1867 = CARTESIAN_POINT('',(1.008350852182,1.335425729168));
#1868 = CARTESIAN_POINT('',(0.99809704546,1.335307849239));
#1869 = CARTESIAN_POINT('',(0.987873367812,1.335180154909));
#1870 = CARTESIAN_POINT('',(0.977676542922,1.335042558663));
#1871 = CARTESIAN_POINT('',(0.967503251416,1.334894967474));
#1872 = CARTESIAN_POINT('',(0.957350141974,1.334737262676));
#1873 = CARTESIAN_POINT('',(0.947213839208,1.334569304994));
#1874 = CARTESIAN_POINT('',(0.937090952253,1.334390932922));
#1875 = CARTESIAN_POINT('',(0.926978082977,1.334201962974));
#1876 = CARTESIAN_POINT('',(0.916871834088,1.334002189505));
#1877 = CARTESIAN_POINT('',(0.906768816997,1.333791384761));
#1878 = CARTESIAN_POINT('',(0.89666565963,1.333569298876));
#1879 = CARTESIAN_POINT('',(0.886559013443,1.333335660195));
#1880 = CARTESIAN_POINT('',(0.876445562358,1.333090174751));
#1881 = CARTESIAN_POINT('',(0.866322023429,1.332832529166));
#1882 = CARTESIAN_POINT('',(0.859564125935,1.332652430432));
#1883 = CARTESIAN_POINT('',(0.856182419703,1.33256024163));
#1884 = ( GEOMETRIC_REPRESENTATION_CONTEXT(2) 
PARAMETRIC_REPRESENTATION_CONTEXT() REPRESENTATION_CONTEXT('2D SPACE',''
  ) );
#1885 = PCURVE('',#386,#1886);
#1886 = DEFINITIONAL_REPRESENTATION('',(#1887),#1892);
#1887 = B_SPLINE_CURVE_WITH_KNOTS('',3,(#1888,#1889,#1890,#1891),
  .UNSPECIFIED.,.F.,.F.,(4,4),(-0.591413318189,-5.031954223233E-02),
  .PIECEWISE_BEZIER_KNOTS.);
#1888 = CARTESIAN_POINT('',(0.,22.020676156249));
#1889 = CARTESIAN_POINT('',(1.836196200669,21.943591727191));
#1890 = CARTESIAN_POINT('',(3.530867402221,21.950771263049));
#1891 = CARTESIAN_POINT('',(5.314159094385,22.021479568146));
#1892 = ( GEOMETRIC_REPRESENTATION_CONTEXT(2) 
PARAMETRIC_REPRESENTATION_CONTEXT() REPRESENTATION_CONTEXT('2D SPACE',''
  ) );
#1893 = ADVANCED_FACE('',(#1894),#332,.F.);
#1894 = FACE_BOUND('',#1895,.T.);
#1895 = EDGE_LOOP('',(#1896,#1897,#1920,#1941));
#1896 = ORIENTED_EDGE('',*,*,#1803,.F.);
#1897 = ORIENTED_EDGE('',*,*,#1898,.T.);
#1898 = EDGE_CURVE('',#1752,#1899,#1901,.T.);
#1899 = VERTEX_POINT('',#1900);
#1900 = CARTESIAN_POINT('',(30.612366370272,10.,59.159542754746));
#1901 = SURFACE_CURVE('',#1902,(#1906,#1913),.PCURVE_S1.);
#1902 = LINE('',#1903,#1904);
#1903 = CARTESIAN_POINT('',(30.612366370272,50.,59.159542754746));
#1904 = VECTOR('',#1905,1.);
#1905 = DIRECTION('',(0.,-1.,0.));
#1906 = PCURVE('',#332,#1907);
#1907 = DEFINITIONAL_REPRESENTATION('',(#1908),#1912);
#1908 = LINE('',#1909,#1910);
#1909 = CARTESIAN_POINT('',(0.,0.));
#1910 = VECTOR('',#1911,1.);
#1911 = DIRECTION('',(0.,1.));
#1912 = ( GEOMETRIC_REPRESENTATION_CONTEXT(2) 
PARAMETRIC_REPRESENTATION_CONTEXT() REPRESENTATION_CONTEXT('2D SPACE',''
  ) );
#1913 = PCURVE('',#1790,#1914);
#1914 = DEFINITIONAL_REPRESENTATION('',(#1915),#1919);
#1915 = LINE('',#1916,#1917);
#1916 = CARTESIAN_POINT('',(15.650004131001,0.));
#1917 = VECTOR('',#1918,1.);
#1918 = DIRECTION('',(0.,1.));
#1919 = ( GEOMETRIC_REPRESENTATION_CONTEXT(2) 
PARAMETRIC_REPRESENTATION_CONTEXT() REPRESENTATION_CONTEXT('2D SPACE',''
  ) );
#1920 = ORIENTED_EDGE('',*,*,#1921,.T.);
#1921 = EDGE_CURVE('',#1899,#317,#1922,.T.);
#1922 = SURFACE_CURVE('',#1923,(#1927,#1934),.PCURVE_S1.);
#1923 = LINE('',#1924,#1925);
#1924 = CARTESIAN_POINT('',(30.612366370272,10.,59.159542754746));
#1925 = VECTOR('',#1926,1.);
#1926 = DIRECTION('',(-0.999720337547,0.,2.36483973148E-02));
#1927 = PCURVE('',#332,#1928);
#1928 = DEFINITIONAL_REPRESENTATION('',(#1929),#1933);
#1929 = LINE('',#1930,#1931);
#1930 = CARTESIAN_POINT('',(0.,40.));
#1931 = VECTOR('',#1932,1.);
#1932 = DIRECTION('',(1.,0.));
#1933 = ( GEOMETRIC_REPRESENTATION_CONTEXT(2) 
PARAMETRIC_REPRESENTATION_CONTEXT() REPRESENTATION_CONTEXT('2D SPACE',''
  ) );
#1934 = PCURVE('',#360,#1935);
#1935 = DEFINITIONAL_REPRESENTATION('',(#1936),#1940);
#1936 = LINE('',#1937,#1938);
#1937 = CARTESIAN_POINT('',(-7.759978033396,2.841385219642));
#1938 = VECTOR('',#1939,1.);
#1939 = DIRECTION('',(-2.36483973148E-02,-0.999720337547));
#1940 = ( GEOMETRIC_REPRESENTATION_CONTEXT(2) 
PARAMETRIC_REPRESENTATION_CONTEXT() REPRESENTATION_CONTEXT('2D SPACE',''
  ) );
#1941 = ORIENTED_EDGE('',*,*,#316,.F.);
#1942 = ADVANCED_FACE('',(#1943),#360,.F.);
#1943 = FACE_BOUND('',#1944,.T.);
#1944 = EDGE_LOOP('',(#1945,#1946,#1969,#1990));
#1945 = ORIENTED_EDGE('',*,*,#1921,.F.);
#1946 = ORIENTED_EDGE('',*,*,#1947,.F.);
#1947 = EDGE_CURVE('',#1948,#1899,#1950,.T.);
#1948 = VERTEX_POINT('',#1949);
#1949 = CARTESIAN_POINT('',(30.242268854604,10.,43.513915342295));
#1950 = SURFACE_CURVE('',#1951,(#1955,#1962),.PCURVE_S1.);
#1951 = LINE('',#1952,#1953);
#1952 = CARTESIAN_POINT('',(30.242268854604,10.,43.513915342295));
#1953 = VECTOR('',#1954,1.);
#1954 = DIRECTION('',(2.36483973148E-02,0.,0.999720337547));
#1955 = PCURVE('',#360,#1956);
#1956 = DEFINITIONAL_REPRESENTATION('',(#1957),#1961);
#1957 = LINE('',#1958,#1959);
#1958 = CARTESIAN_POINT('',(7.885649379055,2.471287703974));
#1959 = VECTOR('',#1960,1.);
#1960 = DIRECTION('',(-0.999720337547,2.36483973148E-02));
#1961 = ( GEOMETRIC_REPRESENTATION_CONTEXT(2) 
PARAMETRIC_REPRESENTATION_CONTEXT() REPRESENTATION_CONTEXT('2D SPACE',''
  ) );
#1962 = PCURVE('',#1790,#1963);
#1963 = DEFINITIONAL_REPRESENTATION('',(#1964),#1968);
#1964 = LINE('',#1965,#1966);
#1965 = CARTESIAN_POINT('',(0.,40.));
#1966 = VECTOR('',#1967,1.);
#1967 = DIRECTION('',(1.,0.));
#1968 = ( GEOMETRIC_REPRESENTATION_CONTEXT(2) 
PARAMETRIC_REPRESENTATION_CONTEXT() REPRESENTATION_CONTEXT('2D SPACE',''
  ) );
#1969 = ORIENTED_EDGE('',*,*,#1970,.F.);
#1970 = EDGE_CURVE('',#345,#1948,#1971,.T.);
#1971 = SURFACE_CURVE('',#1972,(#1976,#1983),.PCURVE_S1.);
#1972 = LINE('',#1973,#1974);
#1973 = CARTESIAN_POINT('',(24.929595930989,10.,43.639586687954));
#1974 = VECTOR('',#1975,1.);
#1975 = DIRECTION('',(0.999720337547,0.,-2.36483973148E-02));
#1976 = PCURVE('',#360,#1977);
#1977 = DEFINITIONAL_REPRESENTATION('',(#1978),#1982);
#1978 = LINE('',#1979,#1980);
#1979 = CARTESIAN_POINT('',(7.759978033396,-2.841385219641));
#1980 = VECTOR('',#1981,1.);
#1981 = DIRECTION('',(2.36483973148E-02,0.999720337547));
#1982 = ( GEOMETRIC_REPRESENTATION_CONTEXT(2) 
PARAMETRIC_REPRESENTATION_CONTEXT() REPRESENTATION_CONTEXT('2D SPACE',''
  ) );
#1983 = PCURVE('',#386,#1984);
#1984 = DEFINITIONAL_REPRESENTATION('',(#1985),#1989);
#1985 = LINE('',#1986,#1987);
#1986 = CARTESIAN_POINT('',(0.,40.));
#1987 = VECTOR('',#1988,1.);
#1988 = DIRECTION('',(1.,0.));
#1989 = ( GEOMETRIC_REPRESENTATION_CONTEXT(2) 
PARAMETRIC_REPRESENTATION_CONTEXT() REPRESENTATION_CONTEXT('2D SPACE',''
  ) );
#1990 = ORIENTED_EDGE('',*,*,#344,.F.);
#1991 = ADVANCED_FACE('',(#1992),#386,.F.);
#1992 = FACE_BOUND('',#1993,.T.);
#1993 = EDGE_LOOP('',(#1994,#1995,#1996,#1997));
#1994 = ORIENTED_EDGE('',*,*,#1849,.F.);
#1995 = ORIENTED_EDGE('',*,*,#372,.T.);
#1996 = ORIENTED_EDGE('',*,*,#1970,.T.);
#1997 = ORIENTED_EDGE('',*,*,#1998,.F.);
#1998 = EDGE_CURVE('',#1750,#1948,#1999,.T.);
#1999 = SURFACE_CURVE('',#2000,(#2004,#2011),.PCURVE_S1.);
#2000 = LINE('',#2001,#2002);
#2001 = CARTESIAN_POINT('',(30.242268854604,50.,43.513915342295));
#2002 = VECTOR('',#2003,1.);
#2003 = DIRECTION('',(0.,-1.,0.));
#2004 = PCURVE('',#386,#2005);
#2005 = DEFINITIONAL_REPRESENTATION('',(#2006),#2010);
#2006 = LINE('',#2007,#2008);
#2007 = CARTESIAN_POINT('',(5.314159094385,0.));
#2008 = VECTOR('',#2009,1.);
#2009 = DIRECTION('',(0.,1.));
#2010 = ( GEOMETRIC_REPRESENTATION_CONTEXT(2) 
PARAMETRIC_REPRESENTATION_CONTEXT() REPRESENTATION_CONTEXT('2D SPACE',''
  ) );
#2011 = PCURVE('',#1790,#2012);
#2012 = DEFINITIONAL_REPRESENTATION('',(#2013),#2017);
#2013 = LINE('',#2014,#2015);
#2014 = CARTESIAN_POINT('',(0.,0.));
#2015 = VECTOR('',#2016,1.);
#2016 = DIRECTION('',(0.,1.));
#2017 = ( GEOMETRIC_REPRESENTATION_CONTEXT(2) 
PARAMETRIC_REPRESENTATION_CONTEXT() REPRESENTATION_CONTEXT('2D SPACE',''
  ) );
#2018 = ADVANCED_FACE('',(#2019),#431,.T.);
#2019 = FACE_BOUND('',#2020,.T.);
#2020 = EDGE_LOOP('',(#2021,#2269,#2302,#2303));
#2021 = ORIENTED_EDGE('',*,*,#2022,.F.);
#2022 = EDGE_CURVE('',#2023,#2025,#2027,.T.);
#2023 = VERTEX_POINT('',#2024);
#2024 = CARTESIAN_POINT('',(3.619049296475,3.19715409766,-5.506402785845
    ));
#2025 = VERTEX_POINT('',#2026);
#2026 = CARTESIAN_POINT('',(50.170947989572,3.295713264278,
    -5.506402785845));
#2027 = SURFACE_CURVE('',#2028,(#2044,#2051),.PCURVE_S1.);
#2028 = ( BOUNDED_CURVE() B_SPLINE_CURVE(3,(#2029,#2030,#2031,#2032,
    #2033,#2034,#2035,#2036,#2037,#2038,#2039,#2040,#2041,#2042,#2043),
.UNSPECIFIED.,.F.,.F.) B_SPLINE_CURVE_WITH_KNOTS((4,2,2,1,1,1,2,2,4),(
-2.,-1.875,-1.75,-1.5,-1.,-0.5,-0.25,-0.125,0.),.UNSPECIFIED.) CURVE() 
GEOMETRIC_REPRESENTATION_ITEM() RATIONAL_B_SPLINE_CURVE((1.,
    1.000163887618,1.004393994018,1.008273494138,1.007922887859,1.,1.,1.
    ,1.,1.,1.007915155057,1.008265268345,1.004388951459,1.000162521285,
1.)) REPRESENTATION_ITEM('') );
#2029 = CARTESIAN_POINT('',(3.619049296475,3.19715409766,-5.506402785845
    ));
#2030 = CARTESIAN_POINT('',(4.058186371303,3.127297883653,-5.73142354272
    ));
#2031 = CARTESIAN_POINT('',(4.619847199785,3.085065098141,
    -5.881227172182));
#2032 = CARTESIAN_POINT('',(5.960027634793,3.024092274573,
    -6.097623910038));
#2033 = CARTESIAN_POINT('',(6.7438032762,3.004984709292,-6.165520755575)
  );
#2034 = CARTESIAN_POINT('',(9.470821720501,2.981140714606,
    -6.250646026713));
#2035 = CARTESIAN_POINT('',(16.005040232524,3.008753826752,
    -6.186890706471));
#2036 = CARTESIAN_POINT('',(26.895404419229,3.054775680329,-6.0806318394
    ));
#2037 = CARTESIAN_POINT('',(37.785865847542,3.054867950583,
    -6.186890706471));
#2038 = CARTESIAN_POINT('',(44.320142704529,3.054923312735,
    -6.250646026713));
#2039 = CARTESIAN_POINT('',(47.047010660515,3.089694768635,
    -6.162060656363));
#2040 = CARTESIAN_POINT('',(47.83070356386,3.112074711981,
    -6.093901968468));
#2041 = CARTESIAN_POINT('',(49.170629905527,3.178946673675,
    -5.878750814371));
#2042 = CARTESIAN_POINT('',(49.73211301684,3.223830384212,
    -5.730468324512));
#2043 = CARTESIAN_POINT('',(50.170947989572,3.295713264278,
    -5.506402785845));
#2044 = PCURVE('',#431,#2045);
#2045 = DEFINITIONAL_REPRESENTATION('',(#2046),#2050);
#2046 = LINE('',#2047,#2048);
#2047 = CARTESIAN_POINT('',(0.,-3.886259287556E-16));
#2048 = VECTOR('',#2049,1.);
#2049 = DIRECTION('',(-1.,-1.819789564057E-16));
#2050 = ( GEOMETRIC_REPRESENTATION_CONTEXT(2) 
PARAMETRIC_REPRESENTATION_CONTEXT() REPRESENTATION_CONTEXT('2D SPACE',''
  ) );
#2051 = PCURVE('',#2052,#2263);
#2052 = ( BOUNDED_SURFACE() B_SPLINE_SURFACE(3,3,(
    (#2053,#2054,#2055,#2056,#2057,#2058,#2059,#2060,#2061,#2062,#2063
      ,#2064,#2065,#2066,#2067)
    ,(#2068,#2069,#2070,#2071,#2072,#2073,#2074,#2075,#2076,#2077,#2078
      ,#2079,#2080,#2081,#2082)
    ,(#2083,#2084,#2085,#2086,#2087,#2088,#2089,#2090,#2091,#2092,#2093
      ,#2094,#2095,#2096,#2097)
    ,(#2098,#2099,#2100,#2101,#2102,#2103,#2104,#2105,#2106,#2107,#2108
      ,#2109,#2110,#2111,#2112)
    ,(#2113,#2114,#2115,#2116,#2117,#2118,#2119,#2120,#2121,#2122,#2123
      ,#2124,#2125,#2126,#2127)
    ,(#2128,#2129,#2130,#2131,#2132,#2133,#2134,#2135,#2136,#2137,#2138
      ,#2139,#2140,#2141,#2142)
    ,(#2143,#2144,#2145,#2146,#2147,#2148,#2149,#2150,#2151,#2152,#2153
      ,#2154,#2155,#2156,#2157)
    ,(#2158,#2159,#2160,#2161,#2162,#2163,#2164,#2165,#2166,#2167,#2168
      ,#2169,#2170,#2171,#2172)
    ,(#2173,#2174,#2175,#2176,#2177,#2178,#2179,#2180,#2181,#2182,#2183
      ,#2184,#2185,#2186,#2187)
    ,(#2188,#2189,#2190,#2191,#2192,#2193,#2194,#2195,#2196,#2197,#2198
      ,#2199,#2200,#2201,#2202)
    ,(#2203,#2204,#2205,#2206,#2207,#2208,#2209,#2210,#2211,#2212,#2213
      ,#2214,#2215,#2216,#2217)
    ,(#2218,#2219,#2220,#2221,#2222,#2223,#2224,#2225,#2226,#2227,#2228
      ,#2229,#2230,#2231,#2232)
    ,(#2233,#2234,#2235,#2236,#2237,#2238,#2239,#2240,#2241,#2242,#2243
      ,#2244,#2245,#2246,#2247)
    ,(#2248,#2249,#2250,#2251,#2252,#2253,#2254,#2255,#2256,#2257,#2258
      ,#2259,#2260,#2261,#2262
)),.UNSPECIFIED.,.F.,.F.,.F.) B_SPLINE_SURFACE_WITH_KNOTS((4,2,2,1,1,2,2
    ,4),(4,2,2,1,1,1,2,2,4),(0.,0.125,0.25,0.5,1.,1.5,1.75,2.),(0.,0.125
    ,0.25,0.5,1.,1.5,1.75,1.875,2.),.UNSPECIFIED.) 
GEOMETRIC_REPRESENTATION_ITEM() RATIONAL_B_SPLINE_SURFACE((
    (1.,1.000162521285,1.004388951459,1.008265268345,1.007915155057,1.
      ,1.,1.,1.,1.,1.007922887859,1.008273494138,1.004393994018
      ,1.000163887618,1.)
    ,(0.999673591097,0.998497521637,1.003306457539,1.008287032352
      ,1.007870139697,1.,1.,1.,1.,1.,1.007732235027,1.008184953539
      ,1.003293708299,0.99849765167,0.999673591097)
    ,(1.003256005911,1.002571592214,1.00405148261,1.007219251642
      ,1.0065227411,1.,1.,1.,1.,1.,1.006247585306,1.007054420874
      ,1.004047637957,1.002584817228,1.003256005911)
    ,(1.006613067109,1.006684855009,1.005962505797,1.008306785974
      ,1.008231995368,1.,1.,1.,1.,1.,1.008069942284,1.008279955675
      ,1.006101593095,1.006777861191,1.006613067109)
    ,(1.006387713493,1.006325171958,1.005182198311,1.007703912017
      ,1.007656090335,1.,1.,1.,1.,1.,1.007634246686,1.007807722674
      ,1.005426796144,1.006450255028,1.006387713493)
    ,(1.,1.,1.,1.,1.,1.,1.,1.,1.,1.,1.,1.,1.,1.,1.)
    ,(1.,1.,1.,1.,1.,1.,1.,1.,1.,1.,1.,1.,1.,1.,1.)
    ,(1.,1.,1.,1.,1.,1.,1.,1.,1.,1.,1.,1.,1.,1.,1.)
    ,(1.,1.,1.,1.,1.,1.,1.,1.,1.,1.,1.,1.,1.,1.,1.)
    ,(1.01677191461,1.016905323734,1.013761420906,1.015165941988
      ,1.013443144769,1.,1.,1.,1.,1.,1.01334212611,1.014785254393
      ,1.013227908033,1.016638505487,1.01677191461)
    ,(1.017908478598,1.018168219287,1.015337766907,1.015142322847
      ,1.013235973421,1.,1.,1.,1.,1.,1.01334918143,1.015020285717
      ,1.015001269838,1.017959328921,1.017908478598)
    ,(1.011273458144,1.010586201124,1.009759159316,1.009900140225
      ,1.008230289059,1.,1.,1.,1.,1.,1.008637968046,1.010122167205
      ,1.009730511223,1.010544287409,1.011273458144)
    ,(1.003501873701,1.002112764069,1.005442384864,1.010059026342
      ,1.010777114051,1.,1.,1.,1.,1.,1.010997435068,1.010219196468
      ,1.005456856359,1.002105906646,1.003501873701)
    ,(1.,0.999125761318,1.003910731267,1.008462124863,1.00822854851,1.
      ,1.,1.,1.,1.,1.008226881121,1.008460080563,1.003908290919
,0.999123301832,1.))) REPRESENTATION_ITEM('') SURFACE() );
#2053 = CARTESIAN_POINT('',(50.170947989572,3.295713264278,
    -5.506402785845));
#2054 = CARTESIAN_POINT('',(49.73211301684,3.223830384212,
    -5.730468324512));
#2055 = CARTESIAN_POINT('',(49.170629905527,3.178946673675,
    -5.878750814371));
#2056 = CARTESIAN_POINT('',(47.83070356386,3.112074711981,
    -6.093901968468));
#2057 = CARTESIAN_POINT('',(47.047010660515,3.089694768635,
    -6.162060656363));
#2058 = CARTESIAN_POINT('',(44.320142704529,3.054923312735,
    -6.250646026713));
#2059 = CARTESIAN_POINT('',(37.785865847542,3.054867950583,
    -6.186890706471));
#2060 = CARTESIAN_POINT('',(26.895404419229,3.054775680329,-6.0806318394
    ));
#2061 = CARTESIAN_POINT('',(16.005040232524,3.008753826752,
    -6.186890706471));
#2062 = CARTESIAN_POINT('',(9.470821720501,2.981140714606,
    -6.250646026713));
#2063 = CARTESIAN_POINT('',(6.7438032762,3.004984709292,-6.165520755575)
  );
#2064 = CARTESIAN_POINT('',(5.960027634793,3.024092274573,
    -6.097623910038));
#2065 = CARTESIAN_POINT('',(4.619847199785,3.085065098141,
    -5.881227172182));
#2066 = CARTESIAN_POINT('',(4.058186371303,3.127297883653,-5.73142354272
    ));
#2067 = CARTESIAN_POINT('',(3.619049296475,3.19715409766,-5.506402785845
    ));
#2068 = CARTESIAN_POINT('',(50.386601292744,3.209107074753,
    -4.691500912115));
#2069 = CARTESIAN_POINT('',(49.94020171155,3.099736985629,
    -4.847558464307));
#2070 = CARTESIAN_POINT('',(49.339664494303,3.027217833179,
    -4.915102147844));
#2071 = CARTESIAN_POINT('',(47.874573592156,2.923560315421,
    -5.01027207746));
#2072 = CARTESIAN_POINT('',(47.040930929483,2.892038571262,
    -5.032066333818));
#2073 = CARTESIAN_POINT('',(44.314871089686,2.846590290685,
    -5.062309146552));
#2074 = CARTESIAN_POINT('',(37.782736492912,2.846535161994,
    -5.01449265637));
#2075 = CARTESIAN_POINT('',(26.895845498288,2.846443280843,
    -4.934798506067));
#2076 = CARTESIAN_POINT('',(16.009051714911,2.800436156665,
    -5.01449265637));
#2077 = CARTESIAN_POINT('',(9.476975444885,2.772831882158,
    -5.062309146552));
#2078 = CARTESIAN_POINT('',(6.750469195496,2.807598973451,
    -5.034303696592));
#2079 = CARTESIAN_POINT('',(5.916708574011,2.835597239942,
    -5.013124780434));
#2080 = CARTESIAN_POINT('',(4.451645406386,2.932565296152,
    -4.917292316212));
#2081 = CARTESIAN_POINT('',(3.850981100715,3.002166906481,
    -4.848134303796));
#2082 = CARTESIAN_POINT('',(3.404208231408,3.109481743931,
    -4.691249086185));
#2083 = CARTESIAN_POINT('',(50.527687458531,3.150009345094,
    -3.730415147166));
#2084 = CARTESIAN_POINT('',(50.053933865455,3.013474888831,
    -3.787653313631));
#2085 = CARTESIAN_POINT('',(49.433088938636,2.917910513851,
    -3.788939934915));
#2086 = CARTESIAN_POINT('',(47.928019503888,2.785706833913,
    -3.786442888275));
#2087 = CARTESIAN_POINT('',(47.095101593943,2.744108150337,
    -3.779041433848));
#2088 = CARTESIAN_POINT('',(44.310917378553,2.690340524147,
    -3.754389819764));
#2089 = CARTESIAN_POINT('',(37.780389476939,2.690285570552,
    -3.718527452127));
#2090 = CARTESIAN_POINT('',(26.896176307583,2.690193981229,-3.6587568394
    ));
#2091 = CARTESIAN_POINT('',(16.012060326702,2.644197904099,
    -3.718527452127));
#2092 = CARTESIAN_POINT('',(9.481590738173,2.616600257821,
    -3.754389819764));
#2093 = CARTESIAN_POINT('',(6.696578824207,2.66002011944,-3.781721448606
    ));
#2094 = CARTESIAN_POINT('',(5.863572939994,2.697598248486,
    -3.788370985209));
#2095 = CARTESIAN_POINT('',(4.358891004629,2.822487668314,
    -3.789620379793));
#2096 = CARTESIAN_POINT('',(3.738303601486,2.915067290566,
    -3.787458847147));
#2097 = CARTESIAN_POINT('',(3.264093512547,3.049540122354,
    -3.729765859983));
#2098 = CARTESIAN_POINT('',(50.743269187659,3.055564005179,
    -1.51777220203));
#2099 = CARTESIAN_POINT('',(50.225470971904,2.884216890758,-1.339317424)
  );
#2100 = CARTESIAN_POINT('',(49.568397877664,2.761624908092,
    -1.240455369048));
#2101 = CARTESIAN_POINT('',(47.990802182868,2.585828200597,
    -1.079681111437));
#2102 = CARTESIAN_POINT('',(47.125873779923,2.529056085536,
    -1.029600685557));
#2103 = CARTESIAN_POINT('',(44.304986811854,2.455965874339,
    -0.985219162915));
#2104 = CARTESIAN_POINT('',(37.77686895298,2.45591118339,-0.967287979097
    ));
#2105 = CARTESIAN_POINT('',(26.896672521524,2.455820031807,
    -0.937402672734));
#2106 = CARTESIAN_POINT('',(16.016573244387,2.409840525251,
    -0.967287979097));
#2107 = CARTESIAN_POINT('',(9.488513678105,2.382252821317,
    -0.985219162915));
#2108 = CARTESIAN_POINT('',(6.666402077025,2.444091889349,
    -1.028612283538));
#2109 = CARTESIAN_POINT('',(5.801194680393,2.496448185907,
    -1.078274319316));
#2110 = CARTESIAN_POINT('',(4.224279545165,2.664635116375,
    -1.238543073063));
#2111 = CARTESIAN_POINT('',(3.567344237907,2.784572117831,
    -1.337848222101));
#2112 = CARTESIAN_POINT('',(3.049505780036,2.953979855725,
    -1.516797064572));
#2113 = CARTESIAN_POINT('',(50.818802555831,3.019779827006,
    -0.258812207265));
#2114 = CARTESIAN_POINT('',(50.278724404411,2.84128470947,
    -1.016580841838E-04));
#2115 = CARTESIAN_POINT('',(49.610921644653,2.710143007205,
    0.113091143177));
#2116 = CARTESIAN_POINT('',(48.014809943811,2.519792426165,
    0.332278021728));
#2117 = CARTESIAN_POINT('',(47.14152742475,2.456744220892,0.400233514952
    ));
#2118 = CARTESIAN_POINT('',(44.303009956288,2.37784099107,0.476032167145
    ));
#2119 = CARTESIAN_POINT('',(37.775695444994,2.377786387669,
    0.487986289691));
#2120 = CARTESIAN_POINT('',(26.896837926171,2.377695382,0.507909827266)
  );
#2121 = CARTESIAN_POINT('',(16.018077550282,2.331721398968,
    0.487986289691));
#2122 = CARTESIAN_POINT('',(9.490821324749,2.304137009149,0.476032167145
    ));
#2123 = CARTESIAN_POINT('',(6.651105454321,2.370969190367,0.401572439885
    ));
#2124 = CARTESIAN_POINT('',(5.777183435696,2.429545026287,0.334531385211
    ));
#2125 = CARTESIAN_POINT('',(4.182112043273,2.612463926607,0.115709390247
    ));
#2126 = CARTESIAN_POINT('',(3.513914690259,2.741401362702,
    1.350810788265E-03));
#2127 = CARTESIAN_POINT('',(2.974001887729,2.91791851341,-0.257905883188
    ));
#2128 = CARTESIAN_POINT('',(50.950954666702,2.945603986171,
    4.021469906076));
#2129 = CARTESIAN_POINT('',(50.375598030671,2.764609867145,
    4.256361136374));
#2130 = CARTESIAN_POINT('',(49.672176061308,2.62886201003,4.432529559097
    ));
#2131 = CARTESIAN_POINT('',(48.073234122587,2.425235688665,
    4.696782193182));
#2132 = CARTESIAN_POINT('',(47.177714153229,2.357357224416,
    4.784866404543));
#2133 = CARTESIAN_POINT('',(44.299056245155,2.221591224532,
    4.961034827266));
#2134 = CARTESIAN_POINT('',(37.773348429022,2.221536796227,
    4.961034827266));
#2135 = CARTESIAN_POINT('',(26.897168735465,2.221446082386,
    4.961034827266));
#2136 = CARTESIAN_POINT('',(16.021086162072,2.175483146402,
    4.961034827266));
#2137 = CARTESIAN_POINT('',(9.495436618037,2.147905384812,4.961034827266
    ));
#2138 = CARTESIAN_POINT('',(6.616229634974,2.271480896636,4.784866404543
    ));
#2139 = CARTESIAN_POINT('',(5.720430272113,2.335566799347,4.696782193182
    ));
#2140 = CARTESIAN_POINT('',(4.120640440867,2.532420801078,4.432529559097
    ));
#2141 = CARTESIAN_POINT('',(3.416649972484,2.665188900099,4.256361136374
    ));
#2142 = CARTESIAN_POINT('',(2.840532100418,2.843745129992,4.021469906076
    ));
#2143 = CARTESIAN_POINT('',(51.01786806544,2.867478986171,
    13.800367305918));
#2144 = CARTESIAN_POINT('',(50.425783079724,2.706016117145,
    13.934284186255));
#2145 = CARTESIAN_POINT('',(49.709814848099,2.58491669753,
    14.034721846508));
#2146 = CARTESIAN_POINT('',(48.092053515982,2.403263032415,
    14.185378336887));
#2147 = CARTESIAN_POINT('',(47.190260415492,2.342708786916,
    14.235597167014));
#2148 = CARTESIAN_POINT('',(44.299056245155,2.221591224532,
    14.336034827266));
#2149 = CARTESIAN_POINT('',(37.773348429022,2.221536796227,
    14.336034827266));
#2150 = CARTESIAN_POINT('',(26.897168735466,2.221446082386,
    14.336034827266));
#2151 = CARTESIAN_POINT('',(16.021086162072,2.175483146402,
    14.336034827266));
#2152 = CARTESIAN_POINT('',(9.495436618037,2.147905384812,
    14.336034827266));
#2153 = CARTESIAN_POINT('',(6.60374551193,2.25677946508,14.235597167014)
  );
#2154 = CARTESIAN_POINT('',(5.701704087546,2.313514652013,
    14.185378336887));
#2155 = CARTESIAN_POINT('',(4.083188071735,2.488316506411,
    14.034721846508));
#2156 = CARTESIAN_POINT('',(3.366713480307,2.606383173876,
    13.934284186255));
#2157 = CARTESIAN_POINT('',(2.773950110849,2.765337495028,
    13.800367305918));
#2158 = CARTESIAN_POINT('',(51.107085930424,2.763312319504,
    26.838897172375));
#2159 = CARTESIAN_POINT('',(50.492696478462,2.627891117145,
    26.838181586098));
#2160 = CARTESIAN_POINT('',(49.759999897152,2.52632294753,26.83764489639
    ));
#2161 = CARTESIAN_POINT('',(48.117146040509,2.373966157415,
    26.836839861828));
#2162 = CARTESIAN_POINT('',(47.206988765176,2.323177536916,
    26.836571516974));
#2163 = CARTESIAN_POINT('',(44.299056245155,2.221591224532,
    26.836034827266));
#2164 = CARTESIAN_POINT('',(37.773348429022,2.221536796227,
    26.836034827266));
#2165 = CARTESIAN_POINT('',(26.897168735465,2.221446082386,
    26.836034827266));
#2166 = CARTESIAN_POINT('',(16.021086162072,2.175483146402,
    26.836034827266));
#2167 = CARTESIAN_POINT('',(9.495436618037,2.147905384812,
    26.836034827266));
#2168 = CARTESIAN_POINT('',(6.587100014538,2.237177556339,
    26.836571516974));
#2169 = CARTESIAN_POINT('',(5.676735841458,2.284111788902,
    26.836839861828));
#2170 = CARTESIAN_POINT('',(4.033251579558,2.429510780188,26.83764489639
    ));
#2171 = CARTESIAN_POINT('',(3.300131490737,2.527975538911,
    26.838181586098));
#2172 = CARTESIAN_POINT('',(2.685174124756,2.660793981742,
    26.838897172375));
#2173 = CARTESIAN_POINT('',(51.032954744801,2.556046431841,
    44.492026383693));
#2174 = CARTESIAN_POINT('',(50.310809988252,2.472441236198,
    44.415635332193));
#2175 = CARTESIAN_POINT('',(49.486558236587,2.409734955321,
    44.401077086304));
#2176 = CARTESIAN_POINT('',(47.709763340322,2.315670969238,
    44.389923478152));
#2177 = CARTESIAN_POINT('',(46.757220195722,2.284313264032,
    44.393328115891));
#2178 = CARTESIAN_POINT('',(43.821037568466,2.221589131136,
    44.271932263164));
#2179 = CARTESIAN_POINT('',(37.634459540133,2.221536796227,
    43.502701493933));
#2180 = CARTESIAN_POINT('',(26.897168735466,2.221446082386,
    43.502701493933));
#2181 = CARTESIAN_POINT('',(16.159973805831,2.176071251814,
    43.502701493933));
#2182 = CARTESIAN_POINT('',(9.973451018182,2.149927394105,
    44.271932263164));
#2183 = CARTESIAN_POINT('',(7.037029117127,2.200218113446,
    44.393328115891));
#2184 = CARTESIAN_POINT('',(6.084361732237,2.227542127927,
    44.389923478152));
#2185 = CARTESIAN_POINT('',(4.307184464145,2.31408168333,44.401077086304
    ));
#2186 = CARTESIAN_POINT('',(3.482674580943,2.373297224254,
    44.415635332194));
#2187 = CARTESIAN_POINT('',(2.760182283968,2.453843850255,
    44.492026383693));
#2188 = CARTESIAN_POINT('',(50.753574294656,2.453121835831,
    55.335315951481));
#2189 = CARTESIAN_POINT('',(50.066260572264,2.400906518139,
    55.239830338837));
#2190 = CARTESIAN_POINT('',(49.288598077758,2.360140426385,
    55.362076917443));
#2191 = CARTESIAN_POINT('',(47.520800331953,2.305455300712,
    55.416486833684));
#2192 = CARTESIAN_POINT('',(46.580793457013,2.288299255689,
    55.506335759048));
#2193 = CARTESIAN_POINT('',(43.67157239432,2.271876391066,
    55.742343188777));
#2194 = CARTESIAN_POINT('',(37.699250145769,2.294067666117,
    54.969744510666));
#2195 = CARTESIAN_POINT('',(26.89690548708,2.345784716483,
    54.969744510667));
#2196 = CARTESIAN_POINT('',(16.094876659299,2.248327124788,
    54.969744510666));
#2197 = CARTESIAN_POINT('',(10.122701918072,2.200847092413,
    55.742343188778));
#2198 = CARTESIAN_POINT('',(7.215903047518,2.20509258425,55.507345385062
    ));
#2199 = CARTESIAN_POINT('',(6.274291520064,2.218435137095,
    55.414649272299));
#2200 = CARTESIAN_POINT('',(4.500616825366,2.265710217051,
    55.357927548086));
#2201 = CARTESIAN_POINT('',(3.723889471573,2.303003800754,
    55.237824004961));
#2202 = CARTESIAN_POINT('',(3.035435609021,2.35214173632,55.336120115876
    ));
#2203 = CARTESIAN_POINT('',(50.587333686457,2.430376429932,
    58.519130778342));
#2204 = CARTESIAN_POINT('',(49.938488115276,2.386994131414,
    58.52211485207));
#2205 = CARTESIAN_POINT('',(49.186864530054,2.35514362795,
    58.655584204316));
#2206 = CARTESIAN_POINT('',(47.464209287276,2.313704361812,
    58.814700818428));
#2207 = CARTESIAN_POINT('',(46.543754462498,2.302329698644,
    58.931034339518));
#2208 = CARTESIAN_POINT('',(43.656592141833,2.297020282705,
    59.298061472097));
#2209 = CARTESIAN_POINT('',(37.749006559699,2.330333101062,58.6199326857
    ));
#2210 = CARTESIAN_POINT('',(26.896773862888,2.407954033532,58.6199326857
    ));
#2211 = CARTESIAN_POINT('',(16.044967130563,2.284381548098,58.6199326857
    ));
#2212 = CARTESIAN_POINT('',(10.137575567998,2.226054190405,
    59.298061472097));
#2213 = CARTESIAN_POINT('',(7.255615296515,2.21920557956,58.934904027719
    ));
#2214 = CARTESIAN_POINT('',(6.332639026972,2.226785593422,
    58.815929171015));
#2215 = CARTESIAN_POINT('',(4.603996282345,2.261017542873,
    58.654172401579));
#2216 = CARTESIAN_POINT('',(3.851213703715,2.28960224785,58.521374701178
    ));
#2217 = CARTESIAN_POINT('',(3.201422666679,2.330103422821,
    58.519996363311));
#2218 = CARTESIAN_POINT('',(50.101095003204,2.406500113634,
    64.210562056886));
#2219 = CARTESIAN_POINT('',(49.546359717425,2.380873595635,
    64.508090466389));
#2220 = CARTESIAN_POINT('',(48.890249831609,2.365449812651,
    64.718416190124));
#2221 = CARTESIAN_POINT('',(47.349694859151,2.351831963934,
    65.018695338649));
#2222 = CARTESIAN_POINT('',(46.504615091265,2.352172691479,
    65.148257209089));
#2223 = CARTESIAN_POINT('',(43.749158208665,2.372452555737,65.4299599118
    ));
#2224 = CARTESIAN_POINT('',(37.941678579265,2.439129405897,
    64.987163877467));
#2225 = CARTESIAN_POINT('',(26.89637899031,2.594461984677,
    64.987163877467));
#2226 = CARTESIAN_POINT('',(15.85183615568,2.392361035087,
    64.987163877467));
#2227 = CARTESIAN_POINT('',(10.044690923694,2.301093829236,65.4299599118
    ));
#2228 = CARTESIAN_POINT('',(7.295341174931,2.268928989733,
    65.147823210792));
#2229 = CARTESIAN_POINT('',(6.448329351636,2.265112365795,
    65.018137532197));
#2230 = CARTESIAN_POINT('',(4.90275725304,2.272343749446,64.717548673094
    ));
#2231 = CARTESIAN_POINT('',(4.244549375008,2.285017141893,
    64.507934543262));
#2232 = CARTESIAN_POINT('',(3.689359574504,2.308272769743,
    64.211145205908));
#2233 = CARTESIAN_POINT('',(49.775763933323,2.405300163852,
    66.76423076395));
#2234 = CARTESIAN_POINT('',(49.280615729631,2.388274967052,
    67.179085258701));
#2235 = CARTESIAN_POINT('',(48.715812086045,2.381021089376,
    67.313160723122));
#2236 = CARTESIAN_POINT('',(47.284965268983,2.382051327723,
    67.574868729037));
#2237 = CARTESIAN_POINT('',(46.451116648184,2.389601386449,
    67.686339660209));
#2238 = CARTESIAN_POINT('',(43.856704527984,2.42274093713,
    68.006140068183));
#2239 = CARTESIAN_POINT('',(38.084594184902,2.511660275787,67.7042068942
    ));
#2240 = CARTESIAN_POINT('',(26.896115741925,2.718800618774,67.7042068942
    ));
#2241 = CARTESIAN_POINT('',(15.708614709533,2.464286098766,67.7042068942
    ));
#2242 = CARTESIAN_POINT('',(9.936932629463,2.350926370075,
    68.006140068183));
#2243 = CARTESIAN_POINT('',(7.345842727127,2.3066421057,67.684267478498)
  );
#2244 = CARTESIAN_POINT('',(6.511494531782,2.295570285341,
    67.572032122286));
#2245 = CARTESIAN_POINT('',(5.077929729947,2.28857075399,67.310638468063
    ));
#2246 = CARTESIAN_POINT('',(4.512187850987,2.293493135021,
    67.178278321632));
#2247 = CARTESIAN_POINT('',(4.01667207606,2.308433725513,66.764464869611
    ));
#2248 = CARTESIAN_POINT('',(49.388763104518,2.417297642927,
    68.751940592214));
#2249 = CARTESIAN_POINT('',(48.960997532276,2.409033286582,
    69.196795039291));
#2250 = CARTESIAN_POINT('',(48.461650563912,2.410239533311,
    69.371497956988));
#2251 = CARTESIAN_POINT('',(47.256145916829,2.423662736576,
    69.634028310113));
#2252 = CARTESIAN_POINT('',(46.544921327486,2.435896803215,
    69.723554690933));
#2253 = CARTESIAN_POINT('',(44.051935946879,2.489792336612,
    69.870534122847));
#2254 = CARTESIAN_POINT('',(38.292509436863,2.608368102307,
    69.660264249844));
#2255 = CARTESIAN_POINT('',(26.895764744078,2.884585464237,
    69.660264249845));
#2256 = CARTESIAN_POINT('',(15.500291825868,2.560112670494,
    69.660264249845));
#2257 = CARTESIAN_POINT('',(9.741419041111,2.417150488536,
    69.870534122847));
#2258 = CARTESIAN_POINT('',(7.249131985043,2.352561669114,
    69.718590528502));
#2259 = CARTESIAN_POINT('',(6.537994687752,2.337306673502,
    69.628684834288));
#2260 = CARTESIAN_POINT('',(5.332380032753,2.318832435198,
    69.367925241872));
#2261 = CARTESIAN_POINT('',(4.832834420552,2.315575236236,
    69.195392872164));
#2262 = CARTESIAN_POINT('',(4.404946696353,2.322058402832,
    68.751940592214));
#2263 = DEFINITIONAL_REPRESENTATION('',(#2264),#2268);
#2264 = LINE('',#2265,#2266);
#2265 = CARTESIAN_POINT('',(5.263145554502E-16,0.));
#2266 = VECTOR('',#2267,1.);
#2267 = DIRECTION('',(2.03002897645E-16,-1.));
#2268 = ( GEOMETRIC_REPRESENTATION_CONTEXT(2) 
PARAMETRIC_REPRESENTATION_CONTEXT() REPRESENTATION_CONTEXT('2D SPACE',''
  ) );
#2269 = ORIENTED_EDGE('',*,*,#2270,.T.);
#2270 = EDGE_CURVE('',#2023,#402,#2271,.T.);
#2271 = SURFACE_CURVE('',#2272,(#2288,#2295),.PCURVE_S1.);
#2272 = ( BOUNDED_CURVE() B_SPLINE_CURVE(3,(#2273,#2274,#2275,#2276,
    #2277,#2278,#2279,#2280,#2281,#2282,#2283,#2284,#2285,#2286,#2287),
.UNSPECIFIED.,.F.,.F.) B_SPLINE_CURVE_WITH_KNOTS((4,2,2,1,1,1,2,2,4),(0.
,0.125,0.25,0.5,1.,1.5,1.75,1.875,2.),.UNSPECIFIED.) CURVE() 
GEOMETRIC_REPRESENTATION_ITEM() RATIONAL_B_SPLINE_CURVE((1.,
    1.000162521285,1.004388951459,1.008265268345,1.007915155057,1.,1.,1.
    ,1.,1.,1.007922887859,1.008273494138,1.004393994018,1.000163887618,
1.)) REPRESENTATION_ITEM('') );
#2273 = CARTESIAN_POINT('',(3.619049296475,3.19715409766,-5.506402785845
    ));
#2274 = CARTESIAN_POINT('',(3.39464766159,3.354639902131,-6.096136932737
    ));
#2275 = CARTESIAN_POINT('',(3.243837910161,3.558397131214,-6.64564374123
    ));
#2276 = CARTESIAN_POINT('',(3.006214163122,4.048156787906,
    -7.773675193369));
#2277 = CARTESIAN_POINT('',(2.918075092451,4.336066715261,
    -8.357210182001));
#2278 = CARTESIAN_POINT('',(2.742357226744,5.341614459338,
    -10.19127801206));
#2279 = CARTESIAN_POINT('',(2.571784841302,7.757579586425,
    -14.21176264156));
#2280 = CARTESIAN_POINT('',(2.287497532231,11.78418813157,-20.9125703574
    ));
#2281 = CARTESIAN_POINT('',(3.074866388637,16.950665822458,
    -20.38695705705));
#2282 = CARTESIAN_POINT('',(3.54728770248,20.050552436991,
    -20.07158907684));
#2283 = CARTESIAN_POINT('',(3.874528339687,21.438961941049,
    -19.63875814695));
#2284 = CARTESIAN_POINT('',(4.014462079219,21.873770931936,
    -19.40208432305));
#2285 = CARTESIAN_POINT('',(4.359693504582,22.699847185414,
    -18.73810982653));
#2286 = CARTESIAN_POINT('',(4.566825875135,23.09472895346,-18.3070287602
    ));
#2287 = CARTESIAN_POINT('',(4.859099983419,23.495840544942,-17.664568253
    ));
#2288 = PCURVE('',#431,#2289);
#2289 = DEFINITIONAL_REPRESENTATION('',(#2290),#2294);
#2290 = LINE('',#2291,#2292);
#2291 = CARTESIAN_POINT('',(2.,5.365472435238E-17));
#2292 = VECTOR('',#2293,1.);
#2293 = DIRECTION('',(0.,1.));
#2294 = ( GEOMETRIC_REPRESENTATION_CONTEXT(2) 
PARAMETRIC_REPRESENTATION_CONTEXT() REPRESENTATION_CONTEXT('2D SPACE',''
  ) );
#2295 = PCURVE('',#691,#2296);
#2296 = DEFINITIONAL_REPRESENTATION('',(#2297),#2301);
#2297 = LINE('',#2298,#2299);
#2298 = CARTESIAN_POINT('',(5.389523395526E-17,2.687637346309E-17));
#2299 = VECTOR('',#2300,1.);
#2300 = DIRECTION('',(2.105605653837E-17,1.));
#2301 = ( GEOMETRIC_REPRESENTATION_CONTEXT(2) 
PARAMETRIC_REPRESENTATION_CONTEXT() REPRESENTATION_CONTEXT('2D SPACE',''
  ) );
#2302 = ORIENTED_EDGE('',*,*,#401,.T.);
#2303 = ORIENTED_EDGE('',*,*,#2304,.F.);
#2304 = EDGE_CURVE('',#2025,#404,#2305,.T.);
#2305 = SURFACE_CURVE('',#2306,(#2322,#2329),.PCURVE_S1.);
#2306 = ( BOUNDED_CURVE() B_SPLINE_CURVE(3,(#2307,#2308,#2309,#2310,
    #2311,#2312,#2313,#2314,#2315,#2316,#2317,#2318,#2319,#2320,#2321),
.UNSPECIFIED.,.F.,.F.) B_SPLINE_CURVE_WITH_KNOTS((4,2,2,1,1,1,2,2,4),(0.
,0.125,0.25,0.5,1.,1.5,1.75,1.875,2.),.UNSPECIFIED.) CURVE() 
GEOMETRIC_REPRESENTATION_ITEM() RATIONAL_B_SPLINE_CURVE((1.,
    1.000163887618,1.004393994018,1.008273494138,1.007922887859,1.,1.,1.
    ,1.,1.,1.007915155057,1.008265268345,1.004388951459,1.000162521285,
1.)) REPRESENTATION_ITEM('') );
#2307 = CARTESIAN_POINT('',(50.170947989572,3.295713264278,
    -5.506402785845));
#2308 = CARTESIAN_POINT('',(50.394234776375,3.454159779915,
    -6.096839948922));
#2309 = CARTESIAN_POINT('',(50.543450955813,3.658571678922,
    -6.647464466597));
#2310 = CARTESIAN_POINT('',(50.778397170894,4.149344007418,
    -7.776403710225));
#2311 = CARTESIAN_POINT('',(50.865439326368,4.437619432307,
    -8.359742552807));
#2312 = CARTESIAN_POINT('',(51.038551784851,5.443866629929,
    -10.19127801206));
#2313 = CARTESIAN_POINT('',(51.198892577523,7.860532362748,
    -14.21176264156));
#2314 = CARTESIAN_POINT('',(51.466127231976,11.888308584113,
    -20.9125703574));
#2315 = CARTESIAN_POINT('',(50.656888713145,17.051405955471,
    -20.38695705705));
#2316 = CARTESIAN_POINT('',(50.171345601846,20.149264378286,
    -20.07158907684));
#2317 = CARTESIAN_POINT('',(49.840102995871,21.537470563329,
    -19.63466694719));
#2318 = CARTESIAN_POINT('',(49.698468439862,21.971778538306,
    -19.39768084203));
#2319 = CARTESIAN_POINT('',(49.349060543236,22.795964539004,
    -18.73517191246));
#2320 = CARTESIAN_POINT('',(49.139432048808,23.189441678284,
    -18.30588687051));
#2321 = CARTESIAN_POINT('',(48.84495649463,23.588966915347,-17.664568253
    ));
#2322 = PCURVE('',#431,#2323);
#2323 = DEFINITIONAL_REPRESENTATION('',(#2324),#2328);
#2324 = LINE('',#2325,#2326);
#2325 = CARTESIAN_POINT('',(5.157433298612E-16,-1.525800881917E-16));
#2326 = VECTOR('',#2327,1.);
#2327 = DIRECTION('',(-4.813474642922E-16,1.));
#2328 = ( GEOMETRIC_REPRESENTATION_CONTEXT(2) 
PARAMETRIC_REPRESENTATION_CONTEXT() REPRESENTATION_CONTEXT('2D SPACE',''
  ) );
#2329 = PCURVE('',#1195,#2330);
#2330 = DEFINITIONAL_REPRESENTATION('',(#2331),#2335);
#2331 = LINE('',#2332,#2333);
#2332 = CARTESIAN_POINT('',(-5.320969591873E-17,-4.335945523742E-17));
#2333 = VECTOR('',#2334,1.);
#2334 = DIRECTION('',(1.,-1.592651567323E-16));
#2335 = ( GEOMETRIC_REPRESENTATION_CONTEXT(2) 
PARAMETRIC_REPRESENTATION_CONTEXT() REPRESENTATION_CONTEXT('2D SPACE',''
  ) );
#2336 = ADVANCED_FACE('',(#2337),#691,.T.);
#2337 = FACE_BOUND('',#2338,.T.);
#2338 = EDGE_LOOP('',(#2339,#2373,#2406,#2407));
#2339 = ORIENTED_EDGE('',*,*,#2340,.F.);
#2340 = EDGE_CURVE('',#2341,#2023,#2343,.T.);
#2341 = VERTEX_POINT('',#2342);
#2342 = CARTESIAN_POINT('',(4.404946696353,2.322058402832,
    68.751940592214));
#2343 = SURFACE_CURVE('',#2344,(#2359,#2366),.PCURVE_S1.);
#2344 = ( BOUNDED_CURVE() B_SPLINE_CURVE(3,(#2345,#2346,#2347,#2348,
    #2349,#2350,#2351,#2352,#2353,#2354,#2355,#2356,#2357,#2358),
.UNSPECIFIED.,.F.,.F.) B_SPLINE_CURVE_WITH_KNOTS((4,2,2,1,1,2,2,4),(-2.,
-1.75,-1.5,-1.,-0.5,-0.25,-0.125,0.),.UNSPECIFIED.) CURVE() 
GEOMETRIC_REPRESENTATION_ITEM() RATIONAL_B_SPLINE_CURVE((1.,
    1.003501873701,1.011273458144,1.017908478598,1.01677191461,1.,1.,1.,
    1.,1.006387713493,1.006613067109,1.003256005911,0.999673591097,1.)) 
REPRESENTATION_ITEM('') );
#2345 = CARTESIAN_POINT('',(4.404946696353,2.322058402832,
    68.751940592214));
#2346 = CARTESIAN_POINT('',(4.01667207606,2.308433725513,66.764464869611
    ));
#2347 = CARTESIAN_POINT('',(3.689359574504,2.308272769743,
    64.211145205908));
#2348 = CARTESIAN_POINT('',(3.201422666679,2.330103422821,
    58.519996363311));
#2349 = CARTESIAN_POINT('',(3.035435609021,2.35214173632,55.336120115876
    ));
#2350 = CARTESIAN_POINT('',(2.760182283968,2.453843850255,
    44.492026383693));
#2351 = CARTESIAN_POINT('',(2.685174124756,2.660793981742,
    26.838897172375));
#2352 = CARTESIAN_POINT('',(2.773950110849,2.765337495028,
    13.800367305918));
#2353 = CARTESIAN_POINT('',(2.840532100418,2.843745129992,4.021469906076
    ));
#2354 = CARTESIAN_POINT('',(2.974001887729,2.91791851341,-0.257905883188
    ));
#2355 = CARTESIAN_POINT('',(3.049505780036,2.953979855725,
    -1.516797064572));
#2356 = CARTESIAN_POINT('',(3.264093512547,3.049540122354,
    -3.729765859983));
#2357 = CARTESIAN_POINT('',(3.404208231408,3.109481743931,
    -4.691249086185));
#2358 = CARTESIAN_POINT('',(3.619049296475,3.19715409766,-5.506402785845
    ));
#2359 = PCURVE('',#691,#2360);
#2360 = DEFINITIONAL_REPRESENTATION('',(#2361),#2365);
#2361 = LINE('',#2362,#2363);
#2362 = CARTESIAN_POINT('',(4.440892098501E-16,2.23293373724E-17));
#2363 = VECTOR('',#2364,1.);
#2364 = DIRECTION('',(-1.,-1.514148624809E-16));
#2365 = ( GEOMETRIC_REPRESENTATION_CONTEXT(2) 
PARAMETRIC_REPRESENTATION_CONTEXT() REPRESENTATION_CONTEXT('2D SPACE',''
  ) );
#2366 = PCURVE('',#2052,#2367);
#2367 = DEFINITIONAL_REPRESENTATION('',(#2368),#2372);
#2368 = LINE('',#2369,#2370);
#2369 = CARTESIAN_POINT('',(1.33226762955E-15,2.));
#2370 = VECTOR('',#2371,1.);
#2371 = DIRECTION('',(-1.,-2.22044604925E-16));
#2372 = ( GEOMETRIC_REPRESENTATION_CONTEXT(2) 
PARAMETRIC_REPRESENTATION_CONTEXT() REPRESENTATION_CONTEXT('2D SPACE',''
  ) );
#2373 = ORIENTED_EDGE('',*,*,#2374,.T.);
#2374 = EDGE_CURVE('',#2341,#665,#2375,.T.);
#2375 = SURFACE_CURVE('',#2376,(#2392,#2399),.PCURVE_S1.);
#2376 = ( BOUNDED_CURVE() B_SPLINE_CURVE(3,(#2377,#2378,#2379,#2380,
    #2381,#2382,#2383,#2384,#2385,#2386,#2387,#2388,#2389,#2390,#2391),
.UNSPECIFIED.,.F.,.F.) B_SPLINE_CURVE_WITH_KNOTS((4,2,2,1,1,1,2,2,4),(0.
,0.125,0.25,0.5,1.,1.5,1.75,1.875,2.),.UNSPECIFIED.) CURVE() 
GEOMETRIC_REPRESENTATION_ITEM() RATIONAL_B_SPLINE_CURVE((1.,
    0.999125761318,1.003910731267,1.008462124863,1.00822854851,1.,1.,1.,
    1.,1.,1.008226881121,1.008460080563,1.003908290919,0.999123301832,1.
)) REPRESENTATION_ITEM('') );
#2377 = CARTESIAN_POINT('',(4.404946696353,2.322058402832,
    68.751940592214));
#2378 = CARTESIAN_POINT('',(4.172047645667,2.335383729772,
    69.306579778882));
#2379 = CARTESIAN_POINT('',(3.948062220334,2.356640929919,
    69.603233446633));
#2380 = CARTESIAN_POINT('',(3.461176585146,2.409103600088,
    70.157130205832));
#2381 = CARTESIAN_POINT('',(3.196028530191,2.44052529871,70.417308276241
    ));
#2382 = CARTESIAN_POINT('',(2.323052286128,2.551863618882,
    71.159268562944));
#2383 = CARTESIAN_POINT('',(0.279006944441,2.813919226388,
    72.343875339302));
#2384 = CARTESIAN_POINT('',(-2.645382558324,3.418679562978,
    75.087570943137));
#2385 = CARTESIAN_POINT('',(-2.580907592294,8.026856105332,
    72.413959832025));
#2386 = CARTESIAN_POINT('',(-2.466255946241,10.349916271003,
    71.26383933015));
#2387 = CARTESIAN_POINT('',(-2.413906984819,11.439295131822,
    70.541277501369));
#2388 = CARTESIAN_POINT('',(-2.361487936989,11.774986684895,
    70.289308083018));
#2389 = CARTESIAN_POINT('',(-2.185386829692,12.401937923143,
    69.755550736359));
#2390 = CARTESIAN_POINT('',(-2.060495627377,12.696144106504,
    69.470946116082));
#2391 = CARTESIAN_POINT('',(-1.809490859158,13.086384282526,
    68.940693923682));
#2392 = PCURVE('',#691,#2393);
#2393 = DEFINITIONAL_REPRESENTATION('',(#2394),#2398);
#2394 = LINE('',#2395,#2396);
#2395 = CARTESIAN_POINT('',(2.,-3.196352914284E-16));
#2396 = VECTOR('',#2397,1.);
#2397 = DIRECTION('',(5.551115123126E-16,1.));
#2398 = ( GEOMETRIC_REPRESENTATION_CONTEXT(2) 
PARAMETRIC_REPRESENTATION_CONTEXT() REPRESENTATION_CONTEXT('2D SPACE',''
  ) );
#2399 = PCURVE('',#937,#2400);
#2400 = DEFINITIONAL_REPRESENTATION('',(#2401),#2405);
#2401 = LINE('',#2402,#2403);
#2402 = CARTESIAN_POINT('',(-8.477829073357E-16,2.));
#2403 = VECTOR('',#2404,1.);
#2404 = DIRECTION('',(1.,-2.22044604925E-16));
#2405 = ( GEOMETRIC_REPRESENTATION_CONTEXT(2) 
PARAMETRIC_REPRESENTATION_CONTEXT() REPRESENTATION_CONTEXT('2D SPACE',''
  ) );
#2406 = ORIENTED_EDGE('',*,*,#664,.T.);
#2407 = ORIENTED_EDGE('',*,*,#2270,.F.);
#2408 = ADVANCED_FACE('',(#2409),#1195,.T.);
#2409 = FACE_BOUND('',#2410,.T.);
#2410 = EDGE_LOOP('',(#2411,#2412,#2413,#2448));
#2411 = ORIENTED_EDGE('',*,*,#2304,.T.);
#2412 = ORIENTED_EDGE('',*,*,#1170,.T.);
#2413 = ORIENTED_EDGE('',*,*,#2414,.T.);
#2414 = EDGE_CURVE('',#910,#2415,#2417,.T.);
#2415 = VERTEX_POINT('',#2416);
#2416 = CARTESIAN_POINT('',(49.388763104518,2.417297642927,
    68.751940592214));
#2417 = SURFACE_CURVE('',#2418,(#2434,#2441),.PCURVE_S1.);
#2418 = ( BOUNDED_CURVE() B_SPLINE_CURVE(3,(#2419,#2420,#2421,#2422,
    #2423,#2424,#2425,#2426,#2427,#2428,#2429,#2430,#2431,#2432,#2433),
.UNSPECIFIED.,.F.,.F.) B_SPLINE_CURVE_WITH_KNOTS((4,2,2,1,1,1,2,2,4),(
-2.,-1.875,-1.75,-1.5,-1.,-0.5,-0.25,-0.125,0.),.UNSPECIFIED.) CURVE() 
GEOMETRIC_REPRESENTATION_ITEM() RATIONAL_B_SPLINE_CURVE((1.,
    0.999125761318,1.003910731267,1.008462124863,1.00822854851,1.,1.,1.,
    1.,1.,1.008226881121,1.008460080563,1.003908290919,0.999123301832,1.
)) REPRESENTATION_ITEM('') );
#2419 = CARTESIAN_POINT('',(55.557564928169,13.207841180493,
    68.940693923682));
#2420 = CARTESIAN_POINT('',(55.809702945617,12.818201920009,
    69.472159254759));
#2421 = CARTESIAN_POINT('',(55.934650968213,12.523891374534,
    69.7586023711));
#2422 = CARTESIAN_POINT('',(56.112397907489,11.897181528604,
    70.293855429177));
#2423 = CARTESIAN_POINT('',(56.166407274146,11.561834666836,
    70.545499525579));
#2424 = CARTESIAN_POINT('',(56.225911315256,10.474178680373,
    71.26383933015));
#2425 = CARTESIAN_POINT('',(56.350398604107,8.151624817018,
    72.413959832025));
#2426 = CARTESIAN_POINT('',(56.434385665787,3.543762596832,
    75.087570943137));
#2427 = CARTESIAN_POINT('',(53.512583152347,2.926624766967,
    72.343875339302));
#2428 = CARTESIAN_POINT('',(51.469665772912,2.655916287052,
    71.159268562944));
#2429 = CARTESIAN_POINT('',(50.59961062949,2.540809287461,
    70.412839573937));
#2430 = CARTESIAN_POINT('',(50.33477045779,2.508259352053,
    70.152317140186));
#2431 = CARTESIAN_POINT('',(49.847184387973,2.453760945018,
    69.600003327817));
#2432 = CARTESIAN_POINT('',(49.622181316453,2.431587048113,
    69.30529544781));
#2433 = CARTESIAN_POINT('',(49.388763104518,2.417297642927,
    68.751940592214));
#2434 = PCURVE('',#1195,#2435);
#2435 = DEFINITIONAL_REPRESENTATION('',(#2436),#2440);
#2436 = LINE('',#2437,#2438);
#2437 = CARTESIAN_POINT('',(0.,2.));
#2438 = VECTOR('',#2439,1.);
#2439 = DIRECTION('',(-1.,4.440892098501E-16));
#2440 = ( GEOMETRIC_REPRESENTATION_CONTEXT(2) 
PARAMETRIC_REPRESENTATION_CONTEXT() REPRESENTATION_CONTEXT('2D SPACE',''
  ) );
#2441 = PCURVE('',#937,#2442);
#2442 = DEFINITIONAL_REPRESENTATION('',(#2443),#2447);
#2443 = LINE('',#2444,#2445);
#2444 = CARTESIAN_POINT('',(2.22044604925E-15,1.026215203203E-15));
#2445 = VECTOR('',#2446,1.);
#2446 = DIRECTION('',(-1.,2.743910537252E-16));
#2447 = ( GEOMETRIC_REPRESENTATION_CONTEXT(2) 
PARAMETRIC_REPRESENTATION_CONTEXT() REPRESENTATION_CONTEXT('2D SPACE',''
  ) );
#2448 = ORIENTED_EDGE('',*,*,#2449,.T.);
#2449 = EDGE_CURVE('',#2415,#2025,#2450,.T.);
#2450 = SURFACE_CURVE('',#2451,(#2466,#2473),.PCURVE_S1.);
#2451 = ( BOUNDED_CURVE() B_SPLINE_CURVE(3,(#2452,#2453,#2454,#2455,
    #2456,#2457,#2458,#2459,#2460,#2461,#2462,#2463,#2464,#2465),
.UNSPECIFIED.,.F.,.F.) B_SPLINE_CURVE_WITH_KNOTS((4,2,2,1,1,2,2,4),(-2.,
-1.75,-1.5,-1.,-0.5,-0.25,-0.125,0.),.UNSPECIFIED.) CURVE() 
GEOMETRIC_REPRESENTATION_ITEM() RATIONAL_B_SPLINE_CURVE((1.,
    1.003501873701,1.011273458144,1.017908478598,1.01677191461,1.,1.,1.,
    1.,1.006387713493,1.006613067109,1.003256005911,0.999673591097,1.)) 
REPRESENTATION_ITEM('') );
#2452 = CARTESIAN_POINT('',(49.388763104518,2.417297642927,
    68.751940592214));
#2453 = CARTESIAN_POINT('',(49.775763933323,2.405300163852,
    66.76423076395));
#2454 = CARTESIAN_POINT('',(50.101095003204,2.406500113634,
    64.210562056886));
#2455 = CARTESIAN_POINT('',(50.587333686457,2.430376429932,
    58.519130778342));
#2456 = CARTESIAN_POINT('',(50.753574294656,2.453121835831,
    55.335315951481));
#2457 = CARTESIAN_POINT('',(51.032954744801,2.556046431841,
    44.492026383693));
#2458 = CARTESIAN_POINT('',(51.107085930424,2.763312319504,
    26.838897172375));
#2459 = CARTESIAN_POINT('',(51.01786806544,2.867478986171,
    13.800367305918));
#2460 = CARTESIAN_POINT('',(50.950954666702,2.945603986171,
    4.021469906076));
#2461 = CARTESIAN_POINT('',(50.818802555831,3.019779827006,
    -0.258812207265));
#2462 = CARTESIAN_POINT('',(50.743269187659,3.055564005179,
    -1.51777220203));
#2463 = CARTESIAN_POINT('',(50.527687458531,3.150009345094,
    -3.730415147166));
#2464 = CARTESIAN_POINT('',(50.386601292744,3.209107074753,
    -4.691500912115));
#2465 = CARTESIAN_POINT('',(50.170947989572,3.295713264278,
    -5.506402785845));
#2466 = PCURVE('',#1195,#2467);
#2467 = DEFINITIONAL_REPRESENTATION('',(#2468),#2472);
#2468 = LINE('',#2469,#2470);
#2469 = CARTESIAN_POINT('',(3.441516669781E-16,-6.661338147751E-16));
#2470 = VECTOR('',#2471,1.);
#2471 = DIRECTION('',(-1.12142925115E-16,-1.));
#2472 = ( GEOMETRIC_REPRESENTATION_CONTEXT(2) 
PARAMETRIC_REPRESENTATION_CONTEXT() REPRESENTATION_CONTEXT('2D SPACE',''
  ) );
#2473 = PCURVE('',#2052,#2474);
#2474 = DEFINITIONAL_REPRESENTATION('',(#2475),#2479);
#2475 = LINE('',#2476,#2477);
#2476 = CARTESIAN_POINT('',(-1.998401444325E-15,1.482785603985E-15));
#2477 = VECTOR('',#2478,1.);
#2478 = DIRECTION('',(-1.,-7.482839122507E-16));
#2479 = ( GEOMETRIC_REPRESENTATION_CONTEXT(2) 
PARAMETRIC_REPRESENTATION_CONTEXT() REPRESENTATION_CONTEXT('2D SPACE',''
  ) );
#2480 = ADVANCED_FACE('',(#2481),#937,.T.);
#2481 = FACE_BOUND('',#2482,.T.);
#2482 = EDGE_LOOP('',(#2483,#2484,#2485,#2486));
#2483 = ORIENTED_EDGE('',*,*,#2414,.F.);
#2484 = ORIENTED_EDGE('',*,*,#909,.F.);
#2485 = ORIENTED_EDGE('',*,*,#2374,.F.);
#2486 = ORIENTED_EDGE('',*,*,#2487,.F.);
#2487 = EDGE_CURVE('',#2415,#2341,#2488,.T.);
#2488 = SURFACE_CURVE('',#2489,(#2505,#2512),.PCURVE_S1.);
#2489 = ( BOUNDED_CURVE() B_SPLINE_CURVE(3,(#2490,#2491,#2492,#2493,
    #2494,#2495,#2496,#2497,#2498,#2499,#2500,#2501,#2502,#2503,#2504),
.UNSPECIFIED.,.F.,.F.) B_SPLINE_CURVE_WITH_KNOTS((4,2,2,1,1,1,2,2,4),(0.
,0.125,0.25,0.5,1.,1.5,1.75,1.875,2.),.UNSPECIFIED.) CURVE() 
GEOMETRIC_REPRESENTATION_ITEM() RATIONAL_B_SPLINE_CURVE((1.,
    0.999125761318,1.003910731267,1.008462124863,1.00822854851,1.,1.,1.,
    1.,1.,1.008226881121,1.008460080563,1.003908290919,0.999123301832,1.
)) REPRESENTATION_ITEM('') );
#2490 = CARTESIAN_POINT('',(49.388763104518,2.417297642927,
    68.751940592214));
#2491 = CARTESIAN_POINT('',(48.960997532276,2.409033286582,
    69.196795039291));
#2492 = CARTESIAN_POINT('',(48.461650563912,2.410239533311,
    69.371497956988));
#2493 = CARTESIAN_POINT('',(47.256145916829,2.423662736576,
    69.634028310113));
#2494 = CARTESIAN_POINT('',(46.544921327486,2.435896803215,
    69.723554690933));
#2495 = CARTESIAN_POINT('',(44.051935946879,2.489792336612,
    69.870534122847));
#2496 = CARTESIAN_POINT('',(38.292509436863,2.608368102307,
    69.660264249844));
#2497 = CARTESIAN_POINT('',(26.895764744078,2.884585464237,
    69.660264249845));
#2498 = CARTESIAN_POINT('',(15.500291825868,2.560112670494,
    69.660264249845));
#2499 = CARTESIAN_POINT('',(9.741419041111,2.417150488536,
    69.870534122847));
#2500 = CARTESIAN_POINT('',(7.249131985043,2.352561669114,
    69.718590528502));
#2501 = CARTESIAN_POINT('',(6.537994687752,2.337306673502,
    69.628684834288));
#2502 = CARTESIAN_POINT('',(5.332380032753,2.318832435198,
    69.367925241872));
#2503 = CARTESIAN_POINT('',(4.832834420552,2.315575236236,
    69.195392872164));
#2504 = CARTESIAN_POINT('',(4.404946696353,2.322058402832,
    68.751940592214));
#2505 = PCURVE('',#937,#2506);
#2506 = DEFINITIONAL_REPRESENTATION('',(#2507),#2511);
#2507 = LINE('',#2508,#2509);
#2508 = CARTESIAN_POINT('',(-2.315880208472E-15,1.026215203203E-15));
#2509 = VECTOR('',#2510,1.);
#2510 = DIRECTION('',(7.576549726773E-16,1.));
#2511 = ( GEOMETRIC_REPRESENTATION_CONTEXT(2) 
PARAMETRIC_REPRESENTATION_CONTEXT() REPRESENTATION_CONTEXT('2D SPACE',''
  ) );
#2512 = PCURVE('',#2052,#2513);
#2513 = DEFINITIONAL_REPRESENTATION('',(#2514),#2518);
#2514 = LINE('',#2515,#2516);
#2515 = CARTESIAN_POINT('',(2.,2.106126326813E-15));
#2516 = VECTOR('',#2517,1.);
#2517 = DIRECTION('',(1.221245327088E-15,1.));
#2518 = ( GEOMETRIC_REPRESENTATION_CONTEXT(2) 
PARAMETRIC_REPRESENTATION_CONTEXT() REPRESENTATION_CONTEXT('2D SPACE',''
  ) );
#2519 = ADVANCED_FACE('',(#2520),#1437,.T.);
#2520 = FACE_BOUND('',#2521,.T.);
#2521 = EDGE_LOOP('',(#2522,#2545,#2546,#2569));
#2522 = ORIENTED_EDGE('',*,*,#2523,.F.);
#2523 = EDGE_CURVE('',#1416,#2524,#2526,.T.);
#2524 = VERTEX_POINT('',#2525);
#2525 = CARTESIAN_POINT('',(24.882523477818,19.984943619291,
    2.15976251476));
#2526 = SURFACE_CURVE('',#2527,(#2531,#2538),.PCURVE_S1.);
#2527 = LINE('',#2528,#2529);
#2528 = CARTESIAN_POINT('',(24.882523477818,31.984943619291,
    2.15976251476));
#2529 = VECTOR('',#2530,1.);
#2530 = DIRECTION('',(0.,-1.,0.));
#2531 = PCURVE('',#1437,#2532);
#2532 = DEFINITIONAL_REPRESENTATION('',(#2533),#2537);
#2533 = LINE('',#2534,#2535);
#2534 = CARTESIAN_POINT('',(0.,0.));
#2535 = VECTOR('',#2536,1.);
#2536 = DIRECTION('',(1.,0.));
#2537 = ( GEOMETRIC_REPRESENTATION_CONTEXT(2) 
PARAMETRIC_REPRESENTATION_CONTEXT() REPRESENTATION_CONTEXT('2D SPACE',''
  ) );
#2538 = PCURVE('',#1481,#2539);
#2539 = DEFINITIONAL_REPRESENTATION('',(#2540),#2544);
#2540 = LINE('',#2541,#2542);
#2541 = CARTESIAN_POINT('',(-2.,6.));
#2542 = VECTOR('',#2543,1.);
#2543 = DIRECTION('',(0.,-1.));
#2544 = ( GEOMETRIC_REPRESENTATION_CONTEXT(2) 
PARAMETRIC_REPRESENTATION_CONTEXT() REPRESENTATION_CONTEXT('2D SPACE',''
  ) );
#2545 = ORIENTED_EDGE('',*,*,#1415,.T.);
#2546 = ORIENTED_EDGE('',*,*,#2547,.T.);
#2547 = EDGE_CURVE('',#1418,#2548,#2550,.T.);
#2548 = VERTEX_POINT('',#2549);
#2549 = CARTESIAN_POINT('',(24.882523477818,19.984943619291,
    3.65976251476));
#2550 = SURFACE_CURVE('',#2551,(#2555,#2562),.PCURVE_S1.);
#2551 = LINE('',#2552,#2553);
#2552 = CARTESIAN_POINT('',(24.882523477818,31.984943619291,
    3.65976251476));
#2553 = VECTOR('',#2554,1.);
#2554 = DIRECTION('',(0.,-1.,0.));
#2555 = PCURVE('',#1437,#2556);
#2556 = DEFINITIONAL_REPRESENTATION('',(#2557),#2561);
#2557 = LINE('',#2558,#2559);
#2558 = CARTESIAN_POINT('',(0.,-1.5));
#2559 = VECTOR('',#2560,1.);
#2560 = DIRECTION('',(1.,0.));
#2561 = ( GEOMETRIC_REPRESENTATION_CONTEXT(2) 
PARAMETRIC_REPRESENTATION_CONTEXT() REPRESENTATION_CONTEXT('2D SPACE',''
  ) );
#2562 = PCURVE('',#1727,#2563);
#2563 = DEFINITIONAL_REPRESENTATION('',(#2564),#2568);
#2564 = LINE('',#2565,#2566);
#2565 = CARTESIAN_POINT('',(-2.,6.));
#2566 = VECTOR('',#2567,1.);
#2567 = DIRECTION('',(0.,-1.));
#2568 = ( GEOMETRIC_REPRESENTATION_CONTEXT(2) 
PARAMETRIC_REPRESENTATION_CONTEXT() REPRESENTATION_CONTEXT('2D SPACE',''
  ) );
#2569 = ORIENTED_EDGE('',*,*,#2570,.F.);
#2570 = EDGE_CURVE('',#2524,#2548,#2571,.T.);
#2571 = SURFACE_CURVE('',#2572,(#2576,#2583),.PCURVE_S1.);
#2572 = LINE('',#2573,#2574);
#2573 = CARTESIAN_POINT('',(24.882523477818,19.984943619291,
    2.15976251476));
#2574 = VECTOR('',#2575,1.);
#2575 = DIRECTION('',(0.,0.,1.));
#2576 = PCURVE('',#1437,#2577);
#2577 = DEFINITIONAL_REPRESENTATION('',(#2578),#2582);
#2578 = LINE('',#2579,#2580);
#2579 = CARTESIAN_POINT('',(12.,0.));
#2580 = VECTOR('',#2581,1.);
#2581 = DIRECTION('',(0.,-1.));
#2582 = ( GEOMETRIC_REPRESENTATION_CONTEXT(2) 
PARAMETRIC_REPRESENTATION_CONTEXT() REPRESENTATION_CONTEXT('2D SPACE',''
  ) );
#2583 = PCURVE('',#2584,#2589);
#2584 = PLANE('',#2585);
#2585 = AXIS2_PLACEMENT_3D('',#2586,#2587,#2588);
#2586 = CARTESIAN_POINT('',(24.882523477818,19.984943619291,
    2.15976251476));
#2587 = DIRECTION('',(0.,1.,0.));
#2588 = DIRECTION('',(1.,0.,0.));
#2589 = DEFINITIONAL_REPRESENTATION('',(#2590),#2594);
#2590 = LINE('',#2591,#2592);
#2591 = CARTESIAN_POINT('',(0.,0.));
#2592 = VECTOR('',#2593,1.);
#2593 = DIRECTION('',(0.,-1.));
#2594 = ( GEOMETRIC_REPRESENTATION_CONTEXT(2) 
PARAMETRIC_REPRESENTATION_CONTEXT() REPRESENTATION_CONTEXT('2D SPACE',''
  ) );
#2595 = ADVANCED_FACE('',(#2596,#2644),#1727,.F.);
#2596 = FACE_BOUND('',#2597,.F.);
#2597 = EDGE_LOOP('',(#2598,#2599,#2622,#2643));
#2598 = ORIENTED_EDGE('',*,*,#2547,.T.);
#2599 = ORIENTED_EDGE('',*,*,#2600,.T.);
#2600 = EDGE_CURVE('',#2548,#2601,#2603,.T.);
#2601 = VERTEX_POINT('',#2602);
#2602 = CARTESIAN_POINT('',(28.882523477818,19.984943619291,
    3.65976251476));
#2603 = SURFACE_CURVE('',#2604,(#2608,#2615),.PCURVE_S1.);
#2604 = LINE('',#2605,#2606);
#2605 = CARTESIAN_POINT('',(24.882523477818,19.984943619291,
    3.65976251476));
#2606 = VECTOR('',#2607,1.);
#2607 = DIRECTION('',(1.,0.,0.));
#2608 = PCURVE('',#1727,#2609);
#2609 = DEFINITIONAL_REPRESENTATION('',(#2610),#2614);
#2610 = LINE('',#2611,#2612);
#2611 = CARTESIAN_POINT('',(-2.,-6.));
#2612 = VECTOR('',#2613,1.);
#2613 = DIRECTION('',(1.,0.));
#2614 = ( GEOMETRIC_REPRESENTATION_CONTEXT(2) 
PARAMETRIC_REPRESENTATION_CONTEXT() REPRESENTATION_CONTEXT('2D SPACE',''
  ) );
#2615 = PCURVE('',#2584,#2616);
#2616 = DEFINITIONAL_REPRESENTATION('',(#2617),#2621);
#2617 = LINE('',#2618,#2619);
#2618 = CARTESIAN_POINT('',(0.,-1.5));
#2619 = VECTOR('',#2620,1.);
#2620 = DIRECTION('',(1.,0.));
#2621 = ( GEOMETRIC_REPRESENTATION_CONTEXT(2) 
PARAMETRIC_REPRESENTATION_CONTEXT() REPRESENTATION_CONTEXT('2D SPACE',''
  ) );
#2622 = ORIENTED_EDGE('',*,*,#2623,.T.);
#2623 = EDGE_CURVE('',#2601,#1664,#2624,.T.);
#2624 = SURFACE_CURVE('',#2625,(#2629,#2636),.PCURVE_S1.);
#2625 = LINE('',#2626,#2627);
#2626 = CARTESIAN_POINT('',(28.882523477818,19.984943619291,
    3.65976251476));
#2627 = VECTOR('',#2628,1.);
#2628 = DIRECTION('',(0.,1.,0.));
#2629 = PCURVE('',#1727,#2630);
#2630 = DEFINITIONAL_REPRESENTATION('',(#2631),#2635);
#2631 = LINE('',#2632,#2633);
#2632 = CARTESIAN_POINT('',(2.,-6.));
#2633 = VECTOR('',#2634,1.);
#2634 = DIRECTION('',(0.,1.));
#2635 = ( GEOMETRIC_REPRESENTATION_CONTEXT(2) 
PARAMETRIC_REPRESENTATION_CONTEXT() REPRESENTATION_CONTEXT('2D SPACE',''
  ) );
#2636 = PCURVE('',#1683,#2637);
#2637 = DEFINITIONAL_REPRESENTATION('',(#2638),#2642);
#2638 = LINE('',#2639,#2640);
#2639 = CARTESIAN_POINT('',(0.,-1.5));
#2640 = VECTOR('',#2641,1.);
#2641 = DIRECTION('',(1.,0.));
#2642 = ( GEOMETRIC_REPRESENTATION_CONTEXT(2) 
PARAMETRIC_REPRESENTATION_CONTEXT() REPRESENTATION_CONTEXT('2D SPACE',''
  ) );
#2643 = ORIENTED_EDGE('',*,*,#1697,.F.);
#2644 = FACE_BOUND('',#2645,.F.);
#2645 = EDGE_LOOP('',(#2646,#2671,#2699,#2722));
#2646 = ORIENTED_EDGE('',*,*,#2647,.T.);
#2647 = EDGE_CURVE('',#2648,#2650,#2652,.T.);
#2648 = VERTEX_POINT('',#2649);
#2649 = CARTESIAN_POINT('',(28.632523477818,30.984943619291,
    3.65976251476));
#2650 = VERTEX_POINT('',#2651);
#2651 = CARTESIAN_POINT('',(28.632523477818,25.984943619291,
    3.65976251476));
#2652 = SURFACE_CURVE('',#2653,(#2657,#2664),.PCURVE_S1.);
#2653 = LINE('',#2654,#2655);
#2654 = CARTESIAN_POINT('',(28.632523477818,25.984943619291,
    3.65976251476));
#2655 = VECTOR('',#2656,1.);
#2656 = DIRECTION('',(0.,-1.,0.));
#2657 = PCURVE('',#1727,#2658);
#2658 = DEFINITIONAL_REPRESENTATION('',(#2659),#2663);
#2659 = LINE('',#2660,#2661);
#2660 = CARTESIAN_POINT('',(1.75,0.));
#2661 = VECTOR('',#2662,1.);
#2662 = DIRECTION('',(0.,-1.));
#2663 = ( GEOMETRIC_REPRESENTATION_CONTEXT(2) 
PARAMETRIC_REPRESENTATION_CONTEXT() REPRESENTATION_CONTEXT('2D SPACE',''
  ) );
#2664 = PCURVE('',#1601,#2665);
#2665 = DEFINITIONAL_REPRESENTATION('',(#2666),#2670);
#2666 = LINE('',#2667,#2668);
#2667 = CARTESIAN_POINT('',(0.,-2.3));
#2668 = VECTOR('',#2669,1.);
#2669 = DIRECTION('',(-1.,0.));
#2670 = ( GEOMETRIC_REPRESENTATION_CONTEXT(2) 
PARAMETRIC_REPRESENTATION_CONTEXT() REPRESENTATION_CONTEXT('2D SPACE',''
  ) );
#2671 = ORIENTED_EDGE('',*,*,#2672,.T.);
#2672 = EDGE_CURVE('',#2650,#2673,#2675,.T.);
#2673 = VERTEX_POINT('',#2674);
#2674 = CARTESIAN_POINT('',(25.132523477818,25.984943619291,
    3.65976251476));
#2675 = SURFACE_CURVE('',#2676,(#2680,#2687),.PCURVE_S1.);
#2676 = LINE('',#2677,#2678);
#2677 = CARTESIAN_POINT('',(26.007523477818,25.984943619291,
    3.65976251476));
#2678 = VECTOR('',#2679,1.);
#2679 = DIRECTION('',(-1.,0.,0.));
#2680 = PCURVE('',#1727,#2681);
#2681 = DEFINITIONAL_REPRESENTATION('',(#2682),#2686);
#2682 = LINE('',#2683,#2684);
#2683 = CARTESIAN_POINT('',(-0.875,0.));
#2684 = VECTOR('',#2685,1.);
#2685 = DIRECTION('',(-1.,0.));
#2686 = ( GEOMETRIC_REPRESENTATION_CONTEXT(2) 
PARAMETRIC_REPRESENTATION_CONTEXT() REPRESENTATION_CONTEXT('2D SPACE',''
  ) );
#2687 = PCURVE('',#2688,#2693);
#2688 = PLANE('',#2689);
#2689 = AXIS2_PLACEMENT_3D('',#2690,#2691,#2692);
#2690 = CARTESIAN_POINT('',(25.132523477818,25.984943619291,
    1.35976251476));
#2691 = DIRECTION('',(0.,1.,0.));
#2692 = DIRECTION('',(1.,0.,0.));
#2693 = DEFINITIONAL_REPRESENTATION('',(#2694),#2698);
#2694 = LINE('',#2695,#2696);
#2695 = CARTESIAN_POINT('',(0.875,-2.3));
#2696 = VECTOR('',#2697,1.);
#2697 = DIRECTION('',(-1.,0.));
#2698 = ( GEOMETRIC_REPRESENTATION_CONTEXT(2) 
PARAMETRIC_REPRESENTATION_CONTEXT() REPRESENTATION_CONTEXT('2D SPACE',''
  ) );
#2699 = ORIENTED_EDGE('',*,*,#2700,.T.);
#2700 = EDGE_CURVE('',#2673,#2701,#2703,.T.);
#2701 = VERTEX_POINT('',#2702);
#2702 = CARTESIAN_POINT('',(25.132523477818,30.984943619291,
    3.65976251476));
#2703 = SURFACE_CURVE('',#2704,(#2708,#2715),.PCURVE_S1.);
#2704 = LINE('',#2705,#2706);
#2705 = CARTESIAN_POINT('',(25.132523477818,28.484943619291,
    3.65976251476));
#2706 = VECTOR('',#2707,1.);
#2707 = DIRECTION('',(-0.,1.,0.));
#2708 = PCURVE('',#1727,#2709);
#2709 = DEFINITIONAL_REPRESENTATION('',(#2710),#2714);
#2710 = LINE('',#2711,#2712);
#2711 = CARTESIAN_POINT('',(-1.75,2.5));
#2712 = VECTOR('',#2713,1.);
#2713 = DIRECTION('',(0.,1.));
#2714 = ( GEOMETRIC_REPRESENTATION_CONTEXT(2) 
PARAMETRIC_REPRESENTATION_CONTEXT() REPRESENTATION_CONTEXT('2D SPACE',''
  ) );
#2715 = PCURVE('',#1524,#2716);
#2716 = DEFINITIONAL_REPRESENTATION('',(#2717),#2721);
#2717 = LINE('',#2718,#2719);
#2718 = CARTESIAN_POINT('',(2.5,-2.3));
#2719 = VECTOR('',#2720,1.);
#2720 = DIRECTION('',(-1.,-0.));
#2721 = ( GEOMETRIC_REPRESENTATION_CONTEXT(2) 
PARAMETRIC_REPRESENTATION_CONTEXT() REPRESENTATION_CONTEXT('2D SPACE',''
  ) );
#2722 = ORIENTED_EDGE('',*,*,#2723,.T.);
#2723 = EDGE_CURVE('',#2701,#2648,#2724,.T.);
#2724 = SURFACE_CURVE('',#2725,(#2729,#2736),.PCURVE_S1.);
#2725 = LINE('',#2726,#2727);
#2726 = CARTESIAN_POINT('',(27.757523477818,30.984943619291,
    3.65976251476));
#2727 = VECTOR('',#2728,1.);
#2728 = DIRECTION('',(1.,0.,-0.));
#2729 = PCURVE('',#1727,#2730);
#2730 = DEFINITIONAL_REPRESENTATION('',(#2731),#2735);
#2731 = LINE('',#2732,#2733);
#2732 = CARTESIAN_POINT('',(0.875,5.));
#2733 = VECTOR('',#2734,1.);
#2734 = DIRECTION('',(1.,0.));
#2735 = ( GEOMETRIC_REPRESENTATION_CONTEXT(2) 
PARAMETRIC_REPRESENTATION_CONTEXT() REPRESENTATION_CONTEXT('2D SPACE',''
  ) );
#2736 = PCURVE('',#2737,#2742);
#2737 = PLANE('',#2738);
#2738 = AXIS2_PLACEMENT_3D('',#2739,#2740,#2741);
#2739 = CARTESIAN_POINT('',(28.632523477818,30.984943619291,
    1.35976251476));
#2740 = DIRECTION('',(0.,-1.,0.));
#2741 = DIRECTION('',(-1.,0.,0.));
#2742 = DEFINITIONAL_REPRESENTATION('',(#2743),#2747);
#2743 = LINE('',#2744,#2745);
#2744 = CARTESIAN_POINT('',(0.875,-2.3));
#2745 = VECTOR('',#2746,1.);
#2746 = DIRECTION('',(-1.,0.));
#2747 = ( GEOMETRIC_REPRESENTATION_CONTEXT(2) 
PARAMETRIC_REPRESENTATION_CONTEXT() REPRESENTATION_CONTEXT('2D SPACE',''
  ) );
#2748 = ADVANCED_FACE('',(#2749),#1683,.T.);
#2749 = FACE_BOUND('',#2750,.T.);
#2750 = EDGE_LOOP('',(#2751,#2774,#2795,#2796));
#2751 = ORIENTED_EDGE('',*,*,#2752,.F.);
#2752 = EDGE_CURVE('',#2753,#1616,#2755,.T.);
#2753 = VERTEX_POINT('',#2754);
#2754 = CARTESIAN_POINT('',(28.882523477818,19.984943619291,
    2.15976251476));
#2755 = SURFACE_CURVE('',#2756,(#2760,#2767),.PCURVE_S1.);
#2756 = LINE('',#2757,#2758);
#2757 = CARTESIAN_POINT('',(28.882523477818,19.984943619291,
    2.15976251476));
#2758 = VECTOR('',#2759,1.);
#2759 = DIRECTION('',(0.,1.,0.));
#2760 = PCURVE('',#1683,#2761);
#2761 = DEFINITIONAL_REPRESENTATION('',(#2762),#2766);
#2762 = LINE('',#2763,#2764);
#2763 = CARTESIAN_POINT('',(0.,0.));
#2764 = VECTOR('',#2765,1.);
#2765 = DIRECTION('',(1.,0.));
#2766 = ( GEOMETRIC_REPRESENTATION_CONTEXT(2) 
PARAMETRIC_REPRESENTATION_CONTEXT() REPRESENTATION_CONTEXT('2D SPACE',''
  ) );
#2767 = PCURVE('',#1481,#2768);
#2768 = DEFINITIONAL_REPRESENTATION('',(#2769),#2773);
#2769 = LINE('',#2770,#2771);
#2770 = CARTESIAN_POINT('',(2.,-6.));
#2771 = VECTOR('',#2772,1.);
#2772 = DIRECTION('',(0.,1.));
#2773 = ( GEOMETRIC_REPRESENTATION_CONTEXT(2) 
PARAMETRIC_REPRESENTATION_CONTEXT() REPRESENTATION_CONTEXT('2D SPACE',''
  ) );
#2774 = ORIENTED_EDGE('',*,*,#2775,.T.);
#2775 = EDGE_CURVE('',#2753,#2601,#2776,.T.);
#2776 = SURFACE_CURVE('',#2777,(#2781,#2788),.PCURVE_S1.);
#2777 = LINE('',#2778,#2779);
#2778 = CARTESIAN_POINT('',(28.882523477818,19.984943619291,
    2.15976251476));
#2779 = VECTOR('',#2780,1.);
#2780 = DIRECTION('',(0.,0.,1.));
#2781 = PCURVE('',#1683,#2782);
#2782 = DEFINITIONAL_REPRESENTATION('',(#2783),#2787);
#2783 = LINE('',#2784,#2785);
#2784 = CARTESIAN_POINT('',(0.,0.));
#2785 = VECTOR('',#2786,1.);
#2786 = DIRECTION('',(0.,-1.));
#2787 = ( GEOMETRIC_REPRESENTATION_CONTEXT(2) 
PARAMETRIC_REPRESENTATION_CONTEXT() REPRESENTATION_CONTEXT('2D SPACE',''
  ) );
#2788 = PCURVE('',#2584,#2789);
#2789 = DEFINITIONAL_REPRESENTATION('',(#2790),#2794);
#2790 = LINE('',#2791,#2792);
#2791 = CARTESIAN_POINT('',(4.,0.));
#2792 = VECTOR('',#2793,1.);
#2793 = DIRECTION('',(0.,-1.));
#2794 = ( GEOMETRIC_REPRESENTATION_CONTEXT(2) 
PARAMETRIC_REPRESENTATION_CONTEXT() REPRESENTATION_CONTEXT('2D SPACE',''
  ) );
#2795 = ORIENTED_EDGE('',*,*,#2623,.T.);
#2796 = ORIENTED_EDGE('',*,*,#1663,.F.);
#2797 = ADVANCED_FACE('',(#2798),#1481,.T.);
#2798 = FACE_BOUND('',#2799,.T.);
#2799 = EDGE_LOOP('',(#2800,#2801,#2802,#2823,#2824,#2825,#2848,#2871));
#2800 = ORIENTED_EDGE('',*,*,#1451,.F.);
#2801 = ORIENTED_EDGE('',*,*,#2523,.T.);
#2802 = ORIENTED_EDGE('',*,*,#2803,.T.);
#2803 = EDGE_CURVE('',#2524,#2753,#2804,.T.);
#2804 = SURFACE_CURVE('',#2805,(#2809,#2816),.PCURVE_S1.);
#2805 = LINE('',#2806,#2807);
#2806 = CARTESIAN_POINT('',(24.882523477818,19.984943619291,
    2.15976251476));
#2807 = VECTOR('',#2808,1.);
#2808 = DIRECTION('',(1.,0.,0.));
#2809 = PCURVE('',#1481,#2810);
#2810 = DEFINITIONAL_REPRESENTATION('',(#2811),#2815);
#2811 = LINE('',#2812,#2813);
#2812 = CARTESIAN_POINT('',(-2.,-6.));
#2813 = VECTOR('',#2814,1.);
#2814 = DIRECTION('',(1.,0.));
#2815 = ( GEOMETRIC_REPRESENTATION_CONTEXT(2) 
PARAMETRIC_REPRESENTATION_CONTEXT() REPRESENTATION_CONTEXT('2D SPACE',''
  ) );
#2816 = PCURVE('',#2584,#2817);
#2817 = DEFINITIONAL_REPRESENTATION('',(#2818),#2822);
#2818 = LINE('',#2819,#2820);
#2819 = CARTESIAN_POINT('',(0.,0.));
#2820 = VECTOR('',#2821,1.);
#2821 = DIRECTION('',(1.,0.));
#2822 = ( GEOMETRIC_REPRESENTATION_CONTEXT(2) 
PARAMETRIC_REPRESENTATION_CONTEXT() REPRESENTATION_CONTEXT('2D SPACE',''
  ) );
#2823 = ORIENTED_EDGE('',*,*,#2752,.T.);
#2824 = ORIENTED_EDGE('',*,*,#1615,.F.);
#2825 = ORIENTED_EDGE('',*,*,#2826,.T.);
#2826 = EDGE_CURVE('',#1582,#2827,#2829,.T.);
#2827 = VERTEX_POINT('',#2828);
#2828 = CARTESIAN_POINT('',(28.632523477818,25.984943619291,
    2.15976251476));
#2829 = SURFACE_CURVE('',#2830,(#2834,#2841),.PCURVE_S1.);
#2830 = LINE('',#2831,#2832);
#2831 = CARTESIAN_POINT('',(28.632523477818,25.984943619291,
    2.15976251476));
#2832 = VECTOR('',#2833,1.);
#2833 = DIRECTION('',(0.,-1.,0.));
#2834 = PCURVE('',#1481,#2835);
#2835 = DEFINITIONAL_REPRESENTATION('',(#2836),#2840);
#2836 = LINE('',#2837,#2838);
#2837 = CARTESIAN_POINT('',(1.75,0.));
#2838 = VECTOR('',#2839,1.);
#2839 = DIRECTION('',(0.,-1.));
#2840 = ( GEOMETRIC_REPRESENTATION_CONTEXT(2) 
PARAMETRIC_REPRESENTATION_CONTEXT() REPRESENTATION_CONTEXT('2D SPACE',''
  ) );
#2841 = PCURVE('',#1601,#2842);
#2842 = DEFINITIONAL_REPRESENTATION('',(#2843),#2847);
#2843 = LINE('',#2844,#2845);
#2844 = CARTESIAN_POINT('',(0.,-0.8));
#2845 = VECTOR('',#2846,1.);
#2846 = DIRECTION('',(-1.,0.));
#2847 = ( GEOMETRIC_REPRESENTATION_CONTEXT(2) 
PARAMETRIC_REPRESENTATION_CONTEXT() REPRESENTATION_CONTEXT('2D SPACE',''
  ) );
#2848 = ORIENTED_EDGE('',*,*,#2849,.T.);
#2849 = EDGE_CURVE('',#2827,#2850,#2852,.T.);
#2850 = VERTEX_POINT('',#2851);
#2851 = CARTESIAN_POINT('',(25.132523477818,25.984943619291,
    2.15976251476));
#2852 = SURFACE_CURVE('',#2853,(#2857,#2864),.PCURVE_S1.);
#2853 = LINE('',#2854,#2855);
#2854 = CARTESIAN_POINT('',(26.007523477818,25.984943619291,
    2.15976251476));
#2855 = VECTOR('',#2856,1.);
#2856 = DIRECTION('',(-1.,0.,0.));
#2857 = PCURVE('',#1481,#2858);
#2858 = DEFINITIONAL_REPRESENTATION('',(#2859),#2863);
#2859 = LINE('',#2860,#2861);
#2860 = CARTESIAN_POINT('',(-0.875,0.));
#2861 = VECTOR('',#2862,1.);
#2862 = DIRECTION('',(-1.,0.));
#2863 = ( GEOMETRIC_REPRESENTATION_CONTEXT(2) 
PARAMETRIC_REPRESENTATION_CONTEXT() REPRESENTATION_CONTEXT('2D SPACE',''
  ) );
#2864 = PCURVE('',#2688,#2865);
#2865 = DEFINITIONAL_REPRESENTATION('',(#2866),#2870);
#2866 = LINE('',#2867,#2868);
#2867 = CARTESIAN_POINT('',(0.875,-0.8));
#2868 = VECTOR('',#2869,1.);
#2869 = DIRECTION('',(-1.,0.));
#2870 = ( GEOMETRIC_REPRESENTATION_CONTEXT(2) 
PARAMETRIC_REPRESENTATION_CONTEXT() REPRESENTATION_CONTEXT('2D SPACE',''
  ) );
#2871 = ORIENTED_EDGE('',*,*,#2872,.T.);
#2872 = EDGE_CURVE('',#2850,#1452,#2873,.T.);
#2873 = SURFACE_CURVE('',#2874,(#2878,#2885),.PCURVE_S1.);
#2874 = LINE('',#2875,#2876);
#2875 = CARTESIAN_POINT('',(25.132523477818,28.484943619291,
    2.15976251476));
#2876 = VECTOR('',#2877,1.);
#2877 = DIRECTION('',(-0.,1.,0.));
#2878 = PCURVE('',#1481,#2879);
#2879 = DEFINITIONAL_REPRESENTATION('',(#2880),#2884);
#2880 = LINE('',#2881,#2882);
#2881 = CARTESIAN_POINT('',(-1.75,2.5));
#2882 = VECTOR('',#2883,1.);
#2883 = DIRECTION('',(0.,1.));
#2884 = ( GEOMETRIC_REPRESENTATION_CONTEXT(2) 
PARAMETRIC_REPRESENTATION_CONTEXT() REPRESENTATION_CONTEXT('2D SPACE',''
  ) );
#2885 = PCURVE('',#1524,#2886);
#2886 = DEFINITIONAL_REPRESENTATION('',(#2887),#2891);
#2887 = LINE('',#2888,#2889);
#2888 = CARTESIAN_POINT('',(2.5,-0.8));
#2889 = VECTOR('',#2890,1.);
#2890 = DIRECTION('',(-1.,-0.));
#2891 = ( GEOMETRIC_REPRESENTATION_CONTEXT(2) 
PARAMETRIC_REPRESENTATION_CONTEXT() REPRESENTATION_CONTEXT('2D SPACE',''
  ) );
#2892 = ADVANCED_FACE('',(#2893),#1601,.F.);
#2893 = FACE_BOUND('',#2894,.F.);
#2894 = EDGE_LOOP('',(#2895,#2896,#2917,#2918,#2941,#2962));
#2895 = ORIENTED_EDGE('',*,*,#2826,.T.);
#2896 = ORIENTED_EDGE('',*,*,#2897,.T.);
#2897 = EDGE_CURVE('',#2827,#2650,#2898,.T.);
#2898 = SURFACE_CURVE('',#2899,(#2903,#2910),.PCURVE_S1.);
#2899 = LINE('',#2900,#2901);
#2900 = CARTESIAN_POINT('',(28.632523477818,25.984943619291,
    1.35976251476));
#2901 = VECTOR('',#2902,1.);
#2902 = DIRECTION('',(0.,0.,1.));
#2903 = PCURVE('',#1601,#2904);
#2904 = DEFINITIONAL_REPRESENTATION('',(#2905),#2909);
#2905 = LINE('',#2906,#2907);
#2906 = CARTESIAN_POINT('',(0.,0.));
#2907 = VECTOR('',#2908,1.);
#2908 = DIRECTION('',(0.,-1.));
#2909 = ( GEOMETRIC_REPRESENTATION_CONTEXT(2) 
PARAMETRIC_REPRESENTATION_CONTEXT() REPRESENTATION_CONTEXT('2D SPACE',''
  ) );
#2910 = PCURVE('',#2688,#2911);
#2911 = DEFINITIONAL_REPRESENTATION('',(#2912),#2916);
#2912 = LINE('',#2913,#2914);
#2913 = CARTESIAN_POINT('',(3.5,0.));
#2914 = VECTOR('',#2915,1.);
#2915 = DIRECTION('',(0.,-1.));
#2916 = ( GEOMETRIC_REPRESENTATION_CONTEXT(2) 
PARAMETRIC_REPRESENTATION_CONTEXT() REPRESENTATION_CONTEXT('2D SPACE',''
  ) );
#2917 = ORIENTED_EDGE('',*,*,#2647,.F.);
#2918 = ORIENTED_EDGE('',*,*,#2919,.F.);
#2919 = EDGE_CURVE('',#2920,#2648,#2922,.T.);
#2920 = VERTEX_POINT('',#2921);
#2921 = CARTESIAN_POINT('',(28.632523477818,30.984943619291,
    1.35976251476));
#2922 = SURFACE_CURVE('',#2923,(#2927,#2934),.PCURVE_S1.);
#2923 = LINE('',#2924,#2925);
#2924 = CARTESIAN_POINT('',(28.632523477818,30.984943619291,
    1.35976251476));
#2925 = VECTOR('',#2926,1.);
#2926 = DIRECTION('',(0.,0.,1.));
#2927 = PCURVE('',#1601,#2928);
#2928 = DEFINITIONAL_REPRESENTATION('',(#2929),#2933);
#2929 = LINE('',#2930,#2931);
#2930 = CARTESIAN_POINT('',(5.,0.));
#2931 = VECTOR('',#2932,1.);
#2932 = DIRECTION('',(0.,-1.));
#2933 = ( GEOMETRIC_REPRESENTATION_CONTEXT(2) 
PARAMETRIC_REPRESENTATION_CONTEXT() REPRESENTATION_CONTEXT('2D SPACE',''
  ) );
#2934 = PCURVE('',#2737,#2935);
#2935 = DEFINITIONAL_REPRESENTATION('',(#2936),#2940);
#2936 = LINE('',#2937,#2938);
#2937 = CARTESIAN_POINT('',(0.,-0.));
#2938 = VECTOR('',#2939,1.);
#2939 = DIRECTION('',(0.,-1.));
#2940 = ( GEOMETRIC_REPRESENTATION_CONTEXT(2) 
PARAMETRIC_REPRESENTATION_CONTEXT() REPRESENTATION_CONTEXT('2D SPACE',''
  ) );
#2941 = ORIENTED_EDGE('',*,*,#2942,.F.);
#2942 = EDGE_CURVE('',#1539,#2920,#2943,.T.);
#2943 = SURFACE_CURVE('',#2944,(#2948,#2955),.PCURVE_S1.);
#2944 = LINE('',#2945,#2946);
#2945 = CARTESIAN_POINT('',(28.632523477818,25.984943619291,
    1.35976251476));
#2946 = VECTOR('',#2947,1.);
#2947 = DIRECTION('',(0.,1.,0.));
#2948 = PCURVE('',#1601,#2949);
#2949 = DEFINITIONAL_REPRESENTATION('',(#2950),#2954);
#2950 = LINE('',#2951,#2952);
#2951 = CARTESIAN_POINT('',(0.,0.));
#2952 = VECTOR('',#2953,1.);
#2953 = DIRECTION('',(1.,0.));
#2954 = ( GEOMETRIC_REPRESENTATION_CONTEXT(2) 
PARAMETRIC_REPRESENTATION_CONTEXT() REPRESENTATION_CONTEXT('2D SPACE',''
  ) );
#2955 = PCURVE('',#1564,#2956);
#2956 = DEFINITIONAL_REPRESENTATION('',(#2957),#2961);
#2957 = LINE('',#2958,#2959);
#2958 = CARTESIAN_POINT('',(1.75,-2.5));
#2959 = VECTOR('',#2960,1.);
#2960 = DIRECTION('',(0.,1.));
#2961 = ( GEOMETRIC_REPRESENTATION_CONTEXT(2) 
PARAMETRIC_REPRESENTATION_CONTEXT() REPRESENTATION_CONTEXT('2D SPACE',''
  ) );
#2962 = ORIENTED_EDGE('',*,*,#1581,.T.);
#2963 = ADVANCED_FACE('',(#2964),#1564,.F.);
#2964 = FACE_BOUND('',#2965,.F.);
#2965 = EDGE_LOOP('',(#2966,#2989,#2990,#2991));
#2966 = ORIENTED_EDGE('',*,*,#2967,.T.);
#2967 = EDGE_CURVE('',#2968,#1505,#2970,.T.);
#2968 = VERTEX_POINT('',#2969);
#2969 = CARTESIAN_POINT('',(25.132523477818,30.984943619291,
    1.35976251476));
#2970 = SURFACE_CURVE('',#2971,(#2975,#2982),.PCURVE_S1.);
#2971 = LINE('',#2972,#2973);
#2972 = CARTESIAN_POINT('',(25.132523477818,30.984943619291,
    1.35976251476));
#2973 = VECTOR('',#2974,1.);
#2974 = DIRECTION('',(0.,-1.,0.));
#2975 = PCURVE('',#1564,#2976);
#2976 = DEFINITIONAL_REPRESENTATION('',(#2977),#2981);
#2977 = LINE('',#2978,#2979);
#2978 = CARTESIAN_POINT('',(-1.75,2.5));
#2979 = VECTOR('',#2980,1.);
#2980 = DIRECTION('',(0.,-1.));
#2981 = ( GEOMETRIC_REPRESENTATION_CONTEXT(2) 
PARAMETRIC_REPRESENTATION_CONTEXT() REPRESENTATION_CONTEXT('2D SPACE',''
  ) );
#2982 = PCURVE('',#1524,#2983);
#2983 = DEFINITIONAL_REPRESENTATION('',(#2984),#2988);
#2984 = LINE('',#2985,#2986);
#2985 = CARTESIAN_POINT('',(0.,0.));
#2986 = VECTOR('',#2987,1.);
#2987 = DIRECTION('',(1.,0.));
#2988 = ( GEOMETRIC_REPRESENTATION_CONTEXT(2) 
PARAMETRIC_REPRESENTATION_CONTEXT() REPRESENTATION_CONTEXT('2D SPACE',''
  ) );
#2989 = ORIENTED_EDGE('',*,*,#1538,.T.);
#2990 = ORIENTED_EDGE('',*,*,#2942,.T.);
#2991 = ORIENTED_EDGE('',*,*,#2992,.T.);
#2992 = EDGE_CURVE('',#2920,#2968,#2993,.T.);
#2993 = SURFACE_CURVE('',#2994,(#2998,#3005),.PCURVE_S1.);
#2994 = LINE('',#2995,#2996);
#2995 = CARTESIAN_POINT('',(28.632523477818,30.984943619291,
    1.35976251476));
#2996 = VECTOR('',#2997,1.);
#2997 = DIRECTION('',(-1.,0.,0.));
#2998 = PCURVE('',#1564,#2999);
#2999 = DEFINITIONAL_REPRESENTATION('',(#3000),#3004);
#3000 = LINE('',#3001,#3002);
#3001 = CARTESIAN_POINT('',(1.75,2.5));
#3002 = VECTOR('',#3003,1.);
#3003 = DIRECTION('',(-1.,0.));
#3004 = ( GEOMETRIC_REPRESENTATION_CONTEXT(2) 
PARAMETRIC_REPRESENTATION_CONTEXT() REPRESENTATION_CONTEXT('2D SPACE',''
  ) );
#3005 = PCURVE('',#2737,#3006);
#3006 = DEFINITIONAL_REPRESENTATION('',(#3007),#3011);
#3007 = LINE('',#3008,#3009);
#3008 = CARTESIAN_POINT('',(0.,-0.));
#3009 = VECTOR('',#3010,1.);
#3010 = DIRECTION('',(1.,0.));
#3011 = ( GEOMETRIC_REPRESENTATION_CONTEXT(2) 
PARAMETRIC_REPRESENTATION_CONTEXT() REPRESENTATION_CONTEXT('2D SPACE',''
  ) );
#3012 = ADVANCED_FACE('',(#3013),#1524,.F.);
#3013 = FACE_BOUND('',#3014,.F.);
#3014 = EDGE_LOOP('',(#3015,#3016,#3037,#3038,#3059,#3060));
#3015 = ORIENTED_EDGE('',*,*,#2967,.F.);
#3016 = ORIENTED_EDGE('',*,*,#3017,.T.);
#3017 = EDGE_CURVE('',#2968,#2701,#3018,.T.);
#3018 = SURFACE_CURVE('',#3019,(#3023,#3030),.PCURVE_S1.);
#3019 = LINE('',#3020,#3021);
#3020 = CARTESIAN_POINT('',(25.132523477818,30.984943619291,
    1.35976251476));
#3021 = VECTOR('',#3022,1.);
#3022 = DIRECTION('',(0.,0.,1.));
#3023 = PCURVE('',#1524,#3024);
#3024 = DEFINITIONAL_REPRESENTATION('',(#3025),#3029);
#3025 = LINE('',#3026,#3027);
#3026 = CARTESIAN_POINT('',(0.,0.));
#3027 = VECTOR('',#3028,1.);
#3028 = DIRECTION('',(0.,-1.));
#3029 = ( GEOMETRIC_REPRESENTATION_CONTEXT(2) 
PARAMETRIC_REPRESENTATION_CONTEXT() REPRESENTATION_CONTEXT('2D SPACE',''
  ) );
#3030 = PCURVE('',#2737,#3031);
#3031 = DEFINITIONAL_REPRESENTATION('',(#3032),#3036);
#3032 = LINE('',#3033,#3034);
#3033 = CARTESIAN_POINT('',(3.5,0.));
#3034 = VECTOR('',#3035,1.);
#3035 = DIRECTION('',(0.,-1.));
#3036 = ( GEOMETRIC_REPRESENTATION_CONTEXT(2) 
PARAMETRIC_REPRESENTATION_CONTEXT() REPRESENTATION_CONTEXT('2D SPACE',''
  ) );
#3037 = ORIENTED_EDGE('',*,*,#2700,.F.);
#3038 = ORIENTED_EDGE('',*,*,#3039,.F.);
#3039 = EDGE_CURVE('',#2850,#2673,#3040,.T.);
#3040 = SURFACE_CURVE('',#3041,(#3045,#3052),.PCURVE_S1.);
#3041 = LINE('',#3042,#3043);
#3042 = CARTESIAN_POINT('',(25.132523477818,25.984943619291,
    1.35976251476));
#3043 = VECTOR('',#3044,1.);
#3044 = DIRECTION('',(0.,0.,1.));
#3045 = PCURVE('',#1524,#3046);
#3046 = DEFINITIONAL_REPRESENTATION('',(#3047),#3051);
#3047 = LINE('',#3048,#3049);
#3048 = CARTESIAN_POINT('',(5.,0.));
#3049 = VECTOR('',#3050,1.);
#3050 = DIRECTION('',(0.,-1.));
#3051 = ( GEOMETRIC_REPRESENTATION_CONTEXT(2) 
PARAMETRIC_REPRESENTATION_CONTEXT() REPRESENTATION_CONTEXT('2D SPACE',''
  ) );
#3052 = PCURVE('',#2688,#3053);
#3053 = DEFINITIONAL_REPRESENTATION('',(#3054),#3058);
#3054 = LINE('',#3055,#3056);
#3055 = CARTESIAN_POINT('',(0.,0.));
#3056 = VECTOR('',#3057,1.);
#3057 = DIRECTION('',(0.,-1.));
#3058 = ( GEOMETRIC_REPRESENTATION_CONTEXT(2) 
PARAMETRIC_REPRESENTATION_CONTEXT() REPRESENTATION_CONTEXT('2D SPACE',''
  ) );
#3059 = ORIENTED_EDGE('',*,*,#2872,.T.);
#3060 = ORIENTED_EDGE('',*,*,#1504,.F.);
#3061 = ADVANCED_FACE('',(#3062),#1790,.F.);
#3062 = FACE_BOUND('',#3063,.T.);
#3063 = EDGE_LOOP('',(#3064,#3065,#3066,#3067));
#3064 = ORIENTED_EDGE('',*,*,#1749,.F.);
#3065 = ORIENTED_EDGE('',*,*,#1998,.T.);
#3066 = ORIENTED_EDGE('',*,*,#1947,.T.);
#3067 = ORIENTED_EDGE('',*,*,#1898,.F.);
#3068 = ADVANCED_FACE('',(#3069),#2052,.T.);
#3069 = FACE_BOUND('',#3070,.T.);
#3070 = EDGE_LOOP('',(#3071,#3072,#3073,#3074));
#3071 = ORIENTED_EDGE('',*,*,#2449,.F.);
#3072 = ORIENTED_EDGE('',*,*,#2487,.T.);
#3073 = ORIENTED_EDGE('',*,*,#2340,.T.);
#3074 = ORIENTED_EDGE('',*,*,#2022,.T.);
#3075 = ADVANCED_FACE('',(#3076),#2584,.T.);
#3076 = FACE_BOUND('',#3077,.T.);
#3077 = EDGE_LOOP('',(#3078,#3079,#3080,#3081));
#3078 = ORIENTED_EDGE('',*,*,#2570,.T.);
#3079 = ORIENTED_EDGE('',*,*,#2600,.T.);
#3080 = ORIENTED_EDGE('',*,*,#2775,.F.);
#3081 = ORIENTED_EDGE('',*,*,#2803,.F.);
#3082 = ADVANCED_FACE('',(#3083),#2737,.F.);
#3083 = FACE_BOUND('',#3084,.F.);
#3084 = EDGE_LOOP('',(#3085,#3086,#3087,#3088));
#3085 = ORIENTED_EDGE('',*,*,#2992,.F.);
#3086 = ORIENTED_EDGE('',*,*,#2919,.T.);
#3087 = ORIENTED_EDGE('',*,*,#2723,.F.);
#3088 = ORIENTED_EDGE('',*,*,#3017,.F.);
#3089 = ADVANCED_FACE('',(#3090),#2688,.F.);
#3090 = FACE_BOUND('',#3091,.F.);
#3091 = EDGE_LOOP('',(#3092,#3093,#3094,#3095));
#3092 = ORIENTED_EDGE('',*,*,#2849,.T.);
#3093 = ORIENTED_EDGE('',*,*,#3039,.T.);
#3094 = ORIENTED_EDGE('',*,*,#2672,.F.);
#3095 = ORIENTED_EDGE('',*,*,#2897,.F.);
#3096 = ( GEOMETRIC_REPRESENTATION_CONTEXT(3) 
GLOBAL_UNCERTAINTY_ASSIGNED_CONTEXT((#3100)) 
GLOBAL_UNIT_ASSIGNED_CONTEXT((#3097,#3098,#3099)) REPRESENTATION_CONTEXT
('Context #1','3D Context with UNIT and UNCERTAINTY') );
#3097 = ( LENGTH_UNIT() NAMED_UNIT(*) SI_UNIT(.MILLI.,.METRE.) );
#3098 = ( NAMED_UNIT(*) PLANE_ANGLE_UNIT() SI_UNIT($,.RADIAN.) );
#3099 = ( NAMED_UNIT(*) SI_UNIT($,.STERADIAN.) SOLID_ANGLE_UNIT() );
#3100 = UNCERTAINTY_MEASURE_WITH_UNIT(LENGTH_MEASURE(5.E-05),#3097,
  'distance_accuracy_value','confusion accuracy');
#3101 = CONTEXT_DEPENDENT_SHAPE_REPRESENTATION(#3102,#3104);
#3102 = ( REPRESENTATION_RELATIONSHIP('','',#44,#10) 
REPRESENTATION_RELATIONSHIP_WITH_TRANSFORMATION(#3103) 
SHAPE_REPRESENTATION_RELATIONSHIP() );
#3103 = ITEM_DEFINED_TRANSFORMATION('','',#11,#15);
#3104 = PRODUCT_DEFINITION_SHAPE('Placement','Placement of an item',
  #3105);
#3105 = NEXT_ASSEMBLY_USAGE_OCCURRENCE('1','','',#5,#39,$);
#3106 = PRODUCT_RELATED_PRODUCT_CATEGORY('part',$,(#41));
#3107 = SHAPE_DEFINITION_REPRESENTATION(#3108,#3114);
#3108 = PRODUCT_DEFINITION_SHAPE('','',#3109);
#3109 = PRODUCT_DEFINITION('design','',#3110,#3113);
#3110 = PRODUCT_DEFINITION_FORMATION('','',#3111);
#3111 = PRODUCT('Open CASCADE STEP translator 7.9 1.2',
  'Open CASCADE STEP translator 7.9 1.2','',(#3112));
#3112 = PRODUCT_CONTEXT('',#2,'mechanical');
#3113 = PRODUCT_DEFINITION_CONTEXT('part definition',#2,'design');
#3114 = ADVANCED_BREP_SHAPE_REPRESENTATION('',(#11,#3115),#3303);
#3115 = MANIFOLD_SOLID_BREP('',#3116);
#3116 = CLOSED_SHELL('',(#3117,#3234,#3238,#3299));
#3117 = ADVANCED_FACE('',(#3118),#3131,.T.);
#3118 = FACE_BOUND('',#3119,.T.);
#3119 = EDGE_LOOP('',(#3120,#3158,#3182,#3211,#3233));
#3120 = ORIENTED_EDGE('',*,*,#3121,.T.);
#3121 = EDGE_CURVE('',#3122,#3122,#3124,.T.);
#3122 = VERTEX_POINT('',#3123);
#3123 = CARTESIAN_POINT('',(25.424113347828,22.101459000341,
    47.030601190436));
#3124 = SURFACE_CURVE('',#3125,(#3130,#3142),.PCURVE_S1.);
#3125 = CIRCLE('',#3126,4.282454583027);
#3126 = AXIS2_PLACEMENT_3D('',#3127,#3128,#3129);
#3127 = CARTESIAN_POINT('',(25.52538653529,22.101459000341,
    51.311858131707));
#3128 = DIRECTION('',(0.999720337547,0.,-2.36483973148E-02));
#3129 = DIRECTION('',(2.36483973148E-02,0.,0.999720337547));
#3130 = PCURVE('',#3131,#3136);
#3131 = TOROIDAL_SURFACE('',#3132,4.282454583027,3.);
#3132 = AXIS2_PLACEMENT_3D('',#3133,#3134,#3135);
#3133 = CARTESIAN_POINT('',(28.52454754793,22.101459000341,
    51.240912939763));
#3134 = DIRECTION('',(-0.999720337547,0.,2.36483973148E-02));
#3135 = DIRECTION('',(2.36483973148E-02,0.,0.999720337547));
#3136 = DEFINITIONAL_REPRESENTATION('',(#3137),#3141);
#3137 = LINE('',#3138,#3139);
#3138 = CARTESIAN_POINT('',(6.28318530718,1.570796326795));
#3139 = VECTOR('',#3140,1.);
#3140 = DIRECTION('',(-1.,0.));
#3141 = ( GEOMETRIC_REPRESENTATION_CONTEXT(2) 
PARAMETRIC_REPRESENTATION_CONTEXT() REPRESENTATION_CONTEXT('2D SPACE',''
  ) );
#3142 = PCURVE('',#3143,#3148);
#3143 = PLANE('',#3144);
#3144 = AXIS2_PLACEMENT_3D('',#3145,#3146,#3147);
#3145 = CARTESIAN_POINT('',(25.52538653529,22.101459000341,
    51.311858131707));
#3146 = DIRECTION('',(-0.999720337547,0.,2.36483973148E-02));
#3147 = DIRECTION('',(2.36483973148E-02,0.,0.999720337547));
#3148 = DEFINITIONAL_REPRESENTATION('',(#3149),#3157);
#3149 = ( BOUNDED_CURVE() B_SPLINE_CURVE(2,(#3150,#3151,#3152,#3153,
#3154,#3155,#3156),.UNSPECIFIED.,.T.,.F.) B_SPLINE_CURVE_WITH_KNOTS((1,2
    ,2,2,2,1),(-2.094395102393,0.,2.094395102393,4.188790204786,
6.28318530718,8.377580409573),.UNSPECIFIED.) CURVE() 
GEOMETRIC_REPRESENTATION_ITEM() RATIONAL_B_SPLINE_CURVE((1.,0.5,1.,0.5,
1.,0.5,1.)) REPRESENTATION_ITEM('') );
#3150 = CARTESIAN_POINT('',(4.282454583027,0.));
#3151 = CARTESIAN_POINT('',(4.282454583027,-7.417428918909));
#3152 = CARTESIAN_POINT('',(-2.141227291513,-3.708714459454));
#3153 = CARTESIAN_POINT('',(-8.564909166054,-1.04889885952E-15));
#3154 = CARTESIAN_POINT('',(-2.141227291514,3.708714459454));
#3155 = CARTESIAN_POINT('',(4.282454583027,7.417428918909));
#3156 = CARTESIAN_POINT('',(4.282454583027,0.));
#3157 = ( GEOMETRIC_REPRESENTATION_CONTEXT(2) 
PARAMETRIC_REPRESENTATION_CONTEXT() REPRESENTATION_CONTEXT('2D SPACE',''
  ) );
#3158 = ORIENTED_EDGE('',*,*,#3159,.T.);
#3159 = EDGE_CURVE('',#3122,#3160,#3162,.T.);
#3160 = VERTEX_POINT('',#3161);
#3161 = CARTESIAN_POINT('',(27.158587612956,22.101459000341,
    44.239257602912));
#3162 = SEAM_CURVE('',#3163,(#3168,#3175),.PCURVE_S1.);
#3163 = CIRCLE('',#3164,3.);
#3164 = AXIS2_PLACEMENT_3D('',#3165,#3166,#3167);
#3165 = CARTESIAN_POINT('',(28.423274360468,22.101459000341,
    46.959655998491));
#3166 = DIRECTION('',(0.,-1.,0.));
#3167 = DIRECTION('',(-2.36483973148E-02,-0.,-0.999720337547));
#3168 = PCURVE('',#3131,#3169);
#3169 = DEFINITIONAL_REPRESENTATION('',(#3170),#3174);
#3170 = LINE('',#3171,#3172);
#3171 = CARTESIAN_POINT('',(-3.14159265359,6.28318530718));
#3172 = VECTOR('',#3173,1.);
#3173 = DIRECTION('',(0.,-1.));
#3174 = ( GEOMETRIC_REPRESENTATION_CONTEXT(2) 
PARAMETRIC_REPRESENTATION_CONTEXT() REPRESENTATION_CONTEXT('2D SPACE',''
  ) );
#3175 = PCURVE('',#3131,#3176);
#3176 = DEFINITIONAL_REPRESENTATION('',(#3177),#3181);
#3177 = LINE('',#3178,#3179);
#3178 = CARTESIAN_POINT('',(3.14159265359,6.28318530718));
#3179 = VECTOR('',#3180,1.);
#3180 = DIRECTION('',(0.,-1.));
#3181 = ( GEOMETRIC_REPRESENTATION_CONTEXT(2) 
PARAMETRIC_REPRESENTATION_CONTEXT() REPRESENTATION_CONTEXT('2D SPACE',''
  ) );
#3182 = ORIENTED_EDGE('',*,*,#3183,.F.);
#3183 = EDGE_CURVE('',#3184,#3160,#3186,.T.);
#3184 = VERTEX_POINT('',#3185);
#3185 = CARTESIAN_POINT('',(27.491178672792,22.101459000341,
    58.299324430169));
#3186 = SURFACE_CURVE('',#3187,(#3192,#3199),.PCURVE_S1.);
#3187 = CIRCLE('',#3188,7.032);
#3188 = AXIS2_PLACEMENT_3D('',#3189,#3190,#3191);
#3189 = CARTESIAN_POINT('',(27.324883142874,22.101459000341,
    51.26929101654));
#3190 = DIRECTION('',(0.999720337547,0.,-2.36483973148E-02));
#3191 = DIRECTION('',(-2.36483973148E-02,0.,-0.999720337547));
#3192 = PCURVE('',#3131,#3193);
#3193 = DEFINITIONAL_REPRESENTATION('',(#3194),#3198);
#3194 = LINE('',#3195,#3196);
#3195 = CARTESIAN_POINT('',(3.14159265359,0.411516846067));
#3196 = VECTOR('',#3197,1.);
#3197 = DIRECTION('',(-1.,2.155709284103E-15));
#3198 = ( GEOMETRIC_REPRESENTATION_CONTEXT(2) 
PARAMETRIC_REPRESENTATION_CONTEXT() REPRESENTATION_CONTEXT('2D SPACE',''
  ) );
#3199 = PCURVE('',#3200,#3205);
#3200 = TOROIDAL_SURFACE('',#3201,4.032,3.);
#3201 = AXIS2_PLACEMENT_3D('',#3202,#3203,#3204);
#3202 = CARTESIAN_POINT('',(27.324883142874,22.101459000341,
    51.26929101654));
#3203 = DIRECTION('',(0.999720337547,0.,-2.36483973148E-02));
#3204 = DIRECTION('',(-2.36483973148E-02,0.,-0.999720337547));
#3205 = DEFINITIONAL_REPRESENTATION('',(#3206),#3210);
#3206 = LINE('',#3207,#3208);
#3207 = CARTESIAN_POINT('',(-6.28318530718,0.));
#3208 = VECTOR('',#3209,1.);
#3209 = DIRECTION('',(1.,0.));
#3210 = ( GEOMETRIC_REPRESENTATION_CONTEXT(2) 
PARAMETRIC_REPRESENTATION_CONTEXT() REPRESENTATION_CONTEXT('2D SPACE',''
  ) );
#3211 = ORIENTED_EDGE('',*,*,#3212,.F.);
#3212 = EDGE_CURVE('',#3160,#3184,#3213,.T.);
#3213 = SURFACE_CURVE('',#3214,(#3219,#3226),.PCURVE_S1.);
#3214 = CIRCLE('',#3215,7.032);
#3215 = AXIS2_PLACEMENT_3D('',#3216,#3217,#3218);
#3216 = CARTESIAN_POINT('',(27.324883142874,22.101459000341,
    51.26929101654));
#3217 = DIRECTION('',(0.999720337547,0.,-2.36483973148E-02));
#3218 = DIRECTION('',(-2.36483973148E-02,0.,-0.999720337547));
#3219 = PCURVE('',#3131,#3220);
#3220 = DEFINITIONAL_REPRESENTATION('',(#3221),#3225);
#3221 = LINE('',#3222,#3223);
#3222 = CARTESIAN_POINT('',(3.14159265359,0.411516846067));
#3223 = VECTOR('',#3224,1.);
#3224 = DIRECTION('',(-1.,6.452992053725E-14));
#3225 = ( GEOMETRIC_REPRESENTATION_CONTEXT(2) 
PARAMETRIC_REPRESENTATION_CONTEXT() REPRESENTATION_CONTEXT('2D SPACE',''
  ) );
#3226 = PCURVE('',#3200,#3227);
#3227 = DEFINITIONAL_REPRESENTATION('',(#3228),#3232);
#3228 = LINE('',#3229,#3230);
#3229 = CARTESIAN_POINT('',(4.138911435803E-13,0.));
#3230 = VECTOR('',#3231,1.);
#3231 = DIRECTION('',(1.,0.));
#3232 = ( GEOMETRIC_REPRESENTATION_CONTEXT(2) 
PARAMETRIC_REPRESENTATION_CONTEXT() REPRESENTATION_CONTEXT('2D SPACE',''
  ) );
#3233 = ORIENTED_EDGE('',*,*,#3159,.F.);
#3234 = ADVANCED_FACE('',(#3235),#3143,.T.);
#3235 = FACE_BOUND('',#3236,.T.);
#3236 = EDGE_LOOP('',(#3237));
#3237 = ORIENTED_EDGE('',*,*,#3121,.F.);
#3238 = ADVANCED_FACE('',(#3239),#3200,.T.);
#3239 = FACE_BOUND('',#3240,.T.);
#3240 = EDGE_LOOP('',(#3241,#3274,#3296,#3297,#3298));
#3241 = ORIENTED_EDGE('',*,*,#3242,.T.);
#3242 = EDGE_CURVE('',#3243,#3243,#3245,.T.);
#3243 = VERTEX_POINT('',#3244);
#3244 = CARTESIAN_POINT('',(30.419394493487,22.101459000341,
    55.229218225584));
#3245 = SURFACE_CURVE('',#3246,(#3251,#3258),.PCURVE_S1.);
#3246 = CIRCLE('',#3247,4.032);
#3247 = AXIS2_PLACEMENT_3D('',#3248,#3249,#3250);
#3248 = CARTESIAN_POINT('',(30.324044155514,22.101459000341,
    51.198345824596));
#3249 = DIRECTION('',(-0.999720337547,0.,2.36483973148E-02));
#3250 = DIRECTION('',(-2.36483973148E-02,0.,-0.999720337547));
#3251 = PCURVE('',#3200,#3252);
#3252 = DEFINITIONAL_REPRESENTATION('',(#3253),#3257);
#3253 = LINE('',#3254,#3255);
#3254 = CARTESIAN_POINT('',(6.28318530718,1.570796326795));
#3255 = VECTOR('',#3256,1.);
#3256 = DIRECTION('',(-1.,0.));
#3257 = ( GEOMETRIC_REPRESENTATION_CONTEXT(2) 
PARAMETRIC_REPRESENTATION_CONTEXT() REPRESENTATION_CONTEXT('2D SPACE',''
  ) );
#3258 = PCURVE('',#3259,#3264);
#3259 = PLANE('',#3260);
#3260 = AXIS2_PLACEMENT_3D('',#3261,#3262,#3263);
#3261 = CARTESIAN_POINT('',(30.324044155514,22.101459000341,
    51.198345824596));
#3262 = DIRECTION('',(0.999720337547,0.,-2.36483973148E-02));
#3263 = DIRECTION('',(-2.36483973148E-02,0.,-0.999720337547));
#3264 = DEFINITIONAL_REPRESENTATION('',(#3265),#3273);
#3265 = ( BOUNDED_CURVE() B_SPLINE_CURVE(2,(#3266,#3267,#3268,#3269,
#3270,#3271,#3272),.UNSPECIFIED.,.T.,.F.) B_SPLINE_CURVE_WITH_KNOTS((1,2
    ,2,2,2,1),(-2.094395102393,0.,2.094395102393,4.188790204786,
6.28318530718,8.377580409573),.UNSPECIFIED.) CURVE() 
GEOMETRIC_REPRESENTATION_ITEM() RATIONAL_B_SPLINE_CURVE((1.,0.5,1.,0.5,
1.,0.5,1.)) REPRESENTATION_ITEM('') );
#3266 = CARTESIAN_POINT('',(4.032,0.));
#3267 = CARTESIAN_POINT('',(4.032,-6.983628856118));
#3268 = CARTESIAN_POINT('',(-2.016,-3.491814428059));
#3269 = CARTESIAN_POINT('',(-8.064,-9.875551788324E-16));
#3270 = CARTESIAN_POINT('',(-2.016,3.491814428059));
#3271 = CARTESIAN_POINT('',(4.032,6.983628856118));
#3272 = CARTESIAN_POINT('',(4.032,0.));
#3273 = ( GEOMETRIC_REPRESENTATION_CONTEXT(2) 
PARAMETRIC_REPRESENTATION_CONTEXT() REPRESENTATION_CONTEXT('2D SPACE',''
  ) );
#3274 = ORIENTED_EDGE('',*,*,#3275,.T.);
#3275 = EDGE_CURVE('',#3243,#3184,#3276,.T.);
#3276 = SEAM_CURVE('',#3277,(#3282,#3289),.PCURVE_S1.);
#3277 = CIRCLE('',#3278,3.);
#3278 = AXIS2_PLACEMENT_3D('',#3279,#3280,#3281);
#3279 = CARTESIAN_POINT('',(27.420233480847,22.101459000341,
    55.300163417529));
#3280 = DIRECTION('',(0.,-1.,0.));
#3281 = DIRECTION('',(2.36483973148E-02,0.,0.999720337547));
#3282 = PCURVE('',#3200,#3283);
#3283 = DEFINITIONAL_REPRESENTATION('',(#3284),#3288);
#3284 = LINE('',#3285,#3286);
#3285 = CARTESIAN_POINT('',(-3.14159265359,6.28318530718));
#3286 = VECTOR('',#3287,1.);
#3287 = DIRECTION('',(0.,-1.));
#3288 = ( GEOMETRIC_REPRESENTATION_CONTEXT(2) 
PARAMETRIC_REPRESENTATION_CONTEXT() REPRESENTATION_CONTEXT('2D SPACE',''
  ) );
#3289 = PCURVE('',#3200,#3290);
#3290 = DEFINITIONAL_REPRESENTATION('',(#3291),#3295);
#3291 = LINE('',#3292,#3293);
#3292 = CARTESIAN_POINT('',(3.14159265359,6.28318530718));
#3293 = VECTOR('',#3294,1.);
#3294 = DIRECTION('',(0.,-1.));
#3295 = ( GEOMETRIC_REPRESENTATION_CONTEXT(2) 
PARAMETRIC_REPRESENTATION_CONTEXT() REPRESENTATION_CONTEXT('2D SPACE',''
  ) );
#3296 = ORIENTED_EDGE('',*,*,#3183,.T.);
#3297 = ORIENTED_EDGE('',*,*,#3212,.T.);
#3298 = ORIENTED_EDGE('',*,*,#3275,.F.);
#3299 = ADVANCED_FACE('',(#3300),#3259,.T.);
#3300 = FACE_BOUND('',#3301,.T.);
#3301 = EDGE_LOOP('',(#3302));
#3302 = ORIENTED_EDGE('',*,*,#3242,.F.);
#3303 = ( GEOMETRIC_REPRESENTATION_CONTEXT(3) 
GLOBAL_UNCERTAINTY_ASSIGNED_CONTEXT((#3307)) 
GLOBAL_UNIT_ASSIGNED_CONTEXT((#3304,#3305,#3306)) REPRESENTATION_CONTEXT
('Context #1','3D Context with UNIT and UNCERTAINTY') );
#3304 = ( LENGTH_UNIT() NAMED_UNIT(*) SI_UNIT(.MILLI.,.METRE.) );
#3305 = ( NAMED_UNIT(*) PLANE_ANGLE_UNIT() SI_UNIT($,.RADIAN.) );
#3306 = ( NAMED_UNIT(*) SI_UNIT($,.STERADIAN.) SOLID_ANGLE_UNIT() );
#3307 = UNCERTAINTY_MEASURE_WITH_UNIT(LENGTH_MEASURE(1.E-07),#3304,
  'distance_accuracy_value','confusion accuracy');
#3308 = CONTEXT_DEPENDENT_SHAPE_REPRESENTATION(#3309,#3311);
#3309 = ( REPRESENTATION_RELATIONSHIP('','',#3114,#10) 
REPRESENTATION_RELATIONSHIP_WITH_TRANSFORMATION(#3310) 
SHAPE_REPRESENTATION_RELATIONSHIP() );
#3310 = ITEM_DEFINED_TRANSFORMATION('','',#11,#19);
#3311 = PRODUCT_DEFINITION_SHAPE('Placement','Placement of an item',
  #3312);
#3312 = NEXT_ASSEMBLY_USAGE_OCCURRENCE('2','','',#5,#3109,$);
#3313 = PRODUCT_RELATED_PRODUCT_CATEGORY('part',$,(#3111));
#3314 = SHAPE_DEFINITION_REPRESENTATION(#3315,#3321);
#3315 = PRODUCT_DEFINITION_SHAPE('','',#3316);
#3316 = PRODUCT_DEFINITION('design','',#3317,#3320);
#3317 = PRODUCT_DEFINITION_FORMATION('','',#3318);
#3318 = PRODUCT('Open CASCADE STEP translator 7.9 1.3',
  'Open CASCADE STEP translator 7.9 1.3','',(#3319));
#3319 = PRODUCT_CONTEXT('',#2,'mechanical');
#3320 = PRODUCT_DEFINITION_CONTEXT('part definition',#2,'design');
#3321 = ADVANCED_BREP_SHAPE_REPRESENTATION('',(#11,#3322),#3652);
#3322 = MANIFOLD_SOLID_BREP('',#3323);
#3323 = CLOSED_SHELL('',(#3324,#3444,#3544,#3591,#3638,#3645));
#3324 = ADVANCED_FACE('',(#3325),#3339,.F.);
#3325 = FACE_BOUND('',#3326,.F.);
#3326 = EDGE_LOOP('',(#3327,#3362,#3390,#3418));
#3327 = ORIENTED_EDGE('',*,*,#3328,.F.);
#3328 = EDGE_CURVE('',#3329,#3331,#3333,.T.);
#3329 = VERTEX_POINT('',#3330);
#3330 = CARTESIAN_POINT('',(24.011562577798,16.833562670416,
    -25.6494228951));
#3331 = VERTEX_POINT('',#3332);
#3332 = CARTESIAN_POINT('',(24.011562577798,16.833562670416,
    -24.1494228951));
#3333 = SURFACE_CURVE('',#3334,(#3338,#3350),.PCURVE_S1.);
#3334 = LINE('',#3335,#3336);
#3335 = CARTESIAN_POINT('',(24.011562577798,16.833562670416,
    -25.6494228951));
#3336 = VECTOR('',#3337,1.);
#3337 = DIRECTION('',(0.,0.,1.));
#3338 = PCURVE('',#3339,#3344);
#3339 = PLANE('',#3340);
#3340 = AXIS2_PLACEMENT_3D('',#3341,#3342,#3343);
#3341 = CARTESIAN_POINT('',(24.011562577798,16.833562670416,
    -25.6494228951));
#3342 = DIRECTION('',(1.,0.,0.));
#3343 = DIRECTION('',(0.,0.,1.));
#3344 = DEFINITIONAL_REPRESENTATION('',(#3345),#3349);
#3345 = LINE('',#3346,#3347);
#3346 = CARTESIAN_POINT('',(0.,0.));
#3347 = VECTOR('',#3348,1.);
#3348 = DIRECTION('',(1.,0.));
#3349 = ( GEOMETRIC_REPRESENTATION_CONTEXT(2) 
PARAMETRIC_REPRESENTATION_CONTEXT() REPRESENTATION_CONTEXT('2D SPACE',''
  ) );
#3350 = PCURVE('',#3351,#3356);
#3351 = PLANE('',#3352);
#3352 = AXIS2_PLACEMENT_3D('',#3353,#3354,#3355);
#3353 = CARTESIAN_POINT('',(24.011562577798,16.833562670416,
    -25.6494228951));
#3354 = DIRECTION('',(0.,1.,0.));
#3355 = DIRECTION('',(0.,-0.,1.));
#3356 = DEFINITIONAL_REPRESENTATION('',(#3357),#3361);
#3357 = LINE('',#3358,#3359);
#3358 = CARTESIAN_POINT('',(0.,0.));
#3359 = VECTOR('',#3360,1.);
#3360 = DIRECTION('',(1.,0.));
#3361 = ( GEOMETRIC_REPRESENTATION_CONTEXT(2) 
PARAMETRIC_REPRESENTATION_CONTEXT() REPRESENTATION_CONTEXT('2D SPACE',''
  ) );
#3362 = ORIENTED_EDGE('',*,*,#3363,.T.);
#3363 = EDGE_CURVE('',#3329,#3364,#3366,.T.);
#3364 = VERTEX_POINT('',#3365);
#3365 = CARTESIAN_POINT('',(24.011562577798,19.385527914878,
    -25.6494228951));
#3366 = SURFACE_CURVE('',#3367,(#3371,#3378),.PCURVE_S1.);
#3367 = LINE('',#3368,#3369);
#3368 = CARTESIAN_POINT('',(24.011562577798,16.833562670416,
    -25.6494228951));
#3369 = VECTOR('',#3370,1.);
#3370 = DIRECTION('',(0.,1.,0.));
#3371 = PCURVE('',#3339,#3372);
#3372 = DEFINITIONAL_REPRESENTATION('',(#3373),#3377);
#3373 = LINE('',#3374,#3375);
#3374 = CARTESIAN_POINT('',(0.,0.));
#3375 = VECTOR('',#3376,1.);
#3376 = DIRECTION('',(0.,-1.));
#3377 = ( GEOMETRIC_REPRESENTATION_CONTEXT(2) 
PARAMETRIC_REPRESENTATION_CONTEXT() REPRESENTATION_CONTEXT('2D SPACE',''
  ) );
#3378 = PCURVE('',#3379,#3384);
#3379 = PLANE('',#3380);
#3380 = AXIS2_PLACEMENT_3D('',#3381,#3382,#3383);
#3381 = CARTESIAN_POINT('',(24.011562577798,16.833562670416,
    -25.6494228951));
#3382 = DIRECTION('',(0.,0.,1.));
#3383 = DIRECTION('',(1.,0.,-0.));
#3384 = DEFINITIONAL_REPRESENTATION('',(#3385),#3389);
#3385 = LINE('',#3386,#3387);
#3386 = CARTESIAN_POINT('',(0.,0.));
#3387 = VECTOR('',#3388,1.);
#3388 = DIRECTION('',(0.,1.));
#3389 = ( GEOMETRIC_REPRESENTATION_CONTEXT(2) 
PARAMETRIC_REPRESENTATION_CONTEXT() REPRESENTATION_CONTEXT('2D SPACE',''
  ) );
#3390 = ORIENTED_EDGE('',*,*,#3391,.T.);
#3391 = EDGE_CURVE('',#3364,#3392,#3394,.T.);
#3392 = VERTEX_POINT('',#3393);
#3393 = CARTESIAN_POINT('',(24.011562577798,19.385527914878,
    -24.1494228951));
#3394 = SURFACE_CURVE('',#3395,(#3399,#3406),.PCURVE_S1.);
#3395 = LINE('',#3396,#3397);
#3396 = CARTESIAN_POINT('',(24.011562577798,19.385527914878,
    -25.6494228951));
#3397 = VECTOR('',#3398,1.);
#3398 = DIRECTION('',(0.,0.,1.));
#3399 = PCURVE('',#3339,#3400);
#3400 = DEFINITIONAL_REPRESENTATION('',(#3401),#3405);
#3401 = LINE('',#3402,#3403);
#3402 = CARTESIAN_POINT('',(0.,-2.551965244462));
#3403 = VECTOR('',#3404,1.);
#3404 = DIRECTION('',(1.,0.));
#3405 = ( GEOMETRIC_REPRESENTATION_CONTEXT(2) 
PARAMETRIC_REPRESENTATION_CONTEXT() REPRESENTATION_CONTEXT('2D SPACE',''
  ) );
#3406 = PCURVE('',#3407,#3412);
#3407 = PLANE('',#3408);
#3408 = AXIS2_PLACEMENT_3D('',#3409,#3410,#3411);
#3409 = CARTESIAN_POINT('',(24.011562577798,19.385527914878,
    -25.6494228951));
#3410 = DIRECTION('',(0.,1.,0.));
#3411 = DIRECTION('',(0.,-0.,1.));
#3412 = DEFINITIONAL_REPRESENTATION('',(#3413),#3417);
#3413 = LINE('',#3414,#3415);
#3414 = CARTESIAN_POINT('',(0.,0.));
#3415 = VECTOR('',#3416,1.);
#3416 = DIRECTION('',(1.,0.));
#3417 = ( GEOMETRIC_REPRESENTATION_CONTEXT(2) 
PARAMETRIC_REPRESENTATION_CONTEXT() REPRESENTATION_CONTEXT('2D SPACE',''
  ) );
#3418 = ORIENTED_EDGE('',*,*,#3419,.F.);
#3419 = EDGE_CURVE('',#3331,#3392,#3420,.T.);
#3420 = SURFACE_CURVE('',#3421,(#3425,#3432),.PCURVE_S1.);
#3421 = LINE('',#3422,#3423);
#3422 = CARTESIAN_POINT('',(24.011562577798,16.833562670416,
    -24.1494228951));
#3423 = VECTOR('',#3424,1.);
#3424 = DIRECTION('',(0.,1.,0.));
#3425 = PCURVE('',#3339,#3426);
#3426 = DEFINITIONAL_REPRESENTATION('',(#3427),#3431);
#3427 = LINE('',#3428,#3429);
#3428 = CARTESIAN_POINT('',(1.5,0.));
#3429 = VECTOR('',#3430,1.);
#3430 = DIRECTION('',(0.,-1.));
#3431 = ( GEOMETRIC_REPRESENTATION_CONTEXT(2) 
PARAMETRIC_REPRESENTATION_CONTEXT() REPRESENTATION_CONTEXT('2D SPACE',''
  ) );
#3432 = PCURVE('',#3433,#3438);
#3433 = PLANE('',#3434);
#3434 = AXIS2_PLACEMENT_3D('',#3435,#3436,#3437);
#3435 = CARTESIAN_POINT('',(24.011562577798,16.833562670416,
    -24.1494228951));
#3436 = DIRECTION('',(0.,0.,1.));
#3437 = DIRECTION('',(1.,0.,-0.));
#3438 = DEFINITIONAL_REPRESENTATION('',(#3439),#3443);
#3439 = LINE('',#3440,#3441);
#3440 = CARTESIAN_POINT('',(0.,0.));
#3441 = VECTOR('',#3442,1.);
#3442 = DIRECTION('',(0.,1.));
#3443 = ( GEOMETRIC_REPRESENTATION_CONTEXT(2) 
PARAMETRIC_REPRESENTATION_CONTEXT() REPRESENTATION_CONTEXT('2D SPACE',''
  ) );
#3444 = ADVANCED_FACE('',(#3445),#3459,.T.);
#3445 = FACE_BOUND('',#3446,.T.);
#3446 = EDGE_LOOP('',(#3447,#3477,#3500,#3523));
#3447 = ORIENTED_EDGE('',*,*,#3448,.F.);
#3448 = EDGE_CURVE('',#3449,#3451,#3453,.T.);
#3449 = VERTEX_POINT('',#3450);
#3450 = CARTESIAN_POINT('',(29.753484377837,16.833562670416,
    -25.6494228951));
#3451 = VERTEX_POINT('',#3452);
#3452 = CARTESIAN_POINT('',(29.753484377837,16.833562670416,
    -24.1494228951));
#3453 = SURFACE_CURVE('',#3454,(#3458,#3470),.PCURVE_S1.);
#3454 = LINE('',#3455,#3456);
#3455 = CARTESIAN_POINT('',(29.753484377837,16.833562670416,
    -25.6494228951));
#3456 = VECTOR('',#3457,1.);
#3457 = DIRECTION('',(0.,0.,1.));
#3458 = PCURVE('',#3459,#3464);
#3459 = PLANE('',#3460);
#3460 = AXIS2_PLACEMENT_3D('',#3461,#3462,#3463);
#3461 = CARTESIAN_POINT('',(29.753484377837,16.833562670416,
    -25.6494228951));
#3462 = DIRECTION('',(1.,0.,0.));
#3463 = DIRECTION('',(0.,0.,1.));
#3464 = DEFINITIONAL_REPRESENTATION('',(#3465),#3469);
#3465 = LINE('',#3466,#3467);
#3466 = CARTESIAN_POINT('',(0.,0.));
#3467 = VECTOR('',#3468,1.);
#3468 = DIRECTION('',(1.,0.));
#3469 = ( GEOMETRIC_REPRESENTATION_CONTEXT(2) 
PARAMETRIC_REPRESENTATION_CONTEXT() REPRESENTATION_CONTEXT('2D SPACE',''
  ) );
#3470 = PCURVE('',#3351,#3471);
#3471 = DEFINITIONAL_REPRESENTATION('',(#3472),#3476);
#3472 = LINE('',#3473,#3474);
#3473 = CARTESIAN_POINT('',(0.,5.741921800039));
#3474 = VECTOR('',#3475,1.);
#3475 = DIRECTION('',(1.,0.));
#3476 = ( GEOMETRIC_REPRESENTATION_CONTEXT(2) 
PARAMETRIC_REPRESENTATION_CONTEXT() REPRESENTATION_CONTEXT('2D SPACE',''
  ) );
#3477 = ORIENTED_EDGE('',*,*,#3478,.T.);
#3478 = EDGE_CURVE('',#3449,#3479,#3481,.T.);
#3479 = VERTEX_POINT('',#3480);
#3480 = CARTESIAN_POINT('',(29.753484377837,19.385527914878,
    -25.6494228951));
#3481 = SURFACE_CURVE('',#3482,(#3486,#3493),.PCURVE_S1.);
#3482 = LINE('',#3483,#3484);
#3483 = CARTESIAN_POINT('',(29.753484377837,16.833562670416,
    -25.6494228951));
#3484 = VECTOR('',#3485,1.);
#3485 = DIRECTION('',(0.,1.,0.));
#3486 = PCURVE('',#3459,#3487);
#3487 = DEFINITIONAL_REPRESENTATION('',(#3488),#3492);
#3488 = LINE('',#3489,#3490);
#3489 = CARTESIAN_POINT('',(0.,0.));
#3490 = VECTOR('',#3491,1.);
#3491 = DIRECTION('',(0.,-1.));
#3492 = ( GEOMETRIC_REPRESENTATION_CONTEXT(2) 
PARAMETRIC_REPRESENTATION_CONTEXT() REPRESENTATION_CONTEXT('2D SPACE',''
  ) );
#3493 = PCURVE('',#3379,#3494);
#3494 = DEFINITIONAL_REPRESENTATION('',(#3495),#3499);
#3495 = LINE('',#3496,#3497);
#3496 = CARTESIAN_POINT('',(5.741921800039,0.));
#3497 = VECTOR('',#3498,1.);
#3498 = DIRECTION('',(0.,1.));
#3499 = ( GEOMETRIC_REPRESENTATION_CONTEXT(2) 
PARAMETRIC_REPRESENTATION_CONTEXT() REPRESENTATION_CONTEXT('2D SPACE',''
  ) );
#3500 = ORIENTED_EDGE('',*,*,#3501,.T.);
#3501 = EDGE_CURVE('',#3479,#3502,#3504,.T.);
#3502 = VERTEX_POINT('',#3503);
#3503 = CARTESIAN_POINT('',(29.753484377837,19.385527914878,
    -24.1494228951));
#3504 = SURFACE_CURVE('',#3505,(#3509,#3516),.PCURVE_S1.);
#3505 = LINE('',#3506,#3507);
#3506 = CARTESIAN_POINT('',(29.753484377837,19.385527914878,
    -25.6494228951));
#3507 = VECTOR('',#3508,1.);
#3508 = DIRECTION('',(0.,0.,1.));
#3509 = PCURVE('',#3459,#3510);
#3510 = DEFINITIONAL_REPRESENTATION('',(#3511),#3515);
#3511 = LINE('',#3512,#3513);
#3512 = CARTESIAN_POINT('',(0.,-2.551965244462));
#3513 = VECTOR('',#3514,1.);
#3514 = DIRECTION('',(1.,0.));
#3515 = ( GEOMETRIC_REPRESENTATION_CONTEXT(2) 
PARAMETRIC_REPRESENTATION_CONTEXT() REPRESENTATION_CONTEXT('2D SPACE',''
  ) );
#3516 = PCURVE('',#3407,#3517);
#3517 = DEFINITIONAL_REPRESENTATION('',(#3518),#3522);
#3518 = LINE('',#3519,#3520);
#3519 = CARTESIAN_POINT('',(0.,5.741921800039));
#3520 = VECTOR('',#3521,1.);
#3521 = DIRECTION('',(1.,0.));
#3522 = ( GEOMETRIC_REPRESENTATION_CONTEXT(2) 
PARAMETRIC_REPRESENTATION_CONTEXT() REPRESENTATION_CONTEXT('2D SPACE',''
  ) );
#3523 = ORIENTED_EDGE('',*,*,#3524,.F.);
#3524 = EDGE_CURVE('',#3451,#3502,#3525,.T.);
#3525 = SURFACE_CURVE('',#3526,(#3530,#3537),.PCURVE_S1.);
#3526 = LINE('',#3527,#3528);
#3527 = CARTESIAN_POINT('',(29.753484377837,16.833562670416,
    -24.1494228951));
#3528 = VECTOR('',#3529,1.);
#3529 = DIRECTION('',(0.,1.,0.));
#3530 = PCURVE('',#3459,#3531);
#3531 = DEFINITIONAL_REPRESENTATION('',(#3532),#3536);
#3532 = LINE('',#3533,#3534);
#3533 = CARTESIAN_POINT('',(1.5,0.));
#3534 = VECTOR('',#3535,1.);
#3535 = DIRECTION('',(0.,-1.));
#3536 = ( GEOMETRIC_REPRESENTATION_CONTEXT(2) 
PARAMETRIC_REPRESENTATION_CONTEXT() REPRESENTATION_CONTEXT('2D SPACE',''
  ) );
#3537 = PCURVE('',#3433,#3538);
#3538 = DEFINITIONAL_REPRESENTATION('',(#3539),#3543);
#3539 = LINE('',#3540,#3541);
#3540 = CARTESIAN_POINT('',(5.741921800039,0.));
#3541 = VECTOR('',#3542,1.);
#3542 = DIRECTION('',(0.,1.));
#3543 = ( GEOMETRIC_REPRESENTATION_CONTEXT(2) 
PARAMETRIC_REPRESENTATION_CONTEXT() REPRESENTATION_CONTEXT('2D SPACE',''
  ) );
#3544 = ADVANCED_FACE('',(#3545),#3351,.F.);
#3545 = FACE_BOUND('',#3546,.F.);
#3546 = EDGE_LOOP('',(#3547,#3568,#3569,#3590));
#3547 = ORIENTED_EDGE('',*,*,#3548,.F.);
#3548 = EDGE_CURVE('',#3329,#3449,#3549,.T.);
#3549 = SURFACE_CURVE('',#3550,(#3554,#3561),.PCURVE_S1.);
#3550 = LINE('',#3551,#3552);
#3551 = CARTESIAN_POINT('',(24.011562577798,16.833562670416,
    -25.6494228951));
#3552 = VECTOR('',#3553,1.);
#3553 = DIRECTION('',(1.,0.,0.));
#3554 = PCURVE('',#3351,#3555);
#3555 = DEFINITIONAL_REPRESENTATION('',(#3556),#3560);
#3556 = LINE('',#3557,#3558);
#3557 = CARTESIAN_POINT('',(0.,0.));
#3558 = VECTOR('',#3559,1.);
#3559 = DIRECTION('',(0.,1.));
#3560 = ( GEOMETRIC_REPRESENTATION_CONTEXT(2) 
PARAMETRIC_REPRESENTATION_CONTEXT() REPRESENTATION_CONTEXT('2D SPACE',''
  ) );
#3561 = PCURVE('',#3379,#3562);
#3562 = DEFINITIONAL_REPRESENTATION('',(#3563),#3567);
#3563 = LINE('',#3564,#3565);
#3564 = CARTESIAN_POINT('',(0.,0.));
#3565 = VECTOR('',#3566,1.);
#3566 = DIRECTION('',(1.,0.));
#3567 = ( GEOMETRIC_REPRESENTATION_CONTEXT(2) 
PARAMETRIC_REPRESENTATION_CONTEXT() REPRESENTATION_CONTEXT('2D SPACE',''
  ) );
#3568 = ORIENTED_EDGE('',*,*,#3328,.T.);
#3569 = ORIENTED_EDGE('',*,*,#3570,.T.);
#3570 = EDGE_CURVE('',#3331,#3451,#3571,.T.);
#3571 = SURFACE_CURVE('',#3572,(#3576,#3583),.PCURVE_S1.);
#3572 = LINE('',#3573,#3574);
#3573 = CARTESIAN_POINT('',(24.011562577798,16.833562670416,
    -24.1494228951));
#3574 = VECTOR('',#3575,1.);
#3575 = DIRECTION('',(1.,0.,0.));
#3576 = PCURVE('',#3351,#3577);
#3577 = DEFINITIONAL_REPRESENTATION('',(#3578),#3582);
#3578 = LINE('',#3579,#3580);
#3579 = CARTESIAN_POINT('',(1.5,0.));
#3580 = VECTOR('',#3581,1.);
#3581 = DIRECTION('',(0.,1.));
#3582 = ( GEOMETRIC_REPRESENTATION_CONTEXT(2) 
PARAMETRIC_REPRESENTATION_CONTEXT() REPRESENTATION_CONTEXT('2D SPACE',''
  ) );
#3583 = PCURVE('',#3433,#3584);
#3584 = DEFINITIONAL_REPRESENTATION('',(#3585),#3589);
#3585 = LINE('',#3586,#3587);
#3586 = CARTESIAN_POINT('',(0.,0.));
#3587 = VECTOR('',#3588,1.);
#3588 = DIRECTION('',(1.,0.));
#3589 = ( GEOMETRIC_REPRESENTATION_CONTEXT(2) 
PARAMETRIC_REPRESENTATION_CONTEXT() REPRESENTATION_CONTEXT('2D SPACE',''
  ) );
#3590 = ORIENTED_EDGE('',*,*,#3448,.F.);
#3591 = ADVANCED_FACE('',(#3592),#3407,.T.);
#3592 = FACE_BOUND('',#3593,.T.);
#3593 = EDGE_LOOP('',(#3594,#3615,#3616,#3637));
#3594 = ORIENTED_EDGE('',*,*,#3595,.F.);
#3595 = EDGE_CURVE('',#3364,#3479,#3596,.T.);
#3596 = SURFACE_CURVE('',#3597,(#3601,#3608),.PCURVE_S1.);
#3597 = LINE('',#3598,#3599);
#3598 = CARTESIAN_POINT('',(24.011562577798,19.385527914878,
    -25.6494228951));
#3599 = VECTOR('',#3600,1.);
#3600 = DIRECTION('',(1.,0.,0.));
#3601 = PCURVE('',#3407,#3602);
#3602 = DEFINITIONAL_REPRESENTATION('',(#3603),#3607);
#3603 = LINE('',#3604,#3605);
#3604 = CARTESIAN_POINT('',(0.,0.));
#3605 = VECTOR('',#3606,1.);
#3606 = DIRECTION('',(0.,1.));
#3607 = ( GEOMETRIC_REPRESENTATION_CONTEXT(2) 
PARAMETRIC_REPRESENTATION_CONTEXT() REPRESENTATION_CONTEXT('2D SPACE',''
  ) );
#3608 = PCURVE('',#3379,#3609);
#3609 = DEFINITIONAL_REPRESENTATION('',(#3610),#3614);
#3610 = LINE('',#3611,#3612);
#3611 = CARTESIAN_POINT('',(0.,2.551965244462));
#3612 = VECTOR('',#3613,1.);
#3613 = DIRECTION('',(1.,0.));
#3614 = ( GEOMETRIC_REPRESENTATION_CONTEXT(2) 
PARAMETRIC_REPRESENTATION_CONTEXT() REPRESENTATION_CONTEXT('2D SPACE',''
  ) );
#3615 = ORIENTED_EDGE('',*,*,#3391,.T.);
#3616 = ORIENTED_EDGE('',*,*,#3617,.T.);
#3617 = EDGE_CURVE('',#3392,#3502,#3618,.T.);
#3618 = SURFACE_CURVE('',#3619,(#3623,#3630),.PCURVE_S1.);
#3619 = LINE('',#3620,#3621);
#3620 = CARTESIAN_POINT('',(24.011562577798,19.385527914878,
    -24.1494228951));
#3621 = VECTOR('',#3622,1.);
#3622 = DIRECTION('',(1.,0.,0.));
#3623 = PCURVE('',#3407,#3624);
#3624 = DEFINITIONAL_REPRESENTATION('',(#3625),#3629);
#3625 = LINE('',#3626,#3627);
#3626 = CARTESIAN_POINT('',(1.5,0.));
#3627 = VECTOR('',#3628,1.);
#3628 = DIRECTION('',(0.,1.));
#3629 = ( GEOMETRIC_REPRESENTATION_CONTEXT(2) 
PARAMETRIC_REPRESENTATION_CONTEXT() REPRESENTATION_CONTEXT('2D SPACE',''
  ) );
#3630 = PCURVE('',#3433,#3631);
#3631 = DEFINITIONAL_REPRESENTATION('',(#3632),#3636);
#3632 = LINE('',#3633,#3634);
#3633 = CARTESIAN_POINT('',(0.,2.551965244462));
#3634 = VECTOR('',#3635,1.);
#3635 = DIRECTION('',(1.,0.));
#3636 = ( GEOMETRIC_REPRESENTATION_CONTEXT(2) 
PARAMETRIC_REPRESENTATION_CONTEXT() REPRESENTATION_CONTEXT('2D SPACE',''
  ) );
#3637 = ORIENTED_EDGE('',*,*,#3501,.F.);
#3638 = ADVANCED_FACE('',(#3639),#3379,.F.);
#3639 = FACE_BOUND('',#3640,.F.);
#3640 = EDGE_LOOP('',(#3641,#3642,#3643,#3644));
#3641 = ORIENTED_EDGE('',*,*,#3363,.F.);
#3642 = ORIENTED_EDGE('',*,*,#3548,.T.);
#3643 = ORIENTED_EDGE('',*,*,#3478,.T.);
#3644 = ORIENTED_EDGE('',*,*,#3595,.F.);
#3645 = ADVANCED_FACE('',(#3646),#3433,.T.);
#3646 = FACE_BOUND('',#3647,.T.);
#3647 = EDGE_LOOP('',(#3648,#3649,#3650,#3651));
#3648 = ORIENTED_EDGE('',*,*,#3419,.F.);
#3649 = ORIENTED_EDGE('',*,*,#3570,.T.);
#3650 = ORIENTED_EDGE('',*,*,#3524,.T.);
#3651 = ORIENTED_EDGE('',*,*,#3617,.F.);
#3652 = ( GEOMETRIC_REPRESENTATION_CONTEXT(3) 
GLOBAL_UNCERTAINTY_ASSIGNED_CONTEXT((#3656)) 
GLOBAL_UNIT_ASSIGNED_CONTEXT((#3653,#3654,#3655)) REPRESENTATION_CONTEXT
('Context #1','3D Context with UNIT and UNCERTAINTY') );
#3653 = ( LENGTH_UNIT() NAMED_UNIT(*) SI_UNIT(.MILLI.,.METRE.) );
#3654 = ( NAMED_UNIT(*) PLANE_ANGLE_UNIT() SI_UNIT($,.RADIAN.) );
#3655 = ( NAMED_UNIT(*) SI_UNIT($,.STERADIAN.) SOLID_ANGLE_UNIT() );
#3656 = UNCERTAINTY_MEASURE_WITH_UNIT(LENGTH_MEASURE(1.E-07),#3653,
  'distance_accuracy_value','confusion accuracy');
#3657 = CONTEXT_DEPENDENT_SHAPE_REPRESENTATION(#3658,#3660);
#3658 = ( REPRESENTATION_RELATIONSHIP('','',#3321,#10) 
REPRESENTATION_RELATIONSHIP_WITH_TRANSFORMATION(#3659) 
SHAPE_REPRESENTATION_RELATIONSHIP() );
#3659 = ITEM_DEFINED_TRANSFORMATION('','',#11,#23);
#3660 = PRODUCT_DEFINITION_SHAPE('Placement','Placement of an item',
  #3661);
#3661 = NEXT_ASSEMBLY_USAGE_OCCURRENCE('3','','',#5,#3316,$);
#3662 = PRODUCT_RELATED_PRODUCT_CATEGORY('part',$,(#3318));
#3663 = SHAPE_DEFINITION_REPRESENTATION(#3664,#3670);
#3664 = PRODUCT_DEFINITION_SHAPE('','',#3665);
#3665 = PRODUCT_DEFINITION('design','',#3666,#3669);
#3666 = PRODUCT_DEFINITION_FORMATION('','',#3667);
#3667 = PRODUCT('Open CASCADE STEP translator 7.9 1.4',
  'Open CASCADE STEP translator 7.9 1.4','',(#3668));
#3668 = PRODUCT_CONTEXT('',#2,'mechanical');
#3669 = PRODUCT_DEFINITION_CONTEXT('part definition',#2,'design');
#3670 = ADVANCED_BREP_SHAPE_REPRESENTATION('',(#11,#3671),#4001);
#3671 = MANIFOLD_SOLID_BREP('',#3672);
#3672 = CLOSED_SHELL('',(#3673,#3793,#3869,#3940,#3967,#3994));
#3673 = ADVANCED_FACE('',(#3674),#3688,.T.);
#3674 = FACE_BOUND('',#3675,.T.);
#3675 = EDGE_LOOP('',(#3676,#3711,#3739,#3767));
#3676 = ORIENTED_EDGE('',*,*,#3677,.T.);
#3677 = EDGE_CURVE('',#3678,#3680,#3682,.T.);
#3678 = VERTEX_POINT('',#3679);
#3679 = CARTESIAN_POINT('',(24.632523477818,-2.15976251476,
    -17.6494228951));
#3680 = VERTEX_POINT('',#3681);
#3681 = CARTESIAN_POINT('',(24.632523477818,-0.35976251476,
    -17.6494228951));
#3682 = SURFACE_CURVE('',#3683,(#3687,#3699),.PCURVE_S1.);
#3683 = LINE('',#3684,#3685);
#3684 = CARTESIAN_POINT('',(24.632523477818,-2.15976251476,
    -17.6494228951));
#3685 = VECTOR('',#3686,1.);
#3686 = DIRECTION('',(-0.,1.,-0.));
#3687 = PCURVE('',#3688,#3693);
#3688 = PLANE('',#3689);
#3689 = AXIS2_PLACEMENT_3D('',#3690,#3691,#3692);
#3690 = CARTESIAN_POINT('',(24.632523477818,-2.15976251476,
    -17.6494228951));
#3691 = DIRECTION('',(0.,0.,-1.));
#3692 = DIRECTION('',(1.,0.,0.));
#3693 = DEFINITIONAL_REPRESENTATION('',(#3694),#3698);
#3694 = LINE('',#3695,#3696);
#3695 = CARTESIAN_POINT('',(0.,0.));
#3696 = VECTOR('',#3697,1.);
#3697 = DIRECTION('',(0.,-1.));
#3698 = ( GEOMETRIC_REPRESENTATION_CONTEXT(2) 
PARAMETRIC_REPRESENTATION_CONTEXT() REPRESENTATION_CONTEXT('2D SPACE',''
  ) );
#3699 = PCURVE('',#3700,#3705);
#3700 = PLANE('',#3701);
#3701 = AXIS2_PLACEMENT_3D('',#3702,#3703,#3704);
#3702 = CARTESIAN_POINT('',(24.632523477818,-2.15976251476,
    -11.6494228951));
#3703 = DIRECTION('',(-1.,-0.,-0.));
#3704 = DIRECTION('',(0.,0.,-1.));
#3705 = DEFINITIONAL_REPRESENTATION('',(#3706),#3710);
#3706 = LINE('',#3707,#3708);
#3707 = CARTESIAN_POINT('',(6.,0.));
#3708 = VECTOR('',#3709,1.);
#3709 = DIRECTION('',(0.,-1.));
#3710 = ( GEOMETRIC_REPRESENTATION_CONTEXT(2) 
PARAMETRIC_REPRESENTATION_CONTEXT() REPRESENTATION_CONTEXT('2D SPACE',''
  ) );
#3711 = ORIENTED_EDGE('',*,*,#3712,.T.);
#3712 = EDGE_CURVE('',#3680,#3713,#3715,.T.);
#3713 = VERTEX_POINT('',#3714);
#3714 = CARTESIAN_POINT('',(29.132523477818,-0.35976251476,
    -17.6494228951));
#3715 = SURFACE_CURVE('',#3716,(#3720,#3727),.PCURVE_S1.);
#3716 = LINE('',#3717,#3718);
#3717 = CARTESIAN_POINT('',(24.632523477818,-0.35976251476,
    -17.6494228951));
#3718 = VECTOR('',#3719,1.);
#3719 = DIRECTION('',(1.,0.,0.));
#3720 = PCURVE('',#3688,#3721);
#3721 = DEFINITIONAL_REPRESENTATION('',(#3722),#3726);
#3722 = LINE('',#3723,#3724);
#3723 = CARTESIAN_POINT('',(0.,-1.8));
#3724 = VECTOR('',#3725,1.);
#3725 = DIRECTION('',(1.,0.));
#3726 = ( GEOMETRIC_REPRESENTATION_CONTEXT(2) 
PARAMETRIC_REPRESENTATION_CONTEXT() REPRESENTATION_CONTEXT('2D SPACE',''
  ) );
#3727 = PCURVE('',#3728,#3733);
#3728 = PLANE('',#3729);
#3729 = AXIS2_PLACEMENT_3D('',#3730,#3731,#3732);
#3730 = CARTESIAN_POINT('',(26.882523477818,-0.35976251476,
    -14.6494228951));
#3731 = DIRECTION('',(-0.,-1.,-0.));
#3732 = DIRECTION('',(0.,0.,-1.));
#3733 = DEFINITIONAL_REPRESENTATION('',(#3734),#3738);
#3734 = LINE('',#3735,#3736);
#3735 = CARTESIAN_POINT('',(3.,-2.25));
#3736 = VECTOR('',#3737,1.);
#3737 = DIRECTION('',(0.,1.));
#3738 = ( GEOMETRIC_REPRESENTATION_CONTEXT(2) 
PARAMETRIC_REPRESENTATION_CONTEXT() REPRESENTATION_CONTEXT('2D SPACE',''
  ) );
#3739 = ORIENTED_EDGE('',*,*,#3740,.F.);
#3740 = EDGE_CURVE('',#3741,#3713,#3743,.T.);
#3741 = VERTEX_POINT('',#3742);
#3742 = CARTESIAN_POINT('',(29.132523477818,-2.15976251476,
    -17.6494228951));
#3743 = SURFACE_CURVE('',#3744,(#3748,#3755),.PCURVE_S1.);
#3744 = LINE('',#3745,#3746);
#3745 = CARTESIAN_POINT('',(29.132523477818,-2.15976251476,
    -17.6494228951));
#3746 = VECTOR('',#3747,1.);
#3747 = DIRECTION('',(-0.,1.,-0.));
#3748 = PCURVE('',#3688,#3749);
#3749 = DEFINITIONAL_REPRESENTATION('',(#3750),#3754);
#3750 = LINE('',#3751,#3752);
#3751 = CARTESIAN_POINT('',(4.5,0.));
#3752 = VECTOR('',#3753,1.);
#3753 = DIRECTION('',(0.,-1.));
#3754 = ( GEOMETRIC_REPRESENTATION_CONTEXT(2) 
PARAMETRIC_REPRESENTATION_CONTEXT() REPRESENTATION_CONTEXT('2D SPACE',''
  ) );
#3755 = PCURVE('',#3756,#3761);
#3756 = PLANE('',#3757);
#3757 = AXIS2_PLACEMENT_3D('',#3758,#3759,#3760);
#3758 = CARTESIAN_POINT('',(29.132523477818,-2.15976251476,
    -17.6494228951));
#3759 = DIRECTION('',(1.,0.,-0.));
#3760 = DIRECTION('',(0.,0.,1.));
#3761 = DEFINITIONAL_REPRESENTATION('',(#3762),#3766);
#3762 = LINE('',#3763,#3764);
#3763 = CARTESIAN_POINT('',(0.,0.));
#3764 = VECTOR('',#3765,1.);
#3765 = DIRECTION('',(0.,-1.));
#3766 = ( GEOMETRIC_REPRESENTATION_CONTEXT(2) 
PARAMETRIC_REPRESENTATION_CONTEXT() REPRESENTATION_CONTEXT('2D SPACE',''
  ) );
#3767 = ORIENTED_EDGE('',*,*,#3768,.F.);
#3768 = EDGE_CURVE('',#3678,#3741,#3769,.T.);
#3769 = SURFACE_CURVE('',#3770,(#3774,#3781),.PCURVE_S1.);
#3770 = LINE('',#3771,#3772);
#3771 = CARTESIAN_POINT('',(24.632523477818,-2.15976251476,
    -17.6494228951));
#3772 = VECTOR('',#3773,1.);
#3773 = DIRECTION('',(1.,0.,0.));
#3774 = PCURVE('',#3688,#3775);
#3775 = DEFINITIONAL_REPRESENTATION('',(#3776),#3780);
#3776 = LINE('',#3777,#3778);
#3777 = CARTESIAN_POINT('',(0.,0.));
#3778 = VECTOR('',#3779,1.);
#3779 = DIRECTION('',(1.,0.));
#3780 = ( GEOMETRIC_REPRESENTATION_CONTEXT(2) 
PARAMETRIC_REPRESENTATION_CONTEXT() REPRESENTATION_CONTEXT('2D SPACE',''
  ) );
#3781 = PCURVE('',#3782,#3787);
#3782 = PLANE('',#3783);
#3783 = AXIS2_PLACEMENT_3D('',#3784,#3785,#3786);
#3784 = CARTESIAN_POINT('',(26.882523477818,-2.15976251476,
    -14.6494228951));
#3785 = DIRECTION('',(-0.,-1.,-0.));
#3786 = DIRECTION('',(0.,0.,-1.));
#3787 = DEFINITIONAL_REPRESENTATION('',(#3788),#3792);
#3788 = LINE('',#3789,#3790);
#3789 = CARTESIAN_POINT('',(3.,-2.25));
#3790 = VECTOR('',#3791,1.);
#3791 = DIRECTION('',(0.,1.));
#3792 = ( GEOMETRIC_REPRESENTATION_CONTEXT(2) 
PARAMETRIC_REPRESENTATION_CONTEXT() REPRESENTATION_CONTEXT('2D SPACE',''
  ) );
#3793 = ADVANCED_FACE('',(#3794),#3700,.T.);
#3794 = FACE_BOUND('',#3795,.T.);
#3795 = EDGE_LOOP('',(#3796,#3826,#3847,#3848));
#3796 = ORIENTED_EDGE('',*,*,#3797,.T.);
#3797 = EDGE_CURVE('',#3798,#3800,#3802,.T.);
#3798 = VERTEX_POINT('',#3799);
#3799 = CARTESIAN_POINT('',(24.632523477818,-2.15976251476,
    -11.6494228951));
#3800 = VERTEX_POINT('',#3801);
#3801 = CARTESIAN_POINT('',(24.632523477818,-0.35976251476,
    -11.6494228951));
#3802 = SURFACE_CURVE('',#3803,(#3807,#3814),.PCURVE_S1.);
#3803 = LINE('',#3804,#3805);
#3804 = CARTESIAN_POINT('',(24.632523477818,-2.15976251476,
    -11.6494228951));
#3805 = VECTOR('',#3806,1.);
#3806 = DIRECTION('',(-0.,1.,-0.));
#3807 = PCURVE('',#3700,#3808);
#3808 = DEFINITIONAL_REPRESENTATION('',(#3809),#3813);
#3809 = LINE('',#3810,#3811);
#3810 = CARTESIAN_POINT('',(0.,0.));
#3811 = VECTOR('',#3812,1.);
#3812 = DIRECTION('',(0.,-1.));
#3813 = ( GEOMETRIC_REPRESENTATION_CONTEXT(2) 
PARAMETRIC_REPRESENTATION_CONTEXT() REPRESENTATION_CONTEXT('2D SPACE',''
  ) );
#3814 = PCURVE('',#3815,#3820);
#3815 = PLANE('',#3816);
#3816 = AXIS2_PLACEMENT_3D('',#3817,#3818,#3819);
#3817 = CARTESIAN_POINT('',(29.132523477818,-2.15976251476,
    -11.6494228951));
#3818 = DIRECTION('',(0.,0.,1.));
#3819 = DIRECTION('',(-1.,0.,0.));
#3820 = DEFINITIONAL_REPRESENTATION('',(#3821),#3825);
#3821 = LINE('',#3822,#3823);
#3822 = CARTESIAN_POINT('',(4.5,0.));
#3823 = VECTOR('',#3824,1.);
#3824 = DIRECTION('',(0.,-1.));
#3825 = ( GEOMETRIC_REPRESENTATION_CONTEXT(2) 
PARAMETRIC_REPRESENTATION_CONTEXT() REPRESENTATION_CONTEXT('2D SPACE',''
  ) );
#3826 = ORIENTED_EDGE('',*,*,#3827,.T.);
#3827 = EDGE_CURVE('',#3800,#3680,#3828,.T.);
#3828 = SURFACE_CURVE('',#3829,(#3833,#3840),.PCURVE_S1.);
#3829 = LINE('',#3830,#3831);
#3830 = CARTESIAN_POINT('',(24.632523477818,-0.35976251476,
    -11.6494228951));
#3831 = VECTOR('',#3832,1.);
#3832 = DIRECTION('',(0.,0.,-1.));
#3833 = PCURVE('',#3700,#3834);
#3834 = DEFINITIONAL_REPRESENTATION('',(#3835),#3839);
#3835 = LINE('',#3836,#3837);
#3836 = CARTESIAN_POINT('',(0.,-1.8));
#3837 = VECTOR('',#3838,1.);
#3838 = DIRECTION('',(1.,0.));
#3839 = ( GEOMETRIC_REPRESENTATION_CONTEXT(2) 
PARAMETRIC_REPRESENTATION_CONTEXT() REPRESENTATION_CONTEXT('2D SPACE',''
  ) );
#3840 = PCURVE('',#3728,#3841);
#3841 = DEFINITIONAL_REPRESENTATION('',(#3842),#3846);
#3842 = LINE('',#3843,#3844);
#3843 = CARTESIAN_POINT('',(-3.,-2.25));
#3844 = VECTOR('',#3845,1.);
#3845 = DIRECTION('',(1.,0.));
#3846 = ( GEOMETRIC_REPRESENTATION_CONTEXT(2) 
PARAMETRIC_REPRESENTATION_CONTEXT() REPRESENTATION_CONTEXT('2D SPACE',''
  ) );
#3847 = ORIENTED_EDGE('',*,*,#3677,.F.);
#3848 = ORIENTED_EDGE('',*,*,#3849,.F.);
#3849 = EDGE_CURVE('',#3798,#3678,#3850,.T.);
#3850 = SURFACE_CURVE('',#3851,(#3855,#3862),.PCURVE_S1.);
#3851 = LINE('',#3852,#3853);
#3852 = CARTESIAN_POINT('',(24.632523477818,-2.15976251476,
    -11.6494228951));
#3853 = VECTOR('',#3854,1.);
#3854 = DIRECTION('',(0.,0.,-1.));
#3855 = PCURVE('',#3700,#3856);
#3856 = DEFINITIONAL_REPRESENTATION('',(#3857),#3861);
#3857 = LINE('',#3858,#3859);
#3858 = CARTESIAN_POINT('',(0.,0.));
#3859 = VECTOR('',#3860,1.);
#3860 = DIRECTION('',(1.,0.));
#3861 = ( GEOMETRIC_REPRESENTATION_CONTEXT(2) 
PARAMETRIC_REPRESENTATION_CONTEXT() REPRESENTATION_CONTEXT('2D SPACE',''
  ) );
#3862 = PCURVE('',#3782,#3863);
#3863 = DEFINITIONAL_REPRESENTATION('',(#3864),#3868);
#3864 = LINE('',#3865,#3866);
#3865 = CARTESIAN_POINT('',(-3.,-2.25));
#3866 = VECTOR('',#3867,1.);
#3867 = DIRECTION('',(1.,0.));
#3868 = ( GEOMETRIC_REPRESENTATION_CONTEXT(2) 
PARAMETRIC_REPRESENTATION_CONTEXT() REPRESENTATION_CONTEXT('2D SPACE',''
  ) );
#3869 = ADVANCED_FACE('',(#3870),#3756,.T.);
#3870 = FACE_BOUND('',#3871,.T.);
#3871 = EDGE_LOOP('',(#3872,#3873,#3896,#3919));
#3872 = ORIENTED_EDGE('',*,*,#3740,.T.);
#3873 = ORIENTED_EDGE('',*,*,#3874,.T.);
#3874 = EDGE_CURVE('',#3713,#3875,#3877,.T.);
#3875 = VERTEX_POINT('',#3876);
#3876 = CARTESIAN_POINT('',(29.132523477818,-0.35976251476,
    -11.6494228951));
#3877 = SURFACE_CURVE('',#3878,(#3882,#3889),.PCURVE_S1.);
#3878 = LINE('',#3879,#3880);
#3879 = CARTESIAN_POINT('',(29.132523477818,-0.35976251476,
    -17.6494228951));
#3880 = VECTOR('',#3881,1.);
#3881 = DIRECTION('',(0.,0.,1.));
#3882 = PCURVE('',#3756,#3883);
#3883 = DEFINITIONAL_REPRESENTATION('',(#3884),#3888);
#3884 = LINE('',#3885,#3886);
#3885 = CARTESIAN_POINT('',(0.,-1.8));
#3886 = VECTOR('',#3887,1.);
#3887 = DIRECTION('',(1.,0.));
#3888 = ( GEOMETRIC_REPRESENTATION_CONTEXT(2) 
PARAMETRIC_REPRESENTATION_CONTEXT() REPRESENTATION_CONTEXT('2D SPACE',''
  ) );
#3889 = PCURVE('',#3728,#3890);
#3890 = DEFINITIONAL_REPRESENTATION('',(#3891),#3895);
#3891 = LINE('',#3892,#3893);
#3892 = CARTESIAN_POINT('',(3.,2.25));
#3893 = VECTOR('',#3894,1.);
#3894 = DIRECTION('',(-1.,0.));
#3895 = ( GEOMETRIC_REPRESENTATION_CONTEXT(2) 
PARAMETRIC_REPRESENTATION_CONTEXT() REPRESENTATION_CONTEXT('2D SPACE',''
  ) );
#3896 = ORIENTED_EDGE('',*,*,#3897,.F.);
#3897 = EDGE_CURVE('',#3898,#3875,#3900,.T.);
#3898 = VERTEX_POINT('',#3899);
#3899 = CARTESIAN_POINT('',(29.132523477818,-2.15976251476,
    -11.6494228951));
#3900 = SURFACE_CURVE('',#3901,(#3905,#3912),.PCURVE_S1.);
#3901 = LINE('',#3902,#3903);
#3902 = CARTESIAN_POINT('',(29.132523477818,-2.15976251476,
    -11.6494228951));
#3903 = VECTOR('',#3904,1.);
#3904 = DIRECTION('',(-0.,1.,-0.));
#3905 = PCURVE('',#3756,#3906);
#3906 = DEFINITIONAL_REPRESENTATION('',(#3907),#3911);
#3907 = LINE('',#3908,#3909);
#3908 = CARTESIAN_POINT('',(6.,0.));
#3909 = VECTOR('',#3910,1.);
#3910 = DIRECTION('',(0.,-1.));
#3911 = ( GEOMETRIC_REPRESENTATION_CONTEXT(2) 
PARAMETRIC_REPRESENTATION_CONTEXT() REPRESENTATION_CONTEXT('2D SPACE',''
  ) );
#3912 = PCURVE('',#3815,#3913);
#3913 = DEFINITIONAL_REPRESENTATION('',(#3914),#3918);
#3914 = LINE('',#3915,#3916);
#3915 = CARTESIAN_POINT('',(0.,0.));
#3916 = VECTOR('',#3917,1.);
#3917 = DIRECTION('',(0.,-1.));
#3918 = ( GEOMETRIC_REPRESENTATION_CONTEXT(2) 
PARAMETRIC_REPRESENTATION_CONTEXT() REPRESENTATION_CONTEXT('2D SPACE',''
  ) );
#3919 = ORIENTED_EDGE('',*,*,#3920,.F.);
#3920 = EDGE_CURVE('',#3741,#3898,#3921,.T.);
#3921 = SURFACE_CURVE('',#3922,(#3926,#3933),.PCURVE_S1.);
#3922 = LINE('',#3923,#3924);
#3923 = CARTESIAN_POINT('',(29.132523477818,-2.15976251476,
    -17.6494228951));
#3924 = VECTOR('',#3925,1.);
#3925 = DIRECTION('',(0.,0.,1.));
#3926 = PCURVE('',#3756,#3927);
#3927 = DEFINITIONAL_REPRESENTATION('',(#3928),#3932);
#3928 = LINE('',#3929,#3930);
#3929 = CARTESIAN_POINT('',(0.,0.));
#3930 = VECTOR('',#3931,1.);
#3931 = DIRECTION('',(1.,0.));
#3932 = ( GEOMETRIC_REPRESENTATION_CONTEXT(2) 
PARAMETRIC_REPRESENTATION_CONTEXT() REPRESENTATION_CONTEXT('2D SPACE',''
  ) );
#3933 = PCURVE('',#3782,#3934);
#3934 = DEFINITIONAL_REPRESENTATION('',(#3935),#3939);
#3935 = LINE('',#3936,#3937);
#3936 = CARTESIAN_POINT('',(3.,2.25));
#3937 = VECTOR('',#3938,1.);
#3938 = DIRECTION('',(-1.,0.));
#3939 = ( GEOMETRIC_REPRESENTATION_CONTEXT(2) 
PARAMETRIC_REPRESENTATION_CONTEXT() REPRESENTATION_CONTEXT('2D SPACE',''
  ) );
#3940 = ADVANCED_FACE('',(#3941),#3782,.T.);
#3941 = FACE_BOUND('',#3942,.T.);
#3942 = EDGE_LOOP('',(#3943,#3944,#3945,#3966));
#3943 = ORIENTED_EDGE('',*,*,#3768,.T.);
#3944 = ORIENTED_EDGE('',*,*,#3920,.T.);
#3945 = ORIENTED_EDGE('',*,*,#3946,.T.);
#3946 = EDGE_CURVE('',#3898,#3798,#3947,.T.);
#3947 = SURFACE_CURVE('',#3948,(#3952,#3959),.PCURVE_S1.);
#3948 = LINE('',#3949,#3950);
#3949 = CARTESIAN_POINT('',(29.132523477818,-2.15976251476,
    -11.6494228951));
#3950 = VECTOR('',#3951,1.);
#3951 = DIRECTION('',(-1.,0.,0.));
#3952 = PCURVE('',#3782,#3953);
#3953 = DEFINITIONAL_REPRESENTATION('',(#3954),#3958);
#3954 = LINE('',#3955,#3956);
#3955 = CARTESIAN_POINT('',(-3.,2.25));
#3956 = VECTOR('',#3957,1.);
#3957 = DIRECTION('',(0.,-1.));
#3958 = ( GEOMETRIC_REPRESENTATION_CONTEXT(2) 
PARAMETRIC_REPRESENTATION_CONTEXT() REPRESENTATION_CONTEXT('2D SPACE',''
  ) );
#3959 = PCURVE('',#3815,#3960);
#3960 = DEFINITIONAL_REPRESENTATION('',(#3961),#3965);
#3961 = LINE('',#3962,#3963);
#3962 = CARTESIAN_POINT('',(0.,0.));
#3963 = VECTOR('',#3964,1.);
#3964 = DIRECTION('',(1.,0.));
#3965 = ( GEOMETRIC_REPRESENTATION_CONTEXT(2) 
PARAMETRIC_REPRESENTATION_CONTEXT() REPRESENTATION_CONTEXT('2D SPACE',''
  ) );
#3966 = ORIENTED_EDGE('',*,*,#3849,.T.);
#3967 = ADVANCED_FACE('',(#3968),#3728,.F.);
#3968 = FACE_BOUND('',#3969,.F.);
#3969 = EDGE_LOOP('',(#3970,#3971,#3972,#3993));
#3970 = ORIENTED_EDGE('',*,*,#3712,.T.);
#3971 = ORIENTED_EDGE('',*,*,#3874,.T.);
#3972 = ORIENTED_EDGE('',*,*,#3973,.T.);
#3973 = EDGE_CURVE('',#3875,#3800,#3974,.T.);
#3974 = SURFACE_CURVE('',#3975,(#3979,#3986),.PCURVE_S1.);
#3975 = LINE('',#3976,#3977);
#3976 = CARTESIAN_POINT('',(29.132523477818,-0.35976251476,
    -11.6494228951));
#3977 = VECTOR('',#3978,1.);
#3978 = DIRECTION('',(-1.,0.,0.));
#3979 = PCURVE('',#3728,#3980);
#3980 = DEFINITIONAL_REPRESENTATION('',(#3981),#3985);
#3981 = LINE('',#3982,#3983);
#3982 = CARTESIAN_POINT('',(-3.,2.25));
#3983 = VECTOR('',#3984,1.);
#3984 = DIRECTION('',(0.,-1.));
#3985 = ( GEOMETRIC_REPRESENTATION_CONTEXT(2) 
PARAMETRIC_REPRESENTATION_CONTEXT() REPRESENTATION_CONTEXT('2D SPACE',''
  ) );
#3986 = PCURVE('',#3815,#3987);
#3987 = DEFINITIONAL_REPRESENTATION('',(#3988),#3992);
#3988 = LINE('',#3989,#3990);
#3989 = CARTESIAN_POINT('',(0.,-1.8));
#3990 = VECTOR('',#3991,1.);
#3991 = DIRECTION('',(1.,0.));
#3992 = ( GEOMETRIC_REPRESENTATION_CONTEXT(2) 
PARAMETRIC_REPRESENTATION_CONTEXT() REPRESENTATION_CONTEXT('2D SPACE',''
  ) );
#3993 = ORIENTED_EDGE('',*,*,#3827,.T.);
#3994 = ADVANCED_FACE('',(#3995),#3815,.T.);
#3995 = FACE_BOUND('',#3996,.T.);
#3996 = EDGE_LOOP('',(#3997,#3998,#3999,#4000));
#3997 = ORIENTED_EDGE('',*,*,#3897,.T.);
#3998 = ORIENTED_EDGE('',*,*,#3973,.T.);
#3999 = ORIENTED_EDGE('',*,*,#3797,.F.);
#4000 = ORIENTED_EDGE('',*,*,#3946,.F.);
#4001 = ( GEOMETRIC_REPRESENTATION_CONTEXT(3) 
GLOBAL_UNCERTAINTY_ASSIGNED_CONTEXT((#4005)) 
GLOBAL_UNIT_ASSIGNED_CONTEXT((#4002,#4003,#4004)) REPRESENTATION_CONTEXT
('Context #1','3D Context with UNIT and UNCERTAINTY') );
#4002 = ( LENGTH_UNIT() NAMED_UNIT(*) SI_UNIT(.MILLI.,.METRE.) );
#4003 = ( NAMED_UNIT(*) PLANE_ANGLE_UNIT() SI_UNIT($,.RADIAN.) );
#4004 = ( NAMED_UNIT(*) SI_UNIT($,.STERADIAN.) SOLID_ANGLE_UNIT() );
#4005 = UNCERTAINTY_MEASURE_WITH_UNIT(LENGTH_MEASURE(1.E-07),#4002,
  'distance_accuracy_value','confusion accuracy');
#4006 = CONTEXT_DEPENDENT_SHAPE_REPRESENTATION(#4007,#4009);
#4007 = ( REPRESENTATION_RELATIONSHIP('','',#3670,#10) 
REPRESENTATION_RELATIONSHIP_WITH_TRANSFORMATION(#4008) 
SHAPE_REPRESENTATION_RELATIONSHIP() );
#4008 = ITEM_DEFINED_TRANSFORMATION('','',#11,#27);
#4009 = PRODUCT_DEFINITION_SHAPE('Placement','Placement of an item',
  #4010);
#4010 = NEXT_ASSEMBLY_USAGE_OCCURRENCE('4','','',#5,#3665,$);
#4011 = PRODUCT_RELATED_PRODUCT_CATEGORY('part',$,(#3667));
ENDSEC;
END-ISO-10303-21;
