ISO-10303-21;
HEADER;
FILE_DESCRIPTION(('Open CASCADE Model'),'2;1');
FILE_NAME('Open CASCADE Shape Model','2026-08-19T18:22:11',('Author'),(
    'Open CASCADE'),'Open CASCADE STEP processor 7.9','Open CASCADE 7.9'
  ,'Unknown');
FILE_SCHEMA(('AUTOMOTIVE_DESIGN { 1 0 10303 214 1 1 1 1 }'));
ENDSEC;
DATA;
#1 = APPLICATION_PROTOCOL_DEFINITION('international standard',
  'automotive_design',2000,#2);
#2 = APPLICATION_CONTEXT(
  'core data for automotive mechanical design processes');
#3 = SHAPE_DEFINITION_REPRESENTATION(#4,#10);
#4 = PRODUCT_DEFINITION_SHAPE('','',#5);
#5 = PRODUCT_DEFINITION('design','',#6,#9);
#6 = PRODUCT_DEFINITION_FORMATION('','',#7);
#7 = PRODUCT('Open CASCADE STEP translator 7.9 1',
  'Open CASCADE STEP translator 7.9 1','',(#8));
#8 = PRODUCT_CONTEXT('',#2,'mechanical');
#9 = PRODUCT_DEFINITION_CONTEXT('part definition',#2,'design');
#10 = ADVANCED_BREP_SHAPE_REPRESENTATION('',(#11,#15),#6547);
#11 = AXIS2_PLACEMENT_3D('',#12,#13,#14);
#12 = CARTESIAN_POINT('',(0.,0.,0.));
#13 = DIRECTION('',(0.,0.,1.));
#14 = DIRECTION('',(1.,0.,-0.));
#15 = MANIFOLD_SOLID_BREP('',#16);
#16 = CLOSED_SHELL('',(#17,#109,#488,#835,#882,#909,#936,#963,#990,#1017
    ,#1044,#1772,#1799,#1921,#1970,#2080,#2107,#2157,#2207,#2824,#3101,
    #3183,#3261,#3339,#3366,#3420,#3447,#3584,#3591,#3618,#3669,#3696,
    #3723,#3772,#3779,#3855,#3909,#3963,#3990,#4059,#4113,#4160,#4192,
    #4219,#4226,#4483,#4510,#4586,#4640,#4694,#4721,#4790,#4840,#4887,
    #4915,#5224,#5272,#5279,#5306,#5334,#5384,#5434,#5513,#5569,#5621,
    #5655,#5662,#5951,#5958,#6066,#6073,#6125,#6254,#6303,#6340,#6389,
    #6479,#6533,#6540));
#17 = ADVANCED_FACE('',(#18),#32,.F.);
#18 = FACE_BOUND('',#19,.F.);
#19 = EDGE_LOOP('',(#20,#50,#77,#78));
#20 = ORIENTED_EDGE('',*,*,#21,.T.);
#21 = EDGE_CURVE('',#22,#24,#26,.T.);
#22 = VERTEX_POINT('',#23);
#23 = CARTESIAN_POINT('',(160.5,15.,-30.));
#24 = VERTEX_POINT('',#25);
#25 = CARTESIAN_POINT('',(160.5,0.,-30.));
#26 = SEAM_CURVE('',#27,(#31,#43),.PCURVE_S1.);
#27 = LINE('',#28,#29);
#28 = CARTESIAN_POINT('',(160.5,15.,-30.));
#29 = VECTOR('',#30,1.);
#30 = DIRECTION('',(0.,-1.,0.));
#31 = PCURVE('',#32,#37);
#32 = CYLINDRICAL_SURFACE('',#33,7.5);
#33 = AXIS2_PLACEMENT_3D('',#34,#35,#36);
#34 = CARTESIAN_POINT('',(153.,15.,-30.));
#35 = DIRECTION('',(0.,-1.,0.));
#36 = DIRECTION('',(-1.,0.,0.));
#37 = DEFINITIONAL_REPRESENTATION('',(#38),#42);
#38 = LINE('',#39,#40);
#39 = CARTESIAN_POINT('',(9.424777960769,0.));
#40 = VECTOR('',#41,1.);
#41 = DIRECTION('',(0.,1.));
#42 = ( GEOMETRIC_REPRESENTATION_CONTEXT(2) 
PARAMETRIC_REPRESENTATION_CONTEXT() REPRESENTATION_CONTEXT('2D SPACE',''
  ) );
#43 = PCURVE('',#32,#44);
#44 = DEFINITIONAL_REPRESENTATION('',(#45),#49);
#45 = LINE('',#46,#47);
#46 = CARTESIAN_POINT('',(3.14159265359,0.));
#47 = VECTOR('',#48,1.);
#48 = DIRECTION('',(0.,1.));
#49 = ( GEOMETRIC_REPRESENTATION_CONTEXT(2) 
PARAMETRIC_REPRESENTATION_CONTEXT() REPRESENTATION_CONTEXT('2D SPACE',''
  ) );
#50 = ORIENTED_EDGE('',*,*,#51,.T.);
#51 = EDGE_CURVE('',#24,#24,#52,.T.);
#52 = SURFACE_CURVE('',#53,(#58,#65),.PCURVE_S1.);
#53 = CIRCLE('',#54,7.5);
#54 = AXIS2_PLACEMENT_3D('',#55,#56,#57);
#55 = CARTESIAN_POINT('',(153.,0.,-30.));
#56 = DIRECTION('',(0.,1.,0.));
#57 = DIRECTION('',(-1.,0.,0.));
#58 = PCURVE('',#32,#59);
#59 = DEFINITIONAL_REPRESENTATION('',(#60),#64);
#60 = LINE('',#61,#62);
#61 = CARTESIAN_POINT('',(12.566370614359,15.));
#62 = VECTOR('',#63,1.);
#63 = DIRECTION('',(-1.,0.));
#64 = ( GEOMETRIC_REPRESENTATION_CONTEXT(2) 
PARAMETRIC_REPRESENTATION_CONTEXT() REPRESENTATION_CONTEXT('2D SPACE',''
  ) );
#65 = PCURVE('',#66,#71);
#66 = PLANE('',#67);
#67 = AXIS2_PLACEMENT_3D('',#68,#69,#70);
#68 = CARTESIAN_POINT('',(84.,0.,-30.));
#69 = DIRECTION('',(0.,1.,0.));
#70 = DIRECTION('',(1.,0.,0.));
#71 = DEFINITIONAL_REPRESENTATION('',(#72),#76);
#72 = CIRCLE('',#73,7.5);
#73 = AXIS2_PLACEMENT_2D('',#74,#75);
#74 = CARTESIAN_POINT('',(69.,0.));
#75 = DIRECTION('',(-1.,0.));
#76 = ( GEOMETRIC_REPRESENTATION_CONTEXT(2) 
PARAMETRIC_REPRESENTATION_CONTEXT() REPRESENTATION_CONTEXT('2D SPACE',''
  ) );
#77 = ORIENTED_EDGE('',*,*,#21,.F.);
#78 = ORIENTED_EDGE('',*,*,#79,.T.);
#79 = EDGE_CURVE('',#22,#22,#80,.T.);
#80 = SURFACE_CURVE('',#81,(#86,#93),.PCURVE_S1.);
#81 = CIRCLE('',#82,7.5);
#82 = AXIS2_PLACEMENT_3D('',#83,#84,#85);
#83 = CARTESIAN_POINT('',(153.,15.,-30.));
#84 = DIRECTION('',(0.,-1.,0.));
#85 = DIRECTION('',(-1.,0.,0.));
#86 = PCURVE('',#32,#87);
#87 = DEFINITIONAL_REPRESENTATION('',(#88),#92);
#88 = LINE('',#89,#90);
#89 = CARTESIAN_POINT('',(0.,0.));
#90 = VECTOR('',#91,1.);
#91 = DIRECTION('',(1.,0.));
#92 = ( GEOMETRIC_REPRESENTATION_CONTEXT(2) 
PARAMETRIC_REPRESENTATION_CONTEXT() REPRESENTATION_CONTEXT('2D SPACE',''
  ) );
#93 = PCURVE('',#94,#99);
#94 = PLANE('',#95);
#95 = AXIS2_PLACEMENT_3D('',#96,#97,#98);
#96 = CARTESIAN_POINT('',(84.,15.,-30.));
#97 = DIRECTION('',(0.,1.,0.));
#98 = DIRECTION('',(0.,-0.,1.));
#99 = DEFINITIONAL_REPRESENTATION('',(#100),#108);
#100 = ( BOUNDED_CURVE() B_SPLINE_CURVE(2,(#101,#102,#103,#104,#105,#106
,#107),.UNSPECIFIED.,.T.,.F.) B_SPLINE_CURVE_WITH_KNOTS((1,2,2,2,2,1),(
    -2.094395102393,0.,2.094395102393,4.188790204786,6.28318530718,
8.377580409573),.UNSPECIFIED.) CURVE() GEOMETRIC_REPRESENTATION_ITEM() 
RATIONAL_B_SPLINE_CURVE((1.,0.5,1.,0.5,1.,0.5,1.)) REPRESENTATION_ITEM(
  '') );
#101 = CARTESIAN_POINT('',(0.,61.5));
#102 = CARTESIAN_POINT('',(-12.99038105676,61.5));
#103 = CARTESIAN_POINT('',(-6.495190528383,72.75));
#104 = CARTESIAN_POINT('',(-1.836970198721E-15,84.));
#105 = CARTESIAN_POINT('',(6.495190528383,72.75));
#106 = CARTESIAN_POINT('',(12.990381056767,61.5));
#107 = CARTESIAN_POINT('',(0.,61.5));
#108 = ( GEOMETRIC_REPRESENTATION_CONTEXT(2) 
PARAMETRIC_REPRESENTATION_CONTEXT() REPRESENTATION_CONTEXT('2D SPACE',''
  ) );
#109 = ADVANCED_FACE('',(#110,#340,#343,#374),#66,.F.);
#110 = FACE_BOUND('',#111,.T.);
#111 = EDGE_LOOP('',(#112,#143,#171,#200,#228,#257,#285,#314));
#112 = ORIENTED_EDGE('',*,*,#113,.F.);
#113 = EDGE_CURVE('',#114,#116,#118,.T.);
#114 = VERTEX_POINT('',#115);
#115 = CARTESIAN_POINT('',(0.,0.,-9.));
#116 = VERTEX_POINT('',#117);
#117 = CARTESIAN_POINT('',(9.,0.,0.));
#118 = SURFACE_CURVE('',#119,(#124,#131),.PCURVE_S1.);
#119 = CIRCLE('',#120,9.);
#120 = AXIS2_PLACEMENT_3D('',#121,#122,#123);
#121 = CARTESIAN_POINT('',(9.,0.,-9.));
#122 = DIRECTION('',(0.,1.,0.));
#123 = DIRECTION('',(-0.707106781187,0.,0.707106781187));
#124 = PCURVE('',#66,#125);
#125 = DEFINITIONAL_REPRESENTATION('',(#126),#130);
#126 = CIRCLE('',#127,9.);
#127 = AXIS2_PLACEMENT_2D('',#128,#129);
#128 = CARTESIAN_POINT('',(-75.,-21.));
#129 = DIRECTION('',(-0.707106781187,-0.707106781187));
#130 = ( GEOMETRIC_REPRESENTATION_CONTEXT(2) 
PARAMETRIC_REPRESENTATION_CONTEXT() REPRESENTATION_CONTEXT('2D SPACE',''
  ) );
#131 = PCURVE('',#132,#137);
#132 = CYLINDRICAL_SURFACE('',#133,9.);
#133 = AXIS2_PLACEMENT_3D('',#134,#135,#136);
#134 = CARTESIAN_POINT('',(9.,0.,-9.));
#135 = DIRECTION('',(0.,1.,0.));
#136 = DIRECTION('',(-0.707106781187,0.,0.707106781187));
#137 = DEFINITIONAL_REPRESENTATION('',(#138),#142);
#138 = LINE('',#139,#140);
#139 = CARTESIAN_POINT('',(-6.28318530718,0.));
#140 = VECTOR('',#141,1.);
#141 = DIRECTION('',(1.,0.));
#142 = ( GEOMETRIC_REPRESENTATION_CONTEXT(2) 
PARAMETRIC_REPRESENTATION_CONTEXT() REPRESENTATION_CONTEXT('2D SPACE',''
  ) );
#143 = ORIENTED_EDGE('',*,*,#144,.F.);
#144 = EDGE_CURVE('',#145,#114,#147,.T.);
#145 = VERTEX_POINT('',#146);
#146 = CARTESIAN_POINT('',(0.,0.,-51.));
#147 = SURFACE_CURVE('',#148,(#152,#159),.PCURVE_S1.);
#148 = LINE('',#149,#150);
#149 = CARTESIAN_POINT('',(0.,0.,-60.));
#150 = VECTOR('',#151,1.);
#151 = DIRECTION('',(0.,0.,1.));
#152 = PCURVE('',#66,#153);
#153 = DEFINITIONAL_REPRESENTATION('',(#154),#158);
#154 = LINE('',#155,#156);
#155 = CARTESIAN_POINT('',(-84.,30.));
#156 = VECTOR('',#157,1.);
#157 = DIRECTION('',(0.,-1.));
#158 = ( GEOMETRIC_REPRESENTATION_CONTEXT(2) 
PARAMETRIC_REPRESENTATION_CONTEXT() REPRESENTATION_CONTEXT('2D SPACE',''
  ) );
#159 = PCURVE('',#160,#165);
#160 = PLANE('',#161);
#161 = AXIS2_PLACEMENT_3D('',#162,#163,#164);
#162 = CARTESIAN_POINT('',(0.,0.,-60.));
#163 = DIRECTION('',(-1.,0.,0.));
#164 = DIRECTION('',(0.,0.,1.));
#165 = DEFINITIONAL_REPRESENTATION('',(#166),#170);
#166 = LINE('',#167,#168);
#167 = CARTESIAN_POINT('',(0.,0.));
#168 = VECTOR('',#169,1.);
#169 = DIRECTION('',(1.,0.));
#170 = ( GEOMETRIC_REPRESENTATION_CONTEXT(2) 
PARAMETRIC_REPRESENTATION_CONTEXT() REPRESENTATION_CONTEXT('2D SPACE',''
  ) );
#171 = ORIENTED_EDGE('',*,*,#172,.F.);
#172 = EDGE_CURVE('',#173,#145,#175,.T.);
#173 = VERTEX_POINT('',#174);
#174 = CARTESIAN_POINT('',(9.,0.,-60.));
#175 = SURFACE_CURVE('',#176,(#181,#188),.PCURVE_S1.);
#176 = CIRCLE('',#177,9.);
#177 = AXIS2_PLACEMENT_3D('',#178,#179,#180);
#178 = CARTESIAN_POINT('',(9.,0.,-51.));
#179 = DIRECTION('',(0.,1.,0.));
#180 = DIRECTION('',(-0.707106781187,0.,-0.707106781187));
#181 = PCURVE('',#66,#182);
#182 = DEFINITIONAL_REPRESENTATION('',(#183),#187);
#183 = CIRCLE('',#184,9.);
#184 = AXIS2_PLACEMENT_2D('',#185,#186);
#185 = CARTESIAN_POINT('',(-75.,21.));
#186 = DIRECTION('',(-0.707106781187,0.707106781187));
#187 = ( GEOMETRIC_REPRESENTATION_CONTEXT(2) 
PARAMETRIC_REPRESENTATION_CONTEXT() REPRESENTATION_CONTEXT('2D SPACE',''
  ) );
#188 = PCURVE('',#189,#194);
#189 = CYLINDRICAL_SURFACE('',#190,9.);
#190 = AXIS2_PLACEMENT_3D('',#191,#192,#193);
#191 = CARTESIAN_POINT('',(9.,0.,-51.));
#192 = DIRECTION('',(0.,1.,0.));
#193 = DIRECTION('',(-0.707106781187,0.,-0.707106781187));
#194 = DEFINITIONAL_REPRESENTATION('',(#195),#199);
#195 = LINE('',#196,#197);
#196 = CARTESIAN_POINT('',(-6.28318530718,0.));
#197 = VECTOR('',#198,1.);
#198 = DIRECTION('',(1.,0.));
#199 = ( GEOMETRIC_REPRESENTATION_CONTEXT(2) 
PARAMETRIC_REPRESENTATION_CONTEXT() REPRESENTATION_CONTEXT('2D SPACE',''
  ) );
#200 = ORIENTED_EDGE('',*,*,#201,.F.);
#201 = EDGE_CURVE('',#202,#173,#204,.T.);
#202 = VERTEX_POINT('',#203);
#203 = CARTESIAN_POINT('',(159.,0.,-60.));
#204 = SURFACE_CURVE('',#205,(#209,#216),.PCURVE_S1.);
#205 = LINE('',#206,#207);
#206 = CARTESIAN_POINT('',(168.,0.,-60.));
#207 = VECTOR('',#208,1.);
#208 = DIRECTION('',(-1.,0.,0.));
#209 = PCURVE('',#66,#210);
#210 = DEFINITIONAL_REPRESENTATION('',(#211),#215);
#211 = LINE('',#212,#213);
#212 = CARTESIAN_POINT('',(84.,30.));
#213 = VECTOR('',#214,1.);
#214 = DIRECTION('',(-1.,0.));
#215 = ( GEOMETRIC_REPRESENTATION_CONTEXT(2) 
PARAMETRIC_REPRESENTATION_CONTEXT() REPRESENTATION_CONTEXT('2D SPACE',''
  ) );
#216 = PCURVE('',#217,#222);
#217 = PLANE('',#218);
#218 = AXIS2_PLACEMENT_3D('',#219,#220,#221);
#219 = CARTESIAN_POINT('',(168.,0.,-60.));
#220 = DIRECTION('',(0.,0.,-1.));
#221 = DIRECTION('',(-1.,0.,0.));
#222 = DEFINITIONAL_REPRESENTATION('',(#223),#227);
#223 = LINE('',#224,#225);
#224 = CARTESIAN_POINT('',(0.,0.));
#225 = VECTOR('',#226,1.);
#226 = DIRECTION('',(1.,0.));
#227 = ( GEOMETRIC_REPRESENTATION_CONTEXT(2) 
PARAMETRIC_REPRESENTATION_CONTEXT() REPRESENTATION_CONTEXT('2D SPACE',''
  ) );
#228 = ORIENTED_EDGE('',*,*,#229,.F.);
#229 = EDGE_CURVE('',#230,#202,#232,.T.);
#230 = VERTEX_POINT('',#231);
#231 = CARTESIAN_POINT('',(168.,0.,-51.));
#232 = SURFACE_CURVE('',#233,(#238,#245),.PCURVE_S1.);
#233 = CIRCLE('',#234,9.);
#234 = AXIS2_PLACEMENT_3D('',#235,#236,#237);
#235 = CARTESIAN_POINT('',(159.,0.,-51.));
#236 = DIRECTION('',(0.,1.,0.));
#237 = DIRECTION('',(0.707106781187,0.,-0.707106781187));
#238 = PCURVE('',#66,#239);
#239 = DEFINITIONAL_REPRESENTATION('',(#240),#244);
#240 = CIRCLE('',#241,9.);
#241 = AXIS2_PLACEMENT_2D('',#242,#243);
#242 = CARTESIAN_POINT('',(75.,21.));
#243 = DIRECTION('',(0.707106781187,0.707106781187));
#244 = ( GEOMETRIC_REPRESENTATION_CONTEXT(2) 
PARAMETRIC_REPRESENTATION_CONTEXT() REPRESENTATION_CONTEXT('2D SPACE',''
  ) );
#245 = PCURVE('',#246,#251);
#246 = CYLINDRICAL_SURFACE('',#247,9.);
#247 = AXIS2_PLACEMENT_3D('',#248,#249,#250);
#248 = CARTESIAN_POINT('',(159.,0.,-51.));
#249 = DIRECTION('',(0.,1.,0.));
#250 = DIRECTION('',(0.707106781187,0.,-0.707106781187));
#251 = DEFINITIONAL_REPRESENTATION('',(#252),#256);
#252 = LINE('',#253,#254);
#253 = CARTESIAN_POINT('',(-6.28318530718,0.));
#254 = VECTOR('',#255,1.);
#255 = DIRECTION('',(1.,0.));
#256 = ( GEOMETRIC_REPRESENTATION_CONTEXT(2) 
PARAMETRIC_REPRESENTATION_CONTEXT() REPRESENTATION_CONTEXT('2D SPACE',''
  ) );
#257 = ORIENTED_EDGE('',*,*,#258,.F.);
#258 = EDGE_CURVE('',#259,#230,#261,.T.);
#259 = VERTEX_POINT('',#260);
#260 = CARTESIAN_POINT('',(168.,0.,-9.));
#261 = SURFACE_CURVE('',#262,(#266,#273),.PCURVE_S1.);
#262 = LINE('',#263,#264);
#263 = CARTESIAN_POINT('',(168.,0.,0.));
#264 = VECTOR('',#265,1.);
#265 = DIRECTION('',(0.,0.,-1.));
#266 = PCURVE('',#66,#267);
#267 = DEFINITIONAL_REPRESENTATION('',(#268),#272);
#268 = LINE('',#269,#270);
#269 = CARTESIAN_POINT('',(84.,-30.));
#270 = VECTOR('',#271,1.);
#271 = DIRECTION('',(0.,1.));
#272 = ( GEOMETRIC_REPRESENTATION_CONTEXT(2) 
PARAMETRIC_REPRESENTATION_CONTEXT() REPRESENTATION_CONTEXT('2D SPACE',''
  ) );
#273 = PCURVE('',#274,#279);
#274 = PLANE('',#275);
#275 = AXIS2_PLACEMENT_3D('',#276,#277,#278);
#276 = CARTESIAN_POINT('',(168.,0.,0.));
#277 = DIRECTION('',(1.,0.,0.));
#278 = DIRECTION('',(0.,0.,-1.));
#279 = DEFINITIONAL_REPRESENTATION('',(#280),#284);
#280 = LINE('',#281,#282);
#281 = CARTESIAN_POINT('',(0.,0.));
#282 = VECTOR('',#283,1.);
#283 = DIRECTION('',(1.,0.));
#284 = ( GEOMETRIC_REPRESENTATION_CONTEXT(2) 
PARAMETRIC_REPRESENTATION_CONTEXT() REPRESENTATION_CONTEXT('2D SPACE',''
  ) );
#285 = ORIENTED_EDGE('',*,*,#286,.F.);
#286 = EDGE_CURVE('',#287,#259,#289,.T.);
#287 = VERTEX_POINT('',#288);
#288 = CARTESIAN_POINT('',(159.,0.,0.));
#289 = SURFACE_CURVE('',#290,(#295,#302),.PCURVE_S1.);
#290 = CIRCLE('',#291,9.);
#291 = AXIS2_PLACEMENT_3D('',#292,#293,#294);
#292 = CARTESIAN_POINT('',(159.,0.,-9.));
#293 = DIRECTION('',(0.,1.,0.));
#294 = DIRECTION('',(0.707106781187,-0.,0.707106781187));
#295 = PCURVE('',#66,#296);
#296 = DEFINITIONAL_REPRESENTATION('',(#297),#301);
#297 = CIRCLE('',#298,9.);
#298 = AXIS2_PLACEMENT_2D('',#299,#300);
#299 = CARTESIAN_POINT('',(75.,-21.));
#300 = DIRECTION('',(0.707106781187,-0.707106781187));
#301 = ( GEOMETRIC_REPRESENTATION_CONTEXT(2) 
PARAMETRIC_REPRESENTATION_CONTEXT() REPRESENTATION_CONTEXT('2D SPACE',''
  ) );
#302 = PCURVE('',#303,#308);
#303 = CYLINDRICAL_SURFACE('',#304,9.);
#304 = AXIS2_PLACEMENT_3D('',#305,#306,#307);
#305 = CARTESIAN_POINT('',(159.,0.,-9.));
#306 = DIRECTION('',(0.,1.,0.));
#307 = DIRECTION('',(0.707106781187,-0.,0.707106781187));
#308 = DEFINITIONAL_REPRESENTATION('',(#309),#313);
#309 = LINE('',#310,#311);
#310 = CARTESIAN_POINT('',(0.,0.));
#311 = VECTOR('',#312,1.);
#312 = DIRECTION('',(1.,0.));
#313 = ( GEOMETRIC_REPRESENTATION_CONTEXT(2) 
PARAMETRIC_REPRESENTATION_CONTEXT() REPRESENTATION_CONTEXT('2D SPACE',''
  ) );
#314 = ORIENTED_EDGE('',*,*,#315,.F.);
#315 = EDGE_CURVE('',#116,#287,#316,.T.);
#316 = SURFACE_CURVE('',#317,(#321,#328),.PCURVE_S1.);
#317 = LINE('',#318,#319);
#318 = CARTESIAN_POINT('',(0.,0.,0.));
#319 = VECTOR('',#320,1.);
#320 = DIRECTION('',(1.,0.,0.));
#321 = PCURVE('',#66,#322);
#322 = DEFINITIONAL_REPRESENTATION('',(#323),#327);
#323 = LINE('',#324,#325);
#324 = CARTESIAN_POINT('',(-84.,-30.));
#325 = VECTOR('',#326,1.);
#326 = DIRECTION('',(1.,0.));
#327 = ( GEOMETRIC_REPRESENTATION_CONTEXT(2) 
PARAMETRIC_REPRESENTATION_CONTEXT() REPRESENTATION_CONTEXT('2D SPACE',''
  ) );
#328 = PCURVE('',#329,#334);
#329 = PLANE('',#330);
#330 = AXIS2_PLACEMENT_3D('',#331,#332,#333);
#331 = CARTESIAN_POINT('',(0.,0.,0.));
#332 = DIRECTION('',(0.,0.,1.));
#333 = DIRECTION('',(1.,0.,-0.));
#334 = DEFINITIONAL_REPRESENTATION('',(#335),#339);
#335 = LINE('',#336,#337);
#336 = CARTESIAN_POINT('',(0.,0.));
#337 = VECTOR('',#338,1.);
#338 = DIRECTION('',(1.,0.));
#339 = ( GEOMETRIC_REPRESENTATION_CONTEXT(2) 
PARAMETRIC_REPRESENTATION_CONTEXT() REPRESENTATION_CONTEXT('2D SPACE',''
  ) );
#340 = FACE_BOUND('',#341,.T.);
#341 = EDGE_LOOP('',(#342));
#342 = ORIENTED_EDGE('',*,*,#51,.T.);
#343 = FACE_BOUND('',#344,.T.);
#344 = EDGE_LOOP('',(#345));
#345 = ORIENTED_EDGE('',*,*,#346,.T.);
#346 = EDGE_CURVE('',#347,#347,#349,.T.);
#347 = VERTEX_POINT('',#348);
#348 = CARTESIAN_POINT('',(22.5,0.,-30.));
#349 = SURFACE_CURVE('',#350,(#355,#362),.PCURVE_S1.);
#350 = CIRCLE('',#351,7.5);
#351 = AXIS2_PLACEMENT_3D('',#352,#353,#354);
#352 = CARTESIAN_POINT('',(15.,0.,-30.));
#353 = DIRECTION('',(0.,1.,0.));
#354 = DIRECTION('',(-1.,0.,0.));
#355 = PCURVE('',#66,#356);
#356 = DEFINITIONAL_REPRESENTATION('',(#357),#361);
#357 = CIRCLE('',#358,7.5);
#358 = AXIS2_PLACEMENT_2D('',#359,#360);
#359 = CARTESIAN_POINT('',(-69.,0.));
#360 = DIRECTION('',(-1.,0.));
#361 = ( GEOMETRIC_REPRESENTATION_CONTEXT(2) 
PARAMETRIC_REPRESENTATION_CONTEXT() REPRESENTATION_CONTEXT('2D SPACE',''
  ) );
#362 = PCURVE('',#363,#368);
#363 = CYLINDRICAL_SURFACE('',#364,7.5);
#364 = AXIS2_PLACEMENT_3D('',#365,#366,#367);
#365 = CARTESIAN_POINT('',(15.,15.,-30.));
#366 = DIRECTION('',(0.,-1.,0.));
#367 = DIRECTION('',(-1.,0.,0.));
#368 = DEFINITIONAL_REPRESENTATION('',(#369),#373);
#369 = LINE('',#370,#371);
#370 = CARTESIAN_POINT('',(12.566370614359,15.));
#371 = VECTOR('',#372,1.);
#372 = DIRECTION('',(-1.,0.));
#373 = ( GEOMETRIC_REPRESENTATION_CONTEXT(2) 
PARAMETRIC_REPRESENTATION_CONTEXT() REPRESENTATION_CONTEXT('2D SPACE',''
  ) );
#374 = FACE_BOUND('',#375,.T.);
#375 = EDGE_LOOP('',(#376,#406,#434,#462));
#376 = ORIENTED_EDGE('',*,*,#377,.T.);
#377 = EDGE_CURVE('',#378,#380,#382,.T.);
#378 = VERTEX_POINT('',#379);
#379 = CARTESIAN_POINT('',(46.5,0.,-12.00000017881));
#380 = VERTEX_POINT('',#381);
#381 = CARTESIAN_POINT('',(88.5,0.,-12.00000017881));
#382 = SURFACE_CURVE('',#383,(#387,#394),.PCURVE_S1.);
#383 = LINE('',#384,#385);
#384 = CARTESIAN_POINT('',(86.25,0.,-12.00000017881));
#385 = VECTOR('',#386,1.);
#386 = DIRECTION('',(1.,0.,0.));
#387 = PCURVE('',#66,#388);
#388 = DEFINITIONAL_REPRESENTATION('',(#389),#393);
#389 = LINE('',#390,#391);
#390 = CARTESIAN_POINT('',(2.25,-17.99999982119));
#391 = VECTOR('',#392,1.);
#392 = DIRECTION('',(1.,0.));
#393 = ( GEOMETRIC_REPRESENTATION_CONTEXT(2) 
PARAMETRIC_REPRESENTATION_CONTEXT() REPRESENTATION_CONTEXT('2D SPACE',''
  ) );
#394 = PCURVE('',#395,#400);
#395 = PLANE('',#396);
#396 = AXIS2_PLACEMENT_3D('',#397,#398,#399);
#397 = CARTESIAN_POINT('',(88.5,153.,-12.00000017881));
#398 = DIRECTION('',(0.,0.,1.));
#399 = DIRECTION('',(-1.,0.,0.));
#400 = DEFINITIONAL_REPRESENTATION('',(#401),#405);
#401 = LINE('',#402,#403);
#402 = CARTESIAN_POINT('',(2.25,153.));
#403 = VECTOR('',#404,1.);
#404 = DIRECTION('',(-1.,0.));
#405 = ( GEOMETRIC_REPRESENTATION_CONTEXT(2) 
PARAMETRIC_REPRESENTATION_CONTEXT() REPRESENTATION_CONTEXT('2D SPACE',''
  ) );
#406 = ORIENTED_EDGE('',*,*,#407,.T.);
#407 = EDGE_CURVE('',#380,#408,#410,.T.);
#408 = VERTEX_POINT('',#409);
#409 = CARTESIAN_POINT('',(88.5,0.,-30.));
#410 = SURFACE_CURVE('',#411,(#415,#422),.PCURVE_S1.);
#411 = LINE('',#412,#413);
#412 = CARTESIAN_POINT('',(88.5,0.,-30.));
#413 = VECTOR('',#414,1.);
#414 = DIRECTION('',(0.,0.,-1.));
#415 = PCURVE('',#66,#416);
#416 = DEFINITIONAL_REPRESENTATION('',(#417),#421);
#417 = LINE('',#418,#419);
#418 = CARTESIAN_POINT('',(4.5,0.));
#419 = VECTOR('',#420,1.);
#420 = DIRECTION('',(0.,1.));
#421 = ( GEOMETRIC_REPRESENTATION_CONTEXT(2) 
PARAMETRIC_REPRESENTATION_CONTEXT() REPRESENTATION_CONTEXT('2D SPACE',''
  ) );
#422 = PCURVE('',#423,#428);
#423 = PLANE('',#424);
#424 = AXIS2_PLACEMENT_3D('',#425,#426,#427);
#425 = CARTESIAN_POINT('',(88.5,153.,-30.));
#426 = DIRECTION('',(1.,0.,0.));
#427 = DIRECTION('',(0.,0.,1.));
#428 = DEFINITIONAL_REPRESENTATION('',(#429),#433);
#429 = LINE('',#430,#431);
#430 = CARTESIAN_POINT('',(0.,153.));
#431 = VECTOR('',#432,1.);
#432 = DIRECTION('',(-1.,0.));
#433 = ( GEOMETRIC_REPRESENTATION_CONTEXT(2) 
PARAMETRIC_REPRESENTATION_CONTEXT() REPRESENTATION_CONTEXT('2D SPACE',''
  ) );
#434 = ORIENTED_EDGE('',*,*,#435,.T.);
#435 = EDGE_CURVE('',#408,#436,#438,.T.);
#436 = VERTEX_POINT('',#437);
#437 = CARTESIAN_POINT('',(46.5,0.,-30.));
#438 = SURFACE_CURVE('',#439,(#443,#450),.PCURVE_S1.);
#439 = LINE('',#440,#441);
#440 = CARTESIAN_POINT('',(65.25,0.,-30.));
#441 = VECTOR('',#442,1.);
#442 = DIRECTION('',(-1.,0.,0.));
#443 = PCURVE('',#66,#444);
#444 = DEFINITIONAL_REPRESENTATION('',(#445),#449);
#445 = LINE('',#446,#447);
#446 = CARTESIAN_POINT('',(-18.75,0.));
#447 = VECTOR('',#448,1.);
#448 = DIRECTION('',(-1.,0.));
#449 = ( GEOMETRIC_REPRESENTATION_CONTEXT(2) 
PARAMETRIC_REPRESENTATION_CONTEXT() REPRESENTATION_CONTEXT('2D SPACE',''
  ) );
#450 = PCURVE('',#451,#456);
#451 = PLANE('',#452);
#452 = AXIS2_PLACEMENT_3D('',#453,#454,#455);
#453 = CARTESIAN_POINT('',(46.5,153.,-30.));
#454 = DIRECTION('',(0.,0.,-1.));
#455 = DIRECTION('',(1.,0.,0.));
#456 = DEFINITIONAL_REPRESENTATION('',(#457),#461);
#457 = LINE('',#458,#459);
#458 = CARTESIAN_POINT('',(18.75,153.));
#459 = VECTOR('',#460,1.);
#460 = DIRECTION('',(-1.,0.));
#461 = ( GEOMETRIC_REPRESENTATION_CONTEXT(2) 
PARAMETRIC_REPRESENTATION_CONTEXT() REPRESENTATION_CONTEXT('2D SPACE',''
  ) );
#462 = ORIENTED_EDGE('',*,*,#463,.T.);
#463 = EDGE_CURVE('',#436,#378,#464,.T.);
#464 = SURFACE_CURVE('',#465,(#469,#476),.PCURVE_S1.);
#465 = LINE('',#466,#467);
#466 = CARTESIAN_POINT('',(46.5,0.,-21.0000000894));
#467 = VECTOR('',#468,1.);
#468 = DIRECTION('',(0.,0.,1.));
#469 = PCURVE('',#66,#470);
#470 = DEFINITIONAL_REPRESENTATION('',(#471),#475);
#471 = LINE('',#472,#473);
#472 = CARTESIAN_POINT('',(-37.5,-8.9999999106));
#473 = VECTOR('',#474,1.);
#474 = DIRECTION('',(0.,-1.));
#475 = ( GEOMETRIC_REPRESENTATION_CONTEXT(2) 
PARAMETRIC_REPRESENTATION_CONTEXT() REPRESENTATION_CONTEXT('2D SPACE',''
  ) );
#476 = PCURVE('',#477,#482);
#477 = PLANE('',#478);
#478 = AXIS2_PLACEMENT_3D('',#479,#480,#481);
#479 = CARTESIAN_POINT('',(46.5,153.,-12.00000017881));
#480 = DIRECTION('',(-1.,0.,0.));
#481 = DIRECTION('',(0.,0.,-1.));
#482 = DEFINITIONAL_REPRESENTATION('',(#483),#487);
#483 = LINE('',#484,#485);
#484 = CARTESIAN_POINT('',(8.99999991059,153.));
#485 = VECTOR('',#486,1.);
#486 = DIRECTION('',(-1.,-0.));
#487 = ( GEOMETRIC_REPRESENTATION_CONTEXT(2) 
PARAMETRIC_REPRESENTATION_CONTEXT() REPRESENTATION_CONTEXT('2D SPACE',''
  ) );
#488 = ADVANCED_FACE('',(#489,#802,#805),#94,.T.);
#489 = FACE_BOUND('',#490,.T.);
#490 = EDGE_LOOP('',(#491,#521,#544,#572,#595,#623,#646,#674,#697,#725,
    #748,#776));
#491 = ORIENTED_EDGE('',*,*,#492,.F.);
#492 = EDGE_CURVE('',#493,#495,#497,.T.);
#493 = VERTEX_POINT('',#494);
#494 = CARTESIAN_POINT('',(134.5,15.,0.));
#495 = VERTEX_POINT('',#496);
#496 = CARTESIAN_POINT('',(134.5,15.,-42.));
#497 = SURFACE_CURVE('',#498,(#502,#509),.PCURVE_S1.);
#498 = LINE('',#499,#500);
#499 = CARTESIAN_POINT('',(134.5,15.,-15.));
#500 = VECTOR('',#501,1.);
#501 = DIRECTION('',(0.,0.,-1.));
#502 = PCURVE('',#94,#503);
#503 = DEFINITIONAL_REPRESENTATION('',(#504),#508);
#504 = LINE('',#505,#506);
#505 = CARTESIAN_POINT('',(15.,50.5));
#506 = VECTOR('',#507,1.);
#507 = DIRECTION('',(-1.,0.));
#508 = ( GEOMETRIC_REPRESENTATION_CONTEXT(2) 
PARAMETRIC_REPRESENTATION_CONTEXT() REPRESENTATION_CONTEXT('2D SPACE',''
  ) );
#509 = PCURVE('',#510,#515);
#510 = CYLINDRICAL_SURFACE('',#511,4.);
#511 = AXIS2_PLACEMENT_3D('',#512,#513,#514);
#512 = CARTESIAN_POINT('',(134.5,19.,-15.));
#513 = DIRECTION('',(0.,0.,1.));
#514 = DIRECTION('',(-0.707106781187,-0.707106781187,0.));
#515 = DEFINITIONAL_REPRESENTATION('',(#516),#520);
#516 = LINE('',#517,#518);
#517 = CARTESIAN_POINT('',(7.068583470577,0.));
#518 = VECTOR('',#519,1.);
#519 = DIRECTION('',(0.,-1.));
#520 = ( GEOMETRIC_REPRESENTATION_CONTEXT(2) 
PARAMETRIC_REPRESENTATION_CONTEXT() REPRESENTATION_CONTEXT('2D SPACE',''
  ) );
#521 = ORIENTED_EDGE('',*,*,#522,.T.);
#522 = EDGE_CURVE('',#493,#523,#525,.T.);
#523 = VERTEX_POINT('',#524);
#524 = CARTESIAN_POINT('',(159.,15.,0.));
#525 = SURFACE_CURVE('',#526,(#530,#537),.PCURVE_S1.);
#526 = LINE('',#527,#528);
#527 = CARTESIAN_POINT('',(0.,15.,0.));
#528 = VECTOR('',#529,1.);
#529 = DIRECTION('',(1.,0.,0.));
#530 = PCURVE('',#94,#531);
#531 = DEFINITIONAL_REPRESENTATION('',(#532),#536);
#532 = LINE('',#533,#534);
#533 = CARTESIAN_POINT('',(30.,-84.));
#534 = VECTOR('',#535,1.);
#535 = DIRECTION('',(0.,1.));
#536 = ( GEOMETRIC_REPRESENTATION_CONTEXT(2) 
PARAMETRIC_REPRESENTATION_CONTEXT() REPRESENTATION_CONTEXT('2D SPACE',''
  ) );
#537 = PCURVE('',#329,#538);
#538 = DEFINITIONAL_REPRESENTATION('',(#539),#543);
#539 = LINE('',#540,#541);
#540 = CARTESIAN_POINT('',(0.,15.));
#541 = VECTOR('',#542,1.);
#542 = DIRECTION('',(1.,0.));
#543 = ( GEOMETRIC_REPRESENTATION_CONTEXT(2) 
PARAMETRIC_REPRESENTATION_CONTEXT() REPRESENTATION_CONTEXT('2D SPACE',''
  ) );
#544 = ORIENTED_EDGE('',*,*,#545,.F.);
#545 = EDGE_CURVE('',#546,#523,#548,.T.);
#546 = VERTEX_POINT('',#547);
#547 = CARTESIAN_POINT('',(168.,15.,-9.));
#548 = SURFACE_CURVE('',#549,(#554,#565),.PCURVE_S1.);
#549 = CIRCLE('',#550,9.);
#550 = AXIS2_PLACEMENT_3D('',#551,#552,#553);
#551 = CARTESIAN_POINT('',(159.,15.,-9.));
#552 = DIRECTION('',(0.,-1.,0.));
#553 = DIRECTION('',(0.707106781187,0.,0.707106781187));
#554 = PCURVE('',#94,#555);
#555 = DEFINITIONAL_REPRESENTATION('',(#556),#564);
#556 = ( BOUNDED_CURVE() B_SPLINE_CURVE(2,(#557,#558,#559,#560,#561,#562
,#563),.UNSPECIFIED.,.T.,.F.) B_SPLINE_CURVE_WITH_KNOTS((1,2,2,2,2,1),(
    -2.094395102393,0.,2.094395102393,4.188790204786,6.28318530718,
8.377580409573),.UNSPECIFIED.) CURVE() GEOMETRIC_REPRESENTATION_ITEM() 
RATIONAL_B_SPLINE_CURVE((1.,0.5,1.,0.5,1.,0.5,1.)) REPRESENTATION_ITEM(
  '') );
#557 = CARTESIAN_POINT('',(27.363961030679,81.363961030679));
#558 = CARTESIAN_POINT('',(38.386664873203,70.341257188155));
#559 = CARTESIAN_POINT('',(23.329371405923,66.306667563398));
#560 = CARTESIAN_POINT('',(8.272077938642,62.272077938642));
#561 = CARTESIAN_POINT('',(12.306667563398,77.329371405923));
#562 = CARTESIAN_POINT('',(16.341257188155,92.386664873203));
#563 = CARTESIAN_POINT('',(27.363961030679,81.363961030679));
#564 = ( GEOMETRIC_REPRESENTATION_CONTEXT(2) 
PARAMETRIC_REPRESENTATION_CONTEXT() REPRESENTATION_CONTEXT('2D SPACE',''
  ) );
#565 = PCURVE('',#303,#566);
#566 = DEFINITIONAL_REPRESENTATION('',(#567),#571);
#567 = LINE('',#568,#569);
#568 = CARTESIAN_POINT('',(12.566370614359,15.));
#569 = VECTOR('',#570,1.);
#570 = DIRECTION('',(-1.,0.));
#571 = ( GEOMETRIC_REPRESENTATION_CONTEXT(2) 
PARAMETRIC_REPRESENTATION_CONTEXT() REPRESENTATION_CONTEXT('2D SPACE',''
  ) );
#572 = ORIENTED_EDGE('',*,*,#573,.T.);
#573 = EDGE_CURVE('',#546,#574,#576,.T.);
#574 = VERTEX_POINT('',#575);
#575 = CARTESIAN_POINT('',(168.,15.,-51.));
#576 = SURFACE_CURVE('',#577,(#581,#588),.PCURVE_S1.);
#577 = LINE('',#578,#579);
#578 = CARTESIAN_POINT('',(168.,15.,0.));
#579 = VECTOR('',#580,1.);
#580 = DIRECTION('',(0.,0.,-1.));
#581 = PCURVE('',#94,#582);
#582 = DEFINITIONAL_REPRESENTATION('',(#583),#587);
#583 = LINE('',#584,#585);
#584 = CARTESIAN_POINT('',(30.,84.));
#585 = VECTOR('',#586,1.);
#586 = DIRECTION('',(-1.,0.));
#587 = ( GEOMETRIC_REPRESENTATION_CONTEXT(2) 
PARAMETRIC_REPRESENTATION_CONTEXT() REPRESENTATION_CONTEXT('2D SPACE',''
  ) );
#588 = PCURVE('',#274,#589);
#589 = DEFINITIONAL_REPRESENTATION('',(#590),#594);
#590 = LINE('',#591,#592);
#591 = CARTESIAN_POINT('',(0.,15.));
#592 = VECTOR('',#593,1.);
#593 = DIRECTION('',(1.,0.));
#594 = ( GEOMETRIC_REPRESENTATION_CONTEXT(2) 
PARAMETRIC_REPRESENTATION_CONTEXT() REPRESENTATION_CONTEXT('2D SPACE',''
  ) );
#595 = ORIENTED_EDGE('',*,*,#596,.F.);
#596 = EDGE_CURVE('',#597,#574,#599,.T.);
#597 = VERTEX_POINT('',#598);
#598 = CARTESIAN_POINT('',(159.,15.,-60.));
#599 = SURFACE_CURVE('',#600,(#605,#616),.PCURVE_S1.);
#600 = CIRCLE('',#601,9.);
#601 = AXIS2_PLACEMENT_3D('',#602,#603,#604);
#602 = CARTESIAN_POINT('',(159.,15.,-51.));
#603 = DIRECTION('',(0.,-1.,0.));
#604 = DIRECTION('',(0.707106781187,0.,-0.707106781187));
#605 = PCURVE('',#94,#606);
#606 = DEFINITIONAL_REPRESENTATION('',(#607),#615);
#607 = ( BOUNDED_CURVE() B_SPLINE_CURVE(2,(#608,#609,#610,#611,#612,#613
,#614),.UNSPECIFIED.,.T.,.F.) B_SPLINE_CURVE_WITH_KNOTS((1,2,2,2,2,1),(
    -2.094395102393,0.,2.094395102393,4.188790204786,6.28318530718,
8.377580409573),.UNSPECIFIED.) CURVE() GEOMETRIC_REPRESENTATION_ITEM() 
RATIONAL_B_SPLINE_CURVE((1.,0.5,1.,0.5,1.,0.5,1.)) REPRESENTATION_ITEM(
  '') );
#608 = CARTESIAN_POINT('',(-27.36396103067,81.363961030679));
#609 = CARTESIAN_POINT('',(-16.34125718815,92.386664873203));
#610 = CARTESIAN_POINT('',(-12.30666756339,77.329371405923));
#611 = CARTESIAN_POINT('',(-8.272077938642,62.272077938642));
#612 = CARTESIAN_POINT('',(-23.32937140592,66.306667563398));
#613 = CARTESIAN_POINT('',(-38.3866648732,70.341257188155));
#614 = CARTESIAN_POINT('',(-27.36396103067,81.363961030679));
#615 = ( GEOMETRIC_REPRESENTATION_CONTEXT(2) 
PARAMETRIC_REPRESENTATION_CONTEXT() REPRESENTATION_CONTEXT('2D SPACE',''
  ) );
#616 = PCURVE('',#246,#617);
#617 = DEFINITIONAL_REPRESENTATION('',(#618),#622);
#618 = LINE('',#619,#620);
#619 = CARTESIAN_POINT('',(6.28318530718,15.));
#620 = VECTOR('',#621,1.);
#621 = DIRECTION('',(-1.,0.));
#622 = ( GEOMETRIC_REPRESENTATION_CONTEXT(2) 
PARAMETRIC_REPRESENTATION_CONTEXT() REPRESENTATION_CONTEXT('2D SPACE',''
  ) );
#623 = ORIENTED_EDGE('',*,*,#624,.T.);
#624 = EDGE_CURVE('',#597,#625,#627,.T.);
#625 = VERTEX_POINT('',#626);
#626 = CARTESIAN_POINT('',(9.,15.,-60.));
#627 = SURFACE_CURVE('',#628,(#632,#639),.PCURVE_S1.);
#628 = LINE('',#629,#630);
#629 = CARTESIAN_POINT('',(168.,15.,-60.));
#630 = VECTOR('',#631,1.);
#631 = DIRECTION('',(-1.,0.,0.));
#632 = PCURVE('',#94,#633);
#633 = DEFINITIONAL_REPRESENTATION('',(#634),#638);
#634 = LINE('',#635,#636);
#635 = CARTESIAN_POINT('',(-30.,84.));
#636 = VECTOR('',#637,1.);
#637 = DIRECTION('',(0.,-1.));
#638 = ( GEOMETRIC_REPRESENTATION_CONTEXT(2) 
PARAMETRIC_REPRESENTATION_CONTEXT() REPRESENTATION_CONTEXT('2D SPACE',''
  ) );
#639 = PCURVE('',#217,#640);
#640 = DEFINITIONAL_REPRESENTATION('',(#641),#645);
#641 = LINE('',#642,#643);
#642 = CARTESIAN_POINT('',(0.,15.));
#643 = VECTOR('',#644,1.);
#644 = DIRECTION('',(1.,0.));
#645 = ( GEOMETRIC_REPRESENTATION_CONTEXT(2) 
PARAMETRIC_REPRESENTATION_CONTEXT() REPRESENTATION_CONTEXT('2D SPACE',''
  ) );
#646 = ORIENTED_EDGE('',*,*,#647,.F.);
#647 = EDGE_CURVE('',#648,#625,#650,.T.);
#648 = VERTEX_POINT('',#649);
#649 = CARTESIAN_POINT('',(0.,15.,-51.));
#650 = SURFACE_CURVE('',#651,(#656,#667),.PCURVE_S1.);
#651 = CIRCLE('',#652,9.);
#652 = AXIS2_PLACEMENT_3D('',#653,#654,#655);
#653 = CARTESIAN_POINT('',(9.,15.,-51.));
#654 = DIRECTION('',(0.,-1.,0.));
#655 = DIRECTION('',(-0.707106781187,-0.,-0.707106781187));
#656 = PCURVE('',#94,#657);
#657 = DEFINITIONAL_REPRESENTATION('',(#658),#666);
#658 = ( BOUNDED_CURVE() B_SPLINE_CURVE(2,(#659,#660,#661,#662,#663,#664
,#665),.UNSPECIFIED.,.T.,.F.) B_SPLINE_CURVE_WITH_KNOTS((1,2,2,2,2,1),(
    -2.094395102393,0.,2.094395102393,4.188790204786,6.28318530718,
8.377580409573),.UNSPECIFIED.) CURVE() GEOMETRIC_REPRESENTATION_ITEM() 
RATIONAL_B_SPLINE_CURVE((1.,0.5,1.,0.5,1.,0.5,1.)) REPRESENTATION_ITEM(
  '') );
#659 = CARTESIAN_POINT('',(-27.36396103067,-81.36396103067));
#660 = CARTESIAN_POINT('',(-38.3866648732,-70.34125718815));
#661 = CARTESIAN_POINT('',(-23.32937140592,-66.30666756339));
#662 = CARTESIAN_POINT('',(-8.272077938642,-62.27207793864));
#663 = CARTESIAN_POINT('',(-12.30666756339,-77.32937140592));
#664 = CARTESIAN_POINT('',(-16.34125718815,-92.3866648732));
#665 = CARTESIAN_POINT('',(-27.36396103067,-81.36396103067));
#666 = ( GEOMETRIC_REPRESENTATION_CONTEXT(2) 
PARAMETRIC_REPRESENTATION_CONTEXT() REPRESENTATION_CONTEXT('2D SPACE',''
  ) );
#667 = PCURVE('',#189,#668);
#668 = DEFINITIONAL_REPRESENTATION('',(#669),#673);
#669 = LINE('',#670,#671);
#670 = CARTESIAN_POINT('',(6.28318530718,15.));
#671 = VECTOR('',#672,1.);
#672 = DIRECTION('',(-1.,0.));
#673 = ( GEOMETRIC_REPRESENTATION_CONTEXT(2) 
PARAMETRIC_REPRESENTATION_CONTEXT() REPRESENTATION_CONTEXT('2D SPACE',''
  ) );
#674 = ORIENTED_EDGE('',*,*,#675,.T.);
#675 = EDGE_CURVE('',#648,#676,#678,.T.);
#676 = VERTEX_POINT('',#677);
#677 = CARTESIAN_POINT('',(0.,15.,-9.));
#678 = SURFACE_CURVE('',#679,(#683,#690),.PCURVE_S1.);
#679 = LINE('',#680,#681);
#680 = CARTESIAN_POINT('',(0.,15.,-60.));
#681 = VECTOR('',#682,1.);
#682 = DIRECTION('',(0.,0.,1.));
#683 = PCURVE('',#94,#684);
#684 = DEFINITIONAL_REPRESENTATION('',(#685),#689);
#685 = LINE('',#686,#687);
#686 = CARTESIAN_POINT('',(-30.,-84.));
#687 = VECTOR('',#688,1.);
#688 = DIRECTION('',(1.,0.));
#689 = ( GEOMETRIC_REPRESENTATION_CONTEXT(2) 
PARAMETRIC_REPRESENTATION_CONTEXT() REPRESENTATION_CONTEXT('2D SPACE',''
  ) );
#690 = PCURVE('',#160,#691);
#691 = DEFINITIONAL_REPRESENTATION('',(#692),#696);
#692 = LINE('',#693,#694);
#693 = CARTESIAN_POINT('',(0.,15.));
#694 = VECTOR('',#695,1.);
#695 = DIRECTION('',(1.,0.));
#696 = ( GEOMETRIC_REPRESENTATION_CONTEXT(2) 
PARAMETRIC_REPRESENTATION_CONTEXT() REPRESENTATION_CONTEXT('2D SPACE',''
  ) );
#697 = ORIENTED_EDGE('',*,*,#698,.F.);
#698 = EDGE_CURVE('',#699,#676,#701,.T.);
#699 = VERTEX_POINT('',#700);
#700 = CARTESIAN_POINT('',(9.,15.,0.));
#701 = SURFACE_CURVE('',#702,(#707,#718),.PCURVE_S1.);
#702 = CIRCLE('',#703,9.);
#703 = AXIS2_PLACEMENT_3D('',#704,#705,#706);
#704 = CARTESIAN_POINT('',(9.,15.,-9.));
#705 = DIRECTION('',(0.,-1.,0.));
#706 = DIRECTION('',(-0.707106781187,0.,0.707106781187));
#707 = PCURVE('',#94,#708);
#708 = DEFINITIONAL_REPRESENTATION('',(#709),#717);
#709 = ( BOUNDED_CURVE() B_SPLINE_CURVE(2,(#710,#711,#712,#713,#714,#715
,#716),.UNSPECIFIED.,.T.,.F.) B_SPLINE_CURVE_WITH_KNOTS((1,2,2,2,2,1),(
    -2.094395102393,0.,2.094395102393,4.188790204786,6.28318530718,
8.377580409573),.UNSPECIFIED.) CURVE() GEOMETRIC_REPRESENTATION_ITEM() 
RATIONAL_B_SPLINE_CURVE((1.,0.5,1.,0.5,1.,0.5,1.)) REPRESENTATION_ITEM(
  '') );
#710 = CARTESIAN_POINT('',(27.363961030679,-81.36396103067));
#711 = CARTESIAN_POINT('',(16.341257188155,-92.3866648732));
#712 = CARTESIAN_POINT('',(12.306667563398,-77.32937140592));
#713 = CARTESIAN_POINT('',(8.272077938642,-62.27207793864));
#714 = CARTESIAN_POINT('',(23.329371405923,-66.30666756339));
#715 = CARTESIAN_POINT('',(38.386664873203,-70.34125718815));
#716 = CARTESIAN_POINT('',(27.363961030679,-81.36396103067));
#717 = ( GEOMETRIC_REPRESENTATION_CONTEXT(2) 
PARAMETRIC_REPRESENTATION_CONTEXT() REPRESENTATION_CONTEXT('2D SPACE',''
  ) );
#718 = PCURVE('',#132,#719);
#719 = DEFINITIONAL_REPRESENTATION('',(#720),#724);
#720 = LINE('',#721,#722);
#721 = CARTESIAN_POINT('',(6.28318530718,15.));
#722 = VECTOR('',#723,1.);
#723 = DIRECTION('',(-1.,0.));
#724 = ( GEOMETRIC_REPRESENTATION_CONTEXT(2) 
PARAMETRIC_REPRESENTATION_CONTEXT() REPRESENTATION_CONTEXT('2D SPACE',''
  ) );
#725 = ORIENTED_EDGE('',*,*,#726,.T.);
#726 = EDGE_CURVE('',#699,#727,#729,.T.);
#727 = VERTEX_POINT('',#728);
#728 = CARTESIAN_POINT('',(28.5,15.,0.));
#729 = SURFACE_CURVE('',#730,(#734,#741),.PCURVE_S1.);
#730 = LINE('',#731,#732);
#731 = CARTESIAN_POINT('',(0.,15.,0.));
#732 = VECTOR('',#733,1.);
#733 = DIRECTION('',(1.,0.,0.));
#734 = PCURVE('',#94,#735);
#735 = DEFINITIONAL_REPRESENTATION('',(#736),#740);
#736 = LINE('',#737,#738);
#737 = CARTESIAN_POINT('',(30.,-84.));
#738 = VECTOR('',#739,1.);
#739 = DIRECTION('',(0.,1.));
#740 = ( GEOMETRIC_REPRESENTATION_CONTEXT(2) 
PARAMETRIC_REPRESENTATION_CONTEXT() REPRESENTATION_CONTEXT('2D SPACE',''
  ) );
#741 = PCURVE('',#329,#742);
#742 = DEFINITIONAL_REPRESENTATION('',(#743),#747);
#743 = LINE('',#744,#745);
#744 = CARTESIAN_POINT('',(0.,15.));
#745 = VECTOR('',#746,1.);
#746 = DIRECTION('',(1.,0.));
#747 = ( GEOMETRIC_REPRESENTATION_CONTEXT(2) 
PARAMETRIC_REPRESENTATION_CONTEXT() REPRESENTATION_CONTEXT('2D SPACE',''
  ) );
#748 = ORIENTED_EDGE('',*,*,#749,.F.);
#749 = EDGE_CURVE('',#750,#727,#752,.T.);
#750 = VERTEX_POINT('',#751);
#751 = CARTESIAN_POINT('',(28.5,15.,-42.));
#752 = SURFACE_CURVE('',#753,(#757,#764),.PCURVE_S1.);
#753 = LINE('',#754,#755);
#754 = CARTESIAN_POINT('',(28.5,15.,-36.));
#755 = VECTOR('',#756,1.);
#756 = DIRECTION('',(-1.057355261548E-16,0.,1.));
#757 = PCURVE('',#94,#758);
#758 = DEFINITIONAL_REPRESENTATION('',(#759),#763);
#759 = LINE('',#760,#761);
#760 = CARTESIAN_POINT('',(-6.,-55.5));
#761 = VECTOR('',#762,1.);
#762 = DIRECTION('',(1.,-1.057355261548E-16));
#763 = ( GEOMETRIC_REPRESENTATION_CONTEXT(2) 
PARAMETRIC_REPRESENTATION_CONTEXT() REPRESENTATION_CONTEXT('2D SPACE',''
  ) );
#764 = PCURVE('',#765,#770);
#765 = CYLINDRICAL_SURFACE('',#766,9.);
#766 = AXIS2_PLACEMENT_3D('',#767,#768,#769);
#767 = CARTESIAN_POINT('',(28.5,24.,-36.));
#768 = DIRECTION('',(1.057355261548E-16,0.,-1.));
#769 = DIRECTION('',(0.707106781187,-0.707106781187,7.476630755639E-17)
  );
#770 = DEFINITIONAL_REPRESENTATION('',(#771),#775);
#771 = LINE('',#772,#773);
#772 = CARTESIAN_POINT('',(7.068583470577,0.));
#773 = VECTOR('',#774,1.);
#774 = DIRECTION('',(0.,-1.));
#775 = ( GEOMETRIC_REPRESENTATION_CONTEXT(2) 
PARAMETRIC_REPRESENTATION_CONTEXT() REPRESENTATION_CONTEXT('2D SPACE',''
  ) );
#776 = ORIENTED_EDGE('',*,*,#777,.T.);
#777 = EDGE_CURVE('',#750,#495,#778,.T.);
#778 = SURFACE_CURVE('',#779,(#783,#790),.PCURVE_S1.);
#779 = LINE('',#780,#781);
#780 = CARTESIAN_POINT('',(107.25,15.,-42.));
#781 = VECTOR('',#782,1.);
#782 = DIRECTION('',(1.,0.,0.));
#783 = PCURVE('',#94,#784);
#784 = DEFINITIONAL_REPRESENTATION('',(#785),#789);
#785 = LINE('',#786,#787);
#786 = CARTESIAN_POINT('',(-12.,23.25));
#787 = VECTOR('',#788,1.);
#788 = DIRECTION('',(0.,1.));
#789 = ( GEOMETRIC_REPRESENTATION_CONTEXT(2) 
PARAMETRIC_REPRESENTATION_CONTEXT() REPRESENTATION_CONTEXT('2D SPACE',''
  ) );
#790 = PCURVE('',#791,#796);
#791 = PLANE('',#792);
#792 = AXIS2_PLACEMENT_3D('',#793,#794,#795);
#793 = CARTESIAN_POINT('',(130.5,15.,-42.));
#794 = DIRECTION('',(0.,0.,-1.));
#795 = DIRECTION('',(-1.,0.,0.));
#796 = DEFINITIONAL_REPRESENTATION('',(#797),#801);
#797 = LINE('',#798,#799);
#798 = CARTESIAN_POINT('',(23.25,0.));
#799 = VECTOR('',#800,1.);
#800 = DIRECTION('',(-1.,0.));
#801 = ( GEOMETRIC_REPRESENTATION_CONTEXT(2) 
PARAMETRIC_REPRESENTATION_CONTEXT() REPRESENTATION_CONTEXT('2D SPACE',''
  ) );
#802 = FACE_BOUND('',#803,.T.);
#803 = EDGE_LOOP('',(#804));
#804 = ORIENTED_EDGE('',*,*,#79,.T.);
#805 = FACE_BOUND('',#806,.T.);
#806 = EDGE_LOOP('',(#807));
#807 = ORIENTED_EDGE('',*,*,#808,.T.);
#808 = EDGE_CURVE('',#809,#809,#811,.T.);
#809 = VERTEX_POINT('',#810);
#810 = CARTESIAN_POINT('',(22.5,15.,-30.));
#811 = SURFACE_CURVE('',#812,(#817,#828),.PCURVE_S1.);
#812 = CIRCLE('',#813,7.5);
#813 = AXIS2_PLACEMENT_3D('',#814,#815,#816);
#814 = CARTESIAN_POINT('',(15.,15.,-30.));
#815 = DIRECTION('',(0.,-1.,0.));
#816 = DIRECTION('',(-1.,0.,0.));
#817 = PCURVE('',#94,#818);
#818 = DEFINITIONAL_REPRESENTATION('',(#819),#827);
#819 = ( BOUNDED_CURVE() B_SPLINE_CURVE(2,(#820,#821,#822,#823,#824,#825
,#826),.UNSPECIFIED.,.T.,.F.) B_SPLINE_CURVE_WITH_KNOTS((1,2,2,2,2,1),(
    -2.094395102393,0.,2.094395102393,4.188790204786,6.28318530718,
8.377580409573),.UNSPECIFIED.) CURVE() GEOMETRIC_REPRESENTATION_ITEM() 
RATIONAL_B_SPLINE_CURVE((1.,0.5,1.,0.5,1.,0.5,1.)) REPRESENTATION_ITEM(
  '') );
#820 = CARTESIAN_POINT('',(0.,-76.5));
#821 = CARTESIAN_POINT('',(-12.99038105676,-76.5));
#822 = CARTESIAN_POINT('',(-6.495190528383,-65.25));
#823 = CARTESIAN_POINT('',(-1.836970198721E-15,-54.));
#824 = CARTESIAN_POINT('',(6.495190528383,-65.25));
#825 = CARTESIAN_POINT('',(12.990381056767,-76.5));
#826 = CARTESIAN_POINT('',(0.,-76.5));
#827 = ( GEOMETRIC_REPRESENTATION_CONTEXT(2) 
PARAMETRIC_REPRESENTATION_CONTEXT() REPRESENTATION_CONTEXT('2D SPACE',''
  ) );
#828 = PCURVE('',#363,#829);
#829 = DEFINITIONAL_REPRESENTATION('',(#830),#834);
#830 = LINE('',#831,#832);
#831 = CARTESIAN_POINT('',(0.,0.));
#832 = VECTOR('',#833,1.);
#833 = DIRECTION('',(1.,0.));
#834 = ( GEOMETRIC_REPRESENTATION_CONTEXT(2) 
PARAMETRIC_REPRESENTATION_CONTEXT() REPRESENTATION_CONTEXT('2D SPACE',''
  ) );
#835 = ADVANCED_FACE('',(#836),#132,.T.);
#836 = FACE_BOUND('',#837,.T.);
#837 = EDGE_LOOP('',(#838,#839,#860,#861));
#838 = ORIENTED_EDGE('',*,*,#698,.T.);
#839 = ORIENTED_EDGE('',*,*,#840,.T.);
#840 = EDGE_CURVE('',#676,#114,#841,.T.);
#841 = SURFACE_CURVE('',#842,(#846,#853),.PCURVE_S1.);
#842 = LINE('',#843,#844);
#843 = CARTESIAN_POINT('',(0.,0.,-9.));
#844 = VECTOR('',#845,1.);
#845 = DIRECTION('',(0.,-1.,0.));
#846 = PCURVE('',#132,#847);
#847 = DEFINITIONAL_REPRESENTATION('',(#848),#852);
#848 = LINE('',#849,#850);
#849 = CARTESIAN_POINT('',(-0.785398163397,0.));
#850 = VECTOR('',#851,1.);
#851 = DIRECTION('',(0.,-1.));
#852 = ( GEOMETRIC_REPRESENTATION_CONTEXT(2) 
PARAMETRIC_REPRESENTATION_CONTEXT() REPRESENTATION_CONTEXT('2D SPACE',''
  ) );
#853 = PCURVE('',#160,#854);
#854 = DEFINITIONAL_REPRESENTATION('',(#855),#859);
#855 = LINE('',#856,#857);
#856 = CARTESIAN_POINT('',(51.,0.));
#857 = VECTOR('',#858,1.);
#858 = DIRECTION('',(0.,-1.));
#859 = ( GEOMETRIC_REPRESENTATION_CONTEXT(2) 
PARAMETRIC_REPRESENTATION_CONTEXT() REPRESENTATION_CONTEXT('2D SPACE',''
  ) );
#860 = ORIENTED_EDGE('',*,*,#113,.T.);
#861 = ORIENTED_EDGE('',*,*,#862,.T.);
#862 = EDGE_CURVE('',#116,#699,#863,.T.);
#863 = SURFACE_CURVE('',#864,(#868,#875),.PCURVE_S1.);
#864 = LINE('',#865,#866);
#865 = CARTESIAN_POINT('',(9.,0.,0.));
#866 = VECTOR('',#867,1.);
#867 = DIRECTION('',(0.,1.,0.));
#868 = PCURVE('',#132,#869);
#869 = DEFINITIONAL_REPRESENTATION('',(#870),#874);
#870 = LINE('',#871,#872);
#871 = CARTESIAN_POINT('',(0.785398163397,0.));
#872 = VECTOR('',#873,1.);
#873 = DIRECTION('',(0.,1.));
#874 = ( GEOMETRIC_REPRESENTATION_CONTEXT(2) 
PARAMETRIC_REPRESENTATION_CONTEXT() REPRESENTATION_CONTEXT('2D SPACE',''
  ) );
#875 = PCURVE('',#329,#876);
#876 = DEFINITIONAL_REPRESENTATION('',(#877),#881);
#877 = LINE('',#878,#879);
#878 = CARTESIAN_POINT('',(9.,0.));
#879 = VECTOR('',#880,1.);
#880 = DIRECTION('',(0.,1.));
#881 = ( GEOMETRIC_REPRESENTATION_CONTEXT(2) 
PARAMETRIC_REPRESENTATION_CONTEXT() REPRESENTATION_CONTEXT('2D SPACE',''
  ) );
#882 = ADVANCED_FACE('',(#883),#160,.T.);
#883 = FACE_BOUND('',#884,.T.);
#884 = EDGE_LOOP('',(#885,#886,#887,#908));
#885 = ORIENTED_EDGE('',*,*,#840,.F.);
#886 = ORIENTED_EDGE('',*,*,#675,.F.);
#887 = ORIENTED_EDGE('',*,*,#888,.F.);
#888 = EDGE_CURVE('',#145,#648,#889,.T.);
#889 = SURFACE_CURVE('',#890,(#894,#901),.PCURVE_S1.);
#890 = LINE('',#891,#892);
#891 = CARTESIAN_POINT('',(0.,0.,-51.));
#892 = VECTOR('',#893,1.);
#893 = DIRECTION('',(0.,1.,0.));
#894 = PCURVE('',#160,#895);
#895 = DEFINITIONAL_REPRESENTATION('',(#896),#900);
#896 = LINE('',#897,#898);
#897 = CARTESIAN_POINT('',(9.,0.));
#898 = VECTOR('',#899,1.);
#899 = DIRECTION('',(0.,1.));
#900 = ( GEOMETRIC_REPRESENTATION_CONTEXT(2) 
PARAMETRIC_REPRESENTATION_CONTEXT() REPRESENTATION_CONTEXT('2D SPACE',''
  ) );
#901 = PCURVE('',#189,#902);
#902 = DEFINITIONAL_REPRESENTATION('',(#903),#907);
#903 = LINE('',#904,#905);
#904 = CARTESIAN_POINT('',(0.785398163397,0.));
#905 = VECTOR('',#906,1.);
#906 = DIRECTION('',(0.,1.));
#907 = ( GEOMETRIC_REPRESENTATION_CONTEXT(2) 
PARAMETRIC_REPRESENTATION_CONTEXT() REPRESENTATION_CONTEXT('2D SPACE',''
  ) );
#908 = ORIENTED_EDGE('',*,*,#144,.T.);
#909 = ADVANCED_FACE('',(#910),#189,.T.);
#910 = FACE_BOUND('',#911,.T.);
#911 = EDGE_LOOP('',(#912,#913,#934,#935));
#912 = ORIENTED_EDGE('',*,*,#647,.T.);
#913 = ORIENTED_EDGE('',*,*,#914,.T.);
#914 = EDGE_CURVE('',#625,#173,#915,.T.);
#915 = SURFACE_CURVE('',#916,(#920,#927),.PCURVE_S1.);
#916 = LINE('',#917,#918);
#917 = CARTESIAN_POINT('',(9.,0.,-60.));
#918 = VECTOR('',#919,1.);
#919 = DIRECTION('',(0.,-1.,0.));
#920 = PCURVE('',#189,#921);
#921 = DEFINITIONAL_REPRESENTATION('',(#922),#926);
#922 = LINE('',#923,#924);
#923 = CARTESIAN_POINT('',(-0.785398163397,0.));
#924 = VECTOR('',#925,1.);
#925 = DIRECTION('',(0.,-1.));
#926 = ( GEOMETRIC_REPRESENTATION_CONTEXT(2) 
PARAMETRIC_REPRESENTATION_CONTEXT() REPRESENTATION_CONTEXT('2D SPACE',''
  ) );
#927 = PCURVE('',#217,#928);
#928 = DEFINITIONAL_REPRESENTATION('',(#929),#933);
#929 = LINE('',#930,#931);
#930 = CARTESIAN_POINT('',(159.,0.));
#931 = VECTOR('',#932,1.);
#932 = DIRECTION('',(0.,-1.));
#933 = ( GEOMETRIC_REPRESENTATION_CONTEXT(2) 
PARAMETRIC_REPRESENTATION_CONTEXT() REPRESENTATION_CONTEXT('2D SPACE',''
  ) );
#934 = ORIENTED_EDGE('',*,*,#172,.T.);
#935 = ORIENTED_EDGE('',*,*,#888,.T.);
#936 = ADVANCED_FACE('',(#937),#217,.T.);
#937 = FACE_BOUND('',#938,.T.);
#938 = EDGE_LOOP('',(#939,#940,#941,#962));
#939 = ORIENTED_EDGE('',*,*,#914,.F.);
#940 = ORIENTED_EDGE('',*,*,#624,.F.);
#941 = ORIENTED_EDGE('',*,*,#942,.F.);
#942 = EDGE_CURVE('',#202,#597,#943,.T.);
#943 = SURFACE_CURVE('',#944,(#948,#955),.PCURVE_S1.);
#944 = LINE('',#945,#946);
#945 = CARTESIAN_POINT('',(159.,0.,-60.));
#946 = VECTOR('',#947,1.);
#947 = DIRECTION('',(0.,1.,0.));
#948 = PCURVE('',#217,#949);
#949 = DEFINITIONAL_REPRESENTATION('',(#950),#954);
#950 = LINE('',#951,#952);
#951 = CARTESIAN_POINT('',(9.,0.));
#952 = VECTOR('',#953,1.);
#953 = DIRECTION('',(0.,1.));
#954 = ( GEOMETRIC_REPRESENTATION_CONTEXT(2) 
PARAMETRIC_REPRESENTATION_CONTEXT() REPRESENTATION_CONTEXT('2D SPACE',''
  ) );
#955 = PCURVE('',#246,#956);
#956 = DEFINITIONAL_REPRESENTATION('',(#957),#961);
#957 = LINE('',#958,#959);
#958 = CARTESIAN_POINT('',(0.785398163397,0.));
#959 = VECTOR('',#960,1.);
#960 = DIRECTION('',(0.,1.));
#961 = ( GEOMETRIC_REPRESENTATION_CONTEXT(2) 
PARAMETRIC_REPRESENTATION_CONTEXT() REPRESENTATION_CONTEXT('2D SPACE',''
  ) );
#962 = ORIENTED_EDGE('',*,*,#201,.T.);
#963 = ADVANCED_FACE('',(#964),#246,.T.);
#964 = FACE_BOUND('',#965,.T.);
#965 = EDGE_LOOP('',(#966,#967,#988,#989));
#966 = ORIENTED_EDGE('',*,*,#596,.T.);
#967 = ORIENTED_EDGE('',*,*,#968,.T.);
#968 = EDGE_CURVE('',#574,#230,#969,.T.);
#969 = SURFACE_CURVE('',#970,(#974,#981),.PCURVE_S1.);
#970 = LINE('',#971,#972);
#971 = CARTESIAN_POINT('',(168.,0.,-51.));
#972 = VECTOR('',#973,1.);
#973 = DIRECTION('',(0.,-1.,0.));
#974 = PCURVE('',#246,#975);
#975 = DEFINITIONAL_REPRESENTATION('',(#976),#980);
#976 = LINE('',#977,#978);
#977 = CARTESIAN_POINT('',(-0.785398163397,0.));
#978 = VECTOR('',#979,1.);
#979 = DIRECTION('',(0.,-1.));
#980 = ( GEOMETRIC_REPRESENTATION_CONTEXT(2) 
PARAMETRIC_REPRESENTATION_CONTEXT() REPRESENTATION_CONTEXT('2D SPACE',''
  ) );
#981 = PCURVE('',#274,#982);
#982 = DEFINITIONAL_REPRESENTATION('',(#983),#987);
#983 = LINE('',#984,#985);
#984 = CARTESIAN_POINT('',(51.,0.));
#985 = VECTOR('',#986,1.);
#986 = DIRECTION('',(0.,-1.));
#987 = ( GEOMETRIC_REPRESENTATION_CONTEXT(2) 
PARAMETRIC_REPRESENTATION_CONTEXT() REPRESENTATION_CONTEXT('2D SPACE',''
  ) );
#988 = ORIENTED_EDGE('',*,*,#229,.T.);
#989 = ORIENTED_EDGE('',*,*,#942,.T.);
#990 = ADVANCED_FACE('',(#991),#274,.T.);
#991 = FACE_BOUND('',#992,.T.);
#992 = EDGE_LOOP('',(#993,#994,#995,#1016));
#993 = ORIENTED_EDGE('',*,*,#968,.F.);
#994 = ORIENTED_EDGE('',*,*,#573,.F.);
#995 = ORIENTED_EDGE('',*,*,#996,.F.);
#996 = EDGE_CURVE('',#259,#546,#997,.T.);
#997 = SURFACE_CURVE('',#998,(#1002,#1009),.PCURVE_S1.);
#998 = LINE('',#999,#1000);
#999 = CARTESIAN_POINT('',(168.,0.,-9.));
#1000 = VECTOR('',#1001,1.);
#1001 = DIRECTION('',(0.,1.,0.));
#1002 = PCURVE('',#274,#1003);
#1003 = DEFINITIONAL_REPRESENTATION('',(#1004),#1008);
#1004 = LINE('',#1005,#1006);
#1005 = CARTESIAN_POINT('',(9.,0.));
#1006 = VECTOR('',#1007,1.);
#1007 = DIRECTION('',(0.,1.));
#1008 = ( GEOMETRIC_REPRESENTATION_CONTEXT(2) 
PARAMETRIC_REPRESENTATION_CONTEXT() REPRESENTATION_CONTEXT('2D SPACE',''
  ) );
#1009 = PCURVE('',#303,#1010);
#1010 = DEFINITIONAL_REPRESENTATION('',(#1011),#1015);
#1011 = LINE('',#1012,#1013);
#1012 = CARTESIAN_POINT('',(7.068583470577,0.));
#1013 = VECTOR('',#1014,1.);
#1014 = DIRECTION('',(0.,1.));
#1015 = ( GEOMETRIC_REPRESENTATION_CONTEXT(2) 
PARAMETRIC_REPRESENTATION_CONTEXT() REPRESENTATION_CONTEXT('2D SPACE',''
  ) );
#1016 = ORIENTED_EDGE('',*,*,#258,.T.);
#1017 = ADVANCED_FACE('',(#1018),#303,.T.);
#1018 = FACE_BOUND('',#1019,.T.);
#1019 = EDGE_LOOP('',(#1020,#1021,#1042,#1043));
#1020 = ORIENTED_EDGE('',*,*,#545,.T.);
#1021 = ORIENTED_EDGE('',*,*,#1022,.T.);
#1022 = EDGE_CURVE('',#523,#287,#1023,.T.);
#1023 = SURFACE_CURVE('',#1024,(#1028,#1035),.PCURVE_S1.);
#1024 = LINE('',#1025,#1026);
#1025 = CARTESIAN_POINT('',(159.,0.,0.));
#1026 = VECTOR('',#1027,1.);
#1027 = DIRECTION('',(0.,-1.,0.));
#1028 = PCURVE('',#303,#1029);
#1029 = DEFINITIONAL_REPRESENTATION('',(#1030),#1034);
#1030 = LINE('',#1031,#1032);
#1031 = CARTESIAN_POINT('',(5.497787143782,0.));
#1032 = VECTOR('',#1033,1.);
#1033 = DIRECTION('',(0.,-1.));
#1034 = ( GEOMETRIC_REPRESENTATION_CONTEXT(2) 
PARAMETRIC_REPRESENTATION_CONTEXT() REPRESENTATION_CONTEXT('2D SPACE',''
  ) );
#1035 = PCURVE('',#329,#1036);
#1036 = DEFINITIONAL_REPRESENTATION('',(#1037),#1041);
#1037 = LINE('',#1038,#1039);
#1038 = CARTESIAN_POINT('',(159.,0.));
#1039 = VECTOR('',#1040,1.);
#1040 = DIRECTION('',(0.,-1.));
#1041 = ( GEOMETRIC_REPRESENTATION_CONTEXT(2) 
PARAMETRIC_REPRESENTATION_CONTEXT() REPRESENTATION_CONTEXT('2D SPACE',''
  ) );
#1042 = ORIENTED_EDGE('',*,*,#286,.T.);
#1043 = ORIENTED_EDGE('',*,*,#996,.T.);
#1044 = ADVANCED_FACE('',(#1045,#1528,#1652),#329,.T.);
#1045 = FACE_BOUND('',#1046,.T.);
#1046 = EDGE_LOOP('',(#1047,#1077,#1105,#1134,#1162,#1191,#1220,#1248,
    #1277,#1305,#1333,#1361,#1383,#1384,#1385,#1386,#1387,#1388,#1412,
    #1440,#1469,#1502));
#1047 = ORIENTED_EDGE('',*,*,#1048,.F.);
#1048 = EDGE_CURVE('',#1049,#1051,#1053,.T.);
#1049 = VERTEX_POINT('',#1050);
#1050 = CARTESIAN_POINT('',(37.5,156.,0.));
#1051 = VERTEX_POINT('',#1052);
#1052 = CARTESIAN_POINT('',(97.5,156.,0.));
#1053 = SURFACE_CURVE('',#1054,(#1058,#1065),.PCURVE_S1.);
#1054 = LINE('',#1055,#1056);
#1055 = CARTESIAN_POINT('',(33.75,156.,0.));
#1056 = VECTOR('',#1057,1.);
#1057 = DIRECTION('',(1.,0.,0.));
#1058 = PCURVE('',#329,#1059);
#1059 = DEFINITIONAL_REPRESENTATION('',(#1060),#1064);
#1060 = LINE('',#1061,#1062);
#1061 = CARTESIAN_POINT('',(33.75,156.));
#1062 = VECTOR('',#1063,1.);
#1063 = DIRECTION('',(1.,0.));
#1064 = ( GEOMETRIC_REPRESENTATION_CONTEXT(2) 
PARAMETRIC_REPRESENTATION_CONTEXT() REPRESENTATION_CONTEXT('2D SPACE',''
  ) );
#1065 = PCURVE('',#1066,#1071);
#1066 = CYLINDRICAL_SURFACE('',#1067,6.);
#1067 = AXIS2_PLACEMENT_3D('',#1068,#1069,#1070);
#1068 = CARTESIAN_POINT('',(33.75,156.,-6.));
#1069 = DIRECTION('',(1.,0.,0.));
#1070 = DIRECTION('',(-0.,0.707106781187,0.707106781187));
#1071 = DEFINITIONAL_REPRESENTATION('',(#1072),#1076);
#1072 = LINE('',#1073,#1074);
#1073 = CARTESIAN_POINT('',(7.068583470577,0.));
#1074 = VECTOR('',#1075,1.);
#1075 = DIRECTION('',(0.,1.));
#1076 = ( GEOMETRIC_REPRESENTATION_CONTEXT(2) 
PARAMETRIC_REPRESENTATION_CONTEXT() REPRESENTATION_CONTEXT('2D SPACE',''
  ) );
#1077 = ORIENTED_EDGE('',*,*,#1078,.F.);
#1078 = EDGE_CURVE('',#1079,#1049,#1081,.T.);
#1079 = VERTEX_POINT('',#1080);
#1080 = CARTESIAN_POINT('',(37.49999833703,92.996133808522,0.));
#1081 = SURFACE_CURVE('',#1082,(#1086,#1093),.PCURVE_S1.);
#1082 = LINE('',#1083,#1084);
#1083 = CARTESIAN_POINT('',(37.5,15.,0.));
#1084 = VECTOR('',#1085,1.);
#1085 = DIRECTION('',(0.,1.,0.));
#1086 = PCURVE('',#329,#1087);
#1087 = DEFINITIONAL_REPRESENTATION('',(#1088),#1092);
#1088 = LINE('',#1089,#1090);
#1089 = CARTESIAN_POINT('',(37.5,15.));
#1090 = VECTOR('',#1091,1.);
#1091 = DIRECTION('',(0.,1.));
#1092 = ( GEOMETRIC_REPRESENTATION_CONTEXT(2) 
PARAMETRIC_REPRESENTATION_CONTEXT() REPRESENTATION_CONTEXT('2D SPACE',''
  ) );
#1093 = PCURVE('',#1094,#1099);
#1094 = PLANE('',#1095);
#1095 = AXIS2_PLACEMENT_3D('',#1096,#1097,#1098);
#1096 = CARTESIAN_POINT('',(37.5,15.,-42.));
#1097 = DIRECTION('',(-1.,0.,-1.057355261548E-16));
#1098 = DIRECTION('',(-1.057355261548E-16,0.,1.));
#1099 = DEFINITIONAL_REPRESENTATION('',(#1100),#1104);
#1100 = LINE('',#1101,#1102);
#1101 = CARTESIAN_POINT('',(42.,0.));
#1102 = VECTOR('',#1103,1.);
#1103 = DIRECTION('',(0.,1.));
#1104 = ( GEOMETRIC_REPRESENTATION_CONTEXT(2) 
PARAMETRIC_REPRESENTATION_CONTEXT() REPRESENTATION_CONTEXT('2D SPACE',''
  ) );
#1105 = ORIENTED_EDGE('',*,*,#1106,.T.);
#1106 = EDGE_CURVE('',#1079,#1107,#1109,.T.);
#1107 = VERTEX_POINT('',#1108);
#1108 = CARTESIAN_POINT('',(46.5,84.,0.));
#1109 = SURFACE_CURVE('',#1110,(#1115,#1122),.PCURVE_S1.);
#1110 = CIRCLE('',#1111,9.000002494454);
#1111 = AXIS2_PLACEMENT_3D('',#1112,#1113,#1114);
#1112 = CARTESIAN_POINT('',(46.5,93.000002494454,0.));
#1113 = DIRECTION('',(0.,0.,1.));
#1114 = DIRECTION('',(-0.999999722838,7.445287257619E-04,0.));
#1115 = PCURVE('',#329,#1116);
#1116 = DEFINITIONAL_REPRESENTATION('',(#1117),#1121);
#1117 = CIRCLE('',#1118,9.000002494454);
#1118 = AXIS2_PLACEMENT_2D('',#1119,#1120);
#1119 = CARTESIAN_POINT('',(46.5,93.000002494454));
#1120 = DIRECTION('',(-0.999999722838,7.445287257619E-04));
#1121 = ( GEOMETRIC_REPRESENTATION_CONTEXT(2) 
PARAMETRIC_REPRESENTATION_CONTEXT() REPRESENTATION_CONTEXT('2D SPACE',''
  ) );
#1122 = PCURVE('',#1123,#1128);
#1123 = CYLINDRICAL_SURFACE('',#1124,9.000002494454);
#1124 = AXIS2_PLACEMENT_3D('',#1125,#1126,#1127);
#1125 = CARTESIAN_POINT('',(46.5,93.000002494454,0.));
#1126 = DIRECTION('',(0.,0.,-1.));
#1127 = DIRECTION('',(-0.999999722838,7.445287257619E-04,0.));
#1128 = DEFINITIONAL_REPRESENTATION('',(#1129),#1133);
#1129 = LINE('',#1130,#1131);
#1130 = CARTESIAN_POINT('',(6.28318530718,0.));
#1131 = VECTOR('',#1132,1.);
#1132 = DIRECTION('',(-1.,0.));
#1133 = ( GEOMETRIC_REPRESENTATION_CONTEXT(2) 
PARAMETRIC_REPRESENTATION_CONTEXT() REPRESENTATION_CONTEXT('2D SPACE',''
  ) );
#1134 = ORIENTED_EDGE('',*,*,#1135,.F.);
#1135 = EDGE_CURVE('',#1136,#1107,#1138,.T.);
#1136 = VERTEX_POINT('',#1137);
#1137 = CARTESIAN_POINT('',(69.,84.,0.));
#1138 = SURFACE_CURVE('',#1139,(#1143,#1150),.PCURVE_S1.);
#1139 = LINE('',#1140,#1141);
#1140 = CARTESIAN_POINT('',(69.,84.,0.));
#1141 = VECTOR('',#1142,1.);
#1142 = DIRECTION('',(-1.,0.,0.));
#1143 = PCURVE('',#329,#1144);
#1144 = DEFINITIONAL_REPRESENTATION('',(#1145),#1149);
#1145 = LINE('',#1146,#1147);
#1146 = CARTESIAN_POINT('',(69.,84.));
#1147 = VECTOR('',#1148,1.);
#1148 = DIRECTION('',(-1.,0.));
#1149 = ( GEOMETRIC_REPRESENTATION_CONTEXT(2) 
PARAMETRIC_REPRESENTATION_CONTEXT() REPRESENTATION_CONTEXT('2D SPACE',''
  ) );
#1150 = PCURVE('',#1151,#1156);
#1151 = PLANE('',#1152);
#1152 = AXIS2_PLACEMENT_3D('',#1153,#1154,#1155);
#1153 = CARTESIAN_POINT('',(46.5,84.,0.));
#1154 = DIRECTION('',(0.,1.,0.));
#1155 = DIRECTION('',(1.,0.,0.));
#1156 = DEFINITIONAL_REPRESENTATION('',(#1157),#1161);
#1157 = LINE('',#1158,#1159);
#1158 = CARTESIAN_POINT('',(22.5,0.));
#1159 = VECTOR('',#1160,1.);
#1160 = DIRECTION('',(-1.,0.));
#1161 = ( GEOMETRIC_REPRESENTATION_CONTEXT(2) 
PARAMETRIC_REPRESENTATION_CONTEXT() REPRESENTATION_CONTEXT('2D SPACE',''
  ) );
#1162 = ORIENTED_EDGE('',*,*,#1163,.F.);
#1163 = EDGE_CURVE('',#1164,#1136,#1166,.T.);
#1164 = VERTEX_POINT('',#1165);
#1165 = CARTESIAN_POINT('',(96.,57.,0.));
#1166 = SURFACE_CURVE('',#1167,(#1172,#1179),.PCURVE_S1.);
#1167 = CIRCLE('',#1168,27.);
#1168 = AXIS2_PLACEMENT_3D('',#1169,#1170,#1171);
#1169 = CARTESIAN_POINT('',(69.,57.,0.));
#1170 = DIRECTION('',(0.,0.,1.));
#1171 = DIRECTION('',(1.,6.579099405186E-16,-0.));
#1172 = PCURVE('',#329,#1173);
#1173 = DEFINITIONAL_REPRESENTATION('',(#1174),#1178);
#1174 = CIRCLE('',#1175,27.);
#1175 = AXIS2_PLACEMENT_2D('',#1176,#1177);
#1176 = CARTESIAN_POINT('',(69.,57.));
#1177 = DIRECTION('',(1.,6.579099405186E-16));
#1178 = ( GEOMETRIC_REPRESENTATION_CONTEXT(2) 
PARAMETRIC_REPRESENTATION_CONTEXT() REPRESENTATION_CONTEXT('2D SPACE',''
  ) );
#1179 = PCURVE('',#1180,#1185);
#1180 = CYLINDRICAL_SURFACE('',#1181,27.);
#1181 = AXIS2_PLACEMENT_3D('',#1182,#1183,#1184);
#1182 = CARTESIAN_POINT('',(69.,57.,0.));
#1183 = DIRECTION('',(0.,0.,-1.));
#1184 = DIRECTION('',(1.,6.579099405186E-16,0.));
#1185 = DEFINITIONAL_REPRESENTATION('',(#1186),#1190);
#1186 = LINE('',#1187,#1188);
#1187 = CARTESIAN_POINT('',(6.28318530718,0.));
#1188 = VECTOR('',#1189,1.);
#1189 = DIRECTION('',(-1.,0.));
#1190 = ( GEOMETRIC_REPRESENTATION_CONTEXT(2) 
PARAMETRIC_REPRESENTATION_CONTEXT() REPRESENTATION_CONTEXT('2D SPACE',''
  ) );
#1191 = ORIENTED_EDGE('',*,*,#1192,.F.);
#1192 = EDGE_CURVE('',#1193,#1164,#1195,.T.);
#1193 = VERTEX_POINT('',#1194);
#1194 = CARTESIAN_POINT('',(90.239625250156,45.183514683431,0.));
#1195 = SURFACE_CURVE('',#1196,(#1201,#1208),.PCURVE_S1.);
#1196 = CIRCLE('',#1197,15.);
#1197 = AXIS2_PLACEMENT_3D('',#1198,#1199,#1200);
#1198 = CARTESIAN_POINT('',(81.,57.,0.));
#1199 = DIRECTION('',(0.,0.,1.));
#1200 = DIRECTION('',(0.615975016677,-0.787765687771,0.));
#1201 = PCURVE('',#329,#1202);
#1202 = DEFINITIONAL_REPRESENTATION('',(#1203),#1207);
#1203 = CIRCLE('',#1204,15.);
#1204 = AXIS2_PLACEMENT_2D('',#1205,#1206);
#1205 = CARTESIAN_POINT('',(81.,57.));
#1206 = DIRECTION('',(0.615975016677,-0.787765687771));
#1207 = ( GEOMETRIC_REPRESENTATION_CONTEXT(2) 
PARAMETRIC_REPRESENTATION_CONTEXT() REPRESENTATION_CONTEXT('2D SPACE',''
  ) );
#1208 = PCURVE('',#1209,#1214);
#1209 = CYLINDRICAL_SURFACE('',#1210,15.);
#1210 = AXIS2_PLACEMENT_3D('',#1211,#1212,#1213);
#1211 = CARTESIAN_POINT('',(81.,57.,0.));
#1212 = DIRECTION('',(0.,0.,-1.));
#1213 = DIRECTION('',(0.615975016677,-0.787765687771,0.));
#1214 = DEFINITIONAL_REPRESENTATION('',(#1215),#1219);
#1215 = LINE('',#1216,#1217);
#1216 = CARTESIAN_POINT('',(6.28318530718,0.));
#1217 = VECTOR('',#1218,1.);
#1218 = DIRECTION('',(-1.,0.));
#1219 = ( GEOMETRIC_REPRESENTATION_CONTEXT(2) 
PARAMETRIC_REPRESENTATION_CONTEXT() REPRESENTATION_CONTEXT('2D SPACE',''
  ) );
#1220 = ORIENTED_EDGE('',*,*,#1221,.T.);
#1221 = EDGE_CURVE('',#1193,#1222,#1224,.T.);
#1222 = VERTEX_POINT('',#1223);
#1223 = CARTESIAN_POINT('',(74.546394116851,32.912157429756,0.));
#1224 = SURFACE_CURVE('',#1225,(#1229,#1236),.PCURVE_S1.);
#1225 = LINE('',#1226,#1227);
#1226 = CARTESIAN_POINT('',(90.239999973188,45.183807698946,0.));
#1227 = VECTOR('',#1228,1.);
#1228 = DIRECTION('',(-0.787755920666,-0.615987507549,0.));
#1229 = PCURVE('',#329,#1230);
#1230 = DEFINITIONAL_REPRESENTATION('',(#1231),#1235);
#1231 = LINE('',#1232,#1233);
#1232 = CARTESIAN_POINT('',(90.239999973188,45.183807698946));
#1233 = VECTOR('',#1234,1.);
#1234 = DIRECTION('',(-0.787755920666,-0.615987507549));
#1235 = ( GEOMETRIC_REPRESENTATION_CONTEXT(2) 
PARAMETRIC_REPRESENTATION_CONTEXT() REPRESENTATION_CONTEXT('2D SPACE',''
  ) );
#1236 = PCURVE('',#1237,#1242);
#1237 = PLANE('',#1238);
#1238 = AXIS2_PLACEMENT_3D('',#1239,#1240,#1241);
#1239 = CARTESIAN_POINT('',(90.239625250156,45.183514683431,0.));
#1240 = DIRECTION('',(0.615987507549,-0.787755920666,0.));
#1241 = DIRECTION('',(-0.787755920666,-0.615987507549,0.));
#1242 = DEFINITIONAL_REPRESENTATION('',(#1243),#1247);
#1243 = LINE('',#1244,#1245);
#1244 = CARTESIAN_POINT('',(-4.756841838313E-04,0.));
#1245 = VECTOR('',#1246,1.);
#1246 = DIRECTION('',(1.,0.));
#1247 = ( GEOMETRIC_REPRESENTATION_CONTEXT(2) 
PARAMETRIC_REPRESENTATION_CONTEXT() REPRESENTATION_CONTEXT('2D SPACE',''
  ) );
#1248 = ORIENTED_EDGE('',*,*,#1249,.F.);
#1249 = EDGE_CURVE('',#1250,#1222,#1252,.T.);
#1250 = VERTEX_POINT('',#1251);
#1251 = CARTESIAN_POINT('',(63.772029585268,32.674133133705,0.));
#1252 = SURFACE_CURVE('',#1253,(#1258,#1265),.PCURVE_S1.);
#1253 = CIRCLE('',#1254,9.);
#1254 = AXIS2_PLACEMENT_3D('',#1255,#1256,#1257);
#1255 = CARTESIAN_POINT('',(69.,40.,0.));
#1256 = DIRECTION('',(0.,0.,1.));
#1257 = DIRECTION('',(-0.580885601637,-0.813985207366,0.));
#1258 = PCURVE('',#329,#1259);
#1259 = DEFINITIONAL_REPRESENTATION('',(#1260),#1264);
#1260 = CIRCLE('',#1261,9.);
#1261 = AXIS2_PLACEMENT_2D('',#1262,#1263);
#1262 = CARTESIAN_POINT('',(69.,40.));
#1263 = DIRECTION('',(-0.580885601637,-0.813985207366));
#1264 = ( GEOMETRIC_REPRESENTATION_CONTEXT(2) 
PARAMETRIC_REPRESENTATION_CONTEXT() REPRESENTATION_CONTEXT('2D SPACE',''
  ) );
#1265 = PCURVE('',#1266,#1271);
#1266 = CYLINDRICAL_SURFACE('',#1267,9.);
#1267 = AXIS2_PLACEMENT_3D('',#1268,#1269,#1270);
#1268 = CARTESIAN_POINT('',(69.,40.,0.));
#1269 = DIRECTION('',(0.,0.,-1.));
#1270 = DIRECTION('',(-0.580885601637,-0.813985207366,-0.));
#1271 = DEFINITIONAL_REPRESENTATION('',(#1272),#1276);
#1272 = LINE('',#1273,#1274);
#1273 = CARTESIAN_POINT('',(6.28318530718,0.));
#1274 = VECTOR('',#1275,1.);
#1275 = DIRECTION('',(-1.,0.));
#1276 = ( GEOMETRIC_REPRESENTATION_CONTEXT(2) 
PARAMETRIC_REPRESENTATION_CONTEXT() REPRESENTATION_CONTEXT('2D SPACE',''
  ) );
#1277 = ORIENTED_EDGE('',*,*,#1278,.F.);
#1278 = EDGE_CURVE('',#1279,#1250,#1281,.T.);
#1279 = VERTEX_POINT('',#1280);
#1280 = CARTESIAN_POINT('',(46.5,45.,0.));
#1281 = SURFACE_CURVE('',#1282,(#1286,#1293),.PCURVE_S1.);
#1282 = LINE('',#1283,#1284);
#1283 = CARTESIAN_POINT('',(46.5,45.,0.));
#1284 = VECTOR('',#1285,1.);
#1285 = DIRECTION('',(0.813985207366,-0.580885601637,0.));
#1286 = PCURVE('',#329,#1287);
#1287 = DEFINITIONAL_REPRESENTATION('',(#1288),#1292);
#1288 = LINE('',#1289,#1290);
#1289 = CARTESIAN_POINT('',(46.5,45.));
#1290 = VECTOR('',#1291,1.);
#1291 = DIRECTION('',(0.813985207366,-0.580885601637));
#1292 = ( GEOMETRIC_REPRESENTATION_CONTEXT(2) 
PARAMETRIC_REPRESENTATION_CONTEXT() REPRESENTATION_CONTEXT('2D SPACE',''
  ) );
#1293 = PCURVE('',#1294,#1299);
#1294 = PLANE('',#1295);
#1295 = AXIS2_PLACEMENT_3D('',#1296,#1297,#1298);
#1296 = CARTESIAN_POINT('',(63.772029585268,32.674133133705,0.));
#1297 = DIRECTION('',(-0.580885601637,-0.813985207366,0.));
#1298 = DIRECTION('',(-0.813985207366,0.580885601637,0.));
#1299 = DEFINITIONAL_REPRESENTATION('',(#1300),#1304);
#1300 = LINE('',#1301,#1302);
#1301 = CARTESIAN_POINT('',(21.219095173923,0.));
#1302 = VECTOR('',#1303,1.);
#1303 = DIRECTION('',(-1.,-0.));
#1304 = ( GEOMETRIC_REPRESENTATION_CONTEXT(2) 
PARAMETRIC_REPRESENTATION_CONTEXT() REPRESENTATION_CONTEXT('2D SPACE',''
  ) );
#1305 = ORIENTED_EDGE('',*,*,#1306,.F.);
#1306 = EDGE_CURVE('',#1307,#1279,#1309,.T.);
#1307 = VERTEX_POINT('',#1308);
#1308 = CARTESIAN_POINT('',(37.5,45.,0.));
#1309 = SURFACE_CURVE('',#1310,(#1314,#1321),.PCURVE_S1.);
#1310 = LINE('',#1311,#1312);
#1311 = CARTESIAN_POINT('',(37.5,45.,0.));
#1312 = VECTOR('',#1313,1.);
#1313 = DIRECTION('',(1.,0.,0.));
#1314 = PCURVE('',#329,#1315);
#1315 = DEFINITIONAL_REPRESENTATION('',(#1316),#1320);
#1316 = LINE('',#1317,#1318);
#1317 = CARTESIAN_POINT('',(37.5,45.));
#1318 = VECTOR('',#1319,1.);
#1319 = DIRECTION('',(1.,0.));
#1320 = ( GEOMETRIC_REPRESENTATION_CONTEXT(2) 
PARAMETRIC_REPRESENTATION_CONTEXT() REPRESENTATION_CONTEXT('2D SPACE',''
  ) );
#1321 = PCURVE('',#1322,#1327);
#1322 = PLANE('',#1323);
#1323 = AXIS2_PLACEMENT_3D('',#1324,#1325,#1326);
#1324 = CARTESIAN_POINT('',(46.5,45.,0.));
#1325 = DIRECTION('',(0.,-1.,0.));
#1326 = DIRECTION('',(-1.,0.,0.));
#1327 = DEFINITIONAL_REPRESENTATION('',(#1328),#1332);
#1328 = LINE('',#1329,#1330);
#1329 = CARTESIAN_POINT('',(9.,0.));
#1330 = VECTOR('',#1331,1.);
#1331 = DIRECTION('',(-1.,-0.));
#1332 = ( GEOMETRIC_REPRESENTATION_CONTEXT(2) 
PARAMETRIC_REPRESENTATION_CONTEXT() REPRESENTATION_CONTEXT('2D SPACE',''
  ) );
#1333 = ORIENTED_EDGE('',*,*,#1334,.F.);
#1334 = EDGE_CURVE('',#1335,#1307,#1337,.T.);
#1335 = VERTEX_POINT('',#1336);
#1336 = CARTESIAN_POINT('',(37.5,24.,0.));
#1337 = SURFACE_CURVE('',#1338,(#1342,#1349),.PCURVE_S1.);
#1338 = LINE('',#1339,#1340);
#1339 = CARTESIAN_POINT('',(37.5,15.,0.));
#1340 = VECTOR('',#1341,1.);
#1341 = DIRECTION('',(0.,1.,0.));
#1342 = PCURVE('',#329,#1343);
#1343 = DEFINITIONAL_REPRESENTATION('',(#1344),#1348);
#1344 = LINE('',#1345,#1346);
#1345 = CARTESIAN_POINT('',(37.5,15.));
#1346 = VECTOR('',#1347,1.);
#1347 = DIRECTION('',(0.,1.));
#1348 = ( GEOMETRIC_REPRESENTATION_CONTEXT(2) 
PARAMETRIC_REPRESENTATION_CONTEXT() REPRESENTATION_CONTEXT('2D SPACE',''
  ) );
#1349 = PCURVE('',#1350,#1355);
#1350 = PLANE('',#1351);
#1351 = AXIS2_PLACEMENT_3D('',#1352,#1353,#1354);
#1352 = CARTESIAN_POINT('',(37.5,15.,-42.));
#1353 = DIRECTION('',(-1.,0.,-1.057355261548E-16));
#1354 = DIRECTION('',(-1.057355261548E-16,0.,1.));
#1355 = DEFINITIONAL_REPRESENTATION('',(#1356),#1360);
#1356 = LINE('',#1357,#1358);
#1357 = CARTESIAN_POINT('',(42.,0.));
#1358 = VECTOR('',#1359,1.);
#1359 = DIRECTION('',(0.,1.));
#1360 = ( GEOMETRIC_REPRESENTATION_CONTEXT(2) 
PARAMETRIC_REPRESENTATION_CONTEXT() REPRESENTATION_CONTEXT('2D SPACE',''
  ) );
#1361 = ORIENTED_EDGE('',*,*,#1362,.F.);
#1362 = EDGE_CURVE('',#727,#1335,#1363,.T.);
#1363 = SURFACE_CURVE('',#1364,(#1369,#1376),.PCURVE_S1.);
#1364 = CIRCLE('',#1365,9.);
#1365 = AXIS2_PLACEMENT_3D('',#1366,#1367,#1368);
#1366 = CARTESIAN_POINT('',(28.5,24.,4.440892098501E-15));
#1367 = DIRECTION('',(0.,0.,1.));
#1368 = DIRECTION('',(0.707106781187,-0.707106781187,0.));
#1369 = PCURVE('',#329,#1370);
#1370 = DEFINITIONAL_REPRESENTATION('',(#1371),#1375);
#1371 = CIRCLE('',#1372,9.);
#1372 = AXIS2_PLACEMENT_2D('',#1373,#1374);
#1373 = CARTESIAN_POINT('',(28.5,24.));
#1374 = DIRECTION('',(0.707106781187,-0.707106781187));
#1375 = ( GEOMETRIC_REPRESENTATION_CONTEXT(2) 
PARAMETRIC_REPRESENTATION_CONTEXT() REPRESENTATION_CONTEXT('2D SPACE',''
  ) );
#1376 = PCURVE('',#765,#1377);
#1377 = DEFINITIONAL_REPRESENTATION('',(#1378),#1382);
#1378 = LINE('',#1379,#1380);
#1379 = CARTESIAN_POINT('',(12.566370614359,-36.));
#1380 = VECTOR('',#1381,1.);
#1381 = DIRECTION('',(-1.,0.));
#1382 = ( GEOMETRIC_REPRESENTATION_CONTEXT(2) 
PARAMETRIC_REPRESENTATION_CONTEXT() REPRESENTATION_CONTEXT('2D SPACE',''
  ) );
#1383 = ORIENTED_EDGE('',*,*,#726,.F.);
#1384 = ORIENTED_EDGE('',*,*,#862,.F.);
#1385 = ORIENTED_EDGE('',*,*,#315,.T.);
#1386 = ORIENTED_EDGE('',*,*,#1022,.F.);
#1387 = ORIENTED_EDGE('',*,*,#522,.F.);
#1388 = ORIENTED_EDGE('',*,*,#1389,.F.);
#1389 = EDGE_CURVE('',#1390,#493,#1392,.T.);
#1390 = VERTEX_POINT('',#1391);
#1391 = CARTESIAN_POINT('',(130.5,19.,0.));
#1392 = SURFACE_CURVE('',#1393,(#1398,#1405),.PCURVE_S1.);
#1393 = CIRCLE('',#1394,4.);
#1394 = AXIS2_PLACEMENT_3D('',#1395,#1396,#1397);
#1395 = CARTESIAN_POINT('',(134.5,19.,0.));
#1396 = DIRECTION('',(0.,0.,1.));
#1397 = DIRECTION('',(-0.707106781187,-0.707106781187,0.));
#1398 = PCURVE('',#329,#1399);
#1399 = DEFINITIONAL_REPRESENTATION('',(#1400),#1404);
#1400 = CIRCLE('',#1401,4.);
#1401 = AXIS2_PLACEMENT_2D('',#1402,#1403);
#1402 = CARTESIAN_POINT('',(134.5,19.));
#1403 = DIRECTION('',(-0.707106781187,-0.707106781187));
#1404 = ( GEOMETRIC_REPRESENTATION_CONTEXT(2) 
PARAMETRIC_REPRESENTATION_CONTEXT() REPRESENTATION_CONTEXT('2D SPACE',''
  ) );
#1405 = PCURVE('',#510,#1406);
#1406 = DEFINITIONAL_REPRESENTATION('',(#1407),#1411);
#1407 = LINE('',#1408,#1409);
#1408 = CARTESIAN_POINT('',(0.,15.));
#1409 = VECTOR('',#1410,1.);
#1410 = DIRECTION('',(1.,0.));
#1411 = ( GEOMETRIC_REPRESENTATION_CONTEXT(2) 
PARAMETRIC_REPRESENTATION_CONTEXT() REPRESENTATION_CONTEXT('2D SPACE',''
  ) );
#1412 = ORIENTED_EDGE('',*,*,#1413,.T.);
#1413 = EDGE_CURVE('',#1390,#1414,#1416,.T.);
#1414 = VERTEX_POINT('',#1415);
#1415 = CARTESIAN_POINT('',(130.5,69.278029157809,0.));
#1416 = SURFACE_CURVE('',#1417,(#1421,#1428),.PCURVE_S1.);
#1417 = LINE('',#1418,#1419);
#1418 = CARTESIAN_POINT('',(130.5,15.,0.));
#1419 = VECTOR('',#1420,1.);
#1420 = DIRECTION('',(0.,1.,0.));
#1421 = PCURVE('',#329,#1422);
#1422 = DEFINITIONAL_REPRESENTATION('',(#1423),#1427);
#1423 = LINE('',#1424,#1425);
#1424 = CARTESIAN_POINT('',(130.5,15.));
#1425 = VECTOR('',#1426,1.);
#1426 = DIRECTION('',(0.,1.));
#1427 = ( GEOMETRIC_REPRESENTATION_CONTEXT(2) 
PARAMETRIC_REPRESENTATION_CONTEXT() REPRESENTATION_CONTEXT('2D SPACE',''
  ) );
#1428 = PCURVE('',#1429,#1434);
#1429 = PLANE('',#1430);
#1430 = AXIS2_PLACEMENT_3D('',#1431,#1432,#1433);
#1431 = CARTESIAN_POINT('',(130.5,15.,0.));
#1432 = DIRECTION('',(1.,0.,0.));
#1433 = DIRECTION('',(0.,0.,-1.));
#1434 = DEFINITIONAL_REPRESENTATION('',(#1435),#1439);
#1435 = LINE('',#1436,#1437);
#1436 = CARTESIAN_POINT('',(0.,0.));
#1437 = VECTOR('',#1438,1.);
#1438 = DIRECTION('',(0.,1.));
#1439 = ( GEOMETRIC_REPRESENTATION_CONTEXT(2) 
PARAMETRIC_REPRESENTATION_CONTEXT() REPRESENTATION_CONTEXT('2D SPACE',''
  ) );
#1440 = ORIENTED_EDGE('',*,*,#1441,.T.);
#1441 = EDGE_CURVE('',#1414,#1442,#1444,.T.);
#1442 = VERTEX_POINT('',#1443);
#1443 = CARTESIAN_POINT('',(102.675,103.16486082509,0.));
#1444 = SURFACE_CURVE('',#1445,(#1450,#1457),.PCURVE_S1.);
#1445 = CIRCLE('',#1446,51.);
#1446 = AXIS2_PLACEMENT_3D('',#1447,#1448,#1449);
#1447 = CARTESIAN_POINT('',(81.,57.,0.));
#1448 = DIRECTION('',(0.,0.,1.));
#1449 = DIRECTION('',(0.970588235294,0.240745669761,-0.));
#1450 = PCURVE('',#329,#1451);
#1451 = DEFINITIONAL_REPRESENTATION('',(#1452),#1456);
#1452 = CIRCLE('',#1453,51.);
#1453 = AXIS2_PLACEMENT_2D('',#1454,#1455);
#1454 = CARTESIAN_POINT('',(81.,57.));
#1455 = DIRECTION('',(0.970588235294,0.240745669761));
#1456 = ( GEOMETRIC_REPRESENTATION_CONTEXT(2) 
PARAMETRIC_REPRESENTATION_CONTEXT() REPRESENTATION_CONTEXT('2D SPACE',''
  ) );
#1457 = PCURVE('',#1458,#1463);
#1458 = CYLINDRICAL_SURFACE('',#1459,51.);
#1459 = AXIS2_PLACEMENT_3D('',#1460,#1461,#1462);
#1460 = CARTESIAN_POINT('',(81.,57.,0.));
#1461 = DIRECTION('',(0.,0.,-1.));
#1462 = DIRECTION('',(0.970588235294,0.240745669761,0.));
#1463 = DEFINITIONAL_REPRESENTATION('',(#1464),#1468);
#1464 = LINE('',#1465,#1466);
#1465 = CARTESIAN_POINT('',(6.28318530718,0.));
#1466 = VECTOR('',#1467,1.);
#1467 = DIRECTION('',(-1.,0.));
#1468 = ( GEOMETRIC_REPRESENTATION_CONTEXT(2) 
PARAMETRIC_REPRESENTATION_CONTEXT() REPRESENTATION_CONTEXT('2D SPACE',''
  ) );
#1469 = ORIENTED_EDGE('',*,*,#1470,.T.);
#1470 = EDGE_CURVE('',#1442,#1471,#1473,.T.);
#1471 = VERTEX_POINT('',#1472);
#1472 = CARTESIAN_POINT('',(97.5,111.31160097069,0.));
#1473 = SURFACE_CURVE('',#1474,(#1479,#1490),.PCURVE_S1.);
#1474 = CIRCLE('',#1475,9.);
#1475 = AXIS2_PLACEMENT_3D('',#1476,#1477,#1478);
#1476 = CARTESIAN_POINT('',(106.5,111.31160097069,0.));
#1477 = DIRECTION('',(0.,0.,-1.));
#1478 = DIRECTION('',(-1.,1.973729821556E-15,0.));
#1479 = PCURVE('',#329,#1480);
#1480 = DEFINITIONAL_REPRESENTATION('',(#1481),#1489);
#1481 = ( BOUNDED_CURVE() B_SPLINE_CURVE(2,(#1482,#1483,#1484,#1485,
#1486,#1487,#1488),.UNSPECIFIED.,.T.,.F.) B_SPLINE_CURVE_WITH_KNOTS((1,2
    ,2,2,2,1),(-2.094395102393,0.,2.094395102393,4.188790204786,
6.28318530718,8.377580409573),.UNSPECIFIED.) CURVE() 
GEOMETRIC_REPRESENTATION_ITEM() RATIONAL_B_SPLINE_CURVE((1.,0.5,1.,0.5,
1.,0.5,1.)) REPRESENTATION_ITEM('') );
#1482 = CARTESIAN_POINT('',(97.5,111.31160097069));
#1483 = CARTESIAN_POINT('',(97.5,126.90005823881));
#1484 = CARTESIAN_POINT('',(111.,119.10582960475));
#1485 = CARTESIAN_POINT('',(124.5,111.31160097069));
#1486 = CARTESIAN_POINT('',(111.,103.51737233663));
#1487 = CARTESIAN_POINT('',(97.5,95.72314370257));
#1488 = CARTESIAN_POINT('',(97.5,111.31160097069));
#1489 = ( GEOMETRIC_REPRESENTATION_CONTEXT(2) 
PARAMETRIC_REPRESENTATION_CONTEXT() REPRESENTATION_CONTEXT('2D SPACE',''
  ) );
#1490 = PCURVE('',#1491,#1496);
#1491 = CYLINDRICAL_SURFACE('',#1492,9.);
#1492 = AXIS2_PLACEMENT_3D('',#1493,#1494,#1495);
#1493 = CARTESIAN_POINT('',(106.5,111.31160097069,0.));
#1494 = DIRECTION('',(0.,0.,-1.));
#1495 = DIRECTION('',(-1.,1.973729821556E-15,0.));
#1496 = DEFINITIONAL_REPRESENTATION('',(#1497),#1501);
#1497 = LINE('',#1498,#1499);
#1498 = CARTESIAN_POINT('',(0.,0.));
#1499 = VECTOR('',#1500,1.);
#1500 = DIRECTION('',(1.,0.));
#1501 = ( GEOMETRIC_REPRESENTATION_CONTEXT(2) 
PARAMETRIC_REPRESENTATION_CONTEXT() REPRESENTATION_CONTEXT('2D SPACE',''
  ) );
#1502 = ORIENTED_EDGE('',*,*,#1503,.T.);
#1503 = EDGE_CURVE('',#1471,#1051,#1504,.T.);
#1504 = SURFACE_CURVE('',#1505,(#1509,#1516),.PCURVE_S1.);
#1505 = LINE('',#1506,#1507);
#1506 = CARTESIAN_POINT('',(97.5,55.655800485347,0.));
#1507 = VECTOR('',#1508,1.);
#1508 = DIRECTION('',(0.,1.,0.));
#1509 = PCURVE('',#329,#1510);
#1510 = DEFINITIONAL_REPRESENTATION('',(#1511),#1515);
#1511 = LINE('',#1512,#1513);
#1512 = CARTESIAN_POINT('',(97.5,55.655800485347));
#1513 = VECTOR('',#1514,1.);
#1514 = DIRECTION('',(0.,1.));
#1515 = ( GEOMETRIC_REPRESENTATION_CONTEXT(2) 
PARAMETRIC_REPRESENTATION_CONTEXT() REPRESENTATION_CONTEXT('2D SPACE',''
  ) );
#1516 = PCURVE('',#1517,#1522);
#1517 = PLANE('',#1518);
#1518 = AXIS2_PLACEMENT_3D('',#1519,#1520,#1521);
#1519 = CARTESIAN_POINT('',(97.5,111.31160097069,0.));
#1520 = DIRECTION('',(-1.,0.,0.));
#1521 = DIRECTION('',(0.,1.,0.));
#1522 = DEFINITIONAL_REPRESENTATION('',(#1523),#1527);
#1523 = LINE('',#1524,#1525);
#1524 = CARTESIAN_POINT('',(-55.65580048534,0.));
#1525 = VECTOR('',#1526,1.);
#1526 = DIRECTION('',(1.,0.));
#1527 = ( GEOMETRIC_REPRESENTATION_CONTEXT(2) 
PARAMETRIC_REPRESENTATION_CONTEXT() REPRESENTATION_CONTEXT('2D SPACE',''
  ) );
#1528 = FACE_BOUND('',#1529,.T.);
#1529 = EDGE_LOOP('',(#1530,#1560,#1593,#1621));
#1530 = ORIENTED_EDGE('',*,*,#1531,.T.);
#1531 = EDGE_CURVE('',#1532,#1534,#1536,.T.);
#1532 = VERTEX_POINT('',#1533);
#1533 = CARTESIAN_POINT('',(122.,70.,0.));
#1534 = VERTEX_POINT('',#1535);
#1535 = CARTESIAN_POINT('',(121.99999989546,40.001371714289,0.));
#1536 = SURFACE_CURVE('',#1537,(#1541,#1548),.PCURVE_S1.);
#1537 = LINE('',#1538,#1539);
#1538 = CARTESIAN_POINT('',(121.99999987803,34.999999787439,0.));
#1539 = VECTOR('',#1540,1.);
#1540 = DIRECTION('',(-3.484604062122E-09,-1.,0.));
#1541 = PCURVE('',#329,#1542);
#1542 = DEFINITIONAL_REPRESENTATION('',(#1543),#1547);
#1543 = LINE('',#1544,#1545);
#1544 = CARTESIAN_POINT('',(121.99999987803,34.999999787439));
#1545 = VECTOR('',#1546,1.);
#1546 = DIRECTION('',(-3.484604062122E-09,-1.));
#1547 = ( GEOMETRIC_REPRESENTATION_CONTEXT(2) 
PARAMETRIC_REPRESENTATION_CONTEXT() REPRESENTATION_CONTEXT('2D SPACE',''
  ) );
#1548 = PCURVE('',#1549,#1554);
#1549 = PLANE('',#1550);
#1550 = AXIS2_PLACEMENT_3D('',#1551,#1552,#1553);
#1551 = CARTESIAN_POINT('',(122.,70.,0.));
#1552 = DIRECTION('',(1.,-3.484604062122E-09,0.));
#1553 = DIRECTION('',(-3.484604062122E-09,-1.,0.));
#1554 = DEFINITIONAL_REPRESENTATION('',(#1555),#1559);
#1555 = LINE('',#1556,#1557);
#1556 = CARTESIAN_POINT('',(35.000000212561,0.));
#1557 = VECTOR('',#1558,1.);
#1558 = DIRECTION('',(1.,0.));
#1559 = ( GEOMETRIC_REPRESENTATION_CONTEXT(2) 
PARAMETRIC_REPRESENTATION_CONTEXT() REPRESENTATION_CONTEXT('2D SPACE',''
  ) );
#1560 = ORIENTED_EDGE('',*,*,#1561,.T.);
#1561 = EDGE_CURVE('',#1534,#1562,#1564,.T.);
#1562 = VERTEX_POINT('',#1563);
#1563 = CARTESIAN_POINT('',(104.,40.,0.));
#1564 = SURFACE_CURVE('',#1565,(#1570,#1581),.PCURVE_S1.);
#1565 = CIRCLE('',#1566,9.);
#1566 = AXIS2_PLACEMENT_3D('',#1567,#1568,#1569);
#1567 = CARTESIAN_POINT('',(113.,40.,0.));
#1568 = DIRECTION('',(0.,0.,-1.));
#1569 = DIRECTION('',(-1.,6.414621920056E-15,0.));
#1570 = PCURVE('',#329,#1571);
#1571 = DEFINITIONAL_REPRESENTATION('',(#1572),#1580);
#1572 = ( BOUNDED_CURVE() B_SPLINE_CURVE(2,(#1573,#1574,#1575,#1576,
#1577,#1578,#1579),.UNSPECIFIED.,.T.,.F.) B_SPLINE_CURVE_WITH_KNOTS((1,2
    ,2,2,2,1),(-2.094395102393,0.,2.094395102393,4.188790204786,
6.28318530718,8.377580409573),.UNSPECIFIED.) CURVE() 
GEOMETRIC_REPRESENTATION_ITEM() RATIONAL_B_SPLINE_CURVE((1.,0.5,1.,0.5,
1.,0.5,1.)) REPRESENTATION_ITEM('') );
#1573 = CARTESIAN_POINT('',(104.,40.));
#1574 = CARTESIAN_POINT('',(104.,55.58845726812));
#1575 = CARTESIAN_POINT('',(117.5,47.79422863406));
#1576 = CARTESIAN_POINT('',(131.,40.));
#1577 = CARTESIAN_POINT('',(117.5,32.20577136594));
#1578 = CARTESIAN_POINT('',(104.,24.41154273188));
#1579 = CARTESIAN_POINT('',(104.,40.));
#1580 = ( GEOMETRIC_REPRESENTATION_CONTEXT(2) 
PARAMETRIC_REPRESENTATION_CONTEXT() REPRESENTATION_CONTEXT('2D SPACE',''
  ) );
#1581 = PCURVE('',#1582,#1587);
#1582 = CYLINDRICAL_SURFACE('',#1583,9.);
#1583 = AXIS2_PLACEMENT_3D('',#1584,#1585,#1586);
#1584 = CARTESIAN_POINT('',(113.,40.,0.));
#1585 = DIRECTION('',(0.,0.,-1.));
#1586 = DIRECTION('',(7.620634960757E-05,-0.999999997096,0.));
#1587 = DEFINITIONAL_REPRESENTATION('',(#1588),#1592);
#1588 = LINE('',#1589,#1590);
#1589 = CARTESIAN_POINT('',(-4.712312774035,0.));
#1590 = VECTOR('',#1591,1.);
#1591 = DIRECTION('',(1.,0.));
#1592 = ( GEOMETRIC_REPRESENTATION_CONTEXT(2) 
PARAMETRIC_REPRESENTATION_CONTEXT() REPRESENTATION_CONTEXT('2D SPACE',''
  ) );
#1593 = ORIENTED_EDGE('',*,*,#1594,.T.);
#1594 = EDGE_CURVE('',#1562,#1595,#1597,.T.);
#1595 = VERTEX_POINT('',#1596);
#1596 = CARTESIAN_POINT('',(104.,70.,0.));
#1597 = SURFACE_CURVE('',#1598,(#1602,#1609),.PCURVE_S1.);
#1598 = LINE('',#1599,#1600);
#1599 = CARTESIAN_POINT('',(104.,20.,0.));
#1600 = VECTOR('',#1601,1.);
#1601 = DIRECTION('',(0.,1.,0.));
#1602 = PCURVE('',#329,#1603);
#1603 = DEFINITIONAL_REPRESENTATION('',(#1604),#1608);
#1604 = LINE('',#1605,#1606);
#1605 = CARTESIAN_POINT('',(104.,20.));
#1606 = VECTOR('',#1607,1.);
#1607 = DIRECTION('',(0.,1.));
#1608 = ( GEOMETRIC_REPRESENTATION_CONTEXT(2) 
PARAMETRIC_REPRESENTATION_CONTEXT() REPRESENTATION_CONTEXT('2D SPACE',''
  ) );
#1609 = PCURVE('',#1610,#1615);
#1610 = PLANE('',#1611);
#1611 = AXIS2_PLACEMENT_3D('',#1612,#1613,#1614);
#1612 = CARTESIAN_POINT('',(104.,40.,0.));
#1613 = DIRECTION('',(-1.,0.,0.));
#1614 = DIRECTION('',(0.,1.,0.));
#1615 = DEFINITIONAL_REPRESENTATION('',(#1616),#1620);
#1616 = LINE('',#1617,#1618);
#1617 = CARTESIAN_POINT('',(-20.,0.));
#1618 = VECTOR('',#1619,1.);
#1619 = DIRECTION('',(1.,0.));
#1620 = ( GEOMETRIC_REPRESENTATION_CONTEXT(2) 
PARAMETRIC_REPRESENTATION_CONTEXT() REPRESENTATION_CONTEXT('2D SPACE',''
  ) );
#1621 = ORIENTED_EDGE('',*,*,#1622,.T.);
#1622 = EDGE_CURVE('',#1595,#1532,#1623,.T.);
#1623 = SURFACE_CURVE('',#1624,(#1629,#1640),.PCURVE_S1.);
#1624 = CIRCLE('',#1625,9.);
#1625 = AXIS2_PLACEMENT_3D('',#1626,#1627,#1628);
#1626 = CARTESIAN_POINT('',(113.,70.,0.));
#1627 = DIRECTION('',(0.,0.,-1.));
#1628 = DIRECTION('',(1.,0.,0.));
#1629 = PCURVE('',#329,#1630);
#1630 = DEFINITIONAL_REPRESENTATION('',(#1631),#1639);
#1631 = ( BOUNDED_CURVE() B_SPLINE_CURVE(2,(#1632,#1633,#1634,#1635,
#1636,#1637,#1638),.UNSPECIFIED.,.T.,.F.) B_SPLINE_CURVE_WITH_KNOTS((1,2
    ,2,2,2,1),(-2.094395102393,0.,2.094395102393,4.188790204786,
6.28318530718,8.377580409573),.UNSPECIFIED.) CURVE() 
GEOMETRIC_REPRESENTATION_ITEM() RATIONAL_B_SPLINE_CURVE((1.,0.5,1.,0.5,
1.,0.5,1.)) REPRESENTATION_ITEM('') );
#1632 = CARTESIAN_POINT('',(122.,70.));
#1633 = CARTESIAN_POINT('',(122.,54.41154273188));
#1634 = CARTESIAN_POINT('',(108.5,62.20577136594));
#1635 = CARTESIAN_POINT('',(95.,70.));
#1636 = CARTESIAN_POINT('',(108.5,77.79422863406));
#1637 = CARTESIAN_POINT('',(122.,85.58845726812));
#1638 = CARTESIAN_POINT('',(122.,70.));
#1639 = ( GEOMETRIC_REPRESENTATION_CONTEXT(2) 
PARAMETRIC_REPRESENTATION_CONTEXT() REPRESENTATION_CONTEXT('2D SPACE',''
  ) );
#1640 = PCURVE('',#1641,#1646);
#1641 = CYLINDRICAL_SURFACE('',#1642,9.);
#1642 = AXIS2_PLACEMENT_3D('',#1643,#1644,#1645);
#1643 = CARTESIAN_POINT('',(113.,70.,0.));
#1644 = DIRECTION('',(0.,0.,-1.));
#1645 = DIRECTION('',(1.,0.,0.));
#1646 = DEFINITIONAL_REPRESENTATION('',(#1647),#1651);
#1647 = LINE('',#1648,#1649);
#1648 = CARTESIAN_POINT('',(0.,0.));
#1649 = VECTOR('',#1650,1.);
#1650 = DIRECTION('',(1.,0.));
#1651 = ( GEOMETRIC_REPRESENTATION_CONTEXT(2) 
PARAMETRIC_REPRESENTATION_CONTEXT() REPRESENTATION_CONTEXT('2D SPACE',''
  ) );
#1652 = FACE_BOUND('',#1653,.T.);
#1653 = EDGE_LOOP('',(#1654,#1682,#1715,#1741));
#1654 = ORIENTED_EDGE('',*,*,#1655,.F.);
#1655 = EDGE_CURVE('',#1656,#1658,#1660,.T.);
#1656 = VERTEX_POINT('',#1657);
#1657 = CARTESIAN_POINT('',(75.8,122.9,0.));
#1658 = VERTEX_POINT('',#1659);
#1659 = CARTESIAN_POINT('',(59.8,122.9,0.));
#1660 = SURFACE_CURVE('',#1661,(#1665,#1671),.PCURVE_S1.);
#1661 = LINE('',#1662,#1663);
#1662 = CARTESIAN_POINT('',(29.9,122.9,0.));
#1663 = VECTOR('',#1664,1.);
#1664 = DIRECTION('',(-1.,0.,0.));
#1665 = PCURVE('',#329,#1666);
#1666 = DEFINITIONAL_REPRESENTATION('',(#1667),#1670);
#1667 = B_SPLINE_CURVE_WITH_KNOTS('',1,(#1668,#1669),.UNSPECIFIED.,.F.,
  .F.,(2,2),(-45.9,-29.9),.PIECEWISE_BEZIER_KNOTS.);
#1668 = CARTESIAN_POINT('',(75.8,122.9));
#1669 = CARTESIAN_POINT('',(59.8,122.9));
#1670 = ( GEOMETRIC_REPRESENTATION_CONTEXT(2) 
PARAMETRIC_REPRESENTATION_CONTEXT() REPRESENTATION_CONTEXT('2D SPACE',''
  ) );
#1671 = PCURVE('',#1672,#1677);
#1672 = PLANE('',#1673);
#1673 = AXIS2_PLACEMENT_3D('',#1674,#1675,#1676);
#1674 = CARTESIAN_POINT('',(59.8,122.9,-29.99999995));
#1675 = DIRECTION('',(0.,1.,0.));
#1676 = DIRECTION('',(1.,0.,0.));
#1677 = DEFINITIONAL_REPRESENTATION('',(#1678),#1681);
#1678 = B_SPLINE_CURVE_WITH_KNOTS('',1,(#1679,#1680),.UNSPECIFIED.,.F.,
  .F.,(2,2),(-45.9,-29.9),.PIECEWISE_BEZIER_KNOTS.);
#1679 = CARTESIAN_POINT('',(16.,-29.99999995));
#1680 = CARTESIAN_POINT('',(0.,-29.99999995));
#1681 = ( GEOMETRIC_REPRESENTATION_CONTEXT(2) 
PARAMETRIC_REPRESENTATION_CONTEXT() REPRESENTATION_CONTEXT('2D SPACE',''
  ) );
#1682 = ORIENTED_EDGE('',*,*,#1683,.T.);
#1683 = EDGE_CURVE('',#1656,#1684,#1686,.T.);
#1684 = VERTEX_POINT('',#1685);
#1685 = CARTESIAN_POINT('',(75.8,112.9,0.));
#1686 = SURFACE_CURVE('',#1687,(#1692,#1703),.PCURVE_S1.);
#1687 = CIRCLE('',#1688,5.);
#1688 = AXIS2_PLACEMENT_3D('',#1689,#1690,#1691);
#1689 = CARTESIAN_POINT('',(75.8,117.9,0.));
#1690 = DIRECTION('',(0.,0.,-1.));
#1691 = DIRECTION('',(0.,1.,0.));
#1692 = PCURVE('',#329,#1693);
#1693 = DEFINITIONAL_REPRESENTATION('',(#1694),#1702);
#1694 = ( BOUNDED_CURVE() B_SPLINE_CURVE(2,(#1695,#1696,#1697,#1698,
#1699,#1700,#1701),.UNSPECIFIED.,.T.,.F.) B_SPLINE_CURVE_WITH_KNOTS((1,2
    ,2,2,2,1),(-2.094395102393,0.,2.094395102393,4.188790204786,
6.28318530718,8.377580409573),.UNSPECIFIED.) CURVE() 
GEOMETRIC_REPRESENTATION_ITEM() RATIONAL_B_SPLINE_CURVE((1.,0.5,1.,0.5,
1.,0.5,1.)) REPRESENTATION_ITEM('') );
#1695 = CARTESIAN_POINT('',(75.8,122.9));
#1696 = CARTESIAN_POINT('',(84.460254037844,122.9));
#1697 = CARTESIAN_POINT('',(80.130127018922,115.4));
#1698 = CARTESIAN_POINT('',(75.8,107.9));
#1699 = CARTESIAN_POINT('',(71.469872981078,115.4));
#1700 = CARTESIAN_POINT('',(67.139745962156,122.9));
#1701 = CARTESIAN_POINT('',(75.8,122.9));
#1702 = ( GEOMETRIC_REPRESENTATION_CONTEXT(2) 
PARAMETRIC_REPRESENTATION_CONTEXT() REPRESENTATION_CONTEXT('2D SPACE',''
  ) );
#1703 = PCURVE('',#1704,#1709);
#1704 = CYLINDRICAL_SURFACE('',#1705,5.);
#1705 = AXIS2_PLACEMENT_3D('',#1706,#1707,#1708);
#1706 = CARTESIAN_POINT('',(75.8,117.9,-29.99999995));
#1707 = DIRECTION('',(0.,0.,-1.));
#1708 = DIRECTION('',(0.,1.,0.));
#1709 = DEFINITIONAL_REPRESENTATION('',(#1710),#1714);
#1710 = LINE('',#1711,#1712);
#1711 = CARTESIAN_POINT('',(0.,-29.99999995));
#1712 = VECTOR('',#1713,1.);
#1713 = DIRECTION('',(1.,0.));
#1714 = ( GEOMETRIC_REPRESENTATION_CONTEXT(2) 
PARAMETRIC_REPRESENTATION_CONTEXT() REPRESENTATION_CONTEXT('2D SPACE',''
  ) );
#1715 = ORIENTED_EDGE('',*,*,#1716,.F.);
#1716 = EDGE_CURVE('',#1717,#1684,#1719,.T.);
#1717 = VERTEX_POINT('',#1718);
#1718 = CARTESIAN_POINT('',(59.8,112.9,0.));
#1719 = SURFACE_CURVE('',#1720,(#1724,#1730),.PCURVE_S1.);
#1720 = LINE('',#1721,#1722);
#1721 = CARTESIAN_POINT('',(37.9,112.9,0.));
#1722 = VECTOR('',#1723,1.);
#1723 = DIRECTION('',(1.,0.,-0.));
#1724 = PCURVE('',#329,#1725);
#1725 = DEFINITIONAL_REPRESENTATION('',(#1726),#1729);
#1726 = B_SPLINE_CURVE_WITH_KNOTS('',1,(#1727,#1728),.UNSPECIFIED.,.F.,
  .F.,(2,2),(21.9,37.9),.PIECEWISE_BEZIER_KNOTS.);
#1727 = CARTESIAN_POINT('',(59.8,112.9));
#1728 = CARTESIAN_POINT('',(75.8,112.9));
#1729 = ( GEOMETRIC_REPRESENTATION_CONTEXT(2) 
PARAMETRIC_REPRESENTATION_CONTEXT() REPRESENTATION_CONTEXT('2D SPACE',''
  ) );
#1730 = PCURVE('',#1731,#1736);
#1731 = PLANE('',#1732);
#1732 = AXIS2_PLACEMENT_3D('',#1733,#1734,#1735);
#1733 = CARTESIAN_POINT('',(75.8,112.9,-29.99999995));
#1734 = DIRECTION('',(0.,-1.,0.));
#1735 = DIRECTION('',(-1.,0.,0.));
#1736 = DEFINITIONAL_REPRESENTATION('',(#1737),#1740);
#1737 = B_SPLINE_CURVE_WITH_KNOTS('',1,(#1738,#1739),.UNSPECIFIED.,.F.,
  .F.,(2,2),(21.9,37.9),.PIECEWISE_BEZIER_KNOTS.);
#1738 = CARTESIAN_POINT('',(16.,-29.99999995));
#1739 = CARTESIAN_POINT('',(0.,-29.99999995));
#1740 = ( GEOMETRIC_REPRESENTATION_CONTEXT(2) 
PARAMETRIC_REPRESENTATION_CONTEXT() REPRESENTATION_CONTEXT('2D SPACE',''
  ) );
#1741 = ORIENTED_EDGE('',*,*,#1742,.T.);
#1742 = EDGE_CURVE('',#1717,#1658,#1743,.T.);
#1743 = SURFACE_CURVE('',#1744,(#1749,#1760),.PCURVE_S1.);
#1744 = CIRCLE('',#1745,5.);
#1745 = AXIS2_PLACEMENT_3D('',#1746,#1747,#1748);
#1746 = CARTESIAN_POINT('',(59.8,117.9,0.));
#1747 = DIRECTION('',(0.,-0.,-1.));
#1748 = DIRECTION('',(0.,-1.,0.));
#1749 = PCURVE('',#329,#1750);
#1750 = DEFINITIONAL_REPRESENTATION('',(#1751),#1759);
#1751 = ( BOUNDED_CURVE() B_SPLINE_CURVE(2,(#1752,#1753,#1754,#1755,
#1756,#1757,#1758),.UNSPECIFIED.,.T.,.F.) B_SPLINE_CURVE_WITH_KNOTS((1,2
    ,2,2,2,1),(-2.094395102393,0.,2.094395102393,4.188790204786,
6.28318530718,8.377580409573),.UNSPECIFIED.) CURVE() 
GEOMETRIC_REPRESENTATION_ITEM() RATIONAL_B_SPLINE_CURVE((1.,0.5,1.,0.5,
1.,0.5,1.)) REPRESENTATION_ITEM('') );
#1752 = CARTESIAN_POINT('',(59.8,112.9));
#1753 = CARTESIAN_POINT('',(51.139745962156,112.9));
#1754 = CARTESIAN_POINT('',(55.469872981078,120.4));
#1755 = CARTESIAN_POINT('',(59.8,127.9));
#1756 = CARTESIAN_POINT('',(64.130127018922,120.4));
#1757 = CARTESIAN_POINT('',(68.460254037844,112.9));
#1758 = CARTESIAN_POINT('',(59.8,112.9));
#1759 = ( GEOMETRIC_REPRESENTATION_CONTEXT(2) 
PARAMETRIC_REPRESENTATION_CONTEXT() REPRESENTATION_CONTEXT('2D SPACE',''
  ) );
#1760 = PCURVE('',#1761,#1766);
#1761 = CYLINDRICAL_SURFACE('',#1762,5.);
#1762 = AXIS2_PLACEMENT_3D('',#1763,#1764,#1765);
#1763 = CARTESIAN_POINT('',(59.8,117.9,-29.99999995));
#1764 = DIRECTION('',(0.,-0.,-1.));
#1765 = DIRECTION('',(0.,-1.,0.));
#1766 = DEFINITIONAL_REPRESENTATION('',(#1767),#1771);
#1767 = LINE('',#1768,#1769);
#1768 = CARTESIAN_POINT('',(0.,-29.99999995));
#1769 = VECTOR('',#1770,1.);
#1770 = DIRECTION('',(1.,0.));
#1771 = ( GEOMETRIC_REPRESENTATION_CONTEXT(2) 
PARAMETRIC_REPRESENTATION_CONTEXT() REPRESENTATION_CONTEXT('2D SPACE',''
  ) );
#1772 = ADVANCED_FACE('',(#1773),#363,.F.);
#1773 = FACE_BOUND('',#1774,.F.);
#1774 = EDGE_LOOP('',(#1775,#1796,#1797,#1798));
#1775 = ORIENTED_EDGE('',*,*,#1776,.T.);
#1776 = EDGE_CURVE('',#809,#347,#1777,.T.);
#1777 = SEAM_CURVE('',#1778,(#1782,#1789),.PCURVE_S1.);
#1778 = LINE('',#1779,#1780);
#1779 = CARTESIAN_POINT('',(22.5,15.,-30.));
#1780 = VECTOR('',#1781,1.);
#1781 = DIRECTION('',(0.,-1.,0.));
#1782 = PCURVE('',#363,#1783);
#1783 = DEFINITIONAL_REPRESENTATION('',(#1784),#1788);
#1784 = LINE('',#1785,#1786);
#1785 = CARTESIAN_POINT('',(9.424777960769,0.));
#1786 = VECTOR('',#1787,1.);
#1787 = DIRECTION('',(0.,1.));
#1788 = ( GEOMETRIC_REPRESENTATION_CONTEXT(2) 
PARAMETRIC_REPRESENTATION_CONTEXT() REPRESENTATION_CONTEXT('2D SPACE',''
  ) );
#1789 = PCURVE('',#363,#1790);
#1790 = DEFINITIONAL_REPRESENTATION('',(#1791),#1795);
#1791 = LINE('',#1792,#1793);
#1792 = CARTESIAN_POINT('',(3.14159265359,0.));
#1793 = VECTOR('',#1794,1.);
#1794 = DIRECTION('',(0.,1.));
#1795 = ( GEOMETRIC_REPRESENTATION_CONTEXT(2) 
PARAMETRIC_REPRESENTATION_CONTEXT() REPRESENTATION_CONTEXT('2D SPACE',''
  ) );
#1796 = ORIENTED_EDGE('',*,*,#346,.T.);
#1797 = ORIENTED_EDGE('',*,*,#1776,.F.);
#1798 = ORIENTED_EDGE('',*,*,#808,.T.);
#1799 = ADVANCED_FACE('',(#1800),#395,.F.);
#1800 = FACE_BOUND('',#1801,.T.);
#1801 = EDGE_LOOP('',(#1802,#1803,#1826,#1849,#1877,#1900));
#1802 = ORIENTED_EDGE('',*,*,#377,.F.);
#1803 = ORIENTED_EDGE('',*,*,#1804,.F.);
#1804 = EDGE_CURVE('',#1805,#378,#1807,.T.);
#1805 = VERTEX_POINT('',#1806);
#1806 = CARTESIAN_POINT('',(46.5,45.,-12.00000017881));
#1807 = SURFACE_CURVE('',#1808,(#1812,#1819),.PCURVE_S1.);
#1808 = LINE('',#1809,#1810);
#1809 = CARTESIAN_POINT('',(46.5,153.,-12.00000017881));
#1810 = VECTOR('',#1811,1.);
#1811 = DIRECTION('',(0.,-1.,0.));
#1812 = PCURVE('',#395,#1813);
#1813 = DEFINITIONAL_REPRESENTATION('',(#1814),#1818);
#1814 = LINE('',#1815,#1816);
#1815 = CARTESIAN_POINT('',(42.,0.));
#1816 = VECTOR('',#1817,1.);
#1817 = DIRECTION('',(0.,1.));
#1818 = ( GEOMETRIC_REPRESENTATION_CONTEXT(2) 
PARAMETRIC_REPRESENTATION_CONTEXT() REPRESENTATION_CONTEXT('2D SPACE',''
  ) );
#1819 = PCURVE('',#477,#1820);
#1820 = DEFINITIONAL_REPRESENTATION('',(#1821),#1825);
#1821 = LINE('',#1822,#1823);
#1822 = CARTESIAN_POINT('',(0.,-0.));
#1823 = VECTOR('',#1824,1.);
#1824 = DIRECTION('',(0.,1.));
#1825 = ( GEOMETRIC_REPRESENTATION_CONTEXT(2) 
PARAMETRIC_REPRESENTATION_CONTEXT() REPRESENTATION_CONTEXT('2D SPACE',''
  ) );
#1826 = ORIENTED_EDGE('',*,*,#1827,.F.);
#1827 = EDGE_CURVE('',#1828,#1805,#1830,.T.);
#1828 = VERTEX_POINT('',#1829);
#1829 = CARTESIAN_POINT('',(63.772029585268,32.674133133705,
    -12.00000017881));
#1830 = SURFACE_CURVE('',#1831,(#1835,#1842),.PCURVE_S1.);
#1831 = LINE('',#1832,#1833);
#1832 = CARTESIAN_POINT('',(43.517081573823,47.12870498007,
    -12.00000017881));
#1833 = VECTOR('',#1834,1.);
#1834 = DIRECTION('',(-0.813985207366,0.580885601637,0.));
#1835 = PCURVE('',#395,#1836);
#1836 = DEFINITIONAL_REPRESENTATION('',(#1837),#1841);
#1837 = LINE('',#1838,#1839);
#1838 = CARTESIAN_POINT('',(44.982918426177,105.87129501993));
#1839 = VECTOR('',#1840,1.);
#1840 = DIRECTION('',(0.813985207366,-0.580885601637));
#1841 = ( GEOMETRIC_REPRESENTATION_CONTEXT(2) 
PARAMETRIC_REPRESENTATION_CONTEXT() REPRESENTATION_CONTEXT('2D SPACE',''
  ) );
#1842 = PCURVE('',#1294,#1843);
#1843 = DEFINITIONAL_REPRESENTATION('',(#1844),#1848);
#1844 = LINE('',#1845,#1846);
#1845 = CARTESIAN_POINT('',(24.883680720666,12.00000017881));
#1846 = VECTOR('',#1847,1.);
#1847 = DIRECTION('',(1.,0.));
#1848 = ( GEOMETRIC_REPRESENTATION_CONTEXT(2) 
PARAMETRIC_REPRESENTATION_CONTEXT() REPRESENTATION_CONTEXT('2D SPACE',''
  ) );
#1849 = ORIENTED_EDGE('',*,*,#1850,.F.);
#1850 = EDGE_CURVE('',#1851,#1828,#1853,.T.);
#1851 = VERTEX_POINT('',#1852);
#1852 = CARTESIAN_POINT('',(74.546394116851,32.912157429756,
    -12.00000017881));
#1853 = SURFACE_CURVE('',#1854,(#1859,#1870),.PCURVE_S1.);
#1854 = CIRCLE('',#1855,9.);
#1855 = AXIS2_PLACEMENT_3D('',#1856,#1857,#1858);
#1856 = CARTESIAN_POINT('',(69.,40.,-12.00000017881));
#1857 = DIRECTION('',(0.,0.,-1.));
#1858 = DIRECTION('',(-0.580885601637,-0.813985207366,-0.));
#1859 = PCURVE('',#395,#1860);
#1860 = DEFINITIONAL_REPRESENTATION('',(#1861),#1869);
#1861 = ( BOUNDED_CURVE() B_SPLINE_CURVE(2,(#1862,#1863,#1864,#1865,
#1866,#1867,#1868),.UNSPECIFIED.,.T.,.F.) B_SPLINE_CURVE_WITH_KNOTS((1,2
    ,2,2,2,1),(-2.094395102393,0.,2.094395102393,4.188790204786,
6.28318530718,8.377580409573),.UNSPECIFIED.) CURVE() 
GEOMETRIC_REPRESENTATION_ITEM() RATIONAL_B_SPLINE_CURVE((1.,0.5,1.,0.5,
1.,0.5,1.)) REPRESENTATION_ITEM('') );
#1862 = CARTESIAN_POINT('',(24.727970414733,120.32586686629));
#1863 = CARTESIAN_POINT('',(37.416744036641,111.2707564875));
#1864 = CARTESIAN_POINT('',(23.230401603587,104.80951137746));
#1865 = CARTESIAN_POINT('',(9.044059170533,98.348266267411));
#1866 = CARTESIAN_POINT('',(10.54162798168,113.86462175624));
#1867 = CARTESIAN_POINT('',(12.039196792826,129.38097724508));
#1868 = CARTESIAN_POINT('',(24.727970414733,120.32586686629));
#1869 = ( GEOMETRIC_REPRESENTATION_CONTEXT(2) 
PARAMETRIC_REPRESENTATION_CONTEXT() REPRESENTATION_CONTEXT('2D SPACE',''
  ) );
#1870 = PCURVE('',#1266,#1871);
#1871 = DEFINITIONAL_REPRESENTATION('',(#1872),#1876);
#1872 = LINE('',#1873,#1874);
#1873 = CARTESIAN_POINT('',(8.881784197001E-16,12.000000178814));
#1874 = VECTOR('',#1875,1.);
#1875 = DIRECTION('',(1.,0.));
#1876 = ( GEOMETRIC_REPRESENTATION_CONTEXT(2) 
PARAMETRIC_REPRESENTATION_CONTEXT() REPRESENTATION_CONTEXT('2D SPACE',''
  ) );
#1877 = ORIENTED_EDGE('',*,*,#1878,.F.);
#1878 = EDGE_CURVE('',#1879,#1851,#1881,.T.);
#1879 = VERTEX_POINT('',#1880);
#1880 = CARTESIAN_POINT('',(88.5,43.823210820521,-12.00000017881));
#1881 = SURFACE_CURVE('',#1882,(#1886,#1893),.PCURVE_S1.);
#1882 = LINE('',#1883,#1884);
#1883 = CARTESIAN_POINT('',(115.85871133977,65.216416464327,
    -12.00000017881));
#1884 = VECTOR('',#1885,1.);
#1885 = DIRECTION('',(-0.787755920666,-0.615987507549,0.));
#1886 = PCURVE('',#395,#1887);
#1887 = DEFINITIONAL_REPRESENTATION('',(#1888),#1892);
#1888 = LINE('',#1889,#1890);
#1889 = CARTESIAN_POINT('',(-27.35871133977,87.783583535673));
#1890 = VECTOR('',#1891,1.);
#1891 = DIRECTION('',(0.787755920666,0.615987507549));
#1892 = ( GEOMETRIC_REPRESENTATION_CONTEXT(2) 
PARAMETRIC_REPRESENTATION_CONTEXT() REPRESENTATION_CONTEXT('2D SPACE',''
  ) );
#1893 = PCURVE('',#1237,#1894);
#1894 = DEFINITIONAL_REPRESENTATION('',(#1895),#1899);
#1895 = LINE('',#1896,#1897);
#1896 = CARTESIAN_POINT('',(-32.52160398612,12.00000017881));
#1897 = VECTOR('',#1898,1.);
#1898 = DIRECTION('',(1.,0.));
#1899 = ( GEOMETRIC_REPRESENTATION_CONTEXT(2) 
PARAMETRIC_REPRESENTATION_CONTEXT() REPRESENTATION_CONTEXT('2D SPACE',''
  ) );
#1900 = ORIENTED_EDGE('',*,*,#1901,.T.);
#1901 = EDGE_CURVE('',#1879,#380,#1902,.T.);
#1902 = SURFACE_CURVE('',#1903,(#1907,#1914),.PCURVE_S1.);
#1903 = LINE('',#1904,#1905);
#1904 = CARTESIAN_POINT('',(88.5,153.,-12.00000017881));
#1905 = VECTOR('',#1906,1.);
#1906 = DIRECTION('',(0.,-1.,0.));
#1907 = PCURVE('',#395,#1908);
#1908 = DEFINITIONAL_REPRESENTATION('',(#1909),#1913);
#1909 = LINE('',#1910,#1911);
#1910 = CARTESIAN_POINT('',(0.,0.));
#1911 = VECTOR('',#1912,1.);
#1912 = DIRECTION('',(0.,1.));
#1913 = ( GEOMETRIC_REPRESENTATION_CONTEXT(2) 
PARAMETRIC_REPRESENTATION_CONTEXT() REPRESENTATION_CONTEXT('2D SPACE',''
  ) );
#1914 = PCURVE('',#423,#1915);
#1915 = DEFINITIONAL_REPRESENTATION('',(#1916),#1920);
#1916 = LINE('',#1917,#1918);
#1917 = CARTESIAN_POINT('',(17.99999982119,0.));
#1918 = VECTOR('',#1919,1.);
#1919 = DIRECTION('',(0.,1.));
#1920 = ( GEOMETRIC_REPRESENTATION_CONTEXT(2) 
PARAMETRIC_REPRESENTATION_CONTEXT() REPRESENTATION_CONTEXT('2D SPACE',''
  ) );
#1921 = ADVANCED_FACE('',(#1922),#423,.F.);
#1922 = FACE_BOUND('',#1923,.T.);
#1923 = EDGE_LOOP('',(#1924,#1925,#1926,#1949));
#1924 = ORIENTED_EDGE('',*,*,#407,.F.);
#1925 = ORIENTED_EDGE('',*,*,#1901,.F.);
#1926 = ORIENTED_EDGE('',*,*,#1927,.F.);
#1927 = EDGE_CURVE('',#1928,#1879,#1930,.T.);
#1928 = VERTEX_POINT('',#1929);
#1929 = CARTESIAN_POINT('',(88.5,43.823210820521,-30.));
#1930 = SURFACE_CURVE('',#1931,(#1935,#1942),.PCURVE_S1.);
#1931 = LINE('',#1932,#1933);
#1932 = CARTESIAN_POINT('',(88.5,43.823210820521,-15.));
#1933 = VECTOR('',#1934,1.);
#1934 = DIRECTION('',(0.,0.,1.));
#1935 = PCURVE('',#423,#1936);
#1936 = DEFINITIONAL_REPRESENTATION('',(#1937),#1941);
#1937 = LINE('',#1938,#1939);
#1938 = CARTESIAN_POINT('',(15.,109.17678917947));
#1939 = VECTOR('',#1940,1.);
#1940 = DIRECTION('',(1.,0.));
#1941 = ( GEOMETRIC_REPRESENTATION_CONTEXT(2) 
PARAMETRIC_REPRESENTATION_CONTEXT() REPRESENTATION_CONTEXT('2D SPACE',''
  ) );
#1942 = PCURVE('',#1237,#1943);
#1943 = DEFINITIONAL_REPRESENTATION('',(#1944),#1948);
#1944 = LINE('',#1945,#1946);
#1945 = CARTESIAN_POINT('',(2.208330276573,15.));
#1946 = VECTOR('',#1947,1.);
#1947 = DIRECTION('',(0.,-1.));
#1948 = ( GEOMETRIC_REPRESENTATION_CONTEXT(2) 
PARAMETRIC_REPRESENTATION_CONTEXT() REPRESENTATION_CONTEXT('2D SPACE',''
  ) );
#1949 = ORIENTED_EDGE('',*,*,#1950,.T.);
#1950 = EDGE_CURVE('',#1928,#408,#1951,.T.);
#1951 = SURFACE_CURVE('',#1952,(#1956,#1963),.PCURVE_S1.);
#1952 = LINE('',#1953,#1954);
#1953 = CARTESIAN_POINT('',(88.5,153.,-30.));
#1954 = VECTOR('',#1955,1.);
#1955 = DIRECTION('',(0.,-1.,0.));
#1956 = PCURVE('',#423,#1957);
#1957 = DEFINITIONAL_REPRESENTATION('',(#1958),#1962);
#1958 = LINE('',#1959,#1960);
#1959 = CARTESIAN_POINT('',(0.,0.));
#1960 = VECTOR('',#1961,1.);
#1961 = DIRECTION('',(0.,1.));
#1962 = ( GEOMETRIC_REPRESENTATION_CONTEXT(2) 
PARAMETRIC_REPRESENTATION_CONTEXT() REPRESENTATION_CONTEXT('2D SPACE',''
  ) );
#1963 = PCURVE('',#451,#1964);
#1964 = DEFINITIONAL_REPRESENTATION('',(#1965),#1969);
#1965 = LINE('',#1966,#1967);
#1966 = CARTESIAN_POINT('',(42.,0.));
#1967 = VECTOR('',#1968,1.);
#1968 = DIRECTION('',(0.,1.));
#1969 = ( GEOMETRIC_REPRESENTATION_CONTEXT(2) 
PARAMETRIC_REPRESENTATION_CONTEXT() REPRESENTATION_CONTEXT('2D SPACE',''
  ) );
#1970 = ADVANCED_FACE('',(#1971),#451,.F.);
#1971 = FACE_BOUND('',#1972,.T.);
#1972 = EDGE_LOOP('',(#1973,#1974,#1975,#1998,#2031,#2059));
#1973 = ORIENTED_EDGE('',*,*,#435,.F.);
#1974 = ORIENTED_EDGE('',*,*,#1950,.F.);
#1975 = ORIENTED_EDGE('',*,*,#1976,.F.);
#1976 = EDGE_CURVE('',#1977,#1928,#1979,.T.);
#1977 = VERTEX_POINT('',#1978);
#1978 = CARTESIAN_POINT('',(74.546394116851,32.912157429756,-30.));
#1979 = SURFACE_CURVE('',#1980,(#1984,#1991),.PCURVE_S1.);
#1980 = LINE('',#1981,#1982);
#1981 = CARTESIAN_POINT('',(102.82696413835,55.026212535648,-30.));
#1982 = VECTOR('',#1983,1.);
#1983 = DIRECTION('',(0.787755920666,0.615987507549,0.));
#1984 = PCURVE('',#451,#1985);
#1985 = DEFINITIONAL_REPRESENTATION('',(#1986),#1990);
#1986 = LINE('',#1987,#1988);
#1987 = CARTESIAN_POINT('',(56.32696413835,97.973787464352));
#1988 = VECTOR('',#1989,1.);
#1989 = DIRECTION('',(0.787755920666,-0.615987507549));
#1990 = ( GEOMETRIC_REPRESENTATION_CONTEXT(2) 
PARAMETRIC_REPRESENTATION_CONTEXT() REPRESENTATION_CONTEXT('2D SPACE',''
  ) );
#1991 = PCURVE('',#1237,#1992);
#1992 = DEFINITIONAL_REPRESENTATION('',(#1993),#1997);
#1993 = LINE('',#1994,#1995);
#1994 = CARTESIAN_POINT('',(-15.97872965214,30.));
#1995 = VECTOR('',#1996,1.);
#1996 = DIRECTION('',(-1.,0.));
#1997 = ( GEOMETRIC_REPRESENTATION_CONTEXT(2) 
PARAMETRIC_REPRESENTATION_CONTEXT() REPRESENTATION_CONTEXT('2D SPACE',''
  ) );
#1998 = ORIENTED_EDGE('',*,*,#1999,.F.);
#1999 = EDGE_CURVE('',#2000,#1977,#2002,.T.);
#2000 = VERTEX_POINT('',#2001);
#2001 = CARTESIAN_POINT('',(63.772029585268,32.674133133705,-30.));
#2002 = SURFACE_CURVE('',#2003,(#2008,#2019),.PCURVE_S1.);
#2003 = CIRCLE('',#2004,9.);
#2004 = AXIS2_PLACEMENT_3D('',#2005,#2006,#2007);
#2005 = CARTESIAN_POINT('',(69.,40.,-30.));
#2006 = DIRECTION('',(0.,0.,1.));
#2007 = DIRECTION('',(-0.580885601637,-0.813985207366,0.));
#2008 = PCURVE('',#451,#2009);
#2009 = DEFINITIONAL_REPRESENTATION('',(#2010),#2018);
#2010 = ( BOUNDED_CURVE() B_SPLINE_CURVE(2,(#2011,#2012,#2013,#2014,
#2015,#2016,#2017),.UNSPECIFIED.,.T.,.F.) B_SPLINE_CURVE_WITH_KNOTS((1,2
    ,2,2,2,1),(-2.094395102393,0.,2.094395102393,4.188790204786,
6.28318530718,8.377580409573),.UNSPECIFIED.) CURVE() 
GEOMETRIC_REPRESENTATION_ITEM() RATIONAL_B_SPLINE_CURVE((1.,0.5,1.,0.5,
1.,0.5,1.)) REPRESENTATION_ITEM('') );
#2011 = CARTESIAN_POINT('',(17.272029585267,120.32586686629));
#2012 = CARTESIAN_POINT('',(29.960803207174,129.38097724508));
#2013 = CARTESIAN_POINT('',(31.45837201832,113.86462175624));
#2014 = CARTESIAN_POINT('',(32.955940829467,98.348266267411));
#2015 = CARTESIAN_POINT('',(18.769598396413,104.80951137746));
#2016 = CARTESIAN_POINT('',(4.583255963359,111.2707564875));
#2017 = CARTESIAN_POINT('',(17.272029585267,120.32586686629));
#2018 = ( GEOMETRIC_REPRESENTATION_CONTEXT(2) 
PARAMETRIC_REPRESENTATION_CONTEXT() REPRESENTATION_CONTEXT('2D SPACE',''
  ) );
#2019 = PCURVE('',#2020,#2025);
#2020 = CYLINDRICAL_SURFACE('',#2021,9.);
#2021 = AXIS2_PLACEMENT_3D('',#2022,#2023,#2024);
#2022 = CARTESIAN_POINT('',(69.,40.,0.));
#2023 = DIRECTION('',(0.,0.,-1.));
#2024 = DIRECTION('',(-0.580885601637,-0.813985207366,-0.));
#2025 = DEFINITIONAL_REPRESENTATION('',(#2026),#2030);
#2026 = LINE('',#2027,#2028);
#2027 = CARTESIAN_POINT('',(6.28318530718,30.));
#2028 = VECTOR('',#2029,1.);
#2029 = DIRECTION('',(-1.,0.));
#2030 = ( GEOMETRIC_REPRESENTATION_CONTEXT(2) 
PARAMETRIC_REPRESENTATION_CONTEXT() REPRESENTATION_CONTEXT('2D SPACE',''
  ) );
#2031 = ORIENTED_EDGE('',*,*,#2032,.F.);
#2032 = EDGE_CURVE('',#2033,#2000,#2035,.T.);
#2033 = VERTEX_POINT('',#2034);
#2034 = CARTESIAN_POINT('',(46.5,45.,-30.));
#2035 = SURFACE_CURVE('',#2036,(#2040,#2047),.PCURVE_S1.);
#2036 = LINE('',#2037,#2038);
#2037 = CARTESIAN_POINT('',(29.603071299794,57.058183005063,-30.));
#2038 = VECTOR('',#2039,1.);
#2039 = DIRECTION('',(0.813985207366,-0.580885601637,0.));
#2040 = PCURVE('',#451,#2041);
#2041 = DEFINITIONAL_REPRESENTATION('',(#2042),#2046);
#2042 = LINE('',#2043,#2044);
#2043 = CARTESIAN_POINT('',(-16.8969287002,95.941816994937));
#2044 = VECTOR('',#2045,1.);
#2045 = DIRECTION('',(0.813985207366,0.580885601637));
#2046 = ( GEOMETRIC_REPRESENTATION_CONTEXT(2) 
PARAMETRIC_REPRESENTATION_CONTEXT() REPRESENTATION_CONTEXT('2D SPACE',''
  ) );
#2047 = PCURVE('',#2048,#2053);
#2048 = PLANE('',#2049);
#2049 = AXIS2_PLACEMENT_3D('',#2050,#2051,#2052);
#2050 = CARTESIAN_POINT('',(63.772029585268,32.674133133705,0.));
#2051 = DIRECTION('',(-0.580885601637,-0.813985207366,0.));
#2052 = DIRECTION('',(-0.813985207366,0.580885601637,0.));
#2053 = DEFINITIONAL_REPRESENTATION('',(#2054),#2058);
#2054 = LINE('',#2055,#2056);
#2055 = CARTESIAN_POINT('',(41.977370075355,30.));
#2056 = VECTOR('',#2057,1.);
#2057 = DIRECTION('',(-1.,-0.));
#2058 = ( GEOMETRIC_REPRESENTATION_CONTEXT(2) 
PARAMETRIC_REPRESENTATION_CONTEXT() REPRESENTATION_CONTEXT('2D SPACE',''
  ) );
#2059 = ORIENTED_EDGE('',*,*,#2060,.T.);
#2060 = EDGE_CURVE('',#2033,#436,#2061,.T.);
#2061 = SURFACE_CURVE('',#2062,(#2066,#2073),.PCURVE_S1.);
#2062 = LINE('',#2063,#2064);
#2063 = CARTESIAN_POINT('',(46.5,153.,-30.));
#2064 = VECTOR('',#2065,1.);
#2065 = DIRECTION('',(0.,-1.,0.));
#2066 = PCURVE('',#451,#2067);
#2067 = DEFINITIONAL_REPRESENTATION('',(#2068),#2072);
#2068 = LINE('',#2069,#2070);
#2069 = CARTESIAN_POINT('',(0.,0.));
#2070 = VECTOR('',#2071,1.);
#2071 = DIRECTION('',(0.,1.));
#2072 = ( GEOMETRIC_REPRESENTATION_CONTEXT(2) 
PARAMETRIC_REPRESENTATION_CONTEXT() REPRESENTATION_CONTEXT('2D SPACE',''
  ) );
#2073 = PCURVE('',#477,#2074);
#2074 = DEFINITIONAL_REPRESENTATION('',(#2075),#2079);
#2075 = LINE('',#2076,#2077);
#2076 = CARTESIAN_POINT('',(17.99999982119,0.));
#2077 = VECTOR('',#2078,1.);
#2078 = DIRECTION('',(0.,1.));
#2079 = ( GEOMETRIC_REPRESENTATION_CONTEXT(2) 
PARAMETRIC_REPRESENTATION_CONTEXT() REPRESENTATION_CONTEXT('2D SPACE',''
  ) );
#2080 = ADVANCED_FACE('',(#2081),#477,.F.);
#2081 = FACE_BOUND('',#2082,.T.);
#2082 = EDGE_LOOP('',(#2083,#2084,#2085,#2106));
#2083 = ORIENTED_EDGE('',*,*,#463,.F.);
#2084 = ORIENTED_EDGE('',*,*,#2060,.F.);
#2085 = ORIENTED_EDGE('',*,*,#2086,.F.);
#2086 = EDGE_CURVE('',#1805,#2033,#2087,.T.);
#2087 = SURFACE_CURVE('',#2088,(#2092,#2099),.PCURVE_S1.);
#2088 = LINE('',#2089,#2090);
#2089 = CARTESIAN_POINT('',(46.5,45.,0.));
#2090 = VECTOR('',#2091,1.);
#2091 = DIRECTION('',(0.,0.,-1.));
#2092 = PCURVE('',#477,#2093);
#2093 = DEFINITIONAL_REPRESENTATION('',(#2094),#2098);
#2094 = LINE('',#2095,#2096);
#2095 = CARTESIAN_POINT('',(-12.00000017881,108.));
#2096 = VECTOR('',#2097,1.);
#2097 = DIRECTION('',(1.,0.));
#2098 = ( GEOMETRIC_REPRESENTATION_CONTEXT(2) 
PARAMETRIC_REPRESENTATION_CONTEXT() REPRESENTATION_CONTEXT('2D SPACE',''
  ) );
#2099 = PCURVE('',#1322,#2100);
#2100 = DEFINITIONAL_REPRESENTATION('',(#2101),#2105);
#2101 = LINE('',#2102,#2103);
#2102 = CARTESIAN_POINT('',(0.,-0.));
#2103 = VECTOR('',#2104,1.);
#2104 = DIRECTION('',(0.,1.));
#2105 = ( GEOMETRIC_REPRESENTATION_CONTEXT(2) 
PARAMETRIC_REPRESENTATION_CONTEXT() REPRESENTATION_CONTEXT('2D SPACE',''
  ) );
#2106 = ORIENTED_EDGE('',*,*,#1804,.T.);
#2107 = ADVANCED_FACE('',(#2108),#510,.F.);
#2108 = FACE_BOUND('',#2109,.F.);
#2109 = EDGE_LOOP('',(#2110,#2111,#2112,#2135));
#2110 = ORIENTED_EDGE('',*,*,#492,.F.);
#2111 = ORIENTED_EDGE('',*,*,#1389,.F.);
#2112 = ORIENTED_EDGE('',*,*,#2113,.F.);
#2113 = EDGE_CURVE('',#2114,#1390,#2116,.T.);
#2114 = VERTEX_POINT('',#2115);
#2115 = CARTESIAN_POINT('',(130.5,19.,-42.));
#2116 = SURFACE_CURVE('',#2117,(#2121,#2128),.PCURVE_S1.);
#2117 = LINE('',#2118,#2119);
#2118 = CARTESIAN_POINT('',(130.5,19.,-15.));
#2119 = VECTOR('',#2120,1.);
#2120 = DIRECTION('',(0.,0.,1.));
#2121 = PCURVE('',#510,#2122);
#2122 = DEFINITIONAL_REPRESENTATION('',(#2123),#2127);
#2123 = LINE('',#2124,#2125);
#2124 = CARTESIAN_POINT('',(5.497787143783,0.));
#2125 = VECTOR('',#2126,1.);
#2126 = DIRECTION('',(0.,1.));
#2127 = ( GEOMETRIC_REPRESENTATION_CONTEXT(2) 
PARAMETRIC_REPRESENTATION_CONTEXT() REPRESENTATION_CONTEXT('2D SPACE',''
  ) );
#2128 = PCURVE('',#1429,#2129);
#2129 = DEFINITIONAL_REPRESENTATION('',(#2130),#2134);
#2130 = LINE('',#2131,#2132);
#2131 = CARTESIAN_POINT('',(15.,4.));
#2132 = VECTOR('',#2133,1.);
#2133 = DIRECTION('',(-1.,0.));
#2134 = ( GEOMETRIC_REPRESENTATION_CONTEXT(2) 
PARAMETRIC_REPRESENTATION_CONTEXT() REPRESENTATION_CONTEXT('2D SPACE',''
  ) );
#2135 = ORIENTED_EDGE('',*,*,#2136,.F.);
#2136 = EDGE_CURVE('',#495,#2114,#2137,.T.);
#2137 = SURFACE_CURVE('',#2138,(#2143,#2150),.PCURVE_S1.);
#2138 = CIRCLE('',#2139,4.);
#2139 = AXIS2_PLACEMENT_3D('',#2140,#2141,#2142);
#2140 = CARTESIAN_POINT('',(134.5,19.,-42.));
#2141 = DIRECTION('',(0.,0.,-1.));
#2142 = DIRECTION('',(-0.707106781187,-0.707106781187,-0.));
#2143 = PCURVE('',#510,#2144);
#2144 = DEFINITIONAL_REPRESENTATION('',(#2145),#2149);
#2145 = LINE('',#2146,#2147);
#2146 = CARTESIAN_POINT('',(12.566370614359,-27.));
#2147 = VECTOR('',#2148,1.);
#2148 = DIRECTION('',(-1.,0.));
#2149 = ( GEOMETRIC_REPRESENTATION_CONTEXT(2) 
PARAMETRIC_REPRESENTATION_CONTEXT() REPRESENTATION_CONTEXT('2D SPACE',''
  ) );
#2150 = PCURVE('',#791,#2151);
#2151 = DEFINITIONAL_REPRESENTATION('',(#2152),#2156);
#2152 = CIRCLE('',#2153,4.);
#2153 = AXIS2_PLACEMENT_2D('',#2154,#2155);
#2154 = CARTESIAN_POINT('',(-4.,4.));
#2155 = DIRECTION('',(0.707106781187,-0.707106781187));
#2156 = ( GEOMETRIC_REPRESENTATION_CONTEXT(2) 
PARAMETRIC_REPRESENTATION_CONTEXT() REPRESENTATION_CONTEXT('2D SPACE',''
  ) );
#2157 = ADVANCED_FACE('',(#2158),#765,.F.);
#2158 = FACE_BOUND('',#2159,.F.);
#2159 = EDGE_LOOP('',(#2160,#2183,#2184,#2185));
#2160 = ORIENTED_EDGE('',*,*,#2161,.F.);
#2161 = EDGE_CURVE('',#1335,#2162,#2164,.T.);
#2162 = VERTEX_POINT('',#2163);
#2163 = CARTESIAN_POINT('',(37.5,24.,-42.));
#2164 = SURFACE_CURVE('',#2165,(#2169,#2176),.PCURVE_S1.);
#2165 = LINE('',#2166,#2167);
#2166 = CARTESIAN_POINT('',(37.5,24.,-36.));
#2167 = VECTOR('',#2168,1.);
#2168 = DIRECTION('',(1.057355261548E-16,0.,-1.));
#2169 = PCURVE('',#765,#2170);
#2170 = DEFINITIONAL_REPRESENTATION('',(#2171),#2175);
#2171 = LINE('',#2172,#2173);
#2172 = CARTESIAN_POINT('',(5.497787143782,7.105427357601E-15));
#2173 = VECTOR('',#2174,1.);
#2174 = DIRECTION('',(0.,1.));
#2175 = ( GEOMETRIC_REPRESENTATION_CONTEXT(2) 
PARAMETRIC_REPRESENTATION_CONTEXT() REPRESENTATION_CONTEXT('2D SPACE',''
  ) );
#2176 = PCURVE('',#1350,#2177);
#2177 = DEFINITIONAL_REPRESENTATION('',(#2178),#2182);
#2178 = LINE('',#2179,#2180);
#2179 = CARTESIAN_POINT('',(6.,9.));
#2180 = VECTOR('',#2181,1.);
#2181 = DIRECTION('',(-1.,0.));
#2182 = ( GEOMETRIC_REPRESENTATION_CONTEXT(2) 
PARAMETRIC_REPRESENTATION_CONTEXT() REPRESENTATION_CONTEXT('2D SPACE',''
  ) );
#2183 = ORIENTED_EDGE('',*,*,#1362,.F.);
#2184 = ORIENTED_EDGE('',*,*,#749,.F.);
#2185 = ORIENTED_EDGE('',*,*,#2186,.F.);
#2186 = EDGE_CURVE('',#2162,#750,#2187,.T.);
#2187 = SURFACE_CURVE('',#2188,(#2193,#2200),.PCURVE_S1.);
#2188 = CIRCLE('',#2189,9.);
#2189 = AXIS2_PLACEMENT_3D('',#2190,#2191,#2192);
#2190 = CARTESIAN_POINT('',(28.5,24.,-42.));
#2191 = DIRECTION('',(0.,0.,-1.));
#2192 = DIRECTION('',(0.707106781187,-0.707106781187,0.));
#2193 = PCURVE('',#765,#2194);
#2194 = DEFINITIONAL_REPRESENTATION('',(#2195),#2199);
#2195 = LINE('',#2196,#2197);
#2196 = CARTESIAN_POINT('',(0.,6.));
#2197 = VECTOR('',#2198,1.);
#2198 = DIRECTION('',(1.,-4.52345554697E-15));
#2199 = ( GEOMETRIC_REPRESENTATION_CONTEXT(2) 
PARAMETRIC_REPRESENTATION_CONTEXT() REPRESENTATION_CONTEXT('2D SPACE',''
  ) );
#2200 = PCURVE('',#791,#2201);
#2201 = DEFINITIONAL_REPRESENTATION('',(#2202),#2206);
#2202 = CIRCLE('',#2203,9.);
#2203 = AXIS2_PLACEMENT_2D('',#2204,#2205);
#2204 = CARTESIAN_POINT('',(102.,9.));
#2205 = DIRECTION('',(-0.707106781187,-0.707106781187));
#2206 = ( GEOMETRIC_REPRESENTATION_CONTEXT(2) 
PARAMETRIC_REPRESENTATION_CONTEXT() REPRESENTATION_CONTEXT('2D SPACE',''
  ) );
#2207 = ADVANCED_FACE('',(#2208,#2588,#2712),#791,.T.);
#2208 = FACE_BOUND('',#2209,.T.);
#2209 = EDGE_LOOP('',(#2210,#2240,#2263,#2291,#2315,#2336,#2337,#2338,
    #2339,#2362,#2385,#2408,#2436,#2459,#2487,#2515,#2543,#2567));
#2210 = ORIENTED_EDGE('',*,*,#2211,.F.);
#2211 = EDGE_CURVE('',#2212,#2214,#2216,.T.);
#2212 = VERTEX_POINT('',#2213);
#2213 = CARTESIAN_POINT('',(97.5,156.,-42.));
#2214 = VERTEX_POINT('',#2215);
#2215 = CARTESIAN_POINT('',(37.5,156.,-42.));
#2216 = SURFACE_CURVE('',#2217,(#2221,#2228),.PCURVE_S1.);
#2217 = LINE('',#2218,#2219);
#2218 = CARTESIAN_POINT('',(99.,156.,-42.));
#2219 = VECTOR('',#2220,1.);
#2220 = DIRECTION('',(-1.,0.,0.));
#2221 = PCURVE('',#791,#2222);
#2222 = DEFINITIONAL_REPRESENTATION('',(#2223),#2227);
#2223 = LINE('',#2224,#2225);
#2224 = CARTESIAN_POINT('',(31.5,141.));
#2225 = VECTOR('',#2226,1.);
#2226 = DIRECTION('',(1.,0.));
#2227 = ( GEOMETRIC_REPRESENTATION_CONTEXT(2) 
PARAMETRIC_REPRESENTATION_CONTEXT() REPRESENTATION_CONTEXT('2D SPACE',''
  ) );
#2228 = PCURVE('',#2229,#2234);
#2229 = CYLINDRICAL_SURFACE('',#2230,6.);
#2230 = AXIS2_PLACEMENT_3D('',#2231,#2232,#2233);
#2231 = CARTESIAN_POINT('',(99.,156.,-36.));
#2232 = DIRECTION('',(-1.,0.,0.));
#2233 = DIRECTION('',(0.,0.707106781187,-0.707106781187));
#2234 = DEFINITIONAL_REPRESENTATION('',(#2235),#2239);
#2235 = LINE('',#2236,#2237);
#2236 = CARTESIAN_POINT('',(7.068583470577,0.));
#2237 = VECTOR('',#2238,1.);
#2238 = DIRECTION('',(0.,1.));
#2239 = ( GEOMETRIC_REPRESENTATION_CONTEXT(2) 
PARAMETRIC_REPRESENTATION_CONTEXT() REPRESENTATION_CONTEXT('2D SPACE',''
  ) );
#2240 = ORIENTED_EDGE('',*,*,#2241,.T.);
#2241 = EDGE_CURVE('',#2212,#2242,#2244,.T.);
#2242 = VERTEX_POINT('',#2243);
#2243 = CARTESIAN_POINT('',(97.5,111.31160097069,-42.));
#2244 = SURFACE_CURVE('',#2245,(#2249,#2256),.PCURVE_S1.);
#2245 = LINE('',#2246,#2247);
#2246 = CARTESIAN_POINT('',(97.5,63.155800485347,-42.));
#2247 = VECTOR('',#2248,1.);
#2248 = DIRECTION('',(0.,-1.,0.));
#2249 = PCURVE('',#791,#2250);
#2250 = DEFINITIONAL_REPRESENTATION('',(#2251),#2255);
#2251 = LINE('',#2252,#2253);
#2252 = CARTESIAN_POINT('',(33.,48.155800485347));
#2253 = VECTOR('',#2254,1.);
#2254 = DIRECTION('',(0.,-1.));
#2255 = ( GEOMETRIC_REPRESENTATION_CONTEXT(2) 
PARAMETRIC_REPRESENTATION_CONTEXT() REPRESENTATION_CONTEXT('2D SPACE',''
  ) );
#2256 = PCURVE('',#1517,#2257);
#2257 = DEFINITIONAL_REPRESENTATION('',(#2258),#2262);
#2258 = LINE('',#2259,#2260);
#2259 = CARTESIAN_POINT('',(-48.15580048534,42.));
#2260 = VECTOR('',#2261,1.);
#2261 = DIRECTION('',(-1.,0.));
#2262 = ( GEOMETRIC_REPRESENTATION_CONTEXT(2) 
PARAMETRIC_REPRESENTATION_CONTEXT() REPRESENTATION_CONTEXT('2D SPACE',''
  ) );
#2263 = ORIENTED_EDGE('',*,*,#2264,.T.);
#2264 = EDGE_CURVE('',#2242,#2265,#2267,.T.);
#2265 = VERTEX_POINT('',#2266);
#2266 = CARTESIAN_POINT('',(102.675,103.16486082509,-42.));
#2267 = SURFACE_CURVE('',#2268,(#2273,#2284),.PCURVE_S1.);
#2268 = CIRCLE('',#2269,9.);
#2269 = AXIS2_PLACEMENT_3D('',#2270,#2271,#2272);
#2270 = CARTESIAN_POINT('',(106.5,111.31160097069,-42.));
#2271 = DIRECTION('',(0.,0.,1.));
#2272 = DIRECTION('',(-1.,1.973729821556E-15,0.));
#2273 = PCURVE('',#791,#2274);
#2274 = DEFINITIONAL_REPRESENTATION('',(#2275),#2283);
#2275 = ( BOUNDED_CURVE() B_SPLINE_CURVE(2,(#2276,#2277,#2278,#2279,
#2280,#2281,#2282),.UNSPECIFIED.,.T.,.F.) B_SPLINE_CURVE_WITH_KNOTS((1,2
    ,2,2,2,1),(-2.094395102393,0.,2.094395102393,4.188790204786,
6.28318530718,8.377580409573),.UNSPECIFIED.) CURVE() 
GEOMETRIC_REPRESENTATION_ITEM() RATIONAL_B_SPLINE_CURVE((1.,0.5,1.,0.5,
1.,0.5,1.)) REPRESENTATION_ITEM('') );
#2276 = CARTESIAN_POINT('',(33.,96.31160097069));
#2277 = CARTESIAN_POINT('',(33.,80.72314370257));
#2278 = CARTESIAN_POINT('',(19.5,88.51737233663));
#2279 = CARTESIAN_POINT('',(6.,96.31160097069));
#2280 = CARTESIAN_POINT('',(19.5,104.10582960475));
#2281 = CARTESIAN_POINT('',(33.,111.90005823881));
#2282 = CARTESIAN_POINT('',(33.,96.31160097069));
#2283 = ( GEOMETRIC_REPRESENTATION_CONTEXT(2) 
PARAMETRIC_REPRESENTATION_CONTEXT() REPRESENTATION_CONTEXT('2D SPACE',''
  ) );
#2284 = PCURVE('',#1491,#2285);
#2285 = DEFINITIONAL_REPRESENTATION('',(#2286),#2290);
#2286 = LINE('',#2287,#2288);
#2287 = CARTESIAN_POINT('',(6.28318530718,42.));
#2288 = VECTOR('',#2289,1.);
#2289 = DIRECTION('',(-1.,0.));
#2290 = ( GEOMETRIC_REPRESENTATION_CONTEXT(2) 
PARAMETRIC_REPRESENTATION_CONTEXT() REPRESENTATION_CONTEXT('2D SPACE',''
  ) );
#2291 = ORIENTED_EDGE('',*,*,#2292,.T.);
#2292 = EDGE_CURVE('',#2265,#2293,#2295,.T.);
#2293 = VERTEX_POINT('',#2294);
#2294 = CARTESIAN_POINT('',(130.5,69.278029157809,-42.));
#2295 = SURFACE_CURVE('',#2296,(#2301,#2308),.PCURVE_S1.);
#2296 = CIRCLE('',#2297,51.);
#2297 = AXIS2_PLACEMENT_3D('',#2298,#2299,#2300);
#2298 = CARTESIAN_POINT('',(81.,57.,-42.));
#2299 = DIRECTION('',(0.,0.,-1.));
#2300 = DIRECTION('',(0.970588235294,0.240745669761,0.));
#2301 = PCURVE('',#791,#2302);
#2302 = DEFINITIONAL_REPRESENTATION('',(#2303),#2307);
#2303 = CIRCLE('',#2304,51.);
#2304 = AXIS2_PLACEMENT_2D('',#2305,#2306);
#2305 = CARTESIAN_POINT('',(49.5,42.));
#2306 = DIRECTION('',(-0.970588235294,0.240745669761));
#2307 = ( GEOMETRIC_REPRESENTATION_CONTEXT(2) 
PARAMETRIC_REPRESENTATION_CONTEXT() REPRESENTATION_CONTEXT('2D SPACE',''
  ) );
#2308 = PCURVE('',#1458,#2309);
#2309 = DEFINITIONAL_REPRESENTATION('',(#2310),#2314);
#2310 = LINE('',#2311,#2312);
#2311 = CARTESIAN_POINT('',(-8.881784197001E-16,42.));
#2312 = VECTOR('',#2313,1.);
#2313 = DIRECTION('',(1.,0.));
#2314 = ( GEOMETRIC_REPRESENTATION_CONTEXT(2) 
PARAMETRIC_REPRESENTATION_CONTEXT() REPRESENTATION_CONTEXT('2D SPACE',''
  ) );
#2315 = ORIENTED_EDGE('',*,*,#2316,.F.);
#2316 = EDGE_CURVE('',#2114,#2293,#2317,.T.);
#2317 = SURFACE_CURVE('',#2318,(#2322,#2329),.PCURVE_S1.);
#2318 = LINE('',#2319,#2320);
#2319 = CARTESIAN_POINT('',(130.5,15.,-42.));
#2320 = VECTOR('',#2321,1.);
#2321 = DIRECTION('',(0.,1.,0.));
#2322 = PCURVE('',#791,#2323);
#2323 = DEFINITIONAL_REPRESENTATION('',(#2324),#2328);
#2324 = LINE('',#2325,#2326);
#2325 = CARTESIAN_POINT('',(0.,0.));
#2326 = VECTOR('',#2327,1.);
#2327 = DIRECTION('',(0.,1.));
#2328 = ( GEOMETRIC_REPRESENTATION_CONTEXT(2) 
PARAMETRIC_REPRESENTATION_CONTEXT() REPRESENTATION_CONTEXT('2D SPACE',''
  ) );
#2329 = PCURVE('',#1429,#2330);
#2330 = DEFINITIONAL_REPRESENTATION('',(#2331),#2335);
#2331 = LINE('',#2332,#2333);
#2332 = CARTESIAN_POINT('',(42.,0.));
#2333 = VECTOR('',#2334,1.);
#2334 = DIRECTION('',(0.,1.));
#2335 = ( GEOMETRIC_REPRESENTATION_CONTEXT(2) 
PARAMETRIC_REPRESENTATION_CONTEXT() REPRESENTATION_CONTEXT('2D SPACE',''
  ) );
#2336 = ORIENTED_EDGE('',*,*,#2136,.F.);
#2337 = ORIENTED_EDGE('',*,*,#777,.F.);
#2338 = ORIENTED_EDGE('',*,*,#2186,.F.);
#2339 = ORIENTED_EDGE('',*,*,#2340,.T.);
#2340 = EDGE_CURVE('',#2162,#2341,#2343,.T.);
#2341 = VERTEX_POINT('',#2342);
#2342 = CARTESIAN_POINT('',(37.5,45.,-42.));
#2343 = SURFACE_CURVE('',#2344,(#2348,#2355),.PCURVE_S1.);
#2344 = LINE('',#2345,#2346);
#2345 = CARTESIAN_POINT('',(37.5,15.,-42.));
#2346 = VECTOR('',#2347,1.);
#2347 = DIRECTION('',(0.,1.,0.));
#2348 = PCURVE('',#791,#2349);
#2349 = DEFINITIONAL_REPRESENTATION('',(#2350),#2354);
#2350 = LINE('',#2351,#2352);
#2351 = CARTESIAN_POINT('',(93.,0.));
#2352 = VECTOR('',#2353,1.);
#2353 = DIRECTION('',(0.,1.));
#2354 = ( GEOMETRIC_REPRESENTATION_CONTEXT(2) 
PARAMETRIC_REPRESENTATION_CONTEXT() REPRESENTATION_CONTEXT('2D SPACE',''
  ) );
#2355 = PCURVE('',#1350,#2356);
#2356 = DEFINITIONAL_REPRESENTATION('',(#2357),#2361);
#2357 = LINE('',#2358,#2359);
#2358 = CARTESIAN_POINT('',(0.,0.));
#2359 = VECTOR('',#2360,1.);
#2360 = DIRECTION('',(0.,1.));
#2361 = ( GEOMETRIC_REPRESENTATION_CONTEXT(2) 
PARAMETRIC_REPRESENTATION_CONTEXT() REPRESENTATION_CONTEXT('2D SPACE',''
  ) );
#2362 = ORIENTED_EDGE('',*,*,#2363,.T.);
#2363 = EDGE_CURVE('',#2341,#2364,#2366,.T.);
#2364 = VERTEX_POINT('',#2365);
#2365 = CARTESIAN_POINT('',(46.5,45.,-42.));
#2366 = SURFACE_CURVE('',#2367,(#2371,#2378),.PCURVE_S1.);
#2367 = LINE('',#2368,#2369);
#2368 = CARTESIAN_POINT('',(88.5,45.,-42.));
#2369 = VECTOR('',#2370,1.);
#2370 = DIRECTION('',(1.,0.,0.));
#2371 = PCURVE('',#791,#2372);
#2372 = DEFINITIONAL_REPRESENTATION('',(#2373),#2377);
#2373 = LINE('',#2374,#2375);
#2374 = CARTESIAN_POINT('',(42.,30.));
#2375 = VECTOR('',#2376,1.);
#2376 = DIRECTION('',(-1.,0.));
#2377 = ( GEOMETRIC_REPRESENTATION_CONTEXT(2) 
PARAMETRIC_REPRESENTATION_CONTEXT() REPRESENTATION_CONTEXT('2D SPACE',''
  ) );
#2378 = PCURVE('',#1322,#2379);
#2379 = DEFINITIONAL_REPRESENTATION('',(#2380),#2384);
#2380 = LINE('',#2381,#2382);
#2381 = CARTESIAN_POINT('',(-42.,42.));
#2382 = VECTOR('',#2383,1.);
#2383 = DIRECTION('',(-1.,-0.));
#2384 = ( GEOMETRIC_REPRESENTATION_CONTEXT(2) 
PARAMETRIC_REPRESENTATION_CONTEXT() REPRESENTATION_CONTEXT('2D SPACE',''
  ) );
#2385 = ORIENTED_EDGE('',*,*,#2386,.T.);
#2386 = EDGE_CURVE('',#2364,#2387,#2389,.T.);
#2387 = VERTEX_POINT('',#2388);
#2388 = CARTESIAN_POINT('',(63.772029585268,32.674133133705,-42.));
#2389 = SURFACE_CURVE('',#2390,(#2394,#2401),.PCURVE_S1.);
#2390 = LINE('',#2391,#2392);
#2391 = CARTESIAN_POINT('',(90.056519644259,13.91668928403,-42.));
#2392 = VECTOR('',#2393,1.);
#2393 = DIRECTION('',(0.813985207366,-0.580885601637,0.));
#2394 = PCURVE('',#791,#2395);
#2395 = DEFINITIONAL_REPRESENTATION('',(#2396),#2400);
#2396 = LINE('',#2397,#2398);
#2397 = CARTESIAN_POINT('',(40.443480355741,-1.08331071597));
#2398 = VECTOR('',#2399,1.);
#2399 = DIRECTION('',(-0.813985207366,-0.580885601637));
#2400 = ( GEOMETRIC_REPRESENTATION_CONTEXT(2) 
PARAMETRIC_REPRESENTATION_CONTEXT() REPRESENTATION_CONTEXT('2D SPACE',''
  ) );
#2401 = PCURVE('',#2048,#2402);
#2402 = DEFINITIONAL_REPRESENTATION('',(#2403),#2407);
#2403 = LINE('',#2404,#2405);
#2404 = CARTESIAN_POINT('',(-32.29111514697,42.));
#2405 = VECTOR('',#2406,1.);
#2406 = DIRECTION('',(-1.,-0.));
#2407 = ( GEOMETRIC_REPRESENTATION_CONTEXT(2) 
PARAMETRIC_REPRESENTATION_CONTEXT() REPRESENTATION_CONTEXT('2D SPACE',''
  ) );
#2408 = ORIENTED_EDGE('',*,*,#2409,.T.);
#2409 = EDGE_CURVE('',#2387,#2410,#2412,.T.);
#2410 = VERTEX_POINT('',#2411);
#2411 = CARTESIAN_POINT('',(74.546394116851,32.912157429756,-42.));
#2412 = SURFACE_CURVE('',#2413,(#2418,#2429),.PCURVE_S1.);
#2413 = CIRCLE('',#2414,9.);
#2414 = AXIS2_PLACEMENT_3D('',#2415,#2416,#2417);
#2415 = CARTESIAN_POINT('',(69.,40.,-42.));
#2416 = DIRECTION('',(0.,0.,1.));
#2417 = DIRECTION('',(-0.580885601637,-0.813985207366,0.));
#2418 = PCURVE('',#791,#2419);
#2419 = DEFINITIONAL_REPRESENTATION('',(#2420),#2428);
#2420 = ( BOUNDED_CURVE() B_SPLINE_CURVE(2,(#2421,#2422,#2423,#2424,
#2425,#2426,#2427),.UNSPECIFIED.,.T.,.F.) B_SPLINE_CURVE_WITH_KNOTS((1,2
    ,2,2,2,1),(-2.094395102393,0.,2.094395102393,4.188790204786,
6.28318530718,8.377580409573),.UNSPECIFIED.) CURVE() 
GEOMETRIC_REPRESENTATION_ITEM() RATIONAL_B_SPLINE_CURVE((1.,0.5,1.,0.5,
1.,0.5,1.)) REPRESENTATION_ITEM('') );
#2421 = CARTESIAN_POINT('',(66.727970414733,17.674133133705));
#2422 = CARTESIAN_POINT('',(54.039196792826,8.61902275492));
#2423 = CARTESIAN_POINT('',(52.54162798168,24.135378243755));
#2424 = CARTESIAN_POINT('',(51.044059170533,39.651733732589));
#2425 = CARTESIAN_POINT('',(65.230401603587,33.19048862254));
#2426 = CARTESIAN_POINT('',(79.416744036641,26.729243512491));
#2427 = CARTESIAN_POINT('',(66.727970414733,17.674133133705));
#2428 = ( GEOMETRIC_REPRESENTATION_CONTEXT(2) 
PARAMETRIC_REPRESENTATION_CONTEXT() REPRESENTATION_CONTEXT('2D SPACE',''
  ) );
#2429 = PCURVE('',#2020,#2430);
#2430 = DEFINITIONAL_REPRESENTATION('',(#2431),#2435);
#2431 = LINE('',#2432,#2433);
#2432 = CARTESIAN_POINT('',(6.28318530718,42.));
#2433 = VECTOR('',#2434,1.);
#2434 = DIRECTION('',(-1.,0.));
#2435 = ( GEOMETRIC_REPRESENTATION_CONTEXT(2) 
PARAMETRIC_REPRESENTATION_CONTEXT() REPRESENTATION_CONTEXT('2D SPACE',''
  ) );
#2436 = ORIENTED_EDGE('',*,*,#2437,.T.);
#2437 = EDGE_CURVE('',#2410,#2438,#2440,.T.);
#2438 = VERTEX_POINT('',#2439);
#2439 = CARTESIAN_POINT('',(90.239625250156,45.183514683431,-42.));
#2440 = SURFACE_CURVE('',#2441,(#2445,#2452),.PCURVE_S1.);
#2441 = LINE('',#2442,#2443);
#2442 = CARTESIAN_POINT('',(95.408359918398,49.225218340548,-42.));
#2443 = VECTOR('',#2444,1.);
#2444 = DIRECTION('',(0.787755920666,0.615987507549,0.));
#2445 = PCURVE('',#791,#2446);
#2446 = DEFINITIONAL_REPRESENTATION('',(#2447),#2451);
#2447 = LINE('',#2448,#2449);
#2448 = CARTESIAN_POINT('',(35.091640081602,34.225218340548));
#2449 = VECTOR('',#2450,1.);
#2450 = DIRECTION('',(-0.787755920666,0.615987507549));
#2451 = ( GEOMETRIC_REPRESENTATION_CONTEXT(2) 
PARAMETRIC_REPRESENTATION_CONTEXT() REPRESENTATION_CONTEXT('2D SPACE',''
  ) );
#2452 = PCURVE('',#1237,#2453);
#2453 = DEFINITIONAL_REPRESENTATION('',(#2454),#2458);
#2454 = LINE('',#2455,#2456);
#2455 = CARTESIAN_POINT('',(-6.561340299256,42.));
#2456 = VECTOR('',#2457,1.);
#2457 = DIRECTION('',(-1.,0.));
#2458 = ( GEOMETRIC_REPRESENTATION_CONTEXT(2) 
PARAMETRIC_REPRESENTATION_CONTEXT() REPRESENTATION_CONTEXT('2D SPACE',''
  ) );
#2459 = ORIENTED_EDGE('',*,*,#2460,.T.);
#2460 = EDGE_CURVE('',#2438,#2461,#2463,.T.);
#2461 = VERTEX_POINT('',#2462);
#2462 = CARTESIAN_POINT('',(96.,57.,-42.));
#2463 = SURFACE_CURVE('',#2464,(#2469,#2480),.PCURVE_S1.);
#2464 = CIRCLE('',#2465,15.);
#2465 = AXIS2_PLACEMENT_3D('',#2466,#2467,#2468);
#2466 = CARTESIAN_POINT('',(81.,57.,-42.));
#2467 = DIRECTION('',(0.,0.,1.));
#2468 = DIRECTION('',(0.615975016677,-0.787765687771,0.));
#2469 = PCURVE('',#791,#2470);
#2470 = DEFINITIONAL_REPRESENTATION('',(#2471),#2479);
#2471 = ( BOUNDED_CURVE() B_SPLINE_CURVE(2,(#2472,#2473,#2474,#2475,
#2476,#2477,#2478),.UNSPECIFIED.,.T.,.F.) B_SPLINE_CURVE_WITH_KNOTS((1,2
    ,2,2,2,1),(-2.094395102393,0.,2.094395102393,4.188790204786,
6.28318530718,8.377580409573),.UNSPECIFIED.) CURVE() 
GEOMETRIC_REPRESENTATION_ITEM() RATIONAL_B_SPLINE_CURVE((1.,0.5,1.,0.5,
1.,0.5,1.)) REPRESENTATION_ITEM('') );
#2472 = CARTESIAN_POINT('',(40.260374749843,30.183514683432));
#2473 = CARTESIAN_POINT('',(19.793621814656,46.187015059601));
#2474 = CARTESIAN_POINT('',(43.886436157485,55.909992846368));
#2475 = CARTESIAN_POINT('',(67.979250500314,65.632970633135));
#2476 = CARTESIAN_POINT('',(64.353189092672,39.9064924702));
#2477 = CARTESIAN_POINT('',(60.72712768503,14.180014307264));
#2478 = CARTESIAN_POINT('',(40.260374749843,30.183514683432));
#2479 = ( GEOMETRIC_REPRESENTATION_CONTEXT(2) 
PARAMETRIC_REPRESENTATION_CONTEXT() REPRESENTATION_CONTEXT('2D SPACE',''
  ) );
#2480 = PCURVE('',#1209,#2481);
#2481 = DEFINITIONAL_REPRESENTATION('',(#2482),#2486);
#2482 = LINE('',#2483,#2484);
#2483 = CARTESIAN_POINT('',(6.28318530718,42.));
#2484 = VECTOR('',#2485,1.);
#2485 = DIRECTION('',(-1.,0.));
#2486 = ( GEOMETRIC_REPRESENTATION_CONTEXT(2) 
PARAMETRIC_REPRESENTATION_CONTEXT() REPRESENTATION_CONTEXT('2D SPACE',''
  ) );
#2487 = ORIENTED_EDGE('',*,*,#2488,.T.);
#2488 = EDGE_CURVE('',#2461,#2489,#2491,.T.);
#2489 = VERTEX_POINT('',#2490);
#2490 = CARTESIAN_POINT('',(69.,84.,-42.));
#2491 = SURFACE_CURVE('',#2492,(#2497,#2508),.PCURVE_S1.);
#2492 = CIRCLE('',#2493,27.);
#2493 = AXIS2_PLACEMENT_3D('',#2494,#2495,#2496);
#2494 = CARTESIAN_POINT('',(69.,57.,-42.));
#2495 = DIRECTION('',(0.,0.,1.));
#2496 = DIRECTION('',(1.,6.579099405186E-16,-0.));
#2497 = PCURVE('',#791,#2498);
#2498 = DEFINITIONAL_REPRESENTATION('',(#2499),#2507);
#2499 = ( BOUNDED_CURVE() B_SPLINE_CURVE(2,(#2500,#2501,#2502,#2503,
#2504,#2505,#2506),.UNSPECIFIED.,.T.,.F.) B_SPLINE_CURVE_WITH_KNOTS((1,2
    ,2,2,2,1),(-2.094395102393,0.,2.094395102393,4.188790204786,
6.28318530718,8.377580409573),.UNSPECIFIED.) CURVE() 
GEOMETRIC_REPRESENTATION_ITEM() RATIONAL_B_SPLINE_CURVE((1.,0.5,1.,0.5,
1.,0.5,1.)) REPRESENTATION_ITEM('') );
#2500 = CARTESIAN_POINT('',(34.5,42.));
#2501 = CARTESIAN_POINT('',(34.5,88.76537180436));
#2502 = CARTESIAN_POINT('',(75.,65.38268590218));
#2503 = CARTESIAN_POINT('',(115.5,42.));
#2504 = CARTESIAN_POINT('',(75.,18.61731409782));
#2505 = CARTESIAN_POINT('',(34.5,-4.76537180436));
#2506 = CARTESIAN_POINT('',(34.5,42.));
#2507 = ( GEOMETRIC_REPRESENTATION_CONTEXT(2) 
PARAMETRIC_REPRESENTATION_CONTEXT() REPRESENTATION_CONTEXT('2D SPACE',''
  ) );
#2508 = PCURVE('',#1180,#2509);
#2509 = DEFINITIONAL_REPRESENTATION('',(#2510),#2514);
#2510 = LINE('',#2511,#2512);
#2511 = CARTESIAN_POINT('',(6.28318530718,42.));
#2512 = VECTOR('',#2513,1.);
#2513 = DIRECTION('',(-1.,0.));
#2514 = ( GEOMETRIC_REPRESENTATION_CONTEXT(2) 
PARAMETRIC_REPRESENTATION_CONTEXT() REPRESENTATION_CONTEXT('2D SPACE',''
  ) );
#2515 = ORIENTED_EDGE('',*,*,#2516,.T.);
#2516 = EDGE_CURVE('',#2489,#2517,#2519,.T.);
#2517 = VERTEX_POINT('',#2518);
#2518 = CARTESIAN_POINT('',(46.5,84.,-42.));
#2519 = SURFACE_CURVE('',#2520,(#2524,#2531),.PCURVE_S1.);
#2520 = LINE('',#2521,#2522);
#2521 = CARTESIAN_POINT('',(88.5,84.,-42.));
#2522 = VECTOR('',#2523,1.);
#2523 = DIRECTION('',(-1.,0.,0.));
#2524 = PCURVE('',#791,#2525);
#2525 = DEFINITIONAL_REPRESENTATION('',(#2526),#2530);
#2526 = LINE('',#2527,#2528);
#2527 = CARTESIAN_POINT('',(42.,69.));
#2528 = VECTOR('',#2529,1.);
#2529 = DIRECTION('',(1.,0.));
#2530 = ( GEOMETRIC_REPRESENTATION_CONTEXT(2) 
PARAMETRIC_REPRESENTATION_CONTEXT() REPRESENTATION_CONTEXT('2D SPACE',''
  ) );
#2531 = PCURVE('',#2532,#2537);
#2532 = PLANE('',#2533);
#2533 = AXIS2_PLACEMENT_3D('',#2534,#2535,#2536);
#2534 = CARTESIAN_POINT('',(46.5,84.,0.));
#2535 = DIRECTION('',(0.,1.,0.));
#2536 = DIRECTION('',(1.,0.,0.));
#2537 = DEFINITIONAL_REPRESENTATION('',(#2538),#2542);
#2538 = LINE('',#2539,#2540);
#2539 = CARTESIAN_POINT('',(42.,42.));
#2540 = VECTOR('',#2541,1.);
#2541 = DIRECTION('',(-1.,0.));
#2542 = ( GEOMETRIC_REPRESENTATION_CONTEXT(2) 
PARAMETRIC_REPRESENTATION_CONTEXT() REPRESENTATION_CONTEXT('2D SPACE',''
  ) );
#2543 = ORIENTED_EDGE('',*,*,#2544,.T.);
#2544 = EDGE_CURVE('',#2517,#2545,#2547,.T.);
#2545 = VERTEX_POINT('',#2546);
#2546 = CARTESIAN_POINT('',(37.5,92.996133808522,-42.));
#2547 = SURFACE_CURVE('',#2548,(#2553,#2560),.PCURVE_S1.);
#2548 = CIRCLE('',#2549,9.000002494454);
#2549 = AXIS2_PLACEMENT_3D('',#2550,#2551,#2552);
#2550 = CARTESIAN_POINT('',(46.5,93.000002494454,-42.));
#2551 = DIRECTION('',(0.,0.,-1.));
#2552 = DIRECTION('',(-0.999999722838,7.445287257619E-04,0.));
#2553 = PCURVE('',#791,#2554);
#2554 = DEFINITIONAL_REPRESENTATION('',(#2555),#2559);
#2555 = CIRCLE('',#2556,9.000002494454);
#2556 = AXIS2_PLACEMENT_2D('',#2557,#2558);
#2557 = CARTESIAN_POINT('',(84.,78.000002494454));
#2558 = DIRECTION('',(0.999999722838,7.445287257619E-04));
#2559 = ( GEOMETRIC_REPRESENTATION_CONTEXT(2) 
PARAMETRIC_REPRESENTATION_CONTEXT() REPRESENTATION_CONTEXT('2D SPACE',''
  ) );
#2560 = PCURVE('',#1123,#2561);
#2561 = DEFINITIONAL_REPRESENTATION('',(#2562),#2566);
#2562 = LINE('',#2563,#2564);
#2563 = CARTESIAN_POINT('',(-8.881784197001E-16,42.));
#2564 = VECTOR('',#2565,1.);
#2565 = DIRECTION('',(1.,0.));
#2566 = ( GEOMETRIC_REPRESENTATION_CONTEXT(2) 
PARAMETRIC_REPRESENTATION_CONTEXT() REPRESENTATION_CONTEXT('2D SPACE',''
  ) );
#2567 = ORIENTED_EDGE('',*,*,#2568,.T.);
#2568 = EDGE_CURVE('',#2545,#2214,#2569,.T.);
#2569 = SURFACE_CURVE('',#2570,(#2574,#2581),.PCURVE_S1.);
#2570 = LINE('',#2571,#2572);
#2571 = CARTESIAN_POINT('',(37.5,15.,-42.));
#2572 = VECTOR('',#2573,1.);
#2573 = DIRECTION('',(0.,1.,0.));
#2574 = PCURVE('',#791,#2575);
#2575 = DEFINITIONAL_REPRESENTATION('',(#2576),#2580);
#2576 = LINE('',#2577,#2578);
#2577 = CARTESIAN_POINT('',(93.,0.));
#2578 = VECTOR('',#2579,1.);
#2579 = DIRECTION('',(0.,1.));
#2580 = ( GEOMETRIC_REPRESENTATION_CONTEXT(2) 
PARAMETRIC_REPRESENTATION_CONTEXT() REPRESENTATION_CONTEXT('2D SPACE',''
  ) );
#2581 = PCURVE('',#1094,#2582);
#2582 = DEFINITIONAL_REPRESENTATION('',(#2583),#2587);
#2583 = LINE('',#2584,#2585);
#2584 = CARTESIAN_POINT('',(0.,0.));
#2585 = VECTOR('',#2586,1.);
#2586 = DIRECTION('',(0.,1.));
#2587 = ( GEOMETRIC_REPRESENTATION_CONTEXT(2) 
PARAMETRIC_REPRESENTATION_CONTEXT() REPRESENTATION_CONTEXT('2D SPACE',''
  ) );
#2588 = FACE_BOUND('',#2589,.T.);
#2589 = EDGE_LOOP('',(#2590,#2620,#2653,#2681));
#2590 = ORIENTED_EDGE('',*,*,#2591,.T.);
#2591 = EDGE_CURVE('',#2592,#2594,#2596,.T.);
#2592 = VERTEX_POINT('',#2593);
#2593 = CARTESIAN_POINT('',(121.99999989546,40.001371714289,-42.));
#2594 = VERTEX_POINT('',#2595);
#2595 = CARTESIAN_POINT('',(122.,70.,-42.));
#2596 = SURFACE_CURVE('',#2597,(#2601,#2608),.PCURVE_S1.);
#2597 = LINE('',#2598,#2599);
#2598 = CARTESIAN_POINT('',(121.9999998519,27.500685871954,-42.));
#2599 = VECTOR('',#2600,1.);
#2600 = DIRECTION('',(3.484604062121E-09,1.,0.));
#2601 = PCURVE('',#791,#2602);
#2602 = DEFINITIONAL_REPRESENTATION('',(#2603),#2607);
#2603 = LINE('',#2604,#2605);
#2604 = CARTESIAN_POINT('',(8.5000001481,12.500685871954));
#2605 = VECTOR('',#2606,1.);
#2606 = DIRECTION('',(-3.484604062121E-09,1.));
#2607 = ( GEOMETRIC_REPRESENTATION_CONTEXT(2) 
PARAMETRIC_REPRESENTATION_CONTEXT() REPRESENTATION_CONTEXT('2D SPACE',''
  ) );
#2608 = PCURVE('',#2609,#2614);
#2609 = PLANE('',#2610);
#2610 = AXIS2_PLACEMENT_3D('',#2611,#2612,#2613);
#2611 = CARTESIAN_POINT('',(121.99999989546,40.001371714289,-42.));
#2612 = DIRECTION('',(1.,-3.484604062121E-09,0.));
#2613 = DIRECTION('',(3.484604062121E-09,1.,0.));
#2614 = DEFINITIONAL_REPRESENTATION('',(#2615),#2619);
#2615 = LINE('',#2616,#2617);
#2616 = CARTESIAN_POINT('',(-12.50068584233,0.));
#2617 = VECTOR('',#2618,1.);
#2618 = DIRECTION('',(1.,0.));
#2619 = ( GEOMETRIC_REPRESENTATION_CONTEXT(2) 
PARAMETRIC_REPRESENTATION_CONTEXT() REPRESENTATION_CONTEXT('2D SPACE',''
  ) );
#2620 = ORIENTED_EDGE('',*,*,#2621,.T.);
#2621 = EDGE_CURVE('',#2594,#2622,#2624,.T.);
#2622 = VERTEX_POINT('',#2623);
#2623 = CARTESIAN_POINT('',(104.,70.,-42.));
#2624 = SURFACE_CURVE('',#2625,(#2630,#2641),.PCURVE_S1.);
#2625 = CIRCLE('',#2626,9.);
#2626 = AXIS2_PLACEMENT_3D('',#2627,#2628,#2629);
#2627 = CARTESIAN_POINT('',(113.,70.,-42.));
#2628 = DIRECTION('',(0.,0.,1.));
#2629 = DIRECTION('',(-1.,0.,0.));
#2630 = PCURVE('',#791,#2631);
#2631 = DEFINITIONAL_REPRESENTATION('',(#2632),#2640);
#2632 = ( BOUNDED_CURVE() B_SPLINE_CURVE(2,(#2633,#2634,#2635,#2636,
#2637,#2638,#2639),.UNSPECIFIED.,.T.,.F.) B_SPLINE_CURVE_WITH_KNOTS((1,2
    ,2,2,2,1),(-2.094395102393,0.,2.094395102393,4.188790204786,
6.28318530718,8.377580409573),.UNSPECIFIED.) CURVE() 
GEOMETRIC_REPRESENTATION_ITEM() RATIONAL_B_SPLINE_CURVE((1.,0.5,1.,0.5,
1.,0.5,1.)) REPRESENTATION_ITEM('') );
#2633 = CARTESIAN_POINT('',(26.5,55.));
#2634 = CARTESIAN_POINT('',(26.5,39.41154273188));
#2635 = CARTESIAN_POINT('',(13.,47.20577136594));
#2636 = CARTESIAN_POINT('',(-0.5,55.));
#2637 = CARTESIAN_POINT('',(13.,62.79422863406));
#2638 = CARTESIAN_POINT('',(26.5,70.58845726812));
#2639 = CARTESIAN_POINT('',(26.5,55.));
#2640 = ( GEOMETRIC_REPRESENTATION_CONTEXT(2) 
PARAMETRIC_REPRESENTATION_CONTEXT() REPRESENTATION_CONTEXT('2D SPACE',''
  ) );
#2641 = PCURVE('',#2642,#2647);
#2642 = CYLINDRICAL_SURFACE('',#2643,9.);
#2643 = AXIS2_PLACEMENT_3D('',#2644,#2645,#2646);
#2644 = CARTESIAN_POINT('',(113.,70.,-42.));
#2645 = DIRECTION('',(0.,0.,1.));
#2646 = DIRECTION('',(-1.,0.,0.));
#2647 = DEFINITIONAL_REPRESENTATION('',(#2648),#2652);
#2648 = LINE('',#2649,#2650);
#2649 = CARTESIAN_POINT('',(0.,0.));
#2650 = VECTOR('',#2651,1.);
#2651 = DIRECTION('',(1.,0.));
#2652 = ( GEOMETRIC_REPRESENTATION_CONTEXT(2) 
PARAMETRIC_REPRESENTATION_CONTEXT() REPRESENTATION_CONTEXT('2D SPACE',''
  ) );
#2653 = ORIENTED_EDGE('',*,*,#2654,.T.);
#2654 = EDGE_CURVE('',#2622,#2655,#2657,.T.);
#2655 = VERTEX_POINT('',#2656);
#2656 = CARTESIAN_POINT('',(104.,40.,-42.));
#2657 = SURFACE_CURVE('',#2658,(#2662,#2669),.PCURVE_S1.);
#2658 = LINE('',#2659,#2660);
#2659 = CARTESIAN_POINT('',(104.,42.5,-42.));
#2660 = VECTOR('',#2661,1.);
#2661 = DIRECTION('',(0.,-1.,0.));
#2662 = PCURVE('',#791,#2663);
#2663 = DEFINITIONAL_REPRESENTATION('',(#2664),#2668);
#2664 = LINE('',#2665,#2666);
#2665 = CARTESIAN_POINT('',(26.5,27.5));
#2666 = VECTOR('',#2667,1.);
#2667 = DIRECTION('',(0.,-1.));
#2668 = ( GEOMETRIC_REPRESENTATION_CONTEXT(2) 
PARAMETRIC_REPRESENTATION_CONTEXT() REPRESENTATION_CONTEXT('2D SPACE',''
  ) );
#2669 = PCURVE('',#2670,#2675);
#2670 = PLANE('',#2671);
#2671 = AXIS2_PLACEMENT_3D('',#2672,#2673,#2674);
#2672 = CARTESIAN_POINT('',(104.,70.,-42.));
#2673 = DIRECTION('',(-1.,0.,0.));
#2674 = DIRECTION('',(0.,-1.,0.));
#2675 = DEFINITIONAL_REPRESENTATION('',(#2676),#2680);
#2676 = LINE('',#2677,#2678);
#2677 = CARTESIAN_POINT('',(27.5,0.));
#2678 = VECTOR('',#2679,1.);
#2679 = DIRECTION('',(1.,0.));
#2680 = ( GEOMETRIC_REPRESENTATION_CONTEXT(2) 
PARAMETRIC_REPRESENTATION_CONTEXT() REPRESENTATION_CONTEXT('2D SPACE',''
  ) );
#2681 = ORIENTED_EDGE('',*,*,#2682,.T.);
#2682 = EDGE_CURVE('',#2655,#2592,#2683,.T.);
#2683 = SURFACE_CURVE('',#2684,(#2689,#2700),.PCURVE_S1.);
#2684 = CIRCLE('',#2685,9.);
#2685 = AXIS2_PLACEMENT_3D('',#2686,#2687,#2688);
#2686 = CARTESIAN_POINT('',(113.,40.,-42.));
#2687 = DIRECTION('',(0.,0.,1.));
#2688 = DIRECTION('',(0.999999988385,1.524126987783E-04,-0.));
#2689 = PCURVE('',#791,#2690);
#2690 = DEFINITIONAL_REPRESENTATION('',(#2691),#2699);
#2691 = ( BOUNDED_CURVE() B_SPLINE_CURVE(2,(#2692,#2693,#2694,#2695,
#2696,#2697,#2698),.UNSPECIFIED.,.T.,.F.) B_SPLINE_CURVE_WITH_KNOTS((1,2
    ,2,2,2,1),(-2.094395102393,0.,2.094395102393,4.188790204786,
6.28318530718,8.377580409573),.UNSPECIFIED.) CURVE() 
GEOMETRIC_REPRESENTATION_ITEM() RATIONAL_B_SPLINE_CURVE((1.,0.5,1.,0.5,
1.,0.5,1.)) REPRESENTATION_ITEM('') );
#2692 = CARTESIAN_POINT('',(8.500000104533,25.001371714289));
#2693 = CARTESIAN_POINT('',(8.502375983375,40.589828801352));
#2694 = CARTESIAN_POINT('',(22.001187887154,32.793542686387));
#2695 = CARTESIAN_POINT('',(35.499999790933,24.997256571422));
#2696 = CARTESIAN_POINT('',(21.998812008312,17.205085599324));
#2697 = CARTESIAN_POINT('',(8.497624225691,9.412914627226));
#2698 = CARTESIAN_POINT('',(8.500000104533,25.001371714289));
#2699 = ( GEOMETRIC_REPRESENTATION_CONTEXT(2) 
PARAMETRIC_REPRESENTATION_CONTEXT() REPRESENTATION_CONTEXT('2D SPACE',''
  ) );
#2700 = PCURVE('',#2701,#2706);
#2701 = CYLINDRICAL_SURFACE('',#2702,9.);
#2702 = AXIS2_PLACEMENT_3D('',#2703,#2704,#2705);
#2703 = CARTESIAN_POINT('',(113.,40.,-42.));
#2704 = DIRECTION('',(0.,0.,1.));
#2705 = DIRECTION('',(7.620634960694E-05,-0.999999997096,0.));
#2706 = DEFINITIONAL_REPRESENTATION('',(#2707),#2711);
#2707 = LINE('',#2708,#2709);
#2708 = CARTESIAN_POINT('',(1.570872533145,0.));
#2709 = VECTOR('',#2710,1.);
#2710 = DIRECTION('',(1.,0.));
#2711 = ( GEOMETRIC_REPRESENTATION_CONTEXT(2) 
PARAMETRIC_REPRESENTATION_CONTEXT() REPRESENTATION_CONTEXT('2D SPACE',''
  ) );
#2712 = FACE_BOUND('',#2713,.T.);
#2713 = EDGE_LOOP('',(#2714,#2742,#2771,#2797));
#2714 = ORIENTED_EDGE('',*,*,#2715,.F.);
#2715 = EDGE_CURVE('',#2716,#2718,#2720,.T.);
#2716 = VERTEX_POINT('',#2717);
#2717 = CARTESIAN_POINT('',(59.8,122.9,-42.));
#2718 = VERTEX_POINT('',#2719);
#2719 = CARTESIAN_POINT('',(75.8,122.9,-42.));
#2720 = SURFACE_CURVE('',#2721,(#2725,#2731),.PCURVE_S1.);
#2721 = LINE('',#2722,#2723);
#2722 = CARTESIAN_POINT('',(95.15,122.9,-42.));
#2723 = VECTOR('',#2724,1.);
#2724 = DIRECTION('',(1.,-0.,0.));
#2725 = PCURVE('',#791,#2726);
#2726 = DEFINITIONAL_REPRESENTATION('',(#2727),#2730);
#2727 = B_SPLINE_CURVE_WITH_KNOTS('',1,(#2728,#2729),.UNSPECIFIED.,.F.,
  .F.,(2,2),(-35.35,-19.35),.PIECEWISE_BEZIER_KNOTS.);
#2728 = CARTESIAN_POINT('',(70.7,107.9));
#2729 = CARTESIAN_POINT('',(54.7,107.9));
#2730 = ( GEOMETRIC_REPRESENTATION_CONTEXT(2) 
PARAMETRIC_REPRESENTATION_CONTEXT() REPRESENTATION_CONTEXT('2D SPACE',''
  ) );
#2731 = PCURVE('',#2732,#2737);
#2732 = PLANE('',#2733);
#2733 = AXIS2_PLACEMENT_3D('',#2734,#2735,#2736);
#2734 = CARTESIAN_POINT('',(59.8,122.9,-29.99999995));
#2735 = DIRECTION('',(0.,1.,0.));
#2736 = DIRECTION('',(1.,0.,0.));
#2737 = DEFINITIONAL_REPRESENTATION('',(#2738),#2741);
#2738 = B_SPLINE_CURVE_WITH_KNOTS('',1,(#2739,#2740),.UNSPECIFIED.,.F.,
  .F.,(2,2),(-35.35,-19.35),.PIECEWISE_BEZIER_KNOTS.);
#2739 = CARTESIAN_POINT('',(0.,12.00000005));
#2740 = CARTESIAN_POINT('',(16.,12.00000005));
#2741 = ( GEOMETRIC_REPRESENTATION_CONTEXT(2) 
PARAMETRIC_REPRESENTATION_CONTEXT() REPRESENTATION_CONTEXT('2D SPACE',''
  ) );
#2742 = ORIENTED_EDGE('',*,*,#2743,.F.);
#2743 = EDGE_CURVE('',#2744,#2716,#2746,.T.);
#2744 = VERTEX_POINT('',#2745);
#2745 = CARTESIAN_POINT('',(59.8,112.9,-42.));
#2746 = SURFACE_CURVE('',#2747,(#2752,#2759),.PCURVE_S1.);
#2747 = CIRCLE('',#2748,5.);
#2748 = AXIS2_PLACEMENT_3D('',#2749,#2750,#2751);
#2749 = CARTESIAN_POINT('',(59.8,117.9,-42.));
#2750 = DIRECTION('',(0.,-0.,-1.));
#2751 = DIRECTION('',(0.,-1.,0.));
#2752 = PCURVE('',#791,#2753);
#2753 = DEFINITIONAL_REPRESENTATION('',(#2754),#2758);
#2754 = CIRCLE('',#2755,5.);
#2755 = AXIS2_PLACEMENT_2D('',#2756,#2757);
#2756 = CARTESIAN_POINT('',(70.7,102.9));
#2757 = DIRECTION('',(0.,-1.));
#2758 = ( GEOMETRIC_REPRESENTATION_CONTEXT(2) 
PARAMETRIC_REPRESENTATION_CONTEXT() REPRESENTATION_CONTEXT('2D SPACE',''
  ) );
#2759 = PCURVE('',#2760,#2765);
#2760 = CYLINDRICAL_SURFACE('',#2761,5.);
#2761 = AXIS2_PLACEMENT_3D('',#2762,#2763,#2764);
#2762 = CARTESIAN_POINT('',(59.8,117.9,-29.99999995));
#2763 = DIRECTION('',(0.,-0.,-1.));
#2764 = DIRECTION('',(0.,-1.,0.));
#2765 = DEFINITIONAL_REPRESENTATION('',(#2766),#2770);
#2766 = LINE('',#2767,#2768);
#2767 = CARTESIAN_POINT('',(0.,12.00000005));
#2768 = VECTOR('',#2769,1.);
#2769 = DIRECTION('',(1.,0.));
#2770 = ( GEOMETRIC_REPRESENTATION_CONTEXT(2) 
PARAMETRIC_REPRESENTATION_CONTEXT() REPRESENTATION_CONTEXT('2D SPACE',''
  ) );
#2771 = ORIENTED_EDGE('',*,*,#2772,.F.);
#2772 = EDGE_CURVE('',#2773,#2744,#2775,.T.);
#2773 = VERTEX_POINT('',#2774);
#2774 = CARTESIAN_POINT('',(75.8,112.9,-42.));
#2775 = SURFACE_CURVE('',#2776,(#2780,#2786),.PCURVE_S1.);
#2776 = LINE('',#2777,#2778);
#2777 = CARTESIAN_POINT('',(103.15,112.9,-42.));
#2778 = VECTOR('',#2779,1.);
#2779 = DIRECTION('',(-1.,-0.,-0.));
#2780 = PCURVE('',#791,#2781);
#2781 = DEFINITIONAL_REPRESENTATION('',(#2782),#2785);
#2782 = B_SPLINE_CURVE_WITH_KNOTS('',1,(#2783,#2784),.UNSPECIFIED.,.F.,
  .F.,(2,2),(27.35,43.35),.PIECEWISE_BEZIER_KNOTS.);
#2783 = CARTESIAN_POINT('',(54.7,97.9));
#2784 = CARTESIAN_POINT('',(70.7,97.9));
#2785 = ( GEOMETRIC_REPRESENTATION_CONTEXT(2) 
PARAMETRIC_REPRESENTATION_CONTEXT() REPRESENTATION_CONTEXT('2D SPACE',''
  ) );
#2786 = PCURVE('',#2787,#2792);
#2787 = PLANE('',#2788);
#2788 = AXIS2_PLACEMENT_3D('',#2789,#2790,#2791);
#2789 = CARTESIAN_POINT('',(75.8,112.9,-29.99999995));
#2790 = DIRECTION('',(0.,-1.,0.));
#2791 = DIRECTION('',(-1.,0.,0.));
#2792 = DEFINITIONAL_REPRESENTATION('',(#2793),#2796);
#2793 = B_SPLINE_CURVE_WITH_KNOTS('',1,(#2794,#2795),.UNSPECIFIED.,.F.,
  .F.,(2,2),(27.35,43.35),.PIECEWISE_BEZIER_KNOTS.);
#2794 = CARTESIAN_POINT('',(0.,12.00000005));
#2795 = CARTESIAN_POINT('',(16.,12.00000005));
#2796 = ( GEOMETRIC_REPRESENTATION_CONTEXT(2) 
PARAMETRIC_REPRESENTATION_CONTEXT() REPRESENTATION_CONTEXT('2D SPACE',''
  ) );
#2797 = ORIENTED_EDGE('',*,*,#2798,.F.);
#2798 = EDGE_CURVE('',#2718,#2773,#2799,.T.);
#2799 = SURFACE_CURVE('',#2800,(#2805,#2812),.PCURVE_S1.);
#2800 = CIRCLE('',#2801,5.);
#2801 = AXIS2_PLACEMENT_3D('',#2802,#2803,#2804);
#2802 = CARTESIAN_POINT('',(75.8,117.9,-42.));
#2803 = DIRECTION('',(0.,0.,-1.));
#2804 = DIRECTION('',(0.,1.,0.));
#2805 = PCURVE('',#791,#2806);
#2806 = DEFINITIONAL_REPRESENTATION('',(#2807),#2811);
#2807 = CIRCLE('',#2808,5.);
#2808 = AXIS2_PLACEMENT_2D('',#2809,#2810);
#2809 = CARTESIAN_POINT('',(54.7,102.9));
#2810 = DIRECTION('',(0.,1.));
#2811 = ( GEOMETRIC_REPRESENTATION_CONTEXT(2) 
PARAMETRIC_REPRESENTATION_CONTEXT() REPRESENTATION_CONTEXT('2D SPACE',''
  ) );
#2812 = PCURVE('',#2813,#2818);
#2813 = CYLINDRICAL_SURFACE('',#2814,5.);
#2814 = AXIS2_PLACEMENT_3D('',#2815,#2816,#2817);
#2815 = CARTESIAN_POINT('',(75.8,117.9,-29.99999995));
#2816 = DIRECTION('',(0.,0.,-1.));
#2817 = DIRECTION('',(0.,1.,0.));
#2818 = DEFINITIONAL_REPRESENTATION('',(#2819),#2823);
#2819 = LINE('',#2820,#2821);
#2820 = CARTESIAN_POINT('',(0.,12.00000005));
#2821 = VECTOR('',#2822,1.);
#2822 = DIRECTION('',(1.,0.));
#2823 = ( GEOMETRIC_REPRESENTATION_CONTEXT(2) 
PARAMETRIC_REPRESENTATION_CONTEXT() REPRESENTATION_CONTEXT('2D SPACE',''
  ) );
#2824 = ADVANCED_FACE('',(#2825),#1066,.T.);
#2825 = FACE_BOUND('',#2826,.T.);
#2826 = EDGE_LOOP('',(#2827,#2902,#2930,#3001,#3002,#3075));
#2827 = ORIENTED_EDGE('',*,*,#2828,.F.);
#2828 = EDGE_CURVE('',#2829,#2831,#2833,.T.);
#2829 = VERTEX_POINT('',#2830);
#2830 = CARTESIAN_POINT('',(61.93223563717,162.,-6.));
#2831 = VERTEX_POINT('',#2832);
#2832 = CARTESIAN_POINT('',(73.06776436283,162.,-6.));
#2833 = SURFACE_CURVE('',#2834,(#2840,#2869),.PCURVE_S1.);
#2834 = B_SPLINE_CURVE_WITH_KNOTS('',3,(#2835,#2836,#2837,#2838,#2839),
  .UNSPECIFIED.,.F.,.F.,(4,1,4),(-3.14159265359,0.448798950513,
    3.14159265359),.QUASI_UNIFORM_KNOTS.);
#2835 = CARTESIAN_POINT('',(61.93223563717,162.,-6.));
#2836 = CARTESIAN_POINT('',(63.96326511145,162.,-5.54766825893));
#2837 = CARTESIAN_POINT('',(67.787742109174,161.93946553246,
    -5.19570727942));
#2838 = CARTESIAN_POINT('',(71.54449225712,162.,-5.660751194197));
#2839 = CARTESIAN_POINT('',(73.06776436283,162.,-6.));
#2840 = PCURVE('',#1066,#2841);
#2841 = DEFINITIONAL_REPRESENTATION('',(#2842),#2868);
#2842 = B_SPLINE_CURVE_WITH_KNOTS('',3,(#2843,#2844,#2845,#2846,#2847,
    #2848,#2849,#2850,#2851,#2852,#2853,#2854,#2855,#2856,#2857,#2858,
    #2859,#2860,#2861,#2862,#2863,#2864,#2865,#2866,#2867),
  .UNSPECIFIED.,.F.,.F.,(4,1,1,1,1,1,1,1,1,1,1,1,1,1,1,1,1,1,1,1,1,1,4),
  (-3.14159265359,-2.855993321445,-2.570393989301,-2.284794657156,
    -1.999195325012,-1.713595992867,-1.427996660723,-1.142397328578,
    -0.856797996434,-0.571198664289,-0.285599332145,0.,0.285599332145,
    0.571198664289,0.856797996434,1.142397328578,1.427996660723,
    1.713595992867,1.999195325012,2.284794657156,2.570393989301,
    2.855993321445,3.14159265359),.UNSPECIFIED.);
#2843 = CARTESIAN_POINT('',(5.497787143782,28.18223563717));
#2844 = CARTESIAN_POINT('',(5.503784015924,28.343794799897));
#2845 = CARTESIAN_POINT('',(5.515247709052,28.668866873206));
#2846 = CARTESIAN_POINT('',(5.530846705179,29.16180320596));
#2847 = CARTESIAN_POINT('',(5.544842669196,29.659534740729));
#2848 = CARTESIAN_POINT('',(5.557229457123,30.161528456736));
#2849 = CARTESIAN_POINT('',(5.568000521972,30.667251333204));
#2850 = CARTESIAN_POINT('',(5.577148628415,31.176170349365));
#2851 = CARTESIAN_POINT('',(5.584665587229,31.68775248441));
#2852 = CARTESIAN_POINT('',(5.590542139899,32.201464717686));
#2853 = CARTESIAN_POINT('',(5.594767929988,32.716774027959));
#2854 = CARTESIAN_POINT('',(5.597331705372,33.233147396161));
#2855 = CARTESIAN_POINT('',(5.598221266139,33.750051795144));
#2856 = CARTESIAN_POINT('',(5.597424989694,34.266954227908));
#2857 = CARTESIAN_POINT('',(5.594928132842,34.783321584947));
#2858 = CARTESIAN_POINT('',(5.590731605328,35.298621253961));
#2859 = CARTESIAN_POINT('',(5.584856674012,35.812321301311));
#2860 = CARTESIAN_POINT('',(5.577320146692,36.323889660634));
#2861 = CARTESIAN_POINT('',(5.568138943571,36.832794301129));
#2862 = CARTESIAN_POINT('',(5.557328425002,37.338503182467));
#2863 = CARTESIAN_POINT('',(5.54490256672,37.840484266869));
#2864 = CARTESIAN_POINT('',(5.530873744432,38.338205515877));
#2865 = CARTESIAN_POINT('',(5.515252942988,38.831134891212));
#2866 = CARTESIAN_POINT('',(5.503783868304,39.156205200103));
#2867 = CARTESIAN_POINT('',(5.497787143782,39.31776436283));
#2868 = ( GEOMETRIC_REPRESENTATION_CONTEXT(2) 
PARAMETRIC_REPRESENTATION_CONTEXT() REPRESENTATION_CONTEXT('2D SPACE',''
  ) );
#2869 = PCURVE('',#2870,#2896);
#2870 = B_SPLINE_SURFACE_WITH_KNOTS('',3,3,(
    (#2871,#2872,#2873,#2874,#2875)
    ,(#2876,#2877,#2878,#2879,#2880)
    ,(#2881,#2882,#2883,#2884,#2885)
    ,(#2886,#2887,#2888,#2889,#2890)
    ,(#2891,#2892,#2893,#2894,#2895
  )),.UNSPECIFIED.,.F.,.F.,.F.,(4,1,4),(4,1,4),(0.,0.571428571429,1.),(
    -3.14159265359,-0.448798950513,3.14159265359),.UNSPECIFIED.);
#2871 = CARTESIAN_POINT('',(73.06776436283,162.,-6.));
#2872 = CARTESIAN_POINT('',(71.54449225712,162.,-5.660751194197));
#2873 = CARTESIAN_POINT('',(67.787742109174,161.93946553246,
    -5.19570727942));
#2874 = CARTESIAN_POINT('',(63.96326511145,162.,-5.54766825893));
#2875 = CARTESIAN_POINT('',(61.93223563717,162.,-6.));
#2876 = CARTESIAN_POINT('',(72.651296562373,162.,-7.121997376282));
#2877 = CARTESIAN_POINT('',(71.256758380281,162.06521556805,
    -6.787252696537));
#2878 = CARTESIAN_POINT('',(67.771183292453,162.08924262801,
    -6.297854342581));
#2879 = CARTESIAN_POINT('',(64.208087680417,162.08695409073,
    -6.675671136622));
#2880 = CARTESIAN_POINT('',(62.348703437627,162.,-7.121997376282));
#2881 = CARTESIAN_POINT('',(71.93033871894,163.00466518478,
    -9.064315144558));
#2882 = CARTESIAN_POINT('',(70.755408541926,163.10580252885,
    -8.683251782333));
#2883 = CARTESIAN_POINT('',(67.741504474073,163.16878920358,
    -8.104429057427));
#2884 = CARTESIAN_POINT('',(64.636234850412,163.13951497687,
    -8.556230661591));
#2885 = CARTESIAN_POINT('',(63.06966128106,163.00466518478,
    -9.064315144558));
#2886 = CARTESIAN_POINT('',(71.675823272122,165.10240209897,-9.75));
#2887 = CARTESIAN_POINT('',(70.55032002545,165.13225218967,
    -9.331667689757));
#2888 = CARTESIAN_POINT('',(67.721556867263,165.08079873432,
    -8.737411180896));
#2889 = CARTESIAN_POINT('',(64.824847723441,165.1422022199,
    -9.192223586342));
#2890 = CARTESIAN_POINT('',(63.324176727878,165.10240209897,-9.75));
#2891 = CARTESIAN_POINT('',(71.675823272122,166.,-9.75));
#2892 = CARTESIAN_POINT('',(70.53336919284,166.,-9.325938992747));
#2893 = CARTESIAN_POINT('',(67.71580658188,165.89910922078,
    -8.744634099275));
#2894 = CARTESIAN_POINT('',(64.847448833588,166.,-9.184585323662));
#2895 = CARTESIAN_POINT('',(63.324176727878,166.,-9.75));
#2896 = DEFINITIONAL_REPRESENTATION('',(#2897),#2901);
#2897 = LINE('',#2898,#2899);
#2898 = CARTESIAN_POINT('',(-3.250732653638E-17,4.884981308351E-15));
#2899 = VECTOR('',#2900,1.);
#2900 = DIRECTION('',(9.571646415345E-17,-1.));
#2901 = ( GEOMETRIC_REPRESENTATION_CONTEXT(2) 
PARAMETRIC_REPRESENTATION_CONTEXT() REPRESENTATION_CONTEXT('2D SPACE',''
  ) );
#2902 = ORIENTED_EDGE('',*,*,#2903,.T.);
#2903 = EDGE_CURVE('',#2829,#2904,#2906,.T.);
#2904 = VERTEX_POINT('',#2905);
#2905 = CARTESIAN_POINT('',(43.5,162.,-6.));
#2906 = SURFACE_CURVE('',#2907,(#2911,#2918),.PCURVE_S1.);
#2907 = LINE('',#2908,#2909);
#2908 = CARTESIAN_POINT('',(33.75,162.,-6.));
#2909 = VECTOR('',#2910,1.);
#2910 = DIRECTION('',(-1.,0.,0.));
#2911 = PCURVE('',#1066,#2912);
#2912 = DEFINITIONAL_REPRESENTATION('',(#2913),#2917);
#2913 = LINE('',#2914,#2915);
#2914 = CARTESIAN_POINT('',(5.497787143782,0.));
#2915 = VECTOR('',#2916,1.);
#2916 = DIRECTION('',(0.,-1.));
#2917 = ( GEOMETRIC_REPRESENTATION_CONTEXT(2) 
PARAMETRIC_REPRESENTATION_CONTEXT() REPRESENTATION_CONTEXT('2D SPACE',''
  ) );
#2918 = PCURVE('',#2919,#2924);
#2919 = PLANE('',#2920);
#2920 = AXIS2_PLACEMENT_3D('',#2921,#2922,#2923);
#2921 = CARTESIAN_POINT('',(67.5,162.,-21.));
#2922 = DIRECTION('',(0.,1.,0.));
#2923 = DIRECTION('',(0.,-0.,1.));
#2924 = DEFINITIONAL_REPRESENTATION('',(#2925),#2929);
#2925 = LINE('',#2926,#2927);
#2926 = CARTESIAN_POINT('',(15.,-33.75));
#2927 = VECTOR('',#2928,1.);
#2928 = DIRECTION('',(0.,-1.));
#2929 = ( GEOMETRIC_REPRESENTATION_CONTEXT(2) 
PARAMETRIC_REPRESENTATION_CONTEXT() REPRESENTATION_CONTEXT('2D SPACE',''
  ) );
#2930 = ORIENTED_EDGE('',*,*,#2931,.T.);
#2931 = EDGE_CURVE('',#2904,#1049,#2932,.T.);
#2932 = SURFACE_CURVE('',#2933,(#2938,#2967),.PCURVE_S1.);
#2933 = ELLIPSE('',#2934,8.485281374239,6.);
#2934 = AXIS2_PLACEMENT_3D('',#2935,#2936,#2937);
#2935 = CARTESIAN_POINT('',(43.5,156.,-6.));
#2936 = DIRECTION('',(0.707106781187,0.,0.707106781187));
#2937 = DIRECTION('',(-0.707106781187,0.,0.707106781187));
#2938 = PCURVE('',#1066,#2939);
#2939 = DEFINITIONAL_REPRESENTATION('',(#2940),#2966);
#2940 = B_SPLINE_CURVE_WITH_KNOTS('',3,(#2941,#2942,#2943,#2944,#2945,
    #2946,#2947,#2948,#2949,#2950,#2951,#2952,#2953,#2954,#2955,#2956,
    #2957,#2958,#2959,#2960,#2961,#2962,#2963,#2964,#2965),
  .UNSPECIFIED.,.F.,.F.,(4,1,1,1,1,1,1,1,1,1,1,1,1,1,1,1,1,1,1,1,1,1,4),
  (4.712388980385,4.783788813421,4.855188646457,4.926588479493,
    4.997988312529,5.069388145565,5.140787978601,5.212187811638,
    5.283587644674,5.35498747771,5.426387310746,5.497787143782,
    5.569186976818,5.640586809854,5.711986642891,5.783386475927,
    5.854786308963,5.926186141999,5.997585975035,6.068985808071,
    6.140385641107,6.211785474143,6.28318530718),.UNSPECIFIED.);
#2941 = CARTESIAN_POINT('',(5.497787143782,9.75));
#2942 = CARTESIAN_POINT('',(5.521587088128,9.607199222589));
#2943 = CARTESIAN_POINT('',(5.569186976818,9.321601589023));
#2944 = CARTESIAN_POINT('',(5.640586809854,8.895385009364));
#2945 = CARTESIAN_POINT('',(5.711986642891,8.473524195684));
#2946 = CARTESIAN_POINT('',(5.783386475927,8.058167783992));
#2947 = CARTESIAN_POINT('',(5.854786308963,7.651432622057));
#2948 = CARTESIAN_POINT('',(5.926186141999,7.255391262212));
#2949 = CARTESIAN_POINT('',(5.997585975035,6.872061861028));
#2950 = CARTESIAN_POINT('',(6.068985808071,6.503397771753));
#2951 = CARTESIAN_POINT('',(6.140385641107,6.151277623558));
#2952 = CARTESIAN_POINT('',(6.211785474143,5.817495739605));
#2953 = CARTESIAN_POINT('',(6.28318530718,5.503752995992));
#2954 = CARTESIAN_POINT('',(6.354585140216,5.211648153711));
#2955 = CARTESIAN_POINT('',(6.425984973252,4.942669712412));
#2956 = CARTESIAN_POINT('',(6.497384806288,4.698188323364));
#2957 = CARTESIAN_POINT('',(6.568784639324,4.479449812211));
#2958 = CARTESIAN_POINT('',(6.64018447236,4.287568803373));
#2959 = CARTESIAN_POINT('',(6.711584305396,4.123523141536));
#2960 = CARTESIAN_POINT('',(6.782984138433,3.988148530492));
#2961 = CARTESIAN_POINT('',(6.854383971469,3.882135686374));
#2962 = CARTESIAN_POINT('',(6.925783804505,3.806021549051));
#2963 = CARTESIAN_POINT('',(6.997183637541,3.760206209708));
#2964 = CARTESIAN_POINT('',(7.044783526232,3.749987060667));
#2965 = CARTESIAN_POINT('',(7.068583470577,3.75));
#2966 = ( GEOMETRIC_REPRESENTATION_CONTEXT(2) 
PARAMETRIC_REPRESENTATION_CONTEXT() REPRESENTATION_CONTEXT('2D SPACE',''
  ) );
#2967 = PCURVE('',#2968,#2973);
#2968 = CYLINDRICAL_SURFACE('',#2969,6.);
#2969 = AXIS2_PLACEMENT_3D('',#2970,#2971,#2972);
#2970 = CARTESIAN_POINT('',(43.5,156.,-31.5));
#2971 = DIRECTION('',(-1.057355261548E-16,0.,1.));
#2972 = DIRECTION('',(-0.707106781187,0.707106781187,-7.476630755639E-17
    ));
#2973 = DEFINITIONAL_REPRESENTATION('',(#2974),#3000);
#2974 = B_SPLINE_CURVE_WITH_KNOTS('',3,(#2975,#2976,#2977,#2978,#2979,
    #2980,#2981,#2982,#2983,#2984,#2985,#2986,#2987,#2988,#2989,#2990,
    #2991,#2992,#2993,#2994,#2995,#2996,#2997,#2998,#2999),
  .UNSPECIFIED.,.F.,.F.,(4,1,1,1,1,1,1,1,1,1,1,1,1,1,1,1,1,1,1,1,1,1,4),
  (4.712388980385,4.783788813421,4.855188646457,4.926588479493,
    4.997988312529,5.069388145565,5.140787978601,5.212187811638,
    5.283587644674,5.35498747771,5.426387310746,5.497787143782,
    5.569186976818,5.640586809854,5.711986642891,5.783386475927,
    5.854786308963,5.926186141999,5.997585975035,6.068985808071,
    6.140385641107,6.211785474143,6.28318530718),.UNSPECIFIED.);
#2975 = CARTESIAN_POINT('',(5.497787143782,25.5));
#2976 = CARTESIAN_POINT('',(5.521587088128,25.642800777411));
#2977 = CARTESIAN_POINT('',(5.569186976818,25.928398410977));
#2978 = CARTESIAN_POINT('',(5.640586809854,26.354614990636));
#2979 = CARTESIAN_POINT('',(5.711986642891,26.776475804316));
#2980 = CARTESIAN_POINT('',(5.783386475927,27.191832216008));
#2981 = CARTESIAN_POINT('',(5.854786308963,27.598567377943));
#2982 = CARTESIAN_POINT('',(5.926186141999,27.994608737788));
#2983 = CARTESIAN_POINT('',(5.997585975035,28.377938138972));
#2984 = CARTESIAN_POINT('',(6.068985808071,28.746602228247));
#2985 = CARTESIAN_POINT('',(6.140385641107,29.098722376442));
#2986 = CARTESIAN_POINT('',(6.211785474143,29.432504260395));
#2987 = CARTESIAN_POINT('',(6.28318530718,29.746247004008));
#2988 = CARTESIAN_POINT('',(6.354585140216,30.038351846289));
#2989 = CARTESIAN_POINT('',(6.425984973252,30.307330287588));
#2990 = CARTESIAN_POINT('',(6.497384806288,30.551811676636));
#2991 = CARTESIAN_POINT('',(6.568784639324,30.770550187789));
#2992 = CARTESIAN_POINT('',(6.64018447236,30.962431196627));
#2993 = CARTESIAN_POINT('',(6.711584305396,31.126476858464));
#2994 = CARTESIAN_POINT('',(6.782984138433,31.261851469508));
#2995 = CARTESIAN_POINT('',(6.854383971469,31.367864313626));
#2996 = CARTESIAN_POINT('',(6.925783804505,31.443978450949));
#2997 = CARTESIAN_POINT('',(6.997183637541,31.489793790292));
#2998 = CARTESIAN_POINT('',(7.044783526232,31.500012939333));
#2999 = CARTESIAN_POINT('',(7.068583470577,31.5));
#3000 = ( GEOMETRIC_REPRESENTATION_CONTEXT(2) 
PARAMETRIC_REPRESENTATION_CONTEXT() REPRESENTATION_CONTEXT('2D SPACE',''
  ) );
#3001 = ORIENTED_EDGE('',*,*,#1048,.T.);
#3002 = ORIENTED_EDGE('',*,*,#3003,.F.);
#3003 = EDGE_CURVE('',#3004,#1051,#3006,.T.);
#3004 = VERTEX_POINT('',#3005);
#3005 = CARTESIAN_POINT('',(91.5,162.,-6.));
#3006 = SURFACE_CURVE('',#3007,(#3012,#3041),.PCURVE_S1.);
#3007 = ELLIPSE('',#3008,8.485281374239,6.);
#3008 = AXIS2_PLACEMENT_3D('',#3009,#3010,#3011);
#3009 = CARTESIAN_POINT('',(91.5,156.,-6.));
#3010 = DIRECTION('',(0.707106781187,0.,-0.707106781187));
#3011 = DIRECTION('',(0.707106781187,0.,0.707106781187));
#3012 = PCURVE('',#1066,#3013);
#3013 = DEFINITIONAL_REPRESENTATION('',(#3014),#3040);
#3014 = B_SPLINE_CURVE_WITH_KNOTS('',3,(#3015,#3016,#3017,#3018,#3019,
    #3020,#3021,#3022,#3023,#3024,#3025,#3026,#3027,#3028,#3029,#3030,
    #3031,#3032,#3033,#3034,#3035,#3036,#3037,#3038,#3039),
  .UNSPECIFIED.,.F.,.F.,(4,1,1,1,1,1,1,1,1,1,1,1,1,1,1,1,1,1,1,1,1,1,4),
  (4.712388980385,4.783788813421,4.855188646457,4.926588479493,
    4.997988312529,5.069388145565,5.140787978601,5.212187811638,
    5.283587644674,5.35498747771,5.426387310746,5.497787143782,
    5.569186976818,5.640586809854,5.711986642891,5.783386475927,
    5.854786308963,5.926186141999,5.997585975035,6.068985808071,
    6.140385641107,6.211785474143,6.28318530718),.UNSPECIFIED.);
#3015 = CARTESIAN_POINT('',(5.497787143782,57.75));
#3016 = CARTESIAN_POINT('',(5.521587088128,57.892800777411));
#3017 = CARTESIAN_POINT('',(5.569186976818,58.178398410977));
#3018 = CARTESIAN_POINT('',(5.640586809854,58.604614990636));
#3019 = CARTESIAN_POINT('',(5.711986642891,59.026475804316));
#3020 = CARTESIAN_POINT('',(5.783386475927,59.441832216008));
#3021 = CARTESIAN_POINT('',(5.854786308963,59.848567377943));
#3022 = CARTESIAN_POINT('',(5.926186141999,60.244608737788));
#3023 = CARTESIAN_POINT('',(5.997585975035,60.627938138972));
#3024 = CARTESIAN_POINT('',(6.068985808071,60.996602228247));
#3025 = CARTESIAN_POINT('',(6.140385641107,61.348722376442));
#3026 = CARTESIAN_POINT('',(6.211785474143,61.682504260395));
#3027 = CARTESIAN_POINT('',(6.28318530718,61.996247004008));
#3028 = CARTESIAN_POINT('',(6.354585140216,62.288351846289));
#3029 = CARTESIAN_POINT('',(6.425984973252,62.557330287588));
#3030 = CARTESIAN_POINT('',(6.497384806288,62.801811676636));
#3031 = CARTESIAN_POINT('',(6.568784639324,63.020550187789));
#3032 = CARTESIAN_POINT('',(6.64018447236,63.212431196627));
#3033 = CARTESIAN_POINT('',(6.711584305396,63.376476858464));
#3034 = CARTESIAN_POINT('',(6.782984138433,63.511851469508));
#3035 = CARTESIAN_POINT('',(6.854383971469,63.617864313626));
#3036 = CARTESIAN_POINT('',(6.925783804505,63.693978450949));
#3037 = CARTESIAN_POINT('',(6.997183637541,63.739793790292));
#3038 = CARTESIAN_POINT('',(7.044783526232,63.750012939333));
#3039 = CARTESIAN_POINT('',(7.068583470577,63.75));
#3040 = ( GEOMETRIC_REPRESENTATION_CONTEXT(2) 
PARAMETRIC_REPRESENTATION_CONTEXT() REPRESENTATION_CONTEXT('2D SPACE',''
  ) );
#3041 = PCURVE('',#3042,#3047);
#3042 = CYLINDRICAL_SURFACE('',#3043,6.);
#3043 = AXIS2_PLACEMENT_3D('',#3044,#3045,#3046);
#3044 = CARTESIAN_POINT('',(91.5,156.,-10.5));
#3045 = DIRECTION('',(0.,0.,-1.));
#3046 = DIRECTION('',(0.707106781187,0.707106781187,0.));
#3047 = DEFINITIONAL_REPRESENTATION('',(#3048),#3074);
#3048 = B_SPLINE_CURVE_WITH_KNOTS('',3,(#3049,#3050,#3051,#3052,#3053,
    #3054,#3055,#3056,#3057,#3058,#3059,#3060,#3061,#3062,#3063,#3064,
    #3065,#3066,#3067,#3068,#3069,#3070,#3071,#3072,#3073),
  .UNSPECIFIED.,.F.,.F.,(4,1,1,1,1,1,1,1,1,1,1,1,1,1,1,1,1,1,1,1,1,1,4),
  (4.712388980385,4.783788813421,4.855188646457,4.926588479493,
    4.997988312529,5.069388145565,5.140787978601,5.212187811638,
    5.283587644674,5.35498747771,5.426387310746,5.497787143782,
    5.569186976818,5.640586809854,5.711986642891,5.783386475927,
    5.854786308963,5.926186141999,5.997585975035,6.068985808071,
    6.140385641107,6.211785474143,6.28318530718),.UNSPECIFIED.);
#3049 = CARTESIAN_POINT('',(5.497787143782,-4.5));
#3050 = CARTESIAN_POINT('',(5.521587088128,-4.642800777411));
#3051 = CARTESIAN_POINT('',(5.569186976818,-4.928398410977));
#3052 = CARTESIAN_POINT('',(5.640586809854,-5.354614990636));
#3053 = CARTESIAN_POINT('',(5.711986642891,-5.776475804316));
#3054 = CARTESIAN_POINT('',(5.783386475927,-6.191832216008));
#3055 = CARTESIAN_POINT('',(5.854786308963,-6.598567377943));
#3056 = CARTESIAN_POINT('',(5.926186141999,-6.994608737788));
#3057 = CARTESIAN_POINT('',(5.997585975035,-7.377938138972));
#3058 = CARTESIAN_POINT('',(6.068985808071,-7.746602228247));
#3059 = CARTESIAN_POINT('',(6.140385641107,-8.098722376442));
#3060 = CARTESIAN_POINT('',(6.211785474143,-8.432504260395));
#3061 = CARTESIAN_POINT('',(6.28318530718,-8.746247004008));
#3062 = CARTESIAN_POINT('',(6.354585140216,-9.038351846289));
#3063 = CARTESIAN_POINT('',(6.425984973252,-9.307330287588));
#3064 = CARTESIAN_POINT('',(6.497384806288,-9.551811676636));
#3065 = CARTESIAN_POINT('',(6.568784639324,-9.770550187789));
#3066 = CARTESIAN_POINT('',(6.64018447236,-9.962431196627));
#3067 = CARTESIAN_POINT('',(6.711584305396,-10.12647685846));
#3068 = CARTESIAN_POINT('',(6.782984138433,-10.2618514695));
#3069 = CARTESIAN_POINT('',(6.854383971469,-10.36786431362));
#3070 = CARTESIAN_POINT('',(6.925783804505,-10.44397845094));
#3071 = CARTESIAN_POINT('',(6.997183637541,-10.48979379029));
#3072 = CARTESIAN_POINT('',(7.044783526232,-10.50001293933));
#3073 = CARTESIAN_POINT('',(7.068583470577,-10.5));
#3074 = ( GEOMETRIC_REPRESENTATION_CONTEXT(2) 
PARAMETRIC_REPRESENTATION_CONTEXT() REPRESENTATION_CONTEXT('2D SPACE',''
  ) );
#3075 = ORIENTED_EDGE('',*,*,#3076,.T.);
#3076 = EDGE_CURVE('',#3004,#2831,#3077,.T.);
#3077 = SURFACE_CURVE('',#3078,(#3082,#3089),.PCURVE_S1.);
#3078 = LINE('',#3079,#3080);
#3079 = CARTESIAN_POINT('',(33.75,162.,-6.));
#3080 = VECTOR('',#3081,1.);
#3081 = DIRECTION('',(-1.,0.,0.));
#3082 = PCURVE('',#1066,#3083);
#3083 = DEFINITIONAL_REPRESENTATION('',(#3084),#3088);
#3084 = LINE('',#3085,#3086);
#3085 = CARTESIAN_POINT('',(5.497787143782,0.));
#3086 = VECTOR('',#3087,1.);
#3087 = DIRECTION('',(0.,-1.));
#3088 = ( GEOMETRIC_REPRESENTATION_CONTEXT(2) 
PARAMETRIC_REPRESENTATION_CONTEXT() REPRESENTATION_CONTEXT('2D SPACE',''
  ) );
#3089 = PCURVE('',#3090,#3095);
#3090 = PLANE('',#3091);
#3091 = AXIS2_PLACEMENT_3D('',#3092,#3093,#3094);
#3092 = CARTESIAN_POINT('',(67.5,162.,-21.));
#3093 = DIRECTION('',(0.,1.,0.));
#3094 = DIRECTION('',(0.,-0.,1.));
#3095 = DEFINITIONAL_REPRESENTATION('',(#3096),#3100);
#3096 = LINE('',#3097,#3098);
#3097 = CARTESIAN_POINT('',(15.,-33.75));
#3098 = VECTOR('',#3099,1.);
#3099 = DIRECTION('',(0.,-1.));
#3100 = ( GEOMETRIC_REPRESENTATION_CONTEXT(2) 
PARAMETRIC_REPRESENTATION_CONTEXT() REPRESENTATION_CONTEXT('2D SPACE',''
  ) );
#3101 = ADVANCED_FACE('',(#3102,#3148),#1094,.T.);
#3102 = FACE_BOUND('',#3103,.T.);
#3103 = EDGE_LOOP('',(#3104,#3125,#3126,#3147));
#3104 = ORIENTED_EDGE('',*,*,#3105,.F.);
#3105 = EDGE_CURVE('',#2214,#1049,#3106,.T.);
#3106 = SURFACE_CURVE('',#3107,(#3111,#3118),.PCURVE_S1.);
#3107 = LINE('',#3108,#3109);
#3108 = CARTESIAN_POINT('',(37.5,156.,-31.5));
#3109 = VECTOR('',#3110,1.);
#3110 = DIRECTION('',(-1.057355261548E-16,0.,1.));
#3111 = PCURVE('',#1094,#3112);
#3112 = DEFINITIONAL_REPRESENTATION('',(#3113),#3117);
#3113 = LINE('',#3114,#3115);
#3114 = CARTESIAN_POINT('',(10.5,141.));
#3115 = VECTOR('',#3116,1.);
#3116 = DIRECTION('',(1.,0.));
#3117 = ( GEOMETRIC_REPRESENTATION_CONTEXT(2) 
PARAMETRIC_REPRESENTATION_CONTEXT() REPRESENTATION_CONTEXT('2D SPACE',''
  ) );
#3118 = PCURVE('',#2968,#3119);
#3119 = DEFINITIONAL_REPRESENTATION('',(#3120),#3124);
#3120 = LINE('',#3121,#3122);
#3121 = CARTESIAN_POINT('',(7.068583470577,-3.552713678801E-15));
#3122 = VECTOR('',#3123,1.);
#3123 = DIRECTION('',(0.,1.));
#3124 = ( GEOMETRIC_REPRESENTATION_CONTEXT(2) 
PARAMETRIC_REPRESENTATION_CONTEXT() REPRESENTATION_CONTEXT('2D SPACE',''
  ) );
#3125 = ORIENTED_EDGE('',*,*,#2568,.F.);
#3126 = ORIENTED_EDGE('',*,*,#3127,.F.);
#3127 = EDGE_CURVE('',#1079,#2545,#3128,.T.);
#3128 = SURFACE_CURVE('',#3129,(#3133,#3140),.PCURVE_S1.);
#3129 = LINE('',#3130,#3131);
#3130 = CARTESIAN_POINT('',(37.49999833703,92.996133808522,0.));
#3131 = VECTOR('',#3132,1.);
#3132 = DIRECTION('',(0.,0.,-1.));
#3133 = PCURVE('',#1094,#3134);
#3134 = DEFINITIONAL_REPRESENTATION('',(#3135),#3139);
#3135 = LINE('',#3136,#3137);
#3136 = CARTESIAN_POINT('',(42.,77.996133808522));
#3137 = VECTOR('',#3138,1.);
#3138 = DIRECTION('',(-1.,0.));
#3139 = ( GEOMETRIC_REPRESENTATION_CONTEXT(2) 
PARAMETRIC_REPRESENTATION_CONTEXT() REPRESENTATION_CONTEXT('2D SPACE',''
  ) );
#3140 = PCURVE('',#1123,#3141);
#3141 = DEFINITIONAL_REPRESENTATION('',(#3142),#3146);
#3142 = LINE('',#3143,#3144);
#3143 = CARTESIAN_POINT('',(6.282010924498,0.));
#3144 = VECTOR('',#3145,1.);
#3145 = DIRECTION('',(0.,1.));
#3146 = ( GEOMETRIC_REPRESENTATION_CONTEXT(2) 
PARAMETRIC_REPRESENTATION_CONTEXT() REPRESENTATION_CONTEXT('2D SPACE',''
  ) );
#3147 = ORIENTED_EDGE('',*,*,#1078,.T.);
#3148 = FACE_BOUND('',#3149,.T.);
#3149 = EDGE_LOOP('',(#3150));
#3150 = ORIENTED_EDGE('',*,*,#3151,.T.);
#3151 = EDGE_CURVE('',#3152,#3152,#3154,.T.);
#3152 = VERTEX_POINT('',#3153);
#3153 = CARTESIAN_POINT('',(37.5,137.,-24.));
#3154 = SURFACE_CURVE('',#3155,(#3160,#3171),.PCURVE_S1.);
#3155 = CIRCLE('',#3156,3.);
#3156 = AXIS2_PLACEMENT_3D('',#3157,#3158,#3159);
#3157 = CARTESIAN_POINT('',(37.5,137.,-21.));
#3158 = DIRECTION('',(1.,0.,1.057355261548E-16));
#3159 = DIRECTION('',(-1.057355261548E-16,0.,1.));
#3160 = PCURVE('',#1094,#3161);
#3161 = DEFINITIONAL_REPRESENTATION('',(#3162),#3170);
#3162 = ( BOUNDED_CURVE() B_SPLINE_CURVE(2,(#3163,#3164,#3165,#3166,
#3167,#3168,#3169),.UNSPECIFIED.,.T.,.F.) B_SPLINE_CURVE_WITH_KNOTS((1,2
    ,2,2,2,1),(-2.094395102393,0.,2.094395102393,4.188790204786,
6.28318530718,8.377580409573),.UNSPECIFIED.) CURVE() 
GEOMETRIC_REPRESENTATION_ITEM() RATIONAL_B_SPLINE_CURVE((1.,0.5,1.,0.5,
1.,0.5,1.)) REPRESENTATION_ITEM('') );
#3163 = CARTESIAN_POINT('',(24.,122.));
#3164 = CARTESIAN_POINT('',(24.,116.80384757729));
#3165 = CARTESIAN_POINT('',(19.5,119.40192378864));
#3166 = CARTESIAN_POINT('',(15.,122.));
#3167 = CARTESIAN_POINT('',(19.5,124.59807621135));
#3168 = CARTESIAN_POINT('',(24.,127.1961524227));
#3169 = CARTESIAN_POINT('',(24.,122.));
#3170 = ( GEOMETRIC_REPRESENTATION_CONTEXT(2) 
PARAMETRIC_REPRESENTATION_CONTEXT() REPRESENTATION_CONTEXT('2D SPACE',''
  ) );
#3171 = PCURVE('',#3172,#3177);
#3172 = CYLINDRICAL_SURFACE('',#3173,3.);
#3173 = AXIS2_PLACEMENT_3D('',#3174,#3175,#3176);
#3174 = CARTESIAN_POINT('',(37.5,137.,-21.));
#3175 = DIRECTION('',(1.,0.,1.184237892934E-16));
#3176 = DIRECTION('',(-1.184237892934E-16,0.,1.));
#3177 = DEFINITIONAL_REPRESENTATION('',(#3178),#3182);
#3178 = LINE('',#3179,#3180);
#3179 = CARTESIAN_POINT('',(0.,0.));
#3180 = VECTOR('',#3181,1.);
#3181 = DIRECTION('',(1.,0.));
#3182 = ( GEOMETRIC_REPRESENTATION_CONTEXT(2) 
PARAMETRIC_REPRESENTATION_CONTEXT() REPRESENTATION_CONTEXT('2D SPACE',''
  ) );
#3183 = ADVANCED_FACE('',(#3184,#3230),#1517,.F.);
#3184 = FACE_BOUND('',#3185,.T.);
#3185 = EDGE_LOOP('',(#3186,#3207,#3208,#3229));
#3186 = ORIENTED_EDGE('',*,*,#3187,.F.);
#3187 = EDGE_CURVE('',#1051,#2212,#3188,.T.);
#3188 = SURFACE_CURVE('',#3189,(#3193,#3200),.PCURVE_S1.);
#3189 = LINE('',#3190,#3191);
#3190 = CARTESIAN_POINT('',(97.5,156.,-10.5));
#3191 = VECTOR('',#3192,1.);
#3192 = DIRECTION('',(0.,0.,-1.));
#3193 = PCURVE('',#1517,#3194);
#3194 = DEFINITIONAL_REPRESENTATION('',(#3195),#3199);
#3195 = LINE('',#3196,#3197);
#3196 = CARTESIAN_POINT('',(44.68839902931,10.5));
#3197 = VECTOR('',#3198,1.);
#3198 = DIRECTION('',(0.,1.));
#3199 = ( GEOMETRIC_REPRESENTATION_CONTEXT(2) 
PARAMETRIC_REPRESENTATION_CONTEXT() REPRESENTATION_CONTEXT('2D SPACE',''
  ) );
#3200 = PCURVE('',#3042,#3201);
#3201 = DEFINITIONAL_REPRESENTATION('',(#3202),#3206);
#3202 = LINE('',#3203,#3204);
#3203 = CARTESIAN_POINT('',(7.068583470577,0.));
#3204 = VECTOR('',#3205,1.);
#3205 = DIRECTION('',(0.,1.));
#3206 = ( GEOMETRIC_REPRESENTATION_CONTEXT(2) 
PARAMETRIC_REPRESENTATION_CONTEXT() REPRESENTATION_CONTEXT('2D SPACE',''
  ) );
#3207 = ORIENTED_EDGE('',*,*,#1503,.F.);
#3208 = ORIENTED_EDGE('',*,*,#3209,.T.);
#3209 = EDGE_CURVE('',#1471,#2242,#3210,.T.);
#3210 = SURFACE_CURVE('',#3211,(#3215,#3222),.PCURVE_S1.);
#3211 = LINE('',#3212,#3213);
#3212 = CARTESIAN_POINT('',(97.5,111.31160097069,0.));
#3213 = VECTOR('',#3214,1.);
#3214 = DIRECTION('',(0.,0.,-1.));
#3215 = PCURVE('',#1517,#3216);
#3216 = DEFINITIONAL_REPRESENTATION('',(#3217),#3221);
#3217 = LINE('',#3218,#3219);
#3218 = CARTESIAN_POINT('',(0.,0.));
#3219 = VECTOR('',#3220,1.);
#3220 = DIRECTION('',(0.,1.));
#3221 = ( GEOMETRIC_REPRESENTATION_CONTEXT(2) 
PARAMETRIC_REPRESENTATION_CONTEXT() REPRESENTATION_CONTEXT('2D SPACE',''
  ) );
#3222 = PCURVE('',#1491,#3223);
#3223 = DEFINITIONAL_REPRESENTATION('',(#3224),#3228);
#3224 = LINE('',#3225,#3226);
#3225 = CARTESIAN_POINT('',(6.28318530718,0.));
#3226 = VECTOR('',#3227,1.);
#3227 = DIRECTION('',(0.,1.));
#3228 = ( GEOMETRIC_REPRESENTATION_CONTEXT(2) 
PARAMETRIC_REPRESENTATION_CONTEXT() REPRESENTATION_CONTEXT('2D SPACE',''
  ) );
#3229 = ORIENTED_EDGE('',*,*,#2241,.F.);
#3230 = FACE_BOUND('',#3231,.T.);
#3231 = EDGE_LOOP('',(#3232));
#3232 = ORIENTED_EDGE('',*,*,#3233,.T.);
#3233 = EDGE_CURVE('',#3234,#3234,#3236,.T.);
#3234 = VERTEX_POINT('',#3235);
#3235 = CARTESIAN_POINT('',(97.5,137.,-24.));
#3236 = SURFACE_CURVE('',#3237,(#3242,#3249),.PCURVE_S1.);
#3237 = CIRCLE('',#3238,3.);
#3238 = AXIS2_PLACEMENT_3D('',#3239,#3240,#3241);
#3239 = CARTESIAN_POINT('',(97.5,137.,-21.));
#3240 = DIRECTION('',(-1.,0.,0.));
#3241 = DIRECTION('',(0.,0.,1.));
#3242 = PCURVE('',#1517,#3243);
#3243 = DEFINITIONAL_REPRESENTATION('',(#3244),#3248);
#3244 = CIRCLE('',#3245,3.);
#3245 = AXIS2_PLACEMENT_2D('',#3246,#3247);
#3246 = CARTESIAN_POINT('',(25.68839902931,21.));
#3247 = DIRECTION('',(0.,-1.));
#3248 = ( GEOMETRIC_REPRESENTATION_CONTEXT(2) 
PARAMETRIC_REPRESENTATION_CONTEXT() REPRESENTATION_CONTEXT('2D SPACE',''
  ) );
#3249 = PCURVE('',#3250,#3255);
#3250 = CYLINDRICAL_SURFACE('',#3251,3.);
#3251 = AXIS2_PLACEMENT_3D('',#3252,#3253,#3254);
#3252 = CARTESIAN_POINT('',(37.5,137.,-21.));
#3253 = DIRECTION('',(1.,0.,1.184237892934E-16));
#3254 = DIRECTION('',(-1.184237892934E-16,0.,1.));
#3255 = DEFINITIONAL_REPRESENTATION('',(#3256),#3260);
#3256 = LINE('',#3257,#3258);
#3257 = CARTESIAN_POINT('',(12.566370614359,60.));
#3258 = VECTOR('',#3259,1.);
#3259 = DIRECTION('',(-1.,0.));
#3260 = ( GEOMETRIC_REPRESENTATION_CONTEXT(2) 
PARAMETRIC_REPRESENTATION_CONTEXT() REPRESENTATION_CONTEXT('2D SPACE',''
  ) );
#3261 = ADVANCED_FACE('',(#3262),#1123,.T.);
#3262 = FACE_BOUND('',#3263,.T.);
#3263 = EDGE_LOOP('',(#3264,#3265,#3288,#3316,#3337,#3338));
#3264 = ORIENTED_EDGE('',*,*,#2544,.F.);
#3265 = ORIENTED_EDGE('',*,*,#3266,.F.);
#3266 = EDGE_CURVE('',#3267,#2517,#3269,.T.);
#3267 = VERTEX_POINT('',#3268);
#3268 = CARTESIAN_POINT('',(46.5,84.,-30.));
#3269 = SURFACE_CURVE('',#3270,(#3274,#3281),.PCURVE_S1.);
#3270 = LINE('',#3271,#3272);
#3271 = CARTESIAN_POINT('',(46.5,84.,0.));
#3272 = VECTOR('',#3273,1.);
#3273 = DIRECTION('',(0.,0.,-1.));
#3274 = PCURVE('',#1123,#3275);
#3275 = DEFINITIONAL_REPRESENTATION('',(#3276),#3280);
#3276 = LINE('',#3277,#3278);
#3277 = CARTESIAN_POINT('',(4.71164445159,0.));
#3278 = VECTOR('',#3279,1.);
#3279 = DIRECTION('',(0.,1.));
#3280 = ( GEOMETRIC_REPRESENTATION_CONTEXT(2) 
PARAMETRIC_REPRESENTATION_CONTEXT() REPRESENTATION_CONTEXT('2D SPACE',''
  ) );
#3281 = PCURVE('',#2532,#3282);
#3282 = DEFINITIONAL_REPRESENTATION('',(#3283),#3287);
#3283 = LINE('',#3284,#3285);
#3284 = CARTESIAN_POINT('',(0.,0.));
#3285 = VECTOR('',#3286,1.);
#3286 = DIRECTION('',(0.,1.));
#3287 = ( GEOMETRIC_REPRESENTATION_CONTEXT(2) 
PARAMETRIC_REPRESENTATION_CONTEXT() REPRESENTATION_CONTEXT('2D SPACE',''
  ) );
#3288 = ORIENTED_EDGE('',*,*,#3289,.F.);
#3289 = EDGE_CURVE('',#3290,#3267,#3292,.T.);
#3290 = VERTEX_POINT('',#3291);
#3291 = CARTESIAN_POINT('',(46.5,84.,-12.00000017881));
#3292 = SURFACE_CURVE('',#3293,(#3297,#3304),.PCURVE_S1.);
#3293 = LINE('',#3294,#3295);
#3294 = CARTESIAN_POINT('',(46.5,84.,0.));
#3295 = VECTOR('',#3296,1.);
#3296 = DIRECTION('',(0.,0.,-1.));
#3297 = PCURVE('',#1123,#3298);
#3298 = DEFINITIONAL_REPRESENTATION('',(#3299),#3303);
#3299 = LINE('',#3300,#3301);
#3300 = CARTESIAN_POINT('',(4.71164445159,0.));
#3301 = VECTOR('',#3302,1.);
#3302 = DIRECTION('',(0.,1.));
#3303 = ( GEOMETRIC_REPRESENTATION_CONTEXT(2) 
PARAMETRIC_REPRESENTATION_CONTEXT() REPRESENTATION_CONTEXT('2D SPACE',''
  ) );
#3304 = PCURVE('',#3305,#3310);
#3305 = PLANE('',#3306);
#3306 = AXIS2_PLACEMENT_3D('',#3307,#3308,#3309);
#3307 = CARTESIAN_POINT('',(46.5,153.,-12.00000017881));
#3308 = DIRECTION('',(-1.,0.,0.));
#3309 = DIRECTION('',(0.,0.,-1.));
#3310 = DEFINITIONAL_REPRESENTATION('',(#3311),#3315);
#3311 = LINE('',#3312,#3313);
#3312 = CARTESIAN_POINT('',(-12.00000017881,69.));
#3313 = VECTOR('',#3314,1.);
#3314 = DIRECTION('',(1.,0.));
#3315 = ( GEOMETRIC_REPRESENTATION_CONTEXT(2) 
PARAMETRIC_REPRESENTATION_CONTEXT() REPRESENTATION_CONTEXT('2D SPACE',''
  ) );
#3316 = ORIENTED_EDGE('',*,*,#3317,.F.);
#3317 = EDGE_CURVE('',#1107,#3290,#3318,.T.);
#3318 = SURFACE_CURVE('',#3319,(#3323,#3330),.PCURVE_S1.);
#3319 = LINE('',#3320,#3321);
#3320 = CARTESIAN_POINT('',(46.5,84.,0.));
#3321 = VECTOR('',#3322,1.);
#3322 = DIRECTION('',(0.,0.,-1.));
#3323 = PCURVE('',#1123,#3324);
#3324 = DEFINITIONAL_REPRESENTATION('',(#3325),#3329);
#3325 = LINE('',#3326,#3327);
#3326 = CARTESIAN_POINT('',(4.71164445159,0.));
#3327 = VECTOR('',#3328,1.);
#3328 = DIRECTION('',(0.,1.));
#3329 = ( GEOMETRIC_REPRESENTATION_CONTEXT(2) 
PARAMETRIC_REPRESENTATION_CONTEXT() REPRESENTATION_CONTEXT('2D SPACE',''
  ) );
#3330 = PCURVE('',#1151,#3331);
#3331 = DEFINITIONAL_REPRESENTATION('',(#3332),#3336);
#3332 = LINE('',#3333,#3334);
#3333 = CARTESIAN_POINT('',(0.,0.));
#3334 = VECTOR('',#3335,1.);
#3335 = DIRECTION('',(0.,1.));
#3336 = ( GEOMETRIC_REPRESENTATION_CONTEXT(2) 
PARAMETRIC_REPRESENTATION_CONTEXT() REPRESENTATION_CONTEXT('2D SPACE',''
  ) );
#3337 = ORIENTED_EDGE('',*,*,#1106,.F.);
#3338 = ORIENTED_EDGE('',*,*,#3127,.T.);
#3339 = ADVANCED_FACE('',(#3340),#1491,.F.);
#3340 = FACE_BOUND('',#3341,.F.);
#3341 = EDGE_LOOP('',(#3342,#3363,#3364,#3365));
#3342 = ORIENTED_EDGE('',*,*,#3343,.F.);
#3343 = EDGE_CURVE('',#1442,#2265,#3344,.T.);
#3344 = SURFACE_CURVE('',#3345,(#3349,#3356),.PCURVE_S1.);
#3345 = LINE('',#3346,#3347);
#3346 = CARTESIAN_POINT('',(102.675,103.16486082509,0.));
#3347 = VECTOR('',#3348,1.);
#3348 = DIRECTION('',(0.,0.,-1.));
#3349 = PCURVE('',#1491,#3350);
#3350 = DEFINITIONAL_REPRESENTATION('',(#3351),#3355);
#3351 = LINE('',#3352,#3353);
#3352 = CARTESIAN_POINT('',(5.151350865994,0.));
#3353 = VECTOR('',#3354,1.);
#3354 = DIRECTION('',(0.,1.));
#3355 = ( GEOMETRIC_REPRESENTATION_CONTEXT(2) 
PARAMETRIC_REPRESENTATION_CONTEXT() REPRESENTATION_CONTEXT('2D SPACE',''
  ) );
#3356 = PCURVE('',#1458,#3357);
#3357 = DEFINITIONAL_REPRESENTATION('',(#3358),#3362);
#3358 = LINE('',#3359,#3360);
#3359 = CARTESIAN_POINT('',(5.394484909736,0.));
#3360 = VECTOR('',#3361,1.);
#3361 = DIRECTION('',(0.,1.));
#3362 = ( GEOMETRIC_REPRESENTATION_CONTEXT(2) 
PARAMETRIC_REPRESENTATION_CONTEXT() REPRESENTATION_CONTEXT('2D SPACE',''
  ) );
#3363 = ORIENTED_EDGE('',*,*,#1470,.T.);
#3364 = ORIENTED_EDGE('',*,*,#3209,.T.);
#3365 = ORIENTED_EDGE('',*,*,#2264,.T.);
#3366 = ADVANCED_FACE('',(#3367),#1151,.F.);
#3367 = FACE_BOUND('',#3368,.T.);
#3368 = EDGE_LOOP('',(#3369,#3397,#3418,#3419));
#3369 = ORIENTED_EDGE('',*,*,#3370,.T.);
#3370 = EDGE_CURVE('',#3290,#3371,#3373,.T.);
#3371 = VERTEX_POINT('',#3372);
#3372 = CARTESIAN_POINT('',(69.,84.,-12.00000017881));
#3373 = SURFACE_CURVE('',#3374,(#3378,#3385),.PCURVE_S1.);
#3374 = LINE('',#3375,#3376);
#3375 = CARTESIAN_POINT('',(67.5,84.,-12.00000017881));
#3376 = VECTOR('',#3377,1.);
#3377 = DIRECTION('',(1.,0.,0.));
#3378 = PCURVE('',#1151,#3379);
#3379 = DEFINITIONAL_REPRESENTATION('',(#3380),#3384);
#3380 = LINE('',#3381,#3382);
#3381 = CARTESIAN_POINT('',(21.,12.00000017881));
#3382 = VECTOR('',#3383,1.);
#3383 = DIRECTION('',(1.,0.));
#3384 = ( GEOMETRIC_REPRESENTATION_CONTEXT(2) 
PARAMETRIC_REPRESENTATION_CONTEXT() REPRESENTATION_CONTEXT('2D SPACE',''
  ) );
#3385 = PCURVE('',#3386,#3391);
#3386 = PLANE('',#3387);
#3387 = AXIS2_PLACEMENT_3D('',#3388,#3389,#3390);
#3388 = CARTESIAN_POINT('',(88.5,153.,-12.00000017881));
#3389 = DIRECTION('',(0.,0.,1.));
#3390 = DIRECTION('',(-1.,0.,0.));
#3391 = DEFINITIONAL_REPRESENTATION('',(#3392),#3396);
#3392 = LINE('',#3393,#3394);
#3393 = CARTESIAN_POINT('',(21.,69.));
#3394 = VECTOR('',#3395,1.);
#3395 = DIRECTION('',(-1.,0.));
#3396 = ( GEOMETRIC_REPRESENTATION_CONTEXT(2) 
PARAMETRIC_REPRESENTATION_CONTEXT() REPRESENTATION_CONTEXT('2D SPACE',''
  ) );
#3397 = ORIENTED_EDGE('',*,*,#3398,.F.);
#3398 = EDGE_CURVE('',#1136,#3371,#3399,.T.);
#3399 = SURFACE_CURVE('',#3400,(#3404,#3411),.PCURVE_S1.);
#3400 = LINE('',#3401,#3402);
#3401 = CARTESIAN_POINT('',(69.,84.,0.));
#3402 = VECTOR('',#3403,1.);
#3403 = DIRECTION('',(0.,0.,-1.));
#3404 = PCURVE('',#1151,#3405);
#3405 = DEFINITIONAL_REPRESENTATION('',(#3406),#3410);
#3406 = LINE('',#3407,#3408);
#3407 = CARTESIAN_POINT('',(22.5,0.));
#3408 = VECTOR('',#3409,1.);
#3409 = DIRECTION('',(0.,1.));
#3410 = ( GEOMETRIC_REPRESENTATION_CONTEXT(2) 
PARAMETRIC_REPRESENTATION_CONTEXT() REPRESENTATION_CONTEXT('2D SPACE',''
  ) );
#3411 = PCURVE('',#1180,#3412);
#3412 = DEFINITIONAL_REPRESENTATION('',(#3413),#3417);
#3413 = LINE('',#3414,#3415);
#3414 = CARTESIAN_POINT('',(4.712388980385,0.));
#3415 = VECTOR('',#3416,1.);
#3416 = DIRECTION('',(0.,1.));
#3417 = ( GEOMETRIC_REPRESENTATION_CONTEXT(2) 
PARAMETRIC_REPRESENTATION_CONTEXT() REPRESENTATION_CONTEXT('2D SPACE',''
  ) );
#3418 = ORIENTED_EDGE('',*,*,#1135,.T.);
#3419 = ORIENTED_EDGE('',*,*,#3317,.T.);
#3420 = ADVANCED_FACE('',(#3421),#1458,.T.);
#3421 = FACE_BOUND('',#3422,.T.);
#3422 = EDGE_LOOP('',(#3423,#3424,#3425,#3426));
#3423 = ORIENTED_EDGE('',*,*,#2292,.F.);
#3424 = ORIENTED_EDGE('',*,*,#3343,.F.);
#3425 = ORIENTED_EDGE('',*,*,#1441,.F.);
#3426 = ORIENTED_EDGE('',*,*,#3427,.F.);
#3427 = EDGE_CURVE('',#2293,#1414,#3428,.T.);
#3428 = SURFACE_CURVE('',#3429,(#3433,#3440),.PCURVE_S1.);
#3429 = LINE('',#3430,#3431);
#3430 = CARTESIAN_POINT('',(130.5,69.278029157809,0.));
#3431 = VECTOR('',#3432,1.);
#3432 = DIRECTION('',(0.,0.,1.));
#3433 = PCURVE('',#1458,#3434);
#3434 = DEFINITIONAL_REPRESENTATION('',(#3435),#3439);
#3435 = LINE('',#3436,#3437);
#3436 = CARTESIAN_POINT('',(6.28318530718,0.));
#3437 = VECTOR('',#3438,1.);
#3438 = DIRECTION('',(0.,-1.));
#3439 = ( GEOMETRIC_REPRESENTATION_CONTEXT(2) 
PARAMETRIC_REPRESENTATION_CONTEXT() REPRESENTATION_CONTEXT('2D SPACE',''
  ) );
#3440 = PCURVE('',#1429,#3441);
#3441 = DEFINITIONAL_REPRESENTATION('',(#3442),#3446);
#3442 = LINE('',#3443,#3444);
#3443 = CARTESIAN_POINT('',(0.,54.278029157809));
#3444 = VECTOR('',#3445,1.);
#3445 = DIRECTION('',(-1.,0.));
#3446 = ( GEOMETRIC_REPRESENTATION_CONTEXT(2) 
PARAMETRIC_REPRESENTATION_CONTEXT() REPRESENTATION_CONTEXT('2D SPACE',''
  ) );
#3447 = ADVANCED_FACE('',(#3448),#1180,.F.);
#3448 = FACE_BOUND('',#3449,.F.);
#3449 = EDGE_LOOP('',(#3450,#3480,#3506,#3507,#3508,#3529,#3530,#3553));
#3450 = ORIENTED_EDGE('',*,*,#3451,.F.);
#3451 = EDGE_CURVE('',#3452,#3454,#3456,.T.);
#3452 = VERTEX_POINT('',#3453);
#3453 = CARTESIAN_POINT('',(88.5,75.674849396983,-12.00000017881));
#3454 = VERTEX_POINT('',#3455);
#3455 = CARTESIAN_POINT('',(88.5,75.674849396983,-30.));
#3456 = SURFACE_CURVE('',#3457,(#3461,#3468),.PCURVE_S1.);
#3457 = LINE('',#3458,#3459);
#3458 = CARTESIAN_POINT('',(88.5,75.674849396983,0.));
#3459 = VECTOR('',#3460,1.);
#3460 = DIRECTION('',(0.,0.,-1.));
#3461 = PCURVE('',#1180,#3462);
#3462 = DEFINITIONAL_REPRESENTATION('',(#3463),#3467);
#3463 = LINE('',#3464,#3465);
#3464 = CARTESIAN_POINT('',(5.519398810782,0.));
#3465 = VECTOR('',#3466,1.);
#3466 = DIRECTION('',(0.,1.));
#3467 = ( GEOMETRIC_REPRESENTATION_CONTEXT(2) 
PARAMETRIC_REPRESENTATION_CONTEXT() REPRESENTATION_CONTEXT('2D SPACE',''
  ) );
#3468 = PCURVE('',#3469,#3474);
#3469 = PLANE('',#3470);
#3470 = AXIS2_PLACEMENT_3D('',#3471,#3472,#3473);
#3471 = CARTESIAN_POINT('',(88.5,153.,-30.));
#3472 = DIRECTION('',(1.,0.,0.));
#3473 = DIRECTION('',(0.,0.,1.));
#3474 = DEFINITIONAL_REPRESENTATION('',(#3475),#3479);
#3475 = LINE('',#3476,#3477);
#3476 = CARTESIAN_POINT('',(30.,77.325150603017));
#3477 = VECTOR('',#3478,1.);
#3478 = DIRECTION('',(-1.,0.));
#3479 = ( GEOMETRIC_REPRESENTATION_CONTEXT(2) 
PARAMETRIC_REPRESENTATION_CONTEXT() REPRESENTATION_CONTEXT('2D SPACE',''
  ) );
#3480 = ORIENTED_EDGE('',*,*,#3481,.F.);
#3481 = EDGE_CURVE('',#3371,#3452,#3482,.T.);
#3482 = SURFACE_CURVE('',#3483,(#3488,#3495),.PCURVE_S1.);
#3483 = CIRCLE('',#3484,27.);
#3484 = AXIS2_PLACEMENT_3D('',#3485,#3486,#3487);
#3485 = CARTESIAN_POINT('',(69.,57.,-12.00000017881));
#3486 = DIRECTION('',(0.,0.,-1.));
#3487 = DIRECTION('',(1.,6.579099405186E-16,0.));
#3488 = PCURVE('',#1180,#3489);
#3489 = DEFINITIONAL_REPRESENTATION('',(#3490),#3494);
#3490 = LINE('',#3491,#3492);
#3491 = CARTESIAN_POINT('',(-8.881784197001E-16,12.000000178814));
#3492 = VECTOR('',#3493,1.);
#3493 = DIRECTION('',(1.,0.));
#3494 = ( GEOMETRIC_REPRESENTATION_CONTEXT(2) 
PARAMETRIC_REPRESENTATION_CONTEXT() REPRESENTATION_CONTEXT('2D SPACE',''
  ) );
#3495 = PCURVE('',#3386,#3496);
#3496 = DEFINITIONAL_REPRESENTATION('',(#3497),#3505);
#3497 = ( BOUNDED_CURVE() B_SPLINE_CURVE(2,(#3498,#3499,#3500,#3501,
#3502,#3503,#3504),.UNSPECIFIED.,.T.,.F.) B_SPLINE_CURVE_WITH_KNOTS((1,2
    ,2,2,2,1),(-2.094395102393,0.,2.094395102393,4.188790204786,
6.28318530718,8.377580409573),.UNSPECIFIED.) CURVE() 
GEOMETRIC_REPRESENTATION_ITEM() RATIONAL_B_SPLINE_CURVE((1.,0.5,1.,0.5,
1.,0.5,1.)) REPRESENTATION_ITEM('') );
#3498 = CARTESIAN_POINT('',(-7.5,96.));
#3499 = CARTESIAN_POINT('',(-7.5,142.76537180436));
#3500 = CARTESIAN_POINT('',(33.,119.38268590218));
#3501 = CARTESIAN_POINT('',(73.5,96.));
#3502 = CARTESIAN_POINT('',(33.,72.61731409782));
#3503 = CARTESIAN_POINT('',(-7.5,49.23462819564));
#3504 = CARTESIAN_POINT('',(-7.5,96.));
#3505 = ( GEOMETRIC_REPRESENTATION_CONTEXT(2) 
PARAMETRIC_REPRESENTATION_CONTEXT() REPRESENTATION_CONTEXT('2D SPACE',''
  ) );
#3506 = ORIENTED_EDGE('',*,*,#3398,.F.);
#3507 = ORIENTED_EDGE('',*,*,#1163,.F.);
#3508 = ORIENTED_EDGE('',*,*,#3509,.T.);
#3509 = EDGE_CURVE('',#1164,#2461,#3510,.T.);
#3510 = SURFACE_CURVE('',#3511,(#3515,#3522),.PCURVE_S1.);
#3511 = LINE('',#3512,#3513);
#3512 = CARTESIAN_POINT('',(96.,57.,0.));
#3513 = VECTOR('',#3514,1.);
#3514 = DIRECTION('',(0.,0.,-1.));
#3515 = PCURVE('',#1180,#3516);
#3516 = DEFINITIONAL_REPRESENTATION('',(#3517),#3521);
#3517 = LINE('',#3518,#3519);
#3518 = CARTESIAN_POINT('',(6.28318530718,0.));
#3519 = VECTOR('',#3520,1.);
#3520 = DIRECTION('',(0.,1.));
#3521 = ( GEOMETRIC_REPRESENTATION_CONTEXT(2) 
PARAMETRIC_REPRESENTATION_CONTEXT() REPRESENTATION_CONTEXT('2D SPACE',''
  ) );
#3522 = PCURVE('',#1209,#3523);
#3523 = DEFINITIONAL_REPRESENTATION('',(#3524),#3528);
#3524 = LINE('',#3525,#3526);
#3525 = CARTESIAN_POINT('',(5.376012047703,0.));
#3526 = VECTOR('',#3527,1.);
#3527 = DIRECTION('',(0.,1.));
#3528 = ( GEOMETRIC_REPRESENTATION_CONTEXT(2) 
PARAMETRIC_REPRESENTATION_CONTEXT() REPRESENTATION_CONTEXT('2D SPACE',''
  ) );
#3529 = ORIENTED_EDGE('',*,*,#2488,.T.);
#3530 = ORIENTED_EDGE('',*,*,#3531,.F.);
#3531 = EDGE_CURVE('',#3532,#2489,#3534,.T.);
#3532 = VERTEX_POINT('',#3533);
#3533 = CARTESIAN_POINT('',(69.,84.,-30.));
#3534 = SURFACE_CURVE('',#3535,(#3539,#3546),.PCURVE_S1.);
#3535 = LINE('',#3536,#3537);
#3536 = CARTESIAN_POINT('',(69.,84.,0.));
#3537 = VECTOR('',#3538,1.);
#3538 = DIRECTION('',(0.,0.,-1.));
#3539 = PCURVE('',#1180,#3540);
#3540 = DEFINITIONAL_REPRESENTATION('',(#3541),#3545);
#3541 = LINE('',#3542,#3543);
#3542 = CARTESIAN_POINT('',(4.712388980385,0.));
#3543 = VECTOR('',#3544,1.);
#3544 = DIRECTION('',(0.,1.));
#3545 = ( GEOMETRIC_REPRESENTATION_CONTEXT(2) 
PARAMETRIC_REPRESENTATION_CONTEXT() REPRESENTATION_CONTEXT('2D SPACE',''
  ) );
#3546 = PCURVE('',#2532,#3547);
#3547 = DEFINITIONAL_REPRESENTATION('',(#3548),#3552);
#3548 = LINE('',#3549,#3550);
#3549 = CARTESIAN_POINT('',(22.5,0.));
#3550 = VECTOR('',#3551,1.);
#3551 = DIRECTION('',(0.,1.));
#3552 = ( GEOMETRIC_REPRESENTATION_CONTEXT(2) 
PARAMETRIC_REPRESENTATION_CONTEXT() REPRESENTATION_CONTEXT('2D SPACE',''
  ) );
#3553 = ORIENTED_EDGE('',*,*,#3554,.F.);
#3554 = EDGE_CURVE('',#3454,#3532,#3555,.T.);
#3555 = SURFACE_CURVE('',#3556,(#3561,#3568),.PCURVE_S1.);
#3556 = CIRCLE('',#3557,27.);
#3557 = AXIS2_PLACEMENT_3D('',#3558,#3559,#3560);
#3558 = CARTESIAN_POINT('',(69.,57.,-30.));
#3559 = DIRECTION('',(0.,0.,1.));
#3560 = DIRECTION('',(1.,6.579099405186E-16,-0.));
#3561 = PCURVE('',#1180,#3562);
#3562 = DEFINITIONAL_REPRESENTATION('',(#3563),#3567);
#3563 = LINE('',#3564,#3565);
#3564 = CARTESIAN_POINT('',(6.28318530718,30.));
#3565 = VECTOR('',#3566,1.);
#3566 = DIRECTION('',(-1.,0.));
#3567 = ( GEOMETRIC_REPRESENTATION_CONTEXT(2) 
PARAMETRIC_REPRESENTATION_CONTEXT() REPRESENTATION_CONTEXT('2D SPACE',''
  ) );
#3568 = PCURVE('',#3569,#3574);
#3569 = PLANE('',#3570);
#3570 = AXIS2_PLACEMENT_3D('',#3571,#3572,#3573);
#3571 = CARTESIAN_POINT('',(46.5,153.,-30.));
#3572 = DIRECTION('',(0.,0.,-1.));
#3573 = DIRECTION('',(1.,0.,0.));
#3574 = DEFINITIONAL_REPRESENTATION('',(#3575),#3583);
#3575 = ( BOUNDED_CURVE() B_SPLINE_CURVE(2,(#3576,#3577,#3578,#3579,
#3580,#3581,#3582),.UNSPECIFIED.,.T.,.F.) B_SPLINE_CURVE_WITH_KNOTS((1,2
    ,2,2,2,1),(-2.094395102393,0.,2.094395102393,4.188790204786,
6.28318530718,8.377580409573),.UNSPECIFIED.) CURVE() 
GEOMETRIC_REPRESENTATION_ITEM() RATIONAL_B_SPLINE_CURVE((1.,0.5,1.,0.5,
1.,0.5,1.)) REPRESENTATION_ITEM('') );
#3576 = CARTESIAN_POINT('',(49.5,96.));
#3577 = CARTESIAN_POINT('',(49.5,49.23462819564));
#3578 = CARTESIAN_POINT('',(9.,72.61731409782));
#3579 = CARTESIAN_POINT('',(-31.5,96.));
#3580 = CARTESIAN_POINT('',(9.,119.38268590218));
#3581 = CARTESIAN_POINT('',(49.5,142.76537180436));
#3582 = CARTESIAN_POINT('',(49.5,96.));
#3583 = ( GEOMETRIC_REPRESENTATION_CONTEXT(2) 
PARAMETRIC_REPRESENTATION_CONTEXT() REPRESENTATION_CONTEXT('2D SPACE',''
  ) );
#3584 = ADVANCED_FACE('',(#3585),#1429,.T.);
#3585 = FACE_BOUND('',#3586,.T.);
#3586 = EDGE_LOOP('',(#3587,#3588,#3589,#3590));
#3587 = ORIENTED_EDGE('',*,*,#3427,.T.);
#3588 = ORIENTED_EDGE('',*,*,#1413,.F.);
#3589 = ORIENTED_EDGE('',*,*,#2113,.F.);
#3590 = ORIENTED_EDGE('',*,*,#2316,.T.);
#3591 = ADVANCED_FACE('',(#3592),#1209,.F.);
#3592 = FACE_BOUND('',#3593,.F.);
#3593 = EDGE_LOOP('',(#3594,#3595,#3596,#3617));
#3594 = ORIENTED_EDGE('',*,*,#3509,.F.);
#3595 = ORIENTED_EDGE('',*,*,#1192,.F.);
#3596 = ORIENTED_EDGE('',*,*,#3597,.T.);
#3597 = EDGE_CURVE('',#1193,#2438,#3598,.T.);
#3598 = SURFACE_CURVE('',#3599,(#3603,#3610),.PCURVE_S1.);
#3599 = LINE('',#3600,#3601);
#3600 = CARTESIAN_POINT('',(90.239625250156,45.183514683431,0.));
#3601 = VECTOR('',#3602,1.);
#3602 = DIRECTION('',(0.,0.,-1.));
#3603 = PCURVE('',#1209,#3604);
#3604 = DEFINITIONAL_REPRESENTATION('',(#3605),#3609);
#3605 = LINE('',#3606,#3607);
#3606 = CARTESIAN_POINT('',(6.28318530718,0.));
#3607 = VECTOR('',#3608,1.);
#3608 = DIRECTION('',(0.,1.));
#3609 = ( GEOMETRIC_REPRESENTATION_CONTEXT(2) 
PARAMETRIC_REPRESENTATION_CONTEXT() REPRESENTATION_CONTEXT('2D SPACE',''
  ) );
#3610 = PCURVE('',#1237,#3611);
#3611 = DEFINITIONAL_REPRESENTATION('',(#3612),#3616);
#3612 = LINE('',#3613,#3614);
#3613 = CARTESIAN_POINT('',(0.,0.));
#3614 = VECTOR('',#3615,1.);
#3615 = DIRECTION('',(-0.,1.));
#3616 = ( GEOMETRIC_REPRESENTATION_CONTEXT(2) 
PARAMETRIC_REPRESENTATION_CONTEXT() REPRESENTATION_CONTEXT('2D SPACE',''
  ) );
#3617 = ORIENTED_EDGE('',*,*,#2460,.T.);
#3618 = ADVANCED_FACE('',(#3619),#1237,.F.);
#3619 = FACE_BOUND('',#3620,.T.);
#3620 = EDGE_LOOP('',(#3621,#3622,#3643,#3644,#3645,#3646,#3667,#3668));
#3621 = ORIENTED_EDGE('',*,*,#1878,.T.);
#3622 = ORIENTED_EDGE('',*,*,#3623,.F.);
#3623 = EDGE_CURVE('',#1222,#1851,#3624,.T.);
#3624 = SURFACE_CURVE('',#3625,(#3629,#3636),.PCURVE_S1.);
#3625 = LINE('',#3626,#3627);
#3626 = CARTESIAN_POINT('',(74.546394116851,32.912157429756,0.));
#3627 = VECTOR('',#3628,1.);
#3628 = DIRECTION('',(0.,0.,-1.));
#3629 = PCURVE('',#1237,#3630);
#3630 = DEFINITIONAL_REPRESENTATION('',(#3631),#3635);
#3631 = LINE('',#3632,#3633);
#3632 = CARTESIAN_POINT('',(19.921438508568,0.));
#3633 = VECTOR('',#3634,1.);
#3634 = DIRECTION('',(-0.,1.));
#3635 = ( GEOMETRIC_REPRESENTATION_CONTEXT(2) 
PARAMETRIC_REPRESENTATION_CONTEXT() REPRESENTATION_CONTEXT('2D SPACE',''
  ) );
#3636 = PCURVE('',#1266,#3637);
#3637 = DEFINITIONAL_REPRESENTATION('',(#3638),#3642);
#3638 = LINE('',#3639,#3640);
#3639 = CARTESIAN_POINT('',(4.999376540677,0.));
#3640 = VECTOR('',#3641,1.);
#3641 = DIRECTION('',(0.,1.));
#3642 = ( GEOMETRIC_REPRESENTATION_CONTEXT(2) 
PARAMETRIC_REPRESENTATION_CONTEXT() REPRESENTATION_CONTEXT('2D SPACE',''
  ) );
#3643 = ORIENTED_EDGE('',*,*,#1221,.F.);
#3644 = ORIENTED_EDGE('',*,*,#3597,.T.);
#3645 = ORIENTED_EDGE('',*,*,#2437,.F.);
#3646 = ORIENTED_EDGE('',*,*,#3647,.F.);
#3647 = EDGE_CURVE('',#1977,#2410,#3648,.T.);
#3648 = SURFACE_CURVE('',#3649,(#3653,#3660),.PCURVE_S1.);
#3649 = LINE('',#3650,#3651);
#3650 = CARTESIAN_POINT('',(74.546394116851,32.912157429756,0.));
#3651 = VECTOR('',#3652,1.);
#3652 = DIRECTION('',(0.,0.,-1.));
#3653 = PCURVE('',#1237,#3654);
#3654 = DEFINITIONAL_REPRESENTATION('',(#3655),#3659);
#3655 = LINE('',#3656,#3657);
#3656 = CARTESIAN_POINT('',(19.921438508568,0.));
#3657 = VECTOR('',#3658,1.);
#3658 = DIRECTION('',(-0.,1.));
#3659 = ( GEOMETRIC_REPRESENTATION_CONTEXT(2) 
PARAMETRIC_REPRESENTATION_CONTEXT() REPRESENTATION_CONTEXT('2D SPACE',''
  ) );
#3660 = PCURVE('',#2020,#3661);
#3661 = DEFINITIONAL_REPRESENTATION('',(#3662),#3666);
#3662 = LINE('',#3663,#3664);
#3663 = CARTESIAN_POINT('',(4.999376540677,0.));
#3664 = VECTOR('',#3665,1.);
#3665 = DIRECTION('',(0.,1.));
#3666 = ( GEOMETRIC_REPRESENTATION_CONTEXT(2) 
PARAMETRIC_REPRESENTATION_CONTEXT() REPRESENTATION_CONTEXT('2D SPACE',''
  ) );
#3667 = ORIENTED_EDGE('',*,*,#1976,.T.);
#3668 = ORIENTED_EDGE('',*,*,#1927,.T.);
#3669 = ADVANCED_FACE('',(#3670),#1266,.F.);
#3670 = FACE_BOUND('',#3671,.F.);
#3671 = EDGE_LOOP('',(#3672,#3673,#3674,#3695));
#3672 = ORIENTED_EDGE('',*,*,#3623,.F.);
#3673 = ORIENTED_EDGE('',*,*,#1249,.F.);
#3674 = ORIENTED_EDGE('',*,*,#3675,.T.);
#3675 = EDGE_CURVE('',#1250,#1828,#3676,.T.);
#3676 = SURFACE_CURVE('',#3677,(#3681,#3688),.PCURVE_S1.);
#3677 = LINE('',#3678,#3679);
#3678 = CARTESIAN_POINT('',(63.772029585268,32.674133133705,0.));
#3679 = VECTOR('',#3680,1.);
#3680 = DIRECTION('',(0.,0.,-1.));
#3681 = PCURVE('',#1266,#3682);
#3682 = DEFINITIONAL_REPRESENTATION('',(#3683),#3687);
#3683 = LINE('',#3684,#3685);
#3684 = CARTESIAN_POINT('',(6.28318530718,0.));
#3685 = VECTOR('',#3686,1.);
#3686 = DIRECTION('',(0.,1.));
#3687 = ( GEOMETRIC_REPRESENTATION_CONTEXT(2) 
PARAMETRIC_REPRESENTATION_CONTEXT() REPRESENTATION_CONTEXT('2D SPACE',''
  ) );
#3688 = PCURVE('',#1294,#3689);
#3689 = DEFINITIONAL_REPRESENTATION('',(#3690),#3694);
#3690 = LINE('',#3691,#3692);
#3691 = CARTESIAN_POINT('',(0.,0.));
#3692 = VECTOR('',#3693,1.);
#3693 = DIRECTION('',(0.,1.));
#3694 = ( GEOMETRIC_REPRESENTATION_CONTEXT(2) 
PARAMETRIC_REPRESENTATION_CONTEXT() REPRESENTATION_CONTEXT('2D SPACE',''
  ) );
#3695 = ORIENTED_EDGE('',*,*,#1850,.F.);
#3696 = ADVANCED_FACE('',(#3697),#1294,.F.);
#3697 = FACE_BOUND('',#3698,.T.);
#3698 = EDGE_LOOP('',(#3699,#3700,#3721,#3722));
#3699 = ORIENTED_EDGE('',*,*,#1827,.T.);
#3700 = ORIENTED_EDGE('',*,*,#3701,.F.);
#3701 = EDGE_CURVE('',#1279,#1805,#3702,.T.);
#3702 = SURFACE_CURVE('',#3703,(#3707,#3714),.PCURVE_S1.);
#3703 = LINE('',#3704,#3705);
#3704 = CARTESIAN_POINT('',(46.5,45.,0.));
#3705 = VECTOR('',#3706,1.);
#3706 = DIRECTION('',(0.,0.,-1.));
#3707 = PCURVE('',#1294,#3708);
#3708 = DEFINITIONAL_REPRESENTATION('',(#3709),#3713);
#3709 = LINE('',#3710,#3711);
#3710 = CARTESIAN_POINT('',(21.219095173923,0.));
#3711 = VECTOR('',#3712,1.);
#3712 = DIRECTION('',(0.,1.));
#3713 = ( GEOMETRIC_REPRESENTATION_CONTEXT(2) 
PARAMETRIC_REPRESENTATION_CONTEXT() REPRESENTATION_CONTEXT('2D SPACE',''
  ) );
#3714 = PCURVE('',#1322,#3715);
#3715 = DEFINITIONAL_REPRESENTATION('',(#3716),#3720);
#3716 = LINE('',#3717,#3718);
#3717 = CARTESIAN_POINT('',(0.,-0.));
#3718 = VECTOR('',#3719,1.);
#3719 = DIRECTION('',(0.,1.));
#3720 = ( GEOMETRIC_REPRESENTATION_CONTEXT(2) 
PARAMETRIC_REPRESENTATION_CONTEXT() REPRESENTATION_CONTEXT('2D SPACE',''
  ) );
#3721 = ORIENTED_EDGE('',*,*,#1278,.T.);
#3722 = ORIENTED_EDGE('',*,*,#3675,.T.);
#3723 = ADVANCED_FACE('',(#3724),#1322,.F.);
#3724 = FACE_BOUND('',#3725,.T.);
#3725 = EDGE_LOOP('',(#3726,#3727,#3748,#3749,#3750,#3751));
#3726 = ORIENTED_EDGE('',*,*,#2363,.F.);
#3727 = ORIENTED_EDGE('',*,*,#3728,.F.);
#3728 = EDGE_CURVE('',#1307,#2341,#3729,.T.);
#3729 = SURFACE_CURVE('',#3730,(#3734,#3741),.PCURVE_S1.);
#3730 = LINE('',#3731,#3732);
#3731 = CARTESIAN_POINT('',(37.5,45.,0.));
#3732 = VECTOR('',#3733,1.);
#3733 = DIRECTION('',(0.,0.,-1.));
#3734 = PCURVE('',#1322,#3735);
#3735 = DEFINITIONAL_REPRESENTATION('',(#3736),#3740);
#3736 = LINE('',#3737,#3738);
#3737 = CARTESIAN_POINT('',(9.,0.));
#3738 = VECTOR('',#3739,1.);
#3739 = DIRECTION('',(0.,1.));
#3740 = ( GEOMETRIC_REPRESENTATION_CONTEXT(2) 
PARAMETRIC_REPRESENTATION_CONTEXT() REPRESENTATION_CONTEXT('2D SPACE',''
  ) );
#3741 = PCURVE('',#1350,#3742);
#3742 = DEFINITIONAL_REPRESENTATION('',(#3743),#3747);
#3743 = LINE('',#3744,#3745);
#3744 = CARTESIAN_POINT('',(42.,30.));
#3745 = VECTOR('',#3746,1.);
#3746 = DIRECTION('',(-1.,0.));
#3747 = ( GEOMETRIC_REPRESENTATION_CONTEXT(2) 
PARAMETRIC_REPRESENTATION_CONTEXT() REPRESENTATION_CONTEXT('2D SPACE',''
  ) );
#3748 = ORIENTED_EDGE('',*,*,#1306,.T.);
#3749 = ORIENTED_EDGE('',*,*,#3701,.T.);
#3750 = ORIENTED_EDGE('',*,*,#2086,.T.);
#3751 = ORIENTED_EDGE('',*,*,#3752,.T.);
#3752 = EDGE_CURVE('',#2033,#2364,#3753,.T.);
#3753 = SURFACE_CURVE('',#3754,(#3758,#3765),.PCURVE_S1.);
#3754 = LINE('',#3755,#3756);
#3755 = CARTESIAN_POINT('',(46.5,45.,0.));
#3756 = VECTOR('',#3757,1.);
#3757 = DIRECTION('',(0.,0.,-1.));
#3758 = PCURVE('',#1322,#3759);
#3759 = DEFINITIONAL_REPRESENTATION('',(#3760),#3764);
#3760 = LINE('',#3761,#3762);
#3761 = CARTESIAN_POINT('',(0.,-0.));
#3762 = VECTOR('',#3763,1.);
#3763 = DIRECTION('',(0.,1.));
#3764 = ( GEOMETRIC_REPRESENTATION_CONTEXT(2) 
PARAMETRIC_REPRESENTATION_CONTEXT() REPRESENTATION_CONTEXT('2D SPACE',''
  ) );
#3765 = PCURVE('',#2048,#3766);
#3766 = DEFINITIONAL_REPRESENTATION('',(#3767),#3771);
#3767 = LINE('',#3768,#3769);
#3768 = CARTESIAN_POINT('',(21.219095173923,0.));
#3769 = VECTOR('',#3770,1.);
#3770 = DIRECTION('',(0.,1.));
#3771 = ( GEOMETRIC_REPRESENTATION_CONTEXT(2) 
PARAMETRIC_REPRESENTATION_CONTEXT() REPRESENTATION_CONTEXT('2D SPACE',''
  ) );
#3772 = ADVANCED_FACE('',(#3773),#1350,.T.);
#3773 = FACE_BOUND('',#3774,.T.);
#3774 = EDGE_LOOP('',(#3775,#3776,#3777,#3778));
#3775 = ORIENTED_EDGE('',*,*,#3728,.T.);
#3776 = ORIENTED_EDGE('',*,*,#2340,.F.);
#3777 = ORIENTED_EDGE('',*,*,#2161,.F.);
#3778 = ORIENTED_EDGE('',*,*,#1334,.T.);
#3779 = ADVANCED_FACE('',(#3780),#1549,.F.);
#3780 = FACE_BOUND('',#3781,.T.);
#3781 = EDGE_LOOP('',(#3782,#3783,#3806,#3834));
#3782 = ORIENTED_EDGE('',*,*,#1531,.F.);
#3783 = ORIENTED_EDGE('',*,*,#3784,.T.);
#3784 = EDGE_CURVE('',#1532,#3785,#3787,.T.);
#3785 = VERTEX_POINT('',#3786);
#3786 = CARTESIAN_POINT('',(122.,70.,-10.));
#3787 = SURFACE_CURVE('',#3788,(#3792,#3799),.PCURVE_S1.);
#3788 = LINE('',#3789,#3790);
#3789 = CARTESIAN_POINT('',(122.,70.,0.));
#3790 = VECTOR('',#3791,1.);
#3791 = DIRECTION('',(0.,0.,-1.));
#3792 = PCURVE('',#1549,#3793);
#3793 = DEFINITIONAL_REPRESENTATION('',(#3794),#3798);
#3794 = LINE('',#3795,#3796);
#3795 = CARTESIAN_POINT('',(0.,0.));
#3796 = VECTOR('',#3797,1.);
#3797 = DIRECTION('',(-0.,1.));
#3798 = ( GEOMETRIC_REPRESENTATION_CONTEXT(2) 
PARAMETRIC_REPRESENTATION_CONTEXT() REPRESENTATION_CONTEXT('2D SPACE',''
  ) );
#3799 = PCURVE('',#1641,#3800);
#3800 = DEFINITIONAL_REPRESENTATION('',(#3801),#3805);
#3801 = LINE('',#3802,#3803);
#3802 = CARTESIAN_POINT('',(6.28318530718,0.));
#3803 = VECTOR('',#3804,1.);
#3804 = DIRECTION('',(0.,1.));
#3805 = ( GEOMETRIC_REPRESENTATION_CONTEXT(2) 
PARAMETRIC_REPRESENTATION_CONTEXT() REPRESENTATION_CONTEXT('2D SPACE',''
  ) );
#3806 = ORIENTED_EDGE('',*,*,#3807,.T.);
#3807 = EDGE_CURVE('',#3785,#3808,#3810,.T.);
#3808 = VERTEX_POINT('',#3809);
#3809 = CARTESIAN_POINT('',(121.99999989546,40.001371714289,-10.));
#3810 = SURFACE_CURVE('',#3811,(#3815,#3822),.PCURVE_S1.);
#3811 = LINE('',#3812,#3813);
#3812 = CARTESIAN_POINT('',(121.99999989546,40.001371714291,-10.));
#3813 = VECTOR('',#3814,1.);
#3814 = DIRECTION('',(-3.484604062122E-09,-1.,0.));
#3815 = PCURVE('',#1549,#3816);
#3816 = DEFINITIONAL_REPRESENTATION('',(#3817),#3821);
#3817 = LINE('',#3818,#3819);
#3818 = CARTESIAN_POINT('',(29.998628285709,10.));
#3819 = VECTOR('',#3820,1.);
#3820 = DIRECTION('',(1.,0.));
#3821 = ( GEOMETRIC_REPRESENTATION_CONTEXT(2) 
PARAMETRIC_REPRESENTATION_CONTEXT() REPRESENTATION_CONTEXT('2D SPACE',''
  ) );
#3822 = PCURVE('',#3823,#3828);
#3823 = PLANE('',#3824);
#3824 = AXIS2_PLACEMENT_3D('',#3825,#3826,#3827);
#3825 = CARTESIAN_POINT('',(113.,55.,-10.));
#3826 = DIRECTION('',(0.,0.,1.));
#3827 = DIRECTION('',(1.,0.,-0.));
#3828 = DEFINITIONAL_REPRESENTATION('',(#3829),#3833);
#3829 = LINE('',#3830,#3831);
#3830 = CARTESIAN_POINT('',(8.99999989546,-14.9986282857));
#3831 = VECTOR('',#3832,1.);
#3832 = DIRECTION('',(-3.484604062122E-09,-1.));
#3833 = ( GEOMETRIC_REPRESENTATION_CONTEXT(2) 
PARAMETRIC_REPRESENTATION_CONTEXT() REPRESENTATION_CONTEXT('2D SPACE',''
  ) );
#3834 = ORIENTED_EDGE('',*,*,#3835,.F.);
#3835 = EDGE_CURVE('',#1534,#3808,#3836,.T.);
#3836 = SURFACE_CURVE('',#3837,(#3841,#3848),.PCURVE_S1.);
#3837 = LINE('',#3838,#3839);
#3838 = CARTESIAN_POINT('',(121.99999989546,40.001371714289,0.));
#3839 = VECTOR('',#3840,1.);
#3840 = DIRECTION('',(0.,0.,-1.));
#3841 = PCURVE('',#1549,#3842);
#3842 = DEFINITIONAL_REPRESENTATION('',(#3843),#3847);
#3843 = LINE('',#3844,#3845);
#3844 = CARTESIAN_POINT('',(29.998628285711,0.));
#3845 = VECTOR('',#3846,1.);
#3846 = DIRECTION('',(-0.,1.));
#3847 = ( GEOMETRIC_REPRESENTATION_CONTEXT(2) 
PARAMETRIC_REPRESENTATION_CONTEXT() REPRESENTATION_CONTEXT('2D SPACE',''
  ) );
#3848 = PCURVE('',#1582,#3849);
#3849 = DEFINITIONAL_REPRESENTATION('',(#3850),#3854);
#3850 = LINE('',#3851,#3852);
#3851 = CARTESIAN_POINT('',(-1.570872533145,0.));
#3852 = VECTOR('',#3853,1.);
#3853 = DIRECTION('',(0.,1.));
#3854 = ( GEOMETRIC_REPRESENTATION_CONTEXT(2) 
PARAMETRIC_REPRESENTATION_CONTEXT() REPRESENTATION_CONTEXT('2D SPACE',''
  ) );
#3855 = ADVANCED_FACE('',(#3856),#1641,.F.);
#3856 = FACE_BOUND('',#3857,.F.);
#3857 = EDGE_LOOP('',(#3858,#3859,#3887,#3908));
#3858 = ORIENTED_EDGE('',*,*,#3784,.T.);
#3859 = ORIENTED_EDGE('',*,*,#3860,.F.);
#3860 = EDGE_CURVE('',#3861,#3785,#3863,.T.);
#3861 = VERTEX_POINT('',#3862);
#3862 = CARTESIAN_POINT('',(104.,70.,-10.));
#3863 = SURFACE_CURVE('',#3864,(#3869,#3876),.PCURVE_S1.);
#3864 = CIRCLE('',#3865,9.);
#3865 = AXIS2_PLACEMENT_3D('',#3866,#3867,#3868);
#3866 = CARTESIAN_POINT('',(113.,70.,-10.));
#3867 = DIRECTION('',(0.,0.,-1.));
#3868 = DIRECTION('',(1.,0.,0.));
#3869 = PCURVE('',#1641,#3870);
#3870 = DEFINITIONAL_REPRESENTATION('',(#3871),#3875);
#3871 = LINE('',#3872,#3873);
#3872 = CARTESIAN_POINT('',(0.,10.));
#3873 = VECTOR('',#3874,1.);
#3874 = DIRECTION('',(1.,0.));
#3875 = ( GEOMETRIC_REPRESENTATION_CONTEXT(2) 
PARAMETRIC_REPRESENTATION_CONTEXT() REPRESENTATION_CONTEXT('2D SPACE',''
  ) );
#3876 = PCURVE('',#3823,#3877);
#3877 = DEFINITIONAL_REPRESENTATION('',(#3878),#3886);
#3878 = ( BOUNDED_CURVE() B_SPLINE_CURVE(2,(#3879,#3880,#3881,#3882,
#3883,#3884,#3885),.UNSPECIFIED.,.T.,.F.) B_SPLINE_CURVE_WITH_KNOTS((1,2
    ,2,2,2,1),(-2.094395102393,0.,2.094395102393,4.188790204786,
6.28318530718,8.377580409573),.UNSPECIFIED.) CURVE() 
GEOMETRIC_REPRESENTATION_ITEM() RATIONAL_B_SPLINE_CURVE((1.,0.5,1.,0.5,
1.,0.5,1.)) REPRESENTATION_ITEM('') );
#3879 = CARTESIAN_POINT('',(9.,15.));
#3880 = CARTESIAN_POINT('',(9.,-0.58845726812));
#3881 = CARTESIAN_POINT('',(-4.5,7.20577136594));
#3882 = CARTESIAN_POINT('',(-18.,15.));
#3883 = CARTESIAN_POINT('',(-4.5,22.79422863406));
#3884 = CARTESIAN_POINT('',(9.,30.58845726812));
#3885 = CARTESIAN_POINT('',(9.,15.));
#3886 = ( GEOMETRIC_REPRESENTATION_CONTEXT(2) 
PARAMETRIC_REPRESENTATION_CONTEXT() REPRESENTATION_CONTEXT('2D SPACE',''
  ) );
#3887 = ORIENTED_EDGE('',*,*,#3888,.F.);
#3888 = EDGE_CURVE('',#1595,#3861,#3889,.T.);
#3889 = SURFACE_CURVE('',#3890,(#3894,#3901),.PCURVE_S1.);
#3890 = LINE('',#3891,#3892);
#3891 = CARTESIAN_POINT('',(104.,70.,0.));
#3892 = VECTOR('',#3893,1.);
#3893 = DIRECTION('',(0.,0.,-1.));
#3894 = PCURVE('',#1641,#3895);
#3895 = DEFINITIONAL_REPRESENTATION('',(#3896),#3900);
#3896 = LINE('',#3897,#3898);
#3897 = CARTESIAN_POINT('',(3.14159265359,0.));
#3898 = VECTOR('',#3899,1.);
#3899 = DIRECTION('',(0.,1.));
#3900 = ( GEOMETRIC_REPRESENTATION_CONTEXT(2) 
PARAMETRIC_REPRESENTATION_CONTEXT() REPRESENTATION_CONTEXT('2D SPACE',''
  ) );
#3901 = PCURVE('',#1610,#3902);
#3902 = DEFINITIONAL_REPRESENTATION('',(#3903),#3907);
#3903 = LINE('',#3904,#3905);
#3904 = CARTESIAN_POINT('',(30.,0.));
#3905 = VECTOR('',#3906,1.);
#3906 = DIRECTION('',(0.,1.));
#3907 = ( GEOMETRIC_REPRESENTATION_CONTEXT(2) 
PARAMETRIC_REPRESENTATION_CONTEXT() REPRESENTATION_CONTEXT('2D SPACE',''
  ) );
#3908 = ORIENTED_EDGE('',*,*,#1622,.T.);
#3909 = ADVANCED_FACE('',(#3910),#1582,.F.);
#3910 = FACE_BOUND('',#3911,.F.);
#3911 = EDGE_LOOP('',(#3912,#3935,#3961,#3962));
#3912 = ORIENTED_EDGE('',*,*,#3913,.T.);
#3913 = EDGE_CURVE('',#1562,#3914,#3916,.T.);
#3914 = VERTEX_POINT('',#3915);
#3915 = CARTESIAN_POINT('',(104.,40.,-10.));
#3916 = SURFACE_CURVE('',#3917,(#3921,#3928),.PCURVE_S1.);
#3917 = LINE('',#3918,#3919);
#3918 = CARTESIAN_POINT('',(104.,40.,0.));
#3919 = VECTOR('',#3920,1.);
#3920 = DIRECTION('',(0.,0.,-1.));
#3921 = PCURVE('',#1582,#3922);
#3922 = DEFINITIONAL_REPRESENTATION('',(#3923),#3927);
#3923 = LINE('',#3924,#3925);
#3924 = CARTESIAN_POINT('',(1.570872533145,0.));
#3925 = VECTOR('',#3926,1.);
#3926 = DIRECTION('',(0.,1.));
#3927 = ( GEOMETRIC_REPRESENTATION_CONTEXT(2) 
PARAMETRIC_REPRESENTATION_CONTEXT() REPRESENTATION_CONTEXT('2D SPACE',''
  ) );
#3928 = PCURVE('',#1610,#3929);
#3929 = DEFINITIONAL_REPRESENTATION('',(#3930),#3934);
#3930 = LINE('',#3931,#3932);
#3931 = CARTESIAN_POINT('',(0.,0.));
#3932 = VECTOR('',#3933,1.);
#3933 = DIRECTION('',(0.,1.));
#3934 = ( GEOMETRIC_REPRESENTATION_CONTEXT(2) 
PARAMETRIC_REPRESENTATION_CONTEXT() REPRESENTATION_CONTEXT('2D SPACE',''
  ) );
#3935 = ORIENTED_EDGE('',*,*,#3936,.F.);
#3936 = EDGE_CURVE('',#3808,#3914,#3937,.T.);
#3937 = SURFACE_CURVE('',#3938,(#3943,#3950),.PCURVE_S1.);
#3938 = CIRCLE('',#3939,9.);
#3939 = AXIS2_PLACEMENT_3D('',#3940,#3941,#3942);
#3940 = CARTESIAN_POINT('',(113.,40.,-10.));
#3941 = DIRECTION('',(0.,0.,-1.));
#3942 = DIRECTION('',(-1.,6.414621920056E-15,0.));
#3943 = PCURVE('',#1582,#3944);
#3944 = DEFINITIONAL_REPRESENTATION('',(#3945),#3949);
#3945 = LINE('',#3946,#3947);
#3946 = CARTESIAN_POINT('',(-4.712312774035,10.));
#3947 = VECTOR('',#3948,1.);
#3948 = DIRECTION('',(1.,0.));
#3949 = ( GEOMETRIC_REPRESENTATION_CONTEXT(2) 
PARAMETRIC_REPRESENTATION_CONTEXT() REPRESENTATION_CONTEXT('2D SPACE',''
  ) );
#3950 = PCURVE('',#3823,#3951);
#3951 = DEFINITIONAL_REPRESENTATION('',(#3952),#3960);
#3952 = ( BOUNDED_CURVE() B_SPLINE_CURVE(2,(#3953,#3954,#3955,#3956,
#3957,#3958,#3959),.UNSPECIFIED.,.T.,.F.) B_SPLINE_CURVE_WITH_KNOTS((1,2
    ,2,2,2,1),(-2.094395102393,0.,2.094395102393,4.188790204786,
6.28318530718,8.377580409573),.UNSPECIFIED.) CURVE() 
GEOMETRIC_REPRESENTATION_ITEM() RATIONAL_B_SPLINE_CURVE((1.,0.5,1.,0.5,
1.,0.5,1.)) REPRESENTATION_ITEM('') );
#3953 = CARTESIAN_POINT('',(-9.,-15.));
#3954 = CARTESIAN_POINT('',(-9.,0.58845726812));
#3955 = CARTESIAN_POINT('',(4.5,-7.20577136594));
#3956 = CARTESIAN_POINT('',(18.,-15.));
#3957 = CARTESIAN_POINT('',(4.5,-22.79422863406));
#3958 = CARTESIAN_POINT('',(-9.,-30.58845726812));
#3959 = CARTESIAN_POINT('',(-9.,-15.));
#3960 = ( GEOMETRIC_REPRESENTATION_CONTEXT(2) 
PARAMETRIC_REPRESENTATION_CONTEXT() REPRESENTATION_CONTEXT('2D SPACE',''
  ) );
#3961 = ORIENTED_EDGE('',*,*,#3835,.F.);
#3962 = ORIENTED_EDGE('',*,*,#1561,.T.);
#3963 = ADVANCED_FACE('',(#3964),#1610,.F.);
#3964 = FACE_BOUND('',#3965,.T.);
#3965 = EDGE_LOOP('',(#3966,#3967,#3968,#3989));
#3966 = ORIENTED_EDGE('',*,*,#1594,.F.);
#3967 = ORIENTED_EDGE('',*,*,#3913,.T.);
#3968 = ORIENTED_EDGE('',*,*,#3969,.T.);
#3969 = EDGE_CURVE('',#3914,#3861,#3970,.T.);
#3970 = SURFACE_CURVE('',#3971,(#3975,#3982),.PCURVE_S1.);
#3971 = LINE('',#3972,#3973);
#3972 = CARTESIAN_POINT('',(104.,70.,-10.));
#3973 = VECTOR('',#3974,1.);
#3974 = DIRECTION('',(0.,1.,0.));
#3975 = PCURVE('',#1610,#3976);
#3976 = DEFINITIONAL_REPRESENTATION('',(#3977),#3981);
#3977 = LINE('',#3978,#3979);
#3978 = CARTESIAN_POINT('',(30.,10.));
#3979 = VECTOR('',#3980,1.);
#3980 = DIRECTION('',(1.,0.));
#3981 = ( GEOMETRIC_REPRESENTATION_CONTEXT(2) 
PARAMETRIC_REPRESENTATION_CONTEXT() REPRESENTATION_CONTEXT('2D SPACE',''
  ) );
#3982 = PCURVE('',#3823,#3983);
#3983 = DEFINITIONAL_REPRESENTATION('',(#3984),#3988);
#3984 = LINE('',#3985,#3986);
#3985 = CARTESIAN_POINT('',(-9.,15.));
#3986 = VECTOR('',#3987,1.);
#3987 = DIRECTION('',(0.,1.));
#3988 = ( GEOMETRIC_REPRESENTATION_CONTEXT(2) 
PARAMETRIC_REPRESENTATION_CONTEXT() REPRESENTATION_CONTEXT('2D SPACE',''
  ) );
#3989 = ORIENTED_EDGE('',*,*,#3888,.F.);
#3990 = ADVANCED_FACE('',(#3991),#1672,.F.);
#3991 = FACE_BOUND('',#3992,.F.);
#3992 = EDGE_LOOP('',(#3993,#4016,#4017,#4040));
#3993 = ORIENTED_EDGE('',*,*,#3994,.T.);
#3994 = EDGE_CURVE('',#3995,#1658,#3997,.T.);
#3995 = VERTEX_POINT('',#3996);
#3996 = CARTESIAN_POINT('',(59.8,122.9,-12.00000017881));
#3997 = SURFACE_CURVE('',#3998,(#4002,#4009),.PCURVE_S1.);
#3998 = LINE('',#3999,#4000);
#3999 = CARTESIAN_POINT('',(59.8,122.9,-130.00000005));
#4000 = VECTOR('',#4001,1.);
#4001 = DIRECTION('',(0.,0.,1.));
#4002 = PCURVE('',#1672,#4003);
#4003 = DEFINITIONAL_REPRESENTATION('',(#4004),#4008);
#4004 = LINE('',#4005,#4006);
#4005 = CARTESIAN_POINT('',(0.,100.0000001));
#4006 = VECTOR('',#4007,1.);
#4007 = DIRECTION('',(0.,-1.));
#4008 = ( GEOMETRIC_REPRESENTATION_CONTEXT(2) 
PARAMETRIC_REPRESENTATION_CONTEXT() REPRESENTATION_CONTEXT('2D SPACE',''
  ) );
#4009 = PCURVE('',#1761,#4010);
#4010 = DEFINITIONAL_REPRESENTATION('',(#4011),#4015);
#4011 = LINE('',#4012,#4013);
#4012 = CARTESIAN_POINT('',(3.14159265359,100.0000001));
#4013 = VECTOR('',#4014,1.);
#4014 = DIRECTION('',(0.,-1.));
#4015 = ( GEOMETRIC_REPRESENTATION_CONTEXT(2) 
PARAMETRIC_REPRESENTATION_CONTEXT() REPRESENTATION_CONTEXT('2D SPACE',''
  ) );
#4016 = ORIENTED_EDGE('',*,*,#1655,.F.);
#4017 = ORIENTED_EDGE('',*,*,#4018,.T.);
#4018 = EDGE_CURVE('',#1656,#4019,#4021,.T.);
#4019 = VERTEX_POINT('',#4020);
#4020 = CARTESIAN_POINT('',(75.8,122.9,-12.00000017881));
#4021 = SURFACE_CURVE('',#4022,(#4026,#4033),.PCURVE_S1.);
#4022 = LINE('',#4023,#4024);
#4023 = CARTESIAN_POINT('',(75.8,122.9,70.00000015));
#4024 = VECTOR('',#4025,1.);
#4025 = DIRECTION('',(0.,0.,-1.));
#4026 = PCURVE('',#1672,#4027);
#4027 = DEFINITIONAL_REPRESENTATION('',(#4028),#4032);
#4028 = LINE('',#4029,#4030);
#4029 = CARTESIAN_POINT('',(16.,-100.0000001));
#4030 = VECTOR('',#4031,1.);
#4031 = DIRECTION('',(0.,1.));
#4032 = ( GEOMETRIC_REPRESENTATION_CONTEXT(2) 
PARAMETRIC_REPRESENTATION_CONTEXT() REPRESENTATION_CONTEXT('2D SPACE',''
  ) );
#4033 = PCURVE('',#1704,#4034);
#4034 = DEFINITIONAL_REPRESENTATION('',(#4035),#4039);
#4035 = LINE('',#4036,#4037);
#4036 = CARTESIAN_POINT('',(0.,-100.0000001));
#4037 = VECTOR('',#4038,1.);
#4038 = DIRECTION('',(-0.,1.));
#4039 = ( GEOMETRIC_REPRESENTATION_CONTEXT(2) 
PARAMETRIC_REPRESENTATION_CONTEXT() REPRESENTATION_CONTEXT('2D SPACE',''
  ) );
#4040 = ORIENTED_EDGE('',*,*,#4041,.T.);
#4041 = EDGE_CURVE('',#4019,#3995,#4042,.T.);
#4042 = SURFACE_CURVE('',#4043,(#4047,#4053),.PCURVE_S1.);
#4043 = LINE('',#4044,#4045);
#4044 = CARTESIAN_POINT('',(74.15,122.9,-12.00000017881));
#4045 = VECTOR('',#4046,1.);
#4046 = DIRECTION('',(-1.,0.,0.));
#4047 = PCURVE('',#1672,#4048);
#4048 = DEFINITIONAL_REPRESENTATION('',(#4049),#4052);
#4049 = B_SPLINE_CURVE_WITH_KNOTS('',1,(#4050,#4051),.UNSPECIFIED.,.F.,
  .F.,(2,2),(-1.65,14.35),.PIECEWISE_BEZIER_KNOTS.);
#4050 = CARTESIAN_POINT('',(16.,-17.99999977119));
#4051 = CARTESIAN_POINT('',(0.,-17.99999977119));
#4052 = ( GEOMETRIC_REPRESENTATION_CONTEXT(2) 
PARAMETRIC_REPRESENTATION_CONTEXT() REPRESENTATION_CONTEXT('2D SPACE',''
  ) );
#4053 = PCURVE('',#3386,#4054);
#4054 = DEFINITIONAL_REPRESENTATION('',(#4055),#4058);
#4055 = B_SPLINE_CURVE_WITH_KNOTS('',1,(#4056,#4057),.UNSPECIFIED.,.F.,
  .F.,(2,2),(-1.65,14.35),.PIECEWISE_BEZIER_KNOTS.);
#4056 = CARTESIAN_POINT('',(12.7,30.1));
#4057 = CARTESIAN_POINT('',(28.7,30.1));
#4058 = ( GEOMETRIC_REPRESENTATION_CONTEXT(2) 
PARAMETRIC_REPRESENTATION_CONTEXT() REPRESENTATION_CONTEXT('2D SPACE',''
  ) );
#4059 = ADVANCED_FACE('',(#4060),#1761,.F.);
#4060 = FACE_BOUND('',#4061,.F.);
#4061 = EDGE_LOOP('',(#4062,#4085,#4086,#4087));
#4062 = ORIENTED_EDGE('',*,*,#4063,.T.);
#4063 = EDGE_CURVE('',#4064,#1717,#4066,.T.);
#4064 = VERTEX_POINT('',#4065);
#4065 = CARTESIAN_POINT('',(59.8,112.9,-12.00000017881));
#4066 = SURFACE_CURVE('',#4067,(#4071,#4078),.PCURVE_S1.);
#4067 = LINE('',#4068,#4069);
#4068 = CARTESIAN_POINT('',(59.8,112.9,-130.00000005));
#4069 = VECTOR('',#4070,1.);
#4070 = DIRECTION('',(0.,0.,1.));
#4071 = PCURVE('',#1761,#4072);
#4072 = DEFINITIONAL_REPRESENTATION('',(#4073),#4077);
#4073 = LINE('',#4074,#4075);
#4074 = CARTESIAN_POINT('',(0.,100.0000001));
#4075 = VECTOR('',#4076,1.);
#4076 = DIRECTION('',(0.,-1.));
#4077 = ( GEOMETRIC_REPRESENTATION_CONTEXT(2) 
PARAMETRIC_REPRESENTATION_CONTEXT() REPRESENTATION_CONTEXT('2D SPACE',''
  ) );
#4078 = PCURVE('',#1731,#4079);
#4079 = DEFINITIONAL_REPRESENTATION('',(#4080),#4084);
#4080 = LINE('',#4081,#4082);
#4081 = CARTESIAN_POINT('',(16.,100.0000001));
#4082 = VECTOR('',#4083,1.);
#4083 = DIRECTION('',(0.,-1.));
#4084 = ( GEOMETRIC_REPRESENTATION_CONTEXT(2) 
PARAMETRIC_REPRESENTATION_CONTEXT() REPRESENTATION_CONTEXT('2D SPACE',''
  ) );
#4085 = ORIENTED_EDGE('',*,*,#1742,.T.);
#4086 = ORIENTED_EDGE('',*,*,#3994,.F.);
#4087 = ORIENTED_EDGE('',*,*,#4088,.F.);
#4088 = EDGE_CURVE('',#4064,#3995,#4089,.T.);
#4089 = SURFACE_CURVE('',#4090,(#4095,#4102),.PCURVE_S1.);
#4090 = CIRCLE('',#4091,5.);
#4091 = AXIS2_PLACEMENT_3D('',#4092,#4093,#4094);
#4092 = CARTESIAN_POINT('',(59.8,117.9,-12.00000017881));
#4093 = DIRECTION('',(0.,-0.,-1.));
#4094 = DIRECTION('',(0.,-1.,0.));
#4095 = PCURVE('',#1761,#4096);
#4096 = DEFINITIONAL_REPRESENTATION('',(#4097),#4101);
#4097 = LINE('',#4098,#4099);
#4098 = CARTESIAN_POINT('',(0.,-17.99999977119));
#4099 = VECTOR('',#4100,1.);
#4100 = DIRECTION('',(1.,0.));
#4101 = ( GEOMETRIC_REPRESENTATION_CONTEXT(2) 
PARAMETRIC_REPRESENTATION_CONTEXT() REPRESENTATION_CONTEXT('2D SPACE',''
  ) );
#4102 = PCURVE('',#3386,#4103);
#4103 = DEFINITIONAL_REPRESENTATION('',(#4104),#4112);
#4104 = ( BOUNDED_CURVE() B_SPLINE_CURVE(2,(#4105,#4106,#4107,#4108,
#4109,#4110,#4111),.UNSPECIFIED.,.T.,.F.) B_SPLINE_CURVE_WITH_KNOTS((1,2
    ,2,2,2,1),(-2.094395102393,0.,2.094395102393,4.188790204786,
6.28318530718,8.377580409573),.UNSPECIFIED.) CURVE() 
GEOMETRIC_REPRESENTATION_ITEM() RATIONAL_B_SPLINE_CURVE((1.,0.5,1.,0.5,
1.,0.5,1.)) REPRESENTATION_ITEM('') );
#4105 = CARTESIAN_POINT('',(28.7,40.1));
#4106 = CARTESIAN_POINT('',(37.360254037844,40.1));
#4107 = CARTESIAN_POINT('',(33.030127018922,32.6));
#4108 = CARTESIAN_POINT('',(28.7,25.1));
#4109 = CARTESIAN_POINT('',(24.369872981078,32.6));
#4110 = CARTESIAN_POINT('',(20.039745962156,40.1));
#4111 = CARTESIAN_POINT('',(28.7,40.1));
#4112 = ( GEOMETRIC_REPRESENTATION_CONTEXT(2) 
PARAMETRIC_REPRESENTATION_CONTEXT() REPRESENTATION_CONTEXT('2D SPACE',''
  ) );
#4113 = ADVANCED_FACE('',(#4114),#1731,.F.);
#4114 = FACE_BOUND('',#4115,.F.);
#4115 = EDGE_LOOP('',(#4116,#4139,#4140,#4141));
#4116 = ORIENTED_EDGE('',*,*,#4117,.F.);
#4117 = EDGE_CURVE('',#1684,#4118,#4120,.T.);
#4118 = VERTEX_POINT('',#4119);
#4119 = CARTESIAN_POINT('',(75.8,112.9,-12.00000017881));
#4120 = SURFACE_CURVE('',#4121,(#4125,#4132),.PCURVE_S1.);
#4121 = LINE('',#4122,#4123);
#4122 = CARTESIAN_POINT('',(75.8,112.9,70.00000015));
#4123 = VECTOR('',#4124,1.);
#4124 = DIRECTION('',(0.,0.,-1.));
#4125 = PCURVE('',#1731,#4126);
#4126 = DEFINITIONAL_REPRESENTATION('',(#4127),#4131);
#4127 = LINE('',#4128,#4129);
#4128 = CARTESIAN_POINT('',(0.,-100.0000001));
#4129 = VECTOR('',#4130,1.);
#4130 = DIRECTION('',(0.,1.));
#4131 = ( GEOMETRIC_REPRESENTATION_CONTEXT(2) 
PARAMETRIC_REPRESENTATION_CONTEXT() REPRESENTATION_CONTEXT('2D SPACE',''
  ) );
#4132 = PCURVE('',#1704,#4133);
#4133 = DEFINITIONAL_REPRESENTATION('',(#4134),#4138);
#4134 = LINE('',#4135,#4136);
#4135 = CARTESIAN_POINT('',(3.14159265359,-100.0000001));
#4136 = VECTOR('',#4137,1.);
#4137 = DIRECTION('',(-0.,1.));
#4138 = ( GEOMETRIC_REPRESENTATION_CONTEXT(2) 
PARAMETRIC_REPRESENTATION_CONTEXT() REPRESENTATION_CONTEXT('2D SPACE',''
  ) );
#4139 = ORIENTED_EDGE('',*,*,#1716,.F.);
#4140 = ORIENTED_EDGE('',*,*,#4063,.F.);
#4141 = ORIENTED_EDGE('',*,*,#4142,.T.);
#4142 = EDGE_CURVE('',#4064,#4118,#4143,.T.);
#4143 = SURFACE_CURVE('',#4144,(#4148,#4154),.PCURVE_S1.);
#4144 = LINE('',#4145,#4146);
#4145 = CARTESIAN_POINT('',(82.15,112.9,-12.00000017881));
#4146 = VECTOR('',#4147,1.);
#4147 = DIRECTION('',(1.,0.,-0.));
#4148 = PCURVE('',#1731,#4149);
#4149 = DEFINITIONAL_REPRESENTATION('',(#4150),#4153);
#4150 = B_SPLINE_CURVE_WITH_KNOTS('',1,(#4151,#4152),.UNSPECIFIED.,.F.,
  .F.,(2,2),(-22.35,-6.35),.PIECEWISE_BEZIER_KNOTS.);
#4151 = CARTESIAN_POINT('',(16.,-17.99999977119));
#4152 = CARTESIAN_POINT('',(0.,-17.99999977119));
#4153 = ( GEOMETRIC_REPRESENTATION_CONTEXT(2) 
PARAMETRIC_REPRESENTATION_CONTEXT() REPRESENTATION_CONTEXT('2D SPACE',''
  ) );
#4154 = PCURVE('',#3386,#4155);
#4155 = DEFINITIONAL_REPRESENTATION('',(#4156),#4159);
#4156 = B_SPLINE_CURVE_WITH_KNOTS('',1,(#4157,#4158),.UNSPECIFIED.,.F.,
  .F.,(2,2),(-22.35,-6.35),.PIECEWISE_BEZIER_KNOTS.);
#4157 = CARTESIAN_POINT('',(28.7,40.1));
#4158 = CARTESIAN_POINT('',(12.7,40.1));
#4159 = ( GEOMETRIC_REPRESENTATION_CONTEXT(2) 
PARAMETRIC_REPRESENTATION_CONTEXT() REPRESENTATION_CONTEXT('2D SPACE',''
  ) );
#4160 = ADVANCED_FACE('',(#4161),#1704,.F.);
#4161 = FACE_BOUND('',#4162,.F.);
#4162 = EDGE_LOOP('',(#4163,#4164,#4165,#4166));
#4163 = ORIENTED_EDGE('',*,*,#4018,.F.);
#4164 = ORIENTED_EDGE('',*,*,#1683,.T.);
#4165 = ORIENTED_EDGE('',*,*,#4117,.T.);
#4166 = ORIENTED_EDGE('',*,*,#4167,.F.);
#4167 = EDGE_CURVE('',#4019,#4118,#4168,.T.);
#4168 = SURFACE_CURVE('',#4169,(#4174,#4181),.PCURVE_S1.);
#4169 = CIRCLE('',#4170,5.);
#4170 = AXIS2_PLACEMENT_3D('',#4171,#4172,#4173);
#4171 = CARTESIAN_POINT('',(75.8,117.9,-12.00000017881));
#4172 = DIRECTION('',(0.,0.,-1.));
#4173 = DIRECTION('',(0.,1.,0.));
#4174 = PCURVE('',#1704,#4175);
#4175 = DEFINITIONAL_REPRESENTATION('',(#4176),#4180);
#4176 = LINE('',#4177,#4178);
#4177 = CARTESIAN_POINT('',(0.,-17.99999977119));
#4178 = VECTOR('',#4179,1.);
#4179 = DIRECTION('',(1.,0.));
#4180 = ( GEOMETRIC_REPRESENTATION_CONTEXT(2) 
PARAMETRIC_REPRESENTATION_CONTEXT() REPRESENTATION_CONTEXT('2D SPACE',''
  ) );
#4181 = PCURVE('',#3386,#4182);
#4182 = DEFINITIONAL_REPRESENTATION('',(#4183),#4191);
#4183 = ( BOUNDED_CURVE() B_SPLINE_CURVE(2,(#4184,#4185,#4186,#4187,
#4188,#4189,#4190),.UNSPECIFIED.,.T.,.F.) B_SPLINE_CURVE_WITH_KNOTS((1,2
    ,2,2,2,1),(-2.094395102393,0.,2.094395102393,4.188790204786,
6.28318530718,8.377580409573),.UNSPECIFIED.) CURVE() 
GEOMETRIC_REPRESENTATION_ITEM() RATIONAL_B_SPLINE_CURVE((1.,0.5,1.,0.5,
1.,0.5,1.)) REPRESENTATION_ITEM('') );
#4184 = CARTESIAN_POINT('',(12.7,30.1));
#4185 = CARTESIAN_POINT('',(4.039745962156,30.1));
#4186 = CARTESIAN_POINT('',(8.369872981078,37.6));
#4187 = CARTESIAN_POINT('',(12.7,45.1));
#4188 = CARTESIAN_POINT('',(17.030127018922,37.6));
#4189 = CARTESIAN_POINT('',(21.360254037844,30.1));
#4190 = CARTESIAN_POINT('',(12.7,30.1));
#4191 = ( GEOMETRIC_REPRESENTATION_CONTEXT(2) 
PARAMETRIC_REPRESENTATION_CONTEXT() REPRESENTATION_CONTEXT('2D SPACE',''
  ) );
#4192 = ADVANCED_FACE('',(#4193),#2020,.F.);
#4193 = FACE_BOUND('',#4194,.F.);
#4194 = EDGE_LOOP('',(#4195,#4216,#4217,#4218));
#4195 = ORIENTED_EDGE('',*,*,#4196,.T.);
#4196 = EDGE_CURVE('',#2000,#2387,#4197,.T.);
#4197 = SURFACE_CURVE('',#4198,(#4202,#4209),.PCURVE_S1.);
#4198 = LINE('',#4199,#4200);
#4199 = CARTESIAN_POINT('',(63.772029585268,32.674133133705,0.));
#4200 = VECTOR('',#4201,1.);
#4201 = DIRECTION('',(0.,0.,-1.));
#4202 = PCURVE('',#2020,#4203);
#4203 = DEFINITIONAL_REPRESENTATION('',(#4204),#4208);
#4204 = LINE('',#4205,#4206);
#4205 = CARTESIAN_POINT('',(6.28318530718,0.));
#4206 = VECTOR('',#4207,1.);
#4207 = DIRECTION('',(0.,1.));
#4208 = ( GEOMETRIC_REPRESENTATION_CONTEXT(2) 
PARAMETRIC_REPRESENTATION_CONTEXT() REPRESENTATION_CONTEXT('2D SPACE',''
  ) );
#4209 = PCURVE('',#2048,#4210);
#4210 = DEFINITIONAL_REPRESENTATION('',(#4211),#4215);
#4211 = LINE('',#4212,#4213);
#4212 = CARTESIAN_POINT('',(0.,0.));
#4213 = VECTOR('',#4214,1.);
#4214 = DIRECTION('',(0.,1.));
#4215 = ( GEOMETRIC_REPRESENTATION_CONTEXT(2) 
PARAMETRIC_REPRESENTATION_CONTEXT() REPRESENTATION_CONTEXT('2D SPACE',''
  ) );
#4216 = ORIENTED_EDGE('',*,*,#2409,.T.);
#4217 = ORIENTED_EDGE('',*,*,#3647,.F.);
#4218 = ORIENTED_EDGE('',*,*,#1999,.F.);
#4219 = ADVANCED_FACE('',(#4220),#2048,.F.);
#4220 = FACE_BOUND('',#4221,.T.);
#4221 = EDGE_LOOP('',(#4222,#4223,#4224,#4225));
#4222 = ORIENTED_EDGE('',*,*,#2032,.T.);
#4223 = ORIENTED_EDGE('',*,*,#4196,.T.);
#4224 = ORIENTED_EDGE('',*,*,#2386,.F.);
#4225 = ORIENTED_EDGE('',*,*,#3752,.F.);
#4226 = ADVANCED_FACE('',(#4227),#2229,.T.);
#4227 = FACE_BOUND('',#4228,.T.);
#4228 = EDGE_LOOP('',(#4229,#4304,#4327,#4393,#4394,#4462));
#4229 = ORIENTED_EDGE('',*,*,#4230,.F.);
#4230 = EDGE_CURVE('',#4231,#4233,#4235,.T.);
#4231 = VERTEX_POINT('',#4232);
#4232 = CARTESIAN_POINT('',(73.06776436283,162.,-36.));
#4233 = VERTEX_POINT('',#4234);
#4234 = CARTESIAN_POINT('',(61.93223563717,162.,-36.));
#4235 = SURFACE_CURVE('',#4236,(#4242,#4271),.PCURVE_S1.);
#4236 = B_SPLINE_CURVE_WITH_KNOTS('',3,(#4237,#4238,#4239,#4240,#4241),
  .UNSPECIFIED.,.F.,.F.,(4,1,4),(-3.14159265359,-0.448798950513,
    3.14159265359),.QUASI_UNIFORM_KNOTS.);
#4237 = CARTESIAN_POINT('',(73.06776436283,162.,-36.));
#4238 = CARTESIAN_POINT('',(71.54449225712,162.,-36.3392488058));
#4239 = CARTESIAN_POINT('',(67.787728985903,161.93952678515,
    -36.80427932422));
#4240 = CARTESIAN_POINT('',(63.96326511145,162.,-36.45233174107));
#4241 = CARTESIAN_POINT('',(61.93223563717,162.,-36.));
#4242 = PCURVE('',#2229,#4243);
#4243 = DEFINITIONAL_REPRESENTATION('',(#4244),#4270);
#4244 = B_SPLINE_CURVE_WITH_KNOTS('',3,(#4245,#4246,#4247,#4248,#4249,
    #4250,#4251,#4252,#4253,#4254,#4255,#4256,#4257,#4258,#4259,#4260,
    #4261,#4262,#4263,#4264,#4265,#4266,#4267,#4268,#4269),
  .UNSPECIFIED.,.F.,.F.,(4,1,1,1,1,1,1,1,1,1,1,1,1,1,1,1,1,1,1,1,1,1,4),
  (-3.14159265359,-2.855993321445,-2.570393989301,-2.284794657156,
    -1.999195325012,-1.713595992867,-1.427996660723,-1.142397328578,
    -0.856797996434,-0.571198664289,-0.285599332145,5.329070518201E-15,
    0.285599332145,0.571198664289,0.856797996434,1.142397328578,
    1.427996660723,1.713595992867,1.999195325012,2.284794657156,
    2.570393989301,2.855993321445,3.14159265359),.UNSPECIFIED.);
#4245 = CARTESIAN_POINT('',(5.497787143782,25.93223563717));
#4246 = CARTESIAN_POINT('',(5.503783868798,26.093794799897));
#4247 = CARTESIAN_POINT('',(5.51525292104,26.418865235321));
#4248 = CARTESIAN_POINT('',(5.530873625273,26.911795105284));
#4249 = CARTESIAN_POINT('',(5.544902291451,27.409517078981));
#4250 = CARTESIAN_POINT('',(5.557327946736,27.91149904336));
#4251 = CARTESIAN_POINT('',(5.568138231049,28.417208885209));
#4252 = CARTESIAN_POINT('',(5.577319187741,28.926114491913));
#4253 = CARTESIAN_POINT('',(5.584855477773,29.437683748627));
#4254 = CARTESIAN_POINT('',(5.590730203993,29.951384548837));
#4255 = CARTESIAN_POINT('',(5.594926581023,30.466684754929));
#4256 = CARTESIAN_POINT('',(5.59742336811,30.98305234536));
#4257 = CARTESIAN_POINT('',(5.598219658853,31.499954705093));
#4258 = CARTESIAN_POINT('',(5.597330181751,32.016858784287));
#4259 = CARTESIAN_POINT('',(5.594766546349,32.533231631485));
#4260 = CARTESIAN_POINT('',(5.590540937359,33.048540268869));
#4261 = CARTESIAN_POINT('',(5.58466459137,33.562251725683));
#4262 = CARTESIAN_POINT('',(5.577147849228,34.07383302928));
#4263 = CARTESIAN_POINT('',(5.567999954474,34.582751207519));
#4264 = CARTESIAN_POINT('',(5.55722908254,35.088473288124));
#4265 = CARTESIAN_POINT('',(5.544842456704,35.590466298854));
#4266 = CARTESIAN_POINT('',(5.530846614395,36.08819726746));
#4267 = CARTESIAN_POINT('',(5.515247692612,36.581133221694));
#4268 = CARTESIAN_POINT('',(5.503784016271,36.906205200103));
#4269 = CARTESIAN_POINT('',(5.497787143782,37.06776436283));
#4270 = ( GEOMETRIC_REPRESENTATION_CONTEXT(2) 
PARAMETRIC_REPRESENTATION_CONTEXT() REPRESENTATION_CONTEXT('2D SPACE',''
  ) );
#4271 = PCURVE('',#4272,#4298);
#4272 = B_SPLINE_SURFACE_WITH_KNOTS('',3,3,(
    (#4273,#4274,#4275,#4276,#4277)
    ,(#4278,#4279,#4280,#4281,#4282)
    ,(#4283,#4284,#4285,#4286,#4287)
    ,(#4288,#4289,#4290,#4291,#4292)
    ,(#4293,#4294,#4295,#4296,#4297
  )),.UNSPECIFIED.,.F.,.F.,.F.,(4,1,4),(4,1,4),(0.,0.571428571429,1.),(
    -3.14159265359,0.448798950513,3.14159265359),.UNSPECIFIED.);
#4273 = CARTESIAN_POINT('',(61.93223563717,162.,-36.));
#4274 = CARTESIAN_POINT('',(63.96326511145,162.,-36.45233174107));
#4275 = CARTESIAN_POINT('',(67.787728985903,161.93952678515,
    -36.80427932422));
#4276 = CARTESIAN_POINT('',(71.54449225712,162.,-36.3392488058));
#4277 = CARTESIAN_POINT('',(73.06776436283,162.,-36.));
#4278 = CARTESIAN_POINT('',(62.348703437627,162.,-34.87800262371));
#4279 = CARTESIAN_POINT('',(64.208087680417,162.08695409073,
    -35.32432886337));
#4280 = CARTESIAN_POINT('',(67.77117978046,162.08943984388,
    -35.70210550055));
#4281 = CARTESIAN_POINT('',(71.256758380281,162.06521556805,
    -35.21274730346));
#4282 = CARTESIAN_POINT('',(72.651296562373,162.,-34.87800262371));
#4283 = CARTESIAN_POINT('',(63.069653768266,163.0046938555,
    -32.9357050955));
#4284 = CARTESIAN_POINT('',(64.636227337617,163.13954364758,
    -33.44378957847));
#4285 = CARTESIAN_POINT('',(67.741490684177,163.16885366372,
    -33.89550432787));
#4286 = CARTESIAN_POINT('',(70.755416054721,163.10583119956,
    -33.31676845773));
#4287 = CARTESIAN_POINT('',(71.930346231734,163.0046938555,
    -32.9357050955));
#4288 = CARTESIAN_POINT('',(63.324176727878,165.10240209897,-32.25));
#4289 = CARTESIAN_POINT('',(64.824847723441,165.1422022199,
    -32.80777641365));
#4290 = CARTESIAN_POINT('',(67.721550925767,165.08085344604,
    -33.26258090563));
#4291 = CARTESIAN_POINT('',(70.55032002545,165.13225218967,
    -32.66833231024));
#4292 = CARTESIAN_POINT('',(71.675823272123,165.10240209897,-32.25));
#4293 = CARTESIAN_POINT('',(63.324176727878,166.,-32.25));
#4294 = CARTESIAN_POINT('',(64.847448833588,166.,-32.81541467633));
#4295 = CARTESIAN_POINT('',(67.715796739427,165.89921130858,
    -33.25534915528));
#4296 = CARTESIAN_POINT('',(70.53336919284,166.,-32.67406100725));
#4297 = CARTESIAN_POINT('',(71.675823272123,166.,-32.25));
#4298 = DEFINITIONAL_REPRESENTATION('',(#4299),#4303);
#4299 = LINE('',#4300,#4301);
#4300 = CARTESIAN_POINT('',(9.523134670531E-16,8.881784197001E-16));
#4301 = VECTOR('',#4302,1.);
#4302 = DIRECTION('',(-2.085852587182E-16,-1.));
#4303 = ( GEOMETRIC_REPRESENTATION_CONTEXT(2) 
PARAMETRIC_REPRESENTATION_CONTEXT() REPRESENTATION_CONTEXT('2D SPACE',''
  ) );
#4304 = ORIENTED_EDGE('',*,*,#4305,.T.);
#4305 = EDGE_CURVE('',#4231,#4306,#4308,.T.);
#4306 = VERTEX_POINT('',#4307);
#4307 = CARTESIAN_POINT('',(91.5,162.,-36.));
#4308 = SURFACE_CURVE('',#4309,(#4313,#4320),.PCURVE_S1.);
#4309 = LINE('',#4310,#4311);
#4310 = CARTESIAN_POINT('',(99.,162.,-36.));
#4311 = VECTOR('',#4312,1.);
#4312 = DIRECTION('',(1.,0.,0.));
#4313 = PCURVE('',#2229,#4314);
#4314 = DEFINITIONAL_REPRESENTATION('',(#4315),#4319);
#4315 = LINE('',#4316,#4317);
#4316 = CARTESIAN_POINT('',(5.497787143782,0.));
#4317 = VECTOR('',#4318,1.);
#4318 = DIRECTION('',(0.,-1.));
#4319 = ( GEOMETRIC_REPRESENTATION_CONTEXT(2) 
PARAMETRIC_REPRESENTATION_CONTEXT() REPRESENTATION_CONTEXT('2D SPACE',''
  ) );
#4320 = PCURVE('',#3090,#4321);
#4321 = DEFINITIONAL_REPRESENTATION('',(#4322),#4326);
#4322 = LINE('',#4323,#4324);
#4323 = CARTESIAN_POINT('',(-15.,31.5));
#4324 = VECTOR('',#4325,1.);
#4325 = DIRECTION('',(0.,1.));
#4326 = ( GEOMETRIC_REPRESENTATION_CONTEXT(2) 
PARAMETRIC_REPRESENTATION_CONTEXT() REPRESENTATION_CONTEXT('2D SPACE',''
  ) );
#4327 = ORIENTED_EDGE('',*,*,#4328,.T.);
#4328 = EDGE_CURVE('',#4306,#2212,#4329,.T.);
#4329 = SURFACE_CURVE('',#4330,(#4335,#4364),.PCURVE_S1.);
#4330 = ELLIPSE('',#4331,8.485281374239,6.);
#4331 = AXIS2_PLACEMENT_3D('',#4332,#4333,#4334);
#4332 = CARTESIAN_POINT('',(91.5,156.,-36.));
#4333 = DIRECTION('',(-0.707106781187,5.23364152894E-16,-0.707106781187)
  );
#4334 = DIRECTION('',(0.707106781187,5.23364152894E-16,-0.707106781187)
  );
#4335 = PCURVE('',#2229,#4336);
#4336 = DEFINITIONAL_REPRESENTATION('',(#4337),#4363);
#4337 = B_SPLINE_CURVE_WITH_KNOTS('',3,(#4338,#4339,#4340,#4341,#4342,
    #4343,#4344,#4345,#4346,#4347,#4348,#4349,#4350,#4351,#4352,#4353,
    #4354,#4355,#4356,#4357,#4358,#4359,#4360,#4361,#4362),
  .UNSPECIFIED.,.F.,.F.,(4,1,1,1,1,1,1,1,1,1,1,1,1,1,1,1,1,1,1,1,1,1,4),
  (4.712388980385,4.783788813421,4.855188646457,4.926588479493,
    4.997988312529,5.069388145565,5.140787978601,5.212187811638,
    5.283587644674,5.35498747771,5.426387310746,5.497787143782,
    5.569186976818,5.640586809854,5.711986642891,5.783386475927,
    5.854786308963,5.926186141999,5.997585975035,6.068985808071,
    6.140385641107,6.211785474143,6.28318530718),.UNSPECIFIED.);
#4338 = CARTESIAN_POINT('',(5.497787143782,7.5));
#4339 = CARTESIAN_POINT('',(5.521587088128,7.357199222589));
#4340 = CARTESIAN_POINT('',(5.569186976818,7.071601589023));
#4341 = CARTESIAN_POINT('',(5.640586809854,6.645385009364));
#4342 = CARTESIAN_POINT('',(5.711986642891,6.223524195684));
#4343 = CARTESIAN_POINT('',(5.783386475927,5.808167783992));
#4344 = CARTESIAN_POINT('',(5.854786308963,5.401432622057));
#4345 = CARTESIAN_POINT('',(5.926186141999,5.005391262212));
#4346 = CARTESIAN_POINT('',(5.997585975035,4.622061861028));
#4347 = CARTESIAN_POINT('',(6.068985808071,4.253397771753));
#4348 = CARTESIAN_POINT('',(6.140385641107,3.901277623558));
#4349 = CARTESIAN_POINT('',(6.211785474143,3.567495739605));
#4350 = CARTESIAN_POINT('',(6.28318530718,3.253752995992));
#4351 = CARTESIAN_POINT('',(6.354585140216,2.961648153711));
#4352 = CARTESIAN_POINT('',(6.425984973252,2.692669712412));
#4353 = CARTESIAN_POINT('',(6.497384806288,2.448188323364));
#4354 = CARTESIAN_POINT('',(6.568784639324,2.229449812211));
#4355 = CARTESIAN_POINT('',(6.64018447236,2.037568803373));
#4356 = CARTESIAN_POINT('',(6.711584305396,1.873523141536));
#4357 = CARTESIAN_POINT('',(6.782984138433,1.738148530492));
#4358 = CARTESIAN_POINT('',(6.854383971469,1.632135686374));
#4359 = CARTESIAN_POINT('',(6.925783804505,1.556021549051));
#4360 = CARTESIAN_POINT('',(6.997183637541,1.510206209708));
#4361 = CARTESIAN_POINT('',(7.044783526232,1.499987060667));
#4362 = CARTESIAN_POINT('',(7.068583470577,1.5));
#4363 = ( GEOMETRIC_REPRESENTATION_CONTEXT(2) 
PARAMETRIC_REPRESENTATION_CONTEXT() REPRESENTATION_CONTEXT('2D SPACE',''
  ) );
#4364 = PCURVE('',#3042,#4365);
#4365 = DEFINITIONAL_REPRESENTATION('',(#4366),#4392);
#4366 = B_SPLINE_CURVE_WITH_KNOTS('',3,(#4367,#4368,#4369,#4370,#4371,
    #4372,#4373,#4374,#4375,#4376,#4377,#4378,#4379,#4380,#4381,#4382,
    #4383,#4384,#4385,#4386,#4387,#4388,#4389,#4390,#4391),
  .UNSPECIFIED.,.F.,.F.,(4,1,1,1,1,1,1,1,1,1,1,1,1,1,1,1,1,1,1,1,1,1,4),
  (4.712388980385,4.783788813421,4.855188646457,4.926588479493,
    4.997988312529,5.069388145565,5.140787978601,5.212187811638,
    5.283587644674,5.35498747771,5.426387310746,5.497787143782,
    5.569186976818,5.640586809854,5.711986642891,5.783386475927,
    5.854786308963,5.926186141999,5.997585975035,6.068985808071,
    6.140385641107,6.211785474143,6.28318530718),.UNSPECIFIED.);
#4367 = CARTESIAN_POINT('',(5.497787143782,25.5));
#4368 = CARTESIAN_POINT('',(5.521587088128,25.642800777411));
#4369 = CARTESIAN_POINT('',(5.569186976818,25.928398410977));
#4370 = CARTESIAN_POINT('',(5.640586809854,26.354614990636));
#4371 = CARTESIAN_POINT('',(5.711986642891,26.776475804316));
#4372 = CARTESIAN_POINT('',(5.783386475927,27.191832216008));
#4373 = CARTESIAN_POINT('',(5.854786308963,27.598567377943));
#4374 = CARTESIAN_POINT('',(5.926186141999,27.994608737788));
#4375 = CARTESIAN_POINT('',(5.997585975035,28.377938138972));
#4376 = CARTESIAN_POINT('',(6.068985808071,28.746602228247));
#4377 = CARTESIAN_POINT('',(6.140385641107,29.098722376442));
#4378 = CARTESIAN_POINT('',(6.211785474143,29.432504260395));
#4379 = CARTESIAN_POINT('',(6.28318530718,29.746247004008));
#4380 = CARTESIAN_POINT('',(6.354585140216,30.038351846289));
#4381 = CARTESIAN_POINT('',(6.425984973252,30.307330287588));
#4382 = CARTESIAN_POINT('',(6.497384806288,30.551811676636));
#4383 = CARTESIAN_POINT('',(6.568784639324,30.770550187789));
#4384 = CARTESIAN_POINT('',(6.64018447236,30.962431196627));
#4385 = CARTESIAN_POINT('',(6.711584305396,31.126476858464));
#4386 = CARTESIAN_POINT('',(6.782984138433,31.261851469508));
#4387 = CARTESIAN_POINT('',(6.854383971469,31.367864313626));
#4388 = CARTESIAN_POINT('',(6.925783804505,31.443978450949));
#4389 = CARTESIAN_POINT('',(6.997183637541,31.489793790292));
#4390 = CARTESIAN_POINT('',(7.044783526232,31.500012939333));
#4391 = CARTESIAN_POINT('',(7.068583470577,31.5));
#4392 = ( GEOMETRIC_REPRESENTATION_CONTEXT(2) 
PARAMETRIC_REPRESENTATION_CONTEXT() REPRESENTATION_CONTEXT('2D SPACE',''
  ) );
#4393 = ORIENTED_EDGE('',*,*,#2211,.T.);
#4394 = ORIENTED_EDGE('',*,*,#4395,.F.);
#4395 = EDGE_CURVE('',#4396,#2214,#4398,.T.);
#4396 = VERTEX_POINT('',#4397);
#4397 = CARTESIAN_POINT('',(43.5,162.,-36.));
#4398 = SURFACE_CURVE('',#4399,(#4404,#4433),.PCURVE_S1.);
#4399 = ELLIPSE('',#4400,8.485281374239,6.);
#4400 = AXIS2_PLACEMENT_3D('',#4401,#4402,#4403);
#4401 = CARTESIAN_POINT('',(43.5,156.,-36.));
#4402 = DIRECTION('',(-0.707106781187,0.,0.707106781187));
#4403 = DIRECTION('',(-0.707106781187,0.,-0.707106781187));
#4404 = PCURVE('',#2229,#4405);
#4405 = DEFINITIONAL_REPRESENTATION('',(#4406),#4432);
#4406 = B_SPLINE_CURVE_WITH_KNOTS('',3,(#4407,#4408,#4409,#4410,#4411,
    #4412,#4413,#4414,#4415,#4416,#4417,#4418,#4419,#4420,#4421,#4422,
    #4423,#4424,#4425,#4426,#4427,#4428,#4429,#4430,#4431),
  .UNSPECIFIED.,.F.,.F.,(4,1,1,1,1,1,1,1,1,1,1,1,1,1,1,1,1,1,1,1,1,1,4),
  (4.712388980385,4.783788813421,4.855188646457,4.926588479493,
    4.997988312529,5.069388145565,5.140787978601,5.212187811638,
    5.283587644674,5.35498747771,5.426387310746,5.497787143782,
    5.569186976818,5.640586809854,5.711986642891,5.783386475927,
    5.854786308963,5.926186141999,5.997585975035,6.068985808071,
    6.140385641107,6.211785474143,6.28318530718),.UNSPECIFIED.);
#4407 = CARTESIAN_POINT('',(5.497787143782,55.5));
#4408 = CARTESIAN_POINT('',(5.521587088128,55.642800777411));
#4409 = CARTESIAN_POINT('',(5.569186976818,55.928398410977));
#4410 = CARTESIAN_POINT('',(5.640586809854,56.354614990636));
#4411 = CARTESIAN_POINT('',(5.711986642891,56.776475804316));
#4412 = CARTESIAN_POINT('',(5.783386475927,57.191832216008));
#4413 = CARTESIAN_POINT('',(5.854786308963,57.598567377943));
#4414 = CARTESIAN_POINT('',(5.926186141999,57.994608737788));
#4415 = CARTESIAN_POINT('',(5.997585975035,58.377938138972));
#4416 = CARTESIAN_POINT('',(6.068985808071,58.746602228247));
#4417 = CARTESIAN_POINT('',(6.140385641107,59.098722376442));
#4418 = CARTESIAN_POINT('',(6.211785474143,59.432504260395));
#4419 = CARTESIAN_POINT('',(6.28318530718,59.746247004008));
#4420 = CARTESIAN_POINT('',(6.354585140216,60.038351846289));
#4421 = CARTESIAN_POINT('',(6.425984973252,60.307330287588));
#4422 = CARTESIAN_POINT('',(6.497384806288,60.551811676636));
#4423 = CARTESIAN_POINT('',(6.568784639324,60.770550187789));
#4424 = CARTESIAN_POINT('',(6.64018447236,60.962431196627));
#4425 = CARTESIAN_POINT('',(6.711584305396,61.126476858464));
#4426 = CARTESIAN_POINT('',(6.782984138433,61.261851469508));
#4427 = CARTESIAN_POINT('',(6.854383971469,61.367864313626));
#4428 = CARTESIAN_POINT('',(6.925783804505,61.443978450949));
#4429 = CARTESIAN_POINT('',(6.997183637541,61.489793790292));
#4430 = CARTESIAN_POINT('',(7.044783526232,61.500012939333));
#4431 = CARTESIAN_POINT('',(7.068583470577,61.5));
#4432 = ( GEOMETRIC_REPRESENTATION_CONTEXT(2) 
PARAMETRIC_REPRESENTATION_CONTEXT() REPRESENTATION_CONTEXT('2D SPACE',''
  ) );
#4433 = PCURVE('',#2968,#4434);
#4434 = DEFINITIONAL_REPRESENTATION('',(#4435),#4461);
#4435 = B_SPLINE_CURVE_WITH_KNOTS('',3,(#4436,#4437,#4438,#4439,#4440,
    #4441,#4442,#4443,#4444,#4445,#4446,#4447,#4448,#4449,#4450,#4451,
    #4452,#4453,#4454,#4455,#4456,#4457,#4458,#4459,#4460),
  .UNSPECIFIED.,.F.,.F.,(4,1,1,1,1,1,1,1,1,1,1,1,1,1,1,1,1,1,1,1,1,1,4),
  (4.712388980385,4.783788813421,4.855188646457,4.926588479493,
    4.997988312529,5.069388145565,5.140787978601,5.212187811638,
    5.283587644674,5.35498747771,5.426387310746,5.497787143782,
    5.569186976818,5.640586809854,5.711986642891,5.783386475927,
    5.854786308963,5.926186141999,5.997585975035,6.068985808071,
    6.140385641107,6.211785474143,6.28318530718),.UNSPECIFIED.);
#4436 = CARTESIAN_POINT('',(5.497787143782,-4.5));
#4437 = CARTESIAN_POINT('',(5.521587088128,-4.642800777411));
#4438 = CARTESIAN_POINT('',(5.569186976818,-4.928398410977));
#4439 = CARTESIAN_POINT('',(5.640586809854,-5.354614990636));
#4440 = CARTESIAN_POINT('',(5.711986642891,-5.776475804316));
#4441 = CARTESIAN_POINT('',(5.783386475927,-6.191832216008));
#4442 = CARTESIAN_POINT('',(5.854786308963,-6.598567377943));
#4443 = CARTESIAN_POINT('',(5.926186141999,-6.994608737788));
#4444 = CARTESIAN_POINT('',(5.997585975035,-7.377938138972));
#4445 = CARTESIAN_POINT('',(6.068985808071,-7.746602228247));
#4446 = CARTESIAN_POINT('',(6.140385641107,-8.098722376442));
#4447 = CARTESIAN_POINT('',(6.211785474143,-8.432504260395));
#4448 = CARTESIAN_POINT('',(6.28318530718,-8.746247004008));
#4449 = CARTESIAN_POINT('',(6.354585140216,-9.038351846289));
#4450 = CARTESIAN_POINT('',(6.425984973252,-9.307330287588));
#4451 = CARTESIAN_POINT('',(6.497384806288,-9.551811676636));
#4452 = CARTESIAN_POINT('',(6.568784639324,-9.770550187789));
#4453 = CARTESIAN_POINT('',(6.64018447236,-9.962431196627));
#4454 = CARTESIAN_POINT('',(6.711584305396,-10.12647685846));
#4455 = CARTESIAN_POINT('',(6.782984138433,-10.2618514695));
#4456 = CARTESIAN_POINT('',(6.854383971469,-10.36786431362));
#4457 = CARTESIAN_POINT('',(6.925783804505,-10.44397845094));
#4458 = CARTESIAN_POINT('',(6.997183637541,-10.48979379029));
#4459 = CARTESIAN_POINT('',(7.044783526232,-10.50001293933));
#4460 = CARTESIAN_POINT('',(7.068583470577,-10.5));
#4461 = ( GEOMETRIC_REPRESENTATION_CONTEXT(2) 
PARAMETRIC_REPRESENTATION_CONTEXT() REPRESENTATION_CONTEXT('2D SPACE',''
  ) );
#4462 = ORIENTED_EDGE('',*,*,#4463,.T.);
#4463 = EDGE_CURVE('',#4396,#4233,#4464,.T.);
#4464 = SURFACE_CURVE('',#4465,(#4469,#4476),.PCURVE_S1.);
#4465 = LINE('',#4466,#4467);
#4466 = CARTESIAN_POINT('',(99.,162.,-36.));
#4467 = VECTOR('',#4468,1.);
#4468 = DIRECTION('',(1.,0.,0.));
#4469 = PCURVE('',#2229,#4470);
#4470 = DEFINITIONAL_REPRESENTATION('',(#4471),#4475);
#4471 = LINE('',#4472,#4473);
#4472 = CARTESIAN_POINT('',(5.497787143782,0.));
#4473 = VECTOR('',#4474,1.);
#4474 = DIRECTION('',(0.,-1.));
#4475 = ( GEOMETRIC_REPRESENTATION_CONTEXT(2) 
PARAMETRIC_REPRESENTATION_CONTEXT() REPRESENTATION_CONTEXT('2D SPACE',''
  ) );
#4476 = PCURVE('',#2919,#4477);
#4477 = DEFINITIONAL_REPRESENTATION('',(#4478),#4482);
#4478 = LINE('',#4479,#4480);
#4479 = CARTESIAN_POINT('',(-15.,31.5));
#4480 = VECTOR('',#4481,1.);
#4481 = DIRECTION('',(0.,1.));
#4482 = ( GEOMETRIC_REPRESENTATION_CONTEXT(2) 
PARAMETRIC_REPRESENTATION_CONTEXT() REPRESENTATION_CONTEXT('2D SPACE',''
  ) );
#4483 = ADVANCED_FACE('',(#4484),#2532,.F.);
#4484 = FACE_BOUND('',#4485,.T.);
#4485 = EDGE_LOOP('',(#4486,#4507,#4508,#4509));
#4486 = ORIENTED_EDGE('',*,*,#4487,.T.);
#4487 = EDGE_CURVE('',#3532,#3267,#4488,.T.);
#4488 = SURFACE_CURVE('',#4489,(#4493,#4500),.PCURVE_S1.);
#4489 = LINE('',#4490,#4491);
#4490 = CARTESIAN_POINT('',(46.5,84.,-30.));
#4491 = VECTOR('',#4492,1.);
#4492 = DIRECTION('',(-1.,0.,0.));
#4493 = PCURVE('',#2532,#4494);
#4494 = DEFINITIONAL_REPRESENTATION('',(#4495),#4499);
#4495 = LINE('',#4496,#4497);
#4496 = CARTESIAN_POINT('',(0.,30.));
#4497 = VECTOR('',#4498,1.);
#4498 = DIRECTION('',(-1.,0.));
#4499 = ( GEOMETRIC_REPRESENTATION_CONTEXT(2) 
PARAMETRIC_REPRESENTATION_CONTEXT() REPRESENTATION_CONTEXT('2D SPACE',''
  ) );
#4500 = PCURVE('',#3569,#4501);
#4501 = DEFINITIONAL_REPRESENTATION('',(#4502),#4506);
#4502 = LINE('',#4503,#4504);
#4503 = CARTESIAN_POINT('',(0.,69.));
#4504 = VECTOR('',#4505,1.);
#4505 = DIRECTION('',(-1.,0.));
#4506 = ( GEOMETRIC_REPRESENTATION_CONTEXT(2) 
PARAMETRIC_REPRESENTATION_CONTEXT() REPRESENTATION_CONTEXT('2D SPACE',''
  ) );
#4507 = ORIENTED_EDGE('',*,*,#3266,.T.);
#4508 = ORIENTED_EDGE('',*,*,#2516,.F.);
#4509 = ORIENTED_EDGE('',*,*,#3531,.F.);
#4510 = ADVANCED_FACE('',(#4511),#2609,.F.);
#4511 = FACE_BOUND('',#4512,.T.);
#4512 = EDGE_LOOP('',(#4513,#4514,#4537,#4565));
#4513 = ORIENTED_EDGE('',*,*,#2591,.F.);
#4514 = ORIENTED_EDGE('',*,*,#4515,.T.);
#4515 = EDGE_CURVE('',#2592,#4516,#4518,.T.);
#4516 = VERTEX_POINT('',#4517);
#4517 = CARTESIAN_POINT('',(121.99999989546,40.001371714289,-32.));
#4518 = SURFACE_CURVE('',#4519,(#4523,#4530),.PCURVE_S1.);
#4519 = LINE('',#4520,#4521);
#4520 = CARTESIAN_POINT('',(121.99999989546,40.001371714289,-42.));
#4521 = VECTOR('',#4522,1.);
#4522 = DIRECTION('',(0.,0.,1.));
#4523 = PCURVE('',#2609,#4524);
#4524 = DEFINITIONAL_REPRESENTATION('',(#4525),#4529);
#4525 = LINE('',#4526,#4527);
#4526 = CARTESIAN_POINT('',(0.,0.));
#4527 = VECTOR('',#4528,1.);
#4528 = DIRECTION('',(0.,1.));
#4529 = ( GEOMETRIC_REPRESENTATION_CONTEXT(2) 
PARAMETRIC_REPRESENTATION_CONTEXT() REPRESENTATION_CONTEXT('2D SPACE',''
  ) );
#4530 = PCURVE('',#2701,#4531);
#4531 = DEFINITIONAL_REPRESENTATION('',(#4532),#4536);
#4532 = LINE('',#4533,#4534);
#4533 = CARTESIAN_POINT('',(7.854057840324,0.));
#4534 = VECTOR('',#4535,1.);
#4535 = DIRECTION('',(0.,1.));
#4536 = ( GEOMETRIC_REPRESENTATION_CONTEXT(2) 
PARAMETRIC_REPRESENTATION_CONTEXT() REPRESENTATION_CONTEXT('2D SPACE',''
  ) );
#4537 = ORIENTED_EDGE('',*,*,#4538,.T.);
#4538 = EDGE_CURVE('',#4516,#4539,#4541,.T.);
#4539 = VERTEX_POINT('',#4540);
#4540 = CARTESIAN_POINT('',(122.,70.,-32.));
#4541 = SURFACE_CURVE('',#4542,(#4546,#4553),.PCURVE_S1.);
#4542 = LINE('',#4543,#4544);
#4543 = CARTESIAN_POINT('',(122.,70.,-32.));
#4544 = VECTOR('',#4545,1.);
#4545 = DIRECTION('',(3.484604062121E-09,1.,0.));
#4546 = PCURVE('',#2609,#4547);
#4547 = DEFINITIONAL_REPRESENTATION('',(#4548),#4552);
#4548 = LINE('',#4549,#4550);
#4549 = CARTESIAN_POINT('',(29.998628285711,10.));
#4550 = VECTOR('',#4551,1.);
#4551 = DIRECTION('',(1.,0.));
#4552 = ( GEOMETRIC_REPRESENTATION_CONTEXT(2) 
PARAMETRIC_REPRESENTATION_CONTEXT() REPRESENTATION_CONTEXT('2D SPACE',''
  ) );
#4553 = PCURVE('',#4554,#4559);
#4554 = PLANE('',#4555);
#4555 = AXIS2_PLACEMENT_3D('',#4556,#4557,#4558);
#4556 = CARTESIAN_POINT('',(113.,55.,-32.));
#4557 = DIRECTION('',(0.,0.,-1.));
#4558 = DIRECTION('',(-1.,0.,0.));
#4559 = DEFINITIONAL_REPRESENTATION('',(#4560),#4564);
#4560 = LINE('',#4561,#4562);
#4561 = CARTESIAN_POINT('',(-9.,15.));
#4562 = VECTOR('',#4563,1.);
#4563 = DIRECTION('',(-3.484604062121E-09,1.));
#4564 = ( GEOMETRIC_REPRESENTATION_CONTEXT(2) 
PARAMETRIC_REPRESENTATION_CONTEXT() REPRESENTATION_CONTEXT('2D SPACE',''
  ) );
#4565 = ORIENTED_EDGE('',*,*,#4566,.F.);
#4566 = EDGE_CURVE('',#2594,#4539,#4567,.T.);
#4567 = SURFACE_CURVE('',#4568,(#4572,#4579),.PCURVE_S1.);
#4568 = LINE('',#4569,#4570);
#4569 = CARTESIAN_POINT('',(122.,70.,-42.));
#4570 = VECTOR('',#4571,1.);
#4571 = DIRECTION('',(0.,0.,1.));
#4572 = PCURVE('',#2609,#4573);
#4573 = DEFINITIONAL_REPRESENTATION('',(#4574),#4578);
#4574 = LINE('',#4575,#4576);
#4575 = CARTESIAN_POINT('',(29.998628285711,0.));
#4576 = VECTOR('',#4577,1.);
#4577 = DIRECTION('',(0.,1.));
#4578 = ( GEOMETRIC_REPRESENTATION_CONTEXT(2) 
PARAMETRIC_REPRESENTATION_CONTEXT() REPRESENTATION_CONTEXT('2D SPACE',''
  ) );
#4579 = PCURVE('',#2642,#4580);
#4580 = DEFINITIONAL_REPRESENTATION('',(#4581),#4585);
#4581 = LINE('',#4582,#4583);
#4582 = CARTESIAN_POINT('',(3.14159265359,0.));
#4583 = VECTOR('',#4584,1.);
#4584 = DIRECTION('',(0.,1.));
#4585 = ( GEOMETRIC_REPRESENTATION_CONTEXT(2) 
PARAMETRIC_REPRESENTATION_CONTEXT() REPRESENTATION_CONTEXT('2D SPACE',''
  ) );
#4586 = ADVANCED_FACE('',(#4587),#2701,.F.);
#4587 = FACE_BOUND('',#4588,.F.);
#4588 = EDGE_LOOP('',(#4589,#4590,#4618,#4639));
#4589 = ORIENTED_EDGE('',*,*,#4515,.T.);
#4590 = ORIENTED_EDGE('',*,*,#4591,.F.);
#4591 = EDGE_CURVE('',#4592,#4516,#4594,.T.);
#4592 = VERTEX_POINT('',#4593);
#4593 = CARTESIAN_POINT('',(104.,40.,-32.));
#4594 = SURFACE_CURVE('',#4595,(#4600,#4607),.PCURVE_S1.);
#4595 = CIRCLE('',#4596,9.);
#4596 = AXIS2_PLACEMENT_3D('',#4597,#4598,#4599);
#4597 = CARTESIAN_POINT('',(113.,40.,-32.));
#4598 = DIRECTION('',(0.,0.,1.));
#4599 = DIRECTION('',(0.999999988385,1.524126987783E-04,-0.));
#4600 = PCURVE('',#2701,#4601);
#4601 = DEFINITIONAL_REPRESENTATION('',(#4602),#4606);
#4602 = LINE('',#4603,#4604);
#4603 = CARTESIAN_POINT('',(1.570872533145,10.));
#4604 = VECTOR('',#4605,1.);
#4605 = DIRECTION('',(1.,0.));
#4606 = ( GEOMETRIC_REPRESENTATION_CONTEXT(2) 
PARAMETRIC_REPRESENTATION_CONTEXT() REPRESENTATION_CONTEXT('2D SPACE',''
  ) );
#4607 = PCURVE('',#4554,#4608);
#4608 = DEFINITIONAL_REPRESENTATION('',(#4609),#4617);
#4609 = ( BOUNDED_CURVE() B_SPLINE_CURVE(2,(#4610,#4611,#4612,#4613,
#4614,#4615,#4616),.UNSPECIFIED.,.T.,.F.) B_SPLINE_CURVE_WITH_KNOTS((1,2
    ,2,2,2,1),(-2.094395102393,0.,2.094395102393,4.188790204786,
6.28318530718,8.377580409573),.UNSPECIFIED.) CURVE() 
GEOMETRIC_REPRESENTATION_ITEM() RATIONAL_B_SPLINE_CURVE((1.,0.5,1.,0.5,
1.,0.5,1.)) REPRESENTATION_ITEM('') );
#4610 = CARTESIAN_POINT('',(-8.999999895467,-14.99862828571));
#4611 = CARTESIAN_POINT('',(-8.997624016625,0.589828801352));
#4612 = CARTESIAN_POINT('',(4.501187887154,-7.206457313613));
#4613 = CARTESIAN_POINT('',(17.999999790933,-15.00274342857));
#4614 = CARTESIAN_POINT('',(4.498812008312,-22.79491440067));
#4615 = CARTESIAN_POINT('',(-9.002375774309,-30.58708537277));
#4616 = CARTESIAN_POINT('',(-8.999999895467,-14.99862828571));
#4617 = ( GEOMETRIC_REPRESENTATION_CONTEXT(2) 
PARAMETRIC_REPRESENTATION_CONTEXT() REPRESENTATION_CONTEXT('2D SPACE',''
  ) );
#4618 = ORIENTED_EDGE('',*,*,#4619,.F.);
#4619 = EDGE_CURVE('',#2655,#4592,#4620,.T.);
#4620 = SURFACE_CURVE('',#4621,(#4625,#4632),.PCURVE_S1.);
#4621 = LINE('',#4622,#4623);
#4622 = CARTESIAN_POINT('',(104.,40.,-42.));
#4623 = VECTOR('',#4624,1.);
#4624 = DIRECTION('',(0.,0.,1.));
#4625 = PCURVE('',#2701,#4626);
#4626 = DEFINITIONAL_REPRESENTATION('',(#4627),#4631);
#4627 = LINE('',#4628,#4629);
#4628 = CARTESIAN_POINT('',(4.712312774035,0.));
#4629 = VECTOR('',#4630,1.);
#4630 = DIRECTION('',(0.,1.));
#4631 = ( GEOMETRIC_REPRESENTATION_CONTEXT(2) 
PARAMETRIC_REPRESENTATION_CONTEXT() REPRESENTATION_CONTEXT('2D SPACE',''
  ) );
#4632 = PCURVE('',#2670,#4633);
#4633 = DEFINITIONAL_REPRESENTATION('',(#4634),#4638);
#4634 = LINE('',#4635,#4636);
#4635 = CARTESIAN_POINT('',(30.,0.));
#4636 = VECTOR('',#4637,1.);
#4637 = DIRECTION('',(0.,1.));
#4638 = ( GEOMETRIC_REPRESENTATION_CONTEXT(2) 
PARAMETRIC_REPRESENTATION_CONTEXT() REPRESENTATION_CONTEXT('2D SPACE',''
  ) );
#4639 = ORIENTED_EDGE('',*,*,#2682,.T.);
#4640 = ADVANCED_FACE('',(#4641),#2642,.F.);
#4641 = FACE_BOUND('',#4642,.F.);
#4642 = EDGE_LOOP('',(#4643,#4666,#4692,#4693));
#4643 = ORIENTED_EDGE('',*,*,#4644,.T.);
#4644 = EDGE_CURVE('',#2622,#4645,#4647,.T.);
#4645 = VERTEX_POINT('',#4646);
#4646 = CARTESIAN_POINT('',(104.,70.,-32.));
#4647 = SURFACE_CURVE('',#4648,(#4652,#4659),.PCURVE_S1.);
#4648 = LINE('',#4649,#4650);
#4649 = CARTESIAN_POINT('',(104.,70.,-42.));
#4650 = VECTOR('',#4651,1.);
#4651 = DIRECTION('',(0.,0.,1.));
#4652 = PCURVE('',#2642,#4653);
#4653 = DEFINITIONAL_REPRESENTATION('',(#4654),#4658);
#4654 = LINE('',#4655,#4656);
#4655 = CARTESIAN_POINT('',(6.28318530718,0.));
#4656 = VECTOR('',#4657,1.);
#4657 = DIRECTION('',(0.,1.));
#4658 = ( GEOMETRIC_REPRESENTATION_CONTEXT(2) 
PARAMETRIC_REPRESENTATION_CONTEXT() REPRESENTATION_CONTEXT('2D SPACE',''
  ) );
#4659 = PCURVE('',#2670,#4660);
#4660 = DEFINITIONAL_REPRESENTATION('',(#4661),#4665);
#4661 = LINE('',#4662,#4663);
#4662 = CARTESIAN_POINT('',(0.,0.));
#4663 = VECTOR('',#4664,1.);
#4664 = DIRECTION('',(0.,1.));
#4665 = ( GEOMETRIC_REPRESENTATION_CONTEXT(2) 
PARAMETRIC_REPRESENTATION_CONTEXT() REPRESENTATION_CONTEXT('2D SPACE',''
  ) );
#4666 = ORIENTED_EDGE('',*,*,#4667,.F.);
#4667 = EDGE_CURVE('',#4539,#4645,#4668,.T.);
#4668 = SURFACE_CURVE('',#4669,(#4674,#4681),.PCURVE_S1.);
#4669 = CIRCLE('',#4670,9.);
#4670 = AXIS2_PLACEMENT_3D('',#4671,#4672,#4673);
#4671 = CARTESIAN_POINT('',(113.,70.,-32.));
#4672 = DIRECTION('',(0.,0.,1.));
#4673 = DIRECTION('',(-1.,0.,0.));
#4674 = PCURVE('',#2642,#4675);
#4675 = DEFINITIONAL_REPRESENTATION('',(#4676),#4680);
#4676 = LINE('',#4677,#4678);
#4677 = CARTESIAN_POINT('',(0.,10.));
#4678 = VECTOR('',#4679,1.);
#4679 = DIRECTION('',(1.,0.));
#4680 = ( GEOMETRIC_REPRESENTATION_CONTEXT(2) 
PARAMETRIC_REPRESENTATION_CONTEXT() REPRESENTATION_CONTEXT('2D SPACE',''
  ) );
#4681 = PCURVE('',#4554,#4682);
#4682 = DEFINITIONAL_REPRESENTATION('',(#4683),#4691);
#4683 = ( BOUNDED_CURVE() B_SPLINE_CURVE(2,(#4684,#4685,#4686,#4687,
#4688,#4689,#4690),.UNSPECIFIED.,.T.,.F.) B_SPLINE_CURVE_WITH_KNOTS((1,2
    ,2,2,2,1),(-2.094395102393,0.,2.094395102393,4.188790204786,
6.28318530718,8.377580409573),.UNSPECIFIED.) CURVE() 
GEOMETRIC_REPRESENTATION_ITEM() RATIONAL_B_SPLINE_CURVE((1.,0.5,1.,0.5,
1.,0.5,1.)) REPRESENTATION_ITEM('') );
#4684 = CARTESIAN_POINT('',(9.,15.));
#4685 = CARTESIAN_POINT('',(9.,-0.58845726812));
#4686 = CARTESIAN_POINT('',(-4.5,7.20577136594));
#4687 = CARTESIAN_POINT('',(-18.,15.));
#4688 = CARTESIAN_POINT('',(-4.5,22.79422863406));
#4689 = CARTESIAN_POINT('',(9.,30.58845726812));
#4690 = CARTESIAN_POINT('',(9.,15.));
#4691 = ( GEOMETRIC_REPRESENTATION_CONTEXT(2) 
PARAMETRIC_REPRESENTATION_CONTEXT() REPRESENTATION_CONTEXT('2D SPACE',''
  ) );
#4692 = ORIENTED_EDGE('',*,*,#4566,.F.);
#4693 = ORIENTED_EDGE('',*,*,#2621,.T.);
#4694 = ADVANCED_FACE('',(#4695),#2670,.F.);
#4695 = FACE_BOUND('',#4696,.T.);
#4696 = EDGE_LOOP('',(#4697,#4698,#4699,#4720));
#4697 = ORIENTED_EDGE('',*,*,#2654,.F.);
#4698 = ORIENTED_EDGE('',*,*,#4644,.T.);
#4699 = ORIENTED_EDGE('',*,*,#4700,.T.);
#4700 = EDGE_CURVE('',#4645,#4592,#4701,.T.);
#4701 = SURFACE_CURVE('',#4702,(#4706,#4713),.PCURVE_S1.);
#4702 = LINE('',#4703,#4704);
#4703 = CARTESIAN_POINT('',(104.,70.,-32.));
#4704 = VECTOR('',#4705,1.);
#4705 = DIRECTION('',(0.,-1.,0.));
#4706 = PCURVE('',#2670,#4707);
#4707 = DEFINITIONAL_REPRESENTATION('',(#4708),#4712);
#4708 = LINE('',#4709,#4710);
#4709 = CARTESIAN_POINT('',(0.,10.));
#4710 = VECTOR('',#4711,1.);
#4711 = DIRECTION('',(1.,0.));
#4712 = ( GEOMETRIC_REPRESENTATION_CONTEXT(2) 
PARAMETRIC_REPRESENTATION_CONTEXT() REPRESENTATION_CONTEXT('2D SPACE',''
  ) );
#4713 = PCURVE('',#4554,#4714);
#4714 = DEFINITIONAL_REPRESENTATION('',(#4715),#4719);
#4715 = LINE('',#4716,#4717);
#4716 = CARTESIAN_POINT('',(9.,15.));
#4717 = VECTOR('',#4718,1.);
#4718 = DIRECTION('',(0.,-1.));
#4719 = ( GEOMETRIC_REPRESENTATION_CONTEXT(2) 
PARAMETRIC_REPRESENTATION_CONTEXT() REPRESENTATION_CONTEXT('2D SPACE',''
  ) );
#4720 = ORIENTED_EDGE('',*,*,#4619,.F.);
#4721 = ADVANCED_FACE('',(#4722),#2732,.F.);
#4722 = FACE_BOUND('',#4723,.F.);
#4723 = EDGE_LOOP('',(#4724,#4747,#4768,#4789));
#4724 = ORIENTED_EDGE('',*,*,#4725,.T.);
#4725 = EDGE_CURVE('',#2716,#4726,#4728,.T.);
#4726 = VERTEX_POINT('',#4727);
#4727 = CARTESIAN_POINT('',(59.8,122.9,-30.));
#4728 = SURFACE_CURVE('',#4729,(#4733,#4740),.PCURVE_S1.);
#4729 = LINE('',#4730,#4731);
#4730 = CARTESIAN_POINT('',(59.8,122.9,-130.00000005));
#4731 = VECTOR('',#4732,1.);
#4732 = DIRECTION('',(0.,0.,1.));
#4733 = PCURVE('',#2732,#4734);
#4734 = DEFINITIONAL_REPRESENTATION('',(#4735),#4739);
#4735 = LINE('',#4736,#4737);
#4736 = CARTESIAN_POINT('',(0.,100.0000001));
#4737 = VECTOR('',#4738,1.);
#4738 = DIRECTION('',(0.,-1.));
#4739 = ( GEOMETRIC_REPRESENTATION_CONTEXT(2) 
PARAMETRIC_REPRESENTATION_CONTEXT() REPRESENTATION_CONTEXT('2D SPACE',''
  ) );
#4740 = PCURVE('',#2760,#4741);
#4741 = DEFINITIONAL_REPRESENTATION('',(#4742),#4746);
#4742 = LINE('',#4743,#4744);
#4743 = CARTESIAN_POINT('',(3.14159265359,100.0000001));
#4744 = VECTOR('',#4745,1.);
#4745 = DIRECTION('',(0.,-1.));
#4746 = ( GEOMETRIC_REPRESENTATION_CONTEXT(2) 
PARAMETRIC_REPRESENTATION_CONTEXT() REPRESENTATION_CONTEXT('2D SPACE',''
  ) );
#4747 = ORIENTED_EDGE('',*,*,#4748,.T.);
#4748 = EDGE_CURVE('',#4726,#4749,#4751,.T.);
#4749 = VERTEX_POINT('',#4750);
#4750 = CARTESIAN_POINT('',(75.8,122.9,-30.));
#4751 = SURFACE_CURVE('',#4752,(#4756,#4762),.PCURVE_S1.);
#4752 = LINE('',#4753,#4754);
#4753 = CARTESIAN_POINT('',(53.15,122.9,-30.));
#4754 = VECTOR('',#4755,1.);
#4755 = DIRECTION('',(1.,-0.,0.));
#4756 = PCURVE('',#2732,#4757);
#4757 = DEFINITIONAL_REPRESENTATION('',(#4758),#4761);
#4758 = B_SPLINE_CURVE_WITH_KNOTS('',1,(#4759,#4760),.UNSPECIFIED.,.F.,
  .F.,(2,2),(6.65,22.65),.PIECEWISE_BEZIER_KNOTS.);
#4759 = CARTESIAN_POINT('',(0.,5.000015335099E-08));
#4760 = CARTESIAN_POINT('',(16.,5.000015335099E-08));
#4761 = ( GEOMETRIC_REPRESENTATION_CONTEXT(2) 
PARAMETRIC_REPRESENTATION_CONTEXT() REPRESENTATION_CONTEXT('2D SPACE',''
  ) );
#4762 = PCURVE('',#3569,#4763);
#4763 = DEFINITIONAL_REPRESENTATION('',(#4764),#4767);
#4764 = B_SPLINE_CURVE_WITH_KNOTS('',1,(#4765,#4766),.UNSPECIFIED.,.F.,
  .F.,(2,2),(6.65,22.65),.PIECEWISE_BEZIER_KNOTS.);
#4765 = CARTESIAN_POINT('',(13.3,30.1));
#4766 = CARTESIAN_POINT('',(29.3,30.1));
#4767 = ( GEOMETRIC_REPRESENTATION_CONTEXT(2) 
PARAMETRIC_REPRESENTATION_CONTEXT() REPRESENTATION_CONTEXT('2D SPACE',''
  ) );
#4768 = ORIENTED_EDGE('',*,*,#4769,.T.);
#4769 = EDGE_CURVE('',#4749,#2718,#4770,.T.);
#4770 = SURFACE_CURVE('',#4771,(#4775,#4782),.PCURVE_S1.);
#4771 = LINE('',#4772,#4773);
#4772 = CARTESIAN_POINT('',(75.8,122.9,70.00000015));
#4773 = VECTOR('',#4774,1.);
#4774 = DIRECTION('',(0.,0.,-1.));
#4775 = PCURVE('',#2732,#4776);
#4776 = DEFINITIONAL_REPRESENTATION('',(#4777),#4781);
#4777 = LINE('',#4778,#4779);
#4778 = CARTESIAN_POINT('',(16.,-100.0000001));
#4779 = VECTOR('',#4780,1.);
#4780 = DIRECTION('',(0.,1.));
#4781 = ( GEOMETRIC_REPRESENTATION_CONTEXT(2) 
PARAMETRIC_REPRESENTATION_CONTEXT() REPRESENTATION_CONTEXT('2D SPACE',''
  ) );
#4782 = PCURVE('',#2813,#4783);
#4783 = DEFINITIONAL_REPRESENTATION('',(#4784),#4788);
#4784 = LINE('',#4785,#4786);
#4785 = CARTESIAN_POINT('',(0.,-100.0000001));
#4786 = VECTOR('',#4787,1.);
#4787 = DIRECTION('',(-0.,1.));
#4788 = ( GEOMETRIC_REPRESENTATION_CONTEXT(2) 
PARAMETRIC_REPRESENTATION_CONTEXT() REPRESENTATION_CONTEXT('2D SPACE',''
  ) );
#4789 = ORIENTED_EDGE('',*,*,#2715,.F.);
#4790 = ADVANCED_FACE('',(#4791),#2813,.F.);
#4791 = FACE_BOUND('',#4792,.F.);
#4792 = EDGE_LOOP('',(#4793,#4794,#4818,#4839));
#4793 = ORIENTED_EDGE('',*,*,#4769,.F.);
#4794 = ORIENTED_EDGE('',*,*,#4795,.T.);
#4795 = EDGE_CURVE('',#4749,#4796,#4798,.T.);
#4796 = VERTEX_POINT('',#4797);
#4797 = CARTESIAN_POINT('',(75.8,112.9,-30.));
#4798 = SURFACE_CURVE('',#4799,(#4804,#4811),.PCURVE_S1.);
#4799 = CIRCLE('',#4800,5.);
#4800 = AXIS2_PLACEMENT_3D('',#4801,#4802,#4803);
#4801 = CARTESIAN_POINT('',(75.8,117.9,-30.));
#4802 = DIRECTION('',(0.,0.,-1.));
#4803 = DIRECTION('',(0.,1.,0.));
#4804 = PCURVE('',#2813,#4805);
#4805 = DEFINITIONAL_REPRESENTATION('',(#4806),#4810);
#4806 = LINE('',#4807,#4808);
#4807 = CARTESIAN_POINT('',(0.,5.000015335099E-08));
#4808 = VECTOR('',#4809,1.);
#4809 = DIRECTION('',(1.,0.));
#4810 = ( GEOMETRIC_REPRESENTATION_CONTEXT(2) 
PARAMETRIC_REPRESENTATION_CONTEXT() REPRESENTATION_CONTEXT('2D SPACE',''
  ) );
#4811 = PCURVE('',#3569,#4812);
#4812 = DEFINITIONAL_REPRESENTATION('',(#4813),#4817);
#4813 = CIRCLE('',#4814,5.);
#4814 = AXIS2_PLACEMENT_2D('',#4815,#4816);
#4815 = CARTESIAN_POINT('',(29.3,35.1));
#4816 = DIRECTION('',(0.,-1.));
#4817 = ( GEOMETRIC_REPRESENTATION_CONTEXT(2) 
PARAMETRIC_REPRESENTATION_CONTEXT() REPRESENTATION_CONTEXT('2D SPACE',''
  ) );
#4818 = ORIENTED_EDGE('',*,*,#4819,.T.);
#4819 = EDGE_CURVE('',#4796,#2773,#4820,.T.);
#4820 = SURFACE_CURVE('',#4821,(#4825,#4832),.PCURVE_S1.);
#4821 = LINE('',#4822,#4823);
#4822 = CARTESIAN_POINT('',(75.8,112.9,70.00000015));
#4823 = VECTOR('',#4824,1.);
#4824 = DIRECTION('',(0.,0.,-1.));
#4825 = PCURVE('',#2813,#4826);
#4826 = DEFINITIONAL_REPRESENTATION('',(#4827),#4831);
#4827 = LINE('',#4828,#4829);
#4828 = CARTESIAN_POINT('',(3.14159265359,-100.0000001));
#4829 = VECTOR('',#4830,1.);
#4830 = DIRECTION('',(-0.,1.));
#4831 = ( GEOMETRIC_REPRESENTATION_CONTEXT(2) 
PARAMETRIC_REPRESENTATION_CONTEXT() REPRESENTATION_CONTEXT('2D SPACE',''
  ) );
#4832 = PCURVE('',#2787,#4833);
#4833 = DEFINITIONAL_REPRESENTATION('',(#4834),#4838);
#4834 = LINE('',#4835,#4836);
#4835 = CARTESIAN_POINT('',(0.,-100.0000001));
#4836 = VECTOR('',#4837,1.);
#4837 = DIRECTION('',(0.,1.));
#4838 = ( GEOMETRIC_REPRESENTATION_CONTEXT(2) 
PARAMETRIC_REPRESENTATION_CONTEXT() REPRESENTATION_CONTEXT('2D SPACE',''
  ) );
#4839 = ORIENTED_EDGE('',*,*,#2798,.F.);
#4840 = ADVANCED_FACE('',(#4841),#2787,.F.);
#4841 = FACE_BOUND('',#4842,.F.);
#4842 = EDGE_LOOP('',(#4843,#4844,#4865,#4886));
#4843 = ORIENTED_EDGE('',*,*,#4819,.F.);
#4844 = ORIENTED_EDGE('',*,*,#4845,.T.);
#4845 = EDGE_CURVE('',#4796,#4846,#4848,.T.);
#4846 = VERTEX_POINT('',#4847);
#4847 = CARTESIAN_POINT('',(59.8,112.9,-30.));
#4848 = SURFACE_CURVE('',#4849,(#4853,#4859),.PCURVE_S1.);
#4849 = LINE('',#4850,#4851);
#4850 = CARTESIAN_POINT('',(61.15,112.9,-30.));
#4851 = VECTOR('',#4852,1.);
#4852 = DIRECTION('',(-1.,-0.,-0.));
#4853 = PCURVE('',#2787,#4854);
#4854 = DEFINITIONAL_REPRESENTATION('',(#4855),#4858);
#4855 = B_SPLINE_CURVE_WITH_KNOTS('',1,(#4856,#4857),.UNSPECIFIED.,.F.,
  .F.,(2,2),(-14.65,1.35),.PIECEWISE_BEZIER_KNOTS.);
#4856 = CARTESIAN_POINT('',(0.,5.000015335099E-08));
#4857 = CARTESIAN_POINT('',(16.,5.000015335099E-08));
#4858 = ( GEOMETRIC_REPRESENTATION_CONTEXT(2) 
PARAMETRIC_REPRESENTATION_CONTEXT() REPRESENTATION_CONTEXT('2D SPACE',''
  ) );
#4859 = PCURVE('',#3569,#4860);
#4860 = DEFINITIONAL_REPRESENTATION('',(#4861),#4864);
#4861 = B_SPLINE_CURVE_WITH_KNOTS('',1,(#4862,#4863),.UNSPECIFIED.,.F.,
  .F.,(2,2),(-14.65,1.35),.PIECEWISE_BEZIER_KNOTS.);
#4862 = CARTESIAN_POINT('',(29.3,40.1));
#4863 = CARTESIAN_POINT('',(13.3,40.1));
#4864 = ( GEOMETRIC_REPRESENTATION_CONTEXT(2) 
PARAMETRIC_REPRESENTATION_CONTEXT() REPRESENTATION_CONTEXT('2D SPACE',''
  ) );
#4865 = ORIENTED_EDGE('',*,*,#4866,.F.);
#4866 = EDGE_CURVE('',#2744,#4846,#4867,.T.);
#4867 = SURFACE_CURVE('',#4868,(#4872,#4879),.PCURVE_S1.);
#4868 = LINE('',#4869,#4870);
#4869 = CARTESIAN_POINT('',(59.8,112.9,-130.00000005));
#4870 = VECTOR('',#4871,1.);
#4871 = DIRECTION('',(0.,0.,1.));
#4872 = PCURVE('',#2787,#4873);
#4873 = DEFINITIONAL_REPRESENTATION('',(#4874),#4878);
#4874 = LINE('',#4875,#4876);
#4875 = CARTESIAN_POINT('',(16.,100.0000001));
#4876 = VECTOR('',#4877,1.);
#4877 = DIRECTION('',(0.,-1.));
#4878 = ( GEOMETRIC_REPRESENTATION_CONTEXT(2) 
PARAMETRIC_REPRESENTATION_CONTEXT() REPRESENTATION_CONTEXT('2D SPACE',''
  ) );
#4879 = PCURVE('',#2760,#4880);
#4880 = DEFINITIONAL_REPRESENTATION('',(#4881),#4885);
#4881 = LINE('',#4882,#4883);
#4882 = CARTESIAN_POINT('',(0.,100.0000001));
#4883 = VECTOR('',#4884,1.);
#4884 = DIRECTION('',(0.,-1.));
#4885 = ( GEOMETRIC_REPRESENTATION_CONTEXT(2) 
PARAMETRIC_REPRESENTATION_CONTEXT() REPRESENTATION_CONTEXT('2D SPACE',''
  ) );
#4886 = ORIENTED_EDGE('',*,*,#2772,.F.);
#4887 = ADVANCED_FACE('',(#4888),#2760,.F.);
#4888 = FACE_BOUND('',#4889,.F.);
#4889 = EDGE_LOOP('',(#4890,#4891,#4913,#4914));
#4890 = ORIENTED_EDGE('',*,*,#4866,.T.);
#4891 = ORIENTED_EDGE('',*,*,#4892,.T.);
#4892 = EDGE_CURVE('',#4846,#4726,#4893,.T.);
#4893 = SURFACE_CURVE('',#4894,(#4899,#4906),.PCURVE_S1.);
#4894 = CIRCLE('',#4895,5.);
#4895 = AXIS2_PLACEMENT_3D('',#4896,#4897,#4898);
#4896 = CARTESIAN_POINT('',(59.8,117.9,-30.));
#4897 = DIRECTION('',(0.,-0.,-1.));
#4898 = DIRECTION('',(0.,-1.,0.));
#4899 = PCURVE('',#2760,#4900);
#4900 = DEFINITIONAL_REPRESENTATION('',(#4901),#4905);
#4901 = LINE('',#4902,#4903);
#4902 = CARTESIAN_POINT('',(0.,5.000015335099E-08));
#4903 = VECTOR('',#4904,1.);
#4904 = DIRECTION('',(1.,0.));
#4905 = ( GEOMETRIC_REPRESENTATION_CONTEXT(2) 
PARAMETRIC_REPRESENTATION_CONTEXT() REPRESENTATION_CONTEXT('2D SPACE',''
  ) );
#4906 = PCURVE('',#3569,#4907);
#4907 = DEFINITIONAL_REPRESENTATION('',(#4908),#4912);
#4908 = CIRCLE('',#4909,5.);
#4909 = AXIS2_PLACEMENT_2D('',#4910,#4911);
#4910 = CARTESIAN_POINT('',(13.3,35.1));
#4911 = DIRECTION('',(0.,1.));
#4912 = ( GEOMETRIC_REPRESENTATION_CONTEXT(2) 
PARAMETRIC_REPRESENTATION_CONTEXT() REPRESENTATION_CONTEXT('2D SPACE',''
  ) );
#4913 = ORIENTED_EDGE('',*,*,#4725,.F.);
#4914 = ORIENTED_EDGE('',*,*,#2743,.F.);
#4915 = ADVANCED_FACE('',(#4916),#2870,.T.);
#4916 = FACE_BOUND('',#4917,.T.);
#4917 = EDGE_LOOP('',(#4918,#4999,#5025,#5026,#5077,#5129));
#4918 = ORIENTED_EDGE('',*,*,#4919,.T.);
#4919 = EDGE_CURVE('',#4920,#4922,#4924,.T.);
#4920 = VERTEX_POINT('',#4921);
#4921 = CARTESIAN_POINT('',(70.212,162.22,-6.620916920586));
#4922 = VERTEX_POINT('',#4923);
#4923 = CARTESIAN_POINT('',(62.387498267418,162.22,-7.226513733107));
#4924 = SURFACE_CURVE('',#4925,(#4946,#4970),.PCURVE_S1.);
#4925 = B_SPLINE_CURVE_WITH_KNOTS('',7,(#4926,#4927,#4928,#4929,#4930,
    #4931,#4932,#4933,#4934,#4935,#4936,#4937,#4938,#4939,#4940,#4941,
    #4942,#4943,#4944,#4945),.UNSPECIFIED.,.F.,.F.,(8,6,6,8),(0.,
    0.247621246519,0.628336493283,1.),.UNSPECIFIED.);
#4926 = CARTESIAN_POINT('',(70.212,162.22,-6.620916920586));
#4927 = CARTESIAN_POINT('',(69.934517519568,162.22,-6.580708707576));
#4928 = CARTESIAN_POINT('',(69.655916597037,162.22,-6.546218189586));
#4929 = CARTESIAN_POINT('',(69.376451399733,162.22,-6.517043462782));
#4930 = CARTESIAN_POINT('',(69.096333178274,162.22,-6.492843829383));
#4931 = CARTESIAN_POINT('',(68.81573418005,162.22,-6.473323602731));
#4932 = CARTESIAN_POINT('',(68.534791562715,162.22,-6.458215912364));
#4933 = CARTESIAN_POINT('',(67.821299413225,162.22,-6.430431908546));
#4934 = CARTESIAN_POINT('',(67.388465352472,162.22,-6.423438825706));
#4935 = CARTESIAN_POINT('',(66.955420508035,162.22,-6.426759660554));
#4936 = CARTESIAN_POINT('',(66.522576228468,162.22,-6.440882576044));
#4937 = CARTESIAN_POINT('',(66.090442921372,162.22,-6.466392719996));
#4938 = CARTESIAN_POINT('',(65.659645789223,162.22,-6.504055014842));
#4939 = CARTESIAN_POINT('',(64.812460962308,162.22,-6.604533180028));
#4940 = CARTESIAN_POINT('',(64.396068940669,162.22,-6.66671862401));
#4941 = CARTESIAN_POINT('',(63.982413238525,162.22,-6.742413188505));
#4942 = CARTESIAN_POINT('',(63.572472754725,162.22,-6.832805048824));
#4943 = CARTESIAN_POINT('',(63.167595444484,162.22,-6.939331146761));
#4944 = CARTESIAN_POINT('',(62.769542892005,162.22,-7.063669530399));
#4945 = CARTESIAN_POINT('',(62.380402044592,162.22,-7.207395944448));
#4946 = PCURVE('',#2870,#4947);
#4947 = DEFINITIONAL_REPRESENTATION('',(#4948),#4969);
#4948 = B_SPLINE_CURVE_WITH_KNOTS('',7,(#4949,#4950,#4951,#4952,#4953,
    #4954,#4955,#4956,#4957,#4958,#4959,#4960,#4961,#4962,#4963,#4964,
    #4965,#4966,#4967,#4968),.UNSPECIFIED.,.F.,.F.,(8,6,6,8),(0.,
    0.247621246519,0.628336493283,1.),.UNSPECIFIED.);
#4949 = CARTESIAN_POINT('',(0.185043513512,-1.617479644075));
#4950 = CARTESIAN_POINT('',(0.184061499338,-1.449109268012));
#4951 = CARTESIAN_POINT('',(0.183359338457,-1.281226494443));
#4952 = CARTESIAN_POINT('',(0.182865082015,-1.113729733354));
#4953 = CARTESIAN_POINT('',(0.1825139849,-0.946535211905));
#4954 = CARTESIAN_POINT('',(0.182246348593,-0.779572698035));
#4955 = CARTESIAN_POINT('',(0.182005364026,-0.612781224084));
#4956 = CARTESIAN_POINT('',(0.181319202316,-0.189841453137));
#4957 = CARTESIAN_POINT('',(0.180836330555,6.612528491258E-02));
#4958 = CARTESIAN_POINT('',(0.180413160042,0.321983092359));
#4959 = CARTESIAN_POINT('',(0.180171270511,0.57794220038));
#4960 = CARTESIAN_POINT('',(0.18023905283,0.83423065004));
#4961 = CARTESIAN_POINT('',(0.180763159429,1.091116291922));
#4962 = CARTESIAN_POINT('',(0.183048057051,1.600664457381));
#4963 = CARTESIAN_POINT('',(0.184778877059,1.853225390622));
#4964 = CARTESIAN_POINT('',(0.187275141841,2.107019923735));
#4965 = CARTESIAN_POINT('',(0.190725914704,2.362388414196));
#4966 = CARTESIAN_POINT('',(0.195353299052,2.619660371641));
#4967 = CARTESIAN_POINT('',(0.201408638998,2.879238537964));
#4968 = CARTESIAN_POINT('',(0.209112356586,3.14159265359));
#4969 = ( GEOMETRIC_REPRESENTATION_CONTEXT(2) 
PARAMETRIC_REPRESENTATION_CONTEXT() REPRESENTATION_CONTEXT('2D SPACE',''
  ) );
#4970 = PCURVE('',#4971,#4976);
#4971 = PLANE('',#4972);
#4972 = AXIS2_PLACEMENT_3D('',#4973,#4974,#4975);
#4973 = CARTESIAN_POINT('',(48.612,162.22,-72.00000002));
#4974 = DIRECTION('',(0.,1.,0.));
#4975 = DIRECTION('',(0.,-0.,1.));
#4976 = DEFINITIONAL_REPRESENTATION('',(#4977),#4998);
#4977 = B_SPLINE_CURVE_WITH_KNOTS('',7,(#4978,#4979,#4980,#4981,#4982,
    #4983,#4984,#4985,#4986,#4987,#4988,#4989,#4990,#4991,#4992,#4993,
    #4994,#4995,#4996,#4997),.UNSPECIFIED.,.F.,.F.,(8,6,6,8),(0.,
    0.247621246519,0.628336493283,1.),.UNSPECIFIED.);
#4978 = CARTESIAN_POINT('',(65.379083099414,21.6));
#4979 = CARTESIAN_POINT('',(65.419291312424,21.322517519568));
#4980 = CARTESIAN_POINT('',(65.453781830414,21.043916597037));
#4981 = CARTESIAN_POINT('',(65.482956557218,20.764451399733));
#4982 = CARTESIAN_POINT('',(65.507156190617,20.484333178274));
#4983 = CARTESIAN_POINT('',(65.526676417269,20.20373418005));
#4984 = CARTESIAN_POINT('',(65.541784107636,19.922791562715));
#4985 = CARTESIAN_POINT('',(65.569568111454,19.209299413225));
#4986 = CARTESIAN_POINT('',(65.576561194294,18.776465352472));
#4987 = CARTESIAN_POINT('',(65.573240359446,18.343420508035));
#4988 = CARTESIAN_POINT('',(65.559117443956,17.910576228468));
#4989 = CARTESIAN_POINT('',(65.533607300004,17.478442921372));
#4990 = CARTESIAN_POINT('',(65.495945005158,17.047645789223));
#4991 = CARTESIAN_POINT('',(65.395466839972,16.200460962308));
#4992 = CARTESIAN_POINT('',(65.33328139599,15.784068940669));
#4993 = CARTESIAN_POINT('',(65.257586831495,15.370413238525));
#4994 = CARTESIAN_POINT('',(65.167194971176,14.960472754725));
#4995 = CARTESIAN_POINT('',(65.060668873239,14.555595444484));
#4996 = CARTESIAN_POINT('',(64.936330489601,14.157542892005));
#4997 = CARTESIAN_POINT('',(64.792604075552,13.768402044592));
#4998 = ( GEOMETRIC_REPRESENTATION_CONTEXT(2) 
PARAMETRIC_REPRESENTATION_CONTEXT() REPRESENTATION_CONTEXT('2D SPACE',''
  ) );
#4999 = ORIENTED_EDGE('',*,*,#5000,.T.);
#5000 = EDGE_CURVE('',#4922,#2829,#5001,.T.);
#5001 = SURFACE_CURVE('',#5002,(#5007,#5013),.PCURVE_S1.);
#5002 = CIRCLE('',#5003,4.);
#5003 = AXIS2_PLACEMENT_3D('',#5004,#5005,#5006);
#5004 = CARTESIAN_POINT('',(61.93223563717,166.,-6.));
#5005 = DIRECTION('',(-0.9375,-4.066751026855E-15,-0.347985272677));
#5006 = DIRECTION('',(0.347985272677,-3.944304526105E-31,-0.9375));
#5007 = PCURVE('',#2870,#5008);
#5008 = DEFINITIONAL_REPRESENTATION('',(#5009),#5012);
#5009 = B_SPLINE_CURVE_WITH_KNOTS('',1,(#5010,#5011),.UNSPECIFIED.,.F.,
  .F.,(2,2),(1.237594602774,1.570796326795),.PIECEWISE_BEZIER_KNOTS.);
#5010 = CARTESIAN_POINT('',(0.212175956286,3.14159044173));
#5011 = CARTESIAN_POINT('',(-4.244231393842E-16,3.14159265359));
#5012 = ( GEOMETRIC_REPRESENTATION_CONTEXT(2) 
PARAMETRIC_REPRESENTATION_CONTEXT() REPRESENTATION_CONTEXT('2D SPACE',''
  ) );
#5013 = PCURVE('',#5014,#5019);
#5014 = TOROIDAL_SURFACE('',#5015,16.,4.);
#5015 = AXIS2_PLACEMENT_3D('',#5016,#5017,#5018);
#5016 = CARTESIAN_POINT('',(67.5,166.,-21.));
#5017 = DIRECTION('',(0.,-1.,0.));
#5018 = DIRECTION('',(0.,0.,-1.));
#5019 = DEFINITIONAL_REPRESENTATION('',(#5020),#5024);
#5020 = LINE('',#5021,#5022);
#5021 = CARTESIAN_POINT('',(3.49701385528,3.14159265359));
#5022 = VECTOR('',#5023,1.);
#5023 = DIRECTION('',(2.827159716856E-16,-1.));
#5024 = ( GEOMETRIC_REPRESENTATION_CONTEXT(2) 
PARAMETRIC_REPRESENTATION_CONTEXT() REPRESENTATION_CONTEXT('2D SPACE',''
  ) );
#5025 = ORIENTED_EDGE('',*,*,#2828,.T.);
#5026 = ORIENTED_EDGE('',*,*,#5027,.F.);
#5027 = EDGE_CURVE('',#5028,#2831,#5030,.T.);
#5028 = VERTEX_POINT('',#5029);
#5029 = CARTESIAN_POINT('',(71.675823272122,166.,-9.75));
#5030 = SURFACE_CURVE('',#5031,(#5036,#5065),.PCURVE_S1.);
#5031 = CIRCLE('',#5032,4.);
#5032 = AXIS2_PLACEMENT_3D('',#5033,#5034,#5035);
#5033 = CARTESIAN_POINT('',(73.06776436283,166.,-6.));
#5034 = DIRECTION('',(-0.9375,1.931706309782E-16,0.347985272677));
#5035 = DIRECTION('',(-0.347985272677,0.,-0.9375));
#5036 = PCURVE('',#2870,#5037);
#5037 = DEFINITIONAL_REPRESENTATION('',(#5038),#5064);
#5038 = B_SPLINE_CURVE_WITH_KNOTS('',3,(#5039,#5040,#5041,#5042,#5043,
    #5044,#5045,#5046,#5047,#5048,#5049,#5050,#5051,#5052,#5053,#5054,
    #5055,#5056,#5057,#5058,#5059,#5060,#5061,#5062,#5063),
  .UNSPECIFIED.,.F.,.F.,(4,1,1,1,1,1,1,1,1,1,1,1,1,1,1,1,1,1,1,1,1,1,4),
  (0.,7.139983303613E-02,0.142799666072,0.214199499108,0.285599332145,
    0.356999165181,0.428398998217,0.499798831253,0.571198664289,
    0.642598497325,0.713998330361,0.785398163397,0.856797996434,
    0.92819782947,0.999597662506,1.070997495542,1.142397328578,
    1.213797161614,1.28519699465,1.356596827687,1.427996660723,
    1.499396493759,1.570796326795),.UNSPECIFIED.);
#5039 = CARTESIAN_POINT('',(1.,-3.14159265359));
#5040 = CARTESIAN_POINT('',(0.984847047025,-3.141592647212));
#5041 = CARTESIAN_POINT('',(0.954551893165,-3.141592668581));
#5042 = CARTESIAN_POINT('',(0.909139227105,-3.141592726812));
#5043 = CARTESIAN_POINT('',(0.863759842391,-3.141592711475));
#5044 = CARTESIAN_POINT('',(0.818398027104,-3.141592605235));
#5045 = CARTESIAN_POINT('',(0.773032623138,-3.141592508711));
#5046 = CARTESIAN_POINT('',(0.727639850835,-3.141592521017));
#5047 = CARTESIAN_POINT('',(0.682198818764,-3.14159262401));
#5048 = CARTESIAN_POINT('',(0.63669643568,-3.141592684053));
#5049 = CARTESIAN_POINT('',(0.591133462669,-3.141592562172));
#5050 = CARTESIAN_POINT('',(0.545529604903,-3.141592633476));
#5051 = CARTESIAN_POINT('',(0.499936478565,-3.141593396595));
#5052 = CARTESIAN_POINT('',(0.454389573182,-3.141594184957));
#5053 = CARTESIAN_POINT('',(0.408900377637,-3.141594373153));
#5054 = CARTESIAN_POINT('',(0.363465102436,-3.14159372201));
#5055 = CARTESIAN_POINT('',(0.318069084181,-3.141592478319));
#5056 = CARTESIAN_POINT('',(0.272691709921,-3.141591186785));
#5057 = CARTESIAN_POINT('',(0.227310629068,-3.141590398379));
#5058 = CARTESIAN_POINT('',(0.181905965721,-3.141590404184));
#5059 = CARTESIAN_POINT('',(0.136464348166,-3.141591092859));
#5060 = CARTESIAN_POINT('',(9.098442651467E-02,-3.141592024817));
#5061 = CARTESIAN_POINT('',(4.547871009832E-02,-3.141592601367));
#5062 = CARTESIAN_POINT('',(1.515366795495E-02,-3.141592706704));
#5063 = CARTESIAN_POINT('',(0.,-3.14159265359));
#5064 = ( GEOMETRIC_REPRESENTATION_CONTEXT(2) 
PARAMETRIC_REPRESENTATION_CONTEXT() REPRESENTATION_CONTEXT('2D SPACE',''
  ) );
#5065 = PCURVE('',#5066,#5071);
#5066 = TOROIDAL_SURFACE('',#5067,16.,4.);
#5067 = AXIS2_PLACEMENT_3D('',#5068,#5069,#5070);
#5068 = CARTESIAN_POINT('',(67.5,166.,-21.));
#5069 = DIRECTION('',(0.,-1.,0.));
#5070 = DIRECTION('',(0.,0.,-1.));
#5071 = DEFINITIONAL_REPRESENTATION('',(#5072),#5076);
#5072 = LINE('',#5073,#5074);
#5073 = CARTESIAN_POINT('',(2.7861714519,3.14159265359));
#5074 = VECTOR('',#5075,1.);
#5075 = DIRECTION('',(-2.827159716856E-16,-1.));
#5076 = ( GEOMETRIC_REPRESENTATION_CONTEXT(2) 
PARAMETRIC_REPRESENTATION_CONTEXT() REPRESENTATION_CONTEXT('2D SPACE',''
  ) );
#5077 = ORIENTED_EDGE('',*,*,#5078,.T.);
#5078 = EDGE_CURVE('',#5028,#5079,#5081,.T.);
#5079 = VERTEX_POINT('',#5080);
#5080 = CARTESIAN_POINT('',(70.212,165.98317873173,-9.31057837201));
#5081 = SURFACE_CURVE('',#5082,(#5088,#5095),.PCURVE_S1.);
#5082 = B_SPLINE_CURVE_WITH_KNOTS('',3,(#5083,#5084,#5085,#5086,#5087),
  .UNSPECIFIED.,.F.,.F.,(4,1,4),(-3.14159265359,-0.448798950513,
    3.14159265359),.QUASI_UNIFORM_KNOTS.);
#5083 = CARTESIAN_POINT('',(71.675823272122,166.,-9.75));
#5084 = CARTESIAN_POINT('',(70.53336919284,166.,-9.325938992747));
#5085 = CARTESIAN_POINT('',(67.71580658188,165.89910922078,
    -8.744634099275));
#5086 = CARTESIAN_POINT('',(64.847448833588,166.,-9.184585323662));
#5087 = CARTESIAN_POINT('',(63.324176727878,166.,-9.75));
#5088 = PCURVE('',#2870,#5089);
#5089 = DEFINITIONAL_REPRESENTATION('',(#5090),#5094);
#5090 = LINE('',#5091,#5092);
#5091 = CARTESIAN_POINT('',(1.,5.329070518201E-15));
#5092 = VECTOR('',#5093,1.);
#5093 = DIRECTION('',(6.537806845231E-16,1.));
#5094 = ( GEOMETRIC_REPRESENTATION_CONTEXT(2) 
PARAMETRIC_REPRESENTATION_CONTEXT() REPRESENTATION_CONTEXT('2D SPACE',''
  ) );
#5095 = PCURVE('',#5096,#5101);
#5096 = CYLINDRICAL_SURFACE('',#5097,12.);
#5097 = AXIS2_PLACEMENT_3D('',#5098,#5099,#5100);
#5098 = CARTESIAN_POINT('',(67.5,162.,-21.));
#5099 = DIRECTION('',(0.,1.,0.));
#5100 = DIRECTION('',(-1.,0.,0.));
#5101 = DEFINITIONAL_REPRESENTATION('',(#5102),#5128);
#5102 = B_SPLINE_CURVE_WITH_KNOTS('',3,(#5103,#5104,#5105,#5106,#5107,
    #5108,#5109,#5110,#5111,#5112,#5113,#5114,#5115,#5116,#5117,#5118,
    #5119,#5120,#5121,#5122,#5123,#5124,#5125,#5126,#5127),
  .UNSPECIFIED.,.F.,.F.,(4,1,1,1,1,1,1,1,1,1,1,1,1,1,1,1,1,1,1,1,1,1,4),
  (-3.14159265359,-2.855993321445,-2.570393989301,-2.284794657156,
    -1.999195325012,-1.713595992867,-1.427996660723,-1.142397328578,
    -0.856797996434,-0.571198664289,-0.285599332145,0.,0.285599332145,
    0.571198664289,0.856797996434,1.142397328578,1.427996660723,
    1.713595992867,1.999195325012,2.284794657156,2.570393989301,
    2.855993321445,3.14159265359),.UNSPECIFIED.);
#5103 = CARTESIAN_POINT('',(1.926217528485,4.));
#5104 = CARTESIAN_POINT('',(1.915446952328,4.));
#5105 = CARTESIAN_POINT('',(1.893905415994,3.999027223514));
#5106 = CARTESIAN_POINT('',(1.861592206468,3.995224554974));
#5107 = CARTESIAN_POINT('',(1.829278208698,3.989653194662));
#5108 = CARTESIAN_POINT('',(1.796963995347,3.982888002252));
#5109 = CARTESIAN_POINT('',(1.764650254523,3.975503660478));
#5110 = CARTESIAN_POINT('',(1.73233769663,3.968075512211));
#5111 = CARTESIAN_POINT('',(1.700026893607,3.961176436708));
#5112 = CARTESIAN_POINT('',(1.667718140996,3.955388507541));
#5113 = CARTESIAN_POINT('',(1.635411300676,3.951259484637));
#5114 = CARTESIAN_POINT('',(1.603105707041,3.949465188192));
#5115 = CARTESIAN_POINT('',(1.570799788399,3.950026642591));
#5116 = CARTESIAN_POINT('',(1.538492400541,3.952485159059));
#5117 = CARTESIAN_POINT('',(1.506183111435,3.956490594185));
#5118 = CARTESIAN_POINT('',(1.473871968068,3.961663719913));
#5119 = CARTESIAN_POINT('',(1.441559382948,3.967633101397));
#5120 = CARTESIAN_POINT('',(1.409245985754,3.974025215606));
#5121 = CARTESIAN_POINT('',(1.376932483171,3.980467099035));
#5122 = CARTESIAN_POINT('',(1.34461951369,3.986585638255));
#5123 = CARTESIAN_POINT('',(1.31230751184,3.99200776001));
#5124 = CARTESIAN_POINT('',(1.279996541904,3.996360380278));
#5125 = CARTESIAN_POINT('',(1.247686251076,3.999270417925));
#5126 = CARTESIAN_POINT('',(1.226145674785,4.));
#5127 = CARTESIAN_POINT('',(1.215375125105,4.));
#5128 = ( GEOMETRIC_REPRESENTATION_CONTEXT(2) 
PARAMETRIC_REPRESENTATION_CONTEXT() REPRESENTATION_CONTEXT('2D SPACE',''
  ) );
#5129 = ORIENTED_EDGE('',*,*,#5130,.T.);
#5130 = EDGE_CURVE('',#5079,#4920,#5131,.T.);
#5131 = SURFACE_CURVE('',#5132,(#5159,#5189),.PCURVE_S1.);
#5132 = B_SPLINE_CURVE_WITH_KNOTS('',5,(#5133,#5134,#5135,#5136,#5137,
    #5138,#5139,#5140,#5141,#5142,#5143,#5144,#5145,#5146,#5147,#5148,
    #5149,#5150,#5151,#5152,#5153,#5154,#5155,#5156,#5157,#5158),
  .UNSPECIFIED.,.F.,.F.,(6,4,4,4,4,4,6),(0.,9.682645649891E-02,
    0.308011543136,0.525250849816,0.633161407636,0.877397686698,1.),
  .UNSPECIFIED.);
#5133 = CARTESIAN_POINT('',(70.212,165.98317873173,-9.31057837201));
#5134 = CARTESIAN_POINT('',(70.212,165.88741156502,-9.310563411354));
#5135 = CARTESIAN_POINT('',(70.212,165.79164945905,-9.307512453878));
#5136 = CARTESIAN_POINT('',(70.212,165.69602339564,-9.301466531294));
#5137 = CARTESIAN_POINT('',(70.212,165.60065749208,-9.292469179138));
#5138 = CARTESIAN_POINT('',(70.212,165.29849264224,-9.254605746186));
#5139 = CARTESIAN_POINT('',(70.212,165.09312283407,-9.214824342944));
#5140 = CARTESIAN_POINT('',(70.212,164.89074941132,-9.161691261857));
#5141 = CARTESIAN_POINT('',(70.212,164.69249120371,-9.095681168053));
#5142 = CARTESIAN_POINT('',(70.212,164.30080455558,-8.936485963099));
#5143 = CARTESIAN_POINT('',(70.212,164.10769459798,-8.842582902805));
#5144 = CARTESIAN_POINT('',(70.212,163.92124561214,-8.735954972985));
#5145 = CARTESIAN_POINT('',(70.212,163.74270365131,-8.617046951023));
#5146 = CARTESIAN_POINT('',(70.212,163.48921891005,-8.421488897326));
#5147 = CARTESIAN_POINT('',(70.212,163.40736275817,-8.353688519885));
#5148 = CARTESIAN_POINT('',(70.212,163.32786237765,-8.283149139279));
#5149 = CARTESIAN_POINT('',(70.212,163.25078939747,-8.210026771158));
#5150 = CARTESIAN_POINT('',(70.212,163.0074048198,-7.963449951354));
#5151 = CARTESIAN_POINT('',(70.212,162.8513821473,-7.779965520293));
#5152 = CARTESIAN_POINT('',(70.212,162.70882869864,-7.585660332252));
#5153 = CARTESIAN_POINT('',(70.212,162.58039470687,-7.382045618911));
#5154 = CARTESIAN_POINT('',(70.212,162.40975902803,-7.064205248489));
#5155 = CARTESIAN_POINT('',(70.212,162.35646929471,-6.955968473047));
#5156 = CARTESIAN_POINT('',(70.212,162.30701124807,-6.845892685026));
#5157 = CARTESIAN_POINT('',(70.212,162.26148538865,-6.734150715076));
#5158 = CARTESIAN_POINT('',(70.212,162.22,-6.620916920586));
#5159 = PCURVE('',#2870,#5160);
#5160 = DEFINITIONAL_REPRESENTATION('',(#5161),#5188);
#5161 = B_SPLINE_CURVE_WITH_KNOTS('',5,(#5162,#5163,#5164,#5165,#5166,
    #5167,#5168,#5169,#5170,#5171,#5172,#5173,#5174,#5175,#5176,#5177,
    #5178,#5179,#5180,#5181,#5182,#5183,#5184,#5185,#5186,#5187),
  .UNSPECIFIED.,.F.,.F.,(6,4,4,4,4,4,6),(0.,9.682645649891E-02,
    0.308011543136,0.525250849816,0.633161407636,0.877397686698,1.),
  .UNSPECIFIED.);
#5162 = CARTESIAN_POINT('',(1.,-2.015137090248));
#5163 = CARTESIAN_POINT('',(0.984192107641,-2.014198729683));
#5164 = CARTESIAN_POINT('',(0.968387665467,-2.012755919915));
#5165 = CARTESIAN_POINT('',(0.952588387034,-2.010817367746));
#5166 = CARTESIAN_POINT('',(0.936795036216,-2.008394439255));
#5167 = CARTESIAN_POINT('',(0.886573578271,-1.999190720547));
#5168 = CARTESIAN_POINT('',(0.852168965678,-1.990642877124));
#5169 = CARTESIAN_POINT('',(0.817787260561,-1.980000454693));
#5170 = CARTESIAN_POINT('',(0.783416488368,-1.967454184866));
#5171 = CARTESIAN_POINT('',(0.713675747103,-1.938545559836));
#5172 = CARTESIAN_POINT('',(0.678308321273,-1.92208536739));
#5173 = CARTESIAN_POINT('',(0.642917426434,-1.904041968693));
#5174 = CARTESIAN_POINT('',(0.607500330242,-1.884654795564));
#5175 = CARTESIAN_POINT('',(0.554472612871,-1.853985774844));
#5176 = CARTESIAN_POINT('',(0.536871438386,-1.843535140566));
#5177 = CARTESIAN_POINT('',(0.51927160926,-1.832855312119));
#5178 = CARTESIAN_POINT('',(0.50167507488,-1.821986397821));
#5179 = CARTESIAN_POINT('',(0.444263468095,-1.786017178699));
#5180 = CARTESIAN_POINT('',(0.404467573864,-1.760287337518));
#5181 = CARTESIAN_POINT('',(0.364686426689,-1.73418445777));
#5182 = CARTESIAN_POINT('',(0.324904866968,-1.708023119509));
#5183 = CARTESIAN_POINT('',(0.265100752962,-1.668978515974));
#5184 = CARTESIAN_POINT('',(0.245105516229,-1.65597183559));
#5185 = CARTESIAN_POINT('',(0.225099057715,-1.643036768147));
#5186 = CARTESIAN_POINT('',(0.205078922743,-1.630198762042));
#5187 = CARTESIAN_POINT('',(0.185043513512,-1.617479644075));
#5188 = ( GEOMETRIC_REPRESENTATION_CONTEXT(2) 
PARAMETRIC_REPRESENTATION_CONTEXT() REPRESENTATION_CONTEXT('2D SPACE',''
  ) );
#5189 = PCURVE('',#5190,#5195);
#5190 = PLANE('',#5191);
#5191 = AXIS2_PLACEMENT_3D('',#5192,#5193,#5194);
#5192 = CARTESIAN_POINT('',(70.212,162.22,-72.00000002));
#5193 = DIRECTION('',(1.,0.,0.));
#5194 = DIRECTION('',(0.,0.,1.));
#5195 = DEFINITIONAL_REPRESENTATION('',(#5196),#5223);
#5196 = B_SPLINE_CURVE_WITH_KNOTS('',5,(#5197,#5198,#5199,#5200,#5201,
    #5202,#5203,#5204,#5205,#5206,#5207,#5208,#5209,#5210,#5211,#5212,
    #5213,#5214,#5215,#5216,#5217,#5218,#5219,#5220,#5221,#5222),
  .UNSPECIFIED.,.F.,.F.,(6,4,4,4,4,4,6),(0.,9.682645649891E-02,
    0.308011543136,0.525250849816,0.633161407636,0.877397686698,1.),
  .UNSPECIFIED.);
#5197 = CARTESIAN_POINT('',(62.68942164799,-3.76317873173));
#5198 = CARTESIAN_POINT('',(62.689436608646,-3.66741156502));
#5199 = CARTESIAN_POINT('',(62.692487566122,-3.57164945905));
#5200 = CARTESIAN_POINT('',(62.698533488706,-3.47602339564));
#5201 = CARTESIAN_POINT('',(62.707530840862,-3.38065749208));
#5202 = CARTESIAN_POINT('',(62.745394273814,-3.07849264224));
#5203 = CARTESIAN_POINT('',(62.785175677056,-2.87312283407));
#5204 = CARTESIAN_POINT('',(62.838308758143,-2.67074941132));
#5205 = CARTESIAN_POINT('',(62.904318851947,-2.47249120371));
#5206 = CARTESIAN_POINT('',(63.063514056901,-2.08080455558));
#5207 = CARTESIAN_POINT('',(63.157417117195,-1.88769459798));
#5208 = CARTESIAN_POINT('',(63.264045047015,-1.70124561214));
#5209 = CARTESIAN_POINT('',(63.382953068977,-1.52270365131));
#5210 = CARTESIAN_POINT('',(63.578511122674,-1.26921891005));
#5211 = CARTESIAN_POINT('',(63.646311500115,-1.18736275817));
#5212 = CARTESIAN_POINT('',(63.716850880721,-1.10786237765));
#5213 = CARTESIAN_POINT('',(63.789973248842,-1.03078939747));
#5214 = CARTESIAN_POINT('',(64.036550068646,-0.7874048198));
#5215 = CARTESIAN_POINT('',(64.220034499707,-0.6313821473));
#5216 = CARTESIAN_POINT('',(64.414339687748,-0.48882869864));
#5217 = CARTESIAN_POINT('',(64.617954401089,-0.36039470687));
#5218 = CARTESIAN_POINT('',(64.935794771511,-0.18975902803));
#5219 = CARTESIAN_POINT('',(65.044031546953,-0.13646929471));
#5220 = CARTESIAN_POINT('',(65.154107334974,-8.701124807001E-02));
#5221 = CARTESIAN_POINT('',(65.265849304924,-4.148538864999E-02));
#5222 = CARTESIAN_POINT('',(65.379083099414,0.));
#5223 = ( GEOMETRIC_REPRESENTATION_CONTEXT(2) 
PARAMETRIC_REPRESENTATION_CONTEXT() REPRESENTATION_CONTEXT('2D SPACE',''
  ) );
#5224 = ADVANCED_FACE('',(#5225),#2919,.T.);
#5225 = FACE_BOUND('',#5226,.T.);
#5226 = EDGE_LOOP('',(#5227,#5249,#5250,#5271));
#5227 = ORIENTED_EDGE('',*,*,#5228,.F.);
#5228 = EDGE_CURVE('',#4233,#2829,#5229,.T.);
#5229 = SURFACE_CURVE('',#5230,(#5235,#5242),.PCURVE_S1.);
#5230 = CIRCLE('',#5231,16.);
#5231 = AXIS2_PLACEMENT_3D('',#5232,#5233,#5234);
#5232 = CARTESIAN_POINT('',(67.5,162.,-21.));
#5233 = DIRECTION('',(0.,1.,0.));
#5234 = DIRECTION('',(-1.,0.,0.));
#5235 = PCURVE('',#2919,#5236);
#5236 = DEFINITIONAL_REPRESENTATION('',(#5237),#5241);
#5237 = CIRCLE('',#5238,16.);
#5238 = AXIS2_PLACEMENT_2D('',#5239,#5240);
#5239 = CARTESIAN_POINT('',(0.,0.));
#5240 = DIRECTION('',(0.,-1.));
#5241 = ( GEOMETRIC_REPRESENTATION_CONTEXT(2) 
PARAMETRIC_REPRESENTATION_CONTEXT() REPRESENTATION_CONTEXT('2D SPACE',''
  ) );
#5242 = PCURVE('',#5014,#5243);
#5243 = DEFINITIONAL_REPRESENTATION('',(#5244),#5248);
#5244 = LINE('',#5245,#5246);
#5245 = CARTESIAN_POINT('',(10.995574287564,1.570796326795));
#5246 = VECTOR('',#5247,1.);
#5247 = DIRECTION('',(-1.,2.740445320196E-16));
#5248 = ( GEOMETRIC_REPRESENTATION_CONTEXT(2) 
PARAMETRIC_REPRESENTATION_CONTEXT() REPRESENTATION_CONTEXT('2D SPACE',''
  ) );
#5249 = ORIENTED_EDGE('',*,*,#4463,.F.);
#5250 = ORIENTED_EDGE('',*,*,#5251,.F.);
#5251 = EDGE_CURVE('',#2904,#4396,#5252,.T.);
#5252 = SURFACE_CURVE('',#5253,(#5257,#5264),.PCURVE_S1.);
#5253 = LINE('',#5254,#5255);
#5254 = CARTESIAN_POINT('',(43.5,162.,-31.5));
#5255 = VECTOR('',#5256,1.);
#5256 = DIRECTION('',(1.057355261548E-16,0.,-1.));
#5257 = PCURVE('',#2919,#5258);
#5258 = DEFINITIONAL_REPRESENTATION('',(#5259),#5263);
#5259 = LINE('',#5260,#5261);
#5260 = CARTESIAN_POINT('',(-10.5,-24.));
#5261 = VECTOR('',#5262,1.);
#5262 = DIRECTION('',(-1.,1.057355261548E-16));
#5263 = ( GEOMETRIC_REPRESENTATION_CONTEXT(2) 
PARAMETRIC_REPRESENTATION_CONTEXT() REPRESENTATION_CONTEXT('2D SPACE',''
  ) );
#5264 = PCURVE('',#2968,#5265);
#5265 = DEFINITIONAL_REPRESENTATION('',(#5266),#5270);
#5266 = LINE('',#5267,#5268);
#5267 = CARTESIAN_POINT('',(5.497787143782,0.));
#5268 = VECTOR('',#5269,1.);
#5269 = DIRECTION('',(0.,-1.));
#5270 = ( GEOMETRIC_REPRESENTATION_CONTEXT(2) 
PARAMETRIC_REPRESENTATION_CONTEXT() REPRESENTATION_CONTEXT('2D SPACE',''
  ) );
#5271 = ORIENTED_EDGE('',*,*,#2903,.F.);
#5272 = ADVANCED_FACE('',(#5273),#2968,.T.);
#5273 = FACE_BOUND('',#5274,.T.);
#5274 = EDGE_LOOP('',(#5275,#5276,#5277,#5278));
#5275 = ORIENTED_EDGE('',*,*,#5251,.T.);
#5276 = ORIENTED_EDGE('',*,*,#4395,.T.);
#5277 = ORIENTED_EDGE('',*,*,#3105,.T.);
#5278 = ORIENTED_EDGE('',*,*,#2931,.F.);
#5279 = ADVANCED_FACE('',(#5280),#3042,.T.);
#5280 = FACE_BOUND('',#5281,.T.);
#5281 = EDGE_LOOP('',(#5282,#5283,#5284,#5305));
#5282 = ORIENTED_EDGE('',*,*,#3187,.T.);
#5283 = ORIENTED_EDGE('',*,*,#4328,.F.);
#5284 = ORIENTED_EDGE('',*,*,#5285,.T.);
#5285 = EDGE_CURVE('',#4306,#3004,#5286,.T.);
#5286 = SURFACE_CURVE('',#5287,(#5291,#5298),.PCURVE_S1.);
#5287 = LINE('',#5288,#5289);
#5288 = CARTESIAN_POINT('',(91.5,162.,-10.5));
#5289 = VECTOR('',#5290,1.);
#5290 = DIRECTION('',(0.,0.,1.));
#5291 = PCURVE('',#3042,#5292);
#5292 = DEFINITIONAL_REPRESENTATION('',(#5293),#5297);
#5293 = LINE('',#5294,#5295);
#5294 = CARTESIAN_POINT('',(5.497787143782,0.));
#5295 = VECTOR('',#5296,1.);
#5296 = DIRECTION('',(0.,-1.));
#5297 = ( GEOMETRIC_REPRESENTATION_CONTEXT(2) 
PARAMETRIC_REPRESENTATION_CONTEXT() REPRESENTATION_CONTEXT('2D SPACE',''
  ) );
#5298 = PCURVE('',#3090,#5299);
#5299 = DEFINITIONAL_REPRESENTATION('',(#5300),#5304);
#5300 = LINE('',#5301,#5302);
#5301 = CARTESIAN_POINT('',(10.5,24.));
#5302 = VECTOR('',#5303,1.);
#5303 = DIRECTION('',(1.,0.));
#5304 = ( GEOMETRIC_REPRESENTATION_CONTEXT(2) 
PARAMETRIC_REPRESENTATION_CONTEXT() REPRESENTATION_CONTEXT('2D SPACE',''
  ) );
#5305 = ORIENTED_EDGE('',*,*,#3003,.T.);
#5306 = ADVANCED_FACE('',(#5307),#3090,.T.);
#5307 = FACE_BOUND('',#5308,.T.);
#5308 = EDGE_LOOP('',(#5309,#5331,#5332,#5333));
#5309 = ORIENTED_EDGE('',*,*,#5310,.F.);
#5310 = EDGE_CURVE('',#2831,#4231,#5311,.T.);
#5311 = SURFACE_CURVE('',#5312,(#5317,#5324),.PCURVE_S1.);
#5312 = CIRCLE('',#5313,16.);
#5313 = AXIS2_PLACEMENT_3D('',#5314,#5315,#5316);
#5314 = CARTESIAN_POINT('',(67.5,162.,-21.));
#5315 = DIRECTION('',(0.,1.,0.));
#5316 = DIRECTION('',(-1.,0.,0.));
#5317 = PCURVE('',#3090,#5318);
#5318 = DEFINITIONAL_REPRESENTATION('',(#5319),#5323);
#5319 = CIRCLE('',#5320,16.);
#5320 = AXIS2_PLACEMENT_2D('',#5321,#5322);
#5321 = CARTESIAN_POINT('',(0.,0.));
#5322 = DIRECTION('',(0.,-1.));
#5323 = ( GEOMETRIC_REPRESENTATION_CONTEXT(2) 
PARAMETRIC_REPRESENTATION_CONTEXT() REPRESENTATION_CONTEXT('2D SPACE',''
  ) );
#5324 = PCURVE('',#5066,#5325);
#5325 = DEFINITIONAL_REPRESENTATION('',(#5326),#5330);
#5326 = LINE('',#5327,#5328);
#5327 = CARTESIAN_POINT('',(4.712388980385,1.570796326795));
#5328 = VECTOR('',#5329,1.);
#5329 = DIRECTION('',(-1.,-9.134817733986E-17));
#5330 = ( GEOMETRIC_REPRESENTATION_CONTEXT(2) 
PARAMETRIC_REPRESENTATION_CONTEXT() REPRESENTATION_CONTEXT('2D SPACE',''
  ) );
#5331 = ORIENTED_EDGE('',*,*,#3076,.F.);
#5332 = ORIENTED_EDGE('',*,*,#5285,.F.);
#5333 = ORIENTED_EDGE('',*,*,#4305,.F.);
#5334 = ADVANCED_FACE('',(#5335),#3172,.F.);
#5335 = FACE_BOUND('',#5336,.F.);
#5336 = EDGE_LOOP('',(#5337,#5360,#5382,#5383));
#5337 = ORIENTED_EDGE('',*,*,#5338,.T.);
#5338 = EDGE_CURVE('',#3152,#5339,#5341,.T.);
#5339 = VERTEX_POINT('',#5340);
#5340 = CARTESIAN_POINT('',(46.5,137.,-24.));
#5341 = SEAM_CURVE('',#5342,(#5346,#5353),.PCURVE_S1.);
#5342 = LINE('',#5343,#5344);
#5343 = CARTESIAN_POINT('',(37.5,137.,-24.));
#5344 = VECTOR('',#5345,1.);
#5345 = DIRECTION('',(1.,0.,1.184237892934E-16));
#5346 = PCURVE('',#3172,#5347);
#5347 = DEFINITIONAL_REPRESENTATION('',(#5348),#5352);
#5348 = LINE('',#5349,#5350);
#5349 = CARTESIAN_POINT('',(9.424777960769,0.));
#5350 = VECTOR('',#5351,1.);
#5351 = DIRECTION('',(0.,1.));
#5352 = ( GEOMETRIC_REPRESENTATION_CONTEXT(2) 
PARAMETRIC_REPRESENTATION_CONTEXT() REPRESENTATION_CONTEXT('2D SPACE',''
  ) );
#5353 = PCURVE('',#3172,#5354);
#5354 = DEFINITIONAL_REPRESENTATION('',(#5355),#5359);
#5355 = LINE('',#5356,#5357);
#5356 = CARTESIAN_POINT('',(3.14159265359,0.));
#5357 = VECTOR('',#5358,1.);
#5358 = DIRECTION('',(0.,1.));
#5359 = ( GEOMETRIC_REPRESENTATION_CONTEXT(2) 
PARAMETRIC_REPRESENTATION_CONTEXT() REPRESENTATION_CONTEXT('2D SPACE',''
  ) );
#5360 = ORIENTED_EDGE('',*,*,#5361,.T.);
#5361 = EDGE_CURVE('',#5339,#5339,#5362,.T.);
#5362 = SURFACE_CURVE('',#5363,(#5368,#5375),.PCURVE_S1.);
#5363 = CIRCLE('',#5364,3.);
#5364 = AXIS2_PLACEMENT_3D('',#5365,#5366,#5367);
#5365 = CARTESIAN_POINT('',(46.5,137.,-21.));
#5366 = DIRECTION('',(-1.,0.,0.));
#5367 = DIRECTION('',(0.,0.,1.));
#5368 = PCURVE('',#3172,#5369);
#5369 = DEFINITIONAL_REPRESENTATION('',(#5370),#5374);
#5370 = LINE('',#5371,#5372);
#5371 = CARTESIAN_POINT('',(12.566370614359,9.));
#5372 = VECTOR('',#5373,1.);
#5373 = DIRECTION('',(-1.,0.));
#5374 = ( GEOMETRIC_REPRESENTATION_CONTEXT(2) 
PARAMETRIC_REPRESENTATION_CONTEXT() REPRESENTATION_CONTEXT('2D SPACE',''
  ) );
#5375 = PCURVE('',#3305,#5376);
#5376 = DEFINITIONAL_REPRESENTATION('',(#5377),#5381);
#5377 = CIRCLE('',#5378,3.);
#5378 = AXIS2_PLACEMENT_2D('',#5379,#5380);
#5379 = CARTESIAN_POINT('',(8.99999982119,16.));
#5380 = DIRECTION('',(-1.,-0.));
#5381 = ( GEOMETRIC_REPRESENTATION_CONTEXT(2) 
PARAMETRIC_REPRESENTATION_CONTEXT() REPRESENTATION_CONTEXT('2D SPACE',''
  ) );
#5382 = ORIENTED_EDGE('',*,*,#5338,.F.);
#5383 = ORIENTED_EDGE('',*,*,#3151,.T.);
#5384 = ADVANCED_FACE('',(#5385),#3250,.F.);
#5385 = FACE_BOUND('',#5386,.F.);
#5386 = EDGE_LOOP('',(#5387,#5410,#5411,#5412));
#5387 = ORIENTED_EDGE('',*,*,#5388,.T.);
#5388 = EDGE_CURVE('',#5389,#3234,#5391,.T.);
#5389 = VERTEX_POINT('',#5390);
#5390 = CARTESIAN_POINT('',(88.5,137.,-24.));
#5391 = SEAM_CURVE('',#5392,(#5396,#5403),.PCURVE_S1.);
#5392 = LINE('',#5393,#5394);
#5393 = CARTESIAN_POINT('',(37.5,137.,-24.));
#5394 = VECTOR('',#5395,1.);
#5395 = DIRECTION('',(1.,0.,1.184237892934E-16));
#5396 = PCURVE('',#3250,#5397);
#5397 = DEFINITIONAL_REPRESENTATION('',(#5398),#5402);
#5398 = LINE('',#5399,#5400);
#5399 = CARTESIAN_POINT('',(9.424777960769,0.));
#5400 = VECTOR('',#5401,1.);
#5401 = DIRECTION('',(0.,1.));
#5402 = ( GEOMETRIC_REPRESENTATION_CONTEXT(2) 
PARAMETRIC_REPRESENTATION_CONTEXT() REPRESENTATION_CONTEXT('2D SPACE',''
  ) );
#5403 = PCURVE('',#3250,#5404);
#5404 = DEFINITIONAL_REPRESENTATION('',(#5405),#5409);
#5405 = LINE('',#5406,#5407);
#5406 = CARTESIAN_POINT('',(3.14159265359,0.));
#5407 = VECTOR('',#5408,1.);
#5408 = DIRECTION('',(0.,1.));
#5409 = ( GEOMETRIC_REPRESENTATION_CONTEXT(2) 
PARAMETRIC_REPRESENTATION_CONTEXT() REPRESENTATION_CONTEXT('2D SPACE',''
  ) );
#5410 = ORIENTED_EDGE('',*,*,#3233,.T.);
#5411 = ORIENTED_EDGE('',*,*,#5388,.F.);
#5412 = ORIENTED_EDGE('',*,*,#5413,.T.);
#5413 = EDGE_CURVE('',#5389,#5389,#5414,.T.);
#5414 = SURFACE_CURVE('',#5415,(#5420,#5427),.PCURVE_S1.);
#5415 = CIRCLE('',#5416,3.);
#5416 = AXIS2_PLACEMENT_3D('',#5417,#5418,#5419);
#5417 = CARTESIAN_POINT('',(88.5,137.,-21.));
#5418 = DIRECTION('',(1.,0.,0.));
#5419 = DIRECTION('',(-0.,0.,1.));
#5420 = PCURVE('',#3250,#5421);
#5421 = DEFINITIONAL_REPRESENTATION('',(#5422),#5426);
#5422 = LINE('',#5423,#5424);
#5423 = CARTESIAN_POINT('',(0.,51.));
#5424 = VECTOR('',#5425,1.);
#5425 = DIRECTION('',(1.,0.));
#5426 = ( GEOMETRIC_REPRESENTATION_CONTEXT(2) 
PARAMETRIC_REPRESENTATION_CONTEXT() REPRESENTATION_CONTEXT('2D SPACE',''
  ) );
#5427 = PCURVE('',#3469,#5428);
#5428 = DEFINITIONAL_REPRESENTATION('',(#5429),#5433);
#5429 = CIRCLE('',#5430,3.);
#5430 = AXIS2_PLACEMENT_2D('',#5431,#5432);
#5431 = CARTESIAN_POINT('',(9.,16.));
#5432 = DIRECTION('',(1.,0.));
#5433 = ( GEOMETRIC_REPRESENTATION_CONTEXT(2) 
PARAMETRIC_REPRESENTATION_CONTEXT() REPRESENTATION_CONTEXT('2D SPACE',''
  ) );
#5434 = ADVANCED_FACE('',(#5435,#5510),#3305,.F.);
#5435 = FACE_BOUND('',#5436,.T.);
#5436 = EDGE_LOOP('',(#5437,#5438,#5461,#5489));
#5437 = ORIENTED_EDGE('',*,*,#3289,.T.);
#5438 = ORIENTED_EDGE('',*,*,#5439,.F.);
#5439 = EDGE_CURVE('',#5440,#3267,#5442,.T.);
#5440 = VERTEX_POINT('',#5441);
#5441 = CARTESIAN_POINT('',(46.5,153.,-30.));
#5442 = SURFACE_CURVE('',#5443,(#5447,#5454),.PCURVE_S1.);
#5443 = LINE('',#5444,#5445);
#5444 = CARTESIAN_POINT('',(46.5,153.,-30.));
#5445 = VECTOR('',#5446,1.);
#5446 = DIRECTION('',(0.,-1.,0.));
#5447 = PCURVE('',#3305,#5448);
#5448 = DEFINITIONAL_REPRESENTATION('',(#5449),#5453);
#5449 = LINE('',#5450,#5451);
#5450 = CARTESIAN_POINT('',(17.99999982119,0.));
#5451 = VECTOR('',#5452,1.);
#5452 = DIRECTION('',(0.,1.));
#5453 = ( GEOMETRIC_REPRESENTATION_CONTEXT(2) 
PARAMETRIC_REPRESENTATION_CONTEXT() REPRESENTATION_CONTEXT('2D SPACE',''
  ) );
#5454 = PCURVE('',#3569,#5455);
#5455 = DEFINITIONAL_REPRESENTATION('',(#5456),#5460);
#5456 = LINE('',#5457,#5458);
#5457 = CARTESIAN_POINT('',(0.,0.));
#5458 = VECTOR('',#5459,1.);
#5459 = DIRECTION('',(0.,1.));
#5460 = ( GEOMETRIC_REPRESENTATION_CONTEXT(2) 
PARAMETRIC_REPRESENTATION_CONTEXT() REPRESENTATION_CONTEXT('2D SPACE',''
  ) );
#5461 = ORIENTED_EDGE('',*,*,#5462,.F.);
#5462 = EDGE_CURVE('',#5463,#5440,#5465,.T.);
#5463 = VERTEX_POINT('',#5464);
#5464 = CARTESIAN_POINT('',(46.5,153.,-12.00000017881));
#5465 = SURFACE_CURVE('',#5466,(#5470,#5477),.PCURVE_S1.);
#5466 = LINE('',#5467,#5468);
#5467 = CARTESIAN_POINT('',(46.5,153.,-16.5000000894));
#5468 = VECTOR('',#5469,1.);
#5469 = DIRECTION('',(0.,0.,-1.));
#5470 = PCURVE('',#3305,#5471);
#5471 = DEFINITIONAL_REPRESENTATION('',(#5472),#5476);
#5472 = LINE('',#5473,#5474);
#5473 = CARTESIAN_POINT('',(4.49999991059,0.));
#5474 = VECTOR('',#5475,1.);
#5475 = DIRECTION('',(1.,0.));
#5476 = ( GEOMETRIC_REPRESENTATION_CONTEXT(2) 
PARAMETRIC_REPRESENTATION_CONTEXT() REPRESENTATION_CONTEXT('2D SPACE',''
  ) );
#5477 = PCURVE('',#5478,#5483);
#5478 = PLANE('',#5479);
#5479 = AXIS2_PLACEMENT_3D('',#5480,#5481,#5482);
#5480 = CARTESIAN_POINT('',(67.5,153.,-21.));
#5481 = DIRECTION('',(0.,1.,0.));
#5482 = DIRECTION('',(-1.,0.,0.));
#5483 = DEFINITIONAL_REPRESENTATION('',(#5484),#5488);
#5484 = LINE('',#5485,#5486);
#5485 = CARTESIAN_POINT('',(21.,4.4999999106));
#5486 = VECTOR('',#5487,1.);
#5487 = DIRECTION('',(0.,-1.));
#5488 = ( GEOMETRIC_REPRESENTATION_CONTEXT(2) 
PARAMETRIC_REPRESENTATION_CONTEXT() REPRESENTATION_CONTEXT('2D SPACE',''
  ) );
#5489 = ORIENTED_EDGE('',*,*,#5490,.T.);
#5490 = EDGE_CURVE('',#5463,#3290,#5491,.T.);
#5491 = SURFACE_CURVE('',#5492,(#5496,#5503),.PCURVE_S1.);
#5492 = LINE('',#5493,#5494);
#5493 = CARTESIAN_POINT('',(46.5,153.,-12.00000017881));
#5494 = VECTOR('',#5495,1.);
#5495 = DIRECTION('',(0.,-1.,0.));
#5496 = PCURVE('',#3305,#5497);
#5497 = DEFINITIONAL_REPRESENTATION('',(#5498),#5502);
#5498 = LINE('',#5499,#5500);
#5499 = CARTESIAN_POINT('',(0.,-0.));
#5500 = VECTOR('',#5501,1.);
#5501 = DIRECTION('',(0.,1.));
#5502 = ( GEOMETRIC_REPRESENTATION_CONTEXT(2) 
PARAMETRIC_REPRESENTATION_CONTEXT() REPRESENTATION_CONTEXT('2D SPACE',''
  ) );
#5503 = PCURVE('',#3386,#5504);
#5504 = DEFINITIONAL_REPRESENTATION('',(#5505),#5509);
#5505 = LINE('',#5506,#5507);
#5506 = CARTESIAN_POINT('',(42.,0.));
#5507 = VECTOR('',#5508,1.);
#5508 = DIRECTION('',(0.,1.));
#5509 = ( GEOMETRIC_REPRESENTATION_CONTEXT(2) 
PARAMETRIC_REPRESENTATION_CONTEXT() REPRESENTATION_CONTEXT('2D SPACE',''
  ) );
#5510 = FACE_BOUND('',#5511,.T.);
#5511 = EDGE_LOOP('',(#5512));
#5512 = ORIENTED_EDGE('',*,*,#5361,.T.);
#5513 = ADVANCED_FACE('',(#5514,#5563),#3386,.F.);
#5514 = FACE_BOUND('',#5515,.F.);
#5515 = EDGE_LOOP('',(#5516,#5517,#5518,#5541,#5562));
#5516 = ORIENTED_EDGE('',*,*,#3370,.T.);
#5517 = ORIENTED_EDGE('',*,*,#3481,.T.);
#5518 = ORIENTED_EDGE('',*,*,#5519,.F.);
#5519 = EDGE_CURVE('',#5520,#3452,#5522,.T.);
#5520 = VERTEX_POINT('',#5521);
#5521 = CARTESIAN_POINT('',(88.5,153.,-12.00000017881));
#5522 = SURFACE_CURVE('',#5523,(#5527,#5534),.PCURVE_S1.);
#5523 = LINE('',#5524,#5525);
#5524 = CARTESIAN_POINT('',(88.5,153.,-12.00000017881));
#5525 = VECTOR('',#5526,1.);
#5526 = DIRECTION('',(0.,-1.,0.));
#5527 = PCURVE('',#3386,#5528);
#5528 = DEFINITIONAL_REPRESENTATION('',(#5529),#5533);
#5529 = LINE('',#5530,#5531);
#5530 = CARTESIAN_POINT('',(0.,0.));
#5531 = VECTOR('',#5532,1.);
#5532 = DIRECTION('',(0.,1.));
#5533 = ( GEOMETRIC_REPRESENTATION_CONTEXT(2) 
PARAMETRIC_REPRESENTATION_CONTEXT() REPRESENTATION_CONTEXT('2D SPACE',''
  ) );
#5534 = PCURVE('',#3469,#5535);
#5535 = DEFINITIONAL_REPRESENTATION('',(#5536),#5540);
#5536 = LINE('',#5537,#5538);
#5537 = CARTESIAN_POINT('',(17.99999982119,0.));
#5538 = VECTOR('',#5539,1.);
#5539 = DIRECTION('',(0.,1.));
#5540 = ( GEOMETRIC_REPRESENTATION_CONTEXT(2) 
PARAMETRIC_REPRESENTATION_CONTEXT() REPRESENTATION_CONTEXT('2D SPACE',''
  ) );
#5541 = ORIENTED_EDGE('',*,*,#5542,.T.);
#5542 = EDGE_CURVE('',#5520,#5463,#5543,.T.);
#5543 = SURFACE_CURVE('',#5544,(#5548,#5555),.PCURVE_S1.);
#5544 = LINE('',#5545,#5546);
#5545 = CARTESIAN_POINT('',(86.25,153.,-12.00000017881));
#5546 = VECTOR('',#5547,1.);
#5547 = DIRECTION('',(-1.,0.,0.));
#5548 = PCURVE('',#3386,#5549);
#5549 = DEFINITIONAL_REPRESENTATION('',(#5550),#5554);
#5550 = LINE('',#5551,#5552);
#5551 = CARTESIAN_POINT('',(2.25,0.));
#5552 = VECTOR('',#5553,1.);
#5553 = DIRECTION('',(1.,0.));
#5554 = ( GEOMETRIC_REPRESENTATION_CONTEXT(2) 
PARAMETRIC_REPRESENTATION_CONTEXT() REPRESENTATION_CONTEXT('2D SPACE',''
  ) );
#5555 = PCURVE('',#5478,#5556);
#5556 = DEFINITIONAL_REPRESENTATION('',(#5557),#5561);
#5557 = LINE('',#5558,#5559);
#5558 = CARTESIAN_POINT('',(-18.75,8.99999982119));
#5559 = VECTOR('',#5560,1.);
#5560 = DIRECTION('',(1.,0.));
#5561 = ( GEOMETRIC_REPRESENTATION_CONTEXT(2) 
PARAMETRIC_REPRESENTATION_CONTEXT() REPRESENTATION_CONTEXT('2D SPACE',''
  ) );
#5562 = ORIENTED_EDGE('',*,*,#5490,.T.);
#5563 = FACE_BOUND('',#5564,.F.);
#5564 = EDGE_LOOP('',(#5565,#5566,#5567,#5568));
#5565 = ORIENTED_EDGE('',*,*,#4041,.F.);
#5566 = ORIENTED_EDGE('',*,*,#4167,.T.);
#5567 = ORIENTED_EDGE('',*,*,#4142,.F.);
#5568 = ORIENTED_EDGE('',*,*,#4088,.T.);
#5569 = ADVANCED_FACE('',(#5570,#5618),#3469,.F.);
#5570 = FACE_BOUND('',#5571,.T.);
#5571 = EDGE_LOOP('',(#5572,#5573,#5574,#5597));
#5572 = ORIENTED_EDGE('',*,*,#3451,.F.);
#5573 = ORIENTED_EDGE('',*,*,#5519,.F.);
#5574 = ORIENTED_EDGE('',*,*,#5575,.F.);
#5575 = EDGE_CURVE('',#5576,#5520,#5578,.T.);
#5576 = VERTEX_POINT('',#5577);
#5577 = CARTESIAN_POINT('',(88.5,153.,-30.));
#5578 = SURFACE_CURVE('',#5579,(#5583,#5590),.PCURVE_S1.);
#5579 = LINE('',#5580,#5581);
#5580 = CARTESIAN_POINT('',(88.5,153.,-25.5));
#5581 = VECTOR('',#5582,1.);
#5582 = DIRECTION('',(0.,0.,1.));
#5583 = PCURVE('',#3469,#5584);
#5584 = DEFINITIONAL_REPRESENTATION('',(#5585),#5589);
#5585 = LINE('',#5586,#5587);
#5586 = CARTESIAN_POINT('',(4.5,0.));
#5587 = VECTOR('',#5588,1.);
#5588 = DIRECTION('',(1.,0.));
#5589 = ( GEOMETRIC_REPRESENTATION_CONTEXT(2) 
PARAMETRIC_REPRESENTATION_CONTEXT() REPRESENTATION_CONTEXT('2D SPACE',''
  ) );
#5590 = PCURVE('',#5478,#5591);
#5591 = DEFINITIONAL_REPRESENTATION('',(#5592),#5596);
#5592 = LINE('',#5593,#5594);
#5593 = CARTESIAN_POINT('',(-21.,-4.5));
#5594 = VECTOR('',#5595,1.);
#5595 = DIRECTION('',(0.,1.));
#5596 = ( GEOMETRIC_REPRESENTATION_CONTEXT(2) 
PARAMETRIC_REPRESENTATION_CONTEXT() REPRESENTATION_CONTEXT('2D SPACE',''
  ) );
#5597 = ORIENTED_EDGE('',*,*,#5598,.T.);
#5598 = EDGE_CURVE('',#5576,#3454,#5599,.T.);
#5599 = SURFACE_CURVE('',#5600,(#5604,#5611),.PCURVE_S1.);
#5600 = LINE('',#5601,#5602);
#5601 = CARTESIAN_POINT('',(88.5,153.,-30.));
#5602 = VECTOR('',#5603,1.);
#5603 = DIRECTION('',(0.,-1.,0.));
#5604 = PCURVE('',#3469,#5605);
#5605 = DEFINITIONAL_REPRESENTATION('',(#5606),#5610);
#5606 = LINE('',#5607,#5608);
#5607 = CARTESIAN_POINT('',(0.,0.));
#5608 = VECTOR('',#5609,1.);
#5609 = DIRECTION('',(0.,1.));
#5610 = ( GEOMETRIC_REPRESENTATION_CONTEXT(2) 
PARAMETRIC_REPRESENTATION_CONTEXT() REPRESENTATION_CONTEXT('2D SPACE',''
  ) );
#5611 = PCURVE('',#3569,#5612);
#5612 = DEFINITIONAL_REPRESENTATION('',(#5613),#5617);
#5613 = LINE('',#5614,#5615);
#5614 = CARTESIAN_POINT('',(42.,0.));
#5615 = VECTOR('',#5616,1.);
#5616 = DIRECTION('',(0.,1.));
#5617 = ( GEOMETRIC_REPRESENTATION_CONTEXT(2) 
PARAMETRIC_REPRESENTATION_CONTEXT() REPRESENTATION_CONTEXT('2D SPACE',''
  ) );
#5618 = FACE_BOUND('',#5619,.T.);
#5619 = EDGE_LOOP('',(#5620));
#5620 = ORIENTED_EDGE('',*,*,#5413,.T.);
#5621 = ADVANCED_FACE('',(#5622,#5649),#3569,.F.);
#5622 = FACE_BOUND('',#5623,.F.);
#5623 = EDGE_LOOP('',(#5624,#5625,#5626,#5647,#5648));
#5624 = ORIENTED_EDGE('',*,*,#4487,.T.);
#5625 = ORIENTED_EDGE('',*,*,#5439,.F.);
#5626 = ORIENTED_EDGE('',*,*,#5627,.T.);
#5627 = EDGE_CURVE('',#5440,#5576,#5628,.T.);
#5628 = SURFACE_CURVE('',#5629,(#5633,#5640),.PCURVE_S1.);
#5629 = LINE('',#5630,#5631);
#5630 = CARTESIAN_POINT('',(65.25,153.,-30.));
#5631 = VECTOR('',#5632,1.);
#5632 = DIRECTION('',(1.,0.,0.));
#5633 = PCURVE('',#3569,#5634);
#5634 = DEFINITIONAL_REPRESENTATION('',(#5635),#5639);
#5635 = LINE('',#5636,#5637);
#5636 = CARTESIAN_POINT('',(18.75,0.));
#5637 = VECTOR('',#5638,1.);
#5638 = DIRECTION('',(1.,0.));
#5639 = ( GEOMETRIC_REPRESENTATION_CONTEXT(2) 
PARAMETRIC_REPRESENTATION_CONTEXT() REPRESENTATION_CONTEXT('2D SPACE',''
  ) );
#5640 = PCURVE('',#5478,#5641);
#5641 = DEFINITIONAL_REPRESENTATION('',(#5642),#5646);
#5642 = LINE('',#5643,#5644);
#5643 = CARTESIAN_POINT('',(2.25,-9.));
#5644 = VECTOR('',#5645,1.);
#5645 = DIRECTION('',(-1.,0.));
#5646 = ( GEOMETRIC_REPRESENTATION_CONTEXT(2) 
PARAMETRIC_REPRESENTATION_CONTEXT() REPRESENTATION_CONTEXT('2D SPACE',''
  ) );
#5647 = ORIENTED_EDGE('',*,*,#5598,.T.);
#5648 = ORIENTED_EDGE('',*,*,#3554,.T.);
#5649 = FACE_BOUND('',#5650,.F.);
#5650 = EDGE_LOOP('',(#5651,#5652,#5653,#5654));
#5651 = ORIENTED_EDGE('',*,*,#4748,.F.);
#5652 = ORIENTED_EDGE('',*,*,#4892,.F.);
#5653 = ORIENTED_EDGE('',*,*,#4845,.F.);
#5654 = ORIENTED_EDGE('',*,*,#4795,.F.);
#5655 = ADVANCED_FACE('',(#5656),#3823,.T.);
#5656 = FACE_BOUND('',#5657,.T.);
#5657 = EDGE_LOOP('',(#5658,#5659,#5660,#5661));
#5658 = ORIENTED_EDGE('',*,*,#3936,.F.);
#5659 = ORIENTED_EDGE('',*,*,#3807,.F.);
#5660 = ORIENTED_EDGE('',*,*,#3860,.F.);
#5661 = ORIENTED_EDGE('',*,*,#3969,.F.);
#5662 = ADVANCED_FACE('',(#5663),#4272,.T.);
#5663 = FACE_BOUND('',#5664,.T.);
#5664 = EDGE_LOOP('',(#5665,#5711,#5712,#5735,#5809,#5906));
#5665 = ORIENTED_EDGE('',*,*,#5666,.F.);
#5666 = EDGE_CURVE('',#4231,#5667,#5669,.T.);
#5667 = VERTEX_POINT('',#5668);
#5668 = CARTESIAN_POINT('',(71.675823272123,166.,-32.25));
#5669 = SURFACE_CURVE('',#5670,(#5675,#5704),.PCURVE_S1.);
#5670 = CIRCLE('',#5671,4.);
#5671 = AXIS2_PLACEMENT_3D('',#5672,#5673,#5674);
#5672 = CARTESIAN_POINT('',(73.06776436283,166.,-36.));
#5673 = DIRECTION('',(-0.9375,0.,-0.347985272677));
#5674 = DIRECTION('',(0.,-1.,-0.));
#5675 = PCURVE('',#4272,#5676);
#5676 = DEFINITIONAL_REPRESENTATION('',(#5677),#5703);
#5677 = B_SPLINE_CURVE_WITH_KNOTS('',3,(#5678,#5679,#5680,#5681,#5682,
    #5683,#5684,#5685,#5686,#5687,#5688,#5689,#5690,#5691,#5692,#5693,
    #5694,#5695,#5696,#5697,#5698,#5699,#5700,#5701,#5702),
  .UNSPECIFIED.,.F.,.F.,(4,1,1,1,1,1,1,1,1,1,1,1,1,1,1,1,1,1,1,1,1,1,4),
  (0.,7.139983303613E-02,0.142799666072,0.214199499108,0.285599332145,
    0.356999165181,0.428398998217,0.499798831253,0.571198664289,
    0.642598497325,0.713998330361,0.785398163397,0.856797996434,
    0.92819782947,0.999597662506,1.070997495542,1.142397328578,
    1.213797161614,1.28519699465,1.356596827687,1.427996660723,
    1.499396493759,1.570796326795),.UNSPECIFIED.);
#5678 = CARTESIAN_POINT('',(0.,3.14159265359));
#5679 = CARTESIAN_POINT('',(1.515366839522E-02,3.141592706765));
#5680 = CARTESIAN_POINT('',(4.547873464057E-02,3.141592601317));
#5681 = CARTESIAN_POINT('',(9.098452832607E-02,3.141592023919));
#5682 = CARTESIAN_POINT('',(0.136464537529,3.141591090195));
#5683 = CARTESIAN_POINT('',(0.181906230084,3.141590399479));
#5684 = CARTESIAN_POINT('',(0.227310938405,3.141590392201));
#5685 = CARTESIAN_POINT('',(0.272692022273,3.14159118048));
#5686 = CARTESIAN_POINT('',(0.318069350543,3.141592473616));
#5687 = CARTESIAN_POINT('',(0.363465271498,3.141593720446));
#5688 = CARTESIAN_POINT('',(0.40890040072,3.141594375475));
#5689 = CARTESIAN_POINT('',(0.454389409829,3.141594190692));
#5690 = CARTESIAN_POINT('',(0.499936103177,3.141593403908));
#5691 = CARTESIAN_POINT('',(0.545529014594,3.141592639732));
#5692 = CARTESIAN_POINT('',(0.591132686058,3.141592564167));
#5693 = CARTESIAN_POINT('',(0.636695546316,3.141592683719));
#5694 = CARTESIAN_POINT('',(0.682197898431,3.141592622991));
#5695 = CARTESIAN_POINT('',(0.727638980096,3.141592520305));
#5696 = CARTESIAN_POINT('',(0.77303187141,3.141592508562));
#5697 = CARTESIAN_POINT('',(0.8183974454,3.14159260545));
#5698 = CARTESIAN_POINT('',(0.863759456916,3.141592711738));
#5699 = CARTESIAN_POINT('',(0.909139033106,3.141592726937));
#5700 = CARTESIAN_POINT('',(0.954551849458,3.141592668592));
#5701 = CARTESIAN_POINT('',(0.984847046604,3.141592647197));
#5702 = CARTESIAN_POINT('',(1.,3.14159265359));
#5703 = ( GEOMETRIC_REPRESENTATION_CONTEXT(2) 
PARAMETRIC_REPRESENTATION_CONTEXT() REPRESENTATION_CONTEXT('2D SPACE',''
  ) );
#5704 = PCURVE('',#5066,#5705);
#5705 = DEFINITIONAL_REPRESENTATION('',(#5706),#5710);
#5706 = LINE('',#5707,#5708);
#5707 = CARTESIAN_POINT('',(0.35542120169,1.570796326795));
#5708 = VECTOR('',#5709,1.);
#5709 = DIRECTION('',(-4.240739575285E-16,1.));
#5710 = ( GEOMETRIC_REPRESENTATION_CONTEXT(2) 
PARAMETRIC_REPRESENTATION_CONTEXT() REPRESENTATION_CONTEXT('2D SPACE',''
  ) );
#5711 = ORIENTED_EDGE('',*,*,#4230,.T.);
#5712 = ORIENTED_EDGE('',*,*,#5713,.F.);
#5713 = EDGE_CURVE('',#5714,#4233,#5716,.T.);
#5714 = VERTEX_POINT('',#5715);
#5715 = CARTESIAN_POINT('',(62.387498267418,162.22,-34.77348626689));
#5716 = SURFACE_CURVE('',#5717,(#5722,#5728),.PCURVE_S1.);
#5717 = CIRCLE('',#5718,4.);
#5718 = AXIS2_PLACEMENT_3D('',#5719,#5720,#5721);
#5719 = CARTESIAN_POINT('',(61.93223563717,166.,-36.));
#5720 = DIRECTION('',(0.9375,0.,-0.347985272677));
#5721 = DIRECTION('',(0.347985272677,0.,0.9375));
#5722 = PCURVE('',#4272,#5723);
#5723 = DEFINITIONAL_REPRESENTATION('',(#5724),#5727);
#5724 = B_SPLINE_CURVE_WITH_KNOTS('',1,(#5725,#5726),.UNSPECIFIED.,.F.,
  .F.,(2,2),(1.237594602774,1.570796326795),.PIECEWISE_BEZIER_KNOTS.);
#5725 = CARTESIAN_POINT('',(0.212176248386,-3.141590437148));
#5726 = CARTESIAN_POINT('',(2.970235506169E-16,-3.14159265359));
#5727 = ( GEOMETRIC_REPRESENTATION_CONTEXT(2) 
PARAMETRIC_REPRESENTATION_CONTEXT() REPRESENTATION_CONTEXT('2D SPACE',''
  ) );
#5728 = PCURVE('',#5014,#5729);
#5729 = DEFINITIONAL_REPRESENTATION('',(#5730),#5734);
#5730 = LINE('',#5731,#5732);
#5731 = CARTESIAN_POINT('',(5.927764105489,3.14159265359));
#5732 = VECTOR('',#5733,1.);
#5733 = DIRECTION('',(-5.654319433713E-16,-1.));
#5734 = ( GEOMETRIC_REPRESENTATION_CONTEXT(2) 
PARAMETRIC_REPRESENTATION_CONTEXT() REPRESENTATION_CONTEXT('2D SPACE',''
  ) );
#5735 = ORIENTED_EDGE('',*,*,#5736,.T.);
#5736 = EDGE_CURVE('',#5714,#5737,#5739,.T.);
#5737 = VERTEX_POINT('',#5738);
#5738 = CARTESIAN_POINT('',(70.212,162.22,-35.37918221087));
#5739 = SURFACE_CURVE('',#5740,(#5761,#5785),.PCURVE_S1.);
#5740 = B_SPLINE_CURVE_WITH_KNOTS('',7,(#5741,#5742,#5743,#5744,#5745,
    #5746,#5747,#5748,#5749,#5750,#5751,#5752,#5753,#5754,#5755,#5756,
    #5757,#5758,#5759,#5760),.UNSPECIFIED.,.F.,.F.,(8,6,6,8),(0.,
    0.373907448484,0.752087170576,1.),.UNSPECIFIED.);
#5741 = CARTESIAN_POINT('',(62.380395880761,162.22,-34.7926206614));
#5742 = CARTESIAN_POINT('',(62.771888008872,162.22,-34.93721433508));
#5743 = CARTESIAN_POINT('',(63.172395581323,162.22,-35.06219167698));
#5744 = CARTESIAN_POINT('',(63.579796633103,162.22,-35.16915638637));
#5745 = CARTESIAN_POINT('',(63.992301623488,162.22,-35.25981550229));
#5746 = CARTESIAN_POINT('',(64.408543559548,162.22,-35.33562721924));
#5747 = CARTESIAN_POINT('',(64.827531512751,162.22,-35.39779525226));
#5748 = CARTESIAN_POINT('',(65.674535645659,162.22,-35.49734753761));
#5749 = CARTESIAN_POINT('',(66.102501583994,162.22,-35.53442903755));
#5750 = CARTESIAN_POINT('',(66.531772791109,162.22,-35.55953468656));
#5751 = CARTESIAN_POINT('',(66.961738602441,162.22,-35.57341042138));
#5752 = CARTESIAN_POINT('',(67.391899506975,162.22,-35.57662802223));
#5753 = CARTESIAN_POINT('',(67.821852036159,162.22,-35.56966504115));
#5754 = CARTESIAN_POINT('',(68.532804115149,162.22,-35.54204755227));
#5755 = CARTESIAN_POINT('',(68.814080934157,162.22,-35.52694254821));
#5756 = CARTESIAN_POINT('',(69.095013691565,162.22,-35.5074136893));
#5757 = CARTESIAN_POINT('',(69.375464760721,162.22,-35.48319368211));
#5758 = CARTESIAN_POINT('',(69.655261317676,162.22,-35.45398626302));
#5759 = CARTESIAN_POINT('',(69.934191405734,162.22,-35.41945001941));
#5760 = CARTESIAN_POINT('',(70.212,162.22,-35.37918221087));
#5761 = PCURVE('',#4272,#5762);
#5762 = DEFINITIONAL_REPRESENTATION('',(#5763),#5784);
#5763 = B_SPLINE_CURVE_WITH_KNOTS('',7,(#5764,#5765,#5766,#5767,#5768,
    #5769,#5770,#5771,#5772,#5773,#5774,#5775,#5776,#5777,#5778,#5779,
    #5780,#5781,#5782,#5783),.UNSPECIFIED.,.F.,.F.,(8,6,6,8),(0.,
    0.373907448484,0.752087170576,1.),.UNSPECIFIED.);
#5764 = CARTESIAN_POINT('',(0.209109988883,-3.14159265359));
#5765 = CARTESIAN_POINT('',(0.20135986185,-2.877653837597));
#5766 = CARTESIAN_POINT('',(0.19527669196,-2.616525359728));
#5767 = CARTESIAN_POINT('',(0.190636318318,-2.357727934816));
#5768 = CARTESIAN_POINT('',(0.187183044845,-2.100851662871));
#5769 = CARTESIAN_POINT('',(0.184691429944,-1.845562034587));
#5770 = CARTESIAN_POINT('',(0.182969827384,-1.591513230407));
#5771 = CARTESIAN_POINT('',(0.180723013475,-1.082228046944));
#5772 = CARTESIAN_POINT('',(0.180211975076,-0.82707040286));
#5773 = CARTESIAN_POINT('',(0.180148318005,-0.572496544354));
#5774 = CARTESIAN_POINT('',(0.180388812279,-0.318244294325));
#5775 = CARTESIAN_POINT('',(0.180807879912,-6.4090183645E-02));
#5776 = CARTESIAN_POINT('',(0.181286541301,0.190171721224));
#5777 = CARTESIAN_POINT('',(0.181972355525,0.611596078222));
#5778 = CARTESIAN_POINT('',(0.182214689655,0.778581854952));
#5779 = CARTESIAN_POINT('',(0.182483936164,0.945738891114));
#5780 = CARTESIAN_POINT('',(0.182836997134,1.113128375487));
#5781 = CARTESIAN_POINT('',(0.183333685584,1.280820788979));
#5782 = CARTESIAN_POINT('',(0.184038873298,1.448900194489));
#5783 = CARTESIAN_POINT('',(0.185024638645,1.617468526781));
#5784 = ( GEOMETRIC_REPRESENTATION_CONTEXT(2) 
PARAMETRIC_REPRESENTATION_CONTEXT() REPRESENTATION_CONTEXT('2D SPACE',''
  ) );
#5785 = PCURVE('',#4971,#5786);
#5786 = DEFINITIONAL_REPRESENTATION('',(#5787),#5808);
#5787 = B_SPLINE_CURVE_WITH_KNOTS('',7,(#5788,#5789,#5790,#5791,#5792,
    #5793,#5794,#5795,#5796,#5797,#5798,#5799,#5800,#5801,#5802,#5803,
    #5804,#5805,#5806,#5807),.UNSPECIFIED.,.F.,.F.,(8,6,6,8),(0.,
    0.373907448484,0.752087170576,1.),.UNSPECIFIED.);
#5788 = CARTESIAN_POINT('',(37.2073793586,13.768395880761));
#5789 = CARTESIAN_POINT('',(37.06278568492,14.159888008872));
#5790 = CARTESIAN_POINT('',(36.93780834302,14.560395581323));
#5791 = CARTESIAN_POINT('',(36.83084363363,14.967796633103));
#5792 = CARTESIAN_POINT('',(36.74018451771,15.380301623488));
#5793 = CARTESIAN_POINT('',(36.66437280076,15.796543559548));
#5794 = CARTESIAN_POINT('',(36.60220476774,16.215531512751));
#5795 = CARTESIAN_POINT('',(36.50265248239,17.062535645659));
#5796 = CARTESIAN_POINT('',(36.46557098245,17.490501583994));
#5797 = CARTESIAN_POINT('',(36.44046533344,17.919772791109));
#5798 = CARTESIAN_POINT('',(36.42658959862,18.349738602441));
#5799 = CARTESIAN_POINT('',(36.42337199777,18.779899506975));
#5800 = CARTESIAN_POINT('',(36.43033497885,19.209852036159));
#5801 = CARTESIAN_POINT('',(36.45795246773,19.920804115149));
#5802 = CARTESIAN_POINT('',(36.47305747179,20.202080934157));
#5803 = CARTESIAN_POINT('',(36.4925863307,20.483013691565));
#5804 = CARTESIAN_POINT('',(36.51680633789,20.763464760721));
#5805 = CARTESIAN_POINT('',(36.54601375698,21.043261317676));
#5806 = CARTESIAN_POINT('',(36.58055000059,21.322191405734));
#5807 = CARTESIAN_POINT('',(36.62081780913,21.6));
#5808 = ( GEOMETRIC_REPRESENTATION_CONTEXT(2) 
PARAMETRIC_REPRESENTATION_CONTEXT() REPRESENTATION_CONTEXT('2D SPACE',''
  ) );
#5809 = ORIENTED_EDGE('',*,*,#5810,.F.);
#5810 = EDGE_CURVE('',#5811,#5737,#5813,.T.);
#5811 = VERTEX_POINT('',#5812);
#5812 = CARTESIAN_POINT('',(70.212,165.98319578312,-32.68941845525));
#5813 = SURFACE_CURVE('',#5814,(#5841,#5871),.PCURVE_S1.);
#5814 = B_SPLINE_CURVE_WITH_KNOTS('',5,(#5815,#5816,#5817,#5818,#5819,
    #5820,#5821,#5822,#5823,#5824,#5825,#5826,#5827,#5828,#5829,#5830,
    #5831,#5832,#5833,#5834,#5835,#5836,#5837,#5838,#5839,#5840),
  .UNSPECIFIED.,.F.,.F.,(6,4,4,4,4,4,6),(0.,9.682514112858E-02,
    0.308005646577,0.525239140656,0.633146748194,0.877376944687,1.),
  .UNSPECIFIED.);
#5815 = CARTESIAN_POINT('',(70.212,165.98319578312,-32.68941845525));
#5816 = CARTESIAN_POINT('',(70.212,165.88742810836,-32.68943359111));
#5817 = CARTESIAN_POINT('',(70.212,165.7916655052,-32.69248471964));
#5818 = CARTESIAN_POINT('',(70.212,165.69603895465,-32.69853082991));
#5819 = CARTESIAN_POINT('',(70.212,165.60067257573,-32.70752840124));
#5820 = CARTESIAN_POINT('',(70.212,165.29850794474,-32.74539244942));
#5821 = CARTESIAN_POINT('',(70.212,165.09313885703,-32.78517417773));
#5822 = CARTESIAN_POINT('',(70.212,164.89076621947,-32.8383076575));
#5823 = CARTESIAN_POINT('',(70.212,164.69250887365,-32.90431822402));
#5824 = CARTESIAN_POINT('',(70.212,164.30082516647,-33.06351406779));
#5825 = CARTESIAN_POINT('',(70.212,164.1077172316,-33.15741716553));
#5826 = CARTESIAN_POINT('',(70.212,163.92127029196,-33.26404502296));
#5827 = CARTESIAN_POINT('',(70.212,163.74273036074,-33.38295281857));
#5828 = CARTESIAN_POINT('',(70.212,163.48924859562,-33.57851021089));
#5829 = CARTESIAN_POINT('',(70.212,163.40739344263,-33.64631029326));
#5830 = CARTESIAN_POINT('',(70.212,163.32789404071,-33.7168493356));
#5831 = CARTESIAN_POINT('',(70.212,163.2508220188,-33.78997132697));
#5832 = CARTESIAN_POINT('',(70.212,163.00744008072,-34.03654720954));
#5833 = CARTESIAN_POINT('',(70.212,162.85141904588,-34.22003099352));
#5834 = CARTESIAN_POINT('',(70.212,162.70886716134,-34.41433538227));
#5835 = CARTESIAN_POINT('',(70.212,162.58043448151,-34.6179490793));
#5836 = CARTESIAN_POINT('',(70.212,162.40978881023,-34.93580807513));
#5837 = CARTESIAN_POINT('',(70.212,162.35648966786,-35.04406550755));
#5838 = CARTESIAN_POINT('',(70.212,162.3070235202,-35.15416255009));
#5839 = CARTESIAN_POINT('',(70.212,162.26149087054,-35.26592626948));
#5840 = CARTESIAN_POINT('',(70.212,162.22,-35.37918221087));
#5841 = PCURVE('',#4272,#5842);
#5842 = DEFINITIONAL_REPRESENTATION('',(#5843),#5870);
#5843 = B_SPLINE_CURVE_WITH_KNOTS('',5,(#5844,#5845,#5846,#5847,#5848,
    #5849,#5850,#5851,#5852,#5853,#5854,#5855,#5856,#5857,#5858,#5859,
    #5860,#5861,#5862,#5863,#5864,#5865,#5866,#5867,#5868,#5869),
  .UNSPECIFIED.,.F.,.F.,(6,4,4,4,4,4,6),(0.,9.682514112858E-02,
    0.308005646577,0.525239140656,0.633146748194,0.877376944687,1.),
  .UNSPECIFIED.);
#5844 = CARTESIAN_POINT('',(1.,2.015138331011));
#5845 = CARTESIAN_POINT('',(0.984192164939,2.01419992134));
#5846 = CARTESIAN_POINT('',(0.968387748497,2.012757053914));
#5847 = CARTESIAN_POINT('',(0.952588467232,2.010818433049));
#5848 = CARTESIAN_POINT('',(0.936795087926,2.008395423442));
#5849 = CARTESIAN_POINT('',(0.886573745882,1.99919145746));
#5850 = CARTESIAN_POINT('',(0.852169190628,1.990643436218));
#5851 = CARTESIAN_POINT('',(0.817787463768,1.980000805204));
#5852 = CARTESIAN_POINT('',(0.783416610492,1.967454308391));
#5853 = CARTESIAN_POINT('',(0.713675802228,1.938545293134));
#5854 = CARTESIAN_POINT('',(0.678308387122,1.922084955152));
#5855 = CARTESIAN_POINT('',(0.642917478381,1.90404144089));
#5856 = CARTESIAN_POINT('',(0.607500355836,1.884654197502));
#5857 = CARTESIAN_POINT('',(0.554472610286,1.853985159424));
#5858 = CARTESIAN_POINT('',(0.536871433388,1.843534537175));
#5859 = CARTESIAN_POINT('',(0.519271602842,1.832854733179));
#5860 = CARTESIAN_POINT('',(0.501675069308,1.82198585482));
#5861 = CARTESIAN_POINT('',(0.444263381561,1.786016728887));
#5862 = CARTESIAN_POINT('',(0.404467420197,1.760286986051));
#5863 = CARTESIAN_POINT('',(0.364686250448,1.734184260127));
#5864 = CARTESIAN_POINT('',(0.324904733474,1.70802313903));
#5865 = CARTESIAN_POINT('',(0.265096938724,1.668976439264));
#5866 = CARTESIAN_POINT('',(0.245097907946,1.655967406739));
#5867 = CARTESIAN_POINT('',(0.225087674707,1.643030039514));
#5868 = CARTESIAN_POINT('',(0.205063784334,1.630189800287));
#5869 = CARTESIAN_POINT('',(0.185024638645,1.617468526781));
#5870 = ( GEOMETRIC_REPRESENTATION_CONTEXT(2) 
PARAMETRIC_REPRESENTATION_CONTEXT() REPRESENTATION_CONTEXT('2D SPACE',''
  ) );
#5871 = PCURVE('',#5872,#5877);
#5872 = PLANE('',#5873);
#5873 = AXIS2_PLACEMENT_3D('',#5874,#5875,#5876);
#5874 = CARTESIAN_POINT('',(70.212,162.22,-72.00000002));
#5875 = DIRECTION('',(1.,0.,0.));
#5876 = DIRECTION('',(0.,0.,1.));
#5877 = DEFINITIONAL_REPRESENTATION('',(#5878),#5905);
#5878 = B_SPLINE_CURVE_WITH_KNOTS('',5,(#5879,#5880,#5881,#5882,#5883,
    #5884,#5885,#5886,#5887,#5888,#5889,#5890,#5891,#5892,#5893,#5894,
    #5895,#5896,#5897,#5898,#5899,#5900,#5901,#5902,#5903,#5904),
  .UNSPECIFIED.,.F.,.F.,(6,4,4,4,4,4,6),(0.,9.682514112858E-02,
    0.308005646577,0.525239140656,0.633146748194,0.877376944687,1.),
  .UNSPECIFIED.);
#5879 = CARTESIAN_POINT('',(39.31058156475,-3.76319578312));
#5880 = CARTESIAN_POINT('',(39.31056642889,-3.66742810836));
#5881 = CARTESIAN_POINT('',(39.30751530036,-3.5716655052));
#5882 = CARTESIAN_POINT('',(39.30146919009,-3.47603895465));
#5883 = CARTESIAN_POINT('',(39.29247161876,-3.38067257573));
#5884 = CARTESIAN_POINT('',(39.25460757058,-3.07850794474));
#5885 = CARTESIAN_POINT('',(39.21482584227,-2.87313885703));
#5886 = CARTESIAN_POINT('',(39.1616923625,-2.67076621947));
#5887 = CARTESIAN_POINT('',(39.09568179598,-2.47250887365));
#5888 = CARTESIAN_POINT('',(38.93648595221,-2.08082516647));
#5889 = CARTESIAN_POINT('',(38.84258285447,-1.8877172316));
#5890 = CARTESIAN_POINT('',(38.73595499704,-1.70127029196));
#5891 = CARTESIAN_POINT('',(38.61704720143,-1.52273036074));
#5892 = CARTESIAN_POINT('',(38.42148980911,-1.26924859562));
#5893 = CARTESIAN_POINT('',(38.35368972674,-1.18739344263));
#5894 = CARTESIAN_POINT('',(38.2831506844,-1.10789404071));
#5895 = CARTESIAN_POINT('',(38.21002869303,-1.0308220188));
#5896 = CARTESIAN_POINT('',(37.96345281046,-0.78744008072));
#5897 = CARTESIAN_POINT('',(37.77996902648,-0.63141904588));
#5898 = CARTESIAN_POINT('',(37.58566463773,-0.48886716134));
#5899 = CARTESIAN_POINT('',(37.3820509407,-0.36043448151));
#5900 = CARTESIAN_POINT('',(37.06419194487,-0.18978881023));
#5901 = CARTESIAN_POINT('',(36.95593451245,-0.13648966786));
#5902 = CARTESIAN_POINT('',(36.84583746991,-8.702352020001E-02));
#5903 = CARTESIAN_POINT('',(36.73407375052,-4.149087054E-02));
#5904 = CARTESIAN_POINT('',(36.62081780913,0.));
#5905 = ( GEOMETRIC_REPRESENTATION_CONTEXT(2) 
PARAMETRIC_REPRESENTATION_CONTEXT() REPRESENTATION_CONTEXT('2D SPACE',''
  ) );
#5906 = ORIENTED_EDGE('',*,*,#5907,.T.);
#5907 = EDGE_CURVE('',#5811,#5667,#5908,.T.);
#5908 = SURFACE_CURVE('',#5909,(#5915,#5922),.PCURVE_S1.);
#5909 = B_SPLINE_CURVE_WITH_KNOTS('',3,(#5910,#5911,#5912,#5913,#5914),
  .UNSPECIFIED.,.F.,.F.,(4,1,4),(-3.14159265359,0.448798950513,
    3.14159265359),.QUASI_UNIFORM_KNOTS.);
#5910 = CARTESIAN_POINT('',(63.324176727878,166.,-32.25));
#5911 = CARTESIAN_POINT('',(64.847448833588,166.,-32.81541467633));
#5912 = CARTESIAN_POINT('',(67.715796739427,165.89921130858,
    -33.25534915528));
#5913 = CARTESIAN_POINT('',(70.53336919284,166.,-32.67406100725));
#5914 = CARTESIAN_POINT('',(71.675823272123,166.,-32.25));
#5915 = PCURVE('',#4272,#5916);
#5916 = DEFINITIONAL_REPRESENTATION('',(#5917),#5921);
#5917 = LINE('',#5918,#5919);
#5918 = CARTESIAN_POINT('',(1.,-7.549516567451E-15));
#5919 = VECTOR('',#5920,1.);
#5920 = DIRECTION('',(6.00771439832E-16,1.));
#5921 = ( GEOMETRIC_REPRESENTATION_CONTEXT(2) 
PARAMETRIC_REPRESENTATION_CONTEXT() REPRESENTATION_CONTEXT('2D SPACE',''
  ) );
#5922 = PCURVE('',#5096,#5923);
#5923 = DEFINITIONAL_REPRESENTATION('',(#5924),#5950);
#5924 = B_SPLINE_CURVE_WITH_KNOTS('',3,(#5925,#5926,#5927,#5928,#5929,
    #5930,#5931,#5932,#5933,#5934,#5935,#5936,#5937,#5938,#5939,#5940,
    #5941,#5942,#5943,#5944,#5945,#5946,#5947,#5948,#5949),
  .UNSPECIFIED.,.F.,.F.,(4,1,1,1,1,1,1,1,1,1,1,1,1,1,1,1,1,1,1,1,1,1,4),
  (-3.14159265359,-2.855993321445,-2.570393989301,-2.284794657156,
    -1.999195325012,-1.713595992867,-1.427996660723,-1.142397328578,
    -0.856797996434,-0.571198664289,-0.285599332145,-4.884981308351E-15,
    0.285599332145,0.571198664289,0.856797996434,1.142397328578,
    1.427996660723,1.713595992867,1.999195325012,2.284794657156,
    2.570393989301,2.855993321445,3.14159265359),.UNSPECIFIED.);
#5925 = CARTESIAN_POINT('',(-1.215375125105,4.));
#5926 = CARTESIAN_POINT('',(-1.226145674753,4.));
#5927 = CARTESIAN_POINT('',(-1.247686242028,3.999271156163));
#5928 = CARTESIAN_POINT('',(-1.279996498679,3.996364063081));
#5929 = CARTESIAN_POINT('',(-1.312307420148,3.992015847074));
#5930 = CARTESIAN_POINT('',(-1.34461936504,3.986599211772));
#5931 = CARTESIAN_POINT('',(-1.376932274431,3.980486863685));
#5932 = CARTESIAN_POINT('',(-1.409245718622,3.97405149857));
#5933 = CARTESIAN_POINT('',(-1.441559063385,3.967665852316));
#5934 = CARTESIAN_POINT('',(-1.473871605684,3.961702511038));
#5935 = CARTESIAN_POINT('',(-1.506182718848,3.956534619812));
#5936 = CARTESIAN_POINT('',(-1.538491992675,3.952533237644));
#5937 = CARTESIAN_POINT('',(-1.570799381826,3.950077208862));
#5938 = CARTESIAN_POINT('',(-1.603105319027,3.949516322579));
#5939 = CARTESIAN_POINT('',(-1.635410949204,3.951308803439));
#5940 = CARTESIAN_POINT('',(-1.667717840482,3.95543364833));
#5941 = CARTESIAN_POINT('',(-1.700026650801,3.961215720897));
#5942 = CARTESIAN_POINT('',(-1.732337512633,3.96810781547));
#5943 = CARTESIAN_POINT('',(-1.764650125577,3.975528447457));
#5944 = CARTESIAN_POINT('',(-1.796963914018,3.982905317277));
#5945 = CARTESIAN_POINT('',(-1.829278164989,3.989663664227));
#5946 = CARTESIAN_POINT('',(-1.861592189026,3.995229387078));
#5947 = CARTESIAN_POINT('',(-1.893905413181,3.999028207832));
#5948 = CARTESIAN_POINT('',(-1.91544695243,4.));
#5949 = CARTESIAN_POINT('',(-1.926217528485,4.));
#5950 = ( GEOMETRIC_REPRESENTATION_CONTEXT(2) 
PARAMETRIC_REPRESENTATION_CONTEXT() REPRESENTATION_CONTEXT('2D SPACE',''
  ) );
#5951 = ADVANCED_FACE('',(#5952),#4554,.T.);
#5952 = FACE_BOUND('',#5953,.T.);
#5953 = EDGE_LOOP('',(#5954,#5955,#5956,#5957));
#5954 = ORIENTED_EDGE('',*,*,#4667,.F.);
#5955 = ORIENTED_EDGE('',*,*,#4538,.F.);
#5956 = ORIENTED_EDGE('',*,*,#4591,.F.);
#5957 = ORIENTED_EDGE('',*,*,#4700,.F.);
#5958 = ADVANCED_FACE('',(#5959),#4971,.T.);
#5959 = FACE_BOUND('',#5960,.T.);
#5960 = EDGE_LOOP('',(#5961,#5984,#5985,#6011,#6012,#6035));
#5961 = ORIENTED_EDGE('',*,*,#5962,.F.);
#5962 = EDGE_CURVE('',#5737,#5963,#5965,.T.);
#5963 = VERTEX_POINT('',#5964);
#5964 = CARTESIAN_POINT('',(70.212,162.22,-27.47227643491));
#5965 = SURFACE_CURVE('',#5966,(#5970,#5977),.PCURVE_S1.);
#5966 = LINE('',#5967,#5968);
#5967 = CARTESIAN_POINT('',(70.212,162.22,-72.00000002));
#5968 = VECTOR('',#5969,1.);
#5969 = DIRECTION('',(0.,0.,1.));
#5970 = PCURVE('',#4971,#5971);
#5971 = DEFINITIONAL_REPRESENTATION('',(#5972),#5976);
#5972 = LINE('',#5973,#5974);
#5973 = CARTESIAN_POINT('',(0.,21.6));
#5974 = VECTOR('',#5975,1.);
#5975 = DIRECTION('',(1.,0.));
#5976 = ( GEOMETRIC_REPRESENTATION_CONTEXT(2) 
PARAMETRIC_REPRESENTATION_CONTEXT() REPRESENTATION_CONTEXT('2D SPACE',''
  ) );
#5977 = PCURVE('',#5872,#5978);
#5978 = DEFINITIONAL_REPRESENTATION('',(#5979),#5983);
#5979 = LINE('',#5980,#5981);
#5980 = CARTESIAN_POINT('',(0.,0.));
#5981 = VECTOR('',#5982,1.);
#5982 = DIRECTION('',(1.,0.));
#5983 = ( GEOMETRIC_REPRESENTATION_CONTEXT(2) 
PARAMETRIC_REPRESENTATION_CONTEXT() REPRESENTATION_CONTEXT('2D SPACE',''
  ) );
#5984 = ORIENTED_EDGE('',*,*,#5736,.F.);
#5985 = ORIENTED_EDGE('',*,*,#5986,.F.);
#5986 = EDGE_CURVE('',#4922,#5714,#5987,.T.);
#5987 = SURFACE_CURVE('',#5988,(#5993,#6004),.PCURVE_S1.);
#5988 = CIRCLE('',#5989,14.691718684686);
#5989 = AXIS2_PLACEMENT_3D('',#5990,#5991,#5992);
#5990 = CARTESIAN_POINT('',(67.5,162.22,-21.));
#5991 = DIRECTION('',(0.,-1.,0.));
#5992 = DIRECTION('',(0.,0.,-1.));
#5993 = PCURVE('',#4971,#5994);
#5994 = DEFINITIONAL_REPRESENTATION('',(#5995),#6003);
#5995 = ( BOUNDED_CURVE() B_SPLINE_CURVE(2,(#5996,#5997,#5998,#5999,
#6000,#6001,#6002),.UNSPECIFIED.,.T.,.F.) B_SPLINE_CURVE_WITH_KNOTS((1,2
    ,2,2,2,1),(-2.094395102393,0.,2.094395102393,4.188790204786,
6.28318530718,8.377580409573),.UNSPECIFIED.) CURVE() 
GEOMETRIC_REPRESENTATION_ITEM() RATIONAL_B_SPLINE_CURVE((1.,0.5,1.,0.5,
1.,0.5,1.)) REPRESENTATION_ITEM('') );
#5996 = CARTESIAN_POINT('',(36.308281335314,18.888));
#5997 = CARTESIAN_POINT('',(36.308281335314,44.334803212385));
#5998 = CARTESIAN_POINT('',(58.345859362343,31.611401606193));
#5999 = CARTESIAN_POINT('',(80.383437389372,18.888));
#6000 = CARTESIAN_POINT('',(58.345859362343,6.164598393807));
#6001 = CARTESIAN_POINT('',(36.308281335314,-6.558803212385));
#6002 = CARTESIAN_POINT('',(36.308281335314,18.888));
#6003 = ( GEOMETRIC_REPRESENTATION_CONTEXT(2) 
PARAMETRIC_REPRESENTATION_CONTEXT() REPRESENTATION_CONTEXT('2D SPACE',''
  ) );
#6004 = PCURVE('',#5014,#6005);
#6005 = DEFINITIONAL_REPRESENTATION('',(#6006),#6010);
#6006 = LINE('',#6007,#6008);
#6007 = CARTESIAN_POINT('',(0.,1.903998050815));
#6008 = VECTOR('',#6009,1.);
#6009 = DIRECTION('',(1.,0.));
#6010 = ( GEOMETRIC_REPRESENTATION_CONTEXT(2) 
PARAMETRIC_REPRESENTATION_CONTEXT() REPRESENTATION_CONTEXT('2D SPACE',''
  ) );
#6011 = ORIENTED_EDGE('',*,*,#4919,.F.);
#6012 = ORIENTED_EDGE('',*,*,#6013,.F.);
#6013 = EDGE_CURVE('',#6014,#4920,#6016,.T.);
#6014 = VERTEX_POINT('',#6015);
#6015 = CARTESIAN_POINT('',(70.212,162.22,-14.52772356508));
#6016 = SURFACE_CURVE('',#6017,(#6021,#6028),.PCURVE_S1.);
#6017 = LINE('',#6018,#6019);
#6018 = CARTESIAN_POINT('',(70.212,162.22,-72.00000002));
#6019 = VECTOR('',#6020,1.);
#6020 = DIRECTION('',(0.,0.,1.));
#6021 = PCURVE('',#4971,#6022);
#6022 = DEFINITIONAL_REPRESENTATION('',(#6023),#6027);
#6023 = LINE('',#6024,#6025);
#6024 = CARTESIAN_POINT('',(0.,21.6));
#6025 = VECTOR('',#6026,1.);
#6026 = DIRECTION('',(1.,0.));
#6027 = ( GEOMETRIC_REPRESENTATION_CONTEXT(2) 
PARAMETRIC_REPRESENTATION_CONTEXT() REPRESENTATION_CONTEXT('2D SPACE',''
  ) );
#6028 = PCURVE('',#5190,#6029);
#6029 = DEFINITIONAL_REPRESENTATION('',(#6030),#6034);
#6030 = LINE('',#6031,#6032);
#6031 = CARTESIAN_POINT('',(0.,0.));
#6032 = VECTOR('',#6033,1.);
#6033 = DIRECTION('',(1.,0.));
#6034 = ( GEOMETRIC_REPRESENTATION_CONTEXT(2) 
PARAMETRIC_REPRESENTATION_CONTEXT() REPRESENTATION_CONTEXT('2D SPACE',''
  ) );
#6035 = ORIENTED_EDGE('',*,*,#6036,.T.);
#6036 = EDGE_CURVE('',#6014,#5963,#6037,.T.);
#6037 = SURFACE_CURVE('',#6038,(#6043,#6054),.PCURVE_S1.);
#6038 = CIRCLE('',#6039,7.0175);
#6039 = AXIS2_PLACEMENT_3D('',#6040,#6041,#6042);
#6040 = CARTESIAN_POINT('',(67.5,162.22,-21.));
#6041 = DIRECTION('',(0.,-1.,0.));
#6042 = DIRECTION('',(-1.,0.,0.));
#6043 = PCURVE('',#4971,#6044);
#6044 = DEFINITIONAL_REPRESENTATION('',(#6045),#6053);
#6045 = ( BOUNDED_CURVE() B_SPLINE_CURVE(2,(#6046,#6047,#6048,#6049,
#6050,#6051,#6052),.UNSPECIFIED.,.T.,.F.) B_SPLINE_CURVE_WITH_KNOTS((1,2
    ,2,2,2,1),(-2.094395102393,0.,2.094395102393,4.188790204786,
6.28318530718,8.377580409573),.UNSPECIFIED.) CURVE() 
GEOMETRIC_REPRESENTATION_ITEM() RATIONAL_B_SPLINE_CURVE((1.,0.5,1.,0.5,
1.,0.5,1.)) REPRESENTATION_ITEM('') );
#6046 = CARTESIAN_POINT('',(51.00000002,11.8705));
#6047 = CARTESIAN_POINT('',(38.845333477885,11.8705));
#6048 = CARTESIAN_POINT('',(44.922666748943,22.39675));
#6049 = CARTESIAN_POINT('',(51.00000002,32.923));
#6050 = CARTESIAN_POINT('',(57.077333291057,22.39675));
#6051 = CARTESIAN_POINT('',(63.154666562115,11.8705));
#6052 = CARTESIAN_POINT('',(51.00000002,11.8705));
#6053 = ( GEOMETRIC_REPRESENTATION_CONTEXT(2) 
PARAMETRIC_REPRESENTATION_CONTEXT() REPRESENTATION_CONTEXT('2D SPACE',''
  ) );
#6054 = PCURVE('',#6055,#6060);
#6055 = CYLINDRICAL_SURFACE('',#6056,7.0175);
#6056 = AXIS2_PLACEMENT_3D('',#6057,#6058,#6059);
#6057 = CARTESIAN_POINT('',(67.5,162.,-21.));
#6058 = DIRECTION('',(0.,-1.,0.));
#6059 = DIRECTION('',(-1.,0.,0.));
#6060 = DEFINITIONAL_REPRESENTATION('',(#6061),#6065);
#6061 = LINE('',#6062,#6063);
#6062 = CARTESIAN_POINT('',(-6.28318530718,-0.22));
#6063 = VECTOR('',#6064,1.);
#6064 = DIRECTION('',(1.,0.));
#6065 = ( GEOMETRIC_REPRESENTATION_CONTEXT(2) 
PARAMETRIC_REPRESENTATION_CONTEXT() REPRESENTATION_CONTEXT('2D SPACE',''
  ) );
#6066 = ADVANCED_FACE('',(#6067),#5014,.F.);
#6067 = FACE_BOUND('',#6068,.F.);
#6068 = EDGE_LOOP('',(#6069,#6070,#6071,#6072));
#6069 = ORIENTED_EDGE('',*,*,#5228,.F.);
#6070 = ORIENTED_EDGE('',*,*,#5713,.F.);
#6071 = ORIENTED_EDGE('',*,*,#5986,.F.);
#6072 = ORIENTED_EDGE('',*,*,#5000,.T.);
#6073 = ADVANCED_FACE('',(#6074),#5066,.F.);
#6074 = FACE_BOUND('',#6075,.F.);
#6075 = EDGE_LOOP('',(#6076,#6077,#6078,#6102,#6124));
#6076 = ORIENTED_EDGE('',*,*,#5310,.F.);
#6077 = ORIENTED_EDGE('',*,*,#5027,.F.);
#6078 = ORIENTED_EDGE('',*,*,#6079,.F.);
#6079 = EDGE_CURVE('',#6080,#5028,#6082,.T.);
#6080 = VERTEX_POINT('',#6081);
#6081 = CARTESIAN_POINT('',(79.5,166.,-21.));
#6082 = SURFACE_CURVE('',#6083,(#6088,#6095),.PCURVE_S1.);
#6083 = CIRCLE('',#6084,12.);
#6084 = AXIS2_PLACEMENT_3D('',#6085,#6086,#6087);
#6085 = CARTESIAN_POINT('',(67.5,166.,-21.));
#6086 = DIRECTION('',(0.,-1.,0.));
#6087 = DIRECTION('',(-1.,0.,0.));
#6088 = PCURVE('',#5066,#6089);
#6089 = DEFINITIONAL_REPRESENTATION('',(#6090),#6094);
#6090 = LINE('',#6091,#6092);
#6091 = CARTESIAN_POINT('',(-1.570796326795,3.14159265359));
#6092 = VECTOR('',#6093,1.);
#6093 = DIRECTION('',(1.,0.));
#6094 = ( GEOMETRIC_REPRESENTATION_CONTEXT(2) 
PARAMETRIC_REPRESENTATION_CONTEXT() REPRESENTATION_CONTEXT('2D SPACE',''
  ) );
#6095 = PCURVE('',#5096,#6096);
#6096 = DEFINITIONAL_REPRESENTATION('',(#6097),#6101);
#6097 = LINE('',#6098,#6099);
#6098 = CARTESIAN_POINT('',(6.28318530718,4.));
#6099 = VECTOR('',#6100,1.);
#6100 = DIRECTION('',(-1.,0.));
#6101 = ( GEOMETRIC_REPRESENTATION_CONTEXT(2) 
PARAMETRIC_REPRESENTATION_CONTEXT() REPRESENTATION_CONTEXT('2D SPACE',''
  ) );
#6102 = ORIENTED_EDGE('',*,*,#6103,.F.);
#6103 = EDGE_CURVE('',#5667,#6080,#6104,.T.);
#6104 = SURFACE_CURVE('',#6105,(#6110,#6117),.PCURVE_S1.);
#6105 = CIRCLE('',#6106,12.);
#6106 = AXIS2_PLACEMENT_3D('',#6107,#6108,#6109);
#6107 = CARTESIAN_POINT('',(67.5,166.,-21.));
#6108 = DIRECTION('',(0.,-1.,0.));
#6109 = DIRECTION('',(-1.,0.,0.));
#6110 = PCURVE('',#5066,#6111);
#6111 = DEFINITIONAL_REPRESENTATION('',(#6112),#6116);
#6112 = LINE('',#6113,#6114);
#6113 = CARTESIAN_POINT('',(-1.570796326795,3.14159265359));
#6114 = VECTOR('',#6115,1.);
#6115 = DIRECTION('',(1.,0.));
#6116 = ( GEOMETRIC_REPRESENTATION_CONTEXT(2) 
PARAMETRIC_REPRESENTATION_CONTEXT() REPRESENTATION_CONTEXT('2D SPACE',''
  ) );
#6117 = PCURVE('',#5096,#6118);
#6118 = DEFINITIONAL_REPRESENTATION('',(#6119),#6123);
#6119 = LINE('',#6120,#6121);
#6120 = CARTESIAN_POINT('',(1.7763568394E-15,4.));
#6121 = VECTOR('',#6122,1.);
#6122 = DIRECTION('',(-1.,0.));
#6123 = ( GEOMETRIC_REPRESENTATION_CONTEXT(2) 
PARAMETRIC_REPRESENTATION_CONTEXT() REPRESENTATION_CONTEXT('2D SPACE',''
  ) );
#6124 = ORIENTED_EDGE('',*,*,#5666,.F.);
#6125 = ADVANCED_FACE('',(#6126),#5096,.T.);
#6126 = FACE_BOUND('',#6127,.T.);
#6127 = EDGE_LOOP('',(#6128,#6151,#6178,#6179,#6180,#6181,#6203,#6232,
    #6252,#6253));
#6128 = ORIENTED_EDGE('',*,*,#6129,.F.);
#6129 = EDGE_CURVE('',#6130,#6080,#6132,.T.);
#6130 = VERTEX_POINT('',#6131);
#6131 = CARTESIAN_POINT('',(79.5,177.,-21.));
#6132 = SEAM_CURVE('',#6133,(#6137,#6144),.PCURVE_S1.);
#6133 = LINE('',#6134,#6135);
#6134 = CARTESIAN_POINT('',(79.5,162.,-21.));
#6135 = VECTOR('',#6136,1.);
#6136 = DIRECTION('',(0.,-1.,0.));
#6137 = PCURVE('',#5096,#6138);
#6138 = DEFINITIONAL_REPRESENTATION('',(#6139),#6143);
#6139 = LINE('',#6140,#6141);
#6140 = CARTESIAN_POINT('',(3.14159265359,0.));
#6141 = VECTOR('',#6142,1.);
#6142 = DIRECTION('',(0.,-1.));
#6143 = ( GEOMETRIC_REPRESENTATION_CONTEXT(2) 
PARAMETRIC_REPRESENTATION_CONTEXT() REPRESENTATION_CONTEXT('2D SPACE',''
  ) );
#6144 = PCURVE('',#5096,#6145);
#6145 = DEFINITIONAL_REPRESENTATION('',(#6146),#6150);
#6146 = LINE('',#6147,#6148);
#6147 = CARTESIAN_POINT('',(-3.14159265359,0.));
#6148 = VECTOR('',#6149,1.);
#6149 = DIRECTION('',(0.,-1.));
#6150 = ( GEOMETRIC_REPRESENTATION_CONTEXT(2) 
PARAMETRIC_REPRESENTATION_CONTEXT() REPRESENTATION_CONTEXT('2D SPACE',''
  ) );
#6151 = ORIENTED_EDGE('',*,*,#6152,.F.);
#6152 = EDGE_CURVE('',#6130,#6130,#6153,.T.);
#6153 = SURFACE_CURVE('',#6154,(#6159,#6166),.PCURVE_S1.);
#6154 = CIRCLE('',#6155,12.);
#6155 = AXIS2_PLACEMENT_3D('',#6156,#6157,#6158);
#6156 = CARTESIAN_POINT('',(67.5,177.,-21.));
#6157 = DIRECTION('',(0.,1.,0.));
#6158 = DIRECTION('',(-1.,0.,0.));
#6159 = PCURVE('',#5096,#6160);
#6160 = DEFINITIONAL_REPRESENTATION('',(#6161),#6165);
#6161 = LINE('',#6162,#6163);
#6162 = CARTESIAN_POINT('',(-6.28318530718,15.));
#6163 = VECTOR('',#6164,1.);
#6164 = DIRECTION('',(1.,0.));
#6165 = ( GEOMETRIC_REPRESENTATION_CONTEXT(2) 
PARAMETRIC_REPRESENTATION_CONTEXT() REPRESENTATION_CONTEXT('2D SPACE',''
  ) );
#6166 = PCURVE('',#6167,#6172);
#6167 = CONICAL_SURFACE('',#6168,10.5,0.785398163397);
#6168 = AXIS2_PLACEMENT_3D('',#6169,#6170,#6171);
#6169 = CARTESIAN_POINT('',(67.5,178.5,-21.));
#6170 = DIRECTION('',(0.,-1.,0.));
#6171 = DIRECTION('',(-1.,0.,0.));
#6172 = DEFINITIONAL_REPRESENTATION('',(#6173),#6177);
#6173 = LINE('',#6174,#6175);
#6174 = CARTESIAN_POINT('',(6.28318530718,1.5));
#6175 = VECTOR('',#6176,1.);
#6176 = DIRECTION('',(-1.,0.));
#6177 = ( GEOMETRIC_REPRESENTATION_CONTEXT(2) 
PARAMETRIC_REPRESENTATION_CONTEXT() REPRESENTATION_CONTEXT('2D SPACE',''
  ) );
#6178 = ORIENTED_EDGE('',*,*,#6129,.T.);
#6179 = ORIENTED_EDGE('',*,*,#6103,.F.);
#6180 = ORIENTED_EDGE('',*,*,#5907,.F.);
#6181 = ORIENTED_EDGE('',*,*,#6182,.T.);
#6182 = EDGE_CURVE('',#5811,#6183,#6185,.T.);
#6183 = VERTEX_POINT('',#6184);
#6184 = CARTESIAN_POINT('',(70.212,169.78,-32.6895276209));
#6185 = SURFACE_CURVE('',#6186,(#6190,#6196),.PCURVE_S1.);
#6186 = LINE('',#6187,#6188);
#6187 = CARTESIAN_POINT('',(70.212,162.,-32.6895276209));
#6188 = VECTOR('',#6189,1.);
#6189 = DIRECTION('',(0.,1.,0.));
#6190 = PCURVE('',#5096,#6191);
#6191 = DEFINITIONAL_REPRESENTATION('',(#6192),#6195);
#6192 = B_SPLINE_CURVE_WITH_KNOTS('',1,(#6193,#6194),.UNSPECIFIED.,.F.,
  .F.,(2,2),(3.949464588192,8.536),.PIECEWISE_BEZIER_KNOTS.);
#6193 = CARTESIAN_POINT('',(-1.798765800812,3.949464588192));
#6194 = CARTESIAN_POINT('',(-1.798765800812,8.536));
#6195 = ( GEOMETRIC_REPRESENTATION_CONTEXT(2) 
PARAMETRIC_REPRESENTATION_CONTEXT() REPRESENTATION_CONTEXT('2D SPACE',''
  ) );
#6196 = PCURVE('',#5872,#6197);
#6197 = DEFINITIONAL_REPRESENTATION('',(#6198),#6202);
#6198 = LINE('',#6199,#6200);
#6199 = CARTESIAN_POINT('',(39.3104723991,0.22));
#6200 = VECTOR('',#6201,1.);
#6201 = DIRECTION('',(0.,-1.));
#6202 = ( GEOMETRIC_REPRESENTATION_CONTEXT(2) 
PARAMETRIC_REPRESENTATION_CONTEXT() REPRESENTATION_CONTEXT('2D SPACE',''
  ) );
#6203 = ORIENTED_EDGE('',*,*,#6204,.T.);
#6204 = EDGE_CURVE('',#6183,#6205,#6207,.T.);
#6205 = VERTEX_POINT('',#6206);
#6206 = CARTESIAN_POINT('',(70.212,169.78,-9.310472379091));
#6207 = SURFACE_CURVE('',#6208,(#6213,#6220),.PCURVE_S1.);
#6208 = CIRCLE('',#6209,12.);
#6209 = AXIS2_PLACEMENT_3D('',#6210,#6211,#6212);
#6210 = CARTESIAN_POINT('',(67.5,169.78,-21.));
#6211 = DIRECTION('',(0.,1.,0.));
#6212 = DIRECTION('',(-1.,0.,0.));
#6213 = PCURVE('',#5096,#6214);
#6214 = DEFINITIONAL_REPRESENTATION('',(#6215),#6219);
#6215 = LINE('',#6216,#6217);
#6216 = CARTESIAN_POINT('',(-6.28318530718,7.78));
#6217 = VECTOR('',#6218,1.);
#6218 = DIRECTION('',(1.,0.));
#6219 = ( GEOMETRIC_REPRESENTATION_CONTEXT(2) 
PARAMETRIC_REPRESENTATION_CONTEXT() REPRESENTATION_CONTEXT('2D SPACE',''
  ) );
#6220 = PCURVE('',#6221,#6226);
#6221 = PLANE('',#6222);
#6222 = AXIS2_PLACEMENT_3D('',#6223,#6224,#6225);
#6223 = CARTESIAN_POINT('',(48.612,169.78,-72.00000002));
#6224 = DIRECTION('',(0.,1.,0.));
#6225 = DIRECTION('',(0.,-0.,1.));
#6226 = DEFINITIONAL_REPRESENTATION('',(#6227),#6231);
#6227 = CIRCLE('',#6228,12.);
#6228 = AXIS2_PLACEMENT_2D('',#6229,#6230);
#6229 = CARTESIAN_POINT('',(51.00000002,18.888));
#6230 = DIRECTION('',(0.,-1.));
#6231 = ( GEOMETRIC_REPRESENTATION_CONTEXT(2) 
PARAMETRIC_REPRESENTATION_CONTEXT() REPRESENTATION_CONTEXT('2D SPACE',''
  ) );
#6232 = ORIENTED_EDGE('',*,*,#6233,.F.);
#6233 = EDGE_CURVE('',#5079,#6205,#6234,.T.);
#6234 = SURFACE_CURVE('',#6235,(#6239,#6245),.PCURVE_S1.);
#6235 = LINE('',#6236,#6237);
#6236 = CARTESIAN_POINT('',(70.212,162.,-9.310472379091));
#6237 = VECTOR('',#6238,1.);
#6238 = DIRECTION('',(0.,1.,0.));
#6239 = PCURVE('',#5096,#6240);
#6240 = DEFINITIONAL_REPRESENTATION('',(#6241),#6244);
#6241 = B_SPLINE_CURVE_WITH_KNOTS('',1,(#6242,#6243),.UNSPECIFIED.,.F.,
  .F.,(2,2),(3.949464588192,8.536),.PIECEWISE_BEZIER_KNOTS.);
#6242 = CARTESIAN_POINT('',(1.798765800812,3.949464588192));
#6243 = CARTESIAN_POINT('',(1.798765800812,8.536));
#6244 = ( GEOMETRIC_REPRESENTATION_CONTEXT(2) 
PARAMETRIC_REPRESENTATION_CONTEXT() REPRESENTATION_CONTEXT('2D SPACE',''
  ) );
#6245 = PCURVE('',#5190,#6246);
#6246 = DEFINITIONAL_REPRESENTATION('',(#6247),#6251);
#6247 = LINE('',#6248,#6249);
#6248 = CARTESIAN_POINT('',(62.689527640909,0.22));
#6249 = VECTOR('',#6250,1.);
#6250 = DIRECTION('',(0.,-1.));
#6251 = ( GEOMETRIC_REPRESENTATION_CONTEXT(2) 
PARAMETRIC_REPRESENTATION_CONTEXT() REPRESENTATION_CONTEXT('2D SPACE',''
  ) );
#6252 = ORIENTED_EDGE('',*,*,#5078,.F.);
#6253 = ORIENTED_EDGE('',*,*,#6079,.F.);
#6254 = ADVANCED_FACE('',(#6255),#5190,.F.);
#6255 = FACE_BOUND('',#6256,.F.);
#6256 = EDGE_LOOP('',(#6257,#6258,#6280,#6301,#6302));
#6257 = ORIENTED_EDGE('',*,*,#6013,.F.);
#6258 = ORIENTED_EDGE('',*,*,#6259,.F.);
#6259 = EDGE_CURVE('',#6260,#6014,#6262,.T.);
#6260 = VERTEX_POINT('',#6261);
#6261 = CARTESIAN_POINT('',(70.212,169.78,-14.52772356508));
#6262 = SURFACE_CURVE('',#6263,(#6267,#6274),.PCURVE_S1.);
#6263 = LINE('',#6264,#6265);
#6264 = CARTESIAN_POINT('',(70.212,162.,-14.52772356508));
#6265 = VECTOR('',#6266,1.);
#6266 = DIRECTION('',(0.,-1.,0.));
#6267 = PCURVE('',#5190,#6268);
#6268 = DEFINITIONAL_REPRESENTATION('',(#6269),#6273);
#6269 = LINE('',#6270,#6271);
#6270 = CARTESIAN_POINT('',(57.47227645492,0.22));
#6271 = VECTOR('',#6272,1.);
#6272 = DIRECTION('',(0.,1.));
#6273 = ( GEOMETRIC_REPRESENTATION_CONTEXT(2) 
PARAMETRIC_REPRESENTATION_CONTEXT() REPRESENTATION_CONTEXT('2D SPACE',''
  ) );
#6274 = PCURVE('',#6055,#6275);
#6275 = DEFINITIONAL_REPRESENTATION('',(#6276),#6279);
#6276 = B_SPLINE_CURVE_WITH_KNOTS('',1,(#6277,#6278),.UNSPECIFIED.,.F.,
  .F.,(2,2),(-8.536,0.536),.PIECEWISE_BEZIER_KNOTS.);
#6277 = CARTESIAN_POINT('',(-1.96758923266,-8.536));
#6278 = CARTESIAN_POINT('',(-1.96758923266,0.536));
#6279 = ( GEOMETRIC_REPRESENTATION_CONTEXT(2) 
PARAMETRIC_REPRESENTATION_CONTEXT() REPRESENTATION_CONTEXT('2D SPACE',''
  ) );
#6280 = ORIENTED_EDGE('',*,*,#6281,.T.);
#6281 = EDGE_CURVE('',#6260,#6205,#6282,.T.);
#6282 = SURFACE_CURVE('',#6283,(#6287,#6294),.PCURVE_S1.);
#6283 = LINE('',#6284,#6285);
#6284 = CARTESIAN_POINT('',(70.212,169.78,-72.00000002));
#6285 = VECTOR('',#6286,1.);
#6286 = DIRECTION('',(0.,0.,1.));
#6287 = PCURVE('',#5190,#6288);
#6288 = DEFINITIONAL_REPRESENTATION('',(#6289),#6293);
#6289 = LINE('',#6290,#6291);
#6290 = CARTESIAN_POINT('',(0.,-7.56));
#6291 = VECTOR('',#6292,1.);
#6292 = DIRECTION('',(1.,0.));
#6293 = ( GEOMETRIC_REPRESENTATION_CONTEXT(2) 
PARAMETRIC_REPRESENTATION_CONTEXT() REPRESENTATION_CONTEXT('2D SPACE',''
  ) );
#6294 = PCURVE('',#6221,#6295);
#6295 = DEFINITIONAL_REPRESENTATION('',(#6296),#6300);
#6296 = LINE('',#6297,#6298);
#6297 = CARTESIAN_POINT('',(0.,21.6));
#6298 = VECTOR('',#6299,1.);
#6299 = DIRECTION('',(1.,0.));
#6300 = ( GEOMETRIC_REPRESENTATION_CONTEXT(2) 
PARAMETRIC_REPRESENTATION_CONTEXT() REPRESENTATION_CONTEXT('2D SPACE',''
  ) );
#6301 = ORIENTED_EDGE('',*,*,#6233,.F.);
#6302 = ORIENTED_EDGE('',*,*,#5130,.T.);
#6303 = ADVANCED_FACE('',(#6304,#6310),#5478,.F.);
#6304 = FACE_BOUND('',#6305,.T.);
#6305 = EDGE_LOOP('',(#6306,#6307,#6308,#6309));
#6306 = ORIENTED_EDGE('',*,*,#5542,.T.);
#6307 = ORIENTED_EDGE('',*,*,#5462,.T.);
#6308 = ORIENTED_EDGE('',*,*,#5627,.T.);
#6309 = ORIENTED_EDGE('',*,*,#5575,.T.);
#6310 = FACE_BOUND('',#6311,.T.);
#6311 = EDGE_LOOP('',(#6312));
#6312 = ORIENTED_EDGE('',*,*,#6313,.F.);
#6313 = EDGE_CURVE('',#6314,#6314,#6316,.T.);
#6314 = VERTEX_POINT('',#6315);
#6315 = CARTESIAN_POINT('',(74.5175,153.,-21.));
#6316 = SURFACE_CURVE('',#6317,(#6322,#6333),.PCURVE_S1.);
#6317 = CIRCLE('',#6318,7.0175);
#6318 = AXIS2_PLACEMENT_3D('',#6319,#6320,#6321);
#6319 = CARTESIAN_POINT('',(67.5,153.,-21.));
#6320 = DIRECTION('',(0.,-1.,0.));
#6321 = DIRECTION('',(-1.,0.,0.));
#6322 = PCURVE('',#5478,#6323);
#6323 = DEFINITIONAL_REPRESENTATION('',(#6324),#6332);
#6324 = ( BOUNDED_CURVE() B_SPLINE_CURVE(2,(#6325,#6326,#6327,#6328,
#6329,#6330,#6331),.UNSPECIFIED.,.T.,.F.) B_SPLINE_CURVE_WITH_KNOTS((1,2
    ,2,2,2,1),(-2.094395102393,0.,2.094395102393,4.188790204786,
6.28318530718,8.377580409573),.UNSPECIFIED.) CURVE() 
GEOMETRIC_REPRESENTATION_ITEM() RATIONAL_B_SPLINE_CURVE((1.,0.5,1.,0.5,
1.,0.5,1.)) REPRESENTATION_ITEM('') );
#6325 = CARTESIAN_POINT('',(7.0175,0.));
#6326 = CARTESIAN_POINT('',(7.0175,-12.15466654211));
#6327 = CARTESIAN_POINT('',(-3.50875,-6.077333271057));
#6328 = CARTESIAN_POINT('',(-14.035,-1.718791782603E-15));
#6329 = CARTESIAN_POINT('',(-3.50875,6.077333271057));
#6330 = CARTESIAN_POINT('',(7.0175,12.154666542115));
#6331 = CARTESIAN_POINT('',(7.0175,0.));
#6332 = ( GEOMETRIC_REPRESENTATION_CONTEXT(2) 
PARAMETRIC_REPRESENTATION_CONTEXT() REPRESENTATION_CONTEXT('2D SPACE',''
  ) );
#6333 = PCURVE('',#6055,#6334);
#6334 = DEFINITIONAL_REPRESENTATION('',(#6335),#6339);
#6335 = LINE('',#6336,#6337);
#6336 = CARTESIAN_POINT('',(-6.28318530718,9.));
#6337 = VECTOR('',#6338,1.);
#6338 = DIRECTION('',(1.,0.));
#6339 = ( GEOMETRIC_REPRESENTATION_CONTEXT(2) 
PARAMETRIC_REPRESENTATION_CONTEXT() REPRESENTATION_CONTEXT('2D SPACE',''
  ) );
#6340 = ADVANCED_FACE('',(#6341),#5872,.F.);
#6341 = FACE_BOUND('',#6342,.F.);
#6342 = EDGE_LOOP('',(#6343,#6344,#6345,#6346,#6369));
#6343 = ORIENTED_EDGE('',*,*,#5962,.F.);
#6344 = ORIENTED_EDGE('',*,*,#5810,.F.);
#6345 = ORIENTED_EDGE('',*,*,#6182,.T.);
#6346 = ORIENTED_EDGE('',*,*,#6347,.T.);
#6347 = EDGE_CURVE('',#6183,#6348,#6350,.T.);
#6348 = VERTEX_POINT('',#6349);
#6349 = CARTESIAN_POINT('',(70.212,169.78,-27.47227643491));
#6350 = SURFACE_CURVE('',#6351,(#6355,#6362),.PCURVE_S1.);
#6351 = LINE('',#6352,#6353);
#6352 = CARTESIAN_POINT('',(70.212,169.78,-72.00000002));
#6353 = VECTOR('',#6354,1.);
#6354 = DIRECTION('',(0.,0.,1.));
#6355 = PCURVE('',#5872,#6356);
#6356 = DEFINITIONAL_REPRESENTATION('',(#6357),#6361);
#6357 = LINE('',#6358,#6359);
#6358 = CARTESIAN_POINT('',(0.,-7.56));
#6359 = VECTOR('',#6360,1.);
#6360 = DIRECTION('',(1.,0.));
#6361 = ( GEOMETRIC_REPRESENTATION_CONTEXT(2) 
PARAMETRIC_REPRESENTATION_CONTEXT() REPRESENTATION_CONTEXT('2D SPACE',''
  ) );
#6362 = PCURVE('',#6221,#6363);
#6363 = DEFINITIONAL_REPRESENTATION('',(#6364),#6368);
#6364 = LINE('',#6365,#6366);
#6365 = CARTESIAN_POINT('',(0.,21.6));
#6366 = VECTOR('',#6367,1.);
#6367 = DIRECTION('',(1.,0.));
#6368 = ( GEOMETRIC_REPRESENTATION_CONTEXT(2) 
PARAMETRIC_REPRESENTATION_CONTEXT() REPRESENTATION_CONTEXT('2D SPACE',''
  ) );
#6369 = ORIENTED_EDGE('',*,*,#6370,.T.);
#6370 = EDGE_CURVE('',#6348,#5963,#6371,.T.);
#6371 = SURFACE_CURVE('',#6372,(#6376,#6383),.PCURVE_S1.);
#6372 = LINE('',#6373,#6374);
#6373 = CARTESIAN_POINT('',(70.212,162.,-27.47227643491));
#6374 = VECTOR('',#6375,1.);
#6375 = DIRECTION('',(0.,-1.,0.));
#6376 = PCURVE('',#5872,#6377);
#6377 = DEFINITIONAL_REPRESENTATION('',(#6378),#6382);
#6378 = LINE('',#6379,#6380);
#6379 = CARTESIAN_POINT('',(44.52772358509,0.22));
#6380 = VECTOR('',#6381,1.);
#6381 = DIRECTION('',(0.,1.));
#6382 = ( GEOMETRIC_REPRESENTATION_CONTEXT(2) 
PARAMETRIC_REPRESENTATION_CONTEXT() REPRESENTATION_CONTEXT('2D SPACE',''
  ) );
#6383 = PCURVE('',#6055,#6384);
#6384 = DEFINITIONAL_REPRESENTATION('',(#6385),#6388);
#6385 = B_SPLINE_CURVE_WITH_KNOTS('',1,(#6386,#6387),.UNSPECIFIED.,.F.,
  .F.,(2,2),(-8.536,0.536),.PIECEWISE_BEZIER_KNOTS.);
#6386 = CARTESIAN_POINT('',(1.967589232659,-8.536));
#6387 = CARTESIAN_POINT('',(1.967589232659,0.536));
#6388 = ( GEOMETRIC_REPRESENTATION_CONTEXT(2) 
PARAMETRIC_REPRESENTATION_CONTEXT() REPRESENTATION_CONTEXT('2D SPACE',''
  ) );
#6389 = ADVANCED_FACE('',(#6390,#6448),#6055,.F.);
#6390 = FACE_BOUND('',#6391,.F.);
#6391 = EDGE_LOOP('',(#6392,#6425,#6446,#6447));
#6392 = ORIENTED_EDGE('',*,*,#6393,.T.);
#6393 = EDGE_CURVE('',#6394,#6394,#6396,.T.);
#6394 = VERTEX_POINT('',#6395);
#6395 = CARTESIAN_POINT('',(74.5175,180.,-21.));
#6396 = SURFACE_CURVE('',#6397,(#6402,#6409),.PCURVE_S1.);
#6397 = CIRCLE('',#6398,7.0175);
#6398 = AXIS2_PLACEMENT_3D('',#6399,#6400,#6401);
#6399 = CARTESIAN_POINT('',(67.5,180.,-21.));
#6400 = DIRECTION('',(0.,-1.,0.));
#6401 = DIRECTION('',(-1.,0.,0.));
#6402 = PCURVE('',#6055,#6403);
#6403 = DEFINITIONAL_REPRESENTATION('',(#6404),#6408);
#6404 = LINE('',#6405,#6406);
#6405 = CARTESIAN_POINT('',(-6.28318530718,-18.));
#6406 = VECTOR('',#6407,1.);
#6407 = DIRECTION('',(1.,0.));
#6408 = ( GEOMETRIC_REPRESENTATION_CONTEXT(2) 
PARAMETRIC_REPRESENTATION_CONTEXT() REPRESENTATION_CONTEXT('2D SPACE',''
  ) );
#6409 = PCURVE('',#6410,#6415);
#6410 = PLANE('',#6411);
#6411 = AXIS2_PLACEMENT_3D('',#6412,#6413,#6414);
#6412 = CARTESIAN_POINT('',(67.5,180.,-21.));
#6413 = DIRECTION('',(0.,1.,0.));
#6414 = DIRECTION('',(-1.,0.,0.));
#6415 = DEFINITIONAL_REPRESENTATION('',(#6416),#6424);
#6416 = ( BOUNDED_CURVE() B_SPLINE_CURVE(2,(#6417,#6418,#6419,#6420,
#6421,#6422,#6423),.UNSPECIFIED.,.T.,.F.) B_SPLINE_CURVE_WITH_KNOTS((1,2
    ,2,2,2,1),(-2.094395102393,0.,2.094395102393,4.188790204786,
6.28318530718,8.377580409573),.UNSPECIFIED.) CURVE() 
GEOMETRIC_REPRESENTATION_ITEM() RATIONAL_B_SPLINE_CURVE((1.,0.5,1.,0.5,
1.,0.5,1.)) REPRESENTATION_ITEM('') );
#6417 = CARTESIAN_POINT('',(7.0175,0.));
#6418 = CARTESIAN_POINT('',(7.0175,-12.15466654211));
#6419 = CARTESIAN_POINT('',(-3.50875,-6.077333271057));
#6420 = CARTESIAN_POINT('',(-14.035,-1.718791782603E-15));
#6421 = CARTESIAN_POINT('',(-3.50875,6.077333271057));
#6422 = CARTESIAN_POINT('',(7.0175,12.154666542115));
#6423 = CARTESIAN_POINT('',(7.0175,0.));
#6424 = ( GEOMETRIC_REPRESENTATION_CONTEXT(2) 
PARAMETRIC_REPRESENTATION_CONTEXT() REPRESENTATION_CONTEXT('2D SPACE',''
  ) );
#6425 = ORIENTED_EDGE('',*,*,#6426,.T.);
#6426 = EDGE_CURVE('',#6394,#6314,#6427,.T.);
#6427 = SEAM_CURVE('',#6428,(#6432,#6439),.PCURVE_S1.);
#6428 = LINE('',#6429,#6430);
#6429 = CARTESIAN_POINT('',(74.5175,162.,-21.));
#6430 = VECTOR('',#6431,1.);
#6431 = DIRECTION('',(0.,-1.,0.));
#6432 = PCURVE('',#6055,#6433);
#6433 = DEFINITIONAL_REPRESENTATION('',(#6434),#6438);
#6434 = LINE('',#6435,#6436);
#6435 = CARTESIAN_POINT('',(3.141592653589,0.));
#6436 = VECTOR('',#6437,1.);
#6437 = DIRECTION('',(0.,1.));
#6438 = ( GEOMETRIC_REPRESENTATION_CONTEXT(2) 
PARAMETRIC_REPRESENTATION_CONTEXT() REPRESENTATION_CONTEXT('2D SPACE',''
  ) );
#6439 = PCURVE('',#6055,#6440);
#6440 = DEFINITIONAL_REPRESENTATION('',(#6441),#6445);
#6441 = LINE('',#6442,#6443);
#6442 = CARTESIAN_POINT('',(-3.141592653589,0.));
#6443 = VECTOR('',#6444,1.);
#6444 = DIRECTION('',(0.,1.));
#6445 = ( GEOMETRIC_REPRESENTATION_CONTEXT(2) 
PARAMETRIC_REPRESENTATION_CONTEXT() REPRESENTATION_CONTEXT('2D SPACE',''
  ) );
#6446 = ORIENTED_EDGE('',*,*,#6313,.F.);
#6447 = ORIENTED_EDGE('',*,*,#6426,.F.);
#6448 = FACE_BOUND('',#6449,.F.);
#6449 = EDGE_LOOP('',(#6450,#6451,#6477,#6478));
#6450 = ORIENTED_EDGE('',*,*,#6370,.F.);
#6451 = ORIENTED_EDGE('',*,*,#6452,.F.);
#6452 = EDGE_CURVE('',#6260,#6348,#6453,.T.);
#6453 = SURFACE_CURVE('',#6454,(#6459,#6466),.PCURVE_S1.);
#6454 = CIRCLE('',#6455,7.0175);
#6455 = AXIS2_PLACEMENT_3D('',#6456,#6457,#6458);
#6456 = CARTESIAN_POINT('',(67.5,169.78,-21.));
#6457 = DIRECTION('',(0.,-1.,0.));
#6458 = DIRECTION('',(-1.,0.,0.));
#6459 = PCURVE('',#6055,#6460);
#6460 = DEFINITIONAL_REPRESENTATION('',(#6461),#6465);
#6461 = LINE('',#6462,#6463);
#6462 = CARTESIAN_POINT('',(-6.28318530718,-7.78));
#6463 = VECTOR('',#6464,1.);
#6464 = DIRECTION('',(1.,0.));
#6465 = ( GEOMETRIC_REPRESENTATION_CONTEXT(2) 
PARAMETRIC_REPRESENTATION_CONTEXT() REPRESENTATION_CONTEXT('2D SPACE',''
  ) );
#6466 = PCURVE('',#6221,#6467);
#6467 = DEFINITIONAL_REPRESENTATION('',(#6468),#6476);
#6468 = ( BOUNDED_CURVE() B_SPLINE_CURVE(2,(#6469,#6470,#6471,#6472,
#6473,#6474,#6475),.UNSPECIFIED.,.T.,.F.) B_SPLINE_CURVE_WITH_KNOTS((1,2
    ,2,2,2,1),(-2.094395102393,0.,2.094395102393,4.188790204786,
6.28318530718,8.377580409573),.UNSPECIFIED.) CURVE() 
GEOMETRIC_REPRESENTATION_ITEM() RATIONAL_B_SPLINE_CURVE((1.,0.5,1.,0.5,
1.,0.5,1.)) REPRESENTATION_ITEM('') );
#6469 = CARTESIAN_POINT('',(51.00000002,11.8705));
#6470 = CARTESIAN_POINT('',(38.845333477885,11.8705));
#6471 = CARTESIAN_POINT('',(44.922666748943,22.39675));
#6472 = CARTESIAN_POINT('',(51.00000002,32.923));
#6473 = CARTESIAN_POINT('',(57.077333291057,22.39675));
#6474 = CARTESIAN_POINT('',(63.154666562115,11.8705));
#6475 = CARTESIAN_POINT('',(51.00000002,11.8705));
#6476 = ( GEOMETRIC_REPRESENTATION_CONTEXT(2) 
PARAMETRIC_REPRESENTATION_CONTEXT() REPRESENTATION_CONTEXT('2D SPACE',''
  ) );
#6477 = ORIENTED_EDGE('',*,*,#6259,.T.);
#6478 = ORIENTED_EDGE('',*,*,#6036,.T.);
#6479 = ADVANCED_FACE('',(#6480),#6167,.T.);
#6480 = FACE_BOUND('',#6481,.T.);
#6481 = EDGE_LOOP('',(#6482,#6510,#6531,#6532));
#6482 = ORIENTED_EDGE('',*,*,#6483,.T.);
#6483 = EDGE_CURVE('',#6484,#6484,#6486,.T.);
#6484 = VERTEX_POINT('',#6485);
#6485 = CARTESIAN_POINT('',(76.5,180.,-21.));
#6486 = SURFACE_CURVE('',#6487,(#6492,#6499),.PCURVE_S1.);
#6487 = CIRCLE('',#6488,9.);
#6488 = AXIS2_PLACEMENT_3D('',#6489,#6490,#6491);
#6489 = CARTESIAN_POINT('',(67.5,180.,-21.));
#6490 = DIRECTION('',(0.,-1.,0.));
#6491 = DIRECTION('',(-1.,0.,0.));
#6492 = PCURVE('',#6167,#6493);
#6493 = DEFINITIONAL_REPRESENTATION('',(#6494),#6498);
#6494 = LINE('',#6495,#6496);
#6495 = CARTESIAN_POINT('',(-6.28318530718,-1.5));
#6496 = VECTOR('',#6497,1.);
#6497 = DIRECTION('',(1.,0.));
#6498 = ( GEOMETRIC_REPRESENTATION_CONTEXT(2) 
PARAMETRIC_REPRESENTATION_CONTEXT() REPRESENTATION_CONTEXT('2D SPACE',''
  ) );
#6499 = PCURVE('',#6410,#6500);
#6500 = DEFINITIONAL_REPRESENTATION('',(#6501),#6509);
#6501 = ( BOUNDED_CURVE() B_SPLINE_CURVE(2,(#6502,#6503,#6504,#6505,
#6506,#6507,#6508),.UNSPECIFIED.,.T.,.F.) B_SPLINE_CURVE_WITH_KNOTS((1,2
    ,2,2,2,1),(-2.094395102393,0.,2.094395102393,4.188790204786,
6.28318530718,8.377580409573),.UNSPECIFIED.) CURVE() 
GEOMETRIC_REPRESENTATION_ITEM() RATIONAL_B_SPLINE_CURVE((1.,0.5,1.,0.5,
1.,0.5,1.)) REPRESENTATION_ITEM('') );
#6502 = CARTESIAN_POINT('',(9.,0.));
#6503 = CARTESIAN_POINT('',(9.,-15.58845726812));
#6504 = CARTESIAN_POINT('',(-4.5,-7.79422863406));
#6505 = CARTESIAN_POINT('',(-18.,-2.204364238465E-15));
#6506 = CARTESIAN_POINT('',(-4.5,7.79422863406));
#6507 = CARTESIAN_POINT('',(9.,15.58845726812));
#6508 = CARTESIAN_POINT('',(9.,0.));
#6509 = ( GEOMETRIC_REPRESENTATION_CONTEXT(2) 
PARAMETRIC_REPRESENTATION_CONTEXT() REPRESENTATION_CONTEXT('2D SPACE',''
  ) );
#6510 = ORIENTED_EDGE('',*,*,#6511,.T.);
#6511 = EDGE_CURVE('',#6484,#6130,#6512,.T.);
#6512 = SEAM_CURVE('',#6513,(#6517,#6524),.PCURVE_S1.);
#6513 = LINE('',#6514,#6515);
#6514 = CARTESIAN_POINT('',(78.,178.5,-21.));
#6515 = VECTOR('',#6516,1.);
#6516 = DIRECTION('',(0.707106781187,-0.707106781187,-8.659560562343E-17
    ));
#6517 = PCURVE('',#6167,#6518);
#6518 = DEFINITIONAL_REPRESENTATION('',(#6519),#6523);
#6519 = LINE('',#6520,#6521);
#6520 = CARTESIAN_POINT('',(3.14159265359,0.));
#6521 = VECTOR('',#6522,1.);
#6522 = DIRECTION('',(0.,1.));
#6523 = ( GEOMETRIC_REPRESENTATION_CONTEXT(2) 
PARAMETRIC_REPRESENTATION_CONTEXT() REPRESENTATION_CONTEXT('2D SPACE',''
  ) );
#6524 = PCURVE('',#6167,#6525);
#6525 = DEFINITIONAL_REPRESENTATION('',(#6526),#6530);
#6526 = LINE('',#6527,#6528);
#6527 = CARTESIAN_POINT('',(-3.14159265359,0.));
#6528 = VECTOR('',#6529,1.);
#6529 = DIRECTION('',(0.,1.));
#6530 = ( GEOMETRIC_REPRESENTATION_CONTEXT(2) 
PARAMETRIC_REPRESENTATION_CONTEXT() REPRESENTATION_CONTEXT('2D SPACE',''
  ) );
#6531 = ORIENTED_EDGE('',*,*,#6152,.T.);
#6532 = ORIENTED_EDGE('',*,*,#6511,.F.);
#6533 = ADVANCED_FACE('',(#6534),#6221,.F.);
#6534 = FACE_BOUND('',#6535,.F.);
#6535 = EDGE_LOOP('',(#6536,#6537,#6538,#6539));
#6536 = ORIENTED_EDGE('',*,*,#6347,.F.);
#6537 = ORIENTED_EDGE('',*,*,#6204,.T.);
#6538 = ORIENTED_EDGE('',*,*,#6281,.F.);
#6539 = ORIENTED_EDGE('',*,*,#6452,.T.);
#6540 = ADVANCED_FACE('',(#6541,#6544),#6410,.T.);
#6541 = FACE_BOUND('',#6542,.T.);
#6542 = EDGE_LOOP('',(#6543));
#6543 = ORIENTED_EDGE('',*,*,#6483,.F.);
#6544 = FACE_BOUND('',#6545,.T.);
#6545 = EDGE_LOOP('',(#6546));
#6546 = ORIENTED_EDGE('',*,*,#6393,.T.);
#6547 = ( GEOMETRIC_REPRESENTATION_CONTEXT(3) 
GLOBAL_UNCERTAINTY_ASSIGNED_CONTEXT((#6551)) 
GLOBAL_UNIT_ASSIGNED_CONTEXT((#6548,#6549,#6550)) REPRESENTATION_CONTEXT
('Context #1','3D Context with UNIT and UNCERTAINTY') );
#6548 = ( LENGTH_UNIT() NAMED_UNIT(*) SI_UNIT(.MILLI.,.METRE.) );
#6549 = ( NAMED_UNIT(*) PLANE_ANGLE_UNIT() SI_UNIT($,.RADIAN.) );
#6550 = ( NAMED_UNIT(*) SI_UNIT($,.STERADIAN.) SOLID_ANGLE_UNIT() );
#6551 = UNCERTAINTY_MEASURE_WITH_UNIT(LENGTH_MEASURE(5.E-04),#6548,
  'distance_accuracy_value','confusion accuracy');
#6552 = PRODUCT_RELATED_PRODUCT_CATEGORY('part',$,(#7));
ENDSEC;
END-ISO-10303-21;
