ISO-10303-21;
HEADER;
FILE_DESCRIPTION(('Open CASCADE Model'),'2;1');
FILE_NAME('Open CASCADE Shape Model','2026-08-19T16:38:57',('Author'),(
    'Open CASCADE'),'Open CASCADE STEP processor 7.9','Open CASCADE 7.9'
  ,'Unknown');
FILE_SCHEMA(('AUTOMOTIVE_DESIGN { 1 0 10303 214 1 1 1 1 }'));
ENDSEC;
DATA;
#1 = APPLICATION_PROTOCOL_DEFINITION('international standard',
  'automotive_design',2000,#2);
#2 = APPLICATION_CONTEXT(
  'core data for automotive mechanical design processes');
#3 = SHAPE_DEFINITION_REPRESENTATION(#4,#10);
#4 = PRODUCT_DEFINITION_SHAPE('','',#5);
#5 = PRODUCT_DEFINITION('design','',#6,#9);
#6 = PRODUCT_DEFINITION_FORMATION('','',#7);
#7 = PRODUCT('Open CASCADE STEP translator 7.9 1',
  'Open CASCADE STEP translator 7.9 1','',(#8));
#8 = PRODUCT_CONTEXT('',#2,'mechanical');
#9 = PRODUCT_DEFINITION_CONTEXT('part definition',#2,'design');
#10 = ADVANCED_BREP_SHAPE_REPRESENTATION('',(#11,#15),#4701);
#11 = AXIS2_PLACEMENT_3D('',#12,#13,#14);
#12 = CARTESIAN_POINT('',(0.,0.,0.));
#13 = DIRECTION('',(0.,0.,1.));
#14 = DIRECTION('',(1.,0.,-0.));
#15 = MANIFOLD_SOLID_BREP('',#16);
#16 = CLOSED_SHELL('',(#17,#497,#583,#779,#975,#1051,#1106,#1161,#1226,
    #1291,#1367,#1432,#1505,#1605,#1643,#1714,#1749,#1784,#1812,#1844,
    #2139,#2146,#2153,#2348,#2546,#2622,#2687,#2752,#2862,#2972,#3032,
    #3092,#3124,#3128,#3132,#3207,#3291,#3405,#3511,#3539,#3645,#3673,
    #3699,#4117,#4172,#4227,#4262,#4297,#4495,#4693,#4697));
#17 = ADVANCED_FACE('',(#18,#137,#326),#32,.T.);
#18 = FACE_BOUND('',#19,.T.);
#19 = EDGE_LOOP('',(#20,#54,#83,#110));
#20 = ORIENTED_EDGE('',*,*,#21,.T.);
#21 = EDGE_CURVE('',#22,#24,#26,.T.);
#22 = VERTEX_POINT('',#23);
#23 = CARTESIAN_POINT('',(-7.,24.617067250182,5.5));
#24 = VERTEX_POINT('',#25);
#25 = CARTESIAN_POINT('',(7.,24.617067250182,5.5));
#26 = SURFACE_CURVE('',#27,(#31,#42),.PCURVE_S1.);
#27 = LINE('',#28,#29);
#28 = CARTESIAN_POINT('',(-8.,24.617067250182,5.5));
#29 = VECTOR('',#30,1.);
#30 = DIRECTION('',(1.,0.,0.));
#31 = PCURVE('',#32,#37);
#32 = CYLINDRICAL_SURFACE('',#33,44.15);
#33 = AXIS2_PLACEMENT_3D('',#34,#35,#36);
#34 = CARTESIAN_POINT('',(-4.163336342344E-15,5.551115123126E-15,42.15)
  );
#35 = DIRECTION('',(-1.,3.264449877387E-17,2.192665270573E-17));
#36 = DIRECTION('',(-2.465190328816E-32,0.557577967162,-0.830124575311)
  );
#37 = DEFINITIONAL_REPRESENTATION('',(#38),#41);
#38 = B_SPLINE_CURVE_WITH_KNOTS('',1,(#39,#40),.UNSPECIFIED.,.F.,.F.,(2,
    2),(0.,16.),.PIECEWISE_BEZIER_KNOTS.);
#39 = CARTESIAN_POINT('',(0.,8.));
#40 = CARTESIAN_POINT('',(0.,-8.));
#41 = ( GEOMETRIC_REPRESENTATION_CONTEXT(2) 
PARAMETRIC_REPRESENTATION_CONTEXT() REPRESENTATION_CONTEXT('2D SPACE',''
  ) );
#42 = PCURVE('',#43,#48);
#43 = PLANE('',#44);
#44 = AXIS2_PLACEMENT_3D('',#45,#46,#47);
#45 = CARTESIAN_POINT('',(-5.551115123126E-15,24.617067250182,5.5));
#46 = DIRECTION('',(0.,0.,-1.));
#47 = DIRECTION('',(-1.,0.,0.));
#48 = DEFINITIONAL_REPRESENTATION('',(#49),#53);
#49 = LINE('',#50,#51);
#50 = CARTESIAN_POINT('',(8.,0.));
#51 = VECTOR('',#52,1.);
#52 = DIRECTION('',(-1.,0.));
#53 = ( GEOMETRIC_REPRESENTATION_CONTEXT(2) 
PARAMETRIC_REPRESENTATION_CONTEXT() REPRESENTATION_CONTEXT('2D SPACE',''
  ) );
#54 = ORIENTED_EDGE('',*,*,#55,.T.);
#55 = EDGE_CURVE('',#24,#56,#58,.T.);
#56 = VERTEX_POINT('',#57);
#57 = CARTESIAN_POINT('',(7.,-24.61706725018,5.5));
#58 = SURFACE_CURVE('',#59,(#64,#71),.PCURVE_S1.);
#59 = CIRCLE('',#60,44.15);
#60 = AXIS2_PLACEMENT_3D('',#61,#62,#63);
#61 = CARTESIAN_POINT('',(7.,6.938893903907E-15,42.15));
#62 = DIRECTION('',(-1.,-1.982541115402E-16,-1.232595164408E-32));
#63 = DIRECTION('',(-1.10542124494E-16,0.557577967162,-0.830124575311));
#64 = PCURVE('',#32,#65);
#65 = DEFINITIONAL_REPRESENTATION('',(#66),#70);
#66 = LINE('',#67,#68);
#67 = CARTESIAN_POINT('',(0.,-7.));
#68 = VECTOR('',#69,1.);
#69 = DIRECTION('',(1.,0.));
#70 = ( GEOMETRIC_REPRESENTATION_CONTEXT(2) 
PARAMETRIC_REPRESENTATION_CONTEXT() REPRESENTATION_CONTEXT('2D SPACE',''
  ) );
#71 = PCURVE('',#72,#77);
#72 = TOROIDAL_SURFACE('',#73,45.15,1.);
#73 = AXIS2_PLACEMENT_3D('',#74,#75,#76);
#74 = CARTESIAN_POINT('',(7.,6.938893903907E-15,42.15));
#75 = DIRECTION('',(-1.,-1.982541115402E-16,0.));
#76 = DIRECTION('',(-1.10542124494E-16,0.557577967162,-0.830124575311));
#77 = DEFINITIONAL_REPRESENTATION('',(#78),#82);
#78 = LINE('',#79,#80);
#79 = CARTESIAN_POINT('',(0.,3.14159265359));
#80 = VECTOR('',#81,1.);
#81 = DIRECTION('',(1.,0.));
#82 = ( GEOMETRIC_REPRESENTATION_CONTEXT(2) 
PARAMETRIC_REPRESENTATION_CONTEXT() REPRESENTATION_CONTEXT('2D SPACE',''
  ) );
#83 = ORIENTED_EDGE('',*,*,#84,.T.);
#84 = EDGE_CURVE('',#56,#85,#87,.T.);
#85 = VERTEX_POINT('',#86);
#86 = CARTESIAN_POINT('',(-7.,-24.61706725018,5.5));
#87 = SURFACE_CURVE('',#88,(#92,#98),.PCURVE_S1.);
#88 = LINE('',#89,#90);
#89 = CARTESIAN_POINT('',(8.,-24.61706725018,5.5));
#90 = VECTOR('',#91,1.);
#91 = DIRECTION('',(-1.,0.,0.));
#92 = PCURVE('',#32,#93);
#93 = DEFINITIONAL_REPRESENTATION('',(#94),#97);
#94 = B_SPLINE_CURVE_WITH_KNOTS('',1,(#95,#96),.UNSPECIFIED.,.F.,.F.,(2,
    2),(0.,16.),.PIECEWISE_BEZIER_KNOTS.);
#95 = CARTESIAN_POINT('',(1.182930514687,-8.));
#96 = CARTESIAN_POINT('',(1.182930514687,8.));
#97 = ( GEOMETRIC_REPRESENTATION_CONTEXT(2) 
PARAMETRIC_REPRESENTATION_CONTEXT() REPRESENTATION_CONTEXT('2D SPACE',''
  ) );
#98 = PCURVE('',#99,#104);
#99 = PLANE('',#100);
#100 = AXIS2_PLACEMENT_3D('',#101,#102,#103);
#101 = CARTESIAN_POINT('',(5.551115123126E-15,-28.,5.5));
#102 = DIRECTION('',(0.,0.,-1.));
#103 = DIRECTION('',(-1.,0.,0.));
#104 = DEFINITIONAL_REPRESENTATION('',(#105),#109);
#105 = LINE('',#106,#107);
#106 = CARTESIAN_POINT('',(-8.,3.382932749818));
#107 = VECTOR('',#108,1.);
#108 = DIRECTION('',(1.,0.));
#109 = ( GEOMETRIC_REPRESENTATION_CONTEXT(2) 
PARAMETRIC_REPRESENTATION_CONTEXT() REPRESENTATION_CONTEXT('2D SPACE',''
  ) );
#110 = ORIENTED_EDGE('',*,*,#111,.T.);
#111 = EDGE_CURVE('',#85,#22,#112,.T.);
#112 = SURFACE_CURVE('',#113,(#118,#125),.PCURVE_S1.);
#113 = CIRCLE('',#114,44.15);
#114 = AXIS2_PLACEMENT_3D('',#115,#116,#117);
#115 = CARTESIAN_POINT('',(-7.,2.949029909161E-15,42.15));
#116 = DIRECTION('',(1.,3.717264591379E-16,0.));
#117 = DIRECTION('',(2.072664834263E-16,-0.557577967162,-0.830124575311)
  );
#118 = PCURVE('',#32,#119);
#119 = DEFINITIONAL_REPRESENTATION('',(#120),#124);
#120 = LINE('',#121,#122);
#121 = CARTESIAN_POINT('',(1.182930514687,7.));
#122 = VECTOR('',#123,1.);
#123 = DIRECTION('',(-1.,-0.));
#124 = ( GEOMETRIC_REPRESENTATION_CONTEXT(2) 
PARAMETRIC_REPRESENTATION_CONTEXT() REPRESENTATION_CONTEXT('2D SPACE',''
  ) );
#125 = PCURVE('',#126,#131);
#126 = TOROIDAL_SURFACE('',#127,45.15,1.);
#127 = AXIS2_PLACEMENT_3D('',#128,#129,#130);
#128 = CARTESIAN_POINT('',(-7.,2.949029909161E-15,42.15));
#129 = DIRECTION('',(1.,3.717264591379E-16,0.));
#130 = DIRECTION('',(2.072664834263E-16,-0.557577967162,-0.830124575311)
  );
#131 = DEFINITIONAL_REPRESENTATION('',(#132),#136);
#132 = LINE('',#133,#134);
#133 = CARTESIAN_POINT('',(0.,3.14159265359));
#134 = VECTOR('',#135,1.);
#135 = DIRECTION('',(1.,0.));
#136 = ( GEOMETRIC_REPRESENTATION_CONTEXT(2) 
PARAMETRIC_REPRESENTATION_CONTEXT() REPRESENTATION_CONTEXT('2D SPACE',''
  ) );
#137 = FACE_BOUND('',#138,.T.);
#138 = EDGE_LOOP('',(#139));
#139 = ORIENTED_EDGE('',*,*,#140,.T.);
#140 = EDGE_CURVE('',#141,#141,#143,.T.);
#141 = VERTEX_POINT('',#142);
#142 = CARTESIAN_POINT('',(3.,15.,0.62624174042));
#143 = SURFACE_CURVE('',#144,(#201,#261),.PCURVE_S1.);
#144 = B_SPLINE_CURVE_WITH_KNOTS('',7,(#145,#146,#147,#148,#149,#150,
    #151,#152,#153,#154,#155,#156,#157,#158,#159,#160,#161,#162,#163,
    #164,#165,#166,#167,#168,#169,#170,#171,#172,#173,#174,#175,#176,
    #177,#178,#179,#180,#181,#182,#183,#184,#185,#186,#187,#188,#189,
    #190,#191,#192,#193,#194,#195,#196,#197,#198,#199,#200),
  .UNSPECIFIED.,.T.,.F.,(8,6,6,6,6,6,6,6,6,8),(0.,8.425414103302E-02,
    0.18752468737,0.377165684664,0.48799046407,0.601121922127,
    0.750969174694,0.854892292135,0.932541775606,1.),.UNSPECIFIED.);
#145 = CARTESIAN_POINT('',(3.,15.,0.62624174042));
#146 = CARTESIAN_POINT('',(3.,15.256843894763,0.719023766492));
#147 = CARTESIAN_POINT('',(2.974345663909,15.511230839275,0.81301335305)
  );
#148 = CARTESIAN_POINT('',(2.92391940837,15.75965721932,0.906893685864)
  );
#149 = CARTESIAN_POINT('',(2.850312050932,15.9988194691,0.999244728235)
  );
#150 = CARTESIAN_POINT('',(2.755778439085,16.225772265797,1.088628733207
    ));
#151 = CARTESIAN_POINT('',(2.643193927554,16.438073654723,1.173702776085
    ));
#152 = CARTESIAN_POINT('',(2.360124081381,16.873962993156,1.350992324136
    ));
#153 = CARTESIAN_POINT('',(2.181528232939,17.090481157248,1.440972803388
    ));
#154 = CARTESIAN_POINT('',(1.984341324592,17.28254811319,1.522266373788)
  );
#155 = CARTESIAN_POINT('',(1.772112588917,17.449701586509,1.594069797175
    ));
#156 = CARTESIAN_POINT('',(1.547981389958,17.591765218065,1.655792758758
    ));
#157 = CARTESIAN_POINT('',(1.314783251499,17.708736976794,1.70703716801)
  );
#158 = CARTESIAN_POINT('',(0.634968276567,17.969693496149,1.822010941314
    ));
#159 = CARTESIAN_POINT('',(0.17232398851,18.054700040465,1.860448052744)
  );
#160 = CARTESIAN_POINT('',(-0.298655395912,18.056735085116,
    1.861559488064));
#161 = CARTESIAN_POINT('',(-0.765989922475,17.975795790044,
    1.824906816646));
#162 = CARTESIAN_POINT('',(-1.216900832652,17.811412517574,
    1.751091287105));
#163 = CARTESIAN_POINT('',(-1.637300464831,17.562666228555,
    1.641898987382));
#164 = CARTESIAN_POINT('',(-2.22367043646,17.034696334645,1.41811621458)
  );
#165 = CARTESIAN_POINT('',(-2.42434541597,16.809684413916,1.324028474864
    ));
#166 = CARTESIAN_POINT('',(-2.602964585636,16.555459322702,
    1.219546674437));
#167 = CARTESIAN_POINT('',(-2.753455979681,16.274493807303,
    1.106547247896));
#168 = CARTESIAN_POINT('',(-2.870254847866,15.970477513514,
    0.987375207209));
#169 = CARTESIAN_POINT('',(-2.948395171503,15.64821048377,0.864611588978
    ));
#170 = CARTESIAN_POINT('',(-3.019468230815,14.971995494599,
    0.614539339157));
#171 = CARTESIAN_POINT('',(-3.009990876267,14.623255851423,
    0.489308625238));
#172 = CARTESIAN_POINT('',(-2.952930315047,14.277471468866,
    0.369139921798));
#173 = CARTESIAN_POINT('',(-2.849865326999,13.945020273092,
    0.257451796715));
#174 = CARTESIAN_POINT('',(-2.705853939579,13.6354478699,0.156602669532)
  );
#175 = CARTESIAN_POINT('',(-2.529232996053,13.356295447843,
    6.796933963175E-02));
#176 = CARTESIAN_POINT('',(-2.069450152879,12.788510922184,
    -0.108623781498));
#177 = CARTESIAN_POINT('',(-1.766535981423,12.521537856277,
    -0.188481069383));
#178 = CARTESIAN_POINT('',(-1.436045858717,12.310764012646,
    -0.249714945151));
#179 = CARTESIAN_POINT('',(-1.087364829373,12.154598335008,
    -0.294247062073));
#180 = CARTESIAN_POINT('',(-0.727926120252,12.051427561738,-0.3233850108
    ));
#181 = CARTESIAN_POINT('',(-0.363650218646,12.,-0.337910045094));
#182 = CARTESIAN_POINT('',(0.252201249821,12.,-0.337910045094));
#183 = CARTESIAN_POINT('',(0.504446680023,12.024735918785,
    -0.330923871443));
#184 = CARTESIAN_POINT('',(0.754982630057,12.074221174717,
    -0.316947330914));
#185 = CARTESIAN_POINT('',(1.001997262889,12.148727743182,
    -0.295806600082));
#186 = CARTESIAN_POINT('',(1.243446847221,12.248724778975,
    -0.267171704078));
#187 = CARTESIAN_POINT('',(1.476874117368,12.374808228837,
    -0.230561794114));
#188 = CARTESIAN_POINT('',(1.865350590339,12.641800711575,
    -0.151554974427));
#189 = CARTESIAN_POINT('',(2.025642524007,12.771142337158,
    -0.112890245398));
#190 = CARTESIAN_POINT('',(2.178232579785,12.915657486186,
    -6.915663245686E-02));
#191 = CARTESIAN_POINT('',(2.321226408359,13.075141789124,
    -2.018748474106E-02));
#192 = CARTESIAN_POINT('',(2.452689893762,13.249170505648,
    3.415162200039E-02));
#193 = CARTESIAN_POINT('',(2.57063796556,13.437093283302,
    9.394623775583E-02));
#194 = CARTESIAN_POINT('',(2.76196390433,13.812591580708,0.215902889262)
  );
#195 = CARTESIAN_POINT('',(2.839148617155,13.996953973567,0.276717272123
    ));
#196 = CARTESIAN_POINT('',(2.902698190175,14.189486457038,0.341315204247
    ));
#197 = CARTESIAN_POINT('',(2.951211787264,14.38824916179,0.409228621847)
  );
#198 = CARTESIAN_POINT('',(2.983779480982,14.591095837632,0.47985435492)
  );
#199 = CARTESIAN_POINT('',(3.,14.795771006177,0.552466267396));
#200 = CARTESIAN_POINT('',(3.,15.,0.62624174042));
#201 = PCURVE('',#32,#202);
#202 = DEFINITIONAL_REPRESENTATION('',(#203),#260);
#203 = B_SPLINE_CURVE_WITH_KNOTS('',7,(#204,#205,#206,#207,#208,#209,
    #210,#211,#212,#213,#214,#215,#216,#217,#218,#219,#220,#221,#222,
    #223,#224,#225,#226,#227,#228,#229,#230,#231,#232,#233,#234,#235,
    #236,#237,#238,#239,#240,#241,#242,#243,#244,#245,#246,#247,#248,
    #249,#250,#251,#252,#253,#254,#255,#256,#257,#258,#259),
  .UNSPECIFIED.,.T.,.F.,(8,6,6,6,6,6,6,6,6,8),(0.,8.425414103302E-02,
    0.18752468737,0.377165684664,0.48799046407,0.601121922127,
    0.750969174694,0.854892292135,0.932541775606,1.),.UNSPECIFIED.);
#204 = CARTESIAN_POINT('',(0.24481328108,-3.));
#205 = CARTESIAN_POINT('',(0.238627812675,-3.));
#206 = CARTESIAN_POINT('',(0.232485390966,-2.974345663909));
#207 = CARTESIAN_POINT('',(0.226470401852,-2.92391940837));
#208 = CARTESIAN_POINT('',(0.220663778689,-2.850312050932));
#209 = CARTESIAN_POINT('',(0.215139134664,-2.755778439085));
#210 = CARTESIAN_POINT('',(0.209958849065,-2.643193927554));
#211 = CARTESIAN_POINT('',(0.199300532871,-2.360124081381));
#212 = CARTESIAN_POINT('',(0.193989906515,-2.181528232939));
#213 = CARTESIAN_POINT('',(0.189266088471,-1.984341324592));
#214 = CARTESIAN_POINT('',(0.185145594415,-1.772112588917));
#215 = CARTESIAN_POINT('',(0.181637287126,-1.547981389958));
#216 = CARTESIAN_POINT('',(0.178744784999,-1.314783251499));
#217 = CARTESIAN_POINT('',(0.172285853234,-0.634968276567));
#218 = CARTESIAN_POINT('',(0.170172867542,-0.17232398851));
#219 = CARTESIAN_POINT('',(0.170120415687,0.298655395912));
#220 = CARTESIAN_POINT('',(0.1721329775,0.765989922475));
#221 = CARTESIAN_POINT('',(0.176214416858,1.216900832652));
#222 = CARTESIAN_POINT('',(0.182366969245,1.637300464831));
#223 = CARTESIAN_POINT('',(0.195355368435,2.22367043646));
#224 = CARTESIAN_POINT('',(0.200879448777,2.42434541597));
#225 = CARTESIAN_POINT('',(0.207104807304,2.602964585636));
#226 = CARTESIAN_POINT('',(0.213963690402,2.753455979681));
#227 = CARTESIAN_POINT('',(0.221359303397,2.870254847866));
#228 = CARTESIAN_POINT('',(0.229169980191,2.948395171503));
#229 = CARTESIAN_POINT('',(0.24550007164,3.019468230815));
#230 = CARTESIAN_POINT('',(0.253892516389,3.009990876267));
#231 = CARTESIAN_POINT('',(0.262183317377,2.952930315048));
#232 = CARTESIAN_POINT('',(0.270126254582,2.849865326999));
#233 = CARTESIAN_POINT('',(0.277500439692,2.705853939579));
#234 = CARTESIAN_POINT('',(0.284134196588,2.529232996053));
#235 = CARTESIAN_POINT('',(0.297602210485,2.069450152879));
#236 = CARTESIAN_POINT('',(0.303913517523,1.766535981423));
#237 = CARTESIAN_POINT('',(0.308884806001,1.436045858718));
#238 = CARTESIAN_POINT('',(0.312562960708,1.087364829373));
#239 = CARTESIAN_POINT('',(0.314991192509,0.727926120252));
#240 = CARTESIAN_POINT('',(0.316201598425,0.363650218646));
#241 = CARTESIAN_POINT('',(0.316201598425,-0.252201249821));
#242 = CARTESIAN_POINT('',(0.315619411419,-0.504446680023));
#243 = CARTESIAN_POINT('',(0.3144547203,-0.754982630057));
#244 = CARTESIAN_POINT('',(0.312700523992,-1.001997262889));
#245 = CARTESIAN_POINT('',(0.310344567364,-1.243446847221));
#246 = CARTESIAN_POINT('',(0.307370857783,-1.476874117368));
#247 = CARTESIAN_POINT('',(0.301064248017,-1.865350590339));
#248 = CARTESIAN_POINT('',(0.298006567991,-2.025642524007));
#249 = CARTESIAN_POINT('',(0.294586722308,-2.178232579785));
#250 = CARTESIAN_POINT('',(0.290808010349,-2.321226408359));
#251 = CARTESIAN_POINT('',(0.286678655021,-2.452689893762));
#252 = CARTESIAN_POINT('',(0.282211998854,-2.57063796556));
#253 = CARTESIAN_POINT('',(0.273269602854,-2.76196390433));
#254 = CARTESIAN_POINT('',(0.268872510278,-2.839148617155));
#255 = CARTESIAN_POINT('',(0.264272826416,-2.902698190175));
#256 = CARTESIAN_POINT('',(0.259515434487,-2.951211787264));
#257 = CARTESIAN_POINT('',(0.254650561757,-2.983779480982));
#258 = CARTESIAN_POINT('',(0.249731645948,-3.));
#259 = CARTESIAN_POINT('',(0.24481328108,-3.));
#260 = ( GEOMETRIC_REPRESENTATION_CONTEXT(2) 
PARAMETRIC_REPRESENTATION_CONTEXT() REPRESENTATION_CONTEXT('2D SPACE',''
  ) );
#261 = PCURVE('',#262,#267);
#262 = CYLINDRICAL_SURFACE('',#263,3.);
#263 = AXIS2_PLACEMENT_3D('',#264,#265,#266);
#264 = CARTESIAN_POINT('',(0.,15.,-7.5));
#265 = DIRECTION('',(-0.,-0.,-1.));
#266 = DIRECTION('',(1.,0.,0.));
#267 = DEFINITIONAL_REPRESENTATION('',(#268),#325);
#268 = B_SPLINE_CURVE_WITH_KNOTS('',7,(#269,#270,#271,#272,#273,#274,
    #275,#276,#277,#278,#279,#280,#281,#282,#283,#284,#285,#286,#287,
    #288,#289,#290,#291,#292,#293,#294,#295,#296,#297,#298,#299,#300,
    #301,#302,#303,#304,#305,#306,#307,#308,#309,#310,#311,#312,#313,
    #314,#315,#316,#317,#318,#319,#320,#321,#322,#323,#324),
  .UNSPECIFIED.,.F.,.F.,(8,6,6,6,6,6,6,6,6,8),(0.,8.425414103302E-02,
    0.18752468737,0.377165684664,0.48799046407,0.601121922127,
    0.750969174694,0.854892292135,0.932541775606,1.),.UNSPECIFIED.);
#269 = CARTESIAN_POINT('',(0.,-8.12624174042));
#270 = CARTESIAN_POINT('',(-8.561463158756E-02,-8.219023766492));
#271 = CARTESIAN_POINT('',(-0.170410179177,-8.31301335305));
#272 = CARTESIAN_POINT('',(-0.254244314592,-8.406893685864));
#273 = CARTESIAN_POINT('',(-0.33695128585,-8.499244728235));
#274 = CARTESIAN_POINT('',(-0.418330253566,-8.588628733207));
#275 = CARTESIAN_POINT('',(-0.498119806056,-8.673702776085));
#276 = CARTESIAN_POINT('',(-0.671365955018,-8.850992324136));
#277 = CARTESIAN_POINT('',(-0.764318945429,-8.940972803388));
#278 = CARTESIAN_POINT('',(-0.855227999413,-9.022266373788));
#279 = CARTESIAN_POINT('',(-0.94441596876,-9.094069797175));
#280 = CARTESIAN_POINT('',(-1.032156996986,-9.155792758758));
#281 = CARTESIAN_POINT('',(-1.118700053058,-9.20703716801));
#282 = CARTESIAN_POINT('',(-1.361426855391,-9.322010941314));
#283 = CARTESIAN_POINT('',(-1.51555296534,-9.360448052744));
#284 = CARTESIAN_POINT('',(-1.668701529473,-9.361559488064));
#285 = CARTESIAN_POINT('',(-1.822386327163,-9.324906816646));
#286 = CARTESIAN_POINT('',(-1.978210158993,-9.251091287105));
#287 = CARTESIAN_POINT('',(-2.137832266227,-9.141898987382));
#288 = CARTESIAN_POINT('',(-2.400845141388,-8.91811621458));
#289 = CARTESIAN_POINT('',(-2.500742946647,-8.824028474864));
#290 = CARTESIAN_POINT('',(-2.603183556829,-8.719546674437));
#291 = CARTESIAN_POINT('',(-2.708003449879,-8.606547247896));
#292 = CARTESIAN_POINT('',(-2.815160068769,-8.487375207209));
#293 = CARTESIAN_POINT('',(-2.924716797625,-8.364611588978));
#294 = CARTESIAN_POINT('',(-3.151363387751,-8.114539339157));
#295 = CARTESIAN_POINT('',(-3.266642748982,-7.989308625238));
#296 = CARTESIAN_POINT('',(-3.381736705863,-7.869139921797));
#297 = CARTESIAN_POINT('',(-3.495858988585,-7.757451796715));
#298 = CARTESIAN_POINT('',(-3.608139847672,-7.656602669532));
#299 = CARTESIAN_POINT('',(-3.717504547336,-7.567969339632));
#300 = CARTESIAN_POINT('',(-3.961038603922,-7.391376218502));
#301 = CARTESIAN_POINT('',(-4.093741825679,-7.311518930617));
#302 = CARTESIAN_POINT('',(-4.222030029453,-7.250285054849));
#303 = CARTESIAN_POINT('',(-4.347022627626,-7.205752937927));
#304 = CARTESIAN_POINT('',(-4.46974752209,-7.1766149892));
#305 = CARTESIAN_POINT('',(-4.591172240836,-7.162089954906));
#306 = CARTESIAN_POINT('',(-4.796456063658,-7.162089954906));
#307 = CARTESIAN_POINT('',(-4.880538319566,-7.169076128557));
#308 = CARTESIAN_POINT('',(-4.965019228066,-7.183052669086));
#309 = CARTESIAN_POINT('',(-5.050272013636,-7.204193399918));
#310 = CARTESIAN_POINT('',(-5.136666381577,-7.232828295922));
#311 = CARTESIAN_POINT('',(-5.224596120693,-7.269438205886));
#312 = CARTESIAN_POINT('',(-5.381722734851,-7.348445025573));
#313 = CARTESIAN_POINT('',(-5.450176374282,-7.387109754602));
#314 = CARTESIAN_POINT('',(-5.519874265153,-7.430843367543));
#315 = CARTESIAN_POINT('',(-5.590837289928,-7.479812515259));
#316 = CARTESIAN_POINT('',(-5.663112154989,-7.534151622));
#317 = CARTESIAN_POINT('',(-5.736774786927,-7.593946237756));
#318 = CARTESIAN_POINT('',(-5.877251984049,-7.715902889262));
#319 = CARTESIAN_POINT('',(-5.943688331788,-7.776717272123));
#320 = CARTESIAN_POINT('',(-6.010942966484,-7.841315204247));
#321 = CARTESIAN_POINT('',(-6.078752918927,-7.909228621847));
#322 = CARTESIAN_POINT('',(-6.146883968954,-7.97985435492));
#323 = CARTESIAN_POINT('',(-6.215108975905,-8.052466267396));
#324 = CARTESIAN_POINT('',(-6.28318530718,-8.12624174042));
#325 = ( GEOMETRIC_REPRESENTATION_CONTEXT(2) 
PARAMETRIC_REPRESENTATION_CONTEXT() REPRESENTATION_CONTEXT('2D SPACE',''
  ) );
#326 = FACE_BOUND('',#327,.T.);
#327 = EDGE_LOOP('',(#328));
#328 = ORIENTED_EDGE('',*,*,#329,.T.);
#329 = EDGE_CURVE('',#330,#330,#332,.T.);
#330 = VERTEX_POINT('',#331);
#331 = CARTESIAN_POINT('',(3.,-15.,0.62624174042));
#332 = SURFACE_CURVE('',#333,(#384,#438),.PCURVE_S1.);
#333 = B_SPLINE_CURVE_WITH_KNOTS('',7,(#334,#335,#336,#337,#338,#339,
    #340,#341,#342,#343,#344,#345,#346,#347,#348,#349,#350,#351,#352,
    #353,#354,#355,#356,#357,#358,#359,#360,#361,#362,#363,#364,#365,
    #366,#367,#368,#369,#370,#371,#372,#373,#374,#375,#376,#377,#378,
    #379,#380,#381,#382,#383),.UNSPECIFIED.,.T.,.F.,(8,6,6,6,6,6,6,6,8),
  (0.,0.102507554521,0.175080273403,0.355941461271,0.466293642497,
    0.579921874094,0.747891906397,0.87412332555,1.),.UNSPECIFIED.);
#334 = CARTESIAN_POINT('',(3.,-15.,0.62624174042));
#335 = CARTESIAN_POINT('',(3.,-14.68684916578,0.51311945308));
#336 = CARTESIAN_POINT('',(2.961864043986,-14.37437984289,0.40335818767)
  );
#337 = CARTESIAN_POINT('',(2.885892319084,-14.06971109988,0.299469065692
    ));
#338 = CARTESIAN_POINT('',(2.774524326604,-13.77973277316,0.203461026782
    ));
#339 = CARTESIAN_POINT('',(2.632169242588,-13.51055874071,0.116680228786
    ));
#340 = CARTESIAN_POINT('',(2.465077643752,-13.26692795995,
    3.988361076909E-02));
#341 = CARTESIAN_POINT('',(2.151049912678,-12.89924872727,
    -7.389530251176E-02));
#342 = CARTESIAN_POINT('',(2.011512190453,-12.75992549478,
    -0.116305035618));
#343 = CARTESIAN_POINT('',(1.864089898059,-12.63375729737,
    -0.154160838889));
#344 = CARTESIAN_POINT('',(1.710108736615,-12.52072647107,
    -0.187660177943));
#345 = CARTESIAN_POINT('',(1.550760962526,-12.420746408,-0.216989882533)
  );
#346 = CARTESIAN_POINT('',(1.387129469315,-12.33368099445,
    -0.242320031158));
#347 = CARTESIAN_POINT('',(0.804223498462,-12.07415453539,
    -0.317334039992));
#348 = CARTESIAN_POINT('',(0.367322228018,-11.96789957919,
    -0.347023803702));
#349 = CARTESIAN_POINT('',(-7.828527291464E-02,-11.93695836939,
    -0.355496650685));
#350 = CARTESIAN_POINT('',(-0.524175022117,-11.98008064857,
    -0.343544600015));
#351 = CARTESIAN_POINT('',(-0.961551623406,-12.09825634209,
    -0.310598426793));
#352 = CARTESIAN_POINT('',(-1.380142783501,-12.29452849443,
    -0.254615651007));
#353 = CARTESIAN_POINT('',(-1.997172575094,-12.74282687907,
    -0.121435610244));
#354 = CARTESIAN_POINT('',(-2.220148543269,-12.94497953694,
    -6.051394053786E-02));
#355 = CARTESIAN_POINT('',(-2.424902517903,-13.1791494459,
    1.137880922113E-02));
#356 = CARTESIAN_POINT('',(-2.604559201499,-13.44333684185,
    9.442135469663E-02));
#357 = CARTESIAN_POINT('',(-2.752904467037,-13.73414357487,
    0.188438866714));
#358 = CARTESIAN_POINT('',(-2.864455077748,-14.04699857179,
    0.292795048826));
#359 = CARTESIAN_POINT('',(-3.006508268191,-14.71530628869,
    0.522955382791));
#360 = CARTESIAN_POINT('',(-3.032950783857,-15.0644288003,0.646784614587
    ));
#361 = CARTESIAN_POINT('',(-3.011555217572,-15.41408967999,
    0.774817830353));
#362 = CARTESIAN_POINT('',(-2.943424148072,-15.7542980546,0.903474024006
    ));
#363 = CARTESIAN_POINT('',(-2.832813287487,-16.07572756448,
    1.028630060146));
#364 = CARTESIAN_POINT('',(-2.686977321243,-16.37065314078,1.14628078754
    ));
#365 = CARTESIAN_POINT('',(-2.263283135635,-17.02308497257,
    1.411644801735));
#366 = CARTESIAN_POINT('',(-1.951375412315,-17.34963445719,
    1.549498123426));
#367 = CARTESIAN_POINT('',(-1.597915405285,-17.6106054391,1.662876327373
    ));
#368 = CARTESIAN_POINT('',(-1.215854982189,-17.80572684903,1.74920824911
    ));
#369 = CARTESIAN_POINT('',(-0.816064073246,-17.93531778947,
    1.807071679664));
#370 = CARTESIAN_POINT('',(-0.407827949185,-18.,1.835951580125));
#371 = CARTESIAN_POINT('',(0.306487413796,-18.,1.835951580125));
#372 = CARTESIAN_POINT('',(0.613004362969,-17.96347028712,1.819641280258
    ));
#373 = CARTESIAN_POINT('',(0.915852328809,-17.89039541237,1.787013669961
    ));
#374 = CARTESIAN_POINT('',(1.211212233951,-17.7806151168,1.738247710141)
  );
#375 = CARTESIAN_POINT('',(1.494935360724,-17.63391690505,1.673748293323
    ));
#376 = CARTESIAN_POINT('',(1.76226482876,-17.45014780988,1.594207473126)
  );
#377 = CARTESIAN_POINT('',(2.251829935721,-17.00934140762,1.407369397502
    ));
#378 = CARTESIAN_POINT('',(2.477446425376,-16.74957949697,1.298908081672
    ));
#379 = CARTESIAN_POINT('',(2.67375373713,-16.45180673784,1.177023769728)
  );
#380 = CARTESIAN_POINT('',(2.831359102479,-16.12046299881,1.044836446054
    ));
#381 = CARTESIAN_POINT('',(2.942243834462,-15.76217471497,0.906286334733
    ));
#382 = CARTESIAN_POINT('',(3.,-15.385379033,0.765455668478));
#383 = CARTESIAN_POINT('',(3.,-15.,0.62624174042));
#384 = PCURVE('',#32,#385);
#385 = DEFINITIONAL_REPRESENTATION('',(#386),#437);
#386 = B_SPLINE_CURVE_WITH_KNOTS('',7,(#387,#388,#389,#390,#391,#392,
    #393,#394,#395,#396,#397,#398,#399,#400,#401,#402,#403,#404,#405,
    #406,#407,#408,#409,#410,#411,#412,#413,#414,#415,#416,#417,#418,
    #419,#420,#421,#422,#423,#424,#425,#426,#427,#428,#429,#430,#431,
    #432,#433,#434,#435,#436),.UNSPECIFIED.,.T.,.F.,(8,6,6,6,6,6,6,6,8),
  (0.,0.102507554521,0.175080273403,0.355941461271,0.466293642497,
    0.579921874094,0.747891906397,0.87412332555,1.),.UNSPECIFIED.);
#387 = CARTESIAN_POINT('',(0.938117233607,-3.));
#388 = CARTESIAN_POINT('',(0.930575747784,-3.));
#389 = CARTESIAN_POINT('',(0.923074643647,-2.961864043986));
#390 = CARTESIAN_POINT('',(0.915784205387,-2.885892319084));
#391 = CARTESIAN_POINT('',(0.908865979256,-2.774524326604));
#392 = CARTESIAN_POINT('',(0.902460376782,-2.632169242588));
#393 = CARTESIAN_POINT('',(0.896674545727,-2.465077643752));
#394 = CARTESIAN_POINT('',(0.887956961189,-2.151049912678));
#395 = CARTESIAN_POINT('',(0.884658355753,-2.011512190453));
#396 = CARTESIAN_POINT('',(0.88167481045,-1.864089898059));
#397 = CARTESIAN_POINT('',(0.879004604598,-1.710108736615));
#398 = CARTESIAN_POINT('',(0.876644630173,-1.550760962526));
#399 = CARTESIAN_POINT('',(0.874590833556,-1.387129469315));
#400 = CARTESIAN_POINT('',(0.868471918161,-0.804223498462));
#401 = CARTESIAN_POINT('',(0.865973148332,-0.367322228018));
#402 = CARTESIAN_POINT('',(0.865246475589,7.828527291485E-02));
#403 = CARTESIAN_POINT('',(0.86626003613,0.524175022117));
#404 = CARTESIAN_POINT('',(0.869038852263,0.961551623406));
#405 = CARTESIAN_POINT('',(0.873661456675,1.380142783501));
#406 = CARTESIAN_POINT('',(0.884254042438,1.997172575094));
#407 = CARTESIAN_POINT('',(0.889036177046,2.220148543269));
#408 = CARTESIAN_POINT('',(0.894584361776,2.424902517903));
#409 = CARTESIAN_POINT('',(0.900856577999,2.604559201499));
#410 = CARTESIAN_POINT('',(0.907778612006,2.752904467037));
#411 = CARTESIAN_POINT('',(0.915248259475,2.864455077748));
#412 = CARTESIAN_POINT('',(0.931258004366,3.006508268191));
#413 = CARTESIAN_POINT('',(0.939647968673,3.032950783857));
#414 = CARTESIAN_POINT('',(0.948081336437,3.011555217572));
#415 = CARTESIAN_POINT('',(0.956318898687,2.943424148072));
#416 = CARTESIAN_POINT('',(0.964131287713,2.832813287487));
#417 = CARTESIAN_POINT('',(0.971323106935,2.686977321243));
#418 = CARTESIAN_POINT('',(0.987276295382,2.263283135635));
#419 = CARTESIAN_POINT('',(0.995304016405,1.951375412315));
#420 = CARTESIAN_POINT('',(1.001748393233,1.597915405285));
#421 = CARTESIAN_POINT('',(1.006581167115,1.215854982189));
#422 = CARTESIAN_POINT('',(1.009795710594,0.816064073246));
#423 = CARTESIAN_POINT('',(1.011400167361,0.407827949185));
#424 = CARTESIAN_POINT('',(1.011400167361,-0.306487413796));
#425 = CARTESIAN_POINT('',(1.010494038814,-0.613004362969));
#426 = CARTESIAN_POINT('',(1.008681397976,-0.915852328809));
#427 = CARTESIAN_POINT('',(1.005960581208,-1.211212233951));
#428 = CARTESIAN_POINT('',(1.00233093657,-1.494935360724));
#429 = CARTESIAN_POINT('',(0.997795519926,-1.76226482876));
#430 = CARTESIAN_POINT('',(0.986951398729,-2.251829935721));
#431 = CARTESIAN_POINT('',(0.980575587005,-2.477446425376));
#432 = CARTESIAN_POINT('',(0.973288177191,-2.67375373713));
#433 = CARTESIAN_POINT('',(0.965208695936,-2.831359102479));
#434 = CARTESIAN_POINT('',(0.956508684705,-2.942243834462));
#435 = CARTESIAN_POINT('',(0.947398162144,-3.));
#436 = CARTESIAN_POINT('',(0.938117233607,-3.));
#437 = ( GEOMETRIC_REPRESENTATION_CONTEXT(2) 
PARAMETRIC_REPRESENTATION_CONTEXT() REPRESENTATION_CONTEXT('2D SPACE',''
  ) );
#438 = PCURVE('',#439,#444);
#439 = CYLINDRICAL_SURFACE('',#440,3.);
#440 = AXIS2_PLACEMENT_3D('',#441,#442,#443);
#441 = CARTESIAN_POINT('',(0.,-15.,-7.5));
#442 = DIRECTION('',(-0.,-0.,-1.));
#443 = DIRECTION('',(1.,0.,0.));
#444 = DEFINITIONAL_REPRESENTATION('',(#445),#496);
#445 = B_SPLINE_CURVE_WITH_KNOTS('',7,(#446,#447,#448,#449,#450,#451,
    #452,#453,#454,#455,#456,#457,#458,#459,#460,#461,#462,#463,#464,
    #465,#466,#467,#468,#469,#470,#471,#472,#473,#474,#475,#476,#477,
    #478,#479,#480,#481,#482,#483,#484,#485,#486,#487,#488,#489,#490,
    #491,#492,#493,#494,#495),.UNSPECIFIED.,.F.,.F.,(8,6,6,6,6,6,6,6,8),
  (0.,0.102507554521,0.175080273403,0.355941461271,0.466293642497,
    0.579921874094,0.747891906397,0.87412332555,1.),.UNSPECIFIED.);
#446 = CARTESIAN_POINT('',(0.,-8.12624174042));
#447 = CARTESIAN_POINT('',(-0.104383611407,-8.01311945308));
#448 = CARTESIAN_POINT('',(-0.208539979564,-7.90335818767));
#449 = CARTESIAN_POINT('',(-0.311954303709,-7.799469065692));
#450 = CARTESIAN_POINT('',(-0.414149273938,-7.703461026782));
#451 = CARTESIAN_POINT('',(-0.51456585441,-7.616680228786));
#452 = CARTESIAN_POINT('',(-0.612491164841,-7.539883610769));
#453 = CARTESIAN_POINT('',(-0.773667891181,-7.426104697488));
#454 = CARTESIAN_POINT('',(-0.839189511334,-7.383694964382));
#455 = CARTESIAN_POINT('',(-0.90357045138,-7.345839161111));
#456 = CARTESIAN_POINT('',(-0.966931524051,-7.312339822057));
#457 = CARTESIAN_POINT('',(-1.029379355483,-7.283010117467));
#458 = CARTESIAN_POINT('',(-1.091011911592,-7.257679968842));
#459 = CARTESIAN_POINT('',(-1.303701919144,-7.182665960008));
#460 = CARTESIAN_POINT('',(-1.451150894669,-7.152976196298));
#461 = CARTESIAN_POINT('',(-1.596750742485,-7.144503349315));
#462 = CARTESIAN_POINT('',(-1.742359754749,-7.156455399986));
#463 = CARTESIAN_POINT('',(-1.889883468047,-7.189401573207));
#464 = CARTESIAN_POINT('',(-2.041222429195,-7.245384348993));
#465 = CARTESIAN_POINT('',(-2.295452684712,-7.378564389756));
#466 = CARTESIAN_POINT('',(-2.395190719569,-7.439486059462));
#467 = CARTESIAN_POINT('',(-2.497747657707,-7.511378809221));
#468 = CARTESIAN_POINT('',(-2.60280364336,-7.594421354697));
#469 = CARTESIAN_POINT('',(-2.710208445497,-7.688438866714));
#470 = CARTESIAN_POINT('',(-2.819945689346,-7.792795048826));
#471 = CARTESIAN_POINT('',(-3.047691725631,-8.022955382791));
#472 = CARTESIAN_POINT('',(-3.163355271173,-8.146784614587));
#473 = CARTESIAN_POINT('',(-3.278398994314,-8.274817830353));
#474 = CARTESIAN_POINT('',(-3.392182135685,-8.403474024006));
#475 = CARTESIAN_POINT('',(-3.503991282307,-8.528630060146));
#476 = CARTESIAN_POINT('',(-3.612915877644,-8.64628078754));
#477 = CARTESIAN_POINT('',(-3.872227800079,-8.911644801735));
#478 = CARTESIAN_POINT('',(-4.020143987678,-9.049498123426));
#479 = CARTESIAN_POINT('',(-4.163305950118,-9.162876327373));
#480 = CARTESIAN_POINT('',(-4.302997535819,-9.249208249111));
#481 = CARTESIAN_POINT('',(-4.440368415679,-9.307071679664));
#482 = CARTESIAN_POINT('',(-4.576446330656,-9.335951580125));
#483 = CARTESIAN_POINT('',(-4.81455145165,-9.335951580125));
#484 = CARTESIAN_POINT('',(-4.916723671286,-9.319641280258));
#485 = CARTESIAN_POINT('',(-5.019415045284,-9.287013669961));
#486 = CARTESIAN_POINT('',(-5.123093767294,-9.238247710141));
#487 = CARTESIAN_POINT('',(-5.22826688704,-9.173748293323));
#488 = CARTESIAN_POINT('',(-5.335476965862,-9.094207473126));
#489 = CARTESIAN_POINT('',(-5.555068576262,-8.907369397502));
#490 = CARTESIAN_POINT('',(-5.668895276459,-8.798908081672));
#491 = CARTESIAN_POINT('',(-5.786092985396,-8.677023769728));
#492 = CARTESIAN_POINT('',(-5.906235573389,-8.544836446054));
#493 = CARTESIAN_POINT('',(-6.029127017732,-8.406286334733));
#494 = CARTESIAN_POINT('',(-6.154725629513,-8.265455668478));
#495 = CARTESIAN_POINT('',(-6.28318530718,-8.12624174042));
#496 = ( GEOMETRIC_REPRESENTATION_CONTEXT(2) 
PARAMETRIC_REPRESENTATION_CONTEXT() REPRESENTATION_CONTEXT('2D SPACE',''
  ) );
#497 = ADVANCED_FACE('',(#498),#43,.T.);
#498 = FACE_BOUND('',#499,.T.);
#499 = EDGE_LOOP('',(#500,#501,#529,#557));
#500 = ORIENTED_EDGE('',*,*,#21,.F.);
#501 = ORIENTED_EDGE('',*,*,#502,.F.);
#502 = EDGE_CURVE('',#503,#22,#505,.T.);
#503 = VERTEX_POINT('',#504);
#504 = CARTESIAN_POINT('',(-7.,28.,5.5));
#505 = SURFACE_CURVE('',#506,(#510,#517),.PCURVE_S1.);
#506 = LINE('',#507,#508);
#507 = CARTESIAN_POINT('',(-7.,28.,5.5));
#508 = VECTOR('',#509,1.);
#509 = DIRECTION('',(2.871606438524E-15,-1.,0.));
#510 = PCURVE('',#43,#511);
#511 = DEFINITIONAL_REPRESENTATION('',(#512),#516);
#512 = LINE('',#513,#514);
#513 = CARTESIAN_POINT('',(7.,3.382932749818));
#514 = VECTOR('',#515,1.);
#515 = DIRECTION('',(-2.871606438524E-15,-1.));
#516 = ( GEOMETRIC_REPRESENTATION_CONTEXT(2) 
PARAMETRIC_REPRESENTATION_CONTEXT() REPRESENTATION_CONTEXT('2D SPACE',''
  ) );
#517 = PCURVE('',#518,#523);
#518 = CYLINDRICAL_SURFACE('',#519,1.);
#519 = AXIS2_PLACEMENT_3D('',#520,#521,#522);
#520 = CARTESIAN_POINT('',(-7.,28.,4.5));
#521 = DIRECTION('',(2.871606438524E-15,-1.,0.));
#522 = DIRECTION('',(-0.,0.,1.));
#523 = DEFINITIONAL_REPRESENTATION('',(#524),#528);
#524 = LINE('',#525,#526);
#525 = CARTESIAN_POINT('',(0.,0.));
#526 = VECTOR('',#527,1.);
#527 = DIRECTION('',(0.,1.));
#528 = ( GEOMETRIC_REPRESENTATION_CONTEXT(2) 
PARAMETRIC_REPRESENTATION_CONTEXT() REPRESENTATION_CONTEXT('2D SPACE',''
  ) );
#529 = ORIENTED_EDGE('',*,*,#530,.F.);
#530 = EDGE_CURVE('',#531,#503,#533,.T.);
#531 = VERTEX_POINT('',#532);
#532 = CARTESIAN_POINT('',(7.,28.,5.5));
#533 = SURFACE_CURVE('',#534,(#538,#545),.PCURVE_S1.);
#534 = LINE('',#535,#536);
#535 = CARTESIAN_POINT('',(8.,28.,5.5));
#536 = VECTOR('',#537,1.);
#537 = DIRECTION('',(-1.,0.,0.));
#538 = PCURVE('',#43,#539);
#539 = DEFINITIONAL_REPRESENTATION('',(#540),#544);
#540 = LINE('',#541,#542);
#541 = CARTESIAN_POINT('',(-8.,3.382932749818));
#542 = VECTOR('',#543,1.);
#543 = DIRECTION('',(1.,0.));
#544 = ( GEOMETRIC_REPRESENTATION_CONTEXT(2) 
PARAMETRIC_REPRESENTATION_CONTEXT() REPRESENTATION_CONTEXT('2D SPACE',''
  ) );
#545 = PCURVE('',#546,#551);
#546 = PLANE('',#547);
#547 = AXIS2_PLACEMENT_3D('',#548,#549,#550);
#548 = CARTESIAN_POINT('',(0.,28.,-7.5));
#549 = DIRECTION('',(0.,-1.,0.));
#550 = DIRECTION('',(0.,0.,-1.));
#551 = DEFINITIONAL_REPRESENTATION('',(#552),#556);
#552 = LINE('',#553,#554);
#553 = CARTESIAN_POINT('',(-13.,8.));
#554 = VECTOR('',#555,1.);
#555 = DIRECTION('',(0.,-1.));
#556 = ( GEOMETRIC_REPRESENTATION_CONTEXT(2) 
PARAMETRIC_REPRESENTATION_CONTEXT() REPRESENTATION_CONTEXT('2D SPACE',''
  ) );
#557 = ORIENTED_EDGE('',*,*,#558,.F.);
#558 = EDGE_CURVE('',#24,#531,#559,.T.);
#559 = SURFACE_CURVE('',#560,(#564,#571),.PCURVE_S1.);
#560 = LINE('',#561,#562);
#561 = CARTESIAN_POINT('',(7.,24.617067250182,5.5));
#562 = VECTOR('',#563,1.);
#563 = DIRECTION('',(0.,1.,0.));
#564 = PCURVE('',#43,#565);
#565 = DEFINITIONAL_REPRESENTATION('',(#566),#570);
#566 = LINE('',#567,#568);
#567 = CARTESIAN_POINT('',(-7.,0.));
#568 = VECTOR('',#569,1.);
#569 = DIRECTION('',(0.,1.));
#570 = ( GEOMETRIC_REPRESENTATION_CONTEXT(2) 
PARAMETRIC_REPRESENTATION_CONTEXT() REPRESENTATION_CONTEXT('2D SPACE',''
  ) );
#571 = PCURVE('',#572,#577);
#572 = CYLINDRICAL_SURFACE('',#573,1.);
#573 = AXIS2_PLACEMENT_3D('',#574,#575,#576);
#574 = CARTESIAN_POINT('',(7.,24.617067250182,4.5));
#575 = DIRECTION('',(0.,1.,0.));
#576 = DIRECTION('',(0.,-0.,1.));
#577 = DEFINITIONAL_REPRESENTATION('',(#578),#582);
#578 = LINE('',#579,#580);
#579 = CARTESIAN_POINT('',(0.,0.));
#580 = VECTOR('',#581,1.);
#581 = DIRECTION('',(0.,1.));
#582 = ( GEOMETRIC_REPRESENTATION_CONTEXT(2) 
PARAMETRIC_REPRESENTATION_CONTEXT() REPRESENTATION_CONTEXT('2D SPACE',''
  ) );
#583 = ADVANCED_FACE('',(#584),#126,.F.);
#584 = FACE_BOUND('',#585,.F.);
#585 = EDGE_LOOP('',(#586,#671,#672,#752));
#586 = ORIENTED_EDGE('',*,*,#587,.F.);
#587 = EDGE_CURVE('',#85,#588,#590,.T.);
#588 = VERTEX_POINT('',#589);
#589 = CARTESIAN_POINT('',(-8.,-24.91987158875,4.5));
#590 = SURFACE_CURVE('',#591,(#614,#640),.PCURVE_S1.);
#591 = B_SPLINE_CURVE_WITH_KNOTS('',5,(#592,#593,#594,#595,#596,#597,
    #598,#599,#600,#601,#602,#603,#604,#605,#606,#607,#608,#609,#610,
    #611,#612,#613),.UNSPECIFIED.,.F.,.F.,(6,4,4,4,4,6),(0.,
    0.238382260462,0.477947050218,0.734220209719,0.969194879198,1.),
  .UNSPECIFIED.);
#592 = CARTESIAN_POINT('',(-7.,-24.61706725018,5.5));
#593 = CARTESIAN_POINT('',(-7.076020130645,-24.61706725018,5.5));
#594 = CARTESIAN_POINT('',(-7.152043992735,-24.61926813491,
    5.492776069866));
#595 = CARTESIAN_POINT('',(-7.22708807379,-24.62367016312,5.47832748867)
  );
#596 = CARTESIAN_POINT('',(-7.300197741563,-24.63020366136,
    5.456876032698));
#597 = CARTESIAN_POINT('',(-7.441170399691,-24.64732121135,
    5.400642048007));
#598 = CARTESIAN_POINT('',(-7.509011172089,-24.65792590089,
    5.365791615621));
#599 = CARTESIAN_POINT('',(-7.573158646885,-24.67042672489,
    5.324688235406));
#600 = CARTESIAN_POINT('',(-7.632872301252,-24.68464288485,
    5.277910189482));
#601 = CARTESIAN_POINT('',(-7.746056171599,-24.71718432756,
    5.170738786392));
#602 = CARTESIAN_POINT('',(-7.798802991076,-24.7357278148,5.109620866124
    ));
#603 = CARTESIAN_POINT('',(-7.845072624075,-24.75574053866,
    5.043597631728));
#604 = CARTESIAN_POINT('',(-7.884344241592,-24.77693719688,
    4.973591401895));
#605 = CARTESIAN_POINT('',(-7.945546748339,-24.81927780089,
    4.833590640248));
#606 = CARTESIAN_POINT('',(-7.968647946268,-24.84027997761,
    4.764077821302));
#607 = CARTESIAN_POINT('',(-7.985310811563,-24.86180677424,
    4.692751792186));
#608 = CARTESIAN_POINT('',(-7.995392919021,-24.88362851465,
    4.620367403954));
#609 = CARTESIAN_POINT('',(-7.999317499033,-24.90838680973,
    4.538151651424));
#610 = CARTESIAN_POINT('',(-7.99965872913,-24.91125756275,4.528617267144
    ));
#611 = CARTESIAN_POINT('',(-7.999886241798,-24.91412895256,
    4.519079393621));
#612 = CARTESIAN_POINT('',(-7.999999999998,-24.9170004656,4.50953973604)
  );
#613 = CARTESIAN_POINT('',(-8.,-24.91987158875,4.5));
#614 = PCURVE('',#126,#615);
#615 = DEFINITIONAL_REPRESENTATION('',(#616),#639);
#616 = B_SPLINE_CURVE_WITH_KNOTS('',5,(#617,#618,#619,#620,#621,#622,
    #623,#624,#625,#626,#627,#628,#629,#630,#631,#632,#633,#634,#635,
    #636,#637,#638),.UNSPECIFIED.,.F.,.F.,(6,4,4,4,4,6),(0.,
    0.238382260462,0.477947050218,0.734220209719,0.969194879198,1.),
  .UNSPECIFIED.);
#617 = CARTESIAN_POINT('',(-8.881784197001E-15,3.14159265359));
#618 = CARTESIAN_POINT('',(-8.881784197001E-15,3.217612784235));
#619 = CARTESIAN_POINT('',(4.984990814183E-05,3.293636554273));
#620 = CARTESIAN_POINT('',(1.495572420449E-04,3.369596349013));
#621 = CARTESIAN_POINT('',(2.974564804656E-04,3.445450765222));
#622 = CARTESIAN_POINT('',(6.845459547966E-04,3.597225438253));
#623 = CARTESIAN_POINT('',(9.242015711699E-04,3.673150118938));
#624 = CARTESIAN_POINT('',(1.206435553178E-03,3.748879467861));
#625 = CARTESIAN_POINT('',(1.52696295456E-03,3.824402141581));
#626 = CARTESIAN_POINT('',(2.259484520968E-03,3.980274840111));
#627 = CARTESIAN_POINT('',(2.676316318922E-03,4.060597746682));
#628 = CARTESIAN_POINT('',(3.125389924998E-03,4.140680629531));
#629 = CARTESIAN_POINT('',(3.600070935859E-03,4.220556126708));
#630 = CARTESIAN_POINT('',(4.546241442315E-03,4.373349975059));
#631 = CARTESIAN_POINT('',(5.014723213066E-03,4.446295923377));
#632 = CARTESIAN_POINT('',(5.493958952997E-03,4.519137883368));
#633 = CARTESIAN_POINT('',(5.978763942156E-03,4.591920724909));
#634 = CARTESIAN_POINT('',(6.527700128485E-03,4.674230094318));
#635 = CARTESIAN_POINT('',(6.591333112716E-03,4.683769904506));
#636 = CARTESIAN_POINT('',(6.654963394236E-03,4.693309586811));
#637 = CARTESIAN_POINT('',(6.718579592038E-03,4.702849244321));
#638 = CARTESIAN_POINT('',(6.782170359569E-03,4.712388980385));
#639 = ( GEOMETRIC_REPRESENTATION_CONTEXT(2) 
PARAMETRIC_REPRESENTATION_CONTEXT() REPRESENTATION_CONTEXT('2D SPACE',''
  ) );
#640 = PCURVE('',#641,#646);
#641 = CYLINDRICAL_SURFACE('',#642,1.);
#642 = AXIS2_PLACEMENT_3D('',#643,#644,#645);
#643 = CARTESIAN_POINT('',(-7.,-24.61706725018,4.5));
#644 = DIRECTION('',(0.,-1.,0.));
#645 = DIRECTION('',(-0.,0.,1.));
#646 = DEFINITIONAL_REPRESENTATION('',(#647),#670);
#647 = B_SPLINE_CURVE_WITH_KNOTS('',5,(#648,#649,#650,#651,#652,#653,
    #654,#655,#656,#657,#658,#659,#660,#661,#662,#663,#664,#665,#666,
    #667,#668,#669),.UNSPECIFIED.,.F.,.F.,(6,4,4,4,4,6),(0.,
    0.238382260462,0.477947050218,0.734220209719,0.969194879198,1.),
  .UNSPECIFIED.);
#648 = CARTESIAN_POINT('',(0.,3.339550858072E-13));
#649 = CARTESIAN_POINT('',(7.602013064523E-02,3.339833445012E-13));
#650 = CARTESIAN_POINT('',(0.152043900683,2.200884728405E-03));
#651 = CARTESIAN_POINT('',(0.228003695423,6.6029129429E-03));
#652 = CARTESIAN_POINT('',(0.303858111632,1.313641117867E-02));
#653 = CARTESIAN_POINT('',(0.455632784664,3.025396116747E-02));
#654 = CARTESIAN_POINT('',(0.531557465348,4.085865071005E-02));
#655 = CARTESIAN_POINT('',(0.607286814271,5.335947471041E-02));
#656 = CARTESIAN_POINT('',(0.682809487991,6.757563467587E-02));
#657 = CARTESIAN_POINT('',(0.838682186521,0.100117077384));
#658 = CARTESIAN_POINT('',(0.919005093092,0.118660564619));
#659 = CARTESIAN_POINT('',(0.999087975941,0.138673288485));
#660 = CARTESIAN_POINT('',(1.078963473118,0.159869946702));
#661 = CARTESIAN_POINT('',(1.231757321469,0.202210550708));
#662 = CARTESIAN_POINT('',(1.304703269787,0.22321272743));
#663 = CARTESIAN_POINT('',(1.377545229778,0.244739524064));
#664 = CARTESIAN_POINT('',(1.450328071319,0.266561264477));
#665 = CARTESIAN_POINT('',(1.532637440728,0.29131955955));
#666 = CARTESIAN_POINT('',(1.542177250916,0.294190312574));
#667 = CARTESIAN_POINT('',(1.551716933222,0.297061702386));
#668 = CARTESIAN_POINT('',(1.561256590731,0.299933215419));
#669 = CARTESIAN_POINT('',(1.570796326795,0.302804338572));
#670 = ( GEOMETRIC_REPRESENTATION_CONTEXT(2) 
PARAMETRIC_REPRESENTATION_CONTEXT() REPRESENTATION_CONTEXT('2D SPACE',''
  ) );
#671 = ORIENTED_EDGE('',*,*,#111,.T.);
#672 = ORIENTED_EDGE('',*,*,#673,.T.);
#673 = EDGE_CURVE('',#22,#674,#676,.T.);
#674 = VERTEX_POINT('',#675);
#675 = CARTESIAN_POINT('',(-8.,24.919871588754,4.5));
#676 = SURFACE_CURVE('',#677,(#700,#726),.PCURVE_S1.);
#677 = B_SPLINE_CURVE_WITH_KNOTS('',5,(#678,#679,#680,#681,#682,#683,
    #684,#685,#686,#687,#688,#689,#690,#691,#692,#693,#694,#695,#696,
    #697,#698,#699),.UNSPECIFIED.,.F.,.F.,(6,4,4,4,4,6),(0.,
    0.238382259911,0.477947049661,0.734220209156,0.969194878633,1.),
  .UNSPECIFIED.);
#678 = CARTESIAN_POINT('',(-7.,24.617067250183,5.5));
#679 = CARTESIAN_POINT('',(-7.076020130469,24.617067250183,5.5));
#680 = CARTESIAN_POINT('',(-7.152043992383,24.619268134901,5.4927760699)
  );
#681 = CARTESIAN_POINT('',(-7.227088073269,24.623670163095,
    5.478327488771));
#682 = CARTESIAN_POINT('',(-7.300197740887,24.630203661301,
    5.456876032897));
#683 = CARTESIAN_POINT('',(-7.441170398902,24.647321211232,
    5.400642048393));
#684 = CARTESIAN_POINT('',(-7.509011171331,24.657925900757,
    5.365791616066));
#685 = CARTESIAN_POINT('',(-7.573158646162,24.67042672474,5.324688235908
    ));
#686 = CARTESIAN_POINT('',(-7.632872300571,24.68464288469,5.277910190036
    ));
#687 = CARTESIAN_POINT('',(-7.746056171012,24.717184327368,
    5.170738787045));
#688 = CARTESIAN_POINT('',(-7.798802990542,24.735727814589,
    5.109620866823));
#689 = CARTESIAN_POINT('',(-7.845072623599,24.755740538443,
    5.043597632468));
#690 = CARTESIAN_POINT('',(-7.884344241177,24.77693719665,4.973591402669
    ));
#691 = CARTESIAN_POINT('',(-7.945546748048,24.819277800641,
    4.833590641075));
#692 = CARTESIAN_POINT('',(-7.968647946037,24.840279977356,
    4.764077822149));
#693 = CARTESIAN_POINT('',(-7.985310811395,24.861806773986,
    4.692751793048));
#694 = CARTESIAN_POINT('',(-7.995392918916,24.883628514397,
    4.620367404825));
#695 = CARTESIAN_POINT('',(-7.999317499008,24.908386809521,
    4.538151652124));
#696 = CARTESIAN_POINT('',(-7.999658729117,24.9112575626,4.52861726767)
  );
#697 = CARTESIAN_POINT('',(-7.999886241794,24.914128952462,4.51907939397
    ));
#698 = CARTESIAN_POINT('',(-7.999999999998,24.917000465543,
    4.509539736213));
#699 = CARTESIAN_POINT('',(-8.,24.919871588754,4.5));
#700 = PCURVE('',#126,#701);
#701 = DEFINITIONAL_REPRESENTATION('',(#702),#725);
#702 = B_SPLINE_CURVE_WITH_KNOTS('',5,(#703,#704,#705,#706,#707,#708,
    #709,#710,#711,#712,#713,#714,#715,#716,#717,#718,#719,#720,#721,
    #722,#723,#724),.UNSPECIFIED.,.F.,.F.,(6,4,4,4,4,6),(0.,
    0.238382259911,0.477947049661,0.734220209156,0.969194878633,1.),
  .UNSPECIFIED.);
#703 = CARTESIAN_POINT('',(1.182930514687,3.14159265359));
#704 = CARTESIAN_POINT('',(1.182930514687,3.217612784059));
#705 = CARTESIAN_POINT('',(1.182880664779,3.293636553922));
#706 = CARTESIAN_POINT('',(1.182780957446,3.369596348486));
#707 = CARTESIAN_POINT('',(1.182633058208,3.44545076452));
#708 = CARTESIAN_POINT('',(1.182245968735,3.597225437378));
#709 = CARTESIAN_POINT('',(1.182006313119,3.673150118062));
#710 = CARTESIAN_POINT('',(1.181724079137,3.748879466985));
#711 = CARTESIAN_POINT('',(1.181403551736,3.824402140705));
#712 = CARTESIAN_POINT('',(1.180671030171,3.980274839235));
#713 = CARTESIAN_POINT('',(1.180254198373,4.060597745807));
#714 = CARTESIAN_POINT('',(1.179805124767,4.140680628656));
#715 = CARTESIAN_POINT('',(1.179330443756,4.220556125833));
#716 = CARTESIAN_POINT('',(1.17838427325,4.373349974184));
#717 = CARTESIAN_POINT('',(1.17791579148,4.446295922503));
#718 = CARTESIAN_POINT('',(1.17743655574,4.519137882493));
#719 = CARTESIAN_POINT('',(1.176951750751,4.591920724034));
#720 = CARTESIAN_POINT('',(1.176402814563,4.674230093617));
#721 = CARTESIAN_POINT('',(1.176339181578,4.683769903981));
#722 = CARTESIAN_POINT('',(1.176275551295,4.693309586461));
#723 = CARTESIAN_POINT('',(1.176211935096,4.702849244145));
#724 = CARTESIAN_POINT('',(1.176148344327,4.712388980385));
#725 = ( GEOMETRIC_REPRESENTATION_CONTEXT(2) 
PARAMETRIC_REPRESENTATION_CONTEXT() REPRESENTATION_CONTEXT('2D SPACE',''
  ) );
#726 = PCURVE('',#518,#727);
#727 = DEFINITIONAL_REPRESENTATION('',(#728),#751);
#728 = B_SPLINE_CURVE_WITH_KNOTS('',5,(#729,#730,#731,#732,#733,#734,
    #735,#736,#737,#738,#739,#740,#741,#742,#743,#744,#745,#746,#747,
    #748,#749,#750),.UNSPECIFIED.,.F.,.F.,(6,4,4,4,4,6),(0.,
    0.238382259911,0.477947049661,0.734220209156,0.969194878633,1.),
  .UNSPECIFIED.);
#729 = CARTESIAN_POINT('',(0.,3.382932749817));
#730 = CARTESIAN_POINT('',(7.60201304694E-02,3.382932749817));
#731 = CARTESIAN_POINT('',(0.152043900332,3.380731865099));
#732 = CARTESIAN_POINT('',(0.228003694896,3.376329836905));
#733 = CARTESIAN_POINT('',(0.30385811093,3.369796338699));
#734 = CARTESIAN_POINT('',(0.455632783788,3.352678788768));
#735 = CARTESIAN_POINT('',(0.531557464472,3.342074099243));
#736 = CARTESIAN_POINT('',(0.607286813395,3.32957327526));
#737 = CARTESIAN_POINT('',(0.682809487115,3.31535711531));
#738 = CARTESIAN_POINT('',(0.838682185646,3.282815672632));
#739 = CARTESIAN_POINT('',(0.919005092217,3.264272185411));
#740 = CARTESIAN_POINT('',(0.999087975066,3.244259461557));
#741 = CARTESIAN_POINT('',(1.078963472243,3.22306280335));
#742 = CARTESIAN_POINT('',(1.231757320594,3.180722199359));
#743 = CARTESIAN_POINT('',(1.304703268913,3.159720022644));
#744 = CARTESIAN_POINT('',(1.377545228904,3.138193226014));
#745 = CARTESIAN_POINT('',(1.450328070444,3.116371485603));
#746 = CARTESIAN_POINT('',(1.532637440028,3.091613190479));
#747 = CARTESIAN_POINT('',(1.54217725039,3.0887424374));
#748 = CARTESIAN_POINT('',(1.551716932872,3.085871047538));
#749 = CARTESIAN_POINT('',(1.561256590558,3.082999534457));
#750 = CARTESIAN_POINT('',(1.570796326795,3.080128411246));
#751 = ( GEOMETRIC_REPRESENTATION_CONTEXT(2) 
PARAMETRIC_REPRESENTATION_CONTEXT() REPRESENTATION_CONTEXT('2D SPACE',''
  ) );
#752 = ORIENTED_EDGE('',*,*,#753,.F.);
#753 = EDGE_CURVE('',#588,#674,#754,.T.);
#754 = SURFACE_CURVE('',#755,(#760,#767),.PCURVE_S1.);
#755 = CIRCLE('',#756,45.15);
#756 = AXIS2_PLACEMENT_3D('',#757,#758,#759);
#757 = CARTESIAN_POINT('',(-8.,2.577303450023E-15,42.15));
#758 = DIRECTION('',(1.,3.717264591379E-16,0.));
#759 = DIRECTION('',(2.072664834263E-16,-0.557577967162,-0.830124575311)
  );
#760 = PCURVE('',#126,#761);
#761 = DEFINITIONAL_REPRESENTATION('',(#762),#766);
#762 = LINE('',#763,#764);
#763 = CARTESIAN_POINT('',(0.,4.712388980385));
#764 = VECTOR('',#765,1.);
#765 = DIRECTION('',(1.,0.));
#766 = ( GEOMETRIC_REPRESENTATION_CONTEXT(2) 
PARAMETRIC_REPRESENTATION_CONTEXT() REPRESENTATION_CONTEXT('2D SPACE',''
  ) );
#767 = PCURVE('',#768,#773);
#768 = PLANE('',#769);
#769 = AXIS2_PLACEMENT_3D('',#770,#771,#772);
#770 = CARTESIAN_POINT('',(-8.,0.,-11.03478854024));
#771 = DIRECTION('',(1.,3.717264591379E-16,0.));
#772 = DIRECTION('',(0.,0.,-1.));
#773 = DEFINITIONAL_REPRESENTATION('',(#774),#778);
#774 = CIRCLE('',#775,45.15);
#775 = AXIS2_PLACEMENT_2D('',#776,#777);
#776 = CARTESIAN_POINT('',(-53.18478854024,2.577303450023E-15));
#777 = DIRECTION('',(0.830124575311,-0.557577967162));
#778 = ( GEOMETRIC_REPRESENTATION_CONTEXT(2) 
PARAMETRIC_REPRESENTATION_CONTEXT() REPRESENTATION_CONTEXT('2D SPACE',''
  ) );
#779 = ADVANCED_FACE('',(#780),#72,.F.);
#780 = FACE_BOUND('',#781,.F.);
#781 = EDGE_LOOP('',(#782,#862,#863,#948));
#782 = ORIENTED_EDGE('',*,*,#783,.F.);
#783 = EDGE_CURVE('',#24,#784,#786,.T.);
#784 = VERTEX_POINT('',#785);
#785 = CARTESIAN_POINT('',(8.,24.919871588754,4.5));
#786 = SURFACE_CURVE('',#787,(#810,#836),.PCURVE_S1.);
#787 = B_SPLINE_CURVE_WITH_KNOTS('',5,(#788,#789,#790,#791,#792,#793,
    #794,#795,#796,#797,#798,#799,#800,#801,#802,#803,#804,#805,#806,
    #807,#808,#809),.UNSPECIFIED.,.F.,.F.,(6,4,4,4,4,6),(0.,
    0.238382258754,0.477947048488,0.734220207967,0.969194877434,1.),
  .UNSPECIFIED.);
#788 = CARTESIAN_POINT('',(7.,24.617067250182,5.5));
#789 = CARTESIAN_POINT('',(7.076020130102,24.617067250182,5.5));
#790 = CARTESIAN_POINT('',(7.152043991648,24.61926813488,5.49277606997)
  );
#791 = CARTESIAN_POINT('',(7.227088072181,24.62367016303,5.47832748898)
  );
#792 = CARTESIAN_POINT('',(7.300197739473,24.630203661174,5.456876033312
    ));
#793 = CARTESIAN_POINT('',(7.441170397253,24.647321210986,5.400642049201
    ));
#794 = CARTESIAN_POINT('',(7.509011169745,24.657925900473,5.365791616999
    ));
#795 = CARTESIAN_POINT('',(7.573158644652,24.670426724421,5.324688236958
    ));
#796 = CARTESIAN_POINT('',(7.632872299147,24.684642884338,5.277910191195
    ));
#797 = CARTESIAN_POINT('',(7.746056169785,24.717184326954,5.17073878841)
  );
#798 = CARTESIAN_POINT('',(7.798802989427,24.735727814146,5.109620868285
    ));
#799 = CARTESIAN_POINT('',(7.845072622605,24.755740537975,5.043597634013
    ));
#800 = CARTESIAN_POINT('',(7.884344240311,24.776937196161,4.973591404287
    ));
#801 = CARTESIAN_POINT('',(7.945546747437,24.819277800118,4.833590642805
    ));
#802 = CARTESIAN_POINT('',(7.968647945554,24.840279976821,4.764077823921
    ));
#803 = CARTESIAN_POINT('',(7.985310811042,24.861806773443,4.69275179485)
  );
#804 = CARTESIAN_POINT('',(7.995392918696,24.883628513848,4.620367406646
    ));
#805 = CARTESIAN_POINT('',(7.999317498956,24.908386809083,4.538151653582
    ));
#806 = CARTESIAN_POINT('',(7.999658729091,24.911257561599,4.528617268327
    ));
#807 = CARTESIAN_POINT('',(7.999886241785,24.914128952395,4.519079394782
    ));
#808 = CARTESIAN_POINT('',(7.999999999999,24.9170004668,4.509539737427)
  );
#809 = CARTESIAN_POINT('',(8.,24.91987158735,4.499999999071));
#810 = PCURVE('',#72,#811);
#811 = DEFINITIONAL_REPRESENTATION('',(#812),#835);
#812 = B_SPLINE_CURVE_WITH_KNOTS('',5,(#813,#814,#815,#816,#817,#818,
    #819,#820,#821,#822,#823,#824,#825,#826,#827,#828,#829,#830,#831,
    #832,#833,#834),.UNSPECIFIED.,.F.,.F.,(6,4,4,4,4,6),(0.,
    0.238382258754,0.477947048488,0.734220207967,0.969194877434,1.),
  .UNSPECIFIED.);
#813 = CARTESIAN_POINT('',(8.881784197001E-16,3.14159265359));
#814 = CARTESIAN_POINT('',(8.881784197001E-16,3.217612783692));
#815 = CARTESIAN_POINT('',(4.984990740553E-05,3.293636553186));
#816 = CARTESIAN_POINT('',(1.495572399186E-04,3.369596347384));
#817 = CARTESIAN_POINT('',(2.974564762379E-04,3.445450763053));
#818 = CARTESIAN_POINT('',(6.845459465836E-04,3.597225435546));
#819 = CARTESIAN_POINT('',(9.24201561701E-04,3.673150116231));
#820 = CARTESIAN_POINT('',(1.206435542535E-03,3.748879465154));
#821 = CARTESIAN_POINT('',(1.52696294283E-03,3.824402138874));
#822 = CARTESIAN_POINT('',(2.259484507197E-03,3.980274837406));
#823 = CARTESIAN_POINT('',(2.676316304211E-03,4.060597743977));
#824 = CARTESIAN_POINT('',(3.125389909476E-03,4.140680626827));
#825 = CARTESIAN_POINT('',(3.600070919651E-03,4.220556124003));
#826 = CARTESIAN_POINT('',(4.546241425072E-03,4.373349972355));
#827 = CARTESIAN_POINT('',(5.014723195454E-03,4.446295920674));
#828 = CARTESIAN_POINT('',(5.493958935125E-03,4.519137880665));
#829 = CARTESIAN_POINT('',(5.978763924142E-03,4.591920722205));
#830 = CARTESIAN_POINT('',(6.527700114084E-03,4.674230092158));
#831 = CARTESIAN_POINT('',(6.591333119607E-03,4.68376990288));
#832 = CARTESIAN_POINT('',(6.654963383241E-03,4.693309585748));
#833 = CARTESIAN_POINT('',(6.718579552931E-03,4.702849243826));
#834 = CARTESIAN_POINT('',(6.782170396867E-03,4.712388980385));
#835 = ( GEOMETRIC_REPRESENTATION_CONTEXT(2) 
PARAMETRIC_REPRESENTATION_CONTEXT() REPRESENTATION_CONTEXT('2D SPACE',''
  ) );
#836 = PCURVE('',#572,#837);
#837 = DEFINITIONAL_REPRESENTATION('',(#838),#861);
#838 = B_SPLINE_CURVE_WITH_KNOTS('',5,(#839,#840,#841,#842,#843,#844,
    #845,#846,#847,#848,#849,#850,#851,#852,#853,#854,#855,#856,#857,
    #858,#859,#860),.UNSPECIFIED.,.F.,.F.,(6,4,4,4,4,6),(0.,
    0.238382258754,0.477947048488,0.734220207967,0.969194877434,1.),
  .UNSPECIFIED.);
#839 = CARTESIAN_POINT('',(0.,1.06581410364E-14));
#840 = CARTESIAN_POINT('',(7.60201301018E-02,1.067321233975E-14));
#841 = CARTESIAN_POINT('',(0.152043899596,2.200884697749E-03));
#842 = CARTESIAN_POINT('',(0.228003693794,6.602912848094E-03));
#843 = CARTESIAN_POINT('',(0.303858109463,1.313641099183E-02));
#844 = CARTESIAN_POINT('',(0.455632781957,3.025396080405E-02));
#845 = CARTESIAN_POINT('',(0.531557462641,4.085865029095E-02));
#846 = CARTESIAN_POINT('',(0.607286811564,5.335947423863E-02));
#847 = CARTESIAN_POINT('',(0.682809485285,6.757563415543E-02));
#848 = CARTESIAN_POINT('',(0.838682183816,0.100117076771));
#849 = CARTESIAN_POINT('',(0.919005090388,0.118660563964));
#850 = CARTESIAN_POINT('',(0.999087973237,0.138673287792));
#851 = CARTESIAN_POINT('',(1.078963470413,0.159869945978));
#852 = CARTESIAN_POINT('',(1.231757318765,0.202210549936));
#853 = CARTESIAN_POINT('',(1.304703267084,0.223212726639));
#854 = CARTESIAN_POINT('',(1.377545227075,0.244739523261));
#855 = CARTESIAN_POINT('',(1.450328068615,0.266561263666));
#856 = CARTESIAN_POINT('',(1.532637438569,0.2913195589));
#857 = CARTESIAN_POINT('',(1.54217724929,0.294190311417));
#858 = CARTESIAN_POINT('',(1.551716932158,0.297061702213));
#859 = CARTESIAN_POINT('',(1.561256590237,0.299933216618));
#860 = CARTESIAN_POINT('',(1.570796326795,0.302804337168));
#861 = ( GEOMETRIC_REPRESENTATION_CONTEXT(2) 
PARAMETRIC_REPRESENTATION_CONTEXT() REPRESENTATION_CONTEXT('2D SPACE',''
  ) );
#862 = ORIENTED_EDGE('',*,*,#55,.T.);
#863 = ORIENTED_EDGE('',*,*,#864,.T.);
#864 = EDGE_CURVE('',#56,#865,#867,.T.);
#865 = VERTEX_POINT('',#866);
#866 = CARTESIAN_POINT('',(8.,-24.91987158875,4.5));
#867 = SURFACE_CURVE('',#868,(#891,#917),.PCURVE_S1.);
#868 = B_SPLINE_CURVE_WITH_KNOTS('',5,(#869,#870,#871,#872,#873,#874,
    #875,#876,#877,#878,#879,#880,#881,#882,#883,#884,#885,#886,#887,
    #888,#889,#890),.UNSPECIFIED.,.F.,.F.,(6,4,4,4,4,6),(0.,
    0.238382260038,0.477947049789,0.734220209286,0.969194878763,1.),
  .UNSPECIFIED.);
#869 = CARTESIAN_POINT('',(7.,-24.61706725018,5.5));
#870 = CARTESIAN_POINT('',(7.07602013051,-24.61706725018,5.5));
#871 = CARTESIAN_POINT('',(7.152043992464,-24.6192681349,5.492776069892)
  );
#872 = CARTESIAN_POINT('',(7.227088073389,-24.6236701631,5.478327488748)
  );
#873 = CARTESIAN_POINT('',(7.300197741043,-24.63020366131,5.456876032851
    ));
#874 = CARTESIAN_POINT('',(7.441170399084,-24.64732121125,5.400642048304
    ));
#875 = CARTESIAN_POINT('',(7.509011171505,-24.65792590078,5.365791615964
    ));
#876 = CARTESIAN_POINT('',(7.573158646329,-24.67042672477,5.324688235793
    ));
#877 = CARTESIAN_POINT('',(7.632872300728,-24.68464288472,5.277910189909
    ));
#878 = CARTESIAN_POINT('',(7.746056171147,-24.71718432741,5.170738786894
    ));
#879 = CARTESIAN_POINT('',(7.798802990665,-24.73572781463,5.109620866662
    ));
#880 = CARTESIAN_POINT('',(7.845072623708,-24.75574053849,5.043597632297
    ));
#881 = CARTESIAN_POINT('',(7.884344241273,-24.7769371967,4.973591402491)
  );
#882 = CARTESIAN_POINT('',(7.945546748115,-24.81927780069,4.833590640885
    ));
#883 = CARTESIAN_POINT('',(7.96864794609,-24.84027997741,4.764077821955)
  );
#884 = CARTESIAN_POINT('',(7.985310811433,-24.86180677404,4.69275179285)
  );
#885 = CARTESIAN_POINT('',(7.99539291894,-24.88362851445,4.620367404625)
  );
#886 = CARTESIAN_POINT('',(7.999317499014,-24.90838680957,4.538151651963
    ));
#887 = CARTESIAN_POINT('',(7.99965872912,-24.91125756263,4.528617267548)
  );
#888 = CARTESIAN_POINT('',(7.999886241794,-24.91412895248,4.51907939389)
  );
#889 = CARTESIAN_POINT('',(7.999999999998,-24.91700046556,4.509539736176
    ));
#890 = CARTESIAN_POINT('',(8.,-24.91987158875,4.5));
#891 = PCURVE('',#72,#892);
#892 = DEFINITIONAL_REPRESENTATION('',(#893),#916);
#893 = B_SPLINE_CURVE_WITH_KNOTS('',5,(#894,#895,#896,#897,#898,#899,
    #900,#901,#902,#903,#904,#905,#906,#907,#908,#909,#910,#911,#912,
    #913,#914,#915),.UNSPECIFIED.,.F.,.F.,(6,4,4,4,4,6),(0.,
    0.238382260038,0.477947049789,0.734220209286,0.969194878763,1.),
  .UNSPECIFIED.);
#894 = CARTESIAN_POINT('',(1.182930514687,3.14159265359));
#895 = CARTESIAN_POINT('',(1.182930514687,3.2176127841));
#896 = CARTESIAN_POINT('',(1.182880664779,3.293636554002));
#897 = CARTESIAN_POINT('',(1.182780957445,3.369596348607));
#898 = CARTESIAN_POINT('',(1.182633058208,3.445450764682));
#899 = CARTESIAN_POINT('',(1.182245968734,3.597225437579));
#900 = CARTESIAN_POINT('',(1.182006313118,3.673150118263));
#901 = CARTESIAN_POINT('',(1.181724079136,3.748879467187));
#902 = CARTESIAN_POINT('',(1.181403551735,3.824402140906));
#903 = CARTESIAN_POINT('',(1.180671030169,3.980274839437));
#904 = CARTESIAN_POINT('',(1.180254198372,4.060597746008));
#905 = CARTESIAN_POINT('',(1.179805124766,4.140680628857));
#906 = CARTESIAN_POINT('',(1.179330443755,4.220556126034));
#907 = CARTESIAN_POINT('',(1.178384273249,4.373349974385));
#908 = CARTESIAN_POINT('',(1.177915791478,4.446295922704));
#909 = CARTESIAN_POINT('',(1.177436555738,4.519137882694));
#910 = CARTESIAN_POINT('',(1.176951750749,4.591920724235));
#911 = CARTESIAN_POINT('',(1.176402814562,4.674230093778));
#912 = CARTESIAN_POINT('',(1.176339181577,4.683769904101));
#913 = CARTESIAN_POINT('',(1.176275551295,4.693309586542));
#914 = CARTESIAN_POINT('',(1.176211935096,4.702849244186));
#915 = CARTESIAN_POINT('',(1.176148344327,4.712388980385));
#916 = ( GEOMETRIC_REPRESENTATION_CONTEXT(2) 
PARAMETRIC_REPRESENTATION_CONTEXT() REPRESENTATION_CONTEXT('2D SPACE',''
  ) );
#917 = PCURVE('',#918,#923);
#918 = CYLINDRICAL_SURFACE('',#919,1.);
#919 = AXIS2_PLACEMENT_3D('',#920,#921,#922);
#920 = CARTESIAN_POINT('',(7.,-28.,4.5));
#921 = DIRECTION('',(0.,1.,0.));
#922 = DIRECTION('',(0.,-0.,1.));
#923 = DEFINITIONAL_REPRESENTATION('',(#924),#947);
#924 = B_SPLINE_CURVE_WITH_KNOTS('',5,(#925,#926,#927,#928,#929,#930,
    #931,#932,#933,#934,#935,#936,#937,#938,#939,#940,#941,#942,#943,
    #944,#945,#946),.UNSPECIFIED.,.F.,.F.,(6,4,4,4,4,6),(0.,
    0.238382260038,0.477947049789,0.734220209286,0.969194878763,1.),
  .UNSPECIFIED.);
#925 = CARTESIAN_POINT('',(-2.6645352591E-15,3.382932749817));
#926 = CARTESIAN_POINT('',(7.602013050985E-02,3.382932749817));
#927 = CARTESIAN_POINT('',(0.152043900413,3.380731865097));
#928 = CARTESIAN_POINT('',(0.228003695017,3.376329836898));
#929 = CARTESIAN_POINT('',(0.303858111092,3.369796338685));
#930 = CARTESIAN_POINT('',(0.455632783989,3.352678788741));
#931 = CARTESIAN_POINT('',(0.531557464674,3.342074099212));
#932 = CARTESIAN_POINT('',(0.607286813597,3.329573275225));
#933 = CARTESIAN_POINT('',(0.682809487317,3.315357115271));
#934 = CARTESIAN_POINT('',(0.838682185847,3.282815672586));
#935 = CARTESIAN_POINT('',(0.919005092419,3.264272185362));
#936 = CARTESIAN_POINT('',(0.999087975267,3.244259461506));
#937 = CARTESIAN_POINT('',(1.078963472444,3.223062803296));
#938 = CARTESIAN_POINT('',(1.231757320795,3.180722199302));
#939 = CARTESIAN_POINT('',(1.304703269114,3.159720022585));
#940 = CARTESIAN_POINT('',(1.377545229104,3.138193225953));
#941 = CARTESIAN_POINT('',(1.450328070646,3.116371485543));
#942 = CARTESIAN_POINT('',(1.532637440188,3.09161319043));
#943 = CARTESIAN_POINT('',(1.542177250512,3.088742437366));
#944 = CARTESIAN_POINT('',(1.551716932952,3.085871047513));
#945 = CARTESIAN_POINT('',(1.561256590596,3.082999534438));
#946 = CARTESIAN_POINT('',(1.570796326795,3.080128411246));
#947 = ( GEOMETRIC_REPRESENTATION_CONTEXT(2) 
PARAMETRIC_REPRESENTATION_CONTEXT() REPRESENTATION_CONTEXT('2D SPACE',''
  ) );
#948 = ORIENTED_EDGE('',*,*,#949,.F.);
#949 = EDGE_CURVE('',#784,#865,#950,.T.);
#950 = SURFACE_CURVE('',#951,(#956,#963),.PCURVE_S1.);
#951 = CIRCLE('',#952,45.15);
#952 = AXIS2_PLACEMENT_3D('',#953,#954,#955);
#953 = CARTESIAN_POINT('',(8.,7.137148015447E-15,42.15));
#954 = DIRECTION('',(-1.,-1.982541115402E-16,-1.232595164408E-32));
#955 = DIRECTION('',(-1.10542124494E-16,0.557577967162,-0.830124575311)
  );
#956 = PCURVE('',#72,#957);
#957 = DEFINITIONAL_REPRESENTATION('',(#958),#962);
#958 = LINE('',#959,#960);
#959 = CARTESIAN_POINT('',(0.,4.712388980385));
#960 = VECTOR('',#961,1.);
#961 = DIRECTION('',(1.,0.));
#962 = ( GEOMETRIC_REPRESENTATION_CONTEXT(2) 
PARAMETRIC_REPRESENTATION_CONTEXT() REPRESENTATION_CONTEXT('2D SPACE',''
  ) );
#963 = PCURVE('',#964,#969);
#964 = PLANE('',#965);
#965 = AXIS2_PLACEMENT_3D('',#966,#967,#968);
#966 = CARTESIAN_POINT('',(8.,0.,-11.03478854024));
#967 = DIRECTION('',(-1.,-1.982541115402E-16,0.));
#968 = DIRECTION('',(0.,0.,1.));
#969 = DEFINITIONAL_REPRESENTATION('',(#970),#974);
#970 = CIRCLE('',#971,45.15);
#971 = AXIS2_PLACEMENT_2D('',#972,#973);
#972 = CARTESIAN_POINT('',(53.184788540246,7.137148015447E-15));
#973 = DIRECTION('',(-0.830124575311,0.557577967162));
#974 = ( GEOMETRIC_REPRESENTATION_CONTEXT(2) 
PARAMETRIC_REPRESENTATION_CONTEXT() REPRESENTATION_CONTEXT('2D SPACE',''
  ) );
#975 = ADVANCED_FACE('',(#976),#99,.T.);
#976 = FACE_BOUND('',#977,.T.);
#977 = EDGE_LOOP('',(#978,#979,#1002,#1030));
#978 = ORIENTED_EDGE('',*,*,#84,.F.);
#979 = ORIENTED_EDGE('',*,*,#980,.F.);
#980 = EDGE_CURVE('',#981,#56,#983,.T.);
#981 = VERTEX_POINT('',#982);
#982 = CARTESIAN_POINT('',(7.,-28.,5.5));
#983 = SURFACE_CURVE('',#984,(#988,#995),.PCURVE_S1.);
#984 = LINE('',#985,#986);
#985 = CARTESIAN_POINT('',(7.,-28.,5.5));
#986 = VECTOR('',#987,1.);
#987 = DIRECTION('',(0.,1.,0.));
#988 = PCURVE('',#99,#989);
#989 = DEFINITIONAL_REPRESENTATION('',(#990),#994);
#990 = LINE('',#991,#992);
#991 = CARTESIAN_POINT('',(-7.,0.));
#992 = VECTOR('',#993,1.);
#993 = DIRECTION('',(0.,1.));
#994 = ( GEOMETRIC_REPRESENTATION_CONTEXT(2) 
PARAMETRIC_REPRESENTATION_CONTEXT() REPRESENTATION_CONTEXT('2D SPACE',''
  ) );
#995 = PCURVE('',#918,#996);
#996 = DEFINITIONAL_REPRESENTATION('',(#997),#1001);
#997 = LINE('',#998,#999);
#998 = CARTESIAN_POINT('',(0.,0.));
#999 = VECTOR('',#1000,1.);
#1000 = DIRECTION('',(0.,1.));
#1001 = ( GEOMETRIC_REPRESENTATION_CONTEXT(2) 
PARAMETRIC_REPRESENTATION_CONTEXT() REPRESENTATION_CONTEXT('2D SPACE',''
  ) );
#1002 = ORIENTED_EDGE('',*,*,#1003,.F.);
#1003 = EDGE_CURVE('',#1004,#981,#1006,.T.);
#1004 = VERTEX_POINT('',#1005);
#1005 = CARTESIAN_POINT('',(-7.,-28.,5.5));
#1006 = SURFACE_CURVE('',#1007,(#1011,#1018),.PCURVE_S1.);
#1007 = LINE('',#1008,#1009);
#1008 = CARTESIAN_POINT('',(-8.,-28.,5.5));
#1009 = VECTOR('',#1010,1.);
#1010 = DIRECTION('',(1.,0.,0.));
#1011 = PCURVE('',#99,#1012);
#1012 = DEFINITIONAL_REPRESENTATION('',(#1013),#1017);
#1013 = LINE('',#1014,#1015);
#1014 = CARTESIAN_POINT('',(8.,0.));
#1015 = VECTOR('',#1016,1.);
#1016 = DIRECTION('',(-1.,0.));
#1017 = ( GEOMETRIC_REPRESENTATION_CONTEXT(2) 
PARAMETRIC_REPRESENTATION_CONTEXT() REPRESENTATION_CONTEXT('2D SPACE',''
  ) );
#1018 = PCURVE('',#1019,#1024);
#1019 = PLANE('',#1020);
#1020 = AXIS2_PLACEMENT_3D('',#1021,#1022,#1023);
#1021 = CARTESIAN_POINT('',(5.551115123126E-15,-28.,-7.5));
#1022 = DIRECTION('',(0.,1.,0.));
#1023 = DIRECTION('',(0.,-0.,1.));
#1024 = DEFINITIONAL_REPRESENTATION('',(#1025),#1029);
#1025 = LINE('',#1026,#1027);
#1026 = CARTESIAN_POINT('',(13.,-8.));
#1027 = VECTOR('',#1028,1.);
#1028 = DIRECTION('',(0.,1.));
#1029 = ( GEOMETRIC_REPRESENTATION_CONTEXT(2) 
PARAMETRIC_REPRESENTATION_CONTEXT() REPRESENTATION_CONTEXT('2D SPACE',''
  ) );
#1030 = ORIENTED_EDGE('',*,*,#1031,.F.);
#1031 = EDGE_CURVE('',#85,#1004,#1032,.T.);
#1032 = SURFACE_CURVE('',#1033,(#1037,#1044),.PCURVE_S1.);
#1033 = LINE('',#1034,#1035);
#1034 = CARTESIAN_POINT('',(-7.,-24.61706725018,5.5));
#1035 = VECTOR('',#1036,1.);
#1036 = DIRECTION('',(0.,-1.,0.));
#1037 = PCURVE('',#99,#1038);
#1038 = DEFINITIONAL_REPRESENTATION('',(#1039),#1043);
#1039 = LINE('',#1040,#1041);
#1040 = CARTESIAN_POINT('',(7.,3.382932749818));
#1041 = VECTOR('',#1042,1.);
#1042 = DIRECTION('',(0.,-1.));
#1043 = ( GEOMETRIC_REPRESENTATION_CONTEXT(2) 
PARAMETRIC_REPRESENTATION_CONTEXT() REPRESENTATION_CONTEXT('2D SPACE',''
  ) );
#1044 = PCURVE('',#641,#1045);
#1045 = DEFINITIONAL_REPRESENTATION('',(#1046),#1050);
#1046 = LINE('',#1047,#1048);
#1047 = CARTESIAN_POINT('',(0.,0.));
#1048 = VECTOR('',#1049,1.);
#1049 = DIRECTION('',(0.,1.));
#1050 = ( GEOMETRIC_REPRESENTATION_CONTEXT(2) 
PARAMETRIC_REPRESENTATION_CONTEXT() REPRESENTATION_CONTEXT('2D SPACE',''
  ) );
#1051 = ADVANCED_FACE('',(#1052),#262,.T.);
#1052 = FACE_BOUND('',#1053,.F.);
#1053 = EDGE_LOOP('',(#1054,#1083,#1104,#1105));
#1054 = ORIENTED_EDGE('',*,*,#1055,.F.);
#1055 = EDGE_CURVE('',#1056,#1056,#1058,.T.);
#1056 = VERTEX_POINT('',#1057);
#1057 = CARTESIAN_POINT('',(3.,15.,-7.5));
#1058 = SURFACE_CURVE('',#1059,(#1064,#1071),.PCURVE_S1.);
#1059 = CIRCLE('',#1060,3.);
#1060 = AXIS2_PLACEMENT_3D('',#1061,#1062,#1063);
#1061 = CARTESIAN_POINT('',(0.,15.,-7.5));
#1062 = DIRECTION('',(0.,0.,1.));
#1063 = DIRECTION('',(1.,0.,0.));
#1064 = PCURVE('',#262,#1065);
#1065 = DEFINITIONAL_REPRESENTATION('',(#1066),#1070);
#1066 = LINE('',#1067,#1068);
#1067 = CARTESIAN_POINT('',(-0.,0.));
#1068 = VECTOR('',#1069,1.);
#1069 = DIRECTION('',(-1.,0.));
#1070 = ( GEOMETRIC_REPRESENTATION_CONTEXT(2) 
PARAMETRIC_REPRESENTATION_CONTEXT() REPRESENTATION_CONTEXT('2D SPACE',''
  ) );
#1071 = PCURVE('',#1072,#1077);
#1072 = PLANE('',#1073);
#1073 = AXIS2_PLACEMENT_3D('',#1074,#1075,#1076);
#1074 = CARTESIAN_POINT('',(-2.279066887566E-16,15.,-7.5));
#1075 = DIRECTION('',(0.,0.,1.));
#1076 = DIRECTION('',(1.,0.,-0.));
#1077 = DEFINITIONAL_REPRESENTATION('',(#1078),#1082);
#1078 = CIRCLE('',#1079,3.);
#1079 = AXIS2_PLACEMENT_2D('',#1080,#1081);
#1080 = CARTESIAN_POINT('',(2.279066887566E-16,0.));
#1081 = DIRECTION('',(1.,0.));
#1082 = ( GEOMETRIC_REPRESENTATION_CONTEXT(2) 
PARAMETRIC_REPRESENTATION_CONTEXT() REPRESENTATION_CONTEXT('2D SPACE',''
  ) );
#1083 = ORIENTED_EDGE('',*,*,#1084,.T.);
#1084 = EDGE_CURVE('',#1056,#141,#1085,.T.);
#1085 = SEAM_CURVE('',#1086,(#1090,#1097),.PCURVE_S1.);
#1086 = LINE('',#1087,#1088);
#1087 = CARTESIAN_POINT('',(3.,15.,-7.5));
#1088 = VECTOR('',#1089,1.);
#1089 = DIRECTION('',(0.,0.,1.));
#1090 = PCURVE('',#262,#1091);
#1091 = DEFINITIONAL_REPRESENTATION('',(#1092),#1096);
#1092 = LINE('',#1093,#1094);
#1093 = CARTESIAN_POINT('',(-6.28318530718,0.));
#1094 = VECTOR('',#1095,1.);
#1095 = DIRECTION('',(-0.,-1.));
#1096 = ( GEOMETRIC_REPRESENTATION_CONTEXT(2) 
PARAMETRIC_REPRESENTATION_CONTEXT() REPRESENTATION_CONTEXT('2D SPACE',''
  ) );
#1097 = PCURVE('',#262,#1098);
#1098 = DEFINITIONAL_REPRESENTATION('',(#1099),#1103);
#1099 = LINE('',#1100,#1101);
#1100 = CARTESIAN_POINT('',(-0.,0.));
#1101 = VECTOR('',#1102,1.);
#1102 = DIRECTION('',(-0.,-1.));
#1103 = ( GEOMETRIC_REPRESENTATION_CONTEXT(2) 
PARAMETRIC_REPRESENTATION_CONTEXT() REPRESENTATION_CONTEXT('2D SPACE',''
  ) );
#1104 = ORIENTED_EDGE('',*,*,#140,.T.);
#1105 = ORIENTED_EDGE('',*,*,#1084,.F.);
#1106 = ADVANCED_FACE('',(#1107),#439,.T.);
#1107 = FACE_BOUND('',#1108,.F.);
#1108 = EDGE_LOOP('',(#1109,#1138,#1159,#1160));
#1109 = ORIENTED_EDGE('',*,*,#1110,.F.);
#1110 = EDGE_CURVE('',#1111,#1111,#1113,.T.);
#1111 = VERTEX_POINT('',#1112);
#1112 = CARTESIAN_POINT('',(3.,-15.,-7.5));
#1113 = SURFACE_CURVE('',#1114,(#1119,#1126),.PCURVE_S1.);
#1114 = CIRCLE('',#1115,3.);
#1115 = AXIS2_PLACEMENT_3D('',#1116,#1117,#1118);
#1116 = CARTESIAN_POINT('',(0.,-15.,-7.5));
#1117 = DIRECTION('',(0.,0.,1.));
#1118 = DIRECTION('',(1.,0.,0.));
#1119 = PCURVE('',#439,#1120);
#1120 = DEFINITIONAL_REPRESENTATION('',(#1121),#1125);
#1121 = LINE('',#1122,#1123);
#1122 = CARTESIAN_POINT('',(-0.,0.));
#1123 = VECTOR('',#1124,1.);
#1124 = DIRECTION('',(-1.,0.));
#1125 = ( GEOMETRIC_REPRESENTATION_CONTEXT(2) 
PARAMETRIC_REPRESENTATION_CONTEXT() REPRESENTATION_CONTEXT('2D SPACE',''
  ) );
#1126 = PCURVE('',#1127,#1132);
#1127 = PLANE('',#1128);
#1128 = AXIS2_PLACEMENT_3D('',#1129,#1130,#1131);
#1129 = CARTESIAN_POINT('',(-2.279066887566E-16,-15.,-7.5));
#1130 = DIRECTION('',(0.,0.,1.));
#1131 = DIRECTION('',(1.,0.,-0.));
#1132 = DEFINITIONAL_REPRESENTATION('',(#1133),#1137);
#1133 = CIRCLE('',#1134,3.);
#1134 = AXIS2_PLACEMENT_2D('',#1135,#1136);
#1135 = CARTESIAN_POINT('',(2.279066887566E-16,0.));
#1136 = DIRECTION('',(1.,0.));
#1137 = ( GEOMETRIC_REPRESENTATION_CONTEXT(2) 
PARAMETRIC_REPRESENTATION_CONTEXT() REPRESENTATION_CONTEXT('2D SPACE',''
  ) );
#1138 = ORIENTED_EDGE('',*,*,#1139,.T.);
#1139 = EDGE_CURVE('',#1111,#330,#1140,.T.);
#1140 = SEAM_CURVE('',#1141,(#1145,#1152),.PCURVE_S1.);
#1141 = LINE('',#1142,#1143);
#1142 = CARTESIAN_POINT('',(3.,-15.,-7.5));
#1143 = VECTOR('',#1144,1.);
#1144 = DIRECTION('',(0.,0.,1.));
#1145 = PCURVE('',#439,#1146);
#1146 = DEFINITIONAL_REPRESENTATION('',(#1147),#1151);
#1147 = LINE('',#1148,#1149);
#1148 = CARTESIAN_POINT('',(-6.28318530718,0.));
#1149 = VECTOR('',#1150,1.);
#1150 = DIRECTION('',(-0.,-1.));
#1151 = ( GEOMETRIC_REPRESENTATION_CONTEXT(2) 
PARAMETRIC_REPRESENTATION_CONTEXT() REPRESENTATION_CONTEXT('2D SPACE',''
  ) );
#1152 = PCURVE('',#439,#1153);
#1153 = DEFINITIONAL_REPRESENTATION('',(#1154),#1158);
#1154 = LINE('',#1155,#1156);
#1155 = CARTESIAN_POINT('',(-0.,0.));
#1156 = VECTOR('',#1157,1.);
#1157 = DIRECTION('',(-0.,-1.));
#1158 = ( GEOMETRIC_REPRESENTATION_CONTEXT(2) 
PARAMETRIC_REPRESENTATION_CONTEXT() REPRESENTATION_CONTEXT('2D SPACE',''
  ) );
#1159 = ORIENTED_EDGE('',*,*,#329,.T.);
#1160 = ORIENTED_EDGE('',*,*,#1139,.F.);
#1161 = ADVANCED_FACE('',(#1162),#518,.F.);
#1162 = FACE_BOUND('',#1163,.F.);
#1163 = EDGE_LOOP('',(#1164,#1203,#1224,#1225));
#1164 = ORIENTED_EDGE('',*,*,#1165,.T.);
#1165 = EDGE_CURVE('',#503,#1166,#1168,.T.);
#1166 = VERTEX_POINT('',#1167);
#1167 = CARTESIAN_POINT('',(-8.,27.,4.5));
#1168 = SURFACE_CURVE('',#1169,(#1174,#1186),.PCURVE_S1.);
#1169 = ELLIPSE('',#1170,1.414213562373,1.);
#1170 = AXIS2_PLACEMENT_3D('',#1171,#1172,#1173);
#1171 = CARTESIAN_POINT('',(-7.,27.,4.5));
#1172 = DIRECTION('',(2.030532385579E-15,-0.707106781187,0.707106781187)
  );
#1173 = DIRECTION('',(2.030532385579E-15,-0.707106781187,-0.707106781187
    ));
#1174 = PCURVE('',#518,#1175);
#1175 = DEFINITIONAL_REPRESENTATION('',(#1176),#1185);
#1176 = B_SPLINE_CURVE_WITH_KNOTS('',7,(#1177,#1178,#1179,#1180,#1181,
    #1182,#1183,#1184),.UNSPECIFIED.,.F.,.F.,(8,8),(3.14159265359,
    4.712388980385),.PIECEWISE_BEZIER_KNOTS.);
#1177 = CARTESIAN_POINT('',(0.,0.));
#1178 = CARTESIAN_POINT('',(0.224399475256,-6.254013238546E-16));
#1179 = CARTESIAN_POINT('',(0.448798950513,5.874867261001E-02));
#1180 = CARTESIAN_POINT('',(0.673198425769,0.176237495375));
#1181 = CARTESIAN_POINT('',(0.897597901026,0.345253174226));
#1182 = CARTESIAN_POINT('',(1.121997376282,0.551201960681));
#1183 = CARTESIAN_POINT('',(1.346396851538,0.775600524744));
#1184 = CARTESIAN_POINT('',(1.570796326795,1.));
#1185 = ( GEOMETRIC_REPRESENTATION_CONTEXT(2) 
PARAMETRIC_REPRESENTATION_CONTEXT() REPRESENTATION_CONTEXT('2D SPACE',''
  ) );
#1186 = PCURVE('',#1187,#1192);
#1187 = CYLINDRICAL_SURFACE('',#1188,1.);
#1188 = AXIS2_PLACEMENT_3D('',#1189,#1190,#1191);
#1189 = CARTESIAN_POINT('',(-7.,27.,-7.5));
#1190 = DIRECTION('',(0.,0.,1.));
#1191 = DIRECTION('',(-1.,-3.717264591379E-16,0.));
#1192 = DEFINITIONAL_REPRESENTATION('',(#1193),#1202);
#1193 = B_SPLINE_CURVE_WITH_KNOTS('',7,(#1194,#1195,#1196,#1197,#1198,
    #1199,#1200,#1201),.UNSPECIFIED.,.F.,.F.,(8,8),(3.14159265359,
    4.712388980385),.PIECEWISE_BEZIER_KNOTS.);
#1194 = CARTESIAN_POINT('',(-1.570796326795,13.));
#1195 = CARTESIAN_POINT('',(-1.346396851538,13.));
#1196 = CARTESIAN_POINT('',(-1.121997376282,12.941251327391));
#1197 = CARTESIAN_POINT('',(-0.897597901026,12.823762504628));
#1198 = CARTESIAN_POINT('',(-0.673198425769,12.654746825776));
#1199 = CARTESIAN_POINT('',(-0.448798950513,12.448798039319));
#1200 = CARTESIAN_POINT('',(-0.224399475256,12.224399475256));
#1201 = CARTESIAN_POINT('',(3.552713678801E-15,12.));
#1202 = ( GEOMETRIC_REPRESENTATION_CONTEXT(2) 
PARAMETRIC_REPRESENTATION_CONTEXT() REPRESENTATION_CONTEXT('2D SPACE',''
  ) );
#1203 = ORIENTED_EDGE('',*,*,#1204,.T.);
#1204 = EDGE_CURVE('',#1166,#674,#1205,.T.);
#1205 = SURFACE_CURVE('',#1206,(#1210,#1217),.PCURVE_S1.);
#1206 = LINE('',#1207,#1208);
#1207 = CARTESIAN_POINT('',(-8.,28.,4.5));
#1208 = VECTOR('',#1209,1.);
#1209 = DIRECTION('',(2.871606438524E-15,-1.,0.));
#1210 = PCURVE('',#518,#1211);
#1211 = DEFINITIONAL_REPRESENTATION('',(#1212),#1216);
#1212 = LINE('',#1213,#1214);
#1213 = CARTESIAN_POINT('',(1.570796326795,0.));
#1214 = VECTOR('',#1215,1.);
#1215 = DIRECTION('',(0.,1.));
#1216 = ( GEOMETRIC_REPRESENTATION_CONTEXT(2) 
PARAMETRIC_REPRESENTATION_CONTEXT() REPRESENTATION_CONTEXT('2D SPACE',''
  ) );
#1217 = PCURVE('',#768,#1218);
#1218 = DEFINITIONAL_REPRESENTATION('',(#1219),#1223);
#1219 = LINE('',#1220,#1221);
#1220 = CARTESIAN_POINT('',(-15.53478854024,28.));
#1221 = VECTOR('',#1222,1.);
#1222 = DIRECTION('',(0.,-1.));
#1223 = ( GEOMETRIC_REPRESENTATION_CONTEXT(2) 
PARAMETRIC_REPRESENTATION_CONTEXT() REPRESENTATION_CONTEXT('2D SPACE',''
  ) );
#1224 = ORIENTED_EDGE('',*,*,#673,.F.);
#1225 = ORIENTED_EDGE('',*,*,#502,.F.);
#1226 = ADVANCED_FACE('',(#1227),#572,.F.);
#1227 = FACE_BOUND('',#1228,.F.);
#1228 = EDGE_LOOP('',(#1229,#1230,#1253,#1290));
#1229 = ORIENTED_EDGE('',*,*,#783,.T.);
#1230 = ORIENTED_EDGE('',*,*,#1231,.T.);
#1231 = EDGE_CURVE('',#784,#1232,#1234,.T.);
#1232 = VERTEX_POINT('',#1233);
#1233 = CARTESIAN_POINT('',(8.,27.,4.5));
#1234 = SURFACE_CURVE('',#1235,(#1239,#1246),.PCURVE_S1.);
#1235 = LINE('',#1236,#1237);
#1236 = CARTESIAN_POINT('',(8.,24.617067250182,4.5));
#1237 = VECTOR('',#1238,1.);
#1238 = DIRECTION('',(0.,1.,0.));
#1239 = PCURVE('',#572,#1240);
#1240 = DEFINITIONAL_REPRESENTATION('',(#1241),#1245);
#1241 = LINE('',#1242,#1243);
#1242 = CARTESIAN_POINT('',(1.570796326795,0.));
#1243 = VECTOR('',#1244,1.);
#1244 = DIRECTION('',(0.,1.));
#1245 = ( GEOMETRIC_REPRESENTATION_CONTEXT(2) 
PARAMETRIC_REPRESENTATION_CONTEXT() REPRESENTATION_CONTEXT('2D SPACE',''
  ) );
#1246 = PCURVE('',#964,#1247);
#1247 = DEFINITIONAL_REPRESENTATION('',(#1248),#1252);
#1248 = LINE('',#1249,#1250);
#1249 = CARTESIAN_POINT('',(15.534788540246,24.617067250182));
#1250 = VECTOR('',#1251,1.);
#1251 = DIRECTION('',(0.,1.));
#1252 = ( GEOMETRIC_REPRESENTATION_CONTEXT(2) 
PARAMETRIC_REPRESENTATION_CONTEXT() REPRESENTATION_CONTEXT('2D SPACE',''
  ) );
#1253 = ORIENTED_EDGE('',*,*,#1254,.F.);
#1254 = EDGE_CURVE('',#531,#1232,#1255,.T.);
#1255 = SURFACE_CURVE('',#1256,(#1261,#1273),.PCURVE_S1.);
#1256 = ELLIPSE('',#1257,1.414213562373,1.);
#1257 = AXIS2_PLACEMENT_3D('',#1258,#1259,#1260);
#1258 = CARTESIAN_POINT('',(7.,27.,4.5));
#1259 = DIRECTION('',(0.,0.707106781187,-0.707106781187));
#1260 = DIRECTION('',(0.,0.707106781187,0.707106781187));
#1261 = PCURVE('',#572,#1262);
#1262 = DEFINITIONAL_REPRESENTATION('',(#1263),#1272);
#1263 = B_SPLINE_CURVE_WITH_KNOTS('',7,(#1264,#1265,#1266,#1267,#1268,
    #1269,#1270,#1271),.UNSPECIFIED.,.F.,.F.,(8,8),(0.,1.570796326795),
  .PIECEWISE_BEZIER_KNOTS.);
#1264 = CARTESIAN_POINT('',(0.,3.382932749818));
#1265 = CARTESIAN_POINT('',(0.224399475256,3.382932749818));
#1266 = CARTESIAN_POINT('',(0.448798950513,3.324184077207));
#1267 = CARTESIAN_POINT('',(0.673198425769,3.206695254446));
#1268 = CARTESIAN_POINT('',(0.897597901026,3.037679575589));
#1269 = CARTESIAN_POINT('',(1.121997376282,2.831730789138));
#1270 = CARTESIAN_POINT('',(1.346396851538,2.607332225074));
#1271 = CARTESIAN_POINT('',(1.570796326795,2.382932749818));
#1272 = ( GEOMETRIC_REPRESENTATION_CONTEXT(2) 
PARAMETRIC_REPRESENTATION_CONTEXT() REPRESENTATION_CONTEXT('2D SPACE',''
  ) );
#1273 = PCURVE('',#1274,#1279);
#1274 = CYLINDRICAL_SURFACE('',#1275,1.);
#1275 = AXIS2_PLACEMENT_3D('',#1276,#1277,#1278);
#1276 = CARTESIAN_POINT('',(7.,27.,-7.5));
#1277 = DIRECTION('',(0.,0.,1.));
#1278 = DIRECTION('',(1.,1.982541115402E-16,-0.));
#1279 = DEFINITIONAL_REPRESENTATION('',(#1280),#1289);
#1280 = B_SPLINE_CURVE_WITH_KNOTS('',7,(#1281,#1282,#1283,#1284,#1285,
    #1286,#1287,#1288),.UNSPECIFIED.,.F.,.F.,(8,8),(0.,1.570796326795),
  .PIECEWISE_BEZIER_KNOTS.);
#1281 = CARTESIAN_POINT('',(1.570796326795,13.));
#1282 = CARTESIAN_POINT('',(1.346396851538,13.));
#1283 = CARTESIAN_POINT('',(1.121997376282,12.94125132739));
#1284 = CARTESIAN_POINT('',(0.897597901026,12.823762504624));
#1285 = CARTESIAN_POINT('',(0.67319842577,12.654746825772));
#1286 = CARTESIAN_POINT('',(0.448798950513,12.448798039321));
#1287 = CARTESIAN_POINT('',(0.224399475256,12.224399475256));
#1288 = CARTESIAN_POINT('',(0.,12.));
#1289 = ( GEOMETRIC_REPRESENTATION_CONTEXT(2) 
PARAMETRIC_REPRESENTATION_CONTEXT() REPRESENTATION_CONTEXT('2D SPACE',''
  ) );
#1290 = ORIENTED_EDGE('',*,*,#558,.F.);
#1291 = ADVANCED_FACE('',(#1292),#546,.T.);
#1292 = FACE_BOUND('',#1293,.T.);
#1293 = EDGE_LOOP('',(#1294,#1324,#1345,#1346));
#1294 = ORIENTED_EDGE('',*,*,#1295,.F.);
#1295 = EDGE_CURVE('',#1296,#1298,#1300,.T.);
#1296 = VERTEX_POINT('',#1297);
#1297 = CARTESIAN_POINT('',(7.,28.,-7.5));
#1298 = VERTEX_POINT('',#1299);
#1299 = CARTESIAN_POINT('',(-7.,28.,-7.5));
#1300 = SURFACE_CURVE('',#1301,(#1305,#1312),.PCURVE_S1.);
#1301 = LINE('',#1302,#1303);
#1302 = CARTESIAN_POINT('',(8.,28.,-7.5));
#1303 = VECTOR('',#1304,1.);
#1304 = DIRECTION('',(-1.,0.,0.));
#1305 = PCURVE('',#546,#1306);
#1306 = DEFINITIONAL_REPRESENTATION('',(#1307),#1311);
#1307 = LINE('',#1308,#1309);
#1308 = CARTESIAN_POINT('',(0.,8.));
#1309 = VECTOR('',#1310,1.);
#1310 = DIRECTION('',(0.,-1.));
#1311 = ( GEOMETRIC_REPRESENTATION_CONTEXT(2) 
PARAMETRIC_REPRESENTATION_CONTEXT() REPRESENTATION_CONTEXT('2D SPACE',''
  ) );
#1312 = PCURVE('',#1313,#1318);
#1313 = PLANE('',#1314);
#1314 = AXIS2_PLACEMENT_3D('',#1315,#1316,#1317);
#1315 = CARTESIAN_POINT('',(0.,-30.,-7.5));
#1316 = DIRECTION('',(0.,0.,-1.));
#1317 = DIRECTION('',(-1.,0.,0.));
#1318 = DEFINITIONAL_REPRESENTATION('',(#1319),#1323);
#1319 = LINE('',#1320,#1321);
#1320 = CARTESIAN_POINT('',(-8.,58.));
#1321 = VECTOR('',#1322,1.);
#1322 = DIRECTION('',(1.,0.));
#1323 = ( GEOMETRIC_REPRESENTATION_CONTEXT(2) 
PARAMETRIC_REPRESENTATION_CONTEXT() REPRESENTATION_CONTEXT('2D SPACE',''
  ) );
#1324 = ORIENTED_EDGE('',*,*,#1325,.T.);
#1325 = EDGE_CURVE('',#1296,#531,#1326,.T.);
#1326 = SURFACE_CURVE('',#1327,(#1331,#1338),.PCURVE_S1.);
#1327 = LINE('',#1328,#1329);
#1328 = CARTESIAN_POINT('',(7.,28.,-7.5));
#1329 = VECTOR('',#1330,1.);
#1330 = DIRECTION('',(0.,0.,1.));
#1331 = PCURVE('',#546,#1332);
#1332 = DEFINITIONAL_REPRESENTATION('',(#1333),#1337);
#1333 = LINE('',#1334,#1335);
#1334 = CARTESIAN_POINT('',(0.,7.));
#1335 = VECTOR('',#1336,1.);
#1336 = DIRECTION('',(-1.,0.));
#1337 = ( GEOMETRIC_REPRESENTATION_CONTEXT(2) 
PARAMETRIC_REPRESENTATION_CONTEXT() REPRESENTATION_CONTEXT('2D SPACE',''
  ) );
#1338 = PCURVE('',#1274,#1339);
#1339 = DEFINITIONAL_REPRESENTATION('',(#1340),#1344);
#1340 = LINE('',#1341,#1342);
#1341 = CARTESIAN_POINT('',(1.570796326795,0.));
#1342 = VECTOR('',#1343,1.);
#1343 = DIRECTION('',(0.,1.));
#1344 = ( GEOMETRIC_REPRESENTATION_CONTEXT(2) 
PARAMETRIC_REPRESENTATION_CONTEXT() REPRESENTATION_CONTEXT('2D SPACE',''
  ) );
#1345 = ORIENTED_EDGE('',*,*,#530,.T.);
#1346 = ORIENTED_EDGE('',*,*,#1347,.F.);
#1347 = EDGE_CURVE('',#1298,#503,#1348,.T.);
#1348 = SURFACE_CURVE('',#1349,(#1353,#1360),.PCURVE_S1.);
#1349 = LINE('',#1350,#1351);
#1350 = CARTESIAN_POINT('',(-7.,28.,-7.5));
#1351 = VECTOR('',#1352,1.);
#1352 = DIRECTION('',(0.,0.,1.));
#1353 = PCURVE('',#546,#1354);
#1354 = DEFINITIONAL_REPRESENTATION('',(#1355),#1359);
#1355 = LINE('',#1356,#1357);
#1356 = CARTESIAN_POINT('',(0.,-7.));
#1357 = VECTOR('',#1358,1.);
#1358 = DIRECTION('',(-1.,0.));
#1359 = ( GEOMETRIC_REPRESENTATION_CONTEXT(2) 
PARAMETRIC_REPRESENTATION_CONTEXT() REPRESENTATION_CONTEXT('2D SPACE',''
  ) );
#1360 = PCURVE('',#1187,#1361);
#1361 = DEFINITIONAL_REPRESENTATION('',(#1362),#1366);
#1362 = LINE('',#1363,#1364);
#1363 = CARTESIAN_POINT('',(-1.570796326795,0.));
#1364 = VECTOR('',#1365,1.);
#1365 = DIRECTION('',(-0.,1.));
#1366 = ( GEOMETRIC_REPRESENTATION_CONTEXT(2) 
PARAMETRIC_REPRESENTATION_CONTEXT() REPRESENTATION_CONTEXT('2D SPACE',''
  ) );
#1367 = ADVANCED_FACE('',(#1368),#641,.F.);
#1368 = FACE_BOUND('',#1369,.F.);
#1369 = EDGE_LOOP('',(#1370,#1371,#1394,#1431));
#1370 = ORIENTED_EDGE('',*,*,#587,.T.);
#1371 = ORIENTED_EDGE('',*,*,#1372,.T.);
#1372 = EDGE_CURVE('',#588,#1373,#1375,.T.);
#1373 = VERTEX_POINT('',#1374);
#1374 = CARTESIAN_POINT('',(-8.,-27.,4.5));
#1375 = SURFACE_CURVE('',#1376,(#1380,#1387),.PCURVE_S1.);
#1376 = LINE('',#1377,#1378);
#1377 = CARTESIAN_POINT('',(-8.,-24.61706725018,4.5));
#1378 = VECTOR('',#1379,1.);
#1379 = DIRECTION('',(0.,-1.,0.));
#1380 = PCURVE('',#641,#1381);
#1381 = DEFINITIONAL_REPRESENTATION('',(#1382),#1386);
#1382 = LINE('',#1383,#1384);
#1383 = CARTESIAN_POINT('',(1.570796326795,0.));
#1384 = VECTOR('',#1385,1.);
#1385 = DIRECTION('',(0.,1.));
#1386 = ( GEOMETRIC_REPRESENTATION_CONTEXT(2) 
PARAMETRIC_REPRESENTATION_CONTEXT() REPRESENTATION_CONTEXT('2D SPACE',''
  ) );
#1387 = PCURVE('',#768,#1388);
#1388 = DEFINITIONAL_REPRESENTATION('',(#1389),#1393);
#1389 = LINE('',#1390,#1391);
#1390 = CARTESIAN_POINT('',(-15.53478854024,-24.61706725018));
#1391 = VECTOR('',#1392,1.);
#1392 = DIRECTION('',(0.,-1.));
#1393 = ( GEOMETRIC_REPRESENTATION_CONTEXT(2) 
PARAMETRIC_REPRESENTATION_CONTEXT() REPRESENTATION_CONTEXT('2D SPACE',''
  ) );
#1394 = ORIENTED_EDGE('',*,*,#1395,.F.);
#1395 = EDGE_CURVE('',#1004,#1373,#1396,.T.);
#1396 = SURFACE_CURVE('',#1397,(#1402,#1414),.PCURVE_S1.);
#1397 = ELLIPSE('',#1398,1.414213562373,1.);
#1398 = AXIS2_PLACEMENT_3D('',#1399,#1400,#1401);
#1399 = CARTESIAN_POINT('',(-7.,-27.,4.5));
#1400 = DIRECTION('',(0.,-0.707106781187,-0.707106781187));
#1401 = DIRECTION('',(0.,-0.707106781187,0.707106781187));
#1402 = PCURVE('',#641,#1403);
#1403 = DEFINITIONAL_REPRESENTATION('',(#1404),#1413);
#1404 = B_SPLINE_CURVE_WITH_KNOTS('',7,(#1405,#1406,#1407,#1408,#1409,
    #1410,#1411,#1412),.UNSPECIFIED.,.F.,.F.,(8,8),(0.,1.570796326795),
  .PIECEWISE_BEZIER_KNOTS.);
#1405 = CARTESIAN_POINT('',(0.,3.382932749818));
#1406 = CARTESIAN_POINT('',(0.224399475256,3.382932749818));
#1407 = CARTESIAN_POINT('',(0.448798950513,3.324184077207));
#1408 = CARTESIAN_POINT('',(0.673198425769,3.206695254446));
#1409 = CARTESIAN_POINT('',(0.897597901026,3.037679575589));
#1410 = CARTESIAN_POINT('',(1.121997376282,2.831730789138));
#1411 = CARTESIAN_POINT('',(1.346396851538,2.607332225074));
#1412 = CARTESIAN_POINT('',(1.570796326795,2.382932749818));
#1413 = ( GEOMETRIC_REPRESENTATION_CONTEXT(2) 
PARAMETRIC_REPRESENTATION_CONTEXT() REPRESENTATION_CONTEXT('2D SPACE',''
  ) );
#1414 = PCURVE('',#1415,#1420);
#1415 = CYLINDRICAL_SURFACE('',#1416,1.);
#1416 = AXIS2_PLACEMENT_3D('',#1417,#1418,#1419);
#1417 = CARTESIAN_POINT('',(-7.,-27.,5.5));
#1418 = DIRECTION('',(0.,0.,-1.));
#1419 = DIRECTION('',(-1.,-3.717264591379E-16,-0.));
#1420 = DEFINITIONAL_REPRESENTATION('',(#1421),#1430);
#1421 = B_SPLINE_CURVE_WITH_KNOTS('',7,(#1422,#1423,#1424,#1425,#1426,
    #1427,#1428,#1429),.UNSPECIFIED.,.F.,.F.,(8,8),(0.,1.570796326795),
  .PIECEWISE_BEZIER_KNOTS.);
#1422 = CARTESIAN_POINT('',(-1.570796326795,8.881784197001E-16));
#1423 = CARTESIAN_POINT('',(-1.346396851538,8.881784197001E-16));
#1424 = CARTESIAN_POINT('',(-1.121997376282,5.874867260999E-02));
#1425 = CARTESIAN_POINT('',(-0.897597901026,0.176237495375));
#1426 = CARTESIAN_POINT('',(-0.673198425769,0.345253174226));
#1427 = CARTESIAN_POINT('',(-0.448798950513,0.551201960681));
#1428 = CARTESIAN_POINT('',(-0.224399475256,0.775600524744));
#1429 = CARTESIAN_POINT('',(0.,1.));
#1430 = ( GEOMETRIC_REPRESENTATION_CONTEXT(2) 
PARAMETRIC_REPRESENTATION_CONTEXT() REPRESENTATION_CONTEXT('2D SPACE',''
  ) );
#1431 = ORIENTED_EDGE('',*,*,#1031,.F.);
#1432 = ADVANCED_FACE('',(#1433),#768,.T.);
#1433 = FACE_BOUND('',#1434,.T.);
#1434 = EDGE_LOOP('',(#1435,#1460,#1481,#1482,#1483,#1484));
#1435 = ORIENTED_EDGE('',*,*,#1436,.F.);
#1436 = EDGE_CURVE('',#1437,#1439,#1441,.T.);
#1437 = VERTEX_POINT('',#1438);
#1438 = CARTESIAN_POINT('',(-8.,27.,-7.5));
#1439 = VERTEX_POINT('',#1440);
#1440 = CARTESIAN_POINT('',(-8.,-27.,-7.5));
#1441 = SURFACE_CURVE('',#1442,(#1446,#1453),.PCURVE_S1.);
#1442 = LINE('',#1443,#1444);
#1443 = CARTESIAN_POINT('',(-8.,28.,-7.5));
#1444 = VECTOR('',#1445,1.);
#1445 = DIRECTION('',(3.717264591379E-16,-1.,0.));
#1446 = PCURVE('',#768,#1447);
#1447 = DEFINITIONAL_REPRESENTATION('',(#1448),#1452);
#1448 = LINE('',#1449,#1450);
#1449 = CARTESIAN_POINT('',(-3.534788540246,28.));
#1450 = VECTOR('',#1451,1.);
#1451 = DIRECTION('',(0.,-1.));
#1452 = ( GEOMETRIC_REPRESENTATION_CONTEXT(2) 
PARAMETRIC_REPRESENTATION_CONTEXT() REPRESENTATION_CONTEXT('2D SPACE',''
  ) );
#1453 = PCURVE('',#1313,#1454);
#1454 = DEFINITIONAL_REPRESENTATION('',(#1455),#1459);
#1455 = LINE('',#1456,#1457);
#1456 = CARTESIAN_POINT('',(8.,58.));
#1457 = VECTOR('',#1458,1.);
#1458 = DIRECTION('',(-3.717264591379E-16,-1.));
#1459 = ( GEOMETRIC_REPRESENTATION_CONTEXT(2) 
PARAMETRIC_REPRESENTATION_CONTEXT() REPRESENTATION_CONTEXT('2D SPACE',''
  ) );
#1460 = ORIENTED_EDGE('',*,*,#1461,.T.);
#1461 = EDGE_CURVE('',#1437,#1166,#1462,.T.);
#1462 = SURFACE_CURVE('',#1463,(#1467,#1474),.PCURVE_S1.);
#1463 = LINE('',#1464,#1465);
#1464 = CARTESIAN_POINT('',(-8.,27.,-7.5));
#1465 = VECTOR('',#1466,1.);
#1466 = DIRECTION('',(0.,0.,1.));
#1467 = PCURVE('',#768,#1468);
#1468 = DEFINITIONAL_REPRESENTATION('',(#1469),#1473);
#1469 = LINE('',#1470,#1471);
#1470 = CARTESIAN_POINT('',(-3.534788540246,27.));
#1471 = VECTOR('',#1472,1.);
#1472 = DIRECTION('',(-1.,0.));
#1473 = ( GEOMETRIC_REPRESENTATION_CONTEXT(2) 
PARAMETRIC_REPRESENTATION_CONTEXT() REPRESENTATION_CONTEXT('2D SPACE',''
  ) );
#1474 = PCURVE('',#1187,#1475);
#1475 = DEFINITIONAL_REPRESENTATION('',(#1476),#1480);
#1476 = LINE('',#1477,#1478);
#1477 = CARTESIAN_POINT('',(-0.,0.));
#1478 = VECTOR('',#1479,1.);
#1479 = DIRECTION('',(-0.,1.));
#1480 = ( GEOMETRIC_REPRESENTATION_CONTEXT(2) 
PARAMETRIC_REPRESENTATION_CONTEXT() REPRESENTATION_CONTEXT('2D SPACE',''
  ) );
#1481 = ORIENTED_EDGE('',*,*,#1204,.T.);
#1482 = ORIENTED_EDGE('',*,*,#753,.F.);
#1483 = ORIENTED_EDGE('',*,*,#1372,.T.);
#1484 = ORIENTED_EDGE('',*,*,#1485,.T.);
#1485 = EDGE_CURVE('',#1373,#1439,#1486,.T.);
#1486 = SURFACE_CURVE('',#1487,(#1491,#1498),.PCURVE_S1.);
#1487 = LINE('',#1488,#1489);
#1488 = CARTESIAN_POINT('',(-8.,-27.,5.5));
#1489 = VECTOR('',#1490,1.);
#1490 = DIRECTION('',(0.,0.,-1.));
#1491 = PCURVE('',#768,#1492);
#1492 = DEFINITIONAL_REPRESENTATION('',(#1493),#1497);
#1493 = LINE('',#1494,#1495);
#1494 = CARTESIAN_POINT('',(-16.53478854024,-27.));
#1495 = VECTOR('',#1496,1.);
#1496 = DIRECTION('',(1.,0.));
#1497 = ( GEOMETRIC_REPRESENTATION_CONTEXT(2) 
PARAMETRIC_REPRESENTATION_CONTEXT() REPRESENTATION_CONTEXT('2D SPACE',''
  ) );
#1498 = PCURVE('',#1415,#1499);
#1499 = DEFINITIONAL_REPRESENTATION('',(#1500),#1504);
#1500 = LINE('',#1501,#1502);
#1501 = CARTESIAN_POINT('',(-0.,0.));
#1502 = VECTOR('',#1503,1.);
#1503 = DIRECTION('',(-0.,1.));
#1504 = ( GEOMETRIC_REPRESENTATION_CONTEXT(2) 
PARAMETRIC_REPRESENTATION_CONTEXT() REPRESENTATION_CONTEXT('2D SPACE',''
  ) );
#1505 = ADVANCED_FACE('',(#1506),#964,.T.);
#1506 = FACE_BOUND('',#1507,.T.);
#1507 = EDGE_LOOP('',(#1508,#1533,#1561,#1582,#1583,#1584));
#1508 = ORIENTED_EDGE('',*,*,#1509,.F.);
#1509 = EDGE_CURVE('',#1510,#1512,#1514,.T.);
#1510 = VERTEX_POINT('',#1511);
#1511 = CARTESIAN_POINT('',(8.,-27.,-7.5));
#1512 = VERTEX_POINT('',#1513);
#1513 = CARTESIAN_POINT('',(8.,27.,-7.5));
#1514 = SURFACE_CURVE('',#1515,(#1519,#1526),.PCURVE_S1.);
#1515 = LINE('',#1516,#1517);
#1516 = CARTESIAN_POINT('',(8.,-28.,-7.5));
#1517 = VECTOR('',#1518,1.);
#1518 = DIRECTION('',(0.,1.,0.));
#1519 = PCURVE('',#964,#1520);
#1520 = DEFINITIONAL_REPRESENTATION('',(#1521),#1525);
#1521 = LINE('',#1522,#1523);
#1522 = CARTESIAN_POINT('',(3.534788540246,-28.));
#1523 = VECTOR('',#1524,1.);
#1524 = DIRECTION('',(0.,1.));
#1525 = ( GEOMETRIC_REPRESENTATION_CONTEXT(2) 
PARAMETRIC_REPRESENTATION_CONTEXT() REPRESENTATION_CONTEXT('2D SPACE',''
  ) );
#1526 = PCURVE('',#1313,#1527);
#1527 = DEFINITIONAL_REPRESENTATION('',(#1528),#1532);
#1528 = LINE('',#1529,#1530);
#1529 = CARTESIAN_POINT('',(-8.,2.));
#1530 = VECTOR('',#1531,1.);
#1531 = DIRECTION('',(0.,1.));
#1532 = ( GEOMETRIC_REPRESENTATION_CONTEXT(2) 
PARAMETRIC_REPRESENTATION_CONTEXT() REPRESENTATION_CONTEXT('2D SPACE',''
  ) );
#1533 = ORIENTED_EDGE('',*,*,#1534,.T.);
#1534 = EDGE_CURVE('',#1510,#1535,#1537,.T.);
#1535 = VERTEX_POINT('',#1536);
#1536 = CARTESIAN_POINT('',(8.,-27.,4.5));
#1537 = SURFACE_CURVE('',#1538,(#1542,#1549),.PCURVE_S1.);
#1538 = LINE('',#1539,#1540);
#1539 = CARTESIAN_POINT('',(8.,-27.,-7.5));
#1540 = VECTOR('',#1541,1.);
#1541 = DIRECTION('',(0.,0.,1.));
#1542 = PCURVE('',#964,#1543);
#1543 = DEFINITIONAL_REPRESENTATION('',(#1544),#1548);
#1544 = LINE('',#1545,#1546);
#1545 = CARTESIAN_POINT('',(3.534788540246,-27.));
#1546 = VECTOR('',#1547,1.);
#1547 = DIRECTION('',(1.,0.));
#1548 = ( GEOMETRIC_REPRESENTATION_CONTEXT(2) 
PARAMETRIC_REPRESENTATION_CONTEXT() REPRESENTATION_CONTEXT('2D SPACE',''
  ) );
#1549 = PCURVE('',#1550,#1555);
#1550 = CYLINDRICAL_SURFACE('',#1551,1.);
#1551 = AXIS2_PLACEMENT_3D('',#1552,#1553,#1554);
#1552 = CARTESIAN_POINT('',(7.,-27.,-7.5));
#1553 = DIRECTION('',(0.,0.,1.));
#1554 = DIRECTION('',(1.,1.982541115402E-16,-0.));
#1555 = DEFINITIONAL_REPRESENTATION('',(#1556),#1560);
#1556 = LINE('',#1557,#1558);
#1557 = CARTESIAN_POINT('',(-0.,0.));
#1558 = VECTOR('',#1559,1.);
#1559 = DIRECTION('',(-0.,1.));
#1560 = ( GEOMETRIC_REPRESENTATION_CONTEXT(2) 
PARAMETRIC_REPRESENTATION_CONTEXT() REPRESENTATION_CONTEXT('2D SPACE',''
  ) );
#1561 = ORIENTED_EDGE('',*,*,#1562,.T.);
#1562 = EDGE_CURVE('',#1535,#865,#1563,.T.);
#1563 = SURFACE_CURVE('',#1564,(#1568,#1575),.PCURVE_S1.);
#1564 = LINE('',#1565,#1566);
#1565 = CARTESIAN_POINT('',(8.,-28.,4.5));
#1566 = VECTOR('',#1567,1.);
#1567 = DIRECTION('',(0.,1.,0.));
#1568 = PCURVE('',#964,#1569);
#1569 = DEFINITIONAL_REPRESENTATION('',(#1570),#1574);
#1570 = LINE('',#1571,#1572);
#1571 = CARTESIAN_POINT('',(15.534788540246,-28.));
#1572 = VECTOR('',#1573,1.);
#1573 = DIRECTION('',(0.,1.));
#1574 = ( GEOMETRIC_REPRESENTATION_CONTEXT(2) 
PARAMETRIC_REPRESENTATION_CONTEXT() REPRESENTATION_CONTEXT('2D SPACE',''
  ) );
#1575 = PCURVE('',#918,#1576);
#1576 = DEFINITIONAL_REPRESENTATION('',(#1577),#1581);
#1577 = LINE('',#1578,#1579);
#1578 = CARTESIAN_POINT('',(1.570796326795,0.));
#1579 = VECTOR('',#1580,1.);
#1580 = DIRECTION('',(0.,1.));
#1581 = ( GEOMETRIC_REPRESENTATION_CONTEXT(2) 
PARAMETRIC_REPRESENTATION_CONTEXT() REPRESENTATION_CONTEXT('2D SPACE',''
  ) );
#1582 = ORIENTED_EDGE('',*,*,#949,.F.);
#1583 = ORIENTED_EDGE('',*,*,#1231,.T.);
#1584 = ORIENTED_EDGE('',*,*,#1585,.F.);
#1585 = EDGE_CURVE('',#1512,#1232,#1586,.T.);
#1586 = SURFACE_CURVE('',#1587,(#1591,#1598),.PCURVE_S1.);
#1587 = LINE('',#1588,#1589);
#1588 = CARTESIAN_POINT('',(8.,27.,-7.5));
#1589 = VECTOR('',#1590,1.);
#1590 = DIRECTION('',(0.,0.,1.));
#1591 = PCURVE('',#964,#1592);
#1592 = DEFINITIONAL_REPRESENTATION('',(#1593),#1597);
#1593 = LINE('',#1594,#1595);
#1594 = CARTESIAN_POINT('',(3.534788540246,27.));
#1595 = VECTOR('',#1596,1.);
#1596 = DIRECTION('',(1.,0.));
#1597 = ( GEOMETRIC_REPRESENTATION_CONTEXT(2) 
PARAMETRIC_REPRESENTATION_CONTEXT() REPRESENTATION_CONTEXT('2D SPACE',''
  ) );
#1598 = PCURVE('',#1274,#1599);
#1599 = DEFINITIONAL_REPRESENTATION('',(#1600),#1604);
#1600 = LINE('',#1601,#1602);
#1601 = CARTESIAN_POINT('',(0.,0.));
#1602 = VECTOR('',#1603,1.);
#1603 = DIRECTION('',(0.,1.));
#1604 = ( GEOMETRIC_REPRESENTATION_CONTEXT(2) 
PARAMETRIC_REPRESENTATION_CONTEXT() REPRESENTATION_CONTEXT('2D SPACE',''
  ) );
#1605 = ADVANCED_FACE('',(#1606),#918,.F.);
#1606 = FACE_BOUND('',#1607,.F.);
#1607 = EDGE_LOOP('',(#1608,#1640,#1641,#1642));
#1608 = ORIENTED_EDGE('',*,*,#1609,.T.);
#1609 = EDGE_CURVE('',#981,#1535,#1610,.T.);
#1610 = SURFACE_CURVE('',#1611,(#1616,#1628),.PCURVE_S1.);
#1611 = ELLIPSE('',#1612,1.414213562373,1.);
#1612 = AXIS2_PLACEMENT_3D('',#1613,#1614,#1615);
#1613 = CARTESIAN_POINT('',(7.,-27.,4.5));
#1614 = DIRECTION('',(0.,0.707106781187,0.707106781187));
#1615 = DIRECTION('',(0.,0.707106781187,-0.707106781187));
#1616 = PCURVE('',#918,#1617);
#1617 = DEFINITIONAL_REPRESENTATION('',(#1618),#1627);
#1618 = B_SPLINE_CURVE_WITH_KNOTS('',7,(#1619,#1620,#1621,#1622,#1623,
    #1624,#1625,#1626),.UNSPECIFIED.,.F.,.F.,(8,8),(3.14159265359,
    4.712388980385),.PIECEWISE_BEZIER_KNOTS.);
#1619 = CARTESIAN_POINT('',(0.,0.));
#1620 = CARTESIAN_POINT('',(0.224399475256,-2.748100991031E-17));
#1621 = CARTESIAN_POINT('',(0.448798950513,5.874867260999E-02));
#1622 = CARTESIAN_POINT('',(0.67319842577,0.176237495375));
#1623 = CARTESIAN_POINT('',(0.897597901025,0.345253174226));
#1624 = CARTESIAN_POINT('',(1.121997376282,0.551201960681));
#1625 = CARTESIAN_POINT('',(1.346396851538,0.775600524744));
#1626 = CARTESIAN_POINT('',(1.570796326795,1.));
#1627 = ( GEOMETRIC_REPRESENTATION_CONTEXT(2) 
PARAMETRIC_REPRESENTATION_CONTEXT() REPRESENTATION_CONTEXT('2D SPACE',''
  ) );
#1628 = PCURVE('',#1550,#1629);
#1629 = DEFINITIONAL_REPRESENTATION('',(#1630),#1639);
#1630 = B_SPLINE_CURVE_WITH_KNOTS('',7,(#1631,#1632,#1633,#1634,#1635,
    #1636,#1637,#1638),.UNSPECIFIED.,.F.,.F.,(8,8),(3.14159265359,
    4.712388980385),.PIECEWISE_BEZIER_KNOTS.);
#1631 = CARTESIAN_POINT('',(-1.570796326795,13.));
#1632 = CARTESIAN_POINT('',(-1.346396851538,13.));
#1633 = CARTESIAN_POINT('',(-1.121997376282,12.94125132739));
#1634 = CARTESIAN_POINT('',(-0.897597901026,12.823762504624));
#1635 = CARTESIAN_POINT('',(-0.673198425769,12.654746825772));
#1636 = CARTESIAN_POINT('',(-0.448798950513,12.448798039321));
#1637 = CARTESIAN_POINT('',(-0.224399475256,12.224399475256));
#1638 = CARTESIAN_POINT('',(0.,12.));
#1639 = ( GEOMETRIC_REPRESENTATION_CONTEXT(2) 
PARAMETRIC_REPRESENTATION_CONTEXT() REPRESENTATION_CONTEXT('2D SPACE',''
  ) );
#1640 = ORIENTED_EDGE('',*,*,#1562,.T.);
#1641 = ORIENTED_EDGE('',*,*,#864,.F.);
#1642 = ORIENTED_EDGE('',*,*,#980,.F.);
#1643 = ADVANCED_FACE('',(#1644),#1019,.T.);
#1644 = FACE_BOUND('',#1645,.T.);
#1645 = EDGE_LOOP('',(#1646,#1671,#1692,#1693));
#1646 = ORIENTED_EDGE('',*,*,#1647,.F.);
#1647 = EDGE_CURVE('',#1648,#1650,#1652,.T.);
#1648 = VERTEX_POINT('',#1649);
#1649 = CARTESIAN_POINT('',(-7.,-28.,-7.5));
#1650 = VERTEX_POINT('',#1651);
#1651 = CARTESIAN_POINT('',(7.,-28.,-7.5));
#1652 = SURFACE_CURVE('',#1653,(#1657,#1664),.PCURVE_S1.);
#1653 = LINE('',#1654,#1655);
#1654 = CARTESIAN_POINT('',(-8.,-28.,-7.5));
#1655 = VECTOR('',#1656,1.);
#1656 = DIRECTION('',(1.,0.,0.));
#1657 = PCURVE('',#1019,#1658);
#1658 = DEFINITIONAL_REPRESENTATION('',(#1659),#1663);
#1659 = LINE('',#1660,#1661);
#1660 = CARTESIAN_POINT('',(0.,-8.));
#1661 = VECTOR('',#1662,1.);
#1662 = DIRECTION('',(0.,1.));
#1663 = ( GEOMETRIC_REPRESENTATION_CONTEXT(2) 
PARAMETRIC_REPRESENTATION_CONTEXT() REPRESENTATION_CONTEXT('2D SPACE',''
  ) );
#1664 = PCURVE('',#1313,#1665);
#1665 = DEFINITIONAL_REPRESENTATION('',(#1666),#1670);
#1666 = LINE('',#1667,#1668);
#1667 = CARTESIAN_POINT('',(8.,2.));
#1668 = VECTOR('',#1669,1.);
#1669 = DIRECTION('',(-1.,0.));
#1670 = ( GEOMETRIC_REPRESENTATION_CONTEXT(2) 
PARAMETRIC_REPRESENTATION_CONTEXT() REPRESENTATION_CONTEXT('2D SPACE',''
  ) );
#1671 = ORIENTED_EDGE('',*,*,#1672,.F.);
#1672 = EDGE_CURVE('',#1004,#1648,#1673,.T.);
#1673 = SURFACE_CURVE('',#1674,(#1678,#1685),.PCURVE_S1.);
#1674 = LINE('',#1675,#1676);
#1675 = CARTESIAN_POINT('',(-7.,-28.,5.5));
#1676 = VECTOR('',#1677,1.);
#1677 = DIRECTION('',(0.,0.,-1.));
#1678 = PCURVE('',#1019,#1679);
#1679 = DEFINITIONAL_REPRESENTATION('',(#1680),#1684);
#1680 = LINE('',#1681,#1682);
#1681 = CARTESIAN_POINT('',(13.,-7.));
#1682 = VECTOR('',#1683,1.);
#1683 = DIRECTION('',(-1.,0.));
#1684 = ( GEOMETRIC_REPRESENTATION_CONTEXT(2) 
PARAMETRIC_REPRESENTATION_CONTEXT() REPRESENTATION_CONTEXT('2D SPACE',''
  ) );
#1685 = PCURVE('',#1415,#1686);
#1686 = DEFINITIONAL_REPRESENTATION('',(#1687),#1691);
#1687 = LINE('',#1688,#1689);
#1688 = CARTESIAN_POINT('',(-1.570796326795,0.));
#1689 = VECTOR('',#1690,1.);
#1690 = DIRECTION('',(-0.,1.));
#1691 = ( GEOMETRIC_REPRESENTATION_CONTEXT(2) 
PARAMETRIC_REPRESENTATION_CONTEXT() REPRESENTATION_CONTEXT('2D SPACE',''
  ) );
#1692 = ORIENTED_EDGE('',*,*,#1003,.T.);
#1693 = ORIENTED_EDGE('',*,*,#1694,.F.);
#1694 = EDGE_CURVE('',#1650,#981,#1695,.T.);
#1695 = SURFACE_CURVE('',#1696,(#1700,#1707),.PCURVE_S1.);
#1696 = LINE('',#1697,#1698);
#1697 = CARTESIAN_POINT('',(7.,-28.,-7.5));
#1698 = VECTOR('',#1699,1.);
#1699 = DIRECTION('',(0.,0.,1.));
#1700 = PCURVE('',#1019,#1701);
#1701 = DEFINITIONAL_REPRESENTATION('',(#1702),#1706);
#1702 = LINE('',#1703,#1704);
#1703 = CARTESIAN_POINT('',(0.,7.));
#1704 = VECTOR('',#1705,1.);
#1705 = DIRECTION('',(1.,0.));
#1706 = ( GEOMETRIC_REPRESENTATION_CONTEXT(2) 
PARAMETRIC_REPRESENTATION_CONTEXT() REPRESENTATION_CONTEXT('2D SPACE',''
  ) );
#1707 = PCURVE('',#1550,#1708);
#1708 = DEFINITIONAL_REPRESENTATION('',(#1709),#1713);
#1709 = LINE('',#1710,#1711);
#1710 = CARTESIAN_POINT('',(-1.570796326795,0.));
#1711 = VECTOR('',#1712,1.);
#1712 = DIRECTION('',(-0.,1.));
#1713 = ( GEOMETRIC_REPRESENTATION_CONTEXT(2) 
PARAMETRIC_REPRESENTATION_CONTEXT() REPRESENTATION_CONTEXT('2D SPACE',''
  ) );
#1714 = ADVANCED_FACE('',(#1715,#1718),#1072,.F.);
#1715 = FACE_BOUND('',#1716,.F.);
#1716 = EDGE_LOOP('',(#1717));
#1717 = ORIENTED_EDGE('',*,*,#1055,.T.);
#1718 = FACE_BOUND('',#1719,.F.);
#1719 = EDGE_LOOP('',(#1720));
#1720 = ORIENTED_EDGE('',*,*,#1721,.F.);
#1721 = EDGE_CURVE('',#1722,#1722,#1724,.T.);
#1722 = VERTEX_POINT('',#1723);
#1723 = CARTESIAN_POINT('',(1.5,15.,-7.5));
#1724 = SURFACE_CURVE('',#1725,(#1730,#1737),.PCURVE_S1.);
#1725 = CIRCLE('',#1726,1.5);
#1726 = AXIS2_PLACEMENT_3D('',#1727,#1728,#1729);
#1727 = CARTESIAN_POINT('',(0.,15.,-7.5));
#1728 = DIRECTION('',(0.,0.,1.));
#1729 = DIRECTION('',(1.,0.,0.));
#1730 = PCURVE('',#1072,#1731);
#1731 = DEFINITIONAL_REPRESENTATION('',(#1732),#1736);
#1732 = CIRCLE('',#1733,1.5);
#1733 = AXIS2_PLACEMENT_2D('',#1734,#1735);
#1734 = CARTESIAN_POINT('',(2.279066887566E-16,0.));
#1735 = DIRECTION('',(1.,0.));
#1736 = ( GEOMETRIC_REPRESENTATION_CONTEXT(2) 
PARAMETRIC_REPRESENTATION_CONTEXT() REPRESENTATION_CONTEXT('2D SPACE',''
  ) );
#1737 = PCURVE('',#1738,#1743);
#1738 = CYLINDRICAL_SURFACE('',#1739,1.5);
#1739 = AXIS2_PLACEMENT_3D('',#1740,#1741,#1742);
#1740 = CARTESIAN_POINT('',(0.,15.,-7.5));
#1741 = DIRECTION('',(-0.,-0.,-1.));
#1742 = DIRECTION('',(1.,0.,0.));
#1743 = DEFINITIONAL_REPRESENTATION('',(#1744),#1748);
#1744 = LINE('',#1745,#1746);
#1745 = CARTESIAN_POINT('',(-0.,0.));
#1746 = VECTOR('',#1747,1.);
#1747 = DIRECTION('',(-1.,0.));
#1748 = ( GEOMETRIC_REPRESENTATION_CONTEXT(2) 
PARAMETRIC_REPRESENTATION_CONTEXT() REPRESENTATION_CONTEXT('2D SPACE',''
  ) );
#1749 = ADVANCED_FACE('',(#1750,#1753),#1127,.F.);
#1750 = FACE_BOUND('',#1751,.F.);
#1751 = EDGE_LOOP('',(#1752));
#1752 = ORIENTED_EDGE('',*,*,#1110,.T.);
#1753 = FACE_BOUND('',#1754,.F.);
#1754 = EDGE_LOOP('',(#1755));
#1755 = ORIENTED_EDGE('',*,*,#1756,.F.);
#1756 = EDGE_CURVE('',#1757,#1757,#1759,.T.);
#1757 = VERTEX_POINT('',#1758);
#1758 = CARTESIAN_POINT('',(1.5,-15.,-7.5));
#1759 = SURFACE_CURVE('',#1760,(#1765,#1772),.PCURVE_S1.);
#1760 = CIRCLE('',#1761,1.5);
#1761 = AXIS2_PLACEMENT_3D('',#1762,#1763,#1764);
#1762 = CARTESIAN_POINT('',(0.,-15.,-7.5));
#1763 = DIRECTION('',(0.,0.,1.));
#1764 = DIRECTION('',(1.,0.,0.));
#1765 = PCURVE('',#1127,#1766);
#1766 = DEFINITIONAL_REPRESENTATION('',(#1767),#1771);
#1767 = CIRCLE('',#1768,1.5);
#1768 = AXIS2_PLACEMENT_2D('',#1769,#1770);
#1769 = CARTESIAN_POINT('',(2.279066887566E-16,0.));
#1770 = DIRECTION('',(1.,0.));
#1771 = ( GEOMETRIC_REPRESENTATION_CONTEXT(2) 
PARAMETRIC_REPRESENTATION_CONTEXT() REPRESENTATION_CONTEXT('2D SPACE',''
  ) );
#1772 = PCURVE('',#1773,#1778);
#1773 = CYLINDRICAL_SURFACE('',#1774,1.5);
#1774 = AXIS2_PLACEMENT_3D('',#1775,#1776,#1777);
#1775 = CARTESIAN_POINT('',(0.,-15.,-7.5));
#1776 = DIRECTION('',(-0.,-0.,-1.));
#1777 = DIRECTION('',(1.,0.,0.));
#1778 = DEFINITIONAL_REPRESENTATION('',(#1779),#1783);
#1779 = LINE('',#1780,#1781);
#1780 = CARTESIAN_POINT('',(-0.,0.));
#1781 = VECTOR('',#1782,1.);
#1782 = DIRECTION('',(-1.,0.));
#1783 = ( GEOMETRIC_REPRESENTATION_CONTEXT(2) 
PARAMETRIC_REPRESENTATION_CONTEXT() REPRESENTATION_CONTEXT('2D SPACE',''
  ) );
#1784 = ADVANCED_FACE('',(#1785),#1187,.F.);
#1785 = FACE_BOUND('',#1786,.T.);
#1786 = EDGE_LOOP('',(#1787,#1809,#1810,#1811));
#1787 = ORIENTED_EDGE('',*,*,#1788,.T.);
#1788 = EDGE_CURVE('',#1437,#1298,#1789,.T.);
#1789 = SURFACE_CURVE('',#1790,(#1795,#1802),.PCURVE_S1.);
#1790 = CIRCLE('',#1791,1.);
#1791 = AXIS2_PLACEMENT_3D('',#1792,#1793,#1794);
#1792 = CARTESIAN_POINT('',(-7.,27.,-7.5));
#1793 = DIRECTION('',(-0.,-0.,-1.));
#1794 = DIRECTION('',(0.,-1.,0.));
#1795 = PCURVE('',#1187,#1796);
#1796 = DEFINITIONAL_REPRESENTATION('',(#1797),#1801);
#1797 = LINE('',#1798,#1799);
#1798 = CARTESIAN_POINT('',(1.570796326795,-0.));
#1799 = VECTOR('',#1800,1.);
#1800 = DIRECTION('',(-1.,0.));
#1801 = ( GEOMETRIC_REPRESENTATION_CONTEXT(2) 
PARAMETRIC_REPRESENTATION_CONTEXT() REPRESENTATION_CONTEXT('2D SPACE',''
  ) );
#1802 = PCURVE('',#1313,#1803);
#1803 = DEFINITIONAL_REPRESENTATION('',(#1804),#1808);
#1804 = CIRCLE('',#1805,1.);
#1805 = AXIS2_PLACEMENT_2D('',#1806,#1807);
#1806 = CARTESIAN_POINT('',(7.,57.));
#1807 = DIRECTION('',(0.,-1.));
#1808 = ( GEOMETRIC_REPRESENTATION_CONTEXT(2) 
PARAMETRIC_REPRESENTATION_CONTEXT() REPRESENTATION_CONTEXT('2D SPACE',''
  ) );
#1809 = ORIENTED_EDGE('',*,*,#1347,.T.);
#1810 = ORIENTED_EDGE('',*,*,#1165,.T.);
#1811 = ORIENTED_EDGE('',*,*,#1461,.F.);
#1812 = ADVANCED_FACE('',(#1813),#1274,.F.);
#1813 = FACE_BOUND('',#1814,.F.);
#1814 = EDGE_LOOP('',(#1815,#1841,#1842,#1843));
#1815 = ORIENTED_EDGE('',*,*,#1816,.T.);
#1816 = EDGE_CURVE('',#1512,#1296,#1817,.T.);
#1817 = SURFACE_CURVE('',#1818,(#1823,#1830),.PCURVE_S1.);
#1818 = CIRCLE('',#1819,1.);
#1819 = AXIS2_PLACEMENT_3D('',#1820,#1821,#1822);
#1820 = CARTESIAN_POINT('',(7.,27.,-7.5));
#1821 = DIRECTION('',(0.,0.,1.));
#1822 = DIRECTION('',(0.,-1.,0.));
#1823 = PCURVE('',#1274,#1824);
#1824 = DEFINITIONAL_REPRESENTATION('',(#1825),#1829);
#1825 = LINE('',#1826,#1827);
#1826 = CARTESIAN_POINT('',(-1.570796326795,0.));
#1827 = VECTOR('',#1828,1.);
#1828 = DIRECTION('',(1.,0.));
#1829 = ( GEOMETRIC_REPRESENTATION_CONTEXT(2) 
PARAMETRIC_REPRESENTATION_CONTEXT() REPRESENTATION_CONTEXT('2D SPACE',''
  ) );
#1830 = PCURVE('',#1313,#1831);
#1831 = DEFINITIONAL_REPRESENTATION('',(#1832),#1840);
#1832 = ( BOUNDED_CURVE() B_SPLINE_CURVE(2,(#1833,#1834,#1835,#1836,
#1837,#1838,#1839),.UNSPECIFIED.,.T.,.F.) B_SPLINE_CURVE_WITH_KNOTS((1,2
    ,2,2,2,1),(-2.094395102393,0.,2.094395102393,4.188790204786,
6.28318530718,8.377580409573),.UNSPECIFIED.) CURVE() 
GEOMETRIC_REPRESENTATION_ITEM() RATIONAL_B_SPLINE_CURVE((1.,0.5,1.,0.5,
1.,0.5,1.)) REPRESENTATION_ITEM('') );
#1833 = CARTESIAN_POINT('',(-7.,56.));
#1834 = CARTESIAN_POINT('',(-8.732050807569,56.));
#1835 = CARTESIAN_POINT('',(-7.866025403784,57.5));
#1836 = CARTESIAN_POINT('',(-7.,59.));
#1837 = CARTESIAN_POINT('',(-6.133974596216,57.5));
#1838 = CARTESIAN_POINT('',(-5.267949192431,56.));
#1839 = CARTESIAN_POINT('',(-7.,56.));
#1840 = ( GEOMETRIC_REPRESENTATION_CONTEXT(2) 
PARAMETRIC_REPRESENTATION_CONTEXT() REPRESENTATION_CONTEXT('2D SPACE',''
  ) );
#1841 = ORIENTED_EDGE('',*,*,#1325,.T.);
#1842 = ORIENTED_EDGE('',*,*,#1254,.T.);
#1843 = ORIENTED_EDGE('',*,*,#1585,.F.);
#1844 = ADVANCED_FACE('',(#1845,#2083),#1313,.T.);
#1845 = FACE_BOUND('',#1846,.T.);
#1846 = EDGE_LOOP('',(#1847,#1877,#1910,#1938,#1967,#1995,#2028,#2056));
#1847 = ORIENTED_EDGE('',*,*,#1848,.T.);
#1848 = EDGE_CURVE('',#1849,#1851,#1853,.T.);
#1849 = VERTEX_POINT('',#1850);
#1850 = CARTESIAN_POINT('',(9.,-30.,-7.5));
#1851 = VERTEX_POINT('',#1852);
#1852 = CARTESIAN_POINT('',(-9.,-30.,-7.5));
#1853 = SURFACE_CURVE('',#1854,(#1858,#1865),.PCURVE_S1.);
#1854 = LINE('',#1855,#1856);
#1855 = CARTESIAN_POINT('',(10.,-30.,-7.5));
#1856 = VECTOR('',#1857,1.);
#1857 = DIRECTION('',(-1.,0.,0.));
#1858 = PCURVE('',#1313,#1859);
#1859 = DEFINITIONAL_REPRESENTATION('',(#1860),#1864);
#1860 = LINE('',#1861,#1862);
#1861 = CARTESIAN_POINT('',(-10.,0.));
#1862 = VECTOR('',#1863,1.);
#1863 = DIRECTION('',(1.,0.));
#1864 = ( GEOMETRIC_REPRESENTATION_CONTEXT(2) 
PARAMETRIC_REPRESENTATION_CONTEXT() REPRESENTATION_CONTEXT('2D SPACE',''
  ) );
#1865 = PCURVE('',#1866,#1871);
#1866 = PLANE('',#1867);
#1867 = AXIS2_PLACEMENT_3D('',#1868,#1869,#1870);
#1868 = CARTESIAN_POINT('',(4.163336342344E-15,-30.,-7.5));
#1869 = DIRECTION('',(0.,-1.,0.));
#1870 = DIRECTION('',(0.,0.,-1.));
#1871 = DEFINITIONAL_REPRESENTATION('',(#1872),#1876);
#1872 = LINE('',#1873,#1874);
#1873 = CARTESIAN_POINT('',(0.,10.));
#1874 = VECTOR('',#1875,1.);
#1875 = DIRECTION('',(0.,-1.));
#1876 = ( GEOMETRIC_REPRESENTATION_CONTEXT(2) 
PARAMETRIC_REPRESENTATION_CONTEXT() REPRESENTATION_CONTEXT('2D SPACE',''
  ) );
#1877 = ORIENTED_EDGE('',*,*,#1878,.F.);
#1878 = EDGE_CURVE('',#1879,#1851,#1881,.T.);
#1879 = VERTEX_POINT('',#1880);
#1880 = CARTESIAN_POINT('',(-10.,-29.,-7.5));
#1881 = SURFACE_CURVE('',#1882,(#1887,#1898),.PCURVE_S1.);
#1882 = CIRCLE('',#1883,1.);
#1883 = AXIS2_PLACEMENT_3D('',#1884,#1885,#1886);
#1884 = CARTESIAN_POINT('',(-9.,-29.,-7.5));
#1885 = DIRECTION('',(0.,-0.,1.));
#1886 = DIRECTION('',(0.,1.,0.));
#1887 = PCURVE('',#1313,#1888);
#1888 = DEFINITIONAL_REPRESENTATION('',(#1889),#1897);
#1889 = ( BOUNDED_CURVE() B_SPLINE_CURVE(2,(#1890,#1891,#1892,#1893,
#1894,#1895,#1896),.UNSPECIFIED.,.T.,.F.) B_SPLINE_CURVE_WITH_KNOTS((1,2
    ,2,2,2,1),(-2.094395102393,0.,2.094395102393,4.188790204786,
6.28318530718,8.377580409573),.UNSPECIFIED.) CURVE() 
GEOMETRIC_REPRESENTATION_ITEM() RATIONAL_B_SPLINE_CURVE((1.,0.5,1.,0.5,
1.,0.5,1.)) REPRESENTATION_ITEM('') );
#1890 = CARTESIAN_POINT('',(9.,2.));
#1891 = CARTESIAN_POINT('',(10.732050807569,2.));
#1892 = CARTESIAN_POINT('',(9.866025403784,0.5));
#1893 = CARTESIAN_POINT('',(9.,-1.));
#1894 = CARTESIAN_POINT('',(8.133974596216,0.5));
#1895 = CARTESIAN_POINT('',(7.267949192431,2.));
#1896 = CARTESIAN_POINT('',(9.,2.));
#1897 = ( GEOMETRIC_REPRESENTATION_CONTEXT(2) 
PARAMETRIC_REPRESENTATION_CONTEXT() REPRESENTATION_CONTEXT('2D SPACE',''
  ) );
#1898 = PCURVE('',#1899,#1904);
#1899 = CYLINDRICAL_SURFACE('',#1900,1.);
#1900 = AXIS2_PLACEMENT_3D('',#1901,#1902,#1903);
#1901 = CARTESIAN_POINT('',(-9.,-29.,7.5));
#1902 = DIRECTION('',(0.,0.,-1.));
#1903 = DIRECTION('',(-1.,-1.619075244245E-16,-0.));
#1904 = DEFINITIONAL_REPRESENTATION('',(#1905),#1909);
#1905 = LINE('',#1906,#1907);
#1906 = CARTESIAN_POINT('',(1.570796326795,15.));
#1907 = VECTOR('',#1908,1.);
#1908 = DIRECTION('',(-1.,0.));
#1909 = ( GEOMETRIC_REPRESENTATION_CONTEXT(2) 
PARAMETRIC_REPRESENTATION_CONTEXT() REPRESENTATION_CONTEXT('2D SPACE',''
  ) );
#1910 = ORIENTED_EDGE('',*,*,#1911,.T.);
#1911 = EDGE_CURVE('',#1879,#1912,#1914,.T.);
#1912 = VERTEX_POINT('',#1913);
#1913 = CARTESIAN_POINT('',(-10.,29.,-7.5));
#1914 = SURFACE_CURVE('',#1915,(#1919,#1926),.PCURVE_S1.);
#1915 = LINE('',#1916,#1917);
#1916 = CARTESIAN_POINT('',(-10.,-30.,-7.5));
#1917 = VECTOR('',#1918,1.);
#1918 = DIRECTION('',(-1.619075244245E-16,1.,0.));
#1919 = PCURVE('',#1313,#1920);
#1920 = DEFINITIONAL_REPRESENTATION('',(#1921),#1925);
#1921 = LINE('',#1922,#1923);
#1922 = CARTESIAN_POINT('',(10.,0.));
#1923 = VECTOR('',#1924,1.);
#1924 = DIRECTION('',(1.619075244245E-16,1.));
#1925 = ( GEOMETRIC_REPRESENTATION_CONTEXT(2) 
PARAMETRIC_REPRESENTATION_CONTEXT() REPRESENTATION_CONTEXT('2D SPACE',''
  ) );
#1926 = PCURVE('',#1927,#1932);
#1927 = PLANE('',#1928);
#1928 = AXIS2_PLACEMENT_3D('',#1929,#1930,#1931);
#1929 = CARTESIAN_POINT('',(-10.,0.,-9.123376623377));
#1930 = DIRECTION('',(-1.,-1.619075244245E-16,0.));
#1931 = DIRECTION('',(0.,0.,1.));
#1932 = DEFINITIONAL_REPRESENTATION('',(#1933),#1937);
#1933 = LINE('',#1934,#1935);
#1934 = CARTESIAN_POINT('',(1.623376623377,-30.));
#1935 = VECTOR('',#1936,1.);
#1936 = DIRECTION('',(0.,1.));
#1937 = ( GEOMETRIC_REPRESENTATION_CONTEXT(2) 
PARAMETRIC_REPRESENTATION_CONTEXT() REPRESENTATION_CONTEXT('2D SPACE',''
  ) );
#1938 = ORIENTED_EDGE('',*,*,#1939,.T.);
#1939 = EDGE_CURVE('',#1912,#1940,#1942,.T.);
#1940 = VERTEX_POINT('',#1941);
#1941 = CARTESIAN_POINT('',(-9.,30.,-7.5));
#1942 = SURFACE_CURVE('',#1943,(#1948,#1955),.PCURVE_S1.);
#1943 = CIRCLE('',#1944,1.);
#1944 = AXIS2_PLACEMENT_3D('',#1945,#1946,#1947);
#1945 = CARTESIAN_POINT('',(-9.,29.,-7.5));
#1946 = DIRECTION('',(-0.,-0.,-1.));
#1947 = DIRECTION('',(0.,-1.,0.));
#1948 = PCURVE('',#1313,#1949);
#1949 = DEFINITIONAL_REPRESENTATION('',(#1950),#1954);
#1950 = CIRCLE('',#1951,1.);
#1951 = AXIS2_PLACEMENT_2D('',#1952,#1953);
#1952 = CARTESIAN_POINT('',(9.,59.));
#1953 = DIRECTION('',(0.,-1.));
#1954 = ( GEOMETRIC_REPRESENTATION_CONTEXT(2) 
PARAMETRIC_REPRESENTATION_CONTEXT() REPRESENTATION_CONTEXT('2D SPACE',''
  ) );
#1955 = PCURVE('',#1956,#1961);
#1956 = CYLINDRICAL_SURFACE('',#1957,1.);
#1957 = AXIS2_PLACEMENT_3D('',#1958,#1959,#1960);
#1958 = CARTESIAN_POINT('',(-9.,29.,-7.5));
#1959 = DIRECTION('',(0.,0.,1.));
#1960 = DIRECTION('',(-1.,-1.619075244245E-16,0.));
#1961 = DEFINITIONAL_REPRESENTATION('',(#1962),#1966);
#1962 = LINE('',#1963,#1964);
#1963 = CARTESIAN_POINT('',(1.570796326795,-0.));
#1964 = VECTOR('',#1965,1.);
#1965 = DIRECTION('',(-1.,0.));
#1966 = ( GEOMETRIC_REPRESENTATION_CONTEXT(2) 
PARAMETRIC_REPRESENTATION_CONTEXT() REPRESENTATION_CONTEXT('2D SPACE',''
  ) );
#1967 = ORIENTED_EDGE('',*,*,#1968,.T.);
#1968 = EDGE_CURVE('',#1940,#1969,#1971,.T.);
#1969 = VERTEX_POINT('',#1970);
#1970 = CARTESIAN_POINT('',(9.,30.,-7.5));
#1971 = SURFACE_CURVE('',#1972,(#1976,#1983),.PCURVE_S1.);
#1972 = LINE('',#1973,#1974);
#1973 = CARTESIAN_POINT('',(-10.,30.,-7.5));
#1974 = VECTOR('',#1975,1.);
#1975 = DIRECTION('',(1.,0.,0.));
#1976 = PCURVE('',#1313,#1977);
#1977 = DEFINITIONAL_REPRESENTATION('',(#1978),#1982);
#1978 = LINE('',#1979,#1980);
#1979 = CARTESIAN_POINT('',(10.,60.));
#1980 = VECTOR('',#1981,1.);
#1981 = DIRECTION('',(-1.,0.));
#1982 = ( GEOMETRIC_REPRESENTATION_CONTEXT(2) 
PARAMETRIC_REPRESENTATION_CONTEXT() REPRESENTATION_CONTEXT('2D SPACE',''
  ) );
#1983 = PCURVE('',#1984,#1989);
#1984 = PLANE('',#1985);
#1985 = AXIS2_PLACEMENT_3D('',#1986,#1987,#1988);
#1986 = CARTESIAN_POINT('',(0.,30.,-7.5));
#1987 = DIRECTION('',(0.,1.,0.));
#1988 = DIRECTION('',(0.,-0.,1.));
#1989 = DEFINITIONAL_REPRESENTATION('',(#1990),#1994);
#1990 = LINE('',#1991,#1992);
#1991 = CARTESIAN_POINT('',(0.,-10.));
#1992 = VECTOR('',#1993,1.);
#1993 = DIRECTION('',(0.,1.));
#1994 = ( GEOMETRIC_REPRESENTATION_CONTEXT(2) 
PARAMETRIC_REPRESENTATION_CONTEXT() REPRESENTATION_CONTEXT('2D SPACE',''
  ) );
#1995 = ORIENTED_EDGE('',*,*,#1996,.F.);
#1996 = EDGE_CURVE('',#1997,#1969,#1999,.T.);
#1997 = VERTEX_POINT('',#1998);
#1998 = CARTESIAN_POINT('',(10.,29.,-7.5));
#1999 = SURFACE_CURVE('',#2000,(#2005,#2016),.PCURVE_S1.);
#2000 = CIRCLE('',#2001,1.);
#2001 = AXIS2_PLACEMENT_3D('',#2002,#2003,#2004);
#2002 = CARTESIAN_POINT('',(9.,29.,-7.5));
#2003 = DIRECTION('',(0.,0.,1.));
#2004 = DIRECTION('',(0.,-1.,0.));
#2005 = PCURVE('',#1313,#2006);
#2006 = DEFINITIONAL_REPRESENTATION('',(#2007),#2015);
#2007 = ( BOUNDED_CURVE() B_SPLINE_CURVE(2,(#2008,#2009,#2010,#2011,
#2012,#2013,#2014),.UNSPECIFIED.,.T.,.F.) B_SPLINE_CURVE_WITH_KNOTS((1,2
    ,2,2,2,1),(-2.094395102393,0.,2.094395102393,4.188790204786,
6.28318530718,8.377580409573),.UNSPECIFIED.) CURVE() 
GEOMETRIC_REPRESENTATION_ITEM() RATIONAL_B_SPLINE_CURVE((1.,0.5,1.,0.5,
1.,0.5,1.)) REPRESENTATION_ITEM('') );
#2008 = CARTESIAN_POINT('',(-9.,58.));
#2009 = CARTESIAN_POINT('',(-10.73205080756,58.));
#2010 = CARTESIAN_POINT('',(-9.866025403784,59.5));
#2011 = CARTESIAN_POINT('',(-9.,61.));
#2012 = CARTESIAN_POINT('',(-8.133974596216,59.5));
#2013 = CARTESIAN_POINT('',(-7.267949192431,58.));
#2014 = CARTESIAN_POINT('',(-9.,58.));
#2015 = ( GEOMETRIC_REPRESENTATION_CONTEXT(2) 
PARAMETRIC_REPRESENTATION_CONTEXT() REPRESENTATION_CONTEXT('2D SPACE',''
  ) );
#2016 = PCURVE('',#2017,#2022);
#2017 = CYLINDRICAL_SURFACE('',#2018,1.);
#2018 = AXIS2_PLACEMENT_3D('',#2019,#2020,#2021);
#2019 = CARTESIAN_POINT('',(9.,29.,-7.5));
#2020 = DIRECTION('',(0.,0.,1.));
#2021 = DIRECTION('',(1.,0.,-0.));
#2022 = DEFINITIONAL_REPRESENTATION('',(#2023),#2027);
#2023 = LINE('',#2024,#2025);
#2024 = CARTESIAN_POINT('',(-1.570796326795,0.));
#2025 = VECTOR('',#2026,1.);
#2026 = DIRECTION('',(1.,0.));
#2027 = ( GEOMETRIC_REPRESENTATION_CONTEXT(2) 
PARAMETRIC_REPRESENTATION_CONTEXT() REPRESENTATION_CONTEXT('2D SPACE',''
  ) );
#2028 = ORIENTED_EDGE('',*,*,#2029,.T.);
#2029 = EDGE_CURVE('',#1997,#2030,#2032,.T.);
#2030 = VERTEX_POINT('',#2031);
#2031 = CARTESIAN_POINT('',(10.,-29.,-7.5));
#2032 = SURFACE_CURVE('',#2033,(#2037,#2044),.PCURVE_S1.);
#2033 = LINE('',#2034,#2035);
#2034 = CARTESIAN_POINT('',(10.,30.,-7.5));
#2035 = VECTOR('',#2036,1.);
#2036 = DIRECTION('',(0.,-1.,0.));
#2037 = PCURVE('',#1313,#2038);
#2038 = DEFINITIONAL_REPRESENTATION('',(#2039),#2043);
#2039 = LINE('',#2040,#2041);
#2040 = CARTESIAN_POINT('',(-10.,60.));
#2041 = VECTOR('',#2042,1.);
#2042 = DIRECTION('',(0.,-1.));
#2043 = ( GEOMETRIC_REPRESENTATION_CONTEXT(2) 
PARAMETRIC_REPRESENTATION_CONTEXT() REPRESENTATION_CONTEXT('2D SPACE',''
  ) );
#2044 = PCURVE('',#2045,#2050);
#2045 = PLANE('',#2046);
#2046 = AXIS2_PLACEMENT_3D('',#2047,#2048,#2049);
#2047 = CARTESIAN_POINT('',(10.,0.,-9.123376623377));
#2048 = DIRECTION('',(1.,0.,0.));
#2049 = DIRECTION('',(0.,0.,-1.));
#2050 = DEFINITIONAL_REPRESENTATION('',(#2051),#2055);
#2051 = LINE('',#2052,#2053);
#2052 = CARTESIAN_POINT('',(-1.623376623377,30.));
#2053 = VECTOR('',#2054,1.);
#2054 = DIRECTION('',(0.,-1.));
#2055 = ( GEOMETRIC_REPRESENTATION_CONTEXT(2) 
PARAMETRIC_REPRESENTATION_CONTEXT() REPRESENTATION_CONTEXT('2D SPACE',''
  ) );
#2056 = ORIENTED_EDGE('',*,*,#2057,.T.);
#2057 = EDGE_CURVE('',#2030,#1849,#2058,.T.);
#2058 = SURFACE_CURVE('',#2059,(#2064,#2071),.PCURVE_S1.);
#2059 = CIRCLE('',#2060,1.);
#2060 = AXIS2_PLACEMENT_3D('',#2061,#2062,#2063);
#2061 = CARTESIAN_POINT('',(9.,-29.,-7.5));
#2062 = DIRECTION('',(-0.,-0.,-1.));
#2063 = DIRECTION('',(0.,-1.,0.));
#2064 = PCURVE('',#1313,#2065);
#2065 = DEFINITIONAL_REPRESENTATION('',(#2066),#2070);
#2066 = CIRCLE('',#2067,1.);
#2067 = AXIS2_PLACEMENT_2D('',#2068,#2069);
#2068 = CARTESIAN_POINT('',(-9.,1.));
#2069 = DIRECTION('',(0.,-1.));
#2070 = ( GEOMETRIC_REPRESENTATION_CONTEXT(2) 
PARAMETRIC_REPRESENTATION_CONTEXT() REPRESENTATION_CONTEXT('2D SPACE',''
  ) );
#2071 = PCURVE('',#2072,#2077);
#2072 = CYLINDRICAL_SURFACE('',#2073,1.);
#2073 = AXIS2_PLACEMENT_3D('',#2074,#2075,#2076);
#2074 = CARTESIAN_POINT('',(9.,-29.,-7.5));
#2075 = DIRECTION('',(0.,0.,1.));
#2076 = DIRECTION('',(1.,0.,-0.));
#2077 = DEFINITIONAL_REPRESENTATION('',(#2078),#2082);
#2078 = LINE('',#2079,#2080);
#2079 = CARTESIAN_POINT('',(4.712388980385,-0.));
#2080 = VECTOR('',#2081,1.);
#2081 = DIRECTION('',(-1.,0.));
#2082 = ( GEOMETRIC_REPRESENTATION_CONTEXT(2) 
PARAMETRIC_REPRESENTATION_CONTEXT() REPRESENTATION_CONTEXT('2D SPACE',''
  ) );
#2083 = FACE_BOUND('',#2084,.T.);
#2084 = EDGE_LOOP('',(#2085,#2086,#2112,#2113,#2135,#2136,#2137,#2138));
#2085 = ORIENTED_EDGE('',*,*,#1436,.T.);
#2086 = ORIENTED_EDGE('',*,*,#2087,.T.);
#2087 = EDGE_CURVE('',#1439,#1648,#2088,.T.);
#2088 = SURFACE_CURVE('',#2089,(#2094,#2105),.PCURVE_S1.);
#2089 = CIRCLE('',#2090,1.);
#2090 = AXIS2_PLACEMENT_3D('',#2091,#2092,#2093);
#2091 = CARTESIAN_POINT('',(-7.,-27.,-7.5));
#2092 = DIRECTION('',(0.,-0.,1.));
#2093 = DIRECTION('',(0.,1.,0.));
#2094 = PCURVE('',#1313,#2095);
#2095 = DEFINITIONAL_REPRESENTATION('',(#2096),#2104);
#2096 = ( BOUNDED_CURVE() B_SPLINE_CURVE(2,(#2097,#2098,#2099,#2100,
#2101,#2102,#2103),.UNSPECIFIED.,.T.,.F.) B_SPLINE_CURVE_WITH_KNOTS((1,2
    ,2,2,2,1),(-2.094395102393,0.,2.094395102393,4.188790204786,
6.28318530718,8.377580409573),.UNSPECIFIED.) CURVE() 
GEOMETRIC_REPRESENTATION_ITEM() RATIONAL_B_SPLINE_CURVE((1.,0.5,1.,0.5,
1.,0.5,1.)) REPRESENTATION_ITEM('') );
#2097 = CARTESIAN_POINT('',(7.,4.));
#2098 = CARTESIAN_POINT('',(8.732050807569,4.));
#2099 = CARTESIAN_POINT('',(7.866025403784,2.5));
#2100 = CARTESIAN_POINT('',(7.,1.));
#2101 = CARTESIAN_POINT('',(6.133974596216,2.5));
#2102 = CARTESIAN_POINT('',(5.267949192431,4.));
#2103 = CARTESIAN_POINT('',(7.,4.));
#2104 = ( GEOMETRIC_REPRESENTATION_CONTEXT(2) 
PARAMETRIC_REPRESENTATION_CONTEXT() REPRESENTATION_CONTEXT('2D SPACE',''
  ) );
#2105 = PCURVE('',#1415,#2106);
#2106 = DEFINITIONAL_REPRESENTATION('',(#2107),#2111);
#2107 = LINE('',#2108,#2109);
#2108 = CARTESIAN_POINT('',(1.570796326795,13.));
#2109 = VECTOR('',#2110,1.);
#2110 = DIRECTION('',(-1.,0.));
#2111 = ( GEOMETRIC_REPRESENTATION_CONTEXT(2) 
PARAMETRIC_REPRESENTATION_CONTEXT() REPRESENTATION_CONTEXT('2D SPACE',''
  ) );
#2112 = ORIENTED_EDGE('',*,*,#1647,.T.);
#2113 = ORIENTED_EDGE('',*,*,#2114,.F.);
#2114 = EDGE_CURVE('',#1510,#1650,#2115,.T.);
#2115 = SURFACE_CURVE('',#2116,(#2121,#2128),.PCURVE_S1.);
#2116 = CIRCLE('',#2117,1.);
#2117 = AXIS2_PLACEMENT_3D('',#2118,#2119,#2120);
#2118 = CARTESIAN_POINT('',(7.,-27.,-7.5));
#2119 = DIRECTION('',(-0.,-0.,-1.));
#2120 = DIRECTION('',(0.,-1.,0.));
#2121 = PCURVE('',#1313,#2122);
#2122 = DEFINITIONAL_REPRESENTATION('',(#2123),#2127);
#2123 = CIRCLE('',#2124,1.);
#2124 = AXIS2_PLACEMENT_2D('',#2125,#2126);
#2125 = CARTESIAN_POINT('',(-7.,3.));
#2126 = DIRECTION('',(0.,-1.));
#2127 = ( GEOMETRIC_REPRESENTATION_CONTEXT(2) 
PARAMETRIC_REPRESENTATION_CONTEXT() REPRESENTATION_CONTEXT('2D SPACE',''
  ) );
#2128 = PCURVE('',#1550,#2129);
#2129 = DEFINITIONAL_REPRESENTATION('',(#2130),#2134);
#2130 = LINE('',#2131,#2132);
#2131 = CARTESIAN_POINT('',(4.712388980385,-0.));
#2132 = VECTOR('',#2133,1.);
#2133 = DIRECTION('',(-1.,0.));
#2134 = ( GEOMETRIC_REPRESENTATION_CONTEXT(2) 
PARAMETRIC_REPRESENTATION_CONTEXT() REPRESENTATION_CONTEXT('2D SPACE',''
  ) );
#2135 = ORIENTED_EDGE('',*,*,#1509,.T.);
#2136 = ORIENTED_EDGE('',*,*,#1816,.T.);
#2137 = ORIENTED_EDGE('',*,*,#1295,.T.);
#2138 = ORIENTED_EDGE('',*,*,#1788,.F.);
#2139 = ADVANCED_FACE('',(#2140),#1415,.F.);
#2140 = FACE_BOUND('',#2141,.T.);
#2141 = EDGE_LOOP('',(#2142,#2143,#2144,#2145));
#2142 = ORIENTED_EDGE('',*,*,#1395,.F.);
#2143 = ORIENTED_EDGE('',*,*,#1672,.T.);
#2144 = ORIENTED_EDGE('',*,*,#2087,.F.);
#2145 = ORIENTED_EDGE('',*,*,#1485,.F.);
#2146 = ADVANCED_FACE('',(#2147),#1550,.F.);
#2147 = FACE_BOUND('',#2148,.T.);
#2148 = EDGE_LOOP('',(#2149,#2150,#2151,#2152));
#2149 = ORIENTED_EDGE('',*,*,#2114,.T.);
#2150 = ORIENTED_EDGE('',*,*,#1694,.T.);
#2151 = ORIENTED_EDGE('',*,*,#1609,.T.);
#2152 = ORIENTED_EDGE('',*,*,#1534,.F.);
#2153 = ADVANCED_FACE('',(#2154),#1738,.F.);
#2154 = FACE_BOUND('',#2155,.T.);
#2155 = EDGE_LOOP('',(#2156,#2157,#2180,#2347));
#2156 = ORIENTED_EDGE('',*,*,#1721,.F.);
#2157 = ORIENTED_EDGE('',*,*,#2158,.T.);
#2158 = EDGE_CURVE('',#1722,#2159,#2161,.T.);
#2159 = VERTEX_POINT('',#2160);
#2160 = CARTESIAN_POINT('',(1.5,15.,0.62624174042));
#2161 = SEAM_CURVE('',#2162,(#2166,#2173),.PCURVE_S1.);
#2162 = LINE('',#2163,#2164);
#2163 = CARTESIAN_POINT('',(1.5,15.,-7.5));
#2164 = VECTOR('',#2165,1.);
#2165 = DIRECTION('',(0.,0.,1.));
#2166 = PCURVE('',#1738,#2167);
#2167 = DEFINITIONAL_REPRESENTATION('',(#2168),#2172);
#2168 = LINE('',#2169,#2170);
#2169 = CARTESIAN_POINT('',(-6.28318530718,0.));
#2170 = VECTOR('',#2171,1.);
#2171 = DIRECTION('',(-0.,-1.));
#2172 = ( GEOMETRIC_REPRESENTATION_CONTEXT(2) 
PARAMETRIC_REPRESENTATION_CONTEXT() REPRESENTATION_CONTEXT('2D SPACE',''
  ) );
#2173 = PCURVE('',#1738,#2174);
#2174 = DEFINITIONAL_REPRESENTATION('',(#2175),#2179);
#2175 = LINE('',#2176,#2177);
#2176 = CARTESIAN_POINT('',(-0.,0.));
#2177 = VECTOR('',#2178,1.);
#2178 = DIRECTION('',(-0.,-1.));
#2179 = ( GEOMETRIC_REPRESENTATION_CONTEXT(2) 
PARAMETRIC_REPRESENTATION_CONTEXT() REPRESENTATION_CONTEXT('2D SPACE',''
  ) );
#2180 = ORIENTED_EDGE('',*,*,#2181,.T.);
#2181 = EDGE_CURVE('',#2159,#2159,#2182,.T.);
#2182 = SURFACE_CURVE('',#2183,(#2234,#2288),.PCURVE_S1.);
#2183 = B_SPLINE_CURVE_WITH_KNOTS('',7,(#2184,#2185,#2186,#2187,#2188,
    #2189,#2190,#2191,#2192,#2193,#2194,#2195,#2196,#2197,#2198,#2199,
    #2200,#2201,#2202,#2203,#2204,#2205,#2206,#2207,#2208,#2209,#2210,
    #2211,#2212,#2213,#2214,#2215,#2216,#2217,#2218,#2219,#2220,#2221,
    #2222,#2223,#2224,#2225,#2226,#2227,#2228,#2229,#2230,#2231,#2232,
    #2233),.UNSPECIFIED.,.T.,.F.,(8,6,6,6,6,6,6,6,8),(0.,0.14827150305,
    0.269013152563,0.417037700695,0.547947177425,0.663779147043,
    0.779635168831,0.909693939723,1.),.UNSPECIFIED.);
#2184 = CARTESIAN_POINT('',(1.5,15.,0.62624174042));
#2185 = CARTESIAN_POINT('',(1.5,15.207381529949,0.701156032373));
#2186 = CARTESIAN_POINT('',(1.46655015758,15.411045975505,0.776093627087
    ));
#2187 = CARTESIAN_POINT('',(1.401807950022,15.604616026115,
    0.848672733368));
#2188 = CARTESIAN_POINT('',(1.309349624765,15.7824964668,0.916544452636)
  );
#2189 = CARTESIAN_POINT('',(1.194022507562,15.940212968053,
    0.977575998491));
#2190 = CARTESIAN_POINT('',(1.061761492999,16.074775048367,
    1.030196957129));
#2191 = CARTESIAN_POINT('',(0.803399517725,16.275181139022,
    1.109162705841));
#2192 = CARTESIAN_POINT('',(0.679368010387,16.350190078659,
    1.138983884465));
#2193 = CARTESIAN_POINT('',(0.549238593413,16.410171364321,
    1.162991306723));
#2194 = CARTESIAN_POINT('',(0.41472841677,16.455113570693,1.181059643386
    ));
#2195 = CARTESIAN_POINT('',(0.277385709815,16.485044448584,
    1.193119363501));
#2196 = CARTESIAN_POINT('',(0.138666273442,16.5,1.199145308065));
#2197 = CARTESIAN_POINT('',(-0.169999437229,16.5,1.199145308065));
#2198 = CARTESIAN_POINT('',(-0.340181591558,16.477522606862,
    1.190088681798));
#2199 = CARTESIAN_POINT('',(-0.507874258381,16.432479166212,
    1.171939636873));
#2200 = CARTESIAN_POINT('',(-0.670300469767,16.364786270571,
    1.144755166906));
#2201 = CARTESIAN_POINT('',(-0.824441091588,16.274442898856,
    1.108716908246));
#2202 = CARTESIAN_POINT('',(-0.966875962509,16.161611450602,
    1.064166171105));
#2203 = CARTESIAN_POINT('',(-1.205394684895,15.907614809368,
    0.965213271845));
#2204 = CARTESIAN_POINT('',(-1.306069349375,15.770023822294,
    0.912074963301));
#2205 = CARTESIAN_POINT('',(-1.390323362354,15.615732493323,
    0.853146860124));
#2206 = CARTESIAN_POINT('',(-1.453984135261,15.447823518535,
    0.789912458722));
#2207 = CARTESIAN_POINT('',(-1.493989348664,15.27037238533,
    0.724149564367));
#2208 = CARTESIAN_POINT('',(-1.508506125587,15.088061595529,
    0.657706927862));
#2209 = CARTESIAN_POINT('',(-1.486894660754,14.744557198597,
    0.534499495592));
#2210 = CARTESIAN_POINT('',(-1.456483570076,14.584579297556,
    0.47794278103));
#2211 = CARTESIAN_POINT('',(-1.40600632081,14.428955333116,
    0.423743804058));
#2212 = CARTESIAN_POINT('',(-1.336234760391,14.280671373365,
    0.372850440282));
#2213 = CARTESIAN_POINT('',(-1.248485898259,14.142549570308,
    0.326071528847));
#2214 = CARTESIAN_POINT('',(-1.144585242577,14.017135363919,
    0.284071215557));
#2215 = CARTESIAN_POINT('',(-0.909031621736,13.795935790478,
    0.210660018326));
#2216 = CARTESIAN_POINT('',(-0.777355504106,13.700141779941,
    0.179246154867));
#2217 = CARTESIAN_POINT('',(-0.634031858542,13.62125118019,
    0.153637188705));
#2218 = CARTESIAN_POINT('',(-0.481662110347,13.56091608774,
    0.134191367526));
#2219 = CARTESIAN_POINT('',(-0.323140429601,13.520297412787,
    0.121146797689));
#2220 = CARTESIAN_POINT('',(-0.161546473639,13.5,0.114627990227));
#2221 = CARTESIAN_POINT('',(0.181350399219,13.5,0.114627990227));
#2222 = CARTESIAN_POINT('',(0.363111576898,13.525578989964,
    0.122842913585));
#2223 = CARTESIAN_POINT('',(0.542140501906,13.576949362841,
    0.139340799286));
#2224 = CARTESIAN_POINT('',(0.715083838888,13.654395725166,
    0.164321838421));
#2225 = CARTESIAN_POINT('',(0.878166295512,13.758131881758,
    0.198074548215));
#2226 = CARTESIAN_POINT('',(1.026951249033,13.888149058817,
    0.240946175265));
#2227 = CARTESIAN_POINT('',(1.245214824647,14.151984399391,
    0.329468635876));
#2228 = CARTESIAN_POINT('',(1.325429087484,14.272972477492,
    0.370425522102));
#2229 = CARTESIAN_POINT('',(1.393195740193,14.405426117855,
    0.415747331244));
#2230 = CARTESIAN_POINT('',(1.445966628275,14.547181312318,
    0.464869053801));
#2231 = CARTESIAN_POINT('',(1.481917048175,14.695547196702,
    0.516999753178));
#2232 = CARTESIAN_POINT('',(1.5,14.847523439656,0.57116126358));
#2233 = CARTESIAN_POINT('',(1.5,15.,0.62624174042));
#2234 = PCURVE('',#1738,#2235);
#2235 = DEFINITIONAL_REPRESENTATION('',(#2236),#2287);
#2236 = B_SPLINE_CURVE_WITH_KNOTS('',7,(#2237,#2238,#2239,#2240,#2241,
    #2242,#2243,#2244,#2245,#2246,#2247,#2248,#2249,#2250,#2251,#2252,
    #2253,#2254,#2255,#2256,#2257,#2258,#2259,#2260,#2261,#2262,#2263,
    #2264,#2265,#2266,#2267,#2268,#2269,#2270,#2271,#2272,#2273,#2274,
    #2275,#2276,#2277,#2278,#2279,#2280,#2281,#2282,#2283,#2284,#2285,
    #2286),.UNSPECIFIED.,.F.,.F.,(8,6,6,6,6,6,6,6,8),(0.,0.14827150305,
    0.269013152563,0.417037700695,0.547947177425,0.663779147043,
    0.779635168831,0.909693939723,1.),.UNSPECIFIED.);
#2237 = CARTESIAN_POINT('',(0.,-8.12624174042));
#2238 = CARTESIAN_POINT('',(-0.138254353299,-8.201156032373));
#2239 = CARTESIAN_POINT('',(-0.274030722649,-8.276093627087));
#2240 = CARTESIAN_POINT('',(-0.407393257483,-8.348672733368));
#2241 = CARTESIAN_POINT('',(-0.538234503859,-8.416544452636));
#2242 = CARTESIAN_POINT('',(-0.666262145935,-8.477575998491));
#2243 = CARTESIAN_POINT('',(-0.790915897937,-8.530196957129));
#2244 = CARTESIAN_POINT('',(-1.008900108821,-8.609162705841));
#2245 = CARTESIAN_POINT('',(-1.104885678206,-8.638983884465));
#2246 = CARTESIAN_POINT('',(-1.199470451032,-8.662991306723));
#2247 = CARTESIAN_POINT('',(-1.293021445174,-8.681059643386));
#2248 = CARTESIAN_POINT('',(-1.385872087132,-8.693119363501));
#2249 = CARTESIAN_POINT('',(-1.4783521445,-8.699145308065));
#2250 = CARTESIAN_POINT('',(-1.684129284948,-8.699145308065));
#2251 = CARTESIAN_POINT('',(-1.79758387002,-8.690088681798));
#2252 = CARTESIAN_POINT('',(-1.911757477652,-8.671939636873));
#2253 = CARTESIAN_POINT('',(-2.027195670592,-8.644755166906));
#2254 = CARTESIAN_POINT('',(-2.14450350466,-8.608716908246));
#2255 = CARTESIAN_POINT('',(-2.264339641518,-8.564166171105));
#2256 = CARTESIAN_POINT('',(-2.496628230885,-8.465213271845));
#2257 = CARTESIAN_POINT('',(-2.609437899099,-8.412074963301));
#2258 = CARTESIAN_POINT('',(-2.724990591559,-8.353146860124));
#2259 = CARTESIAN_POINT('',(-2.84265036537,-8.289912458722));
#2260 = CARTESIAN_POINT('',(-2.961994214015,-8.224149564367));
#2261 = CARTESIAN_POINT('',(-3.082686033712,-8.157706927862));
#2262 = CARTESIAN_POINT('',(-3.312141743429,-8.034499495592));
#2263 = CARTESIAN_POINT('',(-3.419855976432,-7.97794278103));
#2264 = CARTESIAN_POINT('',(-3.527556017481,-7.923743804058));
#2265 = CARTESIAN_POINT('',(-3.635259318751,-7.872850440282));
#2266 = CARTESIAN_POINT('',(-3.742979320072,-7.826071528847));
#2267 = CARTESIAN_POINT('',(-3.850707016124,-7.784071215557));
#2268 = CARTESIAN_POINT('',(-4.066128834457,-7.710660018326));
#2269 = CARTESIAN_POINT('',(-4.173837516548,-7.679246154867));
#2270 = CARTESIAN_POINT('',(-4.281535055636,-7.653637188705));
#2271 = CARTESIAN_POINT('',(-4.389239819558,-7.634191367526));
#2272 = CARTESIAN_POINT('',(-4.496962372656,-7.621146797689));
#2273 = CARTESIAN_POINT('',(-4.604691331292,-7.614627990227));
#2274 = CARTESIAN_POINT('',(-4.833289246531,-7.614627990227));
#2275 = CARTESIAN_POINT('',(-4.954462905715,-7.622842913585));
#2276 = CARTESIAN_POINT('',(-5.076704093088,-7.639340799286));
#2277 = CARTESIAN_POINT('',(-5.200713091359,-7.664321838421));
#2278 = CARTESIAN_POINT('',(-5.327293492317,-7.698074548215));
#2279 = CARTESIAN_POINT('',(-5.457306582231,-7.740946175265));
#2280 = CARTESIAN_POINT('',(-5.685583290904,-7.829468635876));
#2281 = CARTESIAN_POINT('',(-5.781818359955,-7.870425522102));
#2282 = CARTESIAN_POINT('',(-5.879992865457,-7.915747331244));
#2283 = CARTESIAN_POINT('',(-5.979589183004,-7.964869053801));
#2284 = CARTESIAN_POINT('',(-6.08021729151,-8.016999753178));
#2285 = CARTESIAN_POINT('',(-6.18153426695,-8.07116126358));
#2286 = CARTESIAN_POINT('',(-6.28318530718,-8.12624174042));
#2287 = ( GEOMETRIC_REPRESENTATION_CONTEXT(2) 
PARAMETRIC_REPRESENTATION_CONTEXT() REPRESENTATION_CONTEXT('2D SPACE',''
  ) );
#2288 = PCURVE('',#2289,#2294);
#2289 = CYLINDRICAL_SURFACE('',#2290,44.15);
#2290 = AXIS2_PLACEMENT_3D('',#2291,#2292,#2293);
#2291 = CARTESIAN_POINT('',(-4.163336342344E-15,5.551115123126E-15,42.15
    ));
#2292 = DIRECTION('',(-1.,3.264449877387E-17,2.192665270573E-17));
#2293 = DIRECTION('',(-2.465190328816E-32,0.557577967162,-0.830124575311
    ));
#2294 = DEFINITIONAL_REPRESENTATION('',(#2295),#2346);
#2295 = B_SPLINE_CURVE_WITH_KNOTS('',7,(#2296,#2297,#2298,#2299,#2300,
    #2301,#2302,#2303,#2304,#2305,#2306,#2307,#2308,#2309,#2310,#2311,
    #2312,#2313,#2314,#2315,#2316,#2317,#2318,#2319,#2320,#2321,#2322,
    #2323,#2324,#2325,#2326,#2327,#2328,#2329,#2330,#2331,#2332,#2333,
    #2334,#2335,#2336,#2337,#2338,#2339,#2340,#2341,#2342,#2343,#2344,
    #2345),.UNSPECIFIED.,.F.,.F.,(8,6,6,6,6,6,6,6,8),(0.,0.14827150305,
    0.269013152563,0.417037700695,0.547947177425,0.663779147043,
    0.779635168831,0.909693939723,1.),.UNSPECIFIED.);
#2296 = CARTESIAN_POINT('',(0.24481328108,-1.5));
#2297 = CARTESIAN_POINT('',(0.23981899495,-1.5));
#2298 = CARTESIAN_POINT('',(0.23490371319,-1.46655015758));
#2299 = CARTESIAN_POINT('',(0.230221417839,-1.401807950022));
#2300 = CARTESIAN_POINT('',(0.225909193624,-1.309349624765));
#2301 = CARTESIAN_POINT('',(0.222078803852,-1.194022507562));
#2302 = CARTESIAN_POINT('',(0.218806221327,-1.061761492999));
#2303 = CARTESIAN_POINT('',(0.213927344943,-0.803399517725));
#2304 = CARTESIAN_POINT('',(0.212099051426,-0.679368010387));
#2305 = CARTESIAN_POINT('',(0.210635694973,-0.549238593413));
#2306 = CARTESIAN_POINT('',(0.209538565604,-0.41472841677));
#2307 = CARTESIAN_POINT('',(0.208807668807,-0.277385709815));
#2308 = CARTESIAN_POINT('',(0.208442461306,-0.138666273442));
#2309 = CARTESIAN_POINT('',(0.208442461306,0.169999437229));
#2310 = CARTESIAN_POINT('',(0.208991348287,0.340181591558));
#2311 = CARTESIAN_POINT('',(0.210091287533,0.507874258381));
#2312 = CARTESIAN_POINT('',(0.211743549652,0.670300469767));
#2313 = CARTESIAN_POINT('',(0.213946616754,0.824441091588));
#2314 = CARTESIAN_POINT('',(0.216694228059,0.966875962509));
#2315 = CARTESIAN_POINT('',(0.222868434495,1.205394684895));
#2316 = CARTESIAN_POINT('',(0.226209204731,1.306069349375));
#2317 = CARTESIAN_POINT('',(0.229950078772,1.390323362354));
#2318 = CARTESIAN_POINT('',(0.234013895389,1.453984135261));
#2319 = CARTESIAN_POINT('',(0.238300203818,1.493989348664));
#2320 = CARTESIAN_POINT('',(0.242695183017,1.508506125587));
#2321 = CARTESIAN_POINT('',(0.250960912782,1.486894660754));
#2322 = CARTESIAN_POINT('',(0.254804153663,1.456483570076));
#2323 = CARTESIAN_POINT('',(0.258536632955,1.40600632081));
#2324 = CARTESIAN_POINT('',(0.26208752879,1.336234760391));
#2325 = CARTESIAN_POINT('',(0.265390516416,1.248485898259));
#2326 = CARTESIAN_POINT('',(0.268386205596,1.144585242577));
#2327 = CARTESIAN_POINT('',(0.273665100272,0.909031621736));
#2328 = CARTESIAN_POINT('',(0.275948512607,0.777355504106));
#2329 = CARTESIAN_POINT('',(0.277827167826,0.634031858542));
#2330 = CARTESIAN_POINT('',(0.279262983481,0.481662110347));
#2331 = CARTESIAN_POINT('',(0.280229278911,0.323140429601));
#2332 = CARTESIAN_POINT('',(0.280712144571,0.161546473639));
#2333 = CARTESIAN_POINT('',(0.280712144571,-0.181350399219));
#2334 = CARTESIAN_POINT('',(0.28010363327,-0.363111576898));
#2335 = CARTESIAN_POINT('',(0.278881559489,-0.542140501906));
#2336 = CARTESIAN_POINT('',(0.277038397981,-0.715083838888));
#2337 = CARTESIAN_POINT('',(0.274567542328,-0.878166295512));
#2338 = CARTESIAN_POINT('',(0.271466722787,-1.026951249033));
#2339 = CARTESIAN_POINT('',(0.265163438982,-1.245214824647));
#2340 = CARTESIAN_POINT('',(0.262270301863,-1.325429087484));
#2341 = CARTESIAN_POINT('',(0.259099481651,-1.393195740193));
#2342 = CARTESIAN_POINT('',(0.255701458696,-1.445966628275));
#2343 = CARTESIAN_POINT('',(0.252139614872,-1.481917048175));
#2344 = CARTESIAN_POINT('',(0.248485312869,-1.5));
#2345 = CARTESIAN_POINT('',(0.24481328108,-1.5));
#2346 = ( GEOMETRIC_REPRESENTATION_CONTEXT(2) 
PARAMETRIC_REPRESENTATION_CONTEXT() REPRESENTATION_CONTEXT('2D SPACE',''
  ) );
#2347 = ORIENTED_EDGE('',*,*,#2158,.F.);
#2348 = ADVANCED_FACE('',(#2349),#1773,.F.);
#2349 = FACE_BOUND('',#2350,.T.);
#2350 = EDGE_LOOP('',(#2351,#2352,#2375,#2545));
#2351 = ORIENTED_EDGE('',*,*,#1756,.F.);
#2352 = ORIENTED_EDGE('',*,*,#2353,.T.);
#2353 = EDGE_CURVE('',#1757,#2354,#2356,.T.);
#2354 = VERTEX_POINT('',#2355);
#2355 = CARTESIAN_POINT('',(1.5,-15.,0.62624174042));
#2356 = SEAM_CURVE('',#2357,(#2361,#2368),.PCURVE_S1.);
#2357 = LINE('',#2358,#2359);
#2358 = CARTESIAN_POINT('',(1.5,-15.,-7.5));
#2359 = VECTOR('',#2360,1.);
#2360 = DIRECTION('',(0.,0.,1.));
#2361 = PCURVE('',#1773,#2362);
#2362 = DEFINITIONAL_REPRESENTATION('',(#2363),#2367);
#2363 = LINE('',#2364,#2365);
#2364 = CARTESIAN_POINT('',(-6.28318530718,0.));
#2365 = VECTOR('',#2366,1.);
#2366 = DIRECTION('',(-0.,-1.));
#2367 = ( GEOMETRIC_REPRESENTATION_CONTEXT(2) 
PARAMETRIC_REPRESENTATION_CONTEXT() REPRESENTATION_CONTEXT('2D SPACE',''
  ) );
#2368 = PCURVE('',#1773,#2369);
#2369 = DEFINITIONAL_REPRESENTATION('',(#2370),#2374);
#2370 = LINE('',#2371,#2372);
#2371 = CARTESIAN_POINT('',(-0.,0.));
#2372 = VECTOR('',#2373,1.);
#2373 = DIRECTION('',(-0.,-1.));
#2374 = ( GEOMETRIC_REPRESENTATION_CONTEXT(2) 
PARAMETRIC_REPRESENTATION_CONTEXT() REPRESENTATION_CONTEXT('2D SPACE',''
  ) );
#2375 = ORIENTED_EDGE('',*,*,#2376,.T.);
#2376 = EDGE_CURVE('',#2354,#2354,#2377,.T.);
#2377 = SURFACE_CURVE('',#2378,(#2430,#2485),.PCURVE_S1.);
#2378 = B_SPLINE_CURVE_WITH_KNOTS('',8,(#2379,#2380,#2381,#2382,#2383,
    #2384,#2385,#2386,#2387,#2388,#2389,#2390,#2391,#2392,#2393,#2394,
    #2395,#2396,#2397,#2398,#2399,#2400,#2401,#2402,#2403,#2404,#2405,
    #2406,#2407,#2408,#2409,#2410,#2411,#2412,#2413,#2414,#2415,#2416,
    #2417,#2418,#2419,#2420,#2421,#2422,#2423,#2424,#2425,#2426,#2427,
    #2428,#2429),.UNSPECIFIED.,.T.,.F.,(9,7,7,7,7,7,7,9),(0.,
    0.102088196196,0.249122160662,0.396121633545,0.534019195959,
    0.748370846561,0.861321316852,1.),.UNSPECIFIED.);
#2379 = CARTESIAN_POINT('',(1.5,-15.,0.62624174042));
#2380 = CARTESIAN_POINT('',(1.5,-14.86657022251,0.578041703956));
#2381 = CARTESIAN_POINT('',(1.486435183542,-14.733523814,0.530533933679)
  );
#2382 = CARTESIAN_POINT('',(1.459443144435,-14.60280336289,
    0.484412789883));
#2383 = CARTESIAN_POINT('',(1.419576351983,-14.47629544413,
    0.440305390193));
#2384 = CARTESIAN_POINT('',(1.367781446172,-14.35575602266,
    0.398751710384));
#2385 = CARTESIAN_POINT('',(1.305378449165,-14.24273161771,
    0.360188405634));
#2386 = CARTESIAN_POINT('',(1.234039893095,-14.13847622761,
    0.324936352212));
#2387 = CARTESIAN_POINT('',(1.043040351042,-13.90759744225,
    0.247471528361));
#2388 = CARTESIAN_POINT('',(0.915344751072,-13.79062338983,
    0.208788297904));
#2389 = CARTESIAN_POINT('',(0.776229282696,-13.6932950993,0.1769786241)
  );
#2390 = CARTESIAN_POINT('',(0.628618681473,-13.61568131444,
    0.151834182096));
#2391 = CARTESIAN_POINT('',(0.475031409476,-13.55769829865,
    0.133158215072));
#2392 = CARTESIAN_POINT('',(0.317711646889,-13.51919281722,
    0.120791934088));
#2393 = CARTESIAN_POINT('',(0.15871689253,-13.5,0.114627990227));
#2394 = CARTESIAN_POINT('',(-0.158679660337,-13.5,0.114627990227));
#2395 = CARTESIAN_POINT('',(-0.317667177928,-13.51918378496,
    0.120789035879));
#2396 = CARTESIAN_POINT('',(-0.474998548468,-13.55768393479,
    0.133153597958));
#2397 = CARTESIAN_POINT('',(-0.628604978136,-13.61566959858,
    0.151830370366));
#2398 = CARTESIAN_POINT('',(-0.776232669398,-13.69329251087,
    0.176977717612));
#2399 = CARTESIAN_POINT('',(-0.915356782959,-13.79063130173,
    0.208790850741));
#2400 = CARTESIAN_POINT('',(-1.043050469418,-13.90760967326,
    0.247475632131));
#2401 = CARTESIAN_POINT('',(-1.261509901644,-14.17168176381,
    0.336077527477));
#2402 = CARTESIAN_POINT('',(-1.355244784824,-14.31787982627,
    0.385626606822));
#2403 = CARTESIAN_POINT('',(-1.43127901441,-14.48009355316,0.441296512)
  );
#2404 = CARTESIAN_POINT('',(-1.485379401398,-14.65448224454,
    0.502054564597));
#2405 = CARTESIAN_POINT('',(-1.514845774093,-14.83624233975,
    0.56645822918));
#2406 = CARTESIAN_POINT('',(-1.518576660163,-15.02007056278,
    0.632724379822));
#2407 = CARTESIAN_POINT('',(-1.497141974263,-15.20062534298,
    0.698856283346));
#2408 = CARTESIAN_POINT('',(-1.384064574182,-15.641032739,0.862443433384
    ));
#2409 = CARTESIAN_POINT('',(-1.262130933319,-15.88139060694,
    0.95398016855));
#2410 = CARTESIAN_POINT('',(-1.09931700218,-16.08660655575,
    1.033927252117));
#2411 = CARTESIAN_POINT('',(-0.905788857223,-16.2526722695,
    1.099750238098));
#2412 = CARTESIAN_POINT('',(-0.690841956017,-16.37728261686,
    1.149700023424));
#2413 = CARTESIAN_POINT('',(-0.463010869288,-16.45960629357,
    1.18286974461));
#2414 = CARTESIAN_POINT('',(-0.230252741127,-16.5,1.199145308065));
#2415 = CARTESIAN_POINT('',(0.121329391787,-16.5,1.199145308065));
#2416 = CARTESIAN_POINT('',(0.242701273146,-16.48878398658,
    1.194626109185));
#2417 = CARTESIAN_POINT('',(0.363221552228,-16.46633878627,
    1.185582496762));
#2418 = CARTESIAN_POINT('',(0.481982748706,-16.43264333953,
    1.172025825799));
#2419 = CARTESIAN_POINT('',(0.598039186834,-16.38767807318,
    1.153988394486));
#2420 = CARTESIAN_POINT('',(0.710379733648,-16.33143590768,
    1.131527812612));
#2421 = CARTESIAN_POINT('',(0.817898082293,-16.26393489954,
    1.104731364871));
#2422 = CARTESIAN_POINT('',(1.043934525158,-16.08860306206,
    1.035645591207));
#2423 = CARTESIAN_POINT('',(1.160939432006,-15.97387765322,
    0.990740631215));
#2424 = CARTESIAN_POINT('',(1.266104883194,-15.84164865002,
    0.939434388001));
#2425 = CARTESIAN_POINT('',(1.355597969559,-15.69353695142,
    0.882600936891));
#2426 = CARTESIAN_POINT('',(1.426109011249,-15.53197988799,
    0.821437521074));
#2427 = CARTESIAN_POINT('',(1.474926133723,-15.36006817098,
    0.757336390865));
#2428 = CARTESIAN_POINT('',(1.5,-15.18140994627,0.691774084026));
#2429 = CARTESIAN_POINT('',(1.5,-15.,0.62624174042));
#2430 = PCURVE('',#1773,#2431);
#2431 = DEFINITIONAL_REPRESENTATION('',(#2432),#2484);
#2432 = B_SPLINE_CURVE_WITH_KNOTS('',8,(#2433,#2434,#2435,#2436,#2437,
    #2438,#2439,#2440,#2441,#2442,#2443,#2444,#2445,#2446,#2447,#2448,
    #2449,#2450,#2451,#2452,#2453,#2454,#2455,#2456,#2457,#2458,#2459,
    #2460,#2461,#2462,#2463,#2464,#2465,#2466,#2467,#2468,#2469,#2470,
    #2471,#2472,#2473,#2474,#2475,#2476,#2477,#2478,#2479,#2480,#2481,
    #2482,#2483),.UNSPECIFIED.,.F.,.F.,(9,7,7,7,7,7,7,9),(0.,
    0.102088196196,0.249122160662,0.396121633545,0.534019195959,
    0.748370846561,0.861321316852,1.),.UNSPECIFIED.);
#2433 = CARTESIAN_POINT('',(0.,-8.12624174042));
#2434 = CARTESIAN_POINT('',(-8.895318498894E-02,-8.078041703956));
#2435 = CARTESIAN_POINT('',(-0.177650399146,-8.030533933679));
#2436 = CARTESIAN_POINT('',(-0.265870992752,-7.984412789883));
#2437 = CARTESIAN_POINT('',(-0.353400477631,-7.940305390193));
#2438 = CARTESIAN_POINT('',(-0.440008455806,-7.898751710384));
#2439 = CARTESIAN_POINT('',(-0.525421303822,-7.860188405634));
#2440 = CARTESIAN_POINT('',(-0.609289612738,-7.824936352212));
#2441 = CARTESIAN_POINT('',(-0.809051513895,-7.747471528361));
#2442 = CARTESIAN_POINT('',(-0.923402680494,-7.708788297904));
#2443 = CARTESIAN_POINT('',(-1.035010723824,-7.6769786241));
#2444 = CARTESIAN_POINT('',(-1.144470454574,-7.651834182096));
#2445 = CARTESIAN_POINT('',(-1.252302653898,-7.633158215072));
#2446 = CARTESIAN_POINT('',(-1.358988864281,-7.620791934088));
#2447 = CARTESIAN_POINT('',(-1.464985065108,-7.614627990227));
#2448 = CARTESIAN_POINT('',(-1.67658276702,-7.614627990227));
#2449 = CARTESIAN_POINT('',(-1.782574102951,-7.620789035879));
#2450 = CARTESIAN_POINT('',(-1.889266853714,-7.633153597958));
#2451 = CARTESIAN_POINT('',(-1.997110853746,-7.651830370366));
#2452 = CARTESIAN_POINT('',(-2.106582679197,-7.676977717612));
#2453 = CARTESIAN_POINT('',(-2.218199161282,-7.708790850741));
#2454 = CARTESIAN_POINT('',(-2.332551722264,-7.747475632131));
#2455 = CARTESIAN_POINT('',(-2.561033272734,-7.836077527477));
#2456 = CARTESIAN_POINT('',(-2.675964535158,-7.885626606822));
#2457 = CARTESIAN_POINT('',(-2.793660030227,-7.941296512));
#2458 = CARTESIAN_POINT('',(-2.913095091182,-8.002054564597));
#2459 = CARTESIAN_POINT('',(-3.033479891816,-8.06645822918));
#2460 = CARTESIAN_POINT('',(-3.154110501019,-8.132724379822));
#2461 = CARTESIAN_POINT('',(-3.274252239386,-8.198856283346));
#2462 = CARTESIAN_POINT('',(-3.577380501844,-8.362443433384));
#2463 = CARTESIAN_POINT('',(-3.752801884843,-8.45398016855));
#2464 = CARTESIAN_POINT('',(-3.921863420709,-8.533927252117));
#2465 = CARTESIAN_POINT('',(-4.085969367194,-8.599750238098));
#2466 = CARTESIAN_POINT('',(-4.246321056076,-8.649700023424));
#2467 = CARTESIAN_POINT('',(-4.403713949382,-8.68286974461));
#2468 = CARTESIAN_POINT('',(-4.558887152966,-8.699145308065));
#2469 = CARTESIAN_POINT('',(-4.793275241576,-8.699145308065));
#2470 = CARTESIAN_POINT('',(-4.874190189594,-8.694626109185));
#2471 = CARTESIAN_POINT('',(-4.955342576741,-8.685582496762));
#2472 = CARTESIAN_POINT('',(-5.036938684805,-8.672025825799));
#2473 = CARTESIAN_POINT('',(-5.119185438358,-8.653988394486));
#2474 = CARTESIAN_POINT('',(-5.202298860875,-8.631527812612));
#2475 = CARTESIAN_POINT('',(-5.286517873669,-8.604731364871));
#2476 = CARTESIAN_POINT('',(-5.477228505824,-8.535645591207));
#2477 = CARTESIAN_POINT('',(-5.585740464744,-8.490740631215));
#2478 = CARTESIAN_POINT('',(-5.69693735133,-8.439434388001));
#2479 = CARTESIAN_POINT('',(-5.810388339257,-8.382600936891));
#2480 = CARTESIAN_POINT('',(-5.92583674514,-8.321437521074));
#2481 = CARTESIAN_POINT('',(-6.043139810258,-8.257336390865));
#2482 = CARTESIAN_POINT('',(-6.162245342999,-8.191774084026));
#2483 = CARTESIAN_POINT('',(-6.28318530718,-8.12624174042));
#2484 = ( GEOMETRIC_REPRESENTATION_CONTEXT(2) 
PARAMETRIC_REPRESENTATION_CONTEXT() REPRESENTATION_CONTEXT('2D SPACE',''
  ) );
#2485 = PCURVE('',#2486,#2491);
#2486 = CYLINDRICAL_SURFACE('',#2487,44.15);
#2487 = AXIS2_PLACEMENT_3D('',#2488,#2489,#2490);
#2488 = CARTESIAN_POINT('',(-4.163336342344E-15,5.551115123126E-15,42.15
    ));
#2489 = DIRECTION('',(-1.,3.264449877387E-17,2.192665270573E-17));
#2490 = DIRECTION('',(-2.465190328816E-32,0.557577967162,-0.830124575311
    ));
#2491 = DEFINITIONAL_REPRESENTATION('',(#2492),#2544);
#2492 = B_SPLINE_CURVE_WITH_KNOTS('',8,(#2493,#2494,#2495,#2496,#2497,
    #2498,#2499,#2500,#2501,#2502,#2503,#2504,#2505,#2506,#2507,#2508,
    #2509,#2510,#2511,#2512,#2513,#2514,#2515,#2516,#2517,#2518,#2519,
    #2520,#2521,#2522,#2523,#2524,#2525,#2526,#2527,#2528,#2529,#2530,
    #2531,#2532,#2533,#2534,#2535,#2536,#2537,#2538,#2539,#2540,#2541,
    #2542,#2543),.UNSPECIFIED.,.F.,.F.,(9,7,7,7,7,7,7,9),(0.,
    0.102088196196,0.249122160662,0.396121633545,0.534019195959,
    0.748370846561,0.861321316852,1.),.UNSPECIFIED.);
#2493 = CARTESIAN_POINT('',(0.938117233607,-1.5));
#2494 = CARTESIAN_POINT('',(0.934903897843,-1.5));
#2495 = CARTESIAN_POINT('',(0.931704056036,-1.486435183542));
#2496 = CARTESIAN_POINT('',(0.928564383941,-1.459443144435));
#2497 = CARTESIAN_POINT('',(0.925529846723,-1.419576351983));
#2498 = CARTESIAN_POINT('',(0.922641976306,-1.367781446172));
#2499 = CARTESIAN_POINT('',(0.919937075981,-1.305378449165));
#2500 = CARTESIAN_POINT('',(0.917444352296,-1.234039893095));
#2501 = CARTESIAN_POINT('',(0.911928432763,-1.043040351042));
#2502 = CARTESIAN_POINT('',(0.909137872729,-0.915344751072));
#2503 = CARTESIAN_POINT('',(0.906818647918,-0.776229282696));
#2504 = CARTESIAN_POINT('',(0.904970744916,-0.628618681473));
#2505 = CARTESIAN_POINT('',(0.903590982679,-0.475031409475));
#2506 = CARTESIAN_POINT('',(0.902674957558,-0.317711646889));
#2507 = CARTESIAN_POINT('',(0.902218370116,-0.15871689253));
#2508 = CARTESIAN_POINT('',(0.902218370116,0.158679660337));
#2509 = CARTESIAN_POINT('',(0.902674742708,0.317667177928));
#2510 = CARTESIAN_POINT('',(0.903590640935,0.474998548468));
#2511 = CARTESIAN_POINT('',(0.904970465864,0.628604978136));
#2512 = CARTESIAN_POINT('',(0.906818585821,0.776232669398));
#2513 = CARTESIAN_POINT('',(0.909138061017,0.915356782959));
#2514 = CARTESIAN_POINT('',(0.911928724974,1.043050469418));
#2515 = CARTESIAN_POINT('',(0.918237664967,1.261509901644));
#2516 = CARTESIAN_POINT('',(0.921734055879,1.355244784825));
#2517 = CARTESIAN_POINT('',(0.925618506255,1.43127901441));
#2518 = CARTESIAN_POINT('',(0.929801189679,1.485379401398));
#2519 = CARTESIAN_POINT('',(0.93416874422,1.514845774093));
#2520 = CARTESIAN_POINT('',(0.938594632177,1.518576660163));
#2521 = CARTESIAN_POINT('',(0.942949849867,1.497141974263));
#2522 = CARTESIAN_POINT('',(0.953591024615,1.384064574182));
#2523 = CARTESIAN_POINT('',(0.959416379714,1.262130933319));
#2524 = CARTESIAN_POINT('',(0.96440458893,1.09931700218));
#2525 = CARTESIAN_POINT('',(0.968450620913,0.905788857222));
#2526 = CARTESIAN_POINT('',(0.971491356268,0.690841956018));
#2527 = CARTESIAN_POINT('',(0.973501658295,0.463010869288));
#2528 = CARTESIAN_POINT('',(0.974488053381,0.230252741127));
#2529 = CARTESIAN_POINT('',(0.974488053381,-0.121329391787));
#2530 = CARTESIAN_POINT('',(0.974214163613,-0.242701273146));
#2531 = CARTESIAN_POINT('',(0.973666063136,-0.363221552228));
#2532 = CARTESIAN_POINT('',(0.972843405687,-0.481982748706));
#2533 = CARTESIAN_POINT('',(0.971746053462,-0.598039186834));
#2534 = CARTESIAN_POINT('',(0.97037434263,-0.710379733648));
#2535 = CARTESIAN_POINT('',(0.968729380599,-0.817898082293));
#2536 = CARTESIAN_POINT('',(0.964460935671,-1.043934525158));
#2537 = CARTESIAN_POINT('',(0.9616704437,-1.160939432006));
#2538 = CARTESIAN_POINT('',(0.958457922038,-1.266104883194));
#2539 = CARTESIAN_POINT('',(0.954864738824,-1.355597969559));
#2540 = CARTESIAN_POINT('',(0.950952088009,-1.426109011249));
#2541 = CARTESIAN_POINT('',(0.94679649108,-1.474926133723));
#2542 = CARTESIAN_POINT('',(0.942486056514,-1.5));
#2543 = CARTESIAN_POINT('',(0.938117233607,-1.5));
#2544 = ( GEOMETRIC_REPRESENTATION_CONTEXT(2) 
PARAMETRIC_REPRESENTATION_CONTEXT() REPRESENTATION_CONTEXT('2D SPACE',''
  ) );
#2545 = ORIENTED_EDGE('',*,*,#2353,.F.);
#2546 = ADVANCED_FACE('',(#2547),#1866,.T.);
#2547 = FACE_BOUND('',#2548,.T.);
#2548 = EDGE_LOOP('',(#2549,#2579,#2600,#2601));
#2549 = ORIENTED_EDGE('',*,*,#2550,.F.);
#2550 = EDGE_CURVE('',#2551,#2553,#2555,.T.);
#2551 = VERTEX_POINT('',#2552);
#2552 = CARTESIAN_POINT('',(-9.,-30.,7.5));
#2553 = VERTEX_POINT('',#2554);
#2554 = CARTESIAN_POINT('',(9.,-30.,7.5));
#2555 = SURFACE_CURVE('',#2556,(#2560,#2567),.PCURVE_S1.);
#2556 = LINE('',#2557,#2558);
#2557 = CARTESIAN_POINT('',(-10.,-30.,7.5));
#2558 = VECTOR('',#2559,1.);
#2559 = DIRECTION('',(1.,0.,0.));
#2560 = PCURVE('',#1866,#2561);
#2561 = DEFINITIONAL_REPRESENTATION('',(#2562),#2566);
#2562 = LINE('',#2563,#2564);
#2563 = CARTESIAN_POINT('',(-15.,-10.));
#2564 = VECTOR('',#2565,1.);
#2565 = DIRECTION('',(0.,1.));
#2566 = ( GEOMETRIC_REPRESENTATION_CONTEXT(2) 
PARAMETRIC_REPRESENTATION_CONTEXT() REPRESENTATION_CONTEXT('2D SPACE',''
  ) );
#2567 = PCURVE('',#2568,#2573);
#2568 = PLANE('',#2569);
#2569 = AXIS2_PLACEMENT_3D('',#2570,#2571,#2572);
#2570 = CARTESIAN_POINT('',(4.163336342344E-15,-30.,7.5));
#2571 = DIRECTION('',(0.,0.,1.));
#2572 = DIRECTION('',(1.,0.,-0.));
#2573 = DEFINITIONAL_REPRESENTATION('',(#2574),#2578);
#2574 = LINE('',#2575,#2576);
#2575 = CARTESIAN_POINT('',(-10.,0.));
#2576 = VECTOR('',#2577,1.);
#2577 = DIRECTION('',(1.,0.));
#2578 = ( GEOMETRIC_REPRESENTATION_CONTEXT(2) 
PARAMETRIC_REPRESENTATION_CONTEXT() REPRESENTATION_CONTEXT('2D SPACE',''
  ) );
#2579 = ORIENTED_EDGE('',*,*,#2580,.T.);
#2580 = EDGE_CURVE('',#2551,#1851,#2581,.T.);
#2581 = SURFACE_CURVE('',#2582,(#2586,#2593),.PCURVE_S1.);
#2582 = LINE('',#2583,#2584);
#2583 = CARTESIAN_POINT('',(-9.,-30.,7.5));
#2584 = VECTOR('',#2585,1.);
#2585 = DIRECTION('',(0.,0.,-1.));
#2586 = PCURVE('',#1866,#2587);
#2587 = DEFINITIONAL_REPRESENTATION('',(#2588),#2592);
#2588 = LINE('',#2589,#2590);
#2589 = CARTESIAN_POINT('',(-15.,-9.));
#2590 = VECTOR('',#2591,1.);
#2591 = DIRECTION('',(1.,0.));
#2592 = ( GEOMETRIC_REPRESENTATION_CONTEXT(2) 
PARAMETRIC_REPRESENTATION_CONTEXT() REPRESENTATION_CONTEXT('2D SPACE',''
  ) );
#2593 = PCURVE('',#1899,#2594);
#2594 = DEFINITIONAL_REPRESENTATION('',(#2595),#2599);
#2595 = LINE('',#2596,#2597);
#2596 = CARTESIAN_POINT('',(-1.570796326795,0.));
#2597 = VECTOR('',#2598,1.);
#2598 = DIRECTION('',(-0.,1.));
#2599 = ( GEOMETRIC_REPRESENTATION_CONTEXT(2) 
PARAMETRIC_REPRESENTATION_CONTEXT() REPRESENTATION_CONTEXT('2D SPACE',''
  ) );
#2600 = ORIENTED_EDGE('',*,*,#1848,.F.);
#2601 = ORIENTED_EDGE('',*,*,#2602,.T.);
#2602 = EDGE_CURVE('',#1849,#2553,#2603,.T.);
#2603 = SURFACE_CURVE('',#2604,(#2608,#2615),.PCURVE_S1.);
#2604 = LINE('',#2605,#2606);
#2605 = CARTESIAN_POINT('',(9.,-30.,-7.5));
#2606 = VECTOR('',#2607,1.);
#2607 = DIRECTION('',(0.,0.,1.));
#2608 = PCURVE('',#1866,#2609);
#2609 = DEFINITIONAL_REPRESENTATION('',(#2610),#2614);
#2610 = LINE('',#2611,#2612);
#2611 = CARTESIAN_POINT('',(0.,9.));
#2612 = VECTOR('',#2613,1.);
#2613 = DIRECTION('',(-1.,0.));
#2614 = ( GEOMETRIC_REPRESENTATION_CONTEXT(2) 
PARAMETRIC_REPRESENTATION_CONTEXT() REPRESENTATION_CONTEXT('2D SPACE',''
  ) );
#2615 = PCURVE('',#2072,#2616);
#2616 = DEFINITIONAL_REPRESENTATION('',(#2617),#2621);
#2617 = LINE('',#2618,#2619);
#2618 = CARTESIAN_POINT('',(-1.570796326795,0.));
#2619 = VECTOR('',#2620,1.);
#2620 = DIRECTION('',(-0.,1.));
#2621 = ( GEOMETRIC_REPRESENTATION_CONTEXT(2) 
PARAMETRIC_REPRESENTATION_CONTEXT() REPRESENTATION_CONTEXT('2D SPACE',''
  ) );
#2622 = ADVANCED_FACE('',(#2623),#2072,.T.);
#2623 = FACE_BOUND('',#2624,.F.);
#2624 = EDGE_LOOP('',(#2625,#2626,#2627,#2666));
#2625 = ORIENTED_EDGE('',*,*,#2057,.T.);
#2626 = ORIENTED_EDGE('',*,*,#2602,.T.);
#2627 = ORIENTED_EDGE('',*,*,#2628,.T.);
#2628 = EDGE_CURVE('',#2553,#2629,#2631,.T.);
#2629 = VERTEX_POINT('',#2630);
#2630 = CARTESIAN_POINT('',(10.,-29.,6.5));
#2631 = SURFACE_CURVE('',#2632,(#2637,#2649),.PCURVE_S1.);
#2632 = ELLIPSE('',#2633,1.414213562373,1.);
#2633 = AXIS2_PLACEMENT_3D('',#2634,#2635,#2636);
#2634 = CARTESIAN_POINT('',(9.,-29.,6.5));
#2635 = DIRECTION('',(0.,0.707106781187,0.707106781187));
#2636 = DIRECTION('',(0.,0.707106781187,-0.707106781187));
#2637 = PCURVE('',#2072,#2638);
#2638 = DEFINITIONAL_REPRESENTATION('',(#2639),#2648);
#2639 = B_SPLINE_CURVE_WITH_KNOTS('',7,(#2640,#2641,#2642,#2643,#2644,
    #2645,#2646,#2647),.UNSPECIFIED.,.F.,.F.,(8,8),(3.14159265359,
    4.712388980385),.PIECEWISE_BEZIER_KNOTS.);
#2640 = CARTESIAN_POINT('',(-1.570796326795,15.));
#2641 = CARTESIAN_POINT('',(-1.346396851538,15.));
#2642 = CARTESIAN_POINT('',(-1.121997376282,14.94125132739));
#2643 = CARTESIAN_POINT('',(-0.897597901026,14.823762504626));
#2644 = CARTESIAN_POINT('',(-0.673198425769,14.654746825772));
#2645 = CARTESIAN_POINT('',(-0.448798950513,14.448798039319));
#2646 = CARTESIAN_POINT('',(-0.224399475256,14.224399475256));
#2647 = CARTESIAN_POINT('',(0.,14.));
#2648 = ( GEOMETRIC_REPRESENTATION_CONTEXT(2) 
PARAMETRIC_REPRESENTATION_CONTEXT() REPRESENTATION_CONTEXT('2D SPACE',''
  ) );
#2649 = PCURVE('',#2650,#2655);
#2650 = CYLINDRICAL_SURFACE('',#2651,1.);
#2651 = AXIS2_PLACEMENT_3D('',#2652,#2653,#2654);
#2652 = CARTESIAN_POINT('',(9.,-30.,6.5));
#2653 = DIRECTION('',(0.,1.,0.));
#2654 = DIRECTION('',(0.,-0.,1.));
#2655 = DEFINITIONAL_REPRESENTATION('',(#2656),#2665);
#2656 = B_SPLINE_CURVE_WITH_KNOTS('',7,(#2657,#2658,#2659,#2660,#2661,
    #2662,#2663,#2664),.UNSPECIFIED.,.F.,.F.,(8,8),(3.14159265359,
    4.712388980385),.PIECEWISE_BEZIER_KNOTS.);
#2657 = CARTESIAN_POINT('',(0.,0.));
#2658 = CARTESIAN_POINT('',(0.224399475256,-2.748100991031E-17));
#2659 = CARTESIAN_POINT('',(0.448798950513,5.874867261002E-02));
#2660 = CARTESIAN_POINT('',(0.673198425769,0.176237495375));
#2661 = CARTESIAN_POINT('',(0.897597901026,0.345253174226));
#2662 = CARTESIAN_POINT('',(1.121997376282,0.551201960681));
#2663 = CARTESIAN_POINT('',(1.346396851538,0.775600524744));
#2664 = CARTESIAN_POINT('',(1.570796326795,1.));
#2665 = ( GEOMETRIC_REPRESENTATION_CONTEXT(2) 
PARAMETRIC_REPRESENTATION_CONTEXT() REPRESENTATION_CONTEXT('2D SPACE',''
  ) );
#2666 = ORIENTED_EDGE('',*,*,#2667,.F.);
#2667 = EDGE_CURVE('',#2030,#2629,#2668,.T.);
#2668 = SURFACE_CURVE('',#2669,(#2673,#2680),.PCURVE_S1.);
#2669 = LINE('',#2670,#2671);
#2670 = CARTESIAN_POINT('',(10.,-29.,-7.5));
#2671 = VECTOR('',#2672,1.);
#2672 = DIRECTION('',(0.,0.,1.));
#2673 = PCURVE('',#2072,#2674);
#2674 = DEFINITIONAL_REPRESENTATION('',(#2675),#2679);
#2675 = LINE('',#2676,#2677);
#2676 = CARTESIAN_POINT('',(-0.,0.));
#2677 = VECTOR('',#2678,1.);
#2678 = DIRECTION('',(-0.,1.));
#2679 = ( GEOMETRIC_REPRESENTATION_CONTEXT(2) 
PARAMETRIC_REPRESENTATION_CONTEXT() REPRESENTATION_CONTEXT('2D SPACE',''
  ) );
#2680 = PCURVE('',#2045,#2681);
#2681 = DEFINITIONAL_REPRESENTATION('',(#2682),#2686);
#2682 = LINE('',#2683,#2684);
#2683 = CARTESIAN_POINT('',(-1.623376623377,-29.));
#2684 = VECTOR('',#2685,1.);
#2685 = DIRECTION('',(-1.,0.));
#2686 = ( GEOMETRIC_REPRESENTATION_CONTEXT(2) 
PARAMETRIC_REPRESENTATION_CONTEXT() REPRESENTATION_CONTEXT('2D SPACE',''
  ) );
#2687 = ADVANCED_FACE('',(#2688),#1899,.T.);
#2688 = FACE_BOUND('',#2689,.F.);
#2689 = EDGE_LOOP('',(#2690,#2729,#2730,#2731));
#2690 = ORIENTED_EDGE('',*,*,#2691,.F.);
#2691 = EDGE_CURVE('',#2551,#2692,#2694,.T.);
#2692 = VERTEX_POINT('',#2693);
#2693 = CARTESIAN_POINT('',(-10.,-29.,6.5));
#2694 = SURFACE_CURVE('',#2695,(#2700,#2712),.PCURVE_S1.);
#2695 = ELLIPSE('',#2696,1.414213562373,1.);
#2696 = AXIS2_PLACEMENT_3D('',#2697,#2698,#2699);
#2697 = CARTESIAN_POINT('',(-9.,-29.,6.5));
#2698 = DIRECTION('',(0.,-0.707106781187,-0.707106781187));
#2699 = DIRECTION('',(0.,-0.707106781187,0.707106781187));
#2700 = PCURVE('',#1899,#2701);
#2701 = DEFINITIONAL_REPRESENTATION('',(#2702),#2711);
#2702 = B_SPLINE_CURVE_WITH_KNOTS('',7,(#2703,#2704,#2705,#2706,#2707,
    #2708,#2709,#2710),.UNSPECIFIED.,.F.,.F.,(8,8),(0.,1.570796326795),
  .PIECEWISE_BEZIER_KNOTS.);
#2703 = CARTESIAN_POINT('',(-1.570796326795,8.881784197001E-16));
#2704 = CARTESIAN_POINT('',(-1.346396851538,8.881784197001E-16));
#2705 = CARTESIAN_POINT('',(-1.121997376282,5.874867260999E-02));
#2706 = CARTESIAN_POINT('',(-0.897597901026,0.176237495375));
#2707 = CARTESIAN_POINT('',(-0.673198425769,0.345253174226));
#2708 = CARTESIAN_POINT('',(-0.448798950513,0.551201960681));
#2709 = CARTESIAN_POINT('',(-0.224399475256,0.775600524744));
#2710 = CARTESIAN_POINT('',(0.,1.));
#2711 = ( GEOMETRIC_REPRESENTATION_CONTEXT(2) 
PARAMETRIC_REPRESENTATION_CONTEXT() REPRESENTATION_CONTEXT('2D SPACE',''
  ) );
#2712 = PCURVE('',#2713,#2718);
#2713 = CYLINDRICAL_SURFACE('',#2714,1.);
#2714 = AXIS2_PLACEMENT_3D('',#2715,#2716,#2717);
#2715 = CARTESIAN_POINT('',(-9.,-24.,6.5));
#2716 = DIRECTION('',(0.,-1.,0.));
#2717 = DIRECTION('',(0.,0.,1.));
#2718 = DEFINITIONAL_REPRESENTATION('',(#2719),#2728);
#2719 = B_SPLINE_CURVE_WITH_KNOTS('',7,(#2720,#2721,#2722,#2723,#2724,
    #2725,#2726,#2727),.UNSPECIFIED.,.F.,.F.,(8,8),(0.,1.570796326795),
  .PIECEWISE_BEZIER_KNOTS.);
#2720 = CARTESIAN_POINT('',(0.,6.));
#2721 = CARTESIAN_POINT('',(0.224399475256,6.));
#2722 = CARTESIAN_POINT('',(0.448798950513,5.941251327391));
#2723 = CARTESIAN_POINT('',(0.673198425769,5.823762504625));
#2724 = CARTESIAN_POINT('',(0.897597901026,5.654746825776));
#2725 = CARTESIAN_POINT('',(1.121997376282,5.448798039318));
#2726 = CARTESIAN_POINT('',(1.346396851538,5.224399475256));
#2727 = CARTESIAN_POINT('',(1.570796326795,5.));
#2728 = ( GEOMETRIC_REPRESENTATION_CONTEXT(2) 
PARAMETRIC_REPRESENTATION_CONTEXT() REPRESENTATION_CONTEXT('2D SPACE',''
  ) );
#2729 = ORIENTED_EDGE('',*,*,#2580,.T.);
#2730 = ORIENTED_EDGE('',*,*,#1878,.F.);
#2731 = ORIENTED_EDGE('',*,*,#2732,.F.);
#2732 = EDGE_CURVE('',#2692,#1879,#2733,.T.);
#2733 = SURFACE_CURVE('',#2734,(#2738,#2745),.PCURVE_S1.);
#2734 = LINE('',#2735,#2736);
#2735 = CARTESIAN_POINT('',(-10.,-29.,7.5));
#2736 = VECTOR('',#2737,1.);
#2737 = DIRECTION('',(0.,0.,-1.));
#2738 = PCURVE('',#1899,#2739);
#2739 = DEFINITIONAL_REPRESENTATION('',(#2740),#2744);
#2740 = LINE('',#2741,#2742);
#2741 = CARTESIAN_POINT('',(-0.,0.));
#2742 = VECTOR('',#2743,1.);
#2743 = DIRECTION('',(-0.,1.));
#2744 = ( GEOMETRIC_REPRESENTATION_CONTEXT(2) 
PARAMETRIC_REPRESENTATION_CONTEXT() REPRESENTATION_CONTEXT('2D SPACE',''
  ) );
#2745 = PCURVE('',#1927,#2746);
#2746 = DEFINITIONAL_REPRESENTATION('',(#2747),#2751);
#2747 = LINE('',#2748,#2749);
#2748 = CARTESIAN_POINT('',(16.623376623377,-29.));
#2749 = VECTOR('',#2750,1.);
#2750 = DIRECTION('',(-1.,0.));
#2751 = ( GEOMETRIC_REPRESENTATION_CONTEXT(2) 
PARAMETRIC_REPRESENTATION_CONTEXT() REPRESENTATION_CONTEXT('2D SPACE',''
  ) );
#2752 = ADVANCED_FACE('',(#2753),#2045,.T.);
#2753 = FACE_BOUND('',#2754,.T.);
#2754 = EDGE_LOOP('',(#2755,#2756,#2779,#2807,#2840,#2861));
#2755 = ORIENTED_EDGE('',*,*,#2029,.F.);
#2756 = ORIENTED_EDGE('',*,*,#2757,.T.);
#2757 = EDGE_CURVE('',#1997,#2758,#2760,.T.);
#2758 = VERTEX_POINT('',#2759);
#2759 = CARTESIAN_POINT('',(10.,29.,6.5));
#2760 = SURFACE_CURVE('',#2761,(#2765,#2772),.PCURVE_S1.);
#2761 = LINE('',#2762,#2763);
#2762 = CARTESIAN_POINT('',(10.,29.,-7.5));
#2763 = VECTOR('',#2764,1.);
#2764 = DIRECTION('',(0.,0.,1.));
#2765 = PCURVE('',#2045,#2766);
#2766 = DEFINITIONAL_REPRESENTATION('',(#2767),#2771);
#2767 = LINE('',#2768,#2769);
#2768 = CARTESIAN_POINT('',(-1.623376623377,29.));
#2769 = VECTOR('',#2770,1.);
#2770 = DIRECTION('',(-1.,0.));
#2771 = ( GEOMETRIC_REPRESENTATION_CONTEXT(2) 
PARAMETRIC_REPRESENTATION_CONTEXT() REPRESENTATION_CONTEXT('2D SPACE',''
  ) );
#2772 = PCURVE('',#2017,#2773);
#2773 = DEFINITIONAL_REPRESENTATION('',(#2774),#2778);
#2774 = LINE('',#2775,#2776);
#2775 = CARTESIAN_POINT('',(0.,0.));
#2776 = VECTOR('',#2777,1.);
#2777 = DIRECTION('',(0.,1.));
#2778 = ( GEOMETRIC_REPRESENTATION_CONTEXT(2) 
PARAMETRIC_REPRESENTATION_CONTEXT() REPRESENTATION_CONTEXT('2D SPACE',''
  ) );
#2779 = ORIENTED_EDGE('',*,*,#2780,.F.);
#2780 = EDGE_CURVE('',#2781,#2758,#2783,.T.);
#2781 = VERTEX_POINT('',#2782);
#2782 = CARTESIAN_POINT('',(10.,24.310491562286,6.5));
#2783 = SURFACE_CURVE('',#2784,(#2788,#2795),.PCURVE_S1.);
#2784 = LINE('',#2785,#2786);
#2785 = CARTESIAN_POINT('',(10.,24.,6.5));
#2786 = VECTOR('',#2787,1.);
#2787 = DIRECTION('',(0.,1.,0.));
#2788 = PCURVE('',#2045,#2789);
#2789 = DEFINITIONAL_REPRESENTATION('',(#2790),#2794);
#2790 = LINE('',#2791,#2792);
#2791 = CARTESIAN_POINT('',(-15.62337662337,24.));
#2792 = VECTOR('',#2793,1.);
#2793 = DIRECTION('',(0.,1.));
#2794 = ( GEOMETRIC_REPRESENTATION_CONTEXT(2) 
PARAMETRIC_REPRESENTATION_CONTEXT() REPRESENTATION_CONTEXT('2D SPACE',''
  ) );
#2795 = PCURVE('',#2796,#2801);
#2796 = CYLINDRICAL_SURFACE('',#2797,1.);
#2797 = AXIS2_PLACEMENT_3D('',#2798,#2799,#2800);
#2798 = CARTESIAN_POINT('',(9.,24.,6.5));
#2799 = DIRECTION('',(0.,1.,0.));
#2800 = DIRECTION('',(0.,-0.,1.));
#2801 = DEFINITIONAL_REPRESENTATION('',(#2802),#2806);
#2802 = LINE('',#2803,#2804);
#2803 = CARTESIAN_POINT('',(1.570796326795,0.));
#2804 = VECTOR('',#2805,1.);
#2805 = DIRECTION('',(0.,1.));
#2806 = ( GEOMETRIC_REPRESENTATION_CONTEXT(2) 
PARAMETRIC_REPRESENTATION_CONTEXT() REPRESENTATION_CONTEXT('2D SPACE',''
  ) );
#2807 = ORIENTED_EDGE('',*,*,#2808,.T.);
#2808 = EDGE_CURVE('',#2781,#2809,#2811,.T.);
#2809 = VERTEX_POINT('',#2810);
#2810 = CARTESIAN_POINT('',(10.,-24.31049156228,6.5));
#2811 = SURFACE_CURVE('',#2812,(#2817,#2828),.PCURVE_S1.);
#2812 = CIRCLE('',#2813,43.15);
#2813 = AXIS2_PLACEMENT_3D('',#2814,#2815,#2816);
#2814 = CARTESIAN_POINT('',(10.,8.326672684689E-15,42.15));
#2815 = DIRECTION('',(-1.,0.,-0.));
#2816 = DIRECTION('',(0.,0.569395017794,-0.82206405694));
#2817 = PCURVE('',#2045,#2818);
#2818 = DEFINITIONAL_REPRESENTATION('',(#2819),#2827);
#2819 = ( BOUNDED_CURVE() B_SPLINE_CURVE(2,(#2820,#2821,#2822,#2823,
#2824,#2825,#2826),.UNSPECIFIED.,.T.,.F.) B_SPLINE_CURVE_WITH_KNOTS((1,2
    ,2,2,2,1),(-2.094395102393,0.,2.094395102393,4.188790204786,
6.28318530718,8.377580409573),.UNSPECIFIED.) CURVE() 
GEOMETRIC_REPRESENTATION_ITEM() RATIONAL_B_SPLINE_CURVE((1.,0.5,1.,0.5,
1.,0.5,1.)) REPRESENTATION_ITEM('') );
#2820 = CARTESIAN_POINT('',(-15.80131256643,24.569395017794));
#2821 = CARTESIAN_POINT('',(26.754127915611,-36.87002217816));
#2822 = CARTESIAN_POINT('',(-47.73168841082,-43.00440610687));
#2823 = CARTESIAN_POINT('',(-122.2175047372,-49.13879003558));
#2824 = CARTESIAN_POINT('',(-90.28712889287,18.435011089082));
#2825 = CARTESIAN_POINT('',(-58.35675304848,86.008812213751));
#2826 = CARTESIAN_POINT('',(-15.80131256643,24.569395017794));
#2827 = ( GEOMETRIC_REPRESENTATION_CONTEXT(2) 
PARAMETRIC_REPRESENTATION_CONTEXT() REPRESENTATION_CONTEXT('2D SPACE',''
  ) );
#2828 = PCURVE('',#2829,#2834);
#2829 = TOROIDAL_SURFACE('',#2830,43.15,1.);
#2830 = AXIS2_PLACEMENT_3D('',#2831,#2832,#2833);
#2831 = CARTESIAN_POINT('',(9.,8.326672684689E-15,42.15));
#2832 = DIRECTION('',(-1.,-0.,-0.));
#2833 = DIRECTION('',(0.,0.569395017794,-0.82206405694));
#2834 = DEFINITIONAL_REPRESENTATION('',(#2835),#2839);
#2835 = LINE('',#2836,#2837);
#2836 = CARTESIAN_POINT('',(0.,4.712388980385));
#2837 = VECTOR('',#2838,1.);
#2838 = DIRECTION('',(1.,0.));
#2839 = ( GEOMETRIC_REPRESENTATION_CONTEXT(2) 
PARAMETRIC_REPRESENTATION_CONTEXT() REPRESENTATION_CONTEXT('2D SPACE',''
  ) );
#2840 = ORIENTED_EDGE('',*,*,#2841,.F.);
#2841 = EDGE_CURVE('',#2629,#2809,#2842,.T.);
#2842 = SURFACE_CURVE('',#2843,(#2847,#2854),.PCURVE_S1.);
#2843 = LINE('',#2844,#2845);
#2844 = CARTESIAN_POINT('',(10.,-30.,6.5));
#2845 = VECTOR('',#2846,1.);
#2846 = DIRECTION('',(0.,1.,0.));
#2847 = PCURVE('',#2045,#2848);
#2848 = DEFINITIONAL_REPRESENTATION('',(#2849),#2853);
#2849 = LINE('',#2850,#2851);
#2850 = CARTESIAN_POINT('',(-15.62337662337,-30.));
#2851 = VECTOR('',#2852,1.);
#2852 = DIRECTION('',(0.,1.));
#2853 = ( GEOMETRIC_REPRESENTATION_CONTEXT(2) 
PARAMETRIC_REPRESENTATION_CONTEXT() REPRESENTATION_CONTEXT('2D SPACE',''
  ) );
#2854 = PCURVE('',#2650,#2855);
#2855 = DEFINITIONAL_REPRESENTATION('',(#2856),#2860);
#2856 = LINE('',#2857,#2858);
#2857 = CARTESIAN_POINT('',(1.570796326795,0.));
#2858 = VECTOR('',#2859,1.);
#2859 = DIRECTION('',(0.,1.));
#2860 = ( GEOMETRIC_REPRESENTATION_CONTEXT(2) 
PARAMETRIC_REPRESENTATION_CONTEXT() REPRESENTATION_CONTEXT('2D SPACE',''
  ) );
#2861 = ORIENTED_EDGE('',*,*,#2667,.F.);
#2862 = ADVANCED_FACE('',(#2863),#1927,.T.);
#2863 = FACE_BOUND('',#2864,.T.);
#2864 = EDGE_LOOP('',(#2865,#2866,#2867,#2890,#2923,#2951));
#2865 = ORIENTED_EDGE('',*,*,#1911,.F.);
#2866 = ORIENTED_EDGE('',*,*,#2732,.F.);
#2867 = ORIENTED_EDGE('',*,*,#2868,.F.);
#2868 = EDGE_CURVE('',#2869,#2692,#2871,.T.);
#2869 = VERTEX_POINT('',#2870);
#2870 = CARTESIAN_POINT('',(-10.,-24.31049156228,6.5));
#2871 = SURFACE_CURVE('',#2872,(#2876,#2883),.PCURVE_S1.);
#2872 = LINE('',#2873,#2874);
#2873 = CARTESIAN_POINT('',(-10.,-24.,6.5));
#2874 = VECTOR('',#2875,1.);
#2875 = DIRECTION('',(0.,-1.,0.));
#2876 = PCURVE('',#1927,#2877);
#2877 = DEFINITIONAL_REPRESENTATION('',(#2878),#2882);
#2878 = LINE('',#2879,#2880);
#2879 = CARTESIAN_POINT('',(15.623376623377,-24.));
#2880 = VECTOR('',#2881,1.);
#2881 = DIRECTION('',(0.,-1.));
#2882 = ( GEOMETRIC_REPRESENTATION_CONTEXT(2) 
PARAMETRIC_REPRESENTATION_CONTEXT() REPRESENTATION_CONTEXT('2D SPACE',''
  ) );
#2883 = PCURVE('',#2713,#2884);
#2884 = DEFINITIONAL_REPRESENTATION('',(#2885),#2889);
#2885 = LINE('',#2886,#2887);
#2886 = CARTESIAN_POINT('',(1.570796326795,0.));
#2887 = VECTOR('',#2888,1.);
#2888 = DIRECTION('',(0.,1.));
#2889 = ( GEOMETRIC_REPRESENTATION_CONTEXT(2) 
PARAMETRIC_REPRESENTATION_CONTEXT() REPRESENTATION_CONTEXT('2D SPACE',''
  ) );
#2890 = ORIENTED_EDGE('',*,*,#2891,.T.);
#2891 = EDGE_CURVE('',#2869,#2892,#2894,.T.);
#2892 = VERTEX_POINT('',#2893);
#2893 = CARTESIAN_POINT('',(-10.,24.310491562286,6.5));
#2894 = SURFACE_CURVE('',#2895,(#2900,#2911),.PCURVE_S1.);
#2895 = CIRCLE('',#2896,43.15);
#2896 = AXIS2_PLACEMENT_3D('',#2897,#2898,#2899);
#2897 = CARTESIAN_POINT('',(-10.,6.707597440444E-15,42.15));
#2898 = DIRECTION('',(1.,1.619075244245E-16,-1.232595164408E-32));
#2899 = DIRECTION('',(9.218933775061E-17,-0.569395017794,-0.82206405694)
  );
#2900 = PCURVE('',#1927,#2901);
#2901 = DEFINITIONAL_REPRESENTATION('',(#2902),#2910);
#2902 = ( BOUNDED_CURVE() B_SPLINE_CURVE(2,(#2903,#2904,#2905,#2906,
#2907,#2908,#2909),.UNSPECIFIED.,.T.,.F.) B_SPLINE_CURVE_WITH_KNOTS((1,2
    ,2,2,2,1),(-2.094395102393,0.,2.094395102393,4.188790204786,
6.28318530718,8.377580409573),.UNSPECIFIED.) CURVE() 
GEOMETRIC_REPRESENTATION_ITEM() RATIONAL_B_SPLINE_CURVE((1.,0.5,1.,0.5,
1.,0.5,1.)) REPRESENTATION_ITEM('') );
#2903 = CARTESIAN_POINT('',(15.801312566437,-24.56939501779));
#2904 = CARTESIAN_POINT('',(-26.75412791561,36.870022178163));
#2905 = CARTESIAN_POINT('',(47.731688410822,43.004406106875));
#2906 = CARTESIAN_POINT('',(122.21750473725,49.138790035587));
#2907 = CARTESIAN_POINT('',(90.28712889287,-18.43501108908));
#2908 = CARTESIAN_POINT('',(58.356753048485,-86.00881221375));
#2909 = CARTESIAN_POINT('',(15.801312566437,-24.56939501779));
#2910 = ( GEOMETRIC_REPRESENTATION_CONTEXT(2) 
PARAMETRIC_REPRESENTATION_CONTEXT() REPRESENTATION_CONTEXT('2D SPACE',''
  ) );
#2911 = PCURVE('',#2912,#2917);
#2912 = TOROIDAL_SURFACE('',#2913,43.15,1.);
#2913 = AXIS2_PLACEMENT_3D('',#2914,#2915,#2916);
#2914 = CARTESIAN_POINT('',(-9.,6.869504964868E-15,42.15));
#2915 = DIRECTION('',(1.,1.619075244245E-16,-0.));
#2916 = DIRECTION('',(9.218933775061E-17,-0.569395017794,-0.82206405694)
  );
#2917 = DEFINITIONAL_REPRESENTATION('',(#2918),#2922);
#2918 = LINE('',#2919,#2920);
#2919 = CARTESIAN_POINT('',(0.,4.712388980385));
#2920 = VECTOR('',#2921,1.);
#2921 = DIRECTION('',(1.,0.));
#2922 = ( GEOMETRIC_REPRESENTATION_CONTEXT(2) 
PARAMETRIC_REPRESENTATION_CONTEXT() REPRESENTATION_CONTEXT('2D SPACE',''
  ) );
#2923 = ORIENTED_EDGE('',*,*,#2924,.F.);
#2924 = EDGE_CURVE('',#2925,#2892,#2927,.T.);
#2925 = VERTEX_POINT('',#2926);
#2926 = CARTESIAN_POINT('',(-10.,29.,6.5));
#2927 = SURFACE_CURVE('',#2928,(#2932,#2939),.PCURVE_S1.);
#2928 = LINE('',#2929,#2930);
#2929 = CARTESIAN_POINT('',(-10.,30.,6.5));
#2930 = VECTOR('',#2931,1.);
#2931 = DIRECTION('',(0.,-1.,0.));
#2932 = PCURVE('',#1927,#2933);
#2933 = DEFINITIONAL_REPRESENTATION('',(#2934),#2938);
#2934 = LINE('',#2935,#2936);
#2935 = CARTESIAN_POINT('',(15.623376623377,30.));
#2936 = VECTOR('',#2937,1.);
#2937 = DIRECTION('',(0.,-1.));
#2938 = ( GEOMETRIC_REPRESENTATION_CONTEXT(2) 
PARAMETRIC_REPRESENTATION_CONTEXT() REPRESENTATION_CONTEXT('2D SPACE',''
  ) );
#2939 = PCURVE('',#2940,#2945);
#2940 = CYLINDRICAL_SURFACE('',#2941,1.);
#2941 = AXIS2_PLACEMENT_3D('',#2942,#2943,#2944);
#2942 = CARTESIAN_POINT('',(-9.,30.,6.5));
#2943 = DIRECTION('',(0.,-1.,0.));
#2944 = DIRECTION('',(0.,0.,1.));
#2945 = DEFINITIONAL_REPRESENTATION('',(#2946),#2950);
#2946 = LINE('',#2947,#2948);
#2947 = CARTESIAN_POINT('',(1.570796326795,0.));
#2948 = VECTOR('',#2949,1.);
#2949 = DIRECTION('',(0.,1.));
#2950 = ( GEOMETRIC_REPRESENTATION_CONTEXT(2) 
PARAMETRIC_REPRESENTATION_CONTEXT() REPRESENTATION_CONTEXT('2D SPACE',''
  ) );
#2951 = ORIENTED_EDGE('',*,*,#2952,.F.);
#2952 = EDGE_CURVE('',#1912,#2925,#2953,.T.);
#2953 = SURFACE_CURVE('',#2954,(#2958,#2965),.PCURVE_S1.);
#2954 = LINE('',#2955,#2956);
#2955 = CARTESIAN_POINT('',(-10.,29.,-7.5));
#2956 = VECTOR('',#2957,1.);
#2957 = DIRECTION('',(0.,0.,1.));
#2958 = PCURVE('',#1927,#2959);
#2959 = DEFINITIONAL_REPRESENTATION('',(#2960),#2964);
#2960 = LINE('',#2961,#2962);
#2961 = CARTESIAN_POINT('',(1.623376623377,29.));
#2962 = VECTOR('',#2963,1.);
#2963 = DIRECTION('',(1.,0.));
#2964 = ( GEOMETRIC_REPRESENTATION_CONTEXT(2) 
PARAMETRIC_REPRESENTATION_CONTEXT() REPRESENTATION_CONTEXT('2D SPACE',''
  ) );
#2965 = PCURVE('',#1956,#2966);
#2966 = DEFINITIONAL_REPRESENTATION('',(#2967),#2971);
#2967 = LINE('',#2968,#2969);
#2968 = CARTESIAN_POINT('',(-0.,0.));
#2969 = VECTOR('',#2970,1.);
#2970 = DIRECTION('',(-0.,1.));
#2971 = ( GEOMETRIC_REPRESENTATION_CONTEXT(2) 
PARAMETRIC_REPRESENTATION_CONTEXT() REPRESENTATION_CONTEXT('2D SPACE',''
  ) );
#2972 = ADVANCED_FACE('',(#2973),#2017,.T.);
#2973 = FACE_BOUND('',#2974,.T.);
#2974 = EDGE_LOOP('',(#2975,#2976,#2999,#3031));
#2975 = ORIENTED_EDGE('',*,*,#1996,.T.);
#2976 = ORIENTED_EDGE('',*,*,#2977,.T.);
#2977 = EDGE_CURVE('',#1969,#2978,#2980,.T.);
#2978 = VERTEX_POINT('',#2979);
#2979 = CARTESIAN_POINT('',(9.,30.,7.5));
#2980 = SURFACE_CURVE('',#2981,(#2985,#2992),.PCURVE_S1.);
#2981 = LINE('',#2982,#2983);
#2982 = CARTESIAN_POINT('',(9.,30.,-7.5));
#2983 = VECTOR('',#2984,1.);
#2984 = DIRECTION('',(0.,0.,1.));
#2985 = PCURVE('',#2017,#2986);
#2986 = DEFINITIONAL_REPRESENTATION('',(#2987),#2991);
#2987 = LINE('',#2988,#2989);
#2988 = CARTESIAN_POINT('',(1.570796326795,0.));
#2989 = VECTOR('',#2990,1.);
#2990 = DIRECTION('',(0.,1.));
#2991 = ( GEOMETRIC_REPRESENTATION_CONTEXT(2) 
PARAMETRIC_REPRESENTATION_CONTEXT() REPRESENTATION_CONTEXT('2D SPACE',''
  ) );
#2992 = PCURVE('',#1984,#2993);
#2993 = DEFINITIONAL_REPRESENTATION('',(#2994),#2998);
#2994 = LINE('',#2995,#2996);
#2995 = CARTESIAN_POINT('',(0.,9.));
#2996 = VECTOR('',#2997,1.);
#2997 = DIRECTION('',(1.,0.));
#2998 = ( GEOMETRIC_REPRESENTATION_CONTEXT(2) 
PARAMETRIC_REPRESENTATION_CONTEXT() REPRESENTATION_CONTEXT('2D SPACE',''
  ) );
#2999 = ORIENTED_EDGE('',*,*,#3000,.T.);
#3000 = EDGE_CURVE('',#2978,#2758,#3001,.T.);
#3001 = SURFACE_CURVE('',#3002,(#3007,#3019),.PCURVE_S1.);
#3002 = ELLIPSE('',#3003,1.414213562373,1.);
#3003 = AXIS2_PLACEMENT_3D('',#3004,#3005,#3006);
#3004 = CARTESIAN_POINT('',(9.,29.,6.5));
#3005 = DIRECTION('',(0.,0.707106781187,-0.707106781187));
#3006 = DIRECTION('',(0.,0.707106781187,0.707106781187));
#3007 = PCURVE('',#2017,#3008);
#3008 = DEFINITIONAL_REPRESENTATION('',(#3009),#3018);
#3009 = B_SPLINE_CURVE_WITH_KNOTS('',7,(#3010,#3011,#3012,#3013,#3014,
    #3015,#3016,#3017),.UNSPECIFIED.,.F.,.F.,(8,8),(0.,1.570796326795),
  .PIECEWISE_BEZIER_KNOTS.);
#3010 = CARTESIAN_POINT('',(1.570796326795,15.));
#3011 = CARTESIAN_POINT('',(1.346396851538,15.));
#3012 = CARTESIAN_POINT('',(1.121997376282,14.94125132739));
#3013 = CARTESIAN_POINT('',(0.897597901026,14.823762504626));
#3014 = CARTESIAN_POINT('',(0.673198425769,14.654746825772));
#3015 = CARTESIAN_POINT('',(0.448798950513,14.448798039319));
#3016 = CARTESIAN_POINT('',(0.224399475256,14.224399475256));
#3017 = CARTESIAN_POINT('',(0.,14.));
#3018 = ( GEOMETRIC_REPRESENTATION_CONTEXT(2) 
PARAMETRIC_REPRESENTATION_CONTEXT() REPRESENTATION_CONTEXT('2D SPACE',''
  ) );
#3019 = PCURVE('',#2796,#3020);
#3020 = DEFINITIONAL_REPRESENTATION('',(#3021),#3030);
#3021 = B_SPLINE_CURVE_WITH_KNOTS('',7,(#3022,#3023,#3024,#3025,#3026,
    #3027,#3028,#3029),.UNSPECIFIED.,.F.,.F.,(8,8),(0.,1.570796326795),
  .PIECEWISE_BEZIER_KNOTS.);
#3022 = CARTESIAN_POINT('',(0.,6.));
#3023 = CARTESIAN_POINT('',(0.224399475256,6.));
#3024 = CARTESIAN_POINT('',(0.448798950513,5.941251327391));
#3025 = CARTESIAN_POINT('',(0.673198425769,5.823762504625));
#3026 = CARTESIAN_POINT('',(0.897597901026,5.654746825776));
#3027 = CARTESIAN_POINT('',(1.121997376282,5.448798039318));
#3028 = CARTESIAN_POINT('',(1.346396851538,5.224399475256));
#3029 = CARTESIAN_POINT('',(1.570796326795,5.));
#3030 = ( GEOMETRIC_REPRESENTATION_CONTEXT(2) 
PARAMETRIC_REPRESENTATION_CONTEXT() REPRESENTATION_CONTEXT('2D SPACE',''
  ) );
#3031 = ORIENTED_EDGE('',*,*,#2757,.F.);
#3032 = ADVANCED_FACE('',(#3033),#1956,.T.);
#3033 = FACE_BOUND('',#3034,.F.);
#3034 = EDGE_LOOP('',(#3035,#3036,#3059,#3091));
#3035 = ORIENTED_EDGE('',*,*,#1939,.T.);
#3036 = ORIENTED_EDGE('',*,*,#3037,.T.);
#3037 = EDGE_CURVE('',#1940,#3038,#3040,.T.);
#3038 = VERTEX_POINT('',#3039);
#3039 = CARTESIAN_POINT('',(-9.,30.,7.5));
#3040 = SURFACE_CURVE('',#3041,(#3045,#3052),.PCURVE_S1.);
#3041 = LINE('',#3042,#3043);
#3042 = CARTESIAN_POINT('',(-9.,30.,-7.5));
#3043 = VECTOR('',#3044,1.);
#3044 = DIRECTION('',(0.,0.,1.));
#3045 = PCURVE('',#1956,#3046);
#3046 = DEFINITIONAL_REPRESENTATION('',(#3047),#3051);
#3047 = LINE('',#3048,#3049);
#3048 = CARTESIAN_POINT('',(-1.570796326795,0.));
#3049 = VECTOR('',#3050,1.);
#3050 = DIRECTION('',(-0.,1.));
#3051 = ( GEOMETRIC_REPRESENTATION_CONTEXT(2) 
PARAMETRIC_REPRESENTATION_CONTEXT() REPRESENTATION_CONTEXT('2D SPACE',''
  ) );
#3052 = PCURVE('',#1984,#3053);
#3053 = DEFINITIONAL_REPRESENTATION('',(#3054),#3058);
#3054 = LINE('',#3055,#3056);
#3055 = CARTESIAN_POINT('',(0.,-9.));
#3056 = VECTOR('',#3057,1.);
#3057 = DIRECTION('',(1.,0.));
#3058 = ( GEOMETRIC_REPRESENTATION_CONTEXT(2) 
PARAMETRIC_REPRESENTATION_CONTEXT() REPRESENTATION_CONTEXT('2D SPACE',''
  ) );
#3059 = ORIENTED_EDGE('',*,*,#3060,.T.);
#3060 = EDGE_CURVE('',#3038,#2925,#3061,.T.);
#3061 = SURFACE_CURVE('',#3062,(#3067,#3079),.PCURVE_S1.);
#3062 = ELLIPSE('',#3063,1.414213562373,1.);
#3063 = AXIS2_PLACEMENT_3D('',#3064,#3065,#3066);
#3064 = CARTESIAN_POINT('',(-9.,29.,6.5));
#3065 = DIRECTION('',(0.,-0.707106781187,0.707106781187));
#3066 = DIRECTION('',(0.,-0.707106781187,-0.707106781187));
#3067 = PCURVE('',#1956,#3068);
#3068 = DEFINITIONAL_REPRESENTATION('',(#3069),#3078);
#3069 = B_SPLINE_CURVE_WITH_KNOTS('',7,(#3070,#3071,#3072,#3073,#3074,
    #3075,#3076,#3077),.UNSPECIFIED.,.F.,.F.,(8,8),(3.14159265359,
    4.712388980385),.PIECEWISE_BEZIER_KNOTS.);
#3070 = CARTESIAN_POINT('',(-1.570796326795,15.));
#3071 = CARTESIAN_POINT('',(-1.346396851538,15.));
#3072 = CARTESIAN_POINT('',(-1.121997376282,14.94125132739));
#3073 = CARTESIAN_POINT('',(-0.897597901026,14.823762504626));
#3074 = CARTESIAN_POINT('',(-0.673198425769,14.654746825772));
#3075 = CARTESIAN_POINT('',(-0.448798950513,14.448798039319));
#3076 = CARTESIAN_POINT('',(-0.224399475256,14.224399475256));
#3077 = CARTESIAN_POINT('',(0.,14.));
#3078 = ( GEOMETRIC_REPRESENTATION_CONTEXT(2) 
PARAMETRIC_REPRESENTATION_CONTEXT() REPRESENTATION_CONTEXT('2D SPACE',''
  ) );
#3079 = PCURVE('',#2940,#3080);
#3080 = DEFINITIONAL_REPRESENTATION('',(#3081),#3090);
#3081 = B_SPLINE_CURVE_WITH_KNOTS('',7,(#3082,#3083,#3084,#3085,#3086,
    #3087,#3088,#3089),.UNSPECIFIED.,.F.,.F.,(8,8),(3.14159265359,
    4.712388980385),.PIECEWISE_BEZIER_KNOTS.);
#3082 = CARTESIAN_POINT('',(0.,0.));
#3083 = CARTESIAN_POINT('',(0.224399475256,-2.748100991031E-17));
#3084 = CARTESIAN_POINT('',(0.448798950513,5.874867261002E-02));
#3085 = CARTESIAN_POINT('',(0.673198425769,0.176237495375));
#3086 = CARTESIAN_POINT('',(0.897597901026,0.345253174226));
#3087 = CARTESIAN_POINT('',(1.121997376282,0.551201960681));
#3088 = CARTESIAN_POINT('',(1.346396851538,0.775600524744));
#3089 = CARTESIAN_POINT('',(1.570796326795,1.));
#3090 = ( GEOMETRIC_REPRESENTATION_CONTEXT(2) 
PARAMETRIC_REPRESENTATION_CONTEXT() REPRESENTATION_CONTEXT('2D SPACE',''
  ) );
#3091 = ORIENTED_EDGE('',*,*,#2952,.F.);
#3092 = ADVANCED_FACE('',(#3093),#1984,.T.);
#3093 = FACE_BOUND('',#3094,.T.);
#3094 = EDGE_LOOP('',(#3095,#3121,#3122,#3123));
#3095 = ORIENTED_EDGE('',*,*,#3096,.F.);
#3096 = EDGE_CURVE('',#2978,#3038,#3097,.T.);
#3097 = SURFACE_CURVE('',#3098,(#3102,#3109),.PCURVE_S1.);
#3098 = LINE('',#3099,#3100);
#3099 = CARTESIAN_POINT('',(10.,30.,7.5));
#3100 = VECTOR('',#3101,1.);
#3101 = DIRECTION('',(-1.,0.,0.));
#3102 = PCURVE('',#1984,#3103);
#3103 = DEFINITIONAL_REPRESENTATION('',(#3104),#3108);
#3104 = LINE('',#3105,#3106);
#3105 = CARTESIAN_POINT('',(15.,10.));
#3106 = VECTOR('',#3107,1.);
#3107 = DIRECTION('',(0.,-1.));
#3108 = ( GEOMETRIC_REPRESENTATION_CONTEXT(2) 
PARAMETRIC_REPRESENTATION_CONTEXT() REPRESENTATION_CONTEXT('2D SPACE',''
  ) );
#3109 = PCURVE('',#3110,#3115);
#3110 = PLANE('',#3111);
#3111 = AXIS2_PLACEMENT_3D('',#3112,#3113,#3114);
#3112 = CARTESIAN_POINT('',(0.,24.,7.5));
#3113 = DIRECTION('',(0.,0.,1.));
#3114 = DIRECTION('',(1.,0.,-0.));
#3115 = DEFINITIONAL_REPRESENTATION('',(#3116),#3120);
#3116 = LINE('',#3117,#3118);
#3117 = CARTESIAN_POINT('',(10.,6.));
#3118 = VECTOR('',#3119,1.);
#3119 = DIRECTION('',(-1.,0.));
#3120 = ( GEOMETRIC_REPRESENTATION_CONTEXT(2) 
PARAMETRIC_REPRESENTATION_CONTEXT() REPRESENTATION_CONTEXT('2D SPACE',''
  ) );
#3121 = ORIENTED_EDGE('',*,*,#2977,.F.);
#3122 = ORIENTED_EDGE('',*,*,#1968,.F.);
#3123 = ORIENTED_EDGE('',*,*,#3037,.T.);
#3124 = ADVANCED_FACE('',(#3125),#2289,.T.);
#3125 = FACE_BOUND('',#3126,.T.);
#3126 = EDGE_LOOP('',(#3127));
#3127 = ORIENTED_EDGE('',*,*,#2181,.F.);
#3128 = ADVANCED_FACE('',(#3129),#2486,.T.);
#3129 = FACE_BOUND('',#3130,.T.);
#3130 = EDGE_LOOP('',(#3131));
#3131 = ORIENTED_EDGE('',*,*,#2376,.F.);
#3132 = ADVANCED_FACE('',(#3133),#2568,.T.);
#3133 = FACE_BOUND('',#3134,.T.);
#3134 = EDGE_LOOP('',(#3135,#3164,#3185,#3186));
#3135 = ORIENTED_EDGE('',*,*,#3136,.T.);
#3136 = EDGE_CURVE('',#3137,#3139,#3141,.T.);
#3137 = VERTEX_POINT('',#3138);
#3138 = CARTESIAN_POINT('',(9.,-24.,7.5));
#3139 = VERTEX_POINT('',#3140);
#3140 = CARTESIAN_POINT('',(-9.,-24.,7.5));
#3141 = SURFACE_CURVE('',#3142,(#3146,#3153),.PCURVE_S1.);
#3142 = LINE('',#3143,#3144);
#3143 = CARTESIAN_POINT('',(10.,-24.,7.5));
#3144 = VECTOR('',#3145,1.);
#3145 = DIRECTION('',(-1.,0.,0.));
#3146 = PCURVE('',#2568,#3147);
#3147 = DEFINITIONAL_REPRESENTATION('',(#3148),#3152);
#3148 = LINE('',#3149,#3150);
#3149 = CARTESIAN_POINT('',(10.,6.));
#3150 = VECTOR('',#3151,1.);
#3151 = DIRECTION('',(-1.,0.));
#3152 = ( GEOMETRIC_REPRESENTATION_CONTEXT(2) 
PARAMETRIC_REPRESENTATION_CONTEXT() REPRESENTATION_CONTEXT('2D SPACE',''
  ) );
#3153 = PCURVE('',#3154,#3159);
#3154 = CYLINDRICAL_SURFACE('',#3155,42.15);
#3155 = AXIS2_PLACEMENT_3D('',#3156,#3157,#3158);
#3156 = CARTESIAN_POINT('',(0.,8.326672684689E-15,42.15));
#3157 = DIRECTION('',(-1.,2.577999609657E-17,1.78562743526E-17));
#3158 = DIRECTION('',(-5.854827030937E-32,0.569395017794,-0.82206405694)
  );
#3159 = DEFINITIONAL_REPRESENTATION('',(#3160),#3163);
#3160 = B_SPLINE_CURVE_WITH_KNOTS('',1,(#3161,#3162),.UNSPECIFIED.,.F.,
  .F.,(2,2),(0.,20.),.PIECEWISE_BEZIER_KNOTS.);
#3161 = CARTESIAN_POINT('',(1.2115394735,-10.));
#3162 = CARTESIAN_POINT('',(1.2115394735,10.));
#3163 = ( GEOMETRIC_REPRESENTATION_CONTEXT(2) 
PARAMETRIC_REPRESENTATION_CONTEXT() REPRESENTATION_CONTEXT('2D SPACE',''
  ) );
#3164 = ORIENTED_EDGE('',*,*,#3165,.T.);
#3165 = EDGE_CURVE('',#3139,#2551,#3166,.T.);
#3166 = SURFACE_CURVE('',#3167,(#3171,#3178),.PCURVE_S1.);
#3167 = LINE('',#3168,#3169);
#3168 = CARTESIAN_POINT('',(-9.,-24.,7.5));
#3169 = VECTOR('',#3170,1.);
#3170 = DIRECTION('',(0.,-1.,0.));
#3171 = PCURVE('',#2568,#3172);
#3172 = DEFINITIONAL_REPRESENTATION('',(#3173),#3177);
#3173 = LINE('',#3174,#3175);
#3174 = CARTESIAN_POINT('',(-9.,6.));
#3175 = VECTOR('',#3176,1.);
#3176 = DIRECTION('',(0.,-1.));
#3177 = ( GEOMETRIC_REPRESENTATION_CONTEXT(2) 
PARAMETRIC_REPRESENTATION_CONTEXT() REPRESENTATION_CONTEXT('2D SPACE',''
  ) );
#3178 = PCURVE('',#2713,#3179);
#3179 = DEFINITIONAL_REPRESENTATION('',(#3180),#3184);
#3180 = LINE('',#3181,#3182);
#3181 = CARTESIAN_POINT('',(0.,0.));
#3182 = VECTOR('',#3183,1.);
#3183 = DIRECTION('',(0.,1.));
#3184 = ( GEOMETRIC_REPRESENTATION_CONTEXT(2) 
PARAMETRIC_REPRESENTATION_CONTEXT() REPRESENTATION_CONTEXT('2D SPACE',''
  ) );
#3185 = ORIENTED_EDGE('',*,*,#2550,.T.);
#3186 = ORIENTED_EDGE('',*,*,#3187,.T.);
#3187 = EDGE_CURVE('',#2553,#3137,#3188,.T.);
#3188 = SURFACE_CURVE('',#3189,(#3193,#3200),.PCURVE_S1.);
#3189 = LINE('',#3190,#3191);
#3190 = CARTESIAN_POINT('',(9.,-30.,7.5));
#3191 = VECTOR('',#3192,1.);
#3192 = DIRECTION('',(0.,1.,0.));
#3193 = PCURVE('',#2568,#3194);
#3194 = DEFINITIONAL_REPRESENTATION('',(#3195),#3199);
#3195 = LINE('',#3196,#3197);
#3196 = CARTESIAN_POINT('',(9.,0.));
#3197 = VECTOR('',#3198,1.);
#3198 = DIRECTION('',(0.,1.));
#3199 = ( GEOMETRIC_REPRESENTATION_CONTEXT(2) 
PARAMETRIC_REPRESENTATION_CONTEXT() REPRESENTATION_CONTEXT('2D SPACE',''
  ) );
#3200 = PCURVE('',#2650,#3201);
#3201 = DEFINITIONAL_REPRESENTATION('',(#3202),#3206);
#3202 = LINE('',#3203,#3204);
#3203 = CARTESIAN_POINT('',(0.,0.));
#3204 = VECTOR('',#3205,1.);
#3205 = DIRECTION('',(0.,1.));
#3206 = ( GEOMETRIC_REPRESENTATION_CONTEXT(2) 
PARAMETRIC_REPRESENTATION_CONTEXT() REPRESENTATION_CONTEXT('2D SPACE',''
  ) );
#3207 = ADVANCED_FACE('',(#3208),#2650,.T.);
#3208 = FACE_BOUND('',#3209,.T.);
#3209 = EDGE_LOOP('',(#3210,#3211,#3212,#3290));
#3210 = ORIENTED_EDGE('',*,*,#2628,.T.);
#3211 = ORIENTED_EDGE('',*,*,#2841,.T.);
#3212 = ORIENTED_EDGE('',*,*,#3213,.F.);
#3213 = EDGE_CURVE('',#3137,#2809,#3214,.T.);
#3214 = SURFACE_CURVE('',#3215,(#3238,#3264),.PCURVE_S1.);
#3215 = B_SPLINE_CURVE_WITH_KNOTS('',5,(#3216,#3217,#3218,#3219,#3220,
    #3221,#3222,#3223,#3224,#3225,#3226,#3227,#3228,#3229,#3230,#3231,
    #3232,#3233,#3234,#3235,#3236,#3237),.UNSPECIFIED.,.F.,.F.,(6,4,4,4,
    4,6),(0.,0.238220200489,0.476715809439,0.733042432619,0.969173578102
    ,1.),.UNSPECIFIED.);
#3216 = CARTESIAN_POINT('',(9.,-24.,7.5));
#3217 = CARTESIAN_POINT('',(9.076025792185,-24.,7.5));
#3218 = CARTESIAN_POINT('',(9.152055434407,-24.00225780814,
    7.492774992932));
#3219 = CARTESIAN_POINT('',(9.227101849108,-24.00677370409,
    7.478324220063));
#3220 = CARTESIAN_POINT('',(9.300207887975,-24.01347531874,
    7.456871984913));
#3221 = CARTESIAN_POINT('',(9.440892728667,-24.03099633109,
    7.400752811344));
#3222 = CARTESIAN_POINT('',(9.508470720484,-24.04182121322,
    7.366068293923));
#3223 = CARTESIAN_POINT('',(9.572379876908,-24.05457378973,
    7.325184618149));
#3224 = CARTESIAN_POINT('',(9.63189002799,-24.06906959317,7.278676384815
    ));
#3225 = CARTESIAN_POINT('',(9.745018145501,-24.10232109612,
    7.171894298338));
#3226 = CARTESIAN_POINT('',(9.797865403081,-24.12131502795,
    7.110848774052));
#3227 = CARTESIAN_POINT('',(9.844234164895,-24.14181505254,
    7.044896820902));
#3228 = CARTESIAN_POINT('',(9.883607285886,-24.16352805192,
    6.974961603133));
#3229 = CARTESIAN_POINT('',(9.945152597626,-24.20699854404,
    6.834777063775));
#3230 = CARTESIAN_POINT('',(9.96843595902,-24.22861797811,6.764985866071
    ));
#3231 = CARTESIAN_POINT('',(9.985225423403,-24.25077921856,
    6.693364195776));
#3232 = CARTESIAN_POINT('',(9.995378248778,-24.27324426076,
    6.620674719229));
#3233 = CARTESIAN_POINT('',(9.999317499019,-24.29871876985,
    6.538151653097));
#3234 = CARTESIAN_POINT('',(9.99965872898,-24.30166154683,6.528617270421
    ));
#3235 = CARTESIAN_POINT('',(9.999886241622,-24.30460495443,
    6.519079400435));
#3236 = CARTESIAN_POINT('',(9.999999999999,-24.30754846772,
    6.509539743404));
#3237 = CARTESIAN_POINT('',(10.,-24.31049156228,6.5));
#3238 = PCURVE('',#2650,#3239);
#3239 = DEFINITIONAL_REPRESENTATION('',(#3240),#3263);
#3240 = B_SPLINE_CURVE_WITH_KNOTS('',5,(#3241,#3242,#3243,#3244,#3245,
    #3246,#3247,#3248,#3249,#3250,#3251,#3252,#3253,#3254,#3255,#3256,
    #3257,#3258,#3259,#3260,#3261,#3262),.UNSPECIFIED.,.F.,.F.,(6,4,4,4,
    4,6),(0.,0.238220200489,0.476715809439,0.733042432619,0.969173578102
    ,1.),.UNSPECIFIED.);
#3241 = CARTESIAN_POINT('',(0.,6.));
#3242 = CARTESIAN_POINT('',(7.602579218548E-02,6.));
#3243 = CARTESIAN_POINT('',(0.152055336496,5.997742191859));
#3244 = CARTESIAN_POINT('',(0.22801769584,5.993226295905));
#3245 = CARTESIAN_POINT('',(0.303869035653,5.986524681252));
#3246 = CARTESIAN_POINT('',(0.455333836985,5.969003668907));
#3247 = CARTESIAN_POINT('',(0.53095296072,5.95817878678));
#3248 = CARTESIAN_POINT('',(0.606368803902,5.945426210261));
#3249 = CARTESIAN_POINT('',(0.681569333432,5.930930406828));
#3250 = CARTESIAN_POINT('',(0.837134062608,5.897678903872));
#3251 = CARTESIAN_POINT('',(0.917467461462,5.87868497205));
#3252 = CARTESIAN_POINT('',(0.997549037191,5.858184947458));
#3253 = CARTESIAN_POINT('',(1.077412704704,5.836471948079));
#3254 = CARTESIAN_POINT('',(1.230512444979,5.793001455958));
#3255 = CARTESIAN_POINT('',(1.303775936609,5.771382021887));
#3256 = CARTESIAN_POINT('',(1.376929447715,5.749220781432));
#3257 = CARTESIAN_POINT('',(1.450020406089,5.726755739238));
#3258 = CARTESIAN_POINT('',(1.532637439055,5.701281230142));
#3259 = CARTESIAN_POINT('',(1.542177247637,5.698338453164));
#3260 = CARTESIAN_POINT('',(1.551716926404,5.695395045566));
#3261 = CARTESIAN_POINT('',(1.561256583369,5.692451532276));
#3262 = CARTESIAN_POINT('',(1.570796326795,5.689508437714));
#3263 = ( GEOMETRIC_REPRESENTATION_CONTEXT(2) 
PARAMETRIC_REPRESENTATION_CONTEXT() REPRESENTATION_CONTEXT('2D SPACE',''
  ) );
#3264 = PCURVE('',#2829,#3265);
#3265 = DEFINITIONAL_REPRESENTATION('',(#3266),#3289);
#3266 = B_SPLINE_CURVE_WITH_KNOTS('',5,(#3267,#3268,#3269,#3270,#3271,
    #3272,#3273,#3274,#3275,#3276,#3277,#3278,#3279,#3280,#3281,#3282,
    #3283,#3284,#3285,#3286,#3287,#3288),.UNSPECIFIED.,.F.,.F.,(6,4,4,4,
    4,6),(0.,0.238220200489,0.476715809439,0.733042432619,0.969173578102
    ,1.),.UNSPECIFIED.);
#3267 = CARTESIAN_POINT('',(1.2115394735,3.14159265359));
#3268 = CARTESIAN_POINT('',(1.2115394735,3.217618445775));
#3269 = CARTESIAN_POINT('',(1.211485907761,3.293647990085));
#3270 = CARTESIAN_POINT('',(1.211378767765,3.36961034943));
#3271 = CARTESIAN_POINT('',(1.211219868921,3.445461689242));
#3272 = CARTESIAN_POINT('',(1.210804887248,3.596926490575));
#3273 = CARTESIAN_POINT('',(1.210548674679,3.672545614309));
#3274 = CARTESIAN_POINT('',(1.210247139306,3.747961457492));
#3275 = CARTESIAN_POINT('',(1.209904867912,3.823161987022));
#3276 = CARTESIAN_POINT('',(1.209121055663,3.978726716198));
#3277 = CARTESIAN_POINT('',(1.208673987791,4.059060115052));
#3278 = CARTESIAN_POINT('',(1.208192350658,4.139141690781));
#3279 = CARTESIAN_POINT('',(1.207683291445,4.219005358294));
#3280 = CARTESIAN_POINT('',(1.206666390375,4.372105098569));
#3281 = CARTESIAN_POINT('',(1.206161607266,4.445368590199));
#3282 = CARTESIAN_POINT('',(1.205645247875,4.518522101305));
#3283 = CARTESIAN_POINT('',(1.205122938731,4.591613059679));
#3284 = CARTESIAN_POINT('',(1.204531914638,4.674230092645));
#3285 = CARTESIAN_POINT('',(1.204463659284,4.683769901227));
#3286 = CARTESIAN_POINT('',(1.204395408179,4.693309579994));
#3287 = CARTESIAN_POINT('',(1.204327173495,4.702849236959));
#3288 = CARTESIAN_POINT('',(1.204258967364,4.712388980385));
#3289 = ( GEOMETRIC_REPRESENTATION_CONTEXT(2) 
PARAMETRIC_REPRESENTATION_CONTEXT() REPRESENTATION_CONTEXT('2D SPACE',''
  ) );
#3290 = ORIENTED_EDGE('',*,*,#3187,.F.);
#3291 = ADVANCED_FACE('',(#3292),#2713,.T.);
#3292 = FACE_BOUND('',#3293,.T.);
#3293 = EDGE_LOOP('',(#3294,#3402,#3403,#3404));
#3294 = ORIENTED_EDGE('',*,*,#3295,.T.);
#3295 = EDGE_CURVE('',#3139,#2869,#3296,.T.);
#3296 = SURFACE_CURVE('',#3297,(#3330,#3366),.PCURVE_S1.);
#3297 = B_SPLINE_CURVE_WITH_KNOTS('',7,(#3298,#3299,#3300,#3301,#3302,
    #3303,#3304,#3305,#3306,#3307,#3308,#3309,#3310,#3311,#3312,#3313,
    #3314,#3315,#3316,#3317,#3318,#3319,#3320,#3321,#3322,#3323,#3324,
    #3325,#3326,#3327,#3328,#3329),.UNSPECIFIED.,.F.,.F.,(8,6,6,6,6,8),(
    0.,0.238220211824,0.47671582953,0.733042462121,0.969173616258,1.),
  .UNSPECIFIED.);
#3298 = CARTESIAN_POINT('',(-9.,-24.,7.5));
#3299 = CARTESIAN_POINT('',(-9.054304137872,-24.,7.5));
#3300 = CARTESIAN_POINT('',(-9.108610109094,-24.00107514675,
    7.496559520368));
#3301 = CARTESIAN_POINT('',(-9.162635891499,-24.00322552017,
    7.489678344323));
#3302 = CARTESIAN_POINT('',(-9.216103738524,-24.00644082177,
    7.479388406837));
#3303 = CARTESIAN_POINT('',(-9.268743195314,-24.01070099986,
    7.465751935369));
#3304 = CARTESIAN_POINT('',(-9.320294114827,-24.01597687482,
    7.448859590603));
#3305 = CARTESIAN_POINT('',(-9.420783287132,-24.02849188384,
    7.408774465989));
#3306 = CARTESIAN_POINT('',(-9.469721154234,-24.03573362951,
    7.385573315256));
#3307 = CARTESIAN_POINT('',(-9.517076484205,-24.04391839544,
    7.359342172612));
#3308 = CARTESIAN_POINT('',(-9.562621571537,-24.05300102623,
    7.330221632697));
#3309 = CARTESIAN_POINT('',(-9.606148328986,-24.06293000371,
    7.298372346418));
#3310 = CARTESIAN_POINT('',(-9.647468820317,-24.07364863381,
    7.263971500199));
#3311 = CARTESIAN_POINT('',(-9.728274618221,-24.09739970746,
    7.187698580952));
#3312 = CARTESIAN_POINT('',(-9.767392920579,-24.11054559495,
    7.145459045477));
#3313 = CARTESIAN_POINT('',(-9.803564015012,-24.12445876004,
    7.100726144711));
#3314 = CARTESIAN_POINT('',(-9.836610681105,-24.13905976079,
    7.053749487217));
#3315 = CARTESIAN_POINT('',(-9.866383641275,-24.15426598662,
    7.004789478328));
#3316 = CARTESIAN_POINT('',(-9.892760038924,-24.16999279564,
    6.95411396428));
#3317 = CARTESIAN_POINT('',(-9.936720975465,-24.20104314721,
    6.853982150271));
#3318 = CARTESIAN_POINT('',(-9.954834643236,-24.21630094753,
    6.804744004539));
#3319 = CARTESIAN_POINT('',(-9.969906755416,-24.23186127176,
    6.754492698774));
#3320 = CARTESIAN_POINT('',(-9.981878838049,-24.24765672858,
    6.703443315134));
#3321 = CARTESIAN_POINT('',(-9.99070949317,-24.26361961756,
    6.651812852965));
#3322 = CARTESIAN_POINT('',(-9.996373784263,-24.27968223009,
    6.599819323484));
#3323 = CARTESIAN_POINT('',(-9.999187533776,-24.29787830534,
    6.540874284907));
#3324 = CARTESIAN_POINT('',(-9.999458328096,-24.29997982909,
    6.534065179347));
#3325 = CARTESIAN_POINT('',(-9.99967498474,-24.30208278779,
    6.527254521441));
#3326 = CARTESIAN_POINT('',(-9.999837488462,-24.30418331644,
    6.520441245412));
#3327 = CARTESIAN_POINT('',(-9.999945828709,-24.30628808948,
    6.513628687263));
#3328 = CARTESIAN_POINT('',(-9.999999999614,-24.30838862757,
    6.50681385407));
#3329 = CARTESIAN_POINT('',(-10.,-24.31049180425,6.500000165006));
#3330 = PCURVE('',#2713,#3331);
#3331 = DEFINITIONAL_REPRESENTATION('',(#3332),#3365);
#3332 = B_SPLINE_CURVE_WITH_KNOTS('',7,(#3333,#3334,#3335,#3336,#3337,
    #3338,#3339,#3340,#3341,#3342,#3343,#3344,#3345,#3346,#3347,#3348,
    #3349,#3350,#3351,#3352,#3353,#3354,#3355,#3356,#3357,#3358,#3359,
    #3360,#3361,#3362,#3363,#3364),.UNSPECIFIED.,.F.,.F.,(8,6,6,6,6,8),(
    0.,0.238220211824,0.47671582953,0.733042462121,0.969173616258,1.),
  .UNSPECIFIED.);
#3333 = CARTESIAN_POINT('',(0.,3.552713678801E-13));
#3334 = CARTESIAN_POINT('',(5.430413787178E-02,3.552801601286E-13));
#3335 = CARTESIAN_POINT('',(0.10861006247,1.075146756876E-03));
#3336 = CARTESIAN_POINT('',(0.162897506053,3.22552017811E-03));
#3337 = CARTESIAN_POINT('',(0.21715007267,6.440821771576E-03));
#3338 = CARTESIAN_POINT('',(0.271353574362,1.070099986448E-02));
#3339 = CARTESIAN_POINT('',(0.325494367367,1.597687482407E-02));
#3340 = CARTESIAN_POINT('',(0.433683511766,2.849188384026E-02));
#3341 = CARTESIAN_POINT('',(0.487734559455,3.573362951068E-02));
#3342 = CARTESIAN_POINT('',(0.541697616683,4.391839544925E-02));
#3343 = CARTESIAN_POINT('',(0.595564357084,5.300102623898E-02));
#3344 = CARTESIAN_POINT('',(0.649330012201,6.293000371917E-02));
#3345 = CARTESIAN_POINT('',(0.702992041055,7.364863381859E-02));
#3346 = CARTESIAN_POINT('',(0.814109704751,9.739970746209E-02));
#3347 = CARTESIAN_POINT('',(0.871550672549,0.110545594957));
#3348 = CARTESIAN_POINT('',(0.928871715989,0.12445876004));
#3349 = CARTESIAN_POINT('',(0.986077686496,0.139059760793));
#3350 = CARTESIAN_POINT('',(1.043177112273,0.15426598662));
#3351 = CARTESIAN_POINT('',(1.100181036525,0.169992795642));
#3352 = CARTESIAN_POINT('',(1.209537993864,0.201043147212));
#3353 = CARTESIAN_POINT('',(1.261904083554,0.216300947536));
#3354 = CARTESIAN_POINT('',(1.314210730845,0.231861271765));
#3355 = CARTESIAN_POINT('',(1.366470014176,0.247656728584));
#3356 = CARTESIAN_POINT('',(1.418695048484,0.263619617569));
#3357 = CARTESIAN_POINT('',(1.470899549333,0.279682230091));
#3358 = CARTESIAN_POINT('',(1.529911707055,0.297878305343));
#3359 = CARTESIAN_POINT('',(1.536725979875,0.299979829099));
#3360 = CARTESIAN_POINT('',(1.543539738274,0.302082787799));
#3361 = CARTESIAN_POINT('',(1.550354564601,0.304183316449));
#3362 = CARTESIAN_POINT('',(1.557167639529,0.306288089481));
#3363 = CARTESIAN_POINT('',(1.563982472725,0.308388627577));
#3364 = CARTESIAN_POINT('',(1.570796161788,0.310491804259));
#3365 = ( GEOMETRIC_REPRESENTATION_CONTEXT(2) 
PARAMETRIC_REPRESENTATION_CONTEXT() REPRESENTATION_CONTEXT('2D SPACE',''
  ) );
#3366 = PCURVE('',#2912,#3367);
#3367 = DEFINITIONAL_REPRESENTATION('',(#3368),#3401);
#3368 = B_SPLINE_CURVE_WITH_KNOTS('',7,(#3369,#3370,#3371,#3372,#3373,
    #3374,#3375,#3376,#3377,#3378,#3379,#3380,#3381,#3382,#3383,#3384,
    #3385,#3386,#3387,#3388,#3389,#3390,#3391,#3392,#3393,#3394,#3395,
    #3396,#3397,#3398,#3399,#3400),.UNSPECIFIED.,.F.,.F.,(8,6,6,6,6,8),(
    0.,0.238220211824,0.47671582953,0.733042462121,0.969173616258,1.),
  .UNSPECIFIED.);
#3369 = CARTESIAN_POINT('',(-8.881784197001E-15,3.14159265359));
#3370 = CARTESIAN_POINT('',(-8.881784197001E-15,3.195896791462));
#3371 = CARTESIAN_POINT('',(2.550749540831E-05,3.250202716059));
#3372 = CARTESIAN_POINT('',(7.652491972809E-05,3.304490159643));
#3373 = CARTESIAN_POINT('',(1.5279414571E-04,3.35874272626));
#3374 = CARTESIAN_POINT('',(2.538132760916E-04,3.412946227952));
#3375 = CARTESIAN_POINT('',(3.788534343148E-04,3.467087020957));
#3376 = CARTESIAN_POINT('',(6.752689198013E-04,3.575276165356));
#3377 = CARTESIAN_POINT('',(8.467060276018E-04,3.629327213044));
#3378 = CARTESIAN_POINT('',(1.040350005058E-03,3.683290270273));
#3379 = CARTESIAN_POINT('',(1.255077160883E-03,3.737157010674));
#3380 = CARTESIAN_POINT('',(1.48960892897E-03,3.790922665791));
#3381 = CARTESIAN_POINT('',(1.742543811276E-03,3.844584694645));
#3382 = CARTESIAN_POINT('',(2.302409705268E-03,3.955702358341));
#3383 = CARTESIAN_POINT('',(2.611972630627E-03,4.013143326139));
#3384 = CARTESIAN_POINT('',(2.939229503823E-03,4.070464369579));
#3385 = CARTESIAN_POINT('',(3.282235002628E-03,4.127670340086));
#3386 = CARTESIAN_POINT('',(3.638977783184E-03,4.184769765863));
#3387 = CARTESIAN_POINT('',(4.007411187621E-03,4.241773690115));
#3388 = CARTESIAN_POINT('',(4.733769095551E-03,4.351130647453));
#3389 = CARTESIAN_POINT('',(5.090237053081E-03,4.403496737144));
#3390 = CARTESIAN_POINT('',(5.453285644952E-03,4.455803384435));
#3391 = CARTESIAN_POINT('',(5.821309991759E-03,4.508062667766));
#3392 = CARTESIAN_POINT('',(6.192710286965E-03,4.560287702073));
#3393 = CARTESIAN_POINT('',(6.56589956987E-03,4.612492202922));
#3394 = CARTESIAN_POINT('',(6.988059574439E-03,4.671504360645));
#3395 = CARTESIAN_POINT('',(7.036815914855E-03,4.678318517802));
#3396 = CARTESIAN_POINT('',(7.085547107616E-03,4.685132818504));
#3397 = CARTESIAN_POINT('',(7.134341056785E-03,4.691946482449));
#3398 = CARTESIAN_POINT('',(7.183026404408E-03,4.698761030551));
#3399 = CARTESIAN_POINT('',(7.231804581881E-03,4.705574675076));
#3400 = CARTESIAN_POINT('',(7.280499348701E-03,4.712388980385));
#3401 = ( GEOMETRIC_REPRESENTATION_CONTEXT(2) 
PARAMETRIC_REPRESENTATION_CONTEXT() REPRESENTATION_CONTEXT('2D SPACE',''
  ) );
#3402 = ORIENTED_EDGE('',*,*,#2868,.T.);
#3403 = ORIENTED_EDGE('',*,*,#2691,.F.);
#3404 = ORIENTED_EDGE('',*,*,#3165,.F.);
#3405 = ADVANCED_FACE('',(#3406),#2796,.T.);
#3406 = FACE_BOUND('',#3407,.T.);
#3407 = EDGE_LOOP('',(#3408,#3488,#3489,#3490));
#3408 = ORIENTED_EDGE('',*,*,#3409,.T.);
#3409 = EDGE_CURVE('',#3410,#2781,#3412,.T.);
#3410 = VERTEX_POINT('',#3411);
#3411 = CARTESIAN_POINT('',(9.,24.,7.5));
#3412 = SURFACE_CURVE('',#3413,(#3436,#3462),.PCURVE_S1.);
#3413 = B_SPLINE_CURVE_WITH_KNOTS('',5,(#3414,#3415,#3416,#3417,#3418,
    #3419,#3420,#3421,#3422,#3423,#3424,#3425,#3426,#3427,#3428,#3429,
    #3430,#3431,#3432,#3433,#3434,#3435),.UNSPECIFIED.,.F.,.F.,(6,4,4,4,
    4,6),(0.,0.23822020119,0.476715810093,0.733042433224,0.969173578657,
    1.),.UNSPECIFIED.);
#3414 = CARTESIAN_POINT('',(9.,24.,7.5));
#3415 = CARTESIAN_POINT('',(9.076025792426,24.,7.5));
#3416 = CARTESIAN_POINT('',(9.152055434889,24.002257808155,
    7.492774992886));
#3417 = CARTESIAN_POINT('',(9.227101849821,24.006773704139,
    7.478324219925));
#3418 = CARTESIAN_POINT('',(9.300207888901,24.013475318833,
    7.456871984641));
#3419 = CARTESIAN_POINT('',(9.440892729747,24.030996331258,
    7.400752810816));
#3420 = CARTESIAN_POINT('',(9.508470721523,24.04182121341,7.366068293314
    ));
#3421 = CARTESIAN_POINT('',(9.572379877897,24.054573789953,
    7.325184617463));
#3422 = CARTESIAN_POINT('',(9.631890028924,24.069069593408,
    7.278676384057));
#3423 = CARTESIAN_POINT('',(9.745018146306,24.102321096406,
    7.171894297446));
#3424 = CARTESIAN_POINT('',(9.797865403812,24.121315028247,
    7.110848773096));
#3425 = CARTESIAN_POINT('',(9.844234165548,24.141815052857,
    7.044896819891));
#3426 = CARTESIAN_POINT('',(9.883607286455,24.16352805225,6.974961602075
    ));
#3427 = CARTESIAN_POINT('',(9.945152598027,24.206998544393,
    6.834777062644));
#3428 = CARTESIAN_POINT('',(9.968435959337,24.228617978472,
    6.764985864912));
#3429 = CARTESIAN_POINT('',(9.985225423635,24.250779218932,
    6.693364194597));
#3430 = CARTESIAN_POINT('',(9.995378248923,24.27324426113,6.620674718037
    ));
#3431 = CARTESIAN_POINT('',(9.999317499057,24.298718770176,
    6.538151652069));
#3432 = CARTESIAN_POINT('',(9.999658729002,24.30166154634,6.528617269244
    ));
#3433 = CARTESIAN_POINT('',(9.999886241633,24.304604954815,
    6.519079399816));
#3434 = CARTESIAN_POINT('',(10.000000000002,24.307548469423,
    6.509539743527));
#3435 = CARTESIAN_POINT('',(10.,24.310491560793,6.499999998981));
#3436 = PCURVE('',#2796,#3437);
#3437 = DEFINITIONAL_REPRESENTATION('',(#3438),#3461);
#3438 = B_SPLINE_CURVE_WITH_KNOTS('',5,(#3439,#3440,#3441,#3442,#3443,
    #3444,#3445,#3446,#3447,#3448,#3449,#3450,#3451,#3452,#3453,#3454,
    #3455,#3456,#3457,#3458,#3459,#3460),.UNSPECIFIED.,.F.,.F.,(6,4,4,4,
    4,6),(0.,0.23822020119,0.476715810093,0.733042433224,0.969173578657,
    1.),.UNSPECIFIED.);
#3439 = CARTESIAN_POINT('',(0.,-3.907985046681E-14));
#3440 = CARTESIAN_POINT('',(7.602579242618E-02,-3.907985046681E-14));
#3441 = CARTESIAN_POINT('',(0.152055336977,2.257808154817E-03));
#3442 = CARTESIAN_POINT('',(0.228017696561,6.77370413861E-03));
#3443 = CARTESIAN_POINT('',(0.303869036613,1.347531883296E-02));
#3444 = CARTESIAN_POINT('',(0.455333838184,3.099633125791E-02));
#3445 = CARTESIAN_POINT('',(0.530952961919,4.182121340987E-02));
#3446 = CARTESIAN_POINT('',(0.606368805101,5.457378995255E-02));
#3447 = CARTESIAN_POINT('',(0.68156933463,6.906959340785E-02));
#3448 = CARTESIAN_POINT('',(0.837134063806,0.102321096406));
#3449 = CARTESIAN_POINT('',(0.91746746266,0.121315028247));
#3450 = CARTESIAN_POINT('',(0.997549038389,0.141815052857));
#3451 = CARTESIAN_POINT('',(1.077412705902,0.16352805225));
#3452 = CARTESIAN_POINT('',(1.230512446176,0.206998544393));
#3453 = CARTESIAN_POINT('',(1.303775937806,0.228617978472));
#3454 = CARTESIAN_POINT('',(1.376929448912,0.250779218932));
#3455 = CARTESIAN_POINT('',(1.450020407286,0.27324426113));
#3456 = CARTESIAN_POINT('',(1.532637440084,0.298718770176));
#3457 = CARTESIAN_POINT('',(1.542177248814,0.30166154634));
#3458 = CARTESIAN_POINT('',(1.551716927023,0.304604954815));
#3459 = CARTESIAN_POINT('',(1.561256583246,0.307548469423));
#3460 = CARTESIAN_POINT('',(1.570796327813,0.310491560793));
#3461 = ( GEOMETRIC_REPRESENTATION_CONTEXT(2) 
PARAMETRIC_REPRESENTATION_CONTEXT() REPRESENTATION_CONTEXT('2D SPACE',''
  ) );
#3462 = PCURVE('',#2829,#3463);
#3463 = DEFINITIONAL_REPRESENTATION('',(#3464),#3487);
#3464 = B_SPLINE_CURVE_WITH_KNOTS('',5,(#3465,#3466,#3467,#3468,#3469,
    #3470,#3471,#3472,#3473,#3474,#3475,#3476,#3477,#3478,#3479,#3480,
    #3481,#3482,#3483,#3484,#3485,#3486),.UNSPECIFIED.,.F.,.F.,(6,4,4,4,
    4,6),(0.,0.23822020119,0.476715810093,0.733042433224,0.969173578657,
    1.),.UNSPECIFIED.);
#3465 = CARTESIAN_POINT('',(0.,3.14159265359));
#3466 = CARTESIAN_POINT('',(0.,3.217618446016));
#3467 = CARTESIAN_POINT('',(5.356573949911E-05,3.293647990567));
#3468 = CARTESIAN_POINT('',(1.607057358219E-04,3.369610350151));
#3469 = CARTESIAN_POINT('',(3.196045809801E-04,3.445461690203));
#3470 = CARTESIAN_POINT('',(7.345862559891E-04,3.596926491774));
#3471 = CARTESIAN_POINT('',(9.907988257005E-04,3.672545615508));
#3472 = CARTESIAN_POINT('',(1.292334198781E-03,3.747961458691));
#3473 = CARTESIAN_POINT('',(1.63460559374E-03,3.82316198822));
#3474 = CARTESIAN_POINT('',(2.418417842935E-03,3.978726717396));
#3475 = CARTESIAN_POINT('',(2.865485715911E-03,4.05906011625));
#3476 = CARTESIAN_POINT('',(3.347122849306E-03,4.139141691978));
#3477 = CARTESIAN_POINT('',(3.856182063001E-03,4.219005359492));
#3478 = CARTESIAN_POINT('',(4.873083132886E-03,4.372105099766));
#3479 = CARTESIAN_POINT('',(5.377866242532E-03,4.445368591396));
#3480 = CARTESIAN_POINT('',(5.894225633424E-03,4.518522102502));
#3481 = CARTESIAN_POINT('',(6.416534777244E-03,4.591613060876));
#3482 = CARTESIAN_POINT('',(7.007558869364E-03,4.674230093674));
#3483 = CARTESIAN_POINT('',(7.075814240831E-03,4.683769901919));
#3484 = CARTESIAN_POINT('',(7.144065321484E-03,4.69330958072));
#3485 = CARTESIAN_POINT('',(7.212299970793E-03,4.702849237814));
#3486 = CARTESIAN_POINT('',(7.280506178056E-03,4.712388980385));
#3487 = ( GEOMETRIC_REPRESENTATION_CONTEXT(2) 
PARAMETRIC_REPRESENTATION_CONTEXT() REPRESENTATION_CONTEXT('2D SPACE',''
  ) );
#3488 = ORIENTED_EDGE('',*,*,#2780,.T.);
#3489 = ORIENTED_EDGE('',*,*,#3000,.F.);
#3490 = ORIENTED_EDGE('',*,*,#3491,.F.);
#3491 = EDGE_CURVE('',#3410,#2978,#3492,.T.);
#3492 = SURFACE_CURVE('',#3493,(#3497,#3504),.PCURVE_S1.);
#3493 = LINE('',#3494,#3495);
#3494 = CARTESIAN_POINT('',(9.,24.,7.5));
#3495 = VECTOR('',#3496,1.);
#3496 = DIRECTION('',(0.,1.,0.));
#3497 = PCURVE('',#2796,#3498);
#3498 = DEFINITIONAL_REPRESENTATION('',(#3499),#3503);
#3499 = LINE('',#3500,#3501);
#3500 = CARTESIAN_POINT('',(0.,0.));
#3501 = VECTOR('',#3502,1.);
#3502 = DIRECTION('',(0.,1.));
#3503 = ( GEOMETRIC_REPRESENTATION_CONTEXT(2) 
PARAMETRIC_REPRESENTATION_CONTEXT() REPRESENTATION_CONTEXT('2D SPACE',''
  ) );
#3504 = PCURVE('',#3110,#3505);
#3505 = DEFINITIONAL_REPRESENTATION('',(#3506),#3510);
#3506 = LINE('',#3507,#3508);
#3507 = CARTESIAN_POINT('',(9.,0.));
#3508 = VECTOR('',#3509,1.);
#3509 = DIRECTION('',(0.,1.));
#3510 = ( GEOMETRIC_REPRESENTATION_CONTEXT(2) 
PARAMETRIC_REPRESENTATION_CONTEXT() REPRESENTATION_CONTEXT('2D SPACE',''
  ) );
#3511 = ADVANCED_FACE('',(#3512),#2829,.T.);
#3512 = FACE_BOUND('',#3513,.T.);
#3513 = EDGE_LOOP('',(#3514,#3515,#3537,#3538));
#3514 = ORIENTED_EDGE('',*,*,#3409,.F.);
#3515 = ORIENTED_EDGE('',*,*,#3516,.T.);
#3516 = EDGE_CURVE('',#3410,#3137,#3517,.T.);
#3517 = SURFACE_CURVE('',#3518,(#3523,#3530),.PCURVE_S1.);
#3518 = CIRCLE('',#3519,42.15);
#3519 = AXIS2_PLACEMENT_3D('',#3520,#3521,#3522);
#3520 = CARTESIAN_POINT('',(9.,8.326672684689E-15,42.15));
#3521 = DIRECTION('',(-1.,0.,-0.));
#3522 = DIRECTION('',(0.,0.569395017794,-0.82206405694));
#3523 = PCURVE('',#2829,#3524);
#3524 = DEFINITIONAL_REPRESENTATION('',(#3525),#3529);
#3525 = LINE('',#3526,#3527);
#3526 = CARTESIAN_POINT('',(0.,3.14159265359));
#3527 = VECTOR('',#3528,1.);
#3528 = DIRECTION('',(1.,0.));
#3529 = ( GEOMETRIC_REPRESENTATION_CONTEXT(2) 
PARAMETRIC_REPRESENTATION_CONTEXT() REPRESENTATION_CONTEXT('2D SPACE',''
  ) );
#3530 = PCURVE('',#3154,#3531);
#3531 = DEFINITIONAL_REPRESENTATION('',(#3532),#3536);
#3532 = LINE('',#3533,#3534);
#3533 = CARTESIAN_POINT('',(1.011448734178E-15,-9.));
#3534 = VECTOR('',#3535,1.);
#3535 = DIRECTION('',(1.,0.));
#3536 = ( GEOMETRIC_REPRESENTATION_CONTEXT(2) 
PARAMETRIC_REPRESENTATION_CONTEXT() REPRESENTATION_CONTEXT('2D SPACE',''
  ) );
#3537 = ORIENTED_EDGE('',*,*,#3213,.T.);
#3538 = ORIENTED_EDGE('',*,*,#2808,.F.);
#3539 = ADVANCED_FACE('',(#3540),#2940,.T.);
#3540 = FACE_BOUND('',#3541,.T.);
#3541 = EDGE_LOOP('',(#3542,#3543,#3544,#3624));
#3542 = ORIENTED_EDGE('',*,*,#3060,.T.);
#3543 = ORIENTED_EDGE('',*,*,#2924,.T.);
#3544 = ORIENTED_EDGE('',*,*,#3545,.F.);
#3545 = EDGE_CURVE('',#3546,#2892,#3548,.T.);
#3546 = VERTEX_POINT('',#3547);
#3547 = CARTESIAN_POINT('',(-9.,24.,7.5));
#3548 = SURFACE_CURVE('',#3549,(#3572,#3598),.PCURVE_S1.);
#3549 = B_SPLINE_CURVE_WITH_KNOTS('',5,(#3550,#3551,#3552,#3553,#3554,
    #3555,#3556,#3557,#3558,#3559,#3560,#3561,#3562,#3563,#3564,#3565,
    #3566,#3567,#3568,#3569,#3570,#3571),.UNSPECIFIED.,.F.,.F.,(6,4,4,4,
    4,6),(0.,0.238220202075,0.476715811041,0.733042434239,0.969173579729
    ,1.),.UNSPECIFIED.);
#3550 = CARTESIAN_POINT('',(-9.,24.,7.5));
#3551 = CARTESIAN_POINT('',(-9.076025792691,24.,7.5));
#3552 = CARTESIAN_POINT('',(-9.152055435419,24.00225780817,
    7.492774992835));
#3553 = CARTESIAN_POINT('',(-9.227101850606,24.006773704186,
    7.478324219774));
#3554 = CARTESIAN_POINT('',(-9.300207889921,24.013475318926,
    7.456871984342));
#3555 = CARTESIAN_POINT('',(-9.440892730936,24.03099633144,
    7.400752810234));
#3556 = CARTESIAN_POINT('',(-9.508470722667,24.041821213619,
    7.366068292642));
#3557 = CARTESIAN_POINT('',(-9.572379878987,24.054573790188,
    7.325184616707));
#3558 = CARTESIAN_POINT('',(-9.631890029952,24.069069593668,
    7.278676383223));
#3559 = CARTESIAN_POINT('',(-9.745018147192,24.102321096712,
    7.171894296462));
#3560 = CARTESIAN_POINT('',(-9.797865404618,24.121315028574,
    7.110848772043));
#3561 = CARTESIAN_POINT('',(-9.844234166267,24.141815053203,
    7.044896818777));
#3562 = CARTESIAN_POINT('',(-9.883607287082,24.163528052612,
    6.974961600909));
#3563 = CARTESIAN_POINT('',(-9.945152598469,24.206998544779,
    6.834777061397));
#3564 = CARTESIAN_POINT('',(-9.968435959687,24.228617978867,
    6.764985863635));
#3565 = CARTESIAN_POINT('',(-9.98522542389,24.250779219334,
    6.693364193298));
#3566 = CARTESIAN_POINT('',(-9.995378249082,24.273244261536,
    6.620674716724));
#3567 = CARTESIAN_POINT('',(-9.999317499092,24.29871877048,
    6.538151651084));
#3568 = CARTESIAN_POINT('',(-9.999658729016,24.301661547302,
    6.52861726891));
#3569 = CARTESIAN_POINT('',(-9.999886241634,24.304604954745,
    6.519079399428));
#3570 = CARTESIAN_POINT('',(-9.999999999999,24.30754846788,6.5095397429)
  );
#3571 = CARTESIAN_POINT('',(-10.,24.310491562286,6.5));
#3572 = PCURVE('',#2940,#3573);
#3573 = DEFINITIONAL_REPRESENTATION('',(#3574),#3597);
#3574 = B_SPLINE_CURVE_WITH_KNOTS('',5,(#3575,#3576,#3577,#3578,#3579,
    #3580,#3581,#3582,#3583,#3584,#3585,#3586,#3587,#3588,#3589,#3590,
    #3591,#3592,#3593,#3594,#3595,#3596),.UNSPECIFIED.,.F.,.F.,(6,4,4,4,
    4,6),(0.,0.238220202075,0.476715811041,0.733042434239,0.969173579729
    ,1.),.UNSPECIFIED.);
#3575 = CARTESIAN_POINT('',(-1.7763568394E-15,6.));
#3576 = CARTESIAN_POINT('',(7.602579269139E-02,6.));
#3577 = CARTESIAN_POINT('',(0.152055337508,5.99774219183));
#3578 = CARTESIAN_POINT('',(0.228017697357,5.993226295814));
#3579 = CARTESIAN_POINT('',(0.303869037672,5.986524681074));
#3580 = CARTESIAN_POINT('',(0.455333839505,5.96900366856));
#3581 = CARTESIAN_POINT('',(0.53095296324,5.958178786381));
#3582 = CARTESIAN_POINT('',(0.606368806422,5.945426209812));
#3583 = CARTESIAN_POINT('',(0.681569335951,5.930930406332));
#3584 = CARTESIAN_POINT('',(0.837134065126,5.897678903288));
#3585 = CARTESIAN_POINT('',(0.91746746398,5.878684971426));
#3586 = CARTESIAN_POINT('',(0.997549039708,5.858184946797));
#3587 = CARTESIAN_POINT('',(1.077412707221,5.836471947388));
#3588 = CARTESIAN_POINT('',(1.230512447496,5.793001455221));
#3589 = CARTESIAN_POINT('',(1.303775939125,5.771382021133));
#3590 = CARTESIAN_POINT('',(1.376929450231,5.749220780666));
#3591 = CARTESIAN_POINT('',(1.450020408606,5.726755738464));
#3592 = CARTESIAN_POINT('',(1.53263744107,5.70128122952));
#3593 = CARTESIAN_POINT('',(1.542177249148,5.698338452698));
#3594 = CARTESIAN_POINT('',(1.551716927411,5.695395045255));
#3595 = CARTESIAN_POINT('',(1.561256583872,5.69245153212));
#3596 = CARTESIAN_POINT('',(1.570796326795,5.689508437714));
#3597 = ( GEOMETRIC_REPRESENTATION_CONTEXT(2) 
PARAMETRIC_REPRESENTATION_CONTEXT() REPRESENTATION_CONTEXT('2D SPACE',''
  ) );
#3598 = PCURVE('',#2912,#3599);
#3599 = DEFINITIONAL_REPRESENTATION('',(#3600),#3623);
#3600 = B_SPLINE_CURVE_WITH_KNOTS('',5,(#3601,#3602,#3603,#3604,#3605,
    #3606,#3607,#3608,#3609,#3610,#3611,#3612,#3613,#3614,#3615,#3616,
    #3617,#3618,#3619,#3620,#3621,#3622),.UNSPECIFIED.,.F.,.F.,(6,4,4,4,
    4,6),(0.,0.238220202075,0.476715811041,0.733042434239,0.969173579729
    ,1.),.UNSPECIFIED.);
#3601 = CARTESIAN_POINT('',(1.2115394735,3.14159265359));
#3602 = CARTESIAN_POINT('',(1.2115394735,3.217618446281));
#3603 = CARTESIAN_POINT('',(1.21148590776,3.293647991097));
#3604 = CARTESIAN_POINT('',(1.211378767763,3.369610350946));
#3605 = CARTESIAN_POINT('',(1.211219868917,3.445461691262));
#3606 = CARTESIAN_POINT('',(1.21080488724,3.596926493094));
#3607 = CARTESIAN_POINT('',(1.210548674669,3.672545616829));
#3608 = CARTESIAN_POINT('',(1.210247139296,3.747961460012));
#3609 = CARTESIAN_POINT('',(1.2099048679,3.823161989541));
#3610 = CARTESIAN_POINT('',(1.20912105565,3.978726718716));
#3611 = CARTESIAN_POINT('',(1.208673987776,4.059060117569));
#3612 = CARTESIAN_POINT('',(1.208192350642,4.139141693298));
#3613 = CARTESIAN_POINT('',(1.207683291428,4.219005360811));
#3614 = CARTESIAN_POINT('',(1.206666390358,4.372105101085));
#3615 = CARTESIAN_POINT('',(1.206161607248,4.445368592715));
#3616 = CARTESIAN_POINT('',(1.205645247857,4.518522103821));
#3617 = CARTESIAN_POINT('',(1.205122938713,4.591613062195));
#3618 = CARTESIAN_POINT('',(1.204531914623,4.67423009466));
#3619 = CARTESIAN_POINT('',(1.204463659273,4.683769902738));
#3620 = CARTESIAN_POINT('',(1.204395408172,4.693309581001));
#3621 = CARTESIAN_POINT('',(1.204327173491,4.702849237463));
#3622 = CARTESIAN_POINT('',(1.204258967364,4.712388980385));
#3623 = ( GEOMETRIC_REPRESENTATION_CONTEXT(2) 
PARAMETRIC_REPRESENTATION_CONTEXT() REPRESENTATION_CONTEXT('2D SPACE',''
  ) );
#3624 = ORIENTED_EDGE('',*,*,#3625,.F.);
#3625 = EDGE_CURVE('',#3038,#3546,#3626,.T.);
#3626 = SURFACE_CURVE('',#3627,(#3631,#3638),.PCURVE_S1.);
#3627 = LINE('',#3628,#3629);
#3628 = CARTESIAN_POINT('',(-9.,30.,7.5));
#3629 = VECTOR('',#3630,1.);
#3630 = DIRECTION('',(0.,-1.,0.));
#3631 = PCURVE('',#2940,#3632);
#3632 = DEFINITIONAL_REPRESENTATION('',(#3633),#3637);
#3633 = LINE('',#3634,#3635);
#3634 = CARTESIAN_POINT('',(0.,0.));
#3635 = VECTOR('',#3636,1.);
#3636 = DIRECTION('',(0.,1.));
#3637 = ( GEOMETRIC_REPRESENTATION_CONTEXT(2) 
PARAMETRIC_REPRESENTATION_CONTEXT() REPRESENTATION_CONTEXT('2D SPACE',''
  ) );
#3638 = PCURVE('',#3110,#3639);
#3639 = DEFINITIONAL_REPRESENTATION('',(#3640),#3644);
#3640 = LINE('',#3641,#3642);
#3641 = CARTESIAN_POINT('',(-9.,6.));
#3642 = VECTOR('',#3643,1.);
#3643 = DIRECTION('',(0.,-1.));
#3644 = ( GEOMETRIC_REPRESENTATION_CONTEXT(2) 
PARAMETRIC_REPRESENTATION_CONTEXT() REPRESENTATION_CONTEXT('2D SPACE',''
  ) );
#3645 = ADVANCED_FACE('',(#3646),#2912,.T.);
#3646 = FACE_BOUND('',#3647,.T.);
#3647 = EDGE_LOOP('',(#3648,#3649,#3671,#3672));
#3648 = ORIENTED_EDGE('',*,*,#3295,.F.);
#3649 = ORIENTED_EDGE('',*,*,#3650,.T.);
#3650 = EDGE_CURVE('',#3139,#3546,#3651,.T.);
#3651 = SURFACE_CURVE('',#3652,(#3657,#3664),.PCURVE_S1.);
#3652 = CIRCLE('',#3653,42.15);
#3653 = AXIS2_PLACEMENT_3D('',#3654,#3655,#3656);
#3654 = CARTESIAN_POINT('',(-9.,6.869504964868E-15,42.15));
#3655 = DIRECTION('',(1.,1.619075244245E-16,-1.232595164408E-32));
#3656 = DIRECTION('',(9.218933775061E-17,-0.569395017794,-0.82206405694)
  );
#3657 = PCURVE('',#2912,#3658);
#3658 = DEFINITIONAL_REPRESENTATION('',(#3659),#3663);
#3659 = LINE('',#3660,#3661);
#3660 = CARTESIAN_POINT('',(0.,3.14159265359));
#3661 = VECTOR('',#3662,1.);
#3662 = DIRECTION('',(1.,0.));
#3663 = ( GEOMETRIC_REPRESENTATION_CONTEXT(2) 
PARAMETRIC_REPRESENTATION_CONTEXT() REPRESENTATION_CONTEXT('2D SPACE',''
  ) );
#3664 = PCURVE('',#3154,#3665);
#3665 = DEFINITIONAL_REPRESENTATION('',(#3666),#3670);
#3666 = LINE('',#3667,#3668);
#3667 = CARTESIAN_POINT('',(1.2115394735,9.));
#3668 = VECTOR('',#3669,1.);
#3669 = DIRECTION('',(-1.,-0.));
#3670 = ( GEOMETRIC_REPRESENTATION_CONTEXT(2) 
PARAMETRIC_REPRESENTATION_CONTEXT() REPRESENTATION_CONTEXT('2D SPACE',''
  ) );
#3671 = ORIENTED_EDGE('',*,*,#3545,.T.);
#3672 = ORIENTED_EDGE('',*,*,#2891,.F.);
#3673 = ADVANCED_FACE('',(#3674),#3110,.T.);
#3674 = FACE_BOUND('',#3675,.T.);
#3675 = EDGE_LOOP('',(#3676,#3696,#3697,#3698));
#3676 = ORIENTED_EDGE('',*,*,#3677,.T.);
#3677 = EDGE_CURVE('',#3546,#3410,#3678,.T.);
#3678 = SURFACE_CURVE('',#3679,(#3683,#3690),.PCURVE_S1.);
#3679 = LINE('',#3680,#3681);
#3680 = CARTESIAN_POINT('',(-10.,24.,7.5));
#3681 = VECTOR('',#3682,1.);
#3682 = DIRECTION('',(1.,0.,0.));
#3683 = PCURVE('',#3110,#3684);
#3684 = DEFINITIONAL_REPRESENTATION('',(#3685),#3689);
#3685 = LINE('',#3686,#3687);
#3686 = CARTESIAN_POINT('',(-10.,0.));
#3687 = VECTOR('',#3688,1.);
#3688 = DIRECTION('',(1.,0.));
#3689 = ( GEOMETRIC_REPRESENTATION_CONTEXT(2) 
PARAMETRIC_REPRESENTATION_CONTEXT() REPRESENTATION_CONTEXT('2D SPACE',''
  ) );
#3690 = PCURVE('',#3154,#3691);
#3691 = DEFINITIONAL_REPRESENTATION('',(#3692),#3695);
#3692 = B_SPLINE_CURVE_WITH_KNOTS('',1,(#3693,#3694),.UNSPECIFIED.,.F.,
  .F.,(2,2),(0.,20.),.PIECEWISE_BEZIER_KNOTS.);
#3693 = CARTESIAN_POINT('',(0.,10.));
#3694 = CARTESIAN_POINT('',(0.,-10.));
#3695 = ( GEOMETRIC_REPRESENTATION_CONTEXT(2) 
PARAMETRIC_REPRESENTATION_CONTEXT() REPRESENTATION_CONTEXT('2D SPACE',''
  ) );
#3696 = ORIENTED_EDGE('',*,*,#3491,.T.);
#3697 = ORIENTED_EDGE('',*,*,#3096,.T.);
#3698 = ORIENTED_EDGE('',*,*,#3625,.T.);
#3699 = ADVANCED_FACE('',(#3700,#3706,#3922),#3154,.F.);
#3700 = FACE_BOUND('',#3701,.F.);
#3701 = EDGE_LOOP('',(#3702,#3703,#3704,#3705));
#3702 = ORIENTED_EDGE('',*,*,#3677,.T.);
#3703 = ORIENTED_EDGE('',*,*,#3516,.T.);
#3704 = ORIENTED_EDGE('',*,*,#3136,.T.);
#3705 = ORIENTED_EDGE('',*,*,#3650,.T.);
#3706 = FACE_BOUND('',#3707,.F.);
#3707 = EDGE_LOOP('',(#3708));
#3708 = ORIENTED_EDGE('',*,*,#3709,.T.);
#3709 = EDGE_CURVE('',#3710,#3710,#3712,.T.);
#3710 = VERTEX_POINT('',#3711);
#3711 = CARTESIAN_POINT('',(3.,15.,2.759360248912));
#3712 = SURFACE_CURVE('',#3713,(#3779,#3848),.PCURVE_S1.);
#3713 = B_SPLINE_CURVE_WITH_KNOTS('',8,(#3714,#3715,#3716,#3717,#3718,
    #3719,#3720,#3721,#3722,#3723,#3724,#3725,#3726,#3727,#3728,#3729,
    #3730,#3731,#3732,#3733,#3734,#3735,#3736,#3737,#3738,#3739,#3740,
    #3741,#3742,#3743,#3744,#3745,#3746,#3747,#3748,#3749,#3750,#3751,
    #3752,#3753,#3754,#3755,#3756,#3757,#3758,#3759,#3760,#3761,#3762,
    #3763,#3764,#3765,#3766,#3767,#3768,#3769,#3770,#3771,#3772,#3773,
    #3774,#3775,#3776,#3777,#3778),.UNSPECIFIED.,.T.,.F.,(9,7,7,7,7,7,7,
    7,7,9),(0.,8.071276031698E-02,0.18804018137,0.385597378028,
    0.495840009935,0.610008639745,0.751216098478,0.854699351091,
    0.928387921991,1.),.UNSPECIFIED.);
#3714 = CARTESIAN_POINT('',(3.,15.,2.759360248912));
#3715 = CARTESIAN_POINT('',(3.,15.213814427246,2.840781023719));
#3716 = CARTESIAN_POINT('',(2.982584282766,15.426003480864,2.92310145648
    ));
#3717 = CARTESIAN_POINT('',(2.948215605738,15.634681328309,
    3.005576168573));
#3718 = CARTESIAN_POINT('',(2.897647431309,15.838041188381,
    3.087413433687));
#3719 = CARTESIAN_POINT('',(2.831911269885,16.034402555936,3.16780109685
    ));
#3720 = CARTESIAN_POINT('',(2.752304222974,16.222255540252,
    3.245938162868));
#3721 = CARTESIAN_POINT('',(2.660376726319,16.40030231705,3.321072054178
    ));
#3722 = CARTESIAN_POINT('',(2.421679789076,16.789820316803,
    3.487577755011));
#3723 = CARTESIAN_POINT('',(2.266355505213,16.993715517946,
    3.576460013893));
#3724 = CARTESIAN_POINT('',(2.094784219249,17.178372060305,
    3.658358443439));
#3725 = CARTESIAN_POINT('',(1.90951009453,17.343262165908,3.732577273039
    ));
#3726 = CARTESIAN_POINT('',(1.712846655338,17.488063836068,
    3.798552444823));
#3727 = CARTESIAN_POINT('',(1.506924650049,17.612603943636,
    3.855847234755));
#3728 = CARTESIAN_POINT('',(1.29372600208,17.716820097522,3.904145882777
    ));
#3729 = CARTESIAN_POINT('',(0.672686839653,17.955214696327,
    4.015215263087));
#3730 = CARTESIAN_POINT('',(0.251312548857,18.04114783623,4.056120649603
    ));
#3731 = CARTESIAN_POINT('',(-0.178729207946,18.058816362463,
    4.064747744548));
#3732 = CARTESIAN_POINT('',(-0.608266772255,18.008184191488,
    4.040557908205));
#3733 = CARTESIAN_POINT('',(-1.028055311738,17.88910425177,3.9838039668)
  );
#3734 = CARTESIAN_POINT('',(-1.428197262373,17.701426133743,
    3.895590573076));
#3735 = CARTESIAN_POINT('',(-1.797453156876,17.445187530244,
    3.777958765736));
#3736 = CARTESIAN_POINT('',(-2.302047604588,16.940593082531,
    3.553654026468));
#3737 = CARTESIAN_POINT('',(-2.469797366049,16.737649940439,
    3.464601459478));
#3738 = CARTESIAN_POINT('',(-2.620422119562,16.513489138622,
    3.367767399386));
#3739 = CARTESIAN_POINT('',(-2.750082808051,16.269862402539,
    3.264460799759));
#3740 = CARTESIAN_POINT('',(-2.855301601014,16.009172997806,
    3.156254897655));
#3741 = CARTESIAN_POINT('',(-2.933009044542,15.734398343747,
    3.044865944236));
#3742 = CARTESIAN_POINT('',(-2.98058447737,15.449028005874,
    2.932045258559));
#3743 = CARTESIAN_POINT('',(-3.011737746902,14.854588211668,
    2.702962728782));
#3744 = CARTESIAN_POINT('',(-2.992727156319,14.549778329396,
    2.588548853816));
#3745 = CARTESIAN_POINT('',(-2.938309366905,14.248729408947,
    2.478684092066));
#3746 = CARTESIAN_POINT('',(-2.849639125616,13.957562941124,
    2.375431307724));
#3747 = CARTESIAN_POINT('',(-2.729462144029,13.682015193556,
    2.280356509491));
#3748 = CARTESIAN_POINT('',(-2.582027173385,13.427053573339,
    2.194516440344));
#3749 = CARTESIAN_POINT('',(-2.413009564754,13.196488971424,
    2.118498523652));
#3750 = CARTESIAN_POINT('',(-2.002382862065,12.740441816495,
    1.970727900798));
#3751 = CARTESIAN_POINT('',(-1.750230679889,12.525950279763,
    1.90323006354));
#3752 = CARTESIAN_POINT('',(-1.479522063164,12.348830074305,
    1.848780061872));
#3753 = CARTESIAN_POINT('',(-1.195369438259,12.208396611737,
    1.80634813669));
#3754 = CARTESIAN_POINT('',(-0.901976150281,12.103876275423,
    1.775126146809));
#3755 = CARTESIAN_POINT('',(-0.602904355965,12.034575402886,
    1.754544937076));
#3756 = CARTESIAN_POINT('',(-0.301264163622,12.,1.74427639554));
#3757 = CARTESIAN_POINT('',(0.220780090706,12.,1.74427639554));
#3758 = CARTESIAN_POINT('',(0.441606197796,12.018569414927,
    1.749791225823));
#3759 = CARTESIAN_POINT('',(0.661357414187,12.055720480792,
    1.760824778611));
#3760 = CARTESIAN_POINT('',(0.878884235574,12.111583865612,
    1.777467429486));
#3761 = CARTESIAN_POINT('',(1.09294633897,12.186386604321,1.799891021932
    ));
#3762 = CARTESIAN_POINT('',(1.30214845161,12.280427819548,1.828345792316
    ));
#3763 = CARTESIAN_POINT('',(1.504874310241,12.394052228237,1.86315923531
    ));
#3764 = CARTESIAN_POINT('',(1.837607877874,12.622733673558,
    1.934343627112));
#3765 = CARTESIAN_POINT('',(1.971938655232,12.728091331181,
    1.967421343118));
#3766 = CARTESIAN_POINT('',(2.101222221642,12.843681865701,
    2.004073212486));
#3767 = CARTESIAN_POINT('',(2.224459004933,12.969405247284,
    2.044391751493));
#3768 = CARTESIAN_POINT('',(2.340636882833,13.105073197235,
    2.088456595126));
#3769 = CARTESIAN_POINT('',(2.448728723471,13.250408490129,
    2.136330604855));
#3770 = CARTESIAN_POINT('',(2.547689265522,13.405044318373,
    2.188054327013));
#3771 = CARTESIAN_POINT('',(2.722712156724,13.727396383778,
    2.297656944592));
#3772 = CARTESIAN_POINT('',(2.799374967415,13.894683458794,
    2.355342573557));
#3773 = CARTESIAN_POINT('',(2.865045065112,14.069239877744,
    2.416459764682));
#3774 = CARTESIAN_POINT('',(2.918611344777,14.249724547082,
    2.480687780645));
#3775 = CARTESIAN_POINT('',(2.959254204273,14.434650516394,
    2.547619265635));
#3776 = CARTESIAN_POINT('',(2.986453992122,14.622432561403,
    2.616763313685));
#3777 = CARTESIAN_POINT('',(3.,14.811432179812,2.687553410518));
#3778 = CARTESIAN_POINT('',(3.,15.,2.759360248912));
#3779 = PCURVE('',#3154,#3780);
#3780 = DEFINITIONAL_REPRESENTATION('',(#3781),#3847);
#3781 = B_SPLINE_CURVE_WITH_KNOTS('',8,(#3782,#3783,#3784,#3785,#3786,
    #3787,#3788,#3789,#3790,#3791,#3792,#3793,#3794,#3795,#3796,#3797,
    #3798,#3799,#3800,#3801,#3802,#3803,#3804,#3805,#3806,#3807,#3808,
    #3809,#3810,#3811,#3812,#3813,#3814,#3815,#3816,#3817,#3818,#3819,
    #3820,#3821,#3822,#3823,#3824,#3825,#3826,#3827,#3828,#3829,#3830,
    #3831,#3832,#3833,#3834,#3835,#3836,#3837,#3838,#3839,#3840,#3841,
    #3842,#3843,#3844,#3845,#3846),.UNSPECIFIED.,.T.,.F.,(9,7,7,7,7,7,7,
    7,7,9),(0.,8.071276031698E-02,0.18804018137,0.385597378028,
    0.495840009935,0.610008639745,0.751216098478,0.854699351091,
    0.928387921991,1.),.UNSPECIFIED.);
#3782 = CARTESIAN_POINT('',(0.241922872253,-3.));
#3783 = CARTESIAN_POINT('',(0.236494820599,-3.));
#3784 = CARTESIAN_POINT('',(0.231095210043,-2.982584282766));
#3785 = CARTESIAN_POINT('',(0.225771903616,-2.948215605738));
#3786 = CARTESIAN_POINT('',(0.220571409227,-2.897647431309));
#3787 = CARTESIAN_POINT('',(0.215537668723,-2.831911269885));
#3788 = CARTESIAN_POINT('',(0.210710838138,-2.752304222974));
#3789 = CARTESIAN_POINT('',(0.206126059138,-2.660376726319));
#3790 = CARTESIAN_POINT('',(0.196075916141,-2.421679789076));
#3791 = CARTESIAN_POINT('',(0.190799041181,-2.266355505213));
#3792 = CARTESIAN_POINT('',(0.186006697752,-2.094784219249));
#3793 = CARTESIAN_POINT('',(0.181716800747,-1.90951009453));
#3794 = CARTESIAN_POINT('',(0.177941687301,-1.712846655338));
#3795 = CARTESIAN_POINT('',(0.174689338994,-1.506924650049));
#3796 = CARTESIAN_POINT('',(0.171964217944,-1.29372600208));
#3797 = CARTESIAN_POINT('',(0.165724624964,-0.672686839653));
#3798 = CARTESIAN_POINT('',(0.163466760421,-0.251312548857));
#3799 = CARTESIAN_POINT('',(0.163000255838,0.178729207947));
#3800 = CARTESIAN_POINT('',(0.164331550563,0.608266772254));
#3801 = CARTESIAN_POINT('',(0.167461219389,1.028055311738));
#3802 = CARTESIAN_POINT('',(0.172380978168,1.428197262373));
#3803 = CARTESIAN_POINT('',(0.179069680775,1.797453156876));
#3804 = CARTESIAN_POINT('',(0.192170582737,2.302047604588));
#3805 = CARTESIAN_POINT('',(0.197428456367,2.469797366049));
#3806 = CARTESIAN_POINT('',(0.203221464532,2.620422119562));
#3807 = CARTESIAN_POINT('',(0.20949932737,2.750082808051));
#3808 = CARTESIAN_POINT('',(0.216195329974,2.855301601014));
#3809 = CARTESIAN_POINT('',(0.223229154322,2.933009044542));
#3810 = CARTESIAN_POINT('',(0.23050913675,2.98058447737));
#3811 = CARTESIAN_POINT('',(0.24562310461,3.011737746902));
#3812 = CARTESIAN_POINT('',(0.253347028621,2.992727156319));
#3813 = CARTESIAN_POINT('',(0.260949568613,2.938309366905));
#3814 = CARTESIAN_POINT('',(0.268278351723,2.849639125616));
#3815 = CARTESIAN_POINT('',(0.275193444869,2.729462144029));
#3816 = CARTESIAN_POINT('',(0.281575775321,2.582027173385));
#3817 = CARTESIAN_POINT('',(0.287335438687,2.413009564754));
#3818 = CARTESIAN_POINT('',(0.29870887663,2.002382862065));
#3819 = CARTESIAN_POINT('',(0.304043471268,1.750230679889));
#3820 = CARTESIAN_POINT('',(0.308439571532,1.479522063164));
#3821 = CARTESIAN_POINT('',(0.311920052187,1.195369438259));
#3822 = CARTESIAN_POINT('',(0.314508043599,0.901976150281));
#3823 = CARTESIAN_POINT('',(0.316223166582,0.602904355965));
#3824 = CARTESIAN_POINT('',(0.317078872723,0.301264163622));
#3825 = CARTESIAN_POINT('',(0.317078872723,-0.220780090706));
#3826 = CARTESIAN_POINT('',(0.316619299048,-0.441606197796));
#3827 = CARTESIAN_POINT('',(0.315699847931,-0.661357414187));
#3828 = CARTESIAN_POINT('',(0.314316935898,-0.878884235574));
#3829 = CARTESIAN_POINT('',(0.312464239161,-1.09294633897));
#3830 = CARTESIAN_POINT('',(0.310133253287,-1.30214845161));
#3831 = CARTESIAN_POINT('',(0.307313873115,-1.504874310241));
#3832 = CARTESIAN_POINT('',(0.301631677802,-1.837607877874));
#3833 = CARTESIAN_POINT('',(0.299011801289,-1.971938655232));
#3834 = CARTESIAN_POINT('',(0.296134899503,-2.101222221642));
#3835 = CARTESIAN_POINT('',(0.293002548375,-2.224459004933));
#3836 = CARTESIAN_POINT('',(0.289618385442,-2.340636882833));
#3837 = CARTESIAN_POINT('',(0.285988143791,-2.448728723471));
#3838 = CARTESIAN_POINT('',(0.282119698153,-2.547689265522));
#3839 = CARTESIAN_POINT('',(0.274041986838,-2.722712156724));
#3840 = CARTESIAN_POINT('',(0.269843836832,-2.799374967415));
#3841 = CARTESIAN_POINT('',(0.265456100431,-2.865045065112));
#3842 = CARTESIAN_POINT('',(0.260911208755,-2.918611344777));
#3843 = CARTESIAN_POINT('',(0.256245492107,-2.959254204273));
#3844 = CARTESIAN_POINT('',(0.251498106991,-2.986453992121));
#3845 = CARTESIAN_POINT('',(0.246709994812,-3.));
#3846 = CARTESIAN_POINT('',(0.241922872253,-3.));
#3847 = ( GEOMETRIC_REPRESENTATION_CONTEXT(2) 
PARAMETRIC_REPRESENTATION_CONTEXT() REPRESENTATION_CONTEXT('2D SPACE',''
  ) );
#3848 = PCURVE('',#3849,#3854);
#3849 = CYLINDRICAL_SURFACE('',#3850,3.);
#3850 = AXIS2_PLACEMENT_3D('',#3851,#3852,#3853);
#3851 = CARTESIAN_POINT('',(0.,15.,-7.5));
#3852 = DIRECTION('',(-0.,-0.,-1.));
#3853 = DIRECTION('',(1.,0.,0.));
#3854 = DEFINITIONAL_REPRESENTATION('',(#3855),#3921);
#3855 = B_SPLINE_CURVE_WITH_KNOTS('',8,(#3856,#3857,#3858,#3859,#3860,
    #3861,#3862,#3863,#3864,#3865,#3866,#3867,#3868,#3869,#3870,#3871,
    #3872,#3873,#3874,#3875,#3876,#3877,#3878,#3879,#3880,#3881,#3882,
    #3883,#3884,#3885,#3886,#3887,#3888,#3889,#3890,#3891,#3892,#3893,
    #3894,#3895,#3896,#3897,#3898,#3899,#3900,#3901,#3902,#3903,#3904,
    #3905,#3906,#3907,#3908,#3909,#3910,#3911,#3912,#3913,#3914,#3915,
    #3916,#3917,#3918,#3919,#3920),.UNSPECIFIED.,.F.,.F.,(9,7,7,7,7,7,7,
    7,7,9),(0.,8.071276031698E-02,0.18804018137,0.385597378028,
    0.495840009935,0.610008639745,0.751216098478,0.854699351091,
    0.928387921991,1.),.UNSPECIFIED.);
#3856 = CARTESIAN_POINT('',(0.,-10.25936024891));
#3857 = CARTESIAN_POINT('',(-7.12714757487E-02,-10.34078102371));
#3858 = CARTESIAN_POINT('',(-0.142001103133,-10.42310145648));
#3859 = CARTESIAN_POINT('',(-0.212112200027,-10.50557616857));
#3860 = CARTESIAN_POINT('',(-0.281518518064,-10.58741343368));
#3861 = CARTESIAN_POINT('',(-0.350120994095,-10.66780109685));
#3862 = CARTESIAN_POINT('',(-0.417801802251,-10.74593816286));
#3863 = CARTESIAN_POINT('',(-0.484415706595,-10.82107205417));
#3864 = CARTESIAN_POINT('',(-0.636694872741,-10.98757775501));
#3865 = CARTESIAN_POINT('',(-0.721697233006,-11.07646001389));
#3866 = CARTESIAN_POINT('',(-0.805060493779,-11.15835844343));
#3867 = CARTESIAN_POINT('',(-0.887010398887,-11.23257727303));
#3868 = CARTESIAN_POINT('',(-0.967740251171,-11.29855244482));
#3869 = CARTESIAN_POINT('',(-1.047422943755,-11.35584723475));
#3870 = CARTESIAN_POINT('',(-1.126218508823,-11.40414588277));
#3871 = CARTESIAN_POINT('',(-1.347959505385,-11.51521526308));
#3872 = CARTESIAN_POINT('',(-1.489354105004,-11.5561206496));
#3873 = CARTESIAN_POINT('',(-1.629808239074,-11.56474774454));
#3874 = CARTESIAN_POINT('',(-1.770393060271,-11.5405579082));
#3875 = CARTESIAN_POINT('',(-1.912121212164,-11.4838039668));
#3876 = CARTESIAN_POINT('',(-2.056091029947,-11.39559057307));
#3877 = CARTESIAN_POINT('',(-2.203522034254,-11.27795876573));
#3878 = CARTESIAN_POINT('',(-2.441390138071,-11.05365402646));
#3879 = CARTESIAN_POINT('',(-2.528763264823,-10.96460145947));
#3880 = CARTESIAN_POINT('',(-2.618043455592,-10.86776739938));
#3881 = CARTESIAN_POINT('',(-2.709057195517,-10.76446079975));
#3882 = CARTESIAN_POINT('',(-2.8017032989,-10.65625489765));
#3883 = CARTESIAN_POINT('',(-2.895936077048,-10.54486594423));
#3884 = CARTESIAN_POINT('',(-2.991759146093,-10.43204525855));
#3885 = CARTESIAN_POINT('',(-3.190177669852,-10.20296272878));
#3886 = CARTESIAN_POINT('',(-3.291309964274,-10.08854885381));
#3887 = CARTESIAN_POINT('',(-3.39214061927,-9.978684092066));
#3888 = CARTESIAN_POINT('',(-3.492242033874,-9.875431307724));
#3889 = CARTESIAN_POINT('',(-3.59116177463,-9.780356509491));
#3890 = CARTESIAN_POINT('',(-3.688368621689,-9.694516440344));
#3891 = CARTESIAN_POINT('',(-3.783181384549,-9.618498523652));
#3892 = CARTESIAN_POINT('',(-3.987738710521,-9.470727900798));
#3893 = CARTESIAN_POINT('',(-4.097112751333,-9.40323006354));
#3894 = CARTESIAN_POINT('',(-4.203571184417,-9.348780061872));
#3895 = CARTESIAN_POINT('',(-4.307744383396,-9.30634813669));
#3896 = CARTESIAN_POINT('',(-4.41018639841,-9.275126146809));
#3897 = CARTESIAN_POINT('',(-4.511421116704,-9.254544937076));
#3898 = CARTESIAN_POINT('',(-4.611967592511,-9.24427639554));
#3899 = CARTESIAN_POINT('',(-4.785982343953,-9.24427639554));
#3900 = CARTESIAN_POINT('',(-4.85959136602,-9.249791225823));
#3901 = CARTESIAN_POINT('',(-4.93344835475,-9.260824778611));
#3902 = CARTESIAN_POINT('',(-5.007780785277,-9.277467429486));
#3903 = CARTESIAN_POINT('',(-5.082813837788,-9.299891021932));
#3904 = CARTESIAN_POINT('',(-5.158777941596,-9.328345792316));
#3905 = CARTESIAN_POINT('',(-5.235921325199,-9.36315923531));
#3906 = CARTESIAN_POINT('',(-5.370501673138,-9.434343627112));
#3907 = CARTESIAN_POINT('',(-5.42729529295,-9.467421343118));
#3908 = CARTESIAN_POINT('',(-5.484901499612,-9.504073212486));
#3909 = CARTESIAN_POINT('',(-5.543327136985,-9.544391751493));
#3910 = CARTESIAN_POINT('',(-5.602590329693,-9.588456595126));
#3911 = CARTESIAN_POINT('',(-5.662720244054,-9.636330604855));
#3912 = CARTESIAN_POINT('',(-5.723759105198,-9.688054327013));
#3913 = CARTESIAN_POINT('',(-5.846026510919,-9.797656944592));
#3914 = CARTESIAN_POINT('',(-5.907224803602,-9.855342573557));
#3915 = CARTESIAN_POINT('',(-5.9691378101,-9.916459764682));
#3916 = CARTESIAN_POINT('',(-6.031572580703,-9.980687780645));
#3917 = CARTESIAN_POINT('',(-6.094356962733,-10.04761926563));
#3918 = CARTESIAN_POINT('',(-6.157329549118,-10.11676331368));
#3919 = CARTESIAN_POINT('',(-6.220329367117,-10.18755341051));
#3920 = CARTESIAN_POINT('',(-6.28318530718,-10.25936024891));
#3921 = ( GEOMETRIC_REPRESENTATION_CONTEXT(2) 
PARAMETRIC_REPRESENTATION_CONTEXT() REPRESENTATION_CONTEXT('2D SPACE',''
  ) );
#3922 = FACE_BOUND('',#3923,.F.);
#3923 = EDGE_LOOP('',(#3924));
#3924 = ORIENTED_EDGE('',*,*,#3925,.T.);
#3925 = EDGE_CURVE('',#3926,#3926,#3928,.T.);
#3926 = VERTEX_POINT('',#3927);
#3927 = CARTESIAN_POINT('',(3.,-15.,2.759360248912));
#3928 = SURFACE_CURVE('',#3929,(#3988,#4050),.PCURVE_S1.);
#3929 = B_SPLINE_CURVE_WITH_KNOTS('',8,(#3930,#3931,#3932,#3933,#3934,
    #3935,#3936,#3937,#3938,#3939,#3940,#3941,#3942,#3943,#3944,#3945,
    #3946,#3947,#3948,#3949,#3950,#3951,#3952,#3953,#3954,#3955,#3956,
    #3957,#3958,#3959,#3960,#3961,#3962,#3963,#3964,#3965,#3966,#3967,
    #3968,#3969,#3970,#3971,#3972,#3973,#3974,#3975,#3976,#3977,#3978,
    #3979,#3980,#3981,#3982,#3983,#3984,#3985,#3986,#3987),
  .UNSPECIFIED.,.T.,.F.,(9,7,7,7,7,7,7,7,9),(0.,0.102799240787,
    0.175166820597,0.346655898328,0.458210816666,0.571845045949,
    0.74763057975,0.873504743364,1.),.UNSPECIFIED.);
#3930 = CARTESIAN_POINT('',(3.,-15.,2.759360248912));
#3931 = CARTESIAN_POINT('',(3.,-14.72699632675,2.655400142538));
#3932 = CARTESIAN_POINT('',(2.971607083682,-14.45418572738,
    2.553989582435));
#3933 = CARTESIAN_POINT('',(2.914892548811,-14.18601258807,
    2.456788371754));
#3934 = CARTESIAN_POINT('',(2.831007060713,-13.92682387599,
    2.365196365106));
#3935 = CARTESIAN_POINT('',(2.722116387645,-13.68066449733,
    2.280288511396));
#3936 = CARTESIAN_POINT('',(2.591348294444,-13.45105717461,2.20281154839
    ));
#3937 = CARTESIAN_POINT('',(2.442745286593,-13.24078012926,
    2.133205991027));
#3938 = CARTESIAN_POINT('',(2.167507462921,-12.91851804283,
    2.028260293668));
#3939 = CARTESIAN_POINT('',(2.046726975299,-12.79508405599,
    1.988622685504));
#3940 = CARTESIAN_POINT('',(1.919790983524,-12.68142380558,
    1.952581915667));
#3941 = CARTESIAN_POINT('',(1.787541790243,-12.57756188791,
    1.920015487888));
#3942 = CARTESIAN_POINT('',(1.65075824945,-12.48348403581,1.890804242756
    ));
#3943 = CARTESIAN_POINT('',(1.510164093807,-12.39914353068,
    1.864835083894));
#3944 = CARTESIAN_POINT('',(1.366435791017,-12.32446757527,
    1.842002912581));
#3945 = CARTESIAN_POINT('',(0.873699264582,-12.1050871394,1.775312804989
    ));
#3946 = CARTESIAN_POINT('',(0.512780488019,-12.00439050556,
    1.745438564005));
#3947 = CARTESIAN_POINT('',(0.144106445877,-11.9554584298,1.731138232524
    ));
#3948 = CARTESIAN_POINT('',(-0.227184280762,-11.95735767318,
    1.73172273038));
#3949 = CARTESIAN_POINT('',(-0.596306485546,-12.01002987353,
    1.747137388003));
#3950 = CARTESIAN_POINT('',(-0.958195872055,-12.11426127283,
    1.77793480466));
#3951 = CARTESIAN_POINT('',(-1.306828684665,-12.27157459232,
    1.825312583883));
#3952 = CARTESIAN_POINT('',(-1.846690551073,-12.62216498764,
    1.934028300379));
#3953 = CARTESIAN_POINT('',(-2.051998572898,-12.78473007939,
    1.985033069467));
#3954 = CARTESIAN_POINT('',(-2.245519477364,-12.97171135645,
    2.044571689483));
#3955 = CARTESIAN_POINT('',(-2.423077816332,-13.18234329349,
    2.112873883249));
#3956 = CARTESIAN_POINT('',(-2.580702695785,-13.41517692032,
    2.190022840759));
#3957 = CARTESIAN_POINT('',(-2.714658122036,-13.66815715609,
    2.275926709383));
#3958 = CARTESIAN_POINT('',(-2.82144538505,-13.93866761231,
    2.370261088201));
#3959 = CARTESIAN_POINT('',(-2.975532353144,-14.51372800603,
    2.576407441752));
#3960 = CARTESIAN_POINT('',(-3.020443115527,-14.81417971158,
    2.686850129046));
#3961 = CARTESIAN_POINT('',(-3.030351178623,-15.1190337169,
    2.801974319331));
#3962 = CARTESIAN_POINT('',(-3.004831547136,-15.42202786232,
    2.919624597645));
#3963 = CARTESIAN_POINT('',(-2.945145078498,-15.71694388851,
    3.037275649713));
#3964 = CARTESIAN_POINT('',(-2.854194798774,-15.99800736159,
    3.152207034493));
#3965 = CARTESIAN_POINT('',(-2.736484295779,-16.26027016559,
    3.261775752882));
#3966 = CARTESIAN_POINT('',(-2.383966966657,-16.87084809018,
    3.521520844583));
#3967 = CARTESIAN_POINT('',(-2.117607124753,-17.19248670658,
    3.663134430399));
#3968 = CARTESIAN_POINT('',(-1.811686946647,-17.46175745943,
    3.78511087796));
#3969 = CARTESIAN_POINT('',(-1.476316827773,-17.67738332928,
    3.884866873494));
#3970 = CARTESIAN_POINT('',(-1.120146908949,-17.83891495624,
    3.960638514118));
#3971 = CARTESIAN_POINT('',(-0.750798992889,-17.9463724169,
    4.011387831345));
#3972 = CARTESIAN_POINT('',(-0.37519565891,-18.,4.036714914613));
#3973 = CARTESIAN_POINT('',(0.268665109896,-18.,4.036714914613));
#3974 = CARTESIAN_POINT('',(0.537345031478,-17.97250274234,
    4.023728622186));
#3975 = CARTESIAN_POINT('',(0.803641641832,-17.9175014518,3.997752777107
    ));
#3976 = CARTESIAN_POINT('',(1.065104776139,-17.83495776423,3.95890529782
    ));
#3977 = CARTESIAN_POINT('',(1.31916226849,-17.72483235743,3.907439280034
    ));
#3978 = CARTESIAN_POINT('',(1.563035517623,-17.5871210329,3.843759755579
    ));
#3979 = CARTESIAN_POINT('',(1.793630208304,-17.42190629528,
    3.768439869639));
#3980 = CARTESIAN_POINT('',(2.22220818041,-17.0360129559,3.595601034752)
  );
#3981 = CARTESIAN_POINT('',(2.422293746476,-16.81302186883,
    3.497059448604));
#3982 = CARTESIAN_POINT('',(2.601307510623,-16.56158408989,
    3.387813025848));
#3983 = CARTESIAN_POINT('',(2.753424509871,-16.28415965616,
    3.269760732948));
#3984 = CARTESIAN_POINT('',(2.873440554106,-15.98433125308,
    3.145279867281));
#3985 = CARTESIAN_POINT('',(2.95686516631,-15.66664682692,3.016981737044
    ));
#3986 = CARTESIAN_POINT('',(3.,-15.33649637939,2.887498449326));
#3987 = CARTESIAN_POINT('',(3.,-15.,2.759360248912));
#3988 = PCURVE('',#3154,#3989);
#3989 = DEFINITIONAL_REPRESENTATION('',(#3990),#4049);
#3990 = B_SPLINE_CURVE_WITH_KNOTS('',8,(#3991,#3992,#3993,#3994,#3995,
    #3996,#3997,#3998,#3999,#4000,#4001,#4002,#4003,#4004,#4005,#4006,
    #4007,#4008,#4009,#4010,#4011,#4012,#4013,#4014,#4015,#4016,#4017,
    #4018,#4019,#4020,#4021,#4022,#4023,#4024,#4025,#4026,#4027,#4028,
    #4029,#4030,#4031,#4032,#4033,#4034,#4035,#4036,#4037,#4038,#4039,
    #4040,#4041,#4042,#4043,#4044,#4045,#4046,#4047,#4048),
  .UNSPECIFIED.,.T.,.F.,(9,7,7,7,7,7,7,7,9),(0.,0.102799240787,
    0.175166820597,0.346655898328,0.458210816666,0.571845045949,
    0.74763057975,0.873504743364,1.),.UNSPECIFIED.);
#3991 = CARTESIAN_POINT('',(0.969616601247,-3.));
#3992 = CARTESIAN_POINT('',(0.962685927489,-3.));
#3993 = CARTESIAN_POINT('',(0.955781059678,-2.971607083682));
#3994 = CARTESIAN_POINT('',(0.949014047284,-2.914892548811));
#3995 = CARTESIAN_POINT('',(0.942492587117,-2.831007060713));
#3996 = CARTESIAN_POINT('',(0.936315149114,-2.722116387645));
#3997 = CARTESIAN_POINT('',(0.930566161071,-2.591348294444));
#3998 = CARTESIAN_POINT('',(0.925311228904,-2.442745286593));
#3999 = CARTESIAN_POINT('',(0.917270433274,-2.167507462921));
#4000 = CARTESIAN_POINT('',(0.914194725872,-2.046726975299));
#4001 = CARTESIAN_POINT('',(0.911365869364,-1.919790983524));
#4002 = CARTESIAN_POINT('',(0.90878349784,-1.787541790243));
#4003 = CARTESIAN_POINT('',(0.90644641653,-1.65075824945));
#4004 = CARTESIAN_POINT('',(0.904352756866,-1.510164093807));
#4005 = CARTESIAN_POINT('',(0.902500126963,-1.366435791017));
#4006 = CARTESIAN_POINT('',(0.89706019471,-0.873699264582));
#4007 = CARTESIAN_POINT('',(0.894568323795,-0.512780488019));
#4008 = CARTESIAN_POINT('',(0.893358850747,-0.144106445877));
#4009 = CARTESIAN_POINT('',(0.893405978063,0.227184280761));
#4010 = CARTESIAN_POINT('',(0.894708053256,0.596306485546));
#4011 = CARTESIAN_POINT('',(0.897286594544,0.958195872055));
#4012 = CARTESIAN_POINT('',(0.901184279515,1.306828684665));
#4013 = CARTESIAN_POINT('',(0.909892691757,1.846690551073));
#4014 = CARTESIAN_POINT('',(0.913934865515,2.051998572898));
#4015 = CARTESIAN_POINT('',(0.918590354561,2.245519477364));
#4016 = CARTESIAN_POINT('',(0.923843559163,2.423077816332));
#4017 = CARTESIAN_POINT('',(0.929662558203,2.580702695785));
#4018 = CARTESIAN_POINT('',(0.936000722501,2.714658122036));
#4019 = CARTESIAN_POINT('',(0.942797312353,2.82144538505));
#4020 = CARTESIAN_POINT('',(0.957290632021,2.975532353144));
#4021 = CARTESIAN_POINT('',(0.964884870803,3.020443115527));
#4022 = CARTESIAN_POINT('',(0.972615499232,3.030351178623));
#4023 = CARTESIAN_POINT('',(0.980326205879,3.004831547136));
#4024 = CARTESIAN_POINT('',(0.987858655587,2.945145078498));
#4025 = CARTESIAN_POINT('',(0.995062441905,2.854194798774));
#4026 = CARTESIAN_POINT('',(1.001805613768,2.736484295779));
#4027 = CARTESIAN_POINT('',(1.017547740538,2.383966966657));
#4028 = CARTESIAN_POINT('',(1.025884782673,2.117607124754));
#4029 = CARTESIAN_POINT('',(1.032897516616,1.811686946647));
#4030 = CARTESIAN_POINT('',(1.038533961912,1.476316827774));
#4031 = CARTESIAN_POINT('',(1.042766927731,1.120146908948));
#4032 = CARTESIAN_POINT('',(1.045586349017,0.75079899289));
#4033 = CARTESIAN_POINT('',(1.04699340673,0.37519565891));
#4034 = CARTESIAN_POINT('',(1.04699340673,-0.268665109896));
#4035 = CARTESIAN_POINT('',(1.046271945519,-0.537345031478));
#4036 = CARTESIAN_POINT('',(1.044828845182,-0.803641641832));
#4037 = CARTESIAN_POINT('',(1.042664476201,-1.065104776139));
#4038 = CARTESIAN_POINT('',(1.039780560946,-1.31916226849));
#4039 = CARTESIAN_POINT('',(1.036181062966,-1.563035517623));
#4040 = CARTESIAN_POINT('',(1.031873360628,-1.793630208304));
#4041 = CARTESIAN_POINT('',(1.021841758307,-2.22220818041));
#4042 = CARTESIAN_POINT('',(1.016057871729,-2.422293746476));
#4043 = CARTESIAN_POINT('',(1.00955403881,-2.601307510622));
#4044 = CARTESIAN_POINT('',(1.002401519683,-2.753424509871));
#4045 = CARTESIAN_POINT('',(0.994700102535,-2.873440554106));
#4046 = CARTESIAN_POINT('',(0.986572352655,-2.95686516631));
#4047 = CARTESIAN_POINT('',(0.978159147941,-3.));
#4048 = CARTESIAN_POINT('',(0.969616601247,-3.));
#4049 = ( GEOMETRIC_REPRESENTATION_CONTEXT(2) 
PARAMETRIC_REPRESENTATION_CONTEXT() REPRESENTATION_CONTEXT('2D SPACE',''
  ) );
#4050 = PCURVE('',#4051,#4056);
#4051 = CYLINDRICAL_SURFACE('',#4052,3.);
#4052 = AXIS2_PLACEMENT_3D('',#4053,#4054,#4055);
#4053 = CARTESIAN_POINT('',(0.,-15.,-7.5));
#4054 = DIRECTION('',(-0.,-0.,-1.));
#4055 = DIRECTION('',(1.,0.,0.));
#4056 = DEFINITIONAL_REPRESENTATION('',(#4057),#4116);
#4057 = B_SPLINE_CURVE_WITH_KNOTS('',8,(#4058,#4059,#4060,#4061,#4062,
    #4063,#4064,#4065,#4066,#4067,#4068,#4069,#4070,#4071,#4072,#4073,
    #4074,#4075,#4076,#4077,#4078,#4079,#4080,#4081,#4082,#4083,#4084,
    #4085,#4086,#4087,#4088,#4089,#4090,#4091,#4092,#4093,#4094,#4095,
    #4096,#4097,#4098,#4099,#4100,#4101,#4102,#4103,#4104,#4105,#4106,
    #4107,#4108,#4109,#4110,#4111,#4112,#4113,#4114,#4115),
  .UNSPECIFIED.,.F.,.F.,(9,7,7,7,7,7,7,7,9),(0.,0.102799240787,
    0.175166820597,0.346655898328,0.458210816666,0.571845045949,
    0.74763057975,0.873504743364,1.),.UNSPECIFIED.);
#4058 = CARTESIAN_POINT('',(0.,-10.25936024891));
#4059 = CARTESIAN_POINT('',(-9.10012244144E-02,-10.15540014253));
#4060 = CARTESIAN_POINT('',(-0.181938040612,-10.05398958243));
#4061 = CARTESIAN_POINT('',(-0.272477643559,-9.956788371754));
#4062 = CARTESIAN_POINT('',(-0.362311691598,-9.865196365106));
#4063 = CARTESIAN_POINT('',(-0.451109434777,-9.780288511396));
#4064 = CARTESIAN_POINT('',(-0.538484692763,-9.70281154839));
#4065 = CARTESIAN_POINT('',(-0.623953388913,-9.633205991027));
#4066 = CARTESIAN_POINT('',(-0.765220949051,-9.528260293668));
#4067 = CARTESIAN_POINT('',(-0.82265451244,-9.488622685504));
#4068 = CARTESIAN_POINT('',(-0.879246095619,-9.452581915667));
#4069 = CARTESIAN_POINT('',(-0.935069861034,-9.420015487888));
#4070 = CARTESIAN_POINT('',(-0.990191431139,-9.390804242756));
#4071 = CARTESIAN_POINT('',(-1.044670627816,-9.364835083894));
#4072 = CARTESIAN_POINT('',(-1.098562595259,-9.342002912581));
#4073 = CARTESIAN_POINT('',(-1.278351687786,-9.275312804989));
#4074 = CARTESIAN_POINT('',(-1.401909310945,-9.245438564005));
#4075 = CARTESIAN_POINT('',(-1.523889513565,-9.231138232524));
#4076 = CARTESIAN_POINT('',(-1.645349474112,-9.23172273038));
#4077 = CARTESIAN_POINT('',(-1.76729241299,-9.247137388003));
#4078 = CARTESIAN_POINT('',(-1.890729396873,-9.27793480466));
#4079 = CARTESIAN_POINT('',(-2.016752237962,-9.325312583883));
#4080 = CARTESIAN_POINT('',(-2.231322728865,-9.434028300379));
#4081 = CARTESIAN_POINT('',(-2.31823129618,-9.485033069467));
#4082 = CARTESIAN_POINT('',(-2.407198281077,-9.544571689483));
#4083 = CARTESIAN_POINT('',(-2.498054687383,-9.612873883249));
#4084 = CARTESIAN_POINT('',(-2.590717232197,-9.690022840759));
#4085 = CARTESIAN_POINT('',(-2.685174233685,-9.775926709383));
#4086 = CARTESIAN_POINT('',(-2.781485078067,-9.870261088201));
#4087 = CARTESIAN_POINT('',(-2.979933854036,-10.07640744175));
#4088 = CARTESIAN_POINT('',(-3.080546368247,-10.18685012904));
#4089 = CARTESIAN_POINT('',(-3.181087227172,-10.30197431933));
#4090 = CARTESIAN_POINT('',(-3.281092952602,-10.41962459764));
#4091 = CARTESIAN_POINT('',(-3.380101034456,-10.53727564971));
#4092 = CARTESIAN_POINT('',(-3.477592099237,-10.65220703449));
#4093 = CARTESIAN_POINT('',(-3.572919372904,-10.76177575288));
#4094 = CARTESIAN_POINT('',(-3.807930925652,-11.02152084458));
#4095 = CARTESIAN_POINT('',(-3.945173540826,-11.16313443039));
#4096 = CARTESIAN_POINT('',(-4.078322054823,-11.28511087796));
#4097 = CARTESIAN_POINT('',(-4.208330053759,-11.38486687349));
#4098 = CARTESIAN_POINT('',(-4.336026986217,-11.46063851411));
#4099 = CARTESIAN_POINT('',(-4.462122394797,-11.51138783134));
#4100 = CARTESIAN_POINT('',(-4.587323760748,-11.53671491461));
#4101 = CARTESIAN_POINT('',(-4.801944017017,-11.53671491461));
#4102 = CARTESIAN_POINT('',(-4.891503929218,-11.52372862218));
#4103 = CARTESIAN_POINT('',(-4.981364146399,-11.4977527771));
#4104 = CARTESIAN_POINT('',(-5.071802180154,-11.45890529782));
#4105 = CARTESIAN_POINT('',(-5.163104225757,-11.40743928003));
#4106 = CARTESIAN_POINT('',(-5.255573853992,-11.34375975557));
#4107 = CARTESIAN_POINT('',(-5.349545726293,-11.26843986963));
#4108 = CARTESIAN_POINT('',(-5.541781908444,-11.09560103475));
#4109 = CARTESIAN_POINT('',(-5.641082734585,-10.9970594486));
#4110 = CARTESIAN_POINT('',(-5.742872130557,-10.88781302584));
#4111 = CARTESIAN_POINT('',(-5.846870858328,-10.76976073294));
#4112 = CARTESIAN_POINT('',(-5.952924751368,-10.64527986728));
#4113 = CARTESIAN_POINT('',(-6.060969650345,-10.51698173704));
#4114 = CARTESIAN_POINT('',(-6.171019847382,-10.38749844932));
#4115 = CARTESIAN_POINT('',(-6.28318530718,-10.25936024891));
#4116 = ( GEOMETRIC_REPRESENTATION_CONTEXT(2) 
PARAMETRIC_REPRESENTATION_CONTEXT() REPRESENTATION_CONTEXT('2D SPACE',''
  ) );
#4117 = ADVANCED_FACE('',(#4118),#3849,.T.);
#4118 = FACE_BOUND('',#4119,.F.);
#4119 = EDGE_LOOP('',(#4120,#4121,#4144,#4171));
#4120 = ORIENTED_EDGE('',*,*,#3709,.F.);
#4121 = ORIENTED_EDGE('',*,*,#4122,.T.);
#4122 = EDGE_CURVE('',#3710,#4123,#4125,.T.);
#4123 = VERTEX_POINT('',#4124);
#4124 = CARTESIAN_POINT('',(3.,15.,7.5));
#4125 = SEAM_CURVE('',#4126,(#4130,#4137),.PCURVE_S1.);
#4126 = LINE('',#4127,#4128);
#4127 = CARTESIAN_POINT('',(3.,15.,-7.5));
#4128 = VECTOR('',#4129,1.);
#4129 = DIRECTION('',(0.,0.,1.));
#4130 = PCURVE('',#3849,#4131);
#4131 = DEFINITIONAL_REPRESENTATION('',(#4132),#4136);
#4132 = LINE('',#4133,#4134);
#4133 = CARTESIAN_POINT('',(-6.28318530718,0.));
#4134 = VECTOR('',#4135,1.);
#4135 = DIRECTION('',(-0.,-1.));
#4136 = ( GEOMETRIC_REPRESENTATION_CONTEXT(2) 
PARAMETRIC_REPRESENTATION_CONTEXT() REPRESENTATION_CONTEXT('2D SPACE',''
  ) );
#4137 = PCURVE('',#3849,#4138);
#4138 = DEFINITIONAL_REPRESENTATION('',(#4139),#4143);
#4139 = LINE('',#4140,#4141);
#4140 = CARTESIAN_POINT('',(-0.,0.));
#4141 = VECTOR('',#4142,1.);
#4142 = DIRECTION('',(-0.,-1.));
#4143 = ( GEOMETRIC_REPRESENTATION_CONTEXT(2) 
PARAMETRIC_REPRESENTATION_CONTEXT() REPRESENTATION_CONTEXT('2D SPACE',''
  ) );
#4144 = ORIENTED_EDGE('',*,*,#4145,.T.);
#4145 = EDGE_CURVE('',#4123,#4123,#4146,.T.);
#4146 = SURFACE_CURVE('',#4147,(#4152,#4159),.PCURVE_S1.);
#4147 = CIRCLE('',#4148,3.);
#4148 = AXIS2_PLACEMENT_3D('',#4149,#4150,#4151);
#4149 = CARTESIAN_POINT('',(0.,15.,7.5));
#4150 = DIRECTION('',(0.,0.,1.));
#4151 = DIRECTION('',(1.,0.,0.));
#4152 = PCURVE('',#3849,#4153);
#4153 = DEFINITIONAL_REPRESENTATION('',(#4154),#4158);
#4154 = LINE('',#4155,#4156);
#4155 = CARTESIAN_POINT('',(-0.,-15.));
#4156 = VECTOR('',#4157,1.);
#4157 = DIRECTION('',(-1.,0.));
#4158 = ( GEOMETRIC_REPRESENTATION_CONTEXT(2) 
PARAMETRIC_REPRESENTATION_CONTEXT() REPRESENTATION_CONTEXT('2D SPACE',''
  ) );
#4159 = PCURVE('',#4160,#4165);
#4160 = PLANE('',#4161);
#4161 = AXIS2_PLACEMENT_3D('',#4162,#4163,#4164);
#4162 = CARTESIAN_POINT('',(-2.279066887566E-16,15.,7.5));
#4163 = DIRECTION('',(0.,0.,1.));
#4164 = DIRECTION('',(1.,0.,-0.));
#4165 = DEFINITIONAL_REPRESENTATION('',(#4166),#4170);
#4166 = CIRCLE('',#4167,3.);
#4167 = AXIS2_PLACEMENT_2D('',#4168,#4169);
#4168 = CARTESIAN_POINT('',(2.279066887566E-16,0.));
#4169 = DIRECTION('',(1.,0.));
#4170 = ( GEOMETRIC_REPRESENTATION_CONTEXT(2) 
PARAMETRIC_REPRESENTATION_CONTEXT() REPRESENTATION_CONTEXT('2D SPACE',''
  ) );
#4171 = ORIENTED_EDGE('',*,*,#4122,.F.);
#4172 = ADVANCED_FACE('',(#4173),#4051,.T.);
#4173 = FACE_BOUND('',#4174,.F.);
#4174 = EDGE_LOOP('',(#4175,#4176,#4199,#4226));
#4175 = ORIENTED_EDGE('',*,*,#3925,.F.);
#4176 = ORIENTED_EDGE('',*,*,#4177,.T.);
#4177 = EDGE_CURVE('',#3926,#4178,#4180,.T.);
#4178 = VERTEX_POINT('',#4179);
#4179 = CARTESIAN_POINT('',(3.,-15.,7.5));
#4180 = SEAM_CURVE('',#4181,(#4185,#4192),.PCURVE_S1.);
#4181 = LINE('',#4182,#4183);
#4182 = CARTESIAN_POINT('',(3.,-15.,-7.5));
#4183 = VECTOR('',#4184,1.);
#4184 = DIRECTION('',(0.,0.,1.));
#4185 = PCURVE('',#4051,#4186);
#4186 = DEFINITIONAL_REPRESENTATION('',(#4187),#4191);
#4187 = LINE('',#4188,#4189);
#4188 = CARTESIAN_POINT('',(-6.28318530718,0.));
#4189 = VECTOR('',#4190,1.);
#4190 = DIRECTION('',(-0.,-1.));
#4191 = ( GEOMETRIC_REPRESENTATION_CONTEXT(2) 
PARAMETRIC_REPRESENTATION_CONTEXT() REPRESENTATION_CONTEXT('2D SPACE',''
  ) );
#4192 = PCURVE('',#4051,#4193);
#4193 = DEFINITIONAL_REPRESENTATION('',(#4194),#4198);
#4194 = LINE('',#4195,#4196);
#4195 = CARTESIAN_POINT('',(-0.,0.));
#4196 = VECTOR('',#4197,1.);
#4197 = DIRECTION('',(-0.,-1.));
#4198 = ( GEOMETRIC_REPRESENTATION_CONTEXT(2) 
PARAMETRIC_REPRESENTATION_CONTEXT() REPRESENTATION_CONTEXT('2D SPACE',''
  ) );
#4199 = ORIENTED_EDGE('',*,*,#4200,.T.);
#4200 = EDGE_CURVE('',#4178,#4178,#4201,.T.);
#4201 = SURFACE_CURVE('',#4202,(#4207,#4214),.PCURVE_S1.);
#4202 = CIRCLE('',#4203,3.);
#4203 = AXIS2_PLACEMENT_3D('',#4204,#4205,#4206);
#4204 = CARTESIAN_POINT('',(0.,-15.,7.5));
#4205 = DIRECTION('',(0.,0.,1.));
#4206 = DIRECTION('',(1.,0.,0.));
#4207 = PCURVE('',#4051,#4208);
#4208 = DEFINITIONAL_REPRESENTATION('',(#4209),#4213);
#4209 = LINE('',#4210,#4211);
#4210 = CARTESIAN_POINT('',(-0.,-15.));
#4211 = VECTOR('',#4212,1.);
#4212 = DIRECTION('',(-1.,0.));
#4213 = ( GEOMETRIC_REPRESENTATION_CONTEXT(2) 
PARAMETRIC_REPRESENTATION_CONTEXT() REPRESENTATION_CONTEXT('2D SPACE',''
  ) );
#4214 = PCURVE('',#4215,#4220);
#4215 = PLANE('',#4216);
#4216 = AXIS2_PLACEMENT_3D('',#4217,#4218,#4219);
#4217 = CARTESIAN_POINT('',(-2.279066887566E-16,-15.,7.5));
#4218 = DIRECTION('',(0.,0.,1.));
#4219 = DIRECTION('',(1.,0.,-0.));
#4220 = DEFINITIONAL_REPRESENTATION('',(#4221),#4225);
#4221 = CIRCLE('',#4222,3.);
#4222 = AXIS2_PLACEMENT_2D('',#4223,#4224);
#4223 = CARTESIAN_POINT('',(2.279066887566E-16,0.));
#4224 = DIRECTION('',(1.,0.));
#4225 = ( GEOMETRIC_REPRESENTATION_CONTEXT(2) 
PARAMETRIC_REPRESENTATION_CONTEXT() REPRESENTATION_CONTEXT('2D SPACE',''
  ) );
#4226 = ORIENTED_EDGE('',*,*,#4177,.F.);
#4227 = ADVANCED_FACE('',(#4228,#4231),#4160,.T.);
#4228 = FACE_BOUND('',#4229,.T.);
#4229 = EDGE_LOOP('',(#4230));
#4230 = ORIENTED_EDGE('',*,*,#4145,.T.);
#4231 = FACE_BOUND('',#4232,.T.);
#4232 = EDGE_LOOP('',(#4233));
#4233 = ORIENTED_EDGE('',*,*,#4234,.F.);
#4234 = EDGE_CURVE('',#4235,#4235,#4237,.T.);
#4235 = VERTEX_POINT('',#4236);
#4236 = CARTESIAN_POINT('',(1.5,15.,7.5));
#4237 = SURFACE_CURVE('',#4238,(#4243,#4250),.PCURVE_S1.);
#4238 = CIRCLE('',#4239,1.5);
#4239 = AXIS2_PLACEMENT_3D('',#4240,#4241,#4242);
#4240 = CARTESIAN_POINT('',(0.,15.,7.5));
#4241 = DIRECTION('',(0.,0.,1.));
#4242 = DIRECTION('',(1.,0.,0.));
#4243 = PCURVE('',#4160,#4244);
#4244 = DEFINITIONAL_REPRESENTATION('',(#4245),#4249);
#4245 = CIRCLE('',#4246,1.5);
#4246 = AXIS2_PLACEMENT_2D('',#4247,#4248);
#4247 = CARTESIAN_POINT('',(2.279066887566E-16,0.));
#4248 = DIRECTION('',(1.,0.));
#4249 = ( GEOMETRIC_REPRESENTATION_CONTEXT(2) 
PARAMETRIC_REPRESENTATION_CONTEXT() REPRESENTATION_CONTEXT('2D SPACE',''
  ) );
#4250 = PCURVE('',#4251,#4256);
#4251 = CYLINDRICAL_SURFACE('',#4252,1.5);
#4252 = AXIS2_PLACEMENT_3D('',#4253,#4254,#4255);
#4253 = CARTESIAN_POINT('',(0.,15.,-7.5));
#4254 = DIRECTION('',(-0.,-0.,-1.));
#4255 = DIRECTION('',(1.,0.,0.));
#4256 = DEFINITIONAL_REPRESENTATION('',(#4257),#4261);
#4257 = LINE('',#4258,#4259);
#4258 = CARTESIAN_POINT('',(-0.,-15.));
#4259 = VECTOR('',#4260,1.);
#4260 = DIRECTION('',(-1.,0.));
#4261 = ( GEOMETRIC_REPRESENTATION_CONTEXT(2) 
PARAMETRIC_REPRESENTATION_CONTEXT() REPRESENTATION_CONTEXT('2D SPACE',''
  ) );
#4262 = ADVANCED_FACE('',(#4263,#4266),#4215,.T.);
#4263 = FACE_BOUND('',#4264,.T.);
#4264 = EDGE_LOOP('',(#4265));
#4265 = ORIENTED_EDGE('',*,*,#4200,.T.);
#4266 = FACE_BOUND('',#4267,.T.);
#4267 = EDGE_LOOP('',(#4268));
#4268 = ORIENTED_EDGE('',*,*,#4269,.F.);
#4269 = EDGE_CURVE('',#4270,#4270,#4272,.T.);
#4270 = VERTEX_POINT('',#4271);
#4271 = CARTESIAN_POINT('',(1.5,-15.,7.5));
#4272 = SURFACE_CURVE('',#4273,(#4278,#4285),.PCURVE_S1.);
#4273 = CIRCLE('',#4274,1.5);
#4274 = AXIS2_PLACEMENT_3D('',#4275,#4276,#4277);
#4275 = CARTESIAN_POINT('',(0.,-15.,7.5));
#4276 = DIRECTION('',(0.,0.,1.));
#4277 = DIRECTION('',(1.,0.,0.));
#4278 = PCURVE('',#4215,#4279);
#4279 = DEFINITIONAL_REPRESENTATION('',(#4280),#4284);
#4280 = CIRCLE('',#4281,1.5);
#4281 = AXIS2_PLACEMENT_2D('',#4282,#4283);
#4282 = CARTESIAN_POINT('',(2.279066887566E-16,0.));
#4283 = DIRECTION('',(1.,0.));
#4284 = ( GEOMETRIC_REPRESENTATION_CONTEXT(2) 
PARAMETRIC_REPRESENTATION_CONTEXT() REPRESENTATION_CONTEXT('2D SPACE',''
  ) );
#4285 = PCURVE('',#4286,#4291);
#4286 = CYLINDRICAL_SURFACE('',#4287,1.5);
#4287 = AXIS2_PLACEMENT_3D('',#4288,#4289,#4290);
#4288 = CARTESIAN_POINT('',(0.,-15.,-7.5));
#4289 = DIRECTION('',(-0.,-0.,-1.));
#4290 = DIRECTION('',(1.,0.,0.));
#4291 = DEFINITIONAL_REPRESENTATION('',(#4292),#4296);
#4292 = LINE('',#4293,#4294);
#4293 = CARTESIAN_POINT('',(-0.,-15.));
#4294 = VECTOR('',#4295,1.);
#4295 = DIRECTION('',(-1.,0.));
#4296 = ( GEOMETRIC_REPRESENTATION_CONTEXT(2) 
PARAMETRIC_REPRESENTATION_CONTEXT() REPRESENTATION_CONTEXT('2D SPACE',''
  ) );
#4297 = ADVANCED_FACE('',(#4298),#4251,.F.);
#4298 = FACE_BOUND('',#4299,.T.);
#4299 = EDGE_LOOP('',(#4300,#4472,#4493,#4494));
#4300 = ORIENTED_EDGE('',*,*,#4301,.F.);
#4301 = EDGE_CURVE('',#4302,#4302,#4304,.T.);
#4302 = VERTEX_POINT('',#4303);
#4303 = CARTESIAN_POINT('',(1.5,15.,2.759360248912));
#4304 = SURFACE_CURVE('',#4305,(#4357,#4412),.PCURVE_S1.);
#4305 = B_SPLINE_CURVE_WITH_KNOTS('',8,(#4306,#4307,#4308,#4309,#4310,
    #4311,#4312,#4313,#4314,#4315,#4316,#4317,#4318,#4319,#4320,#4321,
    #4322,#4323,#4324,#4325,#4326,#4327,#4328,#4329,#4330,#4331,#4332,
    #4333,#4334,#4335,#4336,#4337,#4338,#4339,#4340,#4341,#4342,#4343,
    #4344,#4345,#4346,#4347,#4348,#4349,#4350,#4351,#4352,#4353,#4354,
    #4355,#4356),.UNSPECIFIED.,.T.,.F.,(9,7,7,7,7,7,7,9),(0.,
    0.136644030474,0.247253096554,0.382922925401,0.503642787166,
    0.745069151169,0.890187656755,1.),.UNSPECIFIED.);
#4306 = CARTESIAN_POINT('',(1.5,15.,2.759360248912));
#4307 = CARTESIAN_POINT('',(1.5,15.181006511084,2.828287732279));
#4308 = CARTESIAN_POINT('',(1.475037528229,15.359331592937,
    2.897282572968));
#4309 = CARTESIAN_POINT('',(1.426406331201,15.531019688977,
    2.964789490401));
#4310 = CARTESIAN_POINT('',(1.3561038811,15.69249214653,3.029264730564)
  );
#4311 = CARTESIAN_POINT('',(1.266775254114,15.84067437124,3.0892472483)
  );
#4312 = CARTESIAN_POINT('',(1.161648193503,15.97312601541,3.143472183635
    ));
#4313 = CARTESIAN_POINT('',(1.04445796104,16.088197043576,3.191002833045
    ));
#4314 = CARTESIAN_POINT('',(0.818098166124,16.263779698618,
    3.264023008008));
#4315 = CARTESIAN_POINT('',(0.710723227929,16.331232094666,
    3.292287201421));
#4316 = CARTESIAN_POINT('',(0.598455863551,16.387493459741,
    3.316005430663));
#4317 = CARTESIAN_POINT('',(0.482401867306,16.432512047548,
    3.335070469688));
#4318 = CARTESIAN_POINT('',(0.363581824678,16.466267628384,
    3.349408872146));
#4319 = CARTESIAN_POINT('',(0.242957916633,16.488760143799,3.35897733452
    ));
#4320 = CARTESIAN_POINT('',(0.121458433724,16.5,3.36375888282));
#4321 = CARTESIAN_POINT('',(-0.148977344256,16.5,3.36375888282));
#4322 = CARTESIAN_POINT('',(-0.298094420149,16.483090251688,
    3.356565337221));
#4323 = CARTESIAN_POINT('',(-0.44563407888,16.449214319132,
    3.342154197828));
#4324 = CARTESIAN_POINT('',(-0.589831937814,16.398342926666,
    3.320561872088));
#4325 = CARTESIAN_POINT('',(-0.728831072833,16.330498923171,
    3.29189625255));
#4326 = CARTESIAN_POINT('',(-0.860631768585,16.245784039178,
    3.256347809166));
#4327 = CARTESIAN_POINT('',(-0.983019327831,16.144420512595,
    3.214202160041));
#4328 = CARTESIAN_POINT('',(-1.191717460556,15.922179573965,
    3.12283640826));
#4329 = CARTESIAN_POINT('',(-1.281306441542,15.803842419913,
    3.074562474896));
#4330 = CARTESIAN_POINT('',(-1.359086659381,15.672885304959,
    3.021643831467));
#4331 = CARTESIAN_POINT('',(-1.422399206351,15.531062489911,
    2.964984514471));
#4332 = CARTESIAN_POINT('',(-1.469108179438,15.38065875105,
    2.905673184829));
#4333 = CARTESIAN_POINT('',(-1.497646437869,15.224346997068,
    2.844889367124));
#4334 = CARTESIAN_POINT('',(-1.50705843044,15.065051140083,
    2.783825244862));
#4335 = CARTESIAN_POINT('',(-1.477004525733,14.58735800399,
    2.603225207906));
#4336 = CARTESIAN_POINT('',(-1.380571438795,14.290020407422,
    2.494171625798));
#4337 = CARTESIAN_POINT('',(-1.222603573412,14.029612897688,
    2.401618649684));
#4338 = CARTESIAN_POINT('',(-1.016952779606,13.815725702909,
    2.327536281176));
#4339 = CARTESIAN_POINT('',(-0.777792283429,13.654816719883,
    2.272748938857));
#4340 = CARTESIAN_POINT('',(-0.519211490306,13.549724271151,
    2.237217149326));
#4341 = CARTESIAN_POINT('',(-0.255468668506,13.5,2.220405712054));
#4342 = CARTESIAN_POINT('',(0.153559167206,13.5,2.220405712054));
#4343 = CARTESIAN_POINT('',(0.307389750611,13.517965732297,
    2.226479850455));
#4344 = CARTESIAN_POINT('',(0.459686431102,13.554010109848,
    2.238666226907));
#4345 = CARTESIAN_POINT('',(0.608560478787,13.608262317153,
    2.257059159876));
#4346 = CARTESIAN_POINT('',(0.751976184938,13.680827233506,
    2.281796290782));
#4347 = CARTESIAN_POINT('',(0.887680674525,13.77174243525,2.313047702577
    ));
#4348 = CARTESIAN_POINT('',(1.013099023427,13.880916483279,
    2.350994707825));
#4349 = CARTESIAN_POINT('',(1.209969046586,14.104221691296,
    2.429679864114));
#4350 = CARTESIAN_POINT('',(1.287519306056,14.211130120077,
    2.467650042122));
#4351 = CARTESIAN_POINT('',(1.355524983903,14.327836000921,
    2.509488180577));
#4352 = CARTESIAN_POINT('',(1.412071015826,14.452962474295,
    2.554832069428));
#4353 = CARTESIAN_POINT('',(1.45564544574,14.584783907159,2.603176340867
    ));
#4354 = CARTESIAN_POINT('',(1.48516493396,14.721326470122,2.653887648077
    ));
#4355 = CARTESIAN_POINT('',(1.5,14.860462693178,2.706224285253));
#4356 = CARTESIAN_POINT('',(1.5,15.,2.759360248912));
#4357 = PCURVE('',#4251,#4358);
#4358 = DEFINITIONAL_REPRESENTATION('',(#4359),#4411);
#4359 = B_SPLINE_CURVE_WITH_KNOTS('',8,(#4360,#4361,#4362,#4363,#4364,
    #4365,#4366,#4367,#4368,#4369,#4370,#4371,#4372,#4373,#4374,#4375,
    #4376,#4377,#4378,#4379,#4380,#4381,#4382,#4383,#4384,#4385,#4386,
    #4387,#4388,#4389,#4390,#4391,#4392,#4393,#4394,#4395,#4396,#4397,
    #4398,#4399,#4400,#4401,#4402,#4403,#4404,#4405,#4406,#4407,#4408,
    #4409,#4410),.UNSPECIFIED.,.F.,.F.,(9,7,7,7,7,7,7,9),(0.,
    0.136644030474,0.247253096554,0.382922925401,0.503642787166,
    0.745069151169,0.890187656755,1.),.UNSPECIFIED.);
#4360 = CARTESIAN_POINT('',(0.,-10.25936024891));
#4361 = CARTESIAN_POINT('',(-0.120671007389,-10.32828773227));
#4362 = CARTESIAN_POINT('',(-0.239554456429,-10.39728257296));
#4363 = CARTESIAN_POINT('',(-0.356690455883,-10.4647894904));
#4364 = CARTESIAN_POINT('',(-0.472038938524,-10.52926473056));
#4365 = CARTESIAN_POINT('',(-0.585474285055,-10.5892472483));
#4366 = CARTESIAN_POINT('',(-0.696764377327,-10.64347218363));
#4367 = CARTESIAN_POINT('',(-0.805515169968,-10.69100283304));
#4368 = CARTESIAN_POINT('',(-0.99649861952,-10.764023008));
#4369 = CARTESIAN_POINT('',(-1.08062221187,-10.79228720142));
#4370 = CARTESIAN_POINT('',(-1.163699343963,-10.81600543066));
#4371 = CARTESIAN_POINT('',(-1.245956944039,-10.83507046968));
#4372 = CARTESIAN_POINT('',(-1.32759993202,-10.84940887214));
#4373 = CARTESIAN_POINT('',(-1.40882408932,-10.85897733452));
#4374 = CARTESIAN_POINT('',(-1.489824037646,-10.86375888282));
#4375 = CARTESIAN_POINT('',(-1.670114556299,-10.86375888282));
#4376 = CARTESIAN_POINT('',(-1.769525814584,-10.85656533722));
#4377 = CARTESIAN_POINT('',(-1.869378895937,-10.84215419782));
#4378 = CARTESIAN_POINT('',(-1.970000586211,-10.82056187208));
#4379 = CARTESIAN_POINT('',(-2.071733391596,-10.79189625255));
#4380 = CARTESIAN_POINT('',(-2.174947310347,-10.75634780916));
#4381 = CARTESIAN_POINT('',(-2.280061340515,-10.71420216004));
#4382 = CARTESIAN_POINT('',(-2.483308257021,-10.62283640826));
#4383 = CARTESIAN_POINT('',(-2.581702116404,-10.57456247489));
#4384 = CARTESIAN_POINT('',(-2.682178107908,-10.52164383146));
#4385 = CARTESIAN_POINT('',(-2.784316244091,-10.46498451447));
#4386 = CARTESIAN_POINT('',(-2.887820100534,-10.40567318482));
#4387 = CARTESIAN_POINT('',(-2.992463850074,-10.34488936712));
#4388 = CARTESIAN_POINT('',(-3.098056667778,-10.28382524486));
#4389 = CARTESIAN_POINT('',(-3.417148413176,-10.1032252079));
#4390 = CARTESIAN_POINT('',(-3.619021560852,-9.994171625798));
#4391 = CARTESIAN_POINT('',(-3.813547736235,-9.901618649684));
#4392 = CARTESIAN_POINT('',(-4.002252015898,-9.827536281177));
#4393 = CARTESIAN_POINT('',(-4.186337577616,-9.772748938857));
#4394 = CARTESIAN_POINT('',(-4.366246878543,-9.737217149326));
#4395 = CARTESIAN_POINT('',(-4.542076534714,-9.720405712054));
#4396 = CARTESIAN_POINT('',(-4.814761758522,-9.720405712054));
#4397 = CARTESIAN_POINT('',(-4.917315236414,-9.726479850455));
#4398 = CARTESIAN_POINT('',(-5.020482113956,-9.738666226907));
#4399 = CARTESIAN_POINT('',(-5.124659303876,-9.757059159876));
#4400 = CARTESIAN_POINT('',(-5.230265695325,-9.781796290782));
#4401 = CARTESIAN_POINT('',(-5.337754905036,-9.813047702577));
#4402 = CARTESIAN_POINT('',(-5.447643977659,-9.850994707825));
#4403 = CARTESIAN_POINT('',(-5.646108104779,-9.929679864114));
#4404 = CARTESIAN_POINT('',(-5.733759632229,-9.967650042122));
#4405 = CARTESIAN_POINT('',(-5.823056549311,-10.00948818057));
#4406 = CARTESIAN_POINT('',(-5.913616785841,-10.05483206942));
#4407 = CARTESIAN_POINT('',(-6.005146985831,-10.10317634086));
#4408 = CARTESIAN_POINT('',(-6.097403474234,-10.15388764807));
#4409 = CARTESIAN_POINT('',(-6.190160435965,-10.20622428525));
#4410 = CARTESIAN_POINT('',(-6.28318530718,-10.25936024891));
#4411 = ( GEOMETRIC_REPRESENTATION_CONTEXT(2) 
PARAMETRIC_REPRESENTATION_CONTEXT() REPRESENTATION_CONTEXT('2D SPACE',''
  ) );
#4412 = PCURVE('',#4413,#4418);
#4413 = CYLINDRICAL_SURFACE('',#4414,42.15);
#4414 = AXIS2_PLACEMENT_3D('',#4415,#4416,#4417);
#4415 = CARTESIAN_POINT('',(0.,8.326672684689E-15,42.15));
#4416 = DIRECTION('',(-1.,2.577999609657E-17,1.78562743526E-17));
#4417 = DIRECTION('',(-5.854827030937E-32,0.569395017794,-0.82206405694)
  );
#4418 = DEFINITIONAL_REPRESENTATION('',(#4419),#4471);
#4419 = B_SPLINE_CURVE_WITH_KNOTS('',8,(#4420,#4421,#4422,#4423,#4424,
    #4425,#4426,#4427,#4428,#4429,#4430,#4431,#4432,#4433,#4434,#4435,
    #4436,#4437,#4438,#4439,#4440,#4441,#4442,#4443,#4444,#4445,#4446,
    #4447,#4448,#4449,#4450,#4451,#4452,#4453,#4454,#4455,#4456,#4457,
    #4458,#4459,#4460,#4461,#4462,#4463,#4464,#4465,#4466,#4467,#4468,
    #4469,#4470),.UNSPECIFIED.,.T.,.F.,(9,7,7,7,7,7,7,9),(0.,
    0.136644030474,0.247253096554,0.382922925401,0.503642787166,
    0.745069151169,0.890187656755,1.),.UNSPECIFIED.);
#4420 = CARTESIAN_POINT('',(0.241922872253,-1.5));
#4421 = CARTESIAN_POINT('',(0.237327706695,-1.5));
#4422 = CARTESIAN_POINT('',(0.23279142383,-1.475037528229));
#4423 = CARTESIAN_POINT('',(0.228414710094,-1.426406331201));
#4424 = CARTESIAN_POINT('',(0.224289806782,-1.3561038811));
#4425 = CARTESIAN_POINT('',(0.220497177915,-1.266775254114));
#4426 = CARTESIAN_POINT('',(0.217101675891,-1.161648193503));
#4427 = CARTESIAN_POINT('',(0.214147923834,-1.04445796104));
#4428 = CARTESIAN_POINT('',(0.209636393037,-0.818098166124));
#4429 = CARTESIAN_POINT('',(0.207901292754,-0.710723227929));
#4430 = CARTESIAN_POINT('',(0.206452744518,-0.598455863551));
#4431 = CARTESIAN_POINT('',(0.205292861168,-0.482401867306));
#4432 = CARTESIAN_POINT('',(0.20442276315,-0.363581824678));
#4433 = CARTESIAN_POINT('',(0.203842853898,-0.242957916633));
#4434 = CARTESIAN_POINT('',(0.203553063978,-0.121458433724));
#4435 = CARTESIAN_POINT('',(0.203553063978,0.148977344256));
#4436 = CARTESIAN_POINT('',(0.203989036802,0.298094420149));
#4437 = CARTESIAN_POINT('',(0.204862437699,0.44563407888));
#4438 = CARTESIAN_POINT('',(0.206173568122,0.589831937814));
#4439 = CARTESIAN_POINT('',(0.207920926578,0.728831072833));
#4440 = CARTESIAN_POINT('',(0.210100534433,0.860631768585));
#4441 = CARTESIAN_POINT('',(0.212704931861,0.983019327831));
#4442 = CARTESIAN_POINT('',(0.218405735141,1.191717460556));
#4443 = CARTESIAN_POINT('',(0.221437865477,1.281306441542));
#4444 = CARTESIAN_POINT('',(0.224788841815,1.359086659381));
#4445 = CARTESIAN_POINT('',(0.228412078133,1.422399206351));
#4446 = CARTESIAN_POINT('',(0.232247726426,1.469108179438));
#4447 = CARTESIAN_POINT('',(0.236226632911,1.497646437869));
#4448 = CARTESIAN_POINT('',(0.240274014707,1.50705843044));
#4449 = CARTESIAN_POINT('',(0.252390094667,1.477004525733));
#4450 = CARTESIAN_POINT('',(0.259903495788,1.380571438795));
#4451 = CARTESIAN_POINT('',(0.266459713171,1.222603573412));
#4452 = CARTESIAN_POINT('',(0.27182974341,1.016952779606));
#4453 = CARTESIAN_POINT('',(0.275862491665,0.777792283429));
#4454 = CARTESIAN_POINT('',(0.278494437396,0.519211490306));
#4455 = CARTESIAN_POINT('',(0.279739735743,0.255468668506));
#4456 = CARTESIAN_POINT('',(0.279739735743,-0.153559167206));
#4457 = CARTESIAN_POINT('',(0.279289800362,-0.307389750611));
#4458 = CARTESIAN_POINT('',(0.278387102546,-0.459686431102));
#4459 = CARTESIAN_POINT('',(0.277028021742,-0.608560478787));
#4460 = CARTESIAN_POINT('',(0.275209155444,-0.751976184938));
#4461 = CARTESIAN_POINT('',(0.272928354681,-0.887680674525));
#4462 = CARTESIAN_POINT('',(0.270186246392,-1.013099023427));
#4463 = CARTESIAN_POINT('',(0.264569100804,-1.209969046586));
#4464 = CARTESIAN_POINT('',(0.261877505786,-1.287519306056));
#4465 = CARTESIAN_POINT('',(0.258936161465,-1.355524983903));
#4466 = CARTESIAN_POINT('',(0.255778690386,-1.412071015826));
#4467 = CARTESIAN_POINT('',(0.252447621283,-1.45564544574));
#4468 = CARTESIAN_POINT('',(0.248992026144,-1.48516493396));
#4469 = CARTESIAN_POINT('',(0.24546526983,-1.5));
#4470 = CARTESIAN_POINT('',(0.241922872253,-1.5));
#4471 = ( GEOMETRIC_REPRESENTATION_CONTEXT(2) 
PARAMETRIC_REPRESENTATION_CONTEXT() REPRESENTATION_CONTEXT('2D SPACE',''
  ) );
#4472 = ORIENTED_EDGE('',*,*,#4473,.T.);
#4473 = EDGE_CURVE('',#4302,#4235,#4474,.T.);
#4474 = SEAM_CURVE('',#4475,(#4479,#4486),.PCURVE_S1.);
#4475 = LINE('',#4476,#4477);
#4476 = CARTESIAN_POINT('',(1.5,15.,-7.5));
#4477 = VECTOR('',#4478,1.);
#4478 = DIRECTION('',(0.,0.,1.));
#4479 = PCURVE('',#4251,#4480);
#4480 = DEFINITIONAL_REPRESENTATION('',(#4481),#4485);
#4481 = LINE('',#4482,#4483);
#4482 = CARTESIAN_POINT('',(-6.28318530718,0.));
#4483 = VECTOR('',#4484,1.);
#4484 = DIRECTION('',(-0.,-1.));
#4485 = ( GEOMETRIC_REPRESENTATION_CONTEXT(2) 
PARAMETRIC_REPRESENTATION_CONTEXT() REPRESENTATION_CONTEXT('2D SPACE',''
  ) );
#4486 = PCURVE('',#4251,#4487);
#4487 = DEFINITIONAL_REPRESENTATION('',(#4488),#4492);
#4488 = LINE('',#4489,#4490);
#4489 = CARTESIAN_POINT('',(-0.,0.));
#4490 = VECTOR('',#4491,1.);
#4491 = DIRECTION('',(-0.,-1.));
#4492 = ( GEOMETRIC_REPRESENTATION_CONTEXT(2) 
PARAMETRIC_REPRESENTATION_CONTEXT() REPRESENTATION_CONTEXT('2D SPACE',''
  ) );
#4493 = ORIENTED_EDGE('',*,*,#4234,.T.);
#4494 = ORIENTED_EDGE('',*,*,#4473,.F.);
#4495 = ADVANCED_FACE('',(#4496),#4286,.F.);
#4496 = FACE_BOUND('',#4497,.T.);
#4497 = EDGE_LOOP('',(#4498,#4670,#4691,#4692));
#4498 = ORIENTED_EDGE('',*,*,#4499,.F.);
#4499 = EDGE_CURVE('',#4500,#4500,#4502,.T.);
#4500 = VERTEX_POINT('',#4501);
#4501 = CARTESIAN_POINT('',(1.5,-15.,2.759360248912));
#4502 = SURFACE_CURVE('',#4503,(#4555,#4610),.PCURVE_S1.);
#4503 = B_SPLINE_CURVE_WITH_KNOTS('',8,(#4504,#4505,#4506,#4507,#4508,
    #4509,#4510,#4511,#4512,#4513,#4514,#4515,#4516,#4517,#4518,#4519,
    #4520,#4521,#4522,#4523,#4524,#4525,#4526,#4527,#4528,#4529,#4530,
    #4531,#4532,#4533,#4534,#4535,#4536,#4537,#4538,#4539,#4540,#4541,
    #4542,#4543,#4544,#4545,#4546,#4547,#4548,#4549,#4550,#4551,#4552,
    #4553,#4554),.UNSPECIFIED.,.T.,.F.,(9,7,7,7,7,7,7,9),(0.,
    0.107244461646,0.248972822897,0.395557271309,0.533942330611,
    0.748240855866,0.860876150314,1.),.UNSPECIFIED.);
#4504 = CARTESIAN_POINT('',(1.5,-15.,2.759360248912));
#4505 = CARTESIAN_POINT('',(1.5,-14.86044694082,2.706218286739));
#4506 = CARTESIAN_POINT('',(1.485161578691,-14.72130520195,2.65387969084
    ));
#4507 = CARTESIAN_POINT('',(1.455639227208,-14.58476573603,
    2.603169690255));
#4508 = CARTESIAN_POINT('',(1.412065001953,-14.45295294266,
    2.554828685136));
#4509 = CARTESIAN_POINT('',(1.355522952293,-14.32783660065,
    2.509488464729));
#4510 = CARTESIAN_POINT('',(1.287523311745,-14.21113797401,
    2.467652859041));
#4511 = CARTESIAN_POINT('',(1.209976452667,-14.10423009184,
    2.429682824182));
#4512 = CARTESIAN_POINT('',(1.01308659004,-13.88090238037,2.35098973844)
  );
#4513 = CARTESIAN_POINT('',(0.887664520854,-13.77173141162,2.31304393457
    ));
#4514 = CARTESIAN_POINT('',(0.751967149225,-13.68082601865,
    2.281795933283));
#4515 = CARTESIAN_POINT('',(0.608566800558,-13.60826999418,
    2.257061794163));
#4516 = CARTESIAN_POINT('',(0.459710327288,-13.55402097734,
    2.238669903751));
#4517 = CARTESIAN_POINT('',(0.307424910775,-13.51797283924,
    2.226482251607));
#4518 = CARTESIAN_POINT('',(0.153589415502,-13.5,2.220405712054));
#4519 = CARTESIAN_POINT('',(-0.15885190201,-13.5,2.220405712054));
#4520 = CARTESIAN_POINT('',(-0.318038680535,-13.51922548081,
    2.226905770105));
#4521 = CARTESIAN_POINT('',(-0.475543462188,-13.55782045575,
    2.23995447121));
#4522 = CARTESIAN_POINT('',(-0.629249075606,-13.61593482701,
    2.259660538134));
#4523 = CARTESIAN_POINT('',(-0.776867073575,-13.69367639887,
    2.286177713225));
#4524 = CARTESIAN_POINT('',(-0.915860123206,-13.79106071841,
    2.31969217776));
#4525 = CARTESIAN_POINT('',(-1.043320805317,-13.90793645323,
    2.360395991112));
#4526 = CARTESIAN_POINT('',(-1.261928940693,-14.17218829501,
    2.453777227303));
#4527 = CARTESIAN_POINT('',(-1.355743490861,-14.31874401328,
    2.506099908296));
#4528 = CARTESIAN_POINT('',(-1.431666250343,-14.48113203945,
    2.564816489173));
#4529 = CARTESIAN_POINT('',(-1.485581812965,-14.65551241161,
    2.628840039179));
#4530 = CARTESIAN_POINT('',(-1.514877363473,-14.83711173538,
    2.696660877906));
#4531 = CARTESIAN_POINT('',(-1.518507352901,-15.02067692842,
    2.766417325415));
#4532 = CARTESIAN_POINT('',(-1.497065154941,-15.20092453449,
    2.83602589145));
#4533 = CARTESIAN_POINT('',(-1.384442929493,-15.63955914236,
    3.007840834739));
#4534 = CARTESIAN_POINT('',(-1.263329566647,-15.87929402736,
    3.104131919392));
#4535 = CARTESIAN_POINT('',(-1.101215540851,-16.08460404039,
    3.188510296145));
#4536 = CARTESIAN_POINT('',(-0.90801717626,-16.25118189123,
    3.258191167762));
#4537 = CARTESIAN_POINT('',(-0.692950946489,-16.3764425669,
    3.311196715001));
#4538 = CARTESIAN_POINT('',(-0.464603755005,-16.45931605871,
    3.346451538891));
#4539 = CARTESIAN_POINT('',(-0.23107844723,-16.5,3.36375888282));
#4540 = CARTESIAN_POINT('',(0.121454820621,-16.5,3.36375888282));
#4541 = CARTESIAN_POINT('',(0.242953389007,-16.48876079883,
    3.358977610916));
#4542 = CARTESIAN_POINT('',(0.36357858643,-16.46626874981,3.349409349636
    ));
#4543 = CARTESIAN_POINT('',(0.482401233999,-16.4325128754,3.335070820951
    ));
#4544 = CARTESIAN_POINT('',(0.59845800493,-16.38749309943,3.316005272894
    ));
#4545 = CARTESIAN_POINT('',(0.7107270815,-16.33123014082,3.292286373811)
  );
#4546 = CARTESIAN_POINT('',(0.818101556684,-16.26377706863,
    3.264021914266));
#4547 = CARTESIAN_POINT('',(1.044432790526,-16.08821656782,
    3.191010952664));
#4548 = CARTESIAN_POINT('',(1.161631546915,-15.97314865836,
    3.143481470555));
#4549 = CARTESIAN_POINT('',(1.266778056007,-15.84068227477,
    3.089250291616));
#4550 = CARTESIAN_POINT('',(1.356121855288,-15.69247398752,3.0292571273)
  );
#4551 = CARTESIAN_POINT('',(1.426427568802,-15.53097528542,
    2.964771647391));
#4552 = CARTESIAN_POINT('',(1.475050126758,-15.3592738717,2.897260043695
    ));
#4553 = CARTESIAN_POINT('',(1.5,-15.18096082173,2.828270333724));
#4554 = CARTESIAN_POINT('',(1.5,-15.,2.759360248912));
#4555 = PCURVE('',#4286,#4556);
#4556 = DEFINITIONAL_REPRESENTATION('',(#4557),#4609);
#4557 = B_SPLINE_CURVE_WITH_KNOTS('',8,(#4558,#4559,#4560,#4561,#4562,
    #4563,#4564,#4565,#4566,#4567,#4568,#4569,#4570,#4571,#4572,#4573,
    #4574,#4575,#4576,#4577,#4578,#4579,#4580,#4581,#4582,#4583,#4584,
    #4585,#4586,#4587,#4588,#4589,#4590,#4591,#4592,#4593,#4594,#4595,
    #4596,#4597,#4598,#4599,#4600,#4601,#4602,#4603,#4604,#4605,#4606,
    #4607,#4608),.UNSPECIFIED.,.F.,.F.,(9,7,7,7,7,7,7,9),(0.,
    0.107244461646,0.248972822897,0.395557271309,0.533942330611,
    0.748240855866,0.860876150314,1.),.UNSPECIFIED.);
#4558 = CARTESIAN_POINT('',(0.,-10.25936024891));
#4559 = CARTESIAN_POINT('',(-9.303537278304E-02,-10.20621828673));
#4560 = CARTESIAN_POINT('',(-0.185796006279,-10.15387969084));
#4561 = CARTESIAN_POINT('',(-0.278050845097,-10.10316969025));
#4562 = CARTESIAN_POINT('',(-0.36957577884,-10.05482868513));
#4563 = CARTESIAN_POINT('',(-0.460129109346,-10.00948846472));
#4564 = CARTESIAN_POINT('',(-0.549419975605,-9.967652859041));
#4565 = CARTESIAN_POINT('',(-0.637069736351,-9.929682824182));
#4566 = CARTESIAN_POINT('',(-0.835553863584,-9.85098973844));
#4567 = CARTESIAN_POINT('',(-0.94544304626,-9.81304393457));
#4568 = CARTESIAN_POINT('',(-1.05292490653,-9.781795933283));
#4569 = CARTESIAN_POINT('',(-1.15852019747,-9.757061794163));
#4570 = CARTESIAN_POINT('',(-1.26268631922,-9.738669903751));
#4571 = CARTESIAN_POINT('',(-1.365846602155,-9.726482251607));
#4572 = CARTESIAN_POINT('',(-1.468403383127,-9.720405712054));
#4573 = CARTESIAN_POINT('',(-1.676697594801,-9.720405712054));
#4574 = CARTESIAN_POINT('',(-1.78282178699,-9.726905770104));
#4575 = CARTESIAN_POINT('',(-1.889635973598,-9.73995447121));
#4576 = CARTESIAN_POINT('',(-1.997566431518,-9.759660538134));
#4577 = CARTESIAN_POINT('',(-2.107067322767,-9.786177713225));
#4578 = CARTESIAN_POINT('',(-2.21863364992,-9.81969217776));
#4579 = CARTESIAN_POINT('',(-2.332834460183,-9.860395991112));
#4580 = CARTESIAN_POINT('',(-2.561471535758,-9.953777227303));
#4581 = CARTESIAN_POINT('',(-2.67662034282,-10.00609990829));
#4582 = CARTESIAN_POINT('',(-2.794382753684,-10.06481648917));
#4583 = CARTESIAN_POINT('',(-2.913778952561,-10.12884003917));
#4584 = CARTESIAN_POINT('',(-3.034049369975,-10.1966608779));
#4585 = CARTESIAN_POINT('',(-3.15451349849,-10.26641732541));
#4586 = CARTESIAN_POINT('',(-3.274458170082,-10.33602589145));
#4587 = CARTESIAN_POINT('',(-3.576366239156,-10.50784083473));
#4588 = CARTESIAN_POINT('',(-3.751249208095,-10.60413191939));
#4589 = CARTESIAN_POINT('',(-3.920099517803,-10.68851029614));
#4590 = CARTESIAN_POINT('',(-4.084255250626,-10.75819116776));
#4591 = CARTESIAN_POINT('',(-4.24485502632,-10.811196715));
#4592 = CARTESIAN_POINT('',(-4.402652143006,-10.84645153889));
#4593 = CARTESIAN_POINT('',(-4.558336682231,-10.86375888282));
#4594 = CARTESIAN_POINT('',(-4.793358860799,-10.86375888282));
#4595 = CARTESIAN_POINT('',(-4.874358231474,-10.85897761091));
#4596 = CARTESIAN_POINT('',(-4.955583153552,-10.84940934963));
#4597 = CARTESIAN_POINT('',(-5.037227776657,-10.83507082095));
#4598 = CARTESIAN_POINT('',(-5.11948731825,-10.81600527289));
#4599 = CARTESIAN_POINT('',(-5.202565943882,-10.79228637381));
#4600 = CARTESIAN_POINT('',(-5.286689548331,-10.76402191426));
#4601 = CARTESIAN_POINT('',(-5.477648900439,-10.69101095266));
#4602 = CARTESIAN_POINT('',(-5.586402911805,-10.64348147055));
#4603 = CARTESIAN_POINT('',(-5.697708176947,-10.58925029161));
#4604 = CARTESIAN_POINT('',(-5.811162253335,-10.5292571273));
#4605 = CARTESIAN_POINT('',(-5.92652646824,-10.46477164739));
#4606 = CARTESIAN_POINT('',(-6.043669335714,-10.39726004369));
#4607 = CARTESIAN_POINT('',(-6.162544759356,-10.32827033372));
#4608 = CARTESIAN_POINT('',(-6.28318530718,-10.25936024891));
#4609 = ( GEOMETRIC_REPRESENTATION_CONTEXT(2) 
PARAMETRIC_REPRESENTATION_CONTEXT() REPRESENTATION_CONTEXT('2D SPACE',''
  ) );
#4610 = PCURVE('',#4611,#4616);
#4611 = CYLINDRICAL_SURFACE('',#4612,42.15);
#4612 = AXIS2_PLACEMENT_3D('',#4613,#4614,#4615);
#4613 = CARTESIAN_POINT('',(0.,8.326672684689E-15,42.15));
#4614 = DIRECTION('',(-1.,2.577999609657E-17,1.78562743526E-17));
#4615 = DIRECTION('',(-5.854827030937E-32,0.569395017794,-0.82206405694)
  );
#4616 = DEFINITIONAL_REPRESENTATION('',(#4617),#4669);
#4617 = B_SPLINE_CURVE_WITH_KNOTS('',8,(#4618,#4619,#4620,#4621,#4622,
    #4623,#4624,#4625,#4626,#4627,#4628,#4629,#4630,#4631,#4632,#4633,
    #4634,#4635,#4636,#4637,#4638,#4639,#4640,#4641,#4642,#4643,#4644,
    #4645,#4646,#4647,#4648,#4649,#4650,#4651,#4652,#4653,#4654,#4655,
    #4656,#4657,#4658,#4659,#4660,#4661,#4662,#4663,#4664,#4665,#4666,
    #4667,#4668),.UNSPECIFIED.,.F.,.F.,(9,7,7,7,7,7,7,9),(0.,
    0.107244461646,0.248972822897,0.395557271309,0.533942330611,
    0.748240855866,0.860876150314,1.),.UNSPECIFIED.);
#4618 = CARTESIAN_POINT('',(0.969616601247,-1.5));
#4619 = CARTESIAN_POINT('',(0.966073803769,-1.5));
#4620 = CARTESIAN_POINT('',(0.962546908625,-1.485161578691));
#4621 = CARTESIAN_POINT('',(0.959091393155,-1.455639227208));
#4622 = CARTESIAN_POINT('',(0.95576054316,-1.412065001953));
#4623 = CARTESIAN_POINT('',(0.952603327704,-1.355522952293));
#4624 = CARTESIAN_POINT('',(0.949662165663,-1.287523311745));
#4625 = CARTESIAN_POINT('',(0.946970584009,-1.209976452667));
#4626 = CARTESIAN_POINT('',(0.941352872355,-1.01308659004));
#4627 = CARTESIAN_POINT('',(0.938610842443,-0.887664520854));
#4628 = CARTESIAN_POINT('',(0.936330288036,-0.751967149225));
#4629 = CARTESIAN_POINT('',(0.934511644315,-0.608566800558));
#4630 = CARTESIAN_POINT('',(0.933152643146,-0.459710327288));
#4631 = CARTESIAN_POINT('',(0.932249851108,-0.307424910775));
#4632 = CARTESIAN_POINT('',(0.931799737757,-0.153589415502));
#4633 = CARTESIAN_POINT('',(0.931799737757,0.15885190201));
#4634 = CARTESIAN_POINT('',(0.932281222434,0.318038680535));
#4635 = CARTESIAN_POINT('',(0.933247797409,0.475543462188));
#4636 = CARTESIAN_POINT('',(0.934703658544,0.629249075606));
#4637 = CARTESIAN_POINT('',(0.93665239613,0.776867073575));
#4638 = CARTESIAN_POINT('',(0.939095789173,0.915860123206));
#4639 = CARTESIAN_POINT('',(0.942031958181,1.043320805317));
#4640 = CARTESIAN_POINT('',(0.948681213406,1.261928940693));
#4641 = CARTESIAN_POINT('',(0.952373143447,1.355743490861));
#4642 = CARTESIAN_POINT('',(0.95646982585,1.431666250343));
#4643 = CARTESIAN_POINT('',(0.96087687507,1.485581812965));
#4644 = CARTESIAN_POINT('',(0.96547579145,1.514877363473));
#4645 = CARTESIAN_POINT('',(0.970134572186,1.518507352901));
#4646 = CARTESIAN_POINT('',(0.974718660247,1.497065154941));
#4647 = CARTESIAN_POINT('',(0.985895044427,1.384442929493));
#4648 = CARTESIAN_POINT('',(0.992024120961,1.263329566647));
#4649 = CARTESIAN_POINT('',(0.997290130238,1.10121554085));
#4650 = CARTESIAN_POINT('',(1.001573912685,0.908017176262));
#4651 = CARTESIAN_POINT('',(1.004800811992,0.692950946488));
#4652 = CARTESIAN_POINT('',(1.006937481955,0.464603755006));
#4653 = CARTESIAN_POINT('',(1.007986409522,0.23107844723));
#4654 = CARTESIAN_POINT('',(1.007986409522,-0.121454820621));
#4655 = CARTESIAN_POINT('',(1.007696636471,-0.242953389007));
#4656 = CARTESIAN_POINT('',(1.007116739267,-0.36357858643));
#4657 = CARTESIAN_POINT('',(1.006246633665,-0.482401233999));
#4658 = CARTESIAN_POINT('',(1.00508671965,-0.59845800493));
#4659 = CARTESIAN_POINT('',(1.003638130406,-0.7107270815));
#4660 = CARTESIAN_POINT('',(1.001903012886,-0.818101556684));
#4661 = CARTESIAN_POINT('',(0.997392051334,-1.044432790526));
#4662 = CARTESIAN_POINT('',(0.994438378234,-1.161631546915));
#4663 = CARTESIAN_POINT('',(0.991042496446,-1.266778056007));
#4664 = CARTESIAN_POINT('',(0.987249199713,-1.356121855288));
#4665 = CARTESIAN_POINT('',(0.98312362814,-1.426427568802));
#4666 = CARTESIAN_POINT('',(0.978746579679,-1.475050126758));
#4667 = CARTESIAN_POINT('',(0.974210606901,-1.5));
#4668 = CARTESIAN_POINT('',(0.969616601247,-1.5));
#4669 = ( GEOMETRIC_REPRESENTATION_CONTEXT(2) 
PARAMETRIC_REPRESENTATION_CONTEXT() REPRESENTATION_CONTEXT('2D SPACE',''
  ) );
#4670 = ORIENTED_EDGE('',*,*,#4671,.T.);
#4671 = EDGE_CURVE('',#4500,#4270,#4672,.T.);
#4672 = SEAM_CURVE('',#4673,(#4677,#4684),.PCURVE_S1.);
#4673 = LINE('',#4674,#4675);
#4674 = CARTESIAN_POINT('',(1.5,-15.,-7.5));
#4675 = VECTOR('',#4676,1.);
#4676 = DIRECTION('',(0.,0.,1.));
#4677 = PCURVE('',#4286,#4678);
#4678 = DEFINITIONAL_REPRESENTATION('',(#4679),#4683);
#4679 = LINE('',#4680,#4681);
#4680 = CARTESIAN_POINT('',(-6.28318530718,0.));
#4681 = VECTOR('',#4682,1.);
#4682 = DIRECTION('',(-0.,-1.));
#4683 = ( GEOMETRIC_REPRESENTATION_CONTEXT(2) 
PARAMETRIC_REPRESENTATION_CONTEXT() REPRESENTATION_CONTEXT('2D SPACE',''
  ) );
#4684 = PCURVE('',#4286,#4685);
#4685 = DEFINITIONAL_REPRESENTATION('',(#4686),#4690);
#4686 = LINE('',#4687,#4688);
#4687 = CARTESIAN_POINT('',(-0.,0.));
#4688 = VECTOR('',#4689,1.);
#4689 = DIRECTION('',(-0.,-1.));
#4690 = ( GEOMETRIC_REPRESENTATION_CONTEXT(2) 
PARAMETRIC_REPRESENTATION_CONTEXT() REPRESENTATION_CONTEXT('2D SPACE',''
  ) );
#4691 = ORIENTED_EDGE('',*,*,#4269,.T.);
#4692 = ORIENTED_EDGE('',*,*,#4671,.F.);
#4693 = ADVANCED_FACE('',(#4694),#4413,.F.);
#4694 = FACE_BOUND('',#4695,.F.);
#4695 = EDGE_LOOP('',(#4696));
#4696 = ORIENTED_EDGE('',*,*,#4301,.F.);
#4697 = ADVANCED_FACE('',(#4698),#4611,.F.);
#4698 = FACE_BOUND('',#4699,.F.);
#4699 = EDGE_LOOP('',(#4700));
#4700 = ORIENTED_EDGE('',*,*,#4499,.F.);
#4701 = ( GEOMETRIC_REPRESENTATION_CONTEXT(3) 
GLOBAL_UNCERTAINTY_ASSIGNED_CONTEXT((#4705)) 
GLOBAL_UNIT_ASSIGNED_CONTEXT((#4702,#4703,#4704)) REPRESENTATION_CONTEXT
('Context #1','3D Context with UNIT and UNCERTAINTY') );
#4702 = ( LENGTH_UNIT() NAMED_UNIT(*) SI_UNIT(.MILLI.,.METRE.) );
#4703 = ( NAMED_UNIT(*) PLANE_ANGLE_UNIT() SI_UNIT($,.RADIAN.) );
#4704 = ( NAMED_UNIT(*) SI_UNIT($,.STERADIAN.) SOLID_ANGLE_UNIT() );
#4705 = UNCERTAINTY_MEASURE_WITH_UNIT(LENGTH_MEASURE(1.E-06),#4702,
  'distance_accuracy_value','confusion accuracy');
#4706 = PRODUCT_RELATED_PRODUCT_CATEGORY('part',$,(#7));
ENDSEC;
END-ISO-10303-21;
